tree
version=v4
num_class=1
num_tree_per_iteration=1
label_index=0
max_feature_idx=39
objective=quantile
feature_names=memory_usage hour_of_day day_of_week is_weekend minute_of_hour rolling_mean_15min rolling_std_15min rolling_mean_60min rolling_std_60min cpu_rolling_mean_15 cpu_rolling_std_15 cpu_rolling_mean_60 cpu_rolling_std_60 lag_1 cpu_lag_1 lag_2 cpu_lag_2 lag_3 cpu_lag_3 lag_4 cpu_lag_4 lag_5 cpu_lag_5 lag_6 cpu_lag_6 lag_7 cpu_lag_7 lag_8 cpu_lag_8 lag_9 cpu_lag_9 lag_10 cpu_lag_10 cpu_rate_of_change mem_rolling_mean_15min mem_rolling_std_15min mem_rolling_mean_60min mem_rolling_std_60min memory_rate_of_change cpu_memory_ratio
feature_infos=[0.068359375:0.60685221354166663] [0:23] [0:6] [0:1] [0:59] [0:41.430493333333331] [0:22.542256894573615] [0:22.363132222222223] [0:18.144185930952943] [0:41.430493333333331] [0:22.542256894573615] [0:22.363132222222223] [0:18.144185930952943] [0:62.416666666666657] [0:62.416666666666657] [0:60.268000000000001] [0:60.268000000000001] [0:62.416666666666657] [0:62.416666666666657] [0:60.268000000000001] [0:60.268000000000001] [0:60.268000000000001] [0:60.268000000000001] [0:62.416666666666657] [0:62.416666666666657] [0:58.163249999999998] [0:58.163249999999998] [0:57.993133333333333] [0:57.993133333333333] [0:62.416666666666657] [0:62.416666666666657] [0:58.163249999999998] [0:58.163249999999998] [-60.276666666666657:58.163249999999998] [0.068359375:0.60685221354166663] none [0.068359375:0.60685221354166663] none none [0:285.54135537006306]
tree_sizes=2959 3064 3067 3061 3073 3064 3084 3085 3084 3084 3079 3092 3076 3080 3087 3087 3093 3081 3111 3107 3100 3104 3085 3090 3076 3103 3105 3107 3098 3107 3091 3113 3095 3106 3110 3100 3123 3118 3113 3104 3106 3104 3115 3103 3091 3096 3104 3091 3116 3100 3104 3108 3125 3106 3095 3131 3117 3103 3076 3107 3092 3100 3111 3113 3114 3101 3103 3112 3098 3121 3110 3111 3112 3088 3111 3108 3069 3111 3119 3078 3101 3095 3071 3084 3118 3119 3126 3095 3141 3121 3131 3039 3088 3076 3069 3052 3061 3057 3044 3078 3077 3053 3049 3071 3132 3132 3097 3090 3075 3056

Tree=0
num_leaves=31
num_cat=0
split_feature=15 39 21 21 27 7 31 7 0 7 27 39 13 0 25 0 17 7 7 39 8 7 25 8 23 29 31 17 8 7
split_gain=52881.5 7220.69 3828.37 2584.15 2009.72 1729.08 1325.17 922.107 853.19 407.759 383.094 381.522 318.658 240.244 220.582 216.444 214.016 177.736 174.955 168.134 168.72 225.811 165.718 153.737 153.115 149.23 124.891 122.486 109.399 103.593
threshold=0.89335833333333337 6.0957939013630549 0.84648333333333337 0.86806666666666665 0.002591666666666667 0.83033055555555557 0.88763333333333339 0.99049111111111121 0.13387044270833334 0.75075291666666666 0.87345000000000017 4.7711406543279145 0.85157500000000008 0.19958496093750003 0.098683333333333359 0.15695612468103057 0.85249999999999992 0.87127013888888905 1.2181743055555556 20.897873551139025 0.22010326211700934 3.5079550000000004 0.73840833333333344 0.23641417318234836 1.0692333333333337 0.57489166666666669 0.87167500000000009 0.59363333333333346 0.85169167661195277 0.83465888888888895
decision_type=2 2 2 2 2 2 2 2 2 2 2 2 2 2 2 2 2 2 2 2 2 2 2 2 2 2 2 2 2 2
left_child=2 3 5 7 8 11 17 24 -4 15 22 23 18 -5 29 -6 -16 -3 -7 20 -12 28 -8 -1 -2 -17 -13 -11 -22 -14
right_child=1 6 4 13 9 12 10 -9 -10 27 19 26 14 -15 16 25 -18 -19 -20 -21 21 -23 -24 -25 -26 -27 -28 -29 -30 -31
leaf_value=0.80345533411949877 0.81799266695976258 0.86539333343505864 0.80302200078964237 0.88485666990280154 0.85050200223922734 0.80302200078964237 0.87454200029373164 0.88351799726486202 0.87024200201034541 0.87664733648300175 0.88095400094985965 0.84100066661834716 1.2036153388023376 0.9752153372764587 0.8125780010223389 0.88548866987228392 0.90137799978256228 0.91027533292770391 0.81711800098419185 1.154499318599701 0.92504866361618043 1.1126286673545838 0.9200539994239807 0.8109126675128937 0.86283799886703494 0.85921400308609008 0.86290466547012334 0.91009933233261109 0.98324199438095095 0.8975846648216248
leaf_weight=84636 14177 3922 12243 8179 4142 18218 2210 8348 5009 6501 31761 14254 1179 13995 5056 3871 2514 12053 8985 79463 22041 18990 6768 54076 1075 1404 2852 15645 16900 2893
leaf_count=84636 14177 3922 12243 8179 4142 18218 2210 8348 5009 6501 31761 14254 1179 13995 5056 3871 2514 12053 8985 79463 22041 18990 6768 54076 1075 1404 2852 15645 16900 2893
internal_value=0.872849 0.899508 0.846584 0.870926 0.866617 0.841561 0.906248 0.852501 0.844661 0.878618 0.908227 0.837796 0.856662 0.890536 0.867737 0.864673 0.859661 0.884175 0.851921 0.909082 0.906708 0.904139 0.892124 0.836406 0.840802 0.875421 0.849069 0.884547 0.900651 0.882752
internal_weight=483360 239882 243478 45774 48815 194663 194108 23600 17252 31563 178133 155818 38845 22174 11642 9417 7570 15975 27203 169155 89692 57931 8978 138712 15252 5275 17106 22146 38941 4072
internal_count=483360 239882 243478 45774 48815 194663 194108 23600 17252 31563 178133 155818 38845 22174 11642 9417 7570 15975 27203 169155 89692 57931 8978 138712 15252 5275 17106 22146 38941 4072
is_linear=0
shrinkage=1


Tree=1
num_leaves=31
num_cat=0
split_feature=15 7 31 39 8 21 7 31 23 0 39 39 19 21 39 29 27 21 5 13 0 33 17 21 0 7 0 39 8 0
split_gain=51084.1 7011.12 3808.67 2138.19 1424.2 1250.71 1104.99 682.295 634.762 498.672 451.604 387.701 360.395 467.764 348.688 254.533 248.547 247.57 233.035 224.028 189.379 188.825 182.402 262.751 203.861 200.061 163.785 160.983 186.749 241.632
threshold=0.89335833333333337 0.88306055555555563 0.80373333333333341 6.0957939013630549 0.25344928680947792 0.8317500000000001 0.92154138888888892 0.88763333333333339 1.8604416666666668 0.29463704427083337 1.9104832624864638 3.1761061086192517 0.57498333333333351 1.3385333333333336 5.8147371605489164 4.9816166666666684 0.89341666666666686 0.80329166666666685 0.9847111111111112 0.0041250000000000011 0.17399088541666671 -4.3946749999999986 4.1677000000000008 0.78124166666666672 0.11779785156250001 1.0772808333333337 0.11779785156250001 20.897873551139025 0.22010326211700934 0.29463704427083337
decision_type=2 2 2 2 2 2 2 2 2 2 2 2 2 2 2 2 2 2 2 2 2 2 2 2 2 2 2 2 2 2
left_child=2 5 4 9 -1 14 10 -5 12 17 -4 -8 15 18 -2 22 -9 -3 -14 -10 -12 -17 23 25 -25 -6 -7 28 -18 -30
right_child=1 3 6 7 8 26 11 16 19 -11 20 -13 13 -15 -16 21 27 -19 -20 -21 -22 -23 -24 24 -26 -27 -28 -29 29 -31
leaf_value=-0.063815093410015108 -0.052132746744155883 -0.035593439483642575 -0.064241760063171394 0.034431305503845211 -0.058473013544082644 -0.01674053421020508 -0.031620346593856812 0.046309493255615237 -0.064241760063171394 0.10681722507476807 -0.013835094866156581 0.03430938205718994 -0.03264815950393677 0.078616051292419428 -0.012191413211822511 0.30432409992218018 0.0074556800842285132 0.024544804191589355 0.013868209266662594 0.011446986293792722 0.0069520517349243166 -0.064241760063171394 -0.064241760063171394 -0.064241760063171394 -0.0028137620925903308 -0.055734506762027743 0.012665437507629393 0.25911737232208254 0.059810775566101072 0.22176571140289306
leaf_weight=89517 12690 7557 10657 11936 45165 989 9078 8206 4234 11669 7489 14018 19842 2695 4133 613 31169 9299 2053 6425 4679 1463 11178 3357 5767 5248 6825 79364 35186 20859
leaf_count=89517 12690 7557 10657 11936 45165 989 9078 8206 4234 11669 7489 14018 19842 2695 4133 613 31169 9299 2053 6425 4679 1463 11178 3357 5767 5248 6825 79364 35186 20859
internal_value=0.000123304 0.0263249 -0.0256914 0.0309521 -0.0305153 -0.0141007 -0.00493805 0.0340686 -0.0243325 0.0105521 -0.0174212 0.00739868 -0.0263612 -0.0179878 -0.0263853 -0.0291899 0.0353323 0.00175131 -0.0218589 -0.00579792 -0.0068902 -0.00157996 -0.0300004 -0.0282399 -0.0157475 -0.0305009 0.0123471 0.0360019 0.0336295 0.0308688
internal_weight=483360 239882 243478 215245 197557 24637 45921 186720 108040 28525 22825 23096 97381 24590 16823 72791 174784 16856 21895 10659 12168 2076 70715 59537 9124 50413 7814 166578 87214 56045
internal_count=483360 239882 243478 215245 197557 24637 45921 186720 108040 28525 22825 23096 97381 24590 16823 72791 174784 16856 21895 10659 12168 2076 70715 59537 9124 50413 7814 166578 87214 56045
is_linear=0
shrinkage=0.08


Tree=2
num_leaves=31
num_cat=0
split_feature=15 7 31 39 21 8 39 31 19 7 19 13 0 39 7 21 25 7 8 21 39 21 0 21 21 7 33 5 31 8
split_gain=45623.3 6386.76 4913.8 1570.04 1527.71 1406.44 1374.28 646.056 621.081 585.004 433.811 393.605 391.189 377.723 372.045 303.443 281.484 254.194 500.9 249.665 242.514 212.625 207.188 203.566 495.464 187.078 174.279 173.442 143.587 138.221
threshold=0.89335833333333337 0.92154138888888892 0.73840833333333344 6.0957939013630549 0.73835000000000006 0.25344928680947792 3.3478518046482413 0.92939166666666673 0.57498333333333351 0.70292138888888911 0.92920000000000014 4.3965666666666676 0.29463704427083337 5.8147371605489164 1.2574106944444445 0.71655833333333341 4.919408333333334 3.8220027777777781 0.22010326211700934 0.73835000000000006 45.505405161638848 0.42787500000000006 0.11779785156250001 4.1700000000000008 0.73835000000000006 1.1309478174603178 4.0946916666666677 0.9919366666666668 3.4188916666666671 1.2782688017682784
decision_type=2 2 2 2 2 2 2 2 2 2 2 2 2 2 2 2 2 2 2 2 2 2 2 2 2 2 2 2 2 2
left_child=2 4 5 12 13 -1 14 -5 11 -10 -9 23 -3 -2 21 27 -13 18 -12 -8 -21 -4 -6 24 25 -7 29 -11 -23 -20
right_child=1 3 6 7 22 8 19 10 9 15 17 16 -14 -15 -16 -17 -18 -19 26 20 -22 28 -24 -25 -26 -27 -28 -29 -30 -31
leaf_value=-0.058811219272255903 -0.051060793672561645 0.011654957725524905 -0.059102419258117676 0.032167466499328612 -0.014355389663696294 -0.057663172371864323 -0.00079316022872925277 0.071179249092102048 -0.035789159564971931 -0.041700573973655709 0.010535225318908692 0.28000083123016362 0.098271847068786611 -0.0095468182907104543 -0.016469143939971918 0.015946837635040279 -0.0603283989982605 0.40684845580291751 0.061967241569519049 0.0064428629634380296 -0.063134952473878875 -0.0092777523818016096 0.0015726831398010254 -0.059102419258117676 -0.0052991944961547867 -0.053071506423473365 0.229091984916687 0.034098005477905272 -0.059102419258117676 0.14622577848052978
leaf_weight=84909 13032 15308 9551 12067 1394 49053 10383 8613 12154 4860 44547 2621 11669 4373 7130 7240 1254 59035 37770 19527 674 5834 10348 10977 7984 5740 10216 2248 1339 11510
leaf_count=84909 13032 15308 9551 12067 1394 49053 10383 8613 12154 4860 44547 2621 11669 4373 7130 7240 1254 59035 37770 19527 674 5834 10348 10977 7984 5740 10216 2248 1339 11510
internal_value=0.000636875 0.0253985 -0.023759 0.0302532 -0.00970117 -0.0298578 -0.00258055 0.0328989 -0.0236268 -0.0130526 0.0341565 -0.0272367 0.0122312 -0.0247446 -0.0169733 -0.00211319 -0.00238452 0.0350806 0.0327015 0.00864504 0.013827 -0.0234968 0.0125975 -0.0285425 -0.026785 -0.0294979 0.0278983 -0.0138548 -0.013088 0.0259269
internal_weight=483360 239882 243478 210735 29147 189040 54438 183758 104131 26502 171691 77629 26977 17405 23854 14348 3875 163078 104043 30584 20201 16724 11742 73754 62777 54793 59496 7108 7173 49280
internal_count=483360 239882 243478 210735 29147 189040 54438 183758 104131 26502 171691 77629 26977 17405 23854 14348 3875 163078 104043 30584 20201 16724 11742 73754 62777 54793 59496 7108 7173 49280
is_linear=0
shrinkage=0.08


Tree=3
num_leaves=31
num_cat=0
split_feature=15 19 7 21 31 23 39 21 7 8 7 21 21 21 7 21 21 13 33 0 29 17 0 8 33 0 39 21 7 33
split_gain=42054.7 6403.83 3561.68 2351.16 2066.35 1400.44 873.41 651.025 630.667 809.503 760.408 627.934 596.947 541.461 415.958 318.741 300.154 279.601 253.924 235.854 221.384 203.276 194.775 182.109 173.224 173.085 154.723 153.224 151.313 173.505
threshold=0.6970833333333335 0.69999166666666668 0.52914305555555574 0.68371666666666675 0.69715000000000016 0.69795833333333346 3.6437210871418877 0.66570000000000007 2.7561545833333336 0.21827980938335542 1.2574106944444445 4.1700000000000008 0.69999166666666668 0.8317500000000001 1.1084469444444447 0.97421666666666684 1.1807666666666667 1.1749666666666669 4.0946916666666677 0.13387044270833334 1.7131166666666668 0.71568333333333345 0.48262532552083337 1.2782688017682784 -4.2577166666666661 0.10957845052083336 3.1761061086192517 0.80329166666666685 1.2181743055555556 -0.0044666666666666717
decision_type=2 2 2 2 2 2 2 2 2 2 2 2 2 2 2 2 2 2 2 2 2 2 2 2 2 2 2 2 2 2
left_child=2 3 7 14 15 11 -6 -1 9 -8 -11 13 17 20 26 28 27 -7 23 -13 25 -14 -10 -12 -22 -4 -2 -5 29 -3
right_child=1 4 5 16 6 12 8 -9 22 10 18 19 21 -15 -16 -17 -18 -19 -20 -21 24 -23 -24 -25 -26 -27 -28 -29 -30 -31
leaf_value=-0.054466321714978227 -0.054158596838111875 -0.017941264355773923 -0.054489365468368529 0.0012992138697052002 0.020774151302185056 -0.022597157780990598 0.004737740202026366 -0.01245317514190674 0.23642413622344968 0.0017727262630653406 0.051221869766540529 -0.054374225717468264 -0.0026900815750122088 0.0018111172460937475 -0.01066636181274414 0.037579025778198237 0.07803698528961181 0.027067174678587907 0.21100998745147706 0.084901849962520592 0.25757677028594972 0.021438871217331887 0.090410099303283697 0.10376970724517821 -0.054489365468368529 -0.031455270201187137 -0.025930280571327211 -0.0019590910794067364 0.028974075969543451 0.0011524176333618109
leaf_weight=100055 10819 3859 6775 3805 12054 13328 45468 5217 82743 13456 33796 12116 8484 8436 4568 10925 13069 5032 8998 784 686 13180 4302 7861 5572 29332 6920 4023 4336 3361
leaf_count=100055 10819 3859 6775 3805 12054 13328 45468 5217 82743 13456 33796 12116 8484 8436 4568 10925 13069 5032 8998 784 686 13180 4302 7861 5572 29332 6920 4023 4336 3361
internal_value=0.00252979 0.0231251 -0.024507 -0.00514582 0.028409 -0.0139858 0.0308916 -0.0348735 0.0321731 0.028135 0.0223444 -0.0213541 -0.00225864 -0.0173516 -0.0232089 0.00536453 0.014136 -0.0128715 0.0268349 -0.0371163 -0.0210372 0.0067356 0.0372566 0.0242024 -0.00714605 -0.0234448 -0.0287525 0.00174757 -0.00389754 -0.0109917
internal_weight=483360 274363 208997 43204 231159 103725 208678 105272 196624 109579 64111 63701 40024 50801 22307 22481 20897 18360 50655 12900 42365 21664 87045 41657 6258 36107 17739 7828 11556 7220
internal_count=483360 274363 208997 43204 231159 103725 208678 105272 196624 109579 64111 63701 40024 50801 22307 22481 20897 18360 50655 12900 42365 21664 87045 41657 6258 36107 17739 7828 11556 7220
is_linear=0
shrinkage=0.08


Tree=4
num_leaves=31
num_cat=0
split_feature=15 19 31 21 39 7 31 39 19 17 7 8 7 7 27 0 23 33 21 6 7 0 31 31 29 0 21 13 21 8
split_gain=39746 6069.65 3485.32 2090.3 2090.29 1394.58 1209.67 1068.21 1060.11 568.514 504.712 656.372 455.068 384.184 361.591 343.485 272.496 269.503 258.604 254.297 231.543 382.39 202.078 200.886 199.046 253.944 240.48 193.626 193.171 183.62
threshold=0.6970833333333335 0.69999166666666668 0.60268333333333346 0.68371666666666675 6.0957939013630549 0.51391291666666683 0.89475000000000005 3.2232389874202121 0.72325000000000017 4.1677000000000008 2.7561545833333336 0.22010326211700934 1.2181743055555556 1.1084469444444447 0.002591666666666667 0.29463704427083337 1.1501916666666669 4.0946916666666677 1.2019083333333336 0.066370561460421515 1.4490612500000004 0.17399088541666671 0.77009166666666673 0.72537499999999999 4.7322000000000006 0.10957845052083336 0.59362500000000018 0.0016416666666666669 1.7518750000000003 0.17968671854384305
decision_type=2 2 2 2 2 2 2 2 2 2 2 2 2 2 2 2 2 2 2 2 2 2 2 2 2 2 2 2 2 2
left_child=2 3 5 13 8 -1 19 14 23 16 11 -8 -13 -2 -4 22 24 -14 -5 -6 21 -9 28 -3 25 -7 -27 -18 -10 -24
right_child=1 4 7 18 6 9 10 20 15 -11 -12 12 17 -15 -16 -17 27 -19 -20 -21 -22 -23 29 -25 -26 26 -28 -29 -30 -31
leaf_value=-0.050109015977779968 -0.039629507897082521 0.0014319913747678737 -0.050648173318130117 0.00031261303332214219 -5.7608845983887491e-05 -0.050591715952426147 0.0056373884358154316 -0.0090089100323314675 -0.0061550192084840827 -0.050024287660070804 0.2153439619784058 0.0041760504295333869 0.050334159362968818 -0.0098130528677246084 -0.016233112317945105 0.083488179267956542 -0.052681592845889282 0.19412918845535887 0.072644898099591071 0.024251106715454097 0.030824762008641437 0.001322983228763004 0.0032516647577653934 -0.0089241591964544318 0.23692798034764406 -0.034285030321923829 -0.0044619020901552273 0.0031824202467041029 0.1015815585687378 0.0016309081620201127
leaf_weight=94723 17739 11331 9820 8037 671 5383 31256 9888 10136 13290 84783 7644 38958 4568 16106 9140 4126 8993 12860 13066 9197 6019 2026 361 2454 20302 10312 7377 1899 10895
leaf_count=94723 17739 11331 9820 8037 671 5383 31256 9888 10136 13290 84783 7644 38958 4568 16106 9140 4126 8993 12860 13066 9197 6019 2026 361 2454 20302 10312 7377 1899 10895
internal_value=0.00228517 0.0223072 -0.023999 -0.00521618 0.0274514 -0.0298708 0.0312323 -0.00582246 0.0121447 -0.0206717 0.0330606 0.0287743 0.0235597 -0.0222477 -0.0172121 0.00501642 -0.0167594 0.0264495 0.0129645 0.00838902 0.00594009 9.807e-05 0.000157076 0.0329319 -0.0199912 -0.021494 -0.0186764 -0.00595671 -0.00730204 0.00710471
internal_weight=483360 274363 208997 43204 231159 157967 185371 51030 45788 63244 171634 86851 55595 22307 25926 34096 49954 47951 20897 13737 25104 15907 24956 11692 38451 35997 30614 11503 12035 12921
internal_count=483360 274363 208997 43204 231159 157967 185371 51030 45788 63244 171634 86851 55595 22307 25926 34096 49954 47951 20897 13737 25104 15907 24956 11692 38451 35997 30614 11503 12035 12921
is_linear=0
shrinkage=0.08


Tree=5
num_leaves=31
num_cat=0
split_feature=15 19 7 31 21 23 39 21 7 8 5 21 13 21 7 33 21 21 21 21 29 0 33 7 8 31 8 33 6 39
split_gain=38547.3 5828.94 3453.58 2157.42 1913.85 1334.78 1083.19 984.433 794.682 909.726 869.771 698.533 523.41 519.126 380.818 357.866 353.211 278.572 275.344 269.19 249.788 225.343 213.416 187.331 185.432 174.506 173.303 170.045 168.461 164.941
threshold=0.6970833333333335 0.69999166666666668 0.52914305555555574 0.69715000000000016 0.57967500000000005 0.70290833333333336 3.6437210871418877 0.60270000000000012 2.7561545833333336 0.21827980938335542 1.1703016666666668 4.1700000000000008 1.4586833333333336 0.57967500000000005 1.1084469444444447 4.0946916666666677 0.60270000000000012 2.378083333333334 1.2019083333333336 1.152166666666667 1.7131166666666668 0.13387044270833334 0.44245000000000018 1.1309478174603178 0.70280228524572452 1.0709333333333337 1.2630520063100457 -4.2577166666666661 0.35693208864922837 1.6724629774641804
decision_type=2 2 2 2 2 2 2 2 2 2 2 2 2 2 2 2 2 2 2 2 2 2 2 2 2 2 2 2 2 2
left_child=2 4 7 19 14 11 -5 -1 9 -8 25 13 16 20 29 26 -7 -10 -6 -3 23 -13 -9 24 -4 -11 -12 -22 -15 -2
right_child=1 3 5 6 18 12 8 22 17 10 15 21 -14 28 -16 -17 -18 -19 -20 -21 27 -23 -24 -25 -26 -27 -28 -29 -30 -31
leaf_value=-0.046100294699557572 -0.04968088174462805 -0.0056626176718053587 -0.0093836861756556277 0.018997490525456354 0.00028760399065636655 -0.022888745446256166 0.0039077299109990275 -0.026730788587230946 0.067363562945318853 -0.00053314064523456216 0.042316051605491296 -0.046022344647265137 0.02835878104795013 -0.0041049499229428134 -0.011711575029297858 0.17859885337893019 0.00024499011746231147 0.204239775845939 0.066833306251623786 0.053295663111750484 0.2180163902352622 0.074702077516101015 0.0012171445704619633 -0.043568401898893612 -0.046128273218093374 0.014229158510954401 0.085880299131126048 -0.046128273218093374 0.0039110431463811506 -0.019352479508281614
leaf_weight=98933 8714 12513 6373 12054 9512 12525 45468 3516 4009 6103 35925 12116 11359 6061 4353 9031 15941 83036 12860 9968 686 784 2823 6675 17130 4230 8822 5439 8636 7765
leaf_count=98933 8714 12513 6373 12054 9512 12525 45468 3516 4009 6103 35925 12116 11359 6061 4353 9031 15941 83036 12860 9968 686 784 2823 6675 17130 4230 8822 5439 8636 7765
internal_value=0.00214184 0.0218597 -0.0237429 0.0269008 -0.00511249 -0.0133827 0.0294375 -0.0339509 0.0308646 0.0263317 0.0201931 -0.0205471 -0.00188726 -0.0163404 -0.0225614 0.0242776 -0.00768074 0.036571 0.0111353 0.00335394 -0.0214759 -0.0371783 -0.00338855 -0.0244655 -0.0278245 -0.00106455 0.0213458 -0.00674612 -0.00365517 -0.0281206
internal_weight=483360 274363 208997 231159 43204 103725 208678 105272 196624 109579 64111 63900 39825 51000 20832 53778 28466 87045 22372 22481 36303 12900 6339 30178 23503 10333 44747 6125 14697 16479
internal_count=483360 274363 208997 231159 43204 103725 208678 105272 196624 109579 64111 63900 39825 51000 20832 53778 28466 87045 22372 22481 36303 12900 6339 30178 23503 10333 44747 6125 14697 16479
is_linear=0
shrinkage=0.08


Tree=6
num_leaves=31
num_cat=0
split_feature=15 7 31 39 21 7 15 39 31 8 19 21 33 39 21 33 7 7 21 7 0 31 33 13 25 6 5 8 39 0
split_gain=36482.2 5945.5 3517.03 2362.64 2331.47 1354.77 1100.98 1073.26 789.512 1148.75 577.135 391.974 385.301 356.886 345.463 410.001 335.376 322.647 295.577 256.149 390.438 245.883 241.725 239.345 286.074 234.863 216.461 203.983 201.572 260.036
threshold=0.6970833333333335 0.92154138888888892 0.52293333333333347 6.0957939013630549 0.52293333333333347 0.39892194444444457 0.73840833333333344 3.2232389874202121 2.7574166666666673 0.22010326211700934 0.52293333333333347 4.1700000000000008 -0.0038999999999999933 4.1786513039056912 1.2019083333333336 0.13105000000000014 2.0856461111111115 0.83471972222222235 1.310416666666667 1.1851958333333334 0.17399088541666671 0.72537499999999999 0.012558333333333253 4.3965666666666676 4.919408333333334 0.15071624193127489 0.72217444444444456 0.10907424350002864 20.897873551139025 0.29463704427083337
decision_type=2 2 2 2 2 2 2 2 2 2 2 2 2 2 2 2 2 2 2 2 2 2 2 2 2 2 2 2 2 2
left_child=2 4 5 -3 13 -1 12 17 9 -5 11 23 -6 -2 15 27 -10 22 -11 20 -9 -14 -4 -7 -25 -17 -12 -8 29 -18
right_child=1 3 7 8 6 10 14 19 16 18 26 -13 21 -15 -16 25 28 -19 -20 -21 -22 -23 -24 24 -26 -27 -28 -29 -30 -31
leaf_value=-0.042412271123592964 -0.040642411313776682 0.030080612998202555 -0.042272960757100901 0.0051337791969521089 -0.00093594458552644262 -0.041052398006547489 -0.00036561853118509901 -0.0079618629845690063 0.065687080279093854 0.013803523366944556 -0.013576814888962337 -0.042340557075483919 0.0010101494797068078 -0.015528282555242381 0.019003840897459448 0.002646729723685235 0.10981133115164475 -0.019662445703093834 0.048623645291534283 0.026090078564114112 0.0011331303003205039 -0.0079201751377366587 -0.0035828673927577269 0.20582136235441759 -0.043405378707288611 -0.0014320795349027238 0.0066055607534472576 -0.00064079100497825613 0.21559416395343475 0.12347327735675506
leaf_weight=86082 12515 29052 15647 30407 1264 32244 2324 11281 4464 15331 10388 10970 12620 7391 6084 2969 8066 11375 40386 10312 6282 533 3905 2518 1250 3262 6743 10096 68285 19314
leaf_count=86082 12515 29052 15647 30407 1264 32244 2324 11281 4464 15331 10388 10970 12620 7391 6084 2969 8066 11375 40386 10312 6282 533 3905 2518 1250 3262 6743 10096 68285 19314
internal_value=0.0020288 0.0212112 -0.0231531 0.027379 -0.00127468 -0.0296465 0.0100593 -0.00656712 0.0306888 0.0250727 -0.0208426 -0.0254259 0.0276313 -0.0235668 -0.000182737 -0.00558254 0.0355194 -0.016828 0.0182472 0.00481722 -0.00105904 0.0316855 -0.0230606 -0.0213929 -0.00231423 0.0111635 -0.00827272 -0.0139839 0.0365195 0.0307202
internal_weight=483360 274363 208997 215305 59058 150195 39152 58802 186253 86124 64113 46982 14417 19906 24735 18651 100129 30927 55717 27875 17563 13153 19552 36012 3768 6231 17131 12420 95665 27380
internal_count=483360 274363 208997 215305 59058 150195 39152 58802 186253 86124 64113 46982 14417 19906 24735 18651 100129 30927 55717 27875 17563 13153 19552 36012 3768 6231 17131 12420 95665 27380
is_linear=0
shrinkage=0.08


Tree=7
num_leaves=31
num_cat=0
split_feature=39 19 21 31 7 0 19 21 15 8 6 13 6 21 39 21 39 7 25 7 0 7 29 27 7 8 15 23 0 7
split_gain=34656 7374.13 3307.36 2162.65 1412.59 1405.23 1173.67 1010.83 851.192 1343.71 625.902 517.462 515.563 487.558 415.618 401.19 388.039 406.417 304.493 294.059 337.087 289.804 275.746 225.104 200.997 252.853 194.695 223.959 184.342 249.664
threshold=3.4371385264996719 0.69999166666666668 0.38282500000000003 0.92939166666666673 1.1542409722222227 0.13387044270833334 0.72325000000000017 0.49654166666666671 2.753833333333334 0.22010326211700934 1.5270740614109026 4.7984833333333343 0.061699709095215431 1.2183083333333333 45.505405161638848 1.2704000000000002 20.897873551139025 3.3608286111111116 0.68372500000000014 1.2181743055555556 0.15695612468103057 0.36899958333333344 0.68052500000000016 0.80377500000000002 1.2574106944444445 0.16616239251758641 0.57489166666666669 0.54683333333333339 0.17399088541666671 1.1851958333333334
decision_type=2 2 2 2 2 2 2 2 2 2 2 2 2 2 2 2 2 2 2 2 2 2 2 2 2 2 2 2 2 2
left_child=2 7 4 6 11 10 22 19 9 23 -4 21 -8 -7 28 -11 17 -10 -13 20 -2 -1 -3 -5 25 -14 -15 -28 29 -9
right_child=1 3 5 8 -6 13 12 14 16 15 -12 18 24 26 -16 -17 -18 -19 -20 -21 -22 -23 -24 -25 -26 -27 27 -29 -30 -31
leaf_value=-0.039019289433705528 -0.0070910226657901407 -0.0066447755828001756 -0.009535297336146966 -0.0017196040754561405 -0.037797531866553873 -0.0021249664536084189 -0.0003363690486902904 -0.0039716113937718059 0.10480532224170098 0.0063478135801085505 -0.038953312509445212 0.20862115896851752 0.0016511776826511593 -0.0092937393196572907 -0.038907918246056779 0.037845216927496907 0.19380794217749203 0.11219342419012512 -0.039932948410705521 0.0026404170790998017 -0.038955480644846302 -0.039153819520122105 0.00092400171352997169 0.0044630766323141028 0.028235907068320271 -0.0024206953671000787 0.083701244970271885 0.046152412381565783 0.0032669911245379792 0.067293074455347629
leaf_weight=84137 8566 1008 5756 340 14065 25119 1802 11633 12972 15195 10604 2228 3092 7276 1809 39105 69437 18800 1289 4673 12250 33682 11114 30617 11274 15398 5659 6672 11527 6261
leaf_count=84137 8566 1008 5756 340 14065 25119 1802 11633 12972 15195 10604 2228 3092 7276 1809 39105 69437 18800 1289 4673 12250 33682 11114 30617 11274 15398 5659 6672 11527 6261
internal_value=0.00218007 0.0199083 -0.0237033 0.0262756 -0.0306748 -0.00825066 0.0102545 -0.00592888 0.0300293 0.0241402 -0.028313 -0.0334568 0.00212887 -0.000912221 0.0037195 0.0165569 0.0349902 0.0276671 -0.00321865 -0.0177504 -0.0218217 -0.0343595 0.031414 0.0374416 0.00464454 -0.000488913 0.00854185 0.0146655 0.00600795 0.00092545
internal_weight=483360 286873 196487 230154 135401 61086 43688 56719 186466 85257 16360 121336 31566 44726 31230 54300 101209 31772 3517 25489 20816 117819 12122 30957 29764 18490 19607 12331 29421 17894
internal_count=483360 286873 196487 230154 135401 61086 43688 56719 186466 85257 16360 121336 31566 44726 31230 54300 101209 31772 3517 25489 20816 117819 12122 30957 29764 18490 19607 12331 29421 17894
is_linear=0
shrinkage=0.08


Tree=8
num_leaves=31
num_cat=0
split_feature=39 19 21 31 7 0 19 21 8 7 6 39 29 6 39 21 33 23 7 0 29 31 27 13 33 7 0 6 0 7
split_gain=33881.3 7116.44 3197.42 2054.48 1448.45 1375.93 1177.08 962.093 924.217 1693.61 640.857 594.357 542.732 514.997 413.733 412.006 352.627 284.758 281.083 328.616 272.749 265.054 230.908 191.849 191.156 180.992 239.693 182.709 179.487 213.105
threshold=3.4371385264996719 0.69999166666666668 0.38282500000000003 0.92939166666666673 0.42463333333333325 0.13387044270833334 0.72325000000000017 0.49654166666666671 0.22010326211700934 3.682448611111111 1.5270740614109026 10.535688973500053 1.1231666666666669 0.061699709095215431 45.505405161638848 1.4148250000000002 4.0946916666666677 0.0026166666666666669 1.1309478174603178 0.15695612468103057 0.68052500000000016 1.0709333333333337 0.80377500000000002 1.1231833333333334 -3.1213916666666655 1.2574106944444445 0.17399088541666671 0.21380516114739131 0.17399088541666671 0.90287638888888899
decision_type=2 2 2 2 2 2 2 2 2 2 2 2 2 2 2 2 2 2 2 2 2 2 2 2 2 2 2 2 2 2
left_child=2 7 4 6 -1 10 20 18 22 11 -4 21 17 -8 28 -7 -13 -6 19 -2 -3 -10 -5 -14 -19 26 -15 -28 29 -9
right_child=1 3 5 8 12 15 13 14 9 -11 -12 16 23 25 -16 -17 -18 24 -20 -21 -22 -23 -24 -25 -26 -27 27 -29 -30 -31
leaf_value=-0.035897746279009088 -0.0065987058027226824 -0.0061131935361761602 -0.0087724735492552067 -0.0015820357494196503 -0.037111570534236915 -0.0023494343549773067 -0.00030945952479506823 -0.0044324265864520967 -0.0011738898337348093 0.22689266990143719 -0.035837047508689594 0.040863405852098293 -0.033085379321407128 -0.0050567459718387341 -0.035795284786372242 0.049830608037290926 0.13155877661814164 0.20614494515176457 -0.0041868666441359894 -0.035839042193258591 0.00085008157644757005 0.02240319550232461 0.026519042579659813 0.035792120407817152 -0.026944261860965543 0.02597703450285465 0.0020436663804483945 0.00055348326037368617 0.0030056318345749399 0.021898099274763588
leaf_weight=87439 8432 1008 5756 340 17912 28035 1802 9988 3418 53302 10604 44200 7636 11610 1809 16691 9968 2111 5091 11966 11114 22306 52932 5206 15097 11274 2442 4438 11527 7906
leaf_count=87439 8432 1008 5756 340 17912 28035 1802 9988 3418 53302 10604 44200 7636 11610 1809 16691 9968 2111 5091 11966 11114 22306 52932 5206 15097 11274 2442 4438 11527 7906
internal_value=0.00207481 0.0196038 -0.0235177 0.0258589 -0.0303723 -0.008324 0.0102435 -0.00577796 0.0295174 0.0259555 -0.028176 0.0185871 -0.0192002 0.00210606 0.00363497 -0.00106247 0.0233422 -0.0243462 -0.017311 -0.021508 0.0314338 0.00857409 0.0384232 -0.00512693 -0.0169967 0.00462035 -0.000250946 0.0115814 0.00591822 0.000903096
internal_weight=483360 286873 196487 230154 135401 61086 43688 56719 186466 133194 16360 79892 47962 31566 31230 44726 54168 35120 25489 20398 12122 25724 53272 12842 17208 29764 18490 6880 29421 17894
internal_count=483360 286873 196487 230154 135401 61086 43688 56719 186466 133194 16360 79892 47962 31566 31230 44726 54168 35120 25489 20398 12122 25724 53272 12842 17208 29764 18490 6880 29421 17894
is_linear=0
shrinkage=0.08


Tree=9
num_leaves=31
num_cat=0
split_feature=39 31 7 19 0 15 23 8 15 27 21 7 6 31 6 29 21 13 21 23 39 7 8 0 7 8 0 33 7 5
split_gain=30988.4 7971.04 3001.44 1820.45 1357.42 1614.83 1089.94 1008.8 1536.82 840.159 1244.85 756.689 673.222 511.149 481.98 425.01 360.373 316.927 316.176 306.839 249.516 250.558 232.711 211.328 203.075 231.49 196.264 171.332 169.008 158.569
threshold=2.9554447812105962 0.94470833333333337 0.2976152777777778 0.94463333333333332 0.17399088541666671 0.0086166666666666683 1.1231666666666669 0.2413565264626483 3.6528666666666672 0.0053166666666666675 0.54622500000000007 0.99049111111111121 0.069220967367043182 0.73840833333333344 0.0029327786267253843 4.6376083333333336 1.4148250000000002 0.0086166666666666683 1.2704000000000002 0.27732500000000004 28.042433746535743 3.3608286111111116 0.77425246320371244 0.13387044270833334 1.3994622222222226 0.93965820055392613 0.29463704427083337 -4.3946749999999986 1.0772808333333337 0.66786277777777781
decision_type=2 2 2 2 2 2 2 2 2 2 2 2 2 2 2 2 2 2 2 2 2 2 2 2 2 2 2 2 2 2
left_child=2 4 -1 24 11 17 9 -5 18 15 28 14 13 -7 -2 23 -12 -6 -9 22 21 -10 -16 -4 25 -3 -20 -17 -11 -8
right_child=1 3 6 7 5 12 29 8 20 10 16 -13 -14 -15 19 27 -18 -19 26 -21 -22 -23 -24 -25 -26 -27 -28 -29 -30 -31
leaf_value=-0.033025926576688354 -0.00067946955878007921 0.0043074900873984624 -0.032970083707994424 0.027714856209419842 -0.036558564347870928 0.00078207505033176081 -0.029940390164692469 0.0073668126868661954 0.059114178151374812 -0.023201723570663996 -0.00059451704097369885 0.011873083907250734 0.0013314105300680889 -3.4303429061193211e-05 -0.0062329645174428981 0.16455764282202404 0.06488076736721532 -2.6832859028358415e-05 0.033668187725087222 -0.004840913874673696 0.23815589101391205 0.089759199943135748 -0.030483919020930533 -0.034239750831916188 0.066645915469416769 -0.033877124385447564 0.091407187308858412 -0.033374683612799765 -0.030039271501295598 0.016921804048266945
leaf_weight=78544 5148 9082 17286 53326 5781 10250 3064 13201 5173 22994 12026 11206 25253 610 2569 638 5928 2636 42549 27349 36817 15046 5435 15717 11481 2699 12278 3094 5942 20238
leaf_count=78544 5148 9082 17286 53326 5781 10250 3064 13201 5173 22994 12026 11206 25253 610 2569 638 5928 2636 42549 27349 36817 15046 5435 15717 11481 2699 12278 3094 5942 20238
internal_value=0.00116716 0.0171504 -0.0245039 0.0261909 -0.00179266 0.00844554 -0.0157816 0.0289357 0.0250074 -0.0200452 -0.0129478 -0.0106098 0.0158004 0.0324567 -0.0157004 -0.0291047 0.00360031 -0.0231104 0.0168872 -0.0123701 0.0346925 0.0275523 -0.0261469 -0.0319983 0.00514143 -0.0022375 0.0195634 -0.00351554 -0.0232154 -0.000480645
internal_weight=483360 297889 185471 201652 96237 44530 106927 178390 125064 83625 46890 51707 36113 10860 40501 36735 17954 8417 68028 35353 57036 20219 8004 33003 23262 11781 54827 3732 28936 23302
internal_count=483360 297889 185471 201652 96237 44530 106927 178390 125064 83625 46890 51707 36113 10860 40501 36735 17954 8417 68028 35353 57036 20219 8004 33003 23262 11781 54827 3732 28936 23302
is_linear=0
shrinkage=0.08


Tree=10
num_leaves=31
num_cat=0
split_feature=23 21 31 0 39 15 21 7 21 8 6 7 19 7 7 31 8 29 39 27 0 5 0 33 0 13 21 39 6 6
split_gain=28801.5 6343.43 4043.08 3362.74 1802.24 1768.48 1275.49 1189.94 1047.66 862.452 812.971 785.609 614.397 566.216 490.353 444.088 373.273 331.543 303.918 276.128 260.394 232.979 216.792 203.149 182.559 179.598 173.87 250.601 179.585 158.955
threshold=0.97422500000000012 0.30909166666666671 0.97427500000000011 0.15695612468103057 20.897873551139025 0.97422500000000012 0.52293333333333347 1.1309478174603178 0.88007500000000005 0.22010326211700934 0.066370561460421515 3.3608286111111116 2.7555750000000003 0.72974527777777787 0.39892194444444457 0.73840833333333344 0.53469728633126123 4.9816166666666684 8.6539095385009421 0.97422500000000012 0.29463704427083337 0.87918277777777787 0.19120279947916669 -4.9576416666666656 0.29463704427083337 1.0687333333333335 1.3755500000000003 3.1761061086192517 0.1068385896328843 2.0548554561780024
decision_type=2 2 2 2 2 2 2 2 2 2 2 2 2 2 2 2 2 2 2 2 2 2 2 2 2 2 2 2 2 2
left_child=1 7 13 5 9 8 -5 14 -3 -4 15 18 -6 22 -1 -8 -16 -18 24 21 -13 -10 -2 -19 -11 -15 27 -12 -29 -25
right_child=2 3 4 6 12 -7 10 -9 19 11 26 20 -14 25 16 -17 17 23 -20 -21 -22 -23 -24 29 -26 -27 -28 28 -30 -31
leaf_value=-0.030383852450553289 -0.0042106383973783638 -0.0036749301460985164 0.0034433182400210607 -0.01007087525769422 0.053311487391528467 0.014086647031473918 0.00071950904630521781 -0.029899851225731897 -0.025450506621087391 0.00011741219070179553 -0.00054695567769579511 0.027221623448144196 0.14854079003309206 -0.0058605168767898608 -0.0081635167131728272 -3.1559154736298109e-05 -0.031131780198470571 0.15139303139626212 0.026832066844043129 -0.00029940188859328031 0.08244662495842707 -0.0019340125400082364 -0.032560798372184271 -0.05966343293039527 0.076901550217016765 0.020830166857819316 0.05173714661547351 0.0012248976876626384 0.00056872586162782569 0.3295194380207907
leaf_weight=86510 4942 16025 15879 9759 9207 12360 9466 12306 6320 17633 15210 2967 68813 12618 6255 533 27812 604 35036 1629 18344 27750 4840 1482 10304 16960 12783 5739 11591 1683
leaf_count=86510 4942 16025 15879 9759 9207 12360 9466 12306 6320 17633 15210 2967 68813 12618 6255 533 27812 604 35036 1629 18344 27750 4840 1482 10304 16960 12783 5739 11591 1683
internal_value=-0.000653923 -0.0183201 0.0209325 -0.00560864 0.0260584 -0.0186168 0.00720026 -0.0303352 -0.0251133 0.0189575 0.0119041 0.0157354 0.0351746 -0.00227236 -0.0326836 0.0325513 -0.0250872 -0.0286235 0.0112423 -0.0327415 0.0290122 -0.03428 -0.0189573 -0.00635712 0.00501843 0.00324566 0.00734903 0.00424339 0.0108205 -0.0144708
internal_weight=483360 265817 217543 129165 178183 64084 65081 136652 51724 100163 55322 84284 78020 39360 124346 9999 37836 31581 62973 35699 21311 34070 9782 3769 27937 29578 45323 32540 17330 3165
internal_count=483360 265817 217543 129165 178183 64084 65081 136652 51724 100163 55322 84284 78020 39360 124346 9999 37836 31581 62973 35699 21311 34070 9782 3769 27937 29578 45323 32540 17330 3165
is_linear=0
shrinkage=0.08


Tree=11
num_leaves=31
num_cat=0
split_feature=23 21 15 0 8 15 6 7 21 39 7 21 7 31 7 13 8 29 27 31 0 5 33 0 21 39 15 8 21 15
split_gain=27129.6 6115.88 4221.68 3285.92 1804.77 1502.28 1205.51 1198.84 1183.85 1053.42 1005.96 804.966 489.973 442.633 430.329 412.236 402.603 324.324 267.735 252.986 252.737 229.182 202.744 188.989 174.086 295.581 169.456 169.387 162.711 160.295
threshold=0.97745000000000004 0.30909166666666671 2.753833333333334 0.15695612468103057 0.21827980938335542 0.98906666666666676 0.066370561460421515 0.39892194444444457 0.92916666666666681 20.897873551139025 0.76006930555555574 0.52293333333333347 1.1309478174603178 0.73840833333333344 3.2550266666666672 1.4126750000000003 0.53469728633126123 4.9816166666666684 0.98908333333333343 2.7574166666666673 0.19120279947916669 0.90736888888888878 -4.9576416666666656 0.19120279947916669 1.7317500000000001 3.1761061086192517 1.0699583333333336 0.064664229743236878 1.3755500000000003 0.73840833333333344
decision_type=2 2 2 2 2 2 2 2 2 2 2 2 2 2 2 2 2 2 2 2 2 2 2 2 2 2 2 2 2 2
left_child=1 7 4 5 -2 8 13 27 -3 14 20 -8 16 -5 -4 26 -9 -18 21 -11 -6 -10 -19 -21 25 29 -12 -1 -17 -13
right_child=2 3 9 6 10 -7 11 12 18 19 15 24 -14 -15 -16 28 17 22 -20 23 -22 -23 -24 -25 -26 -27 -28 -29 -30 -31
leaf_value=-0.027953144254509024 0.0031678527808193736 -0.0020444794569327751 0.073086837991004738 0.00066194832260079827 -0.0040160288267309862 0.014258512657056807 -0.0091396352915388765 -0.0073507580319196733 -0.023730978242456874 0.05109415371054709 -0.0038318460456090442 0.00017269519460170636 -0.027506930891821862 -2.903442235739462e-05 0.074970732913413052 0.012406359430426894 -0.028641237782592924 0.13928158888456113 0.00010551326654419935 0.14604393929550732 -0.030676305458103046 -0.0017792915368075768 -0.054890358295963657 0.052481087925332272 0.074284564588375054 0.0010540881966447468 0.010578990958712229 -0.027853144256744199 0.035091030446017739 -0.0025284477335574531
leaf_weight=44487 14819 18566 19100 9501 6164 12188 9769 6285 5967 2313 18415 11717 12311 533 20216 17274 27820 604 1494 65142 5420 27351 3165 2565 10314 18676 20837 42025 23670 4652
leaf_count=44487 14819 18566 19100 9501 6164 12188 9769 6285 5967 2313 18415 11717 12311 533 20216 17274 27820 604 1494 65142 5420 27351 3165 2565 10314 18676 20837 42025 23670 4652
internal_value=-0.00112645 -0.0181573 0.0199655 -0.00578606 0.00863685 -0.0184303 0.00693656 -0.0299884 -0.0242167 0.0310105 0.00445413 0.0022943 -0.0201518 0.0324417 0.0205311 0.00763729 -0.0246586 -0.0283377 -0.0329174 0.0368946 -0.0175829 -0.034403 -0.00631467 0.0377834 0.00678057 0.00409188 0.00177927 -0.0356945 0.0132532 -0.00375588
internal_weight=483360 267425 215935 130728 106599 65566 65162 136697 53378 109336 91780 55128 50185 10034 39316 80196 37874 31589 34812 70020 11584 33318 3769 67707 45359 35045 39252 86512 40944 16369
internal_count=483360 267425 215935 130728 106599 65566 65162 136697 53378 109336 91780 55128 50185 10034 39316 80196 37874 31589 34812 70020 11584 33318 3769 67707 45359 35045 39252 86512 40944 16369
is_linear=0
shrinkage=0.08


Tree=12
num_leaves=31
num_cat=0
split_feature=23 39 15 0 7 7 6 39 15 8 6 27 21 7 31 31 33 29 7 8 13 7 8 13 19 0 25 0 21 7
split_gain=23465.8 6506.69 4608.26 2361.6 1249.78 1112.56 1103.4 1097.07 1080.88 1346.35 1020.58 635.482 1110.62 623.041 468.908 444.182 426.827 425.749 409.298 366.332 359.93 324.319 310.676 271.806 706.628 268.761 264.371 236.309 215.983 215.56
threshold=0.98292500000000016 1.7768124130090133 2.8324916666666673 0.17399088541666671 0.25600236111111102 0.76006930555555574 0.1068385896328843 21.484546320856129 2.753833333333334 0.21827980938335542 0.066370561460421515 0.002591666666666667 0.47705000000000009 1.2574106944444445 0.50831666666666686 0.73840833333333344 1.4005583333333333 4.6376083333333336 3.2550266666666672 0.27783698642150062 1.4126750000000003 0.90287638888888899 0.033028002712820061 0.9720416666666668 0.97421666666666684 0.19120279947916669 0.3088583333333334 0.19120279947916669 1.7518750000000003 1.0772808333333337
decision_type=2 2 2 2 2 2 2 2 2 2 2 2 2 2 2 2 2 2 2 2 2 2 2 2 2 2 2 2 2 2
left_child=1 4 5 6 -1 25 21 18 9 -7 15 17 29 16 -12 -5 26 -6 -4 -10 -11 22 -3 -23 -25 -2 -8 -9 -14 -13
right_child=2 3 7 10 11 8 13 27 19 20 14 12 28 -15 -16 -17 -18 -19 -20 -21 -22 23 -24 24 -26 -27 -28 -29 -30 -31
leaf_value=-0.025716892714148305 -0.0033764206833790445 8.7934161646225921e-05 0.06893986328848066 0.0006089924567927341 -0.028934338960482319 0.009253087659550116 -0.013196892836039802 0.15662170980205606 -0.0013864476697544959 0.0031236331128278571 -0.019029498972544176 -0.022973292341707103 -0.0003009234047955367 0.047050865407967893 0.0010507557894238583 -2.6711668568806246e-05 -0.030195884155642751 -0.021540405625667069 0.068829033431983475 0.036605751484362979 0.023124873821467436 -0.00098406880127172697 -0.0016210354141082295 6.438292474786778e-05 -0.00010580330877264289 -0.028222201021454799 -0.0020791865728229863 0.055316362489289228 0.06839238274284283 -0.025142632162417505
leaf_weight=71091 6306 758 18838 9465 32703 13417 10550 62465 3748 38856 12418 17956 9124 10333 25542 533 4495 3690 20201 1012 40893 12878 4308 1158 2374 5424 30130 3043 4344 5307
leaf_count=71091 6306 758 18838 9465 32703 13417 10550 62465 3748 38856 12418 17956 9124 10333 25542 533 4495 3690 20201 1012 40893 12878 4308 1158 2374 5424 30130 3043 4344 5307
internal_value=-0.00175521 -0.0174799 0.0180037 -0.00411647 -0.0290574 0.00654629 -0.0127975 0.0300209 0.00933521 0.011235 0.00981859 -0.0217143 -0.0142909 -0.0068401 0.00382929 0.0325585 -0.0108936 -0.0292067 0.0194052 -0.0278487 0.00729037 -0.0281952 -0.0105014 -0.0336575 -0.0139977 -0.0167366 -0.00830875 0.0363473 0.00399168 -0.0248756
internal_weight=483360 269157 214203 124942 144215 109656 76984 104547 97926 93166 47958 73124 36731 55508 37960 9998 45175 36393 39039 4760 79749 21476 5066 16410 3532 11730 40680 65508 13468 23263
internal_count=483360 269157 214203 124942 144215 109656 76984 104547 97926 93166 47958 73124 36731 55508 37960 9998 45175 36393 39039 4760 79749 21476 5066 16410 3532 11730 40680 65508 13468 23263
is_linear=0
shrinkage=0.08


Tree=13
num_leaves=31
num_cat=0
split_feature=39 19 7 19 7 0 0 39 27 8 5 21 8 6 23 23 5 7 31 29 7 21 5 33 8 31 0 8 5 13
split_gain=18988.8 9089.02 2546.57 1671.72 2467.48 2146.9 1716.09 1164.51 1037 1023.73 1006.09 909.268 807.799 762.515 516.161 509.784 478.179 451.322 441.085 422.079 372.144 292.657 242.257 238.22 236.382 233.701 221.373 185.966 181.887 172.059
threshold=2.0663068542594014 2.9796750000000007 0.2976152777777778 2.7555750000000003 1.0043434722222224 0.16293756999353057 0.19958496093750003 29.675120212366888 0.057958333333333341 0.32160601382235582 0.94773722222222212 0.62334166666666679 0.22010326211700934 0.066370561460421515 0.9920916666666667 0.44736666666666675 0.9425177777777779 3.0054187500000005 0.73840833333333344 4.6376083333333336 1.2969436111111114 1.4446083333333335 0.92026888888888891 0.18991666666666671 0.033028002712820061 3.9509250000000002 0.13387044270833334 0.053743978479683686 0.69624888888888903 4.9249583333333344
decision_type=2 2 2 2 2 2 2 2 2 2 2 2 2 2 2 2 2 2 2 2 2 2 2 2 2 2 2 2 2 2
left_child=2 3 27 4 5 10 13 17 15 -5 16 20 -6 18 -12 19 22 -3 -7 26 -10 -14 24 -15 -2 -9 -4 -1 -17 -21
right_child=1 7 8 9 12 6 -8 25 11 -11 14 -13 21 23 -16 28 -18 -19 -20 29 -22 -23 -24 -25 -26 -27 -28 -29 -30 -31
leaf_value=-0.023659541297016442 8.0899428714529262e-05 0.062037543272770161 -0.027720665568371019 -0.0075895090388799248 0.029191513437313452 0.0005602730602493189 -0.026425924661265518 0.050696177619832743 -0.018367620253588832 0.031629351391755697 -0.00065915546985207741 0.0015259755788298614 0.0064146405366482815 8.7868480660446835e-06 -0.0014353563499619781 -0.025788762379892388 5.0653216196714371e-05 0.049355122570536612 -2.4574735083300326e-05 -0.048775897182233192 -0.019102343047060041 0.034303873755506926 -0.00090534329716998488 0.0023922891115049972 -0.0036893992303863856 0.44712559509306926 -0.025428105029541785 -0.02307000483072072 0.024933149669909494 0.12986229422384962
leaf_weight=42834 758 18126 17284 10866 8756 9493 7728 2019 19981 3406 23177 22377 34415 16993 4235 2692 1502 31568 533 3090 8230 39231 3306 13333 37112 45074 15467 34021 5116 637
leaf_count=42834 758 18126 17284 10866 8756 9493 7728 2019 19981 3406 23177 22377 34415 16993 4235 2692 1502 31568 533 3090 8230 39231 3306 13333 37112 45074 15467 34021 5116 637
internal_value=-0.00351705 0.00825374 -0.0248771 -0.000916386 0.000966037 -0.0064436 0.00657571 0.0286092 -0.0161089 -0.0273711 -0.0153745 -0.00828339 0.011592 0.0131899 -0.027334 -0.0250481 -0.00769296 0.0200668 0.032316 -0.0290191 -0.0178356 0.00886077 -0.00931028 0.00686672 -0.00749723 0.0376234 -0.0319221 -0.035701 -0.0064959 -0.00350953
internal_weight=483360 311631 171729 214844 200572 118170 48080 96787 94874 14272 70090 50588 82402 40352 27412 44286 42678 49694 10026 36478 28211 73646 41176 30326 37870 47093 32751 76855 7808 3727
internal_count=483360 311631 171729 214844 200572 118170 48080 96787 94874 14272 70090 50588 82402 40352 27412 44286 42678 49694 10026 36478 28211 73646 41176 30326 37870 47093 32751 76855 7808 3727
is_linear=0
shrinkage=0.08


Tree=14
num_leaves=31
num_cat=0
split_feature=39 31 7 8 39 21 19 27 21 5 0 5 19 23 29 7 0 6 7 5 5 13 31 5 5 8 39 21 21 6
split_gain=17924.4 8393.93 2377.22 1342.26 3138.79 1552.16 1148.22 979.138 920.987 579.428 882.559 473.978 467.742 465.989 445.743 414.814 379.32 353.615 336.225 299.071 912.456 380.025 956.905 291.865 751.812 277.111 657.14 216.642 206.318 208.131
threshold=1.9104832624864638 3.0754583333333336 0.26815152777777768 0.0088367937866199106 6.1003935448365691 0.52293333333333347 4.1812000000000005 0.057958333333333341 0.44736666666666675 1.107218888888889 0.15695612468103057 0.92026888888888891 0.43111666666666676 0.02211666666666667 4.6376083333333336 1.1084469444444447 0.19120279947916669 0.066370561460421515 2.5803031944444452 2.8321316666666667 2.8211077777777782 0.97075000000000011 0.97427500000000011 1.107218888888889 2.7563805555555558 0.22010326211700934 20.897873551139025 0.092533333333333342 0.97421666666666684 0.015593873359315467
decision_type=2 2 2 2 2 2 2 2 2 2 2 2 2 2 2 2 2 2 2 2 2 2 2 2 2 2 2 2 2 2
left_child=2 3 -1 4 -2 12 18 13 15 10 28 -6 -5 14 -4 -9 -8 -12 -3 20 21 -13 -23 -24 -25 26 -11 -14 -7 -30
right_child=1 6 7 5 11 9 16 8 -10 25 17 19 27 -15 -16 -17 -18 -19 -20 -21 -22 22 23 24 -26 -27 -28 -29 29 -31
leaf_value=-0.021766777993255128 0.00051545121542937442 0.014751904323133367 -0.024745939221486459 -0.018108312723068735 7.4427474417371189e-05 -0.00039882752192892389 0.32245685058620971 -0.019037921669313097 0.0012183660926100303 0.028654860270043214 0.00046211697928435493 -0.0010828265835133965 0.0072550737758479405 -0.022104078267476682 -0.015915101401035046 -0.019252467080277353 0.06647568538442776 0.00071628215719917062 0.052121063170135498 -0.0069823483157695418 0.00021429259374290411 2.2505791059357351e-05 -0.00016114352939526456 0.016470860254784423 -0.00066837113306373653 0.0187808671477908 -0.0022018464545589468 -0.0038434434443069421 -0.00052375854251781814 -0.0061590482308574671
leaf_weight=73272 6293 8443 30780 27338 752 19368 47056 17225 23487 6103 4975 8477 8416 10684 3641 8376 10514 28645 25004 8863 1431 1658 5024 1368 2136 67778 954 13538 2697 9064
leaf_count=73272 6293 8443 30780 27338 752 19368 47056 17225 23487 6103 4975 8477 8416 10684 3641 8376 10514 28645 25004 8863 1431 1658 5024 1368 2136 67778 954 13538 2697 9064
internal_value=-0.00378732 0.00742943 -0.0249459 -0.000866959 -0.0150236 0.00183147 0.0279275 -0.0165392 -0.00872066 0.0061411 0.000599855 -0.0258952 -0.0103725 -0.0250482 -0.0295785 -0.0192164 0.0347764 0.00958715 0.016139 -0.0275236 -0.022124 -0.0268446 -0.0164304 -0.027242 -0.00952055 0.0109355 0.0260224 -0.00167623 -0.00910662 -0.0174645
internal_weight=483360 315895 167465 224878 36002 188876 91017 94193 49088 139584 64749 29709 49292 45105 34421 25601 57570 33620 33447 28957 20094 18663 10186 8528 3504 74835 7057 21954 31129 11761
internal_count=483360 315895 167465 224878 36002 188876 91017 94193 49088 139584 64749 29709 49292 45105 34421 25601 57570 33620 33447 28957 20094 18663 10186 8528 3504 74835 7057 21954 31129 11761
is_linear=0
shrinkage=0.08


Tree=15
num_leaves=31
num_cat=0
split_feature=39 19 7 39 19 7 27 0 0 8 21 6 23 31 29 7 13 5 23 23 5 23 21 23 23 5 6 7 25 0
split_gain=17905.5 6865.36 2504.25 1502 1388 1299.35 1078.36 1006.4 1692.71 832.733 782.817 778.297 471.606 441.884 439.493 430.536 421.884 392.183 854.145 909.543 399.868 294.991 256.938 401.242 240.969 226.084 278.392 221.655 197.873 196.256
threshold=1.9104832624864638 3.0298833333333337 0.25600236111111102 33.498457628563202 2.832241666666667 1.1084469444444447 0.057958333333333341 0.17399088541666671 0.19958496093750003 0.32160601382235582 0.27515833333333339 0.066370561460421515 0.02211666666666667 0.73840833333333344 4.6376083333333336 1.1309478174603178 2.5878916666666671 0.94773722222222212 0.96676666666666677 0.97422500000000012 0.9425177777777779 1.0236083333333335 0.98294166666666671 0.97745000000000004 4.2147750000000004 0.92026888888888891 0.0089821603068405646 0.95534722222222235 0.97422500000000012 0.13387044270833334
decision_type=2 2 2 2 2 2 2 2 2 2 2 2 2 2 2 2 2 2 2 2 2 2 2 2 2 2 2 2 2 2
left_child=2 4 -1 16 5 7 12 17 11 -6 15 13 14 -9 29 -8 -3 20 28 27 25 22 23 -21 -5 26 -2 -20 -19 -4
right_child=1 3 6 24 9 -7 10 8 -10 -11 -12 -13 -14 -15 -16 -17 -18 18 19 21 -22 -23 -24 -25 -26 -27 -28 -29 -30 -31
leaf_value=-0.020025435753794719 0.00014990833899148015 0.010618252332957177 -0.023523337185182427 0.01650298442407859 -0.0074144373303908044 0.015227677704042542 -0.019677488580113131 0.00047848185708662785 -0.022863185670518777 0.029903636060208225 0.00028865451174877601 0.00073401227980291145 -0.020136820814834474 -6.3844853510985894e-05 -0.014641893288952244 -0.018041247666133305 0.049576657387396708 -0.0014401978399499972 -4.5585527633109633e-05 -3.1715124131048712e-05 5.3648616666279739e-06 -0.00032985669539001175 -0.00048185785911639026 8.5141544334099706e-06 0.6121603330568911 -0.00074628970671531292 -0.0030148077223490733 2.070532777461054e-05 -0.003257731072943062 -0.021414181489459529
leaf_weight=71968 1359 10137 17274 1431 8551 83044 14442 9465 8121 2912 27849 27241 10971 533 3641 7497 42050 11968 449 1248 1534 5939 5511 1411 41515 3482 43078 3372 1544 13823
leaf_count=71968 1359 10137 17274 1431 8551 83044 14442 9465 8121 2912 27849 27241 10971 533 3641 7497 42050 11968 449 1248 1534 5939 5511 1411 41515 3482 43078 3372 1544 13823
internal_value=-0.00331264 0.00789819 -0.02446 0.025864 0.000156186 0.00164071 -0.0159674 -0.00347139 0.00606702 -0.0269493 -0.00782197 0.0132839 -0.0248397 0.0323745 -0.0294064 -0.0191239 0.0167452 -0.00881983 -0.0158056 -0.00435917 -0.0043783 -0.0137359 -0.0235985 -0.00317413 0.036945 -0.00566539 -0.00412719 0.0302643 -0.0309947 -0.0324854
internal_weight=483360 315895 167465 95133 220762 209299 95497 126255 45360 11463 49788 37239 45709 9998 34738 21939 52187 80895 31442 17930 49453 14109 8170 2659 42946 47919 44437 3821 13512 31097
internal_count=483360 315895 167465 95133 220762 209299 95497 126255 45360 11463 49788 37239 45709 9998 34738 21939 52187 80895 31442 17930 49453 14109 8170 2659 42946 47919 44437 3821 13512 31097
is_linear=0
shrinkage=0.08


Tree=16
num_leaves=31
num_cat=0
split_feature=21 7 13 33 7 0 7 7 6 0 8 7 8 8 0 2 21 39 7 15 5 0 6 5 5 15 21 8 31 8
split_gain=17107.6 5912.33 1854.26 1514.59 1004.42 926.655 1780.07 1353.44 1062.3 765.965 740.489 662.463 633.641 593.117 557.441 482.713 632.945 451.46 294.932 300.082 317.168 275.721 489.198 456.155 769.297 442.873 452.139 404.926 275.062 273.315
threshold=0.27515833333333339 3.1944631944444448 0.22197500000000001 -4.2133166666666657 6.5569141666666679 0.16293756999353057 2.7561545833333336 1.0772808333333337 0.066370561460421515 0.13387044270833334 0.22010326211700934 1.2181743055555556 0.053743978479683686 1.7817322482326412 0.15695612468103057 5.5000000000000009 2.8880500000000002 3.5306079070150007 2.251216250000001 4.155333333333334 0.66786277777777781 0.13842773437500003 0.0029327786267253843 0.94773722222222212 0.96674166666666672 0.97422500000000012 0.98908333333333343 0.12032152615679516 0.73840833333333344 7.0131468856249501
decision_type=2 2 2 2 2 2 2 2 2 2 2 2 2 2 2 2 2 2 2 2 2 2 2 2 2 2 2 2 2 2
left_child=2 3 12 9 29 6 7 13 28 -2 -9 14 -1 21 -4 -8 -17 -10 19 20 -14 22 -5 -23 -25 27 -27 -26 -7 -3
right_child=1 4 11 5 -6 8 15 10 17 -11 -12 -13 18 -15 -16 16 -18 -19 -20 -21 -22 23 -24 24 25 26 -28 -29 -30 -31
leaf_value=-0.018423400893491142 -0.021641470210367834 0.04347815385959361 -0.0023274847566035197 -0.00068658653017808827 0.8211728121984726 0.00044020330851969548 -0.0037601417623917043 0.025144257232116357 -0.00040596620817294314 0.07423155352963684 0.010333580656824926 0.011785563107288439 -0.018478563810615981 -0.017959512600255446 -0.017862401130682323 -0.0088399438429829762 0.00053206161966350867 0.0054016042718756287 -0.020737815039872067 -0.037695677910733492 -0.020010103164057408 0.00013791567187215747 -0.0046749771002167952 -0.00093570455456308825 1.9048901552638497e-05 -0.00020698239475476222 2.5017956197386225e-05 5.2755566591695672e-05 0.066887189636312031 -0.023079739310319019
leaf_weight=42850 8720 39147 8671 3559 27989 9518 11827 7247 34234 2506 52212 14449 49661 3523 21661 1560 1480 43286 3751 12232 9955 22044 23465 5723 2665 7102 2569 5172 1891 2691
leaf_count=42850 8720 39147 8671 3559 27989 9518 11827 7247 34234 2506 52212 14449 49661 3523 21661 1560 1480 43286 3751 12232 9955 22044 23465 5723 2665 7102 2569 5172 1891 2691
internal_value=-0.00501953 0.00572742 -0.0260967 -1.4862e-05 0.0263113 0.00133363 -0.0024994 0.000388229 0.00780533 -0.0287333 0.00942431 -0.0122293 -0.0313394 -0.00669779 -0.018945 -0.0287751 -0.000342105 0.00445098 -0.0269342 -0.0280759 -0.025734 -0.00513589 -0.0115305 -0.00131905 -0.00914123 -0.000817912 -0.0122717 0.0133163 0.0305969 0.0184636
internal_weight=483360 320130 163230 250303 69827 239077 150148 135281 88929 11226 59459 44781 118449 75822 30332 14867 3040 77520 75599 71848 59616 72299 27024 45275 23231 17508 9671 7837 11409 41838
internal_count=483360 320130 163230 250303 69827 239077 150148 135281 88929 11226 59459 44781 118449 75822 30332 14867 3040 77520 75599 71848 59616 72299 27024 45275 23231 17508 9671 7837 11409 41838
is_linear=0
shrinkage=0.08


Tree=17
num_leaves=31
num_cat=0
split_feature=21 7 7 33 39 13 0 8 6 0 21 39 2 5 13 5 31 39 15 5 39 23 2 8 25 15 8 31 19 7
split_gain=16116.2 5335.38 1887.39 1506.14 1126.79 807.867 801.654 1327.23 1118.38 752.383 732.02 730.872 798.697 649.072 1225.3 635.569 567.861 563.797 546.833 492.835 453.703 412.728 375.436 362.419 360.889 345.247 295.155 278.417 235.311 229.667
threshold=0.27515833333333339 3.1944631944444448 0.38144902777777784 -4.2133166666666657 49.05224352521973 0.42796666666666677 0.16293756999353057 0.047238941314250667 0.066370561460421515 0.13387044270833334 4.9497583333333344 22.00053896336021 4.5000000000000009 2.7563805555555558 0.96705833333333346 0.92026888888888891 0.97427500000000011 10.821190402464561 4.2140250000000004 1.107218888888889 5.4056021323719534 0.71052499999999996 1.0000000180025095e-35 0.053743978479683686 0.078716666666666685 0.76030833333333347 7.0131468856249501 0.73840833333333344 0.49765000000000009 2.8210648611111115
decision_type=2 2 2 2 2 2 2 2 2 2 2 2 2 2 2 2 2 2 2 2 2 2 2 2 2 2 2 2 2 2
left_child=2 3 23 9 26 18 7 11 27 -2 17 13 -13 14 15 -5 -16 -9 25 22 -10 24 -18 -1 -7 -4 -3 -8 -27 -19
right_child=1 4 5 6 -6 21 8 10 20 -11 -12 12 -14 -15 16 -17 19 29 -20 -21 -22 -23 -24 -25 -26 28 -28 -29 -30 -31
leaf_value=-0.016949528822011849 -0.019910152593538406 0.040265678089132888 -0.018409294910932815 4.544735559488977e-05 0.79054150211164176 0.034914538753429002 0.00040498704383812089 -0.00027354238119884136 -0.00012757247123257543 0.068293029247265893 -0.016522751592235013 -0.0034593304214003595 0.00026530139430388291 -0.0055297941230853806 1.7524989428423511e-05 -0.0008061282652712798 2.3016519701597459e-05 0.019666351583044205 -0.039193344600726404 0.011923436639508954 0.028191875796160774 0.0075094671548382765 -5.477649590007516e-05 -0.016664159089460569 -0.017769797504615433 -0.016769303617519823 -0.025538268527998297 0.06153621446540708 0.0013622405854111718 -0.005912234271982229
leaf_weight=42898 8720 41248 30761 827 25728 3895 9518 66702 49930 2506 5027 1160 2692 8777 2667 9050 711 44974 12236 1439 27590 14367 4360 41778 12099 2292 2851 1891 2904 1762
leaf_count=42898 8720 41248 30761 827 25728 3895 9518 66702 49930 2506 5027 1160 2692 8777 2667 9050 711 44974 12236 1439 27590 14367 4360 41778 12099 2292 2851 1891 2904 1762
internal_value=-0.0051708 0.00526011 -0.0256281 -0.000194804 0.0248139 -0.0166968 0.00114992 -0.00241522 0.00716931 -0.0288331 0.00147453 -0.0169593 0.0157009 -0.0214796 -0.0131878 -0.0327427 0.00785878 0.00279836 -0.0231361 -0.00487865 0.00372755 -0.00647541 -0.0166042 -0.0339137 -0.0153157 -0.018165 0.0170516 0.0305548 0.000908391 0.00953612
internal_weight=483360 320130 163230 250303 69827 78554 239077 150148 88929 11226 118465 31683 3852 27831 19054 9877 9177 113438 48193 6510 77520 30361 5071 84676 15994 35957 44099 11409 5196 46736
internal_count=483360 320130 163230 250303 69827 78554 239077 150148 88929 11226 118465 31683 3852 27831 19054 9877 9177 113438 48193 6510 77520 30361 5071 84676 15994 35957 44099 11409 5196 46736
is_linear=0
shrinkage=0.08


Tree=18
num_leaves=31
num_cat=0
split_feature=21 7 7 33 7 13 5 0 6 7 17 7 2 8 8 15 21 23 8 15 25 31 33 8 0 8 5 5 5 21
split_gain=15590.2 4818.24 1806.79 1515.78 1224.84 825.885 739.049 696.776 1147.07 946.939 1182.01 1172.53 819.457 669.829 584.345 548.227 453.481 385.731 374.627 351.029 347.603 283.016 281.065 254.427 249.487 517.694 343.327 832.56 356.784 278.203
threshold=0.2212416666666667 3.1944631944444448 0.38144902777777784 -4.2133166666666657 10.36464277777778 0.49508333333333338 2.2093855555555559 0.16293756999353057 0.047364393353650142 2.7561545833333336 2.9005666666666667 1.1851958333333334 1.0000000180025095e-35 0.22010326211700934 1.8586026220230107 4.2140250000000004 1.5603666666666667 0.76011666666666677 0.053743978479683686 0.76030833333333347 0.078716666666666685 0.73840833333333344 0.18991666666666671 7.0131468856249501 0.13842773437500003 0.047238941314250667 0.94773722222222212 0.96674166666666672 0.97198388888888909 0.93962500000000004
decision_type=2 2 2 2 2 2 2 2 2 2 2 2 2 2 2 2 2 2 2 2 2 2 2 2 2 2 2 2 2 2
left_child=2 3 18 6 23 15 -2 9 21 11 -11 14 -12 -13 24 19 22 20 -1 -4 -7 -9 -10 -3 25 -5 29 -28 -29 -26
right_child=1 4 5 7 -6 17 -8 8 16 10 12 13 -14 -15 -16 -17 -18 -19 -20 -21 -22 -23 -24 -25 26 -27 27 28 -30 -31
leaf_value=-0.015593566516250901 -0.018317340386055335 0.040034542010479499 -0.016936551318058189 -0.00056716934654214238 0.77824495965620255 0.037603899423450722 0.079249030728446801 0.00037258808033107548 -0.0005458648538201505 -0.0050874105932385665 -0.0031825839876883323 0.022068737369066602 0.00024407728275956941 0.010416462995814816 -0.015200931464856212 -0.036057877032668273 0.047797599518994288 0.010127826851479433 -0.01548314597452694 0.0010357032548866129 -0.016348213704246196 -0.010328342854476027 0.0012256192083255168 -0.020848200984807014 4.1811567147300725e-05 -0.0037041748492265291 -0.00083896479970213989 4.5520597931947296e-06 -8.2372029481803111e-06 0.00038075508158148531
leaf_weight=42866 8990 45012 30147 3548 21825 3789 2282 8640 34419 10091 1507 6062 3269 49330 3450 12237 31801 13499 40639 5171 10602 1406 14138 3042 17082 26438 5788 2636 16946 6708
leaf_count=42866 8990 45012 30147 3548 21825 3789 2282 8640 34419 10091 1507 6062 3269 49330 3450 12237 31801 13499 40639 5171 10602 1406 14138 3042 17082 26438 5788 2636 16946 6708
internal_value=-0.00518305 0.00487383 -0.0257087 -0.000234628 0.0234812 -0.0167354 -0.0289141 0.00109431 0.00666165 -0.00219842 -0.0213816 -0.000131606 0.011407 0.00887348 -0.00617076 -0.0231454 0.00347545 -0.00580567 -0.0338159 -0.0180894 -0.0149177 0.0321481 -0.00138806 0.0163433 -0.00476588 -0.0105169 -0.00125793 -0.00773197 0.000147074 0.00564607
internal_weight=483360 324410 158950 254531 69879 75445 11272 243259 90404 152855 14867 137988 4776 55392 82596 47555 80358 27890 83505 35318 14391 10046 48557 48054 79146 29986 49160 25370 19582 23790
internal_count=483360 324410 158950 254531 69879 75445 11272 243259 90404 152855 14867 137988 4776 55392 82596 47555 80358 27890 83505 35318 14391 10046 48557 48054 79146 29986 49160 25370 19582 23790
is_linear=0
shrinkage=0.08


Tree=19
num_leaves=31
num_cat=0
split_feature=21 7 13 0 21 21 39 6 2 8 8 13 2 6 7 0 8 19 6 15 5 19 21 5 5 31 5 5 8 2
split_gain=15380.5 4320.72 1759.44 1673.75 2199.18 942.088 840.918 1204.09 1030.47 728.77 695.756 796.233 772.094 635.166 577.049 510.286 453.437 446.193 417.843 330.17 593.139 384.64 305.644 305.395 274.998 481.611 273.654 545.626 264.695 251.89
threshold=0.2212416666666667 7.6895138888888894 0.16295833333333334 0.13842773437500003 3.0300583333333333 1.7957500000000002 22.00053896336021 0.0029327786267253843 1.0000000180025095e-35 0.053743978479683686 0.21827980938335542 0.72325000000000017 2.5000000000000004 0.047364393353650142 1.1542409722222227 0.15695612468103057 0.22010326211700934 0.0026166666666666669 0.12518925300588737 4.2140250000000004 0.66786277777777781 0.98289166666666683 0.44736666666666675 1.1997850000000001 0.94773722222222212 0.93962500000000004 0.95840777777777775 0.97198388888888909 0.044602348909807014 1.5000000000000002
decision_type=2 2 2 2 2 2 2 2 2 2 2 2 2 2 2 2 2 2 2 2 2 2 2 2 2 2 2 2 2 2
left_child=2 3 9 4 6 10 7 8 -2 -1 11 13 29 -5 15 -4 23 -6 -19 20 -11 -22 -12 -9 25 -14 -26 -28 -8 -13
right_child=1 -3 14 5 17 -7 28 16 -10 19 22 12 24 -15 -16 -17 -18 18 -20 -21 21 -23 -24 -25 26 -27 27 -29 -30 -31
leaf_value=-0.014346081194950828 0.00012912268821732909 0.67379857967705004 -0.0011680931902084701 0.00034278103390459339 -0.016851953155170907 0.040676418179229047 0.00022455110013879675 4.4674997235190082e-05 -0.0046322649460600121 -0.014428494300647703 -0.0083271646550847952 4.1878950097373745e-06 -0.0012494292748432211 0.00067996454146919568 0.0091349434615397834 -0.013703968143518808 -0.0018508103839560341 -0.0029279772686732742 0.00081495283543167043 -0.033173246870054809 -0.019169055070967597 0.011426785416144992 -0.00014219741336807701 0.020303238379541268 -0.00086385378210954047 2.7932273678707988e-05 1.5758825490692631e-05 -0.00013887223539280847 0.047268159647805667 0.00010624090380685126
leaf_weight=42655 1430 24938 8089 8707 12578 78273 2690 3469 12577 46855 13058 9268 2902 13038 14875 21627 49996 2781 4728 12172 9086 3591 51545 4670 3951 2078 1226 3882 12443 4182
leaf_count=42655 1430 24938 8089 8707 12578 78273 2690 3469 12577 46855 13058 9268 2902 13038 14875 21627 49996 2781 4728 12172 9086 3591 51545 4670 3951 2078 1226 3882 12443 4182
internal_value=-0.00507547 0.00491354 -0.0254626 0.00224929 -0.00575101 0.00672032 -0.000258035 -0.00385462 -0.0249104 -0.0307184 0.0020749 0.00923914 0.000190622 0.0206779 -0.0119836 -0.0184224 0.00121854 -0.0296172 -0.0141856 -0.0257927 -0.023338 -0.00798612 -0.00338498 0.0187296 -0.0129325 0.00216867 -0.0212341 -0.00900548 0.0168876 0.0138885
internal_weight=483360 324410 158950 299472 107362 192110 87275 72142 14007 114359 113837 49234 27489 21745 44591 29716 58135 20087 7509 71704 59532 12677 64603 8139 14039 4980 9059 5108 15133 13450
internal_count=483360 324410 158950 299472 107362 192110 87275 72142 14007 114359 113837 49234 27489 21745 44591 29716 58135 20087 7509 71704 59532 12677 64603 8139 14039 4980 9059 5108 15133 13450
is_linear=0
shrinkage=0.08


Tree=20
num_leaves=31
num_cat=0
split_feature=21 39 13 27 21 21 8 0 7 0 5 8 19 39 5 5 2 39 21 39 21 6 8 8 15 5 19 33 31 25
split_gain=15263.3 4155.46 1772.19 1683.34 1347.85 776.33 755.614 557.513 539.851 485.49 432.565 695.554 652.211 1331.99 931.802 608.519 981.871 776.937 586.229 516.83 1447.34 888.879 458.371 405.455 344.769 566.51 377.381 270.424 246.794 246.374
threshold=0.2212416666666667 61.520487600633984 0.16295833333333334 0.0086166666666666683 4.1700000000000008 3.2551583333333336 0.053743978479683686 0.13387044270833334 1.1542409722222227 0.15695612468103057 2.7563805555555558 0.21827980938335542 0.98918333333333341 6.3483714227597163 0.92026888888888891 2.900190555555556 1.0000000180025095e-35 22.979678365988566 1.6907333333333336 6.1885446897943428 0.9448333333333333 0.047364393353650142 0.34119780879711209 0.044602348909807014 4.2140250000000004 0.66786277777777781 0.98289166666666683 0.18991666666666671 0.73840833333333344 4.919408333333334
decision_type=2 2 2 2 2 2 2 2 2 2 2 2 2 2 2 2 2 2 2 2 2 2 2 2 2 2 2 2 2 2
left_child=2 3 6 4 -2 10 -1 -6 9 29 11 12 13 19 -15 16 -12 23 -13 20 21 -5 -18 -17 25 -8 -27 28 -23 -4
right_child=1 -3 8 5 7 -7 24 -9 -10 -11 15 18 -14 14 -16 17 22 -19 -20 -21 -22 27 -24 -25 -26 26 -28 -29 -30 -31
leaf_value=-0.013198394699354764 3.1206049425520635e-05 0.64611280421577677 0.0020382858934453177 0.00031109181230061901 -0.015503796902757234 0.040012545527722168 -0.013274214756595886 0.029243604427476769 0.0084041479846166042 -0.012607650692037302 0.00011879287315995413 -0.0012115624674098769 0.013756036653491304 0.00022253312462785501 -0.00039309849324351557 0.00020658701212770581 -0.0053005134299774779 -0.0026937390871794166 0.025991175677696498 1.4498119451440417e-05 -0.00079474547954077939 0.00027653009585869802 0.026188912090435394 0.015504038151717997 -0.030519387120450433 -0.017635530665290191 0.010512642582853395 0.0010731725083419352 -0.00096593244317700667 -0.014946909152689826
leaf_weight=42655 17107 23331 6850 10656 12117 58309 46855 2070 14875 21627 1660 91182 9820 2821 7401 2724 7905 4037 30999 7778 4572 11842 1613 10464 12172 9086 3591 3691 2311 1239
leaf_count=42655 17107 23331 6850 10656 12117 58309 46855 2070 14875 21627 1660 91182 9820 2821 7401 2724 7905 4037 30999 7778 4572 11842 1613 10464 12172 9086 3591 3691 2311 1239
internal_value=-0.00494191 0.00500897 -0.0252512 0.00248852 -0.0150751 0.00452583 -0.030526 -0.0333065 -0.0117234 -0.0179513 0.00227241 0.00369754 0.0106825 0.00705201 -0.0187752 -0.00691335 -0.0214493 0.00251959 0.0002164 0.0135148 0.00915094 0.015854 -0.0313511 0.0119199 -0.0255104 -0.0230021 -0.00799874 0.00493611 -9.32664e-05 -0.0012313
internal_weight=483360 324410 158950 301079 31294 269785 114359 14187 44591 29716 211476 183073 60892 51072 10222 28403 11178 17225 122181 40850 33072 28500 9518 13188 71704 59532 12677 17844 14153 8089
internal_count=483360 324410 158950 301079 31294 269785 114359 14187 44591 29716 211476 183073 60892 51072 10222 28403 11178 17225 122181 40850 33072 28500 9518 13188 71704 59532 12677 17844 14153 8089
is_linear=0
shrinkage=0.08


Tree=21
num_leaves=31
num_cat=0
split_feature=21 5 13 27 21 0 6 13 8 0 23 21 21 21 21 5 5 8 6 21 5 8 0 15 31 8 8 7 31 8
split_gain=14767.9 4135.73 1921.45 1617.39 1349.64 690.536 948.702 715.614 686.978 546.569 523.092 453.448 833.067 1025.41 755.906 536.315 1211.81 607.479 426.069 373.027 356.904 739.516 337.889 327.213 431.546 298.392 275.436 268.037 257.436 249.535
threshold=0.2212416666666667 9.0729455555555578 0.11631666666666669 0.0086166666666666683 4.1700000000000008 0.16293756999353057 0.047364393353650142 2.0022500000000005 0.028112341566782838 0.13387044270833334 1.0134416666666668 0.95830000000000004 0.98294166666666671 1.0235500000000004 0.9448333333333333 2.8321316666666667 2.900190555555556 0.22010326211700934 0.015593873359315467 0.93962500000000004 3.0296544444444446 0.42521669621620012 0.15695612468103057 4.155333333333334 0.15594166666666667 0.12032152615679516 0.044602348909807014 1.1542409722222227 0.73840833333333344 3.0153434450638485
decision_type=2 2 2 2 2 2 2 2 2 2 2 2 2 2 2 2 2 2 2 2 2 2 2 2 2 2 2 2 2 2
left_child=2 3 8 4 -2 11 28 -8 -1 -6 22 14 25 18 19 17 -17 -15 -14 -5 26 -22 -4 24 -10 -13 -18 -24 -7 -3
right_child=1 29 10 5 9 6 7 -9 23 -11 -12 12 13 15 -16 16 20 -19 -20 -21 21 -23 27 -25 -26 -27 -28 -29 -30 -31
leaf_value=-0.012142523123406381 -1.8169754338468458e-05 0.60910049050235826 -0.00081552920735008302 -0.00011976672367448593 -0.014263493150536655 0.00029047120620817601 1.5068252716297081e-05 0.040964710195720677 -0.012252014804529594 0.026904116073278618 0.0054684209752960998 7.9833603541690217e-06 -0.00050227038583604332 0.0076768224965106319 -0.0007581622062503968 -0.0056977957503546858 0.00019006005115748792 0.0061142330779619773 1.832804135752042e-05 8.1034680036395908e-07 -0.0024782399602050731 0.017393954311950212 -0.011599038636674316 -0.023564515227962844 -0.010454332554469649 6.6284059580032915e-05 -0.0078968448052653181 -0.015903657631747267 0.055128992786460884 0.065112383497573131
leaf_weight=40093 17197 21693 8657 45091 12119 8640 54165 48123 46244 2084 13580 5381 5306 11096 6453 5944 2697 48872 2660 1610 2831 14031 21299 12744 11616 3867 891 4717 1818 1841
leaf_count=40093 17197 21693 8657 45091 12119 8640 54165 48123 46244 2084 13580 5381 5306 11096 6453 5944 2697 48872 2660 1610 2831 14031 21299 12744 11616 3867 891 4717 1818 1841
internal_value=-0.00518206 0.00460602 -0.0251591 0.00207979 -0.0151032 0.004082 0.00885672 0.00651025 -0.0309663 -0.0333535 -0.0118368 0.000647228 0.00372982 0.00148333 -0.00535952 0.00401658 -0.0054861 0.00819904 -0.0259804 -0.00181324 0.0037555 -0.00111968 -0.0170496 -0.0262172 -0.0236613 0.0266436 0.0266667 -0.0216052 0.0318072 0.0369032
internal_weight=483360 324410 158950 300876 31400 269476 112746 102288 110697 14203 48253 156730 103576 94328 53154 86362 26394 59968 7966 46701 20450 16862 34673 70604 57860 9248 3588 26016 10458 23534
internal_count=483360 324410 158950 300876 31400 269476 112746 102288 110697 14203 48253 156730 103576 94328 53154 86362 26394 59968 7966 46701 20450 16862 34673 70604 57860 9248 3588 26016 10458 23534
is_linear=0
shrinkage=0.08


Tree=22
num_leaves=31
num_cat=0
split_feature=21 7 0 21 13 23 5 7 8 8 21 8 7 0 13 29 29 6 2 7 15 31 39 39 8 0 8 8 33 25
split_gain=13301.6 4368.77 1895.54 2525.41 1812.98 953.056 961.576 850.513 757.08 664.31 640.596 559.11 519.498 395.667 378.066 598.873 766.857 731.962 811.547 730.762 349.162 604.369 321.065 318.01 303.502 288.088 275.36 257.419 224.258 224.076
threshold=0.19001666666666669 13.7512925 0.13842773437500003 2.753833333333334 0.098683333333333359 2.9005666666666667 3.0296544444444446 1.1851958333333334 0.028112341566782838 0.22010326211700934 0.52293333333333347 0.057949776705634483 1.2969436111111114 0.15695612468103057 2.0973166666666669 0.98289166666666683 0.9920916666666667 0.066370561460421515 5.5000000000000009 0.92154138888888892 4.2140250000000004 0.13207500000000003 6.6952799108036629 1.9104832624864638 0.25344928680947792 0.13387044270833334 0.044602348909807014 0.22010326211700934 1.274991666666667 4.919408333333334
decision_type=2 2 2 2 2 2 2 2 2 2 2 2 2 2 2 2 2 2 2 2 2 2 2 2 2 2 2 2 2 2
left_child=4 2 3 7 8 25 26 11 -1 -9 24 -2 13 29 15 17 -17 18 22 -20 21 -10 27 -23 -4 -5 -7 -12 -11 -6
right_child=1 -3 10 5 12 6 -8 9 20 28 14 -13 -14 -15 -16 16 -18 -19 19 -21 -22 23 -24 -25 -26 -27 -28 -29 -30 -31
leaf_value=-0.01117112127353387 -0.00069474093423233191 0.57362043710201338 0.00096767852119552524 -0.010255317490990529 0.00045071909111131346 0.00017485524706490452 -0.0022799807633886717 0.01735641251635869 -0.011455330991341044 0.0012426278911526012 7.3887818044999774e-05 -0.0031271919661471337 0.0074769997096448652 -0.010671115545740371 0.03692360225608754 -0.00041557828309544574 0.0008757398534870298 0.00038581346400931696 0.00018190350025107271 -0.00057850669829392128 -0.026192674932577376 -0.0096179859501120783 -3.9783367488857028e-05 0.0013344764867045812 -0.0063128750603906394 -0.032786849692766386 -0.0030472938728128085 -0.0019567790610967163 0.041555595647696501 -0.013685914083886632
leaf_weight=40090 3653 20241 6506 23642 7201 2690 3824 5634 44299 29490 20296 26319 14727 24209 67948 5664 27294 48709 1347 2546 12159 8272 605 3577 17962 2118 1802 479 8812 1245
leaf_count=40090 3653 20241 6506 23642 7201 2690 3824 5634 44299 29490 20296 26319 14727 24209 67948 5664 27294 48709 1347 2546 12159 8272 605 3577 17962 2118 1802 479 8812 1245
internal_value=-0.00564978 0.00350191 0.00113099 -0.00740554 -0.0248945 -0.0254232 -0.0018759 0.000901662 -0.0306005 0.0079898 0.00575493 -0.00948886 -0.0118408 -0.0174662 0.00745117 0.00448625 -0.00448328 0.00848206 0.0195291 -0.0140663 -0.0254785 -0.0228168 0.0256464 -0.0067685 -0.00636914 -0.0330248 0.0232235 0.0273194 0.00421701 -0.00255742
internal_weight=483360 327581 307340 107984 155779 34076 8316 73908 108397 43936 199356 29972 47382 32655 174888 106940 32958 73982 25273 3893 68307 56148 21380 11849 24468 25760 4492 20775 38302 8446
internal_count=483360 327581 307340 107984 155779 34076 8316 73908 108397 43936 199356 29972 47382 32655 174888 106940 32958 73982 25273 3893 68307 56148 21380 11849 24468 25760 4492 20775 38302 8446
is_linear=0
shrinkage=0.08


Tree=23
num_leaves=31
num_cat=0
split_feature=21 7 13 33 5 5 5 6 8 23 6 5 39 7 21 5 39 8 5 8 15 31 2 39 39 7 39 0 7 29
split_gain=12918.3 4401.91 1860.22 1451.17 918.54 911.601 1011.09 1761.56 780.641 503.497 415.974 1092.82 637.8 1244.55 405.16 385.695 551.81 508.321 495.718 369.685 360.888 613.445 349.022 335.457 309.466 299.74 279.618 278.344 277.23 264.449
threshold=0.19001666666666669 13.7512925 0.098683333333333359 -4.2133166666666657 2.2093855555555559 1.1997850000000001 0.92026888888888891 0.047364393353650142 0.028112341566782838 1.0134416666666668 0.015593873359315467 2.8321316666666667 22.00053896336021 3.0295959722222228 4.9497583333333344 0.95840777777777775 6.3483714227597163 0.085677587752698278 1.0201388888888892 0.22010326211700934 4.2140250000000004 0.11945833333333333 2.5000000000000004 6.2691189035148129 1.9104832624864638 1.6039670833333335 1.0692942456129944 0.20662434895833337 2.7561545833333336 4.9816166666666684
decision_type=2 2 2 2 2 2 2 2 2 2 2 2 2 2 2 2 2 2 2 2 2 2 2 2 2 2 2 2 2 2
left_child=2 3 8 4 -2 6 7 -5 -1 26 11 22 -13 -14 27 17 23 -8 -18 -12 21 -10 -7 -17 -23 -21 29 -9 -24 -4
right_child=1 -3 9 5 -6 10 15 14 20 -11 19 12 13 -15 -16 16 18 -19 -20 25 -22 24 28 -25 -26 -27 -28 -29 -30 -31
leaf_value=-0.010277431571651161 -0.012301988299214479 0.52773080213385226 -0.010195070435990583 0.00025705574537632003 0.042444909596085732 0.00031797392919663992 -0.00043489936677784338 -1.3834051908903078e-05 -0.010538904512033761 0.0062346661893336285 0.015575837575869117 -0.0044215466910470626 0.00016086682729969938 -0.0020975823023175622 -0.0094348920917112881 -3.8566804190853785e-06 -0.00063916165949374105 -0.00045401288423263075 -0.00066589918321238175 -0.0011016381603102944 -0.024097260937971186 -0.0088485470741031108 0.0056741636954810741 1.322389343439312e-05 0.0011845823505499586 0.026007725989220135 -0.0064812392099407971 -0.026299802799309074 -0.0036313630764185944 0.11624217436688686
leaf_weight=40090 9033 20241 18436 10666 3471 4023 8108 82413 44016 13414 5468 5580 2798 2774 1916 10095 8529 4046 5789 25739 12159 8538 1208 4972 3594 105213 14598 4625 874 934
leaf_count=40090 9033 20241 18436 10666 3471 4023 8108 82413 44016 13414 5468 5580 2798 2774 1916 10095 8529 4046 5789 25739 12159 8538 1208 4972 3594 105213 14598 4625 874 934
internal_value=-0.00571648 0.00330239 -0.0246819 0.000922496 -0.025771 0.00205457 -0.00258687 0.00178518 -0.0304617 -0.0114592 0.00631793 -0.00538448 -0.0202798 -0.00113424 -0.00189851 -0.0130721 -0.00811434 -0.0250584 -0.0193602 0.00779827 -0.0252607 -0.0225547 0.0218247 0.00257251 -0.0066271 0.00694728 -0.0166415 -0.00109745 -0.00476465 -0.0229427
internal_weight=483360 327581 155779 307340 12504 294836 141159 99620 108397 47382 153677 17257 11152 5572 88954 41539 29385 12154 14318 136420 68307 56148 6105 15067 12132 130952 33968 87038 2082 19370
internal_count=483360 327581 155779 307340 12504 294836 141159 99620 108397 47382 153677 17257 11152 5572 88954 41539 29385 12154 14318 136420 68307 56148 6105 15067 12132 130952 33968 87038 2082 19370
is_linear=0
shrinkage=0.08


Tree=24
num_leaves=31
num_cat=0
split_feature=21 7 13 33 5 0 6 8 7 8 7 13 5 5 8 39 8 39 13 31 2 15 31 5 8 8 39 2 27 2
split_gain=12618.6 4386.69 1979.57 1480.26 889.439 728.074 1107.13 693.466 632.723 578.538 569.885 559.845 463.039 1236.93 773.872 449.07 363.004 609.49 394.467 754.972 493.116 346.426 540.525 302.23 754.311 329.763 296.371 295.71 283.79 418.128
threshold=0.17964166666666673 13.7512925 0.036966666666666675 -4.2133166666666657 2.2093855555555559 0.16293756999353057 0.047364393353650142 0.028112341566782838 1.1851958333333334 1.8586026220230107 0.83033055555555557 1.949225 2.8321316666666667 2.900190555555556 0.22010326211700934 0.59565871847669016 0.053743978479683686 6.1003935448365691 0.95830000000000004 0.98289166666666683 1.0000000180025095e-35 4.2140250000000004 0.13207500000000003 3.0296544444444446 0.42521669621620012 0.0088367937866199106 1.9104832624864638 1.0000000180025095e-35 0.97422500000000012 3.5000000000000004
decision_type=2 2 2 2 2 2 2 2 2 2 2 2 2 2 2 2 2 2 2 2 2 2 2 2 2 2 2 2 2 2
left_child=2 3 7 4 -2 8 -7 -1 9 16 15 -8 14 -14 -10 -4 17 -5 27 20 -20 22 -9 25 -25 -15 -24 -19 -22 -30
right_child=1 -3 10 5 -6 6 11 21 12 -11 -12 -13 13 23 -16 -17 -18 18 19 -21 28 -23 26 24 -26 -27 -28 -29 29 -31
leaf_value=-0.0094552370459190689 -0.011317829235277322 0.48551233796314408 -0.0087628933734944896 2.9626442954970857e-05 0.039049316828398871 0.00024075802463782381 -3.189821549833383e-05 -0.010024374353722968 0.0073936018526072726 -0.0086801007243743847 -0.0068614496331536583 0.03265302712043841 -0.0040678229557633118 0.0001479974811157092 0.0065145810399305582 -0.0041089398510454414 -0.00033119908768830975 0.00018783632747789271 -3.5481459855546404e-06 -0.0003777095595620228 5.7306641486487569e-06 -0.022169480062933504 -0.0086346083908085854 -0.001929775718132163 0.018777451919803383 -0.0076907388276343629 0.00088132926583256227 -0.00058944037947174623 1.2165981959642025e-05 -5.2359031836957117e-06
leaf_weight=40004 9072 20241 17671 1431 3473 10515 64439 37556 9736 3455 24478 49399 5957 2628 48215 12834 63885 376 1009 3520 2668 12147 6373 2831 16289 985 3296 7160 804 913
leaf_count=40004 9072 20241 17671 1431 3473 10515 64439 37556 9736 3455 24478 49399 5957 2628 48215 12834 63885 376 1009 3520 2668 12147 6373 2831 16289 985 3296 7160 804 913
internal_value=-0.00558093 0.00327282 -0.0244518 0.000907631 -0.0260088 0.00204757 0.00671025 -0.0311906 -0.00132618 -0.00622053 -0.0122722 0.0044161 0.00348796 -0.00482398 0.00760297 -0.0195679 -0.00486559 -0.014941 -0.0192973 -0.00790666 0.010901 -0.025705 -0.0226058 0.00367923 -0.000330544 0.024899 -0.00573793 -0.0327707 0.022504 -0.00286546
internal_weight=483360 329001 154359 308760 12545 296215 124353 99376 171862 85221 54983 113838 86641 28690 57951 30505 81766 17881 16450 8914 5394 59372 47225 22733 19120 3613 9669 7536 4385 1717
internal_count=483360 329001 154359 308760 12545 296215 124353 99376 171862 85221 54983 113838 86641 28690 57951 30505 81766 17881 16450 8914 5394 59372 47225 22733 19120 3613 9669 7536 4385 1717
is_linear=0
shrinkage=0.08


Tree=25
num_leaves=31
num_cat=0
split_feature=15 7 31 21 27 7 39 0 6 8 31 0 5 31 2 2 39 39 5 39 23 0 39 29 0 15 7 0 8 2
split_gain=11628.8 4521.2 2186.96 1510.71 1103.99 767.729 713.418 686.466 1053.81 707.661 1618.06 672.006 424.575 638.848 701.197 455.692 1234.29 592.634 530.616 417.506 385.771 364.839 503.946 345.738 388.554 341.271 320.495 302.345 299.838 264.541
threshold=0.098683333333333359 13.7512925 0.098683333333333359 0.27515833333333339 4.2148916666666674 0.022204166666666667 0.012706458191018757 0.16293756999353057 0.066370561460421515 0.053743978479683686 0.94470833333333337 0.15695612468103057 0.95840777777777775 0.97427500000000011 1.0000000180025095e-35 4.5000000000000009 22.00053896336021 20.897873551139025 1.107218888888889 38.191846032040722 2.5012500000000002 0.16293756999353057 1.204378831938292 4.9816166666666684 0.13387044270833334 1.8214083333333335 1.2574106944444445 0.13387044270833334 0.22010326211700934 1.5000000000000002
decision_type=2 2 2 2 2 2 2 2 2 2 2 2 2 2 2 2 2 2 2 2 2 2 2 2 2 2 2 2 2 2
left_child=2 3 5 4 11 -1 26 9 -9 10 -5 -2 -12 14 -14 17 -17 18 29 28 23 -13 -23 24 -7 -10 -4 -6 -11 -15
right_child=1 -3 6 7 27 20 -8 8 25 19 12 21 13 15 -16 16 -18 -19 -20 -21 -22 22 -24 -25 -26 -27 -28 -29 -30 -31
leaf_value=-0.0086988180822455425 0.001272680690045718 0.44667135092609256 -0.0086891957381450974 2.734106865803554e-05 -0.022421258877137119 -0.010412402896455135 0.00023433137113309854 0.00022256645157548327 -2.9346358258468542e-05 0.00032128649596394613 -0.00055998277531180921 -0.0089007985380922926 -3.2642943067084928e-06 -0.00055781196196926788 5.27221101675579e-06 -0.0045333510571030191 0.000136157682626461 -0.0017753936606816013 0.0068021137043986889 0.037147439652913512 -0.019637005415911239 -0.0067416647852492515 0.0067725487915795204 -0.0034067223251578295 -0.008966156983372265 0.0249378666608105 -0.016114509717526745 0.003369324480066398 -0.0012543611180866022 -4.8170309290007654e-06
leaf_weight=41602 14895 20241 11039 4147 9367 16169 23178 11957 40784 18084 4712 6379 1010 2241 2672 2666 2692 8690 1352 16202 6765 15476 10207 3714 35607 54900 3921 1355 88486 2850
leaf_count=41602 14895 20241 11039 4147 9367 16169 23178 11957 40784 18084 4712 6379 1010 2241 2672 2666 2692 8690 1352 16202 6765 15476 10207 3714 35607 54900 3921 1355 88486 2850
internal_value=-0.0053858 0.00261714 -0.0246254 0.000305676 -0.0114211 -0.0306417 -0.00824165 0.00287316 0.00778625 -0.000521168 -0.0109155 -0.00613242 -0.0176244 -0.0133422 0.0173384 -0.0188551 0.00119448 -0.0259539 -0.0075679 0.00227544 -0.025019 -0.0126555 -0.00840245 -0.0272179 -0.0289091 0.00498809 -0.021861 -0.0345831 0.000456414 -0.0193989
internal_weight=483360 341365 141995 321124 57679 103857 38138 263445 107641 155804 33032 46957 28885 24173 3682 20491 5358 15133 6443 122772 62255 32062 25683 55490 51776 95684 14960 10722 106570 5091
internal_count=483360 341365 141995 321124 57679 103857 38138 263445 107641 155804 33032 46957 28885 24173 3682 20491 5358 15133 6443 122772 62255 32062 25683 55490 51776 95684 14960 10722 106570 5091
is_linear=0
shrinkage=0.08


Tree=26
num_leaves=31
num_cat=0
split_feature=15 7 23 21 39 31 0 8 0 6 39 39 13 0 39 29 0 39 39 39 39 6 21 31 2 8 8 15 7 15
split_gain=11940.8 4389.82 2194.56 1282.47 1259.33 777.907 761.628 640.765 575.533 1059.5 608.502 1929.06 476.853 456.792 535.008 377.793 495.864 392.89 363.671 353.391 319.138 407.507 299.842 261.696 260.543 487.888 394.809 256.97 256.069 255.017
threshold=0.098683333333333359 13.7512925 0.0086166666666666683 0.44736666666666675 33.498457628563202 0.17805000000000001 0.15695612468103057 0.047238941314250667 0.15695612468103057 0.066370561460421515 22.00053896336021 20.897873551139025 0.68025833333333352 0.16293756999353057 1.4593709100646499 4.528925000000001 0.13387044270833334 1.0017586955785791 6.2691189035148129 6.2903992149397903 6.1003935448365691 0.0029327786267253843 1.5603666666666667 0.73840833333333344 1.5000000000000002 0.044602348909807014 0.45313112767645908 4.155333333333334 0.83704472222222226 4.2856250000000014
decision_type=2 2 2 2 2 2 2 2 2 2 2 2 2 2 2 2 2 2 2 2 2 2 2 2 2 2 2 2 2 2
left_child=2 3 7 4 6 12 27 -1 10 23 11 18 -4 -8 -15 16 -9 -18 20 -20 21 -5 -11 -10 26 -26 -12 -2 -29 -30
right_child=1 -3 5 8 -6 -7 13 15 9 22 24 -13 -14 14 -16 -17 17 -19 19 -21 -22 -23 -24 -25 25 -27 -28 28 29 -31
leaf_value=-0.0080029126356658993 0.00078741391552381804 0.41093764285200524 -0.0079533350444682457 2.506904202593141e-05 -0.021047556335911467 0.00081481048587864983 -0.0083971491646692292 -0.0095794106647387241 0.00020476113544944498 -1.0995994568494538e-05 -0.001633362167827066 -0.0027790422316723352 0.0061023754197801969 -0.0062143990199167486 0.0032469497141057271 -0.0031341845391452028 -0.0085864806688562469 -0.0072747768304195406 6.1458405467265117e-05 2.5153783165396959e-05 -0.00030815356505293324 -0.0037180741991352574 0.023953799725794235 0.048725771647531321 0.00012526506801634695 0.031715008182115839 0.024173502810663994 0.0011708662348420605 0.00070900846936226001 -0.0010276686388748079
leaf_weight=39983 19716 20241 21727 1396 9439 20479 9058 18996 9469 40963 1800 10679 5240 18062 12902 4095 25700 5775 2931 60932 7527 18129 60146 2442 3999 19636 7566 2832 579 921
leaf_count=39983 19716 20241 21727 1396 9439 20479 9058 18996 9469 40963 1800 10679 5240 18062 12902 4095 25700 5775 2931 60932 7527 18129 60146 2442 3999 19636 7566 2832 579 921
internal_value=-0.00503476 0.00307483 -0.0245307 0.0007972 -0.00848168 -0.0104911 -0.00446262 -0.031576 0.0035518 0.00776075 1.75341e-05 -0.00304821 -0.0194178 -0.0112238 -0.00660121 -0.0259385 -0.0278346 -0.0216743 0.000729913 0.00402299 -0.00704421 -0.00164917 0.00510222 0.0303283 0.00945547 0.0139302 -0.00183643 0.00678975 0.0244321 -0.00229333
internal_weight=483360 341365 141995 321124 73509 47446 64070 94549 247615 113020 134595 101594 26967 40022 30964 54566 50471 31475 90915 63863 27052 19525 101109 11911 33001 23635 9366 24048 4332 1500
internal_count=483360 341365 141995 321124 73509 47446 64070 94549 247615 113020 134595 101594 26967 40022 30964 54566 50471 31475 90915 63863 27052 19525 101109 11911 33001 23635 9366 24048 4332 1500
is_linear=0
shrinkage=0.08


Tree=27
num_leaves=31
num_cat=0
split_feature=15 7 23 21 39 31 0 8 0 13 39 29 0 39 7 5 6 5 21 21 8 21 39 39 39 15 7 15 21 21
split_gain=12322.3 4248.36 2214.9 1318.6 1299.45 715.425 655.873 641.404 451.142 443.041 415.126 378.396 493.234 397.55 316.708 582.588 1378.21 1271.92 318.635 1028.94 555.155 408.346 278.444 272.273 299.781 260.835 256.069 255.017 241.682 418.749
threshold=0.083850000000000022 13.7512925 0.0086166666666666683 0.44736666666666675 33.498457628563202 0.17805000000000001 0.15695612468103057 0.028112341566782838 0.16293756999353057 0.68025833333333352 0.51257086879581482 4.528925000000001 0.13387044270833334 1.0017586955785791 0.69254805555555576 0.94773722222222212 0.066370561460421515 0.95840777777777775 2.9781583333333339 2.8325750000000007 0.32160601382235582 2.7780833333333335 8.6539095385009421 6.3483714227597163 6.3662618172144496 4.155333333333334 0.83704472222222226 4.2856250000000014 3.0300583333333333 3.0399916666666669
decision_type=2 2 2 2 2 2 2 2 2 2 2 2 2 2 2 2 2 2 2 2 2 2 2 2 2 2 2 2 2 2
left_child=2 3 7 4 6 9 25 -1 -8 -4 -10 12 -9 -14 -5 16 -16 -17 19 21 -21 22 23 -19 -25 -2 -27 -28 -20 -30
right_child=1 -3 5 14 -6 -7 8 11 10 -11 -12 -13 13 -15 15 17 -18 18 28 20 -22 -23 -24 24 -26 26 27 -29 29 -31
leaf_value=-0.0073626796248126283 0.00072442080228191325 0.37806263142384483 -0.007366645832108441 -0.0009138424154421632 -0.01936375182903852 0.00087497540316817891 -0.0077219082850153243 -0.0088130578115596277 -0.0062819893461150021 0.0061386601296357091 0.00020290374356479347 -0.0028834497760135865 -0.0078630032624313409 -0.0068292812903804961 0.00013397693955978342 -0.00051719645594009659 0.00038112804834064209 9.5657632239642963e-06 0.00011524386257505626 -0.0033780422479139463 0.019905383429344229 6.299785170956085e-05 0.011402570449382719 -0.00030488014049274704 -0.00051519930766495746 0.0010771969360546957 0.0006522877918132508 -0.00094545514776482337 -0.0015026931944008837 0.02186550445892415
leaf_weight=39616 19737 20241 19890 30046 9441 19227 9084 18998 13157 5120 20260 4095 25844 5719 14959 6242 28578 22277 3494 5750 2372 3630 50852 2370 10304 2832 579 921 1692 66033
leaf_count=39616 19737 20241 19890 30046 9441 19227 9084 18998 13157 5120 20260 4095 25844 5719 14959 6242 28578 22277 3494 5750 2372 3630 50852 2370 10304 2832 579 921 1692 66033
internal_value=-0.00449206 0.00360306 -0.0246468 0.00138579 -0.00783518 -0.00987861 -0.00389605 -0.0315767 -0.00987177 -0.0187989 -0.00557441 -0.0259587 -0.0278531 -0.0217229 0.00420517 0.00526389 0.0135453 0.00320382 0.00451539 0.00154538 -0.0257178 0.00402133 0.00290946 -0.00258762 -0.0119489 0.00665586 0.0244321 -0.00229333 0.00858366 0.00752514
internal_weight=483360 344851 138509 324610 76011 44237 66570 94272 42501 25010 33417 54656 50561 31563 248599 218553 43537 175016 168774 97555 8122 89433 85803 34951 12674 24069 4332 1500 71219 67725
internal_count=483360 344851 138509 324610 76011 44237 66570 94272 42501 25010 33417 54656 50561 31563 248599 218553 43537 175016 168774 97555 8122 89433 85803 34951 12674 24069 4332 1500 71219 67725
is_linear=0
shrinkage=0.08


Tree=28
num_leaves=31
num_cat=0
split_feature=15 7 23 33 0 39 31 29 13 21 0 0 6 39 7 7 7 7 6 0 39 15 0 31 39 39 6 39 21 0
split_gain=11951.5 4316.88 2233.49 1258.42 675.087 674.762 616.066 571.665 456.888 445.799 596.372 403.866 1114.41 481.757 527.78 748.268 761.992 608.626 412.112 399.416 384.472 356.368 314.309 268.723 256.811 533.091 404.685 232.304 230.525 218.092
threshold=0.083850000000000022 13.7512925 0.021408333333333335 4.2577166666666679 0.12923177083333334 0.2295029636926629 0.083850000000000022 4.528925000000001 0.76030833333333347 0.47705000000000009 0.15695612468103057 0.15695612468103057 0.066370561460421515 38.191846032040722 2.8321048611111119 2.9423366666666668 3.0295959722222228 2.7981952777777783 0.23536786690039271 0.16293756999353057 0.51257086879581482 4.9139250000000017 0.10957845052083336 0.73840833333333344 6.1885446897943428 6.1003935448365691 0.030878861482017638 17.298764843334926 1.5603666666666667 0.19120279947916669
decision_type=2 2 2 2 2 2 2 2 2 2 2 2 2 2 2 2 2 2 2 2 2 2 2 2 2 2 2 2 2 2
left_child=2 3 5 9 -5 7 8 -1 -4 10 21 13 23 14 17 -16 -17 24 -18 -12 -21 -2 -7 -13 25 26 -11 -25 -14 -22
right_child=1 -3 6 4 -6 22 -8 -9 -10 11 19 12 28 -15 15 16 18 -19 -20 20 29 -23 -24 27 -26 -27 -28 -29 -30 -31
leaf_value=-0.0067736652548276181 0.0006001047684681993 0.34781762090993723 -0.007843533387119633 -0.017394653513770137 0.008537506471576287 -0.015544990090864678 8.0401990318712538e-05 -0.0026527737939324994 0.0086944018614018501 1.2345363499077778e-05 -0.0068289164418216088 0.0001776620894487113 -4.0606558870273089e-05 0.0312469403925725 -0.0031077988680808136 0.00010602435356904749 -0.0016526485641923828 5.7958023572801666e-05 -0.0058506275185200001 -0.0057829704252391314 0.00092654746747468321 0.00099102118117031998 -0.0041823072789506366 -0.017813915921061067 2.0883873384152096e-05 -0.00043145852540962262 -0.003692753912329838 0.051219873466051204 0.020386054288340106 -0.0064919147156382142
leaf_weight=82016 23347 20241 16641 7427 3943 2276 21379 3769 4699 1415 9818 9467 40583 15867 6143 3054 2837 2809 6847 13200 10916 3692 7729 535 72066 4337 16981 1907 57918 9501
leaf_count=82016 23347 20241 16641 7427 3943 2276 21379 3769 4699 1415 9818 9467 40583 15867 6143 3054 2837 2809 6847 13200 10916 3692 7729 535 72066 4337 16981 1907 57918 9501
internal_value=-0.00475372 0.00321867 -0.0246029 0.00098358 -0.0251609 -0.031387 -0.00939067 -0.03368 -0.0190066 0.00193258 -0.00366887 0.00355865 0.00713124 0.00057844 -0.00120286 -0.0134463 -0.00238656 0.00116548 -0.0133746 -0.00947531 -0.00532945 0.00565849 -0.0117261 0.030246 7.80599e-05 -0.00733559 -0.00138726 0.00658477 0.00433661 0.00154969
internal_weight=483360 344851 138509 324610 11370 95790 42719 85785 21340 313240 70474 242766 110410 132356 116489 18881 12738 97608 9684 43435 33617 27039 10005 11909 94799 22733 18396 2442 98501 20417
internal_count=483360 344851 138509 324610 11370 95790 42719 85785 21340 313240 70474 242766 110410 132356 116489 18881 12738 97608 9684 43435 33617 27039 10005 11909 94799 22733 18396 2442 98501 20417
is_linear=0
shrinkage=0.08


Tree=29
num_leaves=31
num_cat=0
split_feature=15 7 23 33 0 31 8 21 0 13 29 0 39 0 6 39 7 7 7 7 6 0 39 31 39 39 6 39 19 15
split_gain=11864.4 4395.78 2003.7 1222.9 673.535 643.787 612.423 527.392 504.815 476.748 385.164 470.261 358.769 341.312 1165.73 448.345 523.294 756.308 754.047 606.618 419.85 338.139 407.628 268.723 242.884 544.416 398.231 232.304 214.205 271.45
threshold=0.02211666666666667 13.7512925 0.0086166666666666683 4.2577166666666679 0.12923177083333334 0.13207500000000003 0.028112341566782838 0.47705000000000009 0.15695612468103057 0.62302500000000005 4.528925000000001 0.13387044270833334 1.0017586955785791 0.15695612468103057 0.066370561460421515 38.191846032040722 2.8321048611111119 2.9423366666666668 3.0295959722222228 2.7981952777777783 0.23536786690039271 0.16293756999353057 0.41728229778635911 0.73840833333333344 6.1885446897943428 6.1003935448365691 0.030878861482017638 17.298764843334926 4.2390083333333344 4.0794083333333342
decision_type=2 2 2 2 2 2 2 2 2 2 2 2 2 2 2 2 2 2 2 2 2 2 2 2 2 2 2 2 2 2
left_child=2 3 6 7 -5 9 -1 8 28 -4 11 -8 -13 15 23 16 19 -18 -19 24 -20 -10 -23 -15 25 26 -9 -25 29 -2
right_child=1 -3 5 4 -6 -7 10 13 21 -11 -12 12 -14 14 -16 -17 17 18 20 -21 -22 22 -24 27 -26 -27 -28 -29 -30 -31
leaf_value=-0.0062317720344414089 0.00061045875680072249 0.31999221123714222 -0.0072754158655859557 -0.016003081232668491 0.0078497248055209561 0.00094121488942360725 -0.0075661199662486476 1.1357734419155107e-05 -0.0062659226419113766 0.0081748503075824708 -0.0024405518904178991 -0.0066920697810506245 -0.0064904258124881924 0.00016344912229281582 0.0014971568300659844 0.028747185161166693 -0.0028591749586343342 9.7542405283519427e-05 -0.001520436679056978 5.3321381686970428e-05 -0.0053825773170384037 -0.0054487608826292843 6.5249649225159742e-05 -0.016388802647376181 1.9213163513418507e-05 -0.00039694184337685457 -0.0034111544308442631 0.047122283588767112 -0.019774662627669456 0.00055209638699075473
leaf_weight=39562 21857 20241 14317 7427 3978 15980 18990 1415 9895 4509 4089 24760 5290 9467 101211 15867 6143 3054 2837 2809 6847 15635 26120 535 72067 4337 16986 1907 873 4355
leaf_count=39562 21857 20241 14317 7427 3978 15980 18990 1415 9895 4509 4089 24760 5290 9467 101211 15867 6143 3054 2837 2809 6847 15635 26120 535 72067 4337 16986 1907 873 4355
internal_value=-0.00470771 0.00279445 -0.0256473 0.000610925 -0.0251363 -0.00928116 -0.0317929 0.00151664 -0.00418061 -0.0193052 -0.0261816 -0.0281485 -0.0219208 0.00334395 0.00657072 0.000586271 -0.00113207 -0.0133234 -0.00220443 0.00122605 -0.0131351 -0.00881936 -0.0056683 0.030246 0.000140499 -0.00706834 -0.00105864 0.00658477 0.00466531 0.00596368
internal_weight=483360 355863 127497 335622 11405 34806 92691 324217 78735 18826 53129 49040 30050 245482 113120 132362 116495 18881 12738 97614 9684 51650 41755 11909 94805 22738 18401 2442 27085 26212
internal_count=483360 355863 127497 335622 11405 34806 92691 324217 78735 18826 53129 49040 30050 245482 113120 132362 116495 18881 12738 97614 9684 51650 41755 11909 94805 22738 18401 2442 27085 26212
is_linear=0
shrinkage=0.08


Tree=30
num_leaves=31
num_cat=0
split_feature=15 7 23 21 27 39 29 13 0 0 0 0 0 0 6 39 7 7 7 7 6 31 15 21 39 39 39 6 0 5
split_gain=11699.2 4432.43 1998.56 1241.6 1289.18 707.687 573.494 570.471 511.427 348.56 347.9 326.602 391.369 318.651 1190.74 410.088 523.194 759.589 750.123 605.434 423.125 268.748 243.612 234.356 230.815 227.255 558.385 391.691 220.573 216.676
threshold=0.02211666666666667 13.7512925 0.02211666666666667 0.44736666666666675 4.2148916666666674 0.2295029636926629 4.528925000000001 0.045591666666666676 0.15695612468103057 0.13387044270833334 0.10957845052083336 0.16293756999353057 0.19120279947916669 0.15695612468103057 0.066370561460421515 38.191846032040722 2.8321048611111119 2.9423366666666668 3.0295959722222228 2.7981952777777783 0.23536786690039271 0.73840833333333344 4.155333333333334 1.5603666666666667 17.298764843334926 6.1885446897943428 6.1003935448365691 0.030878861482017638 0.29463704427083337 0.9919366666666668
decision_type=2 2 2 2 2 2 2 2 2 2 2 2 2 2 2 2 2 2 2 2 2 2 2 2 2 2 2 2 2 2
left_child=2 3 5 4 8 6 -1 29 22 -6 -7 -10 -13 15 21 16 19 -18 -19 25 -20 -15 -2 -16 -23 26 27 -5 -14 -4
right_child=1 -3 7 13 9 10 -8 -9 11 -11 -12 12 28 14 23 -17 17 18 20 -21 -22 24 -24 -25 -26 -27 -28 -29 -30 -31
leaf_value=-0.0057332302716860961 0.00056162205625666535 0.29439283433817082 -0.0078161524647925272 1.0449115665620568e-05 -0.014722834734055041 -0.013696101286295613 -0.0022453077391844673 0.00086424155749444511 -0.0059690528896772692 0.0024698783684002647 -0.0024089105482652767 0.00019454559358543123 -0.0067753790517462095 0.00015037319250938986 -0.00015713058056593176 0.026305374069933656 -0.0026304409619435985 8.9739012860832193e-05 -0.0013988017447324097 4.905567115201848e-05 -0.0049519711316753151 -0.015077698435586085 0.000867571775717434 0.018791037535039939 0.043352500901665751 1.7676110432347513e-05 -0.00036518649590670197 -0.0029661928513474755 0.049380374822284828 -0.022037355971485366
leaf_weight=82029 19922 20241 9329 1415 9369 2271 3768 18212 9470 1581 6980 19770 18683 9469 43629 16180 6143 3055 2837 2809 6849 535 3143 61220 1907 72993 4339 18045 2259 4908
leaf_count=82029 19922 20241 9329 1415 9369 2271 3768 18212 9470 1581 6980 19770 18683 9469 43629 16180 6143 3055 2837 2809 6849 535 3143 61220 1907 72993 4339 18045 2259 4908
internal_value=-0.00485336 0.00259639 -0.0256467 0.000403788 -0.00800456 -0.031499 -0.0337657 -0.00850442 -0.0041771 -0.0336073 -0.0104767 -0.0087091 -0.00559638 0.00321957 0.00627818 0.000567631 -0.00106376 -0.0132726 -0.0021317 0.00125099 -0.0130332 0.0302477 0.00568307 0.00355521 0.00658477 0.000188445 -0.00660028 -0.000813977 -0.0132175 -0.0205015
internal_weight=483360 355863 127497 335622 84197 95048 85797 32449 73247 10950 9251 50182 40712 251425 116760 134665 118485 18884 12741 99601 9686 11911 23065 104849 2442 96792 23799 19460 20942 14237
internal_count=483360 355863 127497 335622 84197 95048 85797 32449 73247 10950 9251 50182 40712 251425 116760 134665 118485 18884 12741 99601 9686 11911 23065 104849 2442 96792 23799 19460 20942 14237
is_linear=0
shrinkage=0.08


Tree=31
num_leaves=31
num_cat=0
split_feature=15 7 23 33 0 31 8 13 7 7 6 29 0 23 39 21 39 39 8 2 21 8 8 5 13 7 6 0 7 5
split_gain=11868.8 4355.29 2019.01 1231.78 660.695 628.256 620.163 461.56 437.321 478.934 1190.94 382.465 478.863 364.047 360.675 354.95 328.82 1320.99 709.417 283.994 593.769 1194.34 452.089 796.42 452.925 390.806 342.839 254.755 253.386 235.12
threshold=0.02211666666666667 13.7512925 0.0086166666666666683 4.2577166666666679 0.12923177083333334 0.13207500000000003 0.028112341566782838 0.76030833333333347 0.69254805555555576 0.72313708333333349 0.066370561460421515 4.528925000000001 0.13387044270833334 0.0026166666666666669 1.0017586955785791 1.1093666666666668 21.484546320856129 22.00053896336021 0.22010326211700934 2.5000000000000004 0.98294166666666671 0.0051176092131718452 0.12354352443960977 0.94773722222222212 0.98572500000000007 0.93265180555555582 0.015593873359315467 0.19120279947916669 0.83704472222222226 3.0296544444444446
decision_type=2 2 2 2 2 2 2 2 2 2 2 2 2 2 2 2 2 2 2 2 2 2 2 2 2 2 2 2 2 2
left_child=2 3 6 8 -5 7 -1 -4 27 10 -10 12 -8 28 -14 19 18 -18 -17 20 21 -15 23 25 -25 -21 -22 -2 -11 -19
right_child=1 -3 5 4 -6 -7 11 -9 9 13 -12 -13 14 15 -16 16 17 29 -20 22 26 -23 -24 24 -26 -27 -28 -29 -30 -31
leaf_value=-0.0052745718499512088 -0.00015218728078643219 0.27084140759111719 -0.0060680903991556772 -0.013545007955330632 0.0059537321111221477 0.00095510970970153158 -0.0065021719472138683 0.0082800072380431015 0.00013727426819994725 0.00079816603366003928 -0.0001445601341206615 -0.0020656831200497102 -0.0056980457768316872 1.6262021597759359e-05 -0.0057784789036279139 0.0031657335648918486 -0.0024200056849880982 0.00030675518761853483 0.0090885341949230106 -0.013867215821847596 -0.00047860521483816142 -3.5915180734544807e-05 -0.00083786634160584403 -0.00033597157623416863 4.6919694711267113e-05 9.6131864123716323e-06 -0.00022534188997544113 -0.0044034924552838464 0.023402407960402841 -0.0010167267798102486
leaf_weight=39562 49479 20241 14403 7427 3978 15980 18990 4423 9411 3806 12338 4089 24760 5929 5290 10854 6486 11291 80914 823 3114 25107 31854 7554 545 1763 2739 20642 13893 25675
leaf_count=39562 49479 20241 14403 7427 3978 15980 18990 4423 9411 3806 12338 4089 24760 5929 5290 10854 6486 11291 80914 823 3114 25107 31854 7554 545 1763 2739 20642 13893 25675
internal_value=-0.0046329 0.00287066 -0.0255764 0.000697213 -0.0251434 -0.00914785 -0.0317455 -0.0190502 0.00160621 0.00314968 0.0145018 -0.0260987 -0.0280587 0.00208705 -0.0217744 0.00117774 0.00367105 -0.00206205 0.00638567 -0.00306693 0.00206999 0.00647764 -0.00752157 -0.0217613 -0.034103 0.016891 -0.0213019 -0.00398682 0.0131149 0.00378077
internal_weight=483360 355863 127497 335622 11405 34806 92691 18826 324217 254096 21749 53129 49040 232347 30050 214648 135220 43452 91768 79428 36889 31036 42539 10685 8099 2586 5853 70121 17699 36966
internal_count=483360 355863 127497 335622 11405 34806 92691 18826 324217 254096 21749 53129 49040 232347 30050 214648 135220 43452 91768 79428 36889 31036 42539 10685 8099 2586 5853 70121 17699 36966
is_linear=0
shrinkage=0.08


Tree=32
num_leaves=31
num_cat=0
split_feature=15 7 23 33 0 8 31 13 29 0 27 27 6 6 23 39 39 5 2 5 7 5 39 0 15 8 39 0 39 2
split_gain=11548.4 4413.96 2017.25 1200.61 656.754 624.211 620.372 460.899 381.436 483.246 364.519 948.219 737.769 472.336 1358.3 1059.76 972.976 619.353 435.049 1094.07 539.275 723.205 362.139 344.818 290.963 243.51 257.72 223.288 287.311 218.907
threshold=0.02211666666666667 13.7512925 0.0086166666666666683 4.2577166666666679 0.12923177083333334 0.028112341566782838 0.092225000000000015 0.78115000000000012 4.528925000000001 0.13387044270833334 0.69795833333333346 0.72512500000000013 0.066370561460421515 0.0024806797143479583 0.98292500000000016 6.1885446897943428 7.1722467952521516 0.94773722222222212 4.5000000000000009 2.9461633333333341 2.7561545833333336 1.107218888888889 1.0017586955785791 0.18542480468750003 0.48608333333333337 0.0088367937866199106 6.2691189035148129 0.18542480468750003 3.1761061086192517 2.5000000000000004
decision_type=2 2 2 2 2 2 2 2 2 2 2 2 2 2 2 2 2 2 2 2 2 2 2 2 2 2 2 2 2 2
left_child=2 3 5 10 -5 -1 7 -4 9 -7 27 12 -12 14 15 17 25 23 20 -20 21 29 -11 -13 -15 -17 -27 -2 -29 -16
right_child=1 -3 6 4 -6 8 -8 -9 -10 22 11 13 -14 24 18 16 -18 -19 19 -21 -22 -23 -24 -25 -26 26 -28 28 -30 -31
leaf_value=-0.0048526061019551116 -0.00012326398889475732 0.24917409498382781 -0.0055826431672232222 -0.012461407318904208 0.0054774335422323704 -0.0059819981914367593 0.00086802931732481885 0.0077429480744049253 -0.0019004284704457332 -0.0052422021146851525 0.00012629232674394865 8.8441314993836786e-06 -0.00017060962542743142 -0.003780268629389987 -0.00044031679765110354 1.5046642146518962e-05 -0.00045356486515254704 -0.00030909385013543121 -0.0027967225762761316 5.8019476822508413e-05 -0.0012055594627689815 0.0050858461324651931 -0.0053162005913376812 -0.012762105294991395 0.0027816122005023571 -7.7317256918219004e-05 0.00011288065908142464 -0.0053335216885789802 9.3287051501373956e-05 -0.0001515112160437937
leaf_weight=39562 71587 20241 14070 7427 3978 18990 16390 4346 4089 24760 9307 1396 5266 14031 3099 7945 1409 3969 3378 2808 9256 2192 5290 479 156085 556 2634 17530 9118 2172
leaf_count=39562 71587 20241 14070 7427 3978 18990 16390 4346 4089 24760 9307 1396 5266 14031 3099 7945 1409 3969 3378 2808 9256 2192 5290 479 156085 556 2634 17530 9118 2172
internal_value=-0.00488745 0.00251411 -0.0255463 0.000326081 -0.0251854 -0.0317127 -0.00912486 -0.0192007 -0.0260475 -0.0280049 0.0012235 0.0029921 0.0227297 0.00163153 -0.00604364 0.0101501 0.0232589 -0.0179877 -0.0190439 -0.000918202 -0.0257503 -0.00974943 -0.0216918 0.019904 0.00349456 0.0311846 0.0125141 -0.00284501 -0.00909637 -0.0258091
internal_weight=483360 355863 127497 335622 11405 92691 34806 18416 53129 49040 324217 225982 14573 211409 41293 18388 12544 5844 22905 6186 16719 7463 30050 1875 170116 11135 3190 98235 26648 5271
internal_count=483360 355863 127497 335622 11405 92691 34806 18416 53129 49040 324217 225982 14573 211409 41293 18388 12544 5844 22905 6186 16719 7463 30050 1875 170116 11135 3190 98235 26648 5271
is_linear=0
shrinkage=0.08


Tree=33
num_leaves=31
num_cat=0
split_feature=15 7 23 33 0 8 31 13 7 7 6 29 0 39 21 21 8 0 23 23 23 23 8 6 21 6 8 5 8 0
split_gain=11680.3 4257.39 2029.74 1225.11 654.788 627.14 610.587 453.191 385.661 486.291 1176.87 380.36 486.315 362.891 297.628 1358.78 598.977 333.283 476.645 1200.09 831.029 540.324 589.315 453.015 309.365 842.796 437.948 302.132 274.575 224.681
threshold=0.02211666666666667 13.7512925 0.0086166666666666683 4.2577166666666679 0.12923177083333334 0.028112341566782838 0.092225000000000015 0.62302500000000005 0.68287902777777787 0.72313708333333349 0.066370561460421515 4.528925000000001 0.13387044270833334 1.0017586955785791 2.8880500000000002 2.753833333333334 0.26356844665030399 0.15695612468103057 0.94463333333333332 0.95830000000000004 0.98292500000000016 1.0236083333333335 0.22010326211700934 0.015593873359315467 3.0300583333333333 0.015593873359315467 0.044602348909807014 1.1997850000000001 0.0088367937866199106 0.20662434895833337
decision_type=2 2 2 2 2 2 2 2 2 2 2 2 2 2 2 2 2 2 2 2 2 2 2 2 2 2 2 2 2 2
left_child=2 3 5 8 -5 -1 7 -4 29 10 -10 12 -7 -14 15 17 -17 18 23 -20 28 -22 27 -11 26 -26 -16 -23 -21 -2
right_child=1 -3 6 4 -6 11 -8 -9 9 14 -12 -13 13 -15 24 16 -18 -19 19 20 21 22 -24 -25 25 -27 -28 -29 -30 -31
leaf_value=-0.0044643976137987021 -0.00057809536700885846 0.22924016738512165 -0.0051360317138453649 -0.011464494733391888 0.0050392388588537855 -0.005503438336121819 0.00079858697193882836 0.0068378877083072357 0.00011618894060442919 8.1366009794336949e-06 -0.00011811506774624725 -0.0017483941928100744 -0.0048228259455103404 -0.0048909045440306666 5.3377918676709155e-05 -0.0013086370783921453 0.022382809191012321 -0.0021890232417755228 -0.00041727967594034076 1.3842910774801709e-05 -0.00021159782004057882 -0.00071470932079478191 0.00011157768803904844 0.00088362600283304412 -0.0011091147057474516 0.019478141302350042 -0.0010322887229996525 0.012317952050292097 8.8002959194311003e-05 -0.0078418724786073687
leaf_weight=39562 63323 20241 13983 7427 3978 18990 16390 4433 9544 5013 14408 4089 24760 5290 3887 8069 2353 53718 5932 5381 7236 1311 40565 20584 2769 63649 2337 6105 3438 4595
leaf_count=39562 63323 20241 13983 7427 3978 18990 16390 4433 9544 5013 14408 4089 24760 5290 3887 8069 2353 53718 5932 5381 7236 1311 40565 20584 2769 63649 2337 6105 3438 4595
internal_value=-0.00473088 0.00271284 -0.0255074 0.000563968 -0.0252065 -0.0316928 -0.00903522 -0.0190313 0.0014705 0.00289084 0.0137442 -0.0260144 -0.027969 -0.0216359 0.001772 -0.000159043 -0.0280867 0.00179069 0.00462471 0.00120741 0.00439628 0.000754116 0.00382735 0.0139657 0.00601746 0.00441928 0.023072 0.0245631 0.0272004 -0.0038894
internal_weight=483360 355863 127497 335622 11405 92691 34806 18416 324217 256299 23952 53129 49040 30050 232347 159705 10422 149283 95565 69968 64036 55217 47981 25597 72642 66418 6224 7416 8819 67918
internal_count=483360 355863 127497 335622 11405 92691 34806 18416 324217 256299 23952 53129 49040 30050 232347 159705 10422 149283 95565 69968 64036 55217 47981 25597 72642 66418 6224 7416 8819 67918
is_linear=0
shrinkage=0.08


Tree=34
num_leaves=31
num_cat=0
split_feature=15 39 23 33 39 0 29 13 0 7 7 6 13 8 21 21 8 39 39 39 39 39 21 6 8 8 8 5 15 39
split_gain=11573.9 3946.19 2020.48 1276.36 722.334 592.897 570.484 567.307 355.223 346.004 499.121 1172.8 277.549 350.64 310.561 1394.33 446.064 403.793 743.107 578.414 509.938 376.346 347.694 804.74 433.149 332.235 329.438 550.468 909.539 551.744
threshold=0.02211666666666667 74.409962681051255 0.02211666666666667 4.2577166666666679 0.2295029636926629 0.12923177083333334 4.528925000000001 0.0086166666666666683 0.10957845052083336 0.68287902777777787 0.72313708333333349 0.047364393353650142 0.0026166666666666669 1.8880702079994602 2.8880500000000002 2.753833333333334 0.26356844665030399 6.1885446897943428 6.3483714227597163 6.1003935448365691 6.3662618172144496 6.0957939013630549 3.0300583333333333 0.015593873359315467 0.044602348909807014 0.11412960415847066 0.22010326211700934 1.1997850000000001 0.93962500000000004 6.3867608396712825
decision_type=2 2 2 2 2 2 2 2 2 2 2 2 2 2 2 2 2 2 2 2 2 2 2 2 2 2 2 2 2 2
left_child=2 3 4 9 6 -5 -1 -4 -6 -2 11 -11 13 -12 15 17 -17 19 25 21 -20 -14 24 -24 -16 -19 27 28 -22 -30
right_child=1 -3 7 5 8 -7 -8 -9 -10 10 12 -13 14 -15 22 16 -18 18 20 -21 26 -23 23 -25 -26 -27 -28 -29 29 -31
leaf_value=-0.0041072458046948063 -0.001056301215590958 0.21028358338884318 -0.0058496709275853319 -0.010547335154720514 -0.011161404505410167 0.0039686737914781389 -0.0016085226573852684 0.00055912767019425716 -0.00091466383717915133 0.00010689382535607806 0.00081293592260640055 4.5600330358608332e-05 -0.0022719005690943653 -0.0019808530557711792 4.9107685182576688e-05 -0.0012039461121207751 0.0086772371060516561 1.2735477912819703e-05 -0.00019466999443733536 -0.00025098396804937198 1.973058640380998e-05 7.4856729010797101e-06 -0.0010203855292876441 0.015208279351135391 -0.00094970562515968033 8.0962722458766126e-05 -0.00013284163430193896 0.01133251588626873 7.2214842021116606e-05 -0.00038816362823578031
leaf_weight=82029 67918 21287 13698 7425 2271 3471 3768 18751 6980 8686 10881 15266 42938 7076 3887 8069 1991 5371 2765 4547 4588 1539 2769 60886 2282 3636 56332 6378 1099 4776
leaf_count=82029 67918 21287 13698 7425 2271 3471 3768 18751 6980 8686 10881 15266 42938 7076 3887 8069 1991 5371 2765 4547 4588 1539 2769 60886 2282 3636 56332 6378 1099 4776
internal_value=-0.00482953 0.00258021 -0.0255112 0.000455263 -0.0313955 -0.0264758 -0.0336856 -0.00827514 -0.0101567 0.00136184 0.00270971 0.0137041 0.0015737 0.0111266 0.000771558 -0.00135112 -0.0300755 0.000805858 0.00414245 -0.00497552 0.00156549 -0.00219709 0.00515009 0.00339266 0.0232842 0.0258688 0.00283985 0.0126572 0.00136481 -0.0194791
internal_weight=483360 355863 127497 334576 95048 10896 85797 32449 9251 323680 255762 23952 231810 17957 213853 144029 10060 133969 84945 49024 75938 44477 69824 63655 6169 9007 73173 16841 10463 5875
internal_count=483360 355863 127497 334576 95048 10896 85797 32449 9251 323680 255762 23952 231810 17957 213853 144029 10060 133969 84945 49024 75938 44477 69824 63655 6169 9007 73173 16841 10463 5875
is_linear=0
shrinkage=0.08


Tree=35
num_leaves=31
num_cat=0
split_feature=15 39 23 33 8 31 0 13 8 21 5 6 5 5 5 39 2 13 29 0 21 7 2 13 15 7 7 7 23 8
split_gain=11808.1 3575.22 2039.78 1329.45 631.825 602.337 593.222 458.189 423.18 534.487 532.505 1346.56 1328.17 730.115 809.384 1017.93 1340.11 891.371 378.359 492.417 366.137 275.095 244.847 233.416 220.885 439.023 210 184.99 183.554 179.153
threshold=0.02211666666666667 77.092385347280512 0.0086166666666666683 4.2577166666666679 0.028112341566782838 0.058183333333333344 0.12923177083333334 0.76030833333333347 0.22010326211700934 1.7957500000000002 0.94773722222222212 0.0029327786267253843 0.95840777777777775 0.97745000000000004 1.1703016666666668 21.484546320856129 4.5000000000000009 2.8879416666666673 4.528925000000001 0.13387044270833334 0.0086166666666666683 0.95534722222222235 1.5000000000000002 0.98572500000000007 4.9139250000000017 0.83704472222222226 1.1084469444444447 0.081035833333333293 0.42796666666666677 0.15838581393920592
decision_type=2 2 2 2 2 2 2 2 2 2 2 2 2 2 2 2 2 2 2 2 2 2 2 2 2 2 2 2 2 2
left_child=2 3 4 8 -1 7 -5 -4 10 24 11 -2 -12 21 22 -16 29 -18 19 -6 -21 -14 -15 -24 28 -26 -25 -13 -10 -17
right_child=1 -3 5 6 18 -7 -8 -9 9 -11 12 27 13 14 15 16 17 -19 -20 20 -22 -23 23 26 25 -27 -28 -29 -30 -31
leaf_value=-0.0037786661403192219 4.5008083182569434e-05 0.20574348912143109 -0.0042571755025309094 -0.0097035483423428565 -0.0047345836048564884 0.00063312016713180323 0.0032295010232199317 0.006566417059573784 -0.0029903288844302868 0.013851271987449324 -0.00035284421160625357 -0.0034740802562256913 -2.1440481792858181e-05 -0.0003571105379769257 0.0033064455040538298 -0.0011076304231511004 -0.0023719781149329935 4.5179070367957767e-05 -0.0014798408447944469 -0.0041871290729012757 -0.0042174252973608039 1.5496178667921968e-05 -0.00010688889360205956 6.6437654659425859e-05 0.0006084489160436611 -0.0018223848113094849 -0.0018750008512549421 0.00021126582850713337 -0.00081707322716386701 0.013543476914399832
leaf_weight=39562 13026 19068 13645 7425 18990 16864 3502 4297 47679 96727 5590 1741 696 3058 10432 5357 1457 5546 4089 23987 6063 5474 2519 1297 3214 3629 812 29582 87741 291
leaf_count=39562 13026 19068 13645 7425 18990 16864 3502 4297 47679 96727 5590 1741 696 3058 10432 5357 1457 5546 4089 23987 6063 5474 2519 1297 3214 3629 812 29582 87741 291
internal_value=-0.00456173 0.00292259 -0.0254516 0.00101462 -0.0316523 -0.00893869 -0.0264336 -0.0191417 0.00193502 0.000196828 0.00671655 0.0128499 0.000320722 0.00582041 0.000783906 0.00827102 -0.00698443 0.0163987 -0.0259527 -0.0279021 -0.0215295 0.0309368 -0.0217018 -0.0100951 -0.00292276 0.0111004 0.00954007 0.00386042 -0.00363137 -0.0359773
internal_weight=483360 355863 127497 336795 92691 34806 10927 17942 325868 238990 86878 44349 42529 36939 30769 23083 12651 7003 53129 49040 30050 6170 7686 4628 142263 6843 2109 31323 135420 5648
internal_count=483360 355863 127497 336795 92691 34806 10927 17942 325868 238990 86878 44349 42529 36939 30769 23083 12651 7003 53129 49040 30050 6170 7686 4628 142263 6843 2109 31323 135420 5648
is_linear=0
shrinkage=0.08


Tree=36
num_leaves=31
num_cat=0
split_feature=15 5 23 33 8 0 31 13 29 0 21 39 39 39 39 8 8 8 2 8 39 5 6 7 21 8 7 15 7 7
split_gain=11093.9 3472.72 2030.85 1224.31 637.06 629.805 592.058 451.599 377.142 497.502 372.179 309.512 578.797 1136.27 502.783 643.153 539.235 500.009 539.011 444.751 443.451 1154.28 804.563 610.775 400.837 310.282 265.83 188.727 442.179 178.962
threshold=0.02211666666666667 14.449648888888889 0.0086166666666666683 4.2577166666666679 0.028112341566782838 0.12923177083333334 0.058183333333333344 0.76030833333333347 4.528925000000001 0.13387044270833334 0.0086166666666666683 38.191846032040722 20.897873551139025 21.904534946812991 22.979678365988566 0.044602348909807014 0.34119780879711209 0.2310557960493396 5.5000000000000009 0.0088367937866199106 6.3483714227597163 1.1997850000000001 0.0010143968863529139 0.92154138888888892 2.0127000000000002 0.37242542270255319 0.2976152777777778 4.9139250000000017 0.83704472222222226 0.097340694444444403
decision_type=2 2 2 2 2 2 2 2 2 2 2 2 2 2 2 2 2 2 2 2 2 2 2 2 2 2 2 2 2 2
left_child=2 3 4 11 -1 -5 7 -4 9 -6 -11 12 17 25 15 -15 -16 18 20 -20 22 23 -2 -22 26 -14 -19 -28 -29 -24
right_child=1 -3 6 5 8 -7 -8 -9 -10 10 -12 -13 13 14 16 -17 -18 24 19 -21 21 -23 29 -25 -26 -27 27 28 -30 -31
leaf_value=-0.003476372849093684 1.685467819230624e-05 0.19587939446417749 -0.0039166014623284364 -0.0089272644749554073 -0.0043558169164679694 0.0010851516655809546 0.00058247055376125958 0.006041103694807877 -0.0013614535772108914 -0.0038521587470691739 -0.0038800312735719389 0.02065740082031713 -0.0010190199892990037 4.1564744738522564e-05 -0.00085014425309253743 -0.0062213250287388175 -0.0019991102767736102 -0.0041781517339894063 -1.3344751640786968e-05 7.7040863605049031e-07 0.00014493511143782279 0.010161398975042922 -0.002841371972588368 -0.00015519071531599593 0.016978213670553792 -0.0055580431563492586 -0.0013199993847836477 0.00055977300276016813 -0.0016765940264047261 0.00030536655868124374
leaf_weight=39562 17039 17203 13645 7427 18990 3962 16864 4297 4089 23987 6063 21000 8138 3884 2928 2298 18728 8938 2540 7177 2805 6552 1752 11222 57059 1972 122421 3168 3432 24218
leaf_count=39562 17039 17203 13645 7427 18990 3962 16864 4297 4089 23987 6063 21000 8138 3884 2928 2298 18728 8938 2540 7177 2805 6552 1752 11222 57059 1972 122421 3168 3432 24218
internal_value=-0.00518322 0.00207125 -0.0254315 0.000290084 -0.0316186 -0.0254948 -0.00895478 -0.0190703 -0.0258955 -0.0278418 -0.0214363 0.0011874 0.000543179 -0.00870454 -0.000362095 0.0197606 -0.00610639 0.00185105 0.0074838 -0.0100648 0.0101654 0.000507313 0.0147867 -0.0124417 -0.000266232 -0.0316756 -0.00259874 -0.00167446 0.011503 0.00592376
internal_weight=483360 355863 127497 338660 92691 11389 34806 17942 53129 49040 30050 327271 306271 37948 27838 6182 21656 268323 73305 9717 63588 20579 43009 14027 195018 10110 137959 129021 6600 25970
internal_count=483360 355863 127497 338660 92691 11389 34806 17942 53129 49040 30050 327271 306271 37948 27838 6182 21656 268323 73305 9717 63588 20579 43009 14027 195018 10110 137959 129021 6600 25970
is_linear=0
shrinkage=0.08


Tree=37
num_leaves=31
num_cat=0
split_feature=15 39 23 39 29 13 33 7 0 21 0 7 2 7 8 2 31 6 8 8 7 8 0 39 0 39 21 8 8 8
split_gain=11451.4 3203.27 2001.52 738.293 568.869 546.583 514.066 1022.94 358.828 224.913 488.163 734.083 1453.19 821.005 467.213 874.347 811.69 391.088 368.616 363.48 349.447 577.079 341.985 312.814 277.244 349.42 232.082 351.097 315.518 221.052
threshold=0.02211666666666667 78.370978688928076 0.02211666666666667 0.19805658417867353 4.528925000000001 0.0086166666666666683 4.2577166666666679 2.183705555555556 0.10957845052083336 0.44736666666666675 0.13842773437500003 2.7561545833333336 4.5000000000000009 2.8878026388888887 0.085677587752698278 5.5000000000000009 0.98289166666666683 0.066370561460421515 0.0088367937866199106 0.044602348909807014 1.3330105555555558 0.22010326211700934 0.15197753906250003 38.191846032040722 0.16293756999353057 0.35914926613988973 0.93299166666666677 0.0088367937866199106 0.047238941314250667 0.028112341566782838
decision_type=2 2 2 2 2 2 2 2 2 2 2 2 2 2 2 2 2 2 2 2 2 2 2 2 2 2 2 2 2 2
left_child=2 6 3 4 29 -4 9 -8 -5 22 11 20 -13 -14 15 16 17 -12 -17 -15 26 -22 -2 -23 -24 -26 27 -11 -28 -1
right_child=1 -3 5 8 -6 -7 7 -9 -10 10 14 12 13 19 -16 18 -18 -19 -20 -21 21 23 24 -25 25 -27 28 -29 -30 -31
leaf_value=-0.0031982630211661897 0.00051499116253935471 0.1791470755523713 -0.0047277950961897583 -0.009541260103271396 -0.00125253729103402 0.00044338668169068284 -0.0086330814859042707 0.00061092180999416717 -0.00055550759962750499 1.1882016041475652e-05 1.5506303936918541e-05 -0.00078213271284514722 -0.0021006982665944208 3.8239565159443601e-05 0.00053736774985613245 -1.2277171509520458e-05 -0.00013811229461891728 -0.0002137826108019869 7.0877594517071428e-07 -0.0049554641629798368 0.013916000809759268 -0.0026304367908967486 -0.0046207265896100113 0.020634142250785494 -0.0041613796985426384 0.00028093723398674441 -0.00031220141745246898 -0.0017397795908778058 -0.0050966123572213197 -0.0039844873212022212
leaf_weight=39838 24894 17965 13698 2274 3768 18751 6523 4416 7051 1298 18102 10215 1492 3887 140239 2538 3266 2569 1153 633 5165 28281 9669 7480 14518 26765 2636 14132 8027 42117
leaf_count=39838 24894 17965 13698 2274 3768 18751 6523 4416 7051 1298 18102 10215 1492 3887 140239 2538 3266 2569 1153 633 5165 28281 9669 7480 14518 26765 2636 14132 8027 42117
internal_value=-0.00488779 0.00248264 -0.0254597 -0.0313164 -0.0336418 -0.00830472 0.000732529 -0.0163269 -0.00993887 0.00130328 0.00245642 -0.00255243 -0.0178197 0.0133866 0.00494034 0.0144491 0.0200376 0.0258933 -0.0217936 0.0303717 0.00114415 0.00575673 -0.00251457 0.00214647 -0.00626943 -0.00341351 -0.00609052 0.000181465 -0.0151665 -0.0350392
internal_weight=483360 355863 127497 95048 85723 32449 337898 10939 9325 326959 251113 83246 16227 6012 167867 27628 23937 20671 3691 4520 67019 40926 75846 35761 50952 41283 26093 15430 10663 81955
internal_count=483360 355863 127497 95048 85723 32449 337898 10939 9325 326959 251113 83246 16227 6012 167867 27628 23937 20671 3691 4520 67019 40926 75846 35761 50952 41283 26093 15430 10663 81955
is_linear=0
shrinkage=0.08


Tree=38
num_leaves=31
num_cat=0
split_feature=15 7 23 8 31 33 7 13 21 29 39 39 39 39 8 8 8 2 8 5 29 8 39 15 8 2 19 2 0 7
split_gain=11276.8 2987.95 2026.57 643.892 571.195 507.016 1010.21 442.709 374.822 598.557 331.064 559.977 1159.67 565.316 541.937 541.459 515.809 544.896 453.023 361.405 1231.49 670.769 961.341 324.244 309.78 229.527 682.012 225.466 204.705 521.829
threshold=0.02211666666666667 15.362545833333334 0.0086166666666666683 0.028112341566782838 0.058183333333333344 4.2577166666666679 2.183705555555556 0.76030833333333347 4.1700000000000008 0.021408333333333335 38.191846032040722 20.897873551139025 21.904534946812991 22.979678365988566 0.044602348909807014 0.34119780879711209 0.22010326211700934 5.5000000000000009 0.0088367937866199106 1.2227405555555559 0.98289166666666683 0.033028002712820061 7.1722467952521516 3.1422083333333339 0.37242542270255319 4.5000000000000009 0.95262500000000017 1.5000000000000002 0.11779785156250001 0.84922444444444456
decision_type=2 2 2 2 2 2 2 2 2 2 2 2 2 2 2 2 2 2 2 2 2 2 2 2 2 2 2 2 2 2
left_child=2 5 3 -1 7 10 -7 -4 9 -5 11 16 24 14 -14 -15 17 19 -19 20 21 22 25 -18 -13 -2 -27 -22 29 -25
right_child=1 -3 4 8 -6 6 -8 -9 -10 -11 -12 12 13 15 -16 -17 23 18 -20 -21 27 -23 -24 28 -26 26 -28 -29 -30 -31
leaf_value=-0.0029424019794728946 1.4265799621968611e-05 0.18162404199957224 -0.0032250497376469811 -0.0031093004777174109 0.00050820349389485214 -0.0079424349670319579 0.00056204806519460253 0.005522344464688001 -0.0036885925774543544 -0.00295467158428313 0.017247418439082018 -0.00087492777312746738 3.5180399946703745e-05 -0.00071956209581752978 -0.0054050170396955722 -0.0017763079265548675 -0.00087160935985876266 -1.1294997788757754e-05 6.5207386955812297e-07 0.012965003075295299 -0.0002911503243173108 6.3842882466511597e-05 -0.0002872253040562711 0.00047379186953620632 -0.0047506350692721952 6.9729384405192724e-07 -0.00049078888017790585 -0.00012891194487710145 0.01460763173195243 -0.0015836657972954965
leaf_weight=39562 13179 13971 13645 29741 16864 6598 4830 4297 12680 10708 24183 8138 3884 2928 2300 18735 154509 2540 7011 5612 3444 29154 1379 2772 1973 2728 1091 4394 39850 660
leaf_count=39562 13179 13971 13645 29741 16864 6598 4830 4297 12680 10708 24183 8138 3884 2928 2300 18735 154509 2540 7011 5612 3444 29154 1379 2772 1973 2728 1091 4394 39850 660
internal_value=-0.00497435 0.00233966 -0.0253888 -0.0315694 -0.00892949 0.000857815 -0.0157088 -0.0188652 -0.0258157 -0.0220535 0.00143072 0.000719209 -0.00837557 5.02747e-05 0.0213842 -0.00603979 0.00200579 0.00787954 -0.00988797 0.0106623 0.00870162 0.0135465 0.0255167 -8.87806e-05 -0.0315814 0.0307283 0.013459 -0.0206787 0.00603114 0.0247786
internal_weight=483360 355863 127497 92691 34806 341892 11428 17942 53129 40449 330464 306281 37958 27847 6184 21663 268323 70532 9551 60981 55369 47531 18377 197791 10111 16998 3819 7838 43282 3432
internal_count=483360 355863 127497 92691 34806 341892 11428 17942 53129 40449 330464 306281 37958 27847 6184 21663 268323 70532 9551 60981 55369 47531 18377 197791 10111 16998 3819 7838 43282 3432
is_linear=0
shrinkage=0.08


Tree=39
num_leaves=31
num_cat=0
split_feature=15 7 23 39 8 29 13 21 15 15 5 5 6 5 5 39 13 2 8 0 2 0 7 8 23 8 0 5 0 7
split_gain=11754.3 2830.46 1996.52 748.854 567.794 567.639 534.134 515.321 714.74 1041.25 416.429 1394.74 1141.48 654.917 673.651 593.371 1320.58 682.298 823.921 350.96 338.821 316.131 269.843 265.411 256.705 224.119 223.547 210.356 181.462 172.553
threshold=0.02211666666666667 15.362545833333334 0.02211666666666667 0.19805658417867353 0.2310557960493396 4.528925000000001 0.0086166666666666683 0.44736666666666675 4.3673583333333346 4.2140250000000004 0.94773722222222212 0.95840777777777775 1.0000000180025095e-35 0.97745000000000004 1.2227405555555559 21.484546320856129 2.8879416666666673 4.5000000000000009 0.15838581393920592 0.10957845052083336 1.5000000000000002 0.13387044270833334 0.95534722222222235 0.40796211850619601 0.42796666666666677 0.028112341566782838 0.13387044270833334 0.9919366666666668 0.29463704427083337 0.92154138888888892
decision_type=2 2 2 2 2 2 2 2 2 2 2 2 2 2 2 2 2 2 2 2 2 2 2 2 2 2 2 2 2 2
left_child=2 4 3 5 10 25 27 8 9 24 12 29 -2 22 20 -16 -17 18 -18 -5 -15 -10 -13 -9 -6 -1 -27 -4 -8 -12
right_child=1 -3 6 19 7 -7 28 23 21 -11 11 13 -14 14 15 16 17 -19 -20 -21 -22 -23 -24 -25 -26 26 -28 -29 -30 -31
leaf_value=-0.0027070098211150629 3.3410555096269338e-05 0.16709411863960641 -0.0040915675094828196 -0.0084828718888133366 -0.0040409130277794022 -0.00091596058100864794 -0.0017948139441037547 -0.0018840962445064503 0.0004358885199733098 -0.0075524014977943919 0.00072554826426240559 -6.91704680906291e-05 0.00014235282821580266 -0.00026785829837193019 0.0023446723193552544 -0.0016262569460526778 -0.00066199712815212313 3.2365967950980232e-05 0.014120742103742572 -0.00027469326491465386 -1.3162616417332629e-05 -0.0039853096810630855 1.0526341834395936e-05 0.0045924900243006399 0.00053627246426519342 -0.0033935051712580063 -0.002829495650496346 -0.017315655598431508 0.073517605187135862 -0.00026424727973177296
leaf_weight=39838 12999 13971 8886 2274 30561 3768 15775 31814 4833 6873 195 700 33260 3177 10260 4203 2657 6178 2239 7051 5508 2833 5499 148191 24510 16786 25331 4812 2976 5402
leaf_count=39838 12999 13971 8886 2274 30561 3768 15775 31814 4833 6873 195 700 33260 3177 10260 4203 2657 6178 2239 7051 5508 2833 5499 148191 24510 16786 25331 4812 2976 5402
internal_value=-0.00455412 0.00291314 -0.0253964 -0.0312457 0.00147087 -0.0335877 -0.00826281 -0.000511347 -0.00635656 -0.00920832 0.00683291 0.00144465 0.0121931 0.00662725 0.00229326 0.00883894 -0.00115468 0.0133357 -0.00897059 -0.00971582 -0.0169534 0.0166867 0.0305533 0.00174906 -0.00554412 -0.0349836 -0.0309148 -0.0202716 0.000509839 -0.0359836
internal_weight=483360 355863 127497 95048 341892 85723 32449 249615 69610 61944 92277 46018 46259 40421 34222 25537 15277 11074 4896 9325 8685 7666 6199 180005 55071 81955 42117 13698 18751 5597
internal_count=483360 355863 127497 95048 341892 85723 32449 249615 69610 61944 92277 46018 46259 40421 34222 25537 15277 11074 4896 9325 8685 7666 6199 180005 55071 81955 42117 13698 18751 5597
is_linear=0
shrinkage=0.08


Tree=40
num_leaves=31
num_cat=0
split_feature=15 39 23 8 13 21 29 39 39 39 39 39 8 8 0 8 5 21 7 5 6 2 8 8 21 8 5 31 0 2
split_gain=10650.5 2883.07 1938.25 775.258 537.773 453.089 489.596 291.886 1368.83 433.308 1248.32 497.991 601.852 530.339 355.398 326.942 426.641 882.935 705.434 1520.4 620.69 598.117 370.106 319.915 319.887 285.62 213.017 210.798 195.137 194.332
threshold=0.02211666666666667 80.895547895360025 0.02211666666666667 0.028112341566782838 0.0086166666666666683 4.1700000000000008 0.0086166666666666683 33.883782758990002 33.498457628563202 20.897873551139025 21.904534946812991 22.979678365988566 0.34119780879711209 0.044602348909807014 0.12923177083333334 0.2310557960493396 1.2227405555555559 0.98294166666666671 0.95618305555555572 0.9425177777777779 1.0000000180025095e-35 5.5000000000000009 0.0042210448158676609 0.37242542270255319 2.056316666666667 0.22010326211700934 0.9919366666666668 0.97126666666666672 0.20662434895833337 1.5000000000000002
decision_type=2 2 2 2 2 2 2 2 2 2 2 2 2 2 2 2 2 2 2 2 2 2 2 2 2 2 2 2 2 2
left_child=2 7 3 -1 26 6 -5 8 9 15 23 13 -13 -12 -9 16 17 18 19 20 21 -2 -20 -11 -17 -16 -4 -21 -7 -19
right_child=1 -3 4 5 -6 28 -8 14 -10 10 11 12 -14 -15 25 24 -18 29 22 27 -22 -23 -24 -25 -26 -27 -28 -29 -30 -31
leaf_value=-0.002490449035425858 8.4071946833583761e-05 0.14679108626777379 -0.0037642421087241934 -0.0026341967874603106 0.0005108445831721475 -0.0031220247575573655 -0.001293902082481377 0.015249542931200857 -0.0077588706938887956 -0.00067483299559306436 2.9776690514893289e-05 -0.00060903735789995749 0.00065170742610625614 -0.0051964024069824453 0.011069884800789255 -0.0010899518104240235 0.0080927645637491434 -0.00024642963450217437 9.68423448764355e-06 -0.0001785845776232531 0.00014305521822914892 -2.0729364477123368e-06 -1.1416978908282971e-05 -0.0042565548725553275 0.015612398363818336 -0.0044509830759271642 -0.015930403150556986 3.8805925341280913e-05 0.1019132175517023 -0.00011754597997354566
leaf_weight=39891 10659 15806 8886 29781 18751 12373 12694 9936 6122 8138 3884 2920 14007 2348 3595 139473 6566 3532 6312 6122 31987 889 2101 1995 57571 16763 4812 554 309 4583
leaf_count=39891 10659 15806 8886 29781 18751 12373 12694 9936 6122 8138 3884 2920 14007 2348 3595 139473 6566 3532 6312 6122 31987 889 2101 1995 57571 16763 4812 554 309 4583
internal_value=-0.00508309 0.00202494 -0.0249226 -0.030686 -0.00804093 -0.0245416 -0.0205796 0.000472509 -0.000260457 0.000494663 -0.00811727 0.00212963 -0.00498848 0.0214634 0.00796725 0.00155517 0.00611636 0.00420204 0.00762555 0.00403338 0.00948478 0.0253828 0.0290645 -0.0315366 -0.000141694 0.00191374 -0.0200905 -0.0315159 -0.0378111 -0.0205299
internal_weight=483360 355863 127497 95048 32449 55157 42475 340057 309763 303641 33292 23159 16927 6232 30294 270349 73305 66739 58624 50211 43535 11548 8413 10133 197044 20358 13698 6676 12682 8115
internal_count=483360 355863 127497 95048 32449 55157 42475 340057 309763 303641 33292 23159 16927 6232 30294 270349 73305 66739 58624 50211 43535 11548 8413 10133 197044 20358 13698 6676 12682 8115
is_linear=0
shrinkage=0.08


Tree=41
num_leaves=31
num_cat=0
split_feature=15 7 23 33 8 0 31 5 21 29 39 39 39 39 8 8 8 31 39 2 5 39 19 19 8 39 8 5 0 0
split_gain=10278.2 2847.77 1965.12 1190.79 730.903 617.928 563.424 455.725 442.096 521.184 274.117 511.606 1161.19 580.426 541.834 519.855 409.878 796.038 735.815 828.176 365.756 322.694 567.719 491.854 316.211 218.585 284.904 261.759 258.596 188.001
threshold=0.02211666666666667 15.362545833333334 0.0086166666666666683 4.2577166666666679 0.028112341566782838 0.12923177083333334 0.022850000000000006 0.9919366666666668 4.1700000000000008 0.021408333333333335 38.191846032040722 20.897873551139025 21.904534946812991 22.979678365988566 0.34119780879711209 0.044602348909807014 0.033028002712820061 0.98289166666666683 7.1722467952521516 4.5000000000000009 1.4822894444444448 6.1724848913477572 0.95262500000000017 0.70282500000000014 0.37242542270255319 10.995602532706522 0.21827980938335542 1.2227405555555559 0.10957845052083336 0.20662434895833337
decision_type=2 2 2 2 2 2 2 2 2 2 2 2 2 2 2 2 2 2 2 2 2 2 2 2 2 2 2 2 2 2
left_child=2 3 4 10 -1 -5 7 -4 9 -6 11 16 24 15 -15 -14 17 18 19 -2 -19 22 23 -21 -13 -18 27 -27 -28 -10
right_child=1 -3 6 5 8 -7 -8 -9 29 -11 -12 12 13 14 -16 -17 25 20 -20 21 -22 -23 -24 -25 -26 26 28 -29 -30 -31
leaf_value=-0.0022912131125917895 1.1507689546448318e-05 0.14198330224701594 -0.0023385809891786615 -0.0056621402253894358 -0.0024234610444634859 0.00065949794591460889 0.0004766527367332252 -0.0087091945087464338 -0.0028722627769527764 -0.0024312653610550176 0.014280262327515345 -0.00062084635594562344 2.7394555273687615e-05 -0.00056031436926797797 -0.0018487898924362156 -0.0046317804744775513 -2.4355474802941758e-05 -0.00015163276448708631 -0.00022882073114337763 -1.9071015318949948e-06 0.094432489294655808 9.9736456538668247e-06 -0.0001642978114133964 1.2255432138683631e-05 -0.0039284123541982827 -0.0019510450373267751 -0.0082902227725858077 0.0082066024622405916 0.013576719539474338 0.094474432159763894
leaf_weight=39562 13180 13971 11082 7427 29741 4001 17497 6227 12372 10708 24183 8138 3884 2928 18735 2300 187811 4098 1379 1469 692 1057 2241 1969 1973 887 9370 4720 39450 308
leaf_count=39562 13180 13971 11082 7427 29741 4001 17497 6227 12372 10708 24183 8138 3884 2928 18735 2300 187811 4098 1379 1469 692 1057 2241 1969 1973 887 9370 4720 39450 308
internal_value=-0.00536263 0.00162006 -0.0248523 0.000173388 -0.0309385 -0.0252153 -0.00864449 -0.018878 -0.0248083 -0.0207224 0.00105137 0.000403943 -0.00828916 0.000142206 -0.00602871 0.0217594 0.0016337 0.011162 0.0177901 0.0217032 -0.0183048 -0.00111639 -0.00867054 0.011751 -0.0315102 0.000607667 0.00507175 0.0221509 0.0031102 -0.0378423
internal_weight=483360 355863 127497 341892 92691 11428 34806 17309 53129 40449 330464 306281 37958 27847 21663 6184 268323 26085 21295 19916 4790 6736 5679 3438 10111 242238 54427 5607 48820 12680
internal_count=483360 355863 127497 341892 92691 11428 34806 17309 53129 40449 330464 306281 37958 27847 21663 6184 268323 26085 21295 19916 4790 6736 5679 3438 10111 242238 54427 5607 48820 12680
is_linear=0
shrinkage=0.08


Tree=42
num_leaves=31
num_cat=0
split_feature=15 7 6 33 0 21 0 0 27 39 39 39 39 8 8 8 8 7 0 21 7 5 5 8 8 15 7 7 39 2
split_gain=9245.5 2731.42 2190.79 1162.75 847.493 955.764 1112.16 615.819 356.096 263.052 471.931 1160.98 579.006 543.869 518.349 321.26 305.334 418.027 952.478 567.355 610.609 745.978 516.855 385.333 324.965 262.091 248.015 519.367 227.811 402.843
threshold=0.021408333333333335 15.362545833333334 0.015593873359315467 4.2577166666666679 0.29463704427083337 4.1700000000000008 0.19958496093750003 0.12923177083333334 4.9169916666666671 38.191846032040722 20.897873551139025 21.904534946812991 22.979678365988566 0.34119780879711209 0.044602348909807014 0.37242542270255319 0.2310557960493396 1.3330105555555558 0.13842773437500003 0.98294166666666671 0.95618305555555572 0.94773722222222212 0.70314888888888916 0.057949776705634483 0.0042210448158676609 1.5995750000000002 0.83033055555555557 0.83704472222222226 6.3662618172144496 2.5000000000000004
decision_type=2 2 2 2 2 2 2 2 2 2 2 2 2 2 2 2 2 2 2 2 2 2 2 2 2 2 2 2 2 2
left_child=2 3 -1 9 5 6 8 -5 -4 10 16 15 14 -14 -13 -12 17 18 23 20 21 22 -20 -2 -22 -18 -27 -28 -21 -30
right_child=1 -3 4 7 -6 -7 -8 -9 -10 -11 11 12 13 -15 -16 -17 25 -19 19 28 24 -23 -24 -25 -26 26 27 -29 29 -31
leaf_value=-0.0021079160635844459 -0.00021051507265190672 0.13062463806725461 -0.00054467033904504456 -0.0052091690073582698 0.077769507837093577 -0.0026424817547965546 -0.003161179539340443 0.00034430367985187506 -0.0014469629833100037 0.013137841341314101 -0.00057117864746995654 2.5202990851802554e-05 -0.00051548921972653259 -0.0017063675736594065 -0.0042612380365193306 -0.0036141393658624212 -0.0012151707434220826 0.010826484437840929 2.6260965190152421e-05 -9.8826210060796169e-05 7.9888805649108714e-06 -0.00015115398650032753 8.1761383723470972e-05 -0.00075390688606528759 -8.555182611384993e-06 -0.0042371486547117775 0.00049016202119360225 0.0082911977581280986 -0.00059490600892022629 0.00011748714754187262
leaf_weight=48169 4335 13971 32641 7427 4307 13257 25053 4006 2623 24183 8138 3884 2928 18741 2300 1973 116117 6155 27721 2957 6312 3924 13985 3882 1703 5201 2888 71305 1714 1560
leaf_count=48169 4335 13971 32641 7427 4307 13257 25053 4006 2623 24183 8138 3884 2928 18741 2300 1973 116117 6155 27721 2957 6312 3924 13985 3882 1703 5201 2888 71305 1714 1560
internal_value=-0.00527723 0.00129434 -0.0239054 -0.000116619 -0.015611 -0.0176301 -0.0133554 -0.0252007 -0.00419918 0.000747441 0.000116078 -0.00823517 0.000193875 -0.00596797 0.0217853 -0.0314549 0.00129137 0.00565887 0.00385414 0.00735921 0.0100132 0.00643612 0.00957368 -0.0216867 0.030378 -0.000367243 0.00317505 0.0043589 -0.0154903 -0.000952963
internal_weight=483360 357310 126050 343339 77881 73574 60317 11433 35264 331906 307723 37964 27853 21669 6184 10111 269759 74248 68093 59876 53645 45630 41706 8217 8015 195511 79394 74193 6231 3274
internal_count=483360 357310 126050 343339 77881 73574 60317 11433 35264 331906 307723 37964 27853 21669 6184 10111 269759 74248 68093 59876 53645 45630 41706 8217 8015 195511 79394 74193 6231 3274
is_linear=0
shrinkage=0.08


Tree=43
num_leaves=31
num_cat=0
split_feature=15 39 6 33 0 21 0 5 27 8 39 7 2 8 31 39 7 21 7 5 5 8 8 7 13 0 8 0 31 2
split_gain=9713.36 2473.32 2154.51 859.185 826.833 956.925 1136.17 783.212 370.707 241.561 445.621 1237.26 548.711 756.513 472.487 279.827 333.082 815.717 666.546 1139.47 712.461 368.491 279.667 257.461 224.883 331.416 407.903 215.011 205.104 204.152
threshold=0.0086166666666666683 84.588697593174388 0.015593873359315467 4.2577166666666679 0.29463704427083337 4.1700000000000008 0.19958496093750003 2.3433327777777779 4.9169916666666671 0.2310557960493396 21.484546320856129 2.9001590277777782 4.5000000000000009 0.15838581393920592 2.7780833333333335 20.897873551139025 1.3330105555555558 0.98294166666666671 0.95618305555555572 0.94773722222222212 0.70314888888888916 0.0042210448158676609 0.033028002712820061 0.2976152777777778 1.0000000180025095e-35 0.10957845052083336 1.8880702079994602 0.20662434895833337 4.9390333333333336 1.5000000000000002
decision_type=2 2 2 2 2 2 2 2 2 2 2 2 2 2 2 2 2 2 2 2 2 2 2 2 2 2 2 2 2 2
left_child=2 3 -1 9 5 6 8 -5 28 10 14 -12 13 -13 15 16 17 18 19 20 -2 -20 -22 -11 25 26 -25 -8 -4 -19
right_child=1 -3 4 7 -6 -7 27 -9 -10 23 11 12 -14 -15 -16 -17 -18 29 21 -21 22 -23 -24 24 -26 -27 -28 -29 -30 -31
leaf_value=-0.0019392827784976904 2.4160087974935963e-05 0.12495940987228039 -0.0016126646862638383 -0.0052124336557149318 0.071547947210126112 -0.0024310832144128305 -0.0030231218977447298 0.00013195444250484911 -0.0013312059446452034 -0.0028321403603659757 -0.001346807750447745 -0.00047425008214840858 0.00024738204737023039 0.010987712408679044 3.0744829318507527e-06 -0.0045292764157214551 0.0099603656828136516 -0.00019774343677088525 7.3497701197222659e-06 -0.00019367386683975419 6.9884665225297126e-05 6.5818532573658214e-06 0.00062238977037361917 0.0005904011922523416 -0.00033532496371686094 0.00071320574040805611 -0.0020659948529418125 -0.0025286108018044867 0.00010446981502134309 -9.0920113255936737e-05
leaf_weight=47970 31392 13692 29237 7247 4307 13239 11667 3747 2620 9939 5278 2759 5535 2475 3057 886 5907 3872 6312 5380 8586 2108 7046 6862 203759 18346 635 13213 1640 4647
leaf_count=47970 31392 13692 29237 7247 4307 13239 11667 3747 2620 9939 5278 2759 5535 2475 3057 886 5907 3872 6312 5380 8586 2108 7046 6862 203759 18346 635 13213 1640 4647
internal_value=-0.00473221 0.00192563 -0.0240495 0.000605133 -0.0156638 -0.0177111 -0.0133073 -0.0214008 -0.00368869 0.00132779 0.00473583 -0.0074207 0.00813075 -0.0104394 0.00719912 0.00596091 0.00648718 0.00493374 0.00818098 0.00482406 0.00881422 0.0290736 0.0227687 -2.72187e-05 0.000518462 0.00754866 0.0217207 -0.0262572 -0.00123717 -0.018251
internal_weight=483360 359467 123893 345775 75923 71616 58377 10994 33497 334781 95240 16047 10769 5234 79193 76136 75250 69343 60824 52404 47024 8420 15632 239541 229602 25843 7497 24880 30877 8519
internal_count=483360 359467 123893 345775 75923 71616 58377 10994 33497 334781 95240 16047 10769 5234 79193 76136 75250 69343 60824 52404 47024 8420 15632 239541 229602 25843 7497 24880 30877 8519
is_linear=0
shrinkage=0.08


Tree=44
num_leaves=31
num_cat=0
split_feature=5 7 15 31 17 0 7 5 33 5 39 5 17 7 8 8 0 8 21 21 39 13 5 31 39 7 21 7 5 5
split_gain=9345.03 2707.61 1942.98 714.252 491.428 636.304 335.478 321.817 297.43 898.968 449.083 340.017 280.937 253.043 248.718 242.679 236.044 228.88 228.327 218.395 758.913 681.799 1279.99 510.812 271.011 357.472 733.776 755.41 1311.6 502.546
threshold=0.051556666666666674 15.70859513888889 0.0086166666666666683 1.247366666666667 4.1677000000000008 0.19958496093750003 0.77228666666666668 0.67756055555555561 3.3913000000000006 2.3248033333333336 33.498457628563202 2.370544444444445 4.396675000000001 1.2969436111111114 0.028112341566782838 1.9279260373660134 0.20662434895833337 0.2310557960493396 2.2067416666666673 13.813800000000002 22.979678365988566 2.8879416666666673 2.8321316666666667 2.7780833333333335 20.897873551139025 1.3330105555555558 0.98294166666666671 0.95618305555555572 0.9425177777777779 0.70314888888888916
decision_type=2 2 2 2 2 2 2 2 2 2 2 2 2 2 2 2 2 2 2 2 2 2 2 2 2 2 2 2 2 2
left_child=14 2 3 4 5 15 -5 -8 17 10 -10 -11 -6 -7 -1 -2 -9 19 -19 20 21 22 23 24 25 26 27 28 29 -4
right_child=1 -3 8 6 12 13 7 16 9 11 -12 -13 -14 -15 -16 -17 -18 18 -20 -21 -22 -23 -24 -25 -26 -27 -28 -29 -30 -31
leaf_value=-0.0017841401562178753 -0.0013966478712000407 0.12009327231687295 2.3324394416555096e-05 -0.0026664354243736295 -0.0022365965572598038 -0.0027812721459251517 9.6112229819635657e-05 -0.0081011844551220954 0.00082692697007274779 0.00032254425777026089 -0.0050408002913827233 -0.0026196916172852979 -0.0012247094690735871 -0.0057503998603222863 -0.0015696538981861405 -0.0069188139374107066 0.074545739444178874 -0.0008766676407466179 0.010508499328826275 0.011203224412962244 -0.00043631007557653589 0.00010752289522770298 -0.0012390631304119281 4.2363796623590136e-07 -0.0041669343024637231 0.0091635364281885678 -0.00011853088681217372 6.7617885101434182e-06 -0.00012356775823311851 6.9629699807567398e-05
leaf_weight=40050 20344 12396 30143 2843 8779 15346 2431 8200 1279 2166 6636 4856 4517 2632 12920 3348 3971 149764 86597 4717 3274 4422 4157 2796 919 5906 8519 8420 6676 14336
leaf_count=40050 20344 12396 30143 2843 8779 15346 2431 8200 1279 2166 6636 4856 4517 2632 12920 3348 3971 149764 86597 4717 3274 4422 4157 2796 919 5906 8519 8420 6676 14336
internal_value=-0.00426614 -0.000363763 -0.00145648 -0.013372 -0.0178481 -0.0135752 0.000731442 0.00562663 0.00104021 -0.010002 -0.0284877 0.0108345 -0.0312395 -0.0249238 -0.0359736 -0.0049637 0.000318791 0.00153905 0.000209679 0.00487161 0.00398803 0.00542239 0.00376979 0.00608325 0.00483028 0.00536649 0.00372896 0.00686932 0.00321454 0.00817734
internal_weight=483360 430390 417994 72411 54966 41670 17445 14602 345583 14937 7915 7022 13296 17978 52970 23692 12171 330646 236361 94285 89568 86294 81872 77715 74919 74000 68094 59575 51155 44479
internal_count=483360 430390 417994 72411 54966 41670 17445 14602 345583 14937 7915 7022 13296 17978 52970 23692 12171 330646 236361 94285 89568 86294 81872 77715 74919 74000 68094 59575 51155 44479
is_linear=0
shrinkage=0.08


Tree=45
num_leaves=31
num_cat=0
split_feature=5 5 15 31 17 0 7 5 33 5 39 0 17 8 8 7 0 39 39 39 8 39 5 2 7 39 8 8 39 19
split_gain=9060.37 2636.93 1850.64 685.14 512.45 587.727 332.409 324.476 283.865 907.881 447.163 336.993 280.52 279.253 242.749 236.392 202.584 201.459 486.422 624.246 481.6 648.569 935.97 839.384 703.705 469.992 785.207 348.826 347.474 555.786
threshold=0.051556666666666674 15.718418333333334 0.0086166666666666683 1.247366666666667 4.1677000000000008 0.19958496093750003 0.77228666666666668 0.67756055555555561 3.3913000000000006 2.3248033333333336 33.498457628563202 0.13387044270833334 4.396675000000001 0.0051176092131718452 1.9279260373660134 1.2969436111111114 0.20662434895833337 38.191846032040722 21.484546320856129 21.904534946812991 0.028112341566782838 6.3483714227597163 2.7784577777777781 4.5000000000000009 0.93931111111111132 22.603117462063601 0.34119780879711209 0.18500858910987505 6.1724848913477572 0.95262500000000017
decision_type=2 2 2 2 2 2 2 2 2 2 2 2 2 2 2 2 2 2 2 2 2 2 2 2 2 2 2 2 2 2
left_child=13 2 3 4 5 14 -5 -8 17 10 -10 -11 -6 -1 -2 -7 -9 18 20 -20 21 23 24 -4 -23 27 -27 -21 29 -25
right_child=1 -3 8 6 12 15 7 16 9 11 -12 -13 -14 -15 -16 -17 -18 -19 19 25 -22 22 -24 28 -26 26 -28 -29 -30 -31
leaf_value=-0.0016414089437204451 -0.0012849160415040375 0.11068832481021844 1.7191703971626281e-05 -0.002453120590423739 -0.0020576688326790194 -0.0025587703742511393 8.8423251434064789e-05 -0.0074530896987123185 0.00076077281246689666 0.00029674071714865137 -0.0046375362680721108 -0.0034915233670200154 -0.0011267327115477002 -0.0016284407220124443 -0.00636530882241785 -0.0052903678714965032 0.06858208028864457 0.011251222881031744 -0.0011399380799789682 0.00021898965196239572 6.7015737159837059e-05 5.1510320798087152e-06 3.8974692895266116e-07 9.0287343103323535e-06 -0.00016829453683392615 -0.00013123444418685181 -0.0012509507515255081 -0.0071601589499466914 7.4077188659771308e-06 -0.00011368233757447221
leaf_weight=37776 20344 12460 10022 2843 8779 15346 2431 8200 1279 2164 6636 4827 4517 15194 3348 2632 3971 25305 5071 2627 246201 2330 2741 2398 7301 4406 17459 1454 1057 2241
leaf_count=37776 20344 12460 10022 2843 8779 15346 2431 8200 1279 2164 6636 4827 4517 15194 3348 2632 3971 25305 5071 2627 246201 2330 2741 2398 7301 4406 17459 1454 1057 2241
internal_value=-0.00430122 -0.000458747 -0.00153997 -0.0131687 -0.0175527 -0.0131893 0.000644311 0.00551705 0.000897085 -0.00990205 -0.0284574 0.0111057 -0.0312274 -0.035522 -0.00491305 -0.0240961 0.000187331 0.00138397 0.000815439 -0.0086804 0.00188923 0.0118135 -0.00188813 0.0225983 -0.0136268 -0.00366299 -0.00831466 0.0212595 -0.00192416 -0.0113559
internal_weight=483360 430390 417930 72411 54966 41670 17445 14602 345519 14906 7915 6991 13296 52970 23692 17978 12171 330613 305308 31017 274291 28090 12372 15718 9631 25946 21865 4081 5696 4639
internal_count=483360 430390 417930 72411 54966 41670 17445 14602 345519 14906 7915 6991 13296 52970 23692 17978 12171 330613 305308 31017 274291 28090 12372 15718 9631 25946 21865 4081 5696 4639
is_linear=0
shrinkage=0.08


Tree=46
num_leaves=31
num_cat=0
split_feature=5 7 15 31 17 0 8 7 5 21 15 15 0 8 17 39 8 7 23 29 7 7 5 8 39 13 2 8 31 8
split_gain=9165.08 2533.31 1921.02 668.256 522.08 586.414 412.254 327.747 327.548 314.883 822.198 986.165 348.049 290.025 280.925 246.337 245.619 236.944 211.959 191.551 659.541 651.744 1005.68 652.467 576.448 1235.86 691.918 670.226 408.22 365.008
threshold=0.051556666666666674 15.70859513888889 0.0086166666666666683 1.247366666666667 4.1677000000000008 0.19958496093750003 0.2310557960493396 0.77228666666666668 0.67756055555555561 0.44736666666666675 4.3110583333333343 4.2140250000000004 0.13387044270833334 0.0051176092131718452 4.396675000000001 87.096866353668432 1.9279260373660134 1.2969436111111114 0.42796666666666677 0.98289166666666683 1.2969436111111114 0.95618305555555572 0.94773722222222212 0.028112341566782838 21.484546320856129 2.8879416666666673 4.5000000000000009 0.14952596296438883 0.97126666666666672 0.0088367937866199106
decision_type=2 2 2 2 2 2 2 2 2 2 2 2 2 2 2 2 2 2 2 2 2 2 2 2 2 2 2 2 2 2
left_child=13 2 3 4 5 16 19 -5 -9 10 11 18 -12 -1 -6 -3 -2 -7 -8 21 -21 22 23 -4 -22 -26 27 -27 -24 -23
right_child=1 15 6 7 14 17 9 8 -10 -11 12 -13 -14 -15 -16 -17 -18 -19 -20 20 24 29 28 -25 25 26 -28 -29 -30 -31
leaf_value=-0.0015100962282228094 -0.0011821227581837147 -0.0046334159792866102 1.5816367653895825e-05 -0.0022568709431898398 -0.0018930553260646979 -0.0023540687443110481 -0.0032397826479245583 8.1349391319339613e-05 5.360856247573764e-06 0.00097240506373255545 0.00046848911640486919 -0.0042665333666263199 -0.0037431994034500971 -0.0014981654642514486 -0.0010365940946238841 0.10689528758497119 -0.005856084116624422 -0.0048671384417767827 0.00046117267124799353 -0.00011440967483999032 0.00057442620881811737 4.8455091116039736e-06 -0.00015483097388720778 7.4840078138480598e-05 -0.0010487430335806636 -0.00039090651399547482 8.140189145247945e-05 0.0086740488113471771 6.9760279251278591e-05 -1.4299518316667204e-05
leaf_weight=37776 20344 983 9649 2843 8779 15346 31058 2431 12171 180905 5551 6111 2877 15194 4517 11413 3348 2632 24796 8438 9895 6406 4796 36132 4203 2644 6875 2619 587 2041
leaf_count=37776 20344 983 9649 2843 8779 15346 31058 2431 12171 180905 5551 6111 2877 15194 4517 11413 3348 2632 24796 8438 9895 6406 4796 36132 4203 2644 6875 2619 587 2041
internal_value=-0.00404882 -0.000184205 -0.00124117 -0.0130892 -0.0174188 -0.0130146 0.00124138 0.000552594 0.00539104 -0.000451098 -0.00499084 -0.00817946 0.0184528 -0.0354495 -0.0312214 0.0354566 -0.00474759 -0.0239092 -0.00484119 0.00575235 0.0010244 0.00850246 0.00510359 0.00894956 0.0072816 -0.00194603 0.0110002 -0.0108303 -0.0276054 0.0290896
internal_weight=483360 430390 417994 72411 54966 41670 345583 17445 14602 251298 70393 61965 8428 52970 13296 12396 23692 17978 55854 94285 34674 59611 51164 45781 26236 16341 12138 5263 5383 8447
internal_count=483360 430390 417994 72411 54966 41670 345583 17445 14602 251298 70393 61965 8428 52970 13296 12396 23692 17978 55854 94285 34674 59611 51164 45781 26236 16341 12138 5263 5383 8447
is_linear=0
shrinkage=0.08


Tree=47
num_leaves=31
num_cat=0
split_feature=5 7 15 31 17 0 39 39 13 5 7 13 8 39 2 31 5 0 39 19 15 7 5 8 8 17 8 39 8 39
split_gain=8872.66 2580.25 1616.48 630.168 566.346 491.129 478.34 1193.25 745.252 926.337 611.995 725.697 590.07 845.978 592.059 709.05 420.915 402.096 347.474 555.786 477.015 319.72 327.548 302.381 297.681 280.716 258.732 248.866 245.937 240.839
threshold=0.051556666666666674 15.70859513888889 0.0086166666666666683 1.247366666666667 4.1677000000000008 0.19958496093750003 19.504600229175338 33.883782758990002 2.8879416666666673 2.2472594444444449 2.979669166666667 3.3979000000000004 0.028112341566782838 7.1722467952521516 4.5000000000000009 0.9848083333333334 1.6960388888888893 0.12923177083333334 6.1724848913477572 0.95262500000000017 0.70282500000000014 0.77228666666666668 0.67756055555555561 0.053743978479683686 0.0051176092131718452 4.396675000000001 0.22010326211700934 14.44539760593525 1.9279260373660134 87.096866353668432
decision_type=2 2 2 2 2 2 2 2 2 2 2 2 2 2 2 2 2 2 2 2 2 2 2 2 2 2 2 2 2 2
left_child=24 2 3 4 5 28 12 8 9 -8 23 -12 13 14 15 -4 -15 -9 19 20 -16 -5 -23 -10 -1 -6 -19 -14 -2 -3
right_child=1 29 6 21 25 -7 7 17 10 -11 11 -13 27 16 18 -17 -18 26 -20 -21 -22 22 -24 -25 -26 -27 -28 -29 -30 -31
leaf_value=-0.0013892885299649849 -0.0010875529375290174 -0.0042627427009436763 7.0560622004922635e-06 -0.0020763212677346525 -0.0017416108999795221 -0.0021657432447661643 -0.0024714434528411112 0.010145349552188883 0.00019495832848921425 -0.0028971879311828984 -8.9463167532279899e-05 0.0037856757668048146 8.3161950374943678e-08 -0.00014244449597622833 -9.3019743237210412e-06 -5.1547696316571744e-05 0.084449368693417168 0.0088122301933442771 6.4274606277692214e-06 -9.2201272657534971e-05 7.0411261531955203e-06 7.4841440013792435e-05 4.9319877477671527e-06 0.015795664262118727 -0.0013783122271113326 -0.00095366656705397348 -0.0056442483949699354 0.0086994261507750536 -0.0053875973872944682 0.098343664578173534
leaf_weight=37776 20344 983 13433 2843 8779 17978 11229 9937 2503 16128 4898 9541 213077 2876 733 1844 626 4873 1057 2241 1665 2431 12171 4808 15194 4517 18946 25168 3348 11413
leaf_count=37776 20344 983 13433 2843 8779 17978 11229 9937 2503 16128 4898 9541 213077 2876 733 1844 626 4873 1057 2241 1665 2431 12171 4808 15194 4517 18946 25168 3348 11413
internal_value=-0.00450248 -0.000700016 -0.00176672 -0.0126351 -0.0168395 -0.0122525 0.000510558 -0.00478911 -0.0127485 -0.021536 -0.00169563 -0.0112445 0.0021821 0.014011 0.0200887 0.0282961 -0.0223872 0.0067899 -0.00192416 -0.0113559 0.0154128 0.00061221 0.00539104 0.0171632 -0.0353981 -0.0312154 0.00115034 0.000966904 -0.00468681 0.0352694
internal_weight=483360 430390 417994 72411 54966 41670 345583 82863 49107 27357 21750 14439 262720 24475 20973 15277 3502 33756 5696 4639 2398 17445 14602 7311 52970 13296 23819 238245 23692 12396
internal_count=483360 430390 417994 72411 54966 41670 345583 82863 49107 27357 21750 14439 262720 24475 20973 15277 3502 33756 5696 4639 2398 17445 14602 7311 52970 13296 23819 238245 23692 12396
is_linear=0
shrinkage=0.08


Tree=48
num_leaves=31
num_cat=0
split_feature=5 7 15 33 31 0 17 0 8 7 5 8 17 8 7 21 23 27 27 15 2 39 39 7 19 7 5 23 39 31
split_gain=9027.22 2496.99 1740.99 1267.47 626.349 623.004 571.979 489.876 457.625 317.27 327.548 306.245 280.716 246.249 201.968 196.337 214.016 189.7 566.567 379.63 260.165 239.118 636.511 634.735 459.693 391.304 641.662 306.122 276.679 889.123
threshold=0.051556666666666674 16.545797083333337 0.0086166666666666683 4.2577166666666679 1.247366666666667 0.12923177083333334 4.1677000000000008 0.19958496093750003 0.2310557960493396 0.77228666666666668 0.67756055555555561 0.0051176092131718452 4.396675000000001 1.9279260373660134 1.2969436111111114 2.2067416666666673 1.3577083333333337 0.70282500000000014 0.72512500000000013 0.38289166666666669 4.5000000000000009 6.1724848913477572 6.3112954564871666 0.95264083333333349 0.77008333333333345 1.3330105555555558 0.94773722222222212 0.89676666666666682 22.979678365988566 13.753283333333334
decision_type=2 2 2 2 2 2 2 2 2 2 2 2 2 2 2 2 2 2 2 2 2 2 2 2 2 2 2 2 2 2
left_child=11 2 4 8 6 -5 7 13 17 -6 -11 -1 -8 -2 -9 -10 -17 19 -19 -4 -21 23 -23 24 -20 26 27 -24 -27 -30
right_child=1 -3 3 5 9 -7 12 14 15 10 -12 -13 -14 -15 -16 16 -18 18 21 20 -22 22 25 -25 -26 28 -28 -29 29 -31
leaf_value=-0.0012781454475677861 -0.0010005487025266961 0.094322071119146214 0.00038182111811166044 -0.0034480743346765766 -0.0019102155663158805 0.00087219600159413107 -0.0016022820279811604 -0.0019924837851848713 -0.0008458840145680013 6.8854124812689049e-05 4.5374287279464912e-06 -0.0012680472489424261 -0.00087737324168965557 -0.0049565895963109112 -0.0043045079068533476 0.016928316142996173 0.0036632754666275956 0.000119540293805942 -0.00084911747498423124 -3.5941134906396499e-05 -1.7658522682992841e-05 5.9132637775505257e-06 -2.9688236536191683e-05 -0.00033662658060681141 0.00049719834392421443 8.8254838375831918e-05 -0.00010526355380881647 1.1118154048697094e-05 -0.00035247693947326297 0.0090568641411796595
leaf_weight=37776 20344 10852 13421 7427 2843 4024 8779 15346 152250 2431 12171 15194 4517 3348 2632 15719 72847 8024 3480 8206 4738 7947 1107 3044 3884 18173 10319 3951 3175 5391
leaf_count=37776 20344 10852 13421 7427 2843 4024 8779 15346 152250 2431 12171 15194 4517 3348 2632 15719 72847 8024 3480 8206 4738 7947 1107 3044 3884 18173 10319 3951 3175 5391
internal_value=-0.00414846 -0.000313018 -0.00129304 0.00106071 -0.0125765 -0.0251122 -0.0167682 -0.0121584 0.00195355 0.000630553 0.00539104 -0.0353121 -0.0312154 -0.0046024 -0.0221159 9.96612e-05 0.00309464 0.00665992 0.00887948 0.000893609 -0.00888133 0.0062291 0.00852286 -0.004804 0.00789788 0.00460443 -0.00556415 0.0177778 0.0104521 -0.00140089
internal_weight=483360 430390 419538 347127 72411 11451 54966 41670 335676 17445 14602 52970 13296 23692 17978 240816 88566 94860 68495 26365 12944 60471 50063 10408 7364 42116 15377 5058 26739 8566
internal_count=483360 430390 419538 347127 72411 11451 54966 41670 335676 17445 14602 52970 13296 23692 17978 240816 88566 94860 68495 26365 12944 60471 50063 10408 7364 42116 15377 5058 26739 8566
is_linear=0
shrinkage=0.08


Tree=49
num_leaves=31
num_cat=0
split_feature=5 7 6 0 8 0 21 15 0 39 23 19 13 31 19 0 39 39 39 23 0 8 39 2 6 7 39 7 15 8
split_gain=8694.42 2542.95 1287.17 1676.13 1266.24 756.632 822.127 459.248 321.512 258.326 256.575 307.933 222.158 330.566 446.822 242.044 432.428 627.383 294.647 222.597 289.686 198.726 195.755 279.192 251.167 194.533 191.629 252.583 183.342 850.123
threshold=0.033916666666666671 16.545797083333337 2.0548554561780024 0.13387044270833334 1.9279260373660134 0.19120279947916669 0.055033333333333344 4.2856250000000014 0.20662434895833337 0.11723065889459433 4.9306333333333336 4.9324250000000012 0.0026166666666666669 4.9390333333333336 4.9324250000000012 0.17399088541666671 3.7604747888284096 3.8697115842823631 4.2075010275415723 4.9306333333333336 0.10957845052083336 0.028112341566782838 3.1761061086192517 4.5000000000000009 0.0089821603068405646 2.043234305555556 0.41728229778635911 0.39892194444444457 2.9796750000000007 0.36609750844617445
decision_type=2 2 2 2 2 2 2 2 2 2 2 2 2 2 2 2 2 2 2 2 2 2 2 2 2 2 2 2 2 2
left_child=9 2 5 4 7 12 25 10 -5 21 11 -4 13 14 19 28 22 -18 -19 20 -2 -1 26 24 -24 -7 -17 -28 -14 -30
right_child=1 -3 3 8 -6 6 -8 -9 -10 -11 -12 -13 15 -15 -16 16 17 18 -20 -21 -22 -23 23 -25 -26 -27 27 -29 29 -31
leaf_value=-0.0011758938117623632 0.0007058936011054964 0.086776305429614523 -0.0029291420872712515 -0.016433778532136307 -0.0014740994657426677 -0.0018330850823700814 -0.00068518171031374032 0.00049867405530188975 0.024306994269084205 0.00055871093336005485 0.21771851630540603 0.32537406400207536 3.4203223044304568e-06 6.3345794827673917e-05 -0.028854664478764346 -0.00098264951771460897 0.00018136770121402357 -0.00066747840173516867 0.006569809906753008 -0.010440312619100858 0.00072657880267529068 -0.000982244333345837 1.6861864058048683e-05 -1.6245840868354124e-05 -3.3065844113888687e-05 0.043058859164786051 0.0004327834005725273 -0.0001345951944789947 -5.4107958971840734e-05 -0.0004056723107790816
leaf_weight=39637 7518 10852 3451 16014 20596 24971 50037 1544 21797 803 2104 565 162725 2943 1720 9507 7933 3408 26295 741 9709 10728 968 3288 1197 1645 4052 8254 4294 24064
leaf_count=39637 7518 10852 3451 16014 20596 24971 50037 1544 21797 803 2104 565 162725 2943 1720 9507 7933 3408 26295 741 9709 10728 968 3288 1197 1645 4052 8254 4294 24064
internal_value=-0.00461933 -0.000927551 -0.00191237 -0.0121657 -0.0269045 -5.51695e-06 -0.00704421 0.00085595 -0.00114993 -0.0358021 -0.00898039 -0.0208367 0.00193097 0.00952852 0.00579033 0.00125929 0.00548026 0.0110384 0.00570043 0.00951915 0.0113659 -0.0365198 -0.00219174 -0.0157491 0.00655889 -0.018404 0.00119745 0.00778807 -0.000174374 -0.00611045
internal_weight=483360 432192 421340 66071 28260 355269 76653 7664 37811 51168 6120 4016 278616 22631 19688 255985 64902 37636 29703 17968 17227 50365 27266 5453 2165 26616 21813 12306 191083 28358
internal_count=483360 432192 421340 66071 28260 355269 76653 7664 37811 51168 6120 4016 278616 22631 19688 255985 64902 37636 29703 17968 17227 50365 27266 5453 2165 26616 21813 12306 191083 28358
is_linear=0
shrinkage=0.08


Tree=50
num_leaves=31
num_cat=0
split_feature=5 7 6 0 8 0 21 15 0 23 19 8 31 13 19 19 8 7 8 19 2 8 8 8 39 31 13 5 2 7
split_gain=8798.81 2447.98 1356.43 1672.73 1265.98 752.99 765.294 459.248 277.803 256.575 307.933 256.27 218.191 353.295 271.199 749.46 688.341 342.538 300.211 291.175 510.565 284.886 244.813 239.719 362.091 811.604 453.313 1298.88 218.076 397.706
threshold=0.033916666666666671 16.545797083333337 2.0548554561780024 0.13387044270833334 1.9279260373660134 0.19120279947916669 0.055033333333333344 4.2856250000000014 0.48262532552083337 4.9306333333333336 4.9324250000000012 0.0051176092131718452 1.3570083333333336 0.0026166666666666669 0.93963333333333343 0.9558916666666667 0.028112341566782838 0.7024677777777778 0.0088367937866199106 0.98476666666666679 1.0000000180025095e-35 1.0000000180025095e-35 0.0016754309555670891 0.22010326211700934 22.979678365988566 13.753283333333334 2.8777416666666671 2.8321316666666667 2.5000000000000004 1.7260038888888889
decision_type=2 2 2 2 2 2 2 2 2 2 2 2 2 2 2 2 2 2 2 2 2 2 2 2 2 2 2 2 2 2
left_child=11 2 5 4 7 12 -7 9 -5 10 -4 -1 14 -14 16 18 17 -2 -16 20 -17 -22 -21 24 26 -26 27 28 -15 -30
right_child=1 -3 3 8 -6 6 -8 -9 -10 -11 -12 -13 13 23 15 19 -18 -19 -20 22 21 -23 -24 -25 25 -27 -28 -29 29 -31
leaf_value=-0.0010818223068213742 -5.845467293719153e-06 0.079834200995245366 -0.0026948107202895517 -0.01285921136667092 -0.0013561715084832544 -0.0016107515144210035 -0.00063036717348864181 0.0004587801308777386 0.047995610204735827 0.20030103500097354 0.29934413888190936 -0.0010855001857940439 0.0004936063917156759 0.00018125037844043845 -5.8168670180736016e-05 -7.1842474462791024e-07 6.2478737811619004e-05 3.1445745714986371e-05 -0.00017762140270454198 -0.00013028213575188021 5.7448903378976015e-06 8.817945812653605e-06 -0.00037845395765669033 0.0024809969410652145 -0.00031995014759765182 0.0088701473156599774 8.0920825521388909e-05 -0.00097679380661801923 0.0085695196216281043 -0.0036416290703851929
leaf_weight=37776 1111 10852 3451 24054 20596 26616 50037 1544 13757 2104 565 13392 7434 5321 4828 1518 102045 7267 1734 3199 5797 4811 43599 70380 3159 4820 5794 2781 2134 884
leaf_count=37776 1111 10852 3451 24054 20596 26616 50037 1544 13757 2104 565 13392 7434 5321 4828 1518 102045 7267 1734 3199 5797 4811 43599 70380 3159 4820 5794 2781 2134 884
internal_value=-0.00439987 -0.000685991 -0.00165225 -0.0121778 -0.0269016 0.000305233 -0.0067165 0.00085595 -0.0011732 -0.00898039 -0.0208367 -0.0357692 0.00223706 0.00516693 0.000526409 -0.00355252 0.0029454 0.0249893 -0.0291984 -0.00069649 0.0103513 0.0165611 -0.00355913 0.00385629 0.0106038 -0.00344404 0.0172307 0.00777698 0.0235664 0.00638834
internal_weight=483360 432192 421340 66071 28260 355269 76653 7664 37811 6120 4016 51168 278616 102707 175909 65486 110423 8378 6562 58924 12126 10608 46798 95273 24893 7979 16914 11120 8339 3018
internal_count=483360 432192 421340 66071 28260 355269 76653 7664 37811 6120 4016 51168 278616 102707 175909 65486 110423 8378 6562 58924 12126 10608 46798 95273 24893 7979 16914 11120 8339 3018
is_linear=0
shrinkage=0.08


Tree=51
num_leaves=31
num_cat=0
split_feature=5 7 6 0 8 15 0 21 0 8 7 8 39 7 6 7 7 7 8 8 5 23 2 2 23 19 39 0 8 5
split_gain=8479 2454.77 1212.39 1687.34 1265.98 459.248 446.281 545.985 282.018 346.552 358.617 276.118 264.765 314.532 660.821 647.993 616.688 584.97 330.795 274.596 769.676 609.775 610.73 522.092 256.575 307.933 251.133 228.567 187.541 234.33
threshold=0.033916666666666671 16.545797083333337 2.0548554561780024 0.13387044270833334 1.9279260373660134 4.2856250000000014 0.19120279947916669 0.66570000000000007 0.17399088541666671 0.028112341566782838 0.7024677777777778 0.0051176092131718452 38.191846032040722 2.979669166666667 0.20623825888501876 2.8775041666666668 2.8535286111111118 2.7981952777777783 0.044602348909807014 0.0016093407863303846 0.95580166666666611 0.9848083333333334 1.0000000180025095e-35 1.5000000000000002 4.9306333333333336 4.9324250000000012 3.8697115842823631 0.20662434895833337 0.21580736211888477 1.1997850000000001
decision_type=2 2 2 2 2 2 2 2 2 2 2 2 2 2 2 2 2 2 2 2 2 2 2 2 2 2 2 2 2 2
left_child=11 2 6 4 5 24 8 -8 12 10 -10 -1 13 15 -15 16 17 19 -17 20 23 22 -22 -2 25 -4 -12 -5 29 -21
right_child=1 -3 3 27 -6 -7 7 -9 9 -11 26 -13 -14 14 -16 18 -18 -19 -20 28 21 -23 -24 -25 -26 -27 -28 -29 -30 -31
leaf_value=-0.00099527652227566436 9.7016644299277038e-05 0.073447464915625746 -0.0024792258626663874 -0.014090339340231725 -0.0012476777878045939 0.00042207772040751948 -0.0015575781546267947 0.00095804251873982344 -5.3778299102180685e-06 0.00025184375508262579 3.4265893858078658e-05 -0.00099866017093052034 0.0098484895136865796 -2.4183310446268538e-05 -0.0040685417052567455 7.4447159479689167e-05 -0.00089865030208859055 0.0001643454618341167 -0.0046735816428902059 5.4695991071795903e-05 -6.6095076506123013e-07 -0.00011985956489173333 5.2852991108665041e-06 -5.351517656627891e-05 0.18427695220089566 0.27539660777135661 -0.011304008151161541 0.020712470140702273 -0.00024448710407359186 0.0032372966229361568
leaf_weight=37776 651 10852 3451 16014 20596 1544 39294 37359 1098 63445 4362 13392 16649 4321 12008 3775 2777 3065 846 23593 1000 4716 5924 6715 2104 565 279 21797 118444 4948
leaf_count=37776 651 10852 3451 16014 20596 1544 39294 37359 1098 63445 4362 13392 16649 4321 12008 3775 2777 3065 846 23593 1000 4716 5924 6715 2104 565 279 21797 118444 4948
internal_value=-0.00484078 -0.00119502 -0.00216262 -0.0121136 -0.0269016 0.00085595 -0.000311989 -0.00571771 0.00117524 0.00560361 0.0244293 -0.0356348 -0.000287635 -0.00112354 -0.011746 -0.000140547 -0.00093556 -0.000321314 0.0294222 -0.000960775 -0.0100095 0.00279725 0.0179087 -0.0302471 -0.00898039 -0.0208367 0.0341564 -0.00106107 0.000209273 0.00603062
internal_weight=483360 432192 421340 66071 28260 7664 355269 76653 278616 69184 5739 51168 209432 192783 16329 176454 171833 169056 4621 165991 19006 11640 6924 7366 6120 4016 4641 37811 146985 28541
internal_count=483360 432192 421340 66071 28260 7664 355269 76653 278616 69184 5739 51168 209432 192783 16329 176454 171833 169056 4621 165991 19006 11640 6924 7366 6120 4016 4641 37811 146985 28541
is_linear=0
shrinkage=0.08


Tree=52
num_leaves=31
num_cat=0
split_feature=5 7 33 25 33 5 0 0 5 8 7 21 31 7 0 0 0 39 39 39 39 17 6 17 17 17 8 39 15 7
split_gain=8661.32 2287.36 1066.09 916.091 673.468 820.295 335.592 572.891 303.251 281.485 277.047 232.987 240.838 416.546 275.66 187.316 173.399 461.319 614.592 462.016 257.585 241.049 824.248 559.934 648.052 497.366 339.514 260.335 275.744 456.472
threshold=0.033916666666666671 16.545797083333337 -4.2133166666666657 4.1787083333333337 4.2577166666666679 2.3248033333333336 0.19120279947916669 0.29463704427083337 2.3433327777777779 0.0051176092131718452 2.3032472222222222 0.0086166666666666683 0.84219166666666678 0.52914305555555574 0.20662434895833337 0.22021484375000003 0.17399088541666671 3.7604747888284096 3.8697115842823631 3.1761061086192517 4.2833573769207822 2.9796750000000007 0.15071624193127489 2.8778916666666672 2.832333333333334 2.7777750000000005 0.0088367937866199106 38.191846032040722 5.007200000000001 0.83704472222222226
decision_type=2 2 2 2 2 2 2 2 2 2 2 2 2 2 2 2 2 2 2 2 2 2 2 2 2 2 2 2 2 2
left_child=9 2 3 -2 6 -6 16 11 -7 -1 -5 12 -8 14 -14 -13 21 19 -19 -18 -20 23 -23 24 25 27 -25 28 -4 -30
right_child=1 -3 4 10 5 8 7 -9 -10 -11 -12 15 13 -15 -16 -17 17 18 20 -21 -22 22 -24 26 -26 -27 -28 -29 29 -31
leaf_value=-0.00091565440049361127 0.044993327043083425 0.067571667722375828 -1.5152576239430005e-06 -0.0011478635647802265 -0.0039020151309829745 2.5976214025860145e-05 -0.0017708927600824553 0.012055951790131764 -0.00017516995663996226 -0.0009187673572560788 -0.0091591357754470699 -0.00088309833959631051 0.00014286652500587456 -0.0022452352104865713 -0.0032088580234767568 -0.026138675948720175 3.7332938380079398e-05 0.00014171248568536576 -0.00023109574629899044 -3.9646867881515392e-05 0.0085343349046930767 -2.2248645610574158e-05 -0.00015892908873630786 6.849138672130551e-05 -0.00082675827792151331 0.00015119782488739019 -0.0024688690621496433 0.0088316095676940522 0.00047367684870430917 -0.0016189744053142915
leaf_weight=37776 6330 10852 162020 10081 9667 1440 19871 34127 5151 13392 1463 30314 2105 2867 692 7400 23469 7933 5279 5478 27358 4225 30229 3703 3286 3374 1372 8472 2651 983
leaf_count=37776 6330 10852 162020 10081 9667 1440 19871 34127 5151 13392 1463 30314 2105 2867 692 7400 23469 7933 5279 5478 27358 4225 30229 3703 3286 3374 1372 8472 2651 983
internal_value=-0.0044755 -0.00079076 -0.00172478 -0.0208437 -0.000877794 -0.0168286 -0.000208054 -0.00427128 0.004934 -0.0355988 -0.034255 -0.00877864 -0.0146795 -0.000127119 0.0218377 -0.00478337 0.00115708 0.00464059 0.0101454 -0.00307458 0.00529093 5.79171e-05 -0.00608812 0.00119724 0.00046154 0.00111324 0.0274049 0.000523759 -0.000175788 0.0216181
internal_weight=483360 432192 421340 17874 403466 16258 387208 97376 6591 51168 11544 63249 25535 5664 2797 37714 289832 69517 40570 28947 32637 220315 34454 185861 180786 177500 5075 174126 165654 3634
internal_count=483360 432192 421340 17874 403466 16258 387208 97376 6591 51168 11544 63249 25535 5664 2797 37714 289832 69517 40570 28947 32637 220315 34454 185861 180786 177500 5075 174126 165654 3634
is_linear=0
shrinkage=0.08


Tree=53
num_leaves=31
num_cat=0
split_feature=5 39 33 25 33 5 0 0 5 8 7 7 21 31 7 0 39 0 8 33 25 7 6 7 7 8 7 23 17 17
split_gain=8746.57 2119.62 1112.48 886.789 705.044 814.526 342.879 504.835 293.711 293.3 278.707 216.25 212.399 224.836 419.376 263.746 176.753 175.113 173.519 157.475 142.273 271.944 618.808 578.91 775.417 396.015 383.915 258.66 209.713 747.559
threshold=0.033916666666666671 87.096866353668432 -4.2133166666666657 4.1787083333333337 4.2577166666666679 2.3248033333333336 0.19120279947916669 0.29463704427083337 2.3433327777777779 0.0051176092131718452 2.3032472222222222 15.362545833333334 0.0086166666666666683 0.84219166666666678 0.52914305555555574 0.20662434895833337 23.065076280618715 0.22021484375000003 1.8819932479226329 0.0070666666666666681 1.3057166666666669 3.0295959722222228 0.015593873359315467 2.8775041666666668 2.8535286111111118 0.0088367937866199106 2.7981952777777783 4.2147750000000004 0.93996666666666695 0.9558916666666667
decision_type=2 2 2 2 2 2 2 2 2 2 2 2 2 2 2 2 2 2 2 2 2 2 2 2 2 2 2 2 2 2
left_child=9 2 3 -2 6 18 20 12 -7 -1 -5 -3 13 -8 15 -15 -10 -14 -6 -11 27 23 -23 24 26 -25 -22 28 -4 -30
right_child=1 11 4 10 5 8 7 -9 16 19 -12 -13 17 14 -16 -17 -18 -19 -20 -21 21 22 -24 25 -26 -27 -28 -29 29 -31
leaf_value=-0.00084240204845412246 0.041445688384193304 -0.00063039588081185375 1.7464967385079077e-05 -0.0010560344795978083 0.0030101935392912371 2.3898116903779965e-05 -0.0016292213392758593 0.011100657987220189 0.050886103743202626 -0.00084526596867559253 -0.0080573238961798316 0.058994059674327276 -0.00082455272982495447 0.0001314372030054046 -0.0020656163936476454 -0.0029521493815986163 -0.00016115636010873401 -0.024502095130924498 -0.0035898539205043534 0.00075424827580970191 0.0022728624337111647 -0.0002906395793052852 0.001082034795915643 3.4050311264941516e-05 -0.0007606176156878064 -0.0010979929617686679 0.00013910199889640042 -0.013500970071879764 -4.9112741831063293e-05 -4.8685409394622068e-07
leaf_weight=37776 6304 1249 112924 10081 890 1440 19869 34122 2502 12663 1452 11553 30295 2105 2867 692 2027 7404 8762 729 66593 2799 30996 5084 2871 1978 3367 1893 6594 53479
leaf_count=37776 6304 1249 112924 10081 890 1440 19869 34122 2502 12663 1452 11553 30295 2105 2867 692 2027 7404 8762 729 66593 2799 30996 5084 2871 1978 3367 1893 6594 53479
internal_value=-0.00424297 -0.00054013 -0.00151897 -0.0210686 -0.000650574 -0.0173126 2.38384e-05 -0.0040816 0.00591724 -0.0355191 -0.0342565 0.0315263 -0.00831351 -0.0139474 0.000112994 0.0221523 -0.0040892 -0.00449773 -0.0316784 -0.0253465 0.00140884 0.00361199 -0.00240391 0.00615673 0.00403619 0.0280261 0.0057084 -2.33289e-05 0.000298502 -0.00352038
internal_weight=483360 432192 419390 17837 401553 15621 385932 97354 5969 51168 11533 12802 63232 25533 5664 2797 4529 37699 9652 13392 288578 113688 33795 79893 72831 7062 69960 174890 172997 60073
internal_count=483360 432192 419390 17837 401553 15621 385932 97354 5969 51168 11533 12802 63232 25533 5664 2797 4529 37699 9652 13392 288578 113688 33795 79893 72831 7062 69960 174890 172997 60073
is_linear=0
shrinkage=0.08


Tree=54
num_leaves=31
num_cat=0
split_feature=5 7 33 13 33 5 0 0 5 8 21 31 7 33 2 6 7 5 5 7 8 8 39 2 5 5 39 2 31 5
split_gain=8672.83 1935 1121.14 881.927 701.465 807.976 311.921 441.695 307.805 300.448 186.581 205.41 420.573 241.716 171.635 250.963 527.563 507.765 422.6 493.825 225.676 185.02 694.133 533.742 640.693 489.142 610.359 521.252 280.228 252.648
threshold=0.033916666666666671 16.545797083333337 -4.2133166666666657 4.3965666666666676 4.2577166666666679 2.3248033333333336 0.19120279947916669 0.29463704427083337 2.3433327777777779 0.0051176092131718452 0.0086166666666666683 0.84219166666666678 0.52914305555555574 -0.69565833333333293 4.5000000000000009 0.0029327786267253843 0.95618305555555572 2.9796766666666672 2.8877716666666671 0.96672611111111117 1.9538731451523244 0.028112341566782838 6.2427642252175177 3.5000000000000004 0.97198388888888909 1.7231361111111114 7.1722467952521516 1.0000000180025095e-35 0.96705833333333346 0.92026888888888891
decision_type=2 2 2 2 2 2 2 2 2 2 2 2 2 2 2 2 2 2 2 2 2 2 2 2 2 2 2 2 2 2
left_child=9 2 3 -2 6 -6 14 10 -7 -1 11 -8 13 -13 21 16 -16 18 19 -18 -17 22 -4 25 -25 26 27 28 -24 -29
right_child=1 -3 4 -5 5 8 7 -9 -10 -11 -12 12 -14 -15 15 20 17 -19 -20 -21 -22 -23 23 24 -26 -27 -28 29 -30 -31
leaf_value=-0.00077500988457779264 -0.00097155172122998358 0.05744640953063964 1.3454618303496702e-05 -0.0021045759501028337 -0.0033026656068640393 2.198626755145483e-05 -0.0014988836321337907 0.010203423007943612 -0.00014826385130000121 -0.00077764469118154524 -0.0020035690752412305 0.00012092222676497222 -0.0019003670821558338 -0.0027615994784935694 -3.7872315841802621e-05 3.2949105918866626e-05 4.4443306725305834e-06 -2.2768710134712933e-06 0.00015139487471667933 -0.00069976820643276479 -0.012420892466129416 0.00017206126994393501 8.797933597444185e-05 5.0226441194300975e-06 -0.00026738841296086946 6.028805088241995e-05 -0.00010991653008161961 -2.7097225710441821e-05 -4.4790576643194412e-07 7.0560256674490061e-06
leaf_weight=37776 8925 10852 5670 8949 9667 1440 19871 34127 5151 13392 37714 2066 2867 731 6562 65185 1180 1426 2753 2143 1471 181763 355 874 3703 7024 2260 412 1711 5340
leaf_count=37776 8925 10852 5670 8949 9667 1440 19871 34127 5151 13392 37714 2066 2867 731 6562 65185 1180 1426 2753 2143 1471 181763 355 874 3703 7024 2260 412 1711 5340
internal_value=-0.00432506 -0.000637865 -0.00149694 -0.0211033 -0.000628355 -0.0169074 5.51641e-05 -0.00386214 0.00469125 -0.035469 -0.00781989 -0.0131005 0.000338983 0.0224097 0.00137128 -0.00176214 -0.0114733 0.00301786 0.0131007 -0.00610292 0.000286846 0.00258082 0.00871549 0.00219752 -0.0220669 0.00869138 -0.00260369 0.00798158 -0.026486 0.0203616
internal_weight=483360 432192 421340 17874 403466 16258 387208 97376 6591 51168 63249 25535 5664 2797 289832 80720 14064 7502 6076 3323 66656 209112 27349 21679 4577 17102 10078 7818 2066 5752
internal_count=483360 432192 421340 17874 403466 16258 387208 97376 6591 51168 63249 25535 5664 2797 289832 80720 14064 7502 6076 3323 66656 209112 27349 21679 4577 17102 10078 7818 2066 5752
is_linear=0
shrinkage=0.08


Tree=55
num_leaves=31
num_cat=0
split_feature=5 5 33 13 33 5 8 5 8 31 31 8 31 2 8 8 7 7 31 15 0 27 5 27 27 33 39 8 19 8
split_gain=8731.36 1725.56 1149.84 880.369 721.698 805.103 311.787 308.03 221.095 197.051 812.422 675.659 325.829 618.874 613.875 318.083 301.849 228.85 226.728 222.547 212.799 235.912 314.41 235.324 230.23 188.24 217.086 187.64 183.463 173.528
threshold=0.033916666666666671 16.594263888888893 -4.2133166666666657 4.3965666666666676 4.2577166666666679 2.3248033333333336 0.0051176092131718452 2.3433327777777779 3.9364678052625863 0.95588333333333353 0.93962500000000004 0.028112341566782838 0.9848083333333334 1.0000000180025095e-35 0.00080675118969205718 0.0088367937866199106 0.7024677777777778 0.93931111111111132 1.0235500000000004 2.8324916666666673 0.18542480468750003 0.70356666666666678 0.41923833333333327 4.9169916666666671 0.73840833333333344 0.63859166666666689 4.2991457515861304 0.25344928680947792 0.76011666666666677 1.8819932479226329
decision_type=2 2 2 2 2 2 2 2 2 2 2 2 2 2 2 2 2 2 2 2 2 2 2 2 2 2 2 2 2 2
left_child=6 2 3 -2 8 29 -1 -7 9 10 11 16 13 -11 -15 -12 -4 -18 -14 20 23 22 25 27 -23 -22 -27 -13 -26 -6
right_child=1 -3 4 -5 5 7 -8 -9 -10 12 15 19 18 14 -16 -17 17 -19 -20 -21 21 24 -24 -25 28 26 -28 -29 -30 -31
leaf_value=-0.00071300909381156921 -0.00089382758353158496 0.054621326651000855 -1.4326621034399522e-07 -0.0019362098740946072 0.003033591304697061 2.0227366147338443e-05 -0.00071543311588702157 -0.00013640274319598689 -0.02361584998041252 -4.1207330511383592e-07 -4.2153937217230819e-05 0.00028448719625066344 -0.00010131730835643893 6.4915436140555726e-06 1.7809127862111752e-06 -0.00016881945292409383 1.2378248839217677e-05 -2.1623740949827663e-06 0.00012315079491411751 0.00045912816470355722 -0.0011819919056584372 0.000939417252014092 -0.00057428080134684482 -0.00015994071490540234 -0.0007496100435606135 8.3469667110313927e-05 -0.0023235702613259661 -0.00042159400795242302 0.00057500011836882688 -0.0030384523583148848
leaf_weight=37776 8925 10822 1111 8913 890 1440 13392 5139 9301 1586 4828 24399 7261 5889 5176 1993 6962 309 173572 10681 21533 4731 13606 2302 9620 2147 1643 74881 3755 8777
leaf_count=37776 8925 10822 1111 8913 890 1440 13392 5139 9301 1586 4828 24399 7261 5889 5176 1993 6962 309 173572 10681 21533 4731 13606 2302 9620 2147 1643 74881 3755 8777
internal_value=-0.00414978 -0.00045017 -0.00126027 -0.0211369 -0.00038163 -0.0169002 -0.0353987 0.00468764 0.000311294 0.000611135 -0.0012594 -0.000219271 0.00239482 0.0148067 0.0215056 -0.0283536 0.0219518 0.0278861 0.00152649 -0.00131697 -0.00206964 -0.00598019 -0.00948907 0.000126007 0.00156412 -0.00421909 0.0122216 0.000712329 -0.00380112 -0.031592
internal_weight=483360 432192 421370 17838 403532 16246 51168 6579 387286 377985 184501 177680 193484 12651 11065 6821 8382 7271 180833 169298 158617 57035 38929 101582 18106 25323 3790 99280 13375 9667
internal_count=483360 432192 421370 17838 403532 16246 51168 6579 387286 377985 184501 177680 193484 12651 11065 6821 8382 7271 180833 169298 158617 57035 38929 101582 18106 25323 3790 99280 13375 9667
is_linear=0
shrinkage=0.08


Tree=56
num_leaves=31
num_cat=0
split_feature=5 39 33 13 33 5 5 8 21 39 6 39 2 8 8 39 13 15 7 7 27 8 7 21 8 7 15 7 7 27
split_gain=8828.62 1516.51 1180.41 880.777 760.068 799.563 300.166 292.211 352.048 952.11 710.085 373.424 713.06 420.823 319.776 940.948 999.986 577.441 818.479 536.733 323.158 302.235 301.345 195.803 189.841 184.408 249.67 469.098 223.021 181.998
threshold=0.0043799999999999707 90.26471779172185 -4.2133166666666657 4.3965666666666676 4.2577166666666679 2.3248033333333336 2.3433327777777779 0.23641417318234836 0.72550833333333331 6.1724848913477572 0.0089821603068405646 6.3592296595498201 1.0000000180025095e-35 0.00080675118969205718 0.12714578923209288 22.603117462063601 2.8777416666666671 2.8324916666666673 2.771743055555556 0.93931111111111132 0.9014416666666667 0.0088367937866199106 0.20054236111111115 16.657141666666671 3.9364678052625863 1.561547777777778 4.9139250000000017 0.83704472222222226 13.7512925 4.9169916666666671
decision_type=2 2 2 2 2 2 2 2 2 2 2 2 2 2 2 2 2 2 2 2 2 2 2 2 2 2 2 2 2 2
left_child=-1 2 3 -2 7 -6 -7 8 10 21 -4 12 -11 -14 15 16 17 18 19 20 -13 -10 -9 -3 25 26 29 -28 -27 -24
right_child=1 23 4 -5 5 6 -8 22 9 11 -12 14 13 -15 -16 -17 -18 -19 -20 -21 -22 -23 24 -25 -26 28 27 -29 -30 -31
leaf_value=-0.0006559683663066437 -0.00082232137684905813 0.0097319350416994518 1.6723796732369677e-05 -0.0017813130841670387 -0.0027953761696497283 1.8609176855548528e-05 -0.0001254905237403392 -0.0012375379607174909 -3.8781622239856259e-05 -3.7910744070224213e-07 0.00021576667030672521 -2.5919707560744242e-05 5.9722201249279296e-06 1.6384397633117943e-06 0.0016124882194443657 -1.1946784925527255e-05 4.5612943218706905e-05 -0.00065363881351128579 0.00011329873132098101 -9.3211923687928078e-05 6.8091274349590949e-07 -0.00018182772147365078 -0.00059906910057504702 0.084839908242177839 -0.022426274877603038 0.0061111102545394584 0.00041076853822851389 -0.0014690924095458291 -0.016265459379182376 -0.00014714545771297015
leaf_weight=47478 8925 1887 8171 8919 9654 1440 4554 7194 3737 1359 32899 746 5884 3324 16557 4055 4115 2758 2755 7505 2480 6841 140660 8627 9339 120584 3255 1329 3652 2677
leaf_count=47478 8925 1887 8171 8919 9654 1440 4554 7194 3737 1359 32899 746 5884 3324 16557 4055 4115 2758 2755 7505 2480 6841 140660 8627 9339 120584 3255 1329 3652 2677
internal_value=-0.00381645 -0.000248141 -0.000990013 -0.0211298 -0.000108165 -0.0173978 0.00555222 0.000582225 0.00423623 0.000436602 0.00998296 0.00492375 0.0183325 0.0263162 0.00146543 -0.00435488 0.00265435 -0.00626939 0.000551683 -0.00943435 0.0178549 -0.0214256 -0.000723821 0.029766 -0.000310626 7.42219e-05 -0.00183422 0.0165445 0.0023465 -0.00242198
internal_weight=483360 435882 425368 17844 407524 15648 5994 391876 103186 62116 41070 51538 10567 9208 40971 24414 20359 16244 13486 10731 3226 10578 288690 10514 281496 272157 147921 4584 124236 143337
internal_count=483360 435882 425368 17844 407524 15648 5994 391876 103186 62116 41070 51538 10567 9208 40971 24414 20359 16244 13486 10731 3226 10578 288690 10514 281496 272157 147921 4584 124236 143337
is_linear=0
shrinkage=0.08


Tree=57
num_leaves=31
num_cat=0
split_feature=5 39 33 13 33 5 5 0 0 7 0 7 7 7 8 23 31 29 0 6 39 21 39 8 19 17 8 8 25 5
split_gain=8826.05 1323.52 1187.17 879.843 761.07 800.059 298.328 228.699 276.842 243.165 887.812 494.798 669.307 448.821 334.821 262.343 298.214 292.151 221.997 623.725 388.679 221.822 219.523 203.32 190.499 206.996 187.252 174.007 170.451 235.606
threshold=0.0043799999999999707 84.588697593174388 -4.2133166666666657 4.3965666666666676 4.2577166666666679 2.3248033333333336 2.3433327777777779 0.19120279947916669 0.29463704427083337 2.979669166666667 0.13387044270833334 2.8775041666666668 2.8535286111111118 2.7981952777777783 0.0088367937866199106 4.2147750000000004 4.1612333333333344 1.0000000180025095e-35 0.18542480468750003 0.066370561460421515 3.8697115842823631 16.797116666666671 38.191846032040722 0.22010326211700934 0.78156666666666674 0.70356666666666678 0.0051176092131718452 1.8819932479226329 0.0041250000000000011 2.0381088888888894
decision_type=2 2 2 2 2 2 2 2 2 2 2 2 2 2 2 2 2 2 2 2 2 2 2 2 2 2 2 2 2 2
left_child=26 2 3 -2 7 27 -7 9 -9 11 -11 12 13 15 -13 16 18 -18 22 20 -20 23 -4 -3 25 -21 -1 -6 -5 -30
right_child=1 21 4 28 5 6 -8 8 -10 10 -12 14 -14 -15 -16 -17 17 -19 19 24 -22 -23 -24 -25 -26 -27 -28 -29 29 -31
leaf_value=-0.00060349089700211227 -0.00075653566670113345 0.022390687867615215 6.2643972401410505e-07 0.10458742097687672 0.0030913641860394313 1.7120442707110329e-05 -0.00011545128184110355 -0.00094718409158353145 0.0092287222440380207 -1.0991042131500707e-05 0.00064056437857818338 4.1963907761193299e-05 -0.00060134770843038869 0.00010423483281531532 -0.00073965005010299121 -0.011925961952795348 6.1381174306561956e-05 -0.0022112716768404052 1.5385892993782235e-05 -0.00054470507348185931 -0.010381561136347743 0.090932659430459917 0.0074652362343421786 0.0023363846358219575 0.00045924502919199029 -7.0680437464787362e-06 -0.0006057209973115283 -0.0025717460760777302 -0.0016388080374336756 0.0015108762945917676
leaf_weight=37302 8925 1650 204325 3126 889 1440 4514 65525 34122 4631 30332 3703 2913 3450 1536 3758 3559 1989 9400 2619 598 8090 8575 4155 1873 5650 10176 8759 1998 3778
leaf_count=37302 8925 1650 204325 3126 889 1440 4514 65525 34122 4631 30332 3703 2913 3450 1536 3758 3559 1989 9400 2619 598 8090 8575 4155 1873 5650 10176 8759 1998 3778
internal_value=-0.00371168 -0.000143892 -0.000943821 -0.0211477 -5.26524e-05 -0.0173773 0.00568357 0.000642993 -0.0026618 0.00178283 -0.00447216 0.00264401 0.00213149 0.00258328 0.0269746 0.0021754 0.00250574 0.0208363 0.00206934 0.0100973 0.0242769 0.0241497 0.00130991 0.0122171 -0.00388089 -0.00909904 -0.0364666 -0.0316086 -0.00335206 -0.0114958
internal_weight=483360 435882 421987 17827 404160 15602 5954 388558 99647 288911 34963 253948 248709 245796 5239 242346 238588 5548 233040 20140 9998 13895 212900 5805 10142 8269 47478 9648 8902 5776
internal_count=483360 435882 421987 17827 404160 15602 5954 388558 99647 288911 34963 253948 248709 245796 5239 242346 238588 5548 233040 20140 9998 13895 212900 5805 10142 8269 47478 9648 8902 5776
is_linear=0
shrinkage=0.08


Tree=58
num_leaves=31
num_cat=0
split_feature=5 6 39 0 15 6 19 33 5 23 8 0 13 31 19 0 6 39 23 0 7 31 5 7 0 0 27 19 7 8
split_gain=8309.75 1171.14 1118.4 1101.73 1076.5 672.733 476.164 399.544 348.291 253.1 252.668 241.014 233.098 323.696 453.718 241.154 664.658 359.541 224.927 278.04 215.454 196.385 174.468 191.156 170.775 165.946 165.709 180.718 164.659 379.414
threshold=0.0043799999999999707 2.0548554561780024 91.027844866922479 0.13387044270833334 4.3110583333333343 2.1764250520335033 3.236216666666667 0.0070666666666666681 2.3433327777777779 4.9306333333333336 0.028112341566782838 0.19120279947916669 1.0000000180025095e-35 4.9390333333333336 4.9324250000000012 0.18542480468750003 0.066370561460421515 3.8697115842823631 4.9306333333333336 0.13387044270833334 0.88306055555555563 0.84219166666666678 0.51701888888888903 1.7260038888888889 0.48262532552083337 0.20662434895833337 0.70356666666666678 0.77008333333333345 0.7024677777777778 0.0088367937866199106
decision_type=2 2 2 2 2 2 2 2 2 2 2 2 2 2 2 2 2 2 2 2 2 2 2 2 2 2 2 2 2 2
left_child=7 2 11 4 5 6 9 10 -6 -3 -1 12 13 14 18 -14 17 28 19 -2 -11 -13 25 -24 -5 -23 -18 -28 29 -17
right_child=1 3 -4 24 8 -7 -8 -9 -10 20 -12 21 15 -15 -16 16 26 -19 -20 -21 -22 22 23 -25 -26 -27 27 -29 -30 -31
leaf_value=-0.0005552116252419433 0.00069179909020108965 -0.0015077033944389815 0.073998012496335544 -0.0097066394397091922 4.8788680087810125e-05 -0.00069601281336504283 0.00073594701584774221 1.1455059802822216e-05 -0.0001062151792937982 0.15471844902516085 -0.00037542791841073219 -0.00087140936425684893 5.7632454609546357e-07 5.6470680362036999e-05 -0.026418765007274907 -2.7005800916057864e-06 -0.0001237050978772114 -0.0095510362454399277 -0.0074883630106012226 0.00077342900155882518 -0.012219338149768031 0.00056359081412072352 -0.0051163175089371507 0.0054067863137458975 0.038127982098058677 -0.0027121932056549964 -0.00051422682807805047 0.00047499917293941429 1.4155021554280722e-05 1.1341830434412615e-05
leaf_weight=38552 8632 5898 7984 24615 3581 14153 1148 509 723 2103 8417 44296 238827 2943 1720 701 4307 598 741 9286 654 3847 4337 25607 13757 890 3876 1959 6032 2667
leaf_count=38552 8632 5898 7984 24615 3581 14153 1148 509 723 2103 8417 44296 238827 2943 1720 701 4307 598 741 9286 654 3847 4337 25607 13757 890 3876 1959 6032 2667
internal_value=-0.00358722 -0.000125355 0.00163618 -0.00988714 -0.021874 -0.0284922 -0.012384 -0.0353696 0.0149628 -0.0188053 -0.0361336 0.000981659 0.00207461 0.00973501 0.00615339 0.00138473 0.00979146 0.0244289 0.00977759 0.0115638 0.00120421 -0.0029249 0.00158358 -0.000673257 -0.00105911 0.0158497 -0.00463814 0.00414739 0.0282553 0.0140855
internal_weight=483360 435882 369250 66632 28260 23956 9803 47478 4304 8655 46969 361266 282289 23322 20379 258967 20140 9998 18659 17918 2757 78977 34681 29944 38372 4737 10142 5835 9400 3368
internal_count=483360 435882 369250 66632 28260 23956 9803 47478 4304 8655 46969 361266 282289 23322 20379 258967 20140 9998 18659 17918 2757 78977 34681 29944 38372 4737 10142 5835 9400 3368
is_linear=0
shrinkage=0.08


Tree=59
num_leaves=31
num_cat=0
split_feature=5 8 0 39 19 31 5 8 8 31 39 13 5 31 8 31 39 6 39 2 8 8 7 39 39 5 39 0 2 21
split_gain=8038.37 1175.24 1988.65 926.262 706.168 650.001 401.926 265.815 261.829 380.736 747.349 683.023 853.911 526.539 500.042 284.641 794.671 711.955 378.38 714.902 415.543 376.447 279.544 264.223 382.295 541.242 404.534 205.671 178.789 373.605
threshold=0.0043799999999999707 1.9279260373660134 0.13387044270833334 92.434667108036663 4.3415416666666671 0.0062583333333333345 2.3433327777777779 0.028112341566782838 0.23641417318234836 14.779691666666666 22.603117462063601 2.8777416666666671 2.8321316666666667 2.7780833333333335 0.13383363840633328 0.73840833333333344 6.1724848913477572 1.0000000180025095e-35 6.3592296595498201 1.0000000180025095e-35 0.00080675118969205718 0.0088367937866199106 0.20054236111111115 6.4053952276116819 7.0747800505378668 1.2227405555555559 20.897873551139025 0.48262532552083337 2.5000000000000004 0.9857583333333334
decision_type=2 2 2 2 2 2 2 2 2 2 2 2 2 2 2 2 2 2 2 2 2 2 2 2 2 2 2 2 2 2
left_child=5 3 4 8 -3 7 -6 -1 9 10 11 12 13 15 -12 17 21 -2 19 -18 -21 -17 -10 28 -25 -26 -27 -4 -20 -30
right_child=1 2 27 -5 6 -7 -8 -9 22 -11 14 -13 -14 -15 -16 16 18 -19 23 20 -22 -23 -24 24 25 26 -28 -29 29 -31
leaf_value=-0.00051079469522258779 1.3022619829934357e-05 -0.00064033178829583936 -0.0091648872825138821 0.11637818980717554 1.1847712883508166e-05 2.7871962880878232e-05 -9.7717964950305722e-05 -0.00034539368493787361 -0.00099304744739286141 0.016327191635121495 -1.0157864724682497e-05 3.8560689176598829e-05 -0.00055328599771964804 9.5849940226386829e-05 0.00025801054752875528 -3.5775313602277592e-05 -4.4499998705482826e-07 7.209430475909607e-05 -0.00045145051628820099 5.3982213733316801e-06 1.411143440641638e-06 -0.00028010509594611043 2.26794585966561e-05 5.30218582408537e-07 -9.0390159944284671e-05 0.0027803488865790625 -0.0035035180114528688 0.034662625400399091 -4.2032817334369807e-06 7.5280882719406248e-05
leaf_weight=38111 7629 18533 35825 5956 1436 1055 722 8312 7233 4687 4073 4379 2781 2795 3824 3737 1359 33726 1861 5884 3325 6784 242429 3496 4776 6367 911 19000 1242 1112
leaf_count=38111 7629 18533 35825 5956 1436 1055 722 8312 7233 4687 4073 4379 2781 2795 3824 3737 1359 33726 1861 5884 3325 6784 242429 3496 4776 6367 911 19000 1242 1112
internal_value=-0.00349719 -9.23186e-05 -0.0091668 0.00180927 -0.0302992 -0.0347563 0.013012 -0.0361674 0.00128349 0.00464047 0.00359661 0.00562042 0.00408225 0.00550939 -0.0200228 0.00434843 -0.000387722 0.0090272 0.00618336 0.0184027 0.0263959 -0.0193328 -0.000124969 -0.000350114 0.00446559 -0.0022897 0.0114427 -0.00119143 -0.0181163 -0.00346644
internal_weight=483360 435882 75516 360366 20691 47478 2158 46423 354410 104748 100061 92164 87785 85004 7897 82209 40854 41355 30333 10568 9209 10521 249662 19765 15550 12054 7278 54825 4215 2354
internal_count=483360 435882 75516 360366 20691 47478 2158 46423 354410 104748 100061 92164 87785 85004 7897 82209 40854 41355 30333 10568 9209 10521 249662 19765 15550 12054 7278 54825 4215 2354
is_linear=0
shrinkage=0.08


Tree=60
num_leaves=31
num_cat=0
split_feature=5 6 0 15 33 39 6 19 5 8 23 31 5 8 31 7 0 21 5 13 8 21 31 6 31 23 2 7 7 7
split_gain=7189.36 1055.38 1128.85 1083.83 935.371 872.885 640.035 466.729 357.394 265.828 236.049 209.917 423.627 253.776 228.125 225.206 506.689 440.314 391.794 714.76 275.203 366.067 1239 901.552 602.044 428.745 272.377 335.097 272.26 209.146
threshold=0.0043799999999999707 2.073152272193671 0.13387044270833334 4.3110583333333343 0.0059500000000000065 93.442536837069966 2.1764250520335033 3.236216666666667 2.3433327777777779 0.028112341566782838 4.9306333333333336 4.9390333333333336 0.68567166666666657 0.22010326211700934 14.779691666666666 2.8535286111111118 0.13387044270833334 2.378083333333334 2.9796766666666672 2.8777416666666671 0.21580736211888477 0.93962500000000004 0.97126666666666672 1.0000000180025095e-35 0.98289166666666683 1.3577083333333337 5.5000000000000009 0.95618305555555572 2.7981952777777783 2.8878026388888887
decision_type=2 2 2 2 2 2 2 2 2 2 2 2 2 2 2 2 2 2 2 2 2 2 2 2 2 2 2 2 2 2
left_child=4 5 3 6 9 11 7 10 -5 -1 -3 15 -13 14 -14 17 18 20 19 -17 21 23 26 -2 -24 -26 -23 -28 -19 -21
right_child=1 2 -4 8 -6 -7 -8 -9 -10 -11 -12 12 13 -15 -16 16 -18 28 -20 29 -22 22 24 -25 25 -27 27 -29 -30 -31
leaf_value=-0.00046993111960478076 6.6450024432462837e-06 -0.0013889014795715954 -0.0024127518974421092 4.3937768650081921e-05 2.2068864182755859e-05 0.206598574271039 -0.00058910524523217227 0.00072829779764362003 -8.9900527754309685e-05 -0.00031776219014284377 0.14232847759411651 5.0138669245341545e-05 0.0016773416275545118 0.00034770697813996777 0.019115486145258844 -0.00050902311790206772 0.00047159897662808704 0.0067182658641546664 -9.34523554672495e-06 3.5475834042486552e-05 -0.00040747045274954098 -8.316275570710019e-06 1.842767920943622e-05 3.161886295580452e-05 -7.8619978138974033e-05 0.0061855857979965911 -3.2913288514091478e-05 2.5636042681398406e-06 8.8181945008258822e-05 0.0001192941119699853
leaf_weight=37737 11575 5493 37596 3420 1477 4966 14153 1108 723 8264 2556 2854 3452 26066 3601 2967 28289 30006 4544 1297 181927 7613 5114 35043 8330 3737 1648 1159 3707 2938
leaf_count=37737 11575 5493 37596 3420 1477 4966 14153 1108 723 8264 2556 2854 3452 26066 3601 2967 28289 30006 4544 1297 181927 7613 5114 35043 8330 3737 1648 1159 3707 2938
internal_value=-0.00377358 -0.000553544 -0.0099525 -0.0222854 -0.0333359 0.00109516 -0.0289867 -0.0125063 0.0154188 -0.0353479 -0.0192074 0.000642966 0.00644595 0.00389746 0.01736 1.01851e-05 -0.00561409 0.000787003 -0.0195811 -0.00797556 -0.000344179 0.0037613 -0.00354045 0.00808443 0.00965951 -8.95003e-05 -0.0253052 -0.00400428 0.00938154 0.0131192
internal_weight=483360 435882 65049 27453 47478 370833 23310 9157 4143 46001 8049 365867 35973 33119 7053 329894 40035 289859 11746 7202 256146 74219 27601 46618 17181 12067 10420 2807 33713 4235
internal_count=483360 435882 65049 27453 47478 370833 23310 9157 4143 46001 8049 365867 35973 33119 7053 329894 40035 289859 11746 7202 256146 74219 27601 46618 17181 12067 10420 2807 33713 4235
is_linear=0
shrinkage=0.08


Tree=61
num_leaves=31
num_cat=0
split_feature=5 33 8 0 5 19 5 8 7 8 15 0 7 8 2 31 39 8 7 8 7 5 7 5 5 39 7 8 8 31
split_gain=5908.32 2331.48 1119.23 2001.29 745.175 705.761 401.926 360.029 348.464 322.19 330.444 299.1 884.062 809.534 1351.89 586.566 530.087 577.125 483.039 627.788 262.262 492.204 506.413 340.191 502.501 246.266 206.051 240.013 201.37 370.468
threshold=0.018529444444444387 0.0052333333333334335 1.9279260373660134 0.13387044270833334 17.784615555555558 4.3415416666666671 2.3433327777777779 0.0051176092131718452 0.001419444444444415 1.8586026220230107 4.9139250000000017 0.13842773437500003 2.979669166666667 0.033028002712820061 4.5000000000000009 0.98906666666666676 6.1724848913477572 0.0088367937866199106 1.2181743055555556 0.057949776705634483 2.9697776388888895 2.8321316666666667 2.7981952777777783 2.8774866666666674 2.8877716666666671 38.191846032040722 2.7561545833333336 0.21827980938335542 0.2413565264626483 14.779691666666666
decision_type=2 2 2 2 2 2 2 2 2 2 2 2 2 2 2 2 2 2 2 2 2 2 2 2 2 2 2 2 2 2
left_child=1 7 4 5 9 -4 -7 -1 -3 11 -11 12 18 14 15 -13 17 -16 19 -2 21 22 25 -23 -25 26 27 -20 29 -15
right_child=2 8 3 -5 -6 6 -8 -9 -10 10 -12 13 -14 28 16 -17 -18 -19 20 -21 -22 23 -24 24 -26 -27 -28 -29 -30 -31
leaf_value=-0.00043233663003639829 -7.2330379887848291e-05 2.3663377652600876e-05 -0.00054197682561359843 -0.0029694796980127905 0.20752399643482478 7.3848743608095902e-06 -8.2708485533942162e-05 -0.00043438832232106108 -3.2997342491412898e-05 4.6127575705714221e-05 0.00036265345656938511 6.1134022477826737e-06 -8.5976167029855341e-06 2.3147746698523597e-05 -3.0280225432965936e-05 -0.00040904487673402382 2.3585159266925616e-06 8.8610742178030225e-06 0.0056907389341568585 -0.0022923342022978322 0.00010975058301237794 -0.00046830126846991504 8.1127389407598124e-05 3.2637767319094737e-05 -1.0318005340543834e-05 0.0065343351495182845 -0.0037606978396690139 -0.00094707929590889253 -0.0001871233572949049 0.01460658680361405
leaf_weight=34019 4118 3193 18486 54806 4012 1436 722 10630 1412 16271 3254 13804 4645 48995 4347 1044 1149 1329 5077 31029 1278 2934 2909 1437 2572 8049 908 35606 158043 5846
leaf_count=34019 4118 3193 18486 54806 4012 1436 722 10630 1412 16271 3254 13804 4645 48995 4347 1044 1149 1329 5077 31029 1278 2934 2909 1437 2572 8049 908 35606 158043 5846
internal_value=-0.00317461 -0.0294327 -0.000195344 -0.00905182 0.00166778 -0.030281 0.013012 -0.0350225 0.0247644 0.00127993 0.0112697 0.000697901 -0.00295221 0.00226282 0.0169926 0.0305388 -0.0124777 -0.0225088 -0.00130154 -0.00876661 0.00301596 0.00224568 0.00489067 -0.0177733 -0.0026241 0.00298952 0.000510687 0.00135192 0.000763233 0.0049401
internal_weight=483360 49254 434106 75450 358656 20644 2158 44649 4605 354644 19525 335119 100562 234557 21673 14848 6825 5676 95917 35147 60770 59492 52549 6943 4009 49640 41591 40683 212884 54841
internal_count=483360 49254 434106 75450 358656 20644 2158 44649 4605 354644 19525 335119 100562 234557 21673 14848 6825 5676 95917 35147 60770 59492 52549 6943 4009 49640 41591 40683 212884 54841
is_linear=0
shrinkage=0.08


Tree=62
num_leaves=31
num_cat=0
split_feature=5 39 33 13 33 5 39 8 5 8 8 39 39 39 8 5 25 8 7 7 13 8 29 6 29 29 8 7 8 6
split_gain=5524.2 2542.94 1054.28 1043.83 769.82 805.568 725.7 372.993 308.194 182.956 178.837 178.53 414.37 413.012 402.075 355.637 717.046 228.763 187.647 530.045 178.394 262.318 178.348 1183.26 856.098 543.964 748.24 367.683 278.976 251.467
threshold=0.0043799999999999707 0.036593920840620013 -4.2133166666666657 4.3965666666666676 4.2577166666666679 2.3248033333333336 96.734289031561545 0.0051176092131718452 2.3433327777777779 4.328653387267031 0.2413565264626483 38.191846032040722 21.484546320856129 21.07590757345163 0.44302962325280232 2.9796766666666672 2.8777833333333338 0.17968671854384305 2.8878026388888887 2.9001590277777782 1.3696750000000002 0.2413565264626483 0.93962500000000004 1.0000000180025095e-35 0.97075000000000011 0.98906666666666676 0.12539320160510772 1.4229576388888892 0.047238941314250667 0.0029327786267253843
decision_type=2 2 2 2 2 2 2 2 2 2 2 2 2 2 2 2 2 2 2 2 2 2 2 2 2 2 2 2 2 2
left_child=1 7 3 -2 6 -6 9 -1 -7 11 -3 12 13 22 15 16 -14 -15 -18 -20 -13 -22 23 -4 29 26 -26 28 -27 -24
right_child=2 10 4 -5 5 8 -8 -9 -10 -11 -12 20 14 17 -16 -17 18 -19 19 -21 21 -23 24 -25 25 27 -28 -29 -30 -31
leaf_value=-0.00039774969963348643 -0.0004986186795645105 2.1770307440392782e-05 5.7426312913833044e-06 -0.0012814795672623251 -0.0021686122561909828 6.7940844119362969e-06 0.19379480457275777 -0.00039963725653537622 -7.6091806691209736e-05 -0.019925032544440953 -0.00072628363298543218 0.0060409930875041339 -0.0004308371669923261 7.463719825498316e-05 -0.0026637943270702868 -7.909807366743849e-06 3.0026745933575684e-05 -0.0086388916107543075 -9.4925649133159599e-06 0.00010097053637139198 0.0076525573675240823 -0.0038222634913229192 -2.276488076527805e-05 4.2437369649257086e-05 1.5898341703444175e-05 -0.00027184629671900496 -2.8201921984969402e-05 0.0052174925262849217 -0.0012461328310170306 0.00034833775660190412
leaf_weight=33665 8925 3932 11885 9014 9667 1440 4453 9532 5215 8122 349 7244 3723 2809 20622 4514 1325 893 1197 1674 9672 16347 9344 164076 5807 2214 4819 80620 37914 2347
leaf_count=33665 8925 3932 11885 9014 9667 1440 4453 9532 5215 8122 349 7244 3723 2809 20622 4514 1325 893 1197 1674 9672 16347 9344 164076 5807 2214 4819 80620 37914 2347
internal_value=-0.00334459 -0.0292582 -0.000521976 -0.0195128 0.00029315 -0.0167381 0.000985307 -0.0350867 0.00468219 0.000625227 0.0295538 0.000873316 0.000349314 0.00122307 -0.00818152 -0.0195448 -0.00932946 0.0277904 0.013346 0.00185301 0.00647807 0.00338676 0.000914784 0.00262035 -0.00118296 0.000663145 0.0180162 -0.000863948 -0.00712121 -0.021928
internal_weight=483360 47478 435882 17939 417943 16322 401621 43197 6655 397168 4281 389046 355783 322728 33055 12433 7919 3702 4196 2871 33263 26019 319026 175961 143065 131374 10626 120748 40128 11691
internal_count=483360 47478 435882 17939 417943 16322 401621 43197 6655 397168 4281 389046 355783 322728 33055 12433 7919 3702 4196 2871 33263 26019 319026 175961 143065 131374 10626 120748 40128 11691
is_linear=0
shrinkage=0.08


Tree=63
num_leaves=31
num_cat=0
split_feature=5 33 8 0 19 7 8 5 7 6 0 13 6 15 39 8 39 8 8 31 5 5 2 13 5 5 6 5 8 31
split_gain=5475.33 2249.38 1089.26 2019.39 705.635 698.061 450.265 401.926 277.958 246.684 193.58 264.132 852.94 555.272 356.755 711.849 497.491 646.419 240.807 821.241 546.917 696.053 644.883 885.941 347.823 633.77 178.472 367.673 173.613 263.563
threshold=0.018529444444444387 0.0041500000000000504 1.9279260373660134 0.13387044270833334 4.3415416666666671 17.377602083333336 0.0051176092131718452 2.3433327777777779 0.0041731944444444455 0.0019368620591516089 0.19120279947916669 0.72325000000000017 1.0000000180025095e-35 2.6222916666666669 6.1724848913477572 0.0088367937866199106 6.3867608396712825 0.057949776705634483 0.028112341566782838 0.94470833333333337 2.9796766666666672 1.6960388888888893 3.5000000000000004 2.9791583333333338 2.8321316666666667 2.8774866666666674 2.1764250520335033 2.2093855555555559 0.22010326211700934 14.779691666666666
decision_type=2 2 2 2 2 2 2 2 2 2 2 2 2 2 2 2 2 2 2 2 2 2 2 2 2 2 2 2 2 2
left_child=1 6 5 4 26 10 -1 -6 9 -3 11 12 -2 -14 15 -13 17 -16 19 -18 21 -21 24 -24 -23 -26 27 -4 29 -20
right_child=2 8 3 -5 7 -7 -8 -9 -10 -11 -12 14 13 -15 16 -17 18 -19 28 20 -22 22 23 -25 25 -27 -28 -29 -30 -31
leaf_value=-0.00036592972366280749 1.0500727364943784e-05 -2.726306108899311e-05 -0.001293931885173256 -0.0025238796219335335 6.2505576590154988e-06 0.17192789176828058 -0.00036766627601254615 -7.0004462155921486e-05 -3.3752544664040349e-05 1.9403613226936302e-05 -0.00036329793751792571 -2.6036616937110681e-05 3.904238007731652e-05 0.00037455477167174319 3.9910251137786904e-06 -0.00055768837094747779 5.28322078807264e-06 -2.5945768226174338e-05 0.00050801945830621694 -7.488602425083535e-05 -7.2770227773943928e-06 7.1071108725639939e-05 -0.00039637019363294003 9.2892893461673506e-05 -0.00022078345685411449 2.7624606258882525e-05 -0.00045872918519934968 0.00092649566604677605 0.00077959058091337853 0.015983240976120784
leaf_weight=33185 7652 316 3774 54806 1436 4180 10479 722 1310 3964 63251 3736 93762 7819 8763 35601 2217 6713 13165 3595 3852 3304 3481 1262 1284 1275 14131 581 89974 3770
leaf_count=33185 7652 316 3774 54806 1436 4180 10479 722 1310 3964 63251 3736 93762 7819 8763 35601 2217 6713 13165 3595 3852 3304 3481 1262 1284 1275 14131 581 89974 3770
internal_value=-0.00308309 -0.0283607 -0.000215063 -0.00895215 -0.0302771 0.00162295 -0.0344778 0.013012 0.0194204 0.0292897 0.00123969 0.00211095 0.00522077 0.00328053 0.000244406 -0.00650075 0.00210438 0.0156475 0.000456365 -0.00753823 -0.0131812 -0.00592916 0.00438243 -0.0175501 0.0221252 -1.56311e-05 -0.0353305 -0.0211711 0.00197214 0.00940301
internal_weight=483360 49254 434106 75450 20644 358656 43664 2158 5590 4280 354476 291225 109233 101581 181992 39337 142655 15476 127179 20270 18053 14201 10606 4743 5863 2559 18486 4355 106909 16935
internal_count=483360 49254 434106 75450 20644 358656 43664 2158 5590 4280 354476 291225 109233 101581 181992 39337 142655 15476 127179 20270 18053 14201 10606 4743 5863 2559 18486 4355 106909 16935
is_linear=0
shrinkage=0.08


Tree=64
num_leaves=31
num_cat=0
split_feature=7 33 8 0 19 5 8 7 5 5 5 0 31 31 39 29 2 8 8 5 7 6 23 8 15 21 31 39 7 31
split_gain=5331.68 2523.08 1160.76 2016.27 705.795 591.22 488.443 543.474 502.856 401.926 322.352 308.346 1043.97 772.841 711.933 644.266 393.123 668.64 507.721 740.574 497.019 253.492 227.264 227.085 412.517 220.114 204.671 192.57 400.13 421.658
threshold=0.0065941666666666657 0.0041500000000000504 1.9279260373660134 0.13387044270833334 4.3415416666666671 17.784615555555558 0.23641417318234836 0.17845319444444438 0.0043799999999999707 2.3433327777777779 0.0043799999999999707 0.13842773437500003 2.9796750000000007 2.8777500000000003 21.484546320856129 2.7779000000000003 4.5000000000000009 0.0016093407863303846 0.0016754309555670891 0.95580166666666611 0.99049111111111121 0.0019368620591516089 0.0086166666666666683 1.8586026220230107 4.9139250000000017 14.794175000000001 0.72537499999999999 20.897873551139025 1.4229576388888892 0.94470833333333337
decision_type=2 2 2 2 2 2 2 2 2 2 2 2 2 2 2 2 2 2 2 2 2 2 2 2 2 2 2 2 2 2
left_child=1 22 5 4 -4 6 8 -8 -2 -6 21 12 13 14 15 27 17 20 19 -18 -13 -3 -1 -9 -25 26 -19 28 29 -10
right_child=2 10 3 -5 9 -7 7 23 11 -11 -12 16 -14 -15 -16 -17 18 25 -20 -21 -22 -23 -24 24 -26 -27 -28 -29 -30 -31
leaf_value=-0.00033665534576978292 2.7008733093297953e-05 -2.5082016201873683e-05 -0.00042203085038340171 -0.0026550903900393621 5.7505130462942588e-06 0.16166426101275563 -0.0010887880796842258 -0.00022745226921471416 4.8605631250264737e-06 -6.4404105183442091e-05 -3.105234109091706e-05 4.3248613754531822e-06 -6.6948609552142104e-06 2.5414637758167658e-05 -0.00036466057814230627 6.2980533696510579e-05 -2.3953687582141115e-05 0.00024924547996896029 1.4777546984515722e-05 3.6717431046806583e-06 -0.00034858270091771005 1.8476393787006456e-05 0.00010269453840936676 3.5918989671131197e-05 0.00030028180873815431 0.014027013025826136 -2.3870106768084655e-05 -0.0038455317991076756 0.0063800540091135715 -6.8895142310765328e-05
leaf_weight=34769 2813 316 18578 55204 1436 4012 8014 228215 4726 722 506 12413 4146 4112 2833 2818 4317 16730 22378 1070 952 4065 259 16322 3254 3766 14287 886 3211 6230
leaf_count=34769 2813 316 18578 55204 1436 4012 8014 228215 4726 722 506 12413 4146 4112 2833 2818 4317 16730 22378 1070 952 4065 259 16322 3254 3766 14287 886 3211 6230
internal_value=-0.00254071 -0.0305459 -1.99348e-05 -0.00902397 -0.0302932 0.00184063 0.00150352 -0.00039921 0.00602333 0.013012 0.0233026 0.00512801 -0.0018949 0.00431335 -0.00197836 0.00392815 0.00780736 0.0121791 0.000226184 -0.0218229 0.027388 0.0302853 -0.0380587 0.000263932 0.0085329 0.00633528 0.00411774 -0.00264399 -0.000381168 -0.00765973
internal_weight=483360 39915 443445 75940 20736 367505 363493 255805 107688 2158 4887 104875 28962 24816 20704 17871 75913 48148 27765 5387 13365 4381 35028 247791 19576 34783 31017 15053 14167 10956
internal_count=483360 39915 443445 75940 20736 367505 363493 255805 107688 2158 4887 104875 28962 24816 20704 17871 75913 48148 27765 5387 13365 4381 35028 247791 19576 34783 31017 15053 14167 10956
is_linear=0
shrinkage=0.08


Tree=65
num_leaves=31
num_cat=0
split_feature=7 33 33 13 33 5 5 8 5 5 0 31 31 39 29 5 8 2 5 5 5 5 31 21 23 5 39 6 39 7
split_gain=5191.84 2336.78 1098.55 1041.39 808.555 805.367 573.786 554.706 511.874 500.835 334.994 1030.97 786.11 699.583 658.141 307.968 277.246 424.324 571.929 341.407 497.352 428.809 274.861 270.122 228.16 195.404 414.133 248.06 244.461 273.255
threshold=0.0065941666666666657 0.002233333333333322 -4.2133166666666657 4.3965666666666676 4.2577166666666679 2.3248033333333336 19.547255000000003 0.23641417318234836 0.033916666666666671 0.0043799999999999707 0.13842773437500003 2.9796750000000007 2.8777500000000003 21.484546320856129 2.7779000000000003 2.3433327777777779 1.0000000180025095e-35 4.5000000000000009 0.9847111111111112 0.95580166666666611 0.94773722222222212 0.71557500000000018 15.587733333333334 0.0026166666666666669 0.0086166666666666683 0.9425177777777779 9.2390928177274088 0.0029327786267253843 20.897873551139025 1.4490612500000004
decision_type=2 2 2 2 2 2 2 2 2 2 2 2 2 2 2 2 2 2 2 2 2 2 2 2 2 2 2 2 2 2
left_child=1 24 3 -2 6 -6 7 9 -9 -4 11 12 13 14 25 -7 17 18 -12 20 21 -19 -18 -3 -1 27 -27 -11 29 -28
right_child=2 23 4 -5 5 15 -8 8 -10 10 16 -13 -14 -15 -16 -17 22 19 -20 -21 -22 -23 -24 -25 -26 26 28 -29 -30 -31
leaf_value=-0.00030972291810820026 -0.00038826838235272955 -2.8568153803643637e-05 2.4848034445834118e-05 -0.0011372196513792312 -0.0019246624728491213 5.2904720025992448e-06 0.22962376563516812 -0.0010016850333094878 -1.0445057943368622e-05 4.4717180750275535e-06 3.9788724654155058e-06 -6.1592720787828628e-06 2.3381466737504299e-05 -0.00033548773189092887 5.794209100077552e-05 -5.9251776768789453e-05 1.4525376136687029e-05 -1.0186991174432337e-06 -3.6313788775999002e-09 3.3780036563069163e-06 -2.2037392575571246e-05 5.9185933234395802e-07 0.014226050646954605 1.5664926380420455e-05 9.4478975336617418e-05 -6.3383530925902322e-05 -0.00052535560735739401 -0.00037023960439872287 -0.0035378892551790743 0.011082573352450442
leaf_weight=33839 8925 596 2813 9014 9667 1440 2928 6787 291361 1386 11166 4146 4112 2833 2818 5215 53417 661 1956 1070 2133 1424 4506 5221 259 2903 4038 3047 886 2793
leaf_count=33839 8925 596 2813 9014 9667 1440 2928 6787 291361 1386 11166 4146 4112 2833 2818 5215 53417 661 1956 1070 2133 1424 4506 5221 259 2903 4038 3047 886 2793
internal_value=-0.00256769 -0.0302032 -8.01903e-05 -0.0194727 0.000737381 -0.0167234 0.00143388 0.00117955 -0.000600507 0.00608873 0.00519873 -0.00212692 0.00404255 -0.00230294 0.00355212 0.00469421 0.0079782 0.0165301 0.0242402 -0.00260212 -0.0128402 0.0149448 0.00526009 0.0166615 -0.0381981 -0.00309041 -0.00897928 0.0110174 0.000710121 0.00583809
internal_weight=483360 39915 443445 17939 425506 16322 409184 406256 298148 108108 105295 28962 24816 20704 17871 6655 76333 18410 13122 5288 4218 2085 57923 5817 34098 15053 10620 4433 7717 6831
internal_count=483360 39915 443445 17939 425506 16322 409184 406256 298148 108108 105295 28962 24816 20704 17871 6655 76333 18410 13122 5288 4218 2085 57923 5817 34098 15053 10620 4433 7717 6831
is_linear=0
shrinkage=0.08


Tree=66
num_leaves=31
num_cat=0
split_feature=7 33 33 13 5 8 5 5 33 6 6 0 31 31 39 29 8 2 5 5 5 5 31 0 23 21 23 39 7 31
split_gain=5422.26 1996.16 1105.12 1041.39 587.246 618.592 510.493 451.114 426.742 732.67 312.968 291.812 1039.94 776.936 708.099 648.545 311.542 424.324 571.929 341.407 497.352 428.809 242.018 231.785 228.146 227.936 192.047 191.102 346.387 372.687
threshold=0.0065941666666666657 0.002233333333333322 -4.2133166666666657 4.3965666666666676 19.547255000000003 0.23641417318234836 0.0043799999999999707 0.033916666666666671 4.2577166666666679 2.2130880675444886 2.2687953549117403 0.13842773437500003 2.9796750000000007 2.8777500000000003 21.484546320856129 2.7779000000000003 1.0000000180025095e-35 4.5000000000000009 0.9847111111111112 0.95580166666666611 0.94773722222222212 0.71557500000000018 15.587733333333334 0.12923177083333334 0.0086166666666666683 0.0026166666666666669 4.2856250000000014 20.897873551139025 1.4490612500000004 0.93280833333333346
decision_type=2 2 2 2 2 2 2 2 2 2 2 2 2 2 2 2 2 2 2 2 2 2 2 2 2 2 2 2 2 2
left_child=1 24 3 -2 5 6 -4 -7 -9 23 -11 12 13 14 15 27 17 18 -13 20 21 -19 -18 26 -1 -3 -10 28 29 -8
right_child=2 25 4 -5 -6 7 11 8 9 10 -12 16 -14 -15 -16 -17 22 19 -20 -21 -22 -23 -24 -25 -26 -27 -28 -29 -30 -31
leaf_value=-0.00028494508465954423 -0.00035720691176451116 -2.6282701499352192e-05 2.2860191690167389e-05 -0.0010462420792688926 0.2112538643843547 -0.00092155023064472872 4.1139806290235728e-06 -9.6094533078991325e-06 -0.0019067657104507583 3.7905107039648558e-05 -5.4511634627303352e-05 3.6605626681840419e-06 -5.6665303124958655e-06 2.151094939851106e-05 -0.00030864871333964318 5.3306723720716318e-05 1.3363346045753844e-05 -9.372031880516829e-07 -3.3408685684577221e-09 3.10776336379881e-06 -2.0274401169526614e-05 5.4451058575821773e-07 0.013087966595198283 -0.00092001320255214575 8.6920657309688017e-05 1.4411732269986807e-05 -0.022068745619035421 -0.0032548581147647583 0.010195967484254408 -5.8312848451826937e-05
leaf_weight=33839 8925 596 2813 9014 2965 6787 4719 291361 6477 2596 4350 11166 4146 4112 2833 2818 53417 661 1956 1070 2133 1424 4506 1622 259 5221 1240 886 2794 6654
leaf_count=33839 8925 596 2813 9014 2965 6787 4719 291361 6477 2596 4350 11166 4146 4112 2833 2818 53417 661 1956 1070 2133 1424 4506 1622 259 5221 1240 886 2794 6654
internal_value=-0.00256438 -0.0308065 -2.22801e-05 -0.0194727 0.000797733 0.000548775 0.00576905 -0.00124605 -0.00079598 -0.0133988 0.00627699 0.00487051 -0.00196672 0.00422953 -0.00207883 0.00381176 0.00746466 0.0165301 0.0242402 -0.00260212 -0.0128402 0.0149448 0.00458333 -0.028033 -0.0381958 0.0125082 -0.0338111 -0.00278217 -0.000527988 -0.00672822
internal_weight=483360 39915 443445 17939 425506 422541 108108 314433 307646 16285 6946 105295 28962 24816 20704 17871 76333 18410 13122 5288 4218 2085 57923 9339 34098 5817 7717 15053 14167 11373
internal_count=483360 39915 443445 17939 425506 422541 108108 314433 307646 16285 6946 105295 28962 24816 20704 17871 76333 18410 13122 5288 4218 2085 57923 9339 34098 5817 7717 15053 14167 11373
is_linear=0
shrinkage=0.08


Tree=67
num_leaves=31
num_cat=0
split_feature=7 33 33 13 5 33 6 39 8 5 6 0 31 31 39 29 8 2 5 5 5 5 21 21 31 15 23 29 5 39
split_gain=5312.56 1992.84 1073.87 1041.39 587.868 493.542 604.454 507.928 326.446 472.134 315.406 265.376 1042.42 774.397 710.561 645.631 338.655 424.324 571.929 341.407 497.352 428.809 227.936 224.155 259.914 401.724 220.029 197.534 196.748 424.615
threshold=0.0065941666666666657 0.002233333333333322 -4.2133166666666657 4.3965666666666676 19.547255000000003 3.728025000000001 2.2130880675444886 33.498457628563202 0.23641417318234836 0.033916666666666671 2.2687953549117403 0.13623046875000003 2.9796750000000007 2.8777500000000003 21.484546320856129 2.7779000000000003 1.0000000180025095e-35 4.5000000000000009 0.9847111111111112 0.95580166666666611 0.94773722222222212 0.71557500000000018 0.0026166666666666669 15.587733333333334 0.60268333333333346 0.70356666666666678 0.021408333333333335 0.73835000000000006 0.9425177777777779 9.2390928177274088
decision_type=2 2 2 2 2 2 2 2 2 2 2 2 2 2 2 2 2 2 2 2 2 2 2 2 2 2 2 2 2 2
left_child=1 26 3 -2 5 8 7 -7 11 -10 -8 12 13 14 15 28 17 18 -13 20 21 -19 -3 24 -18 -26 -1 -27 -4 -30
right_child=2 22 4 -5 -6 6 10 -9 9 -11 -12 16 -14 -15 -16 -17 23 19 -20 -21 -22 -23 -24 -25 25 27 -28 -29 29 -31
leaf_value=-0.0002621494778867807 -0.00032863035882335032 -2.4180085379403999e-05 3.7848621786995554e-06 -0.00096254271292738113 0.19435355523360642 0.00088774284169375057 3.487269847646246e-05 -0.0017714609012906379 -0.0008478262121931504 -8.8406970432672019e-06 -5.0150703857099191e-05 3.3677176547275423e-06 -5.2132078874933542e-06 1.9790073446621647e-05 -0.00028395681627248594 4.9042185823076065e-05 0.00012502410010526509 -8.6222693300719306e-07 -3.0735990819152902e-09 2.8591422946977474e-06 -1.8652449075968747e-05 5.0094973889969198e-07 1.3258793688387879e-05 0.012040929267582498 -2.6560946743812155e-05 0.00039569270271354816 7.9967004724912968e-05 -1.9189518079114621e-05 -5.3647820575681849e-05 0.00021728530821333081
leaf_weight=33869 8925 596 4672 9014 2965 2429 2659 9140 6787 288399 5019 11166 4146 4112 2833 2818 27332 661 1956 1070 2133 1424 5221 4503 6626 6002 229 16034 2903 7717
leaf_count=33869 8925 596 4672 9014 2965 2429 2659 9140 6787 288399 5019 11166 4146 4112 2833 2818 27332 661 1956 1070 2133 1424 5221 4503 6626 6002 229 16034 2903 7717
internal_value=-0.00281546 -0.0307704 -0.000299203 -0.0194727 0.000509135 0.000260046 -0.0122554 -0.023805 0.00085734 -0.000520079 0.00514717 0.00461834 -0.0018972 0.00425145 -0.00198061 0.0038476 0.00702954 0.0165301 0.0242402 -0.00260212 -0.0128402 0.0149448 0.0125082 0.00413839 0.00275744 -0.00256507 -0.0381536 0.00262843 -0.00263667 -0.00865537
internal_weight=483360 39915 443445 17939 425506 422541 19247 11569 403294 295186 7678 108108 29201 25055 20943 18110 78907 18410 13122 5288 4218 2085 5817 60497 55994 28662 34098 22036 15292 10620
internal_count=483360 39915 443445 17939 425506 422541 19247 11569 403294 295186 7678 108108 29201 25055 20943 18110 78907 18410 13122 5288 4218 2085 5817 60497 55994 28662 34098 22036 15292 10620
is_linear=0
shrinkage=0.08


Tree=68
num_leaves=31
num_cat=0
split_feature=7 21 33 13 33 5 33 8 7 39 0 31 31 39 29 8 2 5 5 5 5 29 23 5 39 29 6 7 23 33
split_gain=5266.08 1956.95 1076.42 1041.39 783.9 556.922 446.753 382.079 414.598 309.938 301.278 1042.26 774.553 710.415 645.793 298.438 424.324 571.929 341.407 497.352 428.809 217.327 196.931 196.899 424.37 248.787 242.47 240.733 185.982 219.451
threshold=0.0065941666666666657 0.0026166666666666669 -4.2133166666666657 4.3965666666666676 4.2577166666666679 19.547255000000003 4.285608333333335 0.23641417318234836 0.20054236111111115 33.883782758990002 0.13623046875000003 2.9796750000000007 2.8777500000000003 21.484546320856129 2.7779000000000003 1.0000000180025095e-35 4.5000000000000009 0.9847111111111112 0.95580166666666611 0.94773722222222212 0.71557500000000018 0.0041250000000000011 0.0086166666666666683 0.9425177777777779 9.2390928177274088 2.7060666666666671 0.00082086158853804923 1.4490612500000004 4.3676583333333339 4.3944666666666672
decision_type=2 2 2 2 2 2 2 2 2 2 2 2 2 2 2 2 2 2 2 2 2 2 2 2 2 2 2 2 2 2
left_child=1 22 3 -2 5 7 -6 10 -9 -8 11 12 13 14 23 16 17 -12 19 20 -18 -3 -1 26 -25 27 -4 -26 -11 -30
right_child=2 21 4 -5 6 -7 9 8 -10 28 15 -13 -14 -15 -16 -17 18 -19 -20 -21 -22 -23 -24 24 25 -27 -28 -29 29 -31
leaf_value=-0.00024117751965583824 -0.00030233993011748227 1.2198090193316844e-05 3.4820732044060776e-06 -0.00088553929589319067 -0.0014764313460819522 0.17880527081491779 6.2172382568732594e-05 -0.00078000011521769843 2.6309305694696272e-06 -0.0016125075815114464 3.0983002423479178e-06 -4.7961512564853593e-06 1.8206867570889073e-05 -0.00026124027097068847 4.5118810957234244e-05 1.9430728411480302e-05 -7.9324877837017034e-07 -2.8277111585595094e-09 2.6304109111219276e-06 -1.7160253149892669e-05 4.6087375978665083e-07 -0.00024117751965583824 7.3569644346919936e-05 -4.9355994929625168e-05 -0.00049604495554971711 -0.0030118522902406399 -6.5852470947851981e-07 0.0093629072608569786 3.2082882598345465e-05 -4.6138647548517043e-05
leaf_weight=33794 8925 5417 1388 9014 4451 2928 3865 9779 288369 4765 11166 4146 4112 2833 2818 60497 661 1956 1070 2133 1424 486 218 2903 4041 876 3284 2800 725 2516
leaf_count=33794 8925 5417 1388 9014 4451 2928 3865 9779 288369 4765 11166 4146 4112 2833 2818 60497 661 1956 1070 2133 1424 486 218 2903 4041 876 3284 2800 725 2516
internal_value=-0.00278169 -0.0306141 -0.000276472 -0.0194727 0.000532824 0.00121862 -0.0166597 0.00096806 -0.000509277 -0.0085553 0.00504237 -0.00189993 0.00424825 -0.00198443 0.00384318 0.00761149 0.0165301 0.0242402 -0.00260212 -0.0128402 0.0149448 0.0119058 -0.0379936 -0.0026419 -0.0086629 0.00114552 0.0110445 0.00628563 -0.0175368 -0.00275224
internal_weight=483360 39915 443445 17939 425506 409184 16322 406256 298148 11871 108108 29201 25055 20943 18110 78907 18410 13122 5288 4218 2085 5903 34012 15292 10620 7717 4672 6841 8006 3241
internal_count=483360 39915 443445 17939 425506 409184 16322 406256 298148 11871 108108 29201 25055 20943 18110 78907 18410 13122 5288 4218 2085 5903 34012 15292 10620 7717 4672 6841 8006 3241
is_linear=0
shrinkage=0.08


Tree=69
num_leaves=31
num_cat=0
split_feature=7 21 33 13 5 33 5 5 39 29 23 23 8 27 27 6 29 29 8 0 8 29 8 29 29 7 7 0 7 7
split_gain=5194.9 1957.65 1054.14 1041.39 582.372 286.233 767.371 425.23 339.17 216.048 196.906 158.542 146.906 146.333 483.068 367.687 215.696 722.167 570.92 227.709 221.074 164.182 349.063 300.722 435.787 220.283 187.857 984.854 288.65 628.435
threshold=0.0065941666666666657 0.0026166666666666669 -4.2133166666666657 4.3965666666666676 19.547255000000003 3.3913000000000006 2.2835738888888897 2.3433327777777779 33.498457628563202 0.0041250000000000011 0.0086166666666666683 4.2856250000000014 0.028112341566782838 0.70282500000000014 0.72512500000000013 0.066370561460421515 0.94463333333333332 0.95583333333333342 0.0051176092131718452 0.18542480468750003 0.12714578923209288 0.96676666666666677 1.0000000180025095e-35 0.97205833333333347 0.97745000000000004 1.4229576388888892 2.979669166666667 0.13387044270833334 2.8775041666666668 2.8535286111111118
decision_type=2 2 2 2 2 2 2 2 2 2 2 2 2 2 2 2 2 2 2 2 2 2 2 2 2 2 2 2 2 2
left_child=1 10 3 -2 5 13 8 -8 -7 -3 12 -10 -1 -4 15 -15 18 20 19 -16 -18 22 -19 -23 -25 -26 28 -28 29 -27
right_child=2 9 4 -5 -6 6 7 -9 11 -11 -12 -13 -14 14 16 -17 17 21 -20 -21 -22 23 -24 24 25 26 27 -29 -30 -31
leaf_value=-0.0002218833180833712 -0.00027815273570808369 1.1222242977851488e-05 -8.7085169980934182e-06 -0.00081469615222173539 0.16648830008183807 0.00081651293991271247 5.7198591963256717e-05 -4.2447555744615781e-05 -0.0015116295215008792 -0.0002218833180833712 6.7684072799166338e-05 -0.020157838005605448 0.00014346265869617976 8.1862440232516321e-06 3.2035073480507494e-06 -7.545599988807439e-06 -4.5407515335256219e-05 2.4199780382350155e-06 0.00027459282337805035 -0.0087849628993926648 0.00079924325268782687 -2.0568682262300798e-07 -8.3665707792279775e-05 3.3369892296581938e-05 -3.3072273900671693e-05 0.0011161865822677441 -4.4124591559580043e-06 0.0017082689795428507 1.6750318165215105e-05 -0.00024034104929302914
leaf_weight=33611 8925 5417 153961 9014 2965 1637 3201 7021 7345 486 218 1274 183 6097 3870 3913 3929 1944 52561 252 752 2885 1228 2895 30941 56882 4625 64354 7519 3455
leaf_count=33611 8925 5417 153961 9014 2965 1637 3201 7021 7345 486 218 1274 183 6097 3870 3913 3929 1944 52561 252 752 2885 1228 2895 30941 56882 4625 64354 7519 3455
internal_value=-0.00296442 -0.030608 -0.000476181 -0.0194727 0.000324696 7.67736e-05 -0.00914933 0.00636275 -0.02461 0.0119194 -0.0379889 -0.0309502 -0.0384778 0.00054668 0.00174896 0.018965 0.00102515 -0.000320822 0.00533282 0.0340029 -0.0313352 0.000500656 0.0185372 0.000171011 0.000603969 7.29544e-05 0.00145138 -0.00148857 0.00443999 0.00259807
internal_weight=483360 39915 443445 17939 425506 422541 20478 10222 10256 5903 34012 8619 33794 402063 248102 10010 238092 181409 56683 4122 4681 176728 3172 173556 170671 167776 136835 68979 67856 60337
internal_count=483360 39915 443445 17939 425506 422541 20478 10222 10256 5903 34012 8619 33794 402063 248102 10010 238092 181409 56683 4122 4681 176728 3172 173556 170671 167776 136835 68979 67856 60337
is_linear=0
shrinkage=0.08


Tree=70
num_leaves=31
num_cat=0
split_feature=7 21 33 13 5 0 7 7 7 33 39 39 8 8 2 7 5 8 7 5 8 39 21 7 5 8 5 7 7 31
split_gain=5143.28 1916.5 1018.65 1041.39 592.646 337.014 761.893 758.557 1208.79 445.255 749.687 947.524 393.433 331.969 247.907 391.583 723.589 525.782 516.35 332.974 319.111 309.921 247.082 240.154 230.247 227.728 168.378 617.523 236.355 160.684
threshold=0.0041731944444444455 0.0026166666666666669 -4.2133166666666657 4.3965666666666676 19.547255000000003 0.13842773437500003 2.979669166666667 2.8775041666666668 2.7561545833333336 4.3944666666666672 33.803507984836379 33.498457628563202 0.2413565264626483 0.044602348909807014 1.0000000180025095e-35 0.97410083333333342 0.94773722222222212 1.0000000180025095e-35 0.7024677777777778 0.92026888888888891 0.047238941314250667 6.4294501581748467 0.49654166666666671 13.7512925 0.0043799999999999707 0.12714578923209288 0.95580166666666611 0.96005472222222221 0.95264083333333349 4.1612333333333344
decision_type=2 2 2 2 2 2 2 2 2 2 2 2 2 2 2 2 2 2 2 2 2 2 2 2 2 2 2 2 2 2
left_child=1 -1 3 -2 5 6 7 8 9 10 11 24 14 -9 19 16 17 18 -16 -7 -17 -21 -14 -24 -4 26 -18 28 -28 -26
right_child=2 -3 4 -5 -6 12 -8 13 -10 -11 -12 -13 22 -15 15 20 25 -19 -20 21 -22 -23 23 -25 29 -27 27 -29 -30 -31
leaf_value=-0.00020413265263670148 -0.00025590051685143701 1.0324463539623381e-05 -0.00039137976079087048 -0.00074952046004399654 0.15316923607529107 0.00011656928837678402 -4.0594624234913117e-06 1.5410292711983686e-05 -5.9573967513060215e-05 -0.0019294704138909675 0.00089641419123644541 -0.0013906991597808372 -0.00063006058073427078 -0.0044795748471332429 -3.310751625740238e-08 1.186286590401764e-05 -0.00026592400246842727 1.0171671433461837e-05 2.1955367011017304e-06 -0.00031137920274026953 0.004923568655486008 -8.310292331970004e-07 0.0015798781483244186 -0.010247434385035489 -1.6972774047016654e-05 3.573644280997712e-05 -7.6972451168897388e-05 -1.9167534293540457e-06 2.2263797951804778e-06 3.5843294075293402e-05
leaf_weight=32747 8925 5306 4228 9014 2965 7906 5147 3775 6817 4576 12130 4348 72203 784 661 4840 2431 37291 6379 2630 9369 2681 127595 7199 90621 1478 343 2864 1355 4752
leaf_count=32747 8925 5306 4228 9014 2965 7906 5147 3775 6817 4576 12130 4348 72203 784 661 4840 2431 37291 6379 2630 9369 2681 127595 7199 90621 1478 343 2864 1355 4752
internal_value=-0.00320937 -0.0314393 -0.000797023 -0.0194727 -1.31035e-05 -0.000262109 -0.00352418 -0.00234702 -0.00349379 -0.00164204 -0.000677125 -0.00287333 0.00129585 0.029717 0.00605175 0.00802674 0.00485436 0.00894814 0.029 -0.00396156 0.0198156 -0.019454 -0.000547448 0.00147544 -0.0012775 -0.0165695 -0.0225997 -0.0135379 0.0246879 -0.000467638
internal_weight=483360 38053 445307 17939 427368 424403 137178 132031 127472 120655 116079 103949 287225 4559 80228 67011 52802 44331 7040 13217 14209 5311 206997 134794 99601 8471 6993 4562 1698 95373
internal_count=483360 38053 445307 17939 427368 424403 137178 132031 127472 120655 116079 103949 287225 4559 80228 67011 52802 44331 7040 13217 14209 5311 206997 134794 99601 8471 6993 4562 1698 95373
is_linear=0
shrinkage=0.08


Tree=71
num_leaves=31
num_cat=0
split_feature=7 21 33 13 7 33 5 31 31 0 7 7 7 8 2 39 7 39 8 5 39 5 2 23 6 7 8 8 7 7
split_gain=5090.7 1915.96 1002.28 1041.39 599.654 389.392 474.281 348.472 232.144 182.895 829.644 750.404 1303.83 521.282 415.889 1125.76 403.214 322.23 270.448 223.554 214.978 741.507 624.742 151.47 396.778 396.352 259.831 177.999 180.014 171.428
threshold=0.0041731944444444455 0.0026166666666666669 -4.2133166666666657 4.3965666666666676 18.711218750000004 3.728025000000001 2.2835738888888897 4.2138833333333343 4.0949250000000008 0.13842773437500003 2.979669166666667 2.8775041666666668 2.7561545833333336 0.0051176092131718452 4.5000000000000009 6.1534803702613727 0.99049111111111121 38.191846032040722 0.053743978479683686 0.0043799999999999707 6.2769169537063823 0.74428722222222232 1.0000000180025095e-35 0.93962500000000004 0.0089821603068405646 1.2181743055555556 0.047238941314250667 0.21827980938335542 1.4490612500000004 0.83033055555555557
decision_type=2 2 2 2 2 2 2 2 2 2 2 2 2 2 2 2 2 2 2 2 2 2 2 2 2 2 2 2 2 2
left_child=1 -1 3 -2 5 9 7 8 -7 10 11 12 17 14 16 -16 20 19 -13 -4 21 -11 -23 24 -21 26 -25 28 -27 -26
right_child=2 -3 4 -5 -6 6 -8 -9 -10 13 -12 18 -14 -15 15 -17 -18 -19 -20 23 -22 22 -24 25 29 27 -28 -29 -30 -31
leaf_value=-0.00018780204042576537 -0.00023542847550332206 9.4985064564535179e-06 -0.00036006937992760085 -0.00068955882324047693 0.13892824625715378 -0.0017751127807796902 4.1414951936857845e-05 -0.0012794432269983957 0.0007483244411936596 7.3557015653058503e-06 -3.7347054296077433e-06 1.4177469295013623e-05 -5.4808050112029605e-05 5.7179762593229098e-06 -3.045891495467856e-08 9.1190885263880975e-06 -0.00029313893682839874 0.0053255095195853036 -0.0041212088593625754 4.3050486839657514e-06 9.8633227292666001e-06 2.4721104342404487e-05 -1.7634131550092747e-06 -4.041709218467915e-05 -0.0015011289326651634 -0.00017413598068562132 -0.0068563081768055487 -0.0028068216724068053 0.0085259375753307682 4.6834146200642859e-05
leaf_weight=32747 8925 5306 4228 9014 2997 4158 9576 4953 569 3880 5091 3781 6799 261900 3173 2240 961 8373 765 1833 5612 1000 2111 2636 21433 2550 7994 34349 2516 21890
leaf_count=32747 8925 5306 4228 9014 2997 4158 9576 4953 569 3880 5091 3781 6799 261900 3173 2240 961 8373 765 1833 5612 1000 2111 2636 21433 2550 7994 34349 2516 21890
internal_value=-0.00334773 -0.031433 -0.000947751 -0.0194727 -0.000170158 -0.000421989 -0.0115372 -0.0240248 -0.00848741 0.00010634 -0.00244949 -0.00109814 -0.00236263 0.00123684 0.0140402 -0.00470719 0.0215217 -0.000219662 0.0307787 -0.0014889 0.0253305 0.0159691 -0.0131276 -0.000689489 0.00266986 -0.00372065 -0.0174299 -2.33414e-05 0.0139755 0.00112735
internal_weight=483360 38053 445307 17939 427368 424371 19256 9680 4727 405115 124238 119147 114601 280877 18977 5413 13564 107802 4546 99429 12603 6991 3111 95201 45156 50045 10630 39415 5066 43323
internal_count=483360 38053 445307 17939 427368 424371 19256 9680 4727 405115 124238 119147 114601 280877 18977 5413 13564 107802 4546 99429 12603 6991 3111 95201 45156 50045 10630 39415 5066 43323
is_linear=0
shrinkage=0.08


Tree=72
num_leaves=31
num_cat=0
split_feature=7 21 33 13 5 0 8 7 7 7 2 5 7 17 15 15 8 19 31 25 19 8 8 15 5 27 39 5 8 6
split_gain=5179.19 1915.6 1031 1041.87 581.462 336.331 852.927 768.352 824.213 1215 621.806 1092.96 495.778 300.48 298.902 645.737 243.802 217.884 390.894 230.697 215.56 430.583 414.227 201.11 294.633 276.631 180.087 154.047 152.611 146.26
threshold=0.0041731944444444455 0.0026166666666666669 -4.2133166666666657 4.3965666666666676 19.547255000000003 0.13842773437500003 1.0000000180025095e-35 2.979669166666667 2.8775041666666668 2.7561545833333336 4.5000000000000009 0.95289944444444452 0.99049111111111121 1.2665500000000003 4.2775916666666678 4.2140250000000004 0.077632606057099832 0.0062583333333333345 4.1612333333333344 4.7974083333333342 0.93299166666666677 0.0051176092131718452 0.047238941314250667 4.2856250000000014 0.66786277777777781 4.3110083333333344 38.191846032040722 0.86151333333333335 3.378879639742959 0.030878861482017638
decision_type=2 2 2 2 2 2 2 2 2 2 2 2 2 2 2 2 2 2 2 2 2 2 2 2 2 2 2 2 2 2
left_child=1 -1 3 -2 5 7 10 8 9 13 12 -12 -7 14 15 17 -10 19 20 -4 21 -19 -22 -16 -25 -26 29 -24 -8 -15
right_child=2 -3 4 -5 -6 6 28 -9 16 -11 11 -13 -14 26 23 -17 -18 18 -20 -21 22 -23 27 24 25 -27 -28 -29 -30 -31
leaf_value=-0.00017277787719170414 -0.00021659419746305629 8.7386259399372536e-06 -0.00065678749338295747 -0.00063439411738123867 0.12980143748869524 6.7672454400824475e-06 8.9004996180390565e-06 -3.4359289952234916e-06 1.3043271751413954e-05 -5.0423406103057291e-05 -2.8022201759014821e-08 8.3895614442752726e-06 -0.00026968782188212969 0.072104803281540855 3.2247558309919101e-05 -0.0011770877688385185 -0.0043728149950937835 3.9606447892470698e-06 4.035807197522396e-05 0.0005128792010532314 -3.7183724809901618e-05 -0.00046839766903736371 -0.0092975405427022338 0.0002724428923948798 -2.2403626847733448e-05 4.8443397511022115e-05 0.0045132064590586293 -0.0002188429671862835 -0.01572363498839776 5.9152798326457586e-05
leaf_weight=32747 8925 5306 14259 9014 2965 12173 255941 5147 3813 6817 3127 2161 949 653 1434 3601 746 1737 2068 937 2636 22091 5450 1272 2499 3134 7789 12270 12874 38825
leaf_count=32747 8925 5306 14259 9014 2965 12173 255941 5147 3813 6817 3127 2161 949 653 1434 3601 746 1737 2068 937 2636 22091 5450 1272 2499 3134 7789 12270 12874 38825
internal_value=-0.00310046 -0.0314288 -0.000679711 -0.0194682 0.000108946 -0.000137699 0.00141868 -0.00339646 -0.00221433 -0.00340969 0.0180771 -0.00508321 0.0274105 -0.00155319 -0.00475718 -0.00658519 0.0312086 -0.00465564 -0.00192511 -0.0129666 -0.0035162 0.00164848 -0.0095618 0.00950234 0.0038407 -0.00401207 0.00342141 -0.00516027 0.000277812 0.00122803
internal_weight=483360 38053 445307 17939 427368 424403 287225 137178 132031 127472 18410 5288 13122 120655 73388 65049 4559 61448 46252 15196 44184 23828 20356 8339 6905 5633 47267 17720 268815 39478
internal_count=483360 38053 445307 17939 427368 424403 287225 137178 132031 127472 18410 5288 13122 120655 73388 65049 4559 61448 46252 15196 44184 23828 20356 8339 6905 5633 47267 17720 268815 39478
is_linear=0
shrinkage=0.08


Tree=73
num_leaves=31
num_cat=0
split_feature=7 21 33 13 5 39 39 39 6 8 8 15 15 8 39 2 5 7 5 8 15 39 5 2 15 0 15 21 0 21
split_gain=5194.7 1915.6 1035.07 1042.83 570.174 230.03 1021.5 568.602 920.62 452.643 405.408 384.545 357.85 334.519 673.355 506.835 1099.93 441.295 414.081 327.704 316.555 265.742 755.872 645.844 207.785 204.727 182.622 176.662 227.402 147.13
threshold=0.0041731944444444455 0.0026166666666666669 -4.2133166666666657 4.3965666666666676 19.547255000000003 20.897873551139025 21.826546031605432 22.603117462063601 0.044714829958626065 0.18500858910987505 1.1815289045376522 4.2775916666666678 4.2140250000000004 1.0000000180025095e-35 7.1722467952521516 4.5000000000000009 0.95289944444444452 0.99049111111111121 1.6960388888888893 0.0088367937866199106 4.2856250000000014 6.2769169537063823 0.74428722222222232 1.0000000180025095e-35 4.155333333333334 0.080118815104166671 4.3110583333333343 3.1991583333333344 0.11779785156250001 4.9497583333333344
decision_type=2 2 2 2 2 2 2 2 2 2 2 2 2 2 2 2 2 2 2 2 2 2 2 2 2 2 2 2 2 2
left_child=1 -1 3 -2 5 13 19 9 -9 -8 25 12 24 14 15 17 -17 21 -16 -7 -13 22 -4 -24 29 -10 -22 -15 -29 -12
right_child=2 -3 4 -5 -6 6 7 8 10 -11 11 20 -14 27 18 16 -18 -19 -20 -21 26 -23 23 -25 -26 -27 -28 28 -30 -31
leaf_value=-0.00015895564701636782 -0.00019926666166601178 8.0395358647422638e-06 6.2258658048719442e-06 -0.00058364258799073964 0.11941732248959966 -4.6389533614821234e-05 1.1999810011289469e-05 -3.1610546756155601e-06 0.0046430340431358273 -0.0072372304211350529 -0.0057213574103808142 2.9667753645128416e-05 -0.0010829207473314285 -1.8832368448151727e-06 -3.4209026825111621e-05 -2.5780425616517278e-08 7.7183965287375147e-06 -0.00024811279613156322 0.066336419019017601 -0.0046721834438545407 -2.0611336699900562e-05 7.1375301878973122e-06 2.2202036359804113e-05 -2.163719737815484e-06 0.00068522984014016684 0.0017877242790689963 -5.3961438621428214e-05 4.904594173232123e-05 0.013853894305600675 -0.0028176201897809777
leaf_weight=32747 8925 5306 3813 9014 2965 6185 4006 4190 7911 1737 6862 1439 3651 272958 2809 3127 2089 662 626 2430 992 6607 1000 2045 632 33204 12281 1873 39111 2163
leaf_count=32747 8925 5306 3813 9014 2965 6185 4006 4190 7911 1737 6862 1439 3651 272958 2809 3127 2089 662 626 2430 992 6607 1000 2045 632 33204 12281 1873 39111 2163
internal_value=-0.00305809 -0.0314288 -0.00063372 -0.0194593 0.000156493 -8.77468e-05 -0.00373755 -0.000887337 -0.00278595 0.0233536 -0.000579157 -0.008 -0.0178539 0.000862675 0.0102239 0.0160203 -0.00529141 0.023889 -0.0224163 -0.0298967 0.00091354 0.0270241 0.015993 -0.0137274 -0.00978772 0.00447817 -0.00295035 0.000183473 0.00508101 -0.0128931
internal_weight=483360 38053 445307 17939 427368 424403 87683 79068 73325 5743 69135 28020 13308 336720 22778 19343 5216 14127 3435 8615 14712 13465 6858 3045 9657 41115 13273 313942 40984 9025
internal_count=483360 38053 445307 17939 427368 424403 87683 79068 73325 5743 69135 28020 13308 336720 22778 19343 5216 14127 3435 8615 14712 13465 6858 3045 9657 41115 13273 313942 40984 9025
is_linear=0
shrinkage=0.08


Tree=74
num_leaves=31
num_cat=0
split_feature=7 21 33 13 5 33 6 39 6 0 23 0 7 7 7 8 29 39 8 6 7 33 5 7 13 31 8 0 0 31
split_gain=5112.39 1915.24 779.599 943.364 524.318 204.967 387.225 411.122 302.164 241.264 483.547 391.398 682.826 968.149 1069.55 370.44 322.819 225.963 222.978 178.495 175.948 174.047 164.595 163.026 152.578 149.603 137.966 184.017 207.185 176.996
threshold=0.0041731944444444455 0.0026166666666666669 -4.2577166666666661 4.3965666666666676 19.547255000000003 3.3913000000000006 2.2087790808110026 33.498457628563202 2.2130880675444886 0.10957845052083336 0.057991666666666677 0.13842773437500003 2.979669166666667 2.8775041666666668 2.7561545833333336 1.9279260373660134 0.058183333333333344 0.060167456023558177 0.085677587752698278 2.2381051176731477 0.036123611111111113 1.274991666666667 0.66770111111111119 0.26815152777777768 0.29253333333333337 4.2138833333333343 0.2413565264626483 0.18326822916666671 0.29463704427083337 16.786275000000003
decision_type=2 2 2 2 2 2 2 2 2 2 2 2 2 2 2 2 2 2 2 2 2 2 2 2 2 2 2 2 2 2
left_child=1 -1 3 -2 5 9 7 -7 -8 10 15 12 13 14 17 16 -4 23 -15 -10 -19 24 -18 -11 -12 -9 29 -28 -29 -13
right_child=2 -3 4 -5 -6 6 8 25 19 11 21 26 -14 18 -16 -17 22 20 -20 -21 -22 -23 -24 -25 -26 -27 27 28 -30 -31
leaf_value=-0.00014623919525505837 -0.00018332532873273081 7.396372995562908e-06 0.00013312566989423665 -0.00053695118095148039 0.10986393669043168 0.00063041145292892515 2.7294333353538038e-05 -0.0011228521660162133 -1.8962429763931256e-05 -0.00040178819971517456 -0.0062662388373648896 1.6692640497772971e-06 -2.9081703015521042e-06 1.1039825210374943e-05 -4.2678370925628429e-05 -0.0010893507985032908 -0.023451243173268334 1.5646413863574517e-05 -0.0046979276301896177 4.888484079984323e-05 -2.3693455023554578e-06 0.0029796562221613954 0.0098320482566060727 -0.00018332532873273081 -0.00044300844173358558 -0.00099628708754494265 0.00079477371863744927 -0.00068294962877954576 0.0072840451327387794 0.015592334385424636
leaf_weight=32747 7626 5306 9838 8946 2965 3076 1425 3504 1091 3201 816 77865 5083 3856 6794 940 674 728 688 6985 49709 4071 5516 7857 25543 4397 97361 69363 33026 2363
leaf_count=32747 7626 5306 9838 8946 2965 3076 1425 3504 1091 3201 816 77865 5083 3856 6794 940 674 728 688 6985 49709 4071 5516 7857 25543 4397 97361 69363 33026 2363
internal_value=-0.00327954 -0.0314246 -0.000874453 -0.0179001 -0.000216357 -0.00044982 -0.00825862 -0.0184932 0.00356594 -5.52688e-05 0.00530824 -0.00076559 -0.00578058 -0.00380212 -0.00618138 0.0161292 0.0189918 -0.00285357 0.0319542 -0.00242694 -0.000582905 -0.0007256 0.00467851 -0.0132103 -0.0031033 -0.0281534 0.00063005 -0.000495419 -0.0028632 0.00343222
internal_weight=483360 38053 445307 16572 428735 425770 20478 10977 9501 405292 47398 357894 77916 72833 68289 16968 16028 61495 4544 8076 50437 30430 6190 11058 26359 7901 279978 199750 102389 80228
internal_count=483360 38053 445307 16572 428735 425770 20478 10977 9501 405292 47398 357894 77916 72833 68289 16968 16028 61495 4544 8076 50437 30430 6190 11058 26359 7901 279978 199750 102389 80228
is_linear=0
shrinkage=0.08


Tree=75
num_leaves=31
num_cat=0
split_feature=7 21 33 13 5 6 7 8 7 39 39 0 13 31 39 5 33 2 39 2 7 2 7 7 0 7 13 5 8 19
split_gain=4986.47 1977.71 764.392 943.805 460.749 304.279 855.172 862.737 519.392 491.368 1592.72 608.231 407.873 242.839 453.701 296.373 218.161 178.753 295.307 268.199 235.573 158.156 252.265 212.861 156.521 147.632 215.446 155.924 134.244 138.614
threshold=0.0041731944444444455 0.0016416666666666669 -4.2577166666666661 4.3965666666666676 19.547255000000003 0.015593873359315467 0.93931111111111132 1.0000000180025095e-35 0.7024677777777778 22.603117462063601 21.826546031605432 0.13623046875000003 0.95289166666666669 0.95588333333333353 6.2427642252175177 0.97745000000000004 0.0070666666666666681 1.0000000180025095e-35 6.3662618172144496 1.5000000000000002 0.97741888888888906 2.5000000000000004 0.97410083333333342 0.96005472222222221 0.13842773437500003 0.081035833333333293 0.70356666666666678 0.72963777777777794 3.378879639742959 4.2673333333333341
decision_type=2 2 2 2 2 2 2 2 2 2 2 2 2 2 2 2 2 2 2 2 2 2 2 2 2 2 2 2 2 2
left_child=1 -1 3 -2 5 6 7 8 -4 10 11 -8 -13 -14 -15 21 24 -17 19 20 -19 -16 23 -23 -9 -26 -27 -28 29 -7
right_child=2 -3 4 -5 -6 28 9 16 -10 -11 -12 12 13 14 15 17 -18 18 -20 -21 -22 22 -24 -25 25 26 27 -29 -30 -31
leaf_value=-0.00013454005963465371 -0.00016865930243411233 6.8046631559178649e-06 -1.5725911555186657e-07 -0.00049399508647536203 0.10107482175519721 -1.4615534315959301e-06 -3.1282757038910702e-05 -0.00017131011590937364 5.5942554164989388e-06 -2.6755166774350415e-06 1.0156639193539263e-05 -5.1514711117306435e-07 6.9673836824613038e-06 -3.7439404426464762e-07 2.0292332327036534e-05 -0.00022839731356501857 1.4394700754488538e-05 -0.00010620903410592853 0.00019230871799114091 -4.0073370381144004e-07 1.2494530852746876e-05 4.0080566943974104e-05 7.8283337367057721e-06 -2.1241632827706525e-06 8.2055774721989624e-06 -8.2481404858558701e-06 0.00086405994397860126 -7.9006516130748501e-05 -0.014750770477552999 4.7389878482064771e-05
leaf_weight=32538 7626 5515 661 8946 2965 295723 10352 3789 6515 4190 4149 3132 1223 2512 2308 1354 771 362 2128 2165 782 311 972 1050 3017 4484 930 2514 12996 57380
leaf_count=32538 7626 5515 661 8946 2965 295723 10352 3789 6515 4190 4149 3132 1223 2512 2308 1354 771 362 2128 2165 782 311 972 1050 3017 4484 930 2514 12996 57380
internal_value=-0.00341178 -0.0312081 -0.0010365 -0.0178952 -0.000384853 -0.000603706 -0.00590102 0.00632953 0.0292642 -0.0134004 -0.0101049 -0.0168134 -0.00804634 -0.00261884 -0.00561675 0.00114766 -0.00428507 -0.00950081 -0.00302373 -0.0179752 0.0133566 0.0167292 0.00204029 -0.020191 -0.00645582 -0.00160439 -0.00733602 0.00771196 0.000259711 0.000553606
internal_weight=483360 38053 445307 16572 428735 425770 59671 22681 7176 36990 32800 28651 18299 15167 13944 11432 15505 6791 5437 3309 1144 4641 2333 1361 14734 10945 7928 3444 366099 353103
internal_count=483360 38053 445307 16572 428735 425770 59671 22681 7176 36990 32800 28651 18299 15167 13944 11432 15505 6791 5437 3309 1144 4641 2333 1361 14734 10945 7928 3444 366099 353103
is_linear=0
shrinkage=0.08


Tree=76
num_leaves=31
num_cat=0
split_feature=7 33 33 13 6 5 5 7 2 0 5 7 13 33 8 5 39 39 0 7 13 33 7 7 7 5 2 2 7 0
split_gain=4635.08 2187.41 749.236 943.805 443.014 732.151 1162.89 1038.15 319.516 454.101 276.15 268.511 242.579 224.704 196.446 266.029 165.272 166.081 423.805 227.612 385.45 150.955 142.669 590.959 336.876 290.9 156.066 378.638 157.853 190.106
threshold=0.0041731944444444455 0.0012666666666666805 -4.2577166666666661 4.3965666666666676 0.015593873359315467 2.9796766666666672 2.8774866666666674 2.7561545833333336 2.5000000000000004 0.13387044270833334 21.272981111111115 0.065723055555555576 0.9720416666666668 -0.0070499999999997778 0.12539320160510772 0.9847111111111112 6.6952799108036629 6.2427642252175177 0.18542480468750003 0.97741888888888906 0.98294166666666671 -1.0000000180025095e-35 0.95618305555555572 0.95534722222222235 0.93931111111111132 0.70314888888888916 3.5000000000000004 4.5000000000000009 0.7035348611111113 0.18542480468750003
decision_type=2 2 2 2 2 2 2 2 2 2 2 2 2 2 2 2 2 2 2 2 2 2 2 2 2 2 2 2 2 2
left_child=1 -1 3 -2 5 6 7 8 9 21 -6 13 22 -10 15 16 17 18 -11 -19 -21 -4 23 24 25 -13 28 -28 -27 -30
right_child=2 -3 4 -5 10 -7 -8 -9 11 14 -12 12 -14 -15 -16 -17 -18 19 -20 20 -22 -23 -24 -25 -26 26 27 -29 29 -31
leaf_value=-0.0001237768548638814 -0.00015516655823938336 4.9269714527219039e-06 -0.00037374625708560714 -0.00045447547955733305 2.131959640671255e-05 -2.4614753432317115e-06 9.3441080580447532e-06 -3.6761480688447538e-05 -4.5475197711038128e-05 -3.4444252072773907e-07 0.12336740657142201 -1.2062677823454493e-06 7.2020670377703771e-06 1.3243124694129471e-05 -0.00022349374677077983 -0.00021012552847981424 -4.7393534227779812e-07 1.8668945740873966e-05 0.0013587067752007709 -3.68675007509367e-07 1.1494968384528904e-05 2.8147979979475935e-06 -1.954230220144737e-06 6.4099929878658207e-06 -2.8780136475798912e-05 5.1467149831818656e-06 -1.8909281711110283e-07 0.00074769408700510638 5.6257907250394372e-05 -0.0080831498009384193
leaf_weight=32116 7626 5937 180 8946 367574 4195 4149 6530 472 2057 1490 5716 5020 2449 5284 929 424 3074 1815 868 768 3012 2576 1323 4033 1393 1409 946 517 532
leaf_count=32116 7626 5937 180 8946 367574 4195 4149 6530 472 2057 1490 5716 5020 2449 5284 929 424 3074 1815 868 768 3012 2576 1323 4033 1393 1409 946 517 532
internal_value=-0.00349454 -0.0302935 -0.00120447 -0.0178952 -0.00055932 -0.0069548 -0.00451799 -0.00781109 -0.0034672 0.00462115 0.000474714 -0.00911089 -0.0119582 0.0137624 -0.00113279 0.00549572 0.0097002 0.0121091 -0.000165289 0.0221996 -0.00190709 0.0320551 -0.0162017 -0.0133669 -0.0180228 -0.0104823 0.00404419 -0.0106497 0.0182146 -0.00522402
internal_weight=483360 38053 445307 16572 428735 59671 55476 51327 44797 18411 369064 26386 23465 2921 15219 9935 9006 8582 3872 4710 1636 3192 18445 15869 14546 10513 4797 2355 2442 1049
internal_count=483360 38053 445307 16572 428735 59671 55476 51327 44797 18411 369064 26386 23465 2921 15219 9935 9006 8582 3872 4710 1636 3192 18445 15869 14546 10513 4797 2355 2442 1049
is_linear=0
shrinkage=0.08


Tree=77
num_leaves=31
num_cat=0
split_feature=7 39 33 13 5 19 19 39 39 21 8 0 8 5 29 27 6 8 2 31 7 29 2 6 2 5 31 5 0 0
split_gain=4737.61 2209.06 786.859 944.246 283.951 177.703 568.176 291.362 908.067 1248.97 637.598 329.424 314.631 264.209 274.676 238.674 344.261 210.783 258.265 379.796 924.156 250.517 392.808 261.766 215.331 234.545 445.924 266.14 226.121 206.506
threshold=0.0041731944444444455 0.0090905584780610477 -4.2577166666666661 4.3965666666666676 21.272981111111115 4.2673333333333341 4.2390083333333344 20.897873551139025 21.826546031605432 2.9796750000000007 0.0088367937866199106 0.13387044270833334 0.0088367937866199106 2.2835738888888897 0.29245833333333343 0.70282500000000014 1.0000000180025095e-35 0.11412960415847066 5.5000000000000009 0.94470833333333337 0.96672611111111117 0.71568333333333345 3.5000000000000004 0.066370561460421515 1.5000000000000002 0.97198388888888909 0.97745000000000004 0.9889772222222224 0.13842773437500003 0.080118815104166671
decision_type=2 2 2 2 2 2 2 2 2 2 2 2 2 2 2 2 2 2 2 2 2 2 2 2 2 2 2 2 2 2
left_child=1 -1 3 -2 5 6 7 15 12 10 -10 -11 -9 14 -7 16 -4 18 19 21 -21 22 23 -17 -22 -26 -27 -28 -29 -12
right_child=2 -3 4 -5 -6 13 -8 8 9 11 29 -13 -14 -15 -16 17 -18 -19 -20 20 24 -23 -24 -25 25 26 27 28 -30 -31
leaf_value=-0.0001138747064747709 -0.00014275323358023268 4.5328137365041598e-06 -9.0193544544092674e-07 -0.00041811744119274637 0.11349801404570826 4.1893120490996697e-05 -0.0014155329934715866 -3.3820562233373151e-05 8.5965794134068568e-06 -0.00024616717590738804 0.003994057263716151 -0.014758658087515234 -0.0048041695182069024 3.9477295544756428e-05 -0.021569511504275964 4.7349777845262508e-06 -3.3010233632184695e-05 4.2332536378377932e-05 5.8971935488383313e-06 -2.6477725557736421e-05 1.0575370913770143e-05 4.4919305562984847e-06 -1.7396539174541205e-07 -8.1542705886539229e-05 -1.7978918025374213e-06 6.6259016747505232e-06 -3.391810069075518e-07 -0.00020555568988424257 0.00017634785518882978 -0.0012688119408633392
leaf_weight=31873 7626 6180 3629 8946 1490 4641 3430 6185 3704 6718 7911 4300 2166 55840 2253 2109 145211 138788 2998 3505 4253 9062 1639 2173 896 1691 1403 471 986 11283
leaf_count=31873 7626 6180 3629 8946 1490 4641 3430 6185 3704 6718 7911 4300 2166 55840 2253 2109 145211 138788 2998 3505 4253 9062 1639 2173 896 1691 1403 471 986 11283
internal_value=-0.00310096 -0.0301947 -0.000785705 -0.0178904 -0.000124552 -0.000246135 -0.00092299 -0.000615153 -0.00685641 -0.00103786 0.00961132 -0.0231694 -0.0304874 0.00368668 0.0184624 0.000212287 -0.00212685 0.00226058 0.00820368 0.00582943 -0.0040621 0.0145472 0.0017497 0.0144979 0.00865979 -0.00187259 0.0054933 -0.0137622 0.0101853 0.003747
internal_weight=483360 38053 445307 16572 428735 427245 364511 361081 42267 33916 22898 11018 8351 62734 6894 318814 148840 169974 31186 28188 13205 14983 5921 4282 9700 5447 4551 2860 1457 19194
internal_count=483360 38053 445307 16572 428735 427245 364511 361081 42267 33916 22898 11018 8351 62734 6894 318814 148840 169974 31186 28188 13205 14983 5921 4282 9700 5447 4551 2860 1457 19194
is_linear=0
shrinkage=0.08


Tree=78
num_leaves=31
num_cat=0
split_feature=7 39 33 13 13 13 13 8 8 8 39 39 39 39 31 0 6 15 6 21 29 13 8 27 15 8 2 31 31 2
split_gain=4863.92 2206.94 825.081 944.246 283.239 1106.74 677.076 664.892 388.165 362.868 242.39 228.985 332.073 707.643 231.923 436.156 199.793 257.443 182.052 164.37 152.795 234.185 233.095 229.521 340.314 198.82 751.279 509.796 446.654 383.892
threshold=0.0041731944444444455 0.0090905584780610477 -4.2577166666666661 4.3965666666666676 2.8777416666666671 2.7563750000000007 3.0400750000000003 0.053743978479683686 0.0051176092131718452 0.028112341566782838 107.79942454661978 39.720802600883154 33.699029661532272 33.498457628563202 4.1612333333333344 0.13387044270833334 2.2130880675444886 4.3110583333333343 2.2035542623652389 4.8129250000000008 0.97745000000000004 1.3696750000000002 0.21827980938335542 0.70356666666666678 0.6970833333333335 0.033028002712820061 2.5000000000000004 0.94470833333333337 0.9720416666666668 5.5000000000000009
decision_type=2 2 2 2 2 2 2 2 2 2 2 2 2 2 2 2 2 2 2 2 2 2 2 2 2 2 2 2 2 2
left_child=1 -1 3 -2 5 11 7 -6 -7 -8 -11 12 13 14 20 -16 18 -18 -14 -13 23 -22 -23 24 -4 26 -25 -28 29 -29
right_child=2 -3 4 -5 6 8 9 -9 -10 10 -12 19 16 -15 15 -17 17 -19 -20 -21 21 22 -24 25 -26 -27 27 28 -30 -31
leaf_value=-0.00010476472995678922 -0.00013133297489381407 4.1701886375838247e-06 1.4824493409173884e-05 -0.00038466804589732664 1.7428816756819288e-05 -3.1114917254697619e-05 -0.00022647380183478562 -0.0017225663405938008 -0.0041503958826284819 0.0019727469151703757 0.093026266183770481 -0.00093310768090385844 0.0036745326826188676 -0.0013022903539938824 2.439541493275657e-05 0.00052907702037023662 -2.61003770174284e-05 3.6319111901192972e-05 2.2310042522590834e-05 -0.002484277670682621 -0.00020641524471767703 0.0022210593820222082 -0.00040501614402067788 5.2055554416607918e-06 -7.5592445902827876e-06 5.0074906590113177e-05 1.8495483769243037e-06 -2.4359507513116441e-05 6.0958295407687046e-06 5.4254180649326858e-06
leaf_weight=31873 7626 6180 94027 8946 6368 6183 1309 3440 2891 82870 2668 2810 8371 2883 3568 7416 1173 2169 2119 1664 59087 3905 32261 6140 31189 55268 2498 3331 930 2197
leaf_count=31873 7626 6180 94027 8946 6368 6183 1309 3440 2891 82870 2668 2810 8371 2883 3568 7416 1173 2169 2119 1664 59087 3905 32261 6140 31189 55268 2498 3331 930 2197
internal_value=-0.00272112 -0.0301737 -0.000375202 -0.0178904 0.000301818 -0.000807516 0.00411319 0.0240375 -0.0283624 0.00186305 0.00250275 -3.34359e-05 0.000219005 -0.000331342 4.5458e-05 0.0114567 0.0123424 -0.0046918 0.0177693 -0.0180063 -0.000385513 -0.00301303 0.00205718 0.000894161 -0.00116024 0.00455005 0.0126868 -0.00209022 -0.013961 -0.0225904
internal_weight=483360 38053 445307 16572 428735 332080 96655 9808 9074 86847 85538 323006 318532 304700 301817 10984 13832 3342 10490 4474 290833 95253 36166 195580 125216 70364 15096 8956 6458 5528
internal_count=483360 38053 445307 16572 428735 332080 96655 9808 9074 86847 85538 323006 318532 304700 301817 10984 13832 3342 10490 4474 290833 95253 36166 195580 125216 70364 15096 8956 6458 5528
is_linear=0
shrinkage=0.08


Tree=79
num_leaves=31
num_cat=0
split_feature=7 39 33 13 8 39 5 5 2 7 5 2 5 5 39 5 2 19 19 5 29 39 39 5 21 0 21 0 8 31
split_gain=5071.41 2202.7 1131.59 1038.94 663.676 1168.86 1877.02 1073.19 460.024 568.602 409.89 526.741 359.098 271.822 147.964 504.86 242.119 141.114 578.499 271.783 273.476 232.937 206.462 197.857 153.792 134.828 132.203 210.123 124.834 125.077
threshold=0.0041731944444444455 0.0090905584780610477 -4.2133166666666657 4.3965666666666676 0.0042210448158676609 7.1722467952521516 2.8774866666666674 3.2395988888888891 4.5000000000000009 0.99049111111111121 2.7563805555555558 1.5000000000000002 0.95580166666666611 21.272981111111115 6.1534803702613727 0.94773722222222212 5.5000000000000009 4.2673333333333341 4.2390083333333344 2.2835738888888897 0.29245833333333343 39.720802600883154 32.931476826539416 0.76983333333333348 4.8129250000000008 0.13387044270833334 4.8129250000000008 0.11779785156250001 0.22010326211700934 15.587733333333334
decision_type=2 2 2 2 2 2 2 2 2 2 2 2 2 2 2 2 2 2 2 2 2 2 2 2 2 2 2 2 2 2
left_child=1 -1 3 -2 5 8 10 -8 9 -4 11 -7 14 17 15 16 -10 18 21 20 25 22 26 -22 -23 -19 -6 -28 29 -21
right_child=2 -3 4 -5 13 6 7 -9 12 -11 -12 -13 -14 -15 -16 -17 -18 19 -20 28 23 24 -24 -25 -26 -27 27 -29 -30 -31
leaf_value=-9.6383551560246073e-05 -0.00012082633690230896 3.8365735465770855e-06 4.9609191289867741e-06 -0.00035389460222554059 -1.0298436073723494e-05 1.576482876542329e-05 1.6034511416265218e-05 -0.00020835589768800845 1.7015845067724911e-06 -0.00017764829629712153 -2.8625723874320387e-05 -2.2410746912067125e-05 -8.2295442031643524e-07 0.096976071627350113 4.9913846197391366e-06 -0.00023836628113892646 -8.5397015057608884e-07 1.583019074824988e-05 -0.0011981071256743547 0.0013513351854562929 -0.019838566337478478 -0.0023252751772255245 0.0021026841150531793 0.20711215439732542 -0.0022855354570280114 0.024296166088433716 3.3572754860141526e-05 0.018664506759788323 2.0525239120772198e-05 0.013519808437924326
leaf_weight=31873 8925 6180 13872 9014 296467 1438 6243 1309 1813 673 6183 2001 1004 1490 1156 1045 312 3309 3430 4656 994 3960 10145 1259 1799 1331 1853 8469 48431 2726
leaf_count=31873 8925 6180 13872 9014 296467 1438 6243 1309 1813 673 6183 2001 1004 1490 1156 1045 312 3309 3430 4656 994 3960 10145 1259 1799 1331 1853 8469 48431 2726
internal_value=-0.00209964 -0.0301317 0.000295796 -0.0193879 0.00112203 0.0113547 -0.00393152 0.0259216 0.0245635 0.0319312 -0.0273623 -0.00522245 0.00445779 0.000150748 0.0144614 0.00552681 0.0279153 2.00602e-05 -0.000648222 0.00349568 0.0184825 -0.000300843 -1.11064e-05 -0.00438526 -0.0162459 0.0295862 -0.000382413 0.00851773 0.00164478 0.0113357
internal_weight=483360 38053 445307 17939 427368 37049 17174 7552 19875 14545 9622 3439 5330 390319 4326 3170 2125 388829 326123 62706 6893 322693 316934 2253 5759 4640 306789 10322 55813 7382
internal_count=483360 38053 445307 17939 427368 37049 17174 7552 19875 14545 9622 3439 5330 390319 4326 3170 2125 388829 326123 62706 6893 322693 316934 2253 5759 4640 306789 10322 55813 7382
is_linear=0
shrinkage=0.08


Tree=80
num_leaves=31
num_cat=0
split_feature=7 39 33 13 8 7 39 7 8 8 23 7 2 5 5 6 0 5 2 5 39 31 7 6 2 8 31 17 17 15
split_gain=5053.98 2200.16 1128.48 1038.94 463.79 382.25 1867.25 709.961 563.727 447.9 441.756 1035.58 447.548 378.165 370.994 317.814 267.354 250.121 245.992 429.143 236.396 161.504 223.821 185.268 163.715 171.688 154.559 168.591 193.423 149.076
threshold=0.0041731944444444455 0.0090905584780610477 -4.2133166666666657 4.3965666666666676 0.2413565264626483 2.8775041666666668 20.897873551139025 3.0399870833333336 0.0042210448158676609 0.028112341566782838 0.94463333333333332 0.95534722222222235 3.5000000000000004 0.95580166666666611 0.97198388888888909 0.015593873359315467 0.13842773437500003 21.272981111111115 1.0000000180025095e-35 0.9889772222222224 3.7577277987919211 0.73840833333333344 1.4490612500000004 0.0029327786267253843 4.5000000000000009 0.11412960415847066 0.078758333333333361 0.0016416666666666669 0.02211666666666667 0.7699666666666668
decision_type=2 2 2 2 2 2 2 2 2 2 2 2 2 2 2 2 2 2 2 2 2 2 2 2 2 2 2 2 2 2
left_child=1 -1 3 -2 5 6 8 -7 10 -9 20 -12 18 -14 -15 -6 -16 -17 19 -13 -4 23 -23 24 25 -10 27 -25 -29 -28
right_child=2 -3 4 -5 15 7 -8 9 21 -11 11 12 13 14 16 17 -18 -19 -20 -21 -22 22 -24 26 -26 -27 29 28 -30 -31
leaf_value=-8.8672867435426393e-05 -0.00011116022995012425 3.5296476628509517e-06 -7.8565253852858069e-07 -0.0003255830340474973 -0.00057094192013609302 1.4751750502952633e-05 -2.6335665964367651e-05 -0.00019168742587297061 -6.1306301371644165e-06 0.0048855123381757442 -2.0617887159097849e-05 1.5516082442852409e-05 4.5920738501603605e-06 -7.571180666943178e-07 -0.00017080515536312292 -1.6262458928255113e-05 5.2112896471889771e-06 0.089217985897162178 1.5804299520745245e-05 -0.00016343643259335573 1.5654577462331788e-06 -7.8478228948366535e-05 0.0019652142836062581 1.4462408822337736e-05 6.1997515476919311e-06 2.7707365119824177e-05 0.00036304577196503372 -4.4766536367400701e-05 -7.7146276586642637e-07 -0.0039122714705167906
leaf_weight=31873 8925 6180 312 9014 7763 6866 6549 1309 2151 10983 2416 1000 1100 1851 448 306256 1098 1397 5755 791 8543 19269 2523 4270 2649 1102 22037 2367 4537 2026
leaf_count=31873 8925 6180 312 9014 7763 6866 6549 1309 2151 10983 2416 1000 1100 1851 448 306256 1098 1397 5755 791 8543 19269 2523 4270 2649 1102 22037 2367 4537 2026
internal_value=-0.00212264 -0.0301064 0.000268669 -0.0193879 0.00109376 0.00551736 0.00339332 0.0158054 0.00652049 0.00429548 0.0171468 0.00852894 0.0181184 -0.00185902 -0.0150603 -0.000476323 0.013868 -7.29393e-05 0.0300239 0.00413177 0.0312185 0.00258378 -0.00298458 0.00553344 0.0186513 0.00662773 0.00333627 -0.00443888 -0.0121669 0.00694676
internal_weight=483360 38053 445307 17939 427368 111952 92794 19158 86245 12292 23314 14459 12043 4497 3397 315416 1546 307653 7546 1791 8855 62931 21792 41139 5902 3253 35237 11174 6904 24063
internal_count=483360 38053 445307 17939 427368 111952 92794 19158 86245 12292 23314 14459 12043 4497 3397 315416 1546 307653 7546 1791 8855 62931 21792 41139 5902 3253 35237 11174 6904 24063
is_linear=0
shrinkage=0.08


Tree=81
num_leaves=31
num_cat=0
split_feature=7 39 33 13 5 8 7 39 7 8 6 7 21 7 5 2 8 5 8 8 2 5 21 21 2 6 2 21 17 31
split_gain=4892.42 2199.73 1073.45 1038.94 258.927 222.096 474.219 1671.21 766.889 422.18 298.16 170.56 174.134 464.659 441.303 425.847 413.787 344.091 286.702 248.774 253.323 500.856 216.429 204.448 238.962 309.778 256.191 200.306 188.406 138.008
threshold=0.0041731944444444455 0.0090905584780610477 -4.2133166666666657 4.3965666666666676 21.272981111111115 0.2413565264626483 2.8775041666666668 20.897873551139025 3.0399870833333336 0.028112341566782838 0.015593873359315467 1.4490612500000004 0.98908333333333343 0.97410083333333342 0.94773722222222212 1.0000000180025095e-35 0.028112341566782838 0.70360666666666682 0.033028002712820061 0.12714578923209288 5.5000000000000009 0.95580166666666611 1.0146000000000002 0.54622500000000007 3.5000000000000004 0.074970135944514238 4.5000000000000009 1.0235500000000004 0.70243333333333347 16.786275000000003
decision_type=2 2 2 2 2 2 2 2 2 2 2 2 2 2 2 2 2 2 2 2 2 2 2 2 2 2 2 2 2 2
left_child=1 -1 3 -2 5 6 7 11 -8 -10 -7 12 13 14 17 -16 -15 23 -19 20 -17 -22 -14 -4 25 -25 -26 -24 -28 -11
right_child=2 -3 4 -5 -6 10 8 -9 9 29 -12 -13 22 16 15 19 -18 18 -20 -21 21 -23 27 24 26 -27 28 -29 -30 -31
leaf_value=-8.1579038040592282e-05 -0.00010226741155411432 3.2472758498228868e-06 9.228844561540995e-05 -0.0002995363913236975 0.082080547025389305 -0.00052526656652520558 1.3571610462719264e-05 -2.4228812687212555e-05 -0.00017635243180311733 0.0015599831442285961 -1.4961462213994705e-05 0.0075356684150118093 -0.00015036151798589081 1.4539955559085272e-05 1.4274795847422083e-05 -1.8968456186367888e-05 -0.00038149931514128713 1.4402211265363008e-06 0.00014919614123257041 3.9676031232662721e-05 4.2247079421464662e-06 -6.965486213594829e-07 1.3239298502529806e-05 4.438808978974862e-06 -7.7418743194002104e-08 -4.4710861672028201e-05 -6.8081980724681303e-05 -0.00015714074293407876 3.6735405889665173e-07 0.013971476148901161
leaf_weight=31873 8925 6180 28285 9014 1490 7763 6866 6549 1309 8189 306256 3168 1405 4362 1395 5950 1013 5835 8204 1526 1208 1265 808 2121 3079 5563 2609 5917 2532 2701
leaf_count=31873 8925 6180 28285 9014 1490 7763 6866 6549 1309 8189 306256 3168 1405 4362 1395 5950 1013 5835 8204 1526 1208 1265 808 2121 3079 5563 2609 5917 2532 2701
internal_value=-0.00256935 -0.0301022 -0.00021657 -0.0193879 0.000588158 0.000471684 0.00353266 0.00117163 0.0150244 0.00298713 -0.000618689 0.00413009 0.00343537 0.00464168 0.00289082 -0.0115444 0.0273042 0.0057031 0.0166137 -0.0173485 -0.022733 -0.0012131 -0.00768512 0.00223676 -0.00502012 0.00512233 -0.0145012 -0.00171896 -0.00357129 0.00814692
internal_weight=483360 38053 445307 17939 427368 425878 111859 92794 19065 12199 314019 86245 83077 74947 69572 11344 5375 58228 14039 9949 8423 2473 8130 44189 15904 7684 8220 6725 5141 10890
internal_count=483360 38053 445307 17939 427368 425878 111859 92794 19065 12199 314019 86245 83077 74947 69572 11344 5375 58228 14039 9949 8423 2473 8130 44189 15904 7684 8220 6725 5141 10890
is_linear=0
shrinkage=0.08


Tree=82
num_leaves=31
num_cat=0
split_feature=7 39 33 13 8 39 5 5 39 7 5 2 5 7 2 2 7 2 5 0 33 39 0 31 23 29 5 25 7 33
split_gain=4981.16 2197.62 1106.27 1038.94 372.815 780.603 1877.02 1073.19 465.606 565.166 409.89 526.741 357.771 265.286 202.615 613.047 226.061 523.013 219.872 124.696 115.561 156.423 152.903 471.21 178.401 259.464 248.418 408.499 202.711 180.399
threshold=0.0041731944444444455 0.0090905584780610477 -4.2133166666666657 4.3965666666666676 0.0042210448158676609 7.1722467952521516 2.8774866666666674 3.2395988888888891 6.1885446897943428 0.99049111111111121 2.7563805555555558 1.5000000000000002 0.95580166666666611 20.538803750000003 3.5000000000000004 4.5000000000000009 0.95264083333333349 5.5000000000000009 0.74428722222222232 0.13842773437500003 4.5858166666666671 21.484546320856129 0.10957845052083336 4.9390333333333336 3.3995583333333337 0.058183333333333344 0.76983333333333348 5.007200000000001 0.85989944444444444 1.274991666666667
decision_type=2 2 2 2 2 2 2 2 2 2 2 2 2 2 2 2 2 2 2 2 2 2 2 2 2 2 2 2 2 2
left_child=1 -1 3 -2 5 8 10 -8 12 -10 11 -7 14 20 18 -16 -17 -18 -4 -13 22 -22 23 24 25 26 -6 28 -28 -27
right_child=2 -3 4 -5 13 6 7 -9 9 -11 -12 19 -14 -15 15 16 17 -19 -20 -21 21 -23 -24 -25 -26 29 27 -29 -30 -31
leaf_value=-7.5052714997344899e-05 -9.4086018629785181e-05 2.9874937818370752e-06 4.0837042606600709e-06 -0.00027557348001780175 0.00031348193412306498 1.2180154622321027e-05 1.2485881625714512e-05 -0.00016224423725887504 1.1130572150044316e-05 -0.00013833259654702168 -2.2290507672231285e-05 -1.7450979691462365e-05 -6.4082473165250061e-07 0.075514103263358265 -7.1225243738481942e-08 1.3250034364098441e-06 -0.00021613007118017613 3.8867313067747491e-06 -0.0074376424630181416 0.00025318793358126258 0.062986129164870577 -0.0021001947067743909 -8.9779172773951645e-06 2.2255875040704707e-05 -0.0057617517260185871 -0.0006206996842957358 4.9390702640181986e-05 -1.3764545236875128e-05 0.0010648409335014656 0.0082646917414199092
leaf_weight=31873 8925 6180 2220 9014 3924 1438 6243 1309 9744 673 6183 1771 1004 1523 1656 2131 1045 1150 252 230 1910 6111 333375 2820 646 27658 1581 1110 4753 4908
leaf_count=31873 8925 6180 2220 9014 3924 1438 6243 1309 9744 673 6183 1771 1004 1523 1656 2131 1045 1150 252 230 1910 6111 333375 2820 646 27658 1581 1110 4753 4908
internal_value=-0.00229974 -0.0300812 7.42858e-05 -0.0193879 0.000891223 0.00856055 -0.00393152 0.0259216 0.019355 0.0310224 -0.0273623 -0.00522245 0.00650455 0.000163251 0.0118666 0.00390505 0.0197503 0.00173121 0.0311327 -0.0317641 3.27164e-05 -0.00947014 0.000232893 0.00448439 0.00247824 0.00309191 0.0134975 0.00491134 0.0127566 -0.000540441
internal_weight=483360 38053 445307 17939 427368 37049 17174 7552 19875 10417 9622 3439 9458 390319 8454 5982 4326 2195 2472 2001 388796 8021 380775 47400 44580 43934 11368 7444 6334 32566
internal_count=483360 38053 445307 17939 427368 37049 17174 7552 19875 10417 9622 3439 9458 390319 8454 5982 4326 2195 2472 2001 388796 8021 380775 47400 44580 43934 11368 7444 6334 32566
is_linear=0
shrinkage=0.08


Tree=83
num_leaves=31
num_cat=0
split_feature=7 39 33 13 8 0 8 7 7 39 7 19 31 13 7 6 5 7 2 6 8 31 25 21 39 2 2 7 2 7
split_gain=4910.26 2196.77 1082.36 1039.42 289.15 343.019 627.122 433.18 873.412 824.357 445.1 606.269 351.364 492.619 437.053 271.098 247.647 213.8 211.132 448.376 288.941 173.206 167.533 158.32 158.225 176.9 240.43 345.675 403.465 302.734
threshold=0.0041731944444444455 0.0090905584780610477 -4.2133166666666657 4.3965666666666676 0.2413565264626483 0.13842773437500003 0.0088367937866199106 2.9001590277777782 3.1944631944444448 20.897873551139025 2.8775041666666668 2.8880916666666674 0.98906666666666676 0.95830000000000004 0.95618305555555572 0.015593873359315467 21.272981111111115 1.4490612500000004 2.5000000000000004 0.00082086158853804923 0.002480759869466647 16.786275000000003 0.0062583333333333345 0.72550833333333331 6.6952799108036629 3.5000000000000004 5.5000000000000009 0.94465500000000002 4.5000000000000009 0.70315166666666673
decision_type=2 2 2 2 2 2 2 2 2 2 2 2 2 2 2 2 2 2 2 2 2 2 2 2 2 2 2 2 2 2
left_child=1 -1 3 -2 5 7 12 9 -9 17 -11 -12 13 14 24 -6 -17 18 19 -4 -20 23 -22 -8 25 -7 27 28 29 -27
right_child=2 -3 4 -5 15 6 21 8 -10 10 11 -13 -14 -15 -16 16 -18 -19 20 -21 22 -23 -24 -25 -26 26 -28 -29 -30 -31
leaf_value=-6.9048497797557305e-05 -8.6559137139402369e-05 2.7484942792901229e-06 2.8604166613099835e-07 -0.00025352760161637757 -0.00048252700782099755 3.7570079198090412e-06 7.0713620313498713e-05 1.1541100740188881e-05 -0.00014926469827816646 -2.0507267058462731e-05 1.9670473992050574e-06 -4.7113458858660809e-07 -0.00012726598882325746 1.2242366407626549e-05 -5.8955875312349806e-07 -2.2438218912199658e-05 0.069472975002289564 0.0069824709165545156 -1.6054901316149285e-05 -6.765955728787642e-05 6.6405738495095571e-06 0.01346480801549319 -4.2641967148065458e-05 -3.8911107820984726e-05 -2.7395930068774277e-06 1.582762747531774e-09 3.5757928022306374e-06 -0.00019883966548576382 1.2190031614967012e-06 -6.5527224242245554e-08
leaf_weight=31873 8925 6180 2137 9014 7763 3495 36195 4470 1340 6549 1291 1203 1035 7272 1022 306256 1397 2850 1767 5072 714 2794 3900 22497 307 471 1513 1056 1813 1189
leaf_count=31873 8925 6180 2137 9014 7763 3495 36195 4470 1340 6549 1291 1203 1035 7272 1022 306256 1397 2850 1767 5072 714 2794 3900 22497 307 471 1513 1056 1813 1189
internal_value=-0.00248974 -0.0300728 -0.000132673 -0.0193835 0.00067539 0.00416821 0.00692644 -0.00294123 0.0167711 -0.00743555 -0.0268362 0.00192462 0.0195588 0.0221458 0.0113602 -0.000564334 -0.000191774 0.00323601 -0.000941869 0.00843945 -0.0115405 0.00298735 -0.00100564 0.00206093 0.0165299 0.0183496 0.0100629 0.000839037 0.0130262 -0.0154699
internal_weight=483360 38053 445307 17939 427368 111952 80659 31293 5810 25483 9043 2494 19173 18138 10866 315416 307653 16440 13590 7209 6381 61486 4614 58692 9844 9537 6042 4529 3473 1660
internal_count=483360 38053 445307 17939 427368 111952 80659 31293 5810 25483 9043 2494 19173 18138 10866 315416 307653 16440 13590 7209 6381 61486 4614 58692 9844 9537 6042 4529 3473 1660
is_linear=0
shrinkage=0.08


Tree=84
num_leaves=31
num_cat=0
split_feature=7 39 33 13 5 5 31 8 29 8 39 39 7 2 2 7 19 19 6 13 13 8 7 7 0 39 31 0 39 8
split_gain=4776.48 2196.77 1036.18 1039.9 260.893 174.709 148.43 151.216 130.402 472.358 603.356 550.088 551.905 458.965 321.985 506.303 304.811 706.957 437.452 268.356 939.56 381.973 301.306 414.446 351.56 220.966 231.803 211.574 211.274 207.738
threshold=0.0041731944444444455 0.0090905584780610477 -4.2133166666666657 4.3965666666666676 21.272981111111115 0.0043799999999999707 1.0000000180025095e-35 0.25344928680947792 0.98906666666666676 0.0088367937866199106 7.1722467952521516 6.2769169537063823 0.95264083333333349 1.0000000180025095e-35 5.5000000000000009 0.95618305555555572 4.2673333333333341 4.2390083333333344 2.2130880675444886 2.8777416666666671 2.7563750000000007 0.0051176092131718452 3.0399870833333336 2.9697776388888895 0.13387044270833334 39.720802600883154 4.0949250000000008 0.13387044270833334 21.904534946812991 0.0088367937866199106
decision_type=2 2 2 2 2 2 2 2 2 2 2 2 2 2 2 2 2 2 2 2 2 2 2 2 2 2 2 2 2 2
left_child=1 -1 3 -2 5 6 -4 -8 9 10 11 12 -7 -14 -15 -16 17 25 -18 20 -10 -22 23 28 -24 26 -11 -28 29 -21
right_child=2 -3 4 -5 -6 8 7 -9 19 16 -12 -13 13 14 15 -17 18 -19 -20 22 21 -23 24 -25 -26 -27 27 -29 -30 -31
leaf_value=-6.352461797375272e-05 -7.9634406168250173e-05 2.5286147369469463e-06 -3.9230609776220222e-05 -0.00023324539348706735 0.06391513700210652 1.1214829085748334e-06 0.00020348620181765529 -0.00011144475459453448 -0.00032128766120257171 1.0556610834910884e-06 -1.477050921085521e-05 1.0961160522837688e-05 1.1262977095016781e-05 -6.286895914708879e-07 3.2897293780553838e-06 -5.4239405287148659e-07 2.3894424577619588e-05 -0.0010972473510339144 -2.0643161399220844e-05 1.8096836072700741e-06 -1.8866685693801345e-05 -0.00047824065106539138 -0.00013732352241589753 1.0617812680990823e-05 0.00041339381479268413 -0.0019303840727194633 0.0002425849845042781 0.0026390217878929502 -4.33443821492574e-07 0.027722844366153403
leaf_weight=31873 8925 6180 7956 9014 1490 6764 778 941 100950 176977 1350 6981 1000 2954 1166 1006 5467 2882 5118 1262 6183 2122 1779 5195 61006 4543 2182 2457 4259 12600
leaf_count=31873 8925 6180 7956 9014 1490 6764 778 941 100950 176977 1350 6981 1000 2954 1166 1006 5467 2882 5118 1262 6183 2122 1779 5195 61006 4543 2182 2457 4259 12600
internal_value=-0.00286809 -0.0300728 -0.000543355 -0.019379 0.000247281 0.000130366 -0.0104972 0.0108202 0.000377412 0.00170924 0.0130569 0.0165729 0.00677735 -0.010617 -0.0202887 0.00309392 0.00050294 -0.000236774 0.0137137 -0.0011282 -0.00376038 -0.0296255 0.00221182 0.0099777 -0.000672135 0.00037194 0.000807858 0.0184609 0.00426687 0.00905497
internal_weight=483360 38053 445307 17939 427368 425878 9675 1719 416203 220847 21221 19871 12890 6126 5126 2172 199626 189041 10585 195356 109255 8305 86101 23316 62785 186159 181616 4639 18121 13862
internal_count=483360 38053 445307 17939 427368 425878 9675 1719 416203 220847 21221 19871 12890 6126 5126 2172 199626 189041 10585 195356 109255 8305 86101 23316 62785 186159 181616 4639 18121 13862
is_linear=0
shrinkage=0.08


Tree=85
num_leaves=31
num_cat=0
split_feature=7 39 33 13 5 21 21 21 8 8 5 2 8 5 31 8 31 39 39 2 5 31 31 31 0 6 6 6 2 7
split_gain=4711.57 2196.56 1014.38 1039.9 262.46 141.521 636.896 462.479 420.644 379.28 468.1 596.966 352.682 245.33 206.356 549.108 328.438 289.148 706.934 270.353 254.737 234.336 435.947 309.536 228.378 196.467 223.859 191.186 165.51 324.934
threshold=0.0041731944444444455 0.0090905584780610477 -4.2133166666666657 4.3965666666666676 21.272981111111115 2.9781583333333339 2.753833333333334 3.0399916666666669 0.044602348909807014 0.0051176092131718452 2.8774866666666674 4.5000000000000009 0.028112341566782838 0.67756055555555561 0.96705833333333346 0.12539320160510772 0.95588333333333353 33.699029661532272 33.498457628563202 3.5000000000000004 0.68567166666666657 0.95289166666666669 0.94470833333333337 0.93962500000000004 0.10957845052083336 2.2130880675444886 2.2381051176731477 2.2035542623652389 1.0000000180025095e-35 0.97074111111111117
decision_type=2 2 2 2 2 2 2 2 2 2 2 2 2 2 2 2 2 2 2 2 2 2 2 2 2 2 2 2 2 2
left_child=1 -1 3 -2 5 6 14 8 -7 10 -8 -12 -9 -14 16 19 21 18 20 28 24 22 23 -4 -17 27 -27 -19 29 -16
right_child=2 -3 4 -5 -6 7 9 12 -10 -11 11 -13 13 -15 15 17 -18 25 -20 -21 -22 -23 -24 -25 -26 26 -28 -29 -30 -31
leaf_value=-5.8442648535852504e-05 -7.3263653674790152e-05 2.3263255579911852e-06 -9.1104783120738449e-07 -0.00021458576200810196 0.058801926041938089 9.7683876665044516e-06 -1.7357350838302922e-05 -0.00012633764062261577 -0.0034906054331779045 5.4886486301342071e-06 1.6649089186770994e-06 -3.9876831579022112e-07 1.3992636912087536e-05 0.0013215180896383671 1.036193892741899e-05 1.5164722723279903e-05 -5.783944241510852e-07 0.0028452425870897713 -0.0010094675629512295 -3.4366736465507588e-07 -0.00015063654928582082 3.0265510278137952e-06 -1.3588868473988215e-05 1.0317642758916891e-06 0.00075970834784756195 -1.8991708487305913e-05 3.8434221317871221e-05 2.1982870611410022e-05 3.6885871815464103e-05 -9.1381696821191133e-05
leaf_weight=31873 8925 6180 188342 9014 1490 3851 6183 1309 1430 4853 1261 1194 2061 87404 1212 1832 3383 8129 2881 2933 79048 1643 3498 1638 9681 969 2737 2117 5351 938
leaf_count=31873 8925 6180 188342 9014 1490 3851 6183 1309 1430 4853 1261 1194 2061 87404 1212 1832 3383 8129 2881 2933 79048 1643 3498 1638 9681 969 2737 2117 5351 938
internal_value=-0.00305147 -0.0300707 -0.000742589 -0.019379 3.96848e-05 -7.75809e-05 -0.000864585 0.00262475 0.0256391 -0.0178875 -0.0279417 0.00161303 0.00128583 0.00188901 -0.000138589 0.00251349 -0.00171281 0.000811219 -0.000792791 0.0200345 0.000448317 -0.00128433 -0.00153981 -0.00102453 0.0115661 0.0115539 -0.00423098 0.0172633 0.0280869 0.00933953
internal_weight=483360 38053 445307 17939 427368 425878 329823 96055 5281 13491 8638 2455 90774 89465 316332 117828 198504 107394 93442 10434 90561 195121 193478 189980 11513 13952 3706 10246 7501 2150
internal_count=483360 38053 445307 17939 427368 425878 329823 96055 5281 13491 8638 2455 90774 89465 316332 117828 198504 107394 93442 10434 90561 195121 193478 189980 11513 13952 3706 10246 7501 2150
is_linear=0
shrinkage=0.08


Tree=86
num_leaves=31
num_cat=0
split_feature=7 39 33 13 7 5 31 8 33 29 0 8 23 25 39 0 39 8 7 8 7 5 6 2 5 23 2 7 2 8
split_gain=4693.69 2188.93 1006.73 1039.9 262.485 133.163 133.332 149.378 121.556 151.635 350.555 355.525 341.564 251.227 192.241 220.805 354.864 840.686 582.264 586.192 297.826 597.779 279.489 223.364 853.095 197.889 421.151 397.73 588.808 292.735
threshold=0.0041731944444444455 0.0090905584780610477 -4.2133166666666657 4.3965666666666676 20.538803750000003 0.0043799999999999707 1.0000000180025095e-35 0.25344928680947792 4.5858166666666671 1.0000000180025095e-35 0.10957845052083336 1.9279260373660134 4.9306333333333336 0.0026166666666666669 0.35914926613988973 0.13842773437500003 22.00053896336021 0.057949776705634483 3.0399870833333336 0.044602348909807014 2.8775041666666668 2.8877716666666671 0.066370561460421515 1.5000000000000002 2.8211077777777782 0.9720416666666668 1.0000000180025095e-35 0.95618305555555572 1.0000000180025095e-35 0.047238941314250667
decision_type=2 2 2 2 2 2 2 2 2 2 2 2 2 2 2 2 2 2 2 2 2 2 2 2 2 2 2 2 2 2
left_child=1 -1 3 -2 5 6 -4 -8 9 10 11 12 13 -7 -11 16 17 20 19 -18 23 -22 25 24 -16 27 -27 -17 -29 -28
right_child=2 -3 4 -5 -6 8 7 -9 -10 14 -12 -13 -14 -15 15 22 18 -19 -20 -21 21 -23 -24 -25 -26 26 29 28 -30 -31
leaf_value=-5.37672366529843e-05 -6.7402561380806942e-05 2.1402195133518598e-06 -3.6019277167626017e-05 -0.00019741890104745381 0.054097771958583112 9.7666564328582423e-05 0.00018728018949873946 -0.00010245629040047513 -0.0018124410056571216 -0.001089612310966547 6.0924931353593951e-06 -0.0010912659711485625 -0.0052990280994843078 0.00014197275980537631 3.3935002070233368e-05 1.0837884154035749e-06 8.9869166531997274e-06 -0.00045422178682748895 -0.00011623062937282213 0.0020930262332804618 1.5317162051786682e-06 -3.6686685053410886e-07 7.4402087886618065e-05 -1.2501758996066315e-05 -4.1804157589098172e-06 -8.4071161075494064e-05 1.6249008665756294e-05 9.5329838132229836e-06 -4.5273097470932555e-07 3.2891246977824199e-05
leaf_weight=31873 8925 6180 7956 9014 1523 7881 778 941 8021 36087 50026 932 622 5236 1310 20961 3850 59561 1883 11115 1281 1212 180145 6975 2691 1629 4865 1055 3583 5249
leaf_count=31873 8925 6180 7956 9014 1523 7881 778 941 8021 36087 50026 932 622 5236 1310 20961 3850 59561 1883 11115 1281 1212 180145 6975 2691 1629 4865 1055 3583 5249
internal_value=-0.00311751 -0.0300854 -0.000813012 -0.019379 -3.36946e-05 -0.000152262 -0.00943049 0.0107737 6.34356e-05 0.000255103 0.0038079 0.014682 0.0179256 0.0206724 -0.000414148 0.000234379 -0.00310109 -0.00551554 0.00736467 0.0126402 -0.0235652 0.00139591 0.00161279 -0.0292347 -0.0141665 0.00791173 0.0165103 0.00396734 -0.0172316 0.0225905
internal_weight=483360 38053 445307 17939 427368 425845 9675 1719 416170 408149 64697 14671 13739 13117 343452 307365 89878 73030 16848 14965 13469 2493 217487 10976 4001 37342 11743 25599 4638 10114
internal_count=483360 38053 445307 17939 427368 425845 9675 1719 416170 408149 64697 14671 13739 13117 343452 307365 89878 73030 16848 14965 13469 2493 217487 10976 4001 37342 11743 25599 4638 10114
is_linear=0
shrinkage=0.08


Tree=87
num_leaves=31
num_cat=0
split_feature=7 39 33 13 5 8 5 5 7 39 7 7 7 8 8 39 19 7 2 2 2 8 8 5 21 15 2 7 27 8
split_gain=4683.99 2235.32 1030.03 1039.9 258.457 124.007 248.187 567.235 398.998 958.122 535.709 460.616 555.368 404.818 296.477 240.463 530.812 233.382 401.576 410.512 186.24 649.378 525.229 181.873 178.05 377.284 170.749 331.84 140.325 137.532
threshold=0.0041731944444444455 1.0000000180025095e-35 -4.2133166666666657 4.3965666666666676 21.272981111111115 0.2413565264626483 0.94773722222222212 0.95289944444444452 2.9212730555555564 20.897873551139025 3.0399870833333336 2.8775041666666668 2.8878026388888887 0.028112341566782838 0.0042210448158676609 6.2427642252175177 0.9558916666666667 0.7035348611111113 3.5000000000000004 4.5000000000000009 3.5000000000000004 0.12539320160510772 0.0042210448158676609 0.051556666666666674 0.70240833333333341 0.70356666666666678 1.0000000180025095e-35 0.97074111111111117 0.70282500000000014 1.0000000180025095e-35
decision_type=2 2 2 2 2 2 2 2 2 2 2 2 2 2 2 2 2 2 2 2 2 2 2 2 2 2 2 2 2 2
left_child=1 -1 3 -2 5 6 14 -8 9 15 -10 -11 -13 -12 17 16 29 18 -4 -20 21 26 -22 -7 -16 -26 27 -17 -27 -9
right_child=2 -3 4 -5 -6 23 7 8 10 11 13 12 -14 -15 24 20 -18 -19 19 -21 22 -23 -24 -25 25 28 -28 -29 -30 -31
leaf_value=-4.9465857720745552e-05 -6.2010356470342391e-05 1.9144845186404302e-06 3.352909406801885e-06 -0.00018162538896365752 0.04976995020189634 -0.00040497778814659117 -1.1501618276383852e-05 2.6977238723535636e-06 8.2679633209536975e-06 -1.5634329510518795e-05 -0.00010693217902300489 1.4091789087800067e-06 -3.3751750248001147e-07 0.0034688540880135578 6.8004730300292308e-05 8.7703451081644348e-06 -4.9590439224367342e-07 8.6252006058273879e-07 -1.6382292573169365e-07 3.0907326920015521e-08 -3.8796519983286262e-07 -9.7056778236881419e-05 0.00018356257258377086 -1.1212342805002606e-05 -2.744083676161857e-05 -7.1842343880677007e-05 3.1220201904620385e-05 -7.7345468189458095e-05 0.0002771276823328339 -0.00024207091321823526
leaf_weight=31486 8925 6567 1321 9014 1490 7388 2774 1091 4196 6549 1309 1283 1387 10890 34441 1178 2820 5174 1656 701 2393 6940 3493 306631 6081 1837 5266 933 7647 499
leaf_count=31486 8925 6567 1321 9014 1490 7388 2774 1091 4196 6549 1309 1283 1387 10890 34441 1178 2820 5174 1656 701 2393 6940 3493 306631 6081 1837 5266 933 7647 499
internal_value=-0.00290152 -0.0298415 -0.000599407 -0.019379 0.000188877 7.2509e-05 0.00235976 -0.00161129 0.000333685 -0.00462994 0.0105764 -0.0266276 0.00137828 0.00209525 0.00593564 0.00360947 -0.0133152 0.0194306 0.00402393 -0.0157658 0.00730387 0.0122288 -0.0046755 -0.000742248 0.00354677 -0.00355413 0.0287542 0.00953103 0.00641923 0.0236478
internal_weight=483360 38053 445307 17939 427368 425878 111859 53001 50227 33832 16395 9219 2670 12199 58858 24613 4410 8852 3678 2357 20203 14317 5886 314019 50006 15565 7377 2111 9484 1590
internal_count=483360 38053 445307 17939 427368 425878 111859 53001 50227 33832 16395 9219 2670 12199 58858 24613 4410 8852 3678 2357 20203 14317 5886 314019 50006 15565 7377 2111 9484 1590
is_linear=0
shrinkage=0.08


Tree=88
num_leaves=31
num_cat=0
split_feature=7 39 33 13 5 27 7 6 31 39 33 23 23 8 23 23 23 7 2 33 15 13 0 21 31 39 6 0 15 15
split_gain=4677.89 2235.32 1027.94 1039.9 257.098 154.742 210.248 276.479 213.676 285.54 210.014 196.028 510.503 377.506 237.94 403.539 225.705 194.415 568.149 189.475 185.993 321.81 178.669 161.372 153.269 149.248 134.344 129.417 121.436 124.44
threshold=0.0041731944444444455 1.0000000180025095e-35 -4.2133166666666657 4.3965666666666676 21.272981111111115 0.70282500000000014 0.52914305555555574 0.14582019531308049 0.84219166666666678 1.0000000180025095e-35 1.1709999999999998 0.94463333333333332 0.95289166666666669 0.0088367937866199106 0.9558916666666667 0.96676666666666677 0.97081666666666677 0.7035348611111113 3.5000000000000004 -0.69565833333333293 0.02211666666666667 0.50596666666666679 0.20662434895833337 0.44736666666666675 0.69715000000000016 0.14420916986729646 0.14047170997668282 0.13842773437500003 0.70356666666666678 0.73840833333333344
decision_type=2 2 2 2 2 2 2 2 2 2 2 2 2 2 2 2 2 2 2 2 2 2 2 2 2 2 2 2 2 2
left_child=1 -1 3 -2 5 6 8 -8 9 24 20 13 -13 17 -14 26 -17 18 -7 -10 21 22 -11 -9 27 -22 -16 -4 -15 -30
right_child=2 -3 4 -5 -6 11 7 23 19 10 -12 12 14 28 15 16 -18 -19 -20 -21 25 -23 -24 -25 -26 -27 -28 -29 29 -31
leaf_value=-4.5508589103085912e-05 -5.7049527952715002e-05 1.7613257571492264e-06 -0.00015305699762638292 -0.00016709535784656491 0.045788354185744708 3.0846766542591553e-06 -2.5245569820686597e-05 -0.00064993896053386444 0.00048695810178399156 0.00047707867110791054 -0.000458051811345552 -1.0581488814276341e-05 2.4819059625613704e-06 -0.00011078289621180293 -4.562320408663112e-07 8.0687174995119912e-06 4.7535765268946761e-07 7.9351845573505385e-07 -1.5071709166925018e-07 0.0015931152807232619 -0.0030431322371057812 -0.0018142676143840626 4.3337707820450495e-05 2.4927289678382536e-05 -0.0033780152161480836 0.00021996687767082191 0.0010441522022006434 -5.1176093410946769e-06 0.0007230743225275216 0.00026919422959106865
leaf_weight=31486 8925 6567 3353 9014 1490 1321 11077 38172 2167 7857 2334 3206 1560 25493 2619 1472 185551 5216 1185 3323 1198 1436 3163 44009 1254 25696 572 16382 5084 31178
leaf_count=31486 8925 6567 3353 9014 1490 1321 11077 38172 2167 7857 2334 3206 1560 25493 2619 1472 185551 5216 1185 3323 1198 1436 3163 44009 1254 25696 572 16382 5084 31178
internal_value=-0.00291907 -0.0298415 -0.00061845 -0.019379 0.000169035 5.29729e-05 -0.00189889 -0.00436724 0.00147822 0.000152538 0.00398426 0.00124436 -5.58006e-05 0.00489313 0.000473474 0.00021828 0.000699593 0.0215695 0.00325619 0.016612 0.00536722 0.0134489 0.0180907 -0.00276804 -0.00745724 0.00162415 -0.0279912 -0.00573398 0.00280787 0.00578236
internal_weight=483360 38053 445307 17939 427368 425878 161421 93258 68163 62673 41684 264457 194980 69477 191774 190214 187023 7722 2506 5490 39350 12456 11020 82181 20989 26894 3191 19735 61755 36262
internal_count=483360 38053 445307 17939 427368 425878 161421 93258 68163 62673 41684 264457 194980 69477 191774 190214 187023 7722 2506 5490 39350 12456 11020 82181 20989 26894 3191 19735 61755 36262
is_linear=0
shrinkage=0.08


Tree=89
num_leaves=31
num_cat=0
split_feature=7 39 33 13 5 23 5 5 29 8 29 0 39 23 7 29 29 29 21 31 5 29 8 29 2 8 6 17 31 6
split_gain=4836.17 2130.74 1068.18 1039.9 250.413 216.399 171.811 145.596 138.169 684.164 450.123 305.449 343.375 374.089 286.775 231.551 364.978 222.633 200.757 183.901 181.462 329.053 270.848 211.288 170.816 151.089 149.171 149.131 148.394 143.408
threshold=0.0065941666666666657 1.0000000180025095e-35 -4.2133166666666657 4.3965666666666676 21.272981111111115 0.0086166666666666683 0.0043799999999999707 0.0014377777777780148 0.94463333333333332 0.028112341566782838 0.95289166666666669 0.10957845052083336 0.67899904725659743 4.9306333333333336 0.84922444444444456 0.95583333333333342 0.96676666666666677 0.97075000000000011 0.060683333333333339 0.002591666666666667 0.97745000000000004 0.98906666666666676 0.12354352443960977 0.9920916666666667 4.5000000000000009 0.12714578923209288 0.0089821603068405646 1.3055750000000002 4.9390333333333336 0.73880627417943001
decision_type=2 2 2 2 2 2 2 2 2 2 2 2 2 2 2 2 2 2 2 2 2 2 2 2 2 2 2 2 2 2
left_child=1 5 3 -2 7 -1 -3 -4 9 -9 25 12 13 14 18 -12 26 -18 -11 -20 29 22 -22 -23 -21 -10 -17 -16 -14 -19
right_child=2 6 4 -5 -6 -7 -8 8 10 11 15 -13 28 -15 27 16 17 20 19 24 21 23 -24 -25 -26 -27 -28 -29 -30 -31
leaf_value=-4.1867901974839034e-05 -5.24855657164978e-05 1.6749371302205579e-06 -2.4374703598173082e-05 -0.00015372772921883973 0.042125285850885062 0.00023372107718458681 -3.800157842812568e-05 8.6460226086160222e-07 -9.7349697091342345e-06 0.00023652971810177775 2.2833534855593028e-06 -7.4875045494415818e-07 6.6176522184530233e-05 -0.0048222137472584536 -0.0010246032443995627 -4.1973347760126954e-07 7.4232200995538737e-06 -2.8694689373054418e-07 8.8756043432425423e-05 -7.1662680590419372e-06 3.8435959848381888e-06 -7.1195859346513408e-05 1.0669414688804225e-05 4.3732904046578371e-07 3.9627050629635442e-06 0.00044784745115547867 0.00046266297097298905 7.106174520150325e-05 -0.013139207322657484 -0.004145207878510122
leaf_weight=32467 8925 6654 8133 9014 1490 246 548 9995 2725 7222 1643 168375 9926 624 645 2607 1526 19089 860 720 2702 1238 2405 175171 274 823 865 455 567 5426
leaf_count=32467 8925 6654 8133 9014 1490 246 548 9995 2725 7222 1643 168375 9926 624 645 2607 1526 19089 860 720 2702 1238 2405 175171 274 823 865 455 567 5426
internal_value=-0.00265723 -0.0293293 -0.000256447 -0.019379 0.000549745 -0.038002 0.0100639 0.000434701 0.000642007 0.00215944 -0.000759227 0.00108442 0.0101122 0.0201259 0.0238129 -0.000287767 -0.000520687 -9.03848e-05 0.0284883 0.00500539 -0.000315875 0.000556645 0.0205757 -2.29013e-05 -0.0184306 -0.0290192 -0.0262442 -0.0147636 -0.000194415 -0.00677626
internal_weight=483360 39915 443445 17939 425506 32713 7202 424016 415883 199663 216220 189668 21293 10800 10176 212672 211029 207557 9076 1854 206031 181516 5107 176409 994 3548 3472 1100 10493 24515
internal_count=483360 39915 443445 17939 425506 32713 7202 424016 415883 199663 216220 189668 21293 10800 10176 212672 211029 207557 9076 1854 206031 181516 5107 176409 994 3548 3472 1100 10493 24515
is_linear=0
shrinkage=0.08


Tree=90
num_leaves=31
num_cat=0
split_feature=7 39 33 13 5 23 5 6 2 8 8 8 5 29 8 29 19 19 6 15 19 29 29 29 7 5 29 8 29 0
split_gain=4843.56 2129.01 1072.46 1039.9 248.984 216.286 171.811 134.02 225.774 133.88 129.946 125.286 125.513 145.965 693.967 462.763 323.233 741.199 374.635 282.626 239.134 227.161 373.821 219.329 203.801 196.087 318.773 268.411 216.364 184.051
threshold=0.0065941666666666657 1.0000000180025095e-35 -4.2133166666666657 4.3965666666666676 21.272981111111115 0.0086166666666666683 0.0043799999999999707 0.0022979183131130372 2.5000000000000004 0.028112341566782838 0.0028437978909020612 3.204030715632598 0.063350000000000017 0.94463333333333332 0.028112341566782838 0.95289166666666669 4.2673333333333341 4.2390083333333344 2.2130880675444886 4.155333333333334 4.3415416666666671 0.95583333333333342 0.96676666666666677 0.97075000000000011 0.83704472222222226 0.97745000000000004 0.98906666666666676 0.12354352443960977 0.9920916666666667 0.13387044270833334
decision_type=2 2 2 2 2 2 2 2 2 2 2 2 2 2 2 2 2 2 2 2 2 2 2 2 2 2 2 2 2 2
left_child=1 5 3 -2 11 9 7 8 -3 -1 -9 12 -4 14 -14 -15 17 19 -18 -16 -20 -17 -23 -24 29 -25 27 -27 -28 -21
right_child=2 6 4 -5 -6 -7 -8 10 -10 -11 -12 -13 13 15 16 21 18 -19 20 24 -22 22 23 25 -26 26 28 -29 -30 -31
leaf_value=-3.8518469816851912e-05 -4.8286720459177985e-05 8.3711260964755213e-07 -3.1250439959252542e-05 -0.00014142951088133254 0.038755262982814148 0.00021502339100981985 -3.4961452153875613e-05 5.5409353648733923e-06 -1.3979043396799562e-05 0.00012059358189682321 -1.1764546270434106e-05 -0.011994656376297291 7.954340799898319e-07 -8.9561721324038509e-06 2.549803731870748e-05 2.1006852067184669e-06 3.7262932559087857e-05 -0.00092827869851745963 -1.7040912410593025e-05 0.00021760734065363551 3.5790943010169939e-05 -3.8615479938997057e-07 6.8293624915938266e-06 -6.0249805299968303e-05 0.00050781527529352387 3.5361083060525543e-06 -6.5500190598788427e-05 9.8158615136956232e-06 1.2234296606195017e-06 -0.0015654184282415896
leaf_weight=32311 8925 1947 14769 9014 1490 246 548 2508 1448 156 751 14382 9633 3535 159136 1642 5427 2882 1040 2773 3329 3470 1523 24295 3232 2702 1238 2394 166032 582
leaf_count=32311 8925 1947 14769 9014 1490 246 548 2508 1448 156 751 14382 9633 3535 159136 1642 5427 2882 1040 2773 3329 3470 1523 24295 3232 2702 1238 2394 166032 582
internal_value=-0.00262082 -0.0293133 -0.000218201 -0.019379 0.000589604 -0.0379825 0.0100639 0.0136099 0.00248601 -0.0385487 0.0251979 0.000474888 0.000732556 0.00100338 0.00261655 -0.00046318 0.00148721 0.00066641 0.0156145 0.00136589 -0.00182193 3.58099e-05 -0.000205501 0.000250272 0.0176044 1.60683e-05 0.000964459 0.020675 0.000363962 0.0314158
internal_weight=483360 39915 443445 17939 425506 32713 7202 6654 3395 32467 3259 424016 409634 394865 188034 206831 178401 168605 9796 165723 4369 203296 201654 198184 6587 196661 172366 5096 167270 3355
internal_count=483360 39915 443445 17939 425506 32713 7202 6654 3395 32467 3259 424016 409634 394865 188034 206831 178401 168605 9796 165723 4369 203296 201654 198184 6587 196661 172366 5096 167270 3355
is_linear=0
shrinkage=0.08


Tree=91
num_leaves=31
num_cat=0
split_feature=7 39 33 13 8 39 7 5 15 2 39 7 31 39 5 5 23 5 2 15 2 2 7 5 6 2 8 0 8 39
split_gain=4930.83 2138.75 1103 1039.9 340.924 602.583 570.738 704.091 632.089 1171.61 426.638 722.012 594.02 338.782 592.175 249.947 216.343 172.609 132.075 496.23 146.618 256.698 336.867 197.426 131.528 220.424 129.946 128.805 126.589 125.255
threshold=0.0065941666666666657 1.0000000180025095e-35 -4.2133166666666657 4.3965666666666676 0.028112341566782838 7.1722467952521516 2.8775041666666668 3.2395988888888891 2.8212750000000004 2.5000000000000004 6.2427642252175177 0.95618305555555572 0.98906666666666676 22.00053896336021 2.8877716666666671 21.272981111111115 0.0086166666666666683 0.0043799999999999707 5.5000000000000009 0.94463333333333332 4.5000000000000009 3.5000000000000004 0.70315166666666673 0.74428722222222232 0.0022979183131130372 2.5000000000000004 0.0028437978909020612 0.13842773437500003 0.028112341566782838 0.11723065889459433
decision_type=2 2 2 2 2 2 2 2 2 2 2 2 2 2 2 2 2 2 2 2 2 2 2 2 2 2 2 2 2 2
left_child=1 16 3 -2 5 10 8 13 9 -7 11 18 -12 14 -8 -6 28 24 19 20 21 23 -23 29 25 -3 -26 -11 -1 -4
right_child=2 17 4 -5 15 6 7 -9 -10 27 12 -13 -14 -15 -16 -17 -18 -19 -20 -21 -22 22 -24 -25 26 -27 -28 -29 -30 -31
leaf_value=-3.5436992231503765e-05 -4.4423782822443741e-05 7.701436008757459e-07 -0.00024284611297053919 -0.00013011515001082593 3.5994718165177632e-07 2.8551696443930298e-05 1.1255552877642573e-06 -9.8548494009484964e-05 -1.4554472457994905e-05 -1.4373672221790201e-05 4.5559932817607065e-06 -2.7587051993016587e-07 -6.0260175350883576e-05 7.4356369469441575e-06 -4.8140541061059142e-07 0.035654841944189004 0.00019782151972903427 -3.21645359815656e-05 1.9326303901845421e-06 -0.00017861985076033095 5.972340720106217e-07 1.7978667747531319e-06 -2.7146263160027217e-07 -0.0068433004504782693 5.0976605356835293e-06 -1.2860719925055567e-05 -1.0823382568799361e-05 0.00026740491150039958 0.00011094609534507735 2.7050996146549265e-06
leaf_weight=32311 8925 1947 144 9014 385385 2764 1271 1309 4066 2702 8886 2090 729 3805 1196 1490 246 548 1537 1053 2076 742 1249 262 2508 1448 751 221 156 2529
leaf_count=32311 8925 1947 144 9014 385385 2764 1271 1309 4066 2702 8886 2090 729 3805 1196 1490 246 548 1537 1053 2076 742 1249 262 2508 1448 751 221 156 2529
internal_value=-0.0023714 -0.0293033 5.27687e-05 -0.019379 0.000871997 0.0080381 -0.00303681 0.0134283 -0.0158351 0.00138562 0.0170522 0.00677966 0.029533 0.0245663 0.00147548 0.000156433 -0.0379922 0.0101638 0.0160634 0.0119628 0.019663 0.0121478 -0.0100251 0.0271891 0.0137181 0.00269809 0.0251979 -0.0339241 -0.0385585 0.033685
internal_weight=483360 39915 443445 17939 425506 38631 17334 7581 9753 5687 21297 11682 9615 6272 2467 386875 32713 7202 9592 8055 7002 4926 1991 2935 6654 3395 3259 2923 32467 2673
internal_count=483360 39915 443445 17939 425506 38631 17334 7581 9753 5687 21297 11682 9615 6272 2467 386875 32713 7202 9592 8055 7002 4926 1991 2935 6654 3395 3259 2923 32467 2673
is_linear=0
shrinkage=0.08


Tree=92
num_leaves=31
num_cat=0
split_feature=7 39 33 13 5 23 39 6 2 0 8 0 27 7 7 7 5 7 7 31 27 19 19 23 29 33 2 6 8 8
split_gain=4927.59 1925.73 1051.56 1039.9 234.97 216.371 183.674 223.763 221.882 157.661 728.602 464.604 666.113 544.749 535.669 469.971 365.858 343.175 791.946 444.372 321.716 265.054 714.883 240.976 390.498 254.227 424.858 222.242 187.494 179.11
threshold=0.0065941666666666657 1.0000000180025095e-35 -4.2133166666666657 4.3965666666666676 21.272981111111115 0.0086166666666666683 0.043903233209890466 0.0022979183131130372 2.5000000000000004 0.13842773437500003 0.028112341566782838 0.12923177083333334 2.8777833333333338 3.0399870833333336 2.9697776388888895 2.7561545833333336 0.97198388888888909 0.96672611111111117 0.95618305555555572 0.98906666666666676 2.8879416666666673 4.2673333333333341 4.2390083333333344 4.2856250000000014 0.054483333333333335 4.3944666666666672 1.0000000180025095e-35 2.0548554561780024 0.10907424350002864 0.0051176092131718452
decision_type=2 2 2 2 2 2 2 2 2 2 2 2 2 2 2 2 2 2 2 2 2 2 2 2 2 2 2 2 2 2
left_child=1 5 3 -2 9 -1 7 8 -3 11 17 21 15 14 20 16 28 18 -11 -19 -14 22 -4 24 -23 26 -25 -26 -13 -17
right_child=2 6 4 -5 -6 -7 -8 -9 -10 10 -12 12 13 -15 -16 29 -18 19 -20 -21 -22 23 -24 25 27 -27 -28 -29 -30 -31
leaf_value=-3.2602032852983467e-05 -4.0869880196648245e-05 7.085321128056863e-07 1.7049239526642114e-05 -0.00011970593800995987 0.032802454588653801 0.00018199579815071149 -1.1105337777805522e-05 7.3565222471768526e-06 -1.1831862331051144e-05 1.6540374327700391e-06 2.3728209405948777e-06 -7.089784584071168e-06 1.0355108647530643e-06 -9.0664614488709101e-05 6.8407859911800982e-06 -1.3390114661362418e-05 2.6267560728410191e-05 4.1915138192205605e-06 -2.5380087833148933e-07 -5.5439361322813245e-05 -4.4289297775890194e-07 2.5969143076833436e-05 -0.00085404519841056012 3.2898871794841967e-05 -0.017695287279734774 9.6448159955073718e-05 -6.5630492536712377e-05 0.23803235220206248 -0.00044260365273132712 -0.0014940924203868267
leaf_weight=32467 8925 1947 88425 9014 1490 246 1849 1975 1431 10656 268398 2785 1501 1908 4037 6183 7743 6337 2025 1084 4163 4009 2885 740 1187 703 1741 571 6029 906
leaf_count=32467 8925 1947 88425 9014 1490 246 1849 1975 1431 10656 268398 2785 1501 1908 4037 6183 7743 6337 2025 1084 4163 4009 2885 740 1187 703 1741 571 6029 906
internal_value=-0.0028292 -0.0297522 -0.000405823 -0.019379 0.000394072 -0.0379971 0.00769786 0.0152064 0.00269982 0.000282631 0.0013399 -0.00196818 -0.00986754 0.00582651 0.013512 -0.0175725 -0.0101927 0.0160302 0.00803407 0.0296941 -0.00235876 0.000809487 -0.00047837 0.013947 0.0237004 -0.00371859 -0.0157517 -0.00773606 -0.0213388 -0.0348089
internal_weight=483360 39915 443445 17939 425506 32713 7202 5353 3378 424016 288500 135516 35255 11609 9701 23646 16557 20102 12681 7421 5664 100261 91310 8951 5767 3184 2481 1758 8814 7089
internal_count=483360 39915 443445 17939 425506 32713 7202 5353 3378 424016 288500 135516 35255 11609 9701 23646 16557 20102 12681 7421 5664 100261 91310 8951 5767 3184 2481 1758 8814 7089
is_linear=0
shrinkage=0.08


Tree=93
num_leaves=31
num_cat=0
split_feature=7 39 33 13 23 5 5 8 0 7 7 39 7 7 8 39 7 39 2 6 8 7 5 7 31 8 2 7 2 2
split_gain=4846.42 2139.18 1074.09 1039.9 216.371 214.036 172.609 165.171 312.527 463.627 880.739 747.786 460.045 555.368 422.39 370.645 731.443 400.471 249.159 448.645 391.753 221.895 184.43 168.918 145.433 141.381 136.616 502.889 138.774 339.972
threshold=0.0065941666666666657 1.0000000180025095e-35 -4.2133166666666657 4.3965666666666676 0.0086166666666666683 21.272981111111115 0.0043799999999999707 0.2413565264626483 0.13387044270833334 2.9212730555555564 3.1944631944444448 20.897873551139025 2.8775041666666668 2.8878026388888887 0.0088367937866199106 6.2427642252175177 0.95618305555555572 6.3867608396712825 2.5000000000000004 0.00082086158853804923 0.057949776705634483 0.93931111111111132 1.107218888888889 0.26815152777777768 13.753283333333334 0.044602348909807014 5.5000000000000009 0.94465500000000002 4.5000000000000009 3.5000000000000004
decision_type=2 2 2 2 2 2 2 2 2 2 2 2 2 2 2 2 2 2 2 2 2 2 2 2 2 2 2 2 2 2
left_child=1 4 3 -2 -1 7 -3 8 9 11 25 18 -13 -14 15 16 26 -17 19 -4 -20 -19 -23 -9 -25 -11 27 28 29 -10
right_child=2 6 5 -5 -6 -7 -8 23 14 10 -12 12 13 -15 -16 17 -18 21 20 -21 -22 22 -24 24 -26 -27 -28 -29 -30 -31
leaf_value=-2.9993870224744786e-05 -3.7600289780916384e-05 1.4346513587067124e-06 2.4166155870144481e-05 -0.00011012946296916306 0.00016743613429865458 0.030178258221561408 -2.8702946080815944e-05 -0.00033944444707337799 2.3563686508598638e-06 6.2935231118999018e-06 -8.3411445329595321e-05 -1.2318905488442056e-05 9.5266999558418772e-07 -4.0746153953108436e-07 2.3055428688953939e-05 3.8561927136804289e-06 -2.334968080663913e-07 5.8565649444526361e-05 -6.5226018173447646e-06 -0.00019481186765107238 0.00038201536678402094 -5.1004212416989605e-05 0.00025044766748619554 9.8964789368949376e-06 -0.0081373395122645315 -0.00028541647644196642 1.6456969643474652e-06 -0.00016446258569413174 4.1713235162887943e-07 -3.8206861569634042e-07
leaf_weight=32467 8925 6654 2743 9014 246 1490 548 17231 2500 3841 1340 6549 1283 1387 61416 6675 2033 587 2024 4298 5490 977 359 287544 9244 453 1513 1056 1813 1660
leaf_count=32467 8925 6654 2743 9014 246 1490 548 17231 2500 3841 1340 6549 1283 1387 61416 6675 2033 587 2024 4298 5490 977 359 287544 9244 453 1513 1056 1813 1660
internal_value=-0.00260692 -0.0293073 -0.000203588 -0.019379 -0.0379971 0.000604833 0.0101638 0.000498472 0.00316627 -0.00389282 0.0167412 -0.0087827 -0.0266103 0.00137828 0.00574222 0.0161081 0.00607849 0.0284438 0.0025091 0.013322 -0.0076231 -0.00372335 -0.0217365 -0.000436025 1.10517e-05 0.0344108 0.0163428 0.0116489 0.0206462 0.0125962
internal_weight=483360 39915 443445 17939 32713 425506 7202 424016 109997 29408 5634 23774 9219 2670 80589 19173 10575 8598 14555 7041 7514 1923 1336 314019 296788 4294 8542 7029 5973 4160
internal_count=483360 39915 443445 17939 32713 425506 7202 424016 109997 29408 5634 23774 9219 2670 80589 19173 10575 8598 14555 7041 7514 1923 1336 314019 296788 4294 8542 7029 5973 4160
is_linear=0
shrinkage=0.08


Tree=94
num_leaves=31
num_cat=0
split_feature=7 39 33 13 8 5 5 39 2 39 39 7 5 2 39 2 39 5 23 15 2 7 2 2 7 5 0 6 5 7
split_gain=4950.34 2000.93 1077.43 1039.9 288.353 474.077 614.676 689.971 744.258 1004.42 564.844 731.7 372.979 629.002 288.855 249.944 253.32 222.118 216.343 160.294 136.498 501.618 138.774 339.972 302.734 220.209 135.926 135.545 134.967 268.204
threshold=0.0065941666666666657 1.0000000180025095e-35 -4.2133166666666657 4.3965666666666676 0.0088367937866199106 3.2395988888888891 2.9461633333333341 6.3662618172144496 3.5000000000000004 7.3417694790000416 6.2427642252175177 0.95618305555555572 2.8625300000000005 2.5000000000000004 6.6952799108036629 2.5000000000000004 6.4053952276116819 21.272981111111115 0.0086166666666666683 0.0016416666666666669 5.5000000000000009 0.94465500000000002 4.5000000000000009 3.5000000000000004 0.70315166666666673 0.74428722222222232 0.13842773437500003 0.0029327786267253843 0.70745388888888905 0.51391291666666683
decision_type=2 2 2 2 2 2 2 2 2 2 2 2 2 2 2 2 2 2 2 2 2 2 2 2 2 2 2 2 2 2
left_child=1 18 3 -2 5 6 7 10 9 14 11 20 -11 -14 15 16 -9 27 -1 -3 21 22 23 25 -25 -4 -10 28 29 -6
right_child=2 19 4 -5 17 -7 -8 8 26 12 -12 -13 13 -15 -16 -17 -18 -19 -20 -21 -22 -23 -24 24 -26 -27 -28 -29 -30 -31
leaf_value=-2.7594360606765203e-05 -3.4592266598443073e-05 1.3198792500102031e-06 2.1678591587903638e-06 -0.00010131910593163003 -2.321244854109101e-06 -7.6738529703241905e-05 5.7900412629408042e-06 -4.6923875423630082e-05 -0.00017220748342690938 4.549539629650212e-07 3.547697296584218e-06 -2.1481706341752726e-07 -1.1333393049355322e-05 8.7645639592182077e-07 -1.5365851168080981e-06 0.00016479699695646667 5.3880397488965671e-05 0.027763997563836542 0.00015404124355476221 -2.6406710394350635e-05 1.5140412071978916e-06 -0.00015130557883860085 3.8376176349608214e-07 1.5522799274059197e-06 -3.5150312643672521e-07 -0.0062961572469266971 0.00023041185408729348 9.1047606219518683e-06 3.3856097022777479e-07 -1.1608326075034369e-05
leaf_weight=32467 8925 6684 2248 9014 6841 1309 3788 1078 3873 4144 5735 2033 1262 1262 2948 775 344 1490 246 518 1513 1056 1813 471 1189 252 218 366793 9761 3310
leaf_count=32467 8925 6684 2248 9014 6841 1309 3788 1078 3873 4144 5735 2033 1262 1262 2948 775 344 1490 246 518 1513 1056 1813 471 1189 252 218 366793 9761 3310
internal_value=-0.00260278 -0.0295879 -0.000173821 -0.019379 0.000635855 0.00735333 0.00907283 0.0054883 -0.00636821 0.00381613 0.0170497 0.00608605 0.0243071 6.33914e-05 -0.0227405 -0.000782886 -0.0207032 -9.78889e-06 -0.0379922 0.0085865 0.0163521 0.0116603 0.0206462 0.0125962 -0.0154699 0.031232 -0.0357761 -0.000128573 -0.00655685 -0.0130155
internal_weight=483360 39915 443445 17939 425506 37311 36002 32214 15904 11813 16310 10575 6668 2524 5145 2197 1422 388195 32713 7202 8542 7029 5973 4160 1660 2500 4091 386705 19912 10151
internal_count=483360 39915 443445 17939 425506 37311 36002 32214 15904 11813 16310 10575 6668 2524 5145 2197 1422 388195 32713 7202 8542 7029 5973 4160 1660 2500 4091 386705 19912 10151
is_linear=0
shrinkage=0.08


Tree=95
num_leaves=31
num_cat=0
split_feature=7 39 33 13 8 5 5 5 7 39 5 7 2 0 23 5 15 2 5 2 2 5 5 5 2 33 8 8 0 19
split_gain=5071.61 2000.93 1117.99 1039.9 678.171 557.596 830.444 1013.81 662.263 800.122 467.945 270.278 606.623 564.595 216.343 191.82 160.294 134.13 497.812 139.681 336.088 302.363 219.92 128.4 183.059 157.755 143.659 126.589 121.565 105.293
threshold=0.0065941666666666657 1.0000000180025095e-35 -4.2133166666666657 4.3965666666666676 0.0051176092131718452 3.2395988888888891 2.8774866666666674 2.8321316666666667 0.96672611111111117 6.1724848913477572 0.92026888888888891 0.99049111111111121 3.5000000000000004 0.15197753906250003 0.0086166666666666683 21.272981111111115 0.0016416666666666669 5.5000000000000009 0.94773722222222212 4.5000000000000009 3.5000000000000004 0.70314888888888916 0.74428722222222232 0.0011333333333336888 2.5000000000000004 0.0052333333333334335 0.0028437978909020612 0.028112341566782838 0.13842773437500003 4.2673333333333341
decision_type=2 2 2 2 2 2 2 2 2 2 2 2 2 2 2 2 2 2 2 2 2 2 2 2 2 2 2 2 2 2
left_child=1 14 3 -2 5 6 7 8 9 17 -11 -10 13 -13 27 29 23 18 19 20 22 -22 -4 24 25 -3 -25 -1 -14 -6
right_child=2 16 4 -5 15 -7 -8 -9 11 10 -12 12 28 -15 -16 -17 -18 -19 -20 -21 21 -23 -24 26 -26 -27 -28 -29 -30 -31
leaf_value=-2.5386811758223988e-05 -3.1824885270567626e-05 4.3148709508387607e-07 1.9944304260910429e-06 -9.3213577457099611e-05 -8.5894084842568976e-06 -7.0599447326991088e-05 5.3268379619098027e-06 -0.00015843088475275379 3.2638815128560594e-06 3.6804115132227367e-06 -1.4136583074630949e-06 4.1855764592924061e-07 -0.0027975306170248617 -4.3169965389742159e-05 0.00014171794407038122 0.025542877758729505 -2.4294173562802586e-05 1.3929179106231259e-06 -0.00013920113253151456 3.5306082241781666e-07 1.428097533215933e-06 -3.2338287632605044e-07 -0.0057924646671725635 4.2379126788201491e-06 -1.1105675793264339e-05 -1.1902974071310857e-07 -9.2894473897682515e-06 0.00010928562881223065 0.00021197890576031499 2.8746862886563918e-05
leaf_weight=32311 8925 1798 2224 9014 324221 1309 6243 2618 6217 752 5141 4141 1322 674 246 1490 518 1462 1046 1814 471 1185 252 2364 1390 284 848 156 218 62706
leaf_count=32311 8925 1798 2224 9014 324221 1309 6243 2618 6217 752 5141 4141 1322 674 246 1490 518 1462 1046 1814 471 1185 252 2364 1390 284 848 156 218 62706
internal_value=-0.00227425 -0.0295879 0.000184284 -0.019379 0.00100906 0.0113446 0.0132208 0.00761756 0.0122397 0.000493483 -0.0221347 0.0256443 0.0140425 0.0280208 -0.0379922 2.21412e-05 0.0085865 0.0162669 0.011659 0.0206122 0.0124879 -0.0154106 0.031147 0.011909 0.00124424 0.0162536 0.0234371 -0.0385585 -0.0296623 -8.8182e-05
internal_weight=483360 39915 443445 17939 425506 37089 35780 29537 26919 14347 5893 12572 6355 4815 32713 388417 7202 8454 6992 5946 4132 1656 2476 6684 3472 2082 3212 32467 1540 386927
internal_count=483360 39915 443445 17939 425506 37089 35780 29537 26919 14347 5893 12572 6355 4815 32713 388417 7202 8454 6992 5946 4132 1656 2476 6684 3472 2082 3212 32467 1540 386927
is_linear=0
shrinkage=0.08


Tree=96
num_leaves=31
num_cat=0
split_feature=7 31 8 33 13 7 5 0 7 2 5 23 2 2 7 2 7 5 5 5 5 2 5 5 33 2 8 8 25 7
split_gain=5158.38 2009.98 1319.55 1014.96 1040.38 765.034 888.676 788.836 855.181 415.135 651.315 211.917 190.209 246.449 344.674 403.465 302.734 190.208 172.759 150.917 620.784 171.687 309.581 129.429 176.906 169.48 132.055 120.548 102.661 201.56
threshold=0.0065941666666666657 1.0000000180025095e-35 0.0088367937866199106 -4.2133166666666657 4.3965666666666676 0.96672611111111117 3.2395988888888891 0.13842773437500003 0.95618305555555572 5.5000000000000009 2.9461633333333341 0.0086166666666666683 3.5000000000000004 5.5000000000000009 0.94465500000000002 4.5000000000000009 0.70315166666666673 21.272981111111115 0.0043799999999999707 2.7784577777777781 2.7563805555555558 1.0000000180025095e-35 0.9889772222222224 0.0011333333333336888 0.0052333333333334335 2.5000000000000004 0.0028437978909020612 0.028112341566782838 0.0041250000000000011 0.9144066666666667
decision_type=2 2 2 2 2 2 2 2 2 2 2 2 2 2 2 2 2 2 2 2 2 2 2 2 2 2 2 2 2 2
left_child=1 11 5 4 -4 7 9 -2 12 19 -11 27 -9 14 15 16 -14 -5 23 20 21 22 -7 24 25 -3 -25 -1 -6 -30
right_child=2 18 3 17 28 6 -8 8 -10 10 -12 -13 13 -15 -16 -17 -18 -19 -20 -21 -22 -23 -24 26 -26 -27 -28 -29 29 -31
leaf_value=-2.3355866817566072e-05 -5.7647741980204618e-06 3.9696812747716873e-07 -2.9278894448922216e-05 -2.5078673941081322e-07 0.097443197342240495 4.7297912023314127e-06 -6.4951491540838897e-05 1.8348759919994962e-06 -8.4539033746722224e-08 -0.00014575641397254202 5.5373461810539482e-05 0.00013038050854475073 1.3138497305575925e-06 1.2814844777775392e-06 -0.00012806504192899303 3.2481595662048336e-07 -2.9751224621676898e-07 0.023499447538031008 -2.2350639677778396e-05 2.2477491748063016e-06 -0.0025737281676628853 1.1741385118657633e-05 -3.9716368158559943e-05 3.8988796645145208e-06 -4.0305784869672236e-06 -1.0770976879644483e-05 -8.5462915985867745e-06 0.00010054277850725219 -0.00091890060102667423 0.0016704582802122923
leaf_weight=32325 2642 1800 8925 386705 3130 1000 1309 3802 1972 1376 1247 244 471 1513 1056 1813 1189 1490 540 8952 874 7300 795 2376 576 1109 782 163 1368 4516
leaf_count=32325 2642 1800 8925 386705 3130 1000 1309 3802 1972 1376 1247 244 471 1513 1056 1813 1189 1490 540 8952 874 7300 795 2376 576 1109 782 163 1368 4516
internal_value=-0.00192734 -0.0294736 0.000552132 -0.000770583 -0.0193745 0.01495 0.0240616 0.000547794 0.00938389 0.0279502 -0.00187571 -0.0378834 0.0190167 0.0101953 0.000856701 0.0130262 -0.0154699 8.91305e-05 0.00884867 0.032085 0.0253145 0.031503 0.00933705 0.012386 0.0017561 0.00977656 0.0241165 -0.0384413 -0.000204127 -0.006431
internal_weight=483360 39915 443445 406134 17939 37311 22853 14458 11816 21544 2623 32732 9844 6042 4529 3473 1660 388195 7183 18921 9969 9095 1795 6643 3485 2909 3158 32488 9014 5884
internal_count=483360 39915 443445 406134 17939 37311 22853 14458 11816 21544 2623 32732 9844 6042 4529 3473 1660 388195 7183 18921 9969 9095 1795 6643 3485 2909 3158 32488 9014 5884
is_linear=0
shrinkage=0.08


Tree=97
num_leaves=31
num_cat=0
split_feature=7 31 33 13 8 25 39 5 5 5 5 2 23 5 2 5 13 2 5 2 2 5 5 8 6 2 8 25 7 8
split_gain=4946.09 2167.19 1126.08 1039.42 695.526 602.836 981.16 771.351 532.769 482.714 1147.67 987.172 211.917 187.29 171.479 308.507 160.998 134.13 497.812 139.681 336.088 302.363 219.92 120.548 118.957 189.007 128.519 102.077 201.56 101.832
threshold=0.0065941666666666657 1.0000000180025095e-35 -4.2133166666666657 4.3965666666666676 0.0051176092131718452 0.96676666666666677 6.1724848913477572 3.2395988888888891 0.92026888888888891 2.8625300000000005 2.7563805555555558 1.5000000000000002 0.0086166666666666683 0.0043799999999999707 1.0000000180025095e-35 0.9889772222222224 20.938408333333339 5.5000000000000009 0.94773722222222212 4.5000000000000009 3.5000000000000004 0.70314888888888916 0.74428722222222232 0.028112341566782838 0.0022979183131130372 2.5000000000000004 0.0028437978909020612 0.0041250000000000011 0.9144066666666667 3.9364678052625863
decision_type=2 2 2 2 2 2 2 2 2 2 2 2 2 2 2 2 2 2 2 2 2 2 2 2 2 2 2 2 2 2
left_child=1 12 3 -2 5 6 17 9 -8 10 14 -12 23 24 15 -7 29 18 19 20 22 -22 -4 -1 25 -3 -26 -5 -29 -6
right_child=2 13 4 27 16 7 8 -9 -10 -11 11 -13 -14 -15 -16 -17 -18 -19 -20 -21 21 -23 -24 -25 26 -27 -28 28 -30 -31
leaf_value=-2.1487397472160782e-05 -2.6936582893008438e-05 3.6521067727899105e-07 1.6880859126366942e-06 0.089647741554861257 3.2467802556419985e-06 4.3514079061424125e-06 3.2391885128024711e-06 -5.9755372217580318e-05 -8.3938370702973948e-07 4.6667813464651429e-06 2.0525310027608159e-07 -0.00013409590085473156 0.00011995006786117066 -2.0562588503556106e-05 1.0802074309168574e-05 -3.6539058705873371e-05 0.025416946568972778 1.1789657195571123e-06 -0.00011781983857467538 2.9883068009439739e-07 1.2087417521122747e-06 -2.7371126652298018e-07 -0.0053292142838781229 9.2499356226672017e-05 3.2300200768906051e-06 -9.3555435794316626e-06 -7.8625882706997991e-06 -0.00084538855294454028 0.0015368216177953087 -0.015049429920251673
leaf_weight=32325 8925 1947 2224 3130 376451 1000 752 1309 5201 7504 1430 3492 244 540 7155 792 1644 1462 1046 1814 471 1185 252 163 2509 1445 742 1368 4516 10322
leaf_count=32325 8925 1947 2224 3130 376451 1000 752 1309 5201 7504 1430 3492 244 540 7155 792 1644 1462 1046 1814 471 1185 252 163 2509 1445 742 1368 4516 10322
internal_value=-0.00217742 -0.0291509 0.000250493 -0.0193835 0.00107825 0.0115452 -0.00125217 0.0196738 -0.0261314 0.0233248 0.0144812 -0.0165461 -0.0378834 0.0106418 0.0315502 0.00941964 7.87813e-05 0.0162669 0.011659 0.0206122 0.0124879 -0.0154106 0.031147 -0.0384413 0.0143249 0.00384434 0.0252599 -0.000221877 -0.006431 -2.74063e-05
internal_weight=483360 39915 443445 17939 425506 37089 14407 22682 5953 21373 13869 4922 32732 7183 8947 1792 388417 8454 6992 5946 4132 1656 2476 32488 6643 3392 3251 9014 5884 386773
internal_count=483360 39915 443445 17939 425506 37089 14407 22682 5953 21373 13869 4922 32732 7183 8947 1792 388417 8454 6992 5946 4132 1656 2476 32488 6643 3392 3251 9014 5884 386773
is_linear=0
shrinkage=0.08


Tree=98
num_leaves=31
num_cat=0
split_feature=7 31 33 13 8 5 5 2 39 39 5 5 5 2 5 31 5 23 13 39 33 0 2 5 2 2 5 5 0 21
split_gain=5170.91 1822.03 874.646 1297.01 460.046 516.82 730.663 484.06 954.373 621.113 278.804 635.94 281.09 267.63 326.912 242.572 422.657 211.917 159.437 158.767 202.056 149.223 137.127 492.932 143.588 329.274 302.363 219.434 133.755 148.169
threshold=0.0065941666666666657 1.0000000180025095e-35 -4.2133166666666657 4.3965666666666676 0.0042210448158676609 3.2395988888888891 2.8877716666666671 1.5000000000000002 6.3112954564871666 6.2427642252175177 2.8321316666666667 0.9889772222222224 0.92026888888888891 3.5000000000000004 2.7563805555555558 0.97126666666666672 0.95580166666666611 0.0086166666666666683 20.938408333333339 0.043903233209890466 0.0056916666666666678 0.11779785156250001 5.5000000000000009 0.94773722222222212 4.5000000000000009 3.5000000000000004 0.70314888888888916 0.74428722222222232 0.13623046875000003 0.0062000000000000015
decision_type=2 2 2 2 2 2 2 2 2 2 2 2 2 2 2 2 2 2 2 2 2 2 2 2 2 2 2 2 2 2
left_child=1 17 3 -2 5 6 7 9 15 -4 11 12 -10 -13 -15 16 22 -1 -6 20 -3 -5 23 24 25 27 -27 -9 -21 -30
right_child=2 19 4 21 18 -7 -8 8 10 -11 -12 13 -14 14 -16 -17 -18 -19 -20 28 -22 -23 -24 -25 -26 26 -28 -29 29 -31
leaf_value=-1.9768405674387919e-05 -2.4781656261567769e-05 3.0494391639136754e-07 -9.001710999712032e-08 0.0014138758883716839 -4.9046622071280414e-07 -5.4974942440182419e-05 4.3475284832794611e-06 1.5530390396278903e-06 2.9800534317825367e-06 1.6945867331230602e-06 -0.00012336822878634024 1.0555025446556954e-05 -7.7223301047091304e-07 0.00012004765024077103 -0.0023571022421814548 1.1992942376082284e-06 -1.062521448602638e-08 0.00011035406243227702 0.02338359084345484 -1.3578109501286989e-05 5.6382930250873514e-06 -0.0093088546828757179 1.0846484619886354e-06 -0.00010839425148869709 2.749242256872009e-07 1.1120424119415162e-06 -2.5181436519972066e-07 -0.0049028771411678742 -2.4477398245001392e-07 2.8661920072153569e-05
leaf_weight=32488 8925 4021 1079 3408 386813 1309 4982 2152 408 7225 2618 1751 4249 666 874 2488 1014 244 1644 1090 1378 5606 1468 1045 1813 471 1185 252 231 463
leaf_count=32488 8925 4021 1079 3408 386813 1309 4982 2152 408 7225 2618 1751 4249 666 874 2488 1014 244 1644 1090 1378 5606 1468 1045 1813 471 1185 252 231 463
internal_value=-0.00229676 -0.0298765 0.000185728 -0.017118 0.00091524 0.00943291 0.0112412 0.00663762 0.000534426 0.0231407 -0.0169601 -0.00950176 -0.0285248 0.0174172 -0.00690909 0.0160834 0.0102043 -0.0378834 0.000102869 0.00661005 0.0134469 0.00428667 0.016103 0.0113906 0.0203984 0.0120394 -0.0154106 0.0309484 -0.0140807 0.0133718
internal_weight=483360 39915 443445 17939 425506 37049 35740 30758 22454 8304 10566 7948 4657 3291 1540 11888 9400 32732 388457 7183 5399 9014 8386 6918 5873 4060 1656 2404 1784 694
internal_count=483360 39915 443445 17939 425506 37049 35740 30758 22454 8304 10566 7948 4657 3291 1540 11888 9400 32732 388457 7183 5399 9014 8386 6918 5873 4060 1656 2404 1784 694
is_linear=0
shrinkage=0.08


Tree=99
num_leaves=31
num_cat=0
split_feature=7 31 33 13 8 7 39 5 5 5 2 23 0 2 5 23 39 33 0 21 39 5 19 19 5 29 5 0 27 7
split_gain=5195.27 1822.03 1126.76 1039.42 687.272 608.585 976.828 773.804 539.152 478.358 706.299 247.636 431.642 362.59 338.757 211.917 158.767 202.056 133.755 148.169 130.949 262.108 130.004 580.208 252.633 285.799 181.363 145.344 134.27 245.697
threshold=0.0065941666666666657 1.0000000180025095e-35 -4.2133166666666657 4.3965666666666676 0.00080675118969205718 0.96672611111111117 6.1724848913477572 3.2395988888888891 0.92026888888888891 2.8625300000000005 5.5000000000000009 0.97745000000000004 0.15197753906250003 3.5000000000000004 2.7563805555555558 0.0086166666666666683 0.043903233209890466 0.0056916666666666678 0.13623046875000003 0.0062000000000000015 6.3483714227597163 0.9847111111111112 4.2673333333333341 4.2390083333333344 2.2835738888888897 0.29245833333333343 0.76983333333333348 0.13387044270833334 0.70356666666666678 0.52914305555555574
decision_type=2 2 2 2 2 2 2 2 2 2 2 2 2 2 2 2 2 2 2 2 2 2 2 2 2 2 2 2 2 2
left_child=1 15 3 -2 5 6 -4 9 -8 10 11 -7 13 -13 -15 -1 17 -3 -18 -20 -14 -22 23 28 25 27 -27 -24 29 -6
right_child=2 16 4 -5 22 7 8 -9 -10 -11 -12 12 20 14 -16 -17 18 -19 19 -21 21 -23 24 -25 -26 26 -28 -29 -30 -31
leaf_value=-1.8186933220436886e-05 -2.2799123760642349e-05 2.8054840308003316e-07 9.9787658503380793e-07 -5.7723430012569195e-05 4.5588067716127449e-05 1.1033506986013464e-06 2.7416491572385127e-06 -5.0576947044973508e-05 -7.1045436963679268e-07 3.9997262046043146e-06 -0.0001134987704834245 9.7106234108323969e-06 -4.1700761750362861e-08 0.00011044383822151005 -0.0021685340628069482 0.00010152573743769485 -1.2491860741184053e-05 5.1872295830803634e-06 -2.2519206385400449e-07 2.6368966466381316e-05 9.8023414257841788e-06 -5.8746426865319281e-07 2.8155280354482672e-05 -0.00078675497120727299 2.6246671672041088e-05 -0.01628368458773527 0.19053214517080808 0.022249739807620676 5.415250346299416e-05 -0.00014678313091501488
leaf_weight=32488 8925 4021 8390 9014 66215 3426 752 1309 5111 7504 1376 4141 785 647 874 244 1090 1378 231 463 728 1674 3309 3430 57303 994 1259 1331 169162 85786
leaf_count=32488 8925 4021 8390 9014 66215 3426 752 1309 5111 7504 1376 4141 785 647 874 244 1090 1378 231 463 728 1674 3309 3430 57303 994 1259 1331 169162 85786
internal_value=-0.00223188 -0.0298765 0.000256447 -0.0193835 0.00108445 0.0115467 -0.00138357 0.0197507 -0.026437 0.0234441 0.0145249 0.0206175 0.0135473 0.0268032 -0.00660092 -0.0378834 0.00661005 0.0134469 -0.0140807 0.0133718 -0.0100031 -0.000732723 9.64019e-05 -0.000554171 0.00338588 0.0178558 -0.00552153 0.0292069 -0.000204631 -0.00193025
internal_weight=483360 39915 443445 17939 425506 36717 14253 22464 5863 21155 13651 12275 8849 5662 1521 32732 7183 5399 1784 694 3187 2402 388789 324593 64196 6893 2253 4640 321163 152001
internal_count=483360 39915 443445 17939 425506 36717 14253 22464 5863 21155 13651 12275 8849 5662 1521 32732 7183 5399 1784 694 3187 2402 388789 324593 64196 6893 2253 4640 321163 152001
is_linear=0
shrinkage=0.08


Tree=100
num_leaves=31
num_cat=0
split_feature=7 31 33 13 8 39 7 15 39 39 39 2 5 39 15 39 19 23 33 2 15 0 29 39 23 7 33 31 2 2
split_gain=5435.82 1666.77 1166.22 1039.42 600.732 542.901 1069.98 1015.77 443.142 610.688 439.277 319.456 329.436 261.528 250.347 228.625 480.725 211.917 202.056 191.19 519.942 168.91 502.895 440.206 445.499 282.368 169.591 155.529 150.59 210.281
threshold=0.0065941666666666657 1.0000000180025095e-35 -4.2133166666666657 4.3965666666666676 0.033028002712820061 24.660163696183453 2.8625550000000008 2.8212750000000004 6.3112954564871666 7.3417694790000416 6.6952799108036629 3.5000000000000004 2.7563805555555558 0.043903233209890466 0.97745000000000004 6.2427642252175177 0.9582250000000001 0.0086166666666666683 0.0056916666666666678 5.5000000000000009 0.94463333333333332 0.10957845052083336 0.058183333333333344 9.9812923286363766 4.9306333333333336 0.84922444444444456 1.274991666666667 4.9390333333333336 4.5000000000000009 3.5000000000000004
decision_type=2 2 2 2 2 2 2 2 2 2 2 2 2 2 2 2 2 2 2 2 2 2 2 2 2 2 2 2 2 2
left_child=1 17 3 -2 5 6 7 8 15 10 14 -11 -13 18 -10 16 19 -1 -3 20 28 22 23 24 25 -6 -24 -25 29 -4
right_child=2 13 4 -5 21 -7 -8 -9 9 11 -12 12 -14 -15 -16 -17 -18 -19 -20 -21 -22 -23 26 27 -26 -27 -28 -29 -30 -31
leaf_value=-1.6731978562801936e-05 -2.097519385979096e-05 2.5810453083363605e-07 1.348965789658152e-06 -5.3105555611563662e-05 7.2715558872108772e-05 -4.6530791281362838e-05 3.6797481082473384e-06 -7.2358395925675727e-07 3.0051878135797239e-05 1.9447088906066057e-05 -6.5361802006336232e-07 0.00010160833116378499 -0.0019950513377823853 -6.2958094041563188e-06 -3.8364700811754915e-08 1.0150826427146599e-06 -2.597939162463092e-08 9.3403678442679274e-05 4.7722512164339452e-06 9.1804645823145854e-07 -9.9802541496405445e-05 -3.5752711022009072e-06 -0.0005590660421000049 6.8159084291200236e-05 -0.0044291599635963444 -0.00099001853075439124 0.0072084232313635614 -0.012080794052963455 1.7310016082738857e-07 -3.1149934278218437e-07
leaf_weight=32488 8925 4021 3220 9014 9142 1309 7601 2811 1010 2762 3009 689 874 1784 3418 3567 1015 244 1378 2933 1088 334438 27684 6741 624 1111 4932 567 2712 2249
leaf_count=32488 8925 4021 3220 9014 9142 1309 7601 2811 1010 2762 3009 689 874 1784 3418 3567 1015 244 1378 2933 1088 334438 27684 6741 624 1111 4932 567 2712 2249
internal_value=-0.00194786 -0.0302252 0.000597413 -0.0193835 0.00143979 0.0107373 0.0124401 0.00591256 0.0104309 -0.00147594 -0.0153772 0.0224277 -0.00647473 0.00467214 0.000650407 0.018775 0.0139245 -0.0378834 0.0134469 0.0183249 0.0126918 0.000467969 0.00476605 0.0154259 0.0256284 0.0296225 -0.00117734 0.000240832 0.0196015 0.0119583
internal_weight=483360 39915 443445 17939 425506 40267 38958 31357 28546 11762 7437 4325 1563 7183 4428 16784 13217 32732 5399 12202 9269 385239 50801 18185 10877 10253 32616 7308 8181 5469
internal_count=483360 39915 443445 17939 425506 40267 38958 31357 28546 11762 7437 4325 1563 7183 4428 16784 13217 32732 5399 12202 9269 385239 50801 18185 10877 10253 32616 7308 8181 5469
is_linear=0
shrinkage=0.08


Tree=101
num_leaves=31
num_cat=0
split_feature=7 31 33 13 8 7 39 15 13 39 5 7 39 2 2 21 5 5 23 13 19 2 2 2 7 5 8 31 5 31
split_gain=5112.01 1953.27 1123.56 1039.42 446.087 626.154 1097.15 920.268 246.658 833.63 462.445 335.112 329.707 257.498 456.147 244.056 230.471 348.417 168.75 127.558 116.216 543.872 120.308 257.332 360.998 196.276 116.924 107.047 175.479 180.39
threshold=0.0041731944444444455 1.0000000180025095e-35 -4.2133166666666657 4.3965666666666676 0.033028002712820061 2.8625550000000008 24.660163696183453 2.8212750000000004 0.96705833333333346 6.1724848913477572 0.92026888888888891 0.97741888888888906 6.3483714227597163 1.0000000180025095e-35 2.5000000000000004 0.0041250000000000011 2.7563805555555558 0.9889772222222224 0.0086166666666666683 17.443750000000005 0.94463333333333332 5.5000000000000009 4.5000000000000009 3.5000000000000004 0.70315166666666673 0.74428722222222232 0.0088367937866199106 0.0062583333333333345 0.0011333333333336888 0.0053166666666666675
decision_type=2 2 2 2 2 2 2 2 2 2 2 2 2 2 2 2 2 2 2 2 2 2 2 2 2 2 2 2 2 2
left_child=1 -1 3 -2 5 7 -7 8 9 15 -11 -10 -13 -14 -15 18 17 -16 -4 -6 22 -22 23 25 -25 26 -17 28 29 -3
right_child=2 27 4 -5 19 6 -8 -9 11 10 -12 12 13 14 16 20 -18 -19 -20 -21 21 -23 -24 24 -26 -27 -28 -29 -30 -31
leaf_value=-1.5393420277777779e-05 -1.929717835100768e-05 2.6850607507226956e-07 -1.6328319051541334e-05 -4.8857111162638573e-05 1.178826528467848e-06 3.3853682595719192e-06 -4.2808327978853814e-05 -6.6569724250342692e-07 9.3387603129713169e-07 1.1816697379707364e-07 -6.0132857846006973e-07 -3.529552474290654e-08 -3.3701434630497575e-05 9.0212232877906472e-06 -5.3739795109031268e-07 1.2410485264879868e-06 -0.0018354472307597902 0.00014875431420653841 8.5931384167264922e-05 0.010451132494273737 -9.1818338176690163e-05 8.4460274157649456e-07 1.4772954950981187e-06 9.681688396057097e-07 -2.8657939536103074e-07 -0.0045108347172644163 -8.3641235757188072e-05 -2.592626552650884e-06 1.7237965647712296e-06 -3.0271764696798016e-06
leaf_weight=31494 8925 2857 988 9014 380499 7601 1309 2811 3536 757 5326 871 820 3409 594 2841 876 1209 314 4902 1091 1150 3419 983 1249 262 551 847 2281 574
leaf_count=31494 8925 2857 988 9014 380499 7601 1309 2811 3536 757 5326 871 820 3409 594 2841 876 1209 314 4902 1091 1150 3419 983 1249 262 551 847 2281 574
internal_value=-0.00217478 -0.0303188 0.000230223 -0.0193835 0.00105352 0.00888603 0.0277082 0.00381281 0.00788203 0.00229676 -0.0221009 0.0172267 0.00794447 0.0137927 0.0194612 0.0138481 -0.00524076 0.0111148 -0.0189862 0.000200622 0.0175507 0.00119589 0.0214895 0.0145566 -0.00684588 0.02763 0.032783 0.00939777 0.0133333 0.00190032
internal_weight=483360 38053 445307 17939 427368 41967 8910 33057 30246 18931 6083 11315 7779 6908 6088 12848 2679 1803 1302 385401 11546 2241 9305 5886 2232 3654 3392 6559 5712 3431
internal_count=483360 38053 445307 17939 427368 41967 8910 33057 30246 18931 6083 11315 7779 6908 6088 12848 2679 1803 1302 385401 11546 2241 9305 5886 2232 3654 3392 6559 5712 3431
is_linear=0
shrinkage=0.08


Tree=102
num_leaves=31
num_cat=0
split_feature=7 31 33 13 8 39 7 15 0 39 7 2 39 19 33 1 33 39 5 2 2 7 5 13 31 6 2 39 2 5
split_gain=5121.85 2094.75 1160.95 1039.42 885.158 578.855 931.173 1118.76 452.257 704.217 471.511 366.435 353.76 547.843 336.803 289.443 231.656 179.552 215.534 135.103 238.708 356.149 199.422 127.084 121.265 174.462 192.818 113.868 233.164 107.254
threshold=0.0041731944444444455 1.0000000180025095e-35 -4.2133166666666657 4.3965666666666676 0.033028002712820061 24.660163696183453 2.8625550000000008 2.8212750000000004 0.13842773437500003 7.3417694790000416 0.97741888888888906 3.5000000000000004 6.1534803702613727 0.95262500000000017 -0.0024499999999999965 8.5000000000000018 0.012558333333333253 6.3483714227597163 0.9847111111111112 4.5000000000000009 3.5000000000000004 0.70315166666666673 0.74428722222222232 20.938408333333339 0.0062583333333333345 0.0022979183131130372 2.5000000000000004 6.3662618172144496 2.5000000000000004 0.0014377777777780148
decision_type=2 2 2 2 2 2 2 2 2 2 2 2 2 2 2 2 2 2 2 2 2 2 2 2 2 2 2 2 2 2
left_child=1 -1 3 -2 5 6 7 8 9 14 12 -11 13 19 -4 -13 -16 -12 -19 20 22 -22 -10 29 25 26 -3 -20 -29 -6
right_child=2 24 4 -5 23 -7 -8 -9 10 11 17 15 -14 -15 16 -17 -18 18 27 -21 21 -23 -24 -25 -26 -27 -28 28 -30 -31
leaf_value=-1.4161946655555557e-05 -1.7753404082927069e-05 2.4702558906648102e-07 4.1644206813533315e-08 -4.4948542269627487e-05 -2.3784237091650306e-05 -3.9383661740544087e-05 3.1145387988118501e-06 -6.1244146309036297e-07 1.141764644367882e-06 1.7169623930559651e-05 -3.24718827648951e-08 8.1579319534164088e-05 7.7703452225463823e-07 -8.4472871122551752e-05 -5.017430847331639e-06 -0.0016886114522990071 0.00095578258851050895 8.299525424764198e-06 -4.9440611499917968e-07 1.3591118554945325e-06 8.9071533243334505e-07 -2.6365304373499043e-07 -0.0041499679398832616 0.020674999264390693 -2.3852164284388079e-06 1.5858928395895422e-06 -8.6960683271073568e-06 -3.1005319860053502e-05 0.00013685396907001213 4.4081605858164229e-06
leaf_weight=31494 8925 1935 713 9014 8245 1309 7601 2811 2736 2617 871 448 8077 1091 3627 874 270 777 598 3438 1004 1249 262 1644 847 2359 1418 832 762 375512
leaf_count=31494 8925 1935 713 9014 8245 1309 7601 2811 2736 2617 871 448 8077 1091 3627 874 270 777 598 3438 1004 1249 262 1644 847 2359 1418 832 762 375512
internal_value=-0.00185336 -0.0300244 0.000553955 -0.0193835 0.00139084 0.012424 0.0141099 0.00830444 0.0127911 -0.00279331 0.0189316 0.0220462 0.0244005 0.0141677 -0.0240174 -0.0122844 -0.0332666 -0.0065 0.00286965 0.020877 0.0128052 -0.00687084 0.0275917 0.000189413 0.0111054 0.0152941 0.00356695 -0.0099635 0.00120452 9.43305e-05
internal_weight=483360 38053 445307 17939 427368 41967 40658 33057 30246 8549 21697 3939 17857 9780 4610 1322 3897 3840 2969 8689 5251 2253 2998 385401 6559 5712 3353 2192 1594 383757
internal_count=483360 38053 445307 17939 427368 41967 40658 33057 30246 8549 21697 3939 17857 9780 4610 1322 3897 3840 2969 8689 5251 2253 2998 385401 6559 5712 3353 2192 1594 383757
is_linear=0
shrinkage=0.08


Tree=103
num_leaves=31
num_cat=0
split_feature=7 31 33 13 8 7 39 5 13 21 6 2 7 7 39 2 2 5 21 2 2 7 8 13 2 8 8 6 5 7
split_gain=5136.18 1810.99 1096.81 1039.42 243.788 819.013 1086.79 803.361 392.726 1052.93 338.025 329.36 524.425 306.287 330.187 252.044 455.258 230.882 341.725 136.663 309.968 299.064 142.469 128.327 122.276 232.606 207.804 111.287 107.825 265.443
threshold=0.0041731944444444455 1.0000000180025095e-35 -4.2133166666666657 4.3965666666666676 0.077632606057099832 2.8625550000000008 24.660163696183453 2.8211077777777782 0.96705833333333346 0.92916666666666681 1.0000000180025095e-35 5.5000000000000009 0.95618305555555572 0.97741888888888906 6.3483714227597163 1.0000000180025095e-35 2.5000000000000004 2.7563805555555558 0.9857583333333334 4.5000000000000009 3.5000000000000004 0.70315166666666673 0.033028002712820061 20.938408333333339 2.5000000000000004 0.0022956977758357947 0.0024000847324288873 0.015593873359315467 0.74428722222222232 0.88306055555555563
decision_type=2 2 2 2 2 2 2 2 2 2 2 2 2 2 2 2 2 2 2 2 2 2 2 2 2 2 2 2 2 2
left_child=1 -1 3 -2 5 7 -7 8 9 10 19 -11 -13 -10 -15 -16 -17 18 -18 20 28 22 -22 27 -3 -26 -27 -6 -4 -30
right_child=2 24 4 -5 23 6 -8 -9 13 11 -12 12 -14 14 15 16 17 -19 -20 -21 21 -23 -24 -25 25 26 -28 -29 29 -31
leaf_value=-1.3028990923111112e-05 -1.6333131756292902e-05 2.2726354194115701e-07 1.0504234728170304e-06 -4.1352658888057287e-05 -3.4032172442852724e-05 8.5621381988332251e-06 -3.6232968801286347e-05 -5.6344614606018696e-07 7.9700318701192429e-07 -1.5182782439282505e-07 3.8312670268450649e-08 7.148717604721355e-07 -4.0439039912243405e-08 -2.9874132145835121e-08 -2.8524894271253488e-05 7.6355633907798655e-06 -4.548536257953373e-07 -0.0015535225361150752 0.00012590565154440902 6.4907471910391483e-06 8.1945810584294063e-07 -2.4256080023654646e-07 -1.0710973373750933e-06 0.019020999323239494 -6.0893100910072715e-06 5.4590146174928602e-06 -1.720110470609243e-07 4.055507738951109e-06 -0.0038179705046925963 4.6038942366628534e-05
leaf_weight=31494 8925 2276 2789 9014 15960 7902 1314 2827 3541 6952 12386 1201 1006 871 831 3452 595 876 1262 2475 833 1216 297 1644 1492 1264 1527 355813 474 851
leaf_count=31494 8925 2276 2789 9014 15960 7902 1314 2827 3541 6952 12386 1201 1006 871 831 3452 595 876 1262 2475 833 1216 297 1644 1492 1264 1527 355813 474 851
internal_value=-0.00241526 -0.0306257 -4.58111e-06 -0.0193835 0.000808858 0.00583567 0.0275521 0.0013618 0.00414623 -0.000595801 0.00914966 -0.023282 0.00364295 0.0167938 0.00801826 0.0137856 0.0193436 -0.0050494 0.0109208 0.0210095 0.0148854 -0.00832055 0.0213097 8.25886e-05 0.00761701 -0.000345552 0.0132856 -1.60313e-05 0.0281186 0.0093283
internal_weight=483360 38053 445307 17939 427368 53951 9216 44735 41908 30480 21321 9159 2207 11428 7887 7016 6185 2733 1857 8935 6460 2346 1130 373417 6559 4283 2791 371773 4114 1325
internal_count=483360 38053 445307 17939 427368 53951 9216 44735 41908 30480 21321 9159 2207 11428 7887 7016 6185 2733 1857 8935 6460 2346 1130 373417 6559 4283 2791 371773 4114 1325
is_linear=0
shrinkage=0.08


Tree=104
num_leaves=31
num_cat=0
split_feature=7 31 33 13 13 13 13 8 8 8 13 29 6 5 8 5 8 19 19 6 2 7 2 19 27 6 8 8 6 0
split_gain=4964.76 1940.38 1070.3 1039.42 148.159 843.143 686.142 717.055 348.88 179.882 175.364 203.663 452.078 361.533 442.943 423.945 370.756 339.284 728.096 443.036 294.416 518.165 266.59 228.875 217.532 168.198 161.092 137.789 180.806 134.723
threshold=0.0041731944444444455 1.0000000180025095e-35 -4.2133166666666657 4.3965666666666676 2.8777416666666671 2.8211000000000008 3.0400750000000003 0.0051176092131718452 0.028112341566782838 0.0088367937866199106 2.7805250000000004 0.73835000000000006 1.0000000180025095e-35 0.96674166666666672 0.053743978479683686 0.97745000000000004 1.0000000180025095e-35 4.2673333333333341 4.2390083333333344 2.2130880675444886 5.5000000000000009 0.95618305555555572 1.0000000180025095e-35 4.3415416666666671 1.821641666666667 0.73880627417943001 0.23641417318234836 0.25344928680947792 0.12518925300588737 0.20662434895833337
decision_type=2 2 2 2 2 2 2 2 2 2 2 2 2 2 2 2 2 2 2 2 2 2 2 2 2 2 2 2 2 2
left_child=1 -1 3 -2 5 10 7 -6 -8 -7 11 12 29 14 20 16 -15 18 24 -19 22 -22 -13 -21 27 -16 -12 -14 -29 -4
right_child=2 -3 4 -5 6 9 8 -9 -10 -11 26 13 17 15 25 -17 -18 19 -20 23 21 -23 -24 -25 -26 -27 -28 28 -30 -31
leaf_value=-1.1986671649262224e-05 -1.5026481215789469e-05 2.0908245858586999e-07 1.3603535444595139e-06 -3.8044446177012705e-05 7.877167142922303e-06 -5.1837045436542437e-07 -3.3334331297183443e-05 -0.0015338375697833584 0.0026331636293909356 -0.0040992586912109467 4.671893576748687e-06 4.2355826977296121e-05 4.7869889523894564e-05 3.4976205684511542e-06 -5.7102707260110466e-05 -2.7484201572391955e-08 -9.7237717487708165e-07 1.1030254525026289e-05 -0.00072429995141078509 -1.7061397802322632e-05 6.5768201963578575e-07 -3.7203916720685013e-08 -1.3968159843891216e-07 2.3661560038235051e-05 0.00019798075834201085 -0.003691338110456572 -0.006765324200758727 -0.00031251040820453457 -5.9049270309136936e-06 -0.00013268309743189803
leaf_weight=31494 8925 6559 7848 9014 6243 4049 1309 3565 84171 1476 1379 388 40002 3361 35173 92691 2038 4996 2878 1016 1222 1006 7779 3231 15230 5718 849 8354 90879 517
leaf_count=31494 8925 6559 7848 9014 6243 4049 1309 3565 84171 1476 1379 388 40002 3361 35173 92691 2038 4996 2878 1016 1222 1006 7779 3231 15230 5718 849 8354 90879 517
internal_value=-0.00261039 -0.0303461 -0.000240284 -0.0193835 0.000563262 -0.000234642 0.00334397 0.023385 0.00104445 -0.0312253 0.000289691 0.000136036 0.00198844 -0.00203353 -0.0074765 0.000812315 0.0226042 0.00107716 0.000202106 0.0159732 -0.0222222 0.00355476 -0.0292543 -0.00302331 0.000944939 -0.00372796 0.0226571 -4.79764e-05 -0.00164582 0.0201363
internal_weight=483360 38053 445307 17939 427368 332080 95288 9808 85480 5525 326555 324327 174951 149376 51286 98090 5399 166586 157343 9243 10395 2228 8167 4247 154465 40891 2228 139235 99233 8365
internal_count=483360 38053 445307 17939 427368 332080 95288 9808 85480 5525 326555 324327 174951 149376 51286 98090 5399 166586 157343 9243 10395 2228 8167 4247 154465 40891 2228 139235 99233 8365
is_linear=0
shrinkage=0.08


Tree=105
num_leaves=31
num_cat=0
split_feature=7 31 33 13 23 31 5 31 2 13 13 13 8 8 8 13 19 19 6 29 19 5 8 33 29 6 29 8 29 8
split_gain=4960.83 1853.49 1057.68 1039.42 211.876 174.645 166.35 182.649 158.866 157.565 827.515 715.953 682.723 347.511 185.908 178.821 188.019 669.638 217.663 424.098 199.936 163.736 159.725 143.298 207.639 403.529 340.15 465.509 463.115 323.493
threshold=0.0065941666666666657 1.0000000180025095e-35 -4.2133166666666657 4.3965666666666676 0.0086166666666666683 0.0062583333333333345 0.0011333333333336888 0.0053166666666666675 2.5000000000000004 2.8777416666666671 2.8211000000000008 3.0400750000000003 0.0088367937866199106 0.028112341566782838 0.0088367937866199106 2.7805250000000004 4.2673333333333341 4.2390083333333344 2.2130880675444886 0.3088583333333334 4.3415416666666671 0.76983333333333348 0.23641417318234836 -1.0000000180025095e-35 0.73835000000000006 1.0000000180025095e-35 0.96676666666666677 0.12714578923209288 0.97745000000000004 1.0000000180025095e-35
decision_type=2 2 2 2 2 2 2 2 2 2 2 2 2 2 2 2 2 2 2 2 2 2 2 2 2 2 2 2 2 2
left_child=1 4 3 -2 -1 6 7 8 -3 10 15 12 -11 -13 -12 16 17 23 19 -18 -20 -21 -17 -4 25 -25 27 -26 29 -28
right_child=2 5 9 -5 -6 -7 -8 -9 -10 11 14 13 -14 -15 -16 22 18 -19 20 21 -22 -23 -24 24 26 -27 28 -29 -30 -31
leaf_value=-1.1027737917321246e-05 -1.3824362718526311e-05 1.9235586189899832e-07 -0.00037884230759174689 -3.5000890482851692e-05 7.522088572180562e-05 -5.396882926258645e-06 1.0055736463360221e-06 -1.6188986753430668e-06 -8.08371980018631e-06 7.2469937714814135e-06 -4.7690081800055856e-07 -3.0667584793420133e-05 -0.0014151525574934844 0.0024225105390397062 -0.003771317995914071 4.2981420905974238e-06 1.0147834163024185e-05 -0.00016899572580570066 -1.5696485978153875e-05 -0.014641728888100182 2.1768635235162038e-05 0.041132861000104402 -0.0062240982646980213 8.5756131142922241e-07 -1.2850707056699662e-07 6.2407352122118465e-05 3.2178109229707984e-06 0.00036281768718507748 -2.5285465445890055e-08 1.333491381341645e-05
leaf_weight=32488 8925 1799 91045 9014 244 1443 2283 574 1084 6244 4049 1309 3564 84171 1476 1379 4947 2947 1134 994 5574 2822 849 8309 13295 104533 3361 12013 69110 2381
leaf_count=32488 8925 1799 91045 9014 244 1443 2283 574 1084 6244 4049 1309 3564 84171 1476 1379 4947 2947 1134 994 5574 2822 849 8309 13295 104533 3361 12013 69110 2381
internal_value=-0.00278666 -0.0298003 -0.000355129 -0.0193835 -0.0378761 0.00699986 0.0132544 0.00218687 0.010392 0.000447091 -0.00037987 0.0033129 0.0237847 0.000963968 -0.0310805 0.000142535 -1.35208e-05 -0.000447175 0.00859156 0.0168938 -0.00225403 -0.00314465 0.0227289 -7.93298e-05 0.00105614 0.00340937 -0.00159505 -0.00961277 0.0011158 0.0229467
internal_weight=483360 39915 443445 17939 32732 7183 5740 3457 2883 425506 330218 95288 9808 85480 5525 324693 322465 306994 15471 8763 6708 3816 2228 304047 213002 112842 100160 25308 74852 5742
internal_count=483360 39915 443445 17939 32732 7183 5740 3457 2883 425506 330218 95288 9808 85480 5525 324693 322465 306994 15471 8763 6708 3816 2228 304047 213002 112842 100160 25308 74852 5742
is_linear=0
shrinkage=0.08


Tree=106
num_leaves=31
num_cat=0
split_feature=7 31 33 13 23 39 6 2 8 7 39 7 8 31 23 6 8 5 13 33 2 2 5 5 2 5 5 23 17 7
split_gain=4903.79 1939.09 1059.3 1039.42 211.876 181.216 185.854 190.35 164.488 418.275 1126.13 851.511 388.586 318.757 896.611 315.665 291.669 333.014 294.96 266.394 249.702 448.211 232.142 326.785 160.9 363.337 226.545 293.046 223.137 146.522
threshold=0.0065941666666666657 1.0000000180025095e-35 -4.2133166666666657 4.3965666666666676 0.0086166666666666683 0.043903233209890466 0.0022979183131130372 2.5000000000000004 0.2413565264626483 2.8775041666666668 21.401241814506616 3.0399870833333336 0.028112341566782838 0.73840833333333344 0.96676666666666677 1.0000000180025095e-35 1.0000000180025095e-35 0.97745000000000004 0.98294166666666671 0.19539166666666677 2.5000000000000004 1.0000000180025095e-35 2.7563805555555558 0.9889772222222224 5.5000000000000009 0.95580166666666611 0.9425177777777779 0.93299166666666677 0.84410833333333346 0.26815152777777768
decision_type=2 2 2 2 2 2 2 2 2 2 2 2 2 2 2 2 2 2 2 2 2 2 2 2 2 2 2 2 2 2
left_child=1 4 3 -2 -1 6 7 -3 9 10 13 -11 -13 15 19 -4 17 -16 -19 24 21 -20 23 -22 26 28 27 -15 -26 -10
right_child=2 5 8 -5 -6 -7 -8 -9 29 11 -12 12 -14 14 16 -17 -18 18 20 -21 22 -23 -24 -25 25 -27 -28 -29 -30 -31
leaf_value=-1.0145518883935546e-05 -1.2718413701044205e-05 1.7696739294708121e-07 7.8895640651666101e-07 -3.220081924422355e-05 6.9203214864061162e-05 -4.9651322921579614e-06 3.591802308977113e-06 -6.8832670663301205e-06 -0.00029148651021984769 6.6672342697771112e-06 -4.3874875256477707e-07 -2.8214178009946523e-05 0.0027993784876314009 -3.6151094417036232e-06 2.9603860491356216e-06 6.7358994258324151e-05 2.0093863859660388e-06 -2.3262628205955593e-08 -2.6238681156183221e-05 0.00026893157573693038 -4.1424376236776087e-07 7.028939892883557e-06 -0.001429236511652512 0.00011583742099422701 -5.2524210113658047e-05 -2.3947037739446844e-08 -4.5824350600742747e-06 2.7667272728901794e-05 6.1534802370921686e-07 -1.864657659650371e-07
leaf_weight=32488 8925 1947 7799 9014 244 1784 2023 1429 17231 6866 4225 1309 10983 6237 3361 36218 12801 769 791 1827 534 3305 874 1139 892 1318 6000 1374 1468 298185
leaf_count=32488 8925 1947 7799 9014 244 1784 2023 1429 17231 6866 4225 1309 10983 6237 3361 36218 12801 769 791 1827 534 3305 874 1139 892 1318 6000 1374 1468 298185
internal_value=-0.00275803 -0.0296159 -0.000340516 -0.0193835 -0.0378761 0.0080245 0.0153288 0.00383886 0.00046232 0.00312472 0.000861303 0.0138678 0.00126261 0.00282653 -0.00209885 0.00760343 0.00834139 0.0180414 0.00856989 -0.0149738 0.0139997 0.0262305 -0.00566941 0.0117872 -0.0180438 -0.00319739 -0.0220557 -0.0128919 0.0155932 -0.000466939
internal_weight=483360 39915 443445 17939 32732 7183 5399 3376 425506 110090 90932 19158 12292 86707 42690 44017 23574 10773 7412 19116 6643 4096 2547 1673 17289 3678 13611 7611 2360 315416
internal_count=483360 39915 443445 17939 32732 7183 5399 3376 425506 110090 90932 19158 12292 86707 42690 44017 23574 10773 7412 19116 6643 4096 2547 1673 17289 3678 13611 7611 2360 315416
is_linear=0
shrinkage=0.08


Tree=107
num_leaves=31
num_cat=0
split_feature=7 31 33 13 8 7 39 7 8 31 39 23 7 21 27 6 2 27 31 2 7 5 5 27 8 15 6 15 2 7
split_gain=5032.66 1866.39 1084.58 1039.42 256.458 381.868 1195.42 820.781 373.086 273.523 252.694 211.876 169.5 208.916 594.622 399.185 325.437 238.702 289.358 216.999 314.363 233.488 420.885 207.661 256.154 213.693 224.136 211.577 251.553 299.414
threshold=0.0065941666666666657 1.0000000180025095e-35 -4.2133166666666657 4.3965666666666676 0.21827980938335542 2.8775041666666668 21.401241814506616 3.0399870833333336 0.028112341566782838 2.7780833333333335 20.897873551139025 0.0086166666666666683 1.5174873611111115 0.9448333333333333 0.95289166666666669 1.0000000180025095e-35 4.5000000000000009 0.9558916666666667 0.95830000000000004 3.5000000000000004 0.70315166666666673 0.74428722222222232 0.89400888888888896 0.97110833333333335 1.0000000180025095e-35 1.0156166666666668 0.0010143968863529139 0.98906666666666676 3.5000000000000004 0.96005472222222221
decision_type=2 2 2 2 2 2 2 2 2 2 2 2 2 2 2 2 2 2 2 2 2 2 2 2 2 2 2 2 2 2
left_child=1 11 3 -2 5 6 9 -7 -9 10 12 -1 13 15 -15 16 19 -16 -19 21 -21 -4 -23 24 -20 27 -27 28 -25 -30
right_child=2 -3 4 -5 -6 7 -8 8 -10 -11 -12 -13 -14 14 17 -17 -18 18 23 20 -22 22 -24 25 -26 26 -28 -29 29 -31
leaf_value=-9.3338773732207017e-06 -1.170094060496067e-05 1.6281000151130778e-07 7.2583989399355173e-07 -2.9624753704685668e-05 -7.4539685600033386e-06 6.1338555282119957e-06 -4.0364885236954254e-07 -2.5957043769153645e-05 0.002961698002451101 3.3919755319189449e-06 -0.001314897590720321 6.366695767493627e-05 0.033306703240012982 -7.7314845308471548e-05 5.6612018180857152e-07 2.0610222045449652e-05 4.0377769233224112e-06 -2.2031274724554351e-08 2.7235551652005087e-06 5.1335175638378421e-07 -4.6370563721254144e-07 -0.00028733523012065555 1.7098225041145554e-07 6.4666247014510956e-06 -4.1638005503052964e-06 4.9914508503281498e-05 0.00015105722354107344 -2.4139586663691758e-05 2.6871953870362119e-05 -1.4883217352767986e-07
leaf_weight=32488 8925 7183 2927 9014 325711 6866 4203 1309 7373 1390 885 244 1484 3501 1404 37447 3919 1643 1946 1120 1216 1082 2874 6210 792 1848 4500 1202 513 2141
leaf_count=32488 8925 7183 2927 9014 325711 6866 4203 1309 7373 1390 885 244 1484 3501 1404 37447 3919 1643 1946 1120 1216 1082 2874 6210 792 1848 4500 1202 513 2141
internal_value=-0.00256372 -0.0297723 -0.000114648 -0.0193835 0.00069771 0.0042459 0.00211996 0.0157654 -0.000580511 0.00430363 0.00368195 -0.0378761 0.00416567 0.00364475 -0.00222879 0.00662884 0.0186269 0.00260372 0.000448185 0.0104176 -0.0106507 0.0175679 0.00489383 0.0032122 0.0236085 -0.000190082 0.0113043 -0.0074389 -0.00316787 -0.023783
internal_weight=483360 39915 443445 17939 425506 99795 84247 15548 8682 80044 78654 32732 77769 76285 25700 50585 13138 22199 20795 9219 2336 6883 3956 19152 2738 16414 6348 10066 8864 2654
internal_count=483360 39915 443445 17939 425506 99795 84247 15548 8682 80044 78654 32732 77769 76285 25700 50585 13138 22199 20795 9219 2336 6883 3956 19152 2738 16414 6348 10066 8864 2654
is_linear=0
shrinkage=0.08


Tree=108
num_leaves=31
num_cat=0
split_feature=7 31 33 13 23 8 7 8 2 39 2 7 8 2 7 39 31 7 39 2 5 31 39 6 7 2 8 5 2 7
split_gain=4994.22 1866.39 1071.85 1039.42 211.876 179.62 372.554 521.192 451.501 404.937 394.013 362.018 281.39 217.643 389.422 203.894 739.157 626.818 863.85 278.787 276.917 213.23 213.242 274.778 198.63 531.684 162.96 159.578 145.914 259.738
threshold=0.0065941666666666657 1.0000000180025095e-35 -4.2133166666666657 4.3965666666666676 0.0086166666666666683 0.2413565264626483 0.97074111111111117 0.033028002712820061 1.0000000180025095e-35 6.3483714227597163 3.5000000000000004 0.95618305555555572 0.13383363840633328 4.5000000000000009 0.70315166666666673 22.603117462063601 13.753283333333334 2.8775041666666668 21.484546320856129 1.5000000000000002 2.7784577777777781 2.3491416666666667 6.3662618172144496 0.0010143968863529139 0.95264083333333349 5.5000000000000009 1.0000000180025095e-35 0.0043799999999999707 2.5000000000000004 0.97741888888888906
decision_type=2 2 2 2 2 2 2 2 2 2 2 2 2 2 2 2 2 2 2 2 2 2 2 2 2 2 2 2 2 2
left_child=1 4 3 -2 -1 6 7 10 12 28 26 13 -8 14 -12 17 -17 18 19 -11 21 22 -21 -24 -15 -26 -4 -3 29 -10
right_child=2 27 5 -5 -6 -7 8 -9 9 15 11 -13 -14 24 -16 16 -18 -19 -20 20 -22 -23 23 -25 25 -27 -28 -29 -30 -31
leaf_value=-8.587167183363044e-06 -1.0764865356563817e-05 1.497852013904004e-07 6.6777270247619923e-07 -2.7254773408310817e-05 5.8573601060941358e-05 -6.8576510752030712e-06 -3.713569441643472e-07 1.1584743173269629e-05 3.0623134242127039e-05 1.0633954646532828e-05 4.7228361586881819e-07 -2.0268772749076903e-08 -0.00019827120806397149 1.6755127690615268e-07 -4.2660918623482759e-07 -2.3880480267628457e-05 0.0044832895392903542 8.0212806778945378e-06 -0.00010406664182966097 -8.9843423749513824e-07 3.1206174893583238e-06 -0.0012097057834627024 0.00010605309733857204 -0.00015537689994980398 -7.1129657683792764e-05 5.2083056726104357e-07 -3.662629657004146e-06 -1.7637378817812189e-05 -1.3692559964972874e-07 -5.3873159407302755e-07
leaf_weight=32488 8925 6643 8327 9014 244 315416 3877 48682 918 3091 1000 1067 3573 3432 1249 3302 8089 4441 2712 710 1438 881 1770 5194 1059 1166 965 540 2181 966
leaf_count=32488 8925 6643 8327 9014 244 315416 3877 48682 918 3091 1000 1067 3573 3432 1249 3302 8089 4441 2712 710 1438 881 1770 5194 1059 1166 965 540 2181 966
internal_value=-0.00266783 -0.0297723 -0.000228123 -0.0193835 -0.0378761 0.000579451 0.00336161 0.00709755 -0.00243562 0.00130334 0.0186214 0.00666444 -0.020349 0.0125677 -0.00848377 0.00435816 -0.00420332 0.00917725 0.00171183 0.0102293 0.00373461 -0.00172531 0.00255408 0.00681218 0.0209369 0.0023191 0.0301679 0.00715578 -0.0224649 -0.00615711
internal_weight=483360 39915 443445 17939 32732 425506 110090 66947 43143 35693 18265 8973 7450 7906 2249 31628 11391 20237 15796 13084 9993 8555 7674 6964 5657 2225 9292 7183 4065 1884
internal_count=483360 39915 443445 17939 32732 425506 110090 66947 43143 35693 18265 8973 7450 7906 2249 31628 11391 20237 15796 13084 9993 8555 7674 6964 5657 2225 9292 7183 4065 1884
is_linear=0
shrinkage=0.08


Tree=109
num_leaves=31
num_cat=0
split_feature=7 31 33 13 8 39 7 2 15 7 39 15 8 39 23 5 6 39 5 6 8 2 7 39 5 25 7 13 7 31
split_gain=5073.09 1866.39 1098.01 1039.42 324.776 928.38 994.301 1157.4 845.012 761.487 279.898 521.805 246.043 242.427 211.876 159.578 157.932 133.023 274.23 130.47 120.522 107.845 774.59 168.463 339.095 99.412 201.03 91.2043 90.7249 88.7757
threshold=0.0065941666666666657 1.0000000180025095e-35 -4.2133166666666657 4.3965666666666676 0.033028002712820061 22.979678365988566 2.8625550000000008 3.5000000000000004 2.8212750000000004 0.70315166666666673 7.0631724350611433 0.97745000000000004 0.0088367937866199106 6.6952799108036629 0.0086166666666666683 0.0043799999999999707 1.0000000180025095e-35 6.3483714227597163 0.9847111111111112 0.0004692457984662763 0.028112341566782838 5.5000000000000009 0.95618305555555572 6.3112954564871666 2.7563805555555558 0.0041250000000000011 0.9144066666666667 19.73491666666667 0.85989944444444444 0.98906666666666676
decision_type=2 2 2 2 2 2 2 2 2 2 2 2 2 2 2 2 2 2 2 2 2 2 2 2 2 2 2 2 2 2
left_child=1 14 3 -2 5 6 7 8 10 16 11 13 21 19 20 -3 -9 -13 -19 -4 -1 23 -23 -11 -25 28 -27 -6 -5 -20
right_child=2 15 4 25 27 -7 -8 9 -10 12 -12 17 -14 -15 -16 -17 -18 18 29 -21 -22 22 -24 24 -26 26 -28 -29 -30 -31
leaf_value=-7.9001938086940018e-06 -9.9036761280387106e-06 1.37802385279176e-07 2.4522489357892142e-06 0.10692857429602412 9.733810661286787e-07 -2.197004184623097e-05 7.3795782236629752e-06 1.0409530136801238e-06 -3.4164838861983073e-07 -1.2597155167881625e-07 2.8709680902139213e-06 -4.9563306654398791e-07 0.00064051912180530302 -2.2238875341784591e-06 5.3887712976066052e-05 -1.622638851238728e-05 -0.00011668033040844961 5.0985783536106052e-06 -8.2655949849907985e-07 -9.2611049345210357e-05 9.2552869265755979e-05 4.7916412188264706e-07 -9.5741310483283821e-05 4.3240341274373154e-05 -0.0011129293207856961 -0.00085821850130178849 0.0013334148557788725 0.013298570456753681 -0.082164906497784046 -2.2178711175060428e-05
leaf_weight=32325 8925 6643 6354 1959 382551 2469 6441 1995 1454 5479 5452 792 642 319 244 540 481 794 1110 660 163 1201 2382 648 874 1368 4516 2688 1171 720
leaf_count=32325 8925 6643 6354 1959 382551 2469 6441 1995 1454 5479 5452 792 642 319 244 540 481 794 1110 660 163 1201 2382 648 874 1368 4516 2688 1171 720
internal_value=-0.00245465 -0.0297723 4.23953e-06 -0.0193835 0.00082161 0.00765788 0.0107625 0.00488184 0.018422 -0.0125646 0.0236652 0.0161764 -0.0214217 0.0282067 -0.0378761 0.00715578 0.0275929 -0.00964871 -0.00097561 0.0313088 -0.0384339 -0.0243386 -0.0130505 -0.0301157 -0.0065703 -0.000221877 -0.00634942 0.00010705 0.0112971 -0.0180109
internal_weight=483360 39915 443445 17939 425506 40267 37798 31357 17655 13702 16201 10749 11226 7333 32732 7183 2476 3416 2624 7014 32488 10584 3583 7001 1522 9014 5884 385239 3130 1830
internal_count=483360 39915 443445 17939 425506 40267 37798 31357 17655 13702 16201 10749 11226 7333 32732 7183 2476 3416 2624 7014 32488 10584 3583 7001 1522 9014 5884 385239 3130 1830
is_linear=0
shrinkage=0.08


end of trees

feature_importances:
rolling_mean_60min=446
rolling_std_60min=399
rolling_mean_15min=371
cpu_memory_ratio=357
memory_usage=247
day_of_week=189
lag_5=187
lag_10=180
lag_1=147
rolling_std_15min=145
cpu_rate_of_change=144
lag_2=118
lag_6=109
lag_9=85
lag_4=78
lag_8=44
lag_3=29
lag_7=24
hour_of_day=1

parameters:
[boosting: gbdt]
[objective: quantile]
[metric: quantile]
[tree_learner: serial]
[device_type: cpu]
[data_sample_strategy: bagging]
[data: ]
[valid: ]
[num_iterations: 300]
[learning_rate: 0.08]
[num_leaves: 31]
[num_threads: 0]
[seed: 0]
[deterministic: 0]
[force_col_wise: 0]
[force_row_wise: 0]
[histogram_pool_size: -1]
[max_depth: -1]
[min_data_in_leaf: 20]
[min_sum_hessian_in_leaf: 0.001]
[bagging_fraction: 1]
[pos_bagging_fraction: 1]
[neg_bagging_fraction: 1]
[bagging_freq: 0]
[bagging_seed: 3]
[bagging_by_query: 0]
[feature_fraction: 1]
[feature_fraction_bynode: 1]
[feature_fraction_seed: 2]
[extra_trees: 0]
[extra_seed: 6]
[early_stopping_round: 0]
[early_stopping_min_delta: 0]
[first_metric_only: 0]
[max_delta_step: 0]
[lambda_l1: 0]
[lambda_l2: 0]
[linear_lambda: 0]
[min_gain_to_split: 0]
[drop_rate: 0.1]
[max_drop: 50]
[skip_drop: 0.5]
[xgboost_dart_mode: 0]
[uniform_drop: 0]
[drop_seed: 4]
[top_rate: 0.2]
[other_rate: 0.1]
[min_data_per_group: 100]
[max_cat_threshold: 32]
[cat_l2: 10]
[cat_smooth: 10]
[max_cat_to_onehot: 4]
[top_k: 20]
[monotone_constraints: ]
[monotone_constraints_method: basic]
[monotone_penalty: 0]
[feature_contri: ]
[forcedsplits_filename: ]
[refit_decay_rate: 0.9]
[cegb_tradeoff: 1]
[cegb_penalty_split: 0]
[cegb_penalty_feature_lazy: ]
[cegb_penalty_feature_coupled: ]
[path_smooth: 0]
[interaction_constraints: ]
[verbosity: -1]
[saved_feature_importance_type: 0]
[use_quantized_grad: 0]
[num_grad_quant_bins: 4]
[quant_train_renew_leaf: 0]
[stochastic_rounding: 1]
[linear_tree: 0]
[max_bin: 255]
[max_bin_by_feature: ]
[min_data_in_bin: 3]
[bin_construct_sample_cnt: 200000]
[data_random_seed: 1]
[is_enable_sparse: 1]
[enable_bundle: 1]
[use_missing: 1]
[zero_as_missing: 0]
[feature_pre_filter: 1]
[pre_partition: 0]
[two_round: 0]
[header: 0]
[label_column: ]
[weight_column: ]
[group_column: ]
[ignore_column: ]
[categorical_feature: ]
[forcedbins_filename: ]
[precise_float_parser: 0]
[parser_config_file: ]
[objective_seed: 5]
[num_class: 1]
[is_unbalance: 0]
[scale_pos_weight: 1]
[sigmoid: 1]
[boost_from_average: 1]
[reg_sqrt: 0]
[alpha: 0.5]
[fair_c: 1]
[poisson_max_delta_step: 0.7]
[tweedie_variance_power: 1.5]
[lambdarank_truncation_level: 30]
[lambdarank_norm: 1]
[label_gain: ]
[lambdarank_position_bias_regularization: 0]
[eval_at: ]
[multi_error_top_k: 1]
[auc_mu_weights: ]
[num_machines: 1]
[local_listen_port: 12400]
[time_out: 120]
[machine_list_filename: ]
[machines: ]
[gpu_platform_id: -1]
[gpu_device_id: -1]
[gpu_device_id_list: ]
[gpu_use_dp: 0]
[num_gpu: 1]

end of parameters

pandas_categorical:[]
