tree
version=v4
num_class=1
num_tree_per_iteration=1
label_index=0
max_feature_idx=39
objective=quantile
feature_names=memory_usage hour_of_day day_of_week is_weekend minute_of_hour rolling_mean_15min rolling_std_15min rolling_mean_60min rolling_std_60min cpu_rolling_mean_15 cpu_rolling_std_15 cpu_rolling_mean_60 cpu_rolling_std_60 lag_1 cpu_lag_1 lag_2 cpu_lag_2 lag_3 cpu_lag_3 lag_4 cpu_lag_4 lag_5 cpu_lag_5 lag_6 cpu_lag_6 lag_7 cpu_lag_7 lag_8 cpu_lag_8 lag_9 cpu_lag_9 lag_10 cpu_lag_10 cpu_rate_of_change mem_rolling_mean_15min mem_rolling_std_15min mem_rolling_mean_60min mem_rolling_std_60min memory_rate_of_change cpu_memory_ratio
feature_infos=[0.068359375:0.60685221354166663] [0:23] [0:6] [0:1] [0:59] [0:41.430493333333331] [0:22.542256894573615] [0:22.363132222222223] [0:18.144185930952943] [0:41.430493333333331] [0:22.542256894573615] [0:22.363132222222223] [0:18.144185930952943] [0:62.416666666666657] [0:62.416666666666657] [0:60.268000000000001] [0:60.268000000000001] [0:62.416666666666657] [0:62.416666666666657] [0:60.268000000000001] [0:60.268000000000001] [0:60.268000000000001] [0:60.268000000000001] [0:62.416666666666657] [0:62.416666666666657] [0:58.163249999999998] [0:58.163249999999998] [0:57.993133333333333] [0:57.993133333333333] [0:62.416666666666657] [0:62.416666666666657] [0:58.163249999999998] [0:58.163249999999998] [-60.276666666666657:58.163249999999998] [0.068359375:0.60685221354166663] none [0.068359375:0.60685221354166663] none none [0:285.54135537006306]
tree_sizes=2799 2909 2944 2953 2953 2958 2967 2969 2962 2981 2973 2986 2993 2996 2993 2984 2986 2984 2977 3009 2983 3008 2995 2997 3003 3003 3001 3006 2998 3011 3018 3011 3017 3025 3028 3041 3046 3039 3034 3035 3037 3021 3016 3025 3011 3000 3015 3016 3020 3018 3042 3015 3038 3028 3038 3053 3053 3026 3046 3061 3048 3042 3028 3038 3048 3029 3044 3043 3036 3046 3029 3031 3031 3040 3049 3061 3056 3049 3047 3049 3055 3051 3037 3047 3039 3042 3037 3029 3059 3072 3066 3082 3058 3039 3042 3024 3037 3044 3028 3053 3032 3066 3077 3060 3049 3052 3039 3071 3052 3055 3049 3068 3071 3087 3052 3055 3074 3065 3069 3053 3056 3070 3064 3073 3058 3068 3073 3055 3052 3050 3058 3061 3076 3069 3059 3054 3061 3011 3010 3019 3013 3015 3045 3040 3025 3037 3011 3026 3032 3039 3030 3018 3038 3037 3012 3048 3047 3050 3021 3039 3036 3045 3026 3069 3048 3044 3056 3057 3053 3057 3013 3056 3070 3047 3047 3049 3043 3040 3046 3057 3040 3040 3042 3044 3050 3040 3055 3024 3078 3043 3067 3082 3064 3046 3062 3041 3067 3041 3048 3048 3026 3039 3046 3043 3042 3032 3054 3033 3031 3064 3057 3060 3061 3048 3061 3053 3074 3068 3057 3045 3058 3062 3052 3049 3055 3055 3074 3070 3071 3060 3088 3066 3071 3080 3061 3073 3063 3071 3048 3046 3046 3019 3065 3063 3064 3066 3074 3065 3050 3054 3051 3059 3058 3045 3070 3091 3049 3051 3048 3040 3055 3042 3079 3060 3066 3057 3066 3056 3055 3060 3053 3046 3043 3043 3051 3034 3052 3037 3037 3062 3039 3043 3072 3037 3025 3026 3072

Tree=0
num_leaves=31
num_cat=0
split_feature=7 7 0 21 0 39 5 5 21 13 5 5 0 0 8 1 5 0 13 0 5 39 13 0 8 8 39 5 0 15
split_gain=23979.1 1545.23 1533.66 607.96 351.97 292.789 254.178 97.4853 86.0029 84.777 82.4214 46.9054 44.8221 40.837 38.5912 33.7376 30.2304 25.1084 20.157 26.6367 25.7477 23.0795 18.9651 18.5771 16.6408 15.4355 15.3625 24.7694 21.4149 23.1841
threshold=5.4311626388888898 2.5803031944444452 0.19120279947916669 4.2856250000000014 0.19958496093750003 29.675120212366888 5.6151983333333346 4.3569350000000009 5.0130666666666679 7.8238166666666675 4.7786222222222232 6.3319383333333343 0.19958496093750003 0.29463704427083337 2.219525231182597 13.500000000000002 4.940157222222223 0.20662434895833337 21.597341666666669 0.29463704427083337 2.7563805555555558 29.675120212366888 5.0082833333333339 0.29463704427083337 1.8822383783764101 7.0131468856249501 26.414332209940046 4.7786222222222232 0.29463704427083337 4.6866166666666667
decision_type=2 2 2 2 2 2 2 2 2 2 2 2 2 2 2 2 2 2 2 2 2 2 2 2 2 2 2 2 2 2
left_child=1 8 6 4 7 26 16 -3 14 25 -7 -8 -10 -11 22 23 -2 -14 19 21 -21 -6 -1 -12 -24 -4 28 -28 -5 -30
right_child=2 3 9 5 18 10 11 -9 12 13 15 -13 17 -15 -16 -17 -18 -19 -20 20 -22 -23 24 -25 -26 -27 27 -29 29 -31
leaf_value=4.8215051841735841 5.0570731609259205 4.8856758499145512 5.2060237607230784 5.0684178347700479 5.0042017012028372 5.0753758178396495 5.163331832885742 5.0842250337334738 5.0077912052256757 8.3165491104125984 5.208474913386917 6.181926460266113 5.5313518142700193 5.1604251505737286 4.9591131591796875 5.1472331619262697 5.1217158508300784 5.1386840996257703 7.495495948791504 5.1141704940795902 5.0960264968872071 5.9476676289283201 5.0082998275756836 5.1955568128906631 5.0083491897583006 5.1185051727294919 5.0487314201050051 5.0994514375181321 5.1627558517456054 5.1023424911499022
leaf_weight=357075 223 25179 1406 2926 5313 920 2754 1058 1733 590 2407 27510 284 166 7159 741 1674 555 243 6412 20251 609 1384 85 622 1552 698 658 8485 2688
leaf_count=357075 223 25179 1406 2926 5313 920 2754 1058 1733 590 2407 27510 284 166 7159 741 1674 555 243 6412 20251 609 1384 85 622 1552 698 658 8485 2688
internal_value=5.00827 5.00323 5.0712 5.01341 5.00935 5.02561 5.07682 5.00245 5.00106 5.02253 5.04447 5.07861 5.01563 5.04644 5.00095 5.05048 5.04842 5.03081 5.01488 5.0147 5.01578 5.00985 5.00084 5.05494 5.00859 5.01642 5.02054 5.02868 5.01976 5.02136
internal_weight=483360 447485 35875 78673 59065 19608 32161 26237 368812 3714 4153 30264 2572 756 366240 3233 1897 839 32828 32585 26663 5922 359081 2492 2006 2958 15455 1356 14099 11173
internal_count=483360 447485 35875 78673 59065 19608 32161 26237 368812 3714 4153 30264 2572 756 366240 3233 1897 839 32828 32585 26663 5922 359081 2492 2006 2958 15455 1356 14099 11173
is_linear=0
shrinkage=1


Tree=1
num_leaves=31
num_cat=0
split_feature=7 13 0 0 23 39 29 0 5 23 39 29 0 6 19 8 7 6 5 5 21 19 31 5 13 15 0 5 27 5
split_gain=21682 1807.51 1004.22 960.295 323.233 321.48 268.605 257.246 153.547 136.378 113.265 110.919 102.422 157.887 114.004 100.433 98.7884 85.6435 65.6682 77.6302 47.3571 42.4143 45.7969 41.9603 41.1594 40.7072 39.1394 35.0656 31.0192 30.5005
threshold=5.7387138888888893 4.3965666666666676 0.19120279947916669 0.29463704427083337 4.6896750000000003 52.128027597953505 4.7322000000000006 0.17399088541666671 0.66776666666666695 4.3961333333333341 45.505405161638848 4.9816166666666684 0.11779785156250001 2.0548554561780024 4.9324250000000012 1.882210598908068 0.89389486111111127 2.3605064356038357 1.0015377777777781 5.116137222222223 4.3961333333333341 5.0076583333333344 4.0128333333333339 1.0015377777777781 12.1058 5.2909500000000014 0.14469401041666669 5.448548333333334 2.8777833333333338 1.0015377777777781
decision_type=2 2 2 2 2 2 2 2 2 2 2 2 2 2 2 2 2 2 2 2 2 2 2 2 2 2 2 2 2 2
left_child=1 3 5 6 8 27 9 15 11 17 -11 -3 13 -8 29 18 23 21 -6 -20 -10 -1 -23 -12 -4 -19 -17 -2 -27 -15
right_child=2 4 24 -5 7 -7 12 -9 20 10 16 -13 -14 14 -16 26 -18 25 19 -21 -22 22 -24 -25 -26 28 -28 -29 -30 -31
leaf_value=-0.16065539855957034 0.097348712551692529 -0.14722326593083346 0.19193070983886715 0.1017395492553711 0.014892912292480461 1.0902086090087892 -0.38572041473388674 0.13867524986850774 0.044692910956629736 -0.0089620798925039939 0.014892912292480461 0.014929590414263103 0.013811270271348089 0.014891577148437491 0.01494357147216796 0.014872923278808585 -0.36532233305640083 -0.034521842069242727 0.060809686544333198 0.12254172404639505 0.10862947144897019 -0.094082767991527649 0.01494357147216796 0.01494357147216796 2.7650287224482746 0.27283823838282661 1.0122671365711797 0.18847312698000246 0.47008890906677608 0.014920912170410148
leaf_weight=372256 544 217 2046 28551 700 23983 1252 3945 12240 5188 325 466 5072 662 567 755 446 4853 1736 3175 3843 1539 799 532 392 607 101 5852 389 327
leaf_count=372256 544 217 2046 28551 700 23983 1252 3945 12240 5188 325 466 5072 662 567 755 446 4853 1736 3175 3843 1539 799 532 392 607 101 5852 389 327
internal_value=0.000178085 -0.00439475 0.0629583 -0.0056786 0.0156044 0.0669228 -0.00670319 0.0266754 0.00872909 -0.00700097 0.0044973 0.0458799 0.00791878 0.0201766 0.0371928 0.0364967 0.025584 -0.00719715 0.0403907 0.0371232 0.0071514 -0.00734714 0.00339435 0.0414749 0.0135587 0.00240861 0.010972 0.0509869 0.0171406 0.0207968
internal_weight=483360 450543 32817 423365 27178 30379 394814 10412 16766 386934 6491 683 7880 2808 1556 6467 1303 380443 5611 4911 16083 374594 2338 857 2438 5849 856 6396 996 989
internal_count=483360 450543 32817 423365 27178 30379 394814 10412 16766 386934 6491 683 7880 2808 1556 6467 1303 380443 5611 4911 16083 374594 2338 857 2438 5849 856 6396 996 989
is_linear=0
shrinkage=0.08


Tree=2
num_leaves=31
num_cat=0
split_feature=7 13 39 0 0 29 39 7 25 23 5 39 0 6 19 8 7 8 0 6 5 5 19 31 5 21 15 1 5 7
split_gain=20326.8 1488.96 1129.95 753.964 366.62 267.483 264.362 227.889 316.91 131.269 114.469 113.768 110.463 158.119 114.004 97.8216 90.2463 76.4224 72.2647 53.7518 41.8661 40.9839 38.7026 48.18 37.6809 36.534 33.2832 32.3465 30.5005 29.2467
threshold=5.7387138888888893 4.3965666666666676 61.520487600633984 0.29463704427083337 0.19120279947916669 4.4251083333333341 28.769702519457336 0.83470611111111126 1.0000000180025095e-35 4.5869000000000009 5.116137222222223 45.505405161638848 0.11779785156250001 2.0548554561780024 4.9324250000000012 1.9279260373660134 8.7118777777777776 2.219525231182597 0.13387044270833334 2.9159473512745202 1.0015377777777781 1.0015377777777781 5.0076583333333344 4.2775916666666678 7.5351055555555559 5.253375000000001 2.753833333333334 20.500000000000004 1.0015377777777781 2.4616062500000004
decision_type=2 2 2 2 2 2 2 2 2 2 2 2 2 2 2 2 2 2 2 2 2 2 2 2 2 2 2 2 2 2
left_child=1 3 4 5 24 9 7 8 18 17 -8 -11 13 -7 28 20 -4 22 21 -12 -13 -3 -1 -24 27 -5 -19 -2 -15 -9
right_child=2 6 16 25 -6 12 10 29 -10 11 19 15 -14 14 -16 -17 -18 26 -20 -21 -22 -23 23 -25 -26 -27 -28 -29 -30 -31
leaf_value=-0.14780296667480472 0.13732282000737994 0.01372120436109725 0.85204246619760793 0.081462728149414049 0.18150378295898442 -0.35486278155517581 0.084119128572704413 -0.0011898338623046812 -0.20577484969672491 -0.013216796731158312 0.13202978920236949 0.013701479309082032 0.010228020741573403 0.013700250976562458 0.013748085754394524 -0.35649462808937465 1.009973121459961 -0.085691300577575832 -0.055697865330032376 0.69240306492942072 0.013748085754394524 0.01007349411942208 -0.088631372207714984 0.013748085754394524 0.28914596464451053 0.13517902691728254 0.14654213472816643 0.087879620544724799 0.013727239196777319 0.09157705509210376
leaf_weight=368115 5258 1178 791 23885 2120 1254 3012 3347 1110 4443 3504 325 6165 662 567 431 21941 7453 140 736 539 281 1638 761 2270 4666 2134 437 327 13870
leaf_count=368115 5258 1178 791 23885 2120 1254 3012 3347 1110 4443 3504 325 6165 662 567 431 21941 7453 140 736 539 281 1638 761 2270 4666 2134 437 327 13870
internal_value=-0.000141677 -0.0045693 0.0606449 -0.00573453 0.038358 -0.0066424 0.0135822 0.00882224 0.0303905 -0.00695998 0.0266608 0.00504984 0.00701058 0.0201566 0.0371928 0.0259151 0.0705325 -0.00714128 0.0531882 0.0351321 0.0414444 0.0584565 -0.00732375 0.0028045 0.0462272 0.00681979 -8.92895e-05 0.0427533 0.0207968 0.00542859
internal_weight=483360 450543 32817 423365 10085 394814 27178 19926 2709 385839 7252 5738 8975 2810 1556 1295 22732 380101 1599 4240 864 1459 370514 2399 7965 28551 9587 5695 989 17217
internal_count=483360 450543 32817 423365 10085 394814 27178 19926 2709 385839 7252 5738 8975 2810 1556 1295 22732 380101 1599 4240 864 1459 370514 2399 7965 28551 9587 5695 989 17217
is_linear=0
shrinkage=0.08


Tree=3
num_leaves=31
num_cat=0
split_feature=7 13 5 0 39 29 7 25 5 23 39 8 0 6 19 0 8 8 0 6 21 5 5 19 31 5 0 15 5 5
split_gain=19346.1 1860.05 710.363 574.611 421.559 272.981 243.392 313.282 134.517 134.205 115.353 109.391 108.047 158.119 114.004 103.089 96.0173 81.7087 72.8432 58.753 51.967 42.0481 40.9839 40.0113 48.0069 34.7802 57.745 30.851 30.6048 30.5005
threshold=6.5569141666666679 4.3965666666666676 9.0729455555555578 0.29463704427083337 29.675120212366888 4.4251083333333341 0.83470611111111126 1.0000000180025095e-35 5.2755183333333351 4.3961333333333341 45.505405161638848 3.204030715632598 0.11779785156250001 2.0548554561780024 4.9324250000000012 0.19120279947916669 1.9279260373660134 2.219525231182597 0.13387044270833334 1.558941921452073 3.1991583333333344 1.0015377777777781 1.0015377777777781 5.0076583333333344 4.0128333333333339 4.6469450000000014 0.22021484375000003 5.7884833333333345 3.7243105555555562 1.0015377777777781
decision_type=2 2 2 2 2 2 2 2 2 2 2 2 2 2 2 2 2 2 2 2 2 2 2 2 2 2 2 2 2 2
left_child=1 3 15 5 6 9 7 18 -6 17 -11 -4 13 -7 29 -2 21 23 22 -10 -5 -12 -3 28 -25 -8 -27 -19 -1 -15
right_child=2 4 11 20 8 12 25 -9 19 10 16 -13 -14 14 -16 -17 -18 27 -20 -21 -22 -23 -24 24 -26 26 -28 -29 -30 -31
leaf_value=-0.13670094520893311 0.17191406035112697 0.01262350801220947 0.92568467115722652 0.0053110434545898498 0.085743004543440055 -0.32647375903076176 0.027871100760402806 -0.18931286172098688 0.11680065646808224 -0.011582655404475164 0.01260536096435544 0.99899718219925515 0.014068733838354348 0.012604230898437478 0.012648238894042976 0.075488373206662157 -0.32797505784222464 -0.044122673817804096 -0.051436970404190645 0.57674912153569913 0.1055328406347656 0.012648238894042976 0.0092676145898683161 -0.085402891261907574 0.012648238894042976 0.27288172969025964 0.064357667566601842 0.49742148856747181 0.024202550961825865 0.012629060061035133
leaf_weight=366661 4589 1178 21700 11621 3542 1254 14069 1110 5161 4902 325 1149 6321 662 567 587 435 8985 141 1240 17446 540 281 1600 777 1830 2311 963 1086 327
leaf_count=366661 4589 1178 21700 11621 3542 1254 14069 1110 5161 4902 325 1149 6321 662 567 587 435 8985 141 1240 17446 540 281 1600 777 1830 2311 963 1086 327
internal_value=-0.00041973 -0.00439035 0.0640928 -0.00576909 0.014572 -0.00656714 0.00812619 0.0304945 0.028134 -0.00689032 0.00478297 0.0701548 0.00710459 0.0201566 0.0371928 0.0373323 0.0259692 -0.00708081 0.05315 0.0350558 0.005087 0.0413873 0.0584565 -0.00727311 0.00307278 0.00479736 0.0112417 7.39828e-05 -0.00733998 0.0207968
internal_weight=483360 455335 28025 424472 30863 395405 20920 2710 9943 386274 6202 22849 9131 2810 1556 5176 1300 380072 1600 6401 29067 865 1459 370124 2377 18210 4141 9948 367747 989
internal_count=483360 455335 28025 424472 30863 395405 20920 2710 9943 386274 6202 22849 9131 2810 1556 5176 1300 380072 1600 6401 29067 865 1459 370124 2377 18210 4141 9948 367747 989
is_linear=0
shrinkage=0.08


Tree=4
num_leaves=31
num_cat=0
split_feature=7 23 39 39 8 23 5 29 7 0 33 7 8 13 5 19 7 7 8 13 5 5 21 15 13 19 5 21 0 31
split_gain=18279.3 2023.62 982.36 758.378 497.06 268.658 192.08 178.676 250.349 232.07 114.317 254.633 104.175 101.61 157.304 114.004 98.3978 98.2709 75.4153 67.7891 60.2323 66.988 53.7411 49.4864 40.7529 39.9994 38.3925 36.5877 35.3432 32.9715
threshold=6.5569141666666679 4.3676583333333339 68.225588733627262 30.739580693791236 1.6411859086237375 4.3961333333333341 3.6476311111111115 4.9816166666666684 2.251216250000001 0.12569173177083334 -4.9576416666666656 0.83470611111111126 3.204030715632598 4.9249583333333344 0.9919366666666668 4.9324250000000012 2.2074163888888889 10.36464277777778 1.9279260373660134 5.0082833333333339 1.0015377777777781 5.448548333333334 2.1690250000000009 4.3110583333333343 21.597341666666669 5.0076583333333344 8.0841122222222221 2.1690250000000009 0.13387044270833334 5.0074250000000013
decision_type=2 2 2 2 2 2 2 2 2 2 2 2 2 2 2 2 2 2 2 2 2 2 2 2 2 2 2 2 2 2
left_child=1 4 12 10 6 16 -1 8 25 13 11 -3 26 14 -9 -16 -5 -4 20 -15 -7 -22 -12 -20 27 28 -2 -10 -6 -27
right_child=2 3 17 5 7 18 -8 9 24 -11 22 -13 -14 19 15 -17 -18 -19 23 -21 21 -23 -24 -25 -26 29 -28 -29 -30 -31
leaf_value=-0.13412366873875414 0.14049413055488028 0.011592567175174508 0.71359490099786405 0.0015630149160310225 -0.007680988379867415 0.011596932087207037 0.050388577835478128 -0.3003558583083008 0.003434640202832 0.0288037482469399 -0.011956022944140656 0.011616565969929483 0.15239068806769329 0.011618967947404571 0.011595892426562457 0.011636379782519555 -0.0023349051673701026 0.85512049805058599 -0.069068497163090034 -0.0056645210203704012 0.057284063109933676 0.1097337329052035 0.068242893253928877 0.39730823436971657 3.0235812035742788 -0.069533632887147756 0.28263836395176162 0.093440454347676991 -0.052470340796859603 0.011636379782519555
leaf_weight=332108 3103 982 685 1333 28500 325 7356 1247 10836 7693 5470 1574 1499 513 989 567 138 20999 840 89 3292 4245 13572 842 410 1104 1739 16906 13645 759
leaf_count=332108 3103 982 685 1333 28500 325 7356 1247 10836 7693 5470 1574 1499 513 989 567 138 20999 840 89 3292 4245 13572 842 410 1104 1739 16906 13645 759
internal_value=-0.000405662 -0.00426526 0.0623029 0.0149356 -0.00574661 0.0320182 -0.00710518 -0.000207357 -0.00166076 0.00924274 0.00622354 0.0221095 0.0346053 0.0266314 0.0202269 0.0371928 0.0638423 0.0704025 0.0271132 0.0564518 0.0304024 0.0289484 0.00409116 0.0117384 0.00423075 -0.00542956 0.0403106 0.00386071 -0.00593665 0.00604187
internal_weight=483360 455335 28025 32613 422722 11015 339464 83258 72160 11098 21598 2556 6341 3405 2803 1556 1471 21684 9544 602 7862 7537 19042 1682 28152 44008 4842 27742 42145 1863
internal_count=483360 455335 28025 32613 422722 11015 339464 83258 72160 11098 21598 2556 6341 3405 2803 1556 1471 21684 9544 602 7862 7537 19042 1682 28152 44008 4842 27742 42145 1863
is_linear=0
shrinkage=0.08


Tree=5
num_leaves=31
num_cat=0
split_feature=7 23 39 7 8 23 29 0 0 5 33 7 13 5 19 7 8 13 8 5 8 21 15 21 13 5 19 31 31 0
split_gain=17637.1 2211.64 764.25 687.021 469.346 289.743 181.739 240.049 228.81 172.15 111.915 258.004 101.61 157.304 114.004 96.8354 75.1026 67.7891 67.0905 64.4117 63.9605 53.1614 49.7844 44.0338 43.8172 43.0996 37.6372 35.4677 34.9086 33.0174
threshold=7.6895138888888894 4.3676583333333339 31.813021258820701 13.7512925 1.5517597052072467 4.3961333333333341 4.9816166666666684 0.11779785156250001 0.19958496093750003 3.3567077777777783 -4.9576416666666656 0.83470611111111126 4.9249583333333344 0.9919366666666668 4.9324250000000012 2.2074163888888889 3.204030715632598 5.0082833333333339 1.9279260373660134 1.0015377777777781 5.4413063418656735 2.2067416666666673 4.5947583333333339 3.1422083333333339 15.262250000000002 5.448548333333334 5.0076583333333344 4.8102750000000007 10.489483333333334 0.13387044270833334
decision_type=2 2 2 2 2 2 2 2 2 2 2 2 2 2 2 2 2 2 2 2 2 2 2 2 2 2 2 2 2 2
left_child=1 4 10 16 9 15 8 12 26 -1 11 -3 13 -8 -15 -4 28 -14 19 -7 -5 -12 -20 24 -10 -21 29 -28 -2 -6
right_child=3 2 5 20 6 18 7 -9 23 -11 21 -13 17 14 -16 -17 -18 -19 22 25 -22 -23 -24 -25 -26 -27 27 -29 -30 -31
leaf_value=-0.12512976767129444 0.18234259669449984 0.010665161801160537 0.0014379737227485378 0.79369221196630468 -0.0070665093094780217 0.010669177520230449 -0.27632738964363673 0.021232674315162795 0.00041649606454806636 0.032935447220273605 -0.010230044300466343 0.01068724069233511 0.010689450511612223 0.010668221032437444 0.010705469399918002 -0.0065189315770118883 0.2289371483487313 -0.0052113593387407772 -0.050056123594798323 0.05334677775130689 0.50105018323093942 0.064433354992687916 0.36005298193085866 0.10634684488767043 2.7816947072883362 0.11116733831187092 -0.063362253492537171 0.010705469399918002 0.30253490910985931 -0.050365782991118664
leaf_weight=324263 2353 982 1333 19990 28577 325 1247 7982 15837 9481 5662 1581 513 989 567 132 1381 89 864 2853 251 14272 1223 13676 366 6238 1239 734 971 17389
leaf_count=324263 2353 982 1333 19990 28577 325 1247 7982 15837 9481 5662 1581 513 989 567 132 1381 89 864 2853 251 14272 1223 13676 366 6238 1239 734 971 17389
internal_value=-0.000573156 -0.00413799 0.0150515 0.0649351 -0.00574706 0.0305194 -0.000592345 0.00884728 -0.00197363 -0.00712484 0.00613522 0.0218712 0.0266314 0.0202269 0.0371928 0.0640273 0.0373985 0.0564518 0.0262519 0.0291283 0.071336 0.00411197 0.0132746 0.00352113 0.000699622 0.0278772 -0.00539836 0.00542118 0.0439134 -0.00586277
internal_weight=483360 458414 35465 24946 422949 12968 89205 11387 77818 333744 22497 2563 3405 2803 1556 1465 4705 602 11503 9416 20241 19934 2087 29879 16203 9091 47939 1973 3324 45966
internal_count=483360 458414 35465 24946 422949 12968 89205 11387 77818 333744 22497 2563 3405 2803 1556 1465 4705 602 11503 9416 20241 19934 2087 29879 16203 9091 47939 1973 3324 45966
is_linear=0
shrinkage=0.08


Tree=6
num_leaves=31
num_cat=0
split_feature=7 23 39 23 8 8 29 0 0 5 7 13 7 13 5 19 0 13 7 5 39 13 21 19 21 31 0 8 6 5
split_gain=17387 2663.8 938.848 453.202 449.292 238.405 183.469 240.953 203.028 151.929 129.714 109.553 280.74 101.61 157.304 114.004 71.1129 67.7891 64.7224 62.9367 45.6714 37.8872 38.0554 37.8688 36.1199 35.0537 34.6271 33.5737 31.4852 30.5005
threshold=10.36464277777778 4.3110083333333344 33.883782758990002 4.3961333333333341 1.5517597052072467 4.7330187438519449 4.9816166666666684 0.11779785156250001 0.19958496093750003 3.3567077777777783 2.2074163888888889 4.9249583333333344 0.83465888888888895 4.9249583333333344 0.9919366666666668 4.9324250000000012 0.18326822916666671 5.0082833333333339 0.83460972222222229 5.448548333333334 29.675120212366888 21.597341666666669 3.1422083333333339 5.0076583333333344 2.2067416666666673 3.7140750000000007 0.13387044270833334 1.9279260373660134 1.3451397391611397 1.0015377777777781
decision_type=2 2 2 2 2 2 2 2 2 2 2 2 2 2 2 2 2 2 2 2 2 2 2 2 2 2 2 2 2 2
left_child=1 4 11 10 9 16 8 13 23 -1 -4 24 -13 14 -8 29 -2 -15 -5 27 -14 22 -10 26 -3 -25 -6 -20 -21 -16
right_child=5 2 3 18 6 -7 7 -9 21 -11 -12 12 20 17 15 -17 -18 -19 19 28 -22 -23 -24 25 -26 -27 -28 -29 -30 -31
leaf_value=-0.11511938625759087 0.21262470239941589 -0.011067323295446343 0.0013229358249286349 0.0098143081745690353 -0.0067465498928447687 0.2814073002005405 -0.2542211984721458 0.020649520549176476 0.0019229562424032329 0.030367042332600819 0.016722710169589764 0.0098119488570677059 0.030490460298660572 0.009834294470683248 0.0098147633498424369 0.0098490318479245789 0.72670623442306281 -0.0047944505916414923 0.044957520165071492 0.1209730778976404 0.071840935039841028 2.6594220508964317 0.092092531002815767 -0.068953089587171293 0.05763714626441184 0.0098490318479245789 -0.046274150172214805 0.023127375753300639 0.29494463761095185 0.0098376061794323271
leaf_weight=324198 968 5394 2024 281 27857 692 1247 7876 15794 9118 233 805 5163 513 662 567 20166 89 2115 7345 2045 390 13327 1150 11787 819 17382 834 2192 327
leaf_count=324198 968 5394 2024 281 27857 692 1247 7876 15794 9118 233 805 5163 513 662 567 20166 89 2115 7345 2045 390 13327 1150 11787 819 17382 834 2192 327
internal_value=-0.000583418 -0.00388295 0.0157884 0.0316166 -0.00576073 0.0691887 -0.000676366 0.00884957 -0.00207709 -0.00710308 0.0646628 0.00634945 0.0140741 0.0266314 0.0202269 0.0371928 0.0707016 0.0564518 0.0257746 0.0249201 0.00906992 0.00312805 0.00279633 -0.00533096 0.00274675 0.00552971 -0.00580367 0.014706 0.0280784 0.0207968
internal_weight=483360 461534 40218 15024 421316 21826 88000 11281 76719 333316 2257 25194 8013 3405 2803 1556 21134 602 12767 12486 7208 29511 29121 47208 17181 1969 45239 2949 9537 989
internal_count=483360 461534 40218 15024 421316 21826 88000 11281 76719 333316 2257 25194 8013 3405 2803 1556 21134 602 12767 12486 7208 29511 29121 47208 17181 1969 45239 2949 9537 989
is_linear=0
shrinkage=0.08


Tree=7
num_leaves=31
num_cat=0
split_feature=7 23 39 23 8 15 29 0 7 7 5 33 7 13 5 19 7 15 13 7 1 8 19 0 13 39 13 5 5 31
split_gain=17299.1 2234.65 698.234 554.044 427.536 276.385 181.917 245.394 187.134 150.252 141.647 113.9 258.6 101.61 157.304 114.004 81.3762 121.937 67.7891 58.3583 57.9411 47.0411 38.4853 37.5906 34.1896 32.5696 32.5221 32.4962 30.5005 30.3985
threshold=10.36464277777778 4.3110083333333344 33.883782758990002 4.3961333333333341 1.5517597052072467 13.358908333333334 4.9816166666666684 0.11779785156250001 2.3032472222222222 2.2074163888888889 3.3567077777777783 -4.9576416666666656 0.83470611111111126 4.9249583333333344 0.9919366666666668 4.9324250000000012 0.83460972222222229 4.3110583333333343 5.0082833333333339 3.1944631944444448 9.5000000000000018 4.328653387267031 5.0076583333333344 0.13387044270833334 21.597341666666669 29.675120212366888 6.6459166666666674 1.0015377777777781 1.0015377777777781 4.9390333333333336
decision_type=2 2 2 2 2 2 2 2 2 2 2 2 2 2 2 2 2 2 2 2 2 2 2 2 2 2 2 2 2 2
left_child=1 4 11 9 10 20 8 13 22 -4 -1 12 27 14 -8 28 -5 -18 -15 -13 -2 -7 23 -6 -10 -21 -19 -3 -16 -24
right_child=5 2 3 16 6 21 7 -9 24 -11 -12 19 -14 18 15 -17 17 26 -20 25 -22 -23 29 -25 -26 -27 -28 -29 -30 -31
leaf_value=-0.10590983535698356 0.12882723640268209 0.0090283280925452652 0.0012171009589343384 0.0090291635206035184 -0.00620682590141719 0.66856973566921785 -0.23388350259437418 0.018997558905242334 0.059146354545435431 0.015384893356022604 0.027937678945992774 -0.0035255591682606413 0.007393024613055417 0.0090475509130286021 0.0090295822818550423 0.0090611093000906359 -0.00076132691696820134 0.075589138500440356 -0.0044108945443101536 0.061208008424402806 0.26846416239907606 0.68424693996128416 -0.054714359341323342 -0.043457212240485203 2.4466679900516151 0.057630106580687665 0.16896846062189322 0.0059379337472761761 0.0090505976850777624 0.0090611093000906359
leaf_weight=324198 598 700 2024 281 27807 20112 1247 7876 27969 233 9118 9252 1610 513 662 567 1605 5480 89 10380 913 203 1220 18523 411 2970 5401 282 327 789
leaf_count=324198 598 700 2024 281 27807 20112 1247 7876 27969 233 9118 9252 1610 513 662 567 1605 5480 89 10380 913 203 1220 18523 411 2970 5401 282 327 789
internal_value=-0.000747768 -0.00403895 0.0139782 0.0276283 -0.00575883 0.0688478 -0.000799093 0.00868646 -0.00219388 0.0641666 -0.00706827 0.00583821 0.0217222 0.0266314 0.0202269 0.0371928 0.0211689 0.0202108 0.0564518 0.00401663 0.0358385 0.071303 -0.00522129 -0.00569135 0.00296265 0.00740075 0.0232471 0.0540774 0.0207968 0.00561871
internal_weight=483360 461534 40218 15024 421316 21826 88000 11281 76719 2257 333316 25194 2592 3405 2803 1556 12767 12486 602 22602 1511 20315 48339 46330 28380 13350 10881 982 989 2009
internal_count=483360 461534 40218 15024 421316 21826 88000 11281 76719 2257 333316 25194 2592 3405 2803 1556 12767 12486 602 22602 1511 20315 48339 46330 28380 13350 10881 982 989 2009
is_linear=0
shrinkage=0.08


Tree=8
num_leaves=31
num_cat=0
split_feature=7 23 39 23 8 15 29 0 0 7 33 7 13 5 19 7 5 5 13 8 1 7 21 13 1 4 5 5 19 31
split_gain=17126.3 1972.77 587.916 623.204 421.166 340.711 186.067 268.24 202.457 153.309 121.021 258.6 101.61 157.304 114.004 91.9259 92.7132 80.6272 67.7891 62.207 44.296 43.3437 42.263 37.3371 36.8602 32.5306 32.4962 30.5005 30.0106 42.2362
threshold=10.36464277777778 4.3110083333333344 33.883782758990002 4.3961333333333341 1.1324696953170106 13.358908333333334 4.9816166666666684 0.11779785156250001 0.19958496093750003 2.2074163888888889 -4.9576416666666656 0.83470611111111126 4.9249583333333344 0.9919366666666668 4.9324250000000012 0.83460972222222229 4.5360633333333347 3.2551083333333342 5.0082833333333339 4.328653387267031 8.5000000000000018 3.1944631944444448 3.1422083333333339 15.262250000000002 7.5000000000000009 38.500000000000007 1.0015377777777781 1.0015377777777781 5.0076583333333344 3.6494500000000003
decision_type=2 2 2 2 2 2 2 2 2 2 2 2 2 2 2 2 2 2 2 2 2 2 2 2 2 2 2 2 2 2
left_child=1 4 10 9 17 20 8 12 28 -4 11 26 13 -8 27 -5 -17 -1 -14 -7 -2 -12 23 -10 25 -18 -3 -15 -6 -30
right_child=5 2 3 15 6 19 7 -9 22 -11 21 -13 18 14 -16 16 24 -19 -20 -21 -22 -23 -24 -25 -26 -27 -28 -29 29 -31
leaf_value=-0.097578383062116289 0.12916574879405548 0.0083060618451416702 0.0011197328822196084 0.0083068304389552587 -0.00717161405781944 0.61508415681568041 -0.21517282238682423 0.0076554344880453238 -0.0080795018482065478 0.014154101887540765 -0.0032435144347997768 0.0068015826440110064 0.0083237468399862992 0.0083072156993066679 0.0083362205560833756 -0.00070042076361076511 0.78148811071977453 0.01500891004324584 -0.0040580229807653722 0.62950718476438139 0.24490557437485905 0.055364953904086328 0.085105806487320856 2.1506719274294257 0.08162581076215851 0.13975624270291057 0.0054628990474940766 0.0083265498702715483 -0.052095106339108133 0.0083362205560833756
leaf_weight=293188 568 700 2024 281 71988 20112 1247 9085 19278 233 9252 1610 513 662 567 1389 802 5819 89 203 943 13350 15677 366 9728 567 282 327 1651 859
leaf_count=293188 568 700 2024 281 71988 20112 1247 9085 19278 233 9252 1610 513 662 567 1389 802 5819 89 203 943 13350 15677 366 9728 567 282 327 1651 859
internal_value=-0.000835321 -0.00411002 0.0128185 0.025344 -0.00572598 0.0684116 -0.00177119 0.00748118 -0.00282348 0.0640957 0.00534921 0.0217222 0.0266314 0.0202269 0.0371928 0.0184933 0.0174749 -0.0073437 0.0564518 0.0711376 0.0317617 0.00347155 0.00216506 -0.000307068 0.0199138 0.0322045 0.0540774 0.0207968 -0.00518865 0.00341036
internal_weight=483360 461534 40218 15024 421316 21826 122309 12490 109819 2257 25194 2592 3405 2803 1556 12767 12486 299007 602 20315 1511 22602 35321 19644 11097 1369 982 989 74498 2510
internal_count=483360 461534 40218 15024 421316 21826 122309 12490 109819 2257 25194 2592 3405 2803 1556 12767 12486 299007 602 20315 1511 22602 35321 19644 11097 1369 982 989 74498 2510
is_linear=0
shrinkage=0.08


Tree=9
num_leaves=31
num_cat=0
split_feature=7 23 39 23 8 29 0 0 7 33 7 13 5 19 8 7 17 5 13 5 6 21 7 5 13 19 31 5 0 0
split_gain=17095.4 1984.56 578.861 649.021 410.746 186.569 268.812 194.275 153.309 125.98 259.333 101.61 157.304 114.004 98.2036 94.0571 99.0284 77.6168 67.7891 46.5653 45.61 38.4474 35.2605 32.4962 31.2252 30.7697 41.5273 30.5005 27.097 40.1368
threshold=13.7512925 4.3110083333333344 33.883782758990002 4.3961333333333341 1.1324696953170106 4.9816166666666684 0.11779785156250001 0.19958496093750003 2.2074163888888889 -4.9576416666666656 0.83470611111111126 4.9249583333333344 0.9919366666666668 4.9324250000000012 5.4413063418656735 0.83460972222222229 7.1409083333333339 3.2551083333333342 5.0082833333333339 3.8010311111111119 0.24910927563207599 3.1422083333333339 3.0295959722222228 1.0015377777777781 15.262250000000002 5.0076583333333344 3.6494500000000003 1.0015377777777781 0.13387044270833334 0.15695612468103057
decision_type=2 2 2 2 2 2 2 2 2 2 2 2 2 2 2 2 2 2 2 2 2 2 2 2 2 2 2 2 2 2
left_child=1 4 9 8 17 7 11 25 -4 10 23 12 -7 27 -2 -5 19 -1 -13 -17 -18 24 -11 -3 -9 28 -27 -14 -6 -30
right_child=14 2 3 15 5 6 -8 21 -10 22 -12 18 13 -15 -16 16 20 -19 -20 -21 -22 -23 -24 -25 -26 26 -28 -29 29 -31
leaf_value=-0.089772112417146985 0.56936802485636351 0.0076415768975303423 0.001030154251642017 0.0076422840038388529 -0.0051365507046782707 -0.19795899659587829 0.0070950619825909294 -0.0074331417003499923 0.013021773736537514 -0.0065280554635704395 0.0062574560324901544 0.0076578470927874068 0.0076426384433621311 0.0076693229115966941 0.40602426143716741 -0.00069374928513909139 0.13281534846476192 0.013808197239786159 -0.0037333811423041399 0.065637018927140411 0.15247201161152235 0.07830748048343926 0.050580504201867278 0.0050258671236945674 1.9786181732350718 -0.047951007245188325 0.0076693229115966941 0.0076604258806498397 0.0078598028759809604 -0.041543323523672376
leaf_weight=293188 19990 700 2024 281 29324 1247 9093 19324 233 8235 1616 513 662 567 251 1216 133 5819 89 7028 5571 15686 14417 282 366 1653 859 327 9890 32776
leaf_count=293188 19990 700 2024 281 29324 1247 9093 19324 233 8235 1616 513 662 567 251 1216 133 5819 89 7028 5571 15686 14417 282 366 1653 859 327 9890 32776
internal_value=-0.000914103 -0.00405942 0.0125808 0.0242407 -0.00570755 -0.00180336 0.00745847 -0.00285684 0.0640957 0.00496792 0.0216536 0.0266314 0.0202269 0.0371928 0.0710514 0.0179189 0.0169957 -0.00730544 0.0564518 0.0113886 0.0250996 0.00202487 0.00305421 0.0540774 -0.000329103 -0.00517484 0.00352866 0.0207968 -0.00547854 -0.00419182
internal_weight=483360 463119 41736 16486 421383 122376 12498 109878 2257 25250 2598 3405 2803 1556 20241 14229 13948 299007 602 8244 5704 35376 22652 982 19690 74502 2512 989 71990 42666
internal_count=483360 463119 41736 16486 421383 122376 12498 109878 2257 25250 2598 3405 2803 1556 20241 14229 13948 299007 602 8244 5704 35376 22652 982 19690 74502 2512 989 71990 42666
is_linear=0
shrinkage=0.08


Tree=10
num_leaves=31
num_cat=0
split_feature=7 23 0 0 8 39 7 5 29 0 0 8 7 13 5 19 13 13 5 6 39 7 13 19 31 5 0 0 13 13
split_gain=17046.4 1775.22 577.254 527.72 400.843 235.72 231.014 188.771 185.781 269.71 185.645 120.061 106.214 101.61 157.304 114.004 78.5728 67.7891 63.9444 59.2541 40.9338 35.5827 32.1446 31.6051 40.6056 30.5005 28.2017 38.8562 26.5344 26.4385
threshold=13.7512925 4.3110083333333344 0.12923177083333334 0.12569173177083334 1.1324696953170106 38.191846032040722 0.83465888888888895 0.9919366666666668 4.9816166666666684 0.11779785156250001 0.19958496093750003 5.4413063418656735 2.2074163888888889 4.9249583333333344 0.9919366666666668 4.9324250000000012 3.2973583333333338 5.0082833333333339 1.0015377777777781 0.24910927563207599 29.675120212366888 1.758235138888889 8.3219083333333348 5.0076583333333344 3.6494500000000003 1.0015377777777781 0.13387044270833334 0.15695612468103057 21.597341666666669 5.0076583333333344
decision_type=2 2 2 2 2 2 2 2 2 2 2 2 2 2 2 2 2 2 2 2 2 2 2 2 2 2 2 2 2 2
left_child=1 4 3 6 16 20 7 -3 10 13 23 -2 -5 14 -10 25 -1 -15 -9 -7 -4 -12 -21 26 -25 -16 -6 -28 -23 -8
right_child=11 2 5 12 8 19 29 18 9 -11 21 -13 -14 17 15 -17 -18 -19 -20 22 -22 28 -24 24 -26 -27 27 -29 -30 -31
leaf_value=-0.08282767481415608 0.52381858286785443 -0.37929545060310105 0.027137847727878434 0.00094774191151067552 -0.004725626648303987 0.12219012058758097 -0.00064355177152719989 0.0070302507457279265 -0.18212227686820803 0.0065274570239836384 -0.090809262927882842 0.37354232052219405 -0.0042852105856598403 0.0070452193253644421 0.0070312273678931805 0.0070557770786689386 0.0068570782108682785 -0.0034347106509198255 0.0046237977537990109 0.075472603692336687 0.045869731090046564 0.0527459240015501 0.19042045852452014 -0.044114926665573248 0.0070557770786689386 0.0070475918101978868 0.0072310186459025082 -0.038219857641778605 1.9205916395674281 0.0057542271853148466
leaf_weight=291629 19990 427 19712 2035 29324 133 1509 1005 1247 9093 6137 251 116 513 662 567 7378 89 187 6037 6329 28849 3705 1653 859 327 9890 32776 390 541
leaf_count=291629 19990 427 19712 2035 29324 133 1509 1005 1247 9093 6137 251 116 513 662 567 7378 89 187 6037 6329 28849 3705 1653 859 327 9890 32776 390 541
internal_value=-0.000973024 -0.00411383 0.0116243 0.0349966 -0.00567262 0.00783695 0.0165516 0.0391402 -0.00181578 0.00742647 -0.00286704 0.0708894 0.0664584 0.0266314 0.0202269 0.0371928 -0.00725112 0.0564518 0.0554899 0.0183615 0.00384593 0.00190502 0.0176374 -0.00513296 0.0036879 0.0207968 -0.00544076 -0.00412807 0.00306741 -0.00128781
internal_weight=483360 463119 41736 5820 421383 35916 3669 1619 122376 12498 109878 20241 2151 3405 2803 1556 299007 602 1192 9875 26041 35376 9742 74502 2512 989 71990 42666 29239 2050
internal_count=483360 463119 41736 5820 421383 35916 3669 1619 122376 12498 109878 20241 2151 3405 2803 1556 299007 602 1192 9875 26041 35376 9742 74502 2512 989 71990 42666 29239 2050
is_linear=0
shrinkage=0.08


Tree=11
num_leaves=31
num_cat=0
split_feature=7 23 0 0 8 39 7 5 29 0 0 39 7 13 5 19 39 15 13 5 39 31 21 21 19 31 5 0 0 13
split_gain=15180.4 1805.55 579.594 527.72 387.894 274.174 231.014 188.771 187.527 269.89 174.412 135.662 106.214 101.61 157.304 114.004 94.8493 77.3831 67.7891 63.9444 42.9419 39.9163 34.4533 33.7495 31.726 40.4225 30.5005 28.6287 38.1438 27.9014
threshold=14.122540416666672 4.3110083333333344 0.12923177083333334 0.12569173177083334 1.1324696953170106 41.255685312800303 0.83465888888888895 0.9919366666666668 4.9816166666666684 0.11779785156250001 0.19958496093750003 77.092385347280512 2.2074163888888889 4.9249583333333344 0.9919366666666668 4.9324250000000012 74.409962681051255 3.318716666666667 5.0082833333333339 1.0015377777777781 29.675120212366888 13.753283333333334 13.813800000000002 3.0816250000000003 5.0076583333333344 3.6494500000000003 1.0015377777777781 0.13387044270833334 0.15695612468103057 8.7993666666666677
decision_type=2 2 2 2 2 2 2 2 2 2 2 2 2 2 2 2 2 2 2 2 2 2 2 2 2 2 2 2 2 2
left_child=1 4 3 6 17 20 7 -3 10 13 24 22 -5 14 -10 26 -7 -1 -15 -9 -4 -18 -2 29 27 -26 -16 -6 -29 -12
right_child=11 2 5 12 8 16 -8 19 9 -11 23 -13 -14 18 15 -17 21 -19 -20 -21 -22 -23 -24 -25 25 -27 -28 28 -30 -31
leaf_value=-0.076201460829023585 0.27607833641857271 -0.34895181455485291 0.024993889984507835 0.0008719225585898016 -0.0043475765164397015 0.09430884211434766 -0.00053740301798860918 0.0064678306860697175 -0.16755249471875139 0.0060052604620649767 -0.011938123129412545 0.4993665569317855 -0.0039423937388070839 0.0064816017793352648 0.0064687291784617431 0.0064913149123754016 0.2295138962076933 0.0075157109127255142 -0.0031599337988462393 0.0042538939334951214 0.043180952953168976 0.094122208700313487 0.06399814569382585 0.065660614423190419 -0.040585732532327397 0.0064913149123754016 0.00648378446538203 0.0066525371542303013 -0.035162269030436309 1.4418600420840255
leaf_weight=291978 242 427 19713 2035 29324 7250 2050 1005 1247 9093 18506 17475 116 513 662 567 1239 7029 89 187 8029 1154 1054 16229 1653 859 327 9890 32777 641
leaf_count=291978 242 427 19713 2035 29324 7250 2050 1005 1247 9093 18506 17475 116 513 662 567 1239 7029 89 187 8029 1154 1054 16229 1653 859 327 9890 32777 641
internal_value=-0.00121285 -0.00406259 0.0115126 0.0349966 -0.00565952 0.00785663 0.0165516 0.0391402 -0.00186552 0.00742007 -0.00292169 0.0693193 0.0664584 0.0266314 0.0202269 0.0371928 0.0194769 -0.00721233 0.0564518 0.0554899 0.00381746 0.0332871 0.0443457 0.00170375 -0.00511797 0.00371974 0.0207968 -0.00542635 -0.00410378 -0.000571162
internal_weight=483360 464589 43205 5820 421384 37385 3669 1619 122377 12498 109879 18771 2151 3405 2803 1556 9643 299007 602 1192 27742 2393 1296 35376 74503 2512 989 71991 42667 19147
internal_count=483360 464589 43205 5820 421384 37385 3669 1619 122377 12498 109879 18771 2151 3405 2803 1556 9643 299007 602 1192 27742 2393 1296 35376 74503 2512 989 71991 42667 19147
is_linear=0
shrinkage=0.08


Tree=12
num_leaves=31
num_cat=0
split_feature=7 23 23 8 7 39 13 7 29 0 0 39 13 5 19 13 13 1 15 21 19 31 5 0 0 39 33 8 13 31
split_gain=13229.1 1549.07 500.592 378.562 264.7 228.876 224.711 263.491 190.444 271.701 166.577 145.106 101.61 157.304 114.004 76.5252 67.7891 45.457 37.6625 37.2109 31.8609 41.0323 30.5005 29.5528 36.7707 26.9232 25.8206 25.4575 23.2003 22.5077
threshold=14.379708472222225 4.3676583333333339 4.3961333333333341 1.0969836329134066 2.2074163888888889 79.263852312391947 4.9249583333333344 0.83465888888888895 4.9816166666666684 0.11779785156250001 0.19958496093750003 74.409962681051255 4.9249583333333344 0.9919366666666668 4.9324250000000012 3.3509416666666669 5.0082833333333339 6.5000000000000009 5.6488416666666676 3.0816250000000003 5.0076583333333344 3.6494500000000003 1.0015377777777781 0.13387044270833334 0.15695612468103057 29.675120212366888 4.3172916666666667 7.0131468856249501 21.597341666666669 14.779691666666666
decision_type=2 2 2 2 2 2 2 2 2 2 2 2 2 2 2 2 2 2 2 2 2 2 2 2 2 2 2 2 2 2
left_child=1 3 4 15 26 17 -4 -8 10 12 20 18 13 -10 22 -1 -14 -2 -9 25 23 -22 -15 -5 -25 28 -3 29 -12 -7
right_child=5 2 6 8 -6 27 7 11 9 -11 19 -13 16 14 -16 -17 -18 -19 -20 -21 21 -23 -24 24 -26 -27 -28 -29 -30 -31
leaf_value=-0.070105343962701711 0.024081680158564378 -0.0053348230016234052 0.0092321210825761502 -0.0037544090669995004 -0.0057240303360284817 0.15649711999322505 0.0059504042311841233 0.022191603448070151 -0.15414829514125128 0.0059557706985376791 -0.014987674450931188 0.086198714659430214 0.0059630736369884118 0.0059512308441848211 0.0059720097193853407 0.010404110708635053 -0.0029071390949385288 0.06266293534052321 0.075753601161112891 0.062288329614140721 -0.037409402253443802 0.0059720097193853407 0.0059650817081514877 0.004810515696693685 -0.031906630037298281 1.4658295690335894 0.00080216875390263457 0.66374007367396592 1.5517544347990231 0.52165981660575822
leaf_weight=288261 533 33 18620 31277 460 833 806 7155 1247 9352 19466 3844 513 662 567 6442 89 1243 10725 16850 1689 868 327 10099 34409 807 1325 51 250 14557
leaf_count=288261 533 33 18620 31277 460 833 806 7155 1247 9352 19466 3844 513 662 567 6442 89 1243 10725 16850 1689 868 327 10099 34409 807 1325 51 250 14557
internal_value=-0.00160493 -0.00414848 0.0103243 -0.00561801 0.0514059 0.0672605 0.00850935 0.0138837 -0.00199402 0.00728259 -0.00301672 0.0122173 0.0266314 0.0202269 0.0371928 -0.00719784 0.0564518 0.0400631 0.00918568 0.00137789 -0.00511317 0.00366992 0.0207968 -0.00540952 -0.0040852 -0.000909421 0.0691723 0.0703887 -0.00149564 0.0705757
internal_weight=483360 466143 42968 423175 1818 17217 41150 22530 128472 12757 115715 21724 3405 2803 1556 294703 602 1776 17880 37373 78342 2557 989 75785 44508 20523 1358 15441 19716 15390
internal_count=483360 466143 42968 423175 1818 17217 41150 22530 128472 12757 115715 21724 3405 2803 1556 294703 602 1776 17880 37373 78342 2557 989 75785 44508 20523 1358 15441 19716 15390
is_linear=0
shrinkage=0.08


Tree=13
num_leaves=31
num_cat=0
split_feature=7 23 0 0 8 39 7 39 29 0 5 0 7 13 5 19 21 13 5 2 39 21 7 19 31 5 0 0 13 13
split_gain=11712.9 1709.21 619.529 527.72 362.502 354.022 231.014 223.963 191.638 271.267 188.771 153.301 106.214 101.61 157.304 114.004 76.174 67.7891 63.9444 61.2481 44.7098 36.4624 35.8477 31.7862 40.1869 30.5005 30.1209 35.8709 26.4385 25.8019
threshold=14.623649722222225 4.3110083333333344 0.12923177083333334 0.12569173177083334 1.0969836329134066 80.895547895360025 0.83465888888888895 45.505405161638848 4.9816166666666684 0.11779785156250001 0.9919366666666668 0.19958496093750003 2.2074163888888889 4.9249583333333344 0.9919366666666668 4.9324250000000012 3.2551583333333336 5.0082833333333339 1.0015377777777781 1.0000000180025095e-35 78.370978688928076 5.3457000000000008 1.758235138888889 5.0076583333333344 3.6494500000000003 1.0015377777777781 0.13387044270833334 0.15695612468103057 5.0076583333333344 5.0082833333333339
decision_type=2 2 2 2 2 2 2 2 2 2 2 2 2 2 2 2 2 2 2 2 2 2 2 2 2 2 2 2 2 2
left_child=1 4 3 6 16 -2 10 21 11 13 -3 23 -5 14 -10 25 -1 -15 -12 -7 -9 -4 -13 26 -25 -16 -6 -28 -8 -30
right_child=5 2 7 12 8 19 28 20 9 -11 18 22 -14 17 15 -17 -18 -19 -20 -21 -22 -23 -24 24 -26 -27 27 -29 29 -31
leaf_value=-0.064510267886115247 0.12784137146919078 -0.32177423907707081 0.013933573366735369 0.00073799525359042662 -0.0036994176697645285 0.026416348248209261 -0.0012876450749720193 0.071557199341231045 -0.14181643152995119 0.005184605953903367 0.0054730367486464362 -0.092068601116541665 -0.0033266495143425348 0.0054860277460293365 0.0054751323766500095 0.0054942489418345272 0.007159997118172029 -0.0026745679673434355 0.0034375500803207615 0.48372433352339128 0.096957998458778311 0.051571071969129599 0.043574833011360642 -0.03445624427907619 0.0054942489418345272 0.0054878751714993968 0.0045348855108446372 -0.029354099634314429 0.0035641853406592362 -0.011331302635414956
leaf_weight=287379 1302 427 19062 2035 30545 147 1509 8490 1247 9179 1005 7301 116 513 662 567 7034 89 187 14180 2533 10440 29539 1683 864 327 10060 34397 326 215
leaf_count=287379 1302 427 19062 2035 30545 147 1509 8490 1247 9179 1005 7301 116 513 662 567 7034 89 187 14180 2533 10440 29539 1683 864 327 10060 34397 326 215
internal_value=-0.00171665 -0.00399308 0.0105893 0.0349966 -0.00559688 0.0664104 0.0165516 0.00708402 -0.00202393 0.00734647 0.0391402 -0.00305477 0.0664584 0.0266314 0.0202269 0.0371928 -0.00713781 0.0564518 0.0554899 0.0700401 0.0168136 0.00344871 0.00119435 -0.00507334 0.00371574 0.0207968 -0.00537181 -0.00404292 -0.00128781 0.0138854
internal_weight=483360 467731 46345 5820 421386 15629 3669 40525 126973 12584 1619 114389 2151 3405 2803 1556 294413 602 1192 14327 11023 29502 36840 77549 2547 989 75002 44457 2050 541
internal_count=483360 467731 46345 5820 421386 15629 3669 40525 126973 12584 1619 114389 2151 3405 2803 1556 294413 602 1192 14327 11023 29502 36840 77549 2547 989 75002 44457 2050 541
is_linear=0
shrinkage=0.08


Tree=14
num_leaves=31
num_cat=0
split_feature=7 23 0 0 39 8 7 29 0 5 0 39 7 13 5 19 13 13 5 19 39 21 19 31 0 0 5 13 13 8
split_gain=10128.6 1470.63 687.765 527.72 498.515 351.856 231.014 193.767 271.782 188.771 148.6 111.843 106.214 101.61 157.304 114.004 73.3173 67.7891 63.9444 43.1066 37.7203 35.3917 32.192 39.5821 31.6284 34.8457 30.5005 26.4385 25.8019 24.6443
threshold=15.362545833333334 4.3110083333333344 0.12923177083333334 0.12569173177083334 84.588697593174388 1.0729504913699961 0.83465888888888895 4.9816166666666684 0.11779785156250001 0.9919366666666668 0.19958496093750003 35.654268706146603 2.2074163888888889 4.9249583333333344 0.9919366666666668 4.9324250000000012 3.2551583333333336 5.0082833333333339 1.0015377777777781 15.519550000000001 82.971627057315814 3.0816250000000003 5.0076583333333344 3.6494500000000003 0.13387044270833334 0.15695612468103057 1.0015377777777781 5.0076583333333344 5.0082833333333339 0.53469728633126123
decision_type=2 2 2 2 2 2 2 2 2 2 2 2 2 2 2 2 2 2 2 2 2 2 2 2 2 2 2 2 2 2
left_child=1 5 3 6 19 16 9 10 13 -3 22 -4 -5 14 -9 26 29 -15 -11 -2 -13 -12 24 -24 -7 -26 -16 -8 -29 -1
right_child=4 2 11 12 -6 7 27 8 -10 18 21 20 -14 17 15 -17 -18 -19 -20 -21 -22 -23 23 -25 25 -27 -28 28 -30 -31
leaf_value=-0.1295577833138101 0.015487736328824725 -0.29603229995090519 0.024763227397930573 0.00067895563330317549 0.45262114392159819 -0.0034034642561833551 -0.0011846334689742833 -0.13047111700755509 0.0047698370760876022 0.0050351938087547414 -0.013462055197540651 0.047876099246072217 -0.0030605175531951546 0.0050471455263470235 0.005037121786518029 0.0050547090264877427 0.0070352766206930638 -0.0024606025299559776 0.0031625460738951006 0.19643480127150648 0.24518868672504895 0.052896644453516051 -0.031739960524330174 0.0050547090264877427 0.0040908814215913835 -0.026886090877436503 0.0050488451577794533 0.003279050513406503 -0.01042479842458178 -0.058698773542628369
leaf_weight=215842 952 427 24307 2035 12443 32107 1509 1247 9219 1005 20597 16780 116 513 662 567 6820 89 187 576 1093 16682 1698 866 10166 35231 327 326 215 68756
leaf_count=215842 952 427 24307 2035 12443 32107 1509 1247 9219 1005 20597 16780 116 513 662 567 6820 89 187 576 1093 16682 1698 866 10166 35231 327 326 215 68756
internal_value=-0.00205313 -0.00405104 0.00921666 0.0349966 0.0650714 -0.00556235 0.0165516 -0.00210084 0.00731685 0.0391402 -0.00311398 0.00565955 0.0664584 0.0266314 0.0202269 0.0371928 -0.00710617 0.0564518 0.0554899 0.0219476 0.0104636 0.00105818 -0.0050565 0.00376287 -0.00534827 -0.00398916 0.0207968 -0.00128781 0.0138854 -0.0073026
internal_weight=483360 469389 48000 5820 13971 421389 3669 129971 12624 1619 117347 42180 2151 3405 2803 1556 291418 602 1192 1528 17873 37279 80068 2564 77504 45397 989 2050 541 284598
internal_count=483360 469389 48000 5820 13971 421389 3669 129971 12624 1619 117347 42180 2151 3405 2803 1556 291418 602 1192 1528 17873 37279 80068 2564 77504 45397 989 2050 541 284598
is_linear=0
shrinkage=0.08


Tree=15
num_leaves=31
num_cat=0
split_feature=39 23 0 0 7 29 0 0 7 5 8 7 13 6 19 21 13 5 5 19 31 0 23 4 4 0 21 5 0 39
split_gain=9394.18 1302.24 741.344 527.72 481.354 335.379 275.423 255.624 231.014 188.771 120.341 106.214 101.925 157.887 114.004 68.5277 67.7891 67.3245 63.9444 32.0035 38.099 31.9419 36.8369 38.1476 97.1777 69.034 31.516 30.5005 30.069 27.9401
threshold=87.096866353668432 4.3110083333333344 0.12923177083333334 0.12569173177083334 15.362545833333334 4.9816166666666684 0.11779785156250001 0.29463704427083337 0.83465888888888895 0.9919366666666668 0.57744770790550348 2.2074163888888889 4.9249583333333344 2.0548554561780024 4.9324250000000012 5.3457000000000008 5.0082833333333339 2.3248033333333336 1.0015377777777781 5.0076583333333344 5.0074250000000013 0.13387044270833334 1.8604416666666668 50.500000000000007 51.500000000000007 0.16293756999353057 1.860241666666667 1.0015377777777781 0.15695612468103057 21.07590757345163
decision_type=2 2 2 2 2 2 2 2 2 2 2 2 2 2 2 2 2 2 2 2 2 2 2 2 2 2 2 2 2 2
left_child=1 5 3 8 -2 7 12 10 9 -3 -1 -5 13 -7 27 -4 -14 19 -11 21 -21 -12 26 -24 25 28 -23 -15 -25 -19
right_child=4 2 15 11 -6 6 -8 -9 -10 18 17 -13 16 14 -16 -17 -18 29 -20 20 -22 22 23 24 -26 -27 -28 -29 -30 -31
leaf_value=-0.11210060416267437 0.85767942977007505 -0.27234971595483276 0.012335637245229264 0.00062463918263894419 0.42020875465396401 -0.12003342764695067 0.0039528014515369881 0.037166411269846086 -0.0010351981796399201 0.0046323783040543281 -0.0047978283510402521 -0.0028156761489395166 0.0046433738842392817 0.0046341520435965577 0.0046503323043687317 0.042965833775656055 -0.0022637543275595105 -0.015171594534364159 0.0029095423879834928 -0.027284149170083073 0.0046503323043687317 -0.11248524181893378 -0.015257544763247423 -0.047140619732289848 -0.021710954207678507 -0.027317487595248324 0.0070199129325570911 0.0046449375451570775 0.44235575174554165 0.029773125502647133
leaf_weight=223993 1249 427 19461 2035 11553 1252 9893 22230 2050 1005 63018 116 513 662 567 24405 89 16502 187 1568 746 59495 7472 44 902 155 5438 327 298 5708
leaf_count=223993 1249 427 19461 2035 11553 1252 9893 22230 2050 1005 63018 116 513 662 567 24405 89 16502 187 1568 746 59495 7472 44 902 155 5438 327 298 5708
internal_value=-0.00224032 -0.00407989 0.00816874 0.0349966 0.065376 -0.0055259 0.00697406 -0.0059339 0.0165516 0.0391402 -0.00641511 0.0664584 0.0265806 0.0201766 0.0371928 0.00460931 0.0564518 -0.00474935 0.0554899 -0.00540226 0.0039274 -0.00556004 -0.00443055 0.000404913 0.0125289 0.0409336 -0.00509116 0.0207968 0.0610058 -0.000659164
internal_weight=483360 470558 49686 5820 12802 420872 13303 407569 3669 1619 385339 2151 3410 2808 1556 43866 602 161346 1192 139136 2314 136822 73804 8871 1399 497 64933 989 342 22210
internal_count=483360 470558 49686 5820 12802 420872 13303 407569 3669 1619 385339 2151 3410 2808 1556 43866 602 161346 1192 139136 2314 136822 73804 8871 1399 497 64933 989 342 22210
is_linear=0
shrinkage=0.08


Tree=16
num_leaves=31
num_cat=0
split_feature=7 23 6 33 33 29 7 0 13 7 7 8 5 13 6 19 13 39 13 7 7 8 19 31 0 23 29 6 4 0
split_gain=8619 1361.33 921.114 584.794 607.494 367.616 271.642 233.787 224.962 338.589 160.291 159.916 134.616 102.146 157.77 114.004 95.9972 94.4552 67.8238 64.9821 54.0992 33.5762 31.7016 39.118 35.5696 31.8015 36.9836 51.3344 35.0735 31.3691
threshold=16.545797083333337 3.0400750000000003 0.0089821603068405646 4.3172916666666667 4.5858166666666671 4.9816166666666684 2.2074163888888889 0.11779785156250001 4.9249583333333344 0.83465888888888895 0.83460972222222229 0.61325631709643103 2.0514405555555562 2.6865333333333337 2.0548554561780024 4.9324250000000012 16.220508333333338 89.430314558000148 5.0082833333333339 3.0757033333333337 15.362545833333334 0.66383515989066522 5.0076583333333344 5.0074250000000013 0.13387044270833334 1.8604416666666668 0.3483500000000001 0.75868839406067556 50.500000000000007 0.16293756999353057
decision_type=2 2 2 2 2 2 2 2 2 2 2 2 2 2 2 2 2 2 2 2 2 2 2 2 2 2 2 2 2 2
left_child=1 5 21 8 6 11 -5 13 19 -10 -6 -1 22 14 -7 -16 -2 29 -15 -4 -19 -3 24 -24 -13 -26 27 28 -27 -11
right_child=16 2 3 4 10 7 -8 -9 9 17 -12 12 -14 18 15 -17 -18 20 -20 -21 -22 -23 23 -25 25 26 -28 -29 -30 -31
leaf_value=-0.11476077112361117 0.3163369052755573 0.0013922539313204396 -0.0020820013505351656 0.00057466804802785987 0.0040012363734653889 -0.11043075343519462 -0.0011620791555418998 0.00053054088232627804 0.0042631231837729194 0.054040354359382245 0.0060786454767932695 -0.053891052379660284 0.012877586359408118 0.0042719039735001733 0.0042634198801088279 0.0042783057200192331 0.39038935652774059 0.45663286555127669 -0.0020826539813547386 0.024714954960728567 0.11164435087876683 -0.015626365223599805 -0.029975179047458944 0.0042783057200192331 -0.063548559547412772 0.1834856193877695 -0.035097110676937236 0.030756004672123163 0.38503843109955599 0.016873414495320128
leaf_weight=226680 316 1364 28322 2030 282 1251 415 5616 817 11691 3045 52648 25586 514 989 567 10536 486 89 23742 397 35 1319 714 59697 440 2467 1184 180 19941
leaf_count=226680 316 1364 28322 2030 282 1251 415 5616 817 11691 3045 52648 25586 514 989 567 10536 486 89 23742 397 35 1319 714 59697 440 2467 1184 180 19941
internal_value=-0.00213257 -0.00375152 0.00494802 0.00395946 0.0286043 -0.00587104 0.0588793 0.0100811 0.00229369 0.00742542 0.00635527 -0.00625923 -0.0041768 0.0266041 0.0201867 0.0371928 0.0683583 0.00614731 0.0564776 -0.000991704 0.0319547 0.0693695 -0.00531174 0.00459223 -0.0054844 -0.00421686 0.00245188 0.0111574 0.0298064 0.00542691
internal_weight=483360 472508 92567 91168 5772 379941 2445 9026 85396 33332 3327 370915 144235 3410 2807 1556 10852 32515 603 52064 883 1399 118649 2033 116616 63968 4271 1804 620 31632
internal_count=483360 472508 92567 91168 5772 379941 2445 9026 85396 33332 3327 370915 144235 3410 2807 1556 10852 32515 603 52064 883 1399 118649 2033 116616 63968 4271 1804 620 31632
is_linear=0
shrinkage=0.08


Tree=17
num_leaves=31
num_cat=0
split_feature=39 23 6 33 33 21 29 7 0 8 7 13 7 5 13 6 19 31 13 7 33 8 39 39 8 33 0 19 39 21
split_gain=5670.38 1270.97 930.605 609.04 601.821 510.788 363.97 266.025 234.095 166.231 163.938 151.78 356.043 112.931 102.146 157.77 114.004 99.3423 67.8238 56.398 132.312 39.2603 37.1206 35.3565 33.5762 33.4974 32.8588 52.2968 32.6849 31.4556
threshold=90.26471779172185 3.0400750000000003 0.0089821603068405646 4.3172916666666667 4.5858166666666671 16.657141666666671 4.9816166666666684 2.2074163888888889 0.11779785156250001 0.61325631709643103 0.83460972222222229 4.9249583333333344 0.83465888888888895 2.0514405555555562 2.6865333333333337 2.0548554561780024 4.9324250000000012 16.64671666666667 5.0082833333333339 2.1450669444444448 4.285608333333335 5.4413063418656735 33.883782758990002 29.675120212366888 0.66383515989066522 -1.2472583333333331 0.13387044270833334 5.0076583333333344 92.434667108036663 1.860241666666667
decision_type=2 2 2 2 2 2 2 2 2 2 2 2 2 2 2 2 2 2 2 2 2 2 2 2 2 2 2 2 2 2
left_child=1 6 24 11 7 -2 9 -5 14 -1 -6 19 -13 26 15 -8 -17 -7 -16 -4 -21 28 -22 -14 -3 -25 27 -11 -19 -28
right_child=5 2 3 4 10 17 8 -9 -10 13 -12 12 23 -15 18 16 -18 21 -20 20 22 -23 -24 25 -26 -27 29 -29 -30 -31
leaf_value=-0.10557990943372229 0.22355067405271181 0.0012808736168148016 -0.0019154412424923352 0.00052869460418563112 0.003681137463588158 0.16206581737187631 -0.10159629316037905 0.00096093181308388369 2.4630508468344919e-05 -0.049579768189287457 0.0028655290708244508 0.0039220733290710541 0.013191188690490394 0.0096829485172421331 0.0039301516556201933 0.003922346289700087 0.0039360412624176886 0.035174290769193137 -0.0019160416628463395 0.0071328327676297935 -0.0015527779734493662 0.47812429978184617 0.0001098959767459462 0.14996242366798371 -0.01437625600571181 0.022454259030911885 -0.080805553966251428 0.003933370974331751 0.37434756957778692 0.011484508819963166
leaf_weight=226680 1887 1364 15712 2030 282 571 1251 409 5599 52647 2806 817 8937 25202 514 989 567 2042 89 36089 55 81 229 2037 35 22511 58300 981 5933 6714
leaf_count=226680 1887 1364 15712 2030 282 571 1251 409 5599 52647 2806 817 8937 25202 514 989 567 2042 89 36089 55 81 229 2037 35 22511 58300 981 5933 6714
internal_value=-0.00245962 -0.00375168 0.00461303 0.00362739 0.0293729 0.0556485 -0.00580826 0.0590767 0.0100797 -0.00619456 0.00591192 0.0019802 0.00611229 -0.00406741 0.0266041 0.0201867 0.0371928 0.0638952 0.0564776 -0.000741098 0.000989083 0.0661807 0.0553803 0.00483918 0.0693695 0.00640769 -0.00510052 -0.00656642 0.0667436 -0.00389135
internal_weight=483360 472846 93313 91914 5527 10514 379533 2439 9009 370524 3088 86387 34302 143844 3410 2807 1556 8627 603 52085 36373 8056 284 33485 1399 24548 118642 53628 7975 65014
internal_count=483360 472846 93313 91914 5527 10514 379533 2439 9009 370524 3088 86387 34302 143844 3410 2807 1556 8627 603 52085 36373 8056 284 33485 1399 24548 118642 53628 7975 65014
is_linear=0
shrinkage=0.08


Tree=18
num_leaves=31
num_cat=0
split_feature=5 23 6 29 39 5 19 7 0 8 21 7 33 7 7 33 13 6 19 31 0 6 13 8 0 39 19 8 13 6
split_gain=4055.55 1733.08 2845.93 360.079 336.471 326.638 415.514 277.547 232.053 182.12 175.448 141.035 156.263 114.962 102.743 343.107 102.146 157.77 114.004 73.4748 72.6406 68.6182 67.8238 61.709 37.5899 35.9062 34.3193 34.1751 33.2254 33.0537
threshold=16.901692777777782 2.9796750000000007 0.0089821603068405646 4.9816166666666684 33.883782758990002 2.370544444444445 4.3774166666666678 17.377602083333336 0.11779785156250001 0.60598259242003716 16.657141666666671 0.83460972222222229 4.3172916666666667 2.2074163888888889 0.83465888888888895 -4.9576416666666656 2.6865333333333337 2.0548554561780024 4.9324250000000012 16.64671666666667 0.12923177083333334 1.558941921452073 5.0082833333333339 2.219525231182597 0.10009765625000001 93.442536837069966 0.60267500000000018 0.66383515989066522 1.1749666666666669 0.5833055185667817
decision_type=2 2 2 2 2 2 2 2 2 2 2 2 2 2 2 2 2 2 2 2 2 2 2 2 2 2 2 2 2 2
left_child=1 3 27 9 14 6 11 21 16 -1 29 -6 28 24 15 -4 17 -5 -19 -12 -16 -2 -18 -8 -11 -9 -26 -3 -13 -7
right_child=7 2 4 8 5 10 23 25 -10 13 19 12 -14 -15 20 -17 22 18 -20 -21 -22 -23 -24 -25 26 -27 -28 -29 -30 -31
leaf_value=-0.10728295707807611 0.034282421418287592 0.0018168258807899208 0.0036083074627453727 -0.093468589707548719 0.0033866464665010909 0.006019942240592116 0.00048639903585076641 0.24590928238895374 0.00077323666376665162 -0.045341379745619081 0.049635228464059669 0.00010110429860624493 -1.4542817090301697e-05 0.011463726278639711 -0.0017622059430929227 -0.023672314102611326 0.0036157395231705891 0.0036085585865240689 0.0036211579614242595 0.035294917820157819 0.0068696521712815692 0.27188790663033158 -0.0017627583298186523 -0.042758781287250046 -0.1324010548060966 0.35579167074984525 -0.019384688483308387 -0.013226155525254874 0.067760603330216135 0.064075787261640579
leaf_weight=222358 2761 4155 798 1251 291 12587 1334 289 5519 20444 801 243 1718 24457 9437 2036 514 989 567 1356 52768 427 89 67 61033 4195 38832 35 56 11953
leaf_count=222358 2761 4155 798 1251 291 12587 1334 289 5519 20444 801 243 1718 24457 9437 2036 514 989 567 1356 52768 427 89 67 61033 4195 38832 35 56 11953
internal_value=-0.00226035 -0.00319097 0.00619019 -0.0056765 0.00335732 0.0103043 0.03255 0.0554411 0.0101969 -0.00606256 0.00721369 0.011688 0.0041765 -0.00385428 0.000109594 0.0150063 0.0266041 0.0201867 0.0371928 0.0290885 -0.000569088 0.0373952 0.0564776 0.0669179 -0.00487073 0.0682712 -0.00423091 0.0707208 0.0575518 0.00529095
internal_weight=483360 475688 99635 376053 95445 30406 3709 7672 8929 367124 26697 2308 2017 144766 65039 2834 3410 2807 1556 2157 62205 3188 603 1401 120309 4484 99865 4190 299 24540
internal_count=483360 475688 99635 376053 95445 30406 3709 7672 8929 367124 26697 2308 2017 144766 65039 2834 3410 2807 1556 2157 62205 3188 603 1401 120309 4484 99865 4190 299 24540
is_linear=0
shrinkage=0.08


Tree=19
num_leaves=31
num_cat=0
split_feature=5 19 6 8 39 33 15 7 33 7 25 21 7 19 8 31 0 29 8 33 5 0 6 0 6 23 7 5 7 7
split_gain=3534.45 1907.66 3722.19 369.346 312.872 270.483 394.751 291.757 229.014 284.04 220.956 172.699 126.988 95.5316 76.9752 72.3374 58.7822 84.2094 55.3707 47.0081 45.8654 45.6133 69.9765 239.57 43.8164 41.4738 58.1892 125.811 41.381 35.4347
threshold=16.901692777777782 2.9751166666666671 0.0089821603068405646 1.2303288343366949 96.734289031561545 4.285608333333335 4.3673583333333346 2.2074163888888889 -4.9576416666666656 0.83465888888888895 0.0016416666666666669 16.657141666666671 17.377602083333336 4.8085583333333348 0.53469728633126123 16.64671666666667 0.13387044270833334 4.9816166666666684 0.41564668351717388 4.0946916666666677 1.859126111111111 0.15695612468103057 2.0548554561780024 0.12569173177083334 0.7275156149848917 4.1626333333333347 0.83460972222222229 0.9919366666666668 0.83460972222222229 1.1309478174603178
decision_type=2 2 2 2 2 2 2 2 2 2 2 2 2 2 2 2 2 2 2 2 2 2 2 2 2 2 2 2 2 2
left_child=1 3 14 18 24 11 -7 -8 9 10 -5 13 -6 19 -3 -13 17 25 -1 -4 -20 22 -15 -24 -2 -10 27 -27 -19 -18
right_child=4 2 5 8 12 6 7 -9 16 -11 -12 15 -14 21 -16 -17 29 28 20 -21 -22 -23 23 -25 -26 26 -28 -29 -30 -31
leaf_value=-0.11342287794603038 0.033019102470717029 0.0055768077229149072 -0.00061282130668877978 0.0033196428657257114 0.18532128901058198 9.3015954717756705e-05 0.00044748711298268516 0.079455338896997296 -0.32605893100803168 0.0033438372338755328 -0.11919126642635282 0.054721477908718522 0.32732971038087327 0.032762588359003392 -0.012168063083234487 0.03091401238282657 -0.086047850332550496 0.0033025551740161773 -0.042066070556155105 -0.0016212294676454775 -0.0041412707130970006 0.010860969858024754 0.0033314653245103188 0.10843956447807759 0.16822092249276036 -0.24834815814279498 -0.0017187853344140791 0.0031157147491810379 0.0033212090436450835 0.0055951354202257997
leaf_weight=186678 2810 5493 39754 1196 309 3322 1364 677 19582 3905 550 1033 3962 13400 79 1362 17833 585 93200 5735 11242 26633 568 1711 591 333 1280 276 671 37226
leaf_count=186678 2810 5493 39754 1196 309 3322 1364 677 19582 3905 550 1033 3962 13400 79 1362 17833 585 93200 5735 11242 26633 568 1711 591 333 1280 276 671 37226
internal_value=-0.00203377 -0.00290254 0.00684728 -0.00553501 0.0518332 0.00314118 0.0205959 0.0482861 -0.000842506 0.0147075 0.0415304 0.00210333 0.0662496 0.00152517 0.0704063 0.0232985 -0.00197218 -0.00539517 -0.00687991 -0.00101985 -0.00540488 0.0042613 0.00768467 0.0206441 0.0337289 -0.00657296 0.00474748 0.0251034 0.0147389 -0.000559257
internal_weight=483360 475688 101131 374557 7672 95559 5363 2041 83437 5651 1746 90196 4271 87801 5572 2395 77786 22727 291120 45489 104442 42312 15679 2279 3401 21471 1889 609 1256 55059
internal_count=483360 475688 101131 374557 7672 95559 5363 2041 83437 5651 1746 90196 4271 87801 5572 2395 77786 22727 291120 45489 104442 42312 15679 2279 3401 21471 1889 609 1256 55059
is_linear=0
shrinkage=0.08


Tree=20
num_leaves=31
num_cat=0
split_feature=39 6 21 8 31 5 5 19 33 7 25 39 5 19 19 8 21 0 29 7 23 8 0 5 8 21 7 31 39 21
split_gain=5700.18 7515.89 2394.08 536.279 402.2 300.988 458.386 354.853 163.919 301.123 251.664 127.111 87.0782 85.1297 84.8125 81.8395 73.4835 65.8771 93.2588 63.0927 149.929 62.8158 59.5969 299.273 45.7713 42.4117 42.3661 41.4849 49.6298 41.505
threshold=21.07590757345163 0.1068385896328843 16.797116666666671 1.0859725813825156 17.42014166666667 2.290570555555556 2.370544444444445 4.3774166666666678 -4.9576416666666656 0.83465888888888895 0.0016416666666666669 93.442536837069966 2.3248033333333336 4.2901416666666679 3.6531666666666669 0.65440673118064019 1.860241666666667 0.13387044270833334 4.9816166666666684 0.83460972222222229 4.9306333333333336 2.219525231182597 0.11779785156250001 0.9919366666666668 0.14952596296438883 16.657141666666671 0.83460972222222229 16.786275000000003 92.434667108036663 17.103825000000004
decision_type=2 2 2 2 2 2 2 2 2 2 2 2 2 2 2 2 2 2 2 2 2 2 2 2 2 2 2 2 2 2
left_child=3 15 5 16 27 19 7 12 9 10 -5 -6 13 -7 17 -2 -1 18 -10 20 -3 -9 23 -16 -8 -26 -20 -4 -29 -30
right_child=1 2 4 8 11 6 24 21 14 -11 -12 -13 -14 -15 22 -17 -18 -19 26 -21 -22 -23 -24 -25 25 -27 -28 28 29 -31
leaf_value=-0.11844368477711643 0.008287970874857109 -0.010624857199362623 0.07730520673488038 0.0030540714364676804 0.26138996533554526 -0.0012950205365034151 0.008287970874857109 0.00041168814394410447 -0.23033479377219737 0.0030763302551655158 -0.24238353411791569 0.30114196025938783 -2.0820668100540728e-05 8.5574678340307744e-05 0.0025284802926577045 -0.011194618036575718 -0.0019880415457971877 -0.010641733401783661 0.0030383507600949145 -0.0019115292791791205 0.0028664575692465633 -0.045694505896029795 0.022641781920871153 0.0030649480985494651 0.02091874365292953 0.019532962925403581 0.0030555123201534687 0.031322811508501379 0.010834337168803075 0.033889926240376907
leaf_weight=245241 13990 1290 1250 1201 325 194 121 1344 19742 5616 646 4274 938 247 2836 83 19677 74462 578 22914 282 76 22224 568 38815 1133 665 1211 625 792
leaf_count=245241 13990 1290 1250 1201 325 194 121 1344 19742 5616 646 4274 938 247 2836 83 19677 74462 578 22914 282 76 22224 568 38815 1133 665 1211 625 792
internal_value=-0.000663524 0.0175108 0.00754615 -0.00481632 0.047614 0.00250331 0.00654511 0.0378449 -0.000576205 0.0109307 0.0389518 0.0636156 0.00893981 0.0382585 -0.00128549 0.0712041 -0.00687362 -0.00238264 -0.00634167 -0.00457274 0.0109313 0.0659155 0.00280068 0.012658 0.00435868 0.00420987 0.0149123 0.0286374 0.034344 0.0241807
internal_weight=483360 89904 75831 393456 8477 67354 42868 2799 128538 7463 1847 4599 1379 441 121075 14073 264918 95447 20985 24486 1572 1420 25628 3404 40069 39948 1243 3878 2628 1417
internal_count=483360 89904 75831 393456 8477 67354 42868 2799 128538 7463 1847 4599 1379 441 121075 14073 264918 95447 20985 24486 1572 1420 25628 3404 40069 39948 1243 3878 2628 1417
is_linear=0
shrinkage=0.08


Tree=21
num_leaves=31
num_cat=0
split_feature=39 6 7 23 2 8 21 6 0 2 33 7 25 0 7 8 7 19 39 0 29 23 0 5 31 8 7 0 31 21
split_gain=4023.23 4475.69 1850.08 1331.78 910.755 529.433 402.551 315.372 390.558 409.856 163.089 299.685 253.347 133.024 154.504 82.4379 81.3784 79.8242 71.9977 68.3919 92.7598 63.4684 60.7797 299.273 58.1434 42.7163 42.3661 37.2672 34.6406 33.5235
threshold=21.07590757345163 0.10370988738177682 18.711218750000004 2.9796750000000007 1.0000000180025095e-35 1.0729504913699961 16.657141666666671 2.2154580014072711 0.13387044270833334 1.0000000180025095e-35 -4.9576416666666656 0.83465888888888895 0.0016416666666666669 0.12923177083333334 0.83460972222222229 2.219525231182597 1.6421459722222222 3.6531666666666669 100.34089856947392 0.13387044270833334 4.9816166666666684 4.2856250000000014 0.11779785156250001 0.9919366666666668 16.786275000000003 0.65440673118064019 0.83460972222222229 0.13387044270833334 5.0081250000000006 1.1093666666666668
decision_type=2 2 2 2 2 2 2 2 2 2 2 2 2 2 2 2 2 2 2 2 2 2 2 2 2 2 2 2 2 2
left_child=5 3 6 25 -5 16 7 13 9 -9 11 12 -7 14 21 -11 -1 19 -4 20 -12 -3 23 28 -8 -2 -22 -15 -19 -21
right_child=1 2 18 4 -6 10 24 8 -10 15 17 -13 -14 27 -16 -17 -18 22 -20 29 26 -23 -24 -25 -26 -27 -28 -29 -30 -31
leaf_value=-0.11087354720613274 0.0076249332048685401 -0.0020539408871484643 0.26237312627671616 0.00056229752250498428 -7.6124630815321845e-05 0.0028097457215502429 0.02547860666800935 -1.9155014652483259e-05 0.12723986249640679 0.00037875309242856758 -0.21005352198959559 0.0028302238347522744 -0.22672510597668349 0.0066342563249857283 -0.001758606936844771 -0.042038945424347392 -0.0018289982221334001 -0.088814388023077714 0.28844266276480879 -0.024940241388061727 0.0027952826992873269 0.0026371409637068409 0.020645378649375653 0.0028197522506655305 0.031041387130043178 -0.038504628845676479 0.0028110713345412108 0.013810456552483523 0.0023982233536200682 0.0069887537313262403
leaf_weight=242908 9808 147 171 1373 2846 1201 1859 715 5887 1612 20205 5616 651 313 22036 94 20815 2462 2849 39134 578 279 22314 568 4807 43 665 35065 374 35965
leaf_count=242908 9808 147 171 1373 2846 1201 1859 715 5887 1612 20205 5616 651 313 22036 94 20815 2462 2849 39134 578 279 22314 568 4807 43 665 35065 374 35965
internal_value=-0.00125406 0.0140146 0.00632603 0.0554542 0.017845 -0.00474292 0.00378125 0.00189297 0.016468 0.0435159 -0.000558873 0.010918 0.0388251 -0.000200555 -0.00501541 0.0648253 -0.00680117 -0.00125989 0.0676821 -0.0023149 -0.00629914 0.0427042 0.00270067 0.012658 0.022519 0.0715615 0.0149123 0.00285646 0.00204231 -0.00117701
internal_weight=483360 89904 75834 14070 4219 393456 72814 66148 8308 2421 129733 7468 1852 57840 22462 1706 263723 122265 3020 96547 21448 426 25718 3404 6666 9851 1243 35378 2836 75099
internal_count=483360 89904 75834 14070 4219 393456 72814 66148 8308 2421 129733 7468 1852 57840 22462 1706 263723 122265 3020 96547 21448 426 25718 3404 6666 9851 1243 35378 2836 75099
is_linear=0
shrinkage=0.08


Tree=22
num_leaves=31
num_cat=0
split_feature=5 6 7 5 5 2 29 39 33 0 2 8 33 23 7 6 6 19 5 39 8 0 13 5 5 19 8 31 7 21
split_gain=3836.39 4118.03 1846.6 884.366 1287.64 904.897 410.171 273.518 268.24 393.231 423.308 187.146 154.097 136.249 231.161 237.795 109.729 155.765 104.339 98.0358 82.7158 80.8684 76.4208 60.2987 56.6261 49.5925 43.7122 43.4012 43.1496 40.4543
threshold=2.290570555555556 0.0089821603068405646 18.711218750000004 2.9796766666666672 2.7784577777777781 3.5000000000000004 4.9816166666666684 91.027844866922479 4.285608333333335 0.13387044270833334 1.0000000180025095e-35 0.61325631709643103 -4.9576416666666656 4.9306333333333336 0.83465888888888895 2.0548554561780024 2.0548554561780024 4.9324250000000012 1.0015377777777781 100.34089856947392 2.219525231182597 0.13387044270833334 5.0082833333333339 1.0015377777777781 1.3194088888888891 5.0076583333333344 0.53469728633126123 0.22123333333333337 1.1851958333333334 5.253375000000001
decision_type=2 2 2 2 2 2 2 2 2 2 2 2 2 2 2 2 2 2 2 2 2 2 2 2 2 2 2 2 2 2
left_child=6 3 7 4 -2 -5 11 8 29 10 -10 -1 22 21 15 -15 -14 23 -17 -4 -12 25 -8 -18 -19 -13 -6 -23 -29 -3
right_child=1 2 19 5 26 -7 12 -9 9 -11 20 13 16 14 -16 18 17 24 -20 -21 -22 27 -24 -25 -26 -27 -28 28 -30 -31
leaf_value=-0.10200366342964212 -0.0016826783643627153 0.0034243924821104246 0.28476432994154754 0.00051731372070459966 0.007014938548479073 -7.0034660350088983e-05 0.0025864629832455677 0.034998048083467952 -1.762261348027039e-05 0.064892038971029256 0.00034845284503425944 -0.003324613938537837 -0.081709236981231503 -0.19324924023042797 -0.0013076606240509392 0.0025849660638262153 0.0025861856277779082 0.0025941720706122596 0.00099862187699812917 0.26536724974362413 -0.038675829790399588 -0.00080200247710290537 -0.0023617689693365661 -0.034173794806400426 -0.01544754879471907 0.0022063654853304369 -0.035424258538022356 -0.12270228527830793 -0.0010783910847861381 0.024251372155279914
leaf_weight=211433 1525 63878 184 1365 9738 2825 513 6463 716 3762 1583 61564 1891 715 2818 1020 686 566 289 2849 91 32758 115 1053 87 986 44 26014 12720 33109
leaf_count=211433 1525 63878 184 1365 9738 2825 513 6463 716 3762 1583 61564 1891 715 2818 1020 686 566 289 2849 91 32758 115 1053 87 986 44 26014 12720 33109
internal_value=-0.0012668 0.0106002 0.00528042 0.0492653 0.0608989 0.0178711 -0.00554727 0.00357643 0.00257602 0.018775 0.0441506 -0.00586913 0.0174123 -0.00358769 0.00959603 0.0302213 0.011986 0.0233712 0.0504874 0.0668566 0.0661697 -0.00406392 0.0544204 0.0108614 0.0566861 -0.00616467 0.0715584 -0.00222593 -0.00403862 0.00154849
internal_weight=483360 128132 112635 15497 11307 4190 355228 109602 103139 6152 2390 350317 4911 138884 4842 2024 4283 2392 1309 3033 1674 134042 628 1739 653 62550 9782 71492 38734 96987
internal_count=483360 128132 112635 15497 11307 4190 355228 109602 103139 6152 2390 350317 4911 138884 4842 2024 4283 2392 1309 3033 1674 134042 628 1739 653 62550 9782 71492 38734 96987
is_linear=0
shrinkage=0.08


Tree=23
num_leaves=31
num_cat=0
split_feature=5 6 7 5 5 2 29 33 0 2 39 8 23 7 6 0 39 5 8 17 6 13 5 0 19 8 19 8 31 7
split_gain=3660.33 4186.85 1841.35 884.657 1287.91 904.897 384.634 245.278 394.531 422.007 207.973 186.216 137.745 230.838 237.795 136.186 107.232 104.339 85.2898 73.4986 81.3219 146.209 94.7111 64.1302 58.4975 52.2342 48.4814 42.7231 42.5578 43.6442
threshold=2.290570555555556 0.0089821603068405646 18.711218750000004 2.9796766666666672 2.7784577777777781 3.5000000000000004 4.9816166666666684 4.285608333333335 0.13387044270833334 1.0000000180025095e-35 91.027844866922479 0.54294122793065391 4.9306333333333336 0.83465888888888895 2.0548554561780024 0.11779785156250001 100.34089856947392 1.0015377777777781 2.219525231182597 5.0076583333333344 2.0548554561780024 4.9249583333333344 0.66776666666666695 0.13387044270833334 4.9324250000000012 0.88242445547449366 5.0076583333333344 0.65440673118064019 0.22123333333333337 1.1309478174603178
decision_type=2 2 2 2 2 2 2 2 2 2 2 2 2 2 2 2 2 2 2 2 2 2 2 2 2 2 2 2 2 2
left_child=6 3 7 4 -2 -5 11 10 9 -9 -3 -1 23 14 -14 19 -4 -16 -11 20 21 -8 -23 26 -22 -25 -13 -6 -27 -30
right_child=1 2 16 5 27 -7 15 8 -10 18 -12 12 13 -15 17 -17 -18 -19 -20 -21 24 22 -24 25 -26 28 -28 -29 29 -31
leaf_value=-0.096591919676685373 -0.0015480640952137037 0.01043521379825465 0.26198318354622369 0.00047592862304824735 0.0064537434646007343 -6.4431887522076184e-05 0.32541015883761859 -1.6212804401831704e-05 0.092408677920156571 0.00032057661743152723 0.025758232312962263 -0.0030586448234548413 -0.17778930101199375 -0.0012030477741268443 0.0023781687787201378 -0.074924514061037339 0.24413786976413435 0.00091873212683829314 -0.035581763407167628 0.002379290777555667 0.0023647652331221279 0.002379545944585928 -8.4689749468935817e-06 -0.069820809075708215 0.0023866383049632846 0.0071592443477600408 0.0020298562465040247 -0.032590317854980559 -0.14810879022816209 0.0028996014772276297
leaf_weight=200847 1525 96987 184 1365 9739 2825 998 716 4388 1583 5834 63319 715 2819 1020 1503 2849 289 94 649 592 466 136 25083 567 24984 988 43 18704 11549
leaf_count=200847 1525 96987 184 1365 9739 2825 998 716 4388 1583 5834 63319 715 2819 1020 1503 2849 289 94 649 592 466 136 25083 567 24984 988 43 18704 11549
internal_value=-0.00130785 0.0102836 0.00491961 0.0492704 0.060906 0.0178711 -0.00548894 0.00321804 0.0179549 0.0440852 0.00224615 -0.00580062 -0.00366254 0.00960892 0.0302213 0.0167444 0.0664082 0.0504874 0.066037 0.0255915 0.0312896 0.0196 0.0507375 -0.00410695 0.0474271 -0.0025996 -0.00598965 0.0715665 -0.00122483 -0.00324279
internal_weight=483360 128132 112635 15497 11307 4190 355228 109602 6781 2393 102821 350317 149470 4843 2024 4911 3033 1309 1677 3408 2759 1600 602 144627 1159 80320 64307 9782 55237 30253
internal_count=483360 128132 112635 15497 11307 4190 355228 109602 6781 2393 102821 350317 149470 4843 2024 4911 3033 1309 1677 3408 2759 1600 602 144627 1159 80320 64307 9782 55237 30253
is_linear=0
shrinkage=0.08


Tree=24
num_leaves=31
num_cat=0
split_feature=7 6 7 5 2 23 23 29 7 6 0 8 39 5 5 39 7 17 6 13 6 0 19 19 39 23 8 29 21 4
split_gain=3138.19 4006.19 1850.81 1199.08 904.897 537.458 662.716 345.376 235.291 245.654 182.272 178.414 167.014 130.872 127.511 110.115 105.66 73.5112 81.274 146.674 94.779 59.7847 58.4975 54.733 49.8048 52.4263 43.9132 58.9554 58.9625 55.1744
threshold=2.8210648611111115 0.0020784519354059149 18.711218750000004 2.9796766666666672 3.5000000000000004 4.3676583333333339 4.3961333333333341 4.9816166666666684 0.83465888888888895 2.0548554561780024 0.11779785156250001 0.40796211850619601 91.027844866922479 2.8211077777777782 1.0015377777777781 100.34089856947392 2.2074163888888889 5.0076583333333344 2.0548554561780024 2.6865333333333337 1.7622317690185072 0.11779785156250001 4.9324250000000012 5.0076583333333344 9.0099008570866328 4.1626333333333347 0.88242445547449366 0.23730000000000004 0.71655833333333341 49.500000000000007
decision_type=2 2 2 2 2 2 2 2 2 2 2 2 2 2 2 2 2 2 2 2 2 2 2 2 2 2 2 2 2 2
left_child=5 3 12 13 -5 7 16 11 9 -8 17 -1 -3 -2 -11 -4 -7 18 19 -9 -21 23 -20 -13 26 -26 -23 28 -28 -30
right_child=1 2 15 4 -6 6 8 10 -10 14 -12 21 -14 -15 -16 -17 -18 -19 22 20 -22 24 -24 -25 25 -27 27 -29 29 -31
leaf_value=-0.092352016842171064 -0.00038923142760637574 0.014369026802090826 0.24102452886252576 0.00043785433320437051 -5.9277336520295877e-05 0.0002949304880370107 -0.16356615693103424 0.29937734613060912 -0.0026771792758864166 0.0021879152764225297 -0.016532863255961133 -0.036208509773382289 0.03013754565175333 0.0059374439874326865 0.00084523355669119838 0.22460684018300356 -0.032735222334594243 0.0021889475153512449 0.0021755840144723495 0.0021961192542242578 -7.7914569511250425e-06 -0.078731232896373765 0.0021957072405662361 0.0018674677467836887 3.6791450316163496e-05 -1.491578004966243e-05 -0.038704240744762836 -0.094857452644283247 0.026518332375168083 0.27353700230611711
leaf_weight=177681 135 79847 184 1365 2825 1358 841 999 6482 1020 3174 35108 6364 8386 344 2849 135 649 592 467 136 45338 567 984 39696 7527 14479 36364 6016 1448
leaf_count=177681 135 79847 184 1365 2825 1358 841 999 6482 1020 3174 35108 6364 8386 344 2849 135 649 592 467 136 45338 567 984 39696 7527 14479 36364 6016 1448
internal_value=-0.00157614 0.0108915 0.00490664 0.052911 0.0178711 -0.0049089 0.0132259 -0.00540621 0.0047639 0.0273379 0.0127533 -0.0057341 0.00274573 0.0701411 0.048305 0.066329 0.0624622 0.0255953 0.0312901 0.0196155 0.0507728 -0.00400899 0.0474271 -0.00693384 -0.00330928 -0.00115588 -0.00429042 -0.00283836 0.000436402 0.00621222
internal_weight=483360 101955 89244 12711 4190 381405 10180 371225 8687 2205 6584 364641 86211 8521 1364 3033 1493 3410 2761 1602 603 186960 1159 36092 150868 47223 103645 58307 21943 7464
internal_count=483360 101955 89244 12711 4190 381405 10180 371225 8687 2205 6584 364641 86211 8521 1364 3033 1493 3410 2761 1602 603 186960 1159 36092 150868 47223 103645 58307 21943 7464
is_linear=0
shrinkage=0.08


Tree=25
num_leaves=31
num_cat=0
split_feature=5 6 7 5 2 7 29 5 39 8 23 7 6 0 13 39 5 17 6 13 5 8 19 0 19 39 23 23 8 4
split_gain=3574.67 5025.97 1868.94 1107.47 904.897 586.531 379.052 270.798 620.018 189.747 137.514 234.007 237.795 136.923 126.053 111.62 104.339 73.4986 81.3219 146.209 94.7111 72.7271 58.4975 52.297 54.2628 41.8392 63.5861 44.4603 41.5851 33.9441
threshold=2.3248033333333336 0.0089821603068405646 18.711218750000004 2.9796766666666672 3.5000000000000004 2.6835630555555561 4.9816166666666684 2.370544444444445 34.492194707772832 0.38554241066797107 4.9306333333333336 0.83465888888888895 2.0548554561780024 0.11779785156250001 16.806408333333341 100.34089856947392 1.0015377777777781 5.0076583333333344 2.0548554561780024 4.9249583333333344 0.66776666666666695 2.219525231182597 4.9324250000000012 0.11779785156250001 5.0076583333333344 12.556136786546267 4.0168750000000006 1.8604416666666668 0.65440673118064019 50.500000000000007
decision_type=2 2 2 2 2 2 2 2 2 2 2 2 2 2 2 2 2 2 2 2 2 2 2 2 2 2 2 2 2 2
left_child=6 3 7 5 -5 -2 9 8 -3 -1 23 12 -12 17 -9 -4 -14 18 19 -8 -21 -10 -20 24 -11 27 -27 -25 -7 -29
right_child=1 2 15 4 -6 28 13 14 21 10 11 -13 16 -15 -16 -17 -18 -19 22 20 -22 -23 -24 25 -26 26 -28 29 -30 -31
leaf_value=-0.092282523860275883 -0.015741069369490469 -1.3722517645717859e-05 0.22174256655352376 0.00040282598654801661 -5.4535149598677893e-05 0.0069989299197673206 0.27542715844016036 0.0097114541308201477 0.00027133604899404418 -0.033311828991511694 -0.1504808643765515 -0.00089262961012572363 0.0020128820543087044 -0.05135875859521484 0.034166513923441076 0.20663829296836325 0.00077761487215589399 0.002013831714123171 0.0020015372933145413 0.0020134927286811432 -7.1681403950663025e-06 -0.030116404547826717 0.0020200506613209514 -0.063333811619045971 0.0017180703270410192 0.0081437646623134605 -0.00046054261433475574 -0.009816804651631211 -0.030458087945576758 0.26057993593427342
leaf_weight=169975 648 2251 184 1365 2825 10616 998 98200 1345 36643 715 2895 1020 1603 6106 2849 289 649 592 466 136 84 567 102221 983 19723 6726 9073 43 1570
leaf_count=169975 648 2251 184 1365 2825 10616 998 98200 1345 36643 715 2895 1020 1603 6106 2849 289 649 592 466 136 84 567 102221 983 19723 6726 9073 43 1570
internal_value=-0.00122923 0.010325 0.00436761 0.0530028 0.0178711 0.0660214 -0.00532567 0.00262804 0.0239565 -0.00563684 -0.00384071 0.00935312 0.0302213 0.016522 0.00187556 0.0663027 0.0504874 0.0255915 0.0312896 0.0196 0.0507375 0.06517 0.0474271 -0.00420751 -0.00685399 -0.00349274 -0.000628835 -0.00416388 0.0705139 0.000756928
internal_weight=483360 126516 111019 15497 4190 11307 356844 107986 3680 351833 181858 4919 2024 5011 104306 3033 1309 3408 2759 1600 602 1429 1159 176939 37626 139313 26449 112864 10659 10643
internal_count=483360 126516 111019 15497 4190 11307 356844 107986 3680 351833 181858 4919 2024 5011 104306 3033 1309 3408 2759 1600 602 1429 1159 176939 37626 139313 26449 112864 10659 10643
is_linear=0
shrinkage=0.08


Tree=26
num_leaves=31
num_cat=0
split_feature=5 6 7 7 5 2 5 2 29 5 39 8 8 23 7 6 0 39 5 13 8 17 6 13 5 19 0 19 8 0
split_gain=3076.82 3658.35 1859.9 694.045 383.041 924.824 536.176 692.053 379.696 263.572 604.97 191.27 158.708 138.29 230.838 237.795 132.698 110.55 104.339 86.2513 81.0337 73.4986 81.3219 146.209 94.7111 58.4975 54.7358 53.9494 42.7283 73.1289
threshold=2.290570555555556 0.0089821603068405646 18.711218750000004 3.1264600000000007 2.8321316666666667 1.5000000000000002 2.9796766666666672 3.5000000000000004 4.9816166666666684 2.370544444444445 34.492194707772832 0.38554241066797107 0.0051176092131718452 4.9306333333333336 0.83465888888888895 2.0548554561780024 0.11779785156250001 100.34089856947392 1.0015377777777781 17.113116666666674 2.219525231182597 5.0076583333333344 2.0548554561780024 4.9249583333333344 0.66776666666666695 4.9324250000000012 0.11779785156250001 5.0076583333333344 0.78503200228211945 0.17399088541666671
decision_type=2 2 2 2 2 2 2 2 2 2 2 2 2 2 2 2 2 2 2 2 2 2 2 2 2 2 2 2 2 2
left_child=8 3 9 4 5 -2 -6 -8 11 10 -3 -1 -7 26 15 -15 21 -4 -17 -11 -12 22 23 -10 -25 -24 27 -13 -28 -30
right_child=1 2 17 -5 6 12 7 -9 16 19 20 13 -14 14 -16 18 -18 -19 -20 -21 -22 -23 25 24 -26 -27 28 -29 29 -31
leaf_value=-0.084899921951453794 -0.00054147761337574706 3.2942771232313815e-05 0.20400316122924192 -5.0172337630769446e-05 0.0049025340748566747 0.0064390155261859405 0.0003705999076241895 -0.0002464059460292134 0.25339298576494756 0.0087818099247718422 0.00024962916507455192 -0.030646882672190758 -0.00091800730697926274 -0.13844239522642737 -0.00082121924131563163 0.0018518514899640338 -0.063499223188060311 0.19010722953089412 0.00071540568238340544 0.10957529713283823 -0.027707092184000574 0.0018527251769933173 0.0018414143098493697 0.0018524133103866804 -6.5946891634638407e-06 0.0018584466084152495 -0.045888807647621481 0.0015806247008777064 -0.0013145823375121069 0.0048422107951588697
leaf_weight=169953 2036 3825 184 1424 6906 2135 1365 1451 998 100558 1372 36624 180 715 2819 1020 1503 2849 289 3748 99 649 592 466 136 567 57950 983 50549 29415
leaf_count=169953 2036 3825 184 1424 6906 2135 1365 1451 998 100558 1372 36624 180 715 2819 1020 1503 2849 289 3748 99 649 592 466 136 567 57950 983 50549 29415
internal_value=-0.00139838 0.00922911 0.00421503 0.0456723 0.0510578 0.0313289 0.0598873 0.0304659 -0.00523175 0.00250492 0.0199154 -0.00554143 0.0659179 -0.00372687 0.00960892 0.0302213 0.0168585 0.0660125 0.0504874 0.00162092 0.063516 0.0255915 0.0312896 0.0196 0.0507375 0.0474271 -0.00409483 -0.00680023 -0.00335711 -0.00215837
internal_weight=483360 128132 112635 15497 14073 4351 9722 2816 355228 109602 5296 350317 2315 180364 4843 2024 4911 3033 1309 104306 1471 3408 2759 1600 602 1159 175521 37607 137914 79964
internal_count=483360 128132 112635 15497 14073 4351 9722 2816 355228 109602 5296 350317 2315 180364 4843 2024 4911 3033 1309 104306 1471 3408 2759 1600 602 1159 175521 37607 137914 79964
is_linear=0
shrinkage=0.08


Tree=27
num_leaves=31
num_cat=0
split_feature=5 6 7 7 5 2 5 2 29 5 39 8 8 23 7 6 0 5 39 8 17 6 13 5 19 0 19 39 39 0
split_gain=2938.42 3709.29 1768.81 694.045 383.041 924.824 536.176 692.053 381.001 271.05 604.97 195.268 158.708 136.647 230.838 237.795 129.255 104.339 103.956 81.0337 73.4986 81.3219 146.209 94.7111 58.4975 50.5051 52.7273 45.4359 41.7539 56.0741
threshold=2.290570555555556 0.0089821603068405646 18.711218750000004 3.1264600000000007 2.8321316666666667 1.5000000000000002 2.9796766666666672 3.5000000000000004 4.9816166666666684 2.370544444444445 34.492194707772832 0.37849742446349877 0.0051176092131718452 4.9306333333333336 0.83465888888888895 2.0548554561780024 0.11779785156250001 1.0015377777777781 100.34089856947392 2.219525231182597 5.0076583333333344 2.0548554561780024 4.9249583333333344 0.66776666666666695 4.9324250000000012 0.11779785156250001 5.0076583333333344 100.34089856947392 9.0099008570866328 0.16293756999353057
decision_type=2 2 2 2 2 2 2 2 2 2 2 2 2 2 2 2 2 2 2 2 2 2 2 2 2 2 2 2 2 2
left_child=8 3 9 4 5 -2 -6 -8 11 10 -3 -1 -7 25 15 -15 20 -17 -4 -12 21 22 -10 -24 -23 26 -13 -11 -27 -30
right_child=1 2 18 -5 6 12 7 -9 16 27 19 13 -14 14 -16 17 -18 -19 -20 -21 -22 24 23 -25 -26 28 -28 -29 29 -31
leaf_value=-0.079543932834009359 -0.00049815940430569588 3.0307349533700289e-05 0.18768290833090259 -4.6158550620312157e-05 0.0045103313488681351 0.0059238942840910622 0.00034095191501425147 -0.00022669347034685929 0.23312154690375175 0.008418627443081108 0.00022965883186856217 -0.028195132058415489 -0.00084456672242090754 -0.12736700360831318 -0.00075552170201035555 0.0017037033707669024 -0.058419285333015492 0.00065817322779274437 0.17489865116842254 -0.025490524809280546 0.0017045071628338348 0.0016941011650614258 0.0017042202455557743 -6.0671140303725227e-06 0.0017097708797420097 -0.059145593058291437 0.0014541747248075154 0.61051995962853167 -0.00054405625344081446 0.016573211015469443
leaf_weight=168364 2036 3825 184 1424 6906 2135 1365 1451 998 103090 1372 37102 180 715 2819 1020 1503 289 2849 99 649 592 466 136 567 103163 983 1216 27164 8698
leaf_count=168364 2036 3825 184 1424 6906 2135 1365 1451 998 103090 1372 37102 180 715 2819 1020 1503 289 2849 99 649 592 466 136 567 103163 983 1216 27164 8698
internal_value=-0.00140947 0.00897624 0.00392737 0.0456723 0.0510578 0.0313289 0.0598873 0.0304659 -0.00515563 0.00225966 0.0199154 -0.00546584 0.0659179 -0.00364899 0.00960892 0.0302213 0.0169725 0.0504874 0.0641925 0.063516 0.0255915 0.0312896 0.0196 0.0507375 0.0474271 -0.00401152 -0.00659262 0.00136322 -0.00330444 -0.000952988
internal_weight=483360 128132 112635 15497 14073 4351 9722 2816 355228 109602 5296 350317 2315 181953 4843 2024 4911 1309 3033 1471 3408 2759 1600 602 1159 177110 38085 104306 139025 35862
internal_count=483360 128132 112635 15497 14073 4351 9722 2816 355228 109602 5296 350317 2315 181953 4843 2024 4911 1309 3033 1471 3408 2759 1600 602 1159 177110 38085 104306 139025 35862
is_linear=0
shrinkage=0.08


Tree=28
num_leaves=31
num_cat=0
split_feature=5 6 7 7 5 2 5 2 29 5 39 8 8 23 7 6 0 39 5 8 17 6 13 5 19 0 19 8 0 0
split_gain=2746.62 3781.46 1365 694.045 383.041 924.824 536.176 692.053 379.33 277.271 604.97 203.851 158.708 135.072 230.984 236.868 127.308 107.402 104.339 81.0337 73.4986 81.3219 146.209 94.7111 58.4975 55.6096 52.3693 38.5187 77.1553 94.8338
threshold=2.290570555555556 0.0089821603068405646 18.711218750000004 3.1264600000000007 2.8321316666666667 1.5000000000000002 2.9796766666666672 3.5000000000000004 4.9816166666666684 2.370544444444445 34.492194707772832 0.35995343792790285 0.0051176092131718452 4.9306333333333336 0.83465888888888895 2.0548554561780024 0.11779785156250001 107.79942454661978 1.0015377777777781 2.219525231182597 5.0076583333333344 2.0548554561780024 4.9249583333333344 0.66776666666666695 4.9324250000000012 0.11779785156250001 5.0076583333333344 0.78503200228211945 0.17399088541666671 0.19120279947916669
decision_type=2 2 2 2 2 2 2 2 2 2 2 2 2 2 2 2 2 2 2 2 2 2 2 2 2 2 2 2 2 2
left_child=8 3 9 4 5 -2 -6 -8 11 10 -3 -1 -7 25 15 -15 20 -4 -17 -12 21 22 -10 -24 -23 26 -13 -27 -29 -30
right_child=1 2 17 -5 6 12 7 -9 16 -11 19 13 -14 14 -16 18 -18 -19 -20 -21 -22 24 23 -25 -26 27 -28 28 29 -31
leaf_value=-0.074821748926282766 -0.00045830665196124444 2.7882761570978686e-05 0.034722829631589319 -4.2465866570680076e-05 0.0041495048409586847 0.0054499827413637906 0.00031367576181310145 -0.00020855799271910058 0.21447182315145161 0.0091137349958358982 0.00021128612531910563 -0.025939521493742249 -0.00077700138462724058 -0.11717764331964814 -0.00069507996584952994 0.0015674071011055446 -0.05374574250637424 0.16816143192992741 0.00060551936956933618 -0.02345128282453807 0.0015681465898071422 0.0015585730718564862 0.001567882625911281 -5.581744907914299e-06 0.0015729892093626319 -0.040784949057246341 0.0013378407468228914 -0.0011658912502358731 0.018148944890574534 -0.037639123564755073
leaf_weight=163719 2036 3825 909 1424 6906 2135 1365 1451 998 104306 1372 38756 180 715 2819 1020 1503 2124 289 99 649 592 466 136 567 62052 983 50549 10230 19185
leaf_count=163719 2036 3825 909 1424 6906 2135 1365 1451 998 104306 1372 38756 180 715 2819 1020 1503 2124 289 99 649 592 466 136 567 62052 983 50549 10230 19185
internal_value=-0.00142006 0.00862098 0.00352324 0.0456723 0.0510578 0.0313289 0.0598873 0.0304659 -0.0050419 0.00205821 0.0199154 -0.00535143 0.0659179 -0.00354379 0.00964196 0.0302609 0.0170377 0.0564642 0.0504874 0.063516 0.0255915 0.0312896 0.0196 0.0507375 0.0474271 -0.00389514 -0.00654048 -0.00315491 -0.0019943 0.0012633
internal_weight=483360 128132 112635 15497 14073 4351 9722 2816 355228 109602 5296 350317 2315 186598 4843 2024 4911 3033 1309 1471 3408 2759 1600 602 1159 181755 39739 142016 79964 29415
internal_count=483360 128132 112635 15497 14073 4351 9722 2816 355228 109602 5296 350317 2315 186598 4843 2024 4911 3033 1309 1471 3408 2759 1600 602 1159 181755 39739 142016 79964 29415
is_linear=0
shrinkage=0.08


Tree=29
num_leaves=31
num_cat=0
split_feature=5 6 7 7 5 2 5 2 29 5 39 8 8 23 7 6 29 13 6 5 13 8 19 0 5 19 19 5 21 29
split_gain=2637.67 3842.55 1210.7 697.28 388.357 924.824 517.65 692.788 380.949 281.32 604.97 196.152 158.708 135.727 233.05 233.18 123.186 111.456 136.724 104.339 102.653 81.0337 66.3299 53.3726 52.6668 51.5066 43.8424 40.5679 38.6432 81.1406
threshold=2.290570555555556 0.0089821603068405646 18.711218750000004 3.1264600000000007 2.8321316666666667 1.5000000000000002 2.9796766666666672 4.5000000000000009 4.9816166666666684 2.370544444444445 34.492194707772832 0.34793552771441116 0.0051176092131718452 4.9306333333333336 0.83465888888888895 2.0548554561780024 5.0081250000000006 4.9249583333333344 2.0548554561780024 1.0015377777777781 20.938408333333339 2.219525231182597 4.9324250000000012 0.11779785156250001 1.5059438888888892 5.0076583333333344 3.5194083333333337 1.7231361111111114 1.2835333333333336 4.0008749999999997
decision_type=2 2 2 2 2 2 2 2 2 2 2 2 2 2 2 2 2 2 2 2 2 2 2 2 2 2 2 2 2 2
left_child=8 3 9 4 5 -2 -6 -8 11 10 -3 24 -7 23 15 -15 17 18 -10 -17 -4 -12 -20 25 -1 27 -18 -13 -25 -30
right_child=1 2 20 -5 6 12 7 -9 16 -11 21 13 -14 14 -16 19 26 -19 22 -21 -22 -23 -24 28 -26 -27 -28 -29 29 -31
leaf_value=-0.071089341150241667 -0.00042164211980434631 2.5652140645320288e-05 0.052726519218808436 -3.9068597245019986e-05 0.0038175444536819826 0.0050139841220546797 0.0002885817008680647 -0.00019187335330158816 -0.081125982903246643 0.0083846361961690263 0.0001943832352935715 -0.024787020601879598 -0.00071484127385705424 -0.10780343185407629 -0.00063947356858157895 0.0014420145330171152 -5.1352053152697862e-06 0.0014424520158383559 0.0014426948626226023 0.00055707782000375522 0.15884590384672634 -0.021575180198575055 0.0014244907708557974 -0.0025339541787326426 0.0036359911098901776 0.0012308134870770715 0.0702053907964032 0.0097486020448518326 0.0049196579747474815 -0.24664710409273682
leaf_weight=157930 2036 3825 1599 1424 6906 2135 1390 1426 869 104306 1372 38279 180 715 2819 1020 1933 419 768 289 1434 99 403 103167 2481 983 519 1930 31780 8924
leaf_count=157930 2036 3825 1599 1424 6906 2135 1390 1426 869 104306 1372 38279 180 715 2819 1020 1933 419 768 289 1434 99 403 103167 2481 983 519 1930 31780 8924
internal_value=-0.00139308 0.00844679 0.00330803 0.0457962 0.0511942 0.0313289 0.0600848 0.0311761 -0.00494236 0.00192828 0.0199154 -0.00525255 0.0659179 -0.00351273 0.00970803 0.030419 0.0171843 0.0298365 0.0221176 0.0504874 0.0531672 0.063516 0.039959 -0.00385871 -0.00731227 -0.00639775 0.00449592 -0.00684006 -0.00313175 -0.00104442
internal_weight=483360 128132 112635 15497 14073 4351 9722 2816 355228 109602 5296 350317 2315 189906 4843 2024 4911 2459 2040 1309 3033 1471 1171 185063 160411 41192 2452 40209 143871 40704
internal_count=483360 128132 112635 15497 14073 4351 9722 2816 355228 109602 5296 350317 2315 189906 4843 2024 4911 2459 2040 1309 3033 1471 1171 185063 160411 41192 2452 40209 143871 40704
is_linear=0
shrinkage=0.08


Tree=30
num_leaves=31
num_cat=0
split_feature=23 6 5 5 2 2 33 33 8 7 21 29 29 7 6 6 33 6 0 7 33 8 0 19 19 0 8 2 7 0
split_gain=2508.96 4108.02 955.893 818.839 1178.2 904.897 307.925 416.654 282.247 178.19 152.672 141.876 227.196 132.377 132.036 364.27 111.454 135.886 108.83 106.566 329.615 81.5828 69.3107 66.2277 62.7599 61.1572 34.9225 32.9348 32.2225 30.1464
threshold=2.7563750000000007 0.0089821603068405646 19.547255000000003 2.9796766666666672 1.0000000180025095e-35 3.5000000000000004 4.285608333333335 4.3172916666666667 1.2303288343366949 20.538803750000003 1.3755500000000003 4.9816166666666684 5.0081250000000006 0.83460972222222229 2.2687953549117403 2.2720559821751647 -4.2801666666666653 2.0548554561780024 0.17399088541666671 0.83465888888888895 -4.9576416666666656 0.42521669621620012 0.12923177083333334 4.9324250000000012 0.64290833333333353 0.080118815104166671 0.34793552771441116 3.5000000000000004 2.1722337500000006 0.19120279947916669
decision_type=2 2 2 2 2 2 2 2 2 2 2 2 2 2 2 2 2 2 2 2 2 2 2 2 2 2 2 2 2 2
left_child=8 3 6 4 -2 -5 19 28 10 -4 26 18 16 -9 -15 -16 -13 -18 24 20 -3 -6 -21 -19 -10 -12 -1 -11 -8 -20
right_child=1 2 9 5 21 -7 7 13 11 27 25 12 -14 14 15 -17 17 23 29 22 -22 -23 -24 -25 -26 -27 -28 -29 -30 -31
leaf_value=-0.065899530245856611 -0.00038791075022000856 0.0013266533703757233 0.072615360904015866 0.00026549516479860811 0.0046128653922902886 -3.5943109465428338e-05 2.3599969393686138e-05 0.0011678569931598303 -0.17088160667334673 0.027706567850589142 -0.021740063592401101 0.001327055854571313 0.0014602057769901222 -1.4534427924459692e-05 0.00017883257647007157 0.074780413467577772 -0.074635904270986902 0.0013272792736128026 0.014052959493774853 -0.00062454228779337481 -0.0067805707089135248 -0.028007211681765263 0.0054986736500848114 0.0013105315091873138 0.0011323484081108858 0.00030980984966340943 -0.045088829510280627 0.14613823153898836 0.0019571294033222117 0.0047145950690969688
leaf_weight=154211 1430 798 1546 1365 9186 2825 953 286 31300 102 7910 421 5797 3154 687 1829 877 777 7930 9606 2294 85 84723 407 9704 32497 85410 1375 52 23823
leaf_count=154211 1430 798 1546 1365 9186 2825 953 286 31300 102 7910 421 5797 3154 687 1829 877 777 7930 9606 2294 85 84723 407 9704 32497 85410 1375 52 23823
internal_value=-0.00142999 0.00847347 0.00301401 0.0478512 0.0595899 0.0178711 0.00172964 0.0179848 -0.00478439 0.0473622 -0.00598763 -0.000626489 0.00929677 0.00994493 0.00726631 0.0209348 0.0295504 0.0218884 -0.00175565 0.000568171 0.0151824 0.0700153 8.91329e-05 0.0395676 -0.00447839 -0.00143876 -0.0067547 0.0672336 0.0656318 0.00176034
internal_weight=483360 122296 107405 14891 10701 4190 104382 6961 361064 3023 280028 81036 8279 5956 5670 2516 2482 2061 72757 97421 3092 9271 94329 1184 41004 40407 239621 1477 1005 31753
internal_count=483360 122296 107405 14891 10701 4190 104382 6961 361064 3023 280028 81036 8279 5956 5670 2516 2482 2061 72757 97421 3092 9271 94329 1184 41004 40407 239621 1477 1005 31753
is_linear=0
shrinkage=0.08


Tree=31
num_leaves=31
num_cat=0
split_feature=5 6 5 2 2 7 7 29 33 5 8 29 13 23 7 6 13 6 5 39 2 0 19 5 2 8 31 0 19 39
split_gain=2126.05 2755.37 1008.41 1010.18 1006.12 940.318 574.692 297.995 232.625 433.854 196.029 175.298 145.967 131.799 235.18 232.566 111.456 136.724 103.844 94.0822 135.055 261.005 66.3299 63.6954 56.7884 45.0629 44.5802 44.1869 49.3287 43.7121
threshold=2.2835738888888897 0.0089821603068405646 2.9461633333333341 3.5000000000000004 1.0000000180025095e-35 20.538803750000003 2.6835630555555561 4.9816166666666684 4.285608333333335 2.3248033333333336 0.34793552771441116 5.0081250000000006 18.193966666666672 4.9306333333333336 0.83465888888888895 2.0548554561780024 4.9249583333333344 2.0548554561780024 1.0015377777777781 34.492194707772832 2.5000000000000004 0.13387044270833334 4.9324250000000012 1.4169950000000002 3.5000000000000004 2.1800053275934403 19.771283333333336 0.11779785156250001 5.0076583333333344 9.0099008570866328
decision_type=2 2 2 2 2 2 2 2 2 2 2 2 2 2 2 2 2 2 2 2 2 2 2 2 2 2 2 2 2 2
left_child=7 2 4 -4 -2 8 -6 10 12 25 23 16 -3 27 15 -15 17 -9 -17 -11 -21 -22 -19 -1 -7 -10 -14 28 -12 -29
right_child=1 5 3 -5 6 24 -8 11 9 19 13 -13 26 14 -16 18 -18 22 -20 20 21 -23 -24 -25 -26 -27 -28 29 -30 -31
leaf_value=-0.060627567826188077 -0.00035687789020240503 0.0040539091526093788 0.00024425555161471378 -1.4196103771162427e-05 -0.014353001744748574 0.02356191092935319 0.0042438361609070793 -0.068665031929307951 2.1711971842179878e-05 -2.0804763838739861e-05 -0.0199036252613638 -0.00012154085104924661 0.2230133592713793 -0.098636711649037104 -0.0005871529288611299 0.0012205211007456996 0.0012208913862055938 0.0012210969317237642 0.00040637932477345374 -1.3371673690514285e-05 0.00016452597035247153 0.69053189066970444 0.0012056889884523513 0.0018125759597199275 0.13444717301586934 -9.9215426691756656e-06 0.073405963216103085 -0.049888566961835565 0.0010417605354620463 -0.00057457890476989351
leaf_weight=155543 1430 102377 1365 4207 648 136 7847 869 943 3544 40205 2430 1981 715 2802 1020 419 768 288 1165 697 1098 403 4867 1406 62 866 107400 983 34876
leaf_count=155543 1430 102377 1365 4207 648 136 7847 869 943 3544 40205 2430 1981 715 2802 1020 419 768 288 1165 697 1098 403 4867 1406 62 866 107400 983 34876
internal_value=-0.00162182 0.00713608 0.038791 0.0115549 0.0540816 0.00284331 0.0645321 -0.00483609 0.00199459 0.0155983 -0.00511109 0.0147777 0.00102379 -0.00336033 0.00969119 0.0304775 0.0298365 0.0221176 0.0505321 0.00803936 0.0185676 0.0323343 0.039959 -0.00716614 0.0648923 0.0645174 0.0188915 -0.00370357 -0.00601107 -0.00303557
internal_weight=483360 129772 15497 5572 9925 114275 8495 353588 112733 7509 348699 4889 105224 188289 4825 2023 2459 2040 1308 6504 2960 1795 1171 160410 1542 1005 2847 183464 41188 142276
internal_count=483360 129772 15497 5572 9925 114275 8495 353588 112733 7509 348699 4889 105224 188289 4825 2023 2459 2040 1308 6504 2960 1795 1171 160410 1542 1005 2847 183464 41188 142276
is_linear=0
shrinkage=0.08


Tree=32
num_leaves=31
num_cat=0
split_feature=5 6 7 2 5 7 29 33 5 23 7 5 5 2 29 33 7 8 13 6 39 2 0 39 19 2 8 0 0 21
split_gain=1690.32 1788.99 942.031 808.006 568.273 313.007 290.473 229.709 439.162 229.418 213.646 801.164 438.797 686.222 175.298 173.111 280.468 135.135 111.456 136.724 86.8568 125.59 278.296 75.1589 66.3299 60.551 45.0629 41.0264 198.641 37.8753
threshold=2.2835738888888897 0.0010143968863529139 20.538803750000003 5.5000000000000009 3.2395988888888891 2.6835630555555561 4.9816166666666684 4.285608333333335 2.3248033333333336 1.3389833333333334 2.8210648611111115 2.8625300000000005 2.9796766666666672 4.5000000000000009 5.0081250000000006 -4.9576416666666656 0.83465888888888895 0.44302962325280232 4.9249583333333344 2.0548554561780024 34.492194707772832 2.5000000000000004 0.13387044270833334 107.79942454661978 4.9324250000000012 3.5000000000000004 2.1800053275934403 0.17399088541666671 0.18188476562500003 0.0041250000000000011
decision_type=2 2 2 2 2 2 2 2 2 2 2 2 2 2 2 2 2 2 2 2 2 2 2 2 2 2 2 2 2 2
left_child=6 3 7 4 5 -2 9 23 26 17 -7 -12 -13 -14 18 16 -11 -1 19 -8 -10 -22 -23 -3 -21 -4 -9 -19 -29 -17
right_child=1 2 25 -5 -6 10 14 8 20 15 11 12 13 -15 -16 29 -18 27 -20 24 21 22 -24 -25 -26 -27 -28 28 -30 -31
leaf_value=-0.055860026889839126 -0.013204761605168685 0.0046165176762295347 0.021676958055005004 -1.3060415469468012e-05 -3.1931972406482602e-05 0.0039043292680345232 -0.063171829374963323 1.9975014094839595e-05 -1.9140382731634986e-05 0.0011228794126860464 -0.0003283276589862183 0.0028036047731316671 0.0002247151074855225 -0.00017251234797850402 -0.0001118175829653012 -0.00052861259238831334 -0.0048264006521414162 -0.020237906557830386 0.0011232200753091349 0.0011234091771858345 -1.2301939795307249e-05 0.00015136389272427664 0.63528933941612808 0.093013092029218078 0.0011092338693761406 0.1236913991745999 -9.1278192556387697e-06 0.026337169418950271 -0.053007756398557399 3.3763567163553889e-05
leaf_weight=169706 648 104191 136 2777 1399 2138 869 943 3544 803 1565 4163 1365 1426 2430 14635 860 68836 419 768 1165 697 1098 1049 403 1406 62 7868 41132 44859
leaf_count=169706 648 104191 136 2777 1399 2138 869 943 3544 803 1565 4163 1365 1426 2430 14635 860 68836 419 768 1165 697 1098 1049 403 1406 62 7868 41132 44859
internal_value=-0.00172096 0.00608809 0.00263111 0.0316098 0.0401549 0.046107 -0.00458699 0.00178173 0.0153 -0.0048585 0.0493895 0.043715 0.0553535 0.0308105 0.0147777 -0.000409047 0.0250487 -0.00580484 0.0298365 0.0221176 0.00769496 0.0178108 0.0310863 0.000817178 0.039959 0.0647367 0.0645174 -0.00372355 -0.00195429 -0.00112065
internal_weight=483360 129772 114291 15481 12704 11305 353588 112749 7509 348699 10657 8519 6954 2791 4889 61157 1663 287542 2459 2040 6504 2960 1795 105240 1171 1542 1005 117836 49000 59494
internal_count=483360 129772 114291 15481 12704 11305 353588 112749 7509 348699 10657 8519 6954 2791 4889 61157 1663 287542 2459 2040 6504 2960 1795 105240 1171 1542 1005 117836 49000 59494
is_linear=0
shrinkage=0.08


Tree=33
num_leaves=31
num_cat=0
split_feature=5 6 7 2 5 7 8 33 5 7 5 5 2 29 5 29 13 6 23 7 6 5 39 2 0 0 0 19 39 19
split_gain=1615.92 1798.81 944.283 808.22 568.422 311.659 303.523 226.484 442.209 213.646 801.164 438.797 686.222 206.955 189.276 175.153 111.456 136.724 107.183 235.632 231.872 103.844 82.8576 120.336 288.426 68.9033 92.165 79.192 71.4174 66.3299
threshold=2.2835738888888897 0.0010143968863529139 20.538803750000003 5.5000000000000009 3.2395988888888891 2.6835630555555561 0.70280228524572452 4.285608333333335 2.3248033333333336 2.8210648611111115 2.8625300000000005 2.9796766666666672 4.5000000000000009 4.9816166666666684 1.2475733333333336 5.0081250000000006 4.9249583333333344 2.0548554561780024 4.9306333333333336 0.83465888888888895 2.0548554561780024 1.0015377777777781 34.492194707772832 2.5000000000000004 0.13387044270833334 0.17399088541666671 0.18188476562500003 0.57498333333333351 32.931476826539416 4.9324250000000012
decision_type=2 2 2 2 2 2 2 2 2 2 2 2 2 2 2 2 2 2 2 2 2 2 2 2 2 2 2 2 2 2
left_child=6 3 7 4 5 -2 14 -3 -9 -7 -11 -12 -13 18 -1 16 17 -15 25 20 -20 -22 -10 -24 -25 27 -27 -8 -29 -19
right_child=1 2 -4 -5 -6 9 13 8 22 10 11 12 -14 15 -16 -17 -18 29 19 -21 21 -23 23 24 -26 26 -28 28 -30 -31
leaf_value=-0.051391224738652 -0.012148380676755189 0.0055330907616522223 0.11379608724063189 -1.2015582231903465e-05 -2.9377414613946938e-05 0.0035919829265917613 -0.089785839357331657 1.8377012967221163e-05 -1.7609152113138295e-05 -0.00030206144626731656 0.0025793163912811324 0.00020673789888668638 -0.00015871136014023791 -0.058118083024966252 0.0021990789743070224 -0.0001028721763280771 0.0010333624692844268 0.001033536443010945 -0.090703485709723072 -0.00049789168716117159 0.0010330490596711429 0.00028403862577668803 -1.1317784611648563e-05 0.00013925478130630609 0.58446619226283791 0.018856691299878263 -0.039096746441343894 0.000444404004007275 -0.00073168491312223692 0.0010204951598260692
leaf_weight=201627 648 105240 1542 2777 1399 2138 42778 1005 3544 1565 4163 1365 1426 869 20522 2428 419 768 712 2800 1020 288 1165 697 1098 10378 23358 35042 10176 403
leaf_count=201627 648 105240 1542 2777 1399 2138 42778 1005 3544 1565 4163 1365 1426 869 20522 2428 419 768 712 2800 1020 288 1165 697 1098 10378 23358 35042 10176 403
internal_value=-0.00161189 0.00602336 0.00255691 0.031615 0.0401612 0.0461141 -0.00441413 0.00170651 0.0151296 0.0493895 0.043715 0.0553535 0.0308105 -0.00136696 -0.00621705 0.014787 0.0298365 0.0221176 -0.00199077 0.00970954 0.0305347 0.0505321 0.00749815 0.0173784 0.0303733 -0.00245405 0.00061987 -0.00363253 -0.00129825 0.039959
internal_weight=483360 129772 114291 15481 12704 11305 353588 112749 7509 10657 8519 6954 2791 131439 222149 4887 2459 2040 126552 4820 2020 1308 6504 2960 1795 121732 33736 87996 45218 1171
internal_count=483360 129772 114291 15481 12704 11305 353588 112749 7509 10657 8519 6954 2791 131439 222149 4887 2459 2040 126552 4820 2020 1308 6504 2960 1795 121732 33736 87996 45218 1171
is_linear=0
shrinkage=0.08


Tree=34
num_leaves=31
num_cat=0
split_feature=23 6 7 2 5 8 33 33 2 5 5 29 29 7 6 6 33 6 7 33 7 2 5 0 19 21 7 39 8 5
split_gain=1587.94 1935.48 918.801 884.197 630.774 319.679 292.939 424.444 200.668 1102.93 687.162 167.391 233.343 135.179 123.866 379.121 112.019 136.82 106.333 330.371 96.3624 85.6606 78.6485 69.2932 66.2277 66.0422 61.3021 46.4687 43.5775 121.295
threshold=2.6865333333333337 0.0010143968863529139 20.538803750000003 5.5000000000000009 3.2395988888888891 0.35995343792790285 4.285608333333335 4.3172916666666667 1.0000000180025095e-35 2.9796766666666672 3.0296544444444446 4.9816166666666684 5.0081250000000006 0.83460972222222229 2.2687953549117403 2.2720559821751647 -4.2801666666666653 2.0548554561780024 0.83465888888888895 -4.9576416666666656 1.0772808333333337 3.5000000000000004 1.2475733333333336 0.14469401041666669 4.9324250000000012 2.6519416666666671 3.2550266666666672 107.79942454661978 0.0051176092131718452 2.8625300000000005
decision_type=2 2 2 2 2 2 2 2 2 2 2 2 2 2 2 2 2 2 2 2 2 2 2 2 2 2 2 2 2 2
left_child=5 3 6 4 8 22 18 -8 10 28 -2 20 16 -9 -15 -16 -13 -18 19 -3 -7 -4 -1 25 -19 -22 -20 -28 -10 -30
right_child=1 2 21 -5 -6 11 7 13 9 -11 -12 12 -14 14 15 -17 17 24 26 -21 23 -23 -24 -25 -26 -27 27 -29 29 -31
leaf_value=-0.04742659233267995 -0.00027789653056593979 0.00095040513489742296 0.010839114431354062 -1.1054335653355451e-05 -2.702722144483971e-05 -0.055852223891324951 1.69068519298321e-05 0.0009364318282647588 0.0033046242924644176 -0.00014601445132900182 0.00019019886697574151 0.00095069347174167259 0.001370287763658311 -1.0412361842710993e-05 0.00012811439880181297 0.041384738152332172 -0.053468636382968955 0.00095085352757010358 -0.00067315012007249206 -0.0036852681389606319 -0.00026314538662582267 0.10469240026138124 0.00044001296605955531 0.011907014641955782 0.00093885554703994963 -0.01143600688461742 0.0092763327388212247 0.08405698010643041 -0.001315758967783971 0.0023729710799786476
leaf_weight=155341 1430 798 136 2777 1399 95770 1005 286 5851 1426 1365 421 6018 3160 687 1866 884 777 36872 2356 35516 1406 9003 34423 407 19835 60504 1014 180 447
leaf_count=155341 1430 798 136 2777 1399 95770 1005 286 5851 1426 1365 421 6018 3160 687 1866 884 777 36872 2356 35516 1406 9003 34423 407 19835 60504 1014 180 447
internal_value=-0.00162182 0.00614348 0.00248378 0.0332289 0.0425736 -0.00432941 0.0016127 0.0174369 0.0491792 0.0556943 0.0307549 -0.00213062 0.0088426 0.00937623 0.0066893 0.0197947 0.0294448 0.0217872 0.00052123 0.0149803 -0.00263373 0.0638029 -0.00692567 -0.000750687 0.0395676 -0.00250344 5.77275e-05 0.00160369 0.0697153 0.0496714
internal_weight=483360 124965 110090 14875 12098 358395 108548 7004 10699 7904 2795 194051 8507 5999 5713 2553 2489 2068 101544 3154 185544 1542 164344 89774 1184 55351 98390 61518 6478 627
internal_count=483360 124965 110090 14875 12098 358395 108548 7004 10699 7904 2795 194051 8507 5999 5713 2553 2489 2068 101544 3154 185544 1542 164344 89774 1184 55351 98390 61518 6478 627
is_linear=0
shrinkage=0.08


Tree=35
num_leaves=31
num_cat=0
split_feature=23 6 7 2 5 8 33 33 2 5 5 29 29 7 6 6 33 6 7 33 7 2 19 17 5 7 29 0 8 5
split_gain=1534.36 1950.61 920.841 884.197 630.774 324.032 297.431 424.444 200.668 1102.93 687.162 167.242 233.858 135.179 123.866 379.121 111.827 136.225 108.619 329.994 98.9722 85.5141 66.2277 64.217 61.9132 53.4413 50.7034 53.9269 43.5775 121.295
threshold=2.6865333333333337 0.0010143968863529139 20.538803750000003 5.5000000000000009 3.2395988888888891 0.33584464833085786 4.285608333333335 4.3172916666666667 1.0000000180025095e-35 2.9796766666666672 3.0296544444444446 4.9816166666666684 5.0081250000000006 0.83460972222222229 2.2687953549117403 2.2720559821751647 -4.2801666666666653 2.0548554561780024 0.83465888888888895 -4.9576416666666656 0.96005472222222221 3.5000000000000004 4.9324250000000012 0.098683333333333359 1.2475733333333336 3.2550266666666672 4.1530083333333332 0.080118815104166671 0.0051176092131718452 2.8625300000000005
decision_type=2 2 2 2 2 2 2 2 2 2 2 2 2 2 2 2 2 2 2 2 2 2 2 2 2 2 2 2 2 2
left_child=5 3 6 4 8 24 18 -8 10 28 -2 20 16 -9 -15 -16 -13 -18 19 -3 -7 -4 -19 -22 -1 -20 27 -25 -10 -30
right_child=1 2 21 -5 -6 11 7 13 9 -11 -12 12 -14 14 15 -17 17 22 25 -21 23 -23 -24 26 -26 -27 -28 -29 29 -31
leaf_value=-0.043632464946065548 -0.00025566480812067027 0.00087437272410561206 0.0099719852768456012 -1.0169988801074225e-05 -2.4865043729249693e-05 -0.050687132418904907 1.5554303775431324e-05 0.00086151728200356103 0.0030402543490672686 -0.00013433329522268169 0.00017498295761768647 0.00087463799400232744 0.0012606647425656803 -9.5793728952742182e-06 0.0001178652468976793 0.038073959100145612 -0.049191145472331436 0.0008747852453645067 -0.00061929811046667282 -0.0033904466878437716 0.0073565107350966686 0.096317008240470736 0.00086374710327675075 -0.010313521870117057 -7.3809455689648475e-05 0.009596979568893587 -0.19953694165052091 0.0010978160702512336 -0.0012104982503612406 0.00218313339358037
leaf_weight=149459 1430 798 136 2777 1399 96346 1005 286 5851 1426 1365 421 6018 3160 687 1866 884 777 36872 2356 17540 1406 407 14566 8233 61518 10007 53737 180 447
leaf_count=149459 1430 798 136 2777 1399 96346 1005 286 5851 1426 1365 421 6018 3160 687 1866 884 777 36872 2356 17540 1406 407 14566 8233 61518 10007 53737 180 447
internal_value=-0.00159533 0.00603785 0.00236388 0.0332289 0.0425736 -0.00425687 0.00149184 0.0174369 0.0491792 0.0556943 0.0307549 -0.00212465 0.008852 0.00937623 0.0066893 0.0197947 0.0294769 0.0218259 0.000392025 0.0150057 -0.0026105 0.063751 0.0395676 -0.000790404 -0.00697065 -7.64324e-05 -0.0017704 -0.000991232 0.0697153 0.0496714
internal_weight=483360 124965 110090 14875 12098 358395 108548 7004 10699 7904 2795 200703 8507 5999 5713 2553 2489 2068 101544 3154 192196 1542 1184 95850 157692 98390 78310 68303 6478 627
internal_count=483360 124965 110090 14875 12098 358395 108548 7004 10699 7904 2795 200703 8507 5999 5713 2553 2489 2068 101544 3154 192196 1542 1184 95850 157692 98390 78310 68303 6478 627
is_linear=0
shrinkage=0.08


Tree=36
num_leaves=31
num_cat=0
split_feature=23 6 7 2 5 7 8 33 33 7 5 5 2 29 29 7 33 6 6 6 7 33 2 5 19 21 7 21 0 21
split_gain=1495.28 1868.67 926.246 791.942 555.242 375.378 292.511 279.372 433.058 213.646 801.164 438.797 686.222 169.633 219.029 136.938 111.272 136.503 109.176 394.671 101.127 335.994 85.3677 82.8364 66.0354 58.6988 52.6112 80.8889 72.3654 43.6729
threshold=1.8604416666666668 0.0010143968863529139 20.538803750000003 5.5000000000000009 3.2395988888888891 2.6835630555555561 0.53469728633126123 4.285608333333335 4.3172916666666667 2.8210648611111115 2.8625300000000005 2.9796766666666672 4.5000000000000009 4.9816166666666684 5.0081250000000006 0.83460972222222229 -4.2801666666666653 2.0548554561780024 2.2687953549117403 2.2720559821751647 0.83465888888888895 -4.9576416666666656 3.5000000000000004 1.1703016666666668 4.9324250000000012 0.0026166666666666669 1.0772808333333337 2.6519416666666671 0.13387044270833334 1.2835333333333336
decision_type=2 2 2 2 2 2 2 2 2 2 2 2 2 2 2 2 2 2 2 2 2 2 2 2 2 2 2 2 2 2
left_child=6 3 7 4 5 -2 23 20 -9 -7 -11 -12 -13 26 16 -10 -15 -18 -17 -20 21 -3 -4 -1 -19 -22 29 -28 -29 -8
right_child=1 2 22 -5 -6 9 13 8 15 10 11 12 -14 14 -16 18 17 24 19 -21 25 -23 -24 -25 -26 -27 27 28 -30 -31
leaf_value=-0.040141867750380304 -0.011205806503444365 0.00080442290617718012 0.0091742264546979865 -9.3563896970039193e-06 -2.2875840230902613e-05 0.0027970340011419024 -0.065466261384800009 1.4309959473379763e-05 0.00079259589944328471 -0.00023521162347101666 0.0018653807886561324 0.00016098432100825733 -0.00012358663160487283 0.00080466695448215835 0.00078107432374717998 -8.8130230636807024e-06 -0.045255853834544925 0.00080480242573536035 0.00010843602714587064 0.046377293401236752 -0.0005697542616293561 0.048608585997381236 0.088611647581232952 -0.00057554874672380773 0.00079464733501460221 0.0030226269437185959 0.0021113759618232564 -0.0097440334758402258 0.032472270851700472 0.0086549135436928774
leaf_weight=182779 789 803 136 2777 1399 2138 55417 1013 289 1565 4163 1365 1426 421 4555 3363 877 772 687 2189 15621 4084 1406 13738 405 106846 39007 16738 6792 9800
leaf_count=182779 789 803 136 2777 1399 2138 55417 1013 289 1565 4163 1365 1426 421 4555 3363 877 772 687 2189 15621 4084 1406 13738 405 106846 39007 16738 6792 9800
internal_value=-0.0015192 0.00504862 0.00204771 0.0312575 0.0396325 0.0454475 -0.00453367 0.00134297 0.0163045 0.0493895 0.043715 0.0553535 0.0308105 -0.00166334 0.0104353 0.00875245 0.0295919 0.0219124 0.00625869 0.0177024 0.000457055 0.0117422 0.0636991 -0.00650232 0.0397145 6.72644e-06 -0.0023291 -0.000671221 -0.00437569 -0.00391886
internal_weight=483360 152059 136437 15622 12845 11446 331301 134895 7541 10657 8519 6954 2791 134784 7030 6528 2475 2054 6239 2876 127354 4887 1542 196517 1177 122467 127754 62537 23530 65217
internal_count=483360 152059 136437 15622 12845 11446 331301 134895 7541 10657 8519 6954 2791 134784 7030 6528 2475 2054 6239 2876 127354 4887 1542 196517 1177 122467 127754 62537 23530 65217
is_linear=0
shrinkage=0.08


Tree=37
num_leaves=31
num_cat=0
split_feature=23 6 7 2 5 2 7 5 8 33 33 29 29 8 7 33 6 6 6 7 33 2 5 19 21 7 21 0 39 7
split_gain=1265.36 1147.06 923.72 552.019 388.514 508.519 1014.65 988.724 287.008 281.616 433.246 169.101 219.029 164.502 137.001 111.272 136.503 108.89 395.086 98.6569 339.024 88.2717 81.5347 66.0354 56.954 50.1238 70.4679 71.0263 40.2672 39.4462
threshold=1.8604416666666668 0.0010143968863529139 20.538803750000003 5.5000000000000009 3.2395988888888891 1.5000000000000002 2.8775041666666668 2.9796766666666672 0.53469728633126123 4.285608333333335 4.3172916666666667 4.9816166666666684 5.0081250000000006 0.42521669621620012 0.83460972222222229 -4.2801666666666653 2.0548554561780024 2.2687953549117403 2.2720559821751647 0.83465888888888895 -4.9576416666666656 3.5000000000000004 1.1703016666666668 4.9324250000000012 0.0026166666666666669 0.96005472222222221 2.6519416666666671 0.13387044270833334 18.703548758458222 2.1722337500000006
decision_type=2 2 2 2 2 2 2 2 2 2 2 2 2 2 2 2 2 2 2 2 2 2 2 2 2 2 2 2 2 2
left_child=8 3 9 4 5 6 -2 13 22 19 29 25 15 -7 -12 -13 -17 -16 -19 20 -3 -4 -1 -18 -21 -10 28 -28 -27 -11
right_child=1 2 21 -5 -6 7 -8 -9 11 10 14 12 -14 -15 17 16 23 18 -20 24 -22 -23 -24 -25 -26 26 27 -29 -30 -31
leaf_value=-0.036930518330349889 -9.5849949094564126e-05 0.00074006907368300294 0.0084402883383222615 -8.6078785212606597e-06 -2.1045773012424717e-05 0.0025732712810505377 0.00014810557532758396 -0.00011369970107647732 -0.055047070705737847 1.3165162715509383e-05 0.00072918822748782477 0.00074029359812357145 0.00071858837784741377 -0.03444319667096167 -8.1079812186146676e-06 -0.041635385527781336 0.00074041823167654292 9.976114497419531e-05 0.042667109929137831 -0.00052417392069898489 0.04471989911759075 0.081522715774734425 -0.00052950484698590663 0.00073107554821341127 0.0027808167882211279 -0.00074824147267881424 -0.0089645107977730024 0.033177197821050664 0.0020011359288227126 0.00021616330654124634
leaf_weight=182779 3297 803 136 2777 1399 5041 1500 1426 61322 954 289 421 4555 182 3363 877 772 687 2189 15621 4084 1406 13738 405 106846 33433 16753 7003 9243 59
leaf_count=182779 3297 803 136 2777 1399 5041 1500 1426 61322 954 289 421 4555 182 3363 877 772 687 2189 15621 4084 1406 13738 405 106846 33433 16753 7003 9243 59
internal_value=-0.0017145 0.00432732 0.00197618 0.0248613 0.0318536 0.0367178 0.0168655 0.0510405 -0.00448755 0.0012724 0.0162939 -0.00164435 0.0104353 0.0671599 0.00874019 0.0295919 0.0219124 0.00624587 0.0176745 0.000382931 0.0115294 0.0635434 -0.00643759 0.0397145 -6.18635e-05 -0.00230906 -0.000786611 -0.00427884 0.00115737 0.0649714
internal_weight=483360 152059 136437 15622 12845 11446 4797 6649 331301 134895 7541 134784 7030 5223 6528 2475 2054 6239 2876 127354 4887 1542 196517 1177 122467 127754 66432 23756 42676 1013
internal_count=483360 152059 136437 15622 12845 11446 4797 6649 331301 134895 7541 134784 7030 5223 6528 2475 2054 6239 2876 127354 4887 1542 196517 1177 122467 127754 66432 23756 42676 1013
is_linear=0
shrinkage=0.08


Tree=38
num_leaves=31
num_cat=0
split_feature=23 6 7 2 5 2 7 5 7 33 33 29 29 8 7 33 6 15 2 0 2 33 7 21 19 0 0 21 19 4
split_gain=1210.36 1113.13 902.193 581.884 364.307 483.065 1028.34 908.766 378.531 283.415 437.648 264.983 215.204 181.917 122.871 110.866 136.181 104.128 176.789 236.309 85.0279 73.3076 308.946 74.2655 65.8601 46.9142 108.472 62.0831 45.9944 43.6154
threshold=1.2796333333333336 0.0010143968863529139 20.538803750000003 5.5000000000000009 3.2395988888888891 1.5000000000000002 2.8775041666666668 2.9796766666666672 2.5242526388888895 4.285608333333335 4.3172916666666667 4.9816166666666684 5.0081250000000006 0.44302962325280232 0.83460972222222229 -4.2801666666666653 2.0548554561780024 4.3673583333333346 2.5000000000000004 0.13387044270833334 3.5000000000000004 -4.9576416666666656 0.83460972222222229 0.0026166666666666669 4.9324250000000012 0.17399088541666671 0.18188476562500003 2.2067416666666673 0.64290833333333353 5.5000000000000009
decision_type=2 2 2 2 2 2 2 2 2 2 2 2 2 2 2 2 2 2 2 2 2 2 2 2 2 2 2 2 2 2
left_child=11 3 9 4 5 6 -2 8 -7 21 -11 13 15 -1 -12 -13 -17 -16 -19 -20 -4 22 -3 -23 -18 28 -27 -28 -15 -29
right_child=1 2 20 -5 -6 7 -8 -9 -10 10 14 12 -14 25 17 16 24 18 19 -21 -22 23 -24 -25 -26 26 27 29 -30 -31
leaf_value=-0.033829411290801782 -8.8181953166994729e-05 0.00067952840374537968 0.0077650652712566168 -7.9192482395740178e-06 -1.9362111171439268e-05 -0.023363761504529883 0.00013625712930139146 -0.00010460372499036198 0.0023674095785665016 1.211194969826579e-05 0.00067085316928881865 0.00068107011027365163 -0.00042509161884730418 -0.099837876717372542 -1.3247400822464783e-05 -0.03830455468555883 0.00068118477314243369 -7.4593427211055998e-06 9.1780253376256844e-05 -0.0075726398028454767 0.075000898512755612 -0.00048224000704308881 0.00068086354778834851 0.00059224930006142199 0.0006725895043563668 0.02429489516511631 -0.03460924991496242 0.182296954274933 -0.0068705317467044292 0.025083257467692431
leaf_weight=168811 3443 629 136 3159 1399 434 1500 1426 5046 1014 313 421 4252 42111 4062 873 771 1084 701 523 1406 17632 3603 138796 405 8273 43398 793 22031 4915
leaf_count=168811 3443 629 136 3159 1399 434 1500 1426 5046 1014 313 421 4252 42111 4062 873 771 1084 701 523 1406 17632 3603 138796 405 8273 43398 793 22031 4915
internal_value=-0.00164532 0.00340961 0.00148799 0.0233086 0.0306655 0.0352239 0.0161311 0.0488897 0.0636934 0.000930069 0.0159262 -0.00481567 0.0108872 -0.00517923 0.00849558 0.029668 0.0219854 0.00609105 0.0196603 0.0404967 0.0624021 0.000211625 0.0106011 -6.94524e-05 0.0397551 -0.002819 -0.00115708 -0.00258478 -0.0043057 0.00525858
internal_weight=483360 186306 169899 16407 13248 11849 4943 6906 5480 168357 7697 297054 6722 290332 6683 2470 2049 6370 2308 1224 1542 160660 4232 156428 1176 121521 57379 49106 64142 5708
internal_count=483360 186306 169899 16407 13248 11849 4943 6906 5480 168357 7697 297054 6722 290332 6683 2470 2049 6370 2308 1224 1542 160660 4232 156428 1176 121521 57379 49106 64142 5708
is_linear=0
shrinkage=0.08


Tree=39
num_leaves=31
num_cat=0
split_feature=39 6 7 7 7 2 5 8 6 6 33 7 25 33 0 2 0 31 29 29 6 5 13 7 23 17 5 27 29 21
split_gain=1188.62 1145.58 840.944 776.717 675.104 1062.98 1007.03 387.767 237.076 417.871 155.914 271.864 231.753 87.3192 377.013 78.2108 74.9704 73.0797 102.735 105.335 137.096 71.3439 67.6905 82.5628 138.533 64.4423 62.8821 42.4368 41.2646 81.5747
threshold=19.504600229175338 0.0010143968863529139 20.538803750000003 2.8210648611111115 2.8775041666666668 3.5000000000000004 2.9461633333333341 0.3312740684603081 2.2130880675444886 2.2381051176731477 -4.9576416666666656 0.83465888888888895 0.0016416666666666669 4.3944666666666672 0.13387044270833334 3.5000000000000004 0.13387044270833334 1.4956083333333334 4.9816166666666684 5.0081250000000006 2.0548554561780024 1.0015377777777781 0.57493333333333341 0.83460972222222229 4.2856250000000014 0.27020833333333338 1.0201388888888892 0.0057333333333333342 0.23730000000000004 0.88007500000000005
decision_type=2 2 2 2 2 2 2 2 2 2 2 2 2 2 2 2 2 2 2 2 2 2 2 2 2 2 2 2 2 2
left_child=7 3 8 -2 -5 -6 -7 26 22 16 11 12 21 -11 -15 -4 -10 18 28 20 -20 -9 23 24 -3 -22 -1 -24 29 -12
right_child=1 2 15 4 5 6 -8 10 9 13 17 -13 -14 14 -16 -17 -18 -19 19 -21 25 -23 27 -25 -26 -27 -28 -29 -30 -31
leaf_value=-0.031965725013514204 0.0021780168122811716 -0.041601112682075191 0.0085401006168206103 -8.112739691362947e-05 0.00033021897691146054 0.0014639977902320923 -7.2857083804223068e-06 0.00062639446396531187 1.1142993722401684e-05 0.041393583332391452 -0.050956638405694983 0.0010738458765406733 -0.12650399356332584 8.4437833106179033e-05 0.12365372946941104 0.069000826631735207 0.044232745804129822 0.00074332962166597134 -0.035240190310714119 -0.0045062789089308809 0.00061878234400786886 -6.2695135217580861e-05 0.0017563382977678187 -0.00044366080647961325 0.00061718491574573879 0.00062668999129101622 -0.0017335473021537417 0.00071939594368291898 -0.033856622321560892 0.032594627900071275
leaf_weight=144342 2180 653 132 4241 2860 1397 4197 1107 961 6267 45274 5598 676 706 2080 1406 145 74560 867 3411 405 106 3193 13488 280 761 11668 59512 77581 13306
leaf_count=144342 2180 653 132 4241 2860 1397 4197 1107 961 6267 45274 5598 676 706 2080 1406 145 74560 867 3411 405 106 3193 13488 280 761 11668 59512 77581 13306
internal_value=-0.00161023 0.0059806 0.00253961 0.0265277 0.0189523 0.0320189 0.0117354 -0.00368353 0.00150633 0.0129942 -0.00154819 0.00980152 0.0360445 0.0073231 0.019107 0.0611808 0.0594141 -0.0019413 -0.00300865 0.00776782 0.022182 0.0569629 -6.84785e-06 -0.0049489 0.0180665 0.0400961 -0.0067447 0.00112973 -0.00343952 -0.00183681
internal_weight=483360 103698 88823 14875 12695 8454 5594 379662 87285 10159 223652 7487 1889 9053 2786 1538 1106 216165 141605 5444 2033 1213 77126 14421 933 1166 156010 62705 136161 58580
internal_count=483360 103698 88823 14875 12695 8454 5594 379662 87285 10159 223652 7487 1889 9053 2786 1538 1106 216165 141605 5444 2033 1213 77126 14421 933 1166 156010 62705 136161 58580
is_linear=0
shrinkage=0.08


Tree=40
num_leaves=31
num_cat=0
split_feature=23 6 7 2 5 2 5 5 7 8 33 33 29 29 7 33 6 6 6 33 7 39 21 2 19 7 29 39 39 7
split_gain=1116.04 1047.22 711.732 523.068 348.973 549.287 971.102 908.396 378.377 283.502 276.458 435.579 166.172 217.831 123.356 110.866 136.181 108.791 399.033 73.137 310.167 70.027 69.2453 67.2295 65.8601 48.8959 75.2713 48.8203 42.7661 42.5886
threshold=1.5255416666666668 0.0010143968863529139 20.538803750000003 5.5000000000000009 3.2395988888888891 1.5000000000000002 3.0296544444444446 2.9796766666666672 2.5242526388888895 0.53469728633126123 4.285608333333335 4.3172916666666667 4.9816166666666684 5.0081250000000006 0.83460972222222229 -4.2801666666666653 2.0548554561780024 2.2687953549117403 2.2720559821751647 -4.9576416666666656 0.83460972222222229 8.0071580108631153 0.0026166666666666669 3.5000000000000004 4.9324250000000012 0.96005472222222221 4.1530083333333332 36.871013643965249 19.554335544244413 2.1722337500000006
decision_type=2 2 2 2 2 2 2 2 2 2 2 2 2 2 2 2 2 2 2 2 2 2 2 2 2 2 2 2 2 2
left_child=9 3 10 4 5 6 -2 8 -7 21 19 29 25 15 -13 -14 -17 -16 -19 20 -3 -1 -21 -4 -18 -11 27 28 -27 -12
right_child=1 2 23 -5 -6 7 -8 -9 -10 12 11 14 13 -15 17 16 24 18 -20 22 -22 -23 -24 -25 -26 26 -28 -29 -30 -31
leaf_value=-0.029408467012433076 -7.4637205160534852e-05 0.00057505457432853295 0.0064606520002104166 -6.7028517099743114e-06 -1.723028560729034e-05 -0.021355976799995187 9.8939040804353341e-05 -9.5652570320687864e-05 0.0020037754672986808 -0.045336217229071177 1.0251554224609549e-05 0.00056781012248606543 0.00057647294433458283 7.0322997001240052e-05 -0.00041855467648254318 -0.032420975085856993 0.00057655479198771788 7.7682806457701759e-05 0.034164339393207781 -0.00040816794196125273 0.00057628290684810682 -0.0045991303501405944 0.0030402703959142179 0.063480760501196304 0.00056927975648726206 0.0029249289568618743 -0.17138174285347549 -0.0081449781917966035 0.0016774433910720177 -0.00018744525867809615
leaf_weight=174422 3578 625 136 2930 1399 434 1365 1426 5046 59444 955 311 421 4424 3376 873 771 687 2210 16639 3554 16909 118130 1406 405 36744 9664 8122 6895 59
leaf_count=174422 3578 625 136 2930 1399 434 1365 1426 5046 59444 955 311 421 4424 3376 873 771 687 2210 16639 3554 16909 118130 1406 405 36744 9664 8122 6895 59
internal_value=-0.00160411 0.00375362 0.00164237 0.0230792 0.0298442 0.0343057 0.0139462 0.0488781 0.0636788 -0.0043622 0.00107346 0.0159326 -0.00144411 0.0106365 0.00841555 0.029668 0.0219854 0.00597736 0.0173504 0.00026093 0.0106839 -0.00631078 -6.22714e-05 0.0557095 0.0397551 -0.00213315 -0.000550266 0.0006598 0.00171974 0.0647416
internal_weight=483360 164266 148088 16178 13248 11849 4943 6906 5480 319094 146546 7598 127763 6894 6584 2470 2049 6273 2897 138948 4179 191331 134769 1542 1176 120869 61425 51761 43639 1014
internal_count=483360 164266 148088 16178 13248 11849 4943 6906 5480 319094 146546 7598 127763 6894 6584 2470 2049 6273 2897 138948 4179 191331 134769 1542 1176 120869 61425 51761 43639 1014
is_linear=0
shrinkage=0.08


Tree=41
num_leaves=31
num_cat=0
split_feature=39 6 7 7 2 5 7 8 6 6 33 7 25 33 0 31 0 5 19 2 6 7 21 33 0 4 4 29 29 7
split_gain=1141.51 1160.97 771.99 683.295 1050.34 994.824 605.422 391.501 222.589 422.275 151.939 271.422 231.1 89.8021 379.159 83.6714 75.6352 72.9428 66.6596 56.2479 54.9257 49.1427 73.7645 67.0424 50.2226 64.694 111.134 47.3986 50.7559 39.1636
threshold=19.554335544244413 0.0010143968863529139 2.8210648611111115 2.8775041666666668 3.5000000000000004 2.9461633333333341 20.538803750000003 0.3312740684603081 2.2130880675444886 2.2381051176731477 -4.9576416666666656 0.83465888888888895 0.0041250000000000011 4.3944666666666672 0.13387044270833334 1.0235500000000004 0.13387044270833334 1.0015377777777781 3.5502916666666668 3.5000000000000004 2.0733675292722418 0.96005472222222221 1.310416666666667 -4.2133166666666657 0.14469401041666669 49.500000000000007 51.500000000000007 4.9816166666666684 5.0081250000000006 0.83704472222222226
decision_type=2 2 2 2 2 2 2 2 2 2 2 2 2 2 2 2 2 2 2 2 2 2 2 2 2 2 2 2 2 2
left_child=7 2 -2 -4 -5 -6 8 15 20 16 11 12 17 -11 -15 -1 -10 -9 21 -8 29 22 27 -23 -24 -26 -27 -12 -29 -3
right_child=1 6 3 4 5 -7 19 10 9 13 18 -13 -14 14 -16 -17 -18 -19 -20 -21 -22 23 24 -25 25 26 -28 28 -30 -31
leaf_value=-0.027055789651438431 0.0018434734299147947 0.0067377219199653386 -6.8666228747709112e-05 0.0001434994213746421 0.0011865759296296474 -6.166623573164998e-06 0.0073400404074581618 0.00053018027430027813 9.4314298866748924e-06 0.037804117416905661 -0.041773479773227803 0.00098231236665732532 -0.11391130880951161 7.1468181941085625e-05 0.11286563676636693 -0.0017304956366732661 0.041643580638125219 -0.0001037821569480002 0.014016691470174807 0.058402299661100589 -0.00013015317847937525 -0.15767120342519747 -0.041503217002450382 -0.0012491667163902953 0.014205376971259689 0.22417086892157254 -0.014258275915571907 0.00053043040862867487 -0.081157055514316526 0.00027351549997227663
leaf_weight=142290 2180 1647 4241 2860 1397 4197 132 1108 961 6261 81462 5598 675 706 2080 13723 144 106 28417 1406 8085 9324 3519 86118 5740 702 547 857 913 65964
leaf_count=142290 2180 1647 4241 2860 1397 4197 132 1108 961 6261 81462 5598 675 706 2080 13723 144 106 28417 1406 8085 9324 3519 86118 5740 702 547 857 913 65964
internal_value=-0.00150331 0.00600182 0.0266622 0.0191099 0.0322555 0.012093 0.00248497 -0.00351718 0.0015937 0.0127171 -0.00138244 0.00982289 0.0360445 0.00701492 0.0189634 -0.00659704 0.0594027 0.0569094 -0.00176799 0.0522341 0.000101879 -0.00231067 -0.00361169 -0.00103284 0.00270422 0.0066287 0.0231289 -0.00440908 0.00854237 0.000847079
internal_weight=483360 102261 14875 12695 8454 5594 87386 381099 85848 10152 225086 7487 1889 9047 2786 156013 1105 1214 217599 1538 75696 189182 93740 95442 10508 6989 1249 83232 1770 67611
internal_count=483360 102261 14875 12695 8454 5594 87386 381099 85848 10152 225086 7487 1889 9047 2786 156013 1105 1214 217599 1538 75696 189182 93740 95442 10508 6989 1249 83232 1770 67611
is_linear=0
shrinkage=0.08


Tree=42
num_leaves=31
num_cat=0
split_feature=5 6 2 7 7 2 5 5 8 33 5 33 7 25 31 2 0 5 8 5 39 39 2 8 5 29 0 39 25 39
split_gain=1068.43 1099.37 544.743 490.447 373.06 614.026 1021.37 959.78 297.738 225.463 450.836 194.569 235.021 231.265 95.636 82.7161 413.187 71.6248 56.2198 107.893 52.5382 77.7992 46.5294 45.0629 40.9797 42.0151 38.1563 46.9282 37.6502 36.9314
threshold=2.2835738888888897 0.0010143968863529139 5.5000000000000009 20.538803750000003 3.1944631944444448 1.5000000000000002 2.9796766666666672 3.0296544444444446 0.32658142054652634 4.285608333333335 2.3248033333333336 -4.9576416666666656 0.83465888888888895 0.0041250000000000011 1.2280583333333335 2.5000000000000004 0.13387044270833334 1.0015377777777781 0.0051176092131718452 2.8774866666666674 7.6580470696301228 32.931476826539416 3.5000000000000004 2.1800053275934403 0.66776666666666695 5.0074250000000013 0.18188476562500003 7.4967915958969895 0.47474166666666667 16.277403159413662
decision_type=2 2 2 2 2 2 2 2 2 2 2 2 2 2 2 2 2 2 2 2 2 2 2 2 2 2 2 2 2 2
left_child=8 2 4 9 5 7 18 -2 14 -3 23 12 13 17 -1 -12 -17 -10 -7 -20 28 29 -5 -11 25 -14 -16 -28 -13 -22
right_child=1 3 -4 22 -6 6 -8 -9 11 10 15 20 24 -15 26 16 -18 -19 19 -21 21 -23 -24 -25 -26 -27 27 -29 -30 -31
leaf_value=-0.024631326250441513 -6.3172930447876757e-05 0.0025618487407750691 -5.6732936873160611e-06 0.0053565966075967706 -1.5358532872866703e-05 0.0016959955555216056 -8.7507034809171104e-05 7.9543963830062129e-05 0.00048776585235629002 8.6769154957266889e-06 -0.0063091942811286114 -0.015514950283602764 -0.25051068845695601 -0.10542240438608451 0.0010715025936785239 6.5750727385776027e-05 0.06222217865830295 -9.5479584392137436e-05 -0.0016384144765549636 0.0010916498552592912 -0.0030090161296526109 -0.00036510225232603942 0.053730115688212551 -1.8097691186653718e-05 -0.0027255612653981844 0.00090372737732472789 -0.033297632035764621 0.006201160245772286 -0.037065599094290511 0.0016057417941610197
leaf_weight=145884 3432 105240 2777 136 1363 4590 1462 1365 1108 943 3018 69895 97 670 7717 700 2786 104 180 312 27282 17763 1406 62 2192 94 103 130 59437 21112
leaf_count=145884 3432 105240 2777 136 1363 4590 1462 1365 1108 943 3018 69895 97 670 7717 700 2786 104 180 312 27282 17763 1406 62 2192 94 103 130 59437 21112
internal_value=-0.00162827 0.00458022 0.024587 0.00187024 0.0316033 0.0363559 0.0522934 0.0146141 -0.00390688 0.00125738 0.0146502 -0.00186966 0.015034 0.0361658 -0.00655221 0.00694465 0.0153391 0.0570165 0.0692452 0.0435447 -0.00223845 -0.000404736 0.0466822 0.0645174 -0.00165506 0.0338848 0.00199245 0.0338884 -0.00317645 0.00125734
internal_weight=483360 129772 15481 114291 12704 11341 6544 4797 353588 112749 7509 199754 4265 1882 153834 6504 3486 1212 5082 492 195489 66157 1542 1005 2383 191 7950 233 129332 48394
internal_count=483360 129772 15481 114291 12704 11341 6544 4797 353588 112749 7509 199754 4265 1882 153834 6504 3486 1212 5082 492 195489 66157 1542 1005 2383 191 7950 233 129332 48394
is_linear=0
shrinkage=0.08


Tree=43
num_leaves=31
num_cat=0
split_feature=5 6 7 7 7 7 2 5 33 8 5 33 33 5 23 29 7 15 2 0 5 25 0 6 21 7 15 7 17 19
split_gain=857.736 480.133 406.011 327.254 1075.87 460.603 597.067 934.706 215.835 168.778 142.581 111.277 542.143 129.206 168.294 260.009 154.91 122.168 154.068 272.887 92.533 89.6702 56.6979 92.2612 55.5756 54.4173 50.0166 48.9957 41.6212 39.3167
threshold=0.9919366666666668 0.0010143968863529139 20.538803750000003 2.5803031944444452 2.8210648611111115 2.8878026388888887 1.0000000180025095e-35 2.9461633333333341 -4.9576416666666656 0.32160601382235582 2.8774866666666674 4.285608333333335 4.3172916666666667 1.0015377777777781 4.9306333333333336 4.9816166666666684 0.83704472222222226 4.3673583333333346 2.5000000000000004 0.13387044270833334 0.66776666666666695 0.0041250000000000011 0.13387044270833334 2.0735331453653116 1.310416666666667 2.1722337500000006 0.38289166666666669 1.2181743055555556 0.41137500000000005 5.0076583333333344
decision_type=2 2 2 2 2 2 2 2 2 2 2 2 2 2 2 2 2 2 2 2 2 2 2 2 2 2 2 2 2 2
left_child=8 3 11 -2 -5 -6 -7 10 20 -10 -8 13 25 14 15 -3 -16 -14 -19 -20 21 -1 23 -15 27 -13 -26 29 -17 -11
right_child=1 2 -4 4 5 6 7 -9 9 24 -12 12 17 22 16 28 -18 18 19 -21 -22 -23 -24 -25 26 -27 -28 -29 -30 -31
leaf_value=0.00083142918713875248 -0.010006471185033092 -0.063449821455394337 0.049431706433155684 0.0015603159110798616 -3.6601767770605422e-06 7.3180446723668528e-05 -2.3696930412953066e-06 -5.2194301923336181e-06 -0.023094155454666438 -0.033864010295899069 0.0010043178668385621 7.982762256091291e-06 -0.00027342838352453216 -0.00029735126252777633 0.00044874458416778397 0.0006155982031128105 -0.40089617381345416 -0.0058044587386383026 6.0490669194948057e-05 -0.0049274430929554143 -0.00034315788732357076 -0.17487515542920676 0.0035256582041615111 -0.0011465553880579194 -0.012864220924467307 0.0019254013716689265 0.039780826162860959 0.011375884966035728 0.0017291919986265471 0.03216269607198434
leaf_weight=499 3560 3301 1542 2155 5517 1365 158 4194 140051 83149 1461 964 8021 50450 702 313 282 1181 701 681 313 145 136697 16281 5054 83 4440 8003 669 1428
leaf_count=499 3560 3301 1542 2155 5517 1365 158 4194 140051 83149 1461 964 8021 50450 702 313 282 1181 701 681 313 145 136697 16281 5054 83 4440 8003 669 1428
internal_value=-0.00177276 0.00161686 0.000586725 0.0140315 0.0192539 0.010382 0.0237414 0.0125608 -0.00512328 -0.00527315 0.0641927 0.000300426 0.00791608 -0.000124011 0.0122468 0.00539248 0.0420813 0.00248375 0.0176886 0.0358205 0.0327941 0.0501366 -0.000444307 -0.00235585 -0.00279907 0.0628309 0.00303012 -0.00339685 0.0415316 -0.00396297
internal_weight=483360 240278 221868 18410 14850 12695 7178 5813 243082 242125 1619 220326 11631 208695 5267 4283 984 10584 2563 1382 957 644 203428 66731 102074 1047 9494 92580 982 84577
internal_count=483360 240278 221868 18410 14850 12695 7178 5813 243082 242125 1619 220326 11631 208695 5267 4283 984 10584 2563 1382 957 644 203428 66731 102074 1047 9494 92580 982 84577
is_linear=0
shrinkage=0.08


Tree=44
num_leaves=31
num_cat=0
split_feature=5 6 7 7 7 2 5 33 33 2 13 33 8 5 5 23 29 7 15 2 0 5 25 7 7 23 33 31 21 21
split_gain=892.518 461.717 327.617 1085.54 460.603 597.067 934.706 243.088 491.089 398.82 251.61 214.739 171.405 142.581 135.679 170.204 255.993 147.488 103.222 155.427 269.227 92.533 89.6702 87.6644 73.824 65.7543 47.7487 44.6869 59.7751 43.552
threshold=0.9919366666666668 0.0010143968863529139 2.6835630555555561 2.8210648611111115 2.8878026388888887 1.0000000180025095e-35 2.9461633333333341 4.2788000000000013 4.3172916666666667 4.5000000000000009 20.938408333333339 -4.9576416666666656 0.32160601382235582 2.8774866666666674 1.0015377777777781 4.9306333333333336 4.9816166666666684 0.83704472222222226 4.3673583333333346 2.5000000000000004 0.13387044270833334 0.66776666666666695 0.0041250000000000011 2.1722337500000006 0.83460972222222229 5.0073500000000015 -4.2133166666666657 1.3698000000000004 1.3577083333333337 1.4148250000000002
decision_type=2 2 2 2 2 2 2 2 2 2 2 2 2 2 2 2 2 2 2 2 2 2 2 2 2 2 2 2 2 2
left_child=11 2 -2 -4 -5 -6 13 10 9 23 14 21 27 -7 15 16 -3 -17 24 -20 -21 22 -1 -9 25 -10 -16 -13 -29 -14
right_child=1 7 3 4 5 6 -8 8 18 -11 -12 12 29 -15 26 17 -18 -19 19 20 -22 -23 -24 -25 -26 -27 -28 28 -30 -31
leaf_value=0.00076491485216763529 -0.0092059534902304563 -0.0583738357389628 0.001435490638193464 -3.3673626348829089e-06 6.7326010985766522e-05 -2.1801175979874188e-06 -4.8018757769341392e-06 7.3441412756380941e-06 5.1149879853795708e-06 -0.001096037743534808 0.17521266451034137 -0.021246623018293127 -0.025781724994356731 0.00092397243749147155 -0.1060518091962685 0.00041284501743433567 0.001582049002221737 -0.36882447990837786 -0.005340102039547219 5.5651415659383472e-05 0.023170764308877621 -0.00031570525633767944 -0.16088514299487019 -0.00032578844681339095 -0.0035461229233422304 3.4450009958035824e-05 -0.00011169253065187235 -0.0041900873001064921 0.0075525998624838137 0.015842119856244778
leaf_weight=499 3577 3301 2138 5517 1365 158 4194 1655 313 727 2167 139654 93722 1461 14652 702 982 282 1182 701 693 313 145 125 7507 201 186678 272 125 8352
leaf_count=499 3577 3301 2138 5517 1365 158 4194 1655 313 727 2167 139654 93722 1461 14652 702 982 282 1182 701 693 313 145 125 7507 201 186678 272 125 8352
internal_value=-0.00160907 0.00184859 0.0140228 0.0192635 0.010382 0.0237414 0.0125608 0.000838407 0.0114078 0.0432485 0.000174971 -0.00502685 -0.00517634 0.0641927 -0.000109471 0.0125658 0.00567266 0.0425691 0.00387506 0.0178075 0.0359024 0.0327941 0.0501366 0.0636404 -0.000599428 0.0287315 -0.000441069 -0.00699351 0.0198086 -0.00268307
internal_weight=483360 240278 18410 14833 12695 7178 5813 221868 13104 2507 208764 243082 242125 1619 206597 5267 4283 984 10597 2576 1394 957 644 1780 8021 514 201330 140051 397 102074
internal_count=483360 240278 18410 14833 12695 7178 5813 221868 13104 2507 208764 243082 242125 1619 206597 5267 4283 984 10597 2576 1394 957 644 1780 8021 514 201330 140051 397 102074
is_linear=0
shrinkage=0.08


Tree=45
num_leaves=31
num_cat=0
split_feature=5 6 7 7 7 2 5 33 33 2 33 8 5 5 23 29 7 39 23 23 6 7 5 25 7 6 31 21 17 7
split_gain=868.345 462.377 326.9 1069.79 460.603 597.067 934.706 253.134 484.333 398.82 213.627 175.565 142.581 133.353 168.313 253.068 147.488 116.444 102.206 115.037 238.675 127.223 92.533 89.6702 87.6644 65.3641 44.432 59.7751 41.6212 38.9233
threshold=0.9919366666666668 0.0010143968863529139 2.5242526388888895 2.8210648611111115 2.8878026388888887 1.0000000180025095e-35 2.9461633333333341 4.2788000000000013 4.3172916666666667 4.5000000000000009 -4.9576416666666656 0.32160601382235582 2.8774866666666674 1.0015377777777781 4.9306333333333336 4.9816166666666684 0.83704472222222226 114.58945070439152 4.3676583333333339 5.0076583333333344 2.2687953549117403 0.89389486111111127 0.66776666666666695 0.0041250000000000011 2.1722337500000006 2.2720559821751647 1.3698000000000004 1.3577083333333337 0.41137500000000005 1.0772808333333337
decision_type=2 2 2 2 2 2 2 2 2 2 2 2 2 2 2 2 2 2 2 2 2 2 2 2 2 2 2 2 2 2
left_child=10 2 -2 -4 -5 -6 12 13 9 24 22 26 -7 14 15 -3 -16 -15 -10 20 21 -20 23 -1 -9 -22 -12 -28 -17 -13
right_child=1 7 3 4 5 6 -8 8 18 -11 11 29 -14 17 16 28 -18 -19 19 -21 25 -23 -24 -25 -26 -27 27 -29 -30 -31
leaf_value=0.00070372166399423008 -0.0084694772110120199 -0.053703928879845785 0.0013206513871379855 -3.097973624086592e-06 6.193993010690235e-05 -2.0057081901470042e-06 -4.4177257147737239e-06 6.7566099735927311e-06 -0.0055042196475422146 -0.0010083547240520119 -0.019546893176829682 -0.022196025969951558 0.00085005464249213961 -0.00023523423864318715 0.00037981741603957178 0.00043978642668605515 -0.33931852151570757 0.044342222373837593 3.1694009161427061e-05 -1.722646159237229e-05 5.1199302406601532e-05 -0.0049128938763834638 -0.00029044883583068782 -0.1480143315552806 -0.00029972537106829125 0.10252597227720019 -0.0038548803160979805 0.0069483918734851002 0.001464292718558653 0.0096563876976923212
leaf_weight=499 3550 3301 2165 5517 1365 158 4194 1655 6562 727 139654 90498 1461 202024 702 313 282 1473 277 1921 685 1054 313 145 125 98 272 125 669 11576
leaf_count=499 3550 3301 2165 5517 1365 158 4194 1655 6562 727 139654 90498 1461 202024 702 313 282 1473 277 1921 685 1054 313 145 125 98 272 125 669 11576
internal_value=-0.0015576 0.00185292 0.0140358 0.0192463 0.010382 0.0237414 0.0125608 0.000842012 0.0116276 0.0432485 -0.00492877 -0.00507787 0.0641927 0.000165007 0.0127329 0.00587812 0.0425691 -0.000160279 0.00414683 0.014166 0.0270426 0.00642524 0.0327941 0.0501366 0.0636404 0.0620894 -0.00691697 0.0198086 0.0415316 -0.00255454
internal_weight=483360 240278 18410 14860 12695 7178 5813 221868 13104 2507 243082 242125 1619 208764 5267 4283 984 203497 10597 4035 2114 1331 957 644 1780 783 140051 397 982 102074
internal_count=483360 240278 18410 14860 12695 7178 5813 221868 13104 2507 243082 242125 1619 208764 5267 4283 984 203497 10597 4035 2114 1331 957 644 1780 783 140051 397 982 102074
is_linear=0
shrinkage=0.08


Tree=46
num_leaves=31
num_cat=0
split_feature=5 8 5 5 5 5 2 33 33 2 33 8 5 23 29 7 23 23 6 7 5 13 25 7 6 21 0 31 7 17
split_gain=844.109 444.911 280.135 1052.71 392.944 579.22 877.286 249.495 484.146 398.82 212.744 181.914 139.135 164.226 246.744 147.488 102.052 115.037 238.675 127.223 92.533 91.1103 89.6702 87.6644 65.3641 49.0879 48.4222 48.2261 47.8643 41.6212
threshold=0.9919366666666668 1.0000000180025095e-35 2.8211077777777782 2.7563805555555558 2.8877716666666671 2.9461633333333341 3.5000000000000004 4.2788000000000013 4.3172916666666667 4.5000000000000009 -4.9576416666666656 0.28204091943791071 1.0015377777777781 4.9306333333333336 4.9816166666666684 0.83704472222222226 4.3676583333333339 5.0076583333333344 2.2687953549117403 0.89389486111111127 0.66776666666666695 19.73491666666667 0.0041250000000000011 2.1722337500000006 2.2720559821751647 1.2835333333333336 0.11779785156250001 1.3490583333333335 1.0772808333333337 0.41137500000000005
decision_type=2 2 2 2 2 2 2 2 2 2 2 2 2 2 2 2 2 2 2 2 2 2 2 2 2 2 2 2 2 2
left_child=10 2 3 -2 -4 -6 -7 12 9 23 20 27 13 14 -3 -15 -10 18 19 -18 22 -14 -1 -9 -20 28 -27 -12 -13 -16
right_child=1 7 4 -5 5 6 -8 8 16 -11 11 25 21 15 29 -17 17 -19 24 -21 -22 -23 -24 -25 -26 26 -28 -29 -30 -31
leaf_value=0.00064742393087470875 -0.0077919190341310699 -0.049407614569458122 -2.8501357341426114e-06 0.0012149992761669637 0.00059060068163393706 5.6984735698364373e-05 -4.0643076576074576e-06 6.2160811756939441e-06 -0.0050638820757388462 -0.00092768634612788508 -0.017983141722683307 -0.022130431341884957 -0.00021641549955170092 0.00034943202275641741 0.00040460351255120489 -0.31217303979445099 2.9158488428535634e-05 -1.5848344664988192e-05 4.7103358214073414e-05 -0.0045198623662727755 -0.00026721292896425552 0.057713257798345574 -0.13617318503085815 -0.00027574734138283928 0.094323894495024235 -0.048519235482421402 0.02835519720825274 0.0013092628484353776 0.0092366058560572825 0.0013471493010739266
leaf_weight=499 2116 3301 5267 2135 1194 1160 3937 1655 6562 727 124872 96600 202848 702 313 282 277 1921 685 1054 313 3250 145 125 98 2528 7499 191 10435 669
leaf_count=499 2116 3301 5267 2135 1194 1160 3937 1655 6562 727 124872 96600 202848 702 313 282 277 1921 685 1054 313 3250 145 125 98 2528 7499 191 10435 669
internal_value=-0.00152698 0.00183561 0.0148073 0.032367 0.00834885 0.0218458 0.0100969 0.000922032 0.0116337 0.0432485 -0.00485078 -0.00499957 0.000257941 0.0130974 0.0063264 0.0425691 0.00415438 0.014166 0.0270426 0.00642524 0.0327941 -7.01821e-05 0.0501366 0.0636404 0.0620894 -0.00273305 0.00261933 -0.00712108 -0.00323446 0.0415316
internal_weight=483360 240278 15809 4251 11558 6291 5097 224469 13104 2507 243082 242125 211365 5267 4283 984 10597 4035 2114 1331 957 206098 644 1780 783 117062 10027 125063 107035 982
internal_count=483360 240278 15809 4251 11558 6291 5097 224469 13104 2507 243082 242125 211365 5267 4283 984 10597 4035 2114 1331 957 206098 644 1780 783 117062 10027 125063 107035 982
is_linear=0
shrinkage=0.08


Tree=47
num_leaves=31
num_cat=0
split_feature=5 6 7 7 7 2 5 8 33 33 33 5 23 29 7 5 15 2 0 5 25 13 8 7 7 23 31 17 33 15
split_gain=790.12 531.704 348.477 1033.97 514.212 622.314 861.726 213.72 186.169 142.505 516.827 151.319 159.687 239.725 147.488 106.951 103.583 154.362 269.227 92.533 89.6702 81.2604 78.6492 54.4173 49.4653 86.6888 48.1601 41.6212 40.893 41.8889
threshold=0.9919366666666668 0.0010143968863529139 2.5242526388888895 2.8210648611111115 2.8878026388888887 2.5000000000000004 2.9461633333333341 0.28204091943791071 -4.9576416666666656 4.285608333333335 4.3172916666666667 1.0015377777777781 4.9306333333333336 4.9816166666666684 0.83704472222222226 2.8877716666666671 4.3673583333333346 2.5000000000000004 0.13387044270833334 0.66776666666666695 0.0041250000000000011 20.938408333333339 0.0088367937866199106 2.1722337500000006 0.83460972222222229 5.0073500000000015 1.3490583333333335 0.41137500000000005 4.0946916666666677 0.78130000000000022
decision_type=2 2 2 2 2 2 2 2 2 2 2 2 2 2 2 2 2 2 2 2 2 2 2 2 2 2 2 2 2 2
left_child=7 2 -2 -4 -5 -6 15 26 19 11 23 12 13 -3 -14 -7 24 -18 -19 20 -9 28 -8 -11 25 -12 -1 -15 29 -13
right_child=1 9 3 4 5 6 22 8 -10 10 16 21 14 27 -16 -17 17 18 -20 -21 -22 -23 -24 -25 -26 -27 -28 -29 -30 -31
leaf_value=-0.016544490384868649 -0.0071685655114005799 -0.045455005403901468 0.0011177993340736236 -2.6221248754154658e-06 7.4297975662496185e-05 -1.7164943099885476e-05 -3.7391630450045454e-06 0.0005956300164046979 -0.015779371911072263 5.7187946816128485e-06 -1.6241086058244037e-07 -0.016685811383042617 0.0003214774609359239 0.00037223523154708007 -0.28719919661089494 0.00079936351105690305 -0.0041582733769709532 4.3335089556961752e-05 0.021488323484367144 -0.00024583589464711509 -0.1252793302283895 0.15412039503135241 2.7327220903536899e-05 0.0018434701546765672 -0.003236133523305327 2.6825809354278362e-05 0.0012045218205605402 0.0012393773569880295 -4.3365956436502984e-07 0.00055124373967739614
leaf_weight=124872 3550 3301 2165 5517 1497 116 3937 499 117062 964 313 37957 702 313 282 1371 1182 701 693 313 145 2167 257 83 7507 201 191 669 6129 158704
leaf_count=124872 3550 3301 2165 5517 1497 116 3937 499 117062 964 313 37957 702 313 282 1371 1182 701 693 313 145 2167 257 83 7507 201 191 669 6129 158704
internal_value=-0.00157349 0.00167979 0.0147442 0.0201238 0.0114092 0.0255247 0.0134328 -0.00478923 -0.00234735 0.00059574 0.00921058 0.000118576 0.0135075 0.00683072 0.0425691 0.0657592 0.0039128 0.0178696 0.0359024 0.0327941 0.0501366 -0.000225493 -0.0051197 0.0628309 -0.000569507 0.0234397 -0.00709358 0.0415316 -0.000390159 -0.000189607
internal_weight=483360 240278 18410 14860 12695 7178 5681 243082 118019 221868 11644 210224 5267 4283 984 1487 10597 2576 1394 957 644 204957 4194 1047 8021 514 125063 982 202790 196661
internal_count=483360 240278 18410 14860 12695 7178 5681 243082 118019 221868 11644 210224 5267 4283 984 1487 10597 2576 1394 957 644 204957 4194 1047 8021 514 125063 982 202790 196661
is_linear=0
shrinkage=0.08


Tree=48
num_leaves=31
num_cat=0
split_feature=5 6 7 2 5 8 33 33 33 5 23 29 7 23 7 5 5 7 7 5 25 7 8 7 31 33 17 21 39 0
split_gain=712.809 284.096 388.373 622.314 861.726 226.084 184.536 179.261 495.853 155.259 157.856 236.895 147.488 135.67 126.964 970.008 106.951 95.0885 268.989 92.533 89.6702 86.5294 78.6492 54.4173 48.114 42.8903 41.6212 41.3872 46.9545 44.4123
threshold=0.9919366666666668 0.0010143968863529139 2.8878026388888887 2.5000000000000004 2.9461633333333341 0.28204091943791071 -4.9576416666666656 4.285608333333335 4.3172916666666667 1.0015377777777781 4.9306333333333336 4.9816166666666684 0.83704472222222226 4.3676583333333339 2.8210648611111115 2.7784577777777781 2.8877716666666671 2.2074163888888889 2.1968679166666676 0.66776666666666695 0.0041250000000000011 0.89389486111111127 0.0088367937866199106 2.1722337500000006 1.3490583333333335 4.0946916666666677 0.41137500000000005 1.2835333333333336 7.1722467952521516 0.11779785156250001
decision_type=2 2 2 2 2 2 2 2 2 2 2 2 2 2 2 2 2 2 2 2 2 2 2 2 2 2 2 2 2 2
left_child=5 2 14 -4 16 24 19 9 23 10 11 -3 -12 -10 15 -2 -5 18 21 20 -7 -15 -6 -9 -1 -11 -13 28 -8 -29
right_child=1 7 3 4 22 6 27 8 13 25 12 26 -14 17 -16 -17 -18 -19 -20 -21 -22 -23 -24 -25 -26 -27 -28 29 -30 -31
leaf_value=-0.015220931154079161 -6.6121526424822717e-06 -0.041818604971589339 6.8354137609496487e-05 -1.5791747651903165e-05 -3.4400300014070239e-06 0.00054797961509230216 -0.023421825562789191 5.2612911071037158e-06 -0.0043998808278153233 -4.3928180427315053e-05 0.00029575926406103295 0.00034245641302334208 -0.2642232608820233 0.00024431020477265974 -2.4123548853793866e-06 0.0010283753873477509 0.00073541443017234088 -0.0082380673612452108 3.9868282392419017e-05 -0.00022616902307532883 -0.11525698381011834 -0.0038256115068132602 2.5141043231258209e-05 0.0016959925423024067 0.0011081600749156984 -3.9896679922435395e-07 0.0011402271684289645 -0.043375346890941906 0.0049222063742471803 0.02734913118447831
leaf_weight=124872 4454 3301 1497 116 3937 499 93917 964 6562 198825 702 313 282 850 5517 1261 1371 1397 650 313 145 1138 257 83 191 6132 669 2528 13118 7499
leaf_count=124872 4454 3301 1497 116 3937 499 93917 964 6562 198825 702 313 282 850 5517 1261 1371 1397 650 313 145 1138 257 83 191 6132 669 2528 13118 7499
internal_value=-0.00164995 0.00144006 0.0109897 0.0255247 0.0134328 -0.00470432 -0.0021928 0.000647662 0.0103099 0.000112488 0.0136746 0.00703619 0.0425691 0.00512069 0.00170085 0.0100577 0.0657592 0.0166642 0.0256012 0.0327941 0.0501366 0.010994 -0.0051197 0.0628309 -0.00707439 -0.000236032 0.0415316 -0.00247883 -0.00293923 0.00243582
internal_weight=483360 240278 18410 7178 5681 243082 118019 221868 11644 210224 5267 4283 984 10597 11232 5715 1487 4035 2638 957 644 1988 4194 1047 125063 204957 982 117062 107035 10027
internal_count=483360 240278 18410 7178 5681 243082 118019 221868 11644 210224 5267 4283 984 10597 11232 5715 1487 4035 2638 957 644 1988 4194 1047 125063 204957 982 117062 107035 10027
is_linear=0
shrinkage=0.08


Tree=49
num_leaves=31
num_cat=0
split_feature=5 6 7 2 5 8 33 33 33 5 23 29 7 7 5 5 15 2 0 5 25 8 7 39 21 33 7 17 19 39
split_gain=688.392 286.737 388.373 622.314 861.726 232.337 186.683 146.032 514.71 157.957 156.531 234.847 147.488 126.964 970.008 106.951 101.798 154.362 269.227 92.533 88.8122 78.6492 54.4173 51.1732 48.816 42.9055 41.8355 41.6212 41.481 36.6974
threshold=0.9919366666666668 0.0010143968863529139 2.8878026388888887 2.5000000000000004 2.9461633333333341 0.21827980938335542 -4.9576416666666656 4.285608333333335 4.3172916666666667 1.0015377777777781 4.9306333333333336 4.9816166666666684 0.83704472222222226 2.8210648611111115 2.7784577777777781 2.8877716666666671 4.3673583333333346 2.5000000000000004 0.13387044270833334 0.66776666666666695 0.0053 0.0088367937866199106 2.1722337500000006 7.1722467952521516 1.1247583333333335 4.0946916666666677 1.0201245833333334 0.41137500000000005 5.0076583333333344 6.3112954564871666
decision_type=2 2 2 2 2 2 2 2 2 2 2 2 2 2 2 2 2 2 2 2 2 2 2 2 2 2 2 2 2 2
left_child=5 2 13 -4 15 -1 19 9 22 10 11 -3 -12 14 -2 -5 -10 -18 -19 20 -7 -6 -9 24 26 29 28 -13 -8 -11
right_child=1 7 3 4 21 6 23 8 16 25 12 27 -14 -15 -16 -17 17 18 -20 -21 -22 -23 -24 -25 -26 -27 -28 -29 -30 -31
leaf_value=-0.014003256661752825 -6.0831804310979012e-06 -0.038473116573862182 6.2885806600725399e-05 -1.4528407839762281e-05 -3.1648276013029886e-06 0.00050414124588492369 -0.021168587371651278 4.8403878185609983e-06 -1.3518941404768725e-05 -0.015251811569686699 0.00027209852293616168 0.00031505989998144914 -0.24308540001146145 -2.2193664945646674e-06 0.0009461053563599365 0.00067658127575853655 -0.003519562586268208 3.6678819800997076e-05 0.020366886944016699 -0.00020807550122931673 -0.10603642510530888 2.3129759772757554e-05 0.0015603131389182187 0.0032952471882763514 0.0084419927137821208 -3.6704945529208997e-07 0.0069848891500270483 0.0010490089949546188 0.038334430768629912 0.0010141018678129399
leaf_weight=108970 4454 3301 1497 116 3937 500 93859 964 8021 55571 702 313 282 5517 1261 1371 1182 701 693 313 144 257 83 16128 12363 6132 9380 669 1425 143254
leaf_count=108970 4454 3301 1497 116 3937 500 93859 964 8021 55571 702 313 282 5517 1261 1371 1182 701 693 313 144 257 83 16128 12363 6132 9380 669 1425 143254
internal_value=-0.00164085 0.00139578 0.0109897 0.0255247 0.0134328 -0.00464245 -0.00241303 0.000599706 0.00932051 0.000116674 0.0137961 0.00718562 0.0425691 0.00170085 0.0100577 0.0657592 0.00403359 0.0178696 0.0359024 0.0327941 0.0501366 -0.0051197 0.0628309 -0.00266607 -0.00324828 -0.000234861 -0.00380983 0.0415316 -0.00431166 -3.15875e-05
internal_weight=483360 240278 18410 7178 5681 243082 134112 221868 11644 210224 5267 4283 984 11232 5715 1487 10597 2576 1394 957 644 4194 1047 133155 117027 204957 104664 982 95284 198825
internal_count=483360 240278 18410 7178 5681 243082 134112 221868 11644 210224 5267 4283 984 11232 5715 1487 10597 2576 1394 957 644 4194 1047 133155 117027 204957 104664 982 95284 198825
is_linear=0
shrinkage=0.08


Tree=50
num_leaves=31
num_cat=0
split_feature=5 6 5 5 2 8 33 33 5 8 23 29 33 7 5 5 15 2 0 19 8 7 0 6 7 21 19 23 0 0
split_gain=669.422 252.951 370.546 591.665 950.928 234.716 146.866 514.71 165.311 155.293 205.191 175.384 145.599 130.31 970.008 104.871 101.798 154.362 269.227 58.2239 56.5439 54.4173 43.3987 101.492 39.1556 37.0655 36.7484 34.7352 33.7608 47.2339
threshold=0.9919366666666668 0.0010143968863529139 2.8877716666666671 2.9461633333333341 3.5000000000000004 0.27357269275252655 4.285608333333335 4.3172916666666667 1.0015377777777781 1.9279260373660134 4.9306333333333336 0.72325000000000017 -4.9576416666666656 2.8210648611111115 2.7784577777777781 0.66770111111111119 4.3673583333333346 2.5000000000000004 0.13387044270833334 4.9324250000000012 0.0088367937866199106 2.1722337500000006 0.13387044270833334 2.073657522339126 0.96005472222222221 1.0866083333333336 5.0076583333333344 5.0076583333333344 0.11779785156250001 0.18188476562500003
decision_type=2 2 2 2 2 2 2 2 2 2 2 2 2 2 2 2 2 2 2 2 2 2 2 2 2 2 2 2 2 2
left_child=5 2 13 -4 -5 -1 8 21 9 10 11 -3 15 14 -2 -7 -9 -18 -19 -13 -6 -8 23 27 25 26 -14 -10 -27 -30
right_child=1 6 3 4 20 12 7 16 22 -11 -12 19 24 -15 -16 -17 17 18 -20 -21 -22 -23 -24 -25 -26 28 -28 -29 29 -31
leaf_value=-0.012882996128812607 -5.5965259966228585e-06 -0.085256463075350869 0.00062245477369785366 5.7854942072665949e-05 -2.9116413931973285e-06 5.8640875972884033e-05 4.4531567930761189e-06 -1.2437426092404281e-05 -0.00018833854330917887 -0.15762430651313161 0.00025033064110125736 0.0048816981022180659 -0.01834611974097787 -2.0418171749980728e-06 0.00087041692785113864 0.0004638099462141554 -0.0032379975793667627 3.3744514216920151e-05 0.018737535988495282 0.00028985510798293037 2.1279378990932686e-05 0.0014354880878047857 0.0038469889997564482 -0.00085337546437209261 0.0067238763274656476 -0.026670802825612166 0.035267676307139555 0.0096786038725805677 0.065590517401133294 -8.8607290159270499e-05
leaf_weight=122246 4454 1683 1371 1365 3937 366 964 8021 51331 1526 711 1035 90573 5752 1261 591 1182 701 693 312 270 83 138226 14839 15026 3446 1422 561 2704 6708
leaf_count=122246 4454 1683 1371 1365 3937 366 964 8021 51331 1526 711 1035 90573 5752 1261 591 1182 701 693 312 270 83 138226 14839 15026 3446 1422 561 2704 6708
internal_value=-0.00167196 0.00132253 0.0103335 0.0249195 0.0133352 -0.00463192 0.000574826 0.00932051 9.04159e-05 0.0140847 0.0228581 0.0137822 -0.00213155 0.00150205 0.0100577 0.0289488 0.00403359 0.0178696 0.0359024 0.0352962 -0.0054899 0.0628309 -0.00026921 -0.00194465 -0.00237967 -0.00292699 -0.00348932 -0.000276268 0.00109628 0.00357671
internal_weight=483360 240278 18410 6943 5572 243082 221868 11644 210224 5267 3741 3030 120836 11467 5715 957 10597 2576 1394 1347 4207 1047 204957 66731 119879 104853 91995 51892 12858 9412
internal_count=483360 240278 18410 6943 5572 243082 221868 11644 210224 5267 3741 3030 120836 11467 5715 957 10597 2576 1394 1347 4207 1047 204957 66731 119879 104853 91995 51892 12858 9412
is_linear=0
shrinkage=0.08


Tree=51
num_leaves=31
num_cat=0
split_feature=5 8 6 5 5 2 33 33 2 5 8 23 29 33 7 5 5 15 2 0 7 8 39 8 17 23 27 4 4 0
split_gain=698.148 242.237 241.677 370.546 591.665 950.928 251.342 487.935 397.573 165.715 155.951 204.511 173.249 146.865 130.31 970.008 104.871 101.798 154.362 269.227 87.6644 56.5439 50.3564 42.352 41.566 36.8253 72.4303 62.7186 49.0619 36.2573
threshold=0.9919366666666668 0.21827980938335542 0.0010143968863529139 2.8877716666666671 2.9461633333333341 3.5000000000000004 4.2788000000000013 4.3172916666666667 4.5000000000000009 1.0015377777777781 1.9279260373660134 4.9306333333333336 4.9816166666666684 -4.9576416666666656 2.8210648611111115 2.7784577777777781 0.66770111111111119 4.3673583333333346 2.5000000000000004 0.13387044270833334 2.1722337500000006 0.0088367937866199106 7.1722467952521516 0.37242542270255319 0.41137500000000005 1.8604416666666668 0.25301666666666672 49.500000000000007 51.500000000000007 0.13387044270833334
decision_type=2 2 2 2 2 2 2 2 2 2 2 2 2 2 2 2 2 2 2 2 2 2 2 2 2 2 2 2 2 2
left_child=1 -1 3 14 -5 -6 9 8 20 10 11 12 23 16 15 -2 -3 -9 -19 -20 -8 -7 25 -4 -14 -15 -27 -28 -29 -11
right_child=2 13 6 4 5 21 7 17 -10 29 -12 -13 24 22 -16 -17 -18 18 19 -21 -22 -23 -24 -25 -26 26 27 28 -30 -31
leaf_value=-0.0118523564385076 -5.1488039169100835e-06 5.3949605895056154e-05 0.029250153273707918 0.00057265839180203676 5.3226546706852676e-05 -2.6787100817315945e-06 6.7932351650910051e-05 -1.1442432004997726e-05 -0.00078510542722234791 -0.00094139756429022724 -0.14501436199208109 0.00023030418981313973 0.00026666669934428456 -0.014013487713903868 -1.8784718010067536e-06 0.00080078357362303623 0.00042670515051703719 -0.0029789577730173987 3.1044953079586433e-05 0.017238533109415612 -0.00058220332982365623 1.9577028671662333e-05 0.0040301479014289389 -0.048810506497255331 0.00057455242718084775 -0.067001542587989626 0.17360533160693117 0.39640241496498485 -0.056301279786403244 0.0035354473695695388
leaf_weight=108970 4454 366 168 1371 1365 3937 1655 8021 727 65299 1526 711 313 113741 5752 1261 591 1182 701 693 125 270 16128 1884 665 1867 1063 265 91 138198
leaf_count=108970 4454 366 168 1371 1365 3937 1655 8021 727 65299 1526 711 313 113741 5752 1261 591 1182 701 693 125 270 16128 1884 665 1867 1063 265 91 138198
internal_value=-0.00153244 -0.00455524 0.00152563 0.0103335 0.0249195 0.0133352 0.000794777 0.0115421 0.0432804 0.000120172 0.0141302 0.0229222 0.0138614 -0.00227881 0.00150205 0.0100577 0.0289488 0.00403359 0.0178696 0.0359024 0.0636404 -0.0054899 -0.00250325 0.000654969 0.0415706 -0.0030808 0.00526841 0.0188922 0.0479551 -0.000242443
internal_weight=483360 243082 240278 18410 6943 5572 221868 13104 2507 208764 5267 3741 3030 134112 11467 5715 957 10597 2576 1394 1780 4207 133155 2052 978 117027 3286 1419 356 203497
internal_count=483360 243082 240278 18410 6943 5572 221868 13104 2507 208764 5267 3741 3030 134112 11467 5715 957 10597 2576 1394 1780 4207 133155 2052 978 117027 3286 1419 356 203497
is_linear=0
shrinkage=0.08


Tree=52
num_leaves=31
num_cat=0
split_feature=5 6 5 5 2 8 33 7 5 25 23 7 33 7 0 29 29 7 5 33 0 39 19 5 8 39 21 7 19 0
split_gain=624.07 257.156 370.546 591.665 950.928 249.594 146.036 130.31 970.008 111.647 207.174 240.621 329.884 202.298 185.77 137.186 161.01 134.114 104.871 76.8898 71.3132 68.8675 66.7171 64.5586 56.5439 45.1579 40.3917 37.225 39.402 35.1142
threshold=0.9919366666666668 0.0010143968863529139 2.8877716666666671 2.9461633333333341 3.5000000000000004 0.21827980938335542 -4.9576416666666656 2.8210648611111115 2.7784577777777781 0.021408333333333335 4.277283333333334 2.1401763888888898 4.3944666666666672 2.1352338888888895 0.13623046875000003 4.9816166666666684 5.0081250000000006 0.83471972222222235 0.66770111111111119 -3.7733749999999993 0.13387044270833334 2.9554447812105962 4.9324250000000012 1.0015377777777781 0.0088367937866199106 6.9832898392040716 1.0866083333333336 1.0772808333333337 5.0076583333333344 0.13387044270833334
decision_type=2 2 2 2 2 2 2 2 2 2 2 2 2 2 2 2 2 2 2 2 2 2 2 2 2 2 2 2 2 2
left_child=5 2 7 -4 -5 -1 18 8 -2 10 15 13 -13 17 -14 20 22 19 -7 23 -3 29 -17 -12 -6 26 27 28 -8 -11
right_child=1 9 3 4 24 6 25 -9 -10 21 11 12 14 -15 -16 16 -18 -19 -20 -21 -22 -23 -24 -25 -26 -27 -28 -29 -30 -31
leaf_value=-0.010904167923426992 -4.7368996035501706e-06 -0.00086608575914702611 0.000526845720457878 4.8968422970290251e-05 -2.4644132751916459e-06 4.9633637423482924e-05 -0.01737560100365872 -1.7281940569091603e-06 0.00073672088773317772 -0.099420782966548174 0.00021187985462809423 -3.9581368702812374e-06 2.8561356833236573e-05 6.2497763518862821e-05 0.030022095717610095 0.00052858823300638846 0.03653673953998704 0.00016068929365673057 0.00039256873847570261 0.00022508700426506325 0.066559739643966317 0.00061295377413326689 0.0033597543186478164 0.010315771184107874 1.8010866377942138e-05 0.0031258990371215451 0.0059126906032280196 0.0097239274923071346 0.033567341219680739 -0.011458493900504034
leaf_weight=108970 4454 12643 1371 1365 3937 366 93325 5752 1261 14359 692 4948 679 674 382 775 1932 1185 591 801 8349 154607 404 467 270 17496 12857 8053 1424 18971
leaf_count=108970 4454 12643 1371 1365 3937 366 93325 5752 1261 14359 692 4948 679 674 382 775 1932 1185 591 801 8349 154607 404 467 270 17496 12857 8053 1424 18971
internal_value=-0.00164333 0.00124795 0.0103335 0.0249195 0.0133352 -0.00450126 -0.00219053 0.00150205 0.0100577 0.000494058 0.00471757 0.0145071 0.00452787 0.030209 0.0450066 0.000725883 0.0164037 0.0216852 0.0289488 0.0345306 -0.00159756 -0.000268475 0.0397014 0.0477032 -0.0054899 -0.00241433 -0.00298734 -0.00351604 -0.00395985 -0.00356676
internal_weight=483360 240278 18410 6943 5572 243082 134112 11467 5715 221868 33931 9828 6009 3819 1061 24103 3111 3145 957 1960 20992 187937 1179 1159 4207 133155 115659 102802 94749 33330
internal_count=483360 240278 18410 6943 5572 243082 134112 11467 5715 221868 33931 9828 6009 3819 1061 24103 3111 3145 957 1960 20992 187937 1179 1159 4207 133155 115659 102802 94749 33330
is_linear=0
shrinkage=0.08


Tree=53
num_leaves=31
num_cat=0
split_feature=23 8 6 5 5 2 7 5 33 2 7 7 15 0 33 7 39 29 33 5 8 21 31 5 5 17 4 7 39 17
split_gain=659.023 317.454 294.917 275.203 594.855 956.112 273.368 790.763 228.729 245.408 336.144 318.34 249.758 228.182 133.468 307.399 85.6895 103.593 84.259 102.98 47.2239 45.7296 36.2773 34.6456 33.9364 51.0997 43.6151 33.8 32.4993 32.0639
threshold=1.4956083333333334 0.14017025764434085 0.0010143968863529139 2.8877716666666671 2.9461633333333341 3.5000000000000004 2.8210648611111115 2.7784577777777781 4.2660583333333344 2.5000000000000004 2.1401763888888898 2.1352338888888895 4.3673583333333346 0.13387044270833334 -4.9576416666666656 0.83470611111111126 6.9832898392040716 4.6376083333333336 -4.9576416666666656 0.66770111111111119 0.0088367937866199106 0.0026166666666666669 0.99199166666666672 1.0015377777777781 0.7860666666666668 0.53871666666666684 50.500000000000007 3.1264600000000007 36.871013643965249 1.4121416666666671
decision_type=2 2 2 2 2 2 2 2 2 2 2 2 2 2 2 2 2 2 2 2 2 2 2 2 2 2 2 2 2 2
left_child=1 -1 3 6 -5 -6 7 -2 14 -10 11 -11 -12 -14 15 23 17 22 19 -19 -7 -16 -3 -4 25 -23 -27 -22 -18 -30
right_child=2 16 8 4 5 20 -8 -9 9 10 12 -13 13 -15 21 -17 28 18 -20 -21 27 24 -24 -25 -26 26 -28 -29 29 -31
leaf_value=-0.010131832009999613 -4.35794763525621e-06 -0.012622500306813578 0.00019492946625781826 0.00048469806282124494 4.5050949132665607e-05 -2.2672602131734722e-06 -1.5899385323692172e-06 0.00067778321671450924 -0.00079679889841528968 0.00029437736270736535 -1.0210329327264844e-06 5.749794243733675e-05 2.6276448286566279e-05 0.0079225943071932151 -0.00095011158152075842 0.026509583086685315 0.0018442092918705079 4.5662946429629868e-05 0.00048630117436587739 0.00036116323939765492 1.6569997067712451e-05 -0.010278195185556612 -0.0022868434684843388 0.0094905094893792362 0.0017917667102702625 0.19666926689283185 0.36076932370550757 -4.6871622580483587e-06 -0.013997802480987573 0.00043619733404508308
leaf_weight=97157 2222 128695 702 1371 1365 3937 5752 1261 3904 994 3082 1373 677 528 13836 3210 47213 326 5350 442 162 1192 27711 289 118534 760 255 108 7480 3472
leaf_count=97157 2222 128695 702 1371 1365 3937 5752 1261 3904 994 3082 1373 677 528 13836 3210 47213 326 5350 442 162 1192 27711 289 118534 760 255 108 7480 3472
internal_value=-0.00159434 -0.00372598 0.00249917 0.0127591 0.0247927 0.0131773 0.00371196 0.0213999 0.00138769 0.0127388 0.0220812 0.0462797 0.00872032 0.0396017 0.000524116 0.0145661 -0.00204846 -0.00299151 0.00722066 0.032 -0.00569907 8.5778e-05 -0.00339097 0.0535136 0.000584986 0.0104141 0.0236059 0.0266667 0.000586605 -0.00333967
internal_weight=483360 317846 165514 16178 6943 5572 9235 3483 149336 10558 6654 2367 4287 1205 138778 4201 220689 162524 6118 768 4207 134577 156406 991 120741 2207 1015 270 58165 10952
internal_count=483360 317846 165514 16178 6943 5572 9235 3483 149336 10558 6654 2367 4287 1205 138778 4201 220689 162524 6118 768 4207 134577 156406 991 120741 2207 1015 270 58165 10952
is_linear=0
shrinkage=0.08


Tree=54
num_leaves=31
num_cat=0
split_feature=23 8 6 5 5 2 7 5 33 7 7 33 7 39 2 0 39 29 7 19 7 8 21 13 31 5 7 0 5 17
split_gain=667.779 317.641 292.394 275.203 594.855 956.112 273.368 790.763 272.332 283.546 519.5 132.231 308.904 125.768 154.518 241.043 74.6744 92.7391 74.0065 71.6005 82.9828 47.2239 45.0244 39.278 34.9106 34.6456 33.8 31.6841 31.1068 48.3041
threshold=1.4956083333333334 0.14017025764434085 0.0010143968863529139 2.8877716666666671 2.9461633333333341 3.5000000000000004 2.8210648611111115 2.7784577777777781 4.2660583333333344 2.1401763888888898 2.1352338888888895 -4.9576416666666656 0.83470611111111126 34.492194707772832 2.5000000000000004 0.13387044270833334 6.9832898392040716 4.6376083333333336 0.89389486111111127 1.0000000180025095e-35 0.83460972222222229 0.0088367937866199106 0.0026166666666666669 5.0073500000000015 0.99199166666666672 1.0015377777777781 3.1264600000000007 0.16293756999353057 0.74428722222222232 0.60268333333333346
decision_type=2 2 2 2 2 2 2 2 2 2 2 2 2 2 2 2 2 2 2 2 2 2 2 2 2 2 2 2 2 2
left_child=1 -1 3 6 -5 -6 7 -2 11 10 18 12 25 -11 -15 -16 17 24 -10 20 23 -7 -13 -19 -3 -4 -23 -18 29 -24
right_child=2 16 8 4 5 21 -8 -9 9 13 -12 22 -14 14 15 -17 27 19 -20 -21 -22 26 28 -25 -26 -27 -28 -29 -30 -31
leaf_value=-0.0093212854491996396 -4.0093118244399764e-06 -0.011612700282268485 0.00017933510895716155 0.00044592221779556242 4.1446873202062309e-05 -2.0858793961053836e-06 -1.4627434497782589e-06 0.00062356055937733861 0.00025083494212516653 -9.39350298096997e-07 5.2898107042338441e-05 -0.00087410265499912045 0.024388816439750473 -0.0026765805883531613 2.4174332423640978e-05 0.1846860689965282 -0.00024135949761461717 0.00043858944390194664 -0.00073305498654207212 -6.2351076044393493e-05 0.00044739708041660722 1.524439730228977e-05 0.0046807508457498833 4.0674766672310629e-05 -0.0021038959910055868 0.0087312687302289055 -4.312189277418197e-06 0.020678014830430601 0.0016962467845261387 0.25805898058330878
leaf_weight=97157 2222 128695 702 1371 1365 3937 5752 1261 906 4459 1389 13836 3210 1057 677 652 44799 726 1418 3671 1515 162 1186 206 27711 289 108 13366 118754 801
leaf_count=97157 2222 128695 702 1371 1365 3937 5752 1261 906 4459 1389 13836 3210 1057 677 652 44799 726 1418 3671 1515 162 1186 206 27711 289 108 13366 118754 801
internal_value=-0.00157746 -0.00372321 0.00254315 0.0127591 0.0247927 0.0131773 0.00371196 0.0213999 0.00143644 0.0138223 0.0316229 0.00049414 0.0144708 0.00416654 0.0189908 0.0371467 -0.0020452 -0.00292555 0.00848881 0.00673684 0.0173371 -0.00569907 5.78386e-05 0.0361202 -0.00330351 0.0535136 0.0266667 0.00041468 0.000553182 0.0104801
internal_weight=483360 317846 165514 16178 6943 5572 9235 3483 149336 10558 3713 138778 4201 6845 2386 1329 220689 162524 2324 6118 2447 4207 134577 932 156406 991 270 58165 120741 1987
internal_count=483360 317846 165514 16178 6943 5572 9235 3483 149336 10558 3713 138778 4201 6845 2386 1329 220689 162524 2324 6118 2447 4207 134577 932 156406 991 270 58165 120741 1987
is_linear=0
shrinkage=0.08


Tree=55
num_leaves=31
num_cat=0
split_feature=23 8 6 33 7 19 5 5 2 7 5 33 7 39 2 0 7 39 29 19 7 13 21 5 7 17 7 21 19 31
split_gain=658.369 317.199 273.005 286.458 303.254 533.958 252.525 617.425 992.794 273.368 790.763 131.587 309.808 125.398 154.064 241.912 85.7301 63.5946 82.0892 61.8843 66.0982 48.0285 44.5674 34.6456 34.519 33.272 53.8231 42.134 37.8809 32.8598
threshold=1.4956083333333334 0.14017025764434085 0.0010143968863529139 4.2660583333333344 2.1401763888888898 4.2673333333333341 2.8877716666666671 2.9461633333333341 3.5000000000000004 2.8210648611111115 2.7784577777777781 -4.9576416666666656 0.83470611111111126 34.492194707772832 2.5000000000000004 0.13387044270833334 0.84922444444444456 6.9832898392040716 4.6376083333333336 1.0000000180025095e-35 0.83460972222222229 5.0073500000000015 0.0026166666666666669 1.0015377777777781 2.2074163888888889 4.1677000000000008 0.97741888888888906 0.99213333333333342 5.0076583333333344 1.8346166666666668
decision_type=2 2 2 2 2 2 2 2 2 2 2 2 2 2 2 2 2 2 2 2 2 2 2 2 2 2 2 2 2 2
left_child=1 -1 6 11 5 16 9 -8 -9 10 -2 12 23 -6 -15 -16 -5 18 24 20 21 -20 -13 -4 25 26 27 28 -3 -30
right_child=2 17 3 4 13 -7 7 8 -10 -11 -12 22 -14 14 15 -17 -18 -19 19 -21 -22 -23 -24 -25 -26 -27 -28 -29 29 -31
leaf_value=-0.0085755826132636586 -3.6885668784947257e-06 -0.010951564832803391 0.00016498830024062273 0.0002307681467551248 -8.6420227425776379e-07 4.8666258478959893e-05 0.00041024844037192311 3.8131123345905848e-05 -1.9190090443998999e-06 -1.3457239737846294e-06 0.00057367571462716425 -0.00080417444259921927 0.022437711124570495 -0.0024624541412848798 2.2240385829732645e-05 0.16991118347680595 -0.00067441058761872339 0.00027339789007300026 0.0004035022883898165 -5.7362989960836333e-05 0.00041160531398325872 3.7420785338539985e-05 0.0022402386332465696 0.008032767231810567 0.015355454981153085 -0.12088567346044078 0.005915435326963126 0.00065066669597456438 -0.26459944176706857 0.03123321307886549
leaf_weight=97157 2222 103796 702 890 4459 1536 1371 1365 4207 5752 1261 13836 3210 1057 677 652 1287 58165 726 3671 1515 206 120741 289 8679 11814 16302 14780 385 650
leaf_count=97157 2222 103796 702 890 4459 1536 1371 1365 4207 5752 1261 13836 3210 1057 677 652 1287 58165 726 3671 1515 206 120741 289 8679 11814 16302 14780 385 650
internal_value=-0.00158458 -0.00371516 0.0025069 0.00143751 0.0141406 0.0325494 0.0123783 0.0239055 0.0120718 0.00371196 0.0213999 0.000471081 0.0144137 0.00415486 0.0189572 0.0370865 0.0070666 -0.00203831 -0.00285073 0.00623995 0.0160948 0.0328584 3.58437e-05 0.0535136 -0.00320632 -0.00349439 -0.00314042 -0.00372815 -0.00429194 0.0109372
internal_weight=483360 317846 165514 149336 10558 3713 16178 6943 5572 9235 3483 138778 4201 6845 2386 1329 2177 220689 162524 6118 2447 932 134577 991 156406 147727 135913 119611 104831 1035
internal_count=483360 317846 165514 149336 10558 3713 16178 6943 5572 9235 3483 138778 4201 6845 2386 1329 2177 220689 162524 6118 2447 932 134577 991 156406 147727 135913 119611 104831 1035
is_linear=0
shrinkage=0.08


Tree=56
num_leaves=31
num_cat=0
split_feature=23 8 6 5 5 2 7 5 33 2 7 27 15 0 33 7 39 29 8 19 7 13 21 5 7 7 17 7 21 19
split_gain=646.505 316.145 300.852 278.522 591.665 950.928 273.368 790.763 242 253.651 365.442 315.422 244.682 235.133 131.455 310.412 62.8911 73.998 56.5439 53.5616 75.4297 48.0285 43.2181 34.6456 32.9414 31.8269 33.4536 49.6684 40.6355 37.9389
threshold=1.4956083333333334 0.14017025764434085 0.0010143968863529139 2.8877716666666671 2.9461633333333341 3.5000000000000004 2.8210648611111115 2.7784577777777781 4.2660583333333344 2.5000000000000004 2.1401763888888898 4.2570833333333331 4.3673583333333346 0.13387044270833334 -4.9576416666666656 0.83470611111111126 6.9832898392040716 4.6376083333333336 0.0088367937866199106 1.0000000180025095e-35 0.83460972222222229 5.0073500000000015 0.0026166666666666669 1.0015377777777781 3.1944631944444448 2.2074163888888889 4.1677000000000008 0.97741888888888906 0.99213333333333342 5.0076583333333344
decision_type=2 2 2 2 2 2 2 2 2 2 2 2 2 2 2 2 2 2 2 2 2 2 2 2 2 2 2 2 2 2
left_child=1 -1 3 6 -5 -6 7 -2 14 -10 11 -11 -12 -14 15 23 17 25 -7 20 21 -19 -16 -4 -20 26 27 28 29 -3
right_child=2 16 8 4 5 18 -8 -9 9 10 12 -13 13 -15 22 -17 -18 19 24 -21 -22 -23 -24 -25 -26 -27 -28 -29 -30 -31
leaf_value=-0.0078895360042025679 -3.3934815282066211e-06 -0.010075439646179123 0.00015178923622137576 0.00037742856514217494 3.5080633478230541e-05 -1.765488320835118e-06 -1.238066055897491e-06 0.00052778165745699819 -0.00062045774060919716 0.00020218589534856335 -7.9506609232282696e-07 4.4772957800631732e-05 2.0461154963342664e-05 -0.012448406459632655 -0.00073984048719125898 0.020642694234604832 0.00025152605886717168 0.00037122210531862268 1.4178366241672791e-05 -5.2773950763977955e-05 0.0003786768888645753 3.442712251143121e-05 0.0020610195425868482 0.0073901458532657218 -5.5452427336177832e-06 0.014127018582660838 -0.11121481958360552 0.0054422005008060801 0.00059861336029660712 0.021514909182967303
leaf_weight=97157 2222 103796 702 1371 1365 3937 5752 1261 3904 854 3082 1513 677 528 13836 3210 58165 726 175 3671 1515 206 120741 289 95 8679 11814 16302 14780 1035
leaf_count=97157 2222 103796 702 1371 1365 3937 5752 1261 3904 854 3082 1513 677 528 13836 3210 58165 726 175 3671 1515 206 120741 289 95 8679 11814 16302 14780 1035
internal_value=-0.00160361 -0.00371491 0.00245084 0.0128134 0.0249195 0.0133352 0.00371196 0.0213999 0.00132822 0.013004 0.022502 0.047733 0.00857103 0.0391369 0.000439953 0.0143756 -0.00204085 -0.00284876 -0.0054899 0.00578228 0.0149505 0.0328584 4.93207e-06 0.0535136 0.0299259 -0.00318638 -0.00346298 -0.00310805 -0.00367264 -0.00422631
internal_weight=483360 317846 165514 16178 6943 5572 9235 3483 149336 10558 6654 2367 4287 1205 138778 4201 220689 162524 4207 6118 2447 932 134577 991 270 156406 147727 135913 119611 104831
internal_count=483360 317846 165514 16178 6943 5572 9235 3483 149336 10558 6654 2367 4287 1205 138778 4201 220689 162524 4207 6118 2447 932 134577 991 270 156406 147727 135913 119611 104831
is_linear=0
shrinkage=0.08


Tree=57
num_leaves=31
num_cat=0
split_feature=23 8 6 5 5 2 7 5 33 7 31 33 7 6 6 39 29 19 7 21 7 13 5 31 2 5 17 4 17 21
split_gain=575.78 317.249 291.97 249.365 620.683 998.091 273.368 790.763 161.217 227.599 228.548 132.194 311.319 126.711 391.568 60.9489 73.5345 53.5616 75.4297 51.3079 50.052 48.0285 34.6456 31.1578 29.448 28.95 45.1097 36.0645 28.0319 61.6005
threshold=1.4956083333333334 0.14017025764434085 0.0010143968863529139 2.8877716666666671 2.9461633333333341 3.5000000000000004 2.8210648611111115 2.7784577777777781 4.2788000000000013 2.1401763888888898 4.2138833333333343 -4.9576416666666656 0.83470611111111126 2.2687953549117403 2.2720559821751647 6.9832898392040716 4.6376083333333336 1.0000000180025095e-35 0.83460972222222229 0.0026166666666666669 0.83704472222222226 5.0073500000000015 1.0015377777777781 0.99199166666666672 2.5000000000000004 0.71068611111111124 0.53871666666666684 50.500000000000007 4.1677000000000008 1.4148250000000002
decision_type=2 2 2 2 2 2 2 2 2 2 2 2 2 2 2 2 2 2 2 2 2 2 2 2 2 2 2 2 2 2
left_child=1 -1 3 6 -5 -6 7 -2 11 10 20 12 22 -11 -15 16 23 18 21 -13 24 -18 -4 28 -10 26 -21 -28 29 -3
right_child=2 15 8 4 5 -7 -8 -9 9 13 -12 19 -14 14 -16 -17 17 -19 -20 25 -22 -23 -24 -25 -26 -27 27 -29 -30 -31
leaf_value=-0.0072583731238663601 -3.1220030059486703e-06 -0.0079029631175467161 0.00013964609732369126 0.00034723427993078816 3.227418279998062e-05 -1.6242492551654663e-06 -1.1390207714256917e-06 0.00048555912486044408 0.00028193232793533696 -3.3519137928550434e-06 4.1191121176566983e-05 -0.00057082112136043863 0.018991278695836469 1.882426256628378e-05 0.019681862275934318 0.00023140397415780085 0.00034152433689314419 -4.8552034702851187e-05 0.00034838273775541497 -0.013141124673863358 -0.13386726296720164 3.1672952710550815e-05 0.0067989341850044835 -0.0019386208534637995 0.00018601102372066693 0.0012502957200192983 0.18100142181400899 0.30074543252038954 -0.10231763401691707 0.019456063355728252
leaf_weight=97157 2222 108900 702 1371 1365 4207 5752 1261 333 3944 821 15286 3210 663 2153 58165 726 3671 1515 1030 589 206 289 27711 559 118957 593 207 12287 7508
leaf_count=97157 2222 108900 702 1371 1365 4207 5752 1261 333 3944 821 15286 3210 663 2153 58165 726 3671 1515 1030 589 206 289 27711 559 118957 593 207 12287 7508
internal_value=-0.00171086 -0.00370333 0.0021154 0.0123239 0.0237788 0.0119139 0.00371196 0.0213999 0.00100948 0.0113511 0.0330773 0.000341387 0.0143185 0.00395266 0.0169148 -0.00202635 -0.00282169 0.00578228 0.0149505 -9.013e-05 0.0143092 0.0328584 0.0535136 -0.00315824 0.0262601 0.000462498 0.0104481 0.0247 -0.0036822 -0.00329861
internal_weight=483360 317846 165514 16178 6943 5572 9235 3483 149336 9062 2302 140274 4201 6760 2816 220689 162524 6118 2447 136073 1481 932 991 156406 892 120787 1830 800 128695 116408
internal_count=483360 317846 165514 16178 6943 5572 9235 3483 149336 9062 2302 140274 4201 6760 2816 220689 162524 6118 2447 136073 1481 932 991 156406 892 120787 1830 800 128695 116408
is_linear=0
shrinkage=0.08


Tree=58
num_leaves=31
num_cat=0
split_feature=23 8 6 2 7 2 33 7 19 8 5 5 39 2 0 33 7 7 39 29 19 7 13 21 5 7 2 6 17 7
split_gain=644.645 319.281 309.235 290.277 626.033 733.537 289.15 306.179 532.685 193.256 156.5 988.347 123.017 150.908 248.037 111.813 329.112 85.0713 58.2976 80.4768 52.2563 75.4001 47.2628 42.3129 34.6456 31.969 29.8103 29.2507 28.8644 42.3642
threshold=1.4956083333333334 0.14017025764434085 0.0010143968863529139 2.5000000000000004 2.8775041666666668 1.5000000000000002 4.2660583333333344 2.1401763888888898 4.2673333333333341 0.0051176092131718452 2.9461633333333341 2.8877716666666671 34.492194707772832 2.5000000000000004 0.13387044270833334 -4.9576416666666656 0.83470611111111126 0.84922444444444456 4.6356847912915153 4.6376083333333336 1.0000000180025095e-35 0.83460972222222229 5.0073500000000015 0.0026166666666666669 1.0015377777777781 2.2074163888888889 2.5000000000000004 0.066370561460421515 4.1677000000000008 1.1851958333333334
decision_type=2 2 2 2 2 2 2 2 2 2 2 2 2 2 2 2 2 2 2 2 2 2 2 2 2 2 2 2 2 2
left_child=1 -1 3 4 5 -2 15 8 17 -7 11 -5 -9 -14 -15 16 24 26 19 25 21 22 -21 -17 -4 28 -8 -20 29 -3
right_child=2 18 6 10 -6 9 7 12 -10 -11 -12 -13 13 14 -16 23 -18 -19 27 20 -22 -23 -24 -25 -26 -27 -28 -29 -30 -31
leaf_value=-0.0066777032739570429 -5.5506818344710498e-05 -0.021027094700517283 0.00012847440953777322 -1.0478991097073731e-06 2.969224817597649e-05 0.0004467143948716057 0.00025937774170053273 -4.6330770153701906e-07 4.3221285950778564e-05 -0.0014876438116577973 -1.4943093147579134e-06 0.00031945553753633506 -0.0022155530376299025 1.7318321560964023e-05 0.15547183038565229 -0.00063498755850709186 0.017471976400169585 -0.00052515543165156944 -0.0034161232383607401 0.00031420238994172677 -4.4667871926620251e-05 0.00032051211873501017 2.9139116493723806e-05 0.001781840093157866 0.0062550194502041028 0.014371592859171401 0.00017113014182299936 -5.3762056159243344e-05 -0.094132223295563699 0.011891686355177143
leaf_weight=97157 3443 103251 702 4151 1500 1273 333 4459 1536 233 4207 1371 1057 677 652 13836 3210 1287 3435 719 3387 1453 206 120741 289 7369 557 80888 11698 8283
leaf_count=97157 3443 103251 702 4151 1500 1273 333 4459 1536 233 4207 1371 1057 677 652 13836 3210 1287 3435 719 3387 1453 206 120741 289 7369 557 80888 11698 8283
internal_value=-0.00157796 -0.00368621 0.00247065 0.0129766 0.0261386 0.0124162 0.00133251 0.0140951 0.0325925 0.0589854 0.00425203 0.0131083 0.00406136 0.0187225 0.0366652 0.000361554 0.013214 0.0071401 -0.00200387 -0.00302633 0.00622376 0.0153137 0.0331676 -3.96521e-05 0.0535136 -0.00343465 0.0261573 -0.000350369 -0.00374072 -0.0033442
internal_weight=483360 317846 165514 16178 6449 4949 149336 10558 3713 1506 9729 5522 6845 2386 1329 138778 4201 2177 220689 136366 5765 2378 925 134577 991 130601 890 84323 123232 111534
internal_count=483360 317846 165514 16178 6449 4949 149336 10558 3713 1506 9729 5522 6845 2386 1329 138778 4201 2177 220689 136366 5765 2378 925 134577 991 130601 890 84323 123232 111534
is_linear=0
shrinkage=0.08


Tree=59
num_leaves=31
num_cat=0
split_feature=23 8 6 33 7 19 5 5 2 7 5 39 2 0 33 7 7 29 39 19 7 13 21 5 6 7 17 7 21 19
split_gain=608.716 326.463 278.931 280.261 290.903 554.539 249.365 620.683 998.091 273.368 790.763 122.651 150.46 248.918 111.732 330.046 69.6746 55.3577 69.5219 50.3834 80.1232 46.8129 41.2631 34.6456 29.2247 28.4625 30.7062 40.2782 37.9867 38.6122
threshold=1.4956083333333334 0.14017025764434085 0.0010143968863529139 4.2660583333333344 2.1401763888888898 4.2673333333333341 2.8877716666666671 2.9461633333333341 3.5000000000000004 2.8210648611111115 2.7784577777777781 34.492194707772832 2.5000000000000004 0.13387044270833334 -4.9576416666666656 0.83470611111111126 0.84922444444444456 4.6376083333333336 4.6356847912915153 1.0000000180025095e-35 0.83460972222222229 5.0073500000000015 0.0026166666666666669 1.0015377777777781 0.066370561460421515 2.2074163888888889 4.1677000000000008 0.96005472222222221 0.89412500000000017 5.0076583333333344
decision_type=2 2 2 2 2 2 2 2 2 2 2 2 2 2 2 2 2 2 2 2 2 2 2 2 2 2 2 2 2 2
left_child=1 -1 6 14 5 16 9 -8 -9 10 -2 -6 -13 -14 15 23 -5 18 25 20 21 -19 -16 -4 -20 26 27 28 29 -3
right_child=2 17 3 4 11 -7 7 8 -10 -11 -12 12 13 -15 22 -17 -18 19 24 -21 -22 -23 -24 -25 -26 -27 -28 -29 -30 -31
leaf_value=-0.0061434870120404741 -2.7884108367004503e-06 -0.026935398931545999 0.00011819645677476842 0.00021863850869259239 -4.2624308541405756e-07 3.9763583074687862e-05 0.00029389909453342967 2.7316868321882737e-05 -1.3747645695616483e-06 -9.6406718093078329e-07 0.00041097724328189146 -0.002038308794619539 1.5932855836098268e-05 0.1430340839548 -0.00058418855382655008 0.01607421828815599 -0.00048314299711947232 0.00028906619874639715 -0.0031428333792918829 -4.1094442172493475e-05 0.00029487114923618666 2.6807987174208849e-05 0.0016392928857052295 0.0057546178941877456 -4.9461091666493928e-05 0.013221865430437702 -0.086601645431918603 0.0059689919918423234 0.0011233875402641162 0.021630973692648398
leaf_weight=97157 2222 84791 702 890 4459 1536 1371 1365 4207 5752 1261 1057 677 652 13836 3210 1287 744 3435 4479 1846 210 120741 289 79374 7369 11698 12997 12717 1029
leaf_count=97157 2222 84791 702 890 4459 1536 1371 1365 4207 5752 1261 1057 677 652 13836 3210 1287 744 3435 4479 1846 210 120741 289 79374 7369 11698 12997 12717 1029
internal_value=-0.00158822 -0.00363688 0.00234595 0.00126501 0.0138299 0.0318599 0.0123239 0.0237788 0.0119139 0.00371196 0.0213999 0.00404967 0.018689 0.036605 0.000309096 0.0131569 0.00589067 -0.00193572 -0.00216972 0.00492485 0.0133429 0.0321677 -9.19641e-05 0.0535136 -0.000356388 -0.00331949 -0.00360829 -0.00319931 -0.00375145 -0.0043561
internal_weight=483360 317846 165514 149336 10558 3713 16178 6943 5572 9235 3483 6845 2386 1329 138778 4201 2177 220689 213410 7279 2800 954 134577 991 82809 130601 123232 111534 98537 85820
internal_count=483360 317846 165514 149336 10558 3713 16178 6943 5572 9235 3483 6845 2386 1329 138778 4201 2177 220689 213410 7279 2800 954 134577 991 82809 130601 123232 111534 98537 85820
is_linear=0
shrinkage=0.08


Tree=60
num_leaves=31
num_cat=0
split_feature=23 8 6 5 5 2 7 5 33 2 7 27 15 0 33 7 29 39 19 7 13 21 5 17 7 21 19 31 15 4
split_gain=586.036 332.047 283.353 249.365 620.683 998.091 273.368 790.763 249.236 252.438 367.402 313.482 244.217 236.134 111.641 330.669 54.5824 65.7514 50.3834 80.1232 46.8129 40.6136 34.6456 29.5684 59.2083 38.3297 35.9286 33.2078 32.5226 35.402
threshold=1.4956083333333334 0.14017025764434085 0.0010143968863529139 2.8877716666666671 2.9461633333333341 3.5000000000000004 2.8210648611111115 2.7784577777777781 4.2660583333333344 2.5000000000000004 2.1401763888888898 4.2570833333333331 4.3673583333333346 0.13387044270833334 -4.9576416666666656 0.83470611111111126 4.6376083333333336 4.6356847912915153 1.0000000180025095e-35 0.83460972222222229 5.0073500000000015 0.0026166666666666669 1.0015377777777781 4.1677000000000008 1.2181743055555556 0.89412500000000017 5.0076583333333344 5.0074250000000013 0.57489166666666669 49.500000000000007
decision_type=2 2 2 2 2 2 2 2 2 2 2 2 2 2 2 2 2 2 2 2 2 2 2 2 2 2 2 2 2 2
left_child=1 -1 3 6 -5 -6 7 -2 14 -10 11 -11 -12 -14 15 22 17 23 19 20 -18 -16 -4 24 25 26 -3 -28 -27 -30
right_child=2 16 8 4 5 -7 -8 -9 9 10 12 -13 13 -15 21 -17 18 -19 -20 -21 -22 -23 -24 -25 -26 28 27 -29 29 -31
leaf_value=-0.0056520080510772354 -2.565337969748782e-06 -0.024488199095641417 0.00010874074023277558 0.00027038716697074249 2.5131518856120751e-05 -1.2647834039825057e-06 -8.8694180647053142e-07 0.00037809906381934153 -0.00044449155734994862 0.00013994864978180034 -3.9214363859230164e-07 3.6582496428678726e-05 1.4658227369181987e-05 -0.03080955203544777 -0.00053745346952041475 0.014788280825103559 0.00026594090284667973 -0.00026677860191675506 -3.7806886798676941e-05 0.00027128145729726327 2.4663348200277823e-05 0.0015081494548487961 0.0052942484626527179 -0.079673513797365106 0.0128832687957282 -0.011541111299315104 -0.24378308193913423 0.027120142646825513 0.0072536469518529462 0.05473589946419443
leaf_weight=97157 2222 88522 702 1371 1365 4207 5752 1261 3904 854 3082 1513 677 528 13836 3210 744 82809 4479 1846 210 120741 289 12962 13881 7860 413 650 5049 1264
leaf_count=97157 2222 88522 702 1371 1365 4207 5752 1261 3904 854 3082 1513 677 528 13836 3210 744 82809 4479 1846 210 120741 289 12962 13881 7860 413 650 5049 1264
internal_value=-0.00159302 -0.00360316 0.00226717 0.0123239 0.0237788 0.0119139 0.00371196 0.0213999 0.00117769 0.0130267 0.022502 0.0478006 0.0085337 0.0390705 0.000276238 0.0131188 -0.00188751 -0.00211987 0.00492485 0.0133429 0.0321677 -0.000124659 0.0535136 -0.00323802 -0.00283845 -0.0034949 -0.00410649 0.0105136 0.000370844 0.00464692
internal_weight=483360 317846 165514 16178 6943 5572 9235 3483 149336 10558 6654 2367 4287 1205 138778 4201 220689 213410 7279 2800 954 134577 991 130601 117639 103758 89585 1063 14173 6313
internal_count=483360 317846 165514 16178 6943 5572 9235 3483 149336 10558 6654 2367 4287 1205 138778 4201 220689 213410 7279 2800 954 134577 991 130601 117639 103758 89585 1063 14173 6313
is_linear=0
shrinkage=0.08


Tree=61
num_leaves=31
num_cat=0
split_feature=23 8 33 7 7 39 2 0 33 7 6 2 5 2 8 7 8 29 39 8 19 7 13 21 5 29 7 21 19 31
split_gain=467.22 341.681 257.171 286.132 518.344 123.751 148.775 248.918 99.4877 332.229 100.472 543.041 593.93 740.609 193.256 73.437 58.9265 53.1513 60.72 51.7676 50.3834 80.1232 46.8129 39.6433 34.6456 30.9862 58.0509 32.9283 37.2464 32.3716
threshold=1.4956083333333334 0.14017025764434085 4.2660583333333344 2.1401763888888898 2.1352338888888895 34.492194707772832 2.5000000000000004 0.13387044270833334 -4.9576416666666656 0.83470611111111126 0.0010143968863529139 2.5000000000000004 3.0296544444444446 1.5000000000000002 0.0051176092131718452 0.89389486111111127 0.0051176092131718452 4.6376083333333336 4.6356847912915153 0.28678200474839849 1.0000000180025095e-35 0.83460972222222229 5.0073500000000015 0.0026166666666666669 1.0015377777777781 4.1530083333333332 0.96005472222222221 0.89412500000000017 5.0076583333333344 1.8346166666666668
decision_type=2 2 2 2 2 2 2 2 2 2 2 2 2 2 2 2 2 2 2 2 2 2 2 2 2 2 2 2 2 2
left_child=1 -1 8 4 15 -5 -7 -8 9 24 11 12 13 -10 -15 -4 -13 18 25 -18 21 22 -19 -12 -2 26 27 28 -3 -30
right_child=2 17 3 5 -6 6 7 -9 10 -11 23 16 -14 14 -16 -17 19 20 -20 -21 -22 -23 -24 -25 -26 -27 -28 -29 29 -31
leaf_value=-0.0051998474069910655 0.00010004148101415922 -0.023907966323954564 0.00023670675258522067 -3.607721475162862e-07 3.3655896714392954e-05 -0.0018396847664619287 1.3485569179678692e-05 0.13380960986687768 -5.0918192158135869e-05 0.013605218359095315 -0.00049445719195880141 -8.1598646193725701e-07 2.3120997347625404e-05 0.00034785113871379283 -0.0013684842260061813 -0.00040893223276192717 0.0002575997940181196 0.00024466563061892544 -0.0002454363137634097 -0.010227564937625786 -3.4782335854757206e-05 0.00024957894071349075 2.2690280344264124e-05 0.0013874974984608936 0.0048707085856405288 -0.073299632693575895 0.0076668983455320848 0.00079033044017405628 -0.21765608794379632 0.02495053123507944
leaf_weight=97157 702 87435 906 4459 1389 1057 677 652 3578 3210 13836 8676 1365 1273 233 1418 566 744 82809 487 4479 1846 210 120741 289 9099 20261 12769 386 651
leaf_count=97157 702 87435 906 4459 1389 1057 677 652 3578 3210 13836 8676 1365 1273 233 1418 566 744 82809 487 4479 1846 210 120741 289 9099 20261 12769 386 651
internal_value=-0.00174313 -0.00353797 0.00170359 0.0137844 0.031666 0.00408473 0.0187896 0.036605 0.000880454 0.0130236 0.00054207 0.0064987 0.0245012 0.0119213 0.0589854 0.00855766 -0.00543448 -0.00179761 -0.0020269 0.0124368 0.00492485 0.0133429 0.0321677 -0.000173999 0.0535136 -0.00310142 -0.0027642 -0.00354647 -0.00409459 0.0109778
internal_weight=483360 317846 165514 10558 3713 6845 2386 1329 154956 4201 150755 16178 6449 5084 1506 2324 9729 220689 213410 1053 7279 2800 954 134577 991 130601 121502 101241 88472 1037
internal_count=483360 317846 165514 10558 3713 6845 2386 1329 154956 4201 150755 16178 6449 5084 1506 2324 9729 220689 213410 1053 7279 2800 954 134577 991 130601 121502 101241 88472 1037
is_linear=0
shrinkage=0.08


Tree=62
num_leaves=31
num_cat=0
split_feature=8 33 33 5 2 39 7 5 33 7 25 23 7 7 39 7 13 13 6 25 29 8 6 2 7 5 5 27 8 2
split_gain=494.71 217.673 244.36 237.732 450.809 156.339 179.732 914.878 123.047 201.584 196.079 117.086 85.5542 292.488 76.4099 57.3471 56.9074 49.6408 58.3767 49.1688 36.9615 36.6837 129.789 51.6391 34.7645 33.3505 47.1835 29.6859 28.2517 27.4679
threshold=0.22392087756050752 4.2660583333333344 4.285608333333335 2.2835738888888897 2.5000000000000004 9.2390928177274088 2.8210648611111115 2.7784577777777781 -4.9576416666666656 0.83470611111111126 0.0041250000000000011 4.3676583333333339 2.2074163888888889 2.1968679166666676 2.863398071038699 0.89389486111111127 0.0041250000000000011 5.0076583333333344 1.7619150898207601 0.48539166666666672 2.7563750000000007 0.0051176092131718452 0.0010143968863529139 1.5000000000000002 2.1450669444444448 2.9461633333333341 2.8877716666666671 1.0000000180025095e-35 8.4319603375609677 1.5000000000000002
decision_type=2 2 2 2 2 2 2 2 2 2 2 2 2 2 2 2 2 2 2 2 2 2 2 2 2 2 2 2 2 2
left_child=5 8 3 4 -3 -1 7 -7 9 10 17 -4 13 15 19 29 -16 18 -2 20 -10 -8 23 -23 -6 26 -25 -21 -11 -13
right_child=1 2 11 -5 24 6 21 -9 14 28 -12 12 -14 -15 16 -17 -18 -19 -20 27 -22 22 -24 25 -26 -27 -28 -29 -30 -31
leaf_value=-0.0047838596144317872 -0.00020215731903284963 -0.00037621765414094457 -3.3191037573487848e-07 -0.00072129121953793177 3.0963424977272782e-05 -2.2948320152238465e-06 -6.007012601827455e-07 0.00032002304761668654 -0.017640762003790993 -0.0027051121589022386 -0.08560458284744582 0.00023775922605025811 -0.021174144871555074 1.2406723645312922e-05 -0.00095226084609429057 -0.0016925099851449943 0.00092940177815272699 0.0003802628199098024 9.0908096615009983e-05 -0.067435662078089834 0.0030786828542581192 2.1271317559801162e-05 -0.0087956548186143377 0.00023699181049668282 -0.00053462128993110982 -7.1032380555990925e-06 0.00022814821009163212 -0.017641525003003224 1.4699057516592768 0.00021777021237838313
leaf_weight=113388 87 722 7803 824 1398 7665 11600 1273 60305 5123 860 200 1412 651 19636 1143 181698 592 821 20906 5211 160 8574 218 38 190 135 29602 463 662
leaf_count=113388 87 722 7803 824 1398 7665 11600 1273 60305 5123 860 200 1412 651 19636 1143 181698 592 821 20906 5211 160 8574 218 38 190 135 29602 463 662
internal_value=-0.00188514 -0.000224534 0.00924635 0.0297196 0.0436775 -0.00582966 -0.00067483 0.00881808 -0.000656963 0.00917594 0.0287797 0.00410344 0.0151072 0.0235663 -0.000903159 0.0084389 3.91768e-05 0.04624 0.0579912 -0.00253837 -0.00109238 -0.004739 -0.000989115 0.0320569 0.0696045 0.0202873 0.0348329 -0.00441404 0.000893661 0.0240186
internal_weight=483360 340157 14853 2982 2158 143203 29815 8938 325304 7946 2360 11871 4068 2656 317358 2005 201334 1500 908 116024 65516 20877 9277 703 1436 543 353 50508 5586 862
internal_count=483360 340157 14853 2982 2158 143203 29815 8938 325304 7946 2360 11871 4068 2656 317358 2005 201334 1500 908 116024 65516 20877 9277 703 1436 543 353 50508 5586 862
is_linear=0
shrinkage=0.08


Tree=63
num_leaves=31
num_cat=0
split_feature=8 23 0 2 23 15 7 15 39 7 5 33 7 33 7 39 33 8 6 2 19 0 6 13 5 5 5 2 23 21
split_gain=464.436 208.779 372.325 288.826 237.344 276.798 221.406 254.094 158.067 178.11 914.878 98.9748 92.319 68.6766 125.737 51.2985 44.9242 38.199 128.707 51.6391 37.7466 50.046 37.9466 37.7415 33.3505 47.1835 27.5417 24.014 22.9646 27.4622
threshold=0.22392087756050752 4.2654833333333348 0.12923177083333334 1.5000000000000002 4.277283333333334 4.3673583333333346 2.1401763888888898 4.2653000000000008 9.2390928177274088 2.8210648611111115 2.7784577777777781 -4.9576416666666656 0.83470611111111126 -3.3727916666666657 0.83470611111111126 1.0000000180025095e-35 5.0079833333333337 0.0051176092131718452 0.0010143968863529139 1.5000000000000002 5.0076583333333344 0.13387044270833334 0.99699688625261718 0.022375000000000003 2.9461633333333341 2.8877716666666671 1.0015377777777781 4.5000000000000009 0.076508333333333345 0.53856666666666675
decision_type=2 2 2 2 2 2 2 2 2 2 2 2 2 2 2 2 2 2 2 2 2 2 2 2 2 2 2 2 2 2
left_child=8 15 3 11 -5 6 7 13 -1 10 -10 12 -3 14 26 20 -15 -11 19 -19 21 -2 -23 -17 25 -21 -6 -9 -25 -30
right_child=1 2 -4 4 5 -7 -8 27 9 17 -12 -13 -14 16 -16 23 -18 18 -20 24 -22 22 -24 28 -26 -27 -28 -29 29 -31
leaf_value=-0.0044011508452772401 -0.062040809111842642 6.6316723299877369e-05 0.0088646685561640532 2.8486350979122222e-05 8.3635448885814866e-05 1.1414185753721996e-05 -3.0535754568461471e-07 3.0686244762065939e-05 -2.1112454540173076e-06 -5.526451593595994e-07 0.00029442120380736015 -0.00034612024180965764 -0.0056220075504169386 -0.00018174985903044672 -0.016574583675173855 -0.00087607997840677854 0.0002003485953881068 1.9569612155017068e-05 -0.0080920024331251738 0.00021803246565696099 0.017146102846987362 -0.02372370030267049 0.033438421196029633 0.0099273239931900042 -6.5349790111568496e-06 0.00020989635328430011 0.0044506308731965304 0.00073905024405139161 -0.0098347324967509551 0.00016290719757233062
leaf_weight=113388 26172 263 48921 730 440 712 1705 740 7665 11600 1273 2804 205 1014 370 33026 376 160 8574 218 3253 28356 11336 18370 190 135 278 35 41985 119066
leaf_count=113388 26172 263 48921 730 440 712 1705 740 7665 11600 1273 2804 205 1014 370 33026 376 160 8574 218 3253 28356 11336 18370 190 135 278 35 41985 119066
internal_value=-0.00199322 -0.000384224 0.00396047 0.0183027 0.0281875 0.0226596 0.0159613 0.0282004 -0.00581513 -0.000631899 0.00881808 -0.00103179 0.0330256 0.0156965 0.03075 -0.00128835 0.00391367 -0.00467769 -0.000851139 0.0320569 -0.00318151 -0.00359699 -0.00180631 -0.000672433 0.0202873 0.0348329 0.050273 0.0681806 -0.00021496 -0.000520632
internal_weight=483360 340157 58593 9672 6400 5670 4958 3253 143203 29815 8938 3272 468 2478 1088 281564 1390 20877 9277 703 69117 65864 39692 212447 543 353 718 775 179421 161051
internal_count=483360 340157 58593 9672 6400 5670 4958 3253 143203 29815 8938 3272 468 2478 1088 281564 1390 20877 9277 703 69117 65864 39692 212447 543 353 718 775 179421 161051
is_linear=0
shrinkage=0.08


Tree=64
num_leaves=31
num_cat=0
split_feature=8 33 33 5 2 33 25 7 39 7 5 5 23 23 33 19 7 33 21 8 6 2 7 29 29 7 19 39 5 5
split_gain=501.165 214.817 244.232 237.732 450.809 185.65 283.933 269.727 152.191 181.157 914.878 151.138 117.781 85.1092 331.834 68.2229 60.1683 52.8116 41.5686 35.383 95.7735 42.9685 35.1818 38.4244 51.5827 34.7645 31.106 29.1801 28.0021 54.7305
threshold=0.22392087756050752 4.2660583333333344 4.285608333333335 2.2835738888888897 2.5000000000000004 -4.9576416666666656 0.0041250000000000011 0.83465888888888895 9.2390928177274088 2.8210648611111115 2.7784577777777781 0.72963777777777794 4.3676583333333339 4.3961333333333341 4.3944666666666672 4.8085583333333348 0.89389486111111127 -4.2133166666666657 0.52293333333333347 0.0051176092131718452 0.0010143968863529139 1.0000000180025095e-35 1.0043434722222224 4.9816166666666684 5.0081250000000006 2.1450669444444448 0.15848333333333334 38.191846032040722 2.9461633333333341 2.8877716666666671
decision_type=2 2 2 2 2 2 2 2 2 2 2 2 2 2 2 2 2 2 2 2 2 2 2 2 2 2 2 2 2 2
left_child=8 5 3 4 -3 6 7 -2 -1 10 -10 -9 -4 14 -14 17 -15 -7 22 -11 21 -21 23 -19 -25 -6 -24 -20 29 -23
right_child=1 2 12 -5 25 15 -8 11 9 19 -12 -13 13 16 -16 -17 -18 18 27 20 -22 28 26 24 -26 -27 -28 -29 -30 -31
leaf_value=-0.0040490587776550587 0.0049582132695060463 -0.00031843062246487362 -2.8092894204689856e-07 -0.00066356349337127086 2.6207442900769708e-05 -0.057077544382895237 -0.0041640079442905598 0.0050473294286403105 -1.9423458176959228e-06 -5.0843354660656813e-07 0.00027086750750278556 0.061652943315111931 -0.0015294195669886079 0.00018432070775702415 1.0501050893410024e-05 0.010722742515082585 -0.046178355958184557 -0.02157215282656666 -6.6113400498188929e-05 1.8004043182600073e-05 -0.0074446422384751541 0.00020058986840439276 0.019333514709687197 0.0049465827260632266 -0.051836838626294013 -0.00049182715813294925 -0.00030863335064204025 -0.0075635212613038051 -6.012180690255775e-06 0.00019310464502154902
leaf_weight=113388 1217 722 7803 824 1398 9680 4960 247 7665 11600 1273 1522 714 862 708 43002 1784 77054 149807 115 8574 263 10705 857 909 38 16547 8797 190 135
leaf_count=113388 1217 722 7803 824 1398 9680 4960 247 7665 11600 1273 1522 714 862 708 43002 1784 77054 149807 115 8574 263 10705 857 909 38 16547 8797 190 135
internal_value=-0.0018282 -0.0001568 0.00925173 0.0297196 0.0436775 -0.000586383 0.0114916 0.0309819 -0.00579837 -0.000712395 0.00881808 0.011039 0.00411018 0.0151465 0.0309311 -0.00088879 0.00666364 -0.00135316 -0.0011409 -0.00479264 -0.00110984 0.0272774 -0.00236685 -0.00322355 0.00844394 0.0696045 0.000110962 -0.000321003 0.0185306 0.030593
internal_weight=483360 340157 14853 2982 2158 325304 7946 2986 143203 29815 8938 1769 11871 4068 1422 317358 2646 274356 264676 20877 9277 703 106072 78820 1766 1436 27252 158604 588 398
internal_count=483360 340157 14853 2982 2158 325304 7946 2986 143203 29815 8938 1769 11871 4068 1422 317358 2646 274356 264676 20877 9277 703 106072 78820 1766 1436 27252 158604 588 398
is_linear=0
shrinkage=0.08


Tree=65
num_leaves=31
num_cat=0
split_feature=8 33 33 5 2 39 7 5 15 2 0 29 5 13 5 39 0 19 17 13 8 6 2 7 8 31 6 5 5 6
split_gain=476.588 194.92 258.443 237.732 450.809 154.695 183.258 910.571 105.344 149.392 276.23 95.3898 285.446 210.055 132.212 64.3119 43.5021 49.4243 38.7074 37.5948 37.2585 93.4482 42.9485 34.7645 32.4398 30.7391 28.8722 26.2421 56.3362 23.0938
threshold=0.22010326211700934 4.2660583333333344 4.285608333333335 2.2835738888888897 2.5000000000000004 9.2390928177274088 2.8210648611111115 2.7784577777777781 4.3673583333333346 2.5000000000000004 0.13387044270833334 4.9816166666666684 1.0016500000000004 4.9249583333333344 0.9919366666666668 1.0000000180025095e-35 0.13387044270833334 5.0076583333333344 0.41137500000000005 0.022375000000000003 0.0051176092131718452 0.0010143968863529139 1.0000000180025095e-35 2.1450669444444448 0.91425021849161359 5.0074250000000013 2.0735331453653116 2.9461633333333341 2.8877716666666671 0.12518925300588737
decision_type=2 2 2 2 2 2 2 2 2 2 2 2 2 2 2 2 2 2 2 2 2 2 2 2 2 2 2 2 2 2
left_child=5 11 3 4 -3 -1 7 -7 -4 -10 -11 15 13 14 -13 16 17 -2 26 -17 -8 22 -22 -6 -18 -19 -16 28 -24 -21
right_child=1 2 8 -5 23 6 20 -9 9 10 -12 12 -14 -15 18 19 24 25 -20 29 21 -23 27 -25 -26 -27 -28 -29 -30 -31
leaf_value=-0.0037251340754426467 -0.052511340832263616 -0.0002929561726676866 -2.5845462666040929e-07 -0.00061047841390156072 2.4110847468676867e-05 -1.78695815229446e-06 -4.6775886286098967e-07 0.0002491981069025684 -0.0014070660016295023 9.6609668219116439e-06 -0.014057273933866125 -0.0074378056828865707 0.0072613860811250562 0.004580210077574449 0.0038084970807849318 -0.00078130291208289293 -0.02144970690819914 -0.22692074646214594 0.0045508561079781627 -0.0020210340395711945 1.6563719727997751e-05 -0.0068573939945406606 0.00018454267893204703 -0.00045248098548228199 0.012937525172163912 0.022136242067610751 -0.0067078057383022837 -5.5312062350409976e-06 0.00017765627341983503 5.4043024409082819e-05
leaf_weight=112566 25671 722 9272 824 1398 7430 11600 1273 1195 705 699 1372 39878 602 402 29024 23881 334 819 6502 115 7872 263 38 18024 648 44 182 135 179870
leaf_count=112566 25671 722 9272 824 1398 7430 11600 1273 1195 705 699 1372 39878 602 402 29024 23881 334 819 6502 115 7872 263 38 18024 648 44 182 135 179870
internal_value=-0.00191427 -0.000298641 0.00866464 0.0297196 0.0436775 -0.00582008 -0.000595776 0.00910674 0.00337562 0.0176098 0.0353048 -0.000705684 0.00280038 0.02564 0.015906 -0.00123806 -0.0033721 -0.00589893 0.0345613 -0.000558824 -0.00478287 -0.000781606 0.0273381 0.0696045 -0.00176495 0.0117149 0.0535247 0.0184828 0.0299899 -0.00014174
internal_weight=483360 341924 14853 2982 2158 141436 28870 8703 11871 2599 1404 327071 43117 3239 2637 283954 68558 26653 1265 215396 20167 8567 695 1436 41905 982 446 580 398 186372
internal_count=483360 341924 14853 2982 2158 141436 28870 8703 11871 2599 1404 327071 43117 3239 2637 283954 68558 26653 1265 215396 20167 8567 695 1436 41905 982 446 580 398 186372
is_linear=0
shrinkage=0.08


Tree=66
num_leaves=31
num_cat=0
split_feature=8 33 33 5 2 33 25 7 39 7 5 5 15 2 0 33 21 29 29 6 19 0 0 8 0 8 7 39 19 7
split_gain=507.986 186.346 258.443 237.732 450.809 180.142 281.116 271.998 158.933 179.82 910.571 152.555 105.344 149.392 276.23 58.9139 51.6444 64.1959 98.6744 120.229 47.9621 40.852 115.914 74.4284 51.4561 40.6327 94.2669 76.0824 36.8347 34.7645
threshold=0.22010326211700934 4.2660583333333344 4.285608333333335 2.2835738888888897 2.5000000000000004 -4.9576416666666656 0.0041250000000000011 0.83465888888888895 9.2390928177274088 2.8210648611111115 2.7784577777777781 0.72963777777777794 4.3673583333333346 2.5000000000000004 0.13387044270833334 -4.2133166666666657 0.78124166666666672 4.8619833333333338 5.0081250000000006 2.0173201696550769 4.9324250000000012 0.18188476562500003 0.17399088541666671 0.60598259242003716 0.20662434895833337 0.0051176092131718452 13.7512925 21.826546031605432 5.0076583333333344 2.1450669444444448
decision_type=2 2 2 2 2 2 2 2 2 2 2 2 2 2 2 2 2 2 2 2 2 2 2 2 2 2 2 2 2 2
left_child=8 5 3 4 -3 6 7 -2 -1 10 -10 -9 -4 -14 -15 -7 17 21 19 -19 -21 22 23 -17 -23 -11 27 -27 -25 -6
right_child=1 2 12 -5 29 15 -8 11 9 25 -12 -13 13 14 -16 16 -18 18 -20 20 -22 24 -24 28 -26 26 -28 -29 -30 -31
leaf_value=-0.0034271233494072286 0.0041964745457825359 -0.00026951967885423755 -2.377782565332609e-07 -0.00056164014078945005 2.2181979671174191e-05 -0.048310433565682528 -0.0047866176462360872 0.0042771262681431214 -1.6440015001251142e-06 -4.30338153840637e-07 0.00022926225835036008 0.055685705836129903 -0.0012945007214991478 8.8880894761445013e-06 -0.012932692019156844 0.0037383878955641082 0.00047004085161788111 -0.0068427812282556445 -0.0071808490592908929 0.0041867876193398953 0.0035038173143221484 -0.02321918167159584 0.034022882349313742 -0.00094530037043384142 -0.0045006349647388521 -3.2212849021888698e-05 -0.010058773568649336 0.027921004974743525 0.013145695852612889 -0.00041628250664366818
leaf_weight=112566 1217 722 9272 824 1398 9993 4960 247 7430 11600 1273 1522 1195 705 699 23221 174902 924 3066 803 408 39034 7706 37883 20041 492 7291 784 1144 38
leaf_count=112566 1217 722 9272 824 1398 9993 4960 247 7430 11600 1273 1522 1195 705 699 23221 174902 924 3066 803 408 39034 7706 37883 20041 492 7291 784 1144 38
internal_value=-0.0017673 -9.92988e-05 0.00866464 0.0297196 0.0436775 -0.000497288 0.011401 0.0307944 -0.00579971 -0.000504332 0.00910674 0.0107677 0.00337562 0.0176098 0.0353048 -0.000793547 -0.000598115 -0.00177844 0.00693559 0.0201405 0.0367234 -0.00212969 -0.00082157 -0.00196736 -0.00367872 -0.00465196 -0.000473447 0.0195862 -0.00410116 0.0696045
internal_weight=483360 341924 14853 2982 2158 327071 7946 2986 141436 28870 8703 1769 11871 2599 1404 319125 309132 134230 5201 2135 1211 129029 69954 62248 59075 20167 8567 1276 39027 1436
internal_count=483360 341924 14853 2982 2158 327071 7946 2986 141436 28870 8703 1769 11871 2599 1404 319125 309132 134230 5201 2135 1211 129029 69954 62248 59075 20167 8567 1276 39027 1436
is_linear=0
shrinkage=0.08


Tree=67
num_leaves=31
num_cat=0
split_feature=8 33 33 5 2 33 25 7 5 21 7 5 15 2 0 33 21 29 29 6 19 7 7 19 31 0 0 0 4 4
split_gain=537.074 186.695 258.443 237.732 450.809 179.792 279.372 273.502 153.265 121.363 183.211 940.909 105.344 149.392 276.23 57.8216 51.4107 69.1455 95.3859 118.798 48.949 34.7645 25.2248 32.4817 32.4451 28.2619 47.3658 33.3941 41.0695 40.8322
threshold=0.22010326211700934 4.2660583333333344 4.285608333333335 2.2835738888888897 2.5000000000000004 -4.9576416666666656 0.0041250000000000011 0.83465888888888895 0.72963777777777794 1.0235500000000004 2.8210648611111115 2.7784577777777781 4.3673583333333346 2.5000000000000004 0.13387044270833334 -4.2133166666666657 0.52293333333333347 4.7322000000000006 5.0081250000000006 2.0173201696550769 4.9324250000000012 2.1450669444444448 0.92154138888888892 5.0076583333333344 5.0074250000000013 0.10957845052083336 0.15695612468103057 0.20662434895833337 23.500000000000004 8.5000000000000018
decision_type=2 2 2 2 2 2 2 2 2 2 2 2 2 2 2 2 2 2 2 2 2 2 2 2 2 2 2 2 2 2
left_child=9 5 3 4 -3 6 7 -2 -9 -1 11 -11 -4 -14 -15 -7 17 22 19 -19 -21 -6 23 25 -25 -17 -27 -28 29 -29
right_child=1 2 12 -5 21 15 -8 8 -10 10 -12 -13 13 14 -16 16 -18 18 -20 20 -22 -23 -24 24 -26 26 27 28 -30 -31
leaf_value=-0.0031529534814546522 0.0038607565821199329 -0.0002479581045459156 -2.1875599600207353e-07 -0.00051670892952628835 2.0407421297505836e-05 -0.044445598880427921 -0.0044036882345372336 0.0039349561666917054 0.051230849369239544 -1.5124813801037363e-06 -5.459173863187061e-07 0.00021092127768234547 -0.0011909406637791876 8.1770423180671513e-06 -0.011898076657624299 -0.084739390659946692 0.000125280205192837 -0.0062953587299951928 -0.0066063811345475898 0.0038518446097926787 0.0032235119291763683 -0.00038297990611219746 -0.00014581441998934964 -0.20110172240566107 0.019313687033992864 0.0029668754710765383 -0.026958344566928451 -0.046847384934789085 -0.052873319270715397 0.1173940997502918
leaf_weight=111205 1217 722 9272 824 1398 9993 4960 247 1522 8791 20167 1273 1195 705 699 7783 197282 948 2984 813 409 38 29603 404 648 15831 39164 2117 7622 3524
leaf_count=111205 1217 722 9272 824 1398 9993 4960 247 1522 8791 20167 1273 1195 705 699 7783 197282 948 2984 813 409 38 29603 404 648 15831 39164 2117 7622 3524
internal_value=-0.00182258 -0.000107488 0.00866464 0.0297196 0.0436775 -0.000505849 0.0113808 0.030714 0.010632 -0.00596884 -0.00147425 0.00734181 0.00337562 0.0176098 0.0353048 -0.000801819 -0.000608208 -0.00197837 0.00707179 0.0198341 0.0363208 0.0696045 -0.00241554 -0.00317777 0.0107833 -0.00337092 -0.00285013 -0.00400817 -0.000538643 0.00463606
internal_weight=483360 341924 14853 2982 2158 327071 7946 2986 1769 141436 30231 10064 11871 2599 1404 319125 309132 111850 5154 2170 1222 1436 106696 77093 1052 76041 68258 52427 13263 5641
internal_count=483360 341924 14853 2982 2158 327071 7946 2986 1769 141436 30231 10064 11871 2599 1404 319125 309132 111850 5154 2170 1222 1436 106696 77093 1052 76041 68258 52427 13263 5641
is_linear=0
shrinkage=0.08


Tree=68
num_leaves=31
num_cat=0
split_feature=8 33 33 5 2 33 25 7 5 31 7 5 15 2 0 33 21 29 29 6 6 17 7 7 19 31 0 0 0 4
split_gain=530.846 187.762 258.443 237.732 450.809 180.89 279.081 273.502 153.265 120.985 183.281 940.832 105.344 149.392 276.23 55.9235 52.7976 51.0914 69.7217 85.1949 60.4409 36.3914 34.7645 24.9018 32.754 32.0018 28.4706 45.6697 30.1583 34.2551
threshold=0.22010326211700934 4.2660583333333344 4.285608333333335 2.2835738888888897 2.5000000000000004 -4.9576416666666656 0.0041250000000000011 0.83465888888888895 0.72963777777777794 1.0235500000000004 2.8210648611111115 2.7784577777777781 4.3673583333333346 2.5000000000000004 0.13387044270833334 -4.2133166666666657 0.52293333333333347 4.7322000000000006 5.0081250000000006 2.0173201696550769 2.0733675292722418 0.94463333333333332 2.1450669444444448 0.92154138888888892 5.0076583333333344 5.0074250000000013 0.10957845052083336 0.15695612468103057 0.20662434895833337 23.500000000000004
decision_type=2 2 2 2 2 2 2 2 2 2 2 2 2 2 2 2 2 2 2 2 2 2 2 2 2 2 2 2 2 2
left_child=9 5 3 4 -3 6 7 -2 -9 -1 11 -11 -4 -14 -15 -7 17 23 19 -19 21 -21 -6 24 26 -26 -17 -28 -29 -30
right_child=1 2 12 -5 22 15 -8 8 -10 10 -12 -13 13 14 -16 16 -18 18 -20 20 -22 -23 -24 -25 25 -27 27 28 29 -31
leaf_value=-0.0029007172029382744 0.0035518960555503301 -0.00022812145618225088 -2.0125551628780158e-07 -0.0004753722151642137 1.8774827593688316e-05 -0.040889950969993691 -0.0040513931757742852 0.0036201596733563689 0.0471323814197004 -1.3914828696925953e-06 -5.0224399540610419e-07 0.00019404757546777064 -0.0010956654106768582 7.5228789326331485e-06 -0.010946230525014327 -0.077960239407150952 0.00011525778877739867 -0.0057917300315955779 -0.0060778706437837823 0.0029829497004281794 0.003543697041009253 0.00353917679572227 -0.00035234151362324441 -0.00013414926639022441 -0.18501358461320819 0.017768592071273445 0.0027295254333904147 -0.024801677001574172 0.052556460618462045 -0.048643453729058164
leaf_weight=111200 1217 722 9272 824 1398 9993 4960 247 1522 8796 20167 1273 1195 705 699 7783 197282 948 2984 276 368 578 38 29603 404 648 15831 39164 5641 7622
leaf_count=111200 1217 722 9272 824 1398 9993 4960 247 1522 8796 20167 1273 1195 705 699 7783 197282 948 2984 276 368 578 38 29603 404 648 15831 39164 5641 7622
internal_value=-0.00183764 -0.000132523 0.00866464 0.0297196 0.0436775 -0.000532021 0.0113909 0.030714 0.010632 -0.00595979 -0.00147268 0.00734214 0.00337562 0.0176098 0.0353048 -0.000828893 -0.000638486 -0.002027 0.00575242 0.0166636 0.0306252 0.0423044 0.0696045 -0.00240279 -0.00316013 0.0108593 -0.00335409 -0.00283138 -0.00396849 -0.000671343
internal_weight=483360 341924 14853 2982 2158 327071 7946 2986 1769 141436 30236 10069 11871 2599 1404 319125 309132 111850 5154 2170 1222 854 1436 106696 77093 1052 76041 68258 52427 13263
internal_count=483360 341924 14853 2982 2158 327071 7946 2986 1769 141436 30236 10069 11871 2599 1404 319125 309132 111850 5154 2170 1222 854 1436 106696 77093 1052 76041 68258 52427 13263
is_linear=0
shrinkage=0.08


Tree=69
num_leaves=31
num_cat=0
split_feature=8 33 33 5 2 33 25 7 5 21 7 5 15 2 0 33 21 29 29 6 6 17 7 0 7 19 31 0 0 0
split_gain=527.017 187.562 258.311 237.732 450.809 180.273 278.598 274.005 153.503 119.488 183.652 940.444 105.7 149.834 275.34 55.6725 50.2441 50.5105 69.7217 85.1949 60.4409 36.3914 34.7645 24.0823 23.7418 32.4541 32.0018 29.1572 42.521 27.4136
threshold=0.22010326211700934 4.2660583333333344 4.285608333333335 2.2835738888888897 2.5000000000000004 -4.9576416666666656 0.0041250000000000011 0.83465888888888895 0.72963777777777794 1.0235500000000004 2.8210648611111115 2.7784577777777781 4.3673583333333346 2.5000000000000004 0.13387044270833334 -4.2133166666666657 0.52293333333333347 4.7322000000000006 5.0081250000000006 2.0173201696550769 2.0733675292722418 0.94463333333333332 2.1450669444444448 0.080118815104166671 0.92154138888888892 5.0076583333333344 5.0074250000000013 0.10957845052083336 0.15695612468103057 0.20662434895833337
decision_type=2 2 2 2 2 2 2 2 2 2 2 2 2 2 2 2 2 2 2 2 2 2 2 2 2 2 2 2 2 2
left_child=9 5 3 4 -3 6 7 -2 -9 -1 11 -11 -4 -14 -15 -7 17 24 19 -19 21 -21 -6 -18 25 27 -27 -17 -29 -30
right_child=1 2 12 -5 22 15 -8 8 -10 10 -12 -13 13 14 -16 16 23 18 -20 20 -22 -23 -24 -25 -26 26 -28 28 29 -31
leaf_value=-0.0026686598267032127 0.0032677443711062893 -0.00020987173968769923 -1.8515507498761963e-07 -0.00043734243795107375 1.7272841386173356e-05 -0.037618754892394198 -0.0037272817217123507 0.003330546899487885 0.043361790906124346 -1.28016424010724e-06 -4.6206447578356347e-07 0.00017852376943036319 -0.0010080121778226925 6.9210486180537598e-06 -0.010070532083013147 -0.071723420254578882 -0.00042816891867771114 -0.0053283916290679315 -0.005591640992281057 0.0027443137243939476 0.0032602012777284985 0.0032560426520645081 -0.00032415419253339905 0.0013682960927658364 -0.0001234173250789894 -0.17021249784415154 0.016347104705571595 0.0025111633987191877 -0.022817542841448237 -0.010658276887995081
leaf_weight=111205 1217 722 9272 824 1398 9993 4960 247 1522 8791 20167 1273 1195 705 699 7783 16048 948 2984 276 368 578 38 181234 29603 404 648 15831 39164 13263
leaf_count=111205 1217 722 9272 824 1398 9993 4960 247 1522 8791 20167 1273 1195 705 699 7783 16048 948 2984 276 368 578 38 181234 29603 404 648 15831 39164 13263
internal_value=-0.00182142 -0.000122462 0.00867003 0.0297196 0.0436775 -0.000521748 0.0113808 0.0306872 0.0105868 -0.00592868 -0.00146896 0.00735771 0.00338236 0.0176406 0.0353618 -0.000818114 -0.000628135 -0.00198266 0.00575242 0.0166636 0.0306252 0.0423044 0.0696045 0.000139818 -0.0023563 -0.0030958 0.0108593 -0.00328886 -0.00275988 -0.0038571
internal_weight=483360 341924 14853 2982 2158 327071 7946 2986 1769 141436 30231 10064 11871 2599 1404 319125 309132 111850 5154 2170 1222 854 1436 197282 106696 77093 1052 76041 68258 52427
internal_count=483360 341924 14853 2982 2158 327071 7946 2986 1769 141436 30231 10064 11871 2599 1404 319125 309132 111850 5154 2170 1222 854 1436 197282 106696 77093 1052 76041 68258 52427
is_linear=0
shrinkage=0.08


Tree=70
num_leaves=31
num_cat=0
split_feature=8 33 33 5 2 33 7 25 39 7 5 15 2 0 5 25 33 21 29 29 6 6 17 7 0 6 8 23 7 0
split_gain=519.243 188.632 258.311 237.732 450.809 181.43 278.323 251.71 119.405 157.722 966.54 105.7 149.834 275.34 82.4965 94.5438 53.7685 44.7354 50.1751 69.5235 85.1949 60.4409 36.3914 34.7645 31.0138 25.5978 25.283 23.0403 36.5852 22.8094
threshold=0.22392087756050752 4.2660583333333344 4.285608333333335 2.2835738888888897 2.5000000000000004 -4.9576416666666656 0.83465888888888895 0.0041250000000000011 7.2273681332970865 2.8210648611111115 2.7784577777777781 4.3673583333333346 2.5000000000000004 0.13387044270833334 0.72963777777777794 5.0075416666666674 -4.2133166666666657 0.52293333333333347 4.7322000000000006 5.0081250000000006 2.0173201696550769 2.0733675292722418 0.94463333333333332 2.1450669444444448 0.17399088541666671 0.12518925300588737 8.4319603375609677 5.0076583333333344 0.83704472222222226 0.080118815104166671
decision_type=2 2 2 2 2 2 2 2 2 2 2 2 2 2 2 2 2 2 2 2 2 2 2 2 2 2 2 2 2 2
left_child=8 5 3 4 -3 6 7 -2 -1 10 24 27 -13 -14 15 -8 -7 18 -18 20 -20 22 -22 -6 -10 -19 -16 -4 -29 -27
right_child=1 2 11 -5 23 16 14 -9 9 -11 -12 12 13 -15 26 -17 17 25 19 -21 21 -23 -24 -25 -26 29 -28 28 -30 -31
leaf_value=-0.0024551670405669589 0.0030063248214177917 -0.00019308200051270318 -2.5083350185894917e-06 -0.00040235504291501911 1.5891014075251063e-05 -0.034609254501002662 0.0030641031475288827 -0.067901405126317621 -1.1777511009114505e-06 -4.2509931773793142e-07 0.00016424186787592277 -0.00092737120359686286 6.3673647286321968e-06 -0.0092648895163721066 -0.016530395076662076 -0.12358575185478364 -0.0042442125792094033 -0.0020027661570073897 -0.0049021202987424971 -0.0051443097128985472 0.0025247686264424376 0.0029993851755101986 0.0029955592398993505 -0.00029822185713072712 0.0010530347494657733 -0.00039391540518350437 1.336148337868188 0.000231770562648137 -0.037231721375876735 0.0022525533312114819
leaf_weight=110696 1217 722 7813 824 1398 9993 248 675 10319 20877 1273 1195 705 699 5136 207 106210 4711 948 2984 276 368 578 38 38 16048 463 582 877 175242
leaf_count=110696 1217 722 7813 824 1398 9993 248 675 10319 20877 1273 1195 705 699 5136 207 106210 4711 948 2984 276 368 578 38 38 16048 463 582 877 175242
internal_value=-0.00184773 -0.000146452 0.00867003 0.0297196 0.0436775 -0.000549002 0.0113909 0.0381734 -0.00588887 -0.00162599 0.00584007 0.00338236 0.0176406 0.0353618 0.00302081 0.0357802 -0.000847953 -0.000660194 -0.00194059 0.00576795 0.0166636 0.0306252 0.0423044 0.0696045 -0.00224544 6.73039e-05 0.000358634 -0.000614325 0.00861412 0.000210778
internal_weight=483360 340157 14853 2982 2158 325304 7946 1892 143203 32507 11630 11871 2599 1404 6054 455 317358 307365 111364 5154 2170 1222 854 1436 10357 196001 5599 9272 1459 191290
internal_count=483360 340157 14853 2982 2158 325304 7946 1892 143203 32507 11630 11871 2599 1404 6054 455 317358 307365 111364 5154 2170 1222 854 1436 10357 196001 5599 9272 1459 191290
is_linear=0
shrinkage=0.08


Tree=71
num_leaves=31
num_cat=0
split_feature=8 33 19 7 2 33 7 25 6 6 39 7 5 5 25 39 29 7 6 0 19 19 0 13 13 0 31 4 4 4
split_gain=563.97 334.813 391.257 526.795 512.436 179.546 277.904 251.71 154.743 307.51 119.312 157.722 966.54 82.3634 94.5438 55.2113 57.3249 64.4865 122.671 49.654 47.2772 46.3179 43.4537 39.1537 31.6395 31.0138 30.7997 29.3729 31.6807 38.6998
threshold=0.22392087756050752 4.2577166666666679 4.2593000000000005 2.1401763888888898 1.5000000000000002 -4.9576416666666656 0.83465888888888895 0.0041250000000000011 2.2687953549117403 2.2720559821751647 7.2273681332970865 2.8210648611111115 2.7784577777777781 0.72963777777777794 5.0075416666666674 2.863398071038699 4.6376083333333336 0.83460972222222229 2.0548554561780024 0.13387044270833334 5.0076583333333344 4.9324250000000012 0.18188476562500003 0.0041250000000000011 0.0086166666666666683 0.17399088541666671 5.0074250000000013 16.500000000000004 4.5000000000000009 5.5000000000000009
decision_type=2 2 2 2 2 2 2 2 2 2 2 2 2 2 2 2 2 2 2 2 2 2 2 2 2 2 2 2 2 2
left_child=10 5 -3 4 -4 6 7 -2 -5 -10 -1 12 25 14 -8 16 19 18 -18 20 -7 -20 -21 -17 27 -12 -22 28 -24 -30
right_child=1 2 3 8 -6 15 13 -9 9 -11 11 -13 -14 -15 -16 23 17 -19 21 22 26 -23 24 -25 -26 -27 -28 -29 29 -31
leaf_value=-0.0022587536773216055 0.0027658188357043657 -1.1346476169507014e-05 -0.00017763544047170399 -2.5901288553598079e-06 0.00022599306726405643 -0.031840514140922448 0.0028189748957265694 -0.062469292716212217 5.8579755503274105e-06 0.0012363525471200123 -1.0835310128243237e-06 -3.9109137233594993e-07 0.00015110251844586032 0.0080280334591461486 -0.11369889170640095 -0.0014751639075306351 -0.12794540521863967 0.0016177573298043872 0.0027559145007074195 0.0052702817853653092 -0.16497298101800489 0.0023227871363270224 -0.028611646025708933 0.00075501737962316285 -0.019288907274493186 0.00096879196950851567 0.015378873335462586 -0.020071858952674344 0.20799335129211563 0.058659623456277218
leaf_weight=110696 1217 8157 726 3554 2244 26332 248 675 663 978 10319 20877 1273 5599 207 18181 888 4350 658 28925 335 277 1800 181684 31314 38 648 16005 508 3984
leaf_count=110696 1217 8157 726 3554 2244 26332 248 675 663 978 10319 20877 1273 5599 207 18181 888 4350 658 28925 335 277 1800 181684 31314 38 648 16005 508 3984
internal_value=-0.00167561 9.74355e-05 0.011277 0.0236571 0.050532 -0.000466042 0.011411 0.0381734 0.00829259 0.0286118 -0.0058872 -0.00162599 0.00584007 0.00304724 0.0357802 -0.000764802 -0.00215294 0.00534845 0.0179792 -0.00257447 -0.00553103 0.0382032 -0.00159601 4.10258e-05 -0.00294432 -0.00224544 0.0116948 -0.000641164 0.00398983 0.00758326
internal_weight=483360 340157 16322 8165 2970 323835 7946 1892 5195 1641 143203 32507 11630 6054 455 315889 116024 6173 1823 109851 27315 935 82536 199865 53611 10357 983 22297 6292 4492
internal_count=483360 340157 16322 8165 2970 323835 7946 1892 5195 1641 143203 32507 11630 6054 455 315889 116024 6173 1823 109851 27315 935 82536 199865 53611 10357 983 22297 6292 4492
is_linear=0
shrinkage=0.08


Tree=72
num_leaves=31
num_cat=0
split_feature=8 33 7 25 39 7 5 19 33 0 19 7 39 29 0 5 25 7 0 13 8 39 6 23 19 0 8 8 0 5
split_gain=497.851 158.335 288.671 251.71 119.218 157.722 966.54 109.457 159.804 352.806 167.642 369.818 52.8821 61.0194 54.3508 49.2784 60.1114 46.7257 31.0138 29.191 44.3129 44.732 67.889 30.293 26.4413 33.9601 23.1086 23.0173 22.4164 21.4813
threshold=0.22392087756050752 -4.9576416666666656 0.83465888888888895 0.0041250000000000011 7.2273681332970865 2.8210648611111115 2.7784577777777781 4.2593000000000005 4.3944666666666672 0.13387044270833334 4.2673333333333341 2.1326208333333336 1.0000000180025095e-35 4.6376083333333336 0.13387044270833334 0.72963777777777794 5.0075416666666674 0.83460972222222229 0.17399088541666671 1.3385333333333336 0.37849742446349877 21.715451876859703 0.18497350232084031 0.098683333333333359 0.11484166666666669 0.12569173177083334 0.91425021849161359 8.4319603375609677 0.13387044270833334 1.0015377777777781
decision_type=2 2 2 2 2 2 2 2 2 2 2 2 2 2 2 2 2 2 2 2 2 2 2 2 2 2 2 2 2 2
left_child=4 2 3 28 -1 6 18 12 10 -10 11 -9 13 14 -3 16 -4 -15 -6 -14 21 -21 -23 24 25 -22 -16 -17 -2 -12
right_child=1 7 15 -5 5 -7 -8 8 9 -11 29 -13 19 17 26 27 -18 -19 -20 20 23 22 -24 -25 -26 -27 -28 -29 -30 -31
leaf_value=-0.002078053383135874 0.0025445533288480249 -0.029293273009648652 0.0025934569040684608 -0.057471749298915235 -9.9684853179127224e-07 -3.5980406256186369e-07 0.00013901431697018295 0.00020791362188290918 5.3893375063296387e-06 0.002645990937029611 0.0068768841483334599 -0.00016342460523397051 -0.00057291435946268618 0.002535441340650806 -0.01632377344980207 -0.015850206147260765 -0.10460298036988887 0.022322494602149804 0.00089128861194783578 0.010693269370913474 0.0018607463932845292 0.00024124519436156789 0.019573073085797612 -0.00031257099619274697 0.0099440255852706536 0.076798755349184816 0.0086866526540096464 1.2286142281620009 0.019667699389909282 0.0011965232205670422
leaf_weight=110696 1176 21991 248 675 10319 20877 1273 700 709 1317 3421 958 127881 647 23647 5136 207 1978 38 4156 359 267 377 71871 4078 2297 14471 463 41 51086
leaf_count=110696 1176 21991 248 675 10319 20877 1273 700 709 1317 3421 958 127881 647 23647 5136 207 1978 38 4156 359 267 377 71871 4078 2297 14471 463 41 51086
internal_value=-0.0019285 -0.000262634 0.0108976 0.0381734 -0.00588552 -0.00162599 0.00584007 -0.000529569 0.00262157 0.024695 0.00182533 0.0268854 -0.00119875 -0.00323831 -0.00375971 0.0023733 0.0276923 0.00870095 -0.00224544 -0.000593169 0.000571187 0.00803333 0.0276522 0.000115512 0.00524621 0.0114578 -0.00193253 0.000315769 0.0599047 0.00106305
internal_weight=483360 340157 7946 1892 143203 32507 11630 332211 58191 2026 56165 1658 274020 62734 60109 6054 455 2625 10357 211286 83405 4800 644 78605 6734 2656 38118 5599 1217 54507
internal_count=483360 340157 7946 1892 143203 32507 11630 332211 58191 2026 56165 1658 274020 62734 60109 6054 455 2625 10357 211286 83405 4800 644 78605 6734 2656 38118 5599 1217 54507
is_linear=0
shrinkage=0.08


Tree=73
num_leaves=31
num_cat=0
split_feature=8 33 7 25 31 7 5 33 33 0 33 19 19 7 33 21 7 29 29 5 29 6 1 4 23 7 2 8 13 0
split_gain=485.698 150.209 296.609 251.71 119.395 184.163 939.902 85.9641 305.598 179.795 53.3788 41.8343 174.214 369.818 43.5798 35.0267 33.6794 49.365 42.2676 31.5564 42.0151 27.1405 25.1638 28.5419 25.0241 72.351 29.5132 24.862 35.8216 35.626
threshold=0.22010326211700934 -4.9576416666666656 0.83465888888888895 0.0041250000000000011 1.0235500000000004 2.8210648611111115 2.7784577777777781 4.3944666666666672 4.5858166666666671 0.13387044270833334 -4.2133166666666657 4.2593000000000005 4.2673333333333341 2.1326208333333336 4.2660583333333344 0.28330000000000005 0.92154138888888892 4.9816166666666684 5.0081250000000006 0.66776666666666695 5.0074250000000013 0.68203309950052993 22.500000000000004 19.500000000000004 4.7981833333333341 0.89389486111111127 2.5000000000000004 0.61325631709643103 1.8572833333333334 0.19958496093750003
decision_type=2 2 2 2 2 2 2 2 2 2 2 2 2 2 2 2 2 2 2 2 2 2 2 2 2 2 2 2 2 2
left_child=4 2 3 -2 -1 6 -6 10 9 -9 -3 15 13 -13 21 16 17 -12 -19 20 -4 22 -14 -24 -10 26 -26 28 -17 -29
right_child=1 7 19 -5 5 -7 -8 8 24 -11 11 12 14 -15 -16 27 -18 18 -20 -21 -22 -23 23 -25 25 -27 -28 29 -30 -31
leaf_value=-0.0019118091124850078 0.0023409890625401887 -0.02694981116887676 -0.096234741940297755 -0.05287400935500202 -9.1710064925365492e-07 -3.310197375583357e-07 0.00012789317161256974 4.9581905058460055e-06 -0.031637668325209679 -0.0087813009143159725 -0.022978011212230767 0.00019128053213229634 -0.0058577364108665523 -0.00015035063681523297 -9.8104776192258221e-05 0.00043663032452943894 0.00054437992135177634 0.0023326060333987188 -0.04656200311269177 0.0057556664703319873 0.002385980351742987 0.017708168280142794 -0.0086511588667185797 0.31123591076843621 0.00025996978448688423 -0.048784410288103298 8.9908390146931086e-05 -0.0065827333363102985 0.015510230497840179 0.017838186441239946
leaf_weight=111200 1217 9993 97 675 8796 20167 1273 706 5650 328 59820 700 18862 958 4694 56300 24938 854 700 5863 94 30787 229 226 326 1526 531 75025 6409 34416
leaf_count=111200 1217 9993 97 675 8796 20167 1273 706 5650 328 59820 700 18862 958 4694 56300 24938 854 700 5863 94 30787 229 226 326 1526 531 75025 6409 34416
internal_value=-0.00197667 -0.000345669 0.010525 0.0381734 -0.00591963 -0.0014621 0.00737392 -0.000604305 0.00707886 0.0480155 -0.000818712 -0.000636053 0.00133683 0.0268854 0.000563814 -0.00106699 -0.00238224 -0.00338958 0.0106873 0.00188437 0.0338848 0.00125435 -0.00109624 0.0174945 0.00180953 0.00868485 0.0272859 -0.000407553 0.000862522 -0.0011353
internal_weight=483360 341924 7946 1892 141436 30236 10069 333978 9067 1034 324911 314918 56456 1658 54798 258462 86312 61374 1554 6054 191 50104 19317 455 8033 2383 857 172150 62709 109441
internal_count=483360 341924 7946 1892 141436 30236 10069 333978 9067 1034 324911 314918 56456 1658 54798 258462 86312 61374 1554 6054 191 50104 19317 455 8033 2383 857 172150 62709 109441
is_linear=0
shrinkage=0.08


Tree=74
num_leaves=31
num_cat=0
split_feature=8 33 7 25 39 7 5 33 33 0 39 29 7 6 19 33 33 39 29 13 6 21 7 5 29 0 4 4 0 7
split_gain=512.587 145.259 296.825 251.71 119.18 158.095 966.136 83.6737 304.545 179.795 61.6681 54.5881 65.0678 120.997 47.6254 41.9485 205.154 335.571 40.9151 36.8939 37.5847 35.7026 33.771 31.5825 42.0151 31.0005 27.7476 125.821 47.4575 44.8937
threshold=0.22392087756050752 -4.9576416666666656 0.83465888888888895 0.0041250000000000011 7.2273681332970865 2.8210648611111115 2.7784577777777781 4.3944666666666672 4.5858166666666671 0.13387044270833334 3.5306079070150007 4.6376083333333336 0.83460972222222229 2.0548554561780024 4.9324250000000012 4.2660583333333344 4.2577166666666679 33.635461064579538 4.0008749999999997 1.0000000180025095e-35 0.12518925300588737 0.73835000000000006 0.48508930555555557 0.66776666666666695 5.0074250000000013 0.17399088541666671 49.500000000000007 51.500000000000007 0.15695612468103057 1.2969436111111114
decision_type=2 2 2 2 2 2 2 2 2 2 2 2 2 2 2 2 2 2 2 2 2 2 2 2 2 2 2 2 2 2
left_child=4 2 3 -2 -1 6 25 10 9 -9 11 18 13 -13 -15 16 19 -18 21 -12 -21 -3 -22 24 -4 -6 -23 28 -28 -30
right_child=1 7 23 -5 5 -7 -8 8 -10 -11 15 12 -14 14 -16 -17 17 -19 -20 20 22 26 -24 -25 -26 -27 27 -29 29 -31
leaf_value=-0.0017588643834862072 0.002153709937536945 -0.017734891969739069 -0.08853596258507393 -0.048644088606601861 -8.4373259731762576e-07 -3.0453815856645862e-07 0.00011766171788355707 4.561535265352745e-06 2.8201719469294061e-05 -0.0080787968411707243 -0.00035637830141276082 -0.11967657699542661 0.00065760572424117931 0.0021459975507268324 0.00017015997114278036 -9.0256394096854825e-05 -0.00026817668908570626 0.00017597808956168137 -0.02479382627536662 -0.0021240438829741317 0.037728239517296147 -0.00323896583643025 0.00077971090185619658 0.0052952131527054282 0.002195101923603531 0.00082005889104394211 -0.010316808917606087 -0.013088072722607143 0.20636991228333162 0.026323278847587051
leaf_weight=110696 1217 80430 97 675 10319 20877 1273 706 8033 328 16287 891 4927 669 277 5786 745 724 9614 4678 4281 24645 163837 5863 94 38 339 3739 1022 253
leaf_count=110696 1217 80430 97 675 10319 20877 1273 706 8033 328 16287 891 4927 669 277 5786 745 724 9614 4678 4281 24645 163837 5863 94 38 339 3739 1022 253
internal_value=-0.00186478 -0.000174439 0.010515 0.0381734 -0.00587993 -0.00162107 0.00585382 -0.000430114 0.00714944 0.0480155 -0.000642787 -0.00201795 0.00497457 0.0178247 0.0377505 0.000245371 0.000449135 0.0302301 -0.00241196 0.000217765 0.000560844 -0.00197617 0.000757656 0.00187116 0.0338848 -0.00222999 0.000379223 0.00559985 0.0242677 0.0313412
internal_weight=483360 340157 7946 1892 143203 32507 11630 332211 9067 1034 323144 126806 6764 1837 946 196338 190552 1469 120042 189083 172796 110428 168118 6054 191 10357 29998 5353 1614 1275
internal_count=483360 340157 7946 1892 143203 32507 11630 332211 9067 1034 323144 126806 6764 1837 946 196338 190552 1469 120042 189083 172796 110428 168118 6054 191 10357 29998 5353 1614 1275
is_linear=0
shrinkage=0.08


Tree=75
num_leaves=31
num_cat=0
split_feature=8 13 13 8 7 5 33 7 25 33 33 0 33 39 33 33 39 29 7 6 19 0 19 0 0 0 0 23 4 4
split_gain=425.306 211.737 455.396 190.999 153.297 968.553 144.409 297.474 251.71 83.686 304.545 179.795 55.6216 38.8336 45.2221 201.563 335.571 38.2986 70.3452 117.275 49.4888 34.8964 47.7109 46.0877 43.4448 33.7309 32.5446 92.7405 109.73 56.8114
threshold=0.2310557960493396 0.98908333333333343 0.99213333333333342 0.13383363840633328 2.8210648611111115 2.7784577777777781 -4.9576416666666656 0.83465888888888895 0.0041250000000000011 4.3944666666666672 4.5858166666666671 0.13387044270833334 -4.2133166666666657 6.9832898392040716 4.2660583333333344 4.2577166666666679 33.635461064579538 4.7322000000000006 0.83460972222222229 2.0548554561780024 4.9324250000000012 0.10957845052083336 5.0076583333333344 0.18188476562500003 0.17399088541666671 0.20662434895833337 0.15197753906250003 1.6911333333333338 50.500000000000007 51.500000000000007
decision_type=2 2 2 2 2 2 2 2 2 2 2 2 2 2 2 2 2 2 2 2 2 2 2 2 2 2 2 2 2 2
left_child=1 -1 3 -3 5 -4 7 8 -2 12 11 -11 -8 17 15 -15 -17 21 19 -19 -21 22 -14 24 26 -25 -23 -28 -29 -30
right_child=6 2 4 -5 -6 -7 9 -9 -10 10 -12 -13 13 14 -16 16 -18 18 -20 20 -22 23 -24 25 -26 -27 27 28 29 -31
leaf_value=-0.0019394910253488185 0.0019814131425339812 7.784486637481436e-05 -7.762339895478476e-07 -0.0004512203516774793 -2.8017510587119434e-07 0.00010824878045287534 -0.022810320173337287 0.0020194937697152683 -0.044752561518073712 4.196612444147263e-06 2.5945581911770434e-05 -0.0074324930938770373 -0.057498274401272538 0.00042681462495419709 -8.3035882569078008e-05 -0.00024672255395884689 0.0001618998423967355 -0.11010245083579248 0.00060499726630190763 0.0019743177466686745 0.00015654717345135795 0.0032534276980734893 0.0063809037823376255 -0.011587346464312595 0.022053828083980563 -0.0050187957544971865 -0.0046928504261894589 0.091753196769743098 0.35142828879174659 -0.066202623790003107
leaf_weight=111592 1217 917 10480 314 22011 1273 9993 6054 675 706 8033 328 13816 142732 5786 745 724 877 6388 682 277 34084 980 45859 8452 28525 18069 1361 324 86
leaf_count=111592 1217 917 10480 314 22011 1273 9993 6054 675 706 8033 328 13816 142732 5786 745 724 877 6388 682 277 34084 980 45859 8452 28525 18069 1361 324 86
internal_value=-0.00173767 -0.00533455 9.48688e-05 0.0478895 -0.00164767 0.00572926 -0.000172058 0.0104848 0.0381734 -0.000429577 0.00714944 0.0480155 -0.000644485 -0.000454976 0.000469532 0.000747788 0.0302301 -0.00132282 0.00399416 0.0177952 0.0371303 -0.00161134 -0.00530198 -0.00121205 0.000391687 -0.0025569 -0.000444183 -0.00302016 0.0144506 0.0507317
internal_weight=483360 146587 34995 1231 33764 11753 336773 7946 1892 328827 9067 1034 319760 309767 149987 144201 1469 159780 8224 1836 959 151556 14796 136760 62376 74384 53924 19840 1771 410
internal_count=483360 146587 34995 1231 33764 11753 336773 7946 1892 328827 9067 1034 319760 309767 149987 144201 1469 159780 8224 1836 959 151556 14796 136760 62376 74384 53924 19840 1771 410
is_linear=0
shrinkage=0.08


Tree=76
num_leaves=31
num_cat=0
split_feature=8 15 15 7 39 33 7 25 39 8 39 33 33 0 29 7 6 19 33 33 39 6 31 0 8 5 29 0 21 19
split_gain=362.567 273.052 891.788 248.677 903.31 149.891 298.123 251.71 101.117 234.32 115.817 66.1835 304.545 179.795 49.0583 70.1256 117.074 49.4888 40.7928 206.504 335.571 38.2826 38.2211 55.6844 33.921 31.7391 42.0151 31.7304 49.3087 37.9647
threshold=0.12714578923209288 0.98572500000000007 0.99213333333333342 2.8210648611111115 21.07590757345163 -4.9576416666666656 0.83465888888888895 0.0041250000000000011 6.3662618172144496 0.13383363840633328 6.4053952276116819 4.3944666666666672 4.5858166666666671 0.13387044270833334 4.7322000000000006 0.83460972222222229 2.0548554561780024 4.9324250000000012 4.2660583333333344 4.2577166666666679 33.635461064579538 0.082163918624963153 0.037000000000000012 0.13387044270833334 0.80014956734559761 0.66776666666666695 5.0074250000000013 0.15197753906250003 0.9857583333333334 5.0076583333333344
decision_type=2 2 2 2 2 2 2 2 2 2 2 2 2 2 2 2 2 2 2 2 2 2 2 2 2 2 2 2 2 2
left_child=1 -1 -3 4 -4 6 7 -2 14 10 -10 18 13 -13 22 16 -16 -18 19 21 -21 -11 23 -7 -25 26 -8 29 -29 -24
right_child=5 2 3 -5 -6 8 25 -9 9 11 -12 12 -14 -15 15 -17 17 -19 -20 20 -22 -23 27 24 -26 -27 -28 28 -30 -31
leaf_value=-0.0017843317433209106 0.0018229000911312455 7.1617277064826013e-05 -7.1413527038544087e-07 -2.577610974086042e-07 9.9588878016660946e-05 -0.020985494559470307 -0.081614645079845241 -0.041172356596627817 7.1617277064826013e-05 -0.0011093777013224226 -0.0023128374234675712 3.8608834486097975e-06 2.3869935358860063e-05 -0.0068378936463668466 -0.10129425476892909 0.00055659748499778058 0.0018163723269351807 0.00014402339957527487 -7.6393011963560295e-05 -0.00022698474964215622 0.00014894785500501939 0.00033512293511692138 0.0008621533035149141 -0.016936065397265835 0.016028447763375721 0.0047100365989117413 0.001857934268138024 -0.0034354519069003144 0.0055755783211001043 0.013090078329339576
leaf_weight=90727 1217 1274 3526 12406 1272 18842 97 675 497 5057 203 706 8033 328 875 6405 682 277 5786 745 724 163635 30411 28776 13608 5863 94 60921 18868 830
leaf_count=90727 1217 1274 3526 12406 1272 18842 97 675 497 5057 203 706 8033 328 875 6405 682 277 5786 745 724 163635 30411 28776 13608 5863 94 60921 18868 830
internal_value=-0.00159947 -0.00565505 0.003209 -0.00157359 0.0138925 -0.000415765 0.0104546 0.0381734 -0.00065163 0.000658904 0.0468571 0.000484113 0.00714944 0.0480155 -0.00200006 0.00403058 0.0178233 0.0371303 0.000140631 0.000365252 0.0302301 0.000105184 -0.0022885 -0.00389325 -0.00228464 0.00179187 0.0338848 -0.00140359 -0.00224984 0.00075772
internal_weight=483360 109205 18478 17204 4798 374155 7946 1892 366209 185714 700 185014 9067 1034 180495 8239 1834 959 175947 170161 1469 168692 172256 61226 42384 6054 191 111030 79789 31241
internal_count=483360 109205 18478 17204 4798 374155 7946 1892 366209 185714 700 185014 9067 1034 180495 8239 1834 959 175947 170161 1469 168692 172256 61226 42384 6054 191 111030 79789 31241
is_linear=0
shrinkage=0.08


Tree=77
num_leaves=31
num_cat=0
split_feature=8 13 13 8 7 5 33 7 25 33 33 0 33 39 33 33 39 29 7 6 19 0 19 0 0 5 29 0 23 31
split_gain=418.055 208.028 449.571 188.701 153.027 968.953 143.718 299.25 250.731 77.4919 309.033 179.795 55.0546 37.5042 44.9235 201.89 335.571 38.1833 70.3452 117.275 49.4888 34.4441 47.5295 38.9729 35.3779 31.7914 42.0151 31.2682 30.9286 30.6174
threshold=0.2310557960493396 0.98908333333333343 0.99213333333333342 0.13383363840633328 2.8210648611111115 2.7784577777777781 -4.9576416666666656 0.83465888888888895 0.0041250000000000011 4.3944666666666672 4.5858166666666671 0.13387044270833334 -4.2133166666666657 6.9832898392040716 4.2660583333333344 4.2577166666666679 33.635461064579538 4.7322000000000006 0.83460972222222229 2.0548554561780024 4.9324250000000012 0.10957845052083336 5.0076583333333344 0.18188476562500003 0.17399088541666671 0.66776666666666695 5.0074250000000013 0.20662434895833337 2.8626333333333336 5.0074250000000013
decision_type=2 2 2 2 2 2 2 2 2 2 2 2 2 2 2 2 2 2 2 2 2 2 2 2 2 2 2 2 2 2
left_child=1 -1 3 -3 5 -4 7 8 -2 12 11 -11 -8 17 15 -15 -17 21 19 -19 -21 22 -14 24 -23 26 -9 -25 -26 -24
right_child=6 2 4 -5 -6 -7 9 25 -10 10 -12 -13 13 14 -16 16 -18 18 -20 20 -22 23 29 27 28 -27 -28 -29 -30 -31
leaf_value=-0.0016172274958328981 0.0016770680838407515 6.5887894899638864e-05 -6.5700444874750018e-07 -0.00032637250743748679 -2.3714020962017914e-07 9.1621767775329488e-05 -0.019306654994712683 -0.07508547347345762 -0.03787856806889759 3.5520127727295404e-06 2.1960340530142729e-05 -0.0062908621546575129 -0.05121957288441311 0.00036585962014850536 -7.0281571006489691e-05 -0.00020882596967076951 0.00013703202660458657 -0.093190714387414761 0.00051206968619794675 0.0016710625407803548 0.00013250152760925006 -0.001257941771183102 -0.15115478811109287 -0.010214319013215718 0.030344665295924243 0.0043332336709988074 0.0017092995266870048 -0.0047008122587802051 -0.012402903343843714 0.012042872062992416
leaf_weight=111592 1217 917 10480 314 22011 1273 9993 97 675 706 8033 328 13816 142732 5786 745 724 877 6388 682 277 53924 332 45859 6652 5863 94 28525 1800 648
leaf_count=111592 1217 917 10480 314 22011 1273 9993 97 675 706 8033 328 13816 142732 5786 745 724 877 6388 682 277 53924 332 45859 6652 5863 94 28525 1800 648
internal_value=-0.001739 -0.00530508 7.65805e-05 0.0475646 -0.00165478 0.00571565 -0.000186786 0.0104445 0.0382156 -0.000443688 0.00684945 0.0480155 -0.00065049 -0.000461949 0.000446597 0.000723932 0.0302301 -0.00131481 0.00399416 0.0177952 0.0371303 -0.00160289 -0.00526953 -0.0012062 0.000268563 0.00176544 0.0338848 -0.00244289 0.00508093 0.0117551
internal_weight=483360 146587 34995 1231 33764 11753 336773 7946 1892 328827 9067 1034 319760 309767 149987 144201 1469 159780 8224 1836 959 151556 14796 136760 62376 6054 191 74384 8452 980
internal_count=483360 146587 34995 1231 33764 11753 336773 7946 1892 328827 9067 1034 319760 309767 149987 144201 1469 159780 8224 1836 959 151556 14796 136760 62376 6054 191 74384 8452 980
is_linear=0
shrinkage=0.08


Tree=78
num_leaves=31
num_cat=0
split_feature=23 23 8 8 29 33 33 33 0 13 33 7 39 29 6 7 6 2 2 8 2 33 7 6 6 19 17 39 7 21
split_gain=376.639 1089.05 855.639 356.429 151.726 164.612 147.478 275.731 143.146 112.126 82.7795 356.414 65.9793 63.1592 88.5924 60.6958 53.0684 38.8044 82.8935 358.836 609.713 343.548 222.6 58.1702 44.9845 36.7023 34.894 32.9486 31.8929 31.6711
threshold=0.9848083333333334 0.9920916666666667 0.13383363840633328 0.21238378586294851 4.9816166666666684 -4.9576416666666656 4.3944666666666672 4.5858166666666671 0.13387044270833334 5.0082833333333339 -4.9576416666666656 0.83465888888888895 2.0198467577729335 5.0081250000000006 2.0548554561780024 0.89389486111111127 2.0733675292722418 3.5000000000000004 1.5000000000000002 0.0051176092131718452 2.5000000000000004 4.2577166666666679 2.1450669444444448 0.082163918624963153 0.074970135944514238 4.9324250000000012 4.1677000000000008 6.3592296595498201 1.2574106944444445 0.0041250000000000011
decision_type=2 2 2 2 2 2 2 2 2 2 2 2 2 2 2 2 2 2 2 2 2 2 2 2 2 2 2 2 2 2
left_child=3 2 27 -1 12 9 10 8 -8 -6 11 -3 26 14 -7 -9 25 18 24 20 -20 -21 -23 -19 -12 -16 28 -2 -5 -25
right_child=1 6 -4 4 5 13 7 15 -10 -11 17 -13 -14 -15 16 -17 -18 23 19 21 -22 22 -24 29 -26 -27 -28 -29 -30 -31
leaf_value=-0.0021962060657730741 7.7924999007539241e-06 0.001227622909346522 -0.00030026270684248681 -0.017439761782550071 0.0015602213627194316 -0.0067982809250104349 3.2678517509054928e-06 0.00016906659599236207 -0.0029155959439863184 0.069720498585260665 -6.8162708046770604e-08 -0.0024140548652341366 0.00033117532493766137 -0.0055513946751940329 0.0015373775375179123 0.011305444642560393 0.00047110411130212525 -5.6578326258716059e-07 8.4292026353303124e-05 0.0008745904402504862 -2.1816899284488045e-07 0.00012606946447618839 -6.2038592338069522e-05 -6.4659045325967675e-05 -0.00011272523709912719 0.000121901405400493 -0.017762122595135668 0.00012465261495202108 0.012341992578179565 -0.00030540911218868486
leaf_weight=104086 55 812 1811 64306 516 873 702 887 245 245 6664 3524 74946 3344 579 3553 321 10348 1273 53469 1261 726 362 9712 52907 275 11938 2697 9199 61724
leaf_count=104086 55 812 1811 64306 516 873 702 887 245 245 6664 3524 74946 3344 579 3553 321 10348 1273 53469 1261 726 362 9712 52907 275 11938 2697 9199 61724
internal_value=-0.00143992 0.00107884 0.0397405 -0.00341984 -0.00112462 0.0112036 0.000231387 0.0132957 0.0524857 0.0460342 -0.000115673 0.0108192 -0.00159757 0.00628783 0.0173516 0.00493694 0.0316936 -0.000354597 0.000582056 0.00276036 0.0321894 0.00139348 0.0458971 -0.0016907 -0.00150557 0.0421171 -0.00311721 0.067843 -0.00246568 -0.000878663
internal_weight=483360 212732 4563 270628 166542 6153 208169 5387 947 761 202782 4336 160389 5392 2048 4440 1175 198446 116662 57091 2534 54557 1088 81784 59571 854 85443 2752 73505 71436
internal_count=483360 212732 4563 270628 166542 6153 208169 5387 947 761 202782 4336 160389 5392 2048 4440 1175 198446 116662 57091 2534 54557 1088 81784 59571 854 85443 2752 73505 71436
is_linear=0
shrinkage=0.08


Tree=79
num_leaves=31
num_cat=0
split_feature=23 23 8 8 2 39 29 33 33 33 0 13 33 7 29 6 39 7 6 19 0 19 33 33 39 39 39 8 0 6
split_gain=370.54 874.158 578.485 355.119 246.483 414.146 151.036 163.594 147.947 275.731 143.146 113.242 83.1023 356.414 62.9668 88.5924 62.9528 60.6958 53.0684 36.7023 36.1423 50.0557 35.7982 214.618 338.227 33.422 610.489 412.018 89.3968 47.4977
threshold=0.98292500000000016 0.9920916666666667 0.13383363840633328 0.21238378586294851 1.5000000000000002 6.3662618172144496 4.9816166666666684 -4.9576416666666656 4.3944666666666672 4.5858166666666671 0.13387044270833334 5.0082833333333339 -4.9576416666666656 0.83465888888888895 5.0081250000000006 2.0548554561780024 1.7768124130090133 0.89389486111111127 2.0733675292722418 4.9324250000000012 0.13387044270833334 5.0076583333333344 4.2660583333333344 4.2577166666666679 33.635461064579538 21.401241814506616 21.07590757345163 0.0051176092131718452 0.13387044270833334 0.082163918624963153
decision_type=2 2 2 2 2 2 2 2 2 2 2 2 2 2 2 2 2 2 2 2 2 2 2 2 2 2 2 2 2 2
left_child=3 2 4 -1 -2 -6 16 11 12 10 -10 -8 13 -3 15 -9 20 -11 19 -17 21 -5 23 25 -25 26 29 -28 -27 -14
right_child=1 8 -4 6 5 -7 7 14 9 17 -12 -13 22 -15 -16 18 -18 -19 -20 -21 -22 -23 -24 24 -26 28 27 -29 -30 -31
leaf_value=-0.00220984254254736 0.00010082449541650718 0.0011294130765988086 -0.00027624169029508925 -0.016341152787524814 -2.1797092954045637e-06 0.00011468040575586258 0.0014354036537018544 -0.0062544184510096006 3.0064236108273691e-06 0.00015554126831297311 -0.0026823482684674078 0.064142858698439831 -5.5918143186062249e-07 -0.0022209304760154127 -0.0051072831011784812 0.0014143873345165048 0.00025141583363620158 0.010401009071155518 0.00043341578239797229 0.00011214929296848198 -0.012840825787421947 0.0052549763909680537 -5.9486321699893096e-05 -0.00018694716847100779 0.00011598390731812458 -2.0071547343292196e-07 7.754866424502183e-05 -0.0013045508974916943 0.0015552932282269154 3.729808616412811e-06
leaf_weight=102780 2047 812 2155 20401 983 849 516 873 702 887 245 245 6684 3524 3343 579 77025 3553 321 275 61817 982 5700 735 721 23063 1261 750 44210 115322
leaf_count=102780 2047 812 2155 20401 983 849 516 873 702 887 245 245 6684 3524 3343 579 77025 3553 321 275 61817 982 5700 735 721 23063 1261 750 44210 115322
internal_value=-0.00140219 0.00108073 0.0310984 -0.00337816 0.0495612 0.0282445 -0.00109424 0.0112068 0.000210635 0.0132957 0.0524857 0.045929 -0.000136977 0.0108192 0.00630532 0.0173516 -0.00156655 0.00493694 0.0316936 0.0421171 -0.00309231 -0.00592733 -0.000376366 -0.000191591 0.0304066 -0.000424488 0.000354337 0.0440736 -0.00186024 -0.000366279
internal_weight=483360 214203 6034 269157 3879 1832 166377 6152 208169 5387 947 761 202782 4336 5391 2048 160225 4440 1175 854 83200 21383 198446 192746 1456 191290 124017 2011 67273 122006
internal_count=483360 214203 6034 269157 3879 1832 166377 6152 208169 5387 947 761 202782 4336 5391 2048 160225 4440 1175 854 83200 21383 198446 192746 1456 191290 124017 2011 67273 122006
is_linear=0
shrinkage=0.08


Tree=80
num_leaves=31
num_cat=0
split_feature=31 31 8 8 2 39 33 7 25 33 33 0 25 29 7 5 19 33 33 39 39 39 8 6 6 17 23 8 5 29
split_gain=407.527 1223.02 926.483 354.922 297.099 402.867 224.528 260.74 225.338 89.2304 332.293 127.009 56.5834 52.4713 86.7007 98.2266 41.3628 38.4496 210.976 337.218 40.2761 606.932 404.371 86.3698 53.3477 37.4937 135.351 87.9573 30.953 44.0479
threshold=0.97745000000000004 0.99199166666666672 0.13383363840633328 0.22010326211700934 2.5000000000000004 6.3662618172144496 -4.9576416666666656 0.83465888888888895 0.0041250000000000011 4.3944666666666672 4.5858166666666671 0.13387044270833334 4.1787083333333337 4.9816166666666684 0.83460972222222229 0.9919366666666668 4.9324250000000012 4.2660583333333344 4.2577166666666679 33.635461064579538 21.401241814506616 21.07590757345163 0.0051176092131718452 0.015593873359315467 0.082163918624963153 1.3601500000000002 0.0026166666666666669 1.0729504913699961 0.66776666666666695 5.0074250000000013
decision_type=2 2 2 2 2 2 2 2 2 2 2 2 2 2 2 2 2 2 2 2 2 2 2 2 2 2 2 2 2 2
left_child=3 2 4 -1 -2 -6 7 8 -5 17 11 -11 13 -8 15 -15 -17 18 20 -20 21 24 -23 -22 -3 -25 27 -27 29 -9
right_child=1 9 -4 6 5 -7 12 28 -10 10 -12 -13 -14 14 -16 16 -18 -19 19 -21 23 22 -24 25 -26 26 -28 -29 -30 -31
leaf_value=-0.0020509152664383115 0.00013094632570018305 -5.1444691731461487e-07 -0.00025414235507148497 0.0013032526358198026 -2.0053325517732645e-06 0.00010550597329539002 -0.0041327359626067836 -0.06637616242997503 -0.032145809457779791 2.7659097219867591e-06 0.0051070390121647144 0.026368609387023734 -0.015033860564522829 -0.08469124128633998 -0.0029195667232349365 0.0013012363477551503 0.00010317734953098067 -5.472741596392439e-05 -0.00017199139499332716 0.00010670519473265471 -1.8465823554691953e-07 7.1344771105437139e-05 -0.0012001868256923487 -0.00041290303085339986 0.00061307511261903132 0.0022006325679831563 -0.00074801263352014763 0.00048632993814564431 -3.1170551623986853e-05 0.0013329055632383558
leaf_weight=104106 3022 6687 2908 1206 992 843 139524 94 590 700 3544 215 14121 609 3265 617 277 5622 743 721 12576 1261 754 6661 117472 491 50406 321 2918 94
leaf_count=104106 3022 6687 2908 1206 992 843 139524 94 590 700 3544 215 14121 609 3265 617 277 5622 743 721 12576 1261 754 6661 117472 491 50406 321 2918 94
internal_value=-0.00125869 0.00132634 0.0324997 -0.00334607 0.0538818 0.0284905 -0.00101914 0.0158433 0.0401069 0.000163554 0.0113586 0.0543388 -0.00154094 -0.00106795 0.00718456 0.0230845 0.0399642 -8.14883e-05 0.000103667 0.0303607 -0.000121612 0.000733969 0.0442878 -0.00165382 2.71246e-05 -0.000348177 0.000386112 0.0327882 0.00181326 0.0332766
internal_weight=483360 215939 7765 267421 4857 1835 163315 4902 1796 208174 4459 915 158413 144292 4768 1503 894 203715 198093 1464 196629 126174 2015 70455 124159 57879 51218 812 3106 188
internal_count=483360 215939 7765 267421 4857 1835 163315 4902 1796 208174 4459 915 158413 144292 4768 1503 894 203715 198093 1464 196629 126174 2015 70455 124159 57879 51218 812 3106 188
is_linear=0
shrinkage=0.08


Tree=81
num_leaves=31
num_cat=0
split_feature=23 23 8 8 2 39 33 0 33 29 29 33 7 6 33 7 39 6 0 19 21 19 2 2 8 2 33 7 6 6
split_gain=419.583 1256.01 891.055 359.578 295.301 404.869 198.26 306.92 154.631 135.986 148.488 134.822 94.3467 88.5924 83.4558 356.414 57.8674 53.0684 38.5725 49.6937 37.0388 36.7023 35.3849 77.6097 362.708 609.713 346.111 222.6 58.4751 44.6924
threshold=0.97745000000000004 0.9920916666666667 0.13383363840633328 0.21238378586294851 2.5000000000000004 6.3662618172144496 4.3944666666666672 0.13387044270833334 4.5858166666666671 4.9816166666666684 5.0081250000000006 -4.2801666666666653 0.83460972222222229 2.0548554561780024 -4.9576416666666656 0.83465888888888895 1.7768124130090133 2.0733675292722418 0.13387044270833334 5.0076583333333344 0.88007500000000005 4.9324250000000012 3.5000000000000004 1.5000000000000002 0.0051176092131718452 2.5000000000000004 4.2577166666666679 2.1450669444444448 0.082163918624963153 0.074970135944514238
decision_type=2 2 2 2 2 2 2 2 2 2 2 2 2 2 2 2 2 2 2 2 2 2 2 2 2 2 2 2 2 2
left_child=3 2 4 -1 -2 -6 14 8 -8 16 11 -11 -10 -13 15 -3 18 21 19 -5 -20 -15 23 29 25 -25 -26 -28 -24 -16
right_child=1 6 -4 9 5 -7 7 -9 12 10 -12 13 -14 17 22 -17 -18 -19 20 -21 -22 -23 28 24 26 -27 27 -29 -30 -31
leaf_value=-0.0018689819178285029 0.00012047061964416628 0.00093479981960534534 -0.00023381096666576619 -0.013831151719361003 -1.8449059476299822e-06 9.7065495431758464e-05 2.5446369442505557e-06 0.040472247998912671 0.0003202876575570457 0.0011989924249542127 0.0012262731181792929 -0.0055204996370700364 0.00047371684385645097 0.0011971374399347213 -3.187979469743141e-08 -0.0020562286188122786 0.00014489885095610343 0.00063230785766492663 -0.015994499727827911 0.0047855322706811167 0.014378452768254063 9.4923161568516432e-05 -4.8969070487459021e-07 6.5637189416989372e-05 0.00090747346592027556 -1.6988557671737681e-07 9.8168779154050875e-05 -4.7938405937912876e-05 -5.1426016571767266e-05 -9.4570119118060343e-05
leaf_weight=101630 3026 812 2902 20397 989 849 702 3451 276 421 3683 873 958 579 6664 3524 76507 321 52313 982 9444 275 10348 1273 53469 1261 726 362 71436 52907
leaf_count=101630 3026 812 2902 20397 989 849 702 3451 276 421 3683 873 958 579 6664 3524 76507 321 52313 982 9444 275 10348 1273 53469 1261 726 362 71436 52907
internal_value=-0.00120242 0.00142061 0.0330095 -0.00332041 0.0539408 0.0286485 0.000242148 0.0153896 0.0408843 -0.00102368 0.0106476 0.0258275 0.0238314 0.0173516 -0.000160253 0.0108192 -0.00147344 0.0316936 -0.00293457 -0.00586333 -0.00192069 0.0421171 -0.000400151 0.000494281 0.00260202 0.0321894 0.00122778 0.0458971 -0.00167603 -0.00152571
internal_weight=483360 215935 7766 267425 4864 1838 208169 5387 1936 165795 6152 2469 1234 2048 202782 4336 159643 1175 83136 21379 61757 854 198446 116662 57091 2534 54557 1088 81784 59571
internal_count=483360 215935 7766 267425 4864 1838 208169 5387 1936 165795 6152 2469 1234 2048 202782 4336 159643 1175 83136 21379 61757 854 198446 116662 57091 2534 54557 1088 81784 59571
is_linear=0
shrinkage=0.08


Tree=82
num_leaves=31
num_cat=0
split_feature=23 23 8 8 33 0 23 39 33 29 29 33 7 6 33 7 39 6 7 17 19 8 2 2 8 2 33 7 6 6
split_gain=479.302 1752.12 1140.45 353.892 196.868 308.352 189.783 568.895 154.631 136.179 148.488 134.822 94.3467 88.5924 83.8087 356.139 57.8375 53.0684 38.8976 38.377 36.7023 35.3056 35.0948 76.9261 363.155 609.713 346.406 222.6 58.4751 44.6924
threshold=0.97422500000000012 0.9920916666666667 0.13383363840633328 0.21238378586294851 4.3944666666666672 0.13387044270833334 0.9848083333333334 6.3662618172144496 4.5858166666666671 4.9816166666666684 5.0081250000000006 -4.2801666666666653 0.83460972222222229 2.0548554561780024 -4.9576416666666656 0.83465888888888895 1.7768124130090133 2.0733675292722418 0.96005472222222221 4.1677000000000008 4.9324250000000012 1.9279260373660134 3.5000000000000004 1.5000000000000002 0.0051176092131718452 2.5000000000000004 4.2577166666666679 2.1450669444444448 0.082163918624963153 0.074970135944514238
decision_type=2 2 2 2 2 2 2 2 2 2 2 2 2 2 2 2 2 2 2 2 2 2 2 2 2 2 2 2 2 2
left_child=3 2 6 -1 14 8 18 -8 -6 16 11 -11 -10 -13 15 -3 19 20 -2 -5 -15 -14 23 29 25 -25 -26 -28 -24 -16
right_child=1 4 -4 9 5 -7 7 -9 12 10 -12 13 21 17 22 -17 -18 -19 -20 -21 -22 -23 28 24 26 -27 27 -29 -30 -31
leaf_value=-0.0019527940910257602 -0.03117537214151363 0.00086001583403692904 -0.0002151060893325063 -0.012119025952112134 2.3410659887446171e-06 0.037234468158999674 -1.6973134718156757e-06 8.9300255797217787e-05 0.0002946646449525048 0.001103073030957873 0.0011281712687249267 -0.0050788596661044336 0.00049792689590191232 0.0011013664447399663 -2.9329411113110384e-08 -0.0018917303293072879 0.00012536806046591043 0.00058172322905171827 0.00011083297007263404 -0.012724659581812124 8.7329308643049327e-05 -0.27250111704316782 -4.5051544848462301e-07 6.0386214263630222e-05 0.00083487558864664239 -1.5629473057998666e-07 9.0315276821755221e-05 -4.4103333462857107e-05 -4.7311935246057148e-05 -8.7004509588624047e-05
leaf_weight=100317 41 812 3351 71237 702 3451 1017 1735 276 421 3683 873 582 579 6664 3524 76231 321 3230 11880 275 376 10348 1273 53469 1261 726 362 71436 52907
leaf_count=100317 41 812 3351 71237 702 3451 1017 1735 276 421 3683 873 582 579 6664 3524 76231 321 3230 11880 275 376 10348 1273 53469 1261 726 362 71436 52907
internal_value=-0.00102516 0.00175954 0.0355929 -0.00330414 0.000235999 0.0153302 0.0564064 0.0409244 0.0408843 -0.00103154 0.0106476 0.0258275 0.0238314 0.0173516 -0.000164987 0.0108376 -0.00148244 0.0316936 0.069432 -0.00294207 0.0421171 0.0119582 -0.000405392 0.000485366 0.0025838 0.0321894 0.00120872 0.0458971 -0.00167603 -0.00152571
internal_weight=483360 217543 9374 265817 208169 5387 6023 2752 1936 165500 6152 2469 1234 2048 202782 4336 159348 1175 3271 83117 854 958 198446 116662 57091 2534 54557 1088 81784 59571
internal_count=483360 217543 9374 265817 208169 5387 6023 2752 1936 165500 6152 2469 1234 2048 202782 4336 159348 1175 3271 83117 854 958 198446 116662 57091 2534 54557 1088 81784 59571
is_linear=0
shrinkage=0.08


Tree=83
num_leaves=31
num_cat=0
split_feature=23 23 8 8 2 39 33 0 33 29 29 33 7 6 33 7 17 6 7 19 0 8 8 0 0 19 8 2 2 8
split_gain=409.588 1255.63 891.055 361.437 295.301 404.869 195.804 309.069 154.631 134.416 148.488 134.822 94.3467 88.5924 83.6224 356.139 56.4882 53.0684 39.2561 43.952 104.723 44.1234 37.3652 51.0459 64.996 36.7023 35.3056 34.8669 75.4079 363.43
threshold=0.97745000000000004 0.9920916666666667 0.13383363840633328 0.21238378586294851 2.5000000000000004 6.3662618172144496 4.3944666666666672 0.13387044270833334 4.5858166666666671 4.9816166666666684 5.0081250000000006 -4.2801666666666653 0.83460972222222229 2.0548554561780024 -4.9576416666666656 0.83465888888888895 4.1677000000000008 2.0733675292722418 0.92154138888888892 0.098683333333333359 0.080118815104166671 1.0729504913699961 1.0859725813825156 0.18188476562500003 0.17399088541666671 4.9324250000000012 1.9279260373660134 3.5000000000000004 1.5000000000000002 0.0051176092131718452
decision_type=2 2 2 2 2 2 2 2 2 2 2 2 2 2 2 2 2 2 2 2 2 2 2 2 2 2 2 2 2 2
left_child=3 2 4 -1 -2 -6 14 8 -8 16 11 -11 -10 -13 15 -3 18 25 22 20 21 -20 23 24 -5 -15 -14 28 -16 -30
right_child=1 6 -4 9 5 -7 7 -9 12 10 -12 13 26 17 27 -17 -18 -19 19 -21 -22 -23 -24 -25 -26 -27 -28 -29 29 -31
leaf_value=-0.0015632398371201628 0.00010196633246682296 0.00079121456731400029 -0.00019789760218590579 0.0021668385449067473 -1.5615283940739744e-06 8.2156235333439304e-05 2.1537807096194685e-06 0.034255710706279731 0.00027109147335629302 0.0010148271884812487 0.0010379175672269271 -0.004672550892816079 0.00045809274422978777 0.0010132571291607917 -2.6983058241114578e-08 -0.0017403919029627363 -0.011706686815267153 0.00053518537072754673 0.0030736200800284409 -0.0015783469705051381 0.023444025776097912 -0.0009475175730443297 -0.055233788732360269 -0.0067425580226234327 0.15522724254985343 8.0342963951594013e-05 -0.25070102767971442 -4.1447421260443208e-07 5.5555317122539809e-05 0.00038792604804370966
leaf_weight=101630 3026 812 2902 30880 989 849 702 3451 276 421 3683 873 582 579 59571 3524 13945 321 586 25570 10243 168 28440 48314 1497 275 376 81784 2534 54557
leaf_count=101630 3026 812 2902 30880 989 849 702 3451 276 421 3683 873 582 579 59571 3524 13945 321 586 25570 10243 168 28440 48314 1497 275 376 81784 2534 54557
internal_value=-0.00116617 0.00142543 0.0330095 -0.00325878 0.0539408 0.0286485 0.000247143 0.0153005 0.0408843 -0.000956122 0.0106476 0.0258275 0.0238314 0.0173516 -0.000152757 0.0108376 -0.00140328 0.0316936 -0.000937722 0.00133082 0.00556006 0.0343342 -0.00169785 -0.000819028 0.00163894 0.0421171 0.0119582 -0.000392895 0.000494966 0.00257259
internal_weight=483360 215935 7766 267425 4864 1838 208169 5387 1936 165795 6152 2469 1234 2048 202782 4336 159643 1175 145698 36567 10997 754 109131 80691 32377 854 958 198446 116662 57091
internal_count=483360 215935 7766 267425 4864 1838 208169 5387 1936 165795 6152 2469 1234 2048 202782 4336 159643 1175 145698 36567 10997 754 109131 80691 32377 854 958 198446 116662 57091
is_linear=0
shrinkage=0.08


Tree=84
num_leaves=31
num_cat=0
split_feature=23 23 8 8 23 39 33 0 33 29 29 33 7 6 33 7 17 6 7 19 8 39 2 2 8 2 33 7 6 6
split_gain=525.906 2205.97 1392.91 349.019 214.955 568.895 194.096 310.866 154.631 135.056 148.488 134.822 94.3467 88.5924 84.0057 355.863 55.5532 53.0684 38.9373 36.7023 35.3056 35.1726 34.4685 74.4759 364.049 609.713 346.998 222.6 58.8216 45.1212
threshold=0.9720416666666668 0.9920916666666667 0.13383363840633328 0.21238378586294851 0.9848083333333334 6.3662618172144496 4.3944666666666672 0.13387044270833334 4.5858166666666671 4.9816166666666684 5.0081250000000006 -4.2801666666666653 0.83460972222222229 2.0548554561780024 -4.9576416666666656 0.83465888888888895 4.1677000000000008 2.0733675292722418 0.95618305555555572 4.9324250000000012 1.9279260373660134 0.2295029636926629 3.5000000000000004 1.5000000000000002 0.0051176092131718452 2.5000000000000004 4.2577166666666679 2.1450669444444448 0.082163918624963153 0.074970135944514238
decision_type=2 2 2 2 2 2 2 2 2 2 2 2 2 2 2 2 2 2 2 2 2 2 2 2 2 2 2 2 2 2
left_child=3 2 4 -1 18 -6 14 8 -8 16 11 -11 -10 -13 15 -3 -5 19 -2 -15 -14 -4 23 29 25 -25 -26 -28 -24 -16
right_child=1 6 21 9 5 -7 7 -9 12 10 -12 13 20 17 22 -17 -18 -19 -20 -21 -22 -23 28 24 26 -27 27 -29 -30 -31
leaf_value=-0.0016928450712320941 -0.028556283183222925 0.00072791740192890586 0.010322485719271675 -0.0029002386009753067 -1.4366061225512538e-06 7.5583736506761311e-05 1.9814782528726484e-06 0.031515253849777367 0.00024940415548776687 0.00093364101340277729 0.00095488416184878137 -0.004298746821390793 0.00042144532469137633 0.00093219655882791129 -2.4824413564772387e-08 -0.0016011605507257459 -0.010770151870045781 0.00049237054106932021 0.00012472982583071611 7.3915526835435235e-05 -0.23064494546533726 -0.00019173609199783393 -3.8131627558612993e-07 5.1110891752728095e-05 0.00073705145771142309 -4.5882165219524043e-06 5.2055970832540765e-05 -7.1609150629328155e-05 -4.3493822489395485e-05 -8.004199017683789e-05
leaf_weight=99060 41 812 204 145230 1017 1735 702 3451 276 421 3683 873 582 579 6664 3524 13944 321 4236 275 376 3572 10348 1273 53469 1261 726 362 71436 52907
leaf_count=99060 41 812 204 145230 1017 1735 702 3451 276 421 3683 873 582 579 6664 3524 13944 321 4236 275 376 3572 10348 1273 53469 1261 726 362 71436 52907
internal_value=-0.000831515 0.00206804 0.0373124 -0.00323303 0.0583651 0.0409244 0.000238689 0.0152263 0.0408843 -0.000983078 0.0106476 0.0258275 0.0238314 0.0173516 -0.000159464 0.0108561 -0.0014326 0.0316936 0.0695871 0.0421171 0.0119582 -0.00187712 -0.000400151 0.000482623 0.00254737 0.0321894 0.00117059 0.0458971 -0.0016594 -0.00149617
internal_weight=483360 218974 10805 264386 7029 2752 208169 5387 1936 165326 6152 2469 1234 2048 202782 4336 159174 1175 4277 854 958 3776 198446 116662 57091 2534 54557 1088 81784 59571
internal_count=483360 218974 10805 264386 7029 2752 208169 5387 1936 165326 6152 2469 1234 2048 202782 4336 159174 1175 4277 854 958 3776 198446 116662 57091 2534 54557 1088 81784 59571
is_linear=0
shrinkage=0.08


Tree=85
num_leaves=31
num_cat=0
split_feature=23 23 8 8 23 39 33 0 33 29 29 33 7 6 33 7 17 6 7 19 7 19 0 8 8 0 0 39 8 2
split_gain=509.124 2176.01 1427.41 358.701 214.955 568.895 193.497 313.594 153.78 132.807 148.488 134.822 93.754 88.5924 84.66 355.314 57.0979 53.0684 38.9373 36.7023 35.6526 38.9937 103.629 43.0933 36.8621 44.6838 56.4145 36.1791 34.3567 34.0944
threshold=0.9720416666666668 0.9920916666666667 0.13383363840633328 0.21238378586294851 0.9848083333333334 6.3662618172144496 4.3944666666666672 0.13387044270833334 4.5858166666666671 4.9816166666666684 5.0081250000000006 -4.2801666666666653 0.83460972222222229 2.0548554561780024 -4.9576416666666656 0.83465888888888895 4.1677000000000008 2.0733675292722418 0.95618305555555572 4.9324250000000012 0.92154138888888892 0.098683333333333359 0.080118815104166671 1.0729504913699961 1.0859725813825156 0.18188476562500003 0.17399088541666671 4.6356847912915153 1.9279260373660134 3.5000000000000004
decision_type=2 2 2 2 2 2 2 2 2 2 2 2 2 2 2 2 2 2 2 2 2 2 2 2 2 2 2 2 2 2
left_child=3 2 4 -1 18 -6 14 8 -8 16 11 -11 -10 -13 15 -3 20 19 -2 -15 24 22 23 -22 25 26 -5 -27 -14 -16
right_child=1 6 -4 9 5 -7 7 -9 12 10 -12 13 28 17 29 -17 -18 -19 -20 -21 21 -23 -24 -25 -26 27 -28 -29 -30 -31
leaf_value=-0.0015574174655335238 -0.026271780528565093 0.00066968400977458493 -0.00016672690665120449 0.0022636880635971009 -1.3216776327507062e-06 6.9537037586222541e-05 1.8229599926655738e-06 0.028994033541795177 0.00022945182304873413 0.00085894973233052957 0.00087849342890088165 -0.0039548470756795295 0.00038772969871608609 0.00085762083412170402 4.7022020412512688e-05 -0.0014730677066677007 -0.0099085397204421184 0.00045298089778377459 0.00011475143976426239 6.8002284688617465e-05 0.0030597495617042014 -0.0015501765523185719 0.021962569358078467 -0.00063969707912274747 -0.050560415790061403 -0.008990462977537899 0.14317725778230472 0.0060831817832368166 -0.21219334982811028 -3.5081097355060819e-07
leaf_weight=99060 41 812 3776 30608 1017 1735 702 3451 276 421 3683 873 582 579 116662 3524 13944 321 4236 275 586 25413 10234 168 28414 43164 1495 5148 376 81784
leaf_count=99060 41 812 3776 30608 1017 1735 702 3451 276 421 3683 873 582 579 116662 3524 13944 321 4236 275 586 25413 10234 168 28414 43164 1495 5148 376 81784
internal_value=-0.000803875 0.00204905 0.0370532 -0.00316677 0.0583651 0.0409244 0.000232156 0.0151966 0.0409669 -0.000885815 0.0106476 0.0258275 0.0239611 0.0173516 -0.000165381 0.010893 -0.00133158 0.0316936 0.0695871 0.0421171 -0.000862083 0.00130524 0.00528722 0.0339098 -0.00158701 -0.000711809 0.00160159 -0.00224905 0.0121253 -0.000407004
internal_weight=483360 218974 10805 264386 7029 2752 208169 5387 1936 165326 6152 2469 1234 2048 202782 4336 159174 1175 4277 854 145230 36401 10988 754 108829 80415 32103 48312 958 198446
internal_count=483360 218974 10805 264386 7029 2752 208169 5387 1936 165326 6152 2469 1234 2048 202782 4336 159174 1175 4277 854 145230 36401 10988 754 108829 80415 32103 48312 958 198446
is_linear=0
shrinkage=0.08


Tree=86
num_leaves=31
num_cat=0
split_feature=23 23 8 8 33 0 33 29 29 33 23 5 8 7 6 33 7 17 6 19 8 2 2 8 2 33 7 6 6 7
split_gain=592.671 3416.59 1487.84 342.611 187.516 314.752 153.78 134.024 148.316 134.822 119.133 241.892 226.186 93.754 88.5924 85.2123 355.314 55.8577 53.0684 36.7023 34.3567 32.0835 77.5013 364.753 609.713 347.454 222.6 58.7936 50.9026 31.5068
threshold=0.96676666666666677 0.9848083333333334 0.12714578923209288 0.21238378586294851 4.3944666666666672 0.13387044270833334 4.5858166666666671 4.9816166666666684 5.0081250000000006 -4.2801666666666653 0.98918333333333341 0.9889772222222224 0.14952596296438883 0.83460972222222229 2.0548554561780024 -4.9576416666666656 0.83465888888888895 4.1677000000000008 2.0733675292722418 4.9324250000000012 1.9279260373660134 3.5000000000000004 1.5000000000000002 0.0051176092131718452 2.5000000000000004 4.2577166666666679 2.1450669444444448 0.082163918624963153 0.074970135944514238 0.95264083333333349
decision_type=2 2 2 2 2 2 2 2 2 2 2 2 2 2 2 2 2 2 2 2 2 2 2 2 2 2 2 2 2 2
left_child=3 2 29 -1 10 6 -6 17 9 -9 11 -3 -13 -8 -11 16 -12 -5 19 -16 -15 22 28 24 -24 -25 -27 -23 -17 -2
right_child=1 4 -4 7 5 -7 13 8 -10 14 15 12 -14 20 18 21 -18 -19 -20 -21 -22 27 23 25 -26 26 -28 -29 -30 -31
leaf_value=-0.0021577541619522654 -0.024302127699366238 -1.2159434221281629e-06 -0.00016527567831338354 -0.0025442053887117931 1.6771231932466435e-06 0.026645210856104082 0.00021109567720486666 0.00079023375374411844 0.0008082139545888367 -0.0036384593096251672 0.00061610928899263233 6.397407457932047e-05 -0.00016305905210590944 0.00035671132281876793 0.000789011167391962 -3.7846000934749216e-06 -0.0013552222901342876 -0.0091158565428067495 0.0004167424259610897 6.2562101913528074e-05 -0.19521788184186148 -3.227460956622963e-07 4.3260258779511677e-05 0.00066268616760629332 -7.9829208332071749e-06 4.4129731532933645e-05 -6.9642180211957345e-05 -3.99862518123939e-05 -7.7400392595663455e-05 0.00011650568939958639
leaf_weight=96364 33 1815 2528 144969 702 3452 276 421 3679 873 812 793 409 582 579 7814 3524 13940 321 275 376 10348 1273 53497 1261 726 362 71476 53234 6646
leaf_count=96364 33 1815 2528 144969 702 3452 276 421 3679 873 812 793 409 582 579 7814 3524 13940 321 275 376 10348 1273 53497 1261 726 362 71476 53234 6646
internal_value=-0.000561736 0.00247855 0.0501905 -0.00314286 0.000413589 0.0151477 0.0409669 -0.000929959 0.0106597 0.0258275 3.07103e-05 0.0158117 0.0436473 0.0239611 0.0173516 -0.000202305 0.010893 -0.00137835 0.0316936 0.0421171 0.0121253 -0.000442862 0.000400313 0.00251839 0.0321894 0.00114097 0.0458971 -0.00166054 -0.00158145 0.0699757
internal_weight=483360 221939 9207 261421 212732 5388 1936 165057 6148 2469 207344 3017 1202 1234 2048 204327 4336 158909 1175 854 958 199991 118167 57119 2534 54585 1088 81824 61048 6679
internal_count=483360 221939 9207 261421 212732 5388 1936 165057 6148 2469 207344 3017 1202 1234 2048 204327 4336 158909 1175 854 958 199991 118167 57119 2534 54585 1088 81824 61048 6679
is_linear=0
shrinkage=0.08


Tree=87
num_leaves=31
num_cat=0
split_feature=23 23 8 8 33 0 15 29 29 33 23 5 8 6 33 7 8 17 7 5 19 2 2 8 2 33 7 6 6 7
split_gain=577.28 3417.78 1487.84 352.971 175.465 294.785 170.05 131.46 147.937 135.034 119.075 241.892 226.186 88.2342 85.4357 355.039 68.5202 57.5801 53.024 36.7752 36.3952 32.2735 76.7497 364.857 609.713 347.522 222.6 58.7936 51.1685 31.5068
threshold=0.96676666666666677 0.9848083333333334 0.12714578923209288 0.21238378586294851 4.3944666666666672 0.13387044270833334 4.2570333333333341 4.9816166666666684 5.0081250000000006 -4.2801666666666653 0.98918333333333341 0.9889772222222224 0.14952596296438883 2.0548554561780024 -4.9576416666666656 0.83465888888888895 1.9279260373660134 4.1677000000000008 0.83460972222222229 1.0015377777777781 4.9324250000000012 3.5000000000000004 1.5000000000000002 0.0051176092131718452 2.5000000000000004 4.2577166666666679 2.1450669444444448 0.082163918624963153 0.074970135944514238 0.95264083333333349
decision_type=2 2 2 2 2 2 2 2 2 2 2 2 2 2 2 2 2 2 2 2 2 2 2 2 2 2 2 2 2 2
left_child=3 2 29 -1 10 6 16 17 9 -9 11 -3 -13 -11 15 -12 19 -5 20 -6 -15 22 28 24 -24 -25 -27 -23 -16 -2
right_child=1 4 -4 7 5 -7 -8 8 -10 13 14 12 -14 18 21 -17 -18 -19 -20 -21 -22 27 23 25 -26 26 -28 -29 -30 -31
leaf_value=-0.0019851338289960906 -0.02235795748341694 -1.118667948354357e-06 -0.00015205362404831392 -0.0023406689576148487 0.0022665860550500128 0.024513593987615732 1.5429533377897542e-06 0.00072701505344461735 0.00074355683822176395 -0.0033473825648551538 0.00056682054587319896 5.8856148612971281e-05 -0.00015001432793743775 0.00072589027400063347 -3.4818320860097176e-06 -0.0012468045069235617 -0.17960045129451258 -0.0083865880193822098 0.0003834030318841997 0.0002660670174392976 5.755713376046856e-05 -2.9692640801215476e-07 3.9799438077139373e-05 0.000609671274197777 -7.3442871665463375e-06 4.0599353010293274e-05 -6.4070805794997908e-05 -3.6787351667371125e-05 -7.1208361188013214e-05 0.00010718523424761983
leaf_weight=96364 33 1815 2528 144969 325 3452 708 421 3679 873 812 793 409 580 7814 3524 370 13940 319 533 276 10348 1273 53497 1261 726 362 71476 53234 6646
leaf_count=96364 33 1815 2528 144969 325 3452 708 421 3679 873 812 793 409 580 7814 3524 370 13940 319 533 276 10348 1273 53497 1261 726 362 71476 53234 6646
internal_value=-0.00053029 0.00247026 0.0501905 -0.00307767 0.00040494 0.0146578 0.0396446 -0.000831569 0.0106467 0.0257951 3.45687e-05 0.0158117 0.0436473 0.0173125 -0.00019839 0.0109114 0.0216417 -0.00127565 0.0316255 0.0340513 0.042 -0.000439262 0.000406406 0.00251419 0.0321894 0.00113657 0.0458971 -0.00166054 -0.00156572 0.0699757
internal_weight=483360 221939 9207 261421 212732 5388 1936 165057 6148 2469 207344 3017 1202 2048 204327 4336 1228 158909 1175 858 856 199991 118167 57119 2534 54585 1088 81824 61048 6679
internal_count=483360 221939 9207 261421 212732 5388 1936 165057 6148 2469 207344 3017 1202 2048 204327 4336 1228 158909 1175 858 856 199991 118167 57119 2534 54585 1088 81824 61048 6679
is_linear=0
shrinkage=0.08


Tree=88
num_leaves=31
num_cat=0
split_feature=23 23 8 2 8 33 33 0 29 29 33 15 23 23 5 8 6 33 7 7 17 7 17 0 8 0 19 0 21 0
split_gain=484.789 1901.43 891.643 734.966 354.505 139.468 277.724 144.465 130.953 147.419 135.034 127.404 674.25 119.115 241.892 226.186 88.2342 85.7619 354.764 61.7664 58.5136 53.024 36.9527 131.398 49.8517 46.9239 47.1086 38.3653 65.6989 57.2053
threshold=0.95830000000000004 0.9848083333333334 0.12714578923209288 1.0000000180025095e-35 0.21238378586294851 4.3944666666666672 4.5858166666666671 0.13387044270833334 4.9816166666666684 5.0081250000000006 -4.2801666666666653 0.97422500000000012 0.9720416666666668 0.98918333333333341 0.9889772222222224 0.14952596296438883 2.0548554561780024 -4.9576416666666656 0.83465888888888895 0.89389486111111127 4.1677000000000008 0.83460972222222229 2.4369166666666673 0.080118815104166671 1.0729504913699961 0.10957845052083336 5.0076583333333344 0.15695612468103057 0.88007500000000005 0.16293756999353057
decision_type=2 2 2 2 2 2 2 2 2 2 2 2 2 2 2 2 2 2 2 2 2 2 2 2 2 2 2 2 2 2
left_child=4 2 3 -2 -1 13 7 -7 20 10 -10 12 -5 14 -3 -16 -12 18 -15 -8 22 -18 25 24 -24 26 -6 -27 29 -29
right_child=1 5 -4 11 8 6 19 -9 9 -11 16 -13 -14 17 15 -17 21 -19 -20 -21 -22 -23 23 -25 -26 27 -28 28 -30 -31
leaf_value=-0.0026987259834217081 -1.3871049389635459e-06 -1.0291745124835217e-06 -0.00013988933412444559 9.8610415507813804e-05 -0.010615196739080054 1.419517070786469e-06 0.0002447816560441396 -0.021003640304242979 0.00066885384916908213 0.00068407229116402852 -0.0030795919596667415 8.7676050691349873e-05 -7.234013302612752e-06 0.00052147490220335159 5.4147656723930738e-05 -0.00013801318170243883 0.00066648390803763396 -2.731722953797089e-07 -0.0011470601463696912 -0.0033142642970344048 -0.0077156609778316334 0.00035273078933343525 0.0025484415962931098 0.0081408278519218055 -0.00019773136508678847 0.0047365258994072137 0.014458557162773431 -0.052118631511163971 0.0098215356132629224 -0.0056529579102398888
leaf_weight=94963 1247 1815 3184 2472 14216 702 887 245 421 3667 873 3214 1039 812 793 409 856 199991 3524 3554 13931 319 577 5181 166 37490 980 11695 16234 57903
leaf_count=94963 1247 1815 3184 2472 14216 702 887 245 421 3667 873 3214 1039 812 793 409 856 199991 3524 3554 13931 319 577 5181 166 37490 980 11695 16234 57903
internal_value=-0.000677096 0.00205038 0.0342445 0.0485379 -0.00303053 0.000362069 0.013069 0.0524013 -0.000783862 0.0106832 0.0257951 0.0589978 0.0484625 3.18678e-05 0.0158117 0.0436473 0.0173125 -0.00020113 0.0109299 0.00468183 -0.00122814 0.0316255 -0.000750587 0.00543687 0.0368991 -0.00101521 -0.00520979 -0.00049834 -0.00143089 -0.00249984
internal_weight=483360 223888 11156 7972 259472 212732 5388 947 164509 6136 2469 6725 3511 207344 3017 1202 2048 204327 4336 4441 158373 1175 144442 5924 743 138518 15196 123322 85832 69598
internal_count=483360 223888 11156 7972 259472 212732 5388 947 164509 6136 2469 6725 3511 207344 3017 1202 2048 204327 4336 4441 158373 1175 144442 5924 743 138518 15196 123322 85832 69598
is_linear=0
shrinkage=0.08


Tree=89
num_leaves=31
num_cat=0
split_feature=23 23 8 2 8 15 23 23 5 8 33 33 0 33 7 29 33 5 39 17 17 7 2 2 8 2 33 7 6 6
split_gain=499.242 1905.99 891.643 734.966 334.548 127.404 674.25 114.662 241.564 226.601 111.401 301.008 144.465 86.0404 354.49 72.2004 157.259 131.618 56.4193 38.9151 36.1275 45.5871 32.1045 75.2139 365.511 609.713 347.955 222.6 58.7936 51.4128
threshold=0.95830000000000004 0.9848083333333334 0.12714578923209288 1.0000000180025095e-35 0.14017025764434085 0.97422500000000012 0.9720416666666668 0.98918333333333341 0.9889772222222224 0.14952596296438883 4.3944666666666672 4.5858166666666671 0.13387044270833334 -4.9576416666666656 0.83465888888888895 4.9816166666666684 -4.9576416666666656 0.66776666666666695 1.7768124130090133 4.1677000000000008 4.8112666666666675 0.83460972222222229 3.5000000000000004 1.5000000000000002 0.0051176092131718452 2.5000000000000004 4.2577166666666679 2.1450669444444448 0.082163918624963153 0.074970135944514238
decision_type=2 2 2 2 2 2 2 2 2 2 2 2 2 2 2 2 2 2 2 2 2 2 2 2 2 2 2 2 2 2
left_child=4 2 3 -2 -1 6 -5 8 -3 -10 13 12 -12 14 -9 18 17 -17 19 -6 -18 -22 23 29 25 -25 -26 -28 -24 -15
right_child=1 7 -4 5 15 -7 -8 10 9 -11 11 -13 -14 22 -16 16 20 -19 -20 -21 21 -23 28 24 26 -27 27 -29 -30 -31
leaf_value=-0.0024828279047479731 -1.2761365438507254e-06 -9.4684055148341887e-07 -0.00012869818739448923 9.0721582267185857e-05 -0.01098929963729485 8.0661966636039745e-05 -6.6552922384044426e-06 0.00047975691002704934 4.9815844186014146e-05 -0.00012697212716624053 1.3059557051064985e-06 0.00022519912356059991 -0.019323349079903549 -3.1814317354772469e-06 -0.0010552953346600819 0.00062934650787092037 -1.7684875169337033e-05 -0.00062560351780241777 8.7255482752048871e-05 -0.0070984080996051024 0.00061450033943756923 0.00032451232618676331 -2.5131851174364781e-07 3.6637336814600023e-05 0.0005609194260455839 -6.734890409596517e-06 3.737325855311724e-05 -5.8923287547756335e-05 -3.3822509750365273e-05 -6.5489838509336098e-05
leaf_weight=84210 1247 1815 3184 2472 77200 3214 1039 812 793 410 702 4440 245 7814 3524 466 3878 295 80050 11876 579 918 10348 1273 53497 1261 726 362 71476 53234
leaf_count=84210 1247 1815 3184 2472 77200 3214 1039 812 793 410 702 4440 245 7814 3524 466 3878 295 80050 11876 579 918 10348 1273 53497 1261 726 362 71476 53234
internal_value=-0.000756043 0.00201179 0.0342445 0.0485379 -0.00314429 0.0589978 0.0484625 0.000321454 0.0158038 0.0436043 9.86467e-05 0.0114542 0.0524013 -0.000200739 0.0109483 -0.00115311 0.00737158 0.0414087 -0.00146239 -0.00284755 0.00255256 0.0131089 -0.000442462 0.00040099 0.00248758 0.0321894 0.00110873 0.0458971 -0.00166054 -0.00155131
internal_weight=483360 223888 11156 7972 259472 6725 3511 212732 3018 1203 209714 5387 947 204327 4336 175262 6136 761 169126 89076 5375 1497 199991 118167 57119 2534 54585 1088 81824 61048
internal_count=483360 223888 11156 7972 259472 6725 3511 212732 3018 1203 209714 5387 947 204327 4336 175262 6136 761 169126 89076 5375 1497 199991 118167 57119 2534 54585 1088 81824 61048
is_linear=0
shrinkage=0.08


Tree=90
num_leaves=31
num_cat=0
split_feature=23 23 8 2 8 15 23 23 5 8 33 33 0 33 7 29 33 5 17 7 21 8 19 17 7 31 19 0 8 2
split_gain=490.263 1906.54 891.643 734.966 341.352 127.404 674.25 114.735 241.564 226.601 111.498 301.008 144.465 86.119 354.49 79.4958 152.833 131.618 53.7079 38.5078 37.1619 38.5272 32.6889 32.4565 45.5871 31.9585 31.8096 81.7319 34.8285 31.7797
threshold=0.95830000000000004 0.9848083333333334 0.12714578923209288 1.0000000180025095e-35 0.14017025764434085 0.97422500000000012 0.9720416666666668 0.98918333333333341 0.9889772222222224 0.14952596296438883 4.3944666666666672 4.5858166666666671 0.13387044270833334 -4.9576416666666656 0.83465888888888895 4.9816166666666684 -4.9576416666666656 0.66776666666666695 4.1677000000000008 0.92154138888888892 0.28330000000000005 1.1186070826442196 5.0076583333333344 4.8112666666666675 0.83460972222222229 1.8022666666666669 0.098683333333333359 0.080118815104166671 1.0729504913699961 3.5000000000000004
decision_type=2 2 2 2 2 2 2 2 2 2 2 2 2 2 2 2 2 2 2 2 2 2 2 2 2 2 2 2 2 2
left_child=4 2 3 -2 -1 6 -5 8 -3 -10 13 12 -12 14 -9 18 17 -17 19 20 22 -22 -6 -18 -25 -24 27 28 -21 -15
right_child=1 7 -4 5 15 -7 -8 10 9 -11 11 -13 -14 29 -16 16 23 -19 -20 26 21 -23 25 24 -26 -27 -28 -29 -30 -31
leaf_value=-0.002284201672368136 -1.1740456203401805e-06 -8.7109330736190317e-07 -0.00011840233240293152 8.3463855685810277e-05 -0.021823187173957381 7.4209009305157279e-05 -6.1228688593306656e-06 0.00044137635722485413 4.583057665112911e-05 -0.00011681435699293807 1.2014792486780835e-06 0.00020718319367574623 -0.01777748115351126 3.3706349869433438e-05 -0.00097087170788729251 0.00057899878724121834 -1.6270085155767334e-05 -0.00057555523637823573 -0.0065305354516366947 0.0029949037781503663 0.0018401148108739222 -0.039914839172011309 -0.12836151906381621 0.00056534031228252959 0.00029855134009181938 0.021400663410324157 -0.00084364753027744055 0.020640053724666711 -0.00018889329450001214 -2.3121303080131384e-07
leaf_weight=84210 1247 1815 3184 2472 61251 3214 1039 812 793 410 702 4440 245 118167 3524 466 3878 295 13931 586 45724 10643 372 579 918 652 25575 10224 168 81824
leaf_count=84210 1247 1815 3184 2472 61251 3214 1039 812 793 410 702 4440 245 118167 3524 466 3878 295 13931 586 45724 10643 372 579 918 652 25575 10224 168 81824
internal_value=-0.000735685 0.00200714 0.0342445 0.0485379 -0.00310236 0.0589978 0.0484625 0.000316565 0.0158038 0.0436043 9.36876e-05 0.0114542 0.0524013 -0.000205829 0.0109483 -0.00109103 0.00785397 0.0414087 -0.00141556 -0.000988436 -0.0016879 -0.000199693 -0.00303493 0.00310325 0.0131089 0.0111406 0.00128186 0.00488395 0.0303024 -0.000447662
internal_weight=483360 223888 11156 7972 259472 6725 3511 212732 3018 1203 209714 5387 947 204327 4336 175262 6136 761 169126 155195 118642 56367 62275 5375 1497 1024 36553 10978 754 199991
internal_count=483360 223888 11156 7972 259472 6725 3511 212732 3018 1203 209714 5387 947 204327 4336 175262 6136 761 169126 155195 118642 56367 62275 5375 1497 1024 36553 10978 754 199991
is_linear=0
shrinkage=0.08


Tree=91
num_leaves=31
num_cat=0
split_feature=23 23 8 2 8 23 17 33 33 0 33 7 29 33 5 23 5 8 21 21 39 0 0 0 17 7 2 2 8 2
split_gain=416.524 1387.7 673.712 661.645 342.141 147.406 629.123 107.827 301.05 144.465 83.2482 354.354 79.3012 152.833 131.618 58.8761 304.557 232.806 54.0647 37.6631 39.0064 37.341 60.0056 34.5778 32.4565 45.5871 31.7797 74.4854 365.994 609.713
threshold=0.95830000000000004 0.98292500000000016 0.12714578923209288 1.0000000180025095e-35 0.14017025764434085 0.9720416666666668 0.97421666666666684 4.3944666666666672 4.5858166666666671 0.13387044270833334 -4.9576416666666656 0.83465888888888895 4.9816166666666684 -4.9576416666666656 0.66776666666666695 0.98918333333333341 0.9889772222222224 0.14017025764434085 4.1700000000000008 0.95830000000000004 4.2991457515861304 0.16293756999353057 0.15197753906250003 0.13387044270833334 4.8112666666666675 0.83460972222222229 3.5000000000000004 1.5000000000000002 0.0051176092131718452 2.5000000000000004
decision_type=2 2 2 2 2 2 2 2 2 2 2 2 2 2 2 2 2 2 2 2 2 2 2 2 2 2 2 2 2 2
left_child=4 2 3 -2 -1 -5 -7 10 9 -9 11 -3 18 14 -14 16 -12 -18 19 20 -6 22 -22 -20 -15 -26 27 -17 29 -29
right_child=1 7 -4 5 12 6 -8 8 -10 -11 15 -13 13 24 -16 26 17 -19 23 -21 21 -23 -24 -25 25 -27 -28 28 -30 -31
leaf_value=-0.0021014655385786884 -1.0801219707090582e-06 0.0004060662486468658 -0.00010893014581069948 7.6786747230945813e-05 -0.0086762972153739421 -5.6330393505810154e-06 6.8272288560748958e-05 1.1053609087952054e-06 0.000190608538181678 -0.016355282661230347 -8.0140584277188512e-07 -0.00061750727377672188 0.00053267888426191236 -1.4968478343320157e-05 -0.00052951081746797966 -6.2844752306556728e-06 4.2164130519042329e-05 -0.0001074692084335016 -0.0060080926155057588 0.0025765917395017233 0.0040507578647243107 0.023035105265067034 -0.035402809743048193 0.050195447277979366 0.00052011308729994711 0.00027466723288448235 -2.1271598832584004e-07 3.1009841879878765e-05 0.00014482928231640102 -8.8926071663664181e-06
leaf_weight=84210 1247 812 2840 2473 93334 1027 2098 702 4441 245 3258 3527 466 3878 295 61048 793 434 12124 28455 17417 9102 6120 2574 579 918 81824 1273 54585 1261
leaf_count=84210 1247 812 2840 2473 93334 1027 2098 702 4441 245 3258 3527 466 3878 295 61048 793 434 12124 28455 17417 9102 6120 2574 579 918 81824 1273 54585 1261
internal_value=-0.000912283 0.00161588 0.0312359 0.0448269 -0.00309373 0.0565659 0.0450176 0.000276633 0.0114506 0.0524013 -1.16869e-05 0.0109537 -0.00108008 0.00785397 0.0414087 -0.000244373 0.00882051 0.0427905 -0.00140421 -0.000962936 -0.00155672 0.000823798 -0.000858905 -0.00604055 0.00310325 0.0131089 -0.000447662 0.000391512 0.00246797 0.0321894
internal_weight=483360 223888 9685 6845 259472 5598 3125 214203 5388 947 208815 4339 175262 6136 761 204476 4485 1227 169126 154428 125973 32639 23537 14698 5375 1497 199991 118167 57119 2534
internal_count=483360 223888 9685 6845 259472 5598 3125 214203 5388 947 208815 4339 175262 6136 761 204476 4485 1227 169126 154428 125973 32639 23537 14698 5375 1497 199991 118167 57119 2534
is_linear=0
shrinkage=0.08


Tree=92
num_leaves=31
num_cat=0
split_feature=23 23 2 19 8 8 2 23 33 33 0 8 19 33 7 29 33 5 23 5 8 21 21 7 0 17 7 2 2 8
split_gain=397.001 897.898 453.019 634.39 758.324 328.85 300.82 458.858 107.842 301.05 144.465 100.83 154.103 83.2598 354.354 79.3515 153.056 131.245 58.8862 304.557 232.806 55.0223 36.7215 40.6082 33.436 32.4514 45.5331 31.7378 74.3816 366.063
threshold=0.95262500000000017 0.98292500000000016 1.5000000000000002 0.9558916666666667 0.17319584994298323 0.14017025764434085 3.5000000000000004 0.97745000000000004 4.3944666666666672 4.5858166666666671 0.13387044270833334 0.12354352443960977 0.95262500000000017 -4.9576416666666656 0.83465888888888895 4.9816166666666684 -4.9576416666666656 0.66776666666666695 0.98918333333333341 0.9889772222222224 0.14017025764434085 4.1700000000000008 0.28330000000000005 1.1309478174603178 0.13387044270833334 4.8112666666666675 0.83460972222222229 3.5000000000000004 1.5000000000000002 0.0051176092131718452
decision_type=2 2 2 2 2 2 2 2 2 2 2 2 2 2 2 2 2 2 2 2 2 2 2 2 2 2 2 2 2 2
left_child=5 2 -2 11 6 -1 7 -5 13 10 -10 -4 -13 14 -3 21 17 -17 19 -15 -21 22 23 -7 -23 -18 -27 28 -20 -30
right_child=1 8 3 4 -6 15 -8 -9 9 -11 -12 12 -14 18 -16 16 25 -19 27 20 -22 24 -24 -25 -26 26 -28 -29 29 -31
leaf_value=-0.012779070541737441 -9.9371221304878068e-07 0.00037358094875514783 -8.1350920004110707e-05 -5.1823962025387969e-06 -0.00010021573414584317 -0.020101291636486374 0.00010798204203202211 3.1889705514647204e-05 1.016932036108642e-06 0.00017535985512715513 -0.015046860048331921 7.0643807452466239e-05 0.0018649300090202558 -7.3729337534800266e-07 -0.00056810669187457377 0.00049006457352092521 -1.3771000075877282e-05 -0.0004871499520705669 -5.7817172122032195e-06 3.8791000077518235e-05 -9.8871671758820061e-05 -0.005527445206265298 0.00070018571674449251 0.012405058199412483 0.04704951020538449 0.00047850404031592577 0.00025269385425374935 -1.9569870925550959e-07 2.852905452947141e-05 0.00013324293973109746
leaf_weight=80418 3112 812 2510 1018 1917 67465 3631 982 702 4441 245 774 359 3258 3527 466 3873 294 61048 793 434 12124 74889 11262 2567 579 917 81824 2534 54585
leaf_count=80418 3112 812 2510 1018 1917 67465 3631 982 702 4441 245 774 359 3258 3527 466 3873 294 61048 793 434 12124 74889 11262 2567 579 917 81824 2534 54585
internal_value=-0.000849555 0.00157174 0.0209785 0.0284865 0.0417191 -0.00302052 0.0565143 0.0316 0.000275886 0.0114506 0.0524013 0.00106945 0.0208791 -1.24531e-05 0.0109537 -0.00106932 0.00787208 0.0414737 -0.000245155 0.00882051 0.0427905 -0.00139493 -0.000947612 -0.00215398 -0.00607229 0.00311566 0.013123 -0.000448462 0.000390158 0.00246517
internal_weight=483360 228506 14303 11191 7548 254854 5631 2000 214203 5388 947 3643 1133 208815 4339 174436 6129 760 204476 4485 1227 168307 153616 78727 14691 5369 1496 199991 118167 57119
internal_count=483360 228506 14303 11191 7548 254854 5631 2000 214203 5388 947 3643 1133 208815 4339 174436 6129 760 204476 4485 1227 168307 153616 78727 14691 5369 1496 199991 118167 57119
is_linear=0
shrinkage=0.08


Tree=93
num_leaves=31
num_cat=0
split_feature=23 23 2 39 8 23 23 8 8 8 8 33 33 0 6 33 7 29 33 5 23 5 8 21 5 17 7 21 39 2
split_gain=554.233 2005.87 782.922 568.338 773.217 692.69 451.521 316.066 293.842 118.14 138.634 107.842 301.05 144.465 100.82 83.2598 354.354 69.3952 116.837 102.634 58.8862 304.557 232.806 56.5155 38.1205 32.532 45.4791 32.1866 34.1706 31.7378
threshold=0.93962500000000004 0.98292500000000016 2.5000000000000004 6.1724848913477572 0.17319584994298323 0.94463333333333332 0.97745000000000004 0.14017025764434085 0.14017025764434085 0.12354352443960977 0.2102990357183048 4.3944666666666672 4.5858166666666671 0.13387044270833334 0.15071624193127489 -4.9576416666666656 0.83465888888888895 4.9816166666666684 -4.9576416666666656 0.66776666666666695 0.98918333333333341 0.9889772222222224 0.14017025764434085 4.1700000000000008 1.0018033333333334 4.8112666666666675 0.83460972222222229 0.9448333333333333 3.6437210871418877 3.5000000000000004
decision_type=2 2 2 2 2 2 2 2 2 2 2 2 2 2 2 2 2 2 2 2 2 2 2 2 2 2 2 2 2 2
left_child=7 2 6 5 24 14 -2 -1 -8 -7 -11 15 13 -13 -4 16 -3 23 19 -19 21 -17 -23 27 -5 -20 -27 28 -9 -22
right_child=1 11 3 4 -6 9 8 17 -10 10 -12 12 -14 -15 -16 20 -18 18 25 -21 29 22 -24 -25 -26 26 -28 -29 -30 -31
leaf_value=-0.015752359856132891 -9.1421523600310201e-07 0.00034369447285470756 4.4973861213302161e-05 0.00068631030225334126 -0.00014441641159168128 -7.4842846403777591e-05 2.9338529073479335e-05 -0.009753754411310914 -9.2198475414173592e-05 0.0017157356082986386 0.0022761201324237854 9.3557747320005553e-07 0.0001613310667169543 -0.013843111244465361 -0.01271440390936732 -6.7830990531980721e-07 -0.0005226581565246259 0.00045085940763925695 -1.2669320069775835e-05 -0.00044817795590489594 9.4411121155246752e-06 3.5687720071315711e-05 -9.0961938018114814e-05 -0.0050852495897640735 -0.011908353308881695 0.00044022371709061757 0.00023247834591344941 0.0021928317455074007 0.0012159728823686259 -1.8004281251648991e-07
leaf_weight=77537 5158 812 1404 5044 1222 2517 978 86120 536 394 653 702 4441 245 115 3258 3527 466 3867 294 118167 793 434 14682 47 579 916 28751 37877 81824
leaf_count=77537 5158 812 1404 5044 1222 2517 978 86120 536 394 653 702 4441 245 115 3258 3527 466 3867 294 118167 793 434 14682 47 579 916 28751 37877 81824
internal_value=-0.000381498 0.00243505 0.0280328 0.040775 0.056806 0.0208648 0.00626858 -0.00298696 0.0446816 0.00158473 0.0241681 0.000275886 0.0114506 0.0524013 0.0661014 -1.24531e-05 0.0109537 -0.0010898 0.00727605 0.0366316 -0.000245155 0.00882051 0.0427905 -0.00139569 0.0705229 0.00311525 0.0131371 -0.000940008 -0.0014992 -0.000448462
internal_weight=483360 232271 18068 11396 6313 5083 6672 251089 1514 3564 1047 214203 5388 947 1519 208815 4339 173552 6122 760 204476 4485 1227 167430 5091 5362 1495 152748 123997 199991
internal_count=483360 232271 18068 11396 6313 5083 6672 251089 1514 3564 1047 214203 5388 947 1519 208815 4339 173552 6122 760 204476 4485 1227 167430 5091 5362 1495 152748 123997 199991
is_linear=0
shrinkage=0.08


Tree=94
num_leaves=31
num_cat=0
split_feature=23 23 8 7 23 8 23 2 8 23 15 7 31 39 5 33 33 0 33 7 29 33 5 21 8 7 1 21 7 17
split_gain=585.486 2245.13 890.397 709.365 618.828 301.656 244.228 299.364 392.438 365.037 481.513 236.138 177.289 405.343 137.303 90.4589 319.558 143.146 86.1311 354.49 69.1444 116.65 102.634 57.1466 53.6046 47.4326 37.5631 32.6866 36.0258 32.3652
threshold=0.91074166666666667 0.95830000000000004 0.2102990357183048 0.95264083333333349 0.9558916666666667 0.14017025764434085 0.98918333333333341 1.5000000000000002 0.13383363840633328 0.9720416666666668 0.97745000000000004 0.88306055555555563 0.9848083333333334 6.3662618172144496 0.94773722222222212 4.3944666666666672 4.5858166666666671 0.13387044270833334 -4.9576416666666656 0.83465888888888895 4.9816166666666684 -4.9576416666666656 0.66776666666666695 4.1700000000000008 0.11412960415847066 0.90287638888888899 16.500000000000004 0.28330000000000005 0.92154138888888892 4.4890916666666678
decision_type=2 2 2 2 2 2 2 2 2 2 2 2 2 2 2 2 2 2 2 2 2 2 2 2 2 2 2 2 2 2
left_child=5 2 3 11 14 25 7 -3 9 -9 -11 -2 -12 -14 -5 18 17 -17 19 -8 23 22 -22 27 -13 -1 -26 28 -7 -23
right_child=1 6 -4 4 -6 20 15 8 -10 10 12 24 13 -15 -16 16 -18 -19 -20 -21 21 29 -24 -25 26 -27 -28 -29 -30 -31
leaf_value=-0.016412170190261886 -0.0031414354919207812 -6.5894058760562761e-07 0.00062758190659419988 0.00034916613633723337 4.4438654489198369e-05 -0.018284659244020708 0.0003161989150263622 7.1004199096424973e-06 -8.3684982976661718e-05 -7.3288206693611356e-07 2.699144674759957e-05 0.0009051630311736592 -6.2404511289138045e-07 3.2832702465608319e-05 -6.8855418691473599e-05 8.6073127533836671e-07 0.00014842458137962923 -0.012735662344908106 -1.6563938750380203e-07 -0.000756540201482247 0.00041479065502812772 -1.1655896381981278e-05 -0.00041232371943252134 -0.0046784296225829483 0.0019907195835135649 0.010503704033631784 0.00088116381700129585 0.00058725713277627662 0.010200960982014281 0.00040500581972338526
leaf_weight=75031 299 4561 3568 212 1157 64363 812 1181 3474 2160 1003 4896 959 836 2527 702 4440 245 199991 3524 466 3831 294 14644 626 121 129 71895 13905 1508
leaf_count=75031 299 4561 3568 212 1157 64363 812 1181 3474 2160 1003 4896 959 836 2527 702 4440 245 199991 3524 466 3831 294 14644 626 121 129 71895 13905 1508
internal_value=-0.000180406 0.00265478 0.0344452 0.0468527 0.0203162 -0.0029147 0.000750087 0.0109135 0.0189219 0.0310813 0.0215603 0.0642286 0.0434653 0.0284123 -0.000405989 6.31698e-05 0.0102959 0.0524857 -0.000206612 0.0109483 -0.00105724 0.00730743 0.0366316 -0.00136679 0.0678945 -0.00713881 0.048053 -0.000901582 -0.00203281 0.00313317
internal_weight=483360 237302 13414 9846 3896 246058 223888 14174 9613 6139 4958 5950 2798 1795 2739 209714 5387 947 204327 4336 170906 6099 760 164807 5651 75152 755 150163 78268 5339
internal_count=483360 237302 13414 9846 3896 246058 223888 14174 9613 6139 4958 5950 2798 1795 2739 209714 5387 947 204327 4336 170906 6099 760 164807 5651 75152 755 150163 78268 5339
is_linear=0
shrinkage=0.08


Tree=95
num_leaves=31
num_cat=0
split_feature=23 23 39 8 2 7 8 23 23 8 8 7 29 8 33 33 0 33 7 8 7 29 33 5 21 8 7 2 6 5
split_gain=484.566 1288.48 1058.23 1330.46 319.617 372.232 304.818 131.098 195.772 318.736 124.008 89.5046 351.945 182.966 89.4385 320.459 143.146 86.1311 354.49 83.4317 70.9942 68.5498 116.65 102.634 57.9138 46.4779 44.9514 43.6244 38.095 34.7201
threshold=0.91074166666666667 0.9720416666666668 6.2691189035148129 0.14017025764434085 5.5000000000000009 0.95618305555555572 0.14017025764434085 0.98918333333333341 0.98582500000000006 0.14017025764434085 0.16616239251758641 0.97741888888888906 0.98289166666666683 0.0020238784942379303 4.3944666666666672 4.5858166666666671 0.13387044270833334 -4.9576416666666656 0.83465888888888895 0.17319584994298323 0.87127013888888905 4.9816166666666684 -4.9576416666666656 0.66776666666666695 4.1700000000000008 0.0088367937866199106 0.90287638888888899 4.5000000000000009 0.16393105940837979 1.0018033333333334
decision_type=2 2 2 2 2 2 2 2 2 2 2 2 2 2 2 2 2 2 2 2 2 2 2 2 2 2 2 2 2 2
left_child=6 2 4 -4 25 10 26 8 11 -10 -6 -3 13 -13 17 16 -16 18 -9 29 -12 24 23 -23 -8 -2 -1 -27 -29 -7
right_child=1 7 3 -5 5 19 21 14 9 -11 20 12 -14 -15 15 -17 -18 -19 -20 -21 -22 22 -24 -25 -26 27 -28 28 -30 -31
leaf_value=-0.015099196575040939 -7.8836277011440365e-07 -5.741215038579384e-07 0.00081067071164119041 -0.00018914460110168286 -6.3346985196153228e-05 4.0883562130060722e-05 -0.0024614434483106822 0.00029090300182424758 3.0206086268362854e-05 -7.6990184338532333e-05 -0.0070089627553054394 2.4832131007794801e-05 -5.741215038579384e-07 -6.7425150158229035e-07 7.9187277329140221e-07 0.000136550614869293 -0.011716809357315467 -1.5238823650065569e-07 -0.0006960169853636361 -0.0022873026940501816 0.0018314620168324769 0.00038160740262590311 0.00037127021010256554 -0.0003793378218779253 -0.0043041552527763125 4.5127896098584587e-05 0.009663407710941244 0.00097118747903802039 0.00045472880145188023 -0.012822724755776794
leaf_weight=75031 4341 4910 4925 2580 1363 1111 150163 812 859 693 151 803 1710 285 702 4440 245 199991 3524 111 272 466 5339 294 14644 2703 121 405 329 37
leaf_count=75031 4341 4910 4925 2580 1363 1111 150163 812 859 693 151 803 1710 285 702 4440 245 199991 3524 111 272 466 5339 294 14644 2703 121 405 329 37
internal_value=-0.000400863 0.00217842 0.0225543 0.0456389 0.0065468 0.0285189 -0.00288836 0.000472967 0.00978834 0.0357113 0.00503471 0.00456876 0.0159886 0.0515588 6.1644e-05 0.0102365 0.0524857 -0.000206612 0.0109483 0.0618332 0.0428747 -0.00102119 0.00730743 0.0366316 -0.00132941 -0.00205503 -0.00713456 0.00489496 0.0221907 0.0682369
internal_weight=483360 237302 18328 7505 10823 3045 246058 218974 9260 1552 1786 7708 2798 1088 209714 5387 947 204327 4336 1259 423 170906 6099 760 164807 7778 75152 3437 734 1148
internal_count=483360 237302 18328 7505 10823 3045 246058 218974 9260 1552 1786 7708 2798 1088 209714 5387 947 204327 4336 1259 423 170906 6099 760 164807 7778 75152 3437 734 1148
is_linear=0
shrinkage=0.08


Tree=96
num_leaves=31
num_cat=0
split_feature=39 39 8 39 8 2 13 2 7 23 33 7 25 5 39 39 8 8 39 0 2 39 39 8 6 5 6 8 27 27
split_gain=423.679 678.589 820.796 1539.58 315.212 241.784 329.693 268.002 543.377 227.811 154.775 339.111 221.846 134.166 256.663 114.506 68.3162 443.394 96.2286 115.994 330.8 67.5503 578.497 429.605 68.7355 57.5466 53.5183 51.4891 106.955 89.9692
threshold=6.1534803702613727 7.2273681332970865 0.12354352443960977 6.4053952276116819 0.14017025764434085 1.5000000000000002 0.97745000000000004 5.5000000000000009 0.95618305555555572 0.80373333333333341 -4.9576416666666656 0.83465888888888895 0.0041250000000000011 0.9847111111111112 6.3662618172144496 6.1724848913477572 2.1475469529102438 2.1506141615429137 34.492194707772832 0.13387044270833334 2.5000000000000004 21.401241814506616 21.07590757345163 0.0051176092131718452 0.015593873359315467 2.2835738888888897 0.082163918624963153 0.17319584994298323 0.98583333333333345 0.98908333333333343
decision_type=2 2 2 2 2 2 2 2 2 2 2 2 2 2 2 2 2 2 2 2 2 2 2 2 2 2 2 2 2 2
left_child=4 2 3 5 -1 -2 7 -7 -9 -5 11 12 -6 -8 -15 -4 21 25 -19 20 -20 22 26 -24 -23 -18 -3 28 -17 -30
right_child=1 16 15 9 10 6 13 8 -10 -11 -12 -13 -14 14 -16 27 17 18 19 -21 -22 24 23 -25 -26 -27 -28 -29 29 -31
leaf_value=-0.011971261726418039 -5.6029562028214747e-07 -1.2379763660419486e-07 0.0014374682317834697 -0.011411259399452707 0.00033707784378044891 -6.2832178127081306e-07 2.2845560527171572e-05 -5.8279226380459906e-05 3.7612877159656221e-05 0.0007678963317484744 -0.003959822832554207 0.00035107881041582803 0.052900455939942387 -5.2819178354646111e-07 2.7789599366894181e-05 2.4878060728106278e-05 8.7112653562115846e-06 -2.9948899232152826e-05 -0.00086523689746258018 0.10385858243033701 7.2852295140535262e-07 -1.4019717756497129e-07 2.551688340780345e-05 -0.0015096321942527169 -0.00013783175993921758 -1.7102827810688836e-05 0.00053049985530403 -7.8081869022597061e-05 5.9522869789843113e-05 1.024303167569407e-05
leaf_weight=76262 3517 6704 267 283 1208 3128 813 1359 1148 4255 173681 4886 584 587 522 2659 723 21863 732 5357 687 12576 1261 827 60721 78 79846 16305 322 199
leaf_count=76262 3517 6704 267 283 1208 3128 813 1359 1148 4255 173681 4886 584 587 522 2659 723 21863 732 5357 687 12576 1261 827 60721 78 79846 16305 322 199
internal_value=-0.000476831 0.00204291 0.012224 0.0259329 -0.00270316 0.00985082 0.017915 0.00815616 0.0276442 0.0651776 -0.00087998 0.0110716 0.0408393 0.0465265 0.0284292 0.00138841 0.000161566 0.00370652 0.0020646 0.0103943 0.0307315 -0.000482912 0.00100291 0.042613 -0.00227971 0.062412 -9.26229e-07 0.000675389 0.00998742 0.0431324
internal_weight=483360 226739 35364 15612 256621 11074 7557 5635 2507 4538 180359 6678 1792 1922 1109 19752 191375 29440 28639 6776 1419 161935 88638 2088 73297 801 86550 19485 3180 521
internal_count=483360 226739 35364 15612 256621 11074 7557 5635 2507 4538 180359 6678 1792 1922 1109 19752 191375 29440 28639 6776 1419 161935 88638 2088 73297 801 86550 19485 3180 521
is_linear=0
shrinkage=0.08


Tree=97
num_leaves=31
num_cat=0
split_feature=19 19 8 21 5 7 8 33 7 25 19 8 33 0 5 33 2 2 8 7 13 33 7 27 23 6 6 7 33 5
split_gain=571.476 2125.22 2242.39 527.542 526.942 507.163 291.946 201.62 264.108 247.711 132.526 135.011 119.672 433.209 74.0133 62.7377 59.3529 162.74 758.069 412.31 490.811 351.735 217.968 157.096 449.221 80.6169 78.7557 30.0309 29.593 27.6508
threshold=0.80373333333333341 0.9582250000000001 0.12539320160510772 0.89412500000000017 0.95289944444444452 0.95618305555555572 0.22010326211700934 -4.9576416666666656 0.83465888888888895 0.0041250000000000011 0.95262500000000017 0.22010326211700934 4.3944666666666672 0.13387044270833334 0.9847111111111112 -4.2133166666666657 3.5000000000000004 1.5000000000000002 0.13383363840633328 2.8210648611111115 0.98572500000000007 4.2577166666666679 2.1450669444444448 0.97745000000000004 0.9848083333333334 0.082163918624963153 0.074970135944514238 0.75075291666666666 2.5937750000000004 5.116137222222223
decision_type=2 2 2 2 2 2 2 2 2 2 2 2 2 2 2 2 2 2 2 2 2 2 2 2 2 2 2 2 2 2
left_child=6 2 3 -2 -5 -6 27 8 9 -8 -4 -12 16 -14 -7 -9 17 26 19 20 23 -20 -23 -19 -25 -18 -3 -1 -27 -10
right_child=1 12 10 4 5 14 7 15 29 -11 11 -13 13 -15 -16 -17 25 18 21 -21 -22 22 -24 24 -26 28 -28 -29 -30 -31
leaf_value=-0.013344226376683501 -0.00022187712534838867 -6.8047009889049552e-07 0.0026079171150805744 0.00092672691695740107 -5.3616888270022759e-05 3.460384698688479e-05 0.00031011161627802152 -0.0036430370059498708 -0.00037707710096100298 -0.014427411204590264 0.001682954810627626 0.0043090240360301743 6.7024111530145089e-07 0.037896848287230334 -0.010770420529125318 -0.0016440333304526612 -1.2898140337114227e-07 -4.5398412592945193e-06 0.00026767167739183862 -1.1182153940545448e-05 2.5566431417543002e-05 8.0143641277174986e-06 -7.7485645118002822e-05 2.2887815869854223e-05 -4.8593644086381005e-07 -2.6185666395228679e-06 -6.0315798843362249e-05 0.0020290416291690165 -2.7552987293546494e-05 1.6583395956271887
leaf_weight=84375 935 11554 12289 6975 1329 1130 1205 8973 2693 646 427 401 712 3033 91 136984 12821 1054 57154 1524 2170 727 353 990 968 67483 55649 774 7700 241
leaf_count=84375 935 11554 12289 6975 1329 1130 1205 8973 2693 646 427 401 712 3033 91 136984 12821 1054 57154 1524 2170 727 353 990 968 67483 55649 774 7700 241
internal_value=3.34307e-05 0.00271908 0.0255649 0.0531931 0.058822 0.027702 -0.00278403 -0.0006688 0.0154901 0.0391529 0.00353312 0.0345121 0.000313292 0.014494 0.0649238 -0.00119855 7.2059e-05 0.00114403 0.004 0.0294709 0.0402285 0.00106687 0.0462963 0.0193307 0.0327354 -0.00153757 -0.00161576 -0.0065287 -0.000537677 0.000561689
internal_weight=483360 247469 23577 10460 9525 2550 235891 150742 4785 1851 13117 828 223892 3745 1221 145957 220147 132143 64940 6706 5182 58234 1080 3012 1958 88004 67203 85149 75183 2934
internal_count=483360 247469 23577 10460 9525 2550 235891 150742 4785 1851 13117 828 223892 3745 1221 145957 220147 132143 64940 6706 5182 58234 1080 3012 1958 88004 67203 85149 75183 2934
is_linear=0
shrinkage=0.08


Tree=98
num_leaves=31
num_cat=0
split_feature=23 23 8 5 7 8 5 33 33 0 23 8 29 7 33 6 33 7 7 6 2 2 8 7 13 33 7 19 23 6
split_gain=572.942 3381.76 1445.19 483.287 509.177 284.495 149.201 147.383 272.83 143.146 119.619 138.961 106.549 116.215 88.8486 115.249 80.3228 355.361 79.5993 73.5666 62.6701 163.309 753.241 407.786 498.804 350.974 222.6 157.726 451.522 74.9832
threshold=0.89676666666666682 0.95830000000000004 0.13383363840633328 0.95289944444444452 0.95618305555555572 0.14017025764434085 0.79790333333333374 4.3944666666666672 4.5858166666666671 0.13387044270833334 0.95262500000000017 0.2102990357183048 4.9816166666666684 0.83460972222222229 -4.9576416666666656 2.0548554561780024 -4.9576416666666656 0.83465888888888895 0.89389486111111127 0.18901139944208664 3.5000000000000004 1.5000000000000002 0.13383363840633328 2.8210648611111115 0.98572500000000007 4.2577166666666679 2.1450669444444448 0.97745000000000004 0.98292500000000016 0.074970135944514238
decision_type=2 2 2 2 2 2 2 2 2 2 2 2 2 2 2 2 2 2 2 2 2 2 2 2 2 2 2 2 2 2
left_child=5 2 3 6 -5 -1 -2 16 9 -9 -4 -12 -7 14 -14 -16 17 -3 -10 -6 21 29 23 24 27 -24 -27 -23 -29 -18
right_child=1 7 10 4 19 12 -8 8 18 -11 11 -13 13 -15 15 -17 20 -19 -20 -21 -22 22 25 -25 -26 26 -28 28 -30 -31
leaf_value=-0.012276688266548819 -0.011866021800789541 0.00021585560487366706 0.00040078925227306114 -4.932753720842342e-05 3.1835539227937918e-05 -0.0033515940454738814 0.00085258876360081001 6.166218260972301e-07 0.00026817577291112117 -0.013832265537408331 0.0015483184257774152 0.00070773735368877006 0.00030262141256173438 0.00035315867365937948 -0.074929795903136864 0.00078987708633491136 -6.2603249097570311e-07 -0.0034600208899924346 -0.0083847366122921912 -0.0099087868867952979 -1.1866289110429307e-07 -4.1766539585541554e-06 5.7999935177619478e-05 -1.0287581625298969e-05 2.3521116904143823e-05 7.3732149974858887e-06 -7.1286793508562604e-05 2.1056790600262333e-05 -4.4706152559470523e-07 -5.5490534935884738e-05
leaf_weight=74402 174 812 4348 1329 1139 164033 7050 702 887 245 420 406 288 4009 839 953 11552 3531 3558 82 85385 1057 55373 1524 2162 726 362 980 979 54053
leaf_count=74402 174 812 4348 1329 1139 164033 7050 702 887 245 420 406 288 4009 839 953 11552 3531 3558 82 85385 1057 55373 1524 2162 726 362 980 979 54053
internal_value=0.000105261 0.00289216 0.0397335 0.0578318 0.0278902 -0.00261681 0.0684009 0.000432429 0.0134985 0.0524857 0.00554464 0.0334528 -0.000812219 0.00957924 0.0249231 0.0182946 0.000109986 0.010881 0.00519235 0.0651859 -0.000108448 0.00100596 0.0039095 0.0292665 0.0399722 0.000899593 0.0458971 0.0189496 0.032388 -0.0017895
internal_weight=483360 238836 14948 9774 2550 244524 7224 223888 5392 947 5174 826 170122 6089 2080 1792 218496 4343 4445 1221 214153 128768 63163 6702 5178 56461 1088 3016 1959 65605
internal_count=483360 238836 14948 9774 2550 244524 7224 223888 5392 947 5174 826 170122 6089 2080 1792 218496 4343 4445 1221 214153 128768 63163 6702 5178 56461 1088 3016 1959 65605
is_linear=0
shrinkage=0.08


Tree=99
num_leaves=31
num_cat=0
split_feature=8 5 5 5 5 7 2 2 5 5 5 5 5 33 7 25 19 8 5 7 33 0 8 13 33 8 8 23 2 33
split_gain=640.919 874.355 3599.65 399.309 769.783 265.598 242.751 152.998 278.075 518.086 226.133 131.276 222.799 102.84 289.959 229.193 85.1016 372.57 445.73 228.094 116.784 435.798 70.1422 118.834 56.7931 63.8369 52.2286 51.4799 43.9783 37.6271
threshold=1.0000000180025095e-35 0.87918277777777787 0.95289944444444452 2.8211077777777782 2.7784577777777781 0.21733027777777766 1.5000000000000002 3.5000000000000004 0.96674166666666672 0.95580166666666611 0.97745000000000004 0.9847111111111112 0.9889772222222224 -4.9576416666666656 0.83465888888888895 0.0062583333333333345 0.80373333333333341 0.13383363840633328 0.95289944444444452 0.83704472222222226 4.3944666666666672 0.13387044270833334 0.12714578923209288 0.98908333333333343 -4.2133166666666657 0.14017025764434085 0.2310557960493396 0.95289166666666669 1.5000000000000002 4.2660583333333344
decision_type=2 2 2 2 2 2 2 2 2 2 2 2 2 2 2 2 2 2 2 2 2 2 2 2 2 2 2 2 2 2
left_child=1 -1 -3 4 6 26 -4 10 9 -9 -8 -12 -13 14 15 -7 24 18 19 -18 29 -22 -20 -24 -15 -26 -2 -21 -29 -19
right_child=5 2 3 -5 -6 13 7 8 -10 -11 11 12 -14 16 -16 -17 17 20 22 27 21 -23 23 -25 25 -27 -28 28 -30 -31
leaf_value=-0.012451884671899718 -0.046760081339403979 0.00078438166251274314 -4.1095176347205612e-07 -1.0916985981879179e-07 1.9548528869428594e-05 0.00026109297397084672 -3.8425216418680462e-06 -4.5381334231748836e-05 -9.4082282124929868e-08 2.9288696089704305e-05 1.7502347167388522e-05 -4.1129660354854991e-07 2.1639427551809475e-05 -0.0030834665218359707 0.00032490597976661209 -0.013005090784585132 -0.0058209249135152763 6.783357797672807e-06 1.8437117817689161e-05 0.00087037466117833695 5.6729207997818776e-07 0.034984622081479247 1.9100765917974273e-05 -6.7639489214155193e-06 -0.0061011280284788954 -0.00092855494116331986 -0.0070919920653787841 0.00056535053234213711 0.0005554574798227825 -2.5339255278780115e-05
leaf_weight=13490 50902 6216 4769 11558 1261 1209 713 1091 3188 998 769 534 485 8963 6054 670 474 195400 4026 1450 712 3078 272 273 18666 127617 12291 199 392 5640
leaf_count=13490 50902 6216 4769 11558 1261 1209 713 1091 3188 998 769 534 485 8963 6054 670 474 195400 4026 1450 712 3078 272 273 18666 127617 12291 199 392 5640
internal_value=0.000237502 0.00932162 0.0166039 0.00323393 0.0124171 -0.000696676 0.00642895 0.0151422 0.00741785 0.0301044 0.0314402 0.0466309 0.0277998 0.00011165 0.00912341 0.0365769 -8.30606e-05 0.000959397 0.0189941 0.0460437 0.000335496 0.014248 0.00411113 0.0310459 -0.00150605 -0.0011273 -0.00549466 0.0576541 0.037753 7.32174e-05
internal_weight=483360 45072 31582 25366 13808 438288 12547 7778 5277 2089 2501 1788 1019 375095 7933 1879 367162 211916 7086 2515 204830 3790 4571 545 155246 146283 63193 2041 591 201040
internal_count=483360 45072 31582 25366 13808 438288 12547 7778 5277 2089 2501 1788 1019 375095 7933 1879 367162 211916 7086 2515 204830 3790 4571 545 155246 146283 63193 2041 591 201040
is_linear=0
shrinkage=0.08


Tree=100
num_leaves=31
num_cat=0
split_feature=23 23 8 25 5 7 23 8 5 33 33 0 23 8 29 7 33 6 33 7 7 6 21 2 2 8 7 13 33 7
split_gain=482.04 2005.36 1436.2 330.83 475.009 510.641 410.141 291.724 187.709 147.391 273.246 143.146 132.156 138.961 104.053 116.488 88.603 116.105 81.0469 355.087 79.8668 74.474 64.9566 60.242 165.552 736.849 400.857 516.398 350.974 222.6
threshold=0.85072500000000018 0.95830000000000004 0.14017025764434085 0.93280833333333346 0.95289944444444452 0.95618305555555572 0.91074166666666667 0.14017025764434085 0.7860666666666668 4.3944666666666672 4.5858166666666671 0.13387044270833334 0.95262500000000017 0.2102990357183048 4.9816166666666684 0.83460972222222229 -4.9576416666666656 2.0548554561780024 -4.9576416666666656 0.83465888888888895 0.89389486111111127 0.094941700853062042 4.1700000000000008 3.5000000000000004 1.5000000000000002 0.13383363840633328 2.8210648611111115 0.98572500000000007 4.2577166666666679 2.1450669444444448
decision_type=2 2 2 2 2 2 2 2 2 2 2 2 2 2 2 2 2 2 2 2 2 2 2 2 2 2 2 2 2 2
left_child=7 2 3 6 -5 -6 8 -1 -2 18 11 -11 -4 -14 22 16 -16 -18 19 -3 -12 -7 -9 24 -20 26 27 -26 -27 -30
right_child=1 9 12 4 5 21 -8 14 -10 10 20 -13 13 -15 15 -17 17 -19 23 -21 -22 -23 -24 -25 25 28 -28 -29 29 -31
leaf_value=-0.010806462962946605 -0.01042864981444807 0.00017769971856608889 -0.0004707432992925304 0.00072163112951172614 -4.1750827493212127e-05 2.7813726664289718e-05 -5.4628057073502492e-05 -0.0015142565988291246 0.00071525757300237023 5.2190871357993274e-07 0.00032100610637129988 -0.015524454060934046 0.0014239102830914075 0.00065057569676987847 0.00025752426163911936 0.00029891350138527172 -0.068935954899509738 0.00080097131472115282 -5.4307375061846132e-07 -0.0032092116971743812 -0.010512727449827144 -0.0091175589052770976 -0.0028367892000890934 -1.0043627103328845e-07 1.6102159394000283e-05 5.2817271739584725e-05 -9.4558415064938123e-06 1.9908273347661875e-05 6.2406891738930885e-06 -6.3556709605592235e-05
leaf_weight=73574 313 812 7786 5045 1324 1125 1484 145978 1252 702 887 245 420 406 288 3991 839 949 65605 3531 3558 93 14605 85385 3016 55373 1524 2162 726 362
leaf_count=73574 313 812 7786 5045 1324 1125 1484 145978 1252 702 887 245 420 406 288 3991 839 949 65605 3531 3558 93 14605 85385 3016 55373 1524 2162 726 362
internal_value=2.15141e-05 0.0025327 0.0273117 0.0469756 0.0559199 0.0277199 0.0247189 -0.00252012 0.0532907 0.000402414 0.0134688 0.0524857 0.00302647 0.0334528 -0.000667749 0.00961661 0.0249865 0.0183535 7.99629e-05 0.0108994 0.00515635 0.0651034 -0.0010563 -0.000139454 0.000953154 0.00387657 0.0289561 0.0395705 0.000899593 0.0458971
internal_weight=483360 243136 19248 10636 7587 2542 3049 240224 1565 223888 5392 947 8612 826 166650 6067 2076 1788 218496 4343 4445 1218 160583 214153 128768 63163 6702 5178 56461 1088
internal_count=483360 243136 19248 10636 7587 2542 3049 240224 1565 223888 5392 947 8612 826 166650 6067 2076 1788 218496 4343 4445 1218 160583 214153 128768 63163 6702 5178 56461 1088
is_linear=0
shrinkage=0.08


Tree=101
num_leaves=31
num_cat=0
split_feature=39 39 8 5 39 39 39 8 8 39 0 31 8 39 13 33 7 25 7 7 33 33 0 25 23 23 8 6 6 7
split_gain=483.755 1364.74 733.073 355.891 412.888 306.164 695.438 297.918 259.142 650.775 375.924 871.552 237.756 199.206 400.851 136.701 309.338 195.241 106.491 71.1064 65.3918 309.002 178.574 52.9842 45.6184 628.441 370.881 102.991 44.1324 39.2053
threshold=6.0055078389169019 6.1885446897943428 0.2102990357183048 0.95289944444444452 6.1724848913477572 7.2273681332970865 7.1722467952521516 0.12354352443960977 0.14017025764434085 6.3112954564871666 0.13387044270833334 0.98289166666666683 0.077632606057099832 6.3662618172144496 0.98908333333333343 -4.9576416666666656 0.83465888888888895 0.0041250000000000011 0.93931111111111132 0.95264083333333349 4.3944666666666672 4.5858166666666671 0.13387044270833334 4.1787083333333337 2.8211000000000008 2.7804916666666672 0.0051176092131718452 0.091336114327371612 0.0089821603068405646 0.87127013888888905
decision_type=2 2 2 2 2 2 2 2 2 2 2 2 2 2 2 2 2 2 2 2 2 2 2 2 2 2 2 2 2 2
left_child=7 2 3 -2 18 6 8 29 9 -3 -11 -12 -8 -13 -15 16 17 -9 -5 -6 24 22 -22 -17 25 28 -27 -26 -7 -1
right_child=1 5 -4 4 19 20 12 15 -10 10 11 13 -14 14 -16 23 -18 -19 -20 -21 21 -23 -24 -25 27 26 -28 -29 -30 -31
leaf_value=-0.010112610713203357 0.00066390063915078735 -4.9962785056756328e-07 -0.0036049258793201563 0.00057004643558874687 0.0013099974604440946 -7.8520797899273026e-08 0.00016988079430140248 0.0002196035951220665 -0.00010265709886932762 -5.0257812507625847e-05 0.00065803696716217888 -3.3462972234055142e-07 0.036228578381728084 1.8315611479851057e-05 -5.823360696606272e-06 -0.0025355318188958567 0.00027500042127442725 0.063451291346107233 -3.8410761293752315e-05 2.5588628531147962e-05 4.8015601649353813e-07 0.00014116010595778051 -0.017837874234643312 -0.0026098460640819662 -5.2200610798536222e-06 1.639198469206349e-05 -0.0014196833980810552 -2.3304079954797885e-05 0.00054129770205474338 0.0017685931936348338
leaf_weight=70045 2945 5827 2462 126 160 4455 1437 1208 16044 1681 3175 2084 432 849 887 157728 4875 570 1321 1149 706 8033 328 16874 14725 1261 688 82262 78917 106
leaf_count=70045 2945 5827 2462 126 160 4455 1437 1208 16044 1681 3175 2084 432 849 887 157728 4875 570 1321 1149 706 8033 328 16874 14725 1261 688 82262 78917 106
internal_value=5.27952e-05 0.00268763 0.0348176 0.0505722 0.02991 0.00151566 0.00870533 -0.00237818 0.00580692 0.0135569 0.0274449 0.0356083 0.056077 0.00986387 0.0298802 -0.000664921 0.0105901 0.0391541 0.000458879 0.062466 0.000297843 0.00692886 0.0480928 -0.00109378 -3.19478e-05 0.00131728 0.0462227 -0.00121889 0.000267522 -0.00680487
internal_weight=483360 231954 8163 5701 2756 223791 32416 251406 30547 14503 8676 6995 1869 3820 1736 181255 6653 1778 1447 1309 191375 9067 1034 174602 182308 85321 1949 96987 83372 70151
internal_count=483360 231954 8163 5701 2756 223791 32416 251406 30547 14503 8676 6995 1869 3820 1736 181255 6653 1778 1447 1309 191375 9067 1034 174602 182308 85321 1949 96987 83372 70151
is_linear=0
shrinkage=0.08


Tree=102
num_leaves=31
num_cat=0
split_feature=39 8 5 13 0 13 7 2 7 8 33 7 25 7 39 33 33 0 25 7 8 39 5 39 23 33 33 39 8 29
split_gain=493.896 1013.17 2205.53 448.996 604.635 466.04 570.678 318.376 652.583 295.332 127.877 300.384 169.506 114.638 1011.63 61.2926 309.002 178.574 54.4788 39.748 40.9688 76.9718 38.3719 37.5333 443.741 37.0382 205.958 335.571 35.9338 34.419
threshold=5.6420053799829617 0.12354352443960977 0.95840777777777775 0.93299166666666677 0.13387044270833334 0.95289166666666669 0.95618305555555572 5.5000000000000009 2.9697776388888895 0.12354352443960977 -4.9576416666666656 0.83460972222222229 0.0041250000000000011 2.8210648611111115 21.07590757345163 4.3944666666666672 4.5858166666666671 0.13387044270833334 4.1787083333333337 0.39892194444444457 0.35995343792790285 0.14420916986729646 0.7860666666666668 6.3662618172144496 0.98918333333333341 4.2660583333333344 4.2577166666666679 33.635461064579538 0.0088367937866199106 4.7322000000000006
decision_type=2 2 2 2 2 2 2 2 2 2 2 2 2 2 2 2 2 2 2 2 2 2 2 2 2 2 2 2 2 2
left_child=9 2 3 4 -2 -5 -7 13 -9 22 11 12 -11 14 23 25 17 -17 19 -12 21 -21 -1 -4 -25 26 -3 -28 -10 -22
right_child=1 15 7 5 -6 6 -8 8 28 10 18 -13 -14 -15 -16 16 -18 -19 -20 20 29 -23 -24 24 -26 -27 27 -29 -30 -31
leaf_value=-0.0093036018561470889 -4.6237187507012221e-05 2.7812824213704347e-05 -3.0785934455046517e-07 0.00061078858801872477 0.00060539400978920632 -3.5337900390253198e-05 2.2673411986886549e-05 -0.00018265232243699358 3.2520351702203241e-07 0.00020203530751231825 -0.0095332373076849209 0.00025300038757244183 0.14912801986449015 -4.8024561934667533e-06 1.5080625916681357e-05 4.417435351911081e-07 0.00012986729748114102 -0.016410844295871873 -0.0024010583789554085 0.0099134476579865616 -0.0052869578417354835 0.0035382435405182204 0.0016590629045650051 1.7106547340199895e-05 -7.2239134070173357e-08 -2.1439753558425423e-05 -0.00012326179445501851 7.6057604363199973e-06 -0.00047366085389178637 0.00093973615505511538
leaf_weight=69924 2003 184383 6800 4931 1169 1360 1110 1567 1247 940 47004 5260 415 9603 1272 706 8033 328 16698 902 80561 18127 105 567 4067 5786 745 724 37 6986
leaf_count=69924 2003 184383 6800 4931 1169 1360 1110 1567 1247 940 47004 5260 415 9603 1272 706 8033 328 16698 902 80561 18127 105 567 4067 5786 745 724 37 6986
internal_value=9.79789e-05 0.00271131 0.0151226 0.0457823 0.0206003 0.0565751 0.0282105 0.00223847 0.0274121 -0.00240439 -0.000663589 0.0102494 0.0438376 -0.00097862 0.00400692 0.00050163 0.00692886 0.0480928 -0.00108754 -0.000615707 0.000239001 0.00360334 -0.00680164 -0.00352213 0.00203021 0.000197537 0.000393774 0.0302301 0.0696947 -0.000492263
internal_weight=483360 236438 35733 10573 3172 7401 2470 25160 2851 246922 176893 6615 1355 22309 12706 200705 9067 1034 170278 153580 106576 19029 70029 11434 4634 191638 185852 1469 1284 87547
internal_count=483360 236438 35733 10573 3172 7401 2470 25160 2851 246922 176893 6615 1355 22309 12706 200705 9067 1034 170278 153580 106576 19029 70029 11434 4634 191638 185852 1469 1284 87547
is_linear=0
shrinkage=0.08


Tree=103
num_leaves=31
num_cat=0
split_feature=39 8 5 15 15 7 2 7 8 39 5 33 7 25 7 39 5 33 33 0 25 39 23 29 7 6 19 21 33 33
split_gain=461.687 856.412 1794.08 872.796 464.375 568.691 318.348 652.583 291.849 236.982 132.835 118.893 275.868 146.978 114.673 1011.56 66.9247 61.6289 309.002 178.574 54.8078 37.4572 443.741 37.4233 64.4574 119.849 47.1919 37.2099 36.8353 206.198
threshold=5.3492712220593264 0.12354352443960977 0.95840777777777775 0.93270833333333347 0.95289166666666669 0.95618305555555572 5.5000000000000009 2.9697776388888895 0.14017025764434085 6.3867608396712825 0.8416677777777779 -4.9576416666666656 0.83460972222222229 0.0041250000000000011 2.8210648611111115 21.07590757345163 0.7860666666666668 4.3944666666666672 4.5858166666666671 0.13387044270833334 4.1787083333333337 6.3662618172144496 0.98918333333333341 4.7322000000000006 0.83460972222222229 2.0548554561780024 4.9324250000000012 0.64292500000000008 4.2660583333333344 4.2577166666666679
decision_type=2 2 2 2 2 2 2 2 2 2 2 2 2 2 2 2 2 2 2 2 2 2 2 2 2 2 2 2 2 2
left_child=8 2 3 9 -5 -6 14 -8 16 10 -2 12 13 -10 15 21 -1 28 19 -19 23 -4 -23 27 25 -25 -27 -13 29 -3
right_child=1 17 6 4 5 -7 7 -9 11 -11 -12 20 -14 -15 -16 -17 -18 18 -20 -21 -22 22 -24 24 -26 26 -28 -29 -30 -31
leaf_value=-0.00838864892036284 -0.0018227789965556101 2.558779827662505e-05 -2.8323059698465158e-07 0.00056192550097722282 -3.2510868359034715e-05 2.085953902793314e-05 -0.00016804013664202701 2.9918723566169091e-07 0.00018587248291133563 -6.7486720756715361e-06 0.00055696248900606983 -0.0073385847432046606 0.00023276035656664363 0.25142081108617753 -4.4182596979780439e-06 1.3874175843362479e-05 0.0019124262342290089 4.0640405238434598e-07 0.00011947791368264405 -0.015097976752202119 -0.002208973708638976 1.5738023552982482e-05 -6.6460003331769715e-08 -0.063293414854441704 0.00074986876329155908 0.00086589240669368908 0.00029374223035858902 0.0030054793695500647 -1.9724573273762756e-05 6.9972996013945027e-06
leaf_weight=73088 231 188504 6806 4936 1363 1110 1567 1284 940 2475 540 94749 5240 399 9603 1272 169 706 8033 328 16343 567 4067 868 4908 666 277 45066 5786 1469
leaf_count=73088 231 188504 6806 4936 1363 1110 1567 1284 940 2475 540 94749 5240 399 9603 1272 169 706 8033 328 16343 567 4067 868 4908 666 277 45066 5786 1469
internal_value=-6.29122e-06 0.00247675 0.0138888 0.041404 0.0565593 0.0282636 0.00223921 0.0274121 -0.0024682 0.00681207 0.0455409 -0.000644228 0.00989937 0.0423062 -0.000976923 0.00400755 -0.00668736 0.000480953 0.00692886 0.0480928 -0.00107011 -0.00351748 0.00203021 -0.000580017 0.00525197 0.0181513 0.0378961 -0.000860282 0.000182304 0.00037382
internal_weight=483360 240647 35821 10655 7409 2473 25166 2851 242713 3246 771 169456 6579 1339 22315 12712 73257 204826 9067 1034 162877 11440 4634 146534 6719 1811 943 139815 195759 189973
internal_count=483360 240647 35821 10655 7409 2473 25166 2851 242713 3246 771 169456 6579 1339 22315 12712 73257 204826 9067 1034 162877 11440 4634 146534 6719 1811 943 139815 195759 189973
is_linear=0
shrinkage=0.08


Tree=104
num_leaves=31
num_cat=0
split_feature=39 8 5 15 15 7 2 7 8 39 5 7 39 33 7 25 33 33 0 6 5 25 39 23 29 7 6 19 33 33
split_gain=456.453 858.009 1794.08 872.796 464.375 568.691 318.348 652.583 294.422 236.982 132.835 114.673 1011.56 107.89 245.177 131.993 61.8681 309.002 178.574 61.1225 59.5808 55.4608 37.4572 443.741 36.8023 64.4574 119.849 47.1919 36.6822 206.384
threshold=5.3492712220593264 0.12354352443960977 0.95840777777777775 0.93270833333333347 0.95289166666666669 0.95618305555555572 5.5000000000000009 2.9697776388888895 0.14017025764434085 6.3867608396712825 0.8416677777777779 2.8210648611111115 21.07590757345163 -4.9576416666666656 0.83460972222222229 0.0041250000000000011 4.3944666666666672 4.5858166666666671 0.13387044270833334 1.7619150898207601 0.7860666666666668 4.1787083333333337 6.3662618172144496 0.98918333333333341 4.7322000000000006 0.83460972222222229 2.0548554561780024 4.9324250000000012 4.2660583333333344 4.2577166666666679
decision_type=2 2 2 2 2 2 2 2 2 2 2 2 2 2 2 2 2 2 2 2 2 2 2 2 2 2 2 2 2 2
left_child=8 2 3 9 -5 -6 11 -8 20 10 -2 12 22 14 15 19 28 18 -18 -10 -1 24 -4 -24 -15 26 -26 -28 29 -3
right_child=1 16 6 4 5 -7 7 -9 13 -11 -12 -13 -14 21 -16 -17 17 -19 -20 -21 -22 -23 23 -25 25 -27 27 -29 -30 -31
leaf_value=-0.007717557006733813 -0.0016769566768311634 2.3540774414492204e-05 -2.6057214922659002e-07 0.00051697146089904502 -2.9909998890316203e-05 1.9190775905695289e-05 -0.00015459692571067053 2.7525225679170265e-07 -1.1265733833312197e-05 -6.208778309622076e-06 0.00051240548988558561 -4.0647989221298533e-06 1.2764241775897744e-05 -0.00305279612893681 0.00021413952804131498 0.23130714619928333 3.738917281737031e-07 0.00010991968058803537 -0.013890138612025982 0.00017100268427846287 0.0017594321354906851 -0.0020322558119478576 1.4478981668739621e-05 -6.1143203069491392e-08 -0.05822994166608636 0.00068987926222824575 0.00079662101415820528 0.00027024285192993601 -1.8146607411893002e-05 6.4375156333085216e-06
leaf_weight=73088 231 188504 6806 4936 1363 1110 1567 1284 101 2475 540 9603 1272 139815 5240 399 706 8033 328 839 169 16343 567 4067 868 4908 666 277 5786 1469
leaf_count=73088 231 188504 6806 4936 1363 1110 1567 1284 101 2475 540 9603 1272 139815 5240 399 706 8033 328 839 169 16343 567 4067 868 4908 666 277 5786 1469
internal_value=-2.81555e-06 0.00246612 0.0138888 0.041404 0.0565593 0.0282636 0.00223921 0.0274121 -0.00245073 0.00681207 0.0455409 -0.000976923 0.00400755 -0.000618735 0.00942514 0.0399761 0.000468454 0.00692886 0.0480928 0.0563404 -0.00668845 -0.00102443 -0.00351748 0.00203021 -0.000531428 0.00525197 0.0181513 0.0378961 0.000169227 0.000360344
internal_weight=483360 240647 35821 10655 7409 2473 25166 2851 242713 3246 771 22315 12712 169456 6579 1339 204826 9067 1034 940 73257 162877 11440 4634 146534 6719 1811 943 195759 189973
internal_count=483360 240647 35821 10655 7409 2473 25166 2851 242713 3246 771 22315 12712 169456 6579 1339 204826 9067 1034 940 73257 162877 11440 4634 146534 6719 1811 943 195759 189973
is_linear=0
shrinkage=0.08


Tree=105
num_leaves=31
num_cat=0
split_feature=39 8 5 15 15 7 2 7 8 39 5 7 39 33 7 25 33 33 0 6 25 5 39 23 33 33 39 29 7 6
split_gain=450.892 856.896 1789.96 870.524 462.251 568.691 318.348 652.583 298.691 236.982 132.835 114.673 1011.56 107.09 245.177 131.993 61.9579 309.002 178.574 61.1225 56.4388 47.2353 37.4572 443.741 36.4636 206.46 335.571 36.2555 64.4574 119.849
threshold=5.3492712220593264 0.12354352443960977 0.95840777777777775 0.93270833333333347 0.95289166666666669 0.95618305555555572 5.5000000000000009 2.9697776388888895 0.14017025764434085 6.3867608396712825 0.8416677777777779 2.8210648611111115 21.07590757345163 -4.9576416666666656 0.83460972222222229 0.0041250000000000011 4.3944666666666672 4.5858166666666671 0.13387044270833334 1.7619150898207601 4.1787083333333337 0.7860666666666668 6.3662618172144496 0.98918333333333341 4.2660583333333344 4.2577166666666679 33.635461064579538 4.7322000000000006 0.83460972222222229 2.0548554561780024
decision_type=2 2 2 2 2 2 2 2 2 2 2 2 2 2 2 2 2 2 2 2 2 2 2 2 2 2 2 2 2 2
left_child=8 2 3 9 -5 -6 11 -8 21 10 -2 12 22 14 15 19 24 18 -18 -10 27 -1 -4 -24 25 -3 -27 -15 29 -29
right_child=1 16 6 4 5 -7 7 -9 13 -11 -12 -13 -14 20 -16 -17 17 -19 -20 -21 -22 -23 23 -25 -26 26 -28 28 -30 -31
leaf_value=-0.0071001524461951071 -0.0015428001426846666 2.1657512461317196e-05 -2.3972637729130498e-07 0.00047561374402712355 -2.7517198979092329e-05 1.7655513833236826e-05 -0.00014222917165380267 2.5323207623273449e-07 -1.0364475126678485e-05 -5.7120760448547967e-06 0.00047141305069473564 -3.7396150083424118e-06 1.174310243381882e-05 -0.0028085724386218637 0.00019700836579801263 0.21280257450334067 3.4398038991412248e-07 0.00010112610614100959 -0.012778927523063918 0.00015732246953618301 -0.0018696753469920292 0.0016186775646514307 1.3320663135241163e-05 -5.6251746833879682e-08 -1.6694878818910296e-05 -0.00011447563611739043 5.9225143826324714e-06 -0.053571546332799452 0.00063468892125001736 0.00073155618898255168
leaf_weight=73088 231 188504 6806 4936 1363 1110 1567 1284 101 2475 540 9603 1272 139815 5240 399 706 8033 328 839 16343 169 567 4067 5786 745 724 868 4908 943
leaf_count=73088 231 188504 6806 4936 1363 1110 1567 1284 101 2475 540 9603 1272 139815 5240 399 706 8033 328 839 16343 169 567 4067 5786 745 724 868 4908 943
internal_value=6.2874e-06 0.00246013 0.0138754 0.041359 0.0564945 0.0282636 0.00223921 0.0274121 -0.00242667 0.00681207 0.0455409 -0.000976923 0.00400755 -0.000581439 0.00942514 0.0399761 0.000463767 0.00692886 0.0480928 0.0563404 -0.000985629 -0.00669501 -0.00351748 0.00203021 0.000164323 0.00035487 0.0302301 -0.000488298 0.00525197 0.0181513
internal_weight=483360 240647 35821 10655 7409 2473 25166 2851 242713 3246 771 22315 12712 169456 6579 1339 204826 9067 1034 940 162877 73257 11440 4634 195759 189973 1469 146534 6719 1811
internal_count=483360 240647 35821 10655 7409 2473 25166 2851 242713 3246 771 22315 12712 169456 6579 1339 204826 9067 1034 940 162877 73257 11440 4634 195759 189973 1469 146534 6719 1811
is_linear=0
shrinkage=0.08


Tree=106
num_leaves=31
num_cat=0
split_feature=7 8 2 5 0 2 5 39 39 0 7 7 5 39 2 33 7 25 33 33 0 8 33 6 13 0 0 8 29 6
split_gain=382.877 333.831 821.647 405.932 604.388 366.791 472.081 184.021 605.6 181.31 527.812 170.722 904.289 131.66 319.099 79.9595 217.774 179.078 66.136 314.843 177.606 59.5329 58.7221 46.7241 47.755 42.0415 70.3302 121.715 73.6945 69.731
threshold=0.21733027777777766 0.0088367937866199106 4.5000000000000009 0.95289944444444452 0.18542480468750003 5.5000000000000009 2.9461633333333341 6.3662618172144496 6.3867608396712825 0.15197753906250003 0.95618305555555572 2.8210648611111115 2.7784577777777781 7.0631724350611433 1.0000000180025095e-35 -4.9576416666666656 0.83465888888888895 0.0053 4.3944666666666672 4.5858166666666671 0.13387044270833334 0.14017025764434085 -4.2133166666666657 1.7619150898207601 5.0076583333333344 0.15695612468103057 0.13387044270833334 0.085677587752698278 4.9816166666666684 2.0548554561780024
decision_type=2 2 2 2 2 2 2 2 2 2 2 2 2 2 2 2 2 2 2 2 2 2 2 2 2 2 2 2 2 2
left_child=21 2 7 4 -4 -5 9 -2 -9 -7 -11 12 13 14 -10 16 17 23 22 20 -20 -1 -17 -3 -25 26 28 -28 -24 -30
right_child=1 15 3 5 -6 6 -8 8 11 10 -12 -13 -14 -15 -16 18 -18 -19 19 -21 -22 -23 25 24 -26 -27 27 -29 29 -31
leaf_value=-0.05456209031119464 -3.7234654508111477e-07 -9.5353171165157853e-06 0.00043756464450495081 -4.4038757061315434e-06 -0.0061947445063183088 -0.00013085083792148568 2.329735101369579e-07 0.00043370000663915496 -5.2551099612685449e-06 -2.5315823060765299e-05 1.6243072726576101e-05 -3.44044580767644e-06 1.0803654239097683e-05 -5.1751607088590391e-08 0.00021777144651523805 -0.0017201013192326667 0.00018124769653418582 -0.017081067769912087 3.1646195871815056e-07 9.3036017649694716e-05 -0.011375488466974526 -0.0091317988257557658 -1.6436082398385566e-05 0.00014473667197329121 0.0040917985527985931 -0.0014708046868398307 0.00042682056674590461 0.0029696969772071567 -0.0025738231215301829 0.00067303169386391916
leaf_weight=49993 10906 97 2338 2632 864 1376 1247 940 1014 1192 1006 6425 1261 5560 550 9982 6054 672 706 8013 326 21801 94864 821 289 193303 862 55401 1327 1538
leaf_count=49993 10906 97 2338 2632 864 1376 1247 940 1014 1192 1006 6425 1261 5560 550 9982 6054 672 706 8013 326 21801 94864 821 289 193303 862 55401 1327 1538
internal_value=-0.000193315 0.000747076 0.00796312 0.0267405 0.0505634 0.0165056 0.0296187 0.000457381 0.00598857 0.0148316 0.0290883 0.00203646 0.00955516 -0.00149804 0.0190077 2.76798e-05 0.00797378 0.0317658 -0.000144399 0.00661139 0.0482015 -0.0055842 -0.000315432 0.0501939 0.0548468 -0.000141553 0.000844613 0.00309788 -0.0004526 0.0121885
internal_weight=483360 411566 37311 10655 3202 7453 4821 26656 15750 3574 2198 14810 8385 7124 1564 374255 7933 1879 366322 9045 1032 71794 357277 1207 1110 347295 153992 56263 97729 2865
internal_count=483360 411566 37311 10655 3202 7453 4821 26656 15750 3574 2198 14810 8385 7124 1564 374255 7933 1879 366322 9045 1032 71794 357277 1207 1110 347295 153992 56263 97729 2865
is_linear=0
shrinkage=0.08


Tree=107
num_leaves=31
num_cat=0
split_feature=7 8 2 5 0 2 5 0 5 0 39 2 5 5 33 7 25 33 33 0 6 33 6 8 33 33 39 21 29 7
split_gain=351.177 270.749 916.363 403.834 583.316 378.166 459.497 184.115 518.086 142.388 419.611 225.881 118.19 1010.9 69.3176 220.494 174.653 70.0518 314.795 177.606 59.1642 54.9792 44.9706 39.3375 33.8307 209.958 335.571 28.6596 49.3742 72.894
threshold=0.14813527777777782 1.0000000180025095e-35 4.5000000000000009 0.95289944444444452 0.18542480468750003 5.5000000000000009 2.9461633333333341 0.15197753906250003 0.95580166666666611 0.15197753906250003 7.0631724350611433 1.0000000180025095e-35 2.8211077777777782 2.7784577777777781 -4.9576416666666656 0.83460972222222229 0.0041250000000000011 4.3944666666666672 4.5858166666666671 0.13387044270833334 1.7619150898207601 -4.2133166666666657 0.10370988738177682 0.064664229743236878 4.2660583333333344 4.2577166666666679 33.635461064579538 0.28330000000000005 4.7322000000000006 0.83460972222222229
decision_type=2 2 2 2 2 2 2 2 2 2 2 2 2 2 2 2 2 2 2 2 2 2 2 2 2 2 2 2 2 2
left_child=23 2 9 4 -4 -5 7 -7 -9 10 11 -2 13 -12 15 16 20 21 19 -19 -3 -16 -23 -1 25 27 -27 28 -24 -30
right_child=1 14 3 5 -6 6 -8 8 -10 -11 12 -13 -14 -15 17 -17 -18 18 -20 -21 -22 22 24 -25 -26 26 -28 -29 29 -31
leaf_value=-0.055666456317748192 -4.834701164364574e-06 -8.7724917472087336e-06 0.00040255947294455475 -4.0515656496253887e-06 -0.0056991649458128443 -0.00012038277088777249 2.1433562931605367e-07 -2.3290557215904784e-05 1.4943626908445751e-05 -3.4255882147782301e-07 -4.7611478528608588e-08 0.00039900400610802576 -3.1652101430523774e-06 9.9393618999599196e-06 -0.0015824932136940535 0.003764454668574686 -0.020861364714390658 2.9114500200932979e-07 8.5593136237704934e-05 -0.010465449389616561 0.00013315773821545918 -0.00023094887706752055 -0.0037570853635030235 -0.017106897519972682 -1.4044401921537997e-05 -0.00010400269863616529 6.7635998238557707e-06 0.00043608101944888846 0.00061918915835477149 -0.0023679172718077679
leaf_weight=44249 344 98 2303 2628 824 1334 1247 1091 998 11533 5529 958 6421 1261 9986 6457 539 706 8024 326 847 34915 77827 16029 5783 745 724 234815 1681 3138
leaf_count=44249 344 98 2303 2628 824 1334 1247 1091 998 11533 5529 958 6421 1261 9986 6457 539 706 8024 326 847 34915 77827 16029 5783 745 724 234815 1681 3138
internal_value=-0.00037736 0.000436566 0.00702563 0.0270695 0.0511238 0.0167629 0.030424 0.0152778 0.0301044 -0.000997007 0.00427589 0.0476068 5.4481e-06 0.00736377 -0.000185015 0.00721219 0.0350189 -0.00034014 0.00661131 0.0482015 0.055746 -0.000510459 -0.000347872 -0.00609018 -5.45239e-05 5.54335e-05 0.0302301 -8.41949e-05 -0.00136544 0.00649263
internal_weight=483360 423082 36471 10425 3127 7298 4670 3423 2089 26046 14513 1302 13211 6790 386611 7941 1484 378670 9056 1032 945 369614 359628 60278 324713 318930 1469 317461 82646 4819
internal_count=483360 423082 36471 10425 3127 7298 4670 3423 2089 26046 14513 1302 13211 6790 386611 7941 1484 378670 9056 1032 945 369614 359628 60278 324713 318930 1469 317461 82646 4819
is_linear=0
shrinkage=0.08


Tree=108
num_leaves=31
num_cat=0
split_feature=7 8 2 5 0 2 5 0 7 8 0 39 2 5 5 33 7 25 6 33 33 0 33 5 6 8 33 33 39 31
split_gain=351.082 322.468 854.813 405.932 604.388 366.791 472.081 181.31 527.812 153.541 142.388 419.611 225.881 118.19 1010.9 61.1843 227.904 174.653 59.1642 58.1067 324.361 177.606 55.1361 44.8754 43.5631 40.49 33.8417 209.944 335.571 30.5518
threshold=0.14813527777777782 0.0088367937866199106 4.5000000000000009 0.95289944444444452 0.18542480468750003 5.5000000000000009 2.9461633333333341 0.15197753906250003 0.95618305555555572 1.0000000180025095e-35 0.15197753906250003 7.0631724350611433 1.0000000180025095e-35 2.8211077777777782 2.7784577777777781 -4.9576416666666656 0.83460972222222229 0.0041250000000000011 1.7619150898207601 4.3944666666666672 4.5858166666666671 0.13387044270833334 -4.2133166666666657 0.95840777777777775 0.10370988738177682 0.064664229743236878 4.2660583333333344 4.2577166666666679 33.635461064579538 0.98572500000000007
decision_type=2 2 2 2 2 2 2 2 2 2 2 2 2 2 2 2 2 2 2 2 2 2 2 2 2 2 2 2 2 2
left_child=25 2 9 4 -4 -5 7 -7 -9 10 11 12 -2 14 -13 16 17 18 -3 22 21 -21 -17 -11 -24 -1 27 -26 -29 -25
right_child=1 15 3 5 -6 6 -8 8 -10 23 -12 13 -14 -15 -16 19 -18 -19 -20 20 -22 -23 24 29 26 -27 -28 28 -30 -31
leaf_value=-0.051213139812328341 -4.4479250712115001e-06 -8.0706924074291922e-06 0.00037035471510899143 -3.7274403976539361e-06 -0.0052432317501478207 -0.0001107521492167507 1.971887789764537e-07 -2.1427312638628849e-05 1.3748136755769025e-05 -5.3330023557585093e-06 -3.1515411575533391e-07 -4.3802560263372928e-08 0.00036708368561938265 -2.911993331622398e-06 9.1442129479801799e-06 -0.0014558937565985293 0.0034632982950886771 -0.019192455537239406 0.00012250511915823381 2.678534018230039e-07 7.8745685338716949e-05 -0.0096282134384472716 -0.00023216792936408658 1.6777304055404229e-05 -5.0906696523469466e-05 -0.015738345718374874 -1.2920849767823484e-05 -9.56824827452607e-05 6.2225118379188874e-06 1.3941794508189298e-05
leaf_weight=44249 344 98 2338 2632 864 1376 1247 1192 1006 126 11533 5529 958 6421 1261 9986 6457 539 847 706 8024 326 34075 407 317461 16029 5783 745 724 77
leaf_count=44249 344 98 2338 2632 864 1376 1247 1192 1006 126 11533 5529 958 6421 1261 9986 6457 539 847 706 8024 326 34075 407 317461 16029 5783 745 724 77
internal_value=-0.000327708 0.000486107 0.00758789 0.0267405 0.0505634 0.0165056 0.0296187 0.0148316 0.0290883 -6.7829e-05 -0.000997007 0.00427589 0.0476068 5.4481e-06 0.00736377 -0.000200763 0.00674877 0.0350189 0.055746 -0.000346825 0.0059841 0.0482015 -0.000502293 0.0396066 -0.000339099 -0.00603975 -5.35384e-05 5.64368e-05 0.0302301 0.0506777
internal_weight=483360 423082 37311 10655 3202 7453 4821 3574 2198 26656 26046 14513 1302 13211 6790 385771 7941 1484 945 377830 9056 1032 368774 610 358788 60278 324713 318930 1469 484
internal_count=483360 423082 37311 10655 3202 7453 4821 3574 2198 26656 26046 14513 1302 13211 6790 385771 7941 1484 945 377830 9056 1032 368774 610 358788 60278 324713 318930 1469 484
is_linear=0
shrinkage=0.08


Tree=109
num_leaves=31
num_cat=0
split_feature=7 8 2 5 0 2 5 0 7 8 0 39 2 5 5 33 7 25 6 33 33 33 0 5 8 6 33 33 39 31
split_gain=350.117 320.514 854.813 405.932 604.388 366.791 472.081 181.31 527.812 153.541 142.388 419.611 225.881 118.19 1010.9 60.4156 228.229 174.653 59.1642 58.5348 48.9133 329.54 177.606 44.8754 41.539 35.7294 30.756 209.912 335.571 30.5518
threshold=0.14813527777777782 0.0088367937866199106 4.5000000000000009 0.95289944444444452 0.18542480468750003 5.5000000000000009 2.9461633333333341 0.15197753906250003 0.95618305555555572 1.0000000180025095e-35 0.15197753906250003 7.0631724350611433 1.0000000180025095e-35 2.8211077777777782 2.7784577777777781 -4.9576416666666656 0.83460972222222229 0.0041250000000000011 1.7619150898207601 -4.2133166666666657 4.3944666666666672 4.5858166666666671 0.13387044270833334 0.95840777777777775 0.064664229743236878 0.10370988738177682 4.2660583333333344 4.2577166666666679 33.635461064579538 0.98572500000000007
decision_type=2 2 2 2 2 2 2 2 2 2 2 2 2 2 2 2 2 2 2 2 2 2 2 2 2 2 2 2 2 2
left_child=24 2 9 4 -4 -5 7 -7 -9 10 11 12 -2 14 -13 16 17 18 -3 -17 25 22 -22 -11 -1 -21 27 -27 -29 -25
right_child=1 15 3 5 -6 6 -8 8 -10 23 -12 13 -14 -15 -16 19 -18 -19 -20 20 21 -23 -24 29 -26 26 -28 28 -30 -31
leaf_value=-0.047116088627342075 -4.0920910655106722e-06 -7.425037014812119e-06 0.00034072633790026784 -3.4292451658402003e-06 -0.0048237732101359936 -0.00010189197727939359 1.8141367664981091e-07 -1.971312762753641e-05 1.2648285815304305e-05 -4.9063621673006711e-06 -2.8994178649099925e-07 -4.0298355443724177e-08 0.00033771699076983629 -2.679033865078395e-06 8.4126759121261332e-06 -0.0013394222560706467 0.0031862344314815515 -0.017657059094260252 0.00011270470962557511 -0.00021359449501495931 2.4642512968853225e-07 7.2446030511628127e-05 -0.0088579563633714668 1.5435119730975443e-05 -0.014479278060904885 -4.6834160801623169e-05 -1.1887181786391921e-05 -8.8027884125665423e-05 5.7247108908597968e-06 1.2826450947533398e-05
leaf_weight=44249 344 98 2338 2632 864 1376 1247 1192 1006 126 11533 5529 958 6421 1261 9986 6457 539 847 34075 706 8024 326 407 16029 317461 5783 745 724 77
leaf_count=44249 344 98 2338 2632 864 1376 1247 1192 1006 126 11533 5529 958 6421 1261 9986 6457 539 847 34075 706 8024 326 407 16029 317461 5783 745 724 77
internal_value=-0.000305033 0.000507663 0.00758789 0.0267405 0.0505634 0.0165056 0.0296187 0.0148316 0.0290883 -6.7829e-05 -0.000997007 0.00427589 0.0476068 5.4481e-06 0.00736377 -0.000177123 0.00672862 0.0350189 0.055746 -0.000322263 -0.000158199 0.00564841 0.0482015 0.0396066 -0.00600923 -0.000304761 -4.61473e-05 5.86944e-05 0.0302301 0.0506777
internal_weight=483360 423082 37311 10655 3202 7453 4821 3574 2198 26656 26046 14513 1302 13211 6790 385771 7941 1484 945 377830 367844 9056 1032 610 60278 358788 324713 318930 1469 484
internal_count=483360 423082 37311 10655 3202 7453 4821 3574 2198 26656 26046 14513 1302 13211 6790 385771 7941 1484 945 377830 367844 9056 1032 610 60278 358788 324713 318930 1469 484
is_linear=0
shrinkage=0.08


Tree=110
num_leaves=31
num_cat=0
split_feature=7 8 2 7 0 2 7 2 39 8 0 39 2 0 5 5 33 7 25 33 6 33 33 0 31 8 0 8 2 0
split_gain=352.511 325.62 841.093 361.44 464.812 326.776 524.37 288.881 645.588 102.851 142.388 419.611 225.881 131.817 118.19 1010.9 59.8063 228.229 174.653 59.2279 59.1642 48.2975 329.54 177.606 44.2967 42.5451 34.5713 73.9492 62.5211 58.3241
threshold=0.14813527777777782 0.028112341566782838 4.5000000000000009 0.97410083333333342 0.18542480468750003 5.5000000000000009 0.95618305555555572 5.5000000000000009 22.00053896336021 1.0000000180025095e-35 0.15197753906250003 7.0631724350611433 1.0000000180025095e-35 0.18542480468750003 2.8211077777777782 2.7784577777777781 -4.9576416666666656 0.83460972222222229 0.0041250000000000011 -4.2133166666666657 1.7619150898207601 4.3944666666666672 4.5858166666666671 0.13387044270833334 0.98572500000000007 0.064664229743236878 0.15695612468103057 0.064664229743236878 3.5000000000000004 0.20662434895833337
decision_type=2 2 2 2 2 2 2 2 2 2 2 2 2 2 2 2 2 2 2 2 2 2 2 2 2 2 2 2 2 2
left_child=25 2 9 4 5 -4 -7 -5 -9 10 11 12 -2 24 15 -13 17 18 20 -18 -3 26 23 -23 -11 -1 27 28 -21 -28
right_child=1 16 3 7 -6 6 -8 8 -10 13 -12 14 -14 -15 -16 -17 19 -19 -20 21 -22 22 -24 -25 -26 -27 29 -29 -30 -31
leaf_value=-0.043346801537154714 -3.7647237802662661e-06 -6.8310340536470452e-06 0.00031346823086824571 -3.1549055525559313e-06 -0.0044378713533251178 -1.8136077417336695e-05 1.1636422950083158e-05 -9.3740619097033574e-05 1.6690058252777362e-07 0.00015100939754878286 -2.6674644357349567e-07 -3.7074487018173844e-08 0.0003106996315082533 -0.007517670438111388 -2.4647111558806502e-06 7.7396618391389896e-06 -0.0012322684755849949 0.0029313356769630162 -0.016244494366719434 0.0002383620663934883 0.00010368833285554047 2.267111192821858e-07 6.6650348070709239e-05 -0.008149319854301746 1.3146408895670093e-05 -0.013320935816032496 -0.0014623554778861326 2.1287731887085216e-05 -0.0021458590889307416 0.018668051035043431
leaf_weight=44249 344 98 2401 2635 1082 1201 1006 1378 1263 500 11533 5529 958 537 6421 1261 9986 6457 539 564 847 706 8024 326 211 16029 144516 154884 299 57576
leaf_count=44249 344 98 2401 2635 1082 1201 1006 1378 1263 500 11533 5529 958 537 6421 1261 9986 6457 539 564 847 706 8024 326 211 16029 144516 154884 299 57576
internal_value=-0.000257698 0.000557772 0.00759644 0.0263097 0.0402953 0.051375 0.0291545 0.0112267 0.029925 7.79639e-05 -0.000997007 0.00427589 0.0476068 0.0225128 5.4481e-06 0.00736377 -0.000142031 0.00672862 0.0350189 -0.000286798 0.055746 -0.000121345 0.00564841 0.0482015 0.0451083 -0.00598135 -0.000267362 0.00062835 0.0239815 -0.000957665
internal_weight=483360 423082 38260 10966 5690 4608 2207 5276 2641 27294 26046 14513 1302 1248 13211 6790 384822 7941 1484 376881 945 366895 9056 1032 711 60278 357839 155747 863 202092
internal_count=483360 423082 38260 10966 5690 4608 2207 5276 2641 27294 26046 14513 1302 1248 13211 6790 384822 7941 1484 376881 945 366895 9056 1032 711 60278 357839 155747 863 202092
is_linear=0
shrinkage=0.08


Tree=111
num_leaves=31
num_cat=0
split_feature=7 8 2 7 0 2 7 2 39 0 39 2 7 5 8 0 6 19 19 7 33 0 8 33 7 25 7 33 31 23
split_gain=346.224 328.454 851.709 358.722 469.36 326.776 524.37 288.881 645.588 102.918 428.653 226.338 123.679 999.983 101.596 117.36 52.7438 45.4178 162.663 368.637 172.56 366.42 78.6779 61.4602 174.801 137.103 85.6245 50.858 39.2823 230.807
threshold=0.036123611111111113 0.028112341566782838 4.5000000000000009 0.97410083333333342 0.16293756999353057 5.5000000000000009 0.95618305555555572 5.5000000000000009 22.00053896336021 0.15197753906250003 7.0631724350611433 1.0000000180025095e-35 2.8210648611111115 2.7784577777777781 1.0000000180025095e-35 0.17399088541666671 0.23186445596969477 4.2593000000000005 4.2673333333333341 2.1326208333333336 4.3944666666666672 0.13387044270833334 0.37849742446349877 -4.9576416666666656 0.83460972222222229 0.0041250000000000011 0.83454513888888915 -4.2133166666666657 0.79158333333333342 0.9558916666666667
decision_type=2 2 2 2 2 2 2 2 2 2 2 2 2 2 2 2 2 2 2 2 2 2 2 2 2 2 2 2 2 2
left_child=-1 2 9 4 5 -4 -7 -5 -9 10 11 -2 13 -12 -11 -16 28 22 19 -19 -20 -22 -18 24 25 26 -24 -25 -3 -30
right_child=1 16 3 7 -6 6 -8 8 -10 14 12 -13 -14 -15 15 -17 17 18 20 -21 21 -23 23 27 -26 -27 -28 -29 29 -31
leaf_value=-0.040112390785761981 -3.4635458778442541e-06 -0.0012792217416609565 0.00028839077239878997 -2.9025131083670887e-06 -0.0040828416450591123 -1.6685191223952956e-05 1.0705509114075084e-05 -8.6241369569286527e-05 1.5354853591276196e-07 -2.4540672808548438e-07 -3.410852805529885e-08 0.00028584366098759694 -2.2675342633959872e-06 7.1204888920206598e-06 1.2094696184012933e-05 -0.0069162568030624793 0.0039809137254408775 3.5637154685730365e-06 0.001017843088228677 -3.8315851658339285e-05 2.0857422974529527e-07 -0.010232568141451659 -3.3749032439089888e-06 -0.0011336869975381953 -0.00090087796495723186 -0.014990574124554276 9.539326622707733e-05 -0.00023872563315914191 0.00059117912064262864 -0.00019820995396472086
leaf_weight=43512 346 53958 2401 2635 1101 1201 1006 1378 1263 11533 5608 979 6499 1261 531 592 38980 700 52843 973 707 1309 167 9587 5139 535 779 201490 5656 28691
leaf_count=43512 346 53958 2401 2635 1101 1201 1006 1378 1263 11533 5608 979 6499 1261 531 592 38980 700 52843 973 707 1309 167 9587 5139 535 779 201490 5656 28691
internal_value=-0.000299075 0.000374346 0.00744947 0.0262649 0.0401625 0.051375 0.0291545 0.0112267 0.029925 -0.00010794 0.00444674 0.0478491 0.000144822 0.00762964 -0.0053957 0.0175744 -0.000301142 0.000185714 0.00223845 0.0268117 0.00148905 0.0244603 -0.000266391 -0.000859067 0.00673112 0.0309467 0.0492516 -0.00109712 -0.00202797 8.68761e-05
internal_weight=483360 439848 38334 10985 5709 4608 2207 5276 2641 27349 14693 1325 13368 6869 12656 1123 401514 313209 56532 1673 54859 2016 256677 217697 6620 1481 946 211077 88305 34347
internal_count=483360 439848 38334 10985 5709 4608 2207 5276 2641 27349 14693 1325 13368 6869 12656 1123 401514 313209 56532 1673 54859 2016 256677 217697 6620 1481 946 211077 88305 34347
is_linear=0
shrinkage=0.08


Tree=112
num_leaves=31
num_cat=0
split_feature=7 8 2 7 23 5 39 0 8 5 5 33 33 0 33 7 25 7 0 5 31 8 7 27 2 8 25 33 33 39
split_gain=318.495 172.549 458.934 504.167 192.573 1299.81 158.035 559.726 149.916 81.4697 1097.63 72.0701 313.389 178.574 54.049 177.38 136.574 86.3557 53.7839 272.873 52.0589 76.7179 67.3925 79.0211 76.0694 61.3297 66.9193 41.9442 209.99 337.218
threshold=0.036123611111111113 0.028112341566782838 5.5000000000000009 2.9697776388888895 0.94463333333333332 0.93268166666666674 6.1724848913477572 0.15197753906250003 1.0000000180025095e-35 2.7784577777777781 2.8211077777777782 4.3944666666666672 4.5858166666666671 0.13387044270833334 -4.9576416666666656 0.83460972222222229 0.0041250000000000011 0.83454513888888915 0.17399088541666671 0.89400888888888896 0.79158333333333342 0.11412960415847066 0.93931111111111132 0.79158333333333342 1.0000000180025095e-35 0.14017025764434085 4.1787083333333337 4.2660583333333344 4.2577166666666679 33.635461064579538
decision_type=2 2 2 2 2 2 2 2 2 2 2 2 2 2 2 2 2 2 2 2 2 2 2 2 2 2 2 2 2 2
left_child=-1 2 4 6 5 18 -4 -8 9 -6 -11 14 13 -13 15 16 17 -3 19 -2 25 22 23 -22 -25 -16 -27 28 -23 -30
right_child=1 11 3 -5 8 -7 7 -9 -10 10 -12 12 -14 -15 20 -17 -18 -19 -20 -21 21 27 -24 24 -26 26 -28 -29 29 -31
leaf_value=-0.036903399522901018 0.00026297616810858846 -3.1049109843905853e-06 -1.5350375926033165e-05 1.4126465302410907e-07 -7.3975911867307788e-08 0.00026531951060688286 -7.9342060003746438e-05 9.8490683849483677e-06 4.34801170725585e-05 6.5508497806732182e-06 -2.0861315223186237e-06 1.9188829135430298e-07 8.0416370877784969e-05 -0.007619555082539739 -0.0010956798852424488 0.0027688990600025676 -0.013745688887417536 8.776180492894525e-05 -0.0048282157706687383 -3.1864622076138716e-06 -0.00066906521993589149 -2.569239583571914e-05 1.8075562892789775e-05 0.00029891344172288113 0.00053602292278742247 -0.0016176015314437826 -0.0010429920377351398 -3.5250583525652246e-05 -6.3590621293840857e-05 3.278618231092878e-06
leaf_weight=43512 432 171 1479 1255 12800 1884 1386 1057 731 1261 8996 706 8033 328 24327 6457 539 779 5410 1643 370 199444 1075 228 581 137687 13703 5622 743 721
leaf_count=43512 432 171 1479 1255 12800 1884 1386 1057 731 1261 8996 706 8033 328 24327 6457 539 779 5410 1643 370 199444 1075 228 581 137687 13703 5622 743 721
internal_value=-0.000570012 7.58789e-05 0.00520394 0.0273564 0.00174515 0.0114599 0.0132341 0.025729 -0.00208105 -0.00321187 0.00210042 -0.000413716 0.0066377 0.0480928 -0.00057663 0.00595419 0.0308449 0.0490947 -0.00348965 0.00746024 -0.000711594 0.000142384 0.0148216 0.0280305 0.0420371 -0.00172628 -0.00112716 -1.78201e-05 0.000172893 0.0303607
internal_weight=483360 439848 38334 5177 33157 9369 3922 2443 23788 23057 10257 401514 9067 1034 392447 7946 1489 950 7485 2075 384501 208784 2254 1179 809 175717 151390 206530 200908 1464
internal_count=483360 439848 38334 5177 33157 9369 3922 2443 23788 23057 10257 401514 9067 1034 392447 7946 1489 950 7485 2075 384501 208784 2254 1179 809 175717 151390 206530 200908 1464
is_linear=0
shrinkage=0.08


Tree=113
num_leaves=31
num_cat=0
split_feature=7 8 2 7 23 5 39 0 5 7 8 6 0 5 33 33 0 33 33 39 8 13 13 7 25 33 8 31 31 23
split_gain=315.376 145.551 477.449 504.167 213.386 1299.81 158.035 559.726 66.4865 1098.63 88.9767 56.1802 53.7839 272.873 45.2879 328.098 178.574 40.4479 209.865 335.571 35.1411 64.6362 170.652 133.208 99.4051 61.9841 30.908 31.6856 28.6426 163.427
threshold=0.036123611111111113 0.028112341566782838 5.5000000000000009 2.9697776388888895 0.94463333333333332 0.93268166666666674 6.1724848913477572 0.15197753906250003 2.7784577777777781 2.8210648611111115 0.0088367937866199106 0.23186445596969477 0.17399088541666671 0.89400888888888896 4.3944666666666672 4.5858166666666671 0.13387044270833334 4.2660583333333344 4.2577166666666679 33.635461064579538 0.38554241066797107 5.0073500000000015 5.0076583333333344 0.87127013888888905 5.007200000000001 -4.2133166666666657 0.26356844665030399 0.58610000000000018 0.79158333333333342 0.95830000000000004
decision_type=2 2 2 2 2 2 2 2 2 2 2 2 2 2 2 2 2 2 2 2 2 2 2 2 2 2 2 2 2 2
left_child=-1 2 4 6 5 12 -4 -8 10 -10 -6 28 13 -2 17 16 -16 18 20 -20 26 25 23 24 -23 -22 -13 -28 -3 -30
right_child=1 11 3 -5 8 -7 7 -9 9 -11 -12 14 -14 -15 15 -17 -18 -19 19 -21 21 22 -24 -25 -26 -27 27 -29 29 -31
leaf_value=-0.033951127561068939 0.00024193807465990426 -0.0010892296115086887 -1.4122345851950158e-05 1.2996348079497012e-07 -6.8057838920054792e-08 0.00024409394975832832 -7.2994695203441038e-05 9.0611429141507219e-06 6.0267817982051496e-06 -1.9192410005430818e-06 5.5650644773903578e-05 -0.00037742352151671989 -0.0044419585090152407 -2.9315452310019199e-06 1.7653722807153828e-07 7.3983061207556492e-05 -0.0070099906759365409 -3.243053684357733e-05 -5.8503371590319379e-05 3.0163287726026055e-06 -0.00095955267471632872 8.074086053461827e-05 0.016305976655558958 -0.19483213332953891 0.27975443779518799 -0.0012277401130797361 0.0016525083783867605 0.0096836947880191444 0.00062332353511315426 -0.00018083111562898325
leaf_weight=43512 432 53958 1479 1255 13330 1884 1386 1057 1261 9075 122 13805 5410 1643 706 8033 328 5786 745 724 9649 645 32762 377 209 207587 15628 16225 5932 28415
leaf_count=43512 432 53958 1479 1255 13330 1884 1386 1057 1261 9075 122 13805 5410 1643 706 8033 328 5786 745 724 9649 645 32762 377 209 207587 15628 16225 5932 28415
internal_value=-0.000591031 5.16887e-05 0.00476152 0.0273564 0.00123364 0.0114599 0.0132341 0.025729 -0.00279402 0.00203096 -0.00650134 -0.000397976 -0.00348965 0.00746024 0.000104491 0.00567597 0.0480928 -6.16047e-05 6.68712e-05 0.0302301 -8.23767e-05 -0.000453421 0.00279045 0.0320325 0.0495176 -0.000961021 0.00195926 0.00332954 -0.00218017 -0.0003743
internal_weight=483360 439848 38334 5177 33157 9369 3922 2443 23788 10336 13452 401514 7485 2075 313209 9067 1034 304142 298356 1469 296887 251229 33993 1231 854 217236 45658 31853 88305 34347
internal_count=483360 439848 38334 5177 33157 9369 3922 2443 23788 10336 13452 401514 7485 2075 313209 9067 1034 304142 298356 1469 296887 251229 33993 1231 854 217236 45658 31853 88305 34347
is_linear=0
shrinkage=0.08


Tree=114
num_leaves=31
num_cat=0
split_feature=7 15 15 15 8 8 39 6 23 33 7 2 19 6 6 8 8 2 7 33 7 25 15 7 8 33 8 2 5 5
split_gain=324.326 138.237 350.44 385.534 233.247 187.073 366.252 438.253 277.271 140.511 315.398 234.116 410.832 160.638 381.502 109.141 103.229 95.9034 225.457 88.6931 274.867 107.916 77.7193 75.5414 62.7843 62.1147 57.4053 318.654 643.551 257.155
threshold=0.036123611111111113 0.79190000000000016 0.95830000000000004 0.95583333333333342 0.0042210448158676609 0.21238378586294851 6.1003935448365691 0.061699709095215431 0.89676666666666682 4.0946916666666677 2.1326208333333336 5.5000000000000009 4.2593000000000005 2.2687953549117403 2.2720559821751647 0.14017025764434085 0.20854237144552309 1.5000000000000002 0.9144066666666667 -4.9576416666666656 0.83460972222222229 0.0053 0.99213333333333342 0.84922444444444456 0.0016754309555670891 -4.2133166666666657 1.0000000180025095e-35 5.5000000000000009 2.9461633333333341 2.8211077777777782
decision_type=2 2 2 2 2 2 2 2 2 2 2 2 2 2 2 2 2 2 2 2 2 2 2 2 2 2 2 2 2 2
left_child=-1 15 3 5 -5 6 7 -3 23 22 11 12 -11 -12 -15 -2 17 18 -10 20 21 -17 -4 -8 -19 -21 27 29 -29 -24
right_child=1 2 9 4 -6 -7 8 -9 16 10 13 -13 -14 14 -16 19 -18 24 -20 25 -22 -23 26 -25 -26 -27 -28 28 -30 -31
leaf_value=-0.031235037356183423 -0.0010020912425879925 0.00022456643377766206 -2.1441148978063041e-07 8.3362514810225715e-06 0.00098021418342244529 0.0025416746814960196 9.7046894816754661e-05 0.00049554224224874306 -2.6970216125210555e-06 -5.3823101863059718e-05 -2.9836093896093985e-05 7.4582204877486909e-05 2.7750224708000816e-06 1.6241424980023566e-07 0.029423669663950144 7.428159169187154e-05 0.00049607429984901866 -3.0974833509667121e-07 8.9138200563620981e-05 -0.00088278846073902237 -0.0027967450995537747 0.25737408277157298 5.5446392543601064e-06 0.00034586923202484606 0.00049607429984901866 -0.0013208968133673112 -5.080668823623569e-05 -6.7155119587170017e-05 1.1956640232568817e-07 -1.7657017205152671e-06
leaf_weight=43512 30119 1417 15697 1008 523 12274 168 1460 780 1565 6593 741 810 668 2242 931 220 5046 472 8998 3478 320 4232 686 1074 146996 179753 1334 1247 8996
leaf_count=43512 30119 1417 15697 1008 523 12274 168 1460 780 1565 6593 741 810 668 2242 931 220 5046 472 8998 3478 320 4232 686 1074 146996 179753 1334 1247 8996
internal_value=-0.000484775 0.000167001 0.00140861 0.0103668 0.0492698 0.00784269 0.0152589 0.039911 0.00686147 0.000403146 0.00860353 0.0306906 0.0184421 0.00136125 0.0170172 -0.00145302 0.002 0.000388495 0.0205623 -0.000624828 0.0101687 0.0423277 -8.66822e-05 0.0500796 -0.00373856 -0.000952039 0.000348041 0.00496983 0.0306827 -4.71746e-05
internal_weight=483360 439848 249006 25128 1531 23597 11323 2877 8446 223878 12619 3116 2375 9503 2910 190842 7592 7372 1252 160723 4729 1251 211259 854 6120 155994 195562 15809 2581 13228
internal_count=483360 439848 249006 25128 1531 23597 11323 2877 8446 223878 12619 3116 2375 9503 2910 190842 7592 7372 1252 160723 4729 1251 211259 854 6120 155994 195562 15809 2581 13228
is_linear=0
shrinkage=0.08


Tree=115
num_leaves=31
num_cat=0
split_feature=7 39 21 21 8 6 39 5 29 5 5 27 27 2 2 8 13 8 8 2 2 7 7 8 2 5 5 5 25 29
split_gain=321.608 141.986 237.309 490.897 215.075 212.661 817.511 292.62 168.264 129.444 278.633 272.33 378.252 125.976 338.156 104.079 88.7309 77.4799 75.6366 115.803 150.807 92.5894 81.3544 73.6355 293.719 643.551 440.369 675.974 69.9346 62.2671
threshold=0.022204166666666667 4.2833573769207822 0.95830000000000004 0.9558916666666667 0.0042210448158676609 0.030878861482017638 6.1003935448365691 0.89400888888888896 0.098683333333333359 2.3433327777777779 2.370544444444445 4.2653000000000008 4.2148916666666674 5.5000000000000009 3.5000000000000004 0.2310557960493396 1.2803250000000002 0.14017025764434085 0.0016754309555670891 1.5000000000000002 1.0000000180025095e-35 0.90287638888888899 0.93265180555555582 1.0000000180025095e-35 5.5000000000000009 2.9461633333333341 2.8211077777777782 2.7784577777777781 4.1787083333333337 4.9816166666666684
decision_type=2 2 2 2 2 2 2 2 2 2 2 2 2 2 2 2 2 2 2 2 2 2 2 2 2 2 2 2 2 2
left_child=-1 15 3 5 -5 6 -3 17 9 11 -11 12 -7 14 -14 -2 -4 -8 19 20 -9 -20 -23 24 26 -26 27 -18 29 -17
right_child=1 2 16 4 -6 8 7 18 -10 10 -12 -13 13 -15 -16 28 23 -19 21 -21 -22 22 -24 -25 25 -27 -28 -29 -30 -31
leaf_value=-0.02873756768633947 -0.0028714863165099302 0.0002066011190754491 -2.4031373099475675e-07 7.6693513625425434e-06 0.00090179704874865157 0.0155008697625841 0.00027739722212555051 -2.4812598835222133e-06 -5.0707325558066366e-05 1.4942110979632161e-07 0.025407625203759023 -2.7449206384417834e-05 2.5530206731616544e-06 6.8615628487265207e-05 -4.951725371398652e-05 -0.00044997616450073897 -4.6358828608816794e-07 -0.0068243286407244329 -0.00011470383569871957 -2.8496846828929282e-07 1.643775992026697e-05 0.00045638835586109928 0.00062476573381813343 0.00013723091067511462 -6.1782710020210634e-05 1.1000109015668613e-07 -1.6244455828839933e-06 5.1010681140084554e-06 -0.00081216538387990063 0.00092816740300534668
leaf_weight=41708 42405 1410 44777 1005 480 8483 559 344 44828 722 904 5906 722 715 717 118484 1500 101 628 5046 307 357 514 123217 1334 1247 8996 1261 17456 7227
leaf_count=41708 42405 1410 44777 1005 480 8483 559 344 44828 722 904 5906 722 715 717 118484 1500 101 628 5046 307 357 514 123217 1334 1247 8996 1261 17456 7227
internal_value=-0.000494706 0.000139438 0.00136051 0.00518978 0.0507205 0.00425413 0.01557 0.00550305 0.00258971 0.00908404 0.0306224 0.00696705 0.0146154 0.0445534 0.0309159 -0.00154558 -0.000188318 0.0564848 0.000827124 -0.00338003 0.0283748 0.0168165 0.0336992 0.00081858 0.00624466 0.0306827 0.000879814 0.0288272 -0.000514478 0.000144393
internal_weight=483360 441652 256080 73748 1485 72263 9266 7856 62997 18169 1626 16543 10637 2154 1439 185572 182332 660 7196 5697 651 1499 871 137555 14338 2581 11757 2761 143167 125711
internal_count=483360 441652 256080 73748 1485 72263 9266 7856 62997 18169 1626 16543 10637 2154 1439 185572 182332 660 7196 5697 651 1499 871 137555 14338 2581 11757 2761 143167 125711
is_linear=0
shrinkage=0.08


Tree=116
num_leaves=31
num_cat=0
split_feature=7 15 15 8 39 7 7 7 23 7 33 7 2 19 6 6 39 6 8 33 8 15 21 8 2 5 5 5 39 33
split_gain=321.392 155.726 392.367 383.654 422.776 184.239 413.217 327.279 167.831 161.926 139.458 316.114 234.422 409.676 159.031 383.481 126.352 154.717 98.2618 104.646 89.6508 77.6385 62.348 57.8616 318.654 643.551 257.155 873.384 51.7197 51.524
threshold=0.0065941666666666657 0.78130000000000022 0.95830000000000004 0.21238378586294851 6.7552916884993044 0.95618305555555572 0.95264083333333349 0.93931111111111132 0.95262500000000017 0.96672611111111117 4.0946916666666677 2.1326208333333336 5.5000000000000009 4.2593000000000005 2.2687953549117403 2.2720559821751647 6.3867608396712825 0.038384117148826655 0.12354352443960977 0.19539166666666677 0.14017025764434085 0.99213333333333342 4.1700000000000008 1.0000000180025095e-35 5.5000000000000009 2.9461633333333341 2.8211077777777782 2.7784577777777781 6.6952799108036629 -4.9576416666666656
decision_type=2 2 2 2 2 2 2 2 2 2 2 2 2 2 2 2 2 2 2 2 2 2 2 2 2 2 2 2 2 2
left_child=-1 20 3 4 5 6 7 16 -9 -7 21 12 13 -12 -13 -16 17 -3 19 -19 -2 -4 29 24 26 -26 27 -23 -18 -22
right_child=1 2 10 -5 -6 9 -8 8 -10 -11 11 14 -14 -15 15 -17 28 18 -20 -21 22 23 -24 -25 25 -27 -28 -29 -30 -31
leaf_value=-0.026447895613746081 -0.0033256682410259942 0.00041987728739220745 -1.7803347211575728e-07 0.0021307453008208642 -1.6854300950841506e-05 8.266679122029608e-05 -2.6217099082792575e-07 0.00019007302954941353 -0.00022841696252703158 0.00025190050760799752 -4.5555873416844864e-05 -2.5253269873672936e-05 6.3126378208266942e-05 2.3487790193144064e-06 1.3746742098419417e-07 0.027068694958534666 -3.8282086273433435e-07 0.00041957929558356604 0.00075262521971242613 0.00032648429573448821 0.00010210576432271524 -4.2650122320964103e-07 -0.00074719215316950858 -0.00010686890166237408 -5.6840093218610834e-05 1.0120100295551992e-07 -1.4944899362490105e-06 4.6929826648778315e-06 9.8069629135375536e-05 -0.0011454035691852483
leaf_weight=39915 32324 907 15697 13048 3100 1187 2299 1597 191 289 1565 6593 741 810 668 2242 1301 580 1067 757 4553 2971 15387 179761 1334 1247 8996 1261 251 140721
leaf_count=39915 32324 907 15697 13048 3100 1187 2299 1597 191 289 1565 6593 741 810 668 2242 1301 580 1067 757 4553 2971 15387 179761 1334 1247 8996 1261 251 140721
internal_value=-0.000460776 0.000158124 0.00147409 0.0106649 0.0201059 0.0278181 0.0234994 0.0336058 0.0628725 0.0540054 0.000383193 0.00855282 0.030665 0.0184084 0.00130232 0.0168797 0.0228452 0.0316738 0.0210516 0.0355004 -0.00154976 -0.000104779 -0.000776345 0.000329701 0.00496983 0.0306827 -4.71746e-05 0.0162155 0.00401031 -0.000263449
internal_weight=483360 443445 250460 26574 13526 10426 8950 6651 1788 1476 223886 12619 3116 2375 9503 2910 4863 3311 2404 1337 192985 211267 160661 195570 15809 2581 13228 4232 1552 145274
internal_count=483360 443445 250460 26574 13526 10426 8950 6651 1788 1476 223886 12619 3116 2375 9503 2910 4863 3311 2404 1337 192985 211267 160661 195570 15809 2581 13228 4232 1552 145274
is_linear=0
shrinkage=0.08


Tree=117
num_leaves=31
num_cat=0
split_feature=7 31 31 31 8 8 39 6 23 8 33 33 2 39 6 6 8 8 39 8 31 25 33 7 23 8 2 5 5 5
split_gain=316.544 143.241 292.852 394.148 241.995 180.945 554.146 367.631 287.445 120.085 117.007 308.781 228.2 418.189 164.369 400.8 97.6422 91.188 106.138 85.8884 80.2686 76.3708 84.7351 143.827 161.031 55.7075 318.654 643.551 257.155 873.384
threshold=0.0065941666666666657 0.78135833333333349 0.95830000000000004 0.95588333333333353 0.0042210448158676609 0.2102990357183048 6.1003935448365691 0.038384117148826655 0.89676666666666682 0.20854237144552309 4.0946916666666677 4.2660583333333344 5.5000000000000009 33.635461064579538 2.2687953549117403 2.2720559821751647 0.10427891627175047 0.12354352443960977 4.2075010275415723 0.2310557960493396 0.99199166666666672 4.1787083333333337 -4.9576416666666656 0.83460972222222229 4.9306333333333336 1.0000000180025095e-35 5.5000000000000009 2.9461633333333341 2.8211077777777782 2.7784577777777781
decision_type=2 2 2 2 2 2 2 2 2 2 2 2 2 2 2 2 2 2 2 2 2 2 2 2 2 2 2 2 2 2
left_child=-1 19 3 5 -5 6 7 -3 16 -10 20 12 13 -12 -13 -16 -8 18 -9 -2 -4 22 23 24 -21 26 28 -28 29 -22
right_child=1 2 10 4 -6 -7 8 17 9 -11 11 14 -14 -15 15 -17 -18 -19 -20 21 25 -23 -24 -25 -26 -27 27 -29 -30 -31
leaf_value=-0.024332063964646392 -0.0030596147817439157 0.00017486718718545902 -1.6379079434969412e-07 4.4245995591829515e-07 0.00079606310185738501 0.00086265320843719351 0.00022161526136413201 0.00038164366587020384 -2.4119731156346802e-07 0.00038628710440082872 -4.191140354350864e-05 -2.3233008283796154e-05 5.807626795160559e-05 2.1608766977720964e-06 1.2647002733956469e-07 0.018898364893126789 0.0015592425490071665 0.0024984526715013588 0.00048705231725510779 3.2359365562228961e-06 -3.9238112535144866e-07 -0.00068741678091594784 -0.00091488470542650197 0.0014944782427361502 9.5794800550592639e-05 2.7504452263329427e-05 -5.2292885761104912e-05 9.3104922704867474e-08 -1.3749307413490898e-06 4.3175440517018163e-06
leaf_weight=39915 45816 1400 15715 1004 526 12923 546 451 7367 200 1549 7077 755 756 693 2318 284 1005 867 448 2971 15349 128430 2317 616 179224 1334 1247 8996 1261
leaf_count=39915 45816 1400 15715 1004 526 12923 546 451 7367 200 1549 7077 755 756 693 2318 284 1005 867 448 2971 15349 128430 2317 616 179224 1334 1247 8996 1261
internal_value=-0.000502816 0.000111399 0.00137345 0.00931381 0.048732 0.00690556 0.0139274 0.0396175 0.00253709 -0.00236501 0.000431055 0.00775296 0.0300131 0.0175098 0.00100079 0.0166563 0.0472289 0.0201016 0.0339423 -0.00152666 -2.57388e-05 -0.000584943 3.69601e-05 0.0125383 0.0368872 0.000417445 0.00496983 0.0306827 -4.71746e-05 0.0162155
internal_weight=483360 443445 250469 26573 1530 25043 12120 3723 8397 7567 223896 13148 3060 2305 10088 3011 830 2323 1318 192976 210748 147160 131811 3381 1064 195033 15809 2581 13228 4232
internal_count=483360 443445 250469 26573 1530 25043 12120 3723 8397 7567 223896 13148 3060 2305 10088 3011 830 2323 1318 192976 210748 147160 131811 3381 1064 195033 15809 2581 13228 4232
is_linear=0
shrinkage=0.08


Tree=118
num_leaves=31
num_cat=0
split_feature=7 19 25 25 33 0 8 8 39 19 39 25 33 33 2 39 8 6 6 33 7 23 33 13 13 8 39 23 23 8
split_gain=327.867 162.894 302.262 457.052 242.311 236.304 227.715 176.304 810.356 385.828 279.148 109.634 86.2003 399.697 223.104 426.425 83.7984 72.8236 64.1667 63.7029 121.779 214.497 62.3549 60.5272 263.811 306.989 44.1877 156.158 635.97 232.545
threshold=0.022204166666666667 0.78156666666666674 0.95830000000000004 0.95583333333333342 4.3944666666666672 0.13387044270833334 0.0042210448158676609 0.12354352443960977 6.1003935448365691 0.89412500000000017 4.2075010275415723 0.95262500000000017 4.2660583333333344 4.0946916666666677 5.5000000000000009 33.635461064579538 0.096781237434110753 0.10370988738177682 0.1068385896328843 -4.9576416666666656 0.83460972222222229 4.9306333333333336 -4.2133166666666657 0.98294166666666671 0.9848083333333334 0.00080675118969205718 19.554335544244413 2.9796750000000007 2.9005666666666667 0.0088367937866199106
decision_type=2 2 2 2 2 2 2 2 2 2 2 2 2 2 2 2 2 2 2 2 2 2 2 2 2 2 2 2 2 2
left_child=-1 16 3 4 7 -6 -5 8 10 -10 -3 12 13 -9 15 -15 -2 -13 -12 20 21 -18 -21 -4 25 -25 -26 28 -28 -30
right_child=1 2 23 6 5 -7 -8 11 9 -11 18 17 -14 14 -16 -17 19 -19 -20 22 -22 -23 -24 24 26 -27 27 -29 29 -31
leaf_value=-0.022385498847474681 -0.0032658929817446047 0.00043220169686585485 -1.9374269119687426e-07 4.0706315944660788e-07 1.1635242515239952e-07 0.10004520342501096 0.000732378053708791 0.0028073227159359569 0.0002038860404550036 -2.2190152663803532e-07 0.00026140136669532409 0.00078591435408835507 -2.1374367621120881e-05 -3.8558491260047845e-05 5.3430166515511247e-05 1.9880065619304333e-06 2.9770616317392752e-06 0.0011717323475603444 0.00035844517976815207 -0.00063242343844267205 -0.0023330382898464563 8.8131216506539544e-05 -0.00084169392899241307 1.1107471742377585e-09 -4.7247242263104285e-06 -2.2572581258373247e-06 3.9721405275727762e-06 -1.264936282048268e-06 8.5656528874267219e-08 0.0024452958099602934
leaf_weight=41708 21636 678 25875 1004 710 670 465 45820 546 6773 1883 248 5354 1328 723 727 833 209 204 8972 3335 615 155802 723 82392 677 21402 50422 1247 379
leaf_count=41708 21636 678 25875 1004 710 670 465 45820 546 6773 1883 248 5354 1328 723 727 833 209 204 8972 3335 615 155802 723 82392 677 21402 50422 1247 379
internal_value=-0.00037405 0.000266235 0.0016086 0.00619144 0.00520723 0.0383768 0.0503254 0.00449748 0.0142134 0.000274353 0.0511103 0.00269676 0.00236625 0.00342763 0.0328927 0.0194453 -0.00149223 0.0417155 0.0655985 -0.000893955 0.0082074 0.0275801 -0.00115815 -7.67616e-05 0.000513245 0.0350857 0.000202665 0.00162941 0.00708772 0.055321
internal_weight=483360 441652 250459 67342 65873 1380 1469 64493 10084 7319 2765 54409 53952 48598 2778 2055 191193 457 2087 169557 4783 1448 164774 183117 157242 1400 155842 73450 23028 1626
internal_count=483360 441652 250459 67342 65873 1380 1469 64493 10084 7319 2765 54409 53952 48598 2778 2055 191193 457 2087 169557 4783 1448 164774 183117 157242 1400 155842 73450 23028 1626
is_linear=0
shrinkage=0.08


Tree=119
num_leaves=31
num_cat=0
split_feature=7 31 8 39 2 7 31 39 8 7 7 39 2 2 15 2 7 33 33 2 39 6 6 8 6 8 8 25 33 7
split_gain=337.337 174.471 362.214 877.643 463.156 500.154 353.616 285.224 208.134 169.577 565.229 164.739 150.743 157.915 305.728 480.485 545.563 115.856 308.564 228.572 417.632 162.758 402.071 107.85 92.3072 77.4328 72.8835 70.6104 87.9617 143.559
threshold=0.0065941666666666657 0.77009166666666673 0.12354352443960977 6.1003935448365691 5.5000000000000009 2.9697776388888895 0.89475000000000005 4.2075010275415723 0.096781237434110753 0.97074111111111117 0.95618305555555572 4.0640737101151947 2.5000000000000004 1.0000000180025095e-35 0.98294166666666671 1.5000000000000002 0.98472555555555563 4.0946916666666677 4.2660583333333344 5.5000000000000009 33.635461064579538 2.2687953549117403 2.2720559821751647 0.0051176092131718452 0.1068385896328843 0.14017025764434085 0.044602348909807014 4.1787083333333337 -4.9576416666666656 0.83460972222222229
decision_type=2 2 2 2 2 2 2 2 2 2 2 2 2 2 2 2 2 2 2 2 2 2 2 2 2 2 2 2 2 2
left_child=-1 25 3 7 6 9 -5 8 11 10 -6 -3 13 -8 26 16 -16 -4 19 20 -19 -20 -23 -17 -9 -2 -15 28 29 -27
right_child=1 2 17 4 5 -7 12 24 -10 -11 -12 -13 -14 14 15 23 -18 18 21 -21 -22 22 -24 -25 -26 27 -28 -29 -30 -31
leaf_value=-0.020594658939676706 -0.003789672453447608 -0.0031740021134423484 -2.8126880973822211e-05 0.00018757515721860686 -1.2886959253206598e-05 7.8804006555799334e-08 -1.3518811550206067e-07 0.00024048925735970173 -1.6840109604254751e-05 -4.8427226142422343e-05 3.7449810669443195e-07 0.00017709581461592628 -2.0414940451018993e-07 -5.0466827062223274e-07 1.0218874013645517e-09 3.6543692853641119e-06 -4.782674304959045e-05 -3.5473811959221278e-05 -1.9664418211462477e-05 4.9155753194298766e-05 1.8289660369674722e-06 1.0704423111462802e-07 0.018011564181120241 -0.001308480749070961 0.0004342195291084572 7.9223221812299021e-05 0.00043266726458783837 -0.0005818295633672583 -0.0010963178868879453 0.0015615630465049435
leaf_weight=39915 30616 284 202492 550 1357 1284 5177 2043 1080 1671 1006 660 13101 4246 723 1273 2932 1551 7104 755 757 693 2343 129 315 1062 203 15344 140380 2314
leaf_count=39915 30616 284 202492 550 1357 1284 5177 2043 1080 1671 1006 660 13101 4246 723 1273 2932 1551 7104 755 757 693 2343 129 315 1062 203 15344 140380 2314
internal_value=-0.000274249 0.000359817 0.00173196 0.00893011 0.00454487 0.0262083 0.000478857 0.042607 0.0205771 0.0123669 0.02616 0.0480169 -0.00077858 0.00478758 0.0109102 0.024367 0.00909439 0.000462688 0.0077237 0.0299758 0.0174766 0.00100197 0.0165059 0.0641826 0.0615165 -0.0014753 -0.00438571 -0.000766312 -0.000215701 0.012545
internal_weight=483360 443445 253729 38034 33652 5318 28334 4382 2024 4034 2363 944 27784 14683 9506 5057 3655 215695 13203 3063 2308 10140 3036 1402 2358 189716 4449 159100 143756 3376
internal_count=483360 443445 253729 38034 33652 5318 28334 4382 2024 4034 2363 944 27784 14683 9506 5057 3655 215695 13203 3063 2308 10140 3036 1402 2358 189716 4449 159100 143756 3376
is_linear=0
shrinkage=0.08


Tree=120
num_leaves=31
num_cat=0
split_feature=7 31 8 39 2 7 31 39 8 7 7 39 2 15 2 7 33 33 2 39 6 6 8 6 8 25 33 7 23 29
split_gain=338.16 170.639 360.057 878.959 464.377 500.154 353.994 285.224 208.134 169.577 565.229 164.739 149.077 175.315 711.11 701.559 115.856 308.564 228.572 417.632 162.758 402.071 107.85 92.3072 77.533 67.9211 76.8756 120.241 198.309 47.4406
threshold=0.0065941666666666657 0.77009166666666673 0.12354352443960977 6.1003935448365691 5.5000000000000009 2.9697776388888895 0.89475000000000005 4.2075010275415723 0.096781237434110753 0.97074111111111117 0.95618305555555572 4.0640737101151947 2.5000000000000004 0.98294166666666671 1.5000000000000002 0.99049111111111121 4.0946916666666677 4.2660583333333344 5.5000000000000009 33.635461064579538 2.2687953549117403 2.2720559821751647 0.0051176092131718452 0.1068385896328843 0.096781237434110753 4.1787083333333337 -4.9576416666666656 0.83460972222222229 4.9306333333333336 4.9816166666666684
decision_type=2 2 2 2 2 2 2 2 2 2 2 2 2 2 2 2 2 2 2 2 2 2 2 2 2 2 2 2 2 2
left_child=-1 24 3 7 6 9 -5 8 11 10 -6 -3 13 -8 15 -15 -4 18 19 -18 -19 -22 -16 -9 -2 26 27 28 -26 -28
right_child=1 2 16 4 5 -7 12 23 -10 -11 -12 -13 -14 14 22 -17 17 20 -20 -21 21 -23 -24 -25 25 -27 29 -29 -30 -31
leaf_value=-0.018947086224502568 -0.0034864986571717972 -0.0029200819443669628 -2.5876730495930646e-05 0.0001725691446411215 -1.1856002512953268e-05 7.2499686041282989e-08 -1.2437306626367217e-07 0.00022125011677092134 -1.5492900835916147e-05 -4.4553048051021453e-05 3.4453825815461413e-07 0.00016292814944665501 -1.8781745215079581e-07 1.7494619681990286e-06 3.3620197425321408e-06 -1.1529263302634262e-06 -3.2635907002500634e-05 -1.8091264754573899e-05 4.5223292938771917e-05 1.6826487539844949e-06 9.8480692614089094e-08 0.016570639046630638 -0.0012038022891452745 0.00039948196677977779 -3.598961043778104e-06 -0.00053528319829787769 -0.0022171272327600054 0.0014366380027845337 7.4742861441023939e-05 0.0011737780180042989
leaf_weight=39915 22380 284 202492 550 1357 1284 6047 2043 1080 1671 1006 660 13101 826 1273 6408 1551 7104 755 757 693 2343 129 315 446 15344 143900 2314 616 4716
leaf_count=39915 22380 284 202492 550 1357 1284 6047 2043 1080 1671 1006 660 13101 826 1273 6408 1551 7104 755 757 693 2343 129 315 446 15344 143900 2314 616 4716
internal_value=-0.000263656 0.000371183 0.00172817 0.00890487 0.00451634 0.0262083 0.000444976 0.042607 0.0205771 0.0123669 0.02616 0.0480169 -0.000813132 0.00472219 0.0120371 0.00193088 0.000462688 0.0077237 0.0299758 0.0174766 0.00100197 0.0165059 0.0641826 0.0615165 -0.00144368 -0.000852227 -0.000340125 0.0115972 0.0338832 -0.000611295
internal_weight=483360 443445 253729 38034 33652 5318 28334 4382 2024 4034 2363 944 27784 14683 8636 7234 215695 13203 3063 2308 10140 3036 1402 2358 189716 167336 151992 3376 1062 148616
internal_count=483360 443445 253729 38034 33652 5318 28334 4382 2024 4034 2363 944 27784 14683 8636 7234 215695 13203 3063 2308 10140 3036 1402 2358 189716 167336 151992 3376 1062 148616
is_linear=0
shrinkage=0.08


Tree=121
num_leaves=31
num_cat=0
split_feature=7 31 31 8 0 7 25 7 31 8 39 39 33 33 2 39 6 6 19 31 8 2 5 5 5 8 25 8 7 31
split_gain=328.313 167.549 361.963 525.402 518.498 251.833 549.709 318.306 194.358 137.131 145.576 123.188 116.025 309.457 228.2 418.189 162.807 402.398 82.2334 73.3859 55.9788 318.654 643.551 257.155 873.384 53.2823 56.6635 52.6162 42.7693 42.2892
threshold=0.0065941666666666657 0.74790000000000012 0.95830000000000004 0.11412960415847066 0.13842773437500003 0.95618305555555572 0.95262500000000017 0.93931111111111132 0.89475000000000005 0.10427891627175047 4.0640737101151947 4.2075010275415723 4.0946916666666677 4.2660583333333344 5.5000000000000009 33.635461064579538 2.2687953549117403 2.2720559821751647 0.74772500000000008 0.99199166666666672 1.0000000180025095e-35 5.5000000000000009 2.9461633333333341 2.8211077777777782 2.7784577777777781 0.14017025764434085 4.1787083333333337 0.36609750844617445 2.1450669444444448 0.93962500000000004
decision_type=2 2 2 2 2 2 2 2 2 2 2 2 2 2 2 2 2 2 2 2 2 2 2 2 2 2 2 2 2 2
left_child=-1 18 3 4 -3 6 7 8 9 10 -6 -11 19 14 15 -14 -15 -18 25 -4 21 23 -23 24 -21 -2 -27 29 -17 -5
right_child=1 2 12 27 5 -7 -8 -9 -10 11 -12 -13 13 16 -16 28 17 -19 -20 20 -22 22 -24 -25 -26 26 -28 -29 -30 -31
leaf_value=-0.017431319326542363 -0.0032075787645980559 -1.5437551619186253e-05 -1.3901682104133785e-07 0.0035888090023126103 -0.0056061109889054533 3.1697519750295558e-07 -1.7279205597908741e-07 0.0001030265529445451 8.1943538941278627e-06 -1.4253468769043209e-05 0.00018631229332280341 0.00039944680909125794 -3.0025034442289212e-05 -1.6643963574196619e-05 4.1605429503661639e-05 1.5480368536913148e-06 9.0602237179382433e-08 0.01414825502518076 0.0011936844323012085 -6.4740452899059164e-07 7.6579623057306042e-06 -4.0988804206953948e-05 6.6699711140927322e-08 -1.0606922238309835e-06 3.0930581631238854e-06 -0.0011857685625391388 -0.00049246054243404745 -0.00476803872890045 0.00091710207404951895 0.00067810809832967499
leaf_weight=39915 28565 2851 15715 8660 235 1081 2270 1596 1219 606 1453 359 1549 7077 755 698 693 2318 41033 2971 179224 1334 1247 8996 1261 103568 13700 10778 58 1575
leaf_count=39915 28565 2851 15715 8660 235 1081 2270 1596 1219 606 1453 359 1549 7077 755 698 693 2318 41033 2971 179224 1334 1247 8996 1261 103568 13700 10778 58 1575
internal_value=-0.000367099 0.000258429 0.00158551 0.00945005 0.0230608 0.0326486 0.0275958 0.0413343 0.0289421 0.0410916 0.0548436 0.0170363 0.000437487 0.00772863 0.0300131 0.0175098 0.00096907 0.01655 -0.00156373 -1.73876e-05 0.00040637 0.00496983 0.0306827 -4.71746e-05 0.0162155 -0.00245393 -0.00169922 0.00189102 0.0662857 0.00599902
internal_weight=483360 443445 256579 32683 11670 8819 7738 5468 3872 2653 1688 965 223896 13148 3060 2305 10088 3011 186866 210748 195033 15809 2581 13228 4232 145833 117268 21013 756 10235
internal_count=483360 443445 256579 32683 11670 8819 7738 5468 3872 2653 1688 965 223896 13148 3060 2305 10088 3011 186866 210748 195033 15809 2581 13228 4232 145833 117268 21013 756 10235
is_linear=0
shrinkage=0.08


Tree=122
num_leaves=31
num_cat=0
split_feature=7 31 31 8 39 39 15 15 8 31 33 7 25 33 33 2 39 6 6 19 31 8 2 5 5 5 8 25 7 6
split_gain=327.688 124.237 280.879 456.915 681.63 326.574 602.122 233.157 148.791 164.885 139.54 279.056 170.524 116.025 309.457 228.2 418.189 162.807 402.398 80.6681 73.3859 55.9788 318.654 643.551 257.155 873.384 52.667 60.6186 42.7693 38.4404
threshold=0.0065941666666666657 0.77009166666666673 0.95830000000000004 0.11412960415847066 6.4053952276116819 6.1724848913477572 0.95262500000000017 0.78130000000000022 0.096781237434110753 0.80373333333333341 -4.9576416666666656 0.83460972222222229 0.0041250000000000011 4.0946916666666677 4.2660583333333344 5.5000000000000009 33.635461064579538 2.2687953549117403 2.2720559821751647 0.78115000000000012 0.99199166666666672 1.0000000180025095e-35 5.5000000000000009 2.9461633333333341 2.8211077777777782 2.7784577777777781 0.14017025764434085 4.1787083333333337 2.1450669444444448 0.0029327786267253843
decision_type=2 2 2 2 2 2 2 2 2 2 2 2 2 2 2 2 2 2 2 2 2 2 2 2 2 2 2 2 2 2
left_child=-1 10 3 4 5 6 7 8 9 -3 11 12 -2 20 15 16 -15 -16 -19 26 -4 22 24 -24 25 -22 -12 -28 -18 -6
right_child=1 2 13 -5 29 -7 -8 -9 -10 -11 19 -13 -14 14 17 -17 28 18 -20 -21 21 -23 23 -25 -26 -27 27 -29 -30 -31
leaf_value=-0.016036813780418973 0.00016176742015517221 0.0001349889140251026 -1.2789547535696499e-07 0.00035123494285239074 -2.8498689337475014e-06 6.1374897603583284e-05 -1.5896869149933936e-07 0.0001715943627019545 0.00034446731549287005 -0.0046071300210276198 -0.0029509724634302083 0.0014165684475648988 0.013964916969403083 -2.7623031686871967e-05 -1.5312446488238151e-05 3.8276995143391449e-05 1.4241939054215891e-06 8.3354058233453548e-08 0.013016394623166328 0.0010479984844520445 -5.9561216666281783e-07 7.0453253212757338e-06 -3.7709699870411842e-05 6.1363734253916397e-08 -9.7583684592450488e-07 2.8456135100896063e-06 -0.002471402184901 -0.00045306369903932368 0.00084373390812556687 0.0014702908077974526
leaf_weight=39915 940 664 15715 18180 3975 1588 2267 1852 821 264 29164 3419 416 1549 7077 755 698 693 2318 39210 2971 179224 1334 1247 8996 1261 104144 12423 58 222
leaf_count=39915 940 664 15715 18180 3975 1588 2267 1852 821 264 29164 3419 416 1549 7077 755 698 693 2318 39210 2971 179224 1334 1247 8996 1261 104144 12423 58 222
internal_value=-0.000373719 0.000251213 0.00140909 0.00870097 0.0210672 0.0355837 0.0268739 0.0472069 0.0262596 0.0482069 -0.00129735 0.0122052 0.0429145 0.000437487 0.00772863 0.0300131 0.0175098 0.00096907 0.01655 -0.00164598 -1.73876e-05 0.00040637 0.00496983 0.0306827 -4.71746e-05 0.0162155 -0.00251263 -0.00175192 0.0662857 -0.00472147
internal_weight=483360 443445 253729 29833 11653 7456 5868 3601 1749 928 189716 4775 1356 223896 13148 3060 2305 10088 3011 184941 210748 195033 15809 2581 13228 4232 145731 116567 756 4197
internal_count=483360 443445 253729 29833 11653 7456 5868 3601 1749 928 189716 4775 1356 223896 13148 3060 2305 10088 3011 184941 210748 195033 15809 2581 13228 4232 145731 116567 756 4197
is_linear=0
shrinkage=0.08


Tree=123
num_leaves=31
num_cat=0
split_feature=7 15 25 25 33 0 8 8 39 39 33 7 25 8 23 13 15 15 2 39 8 2 5 5 5 8 33 8 0 25
split_gain=311.181 97.5203 228.231 776.48 236.456 263.184 163.019 148.401 333.97 230.696 125.109 342.624 137.25 112.898 98.3338 90.8427 76.5411 594.089 123.857 336.071 75.2539 293.719 643.551 440.369 675.974 68.632 59.473 52.0199 39.7964 28.3794
threshold=0.0065941666666666657 0.7699666666666668 0.94463333333333332 0.93962500000000004 4.3944666666666672 0.13387044270833334 0.12032152615679516 0.11412960415847066 6.4053952276116819 4.0640737101151947 -4.9576416666666656 0.83460972222222229 0.0041250000000000011 0.10427891627175047 0.58610000000000018 1.2473000000000003 4.2653000000000008 4.2140250000000004 5.5000000000000009 33.635461064579538 1.0000000180025095e-35 5.5000000000000009 2.9461633333333341 2.8211077777777782 2.7784577777777781 0.093911810658606279 -4.2133166666666657 1.0000000180025095e-35 0.17399088541666671 0.95830000000000004
decision_type=2 2 2 2 2 2 2 2 2 2 2 2 2 2 2 2 2 2 2 2 2 2 2 2 2 2 2 2 2 2
left_child=-1 10 3 4 7 -6 -5 8 9 -3 11 12 -2 -11 -15 27 17 -9 19 -19 21 23 -23 24 -17 -12 -27 -4 -18 -29
right_child=1 2 15 6 5 -7 -8 16 -10 13 25 -13 -14 14 -16 20 28 18 -20 -21 -22 22 -24 -25 -26 26 -28 29 -30 -31
leaf_value=-0.014753868677985456 0.00015068352391644168 0.00020316300213422232 -1.1766383733124997e-07 8.1056879692820166e-05 7.6685733603198976e-08 0.078548105959448306 -7.8134629612804934e-05 0.0032671247745521921 -7.1134873495637404e-07 0.00017491757494727088 -0.0027148946663557894 -0.0027364111305517016 0.23590728860373009 -4.0670576506949277e-05 0.00071994652907451777 -5.4796319332695025e-07 -2.6708026603827762e-05 -2.541318915191937e-05 3.5214835531931496e-05 1.3102583930191259e-06 8.2172769133705969e-05 -3.4692923880790264e-05 5.6454635526392851e-08 -8.9776989824486015e-07 2.6179644292767534e-06 -0.00041681860311617777 -0.00082337974366261256 0.00051559129095807678 0.079499340366315757 -0.00016025596224283233
leaf_weight=39915 929 871 13389 1321 711 822 202 40898 2760 1243 21381 3478 322 380 356 1500 8325 734 731 721 127008 1334 1247 8996 1261 8997 154595 1577 2495 34861
leaf_count=39915 929 871 13389 1321 711 822 202 40898 2760 1243 21381 3478 322 380 356 1500 8325 734 731 721 127008 1334 1247 8996 1261 8997 154595 1577 2495 34861
internal_value=-0.000546841 6.21479e-05 0.00108793 0.00528176 0.00387413 0.0348963 0.0617045 0.00307504 0.0154581 0.0346667 -0.00130993 0.011539 0.0474436 0.0497665 0.0249348 -0.000284686 0.00178628 0.003297 0.0439305 0.030433 0.000750723 0.00624466 0.0306827 0.000879814 0.0288272 -0.00163842 -0.00108133 -0.00322187 -0.00422921 -0.00165498
internal_weight=483360 443445 253743 62570 61047 1533 1523 59514 5610 2850 189702 4729 1251 1979 736 191173 53904 43084 2186 1455 141346 14338 2581 11757 2761 184973 163592 49827 10820 36438
internal_count=483360 443445 253743 62570 61047 1533 1523 59514 5610 2850 189702 4729 1251 1979 736 191173 53904 43084 2186 1455 141346 14338 2581 11757 2761 184973 163592 49827 10820 36438
is_linear=0
shrinkage=0.08


Tree=124
num_leaves=31
num_cat=0
split_feature=7 31 25 25 8 31 8 19 33 7 39 2 33 7 25 8 39 0 7 19 23 17 25 25 8 7 7 6 23 8
split_gain=316.747 101.158 199.514 782.931 198.718 450.34 165.454 162.025 330.913 449.207 202.674 321.238 139.862 280.707 168.423 123.04 133.094 88.8456 86.8721 79.0923 70.206 60.0256 85.977 791.34 144.669 97.0591 778.427 163.804 103.874 75.5571
threshold=0.0065941666666666657 0.74790000000000012 0.94463333333333332 0.93962500000000004 0.11412960415847066 0.89475000000000005 0.12032152615679516 4.2390083333333344 4.3944666666666672 2.1326208333333336 33.635461064579538 5.5000000000000009 -4.9576416666666656 0.83460972222222229 0.0041250000000000011 0.096781237434110753 4.0640737101151947 0.13387044270833334 2.1067955555555562 0.74772500000000008 0.58610000000000018 1.5177333333333334 2.9796750000000007 2.9781583333333339 0.0088367937866199106 2.8210648611111115 2.7981952777777783 0.13287712414167233 0.0016416666666666669 1.0000000180025095e-35
decision_type=2 2 2 2 2 2 2 2 2 2 2 2 2 2 2 2 2 2 2 2 2 2 2 2 2 2 2 2 2 2
left_child=-1 12 3 4 5 15 -5 -6 9 10 11 -9 13 14 -2 16 -3 -10 -13 -14 -17 29 23 25 -25 26 28 -28 -23 -4
right_child=1 2 21 6 7 -7 -8 8 17 -11 -12 18 19 -15 -16 20 -18 -19 -20 -21 -22 22 -24 24 -26 -27 27 -29 -30 -31
leaf_value=-0.013573559183746619 0.00013677134462945163 -0.0045718601348023477 -1.0825073034403943e-07 7.4572329317392776e-05 0.00022915136014344916 -6.5444083616306162e-07 -7.1883859243779822e-05 0.019951688589370561 7.0550874937680415e-08 -1.195080864086151e-05 1.2054377215520163e-06 0.019946386160171345 -0.00038347311486688353 0.001403309163160907 0.023847484651459656 -3.7416930386395817e-05 0.00019006018039610773 -0.037224140874511889 3.2397648689368451e-05 0.00094685520829571599 0.00048484174578992349 0.0031778458134457213 -8.2594830637106047e-07 5.1938264675754908e-08 -0.0021418132305256066 -1.9007867956233327e-06 2.4085272749374553e-06 -0.018711970493092388 0.00032254223281520921 -0.00012853249349060292
leaf_weight=39915 940 180 13408 1321 48744 2952 203 1977 706 6259 756 191 141723 3413 408 407 1199 126 715 40382 891 1167 81897 1247 177 13556 1261 228 25627 51384
leaf_count=39915 940 180 13408 1321 48744 2952 203 1977 706 6259 756 191 141723 3413 408 407 1199 126 715 40382 891 1167 81897 1247 177 13556 1261 228 25627 51384
internal_value=-0.000486596 0.000127816 0.00115897 0.00492569 0.00359885 0.0179655 0.0616063 0.00223909 0.0111389 0.00706567 0.0294169 0.0197489 -0.00128803 0.0122478 0.0431573 0.0417273 0.0583669 0.0595962 0.0591965 -0.00164191 0.0240493 -0.000162232 0.000860976 0.00374583 0.0623933 0.00174975 0.00441735 0.0607173 0.00128864 -0.00213878
internal_weight=483360 443445 256579 66627 65103 5629 1524 59474 10730 9898 3639 2883 186866 4761 1348 2677 1379 832 906 182105 1298 189952 125160 43263 1424 41839 28283 1489 26794 64792
internal_count=483360 443445 256579 66627 65103 5629 1524 59474 10730 9898 3639 2883 186866 4761 1348 2677 1379 832 906 182105 1298 189952 125160 43263 1424 41839 28283 1489 26794 64792
is_linear=0
shrinkage=0.08


Tree=125
num_leaves=31
num_cat=0
split_feature=7 31 25 25 8 8 31 19 33 7 39 2 39 33 7 25 0 7 8 25 13 8 2 5 5 5 8 8 13 8
split_gain=309.837 98.5331 197.87 784.7 164.869 160.277 566.631 155.881 331.095 448.273 203.059 322.729 143.254 139.804 278.289 171.592 88.8456 86.2241 68.8976 65.8509 57.8266 79.2327 293.719 643.551 440.369 675.974 69.2698 197.258 103.767 42.8749
threshold=0.0065941666666666657 0.77009166666666673 0.94463333333333332 0.93962500000000004 0.12032152615679516 0.10427891627175047 0.89475000000000005 4.2390083333333344 4.3944666666666672 2.1326208333333336 33.635461064579538 5.5000000000000009 4.0640737101151947 -4.9576416666666656 0.83460972222222229 0.0041250000000000011 0.13387044270833334 2.1067955555555562 0.096781237434110753 4.1787083333333337 1.2473000000000003 1.0000000180025095e-35 5.5000000000000009 2.9461633333333341 2.8211077777777782 2.7784577777777781 1.0000000180025095e-35 0.028112341566782838 0.95830000000000004 0.38554241066797107
decision_type=2 2 2 2 2 2 2 2 2 2 2 2 2 2 2 2 2 2 2 2 2 2 2 2 2 2 2 2 2 2
left_child=-1 13 3 5 -5 6 12 29 9 10 11 -9 -3 14 15 -2 -10 -13 -15 -20 26 22 24 -24 25 -22 -4 28 -28 -7
right_child=1 2 20 4 -6 7 -8 8 16 -11 -12 17 -14 18 -16 -17 -18 -19 19 -21 21 -23 23 -25 -26 -27 27 -29 -30 -31
leaf_value=-0.012487674449046891 0.00012582963705909834 -0.004206111324018158 -9.9590671913674104e-08 6.860654297200064e-05 -6.6133150504281698e-05 0.004564269981151634 -6.0208556926788506e-07 0.018355553502220942 6.4906804908559942e-08 -1.0994743949623852e-05 1.1090027038562767e-06 0.018350675267357629 0.00017485536596441697 -0.0024670252438579788 0.00093464920891287936 0.0052136946065850951 -0.034246209604550909 2.9805836794238871e-05 -0.0010047392914726884 -0.0003527952656775328 -2.6307504763067868e-05 -2.1274077117823253e-05 -3.1765427026684282e-05 4.7783203491746917e-08 -7.5987244187558643e-07 2.2158450929410381e-06 -3.0338495825334989e-05 -0.00013715288578415753 2.663364897283138e-05 -0.0031074080697377406
leaf_weight=39915 940 235 13389 1321 200 13429 2852 1977 706 6259 756 190 1455 22380 3419 416 126 715 148616 13945 1500 125515 1334 1247 8996 1261 222 35260 541 34243
leaf_count=39915 940 235 13389 1321 200 13429 2852 1977 706 6259 756 190 1455 22380 3419 416 126 715 148616 13945 1500 125515 1334 1247 8996 1261 222 35260 541 34243
internal_value=-0.000555447 5.22255e-05 0.00108339 0.00491139 0.061691 0.00353933 0.018015 0.00241352 0.0111257 0.00705102 0.0293832 0.019703 0.0547219 -0.00132687 0.0121885 0.0428555 0.0595962 0.0592707 -0.00167582 -0.0011029 -0.000220434 0.000610754 0.00624466 0.0306827 0.000879814 0.0288272 -0.00257298 -0.000746858 0.0394967 0.000452759
internal_weight=483360 443445 253729 64464 1521 62943 4542 58401 10729 9897 3638 2882 1690 189716 4775 1356 832 905 184941 162561 189265 139853 14338 2581 11757 2761 49412 36023 763 47672
internal_count=483360 443445 253729 64464 1521 62943 4542 58401 10729 9897 3638 2882 1690 189716 4775 1356 832 905 184941 162561 189265 139853 14338 2581 11757 2761 49412 36023 763 47672
is_linear=0
shrinkage=0.08


Tree=126
num_leaves=31
num_cat=0
split_feature=7 31 25 25 8 31 19 33 7 39 2 8 39 33 7 25 0 7 19 13 8 2 5 5 5 8 8 13 8 25
split_gain=309.928 86.8362 170.644 794.951 168.899 566.431 167.907 331.219 447.532 203.4 322.596 165.454 142.935 139.252 280.707 168.423 88.8456 86.8721 77.5645 57.0349 79.1225 293.719 643.551 440.369 675.974 70.0721 196.94 103.767 50.7035 61.1717
threshold=0.0065941666666666657 0.74790000000000012 0.94463333333333332 0.93962500000000004 0.10427891627175047 0.89475000000000005 4.2390083333333344 4.3944666666666672 2.1326208333333336 33.635461064579538 5.5000000000000009 0.12032152615679516 4.0640737101151947 -4.9576416666666656 0.83460972222222229 0.0041250000000000011 0.13387044270833334 2.1067955555555562 0.74772500000000008 1.2473000000000003 1.0000000180025095e-35 5.5000000000000009 2.9461633333333341 2.8211077777777782 2.7784577777777781 1.0000000180025095e-35 0.028112341566782838 0.95830000000000004 0.14017025764434085 4.1787083333333337
decision_type=2 2 2 2 2 2 2 2 2 2 2 2 2 2 2 2 2 2 2 2 2 2 2 2 2 2 2 2 2 2
left_child=-1 13 3 4 5 12 -6 8 9 10 -8 -5 -3 14 15 -2 -9 -12 28 25 21 23 -23 24 -21 -4 27 -27 -15 -30
right_child=1 2 19 11 6 -7 7 16 -10 -11 17 -13 -14 18 -16 -17 -18 -19 -20 20 -22 22 -24 -25 -26 26 -28 -29 29 -31
leaf_value=-0.011488660493123139 0.00011576326609436194 -0.0038696224180967053 -9.1623418159159086e-08 6.3118019534238459e-05 8.0912807634598847e-05 -5.5391872372467793e-07 0.016887109222043294 5.9714260487453437e-08 -1.0115164433628366e-05 1.0202824875449324e-06 0.016882621245969034 -6.0842498463937747e-05 0.00016086693668726504 -0.0022696632243493389 0.0012162724933949907 0.021522590310816079 -0.031506512836186829 2.7421369850699763e-05 0.00096092533867309982 -2.420290438202244e-05 -1.957215094840592e-05 -2.9224192864560907e-05 4.3960547202459566e-08 -6.9908264652696064e-07 2.0385774855213867e-06 -2.7911416159307479e-05 -0.00012618065492142172 2.4502957055005938e-05 -0.0024790203896313096 -0.00032457164442333024
leaf_weight=39915 940 235 13389 1321 49827 2852 1977 706 6259 756 191 203 1459 28565 3413 408 126 715 40382 1500 125719 1334 1247 8996 1261 222 35743 541 100750 12408
leaf_count=39915 940 235 13389 1321 49827 2852 1977 706 6259 756 191 203 1459 28565 3413 408 126 715 40382 1500 125719 1334 1247 8996 1261 222 35743 541 100750 12408
internal_value=-0.000554454 5.3308e-05 0.00100869 0.00449223 0.00315524 0.0180273 0.0020388 0.0111165 0.00704142 0.0293509 0.0196656 0.0616063 0.0546682 -0.00125849 0.0122478 0.0431573 0.0595962 0.0591965 -0.0016116 -0.000213193 0.000614205 0.00624466 0.0306827 0.000879814 0.0288272 -0.00253573 -0.000720103 0.0394967 -0.00249292 -0.00173266
internal_weight=483360 443445 256579 66627 65103 4546 60557 10730 9898 3639 2883 1524 1694 186866 4761 1348 832 906 182105 189952 140057 14338 2581 11757 2761 49895 36506 763 141723 113158
internal_count=483360 443445 256579 66627 65103 4546 60557 10730 9898 3639 2883 1524 1694 186866 4761 1348 832 906 182105 189952 140057 14338 2581 11757 2761 49895 36506 763 141723 113158
is_linear=0
shrinkage=0.08


Tree=127
num_leaves=31
num_cat=0
split_feature=7 33 33 39 23 2 19 7 7 33 7 25 39 8 39 21 31 39 7 2 7 1 7 8 13 7 25 8 6 15
split_gain=312.685 115.459 307.452 232.74 173.148 131.226 326.125 97.3007 281.145 72.572 283.301 214.592 86.2047 135.413 754.813 642.442 217.211 202.314 896.402 429.546 637.985 168.912 156.503 77.9519 74.4709 71.4463 67.6351 53.0064 51.2197 44.008
threshold=0.0065941666666666657 4.0946916666666677 4.2660583333333344 33.498457628563202 4.3676583333333339 5.5000000000000009 4.2593000000000005 2.2074163888888889 2.1968679166666676 -4.9576416666666656 0.83460972222222229 0.0041250000000000011 3.9974249968540168 0.10427891627175047 6.1003935448365691 0.77388333333333337 0.89475000000000005 21.07590757345163 2.8210648611111115 5.5000000000000009 2.9697776388888895 1.0000000180025095e-35 0.85989944444444444 0.2310557960493396 0.9720416666666668 0.89389486111111127 4.1787083333333337 0.096781237434110753 0.082163918624963153 0.7699666666666668
decision_type=2 2 2 2 2 2 2 2 2 2 2 2 2 2 2 2 2 2 2 2 2 2 2 2 2 2 2 2 2 2
left_child=-1 9 3 -3 -4 6 -5 8 25 10 11 -2 23 14 15 29 22 21 -19 -20 -21 24 -16 -11 -18 -6 -25 -17 -15 -14
right_child=1 2 4 5 7 -7 -8 -9 -10 12 -12 -13 13 28 16 27 17 18 19 20 -22 -23 -24 26 -26 -27 -28 -29 -30 -31
leaf_value=-0.010569567653673289 0.00010835970218053603 -0.0045842331514219124 -9.30595127890399e-06 -0.0044389282391104961 0.0002528889411035351 2.5227660262672204e-05 9.3865988851860045e-07 -0.018752604908789366 5.4937119671194525e-08 -0.0020880901664013952 0.0012378173929662496 -0.016821546307859449 -0.004021651576012442 -0.00011574617532019716 -0.012686354710242927 0.00013199492672298697 1.6320787123476068e-05 1.875491286682518e-06 -6.4315603481190925e-07 -2.688625743537898e-05 4.0443703426262802e-08 -8.4293544704294727e-08 8.2892633156115284e-05 -0.00015398350197818548 2.3972786710228209e-05 -0.00082950081329208564 -0.0002986059128694638 0.00063370982263904812 0.00011420388941555616 0.00091451606068186034
leaf_weight=39915 950 949 10760 748 862 723 753 1435 651 41397 6457 539 1316 9780 278 2035 425 1272 9224 1471 1275 17989 542 115661 452 1145 15382 205 198655 114
leaf_count=39915 950 949 10760 748 862 723 753 1435 651 41397 6457 539 1316 9780 278 2035 425 1272 9224 1471 1275 17989 542 115661 452 1145 15382 205 198655 114
internal_value=-0.000524497 8.59614e-05 0.00635704 0.0289619 0.00152804 0.0431151 0.0296282 0.0155329 0.0245959 -0.000179759 0.00739391 0.0388502 -0.000323913 0.000640467 0.00512858 0.0395422 0.001293 0.000254639 0.00783446 0.00104929 0.0288245 -0.00506562 0.0419512 -0.00169427 0.0292178 0.00977778 -0.000738263 0.0662857 -0.000147578 -0.00234965
internal_weight=483360 443445 18026 3173 14853 2224 1501 4093 2658 425419 7946 1489 417473 245033 36598 3670 32928 32108 13242 11970 2746 18866 820 172440 877 2007 131043 2240 208435 1430
internal_count=483360 443445 18026 3173 14853 2224 1501 4093 2658 425419 7946 1489 417473 245033 36598 3670 32928 32108 13242 11970 2746 18866 820 172440 877 2007 131043 2240 208435 1430
is_linear=0
shrinkage=0.08


Tree=128
num_leaves=31
num_cat=0
split_feature=7 33 33 39 23 2 8 23 33 33 7 25 39 8 39 21 39 7 2 7 8 39 39 8 25 6 8 6 15 8
split_gain=304.573 105.197 331.311 239.511 138.337 124.898 319.988 104.808 334.015 60.4643 228.096 174.357 76.6834 96.5987 792.376 641.395 192.593 896.402 429.546 637.985 202.054 166.111 90.424 77.0705 67.6517 60.072 53.0064 51.1432 43.9048 35.9256
threshold=0.0065941666666666657 4.0946916666666677 4.2660583333333344 33.498457628563202 4.3676583333333339 5.5000000000000009 2.1475469529102438 4.3961333333333341 4.3944666666666672 -4.9576416666666656 0.83460972222222229 0.0041250000000000011 3.9974249968540168 0.10427891627175047 6.1003935448365691 0.77388333333333337 21.07590757345163 2.8210648611111115 5.5000000000000009 2.9697776388888895 1.0000000180025095e-35 6.4053952276116819 6.1885446897943428 0.2310557960493396 4.1787083333333337 1.7619150898207601 0.096781237434110753 0.082163918624963153 0.7699666666666668 2.1631606750402033
decision_type=2 2 2 2 2 2 2 2 2 2 2 2 2 2 2 2 2 2 2 2 2 2 2 2 2 2 2 2 2 2
left_child=-1 9 3 -3 -4 6 -5 8 -6 10 11 25 23 14 15 28 20 -18 -19 -20 -16 22 -22 -11 -25 -2 -17 -15 -14 -8
right_child=1 2 4 5 7 -7 29 -9 -10 12 -12 -13 13 27 16 26 17 18 19 -21 21 -23 -24 24 -26 -27 -28 -29 -30 -31
leaf_value=-0.0097240022413794258 -6.2991136285006637e-06 -0.0042174944993081456 -8.561475176591671e-06 -0.0040838139799816275 -0.00076314074822875005 2.3209447441630006e-05 8.6356709743995458e-07 0.00013830874257649838 5.0542150091814618e-08 -0.0019210429530892804 0.0011387920015289411 -0.015475822603230698 -0.0036999194499314483 -0.00010648648129458316 -7.7550061128306432e-08 0.00012143533258514694 1.7254519837450743e-06 -5.9170355203974623e-07 -2.4735356840537292e-05 3.7208207146477435e-08 -2.6984165836436703e-05 2.8650505000182848e-06 7.6261222503628553e-05 -0.00014166482181993348 -0.00027471743983990669 9.9690926006061885e-05 0.00058301303682792847 0.0001050675782623145 0.00084135477582731439 0.068374307934946837
leaf_weight=39915 102 949 10760 721 715 723 727 2670 708 41397 6457 539 1316 9780 17502 2035 1272 9224 1471 1275 173 1347 664 115661 15382 848 205 198655 114 53
leaf_count=39915 102 949 10760 721 715 723 727 2670 708 41397 6457 539 1316 9780 17502 2035 1272 9224 1471 1275 173 1347 664 115661 15382 848 205 198655 114 53
internal_value=-0.000613044 -1.05556e-05 0.00597537 0.0294409 0.000962497 0.0437986 0.0306409 0.0134806 0.0310162 -0.000264193 0.00664888 0.0348744 -0.000395774 0.00051379 0.0043045 0.039564 0.000374634 0.00783446 0.00104929 0.0288245 -0.0046433 0.0183004 0.0462891 -0.00168824 -0.000737653 0.0554947 0.0662857 -0.0001518 -0.00229371 0.0661538
internal_weight=483360 443445 18026 3173 14853 2224 1501 4093 1423 425419 7946 1489 417473 245033 36598 3670 32928 13242 11970 2746 19686 2184 837 172440 131043 950 2240 208435 1430 780
internal_count=483360 443445 18026 3173 14853 2224 1501 4093 1423 425419 7946 1489 417473 245033 36598 3670 32928 13242 11970 2746 19686 2184 837 172440 131043 950 2240 208435 1430 780
is_linear=0
shrinkage=0.08


Tree=129
num_leaves=31
num_cat=0
split_feature=7 33 33 39 15 2 0 2 8 33 7 25 39 8 39 21 39 7 2 7 8 8 39 8 39 8 25 6 6 8
split_gain=308.108 97.9164 336.091 239.511 134.156 148.751 280.525 124.898 319.988 59.5729 228.096 174.357 71.2768 101.324 725.695 640.847 198.279 896.402 429.546 637.985 185.89 177.067 136.116 86.6774 75.9549 63.057 67.4927 60.072 51.0031 35.9256
threshold=0.0065941666666666657 4.0946916666666677 4.2660583333333344 33.498457628563202 4.3673583333333346 2.5000000000000004 0.13387044270833334 5.5000000000000009 2.1475469529102438 -4.9576416666666656 0.83460972222222229 0.0041250000000000011 3.8697115842823631 0.10427891627175047 6.1003935448365691 0.77388333333333337 21.07590757345163 2.8210648611111115 5.5000000000000009 2.9697776388888895 0.0088367937866199106 1.0000000180025095e-35 6.4053952276116819 0.096781237434110753 6.1885446897943428 0.2310557960493396 4.1787083333333337 1.7619150898207601 0.082163918624963153 2.1631606750402033
decision_type=2 2 2 2 2 2 2 2 2 2 2 2 2 2 2 2 2 2 2 2 2 2 2 2 2 2 2 2 2 2
left_child=-1 9 3 -3 -4 -6 -7 8 -5 10 11 27 25 14 15 20 21 -18 -19 -20 -14 -16 24 -17 -23 -11 -27 -2 -15 -10
right_child=1 2 4 7 5 6 -8 -9 29 12 -12 -13 13 28 16 23 17 18 19 -21 -22 22 -24 -25 -26 26 -28 -29 -30 -31
leaf_value=-0.0089460820620690714 -5.7951845381865044e-06 -0.0038800949393635164 -7.8765571624472846e-06 -0.0037571088615830917 -0.00070208948837041879 4.6498778090153793e-08 -0.0269901211714281 2.1352691646328025e-05 7.9448172961349429e-07 -0.0024512603466789961 0.0010476886414065945 -0.014237756794972238 0.00015263960577748925 -9.7967562791012597e-05 -7.1346056236265561e-08 0.0001117205059783366 1.5874158250284154e-06 -5.4436726788509308e-07 -2.2756528293292888e-05 3.423155057191707e-08 -0.0005312612240593673 -2.4825432569519636e-05 2.6358464600129141e-06 0.00053637199388169245 7.0160324703341111e-05 -0.00014600036769013336 -0.00025274004465271414 9.1715651925596838e-05 9.6662172001344974e-05 0.062904363300151062
leaf_weight=39915 102 949 12227 721 1203 707 716 723 727 40173 6457 539 252 9782 17502 2051 1272 9224 1471 1275 1938 173 1347 205 664 114795 15293 848 200056 53
leaf_count=39915 102 949 12227 721 1203 707 716 723 727 40173 6457 539 252 9782 17502 2051 1272 9224 1471 1275 1938 173 1347 205 664 114795 15293 848 200056 53
internal_value=-0.000574315 3.16593e-05 0.00580672 0.0294409 0.000757825 0.0171637 0.0346704 0.0437986 0.0306409 -0.000213044 0.00664888 0.0348744 -0.00034365 0.000523856 0.00436153 0.0346991 0.000265304 0.00783446 0.00104929 0.0288245 0.00387214 -0.00482617 0.016652 0.0646241 0.0419881 -0.00160323 -0.00074768 0.0554947 -0.000159668 0.0661538
internal_weight=483360 443445 18026 3173 14853 2626 1423 2224 1501 425419 7946 1489 417473 247212 37374 4446 32928 13242 11970 2746 2190 19686 2184 2256 837 170261 130088 950 209838 780
internal_count=483360 443445 18026 3173 14853 2626 1423 2224 1501 425419 7946 1489 417473 247212 37374 4446 32928 13242 11970 2746 2190 19686 2184 2256 837 170261 130088 950 209838 780
is_linear=0
shrinkage=0.08


Tree=130
num_leaves=31
num_cat=0
split_feature=7 33 33 39 15 2 0 2 8 39 8 39 21 39 7 2 7 8 8 39 8 8 25 39 33 7 23 6 7 2
split_gain=306.247 98.6703 336.091 239.511 134.156 148.751 280.525 124.898 319.988 51.1696 96.3743 731.132 640.847 205.083 896.402 429.546 637.985 185.89 149.752 104.615 86.6774 72.7739 73.8087 68.2625 67.2354 178.864 141.219 50.9991 47.8748 38.23
threshold=0.0065941666666666657 4.0946916666666677 4.2660583333333344 33.498457628563202 4.3673583333333346 2.5000000000000004 0.13387044270833334 5.5000000000000009 2.1475469529102438 3.8697115842823631 0.10427891627175047 6.1003935448365691 0.77388333333333337 21.07590757345163 2.8210648611111115 5.5000000000000009 2.9697776388888895 0.0088367937866199106 1.0000000180025095e-35 6.4053952276116819 0.096781237434110753 0.2310557960493396 4.1787083333333337 6.2903992149397903 -4.2133166666666657 0.83460972222222229 4.9306333333333336 0.082163918624963153 0.75075291666666666 1.5000000000000002
decision_type=2 2 2 2 2 2 2 2 2 2 2 2 2 2 2 2 2 2 2 2 2 2 2 2 2 2 2 2 2 2
left_child=-1 9 3 -3 -4 -6 -7 8 -5 21 11 12 17 18 -15 -16 -17 -11 -13 23 -14 28 24 29 25 26 -23 -12 -2 -20
right_child=1 2 4 7 5 6 -8 -9 -10 10 27 13 20 14 15 16 -18 -19 19 -21 -22 22 -24 -25 -26 -27 -28 -29 -30 -31
leaf_value=-0.0082303954971035473 -0.002326284074814282 -0.0035696873442144297 -7.2464325894827657e-06 -0.0034565401526564445 -0.00064592232930081649 4.2778875837257147e-08 -0.024830911477713852 1.9644476314653047e-05 7.3092319126999431e-07 0.00014042843731528975 -9.0130157767731597e-05 -6.5638371733456329e-08 0.00010278286550007288 1.4604225590275633e-06 -5.0081788646849648e-07 -2.0936006029828035e-05 3.1493026533269131e-08 -0.0004887603261346207 3.3014003770492908e-06 2.4249787432140123e-06 0.00049346223437115807 1.2303923085568158e-05 -0.000232520841080497 6.4547498727076662e-05 -0.00025941877319407374 0.010343854905487485 8.4378399771551933e-05 8.8929198241238802e-05 0.0042029901269340433 -1.5394698365067683e-06
leaf_weight=39915 39756 949 12227 721 1203 707 716 723 780 252 9782 17502 2051 1272 9224 1471 1275 1938 66 1347 205 431 17310 502 114169 3979 615 201586 417 269
leaf_count=39915 39756 949 12227 721 1203 707 716 723 780 252 9782 17502 2051 1272 9224 1471 1275 1938 66 1347 205 431 17310 502 114169 3979 615 201586 417 269
internal_value=-0.000594673 9.46939e-06 0.00580672 0.0294409 0.000757825 0.0171637 0.0346704 0.0437986 0.0306409 -0.000236174 0.000503267 0.00424808 0.0346991 0.000136538 0.00783446 0.00104929 0.0288245 0.00387214 -0.00504155 0.0147106 0.0646241 -0.00127723 -0.000396415 0.0369223 0.000312497 0.00936915 0.0388069 -0.000158891 -0.00427013 0.00895522
internal_weight=483360 443445 18026 3173 14853 2626 1423 2224 1501 425419 248742 37374 4446 32928 13242 11970 2746 2190 19686 2184 2256 176677 136504 837 119194 5025 1046 211368 40173 335
internal_count=483360 443445 18026 3173 14853 2626 1423 2224 1501 425419 248742 37374 4446 32928 13242 11970 2746 2190 19686 2184 2256 176677 136504 837 119194 5025 1046 211368 40173 335
is_linear=0
shrinkage=0.08


Tree=131
num_leaves=31
num_cat=0
split_feature=7 33 33 39 15 2 0 2 8 39 8 39 21 39 7 2 7 8 8 8 8 25 33 7 23 2 39 6 15 8
split_gain=304.09 99.6344 336.682 238.671 134.156 148.751 280.525 124.898 319.988 49.0015 85.9921 778.357 610.391 225.774 896.402 429.546 637.985 177.581 86.6774 82.6251 76.9614 74.3434 65.4603 179.095 140.605 59.2072 83.0268 50.9238 39.2484 35.9256
threshold=0.0065941666666666657 4.0946916666666677 4.2660583333333344 33.498457628563202 4.3673583333333346 2.5000000000000004 0.13387044270833334 5.5000000000000009 2.1475469529102438 3.8697115842823631 0.10427891627175047 6.1003935448365691 0.77388333333333337 21.07590757345163 2.8210648611111115 5.5000000000000009 2.9697776388888895 0.0088367937866199106 0.096781237434110753 1.0000000180025095e-35 0.2310557960493396 4.1787083333333337 -4.2133166666666657 0.83460972222222229 4.9306333333333336 2.5000000000000004 6.4053952276116819 0.082163918624963153 0.7699666666666668 2.1631606750402033
decision_type=2 2 2 2 2 2 2 2 2 2 2 2 2 2 2 2 2 2 2 2 2 2 2 2 2 2 2 2 2 2
left_child=-1 9 3 -3 -4 -6 -7 8 -5 20 11 12 17 19 -15 -16 -17 -11 -14 -13 -2 22 23 24 -22 26 -21 -12 -19 -10
right_child=1 2 4 7 5 6 -8 -9 29 10 27 13 18 14 15 16 -18 28 -20 25 21 -23 -24 -25 -26 -27 -28 -29 -30 -31
leaf_value=-0.0075719638573352619 -0.0020690567929595362 -0.003284112356677298 -6.6667179823554077e-06 -0.0031800169404439063 -0.00059424854295677678 3.935656579301394e-08 -0.022844438559496777 1.8072918209455226e-05 6.7244933596555259e-07 0.00012919416233006409 -8.2919745146314846e-05 -6.0387301994424545e-08 9.4560236260070592e-05 1.3435887543167268e-06 -4.6075245556664869e-07 -1.9261125547451742e-05 2.8973584420555198e-08 -0.0004496595000438486 0.00045398525562146297 5.9383698828909817e-05 1.1319609238711337e-05 -0.00021391917379405727 -0.00023866527133855036 0.0095163465130484824 7.7628127789850516e-05 -2.1718447285046238e-07 8.9458288158166256e-05 8.1814862381932588e-05 0.00085564811777664399 0.057871955762283669
leaf_weight=39915 40173 949 12227 721 1203 707 716 723 727 252 9782 17502 2051 1272 9224 1471 1275 1809 205 380 431 17310 114169 3979 615 1151 653 201586 129 53
leaf_count=39915 40173 949 12227 721 1203 707 716 723 727 252 9782 17502 2051 1272 9224 1471 1275 1809 205 380 431 17310 114169 3979 615 1151 653 201586 129 53
internal_value=-0.000616354 -1.43442e-05 0.00581116 0.0294661 0.000757825 0.0171637 0.0346704 0.0437986 0.0306409 -0.000261184 0.000462421 0.00399978 0.0354188 -0.00024247 0.00783446 0.00104929 0.0288245 0.00533333 0.0646241 -0.00567551 -0.00127994 -0.000374145 0.000337331 0.00927363 0.0387304 0.00899634 0.0229003 -0.000163054 -0.00288132 0.0661538
internal_weight=483360 443445 18026 3173 14853 2626 1423 2224 1501 425419 248742 37374 4446 32928 13242 11970 2746 2190 2256 19686 176677 136504 119194 5025 1046 2184 1033 211368 1938 780
internal_count=483360 443445 18026 3173 14853 2626 1423 2224 1501 425419 248742 37374 4446 32928 13242 11970 2746 2190 2256 19686 176677 136504 119194 5025 1046 2184 1033 211368 1938 780
is_linear=0
shrinkage=0.08


Tree=132
num_leaves=31
num_cat=0
split_feature=7 33 33 39 15 2 0 2 8 39 39 8 13 8 21 6 8 8 25 8 2 5 5 5 8 8 7 2 23 7
split_gain=295.407 103.647 336.303 238.671 135.389 149.109 278.763 124.898 319.988 52.0546 84.4229 1149.75 96.3044 90.6782 344.24 68.5856 67.6047 65.8604 68.1972 60.4859 305.852 643.551 332.568 790.181 38.5176 35.9256 33.9386 97.0139 32.1216 37.7928
threshold=0.0065941666666666657 4.0946916666666677 4.2660583333333344 33.498457628563202 4.3673583333333346 2.5000000000000004 0.13387044270833334 5.5000000000000009 2.1475469529102438 3.8697115842823631 6.1003935448365691 0.028112341566782838 1.0233416666666668 0.10427891627175047 0.77388333333333337 0.0010143968863529139 0.096781237434110753 0.2310557960493396 4.1787083333333337 1.0000000180025095e-35 5.5000000000000009 2.9461633333333341 2.8211077777777782 2.7784577777777781 0.44302962325280232 2.1631606750402033 0.71548055555555556 4.5000000000000009 5.0076583333333344 0.83704472222222226
decision_type=2 2 2 2 2 2 2 2 2 2 2 2 2 2 2 2 2 2 2 2 2 2 2 2 2 2 2 2 2 2
left_child=-1 9 3 -3 28 -6 -7 8 -5 17 11 -11 15 14 -13 -12 -16 26 -19 20 22 -22 23 -14 -15 -10 -2 -28 -4 -30
right_child=1 2 4 7 5 6 -8 -9 25 10 12 13 19 24 16 -17 -18 18 -20 -21 21 -23 -24 -25 -26 -27 27 -29 29 -31
leaf_value=-0.0069662067487484417 -0.0023141987152820497 -0.0030213833681430914 -6.1333805437868706e-06 -0.0029256155852083764 -0.00054670865952026308 3.6208040512519799e-08 -0.021016883474737069 1.6627084752727228e-05 6.1865338906841317e-07 0.00011885862934366109 -6.3425424157159687e-08 -0.00041368674004034213 -2.2237934804643091e-05 0.003833194999174777 0.0001029980723885604 -0.00035437317733723718 0.00041766643517174632 2.96957116940888e-05 -0.00019680563989053269 0.00025725113270677727 -1.7720235503659864e-05 2.6655697666910782e-08 -4.2389225910710595e-07 1.2361016539585989e-06 -0.0073498081179265862 0.053242199301300953 -8.3001812462324408e-06 0.00063742094777101248 0.00028544370258181572 -0.04897483570815811
leaf_weight=39915 38625 949 10749 721 1203 707 716 723 727 1601 21738 1911 2223 15804 729 35795 205 119194 17310 138292 1334 1247 8996 1261 17606 53 1353 195 582 896
leaf_count=39915 38625 949 10749 721 1203 707 716 723 727 1601 21738 1911 2223 15804 729 35795 205 119194 17310 138292 1334 1247 8996 1261 17606 53 1353 195 582 896
internal_value=-0.000710528 -0.000117175 0.00582447 0.0294661 0.000773983 0.0172551 0.0347829 0.0437986 0.0306409 -0.000368937 0.000376871 0.00385545 -0.000247567 0.000925664 0.0146362 -0.00303868 0.0544411 -0.00141895 -0.000581025 0.000799565 0.00561397 0.0306827 0.000429485 0.0214145 -0.000241846 0.0661538 -0.00426615 0.00734884 -0.00276568 0.00829228
internal_weight=483360 443445 18026 3173 14853 2626 1423 2224 1501 425419 248742 37856 210886 36255 2845 57533 934 176677 136504 153353 15061 2581 12480 3484 33410 780 40173 1548 12227 1478
internal_count=483360 443445 18026 3173 14853 2626 1423 2224 1501 425419 248742 37856 210886 36255 2845 57533 934 176677 136504 153353 15061 2581 12480 3484 33410 780 40173 1548 12227 1478
is_linear=0
shrinkage=0.08


Tree=133
num_leaves=31
num_cat=0
split_feature=7 33 33 39 15 2 0 2 8 19 25 25 8 13 8 2 5 5 5 31 8 17 13 6 25 8 8 8 23 7
split_gain=292.698 104.958 336.177 238.671 135.301 149.109 278.763 124.898 319.988 50.9761 90.2394 859.551 142.853 94.7877 81.6419 293.719 643.551 440.369 675.974 64.4705 93.0705 82.1314 62.442 52.8985 44.4478 67.4643 36.5575 35.9256 32.3986 37.5355
threshold=0.0065941666666666657 4.0946916666666677 4.2660583333333344 33.498457628563202 4.3673583333333346 2.5000000000000004 0.13387044270833334 5.5000000000000009 2.1475469529102438 0.72325000000000017 0.94463333333333332 0.93962500000000004 0.12032152615679516 1.2473000000000003 1.0000000180025095e-35 5.5000000000000009 2.9461633333333341 2.8211077777777782 2.7784577777777781 0.72537499999999999 0.096781237434110753 0.74785833333333351 0.58587500000000003 0.0004692457984662763 4.1787083333333337 0.2310557960493396 0.047238941314250667 2.1631606750402033 5.0076583333333344 0.83704472222222226
decision_type=2 2 2 2 2 2 2 2 2 2 2 2 2 2 2 2 2 2 2 2 2 2 2 2 2 2 2 2 2 2
left_child=-1 9 3 -3 28 -6 -7 8 -5 19 11 -11 -13 23 15 17 -17 18 -15 24 21 -21 -23 -12 25 -2 -25 -10 -4 -30
right_child=1 2 4 7 5 6 -8 -9 27 10 13 12 -14 14 -16 16 -18 -19 -20 20 -22 22 -24 26 -26 -27 -28 -29 29 -31
leaf_value=-0.0064089102088485663 -0.0017895209081698127 -0.0027796726986916553 -5.6427101002753941e-06 -0.0026915663383917376 -0.00050297196675863631 3.3311397302782095e-08 -0.019335532796758086 1.529691797252042e-05 5.6916111795146668e-07 0.00055736168472576787 -5.0482283899810911e-08 3.5603782602766644e-06 -0.00032317068873521926 -2.0458900020265959e-05 -0.000261811228417865 -1.6302616663352866e-05 2.4523241854979004e-08 -3.8998087838137961e-07 1.1372135216447531e-06 -0.0020273270270377 0.0014938429140671161 -1.1082139206131103e-06 9.4758226597475568e-05 0.00055514418742241389 -0.00018106118869929007 -8.1278064159259926e-05 -0.00057401929709222977 0.048982823357196871 0.00026260820637524773 -0.04505684885150546
leaf_weight=39915 39644 949 10749 721 1203 707 716 723 727 57560 19153 1321 178 1500 126526 1334 1247 8996 1261 281 38659 110 359 181 13560 85667 27882 53 582 896
leaf_count=39915 39644 949 10749 721 1203 707 716 723 727 57560 19153 1321 178 1500 126526 1334 1247 8996 1261 281 38659 110 359 181 13560 85667 27882 53 582 896
internal_value=-0.000740816 -0.00015019 0.00582891 0.0294661 0.000779369 0.0172551 0.0347829 0.0437986 0.0306409 -0.000403538 0.000340244 0.00306825 0.0628739 -0.000516378 0.000523397 0.00624466 0.0306827 0.000879814 0.0288272 -0.0014346 0.0014212 0.0293333 0.0498252 -0.00361844 -0.00224502 -0.00177421 -0.00140627 0.0661538 -0.00275914 0.00834641
internal_weight=483360 443445 18026 3173 14853 2626 1423 2224 1501 425419 247139 59059 1499 188080 140864 14338 2581 11757 2761 178280 39409 750 469 47216 138871 125311 28063 780 12227 1478
internal_count=483360 443445 18026 3173 14853 2626 1423 2224 1501 425419 247139 59059 1499 188080 140864 14338 2581 11757 2761 178280 39409 750 469 47216 138871 125311 28063 780 12227 1478
is_linear=0
shrinkage=0.08


Tree=134
num_leaves=31
num_cat=0
split_feature=7 33 33 39 15 2 0 2 8 7 7 6 25 6 39 5 7 8 2 8 5 6 8 33 13 7 29 8 39 0
split_gain=292.134 105.527 335.798 238.671 135.036 149.109 278.763 124.898 319.988 43.7122 509.484 494.972 56.8875 68.6388 93.7763 621.07 417.269 259.92 55.6738 335.473 639.076 84.3254 47.2349 40.2186 167.821 82.9786 111.297 35.9256 35.0911 42.8773
threshold=0.0065941666666666657 4.0946916666666677 4.2660583333333344 33.498457628563202 4.3673583333333346 2.5000000000000004 0.13387044270833334 5.5000000000000009 2.1475469529102438 2.7981952777777783 2.8210648611111115 0.015593873359315467 3.2395083333333337 0.094941700853062042 6.1534803702613727 0.74428722222222232 0.95264083333333349 0.033028002712820061 5.5000000000000009 1.0000000180025095e-35 2.9461633333333341 0.069220967367043182 0.16616239251758641 -4.9576416666666656 5.0076583333333344 0.88306055555555563 4.9816166666666684 2.1631606750402033 36.871013643965249 0.18188476562500003
decision_type=2 2 2 2 2 2 2 2 2 2 2 2 2 2 2 2 2 2 2 2 2 2 2 2 2 2 2 2 2 2
left_child=-1 9 3 -3 -4 -6 -7 8 -5 12 11 -11 13 14 15 -2 17 -17 21 20 -20 -12 -19 24 25 26 -15 -10 29 -25
right_child=1 2 4 7 5 6 -8 -9 27 10 18 -13 -14 23 -16 16 -18 22 19 -21 -22 -23 -24 28 -26 -27 -28 -29 -30 -31
leaf_value=-0.0058961973921406808 -0.0010758057325326309 -0.0025572988827963173 -5.1912932922704157e-06 -0.0024762410313203987 -0.00046273420941794541 3.0646485527086045e-08 -0.017788690173017471 1.4073164534735838e-05 5.2362822849261198e-07 1.0462364399188573e-06 -3.5878240812081685e-07 0.005395359654440577 -0.00016657629360334686 7.5544465763854873e-05 -5.4312807513667851e-08 6.4761004218105708e-05 -7.503106003170501e-08 -0.00039240211626603697 -1.49984073302889e-05 -0.0020703915996260138 2.2561382522212626e-08 0.0030031014956204594 0.0002749771993429828 0.0011990091390911932 -0.0046604700775029788 -0.21353947160604389 1.4540628696835257e-05 0.045064197488621109 -0.0063906613737531618 -0.0008057950599039376
leaf_weight=39915 32956 949 12227 721 1203 707 716 723 727 1261 10911 1211 27253 625 25136 1538 1337 449 1315 10687 1247 74112 80 140287 2271 254 285 53 8757 83447
leaf_count=39915 32956 949 12227 721 1203 707 716 723 727 1261 10911 1211 27253 625 25136 1538 1337 449 1315 10687 1247 74112 80 140287 2271 254 285 53 8757 83447
internal_value=-0.000743133 -0.000153076 0.00584223 0.0294661 0.000795528 0.0172551 0.0347829 0.0437986 0.0306409 -0.000407111 0.00104868 0.0369191 -0.00085883 -0.000538281 -0.0029187 -0.000321234 0.0322115 0.0547383 0.000146367 0.00497003 0.0309696 -0.000605297 0.00636673 8.21934e-05 0.0086754 0.0333746 0.0446593 0.0661538 -4.47692e-05 0.000149676
internal_weight=483360 443445 18026 3173 14853 2626 1423 2224 1501 425419 100744 2472 324675 297422 61496 36360 3404 2067 98272 13249 2562 85023 529 235926 3435 1164 910 780 232491 223734
internal_count=483360 443445 18026 3173 14853 2626 1423 2224 1501 425419 100744 2472 324675 297422 61496 36360 3404 2067 98272 13249 2562 85023 529 235926 3435 1164 910 780 232491 223734
is_linear=0
shrinkage=0.08


Tree=135
num_leaves=31
num_cat=0
split_feature=7 39 21 21 8 6 29 29 8 23 23 6 33 8 8 31 6 6 33 6 0 4 4 31 25 39 13 15 0 5
split_gain=271.577 122.678 155.66 746.67 145.593 137.765 131.48 689.866 207.08 158.96 471.989 439.814 119.887 331.201 114.582 253.016 126.888 106.84 74.1826 42.2803 39.8603 62.3734 76.0126 33.1023 47.27 32.7582 31.2449 27.3015 26.7504 26.0187
threshold=0.0065941666666666657 19.554335544244413 2.9796750000000007 2.9781583333333339 0.0088367937866199106 0.094941700853062042 2.8211000000000008 2.7779000000000003 0.0051176092131718452 4.2147750000000004 4.2654833333333348 2.2687953549117403 4.2577166666666679 2.1475469529102438 0.10427891627175047 0.77009166666666673 0.10001453774685311 2.2720559821751647 5.0079833333333337 0.63928654360922932 0.20662434895833337 22.500000000000004 7.5000000000000009 0.098683333333333359 4.1787083333333337 32.931476826539416 0.8449500000000002 6.8059000000000012 0.22021484375000003 1.0014583333333336
decision_type=2 2 2 2 2 2 2 2 2 2 2 2 2 2 2 2 2 2 2 2 2 2 2 2 2 2 2 2 2 2
left_child=-1 5 3 6 -5 20 7 9 -9 25 12 18 -11 -14 15 -7 -17 -13 -12 -4 -2 22 -22 24 26 -3 -16 -21 -24 -28
right_child=1 2 19 4 -6 14 -8 8 -10 10 11 17 13 -15 23 16 -18 -19 -20 27 21 -23 28 -25 -26 -27 29 -29 -30 -31
leaf_value=-0.0054245016007694255 -3.574268192174657e-07 0.0013439257822395508 -3.3007981546262501e-07 2.075647191901453e-08 -0.0017920383162795873 -0.00051203832463830423 -1.3189312255690311e-06 9.6253752474240178e-07 -0.0011140163036613515 1.2947311371931392e-05 -4.7759898289001517e-06 2.8194766699130013e-08 -0.0022781417488147329 4.8173797019046559e-07 -0.0046913654362328661 0.00015164117326199822 0.00077941136083085481 0.011701240219749783 0.00020938984891467695 -0.0061901777552539599 -0.021605829992706944 -0.021605829992706944 -0.021605829992706944 -2.8349521404713587e-05 -0.00015325019011507913 -0.0023527149721726203 0.0046337318495332071 0.053759210595559714 0.18671623481121355 -3.513421300382902e-06
leaf_weight=39915 55396 15062 31747 1247 176 2599 9868 1261 294 716 6154 685 691 749 48887 705 566 181 474 12574 1340 3873 262 196027 14066 11251 6549 9131 1437 9477
leaf_count=39915 55396 15062 31747 1247 176 2599 9868 1261 294 716 6154 685 691 749 48887 705 566 181 474 12574 1340 3873 262 196027 14066 11251 6549 9131 1437 9477
internal_value=-0.000977989 -0.000409072 0.00202141 0.00528771 0.0623865 -0.00113755 0.00357304 0.00573421 0.0579035 0.00347846 0.0122611 0.00277128 0.0452468 0.0319444 -0.000377689 0.013292 0.0425429 0.056388 -0.00423416 -0.000961163 -0.00453849 0.00118981 0.009769 -0.000570055 -0.00195282 0.000257513 -0.00104177 0.00175996 0.0210053 0.00202371
internal_weight=483360 443445 102261 48809 1423 341184 47386 37518 1555 35963 9650 7494 2156 1440 278876 3870 1271 866 6628 53452 62308 6912 3039 275006 78979 26313 64913 21705 1699 16026
internal_count=483360 443445 102261 48809 1423 341184 47386 37518 1555 35963 9650 7494 2156 1440 278876 3870 1271 866 6628 53452 62308 6912 3039 275006 78979 26313 64913 21705 1699 16026
is_linear=0
shrinkage=0.08


Tree=136
num_leaves=31
num_cat=0
split_feature=7 33 33 39 15 2 0 2 8 7 7 6 6 8 21 2 8 39 21 1 2 8 5 6 25 8 8 23 7 0
split_gain=282.088 110.255 336.263 237.832 134.947 149.109 278.763 124.898 319.988 50.4467 509.174 495.886 69.0051 114.263 317.212 103.11 213.287 418.282 94.2812 85.1058 63.2327 352.021 609.307 82.6113 61.8777 40.6382 35.9256 33.1982 36.7688 31.9568
threshold=0.0065941666666666657 4.0946916666666677 4.2660583333333344 33.498457628563202 4.3673583333333346 2.5000000000000004 0.13387044270833334 5.5000000000000009 2.1475469529102438 2.7981952777777783 2.8210648611111115 0.015593873359315467 0.094941700853062042 0.096781237434110753 0.77388333333333337 1.0000000180025095e-35 0.0088367937866199106 6.3867608396712825 0.81318333333333348 1.0000000180025095e-35 5.5000000000000009 0.0088367937866199106 2.9461633333333341 0.091336114327371612 4.1787083333333337 1.0000000180025095e-35 2.1631606750402033 5.0076583333333344 0.83704472222222226 0.20662434895833337
decision_type=2 2 2 2 2 2 2 2 2 2 2 2 2 2 2 2 2 2 2 2 2 2 2 2 2 2 2 2 2 2
left_child=-1 9 3 -3 27 -6 -7 8 -5 12 11 -11 15 14 -14 16 17 19 -16 -2 23 22 25 -12 -15 -22 -10 -4 -29 -17
right_child=1 2 4 7 5 6 -8 -9 26 10 20 -13 13 24 18 29 -18 -19 -20 -21 21 -23 -24 -25 -26 -27 -28 28 -30 -31
leaf_value=-0.0049905414727078722 -1.3013173844189653e-06 -0.0021644977743988394 -4.3939106426194028e-06 -0.0020958904089095399 -0.00042533339347819779 2.5939185377410469e-08 -0.016353292089726034 1.1911526462142774e-05 4.4319893255817532e-07 8.8553452275874639e-07 -3.0367343022419392e-07 0.0051071199617087892 -0.0017103779091257633 -0.00016657922836674999 0.0001395098794010341 -3.2883267367722626e-07 -8.0234293970065092e-05 -4.1181848425519975e-06 0.0011074495431655544 1.1089069031910982e-08 -1.3693020245817422e-05 -0.0018798737189059979 1.9095954151282513e-08 0.0022490325351141797 -0.00014099017490587279 0.00013478491255327184 0.040749482512921258 0.00022526366541541164 -0.041449617678209261 0.0087779123248279689
leaf_weight=39915 100 949 10749 721 1203 707 716 723 727 1261 10972 1211 1874 242060 671 49187 5119 1143 246 968 1315 10645 1247 74051 17422 42 53 582 896 5885
leaf_count=39915 100 949 10749 721 1203 707 716 723 727 1261 10972 1211 1874 242060 671 49187 5119 1143 246 968 1315 10645 1247 74051 17422 42 53 582 896 5885
internal_value=-0.000856837 -0.000277015 0.0058511 0.0294913 0.000800914 0.0172551 0.0347829 0.0437986 0.0306409 -0.000536678 0.00102724 0.0368867 -0.00102195 -0.000453057 0.0156474 -0.00341297 0.00550068 0.026265 0.0542028 0.0622622 0.000125202 0.0052659 0.0316313 -0.000675866 -0.000626234 -0.005465 0.0661538 -0.00273297 0.00850879 -0.00459936
internal_weight=483360 443445 18026 3173 14853 2626 1423 2224 1501 425419 100744 2472 324675 262273 2791 62402 7330 2211 917 1068 98272 13249 2604 85023 259482 1357 780 12227 1478 55072
internal_count=483360 443445 18026 3173 14853 2626 1423 2224 1501 425419 100744 2472 324675 262273 2791 62402 7330 2211 917 1068 98272 13249 2604 85023 259482 1357 780 12227 1478 55072
is_linear=0
shrinkage=0.08


Tree=137
num_leaves=31
num_cat=0
split_feature=7 8 13 7 2 5 5 5 5 13 39 5 33 33 39 15 2 0 2 8 6 8 21 29 8 1 8 8 2 6
split_gain=306.451 105.201 320.685 527.411 267.018 613.918 374.516 737.184 315.213 375.438 129.017 323.695 100.819 345.583 237.474 141.926 149.109 278.763 125.227 319.101 64.1951 68.7569 203.515 69.9931 53.2021 46.9895 40.657 37.5329 32.8536 24.7475
threshold=0.0065941666666666657 0.00080675118969205718 0.96705833333333346 0.97074111111111117 5.5000000000000009 2.9461633333333341 2.8211077777777782 2.7784577777777781 0.9847111111111112 0.97421666666666684 6.3483714227597163 0.97745000000000004 4.0946916666666677 4.2660583333333344 33.498457628563202 4.3673583333333346 2.5000000000000004 0.13387044270833334 5.5000000000000009 2.1475469529102438 0.094941700853062042 0.096781237434110753 0.77388333333333337 0.59362500000000018 1.0000000180025095e-35 1.0000000180025095e-35 1.0000000180025095e-35 2.1631606750402033 1.0000000180025095e-35 0.10370988738177682
decision_type=2 2 2 2 2 2 2 2 2 2 2 2 2 2 2 2 2 2 2 2 2 2 2 2 2 2 2 2 2 2
left_child=-1 2 -2 25 6 26 7 8 9 -5 11 24 20 14 -14 -15 -17 -18 19 -16 -3 22 -22 -24 -11 -4 -6 -21 29 -25
right_child=1 12 3 4 5 -7 -8 -9 -10 10 -12 -13 13 15 18 16 17 -19 -20 27 21 -23 23 28 -26 -27 -28 -29 -30 -31
leaf_value=-0.0045912981548912428 -1.4127815797237986e-08 -7.7349805030610947e-05 -1.1972119936665139e-06 -4.2567107161328721e-06 -1.2597578626163397e-05 1.7568277819179911e-08 -2.7937955579204757e-07 8.1469176095083639e-07 -7.6967096674707135e-07 4.93297651615876e-09 1.2802082842711116e-08 -3.7302359012629795e-05 -0.0019913379524469123 -4.042397791224062e-06 -0.0019282191761967483 -0.00039130672199995332 2.386405057563934e-08 -0.015045028722547971 1.0958604345177037e-05 4.077430179449948e-07 -0.0015735476763957025 -0.00012971096091340294 0.00012834908904895136 1.1477026909894051e-05 -1.3145131434910696e-07 1.0201943512200273e-08 0.00012400211954901151 0.037489523911887562 0.00098996687118217599 0.00082889374643822398
leaf_weight=39915 14256 40880 51 1560 1334 1247 8996 1261 4645 801 728 785 949 12227 721 1203 707 716 723 727 1874 344997 466 112 60 951 42 53 308 65
leaf_count=39915 14256 40880 51 1560 1334 1247 8996 1261 4645 801 728 785 949 12227 721 1203 707 716 723 727 1874 344997 466 112 60 951 42 53 308 65
internal_value=-0.000582425 2.19174e-05 0.00412299 0.0100793 0.00743035 0.0313443 0.00410023 0.0148862 0.0064912 0.023154 0.0431879 0.0307849 -0.000348303 0.0055005 0.0294661 0.000380797 0.0172551 0.0347829 0.0437626 0.0305876 -0.000619541 -0.000267081 0.0121628 0.0423049 0.0646597 0.0668104 -0.0055 0.0660513 0.0210309 0.0484972
internal_weight=483360 443445 36717 22461 21459 2623 18836 9840 8579 3934 2374 1646 406728 18026 3173 14853 2626 1423 2224 1501 388702 347822 2825 951 861 1002 1376 780 485 177
internal_count=483360 443445 36717 22461 21459 2623 18836 9840 8579 3934 2374 1646 406728 18026 3173 14853 2626 1423 2224 1501 388702 347822 2825 951 861 1002 1376 780 485 177
is_linear=0
shrinkage=0.08


Tree=138
num_leaves=31
num_cat=0
split_feature=7 8 7 7 2 5 7 5 5 39 39 5 33 33 39 15 2 0 2 8 6 8 21 29 8 8 2 1 8 1
split_gain=310.344 124.683 345.571 539.117 256.913 613.918 404.544 715.623 333.774 382.879 131.334 339.137 100.413 345.583 237.474 141.926 149.109 278.763 125.227 319.101 64.3904 68.3298 202.762 70.526 40.657 37.5329 33.2494 33.1937 27.8479 25.7143
threshold=0.0065941666666666657 0.0088367937866199106 0.96672611111111117 0.97074111111111117 5.5000000000000009 2.9461633333333341 2.8210648611111115 2.7784577777777781 0.9847111111111112 6.2903992149397903 6.3483714227597163 0.97745000000000004 4.0946916666666677 4.2660583333333344 33.498457628563202 4.3673583333333346 2.5000000000000004 0.13387044270833334 5.5000000000000009 2.1475469529102438 0.094941700853062042 0.096781237434110753 0.77388333333333337 0.59362500000000018 1.0000000180025095e-35 2.1631606750402033 1.0000000180025095e-35 1.0000000180025095e-35 1.0000000180025095e-35 1.5000000000000002
decision_type=2 2 2 2 2 2 2 2 2 2 2 2 2 2 2 2 2 2 2 2 2 2 2 2 2 2 2 2 2 2
left_child=-1 2 -2 27 6 24 7 8 9 -5 11 28 20 14 -14 -15 -17 -18 19 -16 -3 22 -22 -24 -6 -21 -25 -4 -11 -30
right_child=1 12 3 4 5 -7 -8 -9 -10 10 -12 -13 13 15 18 16 17 -19 -20 25 21 -23 23 26 -26 -27 -28 -29 29 -31
leaf_value=-0.0042239943024999426 -1.2997590532748405e-08 -7.4942324339035692e-05 4.5429352436876512e-06 -3.9161738588422427e-06 -1.1589772336080273e-05 1.6162815583697919e-08 -2.5702919131731506e-07 7.4951642005771644e-07 -7.0809728940801625e-07 4.5383383984187733e-09 1.1777916215649497e-08 -3.4318170291616216e-05 -0.0018320309162511705 -3.719005967894873e-06 -0.001773961642101014 -0.00036000218423993147 2.1954926552325561e-08 -0.013841426424744124 1.0081915997588453e-05 3.7512357650371089e-07 -0.0014476638622840444 -0.0001193340840403307 0.00011808116192503882 4.7567141407371951e-05 0.00011408194998509202 0.034490361998936535 0.00091076952148760524 9.3857880312242524e-09 4.1399770675276669e-06 -1.2093520919798096e-07
leaf_weight=39915 14458 40286 143 1618 1334 1247 9000 1261 4762 801 787 802 949 12227 721 1203 707 716 723 727 1874 344997 466 177 42 53 308 951 45 60
leaf_count=39915 14458 40286 143 1618 1334 1247 9000 1261 4762 801 787 802 949 12227 721 1203 707 716 723 727 1874 344997 466 177 42 53 308 951 45 60
internal_value=-0.000537903 7.02661e-05 0.00449604 0.0106199 0.0078647 0.0313443 0.00464632 0.0156069 0.00759436 0.0242879 0.0439439 0.0314848 -0.000336324 0.0055005 0.0294661 0.000380797 0.0172551 0.0347829 0.0437626 0.0305876 -0.00060742 -0.000256731 0.0121345 0.0422208 -0.0055 0.0660513 0.020866 0.0654186 0.0650243 0.0262857
internal_weight=483360 443445 37311 22853 21759 2623 19136 10136 8875 4113 2495 1708 406134 18026 3173 14853 2626 1423 2224 1501 388108 347822 2825 951 1376 780 485 1094 906 105
internal_count=483360 443445 37311 22853 21759 2623 19136 10136 8875 4113 2495 1708 406134 18026 3173 14853 2626 1423 2224 1501 388108 347822 2825 951 1376 780 485 1094 906 105
is_linear=0
shrinkage=0.08


Tree=139
num_leaves=31
num_cat=0
split_feature=7 8 7 23 2 5 7 5 5 39 39 5 33 33 39 15 2 0 2 8 6 8 21 29 8 8 1 2 29 8
split_gain=310.811 121.874 342.821 535.353 257.285 613.918 402.935 716.897 330.551 387.072 131.334 339.137 99.8578 345.583 237.474 141.926 149.109 278.763 125.227 319.101 62.0896 73.6211 199.019 69.1388 40.657 37.5329 33.4316 30.5757 29.8355 27.8479
threshold=0.0065941666666666657 0.0088367937866199106 0.96672611111111117 0.97081666666666677 5.5000000000000009 2.9461633333333341 2.8210648611111115 2.7784577777777781 0.9847111111111112 6.2903992149397903 6.3483714227597163 0.97745000000000004 4.0946916666666677 4.2660583333333344 33.498457628563202 4.3673583333333346 2.5000000000000004 0.13387044270833334 5.5000000000000009 2.1475469529102438 0.094941700853062042 0.096781237434110753 0.73835000000000006 0.59362500000000018 1.0000000180025095e-35 2.1631606750402033 1.0000000180025095e-35 1.0000000180025095e-35 0.57489166666666669 1.0000000180025095e-35
decision_type=2 2 2 2 2 2 2 2 2 2 2 2 2 2 2 2 2 2 2 2 2 2 2 2 2 2 2 2 2 2
left_child=-1 2 -2 26 6 24 7 8 9 -5 11 29 20 14 -14 -15 -17 -18 19 -16 -3 22 -22 28 -6 -21 -4 -25 -24 -11
right_child=1 12 3 4 5 -7 -8 -9 -10 10 -12 -13 13 15 18 16 17 -19 -20 25 21 -23 23 27 -26 -27 -28 -29 -30 -31
leaf_value=-0.0038860747582999474 -1.1957783287996904e-08 -6.8946938391913911e-05 4.1795004241951261e-06 -3.6028799501330868e-06 -1.0662590549195273e-05 1.4869790341265344e-08 -2.364668560161931e-07 6.8955510645452023e-07 -6.5144950625928285e-07 4.1752713286768999e-09 1.0835682919818624e-08 -3.1572716668284432e-05 -0.0016854684429510769 -3.4214854904490722e-06 -0.0016320447107329272 -0.00033120200950072844 2.0198532411086491e-08 -0.012734112310764625 9.275362717815483e-06 3.4511369037204534e-07 -0.0015019473188180755 -0.00010978735731710425 -0.00034982945856848967 6.5717167885186704e-05 0.00010495539398629461 0.0317311330390216 8.6349249883710401e-09 0.00078994746706633054 0.00010863466897103713 3.8087789021279407e-06
leaf_weight=39915 14458 40286 117 1644 1334 1247 9000 1261 4762 801 787 802 949 12227 721 1203 707 716 723 727 1802 344997 41 178 42 53 951 369 435 105
leaf_count=39915 14458 40286 117 1644 1334 1247 9000 1261 4762 801 787 802 949 12227 721 1203 707 716 723 727 1802 344997 41 178 42 53 951 369 435 105
internal_value=-0.000526814 8.18121e-05 0.00445745 0.0105569 0.00784576 0.0313443 0.00462916 0.0155465 0.00754881 0.024085 0.0439439 0.0314848 -0.000320172 0.0055005 0.0294661 0.000380797 0.0172551 0.0347829 0.0437626 0.0305876 -0.000590518 -0.000246151 0.0126159 0.0407977 -0.0055 0.0660513 0.0658577 0.0213967 0.0630924 0.0650243
internal_weight=483360 443445 37311 22853 21785 2623 19162 10162 8901 4139 2495 1708 406134 18026 3173 14853 2626 1423 2224 1501 388108 347822 2825 1023 1376 780 1068 547 476 906
internal_count=483360 443445 37311 22853 21785 2623 19162 10162 8901 4139 2495 1708 406134 18026 3173 14853 2626 1423 2224 1501 388108 347822 2825 1023 1376 780 1068 547 476 906
is_linear=0
shrinkage=0.08


Tree=140
num_leaves=31
num_cat=0
split_feature=7 8 7 7 2 5 7 5 5 39 39 5 33 33 39 15 2 0 2 8 6 8 31 6 27 8 8 1 8 1
split_gain=313.26 122.074 345.571 539.117 256.913 613.918 404.544 715.623 333.774 382.879 131.334 339.137 98.8233 345.455 237.474 142.348 149.548 277.884 125.227 319.101 54.0854 83.0276 164.924 70.6413 78.5639 40.657 37.5329 33.1937 27.8479 25.7143
threshold=0.0065941666666666657 0.0088367937866199106 0.96672611111111117 0.97074111111111117 5.5000000000000009 2.9461633333333341 2.8210648611111115 2.7784577777777781 0.9847111111111112 6.2903992149397903 6.3483714227597163 0.97745000000000004 4.0946916666666677 4.2660583333333344 33.498457628563202 4.3673583333333346 2.5000000000000004 0.13387044270833334 5.5000000000000009 2.1475469529102438 0.094941700853062042 0.10427891627175047 0.73840833333333344 0.10001453774685311 0.58587500000000003 1.0000000180025095e-35 2.1631606750402033 1.0000000180025095e-35 1.0000000180025095e-35 1.5000000000000002
decision_type=2 2 2 2 2 2 2 2 2 2 2 2 2 2 2 2 2 2 2 2 2 2 2 2 2 2 2 2 2 2
left_child=-1 2 -2 27 6 25 7 8 9 -5 11 28 20 14 -14 -15 -17 -18 19 -16 -3 22 -22 24 -24 -6 -21 -4 -11 -30
right_child=1 12 3 4 5 -7 -8 -9 -10 10 -12 -13 13 15 18 16 17 -19 -20 26 21 -23 23 -25 -26 -27 -28 -29 29 -31
leaf_value=-0.0035751887776359517 -1.1001160622470252e-08 -6.3431183320563641e-05 3.8451403902595165e-06 -3.3146495541203083e-06 -9.8095833052624921e-06 1.3680207118227372e-08 -2.1754950754626634e-07 6.3439069794668515e-07 -5.9933354576102718e-07 3.8412496206063905e-09 9.9688282872989474e-09 -2.9046899334819187e-05 -0.0015506309675149767 -3.1477666512103043e-06 -0.0015014811338743073 -0.00030470584874066732 1.8582649801146544e-08 -0.011715383325903448 8.5333337003845597e-06 3.1750459513091299e-07 -0.0010523291846389871 -0.00010100436873173592 -0.00021978033689828535 0.00082426267482481807 9.9943895453353802e-05 9.6558962467376827e-05 0.02919264239589988 7.9441309885908139e-09 3.5040765899552187e-06 -4.1596270463628574e-07
leaf_weight=39915 14458 40286 143 1618 1334 1247 9000 1261 4762 801 787 802 949 12227 721 1203 707 716 723 727 2528 343913 130 618 633 42 53 951 45 60
leaf_count=39915 14458 40286 143 1618 1334 1247 9000 1261 4762 801 787 802 949 12227 721 1203 707 716 723 727 2528 343913 130 618 633 42 53 951 45 60
internal_value=-0.000494209 0.000116811 0.00449604 0.0106199 0.0078647 0.0313443 0.00464632 0.0156069 0.00759436 0.0242879 0.0439439 0.0314848 -0.000285504 0.00550494 0.0294661 0.000386183 0.0172856 0.0348391 0.0437626 0.0305876 -0.000554446 -0.000233041 0.0113604 0.033593 0.0498768 -0.0055 0.0660513 0.0654186 0.0650243 0.0262857
internal_weight=483360 443445 37311 22853 21759 2623 19136 10136 8875 4113 2495 1708 406134 18026 3173 14853 2626 1423 2224 1501 388108 347822 3909 1381 763 1376 780 1094 906 105
internal_count=483360 443445 37311 22853 21759 2623 19136 10136 8875 4113 2495 1708 406134 18026 3173 14853 2626 1423 2224 1501 388108 347822 3909 1381 763 1376 780 1094 906 105
is_linear=0
shrinkage=0.08


Tree=141
num_leaves=31
num_cat=0
split_feature=7 8 7 23 2 5 7 5 5 39 39 5 33 33 39 15 2 0 2 8 6 8 27 19 8 8 8 1 8 1
split_gain=310.665 121.412 342.821 535.353 257.285 613.918 402.935 716.897 330.551 387.072 131.334 339.137 99.8515 345.327 237.474 142.771 149.987 277.007 125.227 319.101 53.038 47.3857 118.449 103.96 55.7875 40.657 37.5329 33.4316 27.8479 25.7143
threshold=0.0065941666666666657 0.0088367937866199106 0.96672611111111117 0.97081666666666677 5.5000000000000009 2.9461633333333341 2.8210648611111115 2.7784577777777781 0.9847111111111112 6.2903992149397903 6.3483714227597163 0.97745000000000004 4.0946916666666677 4.2660583333333344 33.498457628563202 4.3673583333333346 2.5000000000000004 0.13387044270833334 5.5000000000000009 2.1475469529102438 0.094941700853062042 0.10427891627175047 0.73840833333333344 0.59362500000000018 0.096781237434110753 1.0000000180025095e-35 2.1631606750402033 1.0000000180025095e-35 1.0000000180025095e-35 1.5000000000000002
decision_type=2 2 2 2 2 2 2 2 2 2 2 2 2 2 2 2 2 2 2 2 2 2 2 2 2 2 2 2 2 2
left_child=-1 2 -2 27 6 25 7 8 9 -5 11 28 20 14 -14 -15 -17 -18 19 -16 -3 22 -22 24 -24 -6 -21 -4 -11 -30
right_child=1 12 3 4 5 -7 -8 -9 -10 10 -12 -13 13 15 18 16 17 -19 -20 26 21 -23 23 -25 -26 -27 -28 -29 29 -31
leaf_value=-0.0032891736754250755 -1.0121067770541003e-08 -5.8356688654921386e-05 3.5375291590344916e-06 -3.0494775897871309e-06 -9.0248166408457571e-06 1.2585790543084841e-08 -2.0014554692693311e-07 5.8363944212658224e-07 -5.5138686209765804e-07 3.5339496484709799e-09 9.1713220218281316e-09 -2.6723147388034718e-05 -0.001426580490113807 -2.8959453191390594e-06 -0.0013813626431643656 -0.00028032938084137981 1.7096037794317453e-08 -0.010778152659831196 7.8506670043765335e-06 2.9210422752612431e-07 -6.4993916225652982e-06 -9.2924019233197046e-05 9.1948383817088702e-05 0.00092191916638056513 4.5485860160541239e-05 8.8834245469975316e-05 0.02685723100422787 7.3086005070166492e-09 3.2237504627552485e-06 -3.8268568826715919e-07
leaf_weight=39915 14458 40286 117 1644 1334 1247 9000 1261 4762 801 787 802 949 12227 721 1203 707 716 723 727 2528 343913 470 751 160 42 53 951 45 60
leaf_count=39915 14458 40286 117 1644 1334 1247 9000 1261 4762 801 787 802 949 12227 721 1203 707 716 723 727 2528 343913 470 751 160 42 53 951 45 60
internal_value=-0.000518373 9.01107e-05 0.00445745 0.0105569 0.00784576 0.0313443 0.00462916 0.0155465 0.00754881 0.024085 0.0439439 0.0314848 -0.000311111 0.00550937 0.0294661 0.000391569 0.0173161 0.0348953 0.0437626 0.0305876 -0.000581448 -0.000263171 0.00849527 0.0273367 0.0513016 -0.0055 0.0660513 0.0658577 0.0650243 0.0262857
internal_weight=483360 443445 37311 22853 21785 2623 19162 10162 8901 4139 2495 1708 406134 18026 3173 14853 2626 1423 2224 1501 388108 347822 3909 1381 630 1376 780 1068 906 105
internal_count=483360 443445 37311 22853 21785 2623 19162 10162 8901 4139 2495 1708 406134 18026 3173 14853 2626 1423 2224 1501 388108 347822 3909 1381 630 1376 780 1068 906 105
is_linear=0
shrinkage=0.08


Tree=142
num_leaves=31
num_cat=0
split_feature=7 8 7 23 2 5 7 5 5 39 39 5 33 33 39 15 2 0 2 8 6 8 8 1 8 15 21 8 17 29
split_gain=309.264 122.115 342.821 535.353 257.285 613.918 402.935 716.897 330.551 387.072 131.334 339.137 100.325 345.327 237.474 142.771 149.987 277.007 125.227 319.101 52.33 40.657 37.5329 33.4316 27.8479 26.1209 50.1109 39.7846 54.9247 52.4384
threshold=0.0065941666666666657 0.0088367937866199106 0.96672611111111117 0.97081666666666677 5.5000000000000009 2.9461633333333341 2.8210648611111115 2.7784577777777781 0.9847111111111112 6.2903992149397903 6.3483714227597163 0.97745000000000004 4.0946916666666677 4.2660583333333344 33.498457628563202 4.3673583333333346 2.5000000000000004 0.13387044270833334 5.5000000000000009 2.1475469529102438 0.094941700853062042 1.0000000180025095e-35 2.1631606750402033 1.0000000180025095e-35 1.0000000180025095e-35 0.42817500000000003 4.1700000000000008 0.10427891627175047 0.73835000000000006 0.70366666666666677
decision_type=2 2 2 2 2 2 2 2 2 2 2 2 2 2 2 2 2 2 2 2 2 2 2 2 2 2 2 2 2 2
left_child=-1 2 -2 23 6 21 7 8 9 -5 11 24 20 14 -14 -15 -17 -18 19 -16 -3 -6 -21 -4 -11 26 -22 28 -27 -30
right_child=1 12 3 4 5 -7 -8 -9 -10 10 -12 -13 13 15 18 16 17 -19 -20 22 25 -23 -24 -25 -26 27 -28 -29 29 -31
leaf_value=-0.0030260397813910694 -9.3113823496082655e-09 -5.3688153562525541e-05 3.2545268263106663e-06 -2.8055193826048708e-06 -8.3028313095923068e-06 1.1578927292532626e-08 -1.8413390318272604e-07 5.3694828675787672e-07 -5.0727591313304291e-07 3.2512336733958591e-09 8.437616259016067e-09 -2.4585295596990522e-05 -0.0013124540509046767 -2.6642696936107769e-06 -0.0012708536317111907 -0.00025790303037403816 1.5728354796351595e-08 -0.0099159004470446652 7.2226136440178835e-06 2.6873588929277051e-07 -0.0006141969441662826 8.1727505832382977e-05 0.024708652523889655 6.7239124668105887e-09 2.9658504257312756e-06 -5.9794402927604297e-06 -8.5490097694541282e-05 0.00014511919791732053 8.4592513111720897e-05 0.00083940553379951543
leaf_weight=39915 14458 40286 117 1644 1334 1247 9000 1261 4762 801 787 802 949 12227 721 1203 707 716 723 727 102456 42 53 951 105 1502 13027 229446 660 731
leaf_count=39915 14458 40286 117 1644 1334 1247 9000 1261 4762 801 787 802 949 12227 721 1203 707 716 723 727 102456 42 53 951 105 1502 13027 229446 660 731
internal_value=-0.000529628 7.74823e-05 0.00445745 0.0105569 0.00784576 0.0313443 0.00462916 0.0155465 0.00754881 0.024085 0.0439439 0.0314848 -0.0003249 0.00550937 0.0294661 0.000391569 0.0173161 0.0348953 0.0437626 0.0305876 -0.000595877 -0.0055 0.0660513 0.0658577 0.0650243 -0.000279731 -0.00126308 0.000209037 0.00953197 0.0209863
internal_weight=483360 443445 37311 22853 21785 2623 19162 10162 8901 4139 2495 1708 406134 18026 3173 14853 2626 1423 2224 1501 388108 1376 780 1068 906 347822 115483 232339 2893 1391
internal_count=483360 443445 37311 22853 21785 2623 19162 10162 8901 4139 2495 1708 406134 18026 3173 14853 2626 1423 2224 1501 388108 1376 780 1068 906 347822 115483 232339 2893 1391
is_linear=0
shrinkage=0.08


Tree=143
num_leaves=31
num_cat=0
split_feature=7 8 7 7 2 5 7 5 5 39 39 5 33 33 39 15 2 0 2 8 6 8 8 1 8 1 15 21 0 6
split_gain=308.398 124.744 345.571 539.117 256.913 613.918 404.544 715.623 333.774 382.879 131.334 339.137 100.912 345.926 236.637 142.771 149.987 277.007 125.227 319.101 51.7418 40.657 37.5329 33.1937 27.8479 25.7143 22.7446 51.2013 39.376 41.2374
threshold=0.0065941666666666657 0.0088367937866199106 0.96672611111111117 0.97074111111111117 5.5000000000000009 2.9461633333333341 2.8210648611111115 2.7784577777777781 0.9847111111111112 6.2903992149397903 6.3483714227597163 0.97745000000000004 4.0946916666666677 4.2660583333333344 33.498457628563202 4.3673583333333346 2.5000000000000004 0.13387044270833334 5.5000000000000009 2.1475469529102438 0.094941700853062042 1.0000000180025095e-35 2.1631606750402033 1.0000000180025095e-35 1.0000000180025095e-35 1.5000000000000002 0.42817500000000003 4.1700000000000008 0.15695612468103057 1.9485431803584568
decision_type=2 2 2 2 2 2 2 2 2 2 2 2 2 2 2 2 2 2 2 2 2 2 2 2 2 2 2 2 2 2
left_child=-1 2 -2 23 6 21 7 8 9 -5 11 24 20 14 -14 -15 -17 -18 19 -16 -3 -6 -21 -4 -11 -26 27 28 29 -22
right_child=1 12 3 4 5 -7 -8 -9 -10 10 -12 -13 13 15 18 16 17 -19 -20 22 26 -23 -24 -25 25 -27 -28 -29 -30 -31
leaf_value=-0.0027839565988797836 -8.5664717630606899e-09 -4.9393101277521722e-05 2.9941646802100763e-06 -2.5810778319979021e-06 -7.6386048048249221e-06 1.06526131204987e-08 -1.694031909238447e-07 4.9399242382008882e-07 -4.6669384007991254e-07 2.9911349752609338e-09 7.7626069572289673e-09 -2.2618471949229503e-05 -0.0012074577268322885 -2.4511281181105461e-06 -0.0011691853411743124 -0.00023727078794408385 1.4470086426854324e-08 -0.0091226284112811157 6.6448045524936109e-06 2.4723701812945365e-07 9.5340418841163689e-05 7.5189305365803703e-05 0.022731960321978491 6.1859994726631843e-09 2.7285823916756157e-06 -5.8933886726286744e-07 0.00012248748403239523 -7.8650889878977974e-05 -0.0057777778472461617 0.00043307411572563126
leaf_weight=39915 14458 40286 143 1618 1334 1247 9000 1261 4762 801 787 802 949 12227 721 1203 707 716 723 727 26937 42 53 951 45 60 232339 13027 68715 6804
leaf_count=39915 14458 40286 143 1618 1334 1247 9000 1261 4762 801 787 802 949 12227 721 1203 707 716 723 727 26937 42 53 951 45 60 232339 13027 68715 6804
internal_value=-0.000537076 6.91837e-05 0.00449604 0.0106199 0.0078647 0.0313443 0.00464632 0.0156069 0.00759436 0.0242879 0.0439439 0.0314848 -0.000337506 0.00551381 0.0294913 0.000391569 0.0173161 0.0348953 0.0437626 0.0305876 -0.000609276 -0.0055 0.0660513 0.0654186 0.0650243 0.0262857 -0.000294911 -0.00121251 -0.000611855 0.00162627
internal_weight=483360 443445 37311 22853 21759 2623 19136 10136 8875 4113 2495 1708 406134 18026 3173 14853 2626 1423 2224 1501 388108 1376 780 1094 906 105 347822 115483 102456 33741
internal_count=483360 443445 37311 22853 21759 2623 19136 10136 8875 4113 2495 1708 406134 18026 3173 14853 2626 1423 2224 1501 388108 1376 780 1094 906 105 347822 115483 102456 33741
is_linear=0
shrinkage=0.08


Tree=144
num_leaves=31
num_cat=0
split_feature=7 8 7 23 2 5 7 5 5 39 39 31 33 33 39 15 2 0 2 8 6 8 8 1 8 1 33 31 19 25
split_gain=308.865 122.523 343.431 535.082 256.964 613.918 404.027 716.097 332.206 389.061 130.091 339.15 100.457 345.926 236.637 142.771 149.987 277.007 125.227 319.101 52.1937 40.657 37.5329 33.4316 26.62 26.9725 22.3056 21.6014 21.5881 56.611
threshold=0.0065941666666666657 0.0088367937866199106 0.96672611111111117 0.97081666666666677 5.5000000000000009 2.9461633333333341 2.8210648611111115 2.7784577777777781 0.9847111111111112 6.2903992149397903 6.3483714227597163 0.97745000000000004 4.0946916666666677 4.2660583333333344 33.498457628563202 4.3673583333333346 2.5000000000000004 0.13387044270833334 5.5000000000000009 2.1475469529102438 0.094941700853062042 1.0000000180025095e-35 2.1631606750402033 1.0000000180025095e-35 1.0000000180025095e-35 1.5000000000000002 5.0079833333333337 0.96705833333333346 0.43111666666666676 4.0268000000000006
decision_type=2 2 2 2 2 2 2 2 2 2 2 2 2 2 2 2 2 2 2 2 2 2 2 2 2 2 2 2 2 2
left_child=-1 2 -2 23 6 21 7 8 9 -5 11 24 20 14 -14 26 -17 -18 19 -16 -3 -6 -21 27 -11 -26 -15 -4 29 -22
right_child=1 12 3 4 5 -7 -8 -9 -10 10 -12 -13 13 15 18 16 17 -19 -20 22 28 -23 -24 -25 25 -27 -28 -29 -30 -31
leaf_value=-0.0025612400709694011 -7.8811540227263777e-09 -4.5441653175322119e-05 0.00020772872627722132 -2.3745916054362936e-06 -7.027516420450297e-06 9.8004040793853173e-09 -1.5585093564141063e-07 4.5447302991163953e-07 -4.2935833286961158e-07 2.7518441747531598e-09 7.1415983970979366e-09 -2.0808994193295406e-05 -0.0011108611086856968 -2.2550378686503338e-06 -0.0010756505138803619 -0.00021828912490853725 1.3312479509863806e-08 -0.0083928181383786105 6.1132201882685426e-06 2.2745805665636e-07 -0.00032251209206710844 6.9174160936533725e-05 0.020913403496220201 5.6911195134290435e-09 2.5102958003397902e-06 -5.4219175788183809e-07 0.00014692253255077503 -2.8897387720672185e-06 9.8973674795992402e-05 -7.235881868865974e-05
leaf_weight=39915 14458 40286 57 1644 1334 1247 9000 1261 4762 801 787 798 949 7761 721 1203 707 716 723 727 100726 42 53 951 49 60 4466 60 232414 14682
leaf_count=39915 14458 40286 57 1644 1334 1247 9000 1261 4762 801 787 798 949 7761 721 1203 707 716 723 727 100726 42 53 951 49 60 4466 60 232414 14682
internal_value=-0.000527973 7.87452e-05 0.00446603 0.0105709 0.00786045 0.0313443 0.00464586 0.015578 0.00758476 0.0241624 0.0440721 0.0316721 -0.000324309 0.00551381 0.0294913 0.000391569 0.0173161 0.0348953 0.0437626 0.0305876 -0.000595465 -0.0055 0.0660513 0.0658577 0.0650549 0.0279633 -0.00324332 0.0255043 -0.000279731 -0.00117413
internal_weight=483360 443445 37311 22853 21785 2623 19162 10162 8901 4139 2495 1708 406134 18026 3173 14853 2626 1423 2224 1501 388108 1376 780 1068 910 109 12227 117 347822 115408
internal_count=483360 443445 37311 22853 21785 2623 19162 10162 8901 4139 2495 1708 406134 18026 3173 14853 2626 1423 2224 1501 388108 1376 780 1068 910 109 12227 117 347822 115408
is_linear=0
shrinkage=0.08


Tree=145
num_leaves=31
num_cat=0
split_feature=7 8 13 7 2 5 7 5 5 39 39 31 33 33 39 15 2 0 2 8 6 8 8 1 8 1 33 15 21 0
split_gain=307.136 119.577 343.603 528.459 256.548 613.918 405.828 714.675 335.822 384.358 130.091 339.15 100.156 346.783 235.802 142.953 149.987 277.007 125.227 319.101 52.3754 40.657 37.5329 36.0152 26.62 26.9725 22.081 21.1442 52.364 37.3121
threshold=0.0065941666666666657 0.0088367937866199106 0.96705833333333346 0.97074111111111117 5.5000000000000009 2.9461633333333341 2.8210648611111115 2.7784577777777781 0.9847111111111112 6.2903992149397903 6.3483714227597163 0.97745000000000004 4.0946916666666677 4.2660583333333344 33.498457628563202 4.3673583333333346 2.5000000000000004 0.13387044270833334 5.5000000000000009 2.1475469529102438 0.094941700853062042 1.0000000180025095e-35 2.1631606750402033 1.0000000180025095e-35 1.0000000180025095e-35 1.5000000000000002 5.0079833333333337 0.42817500000000003 4.1700000000000008 0.13842773437500003
decision_type=2 2 2 2 2 2 2 2 2 2 2 2 2 2 2 2 2 2 2 2 2 2 2 2 2 2 2 2 2 2
left_child=-1 2 -2 23 6 21 7 8 9 -5 11 24 20 14 -14 26 -17 -18 19 -16 -3 -6 -21 -4 -11 -26 -15 28 29 -22
right_child=1 12 3 4 5 -7 -8 -9 -10 10 -12 -13 13 15 18 16 17 -19 -20 22 27 -23 -24 -25 25 -27 -28 -29 -30 -31
leaf_value=-0.0023563408652918488 -7.2506616977108252e-09 -4.1806320921295993e-05 1.2535290432325042e-07 -2.1846242769996138e-06 -6.4653151068228003e-06 9.016371755876663e-09 -1.4338286078441342e-07 4.1811518752155053e-07 -3.9500966623862156e-07 2.5316966389965503e-09 6.5702705231984735e-09 -1.9144274657829641e-05 -0.0010219922199908638 -2.0746348391753598e-06 -0.00098959847276994142 -0.00020082599491587418 1.2247481180338582e-08 -0.0077213926873082907 5.6241625732411646e-06 2.0926141210964034e-07 0.0003764722014312838 6.3640228061601078e-05 0.019240331216522563 5.2358299562627053e-09 2.3094721363126071e-06 -4.9881641724702778e-07 0.00013516872994671304 0.00010876221398007074 -6.6570113193566954e-05 -0.0044622295230807123
leaf_weight=39915 14519 40286 85 1615 1334 1247 9000 1261 4762 801 787 798 949 7761 721 1203 707 716 723 727 27105 42 53 951 49 60 4466 232339 13027 75351
leaf_count=39915 14519 40286 85 1615 1334 1247 9000 1261 4762 801 787 798 949 7761 721 1203 707 716 723 727 27105 42 53 951 49 60 4466 232339 13027 75351
internal_value=-0.000526814 7.8204e-05 0.00441242 0.0105398 0.00788159 0.0313443 0.00466503 0.0156455 0.00763571 0.0243893 0.0440721 0.0316721 -0.000319975 0.00550937 0.0295165 0.000380797 0.0173161 0.0348953 0.0437626 0.0305876 -0.000590724 -0.0055 0.0660513 0.0663629 0.0650549 0.0279633 -0.0032564 -0.000274441 -0.00115917 -0.000551731
internal_weight=483360 443445 37311 22792 21756 2623 19133 10133 8872 4110 2495 1708 406134 18026 3173 14853 2626 1423 2224 1501 388108 1376 780 1036 910 109 12227 347822 115483 102456
internal_count=483360 443445 37311 22792 21756 2623 19133 10133 8872 4110 2495 1708 406134 18026 3173 14853 2626 1423 2224 1501 388108 1376 780 1036 910 109 12227 347822 115483 102456
is_linear=0
shrinkage=0.08


Tree=146
num_leaves=31
num_cat=0
split_feature=7 8 13 7 2 5 7 5 5 39 39 31 33 33 39 15 2 0 2 8 6 8 8 1 8 1 33 0 4 4
split_gain=308.302 118.812 343.603 528.459 256.548 613.918 405.828 714.675 335.822 384.358 130.091 339.15 99.7875 347.383 234.968 142.953 149.987 277.007 125.227 319.101 52.3669 40.657 37.5329 36.0152 26.62 26.9725 22.081 19.6458 50.4674 51.7003
threshold=0.0065941666666666657 0.0088367937866199106 0.96705833333333346 0.97074111111111117 5.5000000000000009 2.9461633333333341 2.8210648611111115 2.7784577777777781 0.9847111111111112 6.2903992149397903 6.3483714227597163 0.97745000000000004 4.0946916666666677 4.2660583333333344 33.498457628563202 4.3673583333333346 2.5000000000000004 0.13387044270833334 5.5000000000000009 2.1475469529102438 0.094941700853062042 1.0000000180025095e-35 2.1631606750402033 1.0000000180025095e-35 1.0000000180025095e-35 1.5000000000000002 5.0079833333333337 0.20662434895833337 28.500000000000004 7.5000000000000009
decision_type=2 2 2 2 2 2 2 2 2 2 2 2 2 2 2 2 2 2 2 2 2 2 2 2 2 2 2 2 2 2
left_child=-1 2 -2 23 6 21 7 8 9 -5 11 24 20 14 -14 26 -17 -18 19 -16 27 -6 -21 -4 -11 -26 -15 -3 29 -29
right_child=1 12 3 4 5 -7 -8 -9 -10 10 -12 -13 13 15 18 16 17 -19 -20 22 -22 -23 -24 -25 25 -27 -28 28 -30 -31
leaf_value=-0.0021678335960685006 -6.670608758696517e-09 -3.8469825647409193e-05 1.1532467198094309e-07 -2.0098543348368027e-06 -5.9480898982755553e-06 8.2950620239330424e-09 -1.3191223192876579e-07 3.8466597253261624e-07 -3.634088929427293e-07 2.329160908587369e-09 6.0446488792109679e-09 -1.7612732685199363e-05 -0.00094023284239156627 -1.9086640520526999e-06 -0.00091043059494836601 -0.00018475991532262981 1.1267682680227154e-08 -0.0071036812723236078 5.1742295674017669e-06 1.9252049916929083e-07 -6.1244504138081594e-05 5.8549009816672992e-05 0.017701104719200757 4.8169635569195182e-09 2.1247143654079536e-06 -4.5891110386442338e-07 0.00012435523155097884 -0.020536928085782728 -0.020330261422493657 0.13964380759203193
leaf_weight=39915 14519 33374 85 1615 1334 1247 9000 1261 4762 801 787 798 949 7761 721 1203 707 716 723 727 347822 42 53 951 49 60 4466 1340 3637 1935
leaf_count=39915 14519 33374 85 1615 1334 1247 9000 1261 4762 801 787 798 949 7761 721 1203 707 716 723 727 347822 42 53 951 49 60 4466 1340 3637 1935
internal_value=-0.00051407 9.20952e-05 0.00441242 0.0105398 0.00788159 0.0313443 0.00466503 0.0156455 0.00763571 0.0243893 0.0440721 0.0316721 -0.000304808 0.00551381 0.0295418 0.000380797 0.0173161 0.0348953 0.0437626 0.0305876 -0.000575058 -0.0055 0.0660513 0.0663629 0.0650549 0.0279633 -0.0032564 -0.00330557 0.000576387 0.00778015
internal_weight=483360 443445 37311 22792 21756 2623 19133 10133 8872 4110 2495 1708 406134 18026 3173 14853 2626 1423 2224 1501 388108 1376 780 1036 910 109 12227 40286 6912 3275
internal_count=483360 443445 37311 22792 21756 2623 19133 10133 8872 4110 2495 1708 406134 18026 3173 14853 2626 1423 2224 1501 388108 1376 780 1036 910 109 12227 40286 6912 3275
is_linear=0
shrinkage=0.08


Tree=147
num_leaves=31
num_cat=0
split_feature=7 8 13 7 2 7 7 5 5 39 39 31 33 33 39 15 2 0 2 8 6 8 1 8 1 8 8 33 0 4
split_gain=310.254 118.406 346.621 537.006 254.887 605.717 413.529 710.407 325.263 383.866 130.401 338.316 98.8559 347.383 234.968 142.953 149.987 277.007 125.227 319.101 55.3352 40.8192 38.9025 37.5329 29.9621 27.5553 26.8624 22.081 19.9437 37.6716
threshold=0.036123611111111113 0.028112341566782838 0.96705833333333346 0.97074111111111117 5.5000000000000009 2.9697776388888895 2.8210648611111115 2.7784577777777781 0.9847111111111112 6.2903992149397903 6.3483714227597163 0.97745000000000004 4.0946916666666677 4.2660583333333344 33.498457628563202 4.3673583333333346 2.5000000000000004 0.13387044270833334 5.5000000000000009 2.1475469529102438 0.094941700853062042 1.0000000180025095e-35 1.0000000180025095e-35 2.1631606750402033 1.0000000180025095e-35 1.0000000180025095e-35 0.0020238784942379303 5.0079833333333337 0.20662434895833337 29.500000000000004
decision_type=2 2 2 2 2 2 2 2 2 2 2 2 2 2 2 2 2 2 2 2 2 2 2 2 2 2 2 2 2 2
left_child=-1 2 -2 24 6 21 7 8 9 -5 11 25 20 14 -14 27 -17 -18 19 -16 28 -6 -10 -21 -4 -11 -27 -15 -3 -30
right_child=1 12 3 4 5 -7 -8 -9 22 10 -12 -13 13 15 18 16 17 -19 -20 23 -22 -23 -24 -25 -26 26 -28 -29 29 -31
leaf_value=-0.0019984069015880914 -6.1369600601324235e-09 -3.539223959561966e-05 7.6888967229553625e-05 -1.8490659880487926e-06 -5.4722427064035625e-06 7.6314570662816557e-09 -1.2135925338441213e-07 3.5389269473995457e-07 5.1203552822824963e-05 2.1428280394530931e-09 5.5610769678082761e-09 -1.6203714070384122e-05 -0.00086501421500024384 -1.7559709279169056e-06 -0.00083759614735249958 -0.00016997912209681942 1.0366268057282469e-08 -0.0065353867705377437 4.7602912020039413e-06 1.771188592414319e-07 -5.6344943807035077e-05 5.3865089031326365e-05 -3.3433618150446877e-07 0.016285016341664675 4.4316064684579719e-09 -4.2219821555278259e-07 1.9547372161721201e-06 0.00011440681302687494 0.096331391549920334 -0.020277484888156984
leaf_weight=43512 15388 31599 103 1615 1334 1255 9075 1261 160 801 787 798 949 7761 721 1203 707 716 723 727 347093 52 4645 53 951 61 48 4466 2355 2441
leaf_count=43512 15388 31599 103 1615 1334 1255 9075 1261 160 801 787 798 949 7761 721 1203 707 716 723 727 347093 52 4645 53 951 61 48 4466 2355 2441
internal_value=-0.000507946 0.000129534 0.00437752 0.0106072 0.0079218 0.0312276 0.00472453 0.0157972 0.00784745 0.0243698 0.0440401 0.0316253 -0.000276037 0.00551381 0.0295418 0.000380797 0.0173161 0.0348953 0.0437626 0.0305876 -0.000548191 -0.00522944 -0.00628512 0.0660513 0.0663833 0.064967 0.0272294 -0.0032564 -0.00351587 0.00129107
internal_weight=483360 439848 38334 22946 21892 2641 19251 10176 8915 4110 2495 1708 401514 18026 3173 14853 2626 1423 2224 1501 383488 1386 4805 780 1054 910 109 12227 36395 4796
internal_count=483360 439848 38334 22946 21892 2641 19251 10176 8915 4110 2495 1708 401514 18026 3173 14853 2626 1423 2224 1501 383488 1386 4805 780 1054 910 109 12227 36395 4796
is_linear=0
shrinkage=0.08


Tree=148
num_leaves=31
num_cat=0
split_feature=7 8 13 23 2 7 7 5 5 39 39 31 33 33 39 15 2 0 2 8 6 8 1 8 8 8 8 33 25 0
split_gain=309.056 112.297 337.647 527.255 257.487 605.717 404.04 717.43 333.801 388.759 130.339 338.316 98.8355 347.383 234.968 142.953 149.987 277.007 125.227 319.101 56.2641 40.8192 38.6705 37.5329 34.9038 27.5553 26.8624 22.081 19.9396 77.6024
threshold=0.036123611111111113 0.028112341566782838 0.96705833333333346 0.97081666666666677 5.5000000000000009 2.9697776388888895 2.8210648611111115 2.7784577777777781 0.9847111111111112 6.2903992149397903 6.3483714227597163 0.97745000000000004 4.0946916666666677 4.2660583333333344 33.498457628563202 4.3673583333333346 2.5000000000000004 0.13387044270833334 5.5000000000000009 2.1475469529102438 0.094941700853062042 1.0000000180025095e-35 1.0000000180025095e-35 2.1631606750402033 0.0088367937866199106 1.0000000180025095e-35 0.0020238784942379303 5.0079833333333337 2.9781583333333339 0.13387044270833334
decision_type=2 2 2 2 2 2 2 2 2 2 2 2 2 2 2 2 2 2 2 2 2 2 2 2 2 2 2 2 2 2
left_child=-1 2 -2 22 6 21 7 8 9 -5 11 25 20 14 -14 27 -17 -18 19 -16 -3 -6 -4 -21 -10 -11 -27 -15 -22 -30
right_child=1 12 3 4 5 -7 -8 -9 24 10 -12 -13 13 15 18 16 17 -19 -20 23 28 -23 -24 -25 -26 26 -28 -29 29 -31
leaf_value=-0.001838534349461044 -5.6460032560323726e-09 -3.255285002815356e-05 0.00049240290919056135 -1.7011407090006258e-06 -5.0344632898813301e-06 7.0209404867682681e-09 -1.1165051311934349e-07 3.2558127916360035e-07 -3.0758928698304544e-07 1.9714017973626597e-09 5.1161908132257848e-09 -1.4907416944751617e-05 -0.00079581307780024707 -1.6154932536949219e-06 -0.00077058845556429386 -0.00015638079232907387 9.5369666297528964e-09 -0.0060125558288947568 4.3794679058350992e-06 1.6294935051064386e-07 6.1133995390179053e-05 4.955588190881599e-05 4.0770779552445905e-09 0.014982215034331503 4.7107268596997544e-05 -3.8842235831282325e-07 1.7983582388758635e-06 0.00010525426798473348 -5.1837348302472264e-05 -0.0018054873907422631
leaf_weight=43512 15388 36395 61 1641 1334 1255 9075 1261 4762 801 792 798 949 7761 721 1203 707 716 723 727 248712 52 951 53 54 61 48 4466 14563 83818
leaf_count=43512 15388 36395 61 1641 1334 1255 9075 1261 4762 801 792 798 949 7761 721 1203 707 716 723 727 248712 52 951 53 54 61 48 4466 14563 83818
internal_value=-0.000516718 0.00011953 0.00425648 0.0104049 0.00780013 0.0312276 0.00459317 0.0155036 0.00754985 0.0242048 0.044064 0.0316253 -0.000275439 0.00551381 0.0295418 0.000380797 0.0173161 0.0348953 0.0437626 0.0305876 -0.000547565 -0.00522944 0.0668617 0.0660513 -0.00677077 0.064967 0.0272294 -0.0032564 -0.000233784 -0.00119788
internal_weight=483360 439848 38334 22946 21934 2641 19293 10218 8957 4141 2500 1708 401514 18026 3173 14853 2626 1423 2224 1501 383488 1386 1012 780 4816 910 109 12227 347093 98381
internal_count=483360 439848 38334 22946 21934 2641 19293 10218 8957 4141 2500 1708 401514 18026 3173 14853 2626 1423 2224 1501 383488 1386 1012 780 4816 910 109 12227 347093 98381
is_linear=0
shrinkage=0.08


Tree=149
num_leaves=31
num_cat=0
split_feature=7 8 13 23 2 7 7 5 5 39 39 31 33 33 39 15 2 0 2 8 6 8 1 8 8 8 8 33 19 25
split_gain=308.327 111.951 337.647 527.255 257.487 605.717 404.04 717.43 333.801 388.759 130.339 338.316 98.4463 347.511 234.968 143.044 149.987 277.007 125.227 319.101 53.9263 40.8192 38.6705 37.5329 34.9038 27.5553 26.8624 21.9691 19.952 58.3114
threshold=0.036123611111111113 0.028112341566782838 0.96705833333333346 0.97081666666666677 5.5000000000000009 2.9697776388888895 2.8210648611111115 2.7784577777777781 0.9847111111111112 6.2903992149397903 6.3483714227597163 0.97745000000000004 4.0946916666666677 4.2660583333333344 33.498457628563202 4.3673583333333346 2.5000000000000004 0.13387044270833334 5.5000000000000009 2.1475469529102438 0.094941700853062042 1.0000000180025095e-35 1.0000000180025095e-35 2.1631606750402033 0.0088367937866199106 1.0000000180025095e-35 0.0020238784942379303 5.0079833333333337 0.43111666666666676 4.0268000000000006
decision_type=2 2 2 2 2 2 2 2 2 2 2 2 2 2 2 2 2 2 2 2 2 2 2 2 2 2 2 2 2 2
left_child=-1 2 -2 22 6 21 7 8 9 -5 11 25 20 14 -14 27 -17 -18 19 -16 -3 -6 -4 -21 -10 -11 -27 -15 29 -22
right_child=1 12 3 4 5 -7 -8 -9 24 10 -12 -13 13 15 18 16 17 -19 -20 23 28 -23 -24 -25 -26 26 -28 -29 -30 -31
leaf_value=-0.0016914516015041606 -5.1943229983919539e-09 -2.9948622025903762e-05 0.00045301067645531212 -1.5650494522834179e-06 -4.631706226696508e-06 6.4592652648798322e-09 -1.0271847205700624e-07 2.9953477682198581e-07 -2.8298214402866508e-07 1.81368965179729e-09 4.7068955488782647e-09 -1.3714823589170422e-05 -0.00073214803157625849 -1.4862537933879594e-06 -0.00070894137911913901 -0.00014387032894276787 8.7740092880039813e-09 -0.0055315513625831892 4.0291104733825026e-06 1.4991340243852847e-07 -0.00027755880882644133 4.5591411356120659e-05 3.7509117145617669e-09 0.013783637831584983 4.3338687109235608e-05 -3.5734856965063957e-07 1.6544895797654391e-06 9.6833926545940584e-05 0.00015635431706879403 -4.7690360438274488e-05
leaf_weight=43512 15388 36395 61 1641 1334 1255 9075 1261 4762 801 792 798 949 7761 721 1203 707 716 723 727 100036 52 951 53 54 61 48 4466 232375 14682
leaf_count=43512 15388 36395 61 1641 1334 1255 9075 1261 4762 801 792 798 949 7761 721 1203 707 716 723 727 100036 52 951 53 54 61 48 4466 232375 14682
internal_value=-0.000509601 0.000125896 0.00425648 0.0104049 0.00780013 0.0312276 0.00459317 0.0155036 0.00754985 0.0242048 0.044064 0.0316253 -0.000268466 0.00550937 0.0295418 0.00037541 0.0173161 0.0348953 0.0437626 0.0305876 -0.000540055 -0.00522944 0.0668617 0.0660513 -0.00677077 0.064967 0.0272294 -0.00326294 -0.000232862 -0.00109612
internal_weight=483360 439848 38334 22946 21934 2641 19293 10218 8957 4141 2500 1708 401514 18026 3173 14853 2626 1423 2224 1501 383488 1386 1012 780 4816 910 109 12227 347093 114718
internal_count=483360 439848 38334 22946 21934 2641 19293 10218 8957 4141 2500 1708 401514 18026 3173 14853 2626 1423 2224 1501 383488 1386 1012 780 4816 910 109 12227 347093 114718
is_linear=0
shrinkage=0.08


Tree=150
num_leaves=31
num_cat=0
split_feature=7 8 13 23 2 7 7 5 5 39 39 31 33 33 39 15 2 0 2 8 6 8 1 8 8 8 1 0 19 25
split_gain=306.148 113.023 337.801 527.19 257.407 605.717 404.313 717.231 334.217 389.256 130.028 339.15 94.1684 351.76 234.968 146.061 149.987 277.007 125.227 319.101 53.4282 40.8192 38.6705 37.5329 34.9038 26.62 26.9725 22.7927 19.0759 58.4151
threshold=0.036123611111111113 0.028112341566782838 0.96705833333333346 0.97081666666666677 5.5000000000000009 2.9697776388888895 2.8210648611111115 2.7784577777777781 0.9847111111111112 6.2903992149397903 6.3483714227597163 0.97745000000000004 4.0946916666666677 4.2660583333333344 33.498457628563202 4.3673583333333346 2.5000000000000004 0.13387044270833334 5.5000000000000009 2.1475469529102438 0.094941700853062042 1.0000000180025095e-35 1.0000000180025095e-35 2.1631606750402033 0.0088367937866199106 1.0000000180025095e-35 1.5000000000000002 0.12923177083333334 0.43111666666666676 4.0268000000000006
decision_type=2 2 2 2 2 2 2 2 2 2 2 2 2 2 2 2 2 2 2 2 2 2 2 2 2 2 2 2 2 2
left_child=-1 2 -2 22 6 21 7 8 9 -5 11 25 20 14 -14 27 -17 -18 19 -16 -3 -6 -4 -21 -10 -11 -27 -15 29 -22
right_child=1 12 3 4 5 -7 -8 -9 24 10 -12 -13 13 15 18 16 17 -19 -20 23 28 -23 -24 -25 -26 26 -28 -29 -30 -31
leaf_value=-0.001556135473383828 -4.7787771606522254e-09 -2.7552732263833591e-05 0.00041676982233888714 -1.4398454961028762e-06 -4.2611697285721566e-06 5.9425240550581295e-09 -9.4500994300972258e-08 2.7557199466343719e-07 -2.6034357250459553e-07 1.6685944803640497e-09 4.3303439056785463e-09 -1.2617637702039276e-05 -0.00067357618905013791 -1.3673534898828167e-06 -0.00065222606878961647 -0.00013236070262735212 8.072088562016688e-09 -0.0050890272535765056 3.7067816354863225e-06 1.3792033023207751e-07 -0.0002553541041203289 4.1944098447643799e-05 3.4508387791731821e-09 0.012680946805058185 3.9871592140494629e-05 1.522130413382783e-06 -3.2876068408072e-07 0.028885747211640993 0.00014384597170329731 -4.3875131603212529e-05
leaf_weight=43512 15388 36395 61 1641 1334 1255 9075 1261 4762 801 792 798 949 7971 721 1203 707 716 723 727 100036 52 951 53 54 49 60 4256 232375 14682
leaf_count=43512 15388 36395 61 1641 1334 1255 9075 1261 4762 801 792 798 949 7971 721 1203 707 716 723 727 100036 52 951 53 54 49 60 4256 232375 14682
internal_value=-0.000524994 0.000108254 0.00425857 0.0104084 0.00780377 0.0312276 0.00459731 0.0155114 0.00755878 0.0242241 0.044096 0.0316721 -0.000287992 0.00536292 0.0295418 0.000197669 0.0173161 0.0348953 0.0437626 0.0305876 -0.000553615 -0.00522944 0.0668617 0.0660513 -0.00677077 0.0650549 0.0279633 -0.00347886 -0.000247843 -0.00109193
internal_weight=483360 439848 38334 22946 21934 2641 19293 10218 8957 4141 2500 1708 401514 18026 3173 14853 2626 1423 2224 1501 383488 1386 1012 780 4816 910 109 12227 347093 114718
internal_count=483360 439848 38334 22946 21934 2641 19293 10218 8957 4141 2500 1708 401514 18026 3173 14853 2626 1423 2224 1501 383488 1386 1012 780 4816 910 109 12227 347093 114718
is_linear=0
shrinkage=0.08


Tree=151
num_leaves=31
num_cat=0
split_feature=7 8 13 23 2 7 7 5 5 39 39 31 33 33 39 15 2 0 2 8 6 8 1 8 8 8 8 0 23 13
split_gain=305.086 113.475 337.647 527.255 257.487 605.717 404.04 717.43 333.801 388.759 130.339 338.316 93.2115 352.923 234.968 146.89 149.987 277.007 125.227 319.101 53.0695 40.8192 38.6705 37.5329 34.9038 27.5553 26.8624 21.7416 18.7754 18.6382
threshold=0.036123611111111113 0.028112341566782838 0.96705833333333346 0.97081666666666677 5.5000000000000009 2.9697776388888895 2.8210648611111115 2.7784577777777781 0.9847111111111112 6.2903992149397903 6.3483714227597163 0.97745000000000004 4.0946916666666677 4.2660583333333344 33.498457628563202 4.3673583333333346 2.5000000000000004 0.13387044270833334 5.5000000000000009 2.1475469529102438 0.094941700853062042 1.0000000180025095e-35 1.0000000180025095e-35 2.1631606750402033 0.0088367937866199106 1.0000000180025095e-35 0.0020238784942379303 0.12923177083333334 5.0076583333333344 21.597341666666669
decision_type=2 2 2 2 2 2 2 2 2 2 2 2 2 2 2 2 2 2 2 2 2 2 2 2 2 2 2 2 2 2
left_child=-1 2 -2 22 6 21 7 8 9 -5 11 25 20 14 -14 27 -17 -18 19 -16 -3 -6 -4 -21 -10 -11 -27 28 -15 -22
right_child=1 12 3 4 5 -7 -8 -9 24 10 -12 -13 13 15 18 16 17 -19 -20 23 29 -23 -24 -25 -26 26 -28 -29 -30 -31
leaf_value=-0.0014316446355131217 -4.3964749885105905e-09 -2.5348513682725837e-05 0.00038342823655177936 -1.3246578564185541e-06 -3.9202761502821201e-06 5.467122115021539e-09 -8.6940914769684244e-08 2.5352623509888874e-07 -2.3951608670635947e-07 1.5351069215796542e-09 3.9839163967769769e-09 -1.1608226685879685e-05 -0.00061969009392612404 -1.2579652106836647e-06 -0.00060004798328641587 -0.0001217718464171469 7.426321460002328e-09 -0.0046819050732903756 3.4102391046531013e-06 1.2688670381066913e-07 -4.0365121074955526e-05 3.8588570571818082e-05 3.174771681102584e-09 0.011666471060653535 3.6681864769256837e-05 -3.0245982935106497e-07 1.4003599803125156e-06 0.026574887434709728 0.00015130400025547885 0.55752878167479603
leaf_weight=43512 15388 36395 61 1641 1334 1255 9075 1261 4762 801 792 798 949 7322 721 1203 707 716 723 727 346057 52 951 53 54 61 48 4256 649 1036
leaf_count=43512 15388 36395 61 1641 1334 1255 9075 1261 4762 801 792 798 949 7322 721 1203 707 716 723 727 346057 52 951 53 54 61 48 4256 649 1036
internal_value=-0.000534262 9.78865e-05 0.00425648 0.0104049 0.00780013 0.0312276 0.00459317 0.0155036 0.00754985 0.0242048 0.044064 0.0316253 -0.00029915 0.00532298 0.0295418 0.000149194 0.0173161 0.0348953 0.0437626 0.0305876 -0.00056342 -0.00522944 0.0668617 0.0660513 -0.00677077 0.064967 0.0272294 -0.00353775 -0.00600276 -0.000258676
internal_weight=483360 439848 38334 22946 21934 2641 19293 10218 8957 4141 2500 1708 401514 18026 3173 14853 2626 1423 2224 1501 383488 1386 1012 780 4816 910 109 12227 7971 347093
internal_count=483360 439848 38334 22946 21934 2641 19293 10218 8957 4141 2500 1708 401514 18026 3173 14853 2626 1423 2224 1501 383488 1386 1012 780 4816 910 109 12227 7971 347093
is_linear=0
shrinkage=0.08


Tree=152
num_leaves=31
num_cat=0
split_feature=7 8 13 23 2 7 7 5 5 39 39 31 33 33 39 15 2 0 2 8 8 8 1 8 8 8 8 0 25 0
split_gain=308.234 111.213 337.647 527.255 257.487 605.717 404.04 717.43 333.801 388.759 130.339 338.316 90.831 353.699 234.968 147.443 149.987 277.007 125.227 319.101 40.8192 38.7383 38.6705 37.5329 34.9038 27.5553 26.8624 22.9563 37.5849 55.4105
threshold=0.036123611111111113 0.028112341566782838 0.96705833333333346 0.97081666666666677 5.5000000000000009 2.9697776388888895 2.8210648611111115 2.7784577777777781 0.9847111111111112 6.2903992149397903 6.3483714227597163 0.97745000000000004 4.0946916666666677 4.2660583333333344 33.498457628563202 4.3673583333333346 2.5000000000000004 0.13387044270833334 5.5000000000000009 2.1475469529102438 1.0000000180025095e-35 0.077632606057099832 1.0000000180025095e-35 2.1631606750402033 0.0088367937866199106 1.0000000180025095e-35 0.0020238784942379303 0.20662434895833337 2.9781583333333339 0.13387044270833334
decision_type=2 2 2 2 2 2 2 2 2 2 2 2 2 2 2 2 2 2 2 2 2 2 2 2 2 2 2 2 2 2
left_child=-1 2 -2 22 6 20 7 8 9 -5 11 25 21 14 -14 -15 -17 -18 19 -16 -6 -3 -4 -21 -10 -11 -27 28 -23 -30
right_child=1 12 3 4 5 -7 -8 -9 24 10 -12 -13 13 15 18 16 17 -19 -20 23 -22 27 -24 -25 -26 26 -28 -29 29 -31
leaf_value=-0.0013171130646720719 -4.0447569915613717e-09 -0.0016626942260619061 0.00035275397762763561 -1.2186852279061355e-06 -3.6066540582524456e-06 5.0297523301878752e-09 -7.9985641576740823e-08 2.3324413628955653e-07 -2.2035479976700856e-07 1.4122983671427392e-09 3.6652030832584615e-09 -1.0679568551008601e-05 -0.00057011488641201425 -1.1573279937948656e-06 -0.00055204414462352248 -0.00011203009870378367 6.8322157176226029e-09 -0.0043073526674271201 3.137419976297906e-06 1.1673576750581561e-07 3.5501484926072636e-05 -1.84081309805606e-05 2.9207899476801912e-09 0.010733153375801252 3.3747315587717709e-05 -2.7826304299871651e-07 1.2883311818878696e-06 0.013323294536642412 -3.7135911388959083e-05 -0.0057727622350094744
leaf_weight=43512 15388 12318 61 1641 1334 1255 9075 1261 4762 801 792 798 949 12227 721 1203 707 716 723 727 52 233037 951 53 54 61 48 67387 14993 55753
leaf_count=43512 15388 12318 61 1641 1334 1255 9075 1261 4762 801 792 798 949 12227 721 1203 707 716 723 727 52 233037 951 53 54 61 48 67387 14993 55753
internal_value=-0.000495864 0.000139537 0.00425648 0.0104049 0.00780013 0.0312276 0.00459317 0.0155036 0.00754985 0.0242048 0.044064 0.0316253 -0.000253522 0.00529635 0.0295418 0.000116877 0.0173161 0.0348953 0.0437626 0.0305876 -0.00522944 -0.000514396 0.0668617 0.0660513 -0.00677077 0.064967 0.0272294 -0.00036792 -0.000664239 -0.00227925
internal_weight=483360 439848 38334 22946 21934 2641 19293 10218 8957 4141 2500 1708 401514 18026 3173 14853 2626 1423 2224 1501 1386 383488 1012 780 4816 910 109 371170 303783 70746
internal_count=483360 439848 38334 22946 21934 2641 19293 10218 8957 4141 2500 1708 401514 18026 3173 14853 2626 1423 2224 1501 1386 383488 1012 780 4816 910 109 371170 303783 70746
is_linear=0
shrinkage=0.08


Tree=153
num_leaves=31
num_cat=0
split_feature=7 31 8 31 7 7 39 39 39 2 8 13 31 15 33 33 39 6 6 2 8 8 13 7 8 25 8 5 8 1
split_gain=291.328 112.741 191.535 151.96 814.385 199.404 816.944 219.091 517.248 549.54 236.532 182.294 339.537 159.963 121.967 322.258 230.039 161.396 402.246 126.031 319.031 90.5592 132.092 61.3503 60.3421 77.9835 45.5051 35.3705 34.8638 34.596
threshold=0.0041731944444444455 0.73840833333333344 0.096781237434110753 2.9796750000000007 2.9697776388888895 2.8210648611111115 21.07590757345163 6.3592296595498201 6.2427642252175177 1.5000000000000002 0.0016754309555670891 0.97421666666666684 0.97745000000000004 0.7699666666666668 4.0946916666666677 4.2660583333333344 33.498457628563202 2.2687953549117403 2.2720559821751647 5.5000000000000009 2.1475469529102438 0.0051176092131718452 0.7699166666666668 0.97741888888888906 0.2310557960493396 4.1787083333333337 0.044602348909807014 0.71068611111111124 2.1631606750402033 1.0000000180025095e-35
decision_type=2 2 2 2 2 2 2 2 2 2 2 2 2 2 2 2 2 2 2 2 2 2 2 2 2 2 2 2 2 2
left_child=-1 24 3 4 5 6 7 8 13 29 -9 -11 -13 21 -4 16 -16 -17 -19 20 -18 -3 -23 -12 27 -26 -7 -2 -22 -10
right_child=1 2 14 -5 -6 26 -8 10 9 11 23 12 -14 -15 15 17 19 18 -20 -21 28 22 -24 -25 25 -27 -28 -29 -30 -31
leaf_value=-0.0012344106973309096 -0.0016517440171141204 5.9645431279449215e-05 -1.4533223820638597e-05 -7.3586790243496126e-08 4.6273721565626146e-09 -9.8333008754281085e-07 2.1458460537360226e-07 -3.221785504186059e-06 3.3449003267982393e-06 -1.1211904096697367e-06 0.00024041878788398961 1.2993144959949632e-09 -9.8252030669243597e-06 -3.7211764336575472e-09 -0.00052450569549904462 -1.064741754319698e-06 -0.00050788061305361508 6.2856384630549653e-09 0.011190659810399812 2.8864263781969159e-06 1.0739690608829733e-07 -0.00014823616201479873 3.6609515505174885e-05 2.3962398345187269e-05 0.00011495370277572193 -3.4165038477842354e-05 0.01446368875877461 0.00081571871060432961 -0.058473117970588365 3.3719868408610409e-09
leaf_weight=38053 41544 252 209245 4104 1280 6682 1270 8631 110 1647 738 910 803 6142 868 7105 708 693 2347 716 727 696 257 284 127226 15335 105 3165 44 1673
leaf_count=38053 41544 252 209245 4104 1280 6682 1270 8631 110 1647 738 910 803 6142 868 7105 708 693 2347 716 727 696 257 284 127226 15335 105 3165 44 1673
internal_value=-0.00043413 0.00014 0.00122441 0.00667401 0.00856162 0.00591258 0.00941255 0.00583372 0.0128295 0.0322878 -0.00321807 0.0132381 0.0315096 -0.000791618 0.000352684 0.0078086 0.0305504 0.000942334 0.0163684 0.0443371 0.0309993 0.0258589 0.0145813 0.0331742 -0.0013542 -0.000549998 -0.00616119 -0.0039185 0.0666044 0.0681862
internal_weight=483360 445307 258037 35584 31480 30200 23413 22143 12490 5143 9653 3360 1713 7347 222453 13208 3063 10145 3040 2195 1479 1205 953 1022 187270 142561 6787 44709 771 1783
internal_count=483360 445307 258037 35584 31480 30200 23413 22143 12490 5143 9653 3360 1713 7347 222453 13208 3063 10145 3040 2195 1479 1205 953 1022 187270 142561 6787 44709 771 1783
is_linear=0
shrinkage=0.08


Tree=154
num_leaves=31
num_cat=0
split_feature=7 8 13 31 2 2 7 39 2 7 5 7 8 2 33 33 39 15 2 0 2 8 8 8 8 8 8 8 1 8
split_gain=302.834 212.62 328.8 660.332 436.049 351.89 605.717 314.206 404.55 193.868 940.665 112.09 85.6956 145.365 85.6391 354.816 234.75 148.175 149.987 277.007 125.227 319.101 60.2308 42.3502 40.8192 37.5329 35.4148 31.1424 26.4502 22.8947
threshold=0.14813527777777782 0.028112341566782838 0.96705833333333346 0.98572500000000007 1.5000000000000002 5.5000000000000009 2.9697776388888895 6.2903992149397903 2.5000000000000004 2.8210648611111115 2.7784577777777781 0.7024677777777778 1.0000000180025095e-35 5.5000000000000009 4.0946916666666677 4.2660583333333344 33.498457628563202 4.3673583333333346 2.5000000000000004 0.13387044270833334 5.5000000000000009 2.1475469529102438 1.0000000180025095e-35 0.0051176092131718452 1.0000000180025095e-35 2.1631606750402033 0.0016754309555670891 0.0088367937866199106 1.0000000180025095e-35 0.00080675118969205718
decision_type=2 2 2 2 2 2 2 2 2 2 2 2 2 2 2 2 2 2 2 2 2 2 2 2 2 2 2 2 2 2
left_child=23 2 11 4 28 9 24 -6 -9 10 27 12 13 -2 -3 16 -16 -17 -19 -20 21 -18 -10 -1 -7 -23 -24 -5 29 -4
right_child=1 14 3 5 7 6 -8 8 22 -11 -12 -13 -14 -15 15 17 20 18 19 -21 -22 25 26 -25 -26 -27 -28 -29 -30 -31
leaf_value=-0.0011089911705067629 0.00011198634780334338 -3.1431835399614968e-05 -0.0001769657730540608 -2.9640426638533058e-06 -1.0314951768997104e-06 -3.2394553266001936e-06 4.2571823755110929e-09 -9.0391868215711214e-06 5.5016424544973577e-08 -6.7699847008384493e-08 1.9741783695792493e-07 -3.4234823154122295e-09 -0.0013770160516554508 -0.00063260081625784005 -0.00048254523985910683 -9.7956241397412223e-07 -0.00046725016400934295 -0.00010298251146714676 5.7827873689575424e-09 -0.0044874549040321036 2.6555122679638997e-06 9.8805153569969664e-08 -2.7931827668581379e-08 -0.001519604495744991 3.2740032538995934e-05 0.010802719767178646 0.00031883522255234792 2.9130538473083333e-05 3.1022278967896001e-09 5.150260261649997e-05
leaf_weight=37776 389 366811 52 4179 1646 1334 1255 792 1335 9075 1261 14271 382 272 948 12213 721 1203 707 716 723 727 121 22502 52 53 58 55 1673 58
leaf_count=37776 389 366811 52 4179 1646 1334 1255 792 1335 9075 1261 14271 382 272 948 12213 721 1203 707 716 723 727 121 22502 52 53 58 55 1673 58
internal_value=-0.000308675 0.000447155 0.00613486 0.0121935 0.0357036 0.00435954 0.0312276 0.0208866 0.0399445 -0.00051064 0.0113485 -0.00294319 0.0223739 0.0398064 -0.000118332 0.00526745 0.0295536 7.6014e-05 0.0173161 0.0348953 0.0437626 0.0305876 0.0641797 -0.00561372 -0.00522944 0.0660513 0.0206034 -0.00671516 0.0685451 0.0305455
internal_weight=483360 423082 38260 22946 5735 17211 2641 3952 2306 14570 5495 15314 1043 661 384822 18011 3172 14839 2626 1423 2224 1501 1514 60278 1386 780 179 4234 1783 110
internal_count=483360 423082 38260 22946 5735 17211 2641 3952 2306 14570 5495 15314 1043 661 384822 18011 3172 14839 2626 1423 2224 1501 1514 60278 1386 780 179 4234 1783 110
is_linear=0
shrinkage=0.08


Tree=155
num_leaves=31
num_cat=0
split_feature=7 8 13 23 2 5 5 5 7 31 39 2 33 33 39 15 2 0 2 8 1 1 8 8 7 39 23 25 0 21
split_gain=289.057 114.208 206.284 548.299 289.046 613.918 305.985 794.561 187.094 166.314 771.299 157.726 90.6649 354.088 234.968 147.72 149.987 277.007 125.227 319.101 81.6756 42.4569 40.657 37.5329 32.4002 49.825 31.0588 28.6377 77.3966 22.6146
threshold=0.0041731944444444455 0.0042210448158676609 0.96705833333333346 0.97081666666666677 5.5000000000000009 2.9461633333333341 2.8211077777777782 2.7784577777777781 0.7024677777777778 0.98572500000000007 6.3483714227597163 5.5000000000000009 4.0946916666666677 4.2660583333333344 33.498457628563202 4.3673583333333346 2.5000000000000004 0.13387044270833334 5.5000000000000009 2.1475469529102438 1.0000000180025095e-35 1.0000000180025095e-35 1.0000000180025095e-35 2.1631606750402033 0.36899958333333344 3.6437210871418877 0.64169166666666688 2.8777833333333338 0.13387044270833334 0.73835000000000006
decision_type=2 2 2 2 2 2 2 2 2 2 2 2 2 2 2 2 2 2 2 2 2 2 2 2 2 2 2 2 2 2
left_child=-1 2 8 21 6 22 7 9 11 10 -5 -2 24 14 -14 -15 -17 -18 19 -16 -12 -4 -6 -21 25 29 -27 -26 -29 -3
right_child=1 12 3 4 5 -7 -8 -9 -10 -11 20 -13 13 15 18 16 17 -19 -20 23 -22 -23 -24 -25 27 26 -28 28 -30 -31
leaf_value=-0.0010469385479038959 0.00010302743997907982 -0.0039176069262863321 -0.00016280851120973773 -3.2059446297694196e-09 -2.9802989004679149e-06 3.9166078025232312e-09 -6.2283859243450486e-08 1.8162441001834395e-07 -3.1496037333766938e-09 -2.7269192507439756e-06 7.1707737183699101e-06 -0.00058199275095721431 -0.00044394162067035837 -9.011974208306128e-07 -0.00042987015088861823 -9.4743910549794917e-05 5.320164362387914e-09 -0.0041284585117095504 2.4430712865353144e-06 9.090074129858294e-08 5.0615110582796773e-08 2.1691895746300814e-09 3.0120829935889049e-05 0.0099385021858043703 4.7307527097384396e-05 0.038159972476655007 -0.017430301068072713 -2.8917288567645773e-05 -0.0027016491301178292 0.025103188665303477
leaf_weight=38053 389 50993 56 3276 1334 1247 8996 1261 13685 4130 115 312 949 12227 721 1203 707 716 723 727 1255 951 42 53 229088 3327 1379 15831 86982 2632
leaf_count=38053 389 50993 56 3276 1334 1247 8996 1261 13685 4130 115 312 949 12227 721 1203 707 716 723 727 1255 951 42 53 229088 3327 1379 15831 86982 2632
internal_value=-0.000449853 0.000122035 0.00437496 0.009131 0.00644773 0.0313443 0.00301665 0.0126197 -0.00311748 0.00408751 0.0144709 0.0371926 -0.000263913 0.00528303 0.0295418 0.000100718 0.0173161 0.0348953 0.0437626 0.0305876 0.0648759 0.0668361 -0.0055 0.0660513 -0.000520144 -0.00225897 0.00563366 -0.000214548 -0.0013238 -0.00295161
internal_weight=483360 445307 37049 22663 21656 2623 19033 10037 14386 8776 4646 701 408258 18026 3173 14853 2626 1423 2224 1501 1370 1007 1376 780 390232 58331 4706 331901 102813 53625
internal_count=483360 445307 37049 22663 21656 2623 19033 10037 14386 8776 4646 701 408258 18026 3173 14853 2626 1423 2224 1501 1370 1007 1376 780 390232 58331 4706 331901 102813 53625
is_linear=0
shrinkage=0.08


Tree=156
num_leaves=31
num_cat=0
split_feature=7 33 33 39 15 2 0 2 8 8 7 13 23 2 5 5 5 2 1 8 8 7 39 31 39 1 25 0 23 0
split_gain=278.195 82.4174 354.088 234.968 147.72 149.987 277.007 125.227 319.101 59.6699 131.836 185.193 597.382 353.725 613.918 158.232 954.626 157.726 42.4569 40.657 37.5329 35.5595 40.9232 32.378 397.667 37.6719 27.6525 78.1005 25.7261 22.0527
threshold=0.0041731944444444455 4.0946916666666677 4.2660583333333344 33.498457628563202 4.3673583333333346 2.5000000000000004 0.13387044270833334 5.5000000000000009 2.1475469529102438 0.0042210448158676609 0.7024677777777778 0.96705833333333346 0.97081666666666677 5.5000000000000009 2.9461633333333341 2.8211077777777782 2.7784577777777781 5.5000000000000009 1.0000000180025095e-35 1.0000000180025095e-35 2.1631606750402033 0.36899958333333344 3.6437210871418877 0.98572500000000007 6.3592296595498201 1.0000000180025095e-35 2.8777833333333338 0.13387044270833334 0.4066083333333334 0.18542480468750003
decision_type=2 2 2 2 2 2 2 2 2 2 2 2 2 2 2 2 2 2 2 2 2 2 2 2 2 2 2 2 2 2
left_child=-1 9 3 -3 -4 -6 -7 8 -5 10 17 29 18 15 19 16 23 -2 -13 -15 -10 22 -11 24 -14 -26 -23 -28 -24 -12
right_child=1 2 4 7 5 6 -8 -9 20 21 11 12 13 14 -16 -17 -18 -19 -20 -21 -22 26 28 -25 25 -27 27 -29 -30 -31
leaf_value=-0.00096318346407158416 9.4785244780757344e-05 -0.00040842629101675245 -8.2910162717553255e-07 -0.00039548053881752313 -8.7164397705805647e-05 4.8945511821329999e-09 -0.0037981818307727812 2.2476255836068051e-06 8.3628682006064993e-08 -0.0026549919388129785 -2.8976354382592719e-09 -0.00014978383031295729 -1.1951591805114959e-09 -2.7418749884233761e-06 3.6032791683737743e-09 -5.7301150491184671e-08 1.6709445720408668e-07 -0.00053543333088064144 1.9956544061727753e-09 2.7711163541006556e-05 0.0091434220109400458 4.3522924929595419e-05 0.037487049050445698 -2.5087657106848129e-06 0.00015146993375426911 4.6565901739015203e-08 -2.660390548223411e-05 -0.002485517199708475 -0.012547099538349676 -0.0010549329375326977
leaf_weight=38053 389 949 12227 721 1203 707 716 723 727 53625 9394 56 4048 1334 1247 8996 1261 312 951 42 53 229088 3100 4130 65 533 15831 86982 1606 4291
leaf_count=38053 389 949 12227 721 1203 707 716 723 727 53625 9394 56 4048 1334 1247 8996 1261 312 951 42 53 229088 3100 4130 65 533 15831 86982 1606 4291
internal_value=-0.000576798 -1.57573e-05 0.00528303 0.0295418 0.000100718 0.0173161 0.0348953 0.0437626 0.0305876 -0.000239301 0.0028289 0.00216617 0.00660354 0.00380273 0.0313443 7.14358e-06 0.00691282 0.0371926 0.0668361 -0.0055 0.0660513 -0.000530599 -0.00235223 -0.00243938 0.00214206 0.0630368 -0.00021045 -0.00130046 0.00480068 -0.00518232
internal_weight=483360 445307 18026 3173 14853 2626 1423 2224 1501 427281 37049 36348 22663 21656 2623 19033 10037 701 1007 1376 780 390232 58331 8776 4646 598 331901 102813 4706 13685
internal_count=483360 445307 18026 3173 14853 2626 1423 2224 1501 427281 37049 36348 22663 21656 2623 19033 10037 701 1007 1376 780 390232 58331 8776 4646 598 331901 102813 4706 13685
is_linear=0
shrinkage=0.08


Tree=157
num_leaves=31
num_cat=0
split_feature=7 33 33 39 15 2 0 2 8 8 7 13 23 2 5 5 5 2 6 1 8 8 31 39 1 7 39 25 0 8
split_gain=271.515 84.255 354.088 234.968 147.72 149.987 277.007 125.227 319.101 62.075 131.836 185.193 597.382 353.725 613.918 158.232 954.626 157.726 45.758 42.4569 40.657 37.5329 32.378 397.667 37.6719 23.558 33.0014 27.5517 78.6459 32.8923
threshold=0.0041731944444444455 4.0946916666666677 4.2660583333333344 33.498457628563202 4.3673583333333346 2.5000000000000004 0.13387044270833334 5.5000000000000009 2.1475469529102438 0.0042210448158676609 0.7024677777777778 0.96705833333333346 0.97081666666666677 5.5000000000000009 2.9461633333333341 2.8211077777777782 2.7784577777777781 5.5000000000000009 0.094941700853062042 1.0000000180025095e-35 1.0000000180025095e-35 2.1631606750402033 0.98572500000000007 6.3592296595498201 1.0000000180025095e-35 0.36899958333333344 11.942735687543243 2.9781583333333339 0.13387044270833334 0.61325631709643103
decision_type=2 2 2 2 2 2 2 2 2 2 2 2 2 2 2 2 2 2 2 2 2 2 2 2 2 2 2 2 2 2
left_child=-1 9 3 -3 -4 -6 -7 8 -5 10 17 -12 19 15 20 16 22 -2 -11 -13 -15 -10 23 -14 -25 26 -20 29 -29 -27
right_child=1 2 4 7 5 6 -8 -9 21 18 11 12 13 14 -16 -17 -18 -19 25 -21 -22 -23 -24 24 -26 27 -28 28 -30 -31
leaf_value=-0.00088612878694585757 8.7202425198293915e-05 -0.00037575218773540088 -7.6277349698727907e-07 -0.00036384209571210135 -8.0191245889338355e-05 4.5029870676671633e-09 -0.0034943272843109886 2.0678155369324714e-06 7.693838746547499e-08 -2.4884372304008197e-05 -2.6658246010669017e-09 -0.00013780112388792176 -1.0995464450047621e-09 -2.5225249893523482e-06 3.3150168476936416e-09 -5.27170584518899e-08 1.5372690061354889e-07 -0.0004925986644101865 -0.005637775324579701 1.8360020526131393e-09 2.5494270457713242e-05 0.0084119482500648567 -2.3080644538264751e-06 0.00013935233905392863 4.2840629603801974e-08 0.0018444602675982758 0.13074151714427962 -2.4475593043655381e-05 -0.0012787081464789606 -0.00022467911094416594
leaf_weight=38053 389 949 12227 721 1203 707 716 723 727 42410 13685 56 4048 1334 1247 8996 1261 312 39962 951 42 53 4130 65 533 79461 533 14559 83691 129616
leaf_count=38053 389 949 12227 721 1203 707 716 723 727 42410 13685 56 4048 1334 1247 8996 1261 312 39962 951 42 53 4130 65 533 79461 533 14559 83691 129616
internal_value=-0.000628767 -7.45033e-05 0.00528303 0.0295418 0.000100718 0.0173161 0.0348953 0.0437626 0.0305876 -0.000300525 0.0028289 0.00216617 0.00660354 0.00380273 0.0313443 7.14358e-06 0.00691282 0.0371926 -0.000597636 0.0668361 -0.0055 0.0660513 -0.00243938 0.00214206 0.0630368 -0.000295141 -0.0021089 -5.61506e-05 -0.00116112 0.0004631
internal_weight=483360 445307 18026 3173 14853 2626 1423 2224 1501 427281 37049 36348 22663 21656 2623 19033 10037 701 390232 1007 1376 780 8776 4646 598 347822 40495 307327 98250 209077
internal_count=483360 445307 18026 3173 14853 2626 1423 2224 1501 427281 37049 36348 22663 21656 2623 19033 10037 701 390232 1007 1376 780 8776 4646 598 347822 40495 307327 98250 209077
is_linear=0
shrinkage=0.08


Tree=158
num_leaves=31
num_cat=0
split_feature=7 33 33 39 15 2 0 2 8 8 7 13 23 2 5 5 5 2 1 8 8 39 39 7 8 31 39 1 23 8
split_gain=269.609 84.9101 353.958 234.968 148.151 149.467 277.007 125.227 319.101 62.7602 131.836 185.193 597.382 353.725 613.918 158.232 954.626 157.726 42.4569 40.657 40.6292 48.5749 48.3807 42.0956 37.5329 32.378 397.667 37.6719 29.5087 40.4795
threshold=0.0041731944444444455 4.0946916666666677 4.2660583333333344 33.498457628563202 4.3673583333333346 2.5000000000000004 0.13387044270833334 5.5000000000000009 2.1475469529102438 0.0042210448158676609 0.7024677777777778 0.96705833333333346 0.97081666666666677 5.5000000000000009 2.9461633333333341 2.8211077777777782 2.7784577777777781 5.5000000000000009 1.0000000180025095e-35 1.0000000180025095e-35 0.12714578923209288 6.3662618172144496 6.9832898392040716 0.87127013888888905 2.1631606750402033 0.98572500000000007 6.3592296595498201 1.0000000180025095e-35 0.89676666666666682 0.077632606057099832
decision_type=2 2 2 2 2 2 2 2 2 2 2 2 2 2 2 2 2 2 2 2 2 2 2 2 2 2 2 2 2 2
left_child=-1 9 3 -3 -4 -6 -7 8 -5 10 17 -12 18 15 19 16 25 -2 -13 -15 21 -11 23 -23 -10 26 -14 -28 -25 -30
right_child=1 2 4 7 5 6 -8 -9 24 20 11 12 13 14 -16 -17 -18 -19 -20 -21 -22 22 -24 28 -26 -27 27 -29 29 -31
leaf_value=-0.00081523848399018899 8.0226231182427559e-05 -0.00034569201271658303 -7.0175161724250758e-07 -0.0003347347280551105 -7.3775946218219708e-05 4.1427480823585936e-09 -0.0032147811015661009 1.9023902940062953e-06 7.0783316488132184e-08 -7.6566938182995875e-05 -2.452558636178992e-09 -0.0001267770339768859 -1.0115827286938385e-09 -2.3207229902055815e-06 3.0498155112468339e-09 -4.849969378994956e-08 1.4142874857014931e-07 -0.00045319077125737016 1.6891218912462591e-09 2.3454728821086235e-05 -2.2517545600162951e-05 -0.0012156209609724149 -1.4432986756363065e-05 0.0013902189840786134 0.0077389923900596817 -2.1234192975239097e-06 0.000128204151929614 3.9413379235853084e-08 0.00010201432733222937 -1.2162613513764243e-05
leaf_weight=38053 389 949 12227 721 1203 707 716 723 727 31186 13685 56 4048 1334 1247 8996 1261 312 951 42 356129 327 1808 133 53 4130 65 533 416 233
leaf_count=38053 389 949 12227 721 1203 707 716 723 727 31186 13685 56 4048 1334 1247 8996 1261 312 951 42 356129 327 1808 133 53 4130 65 533 416 233
internal_value=-0.000643166 -9.08516e-05 0.00528747 0.0295418 0.000106105 0.0173465 0.0348953 0.0437626 0.0305876 -0.000317751 0.0028289 0.00216617 0.00660354 0.00380273 0.0313443 7.14358e-06 0.00691282 0.0371926 0.0668361 -0.0055 -0.000616497 -0.00325438 0.00661776 0.0197728 0.0660513 -0.00243938 0.00214206 0.0630368 0.0298517 0.0228166
internal_weight=483360 445307 18026 3173 14853 2626 1423 2224 1501 427281 37049 36348 22663 21656 2623 19033 10037 701 1007 1376 390232 34103 2917 1109 780 8776 4646 598 782 649
internal_count=483360 445307 18026 3173 14853 2626 1423 2224 1501 427281 37049 36348 22663 21656 2623 19033 10037 701 1007 1376 390232 34103 2917 1109 780 8776 4646 598 782 649
is_linear=0
shrinkage=0.08


Tree=159
num_leaves=31
num_cat=0
split_feature=7 33 33 39 15 2 0 2 8 8 7 13 23 2 5 5 5 2 8 1 8 8 31 39 1 39 39 8 0 5
split_gain=268.864 85.2167 353.958 234.968 148.151 149.467 277.007 125.227 319.101 63.1642 131.836 185.193 597.382 353.725 613.918 158.232 954.626 157.726 46.7926 42.4569 40.657 37.5329 32.378 397.667 37.6719 29.2659 23.7677 43.2909 22.0527 198.806
threshold=0.0041731944444444455 4.0946916666666677 4.2660583333333344 33.498457628563202 4.3673583333333346 2.5000000000000004 0.13387044270833334 5.5000000000000009 2.1475469529102438 0.0042210448158676609 0.7024677777777778 0.96705833333333346 0.97081666666666677 5.5000000000000009 2.9461633333333341 2.8211077777777782 2.7784577777777781 5.5000000000000009 0.12714578923209288 1.0000000180025095e-35 1.0000000180025095e-35 2.1631606750402033 0.98572500000000007 6.3592296595498201 1.0000000180025095e-35 6.3662618172144496 6.9832898392040716 0.077632606057099832 0.18542480468750003 0.74428722222222232
decision_type=2 2 2 2 2 2 2 2 2 2 2 2 2 2 2 2 2 2 2 2 2 2 2 2 2 2 2 2 2 2
left_child=-1 9 3 -3 -4 -6 -7 8 -5 10 17 28 19 15 20 16 22 -2 25 -13 -15 -10 23 -14 -25 -11 27 -27 -12 -30
right_child=1 2 4 7 5 6 -8 -9 21 18 11 12 13 14 -16 -17 -18 -19 -20 -21 -22 -23 -24 24 -26 26 -28 -29 29 -31
leaf_value=-0.00075001940527097389 7.3808132687833711e-05 -0.00031803665169924503 -6.4561148789721305e-07 -0.00030795594981071874 -6.7873870520784871e-05 3.8113282130325388e-09 -0.0029575986134408273 1.7501990704715809e-06 6.5120651200345496e-08 -7.0441583128353356e-05 -2.2563539481268437e-09 -0.00011663487125873395 -9.3065611217468814e-10 -2.1350651509877138e-06 2.8058302703470872e-09 -4.4619718302385536e-08 1.3011444867316869e-07 -0.00041693550955677948 -2.0716141952149911e-05 1.5539921438545435e-09 2.1578350515412125e-05 0.0071198729988549052 -1.9535457537234181e-06 0.00011794781977524594 3.6260308897695385e-08 9.3853181145648893e-05 -1.3278347815850466e-05 -1.1189604432662037e-05 -0.00097053789305943103 0.00013926936709723669
leaf_weight=38053 389 949 12227 721 1203 707 716 723 727 31186 9394 56 4048 1334 1247 8996 1261 312 356129 951 42 53 4130 65 533 525 1808 584 4039 252
leaf_count=38053 389 949 12227 721 1203 707 716 723 727 31186 9394 56 4048 1334 1247 8996 1261 312 356129 951 42 53 4130 65 533 525 1808 584 4039 252
internal_value=-0.000652104 -0.000100553 0.00528747 0.0295418 0.000106105 0.0173465 0.0348953 0.0437626 0.0305876 -0.000327861 0.0028289 0.00216617 0.00660354 0.00380273 0.0313443 7.14358e-06 0.00691282 0.0371926 -0.000627567 0.0668361 -0.0055 0.0660513 -0.00243938 0.00214206 0.0630368 -0.00345847 0.00420432 0.0134247 -0.00518232 -0.000430671
internal_weight=483360 445307 18026 3173 14853 2626 1423 2224 1501 427281 37049 36348 22663 21656 2623 19033 10037 701 390232 1007 1376 780 8776 4646 598 34103 2917 1109 13685 4291
internal_count=483360 445307 18026 3173 14853 2626 1423 2224 1501 427281 37049 36348 22663 21656 2623 19033 10037 701 390232 1007 1376 780 8776 4646 598 34103 2917 1109 13685 4291
is_linear=0
shrinkage=0.08


Tree=160
num_leaves=31
num_cat=0
split_feature=7 33 33 39 15 2 0 2 8 8 7 13 23 2 5 5 5 2 8 1 8 8 31 39 1 39 39 8 0 5
split_gain=268.892 85.2053 353.958 234.968 148.151 149.467 277.007 125.227 319.101 63.1492 131.836 185.193 597.382 353.725 613.918 158.232 954.626 157.726 46.8061 42.4569 40.657 37.5329 32.378 397.667 37.6719 29.2659 23.7677 43.2909 22.0527 198.806
threshold=0.0041731944444444455 4.0946916666666677 4.2660583333333344 33.498457628563202 4.3673583333333346 2.5000000000000004 0.13387044270833334 5.5000000000000009 2.1475469529102438 0.0042210448158676609 0.7024677777777778 0.96705833333333346 0.97081666666666677 5.5000000000000009 2.9461633333333341 2.8211077777777782 2.7784577777777781 5.5000000000000009 0.12714578923209288 1.0000000180025095e-35 1.0000000180025095e-35 2.1631606750402033 0.98572500000000007 6.3592296595498201 1.0000000180025095e-35 6.3662618172144496 6.9832898392040716 0.077632606057099832 0.18542480468750003 0.74428722222222232
decision_type=2 2 2 2 2 2 2 2 2 2 2 2 2 2 2 2 2 2 2 2 2 2 2 2 2 2 2 2 2 2
left_child=-1 9 3 -3 -4 -6 -7 8 -5 10 17 28 19 15 20 16 22 -2 25 -13 -15 -10 23 -14 -25 -11 27 -27 -12 -30
right_child=1 2 4 7 5 6 -8 -9 21 18 11 12 13 14 -16 -17 -18 -19 -20 -21 -22 -23 -24 24 -26 26 -28 -29 29 -31
leaf_value=-0.00069001785284929587 6.7903482072804164e-05 -0.00029259371956328548 -5.9396256887112034e-07 -0.00028331947382582713 -6.2443960879150496e-05 3.5064219616742777e-09 -0.0027209907243655896 1.6101831448622761e-06 5.9910999112844372e-08 -6.4806256478089352e-05 -2.0758456287239823e-09 -0.0001073040815580395 -8.5620362355598452e-10 -1.9642599389158024e-06 2.581363851561491e-09 -4.105014085098446e-08 1.1970529278926278e-07 -0.00038358066879223607 -1.9058850595977919e-05 1.4296727712803658e-09 1.9852082474187682e-05 0.0065502831589465162 -1.7972620934258998e-06 0.00010851199419322555 3.3359484188366651e-08 8.6344926653998406e-05 -1.2216079990583496e-05 -1.0294436078046588e-05 -0.00089289486161467477 0.00012812781772946201
leaf_weight=38053 389 949 12227 721 1203 707 716 723 727 31186 9394 56 4048 1334 1247 8996 1261 312 356129 951 42 53 4130 65 533 525 1808 584 4039 252
leaf_count=38053 389 949 12227 721 1203 707 716 723 727 31186 9394 56 4048 1334 1247 8996 1261 312 356129 951 42 53 4130 65 533 525 1808 584 4039 252
internal_value=-0.000651773 -0.000100193 0.00528747 0.0295418 0.000106105 0.0173465 0.0348953 0.0437626 0.0305876 -0.000327487 0.0028289 0.00216617 0.00660354 0.00380273 0.0313443 7.14358e-06 0.00691282 0.0371926 -0.000627157 0.0668361 -0.0055 0.0660513 -0.00243938 0.00214206 0.0630368 -0.00345847 0.00420432 0.0134247 -0.00518232 -0.000430671
internal_weight=483360 445307 18026 3173 14853 2626 1423 2224 1501 427281 37049 36348 22663 21656 2623 19033 10037 701 390232 1007 1376 780 8776 4646 598 34103 2917 1109 13685 4291
internal_count=483360 445307 18026 3173 14853 2626 1423 2224 1501 427281 37049 36348 22663 21656 2623 19033 10037 701 390232 1007 1376 780 8776 4646 598 34103 2917 1109 13685 4291
is_linear=0
shrinkage=0.08


Tree=161
num_leaves=31
num_cat=0
split_feature=7 31 31 8 33 33 39 6 6 2 8 25 8 31 6 8 1 8 2 5 5 5 8 8 6 31 39 1 29 7
split_gain=270.871 86.7756 607.245 175.432 110.941 322.908 229.774 161.967 402.013 125.841 318.794 57.3341 63.5079 56.5014 102.691 57.3063 51.6218 47.8909 353.628 613.918 158.354 954.404 40.657 34.8638 34.6434 32.6221 400.043 35.7302 29.3443 65.2746
threshold=0.0041731944444444455 0.96705833333333346 0.97126666666666672 0.14017025764434085 4.0946916666666677 4.2660583333333344 33.498457628563202 2.2687953549117403 2.2720559821751647 5.5000000000000009 2.1475469529102438 4.1787083333333337 0.15838581393920592 0.95262500000000017 0.1068385896328843 0.2102990357183048 1.0000000180025095e-35 0.0051176092131718452 5.5000000000000009 2.9461633333333341 2.8211077777777782 2.7784577777777781 1.0000000180025095e-35 2.1631606750402033 0.2454688554779754 0.98572500000000007 6.3592296595498201 1.0000000180025095e-35 4.9816166666666684 0.83460972222222229
decision_type=2 2 2 2 2 2 2 2 2 2 2 2 2 2 2 2 2 2 2 2 2 2 2 2 2 2 2 2 2 2
left_child=-1 11 3 16 17 6 -6 -7 -9 10 -8 12 -2 28 15 -15 -3 18 20 22 21 25 -20 -12 -18 26 -4 -28 -14 -30
right_child=1 2 4 -5 5 7 9 8 -10 -11 23 -13 13 14 -16 -17 24 -19 19 -21 -22 -23 -24 -25 -26 -27 27 -29 29 -31
leaf_value=-0.00063481642462135226 -1.8382135407524202e-06 -9.8719755033398475e-05 -7.8770733047406337e-10 -0.00030822038917837524 -0.0002691862219982255 -5.4644556335858851e-07 -0.00026065391591977515 3.2259082161090193e-09 0.0091369837513928295 1.4813684932590831e-06 5.5118119206554185e-08 -1.7534142548299687e-05 -0.00029017857825668558 0.00073731330453328245 0.0029380631558586817 -0.00032990392353665854 8.1347676229803766e-07 -1.9288071266920783e-06 -1.8071191438195911e-06 2.3748547306468028e-09 -3.7766129565852678e-08 1.1012886936612177e-07 1.8263915876239877e-05 -0.058571727793889181 -0.00023534261328162824 -1.6534811259560912e-06 0.00010168772734213721 3.0690725454363132e-08 0.0022349732451742454 -0.000486145974824598
leaf_weight=38053 49797 60 4056 298 866 7075 707 693 2315 716 727 15519 151081 300 1068 82 1137 185593 1334 1247 8996 1261 42 44 43 4135 68 533 1791 3723
leaf_count=38053 49797 60 4056 298 866 7075 707 693 2315 716 727 15519 151081 300 1068 82 1137 185593 1334 1247 8996 1261 42 44 43 4135 68 533 1791 3723
internal_value=-0.000625954 -7.23475e-05 0.00104796 0.0511417 0.000698412 0.00782591 0.0305882 0.000917979 0.0164681 0.044361 0.0310257 -0.00118556 -0.000835329 -5.03673e-05 0.015669 0.051267 0.0643871 0.000246446 0.00380509 0.0313443 1.30171e-05 0.00691296 -0.0055 0.0666044 0.0680678 -0.0024222 0.00216964 0.0630815 -0.000195921 0.00553645
internal_weight=483360 445307 221946 1538 220408 13143 3060 10083 3008 2194 1478 223361 207842 158045 1450 382 1240 207265 21672 2623 19049 10053 1376 771 1180 8792 4657 601 156595 5514
internal_count=483360 445307 221946 1538 220408 13143 3060 10083 3008 2194 1478 223361 207842 158045 1450 382 1240 207265 21672 2623 19049 10053 1376 771 1180 8792 4657 601 156595 5514
is_linear=0
shrinkage=0.08


Tree=162
num_leaves=31
num_cat=0
split_feature=7 33 33 39 15 2 0 2 8 8 2 5 7 5 2 0 2 13 21 5 5 8 7 23 7 1 8 23 8 6
split_gain=271.752 100.004 339.726 234.968 138.054 149.467 277.007 125.227 319.101 70.0356 284.051 238.856 369.217 358.502 655.292 203.836 178.623 100.185 342.327 164.998 952.234 43.8317 45.5783 39.1679 54.2109 39.0709 37.5329 28.062 51.1536 30.6618
threshold=0.0041731944444444455 4.0946916666666677 4.2660583333333344 33.498457628563202 4.3673583333333346 2.5000000000000004 0.13387044270833334 5.5000000000000009 2.1475469529102438 0.0042210448158676609 4.5000000000000009 0.95289944444444452 0.94465500000000002 2.9461633333333341 5.5000000000000009 0.18542480468750003 5.5000000000000009 0.9848083333333334 0.9857583333333334 2.8211077777777782 2.7784577777777781 0.2310557960493396 0.70315166666666673 0.97081666666666677 0.88306055555555563 1.0000000180025095e-35 2.1631606750402033 0.96676666666666677 0.16616239251758641 0.2385784076262179
decision_type=2 2 2 2 2 2 2 2 2 2 2 2 2 2 2 2 2 2 2 2 2 2 2 2 2 2 2 2 2 2
left_child=-1 9 3 -3 -4 -6 -7 8 -5 10 17 12 15 -13 -15 -12 -17 -2 25 20 -20 22 -11 24 -24 -19 -10 -26 29 -29
right_child=1 2 4 7 5 6 -8 -9 26 21 11 13 -14 14 -16 16 -18 18 19 -21 -22 -23 23 -25 27 -27 -28 28 -30 -31
leaf_value=-0.00058403111065164414 -2.4790006225572368e-09 -0.00024765132423837599 -5.0272991828137489e-07 -0.00023980160264621021 -5.7404728363721348e-05 2.9678355417672721e-09 -0.003234270166527812 1.3628590137670927e-06 5.0708669689925049e-08 -0.00085314523778671082 -1.6911564574950689e-06 -8.717086727116907e-07 1.4514730527714904e-07 -6.9886569406847344e-05 2.1848663678269985e-09 0.00098407846153331308 -0.0003527471582056041 9.1696016470397269e-05 -1.5212026358835118e-06 -3.4744839183531442e-08 1.01318559799779e-07 -1.6131411144435712e-05 -6.1955666384445602e-05 -2.5664732457197914e-06 0.00062907318636121982 2.8235467421922067e-08 0.0069819853604295825 7.4839862131526045e-07 -0.00028356275804410915 -0.00035467439498796164
leaf_weight=38053 14130 949 12227 721 1203 707 716 723 727 39980 1261 4777 1051 1381 1247 552 312 63 4060 6421 1261 318747 5696 22119 3320 533 53 187 139 44
leaf_count=38053 14130 949 12227 721 1203 707 716 723 727 39980 1261 4777 1051 1381 1247 552 312 63 4060 6421 1261 318747 5696 22119 3320 533 53 187 139 44
internal_value=-0.000611223 -5.67178e-05 0.00578009 0.0295418 0.000703964 0.0173465 0.0348953 0.0437626 0.0305876 -0.000302959 0.00302108 0.0141 0.0324534 0.00622822 0.0299604 0.0132706 0.0432037 -0.00140789 0.00385929 0.000857092 0.0112746 -0.000618547 -0.0024089 -0.000133314 0.00419689 0.0630067 0.0660513 0.0117507 0.0326486 0.0557229
internal_weight=483360 445307 18026 3173 14853 2626 1423 2224 1501 427281 37049 10581 3176 7405 2628 2125 864 26468 12338 11742 5321 390232 71485 31505 9386 596 780 3690 370 231
internal_count=483360 445307 18026 3173 14853 2626 1423 2224 1501 427281 37049 10581 3176 7405 2628 2125 864 26468 12338 11742 5321 390232 71485 31505 9386 596 780 3690 370 231
is_linear=0
shrinkage=0.08


Tree=163
num_leaves=31
num_cat=0
split_feature=7 33 33 39 15 2 0 2 8 19 8 25 8 39 7 39 7 2 7 2 8 25 39 8 8 33 8 31 13 31
split_gain=266.332 102.438 339.726 234.968 138.054 149.467 277.007 125.227 319.101 58.8532 68.1088 73.6541 54.3442 288.731 484.337 174.839 895.396 473.287 606.15 69.5614 127.23 37.584 132.863 53.0032 37.5329 29.4482 30.2769 30.2833 28.4162 420.815
threshold=0.0041731944444444455 4.0946916666666677 4.2660583333333344 33.498457628563202 4.3673583333333346 2.5000000000000004 0.13387044270833334 5.5000000000000009 2.1475469529102438 0.72325000000000017 0.2310557960493396 4.0268000000000006 0.093911810658606279 6.1534803702613727 0.94465500000000002 21.07590757345163 2.8210648611111115 5.5000000000000009 2.9697776388888895 3.5000000000000004 0.033028002712820061 2.6623166666666669 38.191846032040722 1.0859725813825156 2.1631606750402033 -0.84193333333333353 0.38554241066797107 0.28329166666666672 0.9848083333333334 0.98572500000000007
decision_type=2 2 2 2 2 2 2 2 2 2 2 2 2 2 2 2 2 2 2 2 2 2 2 2 2 2 2 2 2 2
left_child=-1 9 3 -3 -4 -6 -7 8 -5 10 -2 21 13 14 19 28 -17 -18 -19 20 -11 25 -23 -24 -10 -12 27 -27 -15 -30
right_child=1 2 4 7 5 6 -8 -9 24 12 11 -13 -14 15 -16 16 17 18 -20 -21 -22 22 23 -25 -26 26 -28 -29 29 -31
leaf_value=-0.0005373086217995125 -0.00078489361876377399 -0.00022783921829933718 -4.6251152483023364e-07 -0.00022061747443451906 -5.2812350094626481e-05 2.7304086813728644e-09 -0.0029755285532055541 1.2538302926401457e-06 4.6651976148837095e-08 0.00011802484771441968 0.0022780488662669995 -1.4840898252880856e-05 -1.2291574893907864e-06 -2.280680568844673e-09 1.3353552085426657e-07 9.3213075018638851e-08 -3.1965252063059779e-08 -1.5928129185027728e-06 2.010077047032155e-09 -1.5558639408919107e-06 0.00021117288421178577 0.0072688430476163472 0.0025996989749513233 -0.00087100909852097172 0.0064234265315952326 -0.004951102164560372 -0.0051572650964093825 0.0058041117472483949 2.5976630029234117e-08 -1.3995064250149624e-06
leaf_weight=38053 44455 949 12227 721 1203 707 716 723 727 262 12557 15159 212286 12985 1151 1270 9210 1471 1275 1391 631 3312 521 133 53 11772 74720 17513 620 4587
leaf_count=38053 44455 949 12227 721 1203 707 716 723 727 262 12557 15159 212286 12985 1151 1270 9210 1471 1275 1391 631 3312 521 133 53 11772 74720 17513 620 4587
internal_value=-0.000676268 -0.000127321 0.00578009 0.0295418 0.000703964 0.0173465 0.0348953 0.0437626 0.0305876 -0.000376541 -0.00147626 -0.00058588 0.000425054 0.00335282 0.0253741 0.000945189 0.00794435 0.00116025 0.0303103 0.00404903 0.0214737 7.51342e-05 0.00773373 0.040685 0.0660513 -0.000185448 -0.000627279 0.00155301 -0.00414336 0.000849624
internal_weight=483360 445307 18026 3173 14853 2626 1423 2224 1501 427281 180142 135687 247139 34853 3435 31418 13226 11956 2746 2284 893 120528 3966 654 780 116562 104005 29285 18192 5207
internal_count=483360 445307 18026 3173 14853 2626 1423 2224 1501 427281 180142 135687 247139 34853 3435 31418 13226 11956 2746 2284 893 120528 3966 654 780 116562 104005 29285 18192 5207
is_linear=0
shrinkage=0.08


Tree=164
num_leaves=31
num_cat=0
split_feature=7 33 33 39 15 2 0 2 8 8 2 5 7 5 2 0 2 13 21 5 5 1 8 33 5 6 23 23 23 8
split_gain=269.377 100.991 339.726 234.968 138.054 149.467 277.007 125.227 319.101 71.3037 284.051 238.856 369.217 358.502 655.292 203.836 178.623 100.185 342.327 164.998 952.234 39.0709 37.5329 35.7174 54.2231 42.2541 23.0124 46.5366 67.7705 62.4549
threshold=0.0041731944444444455 4.0946916666666677 4.2660583333333344 33.498457628563202 4.3673583333333346 2.5000000000000004 0.13387044270833334 5.5000000000000009 2.1475469529102438 0.0042210448158676609 4.5000000000000009 0.95289944444444452 0.94465500000000002 2.9461633333333341 5.5000000000000009 0.18542480468750003 5.5000000000000009 0.9848083333333334 0.9857583333333334 2.8211077777777782 2.7784577777777781 1.0000000180025095e-35 2.1631606750402033 -4.2133166666666657 2.0514405555555562 0.23186445596969477 0.72525833333333334 0.97081666666666677 0.96676666666666677 0.15838581393920592
decision_type=2 2 2 2 2 2 2 2 2 2 2 2 2 2 2 2 2 2 2 2 2 2 2 2 2 2 2 2 2 2
left_child=-1 9 3 -3 -4 -6 -7 8 -5 10 17 12 15 -13 -15 -12 -17 -2 21 20 -20 -19 -10 24 -11 26 -25 28 -28 -30
right_child=1 2 4 7 5 6 -8 -9 22 23 11 13 -14 14 -16 16 -18 18 19 -21 -22 -23 -24 25 -26 -27 27 -29 29 -31
leaf_value=-0.00049432393205555152 -2.0982261261792702e-09 -0.00020961208083541293 -4.2551060282391971e-07 -0.0002029680764797348 -4.8587362087033629e-05 2.5119759783365225e-09 -0.0027374862689490886 1.1535238692061968e-06 4.2919818028508414e-08 -1.3653626392650387e-05 -1.4313948256194919e-06 -7.994147587098155e-07 1.2285267918521471e-07 -6.4293086634137353e-05 1.8492708875328391e-09 0.00096814367411174557 -0.00026173589604804981 8.4358257022358889e-05 -1.2875459110173182e-06 -2.9408031885225227e-08 8.5756029015726652e-08 2.3898499623697944e-08 0.0059095524090675786 -0.00075495119528173036 0.063720846376483231 5.5133391980177753e-06 8.889858933647532e-05 -6.0433264977888258e-06 7.8685933075917096e-07 -0.0002607794048014345
leaf_weight=38053 14130 949 12227 721 1203 707 716 723 727 13039 1261 4777 1051 1381 1247 552 312 63 4060 6421 1261 533 53 55787 4900 277474 10071 28669 187 105
leaf_count=38053 14130 949 12227 721 1203 707 716 723 727 13039 1261 4777 1051 1381 1247 552 312 63 4060 6421 1261 533 53 55787 4900 277474 10071 28669 187 105
internal_value=-0.000637539 -8.54621e-05 0.00578009 0.0295418 0.000703964 0.0173465 0.0348953 0.0437626 0.0305876 -0.000332916 0.00302108 0.0141 0.0324534 0.00622822 0.0299604 0.0132706 0.0432037 -0.00140789 0.00385929 0.000857092 0.0112746 0.0630067 0.0660513 -0.000651348 -0.00413803 -0.000483342 -0.0019413 -0.000451324 0.0041432 0.042137
internal_weight=483360 445307 18026 3173 14853 2626 1423 2224 1501 427281 37049 10581 3176 7405 2628 2125 864 26468 12338 11742 5321 596 780 390232 17939 372293 94819 39032 10363 292
internal_count=483360 445307 18026 3173 14853 2626 1423 2224 1501 427281 37049 10581 3176 7405 2628 2125 864 26468 12338 11742 5321 596 780 390232 17939 372293 94819 39032 10363 292
is_linear=0
shrinkage=0.08


Tree=165
num_leaves=31
num_cat=0
split_feature=7 33 33 39 15 2 0 2 8 31 8 39 7 19 39 7 2 7 31 8 19 25 8 27 8 13 31 8 8 7
split_gain=266.399 102.189 339.726 234.968 138.054 149.467 277.007 125.227 319.101 65.6368 80.64 400.642 402.938 206.1 175.873 895.11 472.879 606.15 68.7452 123.791 63.1338 43.0659 55.5817 39.3403 37.5329 28.3143 420.363 40.9578 31.7972 26.0457
threshold=0.0041731944444444455 4.0946916666666677 4.2660583333333344 33.498457628563202 4.3673583333333346 2.5000000000000004 0.13387044270833334 5.5000000000000009 2.1475469529102438 0.73840833333333344 0.096781237434110753 6.1534803702613727 0.94465500000000002 0.69999166666666668 21.07590757345163 2.8210648611111115 5.5000000000000009 2.9697776388888895 0.77009166666666673 0.0051176092131718452 0.72325000000000017 4.1787083333333337 0.2310557960493396 0.77009166666666673 2.1631606750402033 0.9848083333333334 0.98572500000000007 0.028112341566782838 1.0000000180025095e-35 0.95534722222222235
decision_type=2 2 2 2 2 2 2 2 2 2 2 2 2 2 2 2 2 2 2 2 2 2 2 2 2 2 2 2 2 2
left_child=-1 9 3 -3 -4 -6 -7 8 -5 20 11 12 13 23 25 -16 -17 -18 19 -15 21 22 -2 -11 -10 27 28 -13 -27 -14
right_child=1 2 4 7 5 6 -8 -9 24 10 -12 14 29 18 15 16 17 -19 -20 -21 -22 -23 -24 -25 -26 26 -28 -29 -30 -31
leaf_value=-0.00045477801749110733 -0.00069455509965919194 -0.00019284311436855718 -3.914697546036905e-07 -0.00018673063036132477 -4.470037312003683e-05 2.3110178659635497e-09 -0.0025184873674331787 1.0612419596611744e-06 3.9486232594754257e-08 -2.1116172495005969e-05 -9.8738597793079913e-07 -1.9303680343085716e-09 1.1302446485395024e-07 0.0001085830277553601 7.889554670015287e-08 -2.7055389324459611e-08 -1.4014347043200814e-06 1.7013292108458701e-09 -1.3168832395660246e-06 -0.00012443500992739942 0.0011861236199069225 -1.2561336281238355e-05 -0.00033112086207722771 2.2395504210237505e-05 0.0054367882163421722 2.1986619653802108e-08 -1.1845422381373538e-06 5.1297397975513805e-05 0.0016797838397204679 0.00012419282822465405
leaf_weight=38053 41571 949 12227 721 1203 707 716 723 727 63 209245 12364 1069 252 1270 9212 1471 1275 1779 444 41227 13562 86092 437 53 534 4613 629 87 85
leaf_count=38053 41571 949 12227 721 1203 707 716 723 727 63 209245 12364 1069 252 1270 9212 1471 1275 1779 444 41227 13562 86092 437 53 534 4613 629 87 85
internal_value=-0.000669151 -0.000120135 0.00578009 0.0295418 0.000703964 0.0173465 0.0348953 0.0437626 0.0305876 -0.000369052 0.000486901 0.00400764 0.0274371 0.0118723 0.000932123 0.00795403 0.0011721 0.0303103 0.00240808 0.0237241 -0.00151764 -0.00232169 -0.00186635 0.05872 0.0660513 -0.00416393 0.000803972 -0.00616517 0.0625958 0.0675633
internal_weight=483360 445307 18026 3173 14853 2626 1423 2224 1501 427281 244829 35584 4129 2975 31455 13228 11958 2746 2475 696 182452 141225 127663 500 780 18227 5234 12993 621 1154
internal_count=483360 445307 18026 3173 14853 2626 1423 2224 1501 427281 244829 35584 4129 2975 31455 13228 11958 2746 2475 696 182452 141225 127663 500 780 18227 5234 12993 621 1154
is_linear=0
shrinkage=0.08


Tree=166
num_leaves=31
num_cat=0
split_feature=7 7 39 33 33 39 15 2 0 2 8 8 2 5 7 5 2 0 2 13 23 5 5 1 6 33 5 8 8 17
split_gain=278.558 99.2246 385.605 99.4543 339.726 234.968 138.054 149.467 277.007 125.227 319.101 69.0575 284.051 238.686 366.574 358.69 655.292 203.836 178.623 99.2301 335.742 164.723 952.581 46.0243 38.7745 37.9121 45.0416 37.5329 34.8088 133.543
threshold=0.0041731944444444455 0.0065941666666666657 0.060167456023558177 4.0946916666666677 4.2660583333333344 33.498457628563202 4.3673583333333346 2.5000000000000004 0.13387044270833334 5.5000000000000009 2.1475469529102438 0.0051176092131718452 4.5000000000000009 0.95289944444444452 0.94465500000000002 2.9461633333333341 5.5000000000000009 0.18542480468750003 5.5000000000000009 0.9848083333333334 0.98582500000000006 2.8211077777777782 2.7784577777777781 1.0000000180025095e-35 0.094941700853062042 -4.2133166666666657 2.0514405555555562 2.1631606750402033 0.096781237434110753 0.77216666666666678
decision_type=2 2 2 2 2 2 2 2 2 2 2 2 2 2 2 2 2 2 2 2 2 2 2 2 2 2 2 2 2 2
left_child=-1 2 -2 11 5 -5 -6 -8 -9 10 -7 12 19 14 17 -15 -17 -14 -19 -3 23 22 -22 -21 -13 26 -26 -12 29 -27
right_child=1 3 -4 4 6 9 7 8 -10 -11 27 24 13 15 -16 16 -18 18 -20 20 21 -23 -24 -25 25 28 -28 -29 -30 -31
leaf_value=-0.00041839577609181875 -0.00060614162566739824 -1.7759385873006296e-09 0.0011458583783857178 -0.00017741566521905838 -3.6015217425244827e-07 -0.00017179217993245287 -4.1124343270411148e-05 2.126136422475611e-09 -0.002317008378038513 9.7634260285417432e-07 3.6327333958752208e-08 -5.8601343932842557e-05 -1.2115325804007427e-06 -7.3329714684433616e-07 1.039825076620815e-07 -5.9147475272247618e-05 1.565222866872773e-09 0.00094625658815553852 -0.00018523261639146859 -5.677311071706548e-05 -1.0897788590824576e-06 -2.4890958165713073e-08 7.2583902976930411e-08 2.0227690082919024e-08 -1.1556429378739286e-05 -5.3081457460679718e-05 0.058622255515995272 0.0050018451590347927 -0.00027329466269819411 3.9830530366654975e-05
leaf_weight=38053 1253 14152 609 949 12227 721 1203 707 716 723 727 40508 1261 4783 1056 1381 1247 552 312 64 4066 6421 1261 533 13039 1898 4900 53 327058 927
leaf_count=38053 1253 14152 609 949 12227 721 1203 707 716 723 727 40508 1261 4783 1056 1381 1247 552 312 64 4066 6421 1261 533 13039 1898 4900 53 327058 927
internal_value=-0.000524166 3.72398e-05 0.0184662 -4.01422e-05 0.00578009 0.0295418 0.000703964 0.0173465 0.0348953 0.0437626 0.0305876 -0.000286759 0.00301135 0.0140846 0.032415 0.0062167 0.0299604 0.0132706 0.0432037 -0.00141511 0.00382665 0.000852569 0.0112529 0.0623518 -0.000601758 -0.000328952 -0.00391059 0.0660513 -0.000134183 0.00870796
internal_weight=483360 445307 1862 443445 18026 3173 14853 2626 1423 2224 1501 425419 37089 10592 3181 7411 2628 2125 864 26497 12345 11748 5327 597 388330 347822 17939 780 329883 2825
internal_count=483360 445307 1862 443445 18026 3173 14853 2626 1423 2224 1501 425419 37089 10592 3181 7411 2628 2125 864 26497 12345 11748 5327 597 388330 347822 17939 780 329883 2825
is_linear=0
shrinkage=0.08


Tree=167
num_leaves=31
num_cat=0
split_feature=7 31 31 8 8 8 39 31 2 7 7 39 6 13 33 33 39 6 6 2 8 8 25 6 29 29 6 7 8 13
split_gain=287.265 122.905 668.887 144.279 120.973 281.941 170.304 728.976 341.003 611.539 173.555 964.675 122.715 131.242 122.435 322.723 229.774 161.336 402.342 125.841 318.794 96.0844 57.2688 56.0343 43.7716 59.1065 99.5186 51.0837 43.2966 40.0919
threshold=0.0041731944444444455 0.95262500000000017 0.95289166666666669 1.0000000180025095e-35 0.13383363840633328 0.12539320160510772 6.3483714227597163 0.98572500000000007 5.5000000000000009 2.9697776388888895 2.8210648611111115 21.07590757345163 0.069220967367043182 0.98908333333333343 4.0946916666666677 4.2660583333333344 33.498457628563202 2.2687953549117403 2.2720559821751647 5.5000000000000009 2.1475469529102438 1.0000000180025095e-35 4.1787083333333337 0.094941700853062042 4.9816166666666684 5.0081250000000006 1.762058771864436 0.83460972222222229 0.16616239251758641 0.98294166666666671
decision_type=2 2 2 2 2 2 2 2 2 2 2 2 2 2 2 2 2 2 2 2 2 2 2 2 2 2 2 2 2 2
left_child=-1 22 3 -3 5 6 -4 21 10 -10 11 -9 13 29 -6 16 -16 -17 -19 20 -18 -8 23 -2 -25 26 -26 -28 -5 -7
right_child=1 2 4 28 14 12 7 8 9 -11 -12 -13 -14 -15 15 17 19 18 -20 -21 -22 -23 -24 24 25 -27 27 -29 -30 -31
leaf_value=-0.00038492411400447321 -1.3426526650368587e-05 9.5663907044851727e-08 -1.6338634978296796e-09 -7.3411369604521324e-05 -9.8600878324477397e-05 3.7797124149374638e-06 1.8609474876640776e-08 -1.0025965503590585e-06 -1.2306561562169805e-06 1.440005021891011e-09 -2.2899681511034943e-08 6.6777190745881402e-08 0.00012079609098966819 -3.1149501900973319e-06 -0.00016322241200150244 -3.3134000034351628e-07 -0.0001580488055378737 1.9560454944667071e-09 0.0082420827916034421 8.9823519459741881e-07 3.342114723636769e-08 -1.615246200579179e-06 -1.0631915028440143e-05 -6.2358148176286929e-05 -0.0005502848871984156 -0.0042845906445688085 0.0025179592810108176 1.4529598611867628e-05 0.00062575592910682151 1.0720925016451944e-05
leaf_weight=38053 42553 1042 9001 245 183355 287 1257 4660 1525 1284 9647 1272 494 212 866 7077 707 693 2319 716 771 135 15496 153234 995 3060 857 602 150 795
leaf_count=38053 42553 1042 9001 245 183355 287 1257 4660 1525 1284 9647 1272 494 212 866 7077 707 693 2319 716 771 135 15496 153234 995 3060 857 602 150 795
internal_value=-0.000418075 0.000152037 0.00144659 0.0558553 0.00110227 0.0057839 0.00386894 0.00802022 0.00379465 0.029451 -0.000831377 0.00993661 0.0366085 0.049558 0.000373975 0.00783086 0.0305882 0.000928534 0.0164356 0.044361 0.0310257 0.0638391 -0.00121245 -0.000851702 -0.000160659 0.00684222 0.0160913 0.0293955 0.0146835 0.0608355
internal_weight=483360 445307 228510 1437 227073 30569 28781 19780 18388 2809 15579 5932 1788 1294 196504 13149 3060 10089 3012 2194 1478 1392 216797 201301 158748 5514 2454 1459 395 1082
internal_count=483360 445307 228510 1437 227073 30569 28781 19780 18388 2809 15579 5932 1788 1294 196504 13149 3060 10089 3012 2194 1478 1392 216797 201301 158748 5514 2454 1459 395 1082
is_linear=0
shrinkage=0.08


Tree=168
num_leaves=31
num_cat=0
split_feature=7 31 8 8 39 7 7 5 39 7 2 7 13 33 33 39 6 6 2 8 19 8 27 8 8 25 13 2 8 2
split_gain=278.583 104.003 109.244 228.625 184.662 431.524 172.752 161.239 158.087 898.556 474.984 606.15 155.934 121.756 322.429 230.039 159.913 403.433 126.031 319.031 81.4517 123.852 112.969 147.541 55.2992 76.4096 38.6457 64.8006 35.6016 42.061
threshold=0.0041731944444444455 0.73840833333333344 0.13383363840633328 0.12539320160510772 6.1534803702613727 0.94465500000000002 0.95534722222222235 0.97198388888888909 21.07590757345163 2.8210648611111115 5.5000000000000009 2.9697776388888895 0.98908333333333343 4.0946916666666677 4.2660583333333344 33.498457628563202 2.2687953549117403 2.2720559821751647 5.5000000000000009 2.1475469529102438 0.74772500000000008 0.096781237434110753 0.77009166666666673 0.0051176092131718452 0.2310557960493396 4.1787083333333337 0.98294166666666671 2.5000000000000004 0.0016093407863303846 1.0000000180025095e-35
decision_type=2 2 2 2 2 2 2 2 2 2 2 2 2 2 2 2 2 2 2 2 2 2 2 2 2 2 2 2 2 2
left_child=-1 24 3 4 5 20 -7 -5 28 -10 -11 -12 26 -4 15 -15 -16 -18 19 -17 21 22 23 -3 -2 -26 27 -9 -6 -30
right_child=1 2 13 7 8 6 -8 12 9 10 11 -13 -14 14 16 18 17 -19 -20 -21 -22 -23 -24 -25 25 -27 -28 -29 29 -31
leaf_value=-0.00035413018488411537 -0.00058942523950103519 0.00010097064974204706 -8.3099430104569553e-05 0.00011468648911019841 -1.5031544187138479e-09 8.8010794483395218e-08 0.00011938664044671945 -2.8530797384265228e-05 6.1435015474842205e-08 -2.1067706974520206e-08 -1.1322036637295696e-06 1.3248046215608157e-09 -2.865754174887769e-06 -0.00015016461904139079 -3.0483280028192894e-07 -0.00014540490109482107 1.799561886173251e-09 0.0094038898169203442 8.2637637902394087e-07 3.0747455426194395e-08 -4.0487841941327928e-08 -0.00022912924196699435 2.2406073298188999e-05 -0.00010910051736876301 1.1047623306126298e-06 -9.7813618261649329e-06 9.8632510151386304e-06 3.4773354217421116e-06 5.4911396862422633e-06 -7.9263127601869602e-07
leaf_weight=38053 44709 252 202316 814 16703 1076 305 125 1272 9442 1471 1275 279 868 7105 708 693 2347 716 771 2730 1272 455 712 127226 15335 801 163 604 2762
leaf_count=38053 44709 252 202316 814 16703 1076 305 125 1272 9442 1471 1275 279 868 7105 708 693 2347 716 771 2730 1272 455 712 127226 15335 801 163 604 2762
internal_value=-0.000511256 5.01747e-05 0.00109172 0.00479797 0.00343339 0.0154519 0.0553744 0.0300202 0.000995196 0.00770282 0.00102527 0.0303103 0.0467953 0.000360645 0.00780254 0.0305504 0.000934449 0.0162895 0.0443371 0.0309993 0.00528168 0.0151587 0.031408 0.0159004 -0.00138495 -0.000615093 0.0604665 0.0353333 -0.00350351 0.00400237
internal_weight=483360 445307 258037 42513 40331 6802 1381 2182 33529 13460 12188 2746 1368 215524 13208 3063 10145 3040 2195 1479 5421 2691 1419 964 187270 142561 1089 288 20069 3366
internal_count=483360 445307 258037 42513 40331 6802 1381 2182 33529 13460 12188 2746 1368 215524 13208 3063 10145 3040 2195 1479 5421 2691 1419 964 187270 142561 1089 288 20069 3366
is_linear=0
shrinkage=0.08


Tree=169
num_leaves=31
num_cat=0
split_feature=7 33 33 39 23 2 8 23 33 7 39 31 8 8 39 7 7 5 39 7 2 7 13 19 8 27 8 8 25 13
split_gain=284.669 98.3353 335.804 234.968 136.479 125.227 319.101 106.244 331.109 100.882 385.605 77.9422 133.731 229.017 186.772 429.746 172.752 161.658 158.087 898.556 474.984 606.15 156.276 83.1893 126.711 110.271 144.301 54.2552 75.3597 38.02
threshold=0.0041731944444444455 4.0946916666666677 4.2660583333333344 33.498457628563202 4.3676583333333339 5.5000000000000009 2.1475469529102438 4.3961333333333341 4.3944666666666672 0.0065941666666666657 0.060167456023558177 0.73840833333333344 0.13383363840633328 0.12539320160510772 6.1534803702613727 0.94465500000000002 0.95534722222222235 0.97198388888888909 21.07590757345163 2.8210648611111115 5.5000000000000009 2.9697776388888895 0.98908333333333343 0.74772500000000008 0.096781237434110753 0.77009166666666673 0.0051176092131718452 0.2310557960493396 4.1787083333333337 0.98294166666666671
decision_type=2 2 2 2 2 2 2 2 2 2 2 2 2 2 2 2 2 2 2 2 2 2 2 2 2 2 2 2 2 2
left_child=-1 9 3 -3 -4 6 -5 8 -6 10 -2 27 13 14 15 23 -17 -15 -16 -20 -21 -22 29 24 25 26 -13 -11 -29 -19
right_child=1 2 4 5 7 -7 -8 -9 -10 11 -12 12 -14 17 18 16 -18 22 19 20 21 -23 -24 -25 -26 -27 -28 28 -30 -31
leaf_value=-0.00032579977009338608 -0.00050942215432189407 -0.00013815144951806246 -2.804461762906385e-07 -0.00013377250900724393 -3.7783501984733905e-05 7.6026626871339432e-07 2.8287659006309696e-08 1.6027192072343156e-05 1.6555969040155106e-09 -0.0009604541614686913 0.0011024178494069723 9.2892997762685777e-05 -7.6451475696206469e-05 0.00010551156998138467 -1.3829020684141824e-09 8.0969930928986853e-08 0.00010983570921097942 3.199148588004519e-06 5.6520214251065682e-08 -1.9382290403768821e-08 -1.0416273706326251e-06 1.2188202447305231e-09 -2.6364938408995898e-06 -3.7248814583890064e-08 -0.00021079890260963907 2.0613587434334948e-05 -0.00010037247597926 -3.691167027142228e-07 -8.9988528800717383e-06 9.074190933926474e-06
leaf_weight=38053 1253 949 10760 721 715 723 780 2670 708 42847 609 252 202316 814 20069 1076 305 288 1272 9442 1471 1275 279 2730 1272 455 712 122715 15028 801
leaf_count=38053 1253 949 10760 721 715 723 780 2670 708 42847 609 252 202316 814 20069 1076 305 288 1272 9442 1471 1275 279 2730 1272 455 712 122715 15028 801
internal_value=-0.000437771 0.00012976 0.00591767 0.0295418 0.000870933 0.0437626 0.0305876 0.0133047 0.0309599 -0.000114418 0.0184662 -0.000195743 0.000734258 0.00481302 0.00344727 0.0155343 0.0553744 0.0300568 0.000995196 0.00770282 0.00102527 0.0303103 0.0468538 0.00538498 0.0153668 0.0318027 0.0164813 -0.00145656 -0.000683187 0.0605399
internal_weight=483360 445307 18026 3173 14853 2224 1501 4093 1423 427281 1862 425419 244829 42513 40331 6802 1381 2182 33529 13460 12188 2746 1368 5421 2691 1419 964 180590 137743 1089
internal_count=483360 445307 18026 3173 14853 2224 1501 4093 1423 427281 1862 425419 244829 42513 40331 6802 1381 2182 33529 13460 12188 2746 1368 5421 2691 1419 964 180590 137743 1089
is_linear=0
shrinkage=0.08


Tree=170
num_leaves=31
num_cat=0
split_feature=7 33 33 39 23 2 8 23 33 6 2 7 7 5 5 13 7 5 13 8 8 7 5 8 8 1 8 0 2 8
split_gain=284.315 98.4879 335.804 234.968 136.479 125.227 319.101 106.244 331.109 78.6342 148.739 189.325 669.76 224.609 535.607 109.443 294.794 766.617 286.582 124.373 270.749 102.836 203.118 85.649 62.5094 55.898 48.6437 147.645 127.569 98.2609
threshold=0.0041731944444444455 4.0946916666666677 4.2660583333333344 33.498457628563202 4.3676583333333339 5.5000000000000009 2.1475469529102438 4.3961333333333341 4.3944666666666672 0.00082086158853804923 4.5000000000000009 2.9697776388888895 2.979669166666667 0.95289944444444452 0.94773722222222212 0.98294166666666671 2.8210648611111115 2.7784577777777781 0.98908333333333343 0.17749306610426863 0.12539320160510772 0.98472555555555563 0.9889772222222224 0.0024000847324288873 0.16616239251758641 1.0000000180025095e-35 0.028112341566782838 0.18542480468750003 5.5000000000000009 0.0088367937866199106
decision_type=2 2 2 2 2 2 2 2 2 2 2 2 2 2 2 2 2 2 2 2 2 2 2 2 2 2 2 2 2 2
left_child=-1 9 3 -3 -4 6 -5 8 -6 10 15 13 -13 14 26 -2 17 18 19 20 21 -17 25 -16 -25 -23 27 -12 29 -29
right_child=1 2 4 5 7 -7 -8 -9 -10 -11 11 12 -14 -15 23 16 -18 -19 -20 -21 -22 22 -24 24 -26 -27 -28 28 -30 -31
leaf_value=-0.00029973578848591515 -6.2556111322109583e-08 -0.0001270993335565862 -2.5801048217033443e-07 -0.00012307070828668999 -3.4760821825940978e-05 6.9944496722484933e-07 2.6024646260225382e-08 1.4745016706569913e-05 1.5231491801159791e-09 -8.2789446496659984e-06 -3.4268909416823591e-08 1.1213146322575085e-09 -5.4410609276125397e-05 -6.695654007415897e-07 7.4492336450404652e-08 -1.1374270947328569e-09 -1.7831707168625145e-08 5.1998597108138256e-08 -9.2215794182060058e-07 -7.033535764050747e-05 8.348255659216264e-06 -1.4225053702876523e-06 -1.9077577630914888e-05 -8.5876248008780466e-05 0.00058845952724233546 1.7351601400150687e-08 -0.00029231602299853779 0.00099562053531270672 -4.5349532870542222e-05 -0.000735525674975257
leaf_weight=38053 19290 949 10760 721 715 723 780 2670 708 375567 1306 1262 1517 6032 1042 777 7121 1261 4994 667 795 66 490 175 99 533 3290 552 320 125
leaf_count=38053 19290 949 10760 721 715 723 780 2670 708 375567 1306 1262 1517 6032 1042 777 7121 1261 4994 667 795 66 490 175 99 533 3290 552 320 125
internal_value=-0.000441909 0.000125269 0.00591767 0.0295418 0.000870933 0.0437626 0.0305876 0.0133047 0.0309599 -0.000119099 0.00280558 0.00929771 0.0282433 0.00522927 0.0150771 -2.97846e-05 0.00471073 0.0138721 0.00506417 0.02325 0.0309929 0.0143365 0.0302002 0.060997 0.0211971 0.0614491 0.00427248 0.0131898 0.0363731 0.0560473
internal_weight=483360 445307 18026 3173 14853 2224 1501 4093 1423 427281 51714 15720 2779 12941 6909 35994 16704 9583 8322 3328 2661 1866 1089 1316 274 599 5593 2303 997 677
internal_count=483360 445307 18026 3173 14853 2224 1501 4093 1423 427281 51714 15720 2779 12941 6909 35994 16704 9583 8322 3328 2661 1866 1089 1316 274 599 5593 2303 997 677
is_linear=0
shrinkage=0.08


Tree=171
num_leaves=31
num_cat=0
split_feature=7 31 8 2 13 23 39 7 2 39 2 7 7 7 8 33 33 39 6 6 2 8 19 8 7 23 7 7 25 8
split_gain=287.314 114.699 162.854 195.566 164.021 373.637 293.472 420.37 252.772 507.879 295.701 612.191 274.472 166.514 155.577 121.436 322.601 230.039 159.529 403.829 126.031 319.031 70.9194 124.098 68.9296 112.884 136.919 56.3629 55.3639 74.9246
threshold=0.0041731944444444455 0.73840833333333344 0.13383363840633328 1.5000000000000002 0.97421666666666684 0.97745000000000004 6.1534803702613727 0.94465500000000002 2.5000000000000004 21.07590757345163 5.5000000000000009 2.9697776388888895 0.99049111111111121 0.95534722222222235 0.0042210448158676609 4.0946916666666677 4.2660583333333344 33.498457628563202 2.2687953549117403 2.2720559821751647 5.5000000000000009 2.1475469529102438 0.77008333333333345 0.0051176092131718452 0.97074111111111117 0.98582500000000006 0.97410083333333342 2.8210648611111115 4.1787083333333337 0.2310557960493396
decision_type=2 2 2 2 2 2 2 2 2 2 2 2 2 2 2 2 2 2 2 2 2 2 2 2 2 2 2 2 2 2
left_child=-1 28 3 14 6 -6 7 22 9 -7 12 -12 24 -9 -3 -4 17 -17 -18 -20 21 -19 23 -5 -10 -26 -27 -11 29 -2
right_child=1 2 15 4 5 8 -8 13 10 27 11 -13 -14 -15 -16 16 18 20 19 -21 -22 -23 -24 -25 25 26 -28 -29 -30 -31
leaf_value=-0.00027575692540704201 -0.00050085513242322758 -1.6405170590871875e-08 -6.4708529029262608e-05 8.5466562430571718e-05 2.9482211898645971e-06 -8.3091137122170983e-06 -9.4203739911868919e-07 6.8532949537569721e-08 -5.2788084197175065e-08 4.7838709349434792e-08 -9.0473194891416142e-07 1.0316094645190788e-09 -6.160001686694727e-07 8.8805457498550153e-05 1.9626816011566462e-05 -0.00011693138687206784 -2.3736964358533896e-07 -0.00011322505162375762 1.4012972116006496e-09 0.0086516217080994159 6.4348936987812524e-07 2.3942674545196495e-08 -3.1527396666675144e-08 3.6241609822695865e-06 1.5963473289914987e-08 7.680395206479673e-06 -1.7551371420445607e-05 -0.00081398790372201547 -7.6166290776927183e-06 6.5594244409439288e-07
leaf_weight=38053 44709 9396 202316 252 1170 1048 8588 1070 318 1261 1528 1284 7221 281 3929 868 7105 708 693 2347 716 771 2127 1536 594 317 534 59 15335 127226
leaf_count=38053 44709 9396 202316 252 1170 1048 8588 1070 318 1261 1528 1284 7221 281 3929 868 7105 708 693 2347 716 771 2127 1536 594 317 534 59 15335 127226
internal_value=-0.000406986 0.000163175 0.00125697 0.00578214 0.00944826 0.0151486 0.00313902 0.0180084 0.0115594 0.0354122 0.00677111 0.0294111 -0.000315229 0.0564856 -0.00224841 0.000364357 0.00779649 0.0305504 0.000926563 0.0162632 0.0443371 0.0309993 0.00473052 0.0164743 0.0279841 0.0354048 0.0167239 0.0684242 -0.00134394 -0.000933145
internal_weight=483360 445307 258037 42513 29188 15334 13854 5266 14164 2368 11796 2812 8984 1351 13325 215524 13208 3063 10145 3040 2195 1479 3915 1788 1763 1445 851 1320 187270 171935
internal_count=483360 445307 258037 42513 29188 15334 13854 5266 14164 2368 11796 2812 8984 1351 13325 215524 13208 3063 10145 3040 2195 1479 3915 1788 1763 1445 851 1320 187270 171935
is_linear=0
shrinkage=0.08


Tree=172
num_leaves=31
num_cat=0
split_feature=7 8 2 5 7 5 2 0 13 31 2 5 5 33 33 39 15 2 0 2 8 1 7 8 39 25 0 8 39 0
split_gain=284.623 122.597 206.442 228.282 380.212 358.502 655.292 207.658 182.509 777.445 178.623 164.586 952.755 106.063 340.107 234.968 137.817 150.948 276.131 125.227 319.101 91.7187 38.3974 37.5329 30.3302 28.4179 78.8076 23.4429 35.871 36.7516
threshold=0.001419444444444415 0.0042210448158676609 4.5000000000000009 0.95289944444444452 0.94465500000000002 2.9461633333333341 5.5000000000000009 0.18542480468750003 0.98294166666666671 0.98572500000000007 5.5000000000000009 2.8211077777777782 2.7784577777777781 4.0946916666666677 4.2660583333333344 33.498457628563202 4.3673583333333346 2.5000000000000004 0.13387044270833334 5.5000000000000009 2.1475469529102438 1.0000000180025095e-35 0.36899958333333344 2.1631606750402033 3.6437210871418877 2.8777833333333338 0.13387044270833334 0.61325631709643103 0.14420916986729646 0.17399088541666671
decision_type=2 2 2 2 2 2 2 2 2 2 2 2 2 2 2 2 2 2 2 2 2 2 2 2 2 2 2 2 2 2
left_child=-1 2 8 4 7 -5 -7 -4 -2 21 -9 12 -11 22 15 -15 -16 -18 -19 20 -17 -10 24 -22 -3 27 -27 28 -24 -30
right_child=1 13 3 5 -6 6 -8 10 9 11 -12 -13 -14 14 16 19 17 18 -20 -21 23 -23 25 -25 -26 26 -28 -29 29 -31
leaf_value=-0.00025369637137447873 -1.3572730544808565e-07 -0.00046078672182936936 -2.9005204931209506e-08 -5.6672015517733594e-07 6.3050313574564149e-08 -5.0008480520560286e-05 9.4908070735755256e-10 0.00095603930308155508 -1.3073925270212784e-06 -8.4707289283336706e-07 -1.6531596470414912e-06 -1.5092756946444297e-08 4.4011612594374586e-08 -0.00010757687592231946 -2.1838007207009015e-07 -0.00010416704749388828 -3.196096650832203e-05 1.289193463094307e-09 -0.0042366646459101242 5.9201022025945352e-07 2.2027260584422948e-08 1.4686395424234888e-08 0.0065825576298032045 0.0046055700219058962 0.017546332380153743 -7.0072987514773014e-06 -0.0022624295717013397 -0.00029630954100674957 0.00090351084992239099 -0.00019356260770747369
leaf_weight=36094 13400 55470 1324 4777 1051 1381 1247 552 113 4069 312 6421 1261 949 12227 721 1203 707 716 723 727 1255 4187 53 4706 15831 86982 131630 66303 26968
leaf_count=36094 13400 55470 1324 4777 1051 1381 1247 552 113 4069 312 6421 1261 949 12227 721 1203 707 716 723 727 1255 4187 53 4706 15831 86982 131630 66303 26968
internal_value=-0.000386132 0.00016534 0.00456518 0.0139767 0.0316913 0.00622822 0.0299604 0.0126947 0.00078766 0.00749508 0.0432037 0.000850309 0.011242 -0.000233368 0.00576678 0.0295418 0.000687805 0.0173161 0.0349515 0.0437626 0.0305876 0.0645731 -0.000509228 0.0660513 -0.00236852 -0.000172126 -0.00127712 0.000323786 0.0012643 0.000939111
internal_weight=483360 447266 37163 10644 3239 7405 2628 2188 26519 13119 864 11751 5330 410103 18026 3173 14853 2626 1423 2224 1501 1368 392077 780 60176 331901 102813 229088 97458 93271
internal_count=483360 447266 37163 10644 3239 7405 2628 2188 26519 13119 864 11751 5330 410103 18026 3173 14853 2626 1423 2224 1501 1368 392077 780 60176 331901 102813 229088 97458 93271
is_linear=0
shrinkage=0.08


Tree=173
num_leaves=31
num_cat=0
split_feature=7 33 33 39 15 2 0 2 8 31 8 39 7 19 13 23 2 7 7 39 31 8 25 8 6 8 17 8 8 8
split_gain=258.045 104.065 340.107 234.968 137.817 150.948 276.131 125.227 319.101 51.7715 74.4535 408.904 395.831 208.943 193.311 311.758 337.503 607.842 174.264 968.947 72.5668 119.383 53.4192 73.8854 49.4164 40.8358 38.2362 37.5329 29.9457 28.5843
threshold=0.001419444444444415 4.0946916666666677 4.2660583333333344 33.498457628563202 4.3673583333333346 2.5000000000000004 0.13387044270833334 5.5000000000000009 2.1475469529102438 0.72537499999999999 0.096781237434110753 6.1534803702613727 0.95264083333333349 0.69999166666666668 0.9848083333333334 0.98582500000000006 5.5000000000000009 2.9697776388888895 2.8210648611111115 21.07590757345163 0.77009166666666673 0.0051176092131718452 4.1787083333333337 0.2310557960493396 0.10001453774685311 1.0000000180025095e-35 0.77216666666666678 2.1631606750402033 0.0024000847324288873 0.0088367937866199106
decision_type=2 2 2 2 2 2 2 2 2 2 2 2 2 2 2 2 2 2 2 2 2 2 2 2 2 2 2 2 2 2
left_child=-1 9 3 -3 -4 -6 -7 8 -5 22 11 12 13 26 -13 25 18 -18 19 -17 21 -15 23 -2 -12 -16 -11 -10 -14 -19
right_child=1 2 4 7 5 6 -8 -9 27 10 24 14 28 20 15 16 17 29 -20 -21 -22 -23 -24 -25 -26 -27 -28 -29 -30 -31
leaf_value=-0.00023340066166452041 -0.00039107471806396153 -9.897072584855949e-05 -2.0090966629027207e-07 -9.5833683694408476e-05 -2.9404089187679006e-05 1.1860579718359077e-09 -0.0038977314742372894 5.4464940262732859e-07 2.0265079712089573e-08 -5.28749093967118e-05 -7.2329433031246282e-05 -4.5381024342816543e-08 5.8006288492506999e-08 7.8640095620556848e-05 1.3511483789585554e-08 -7.79307061407053e-07 -7.8701578058115725e-07 8.7315424224243545e-10 -1.3885336400676352e-08 4.0490683588245704e-08 -2.6684788538844373e-08 -7.6102748708715141e-05 -6.4467148513591168e-06 -3.7361717922763844e-05 3.8040991275325457e-05 0.0014956697246901011 3.354167934723762e-05 0.004237124420153413 5.6066439096209562e-05 3.6261847190121632e-06
leaf_weight=36094 46404 949 12227 721 1203 707 716 723 727 61 11083 12993 1042 252 534 4359 1522 1247 9416 1270 1794 444 15017 121495 199656 77 440 53 97 37
leaf_count=36094 46404 949 12227 721 1203 707 716 723 727 61 11083 12993 1042 252 534 4359 1522 1247 9416 1270 1794 444 15017 121495 199656 77 440 53 97 37
internal_value=-0.000713011 -0.000187917 0.00576678 0.0295418 0.000687805 0.0173161 0.0349515 0.0437626 0.0305876 -0.000437985 0.000319122 0.00370381 0.0273705 0.0120869 0.000596406 0.00585765 0.00393434 0.0294056 -0.00081622 0.0103194 0.00260241 0.0245287 -0.00145755 -0.00104868 -0.000252409 0.0620491 0.0592255 0.0660513 0.0675048 0.0699439
internal_weight=483360 447266 18026 3173 14853 2626 1423 2224 1501 429240 246324 35585 4130 2991 31455 18462 17851 2806 15045 5629 2490 696 182916 167899 210739 611 501 780 1139 1284
internal_count=483360 447266 18026 3173 14853 2626 1423 2224 1501 429240 246324 35585 4130 2991 31455 18462 17851 2806 15045 5629 2490 696 182916 167899 210739 611 501 780 1139 1284
is_linear=0
shrinkage=0.08


Tree=174
num_leaves=31
num_cat=0
split_feature=7 8 33 2 13 31 5 2 5 13 5 5 2 33 33 39 15 2 0 2 8 1 6 8 17 29 8 1 0 5
split_gain=276.846 145.291 323.548 160.992 191.545 776.619 173.965 655.292 293.744 523.899 164.404 952.986 160.241 111.366 340.107 234.968 137.817 150.948 276.131 125.227 319.101 92.4601 70.3298 38.5613 133.524 123.378 37.5329 32.8068 31.904 104.304
threshold=0.001419444444444415 0.0051176092131718452 0.0070666666666666681 4.5000000000000009 0.98294166666666671 0.98572500000000007 2.9461633333333341 5.5000000000000009 0.95289944444444452 0.95262500000000017 2.8211077777777782 2.7784577777777781 5.5000000000000009 4.0946916666666677 4.2660583333333344 33.498457628563202 4.3673583333333346 2.5000000000000004 0.13387044270833334 5.5000000000000009 2.1475469529102438 1.0000000180025095e-35 0.094941700853062042 0.096781237434110753 0.73835000000000006 0.70242500000000019 2.1631606750402033 1.0000000180025095e-35 0.18542480468750003 0.71557500000000018
decision_type=2 2 2 2 2 2 2 2 2 2 2 2 2 2 2 2 2 2 2 2 2 2 2 2 2 2 2 2 2 2
left_child=-1 2 3 4 -2 21 8 -8 9 12 11 -7 28 22 15 -15 -16 -18 -19 20 -17 -6 -3 24 -24 -26 -22 -14 -5 -30
right_child=1 13 -4 6 5 10 7 -9 -10 -11 -12 -13 27 14 16 19 17 18 -20 -21 26 -23 23 -25 25 -27 -28 -29 29 -31
leaf_value=-0.0002147286087313588 -1.2123863906587929e-07 -0.00010347866910801251 2.6255016104559382e-05 -2.4550005459644808e-08 -1.1991706429093086e-06 -7.1696249649200182e-07 -4.6006691251996303e-05 8.0330188723110043e-10 -5.2027171584256846e-07 5.3365785417369692e-08 -1.2774509485780073e-08 3.7251428892659533e-08 -0.00085619952757164163 -9.1053067780677566e-05 -1.8483689295578643e-07 -8.8166988998850124e-05 -2.7051762052678897e-05 1.0911733028251546e-09 -0.0035859129562982942 5.010774503944049e-07 1.8643873360701947e-08 1.2430565083931811e-08 -2.9260756386477738e-05 -5.9309776632503868e-06 3.0858344999460385e-05 0.00053919018160835188 0.0038981544665411495 2.9765070569842678e-05 -1.061806466291948e-05 0.00091084213628015223
leaf_weight=36094 13907 42570 487 1996 116 4073 1381 1247 4783 1054 6421 1261 43 949 12227 721 1203 707 716 723 727 1255 1823 344997 479 523 53 272 389 163
leaf_count=36094 13907 42570 487 1996 116 4073 1381 1247 4783 1054 6421 1261 43 949 12227 721 1203 707 716 723 727 1255 1823 344997 479 523 53 272 389 163
internal_value=-0.000480141 6.37454e-05 0.00473888 0.00391627 0.000561386 0.00749291 0.0119223 0.0299604 0.00647356 0.0227174 0.000847297 0.0112276 0.00496542 -0.000380945 0.00576678 0.0295418 0.000687805 0.0173161 0.0349515 0.0437626 0.0305876 0.0644726 -0.000664811 -0.000289161 0.00901947 0.032479 0.0660513 0.0587936 -0.00168917 0.0153333
internal_weight=483360 447266 38848 38361 27033 13126 11328 2628 8700 3917 11755 5334 2863 408418 18026 3173 14853 2626 1423 2224 1501 1371 390392 347822 2825 1002 780 315 2548 552
internal_count=483360 447266 38848 38361 27033 13126 11328 2628 8700 3917 11755 5334 2863 408418 18026 3173 14853 2626 1423 2224 1501 1371 390392 347822 2825 1002 780 315 2548 552
is_linear=0
shrinkage=0.08


Tree=175
num_leaves=31
num_cat=0
split_feature=7 8 33 2 13 31 5 2 5 13 5 5 2 33 33 39 15 2 0 2 8 1 6 8 8 17 29 1 0 5
split_gain=276.859 145.279 323.548 160.992 191.545 776.619 173.965 655.292 293.744 523.899 164.404 952.986 160.241 111.359 340.107 234.968 137.817 150.948 276.131 125.227 319.101 92.4601 69.6519 37.5329 36.9495 129.579 133.201 32.8068 31.904 104.304
threshold=0.001419444444444415 0.0051176092131718452 0.0070666666666666681 4.5000000000000009 0.98294166666666671 0.98572500000000007 2.9461633333333341 5.5000000000000009 0.95289944444444452 0.95262500000000017 2.8211077777777782 2.7784577777777781 5.5000000000000009 4.0946916666666677 4.2660583333333344 33.498457628563202 4.3673583333333346 2.5000000000000004 0.13387044270833334 5.5000000000000009 2.1475469529102438 1.0000000180025095e-35 0.094941700853062042 2.1631606750402033 0.096781237434110753 0.77216666666666678 0.70242500000000019 1.0000000180025095e-35 0.18542480468750003 0.71557500000000018
decision_type=2 2 2 2 2 2 2 2 2 2 2 2 2 2 2 2 2 2 2 2 2 2 2 2 2 2 2 2 2 2
left_child=-1 2 3 4 -2 21 8 -8 9 12 11 -7 28 22 15 -15 -16 -18 -19 20 -17 -6 -3 -22 25 -24 -27 -14 -5 -30
right_child=1 13 -4 6 5 10 7 -9 -10 -11 -12 -13 27 14 16 19 17 18 -20 -21 23 -23 24 -25 -26 26 -28 -29 29 -31
leaf_value=-0.00019755032003285011 -1.1153954794451693e-07 -9.5200375579373994e-05 2.4154614816194604e-05 -2.2586005021807409e-08 -1.1032369914776297e-06 -6.5960549677335223e-07 -4.2326155951819547e-05 7.3903773767369786e-10 -4.7864997856805755e-07 4.9096522580782678e-08 -1.1752548729759837e-08 3.4271314568457003e-08 -0.00078770356536590931 -8.3768822358223363e-05 -1.7004994148805963e-07 -8.1113629878970536e-05 -2.4887621088467427e-05 1.0038794329148004e-09 -0.0032990399197944309 4.6099125434295728e-07 1.7152363511740987e-08 1.1436119873309281e-08 -2.6919895875563428e-05 0.0035863021092178604 -5.4564994501903559e-06 2.8389677399500712e-05 0.00037281366008986796 2.7383864924255263e-05 -9.7686194898827233e-06 0.00083797476537774253
leaf_weight=36094 13907 42570 487 1996 116 4073 1381 1247 4783 1054 6421 1261 43 949 12227 721 1203 707 716 723 727 1255 1898 53 344997 467 460 272 389 163
leaf_count=36094 13907 42570 487 1996 116 4073 1381 1247 4783 1054 6421 1261 43 949 12227 721 1203 707 716 723 727 1255 1898 53 344997 467 460 272 389 163
internal_value=-0.000479975 6.39243e-05 0.00473888 0.00391627 0.000561386 0.00749291 0.0119223 0.0299604 0.00647356 0.0227174 0.000847297 0.0112276 0.00496542 -0.000380749 0.00576678 0.0295418 0.000687805 0.0173161 0.0349515 0.0437626 0.0305876 0.0644726 -0.000664606 0.0660513 -0.000290771 0.00882124 0.0333376 0.0587936 -0.00168917 0.0153333
internal_weight=483360 447266 38848 38361 27033 13126 11328 2628 8700 3917 11755 5334 2863 408418 18026 3173 14853 2626 1423 2224 1501 1371 390392 780 347822 2825 927 315 2548 552
internal_count=483360 447266 38848 38361 27033 13126 11328 2628 8700 3917 11755 5334 2863 408418 18026 3173 14853 2626 1423 2224 1501 1371 390392 780 347822 2825 927 315 2548 552
is_linear=0
shrinkage=0.08


Tree=176
num_leaves=31
num_cat=0
split_feature=7 8 33 2 13 31 5 2 5 13 5 5 2 33 33 39 15 2 0 2 8 1 6 8 8 17 29 1 0 5
split_gain=277.023 145.146 323.548 160.992 191.545 776.619 173.965 655.292 293.744 523.899 164.404 952.986 160.241 111.274 340.107 234.968 137.817 150.948 276.131 125.227 319.101 92.4601 68.8237 37.5329 36.7183 128.967 133.966 32.8068 31.904 104.304
threshold=0.001419444444444415 0.0051176092131718452 0.0070666666666666681 4.5000000000000009 0.98294166666666671 0.98572500000000007 2.9461633333333341 5.5000000000000009 0.95289944444444452 0.95262500000000017 2.8211077777777782 2.7784577777777781 5.5000000000000009 4.0946916666666677 4.2660583333333344 33.498457628563202 4.3673583333333346 2.5000000000000004 0.13387044270833334 5.5000000000000009 2.1475469529102438 1.0000000180025095e-35 0.094941700853062042 2.1631606750402033 0.096781237434110753 0.77216666666666678 0.70242500000000019 1.0000000180025095e-35 0.18542480468750003 0.71557500000000018
decision_type=2 2 2 2 2 2 2 2 2 2 2 2 2 2 2 2 2 2 2 2 2 2 2 2 2 2 2 2 2 2
left_child=-1 2 3 4 -2 21 8 -8 9 12 11 -7 28 22 15 -15 -16 -18 -19 20 -17 -6 -3 -22 25 -24 -27 -14 -5 -30
right_child=1 13 -4 6 5 10 7 -9 -10 -11 -12 -13 27 14 16 19 17 18 -20 -21 23 -23 24 -25 -26 26 -28 -29 29 -31
leaf_value=-0.00018174629443022208 -1.0261638411002139e-07 -8.7584345533020524e-05 2.2222245630899028e-05 -2.0779124616510102e-08 -1.0149780321633274e-06 -6.068370570311288e-07 -3.894006347568535e-05 6.7991472008088753e-10 -4.4035798026698106e-07 4.5168800770767346e-08 -1.0812344832800137e-08 3.1529609394453929e-08 -0.0007246872801366333 -7.7067316569596762e-05 -1.5644594618891007e-07 -7.4624539488681304e-05 -2.2896611401392875e-05 9.2356906122859078e-10 -0.003035116726210887 4.2411195401825806e-07 1.578017446490776e-08 1.0521230286997253e-08 -2.4766304205519065e-05 0.0032993979404804244 -5.019979494175128e-06 2.6118503207541723e-05 0.00034298856728267604 2.5193155730312002e-05 -8.9871299306931718e-06 0.00077093678414752453
leaf_weight=36094 13907 42570 487 1996 116 4073 1381 1247 4783 1054 6421 1261 43 949 12227 721 1203 707 716 723 727 1255 1898 53 344997 467 460 272 389 163
leaf_count=36094 13907 42570 487 1996 116 4073 1381 1247 4783 1054 6421 1261 43 949 12227 721 1203 707 716 723 727 1255 1898 53 344997 467 460 272 389 163
internal_value=-0.000477989 6.60706e-05 0.00473888 0.00391627 0.000561386 0.00749291 0.0119223 0.0299604 0.00647356 0.0227174 0.000847297 0.0112276 0.00496542 -0.000378399 0.00576678 0.0295418 0.000687805 0.0173161 0.0349515 0.0437626 0.0305876 0.0644726 -0.000662147 0.0660513 -0.000290541 0.00879292 0.0332513 0.0587936 -0.00168917 0.0153333
internal_weight=483360 447266 38848 38361 27033 13126 11328 2628 8700 3917 11755 5334 2863 408418 18026 3173 14853 2626 1423 2224 1501 1371 390392 780 347822 2825 927 315 2548 552
internal_count=483360 447266 38848 38361 27033 13126 11328 2628 8700 3917 11755 5334 2863 408418 18026 3173 14853 2626 1423 2224 1501 1371 390392 780 347822 2825 927 315 2548 552
is_linear=0
shrinkage=0.08


Tree=177
num_leaves=31
num_cat=0
split_feature=7 33 33 39 15 2 0 2 8 8 33 2 5 2 5 13 2 13 23 5 5 6 1 8 8 17 29 1 0 5
split_gain=267.463 99.6674 340.107 234.968 137.817 150.948 276.131 125.227 319.101 85.0543 338.44 226.645 173.965 655.292 293.744 523.899 160.241 102.915 335.742 164.723 952.581 68.2934 46.0243 37.5329 36.7183 128.967 133.966 32.8068 31.904 104.304
threshold=0.001419444444444415 4.0946916666666677 4.2660583333333344 33.498457628563202 4.3673583333333346 2.5000000000000004 0.13387044270833334 5.5000000000000009 2.1475469529102438 0.0051176092131718452 0.0070666666666666681 4.5000000000000009 2.9461633333333341 5.5000000000000009 0.95289944444444452 0.95262500000000017 5.5000000000000009 0.9848083333333334 0.98582500000000006 2.8211077777777782 2.7784577777777781 0.094941700853062042 1.0000000180025095e-35 2.1631606750402033 0.096781237434110753 0.77216666666666678 0.70242500000000019 1.0000000180025095e-35 0.18542480468750003 0.71557500000000018
decision_type=2 2 2 2 2 2 2 2 2 2 2 2 2 2 2 2 2 2 2 2 2 2 2 2 2 2 2 2 2 2
left_child=-1 9 3 -3 -4 -6 -7 8 -5 10 11 17 14 -14 15 16 28 -2 22 20 -20 -11 -19 -10 25 -23 -27 -18 -13 -30
right_child=1 2 4 7 5 6 -8 -9 23 21 -12 12 13 -15 -16 -17 27 18 19 -21 -22 24 -24 -25 -26 26 -28 -29 29 -31
leaf_value=-0.00016720659087580427 -1.4918976711797429e-08 -7.0901931244051752e-05 -1.4393027051085027e-07 -6.8654576329620906e-05 -2.1064882489270076e-05 8.4968355906767103e-10 -0.0027923073881140036 3.901829976626914e-07 1.4517760504872968e-08 -8.0577597890378887e-05 2.0444465980427041e-05 -1.9116794645057665e-08 -3.5824858397646151e-05 6.2552153679007462e-10 -4.0512934184278039e-07 4.1555296705908516e-08 -0.00066671229772570235 -0.00016639207180252298 -5.5829009246721741e-07 -9.9473572490182957e-09 2.9007240627265673e-08 -2.278499986907434e-05 9.6795318604847576e-09 0.0030354461052419656 -4.6183811346411185e-06 2.4029022950937673e-05 0.00031554948190006373 2.3177703271883842e-05 -8.2681595362377186e-06 0.00070926184141572256
leaf_weight=36094 14688 949 12227 721 1203 707 716 723 727 42570 487 1996 1381 1247 4783 1054 43 64 4066 6421 1261 1898 533 53 344997 467 460 272 389 163
leaf_count=36094 14688 949 12227 721 1203 707 716 723 727 42570 487 1996 1381 1247 4783 1054 43 64 4066 6421 1261 1898 533 53 344997 467 460 272 389 163
internal_value=-0.000595335 -6.07443e-05 0.00576678 0.0295418 0.000687805 0.0173161 0.0349515 0.0437626 0.0305876 -0.000305472 0.00326441 0.00242308 0.0119223 0.0299604 0.00647356 0.0227174 0.00496542 -0.00155751 0.00382665 0.000852569 0.0112529 -0.000660712 0.0623518 0.0660513 -0.000290541 0.00879292 0.0332513 0.0587936 -0.00168917 0.0153333
internal_weight=483360 447266 18026 3173 14853 2626 1423 2224 1501 429240 38848 38361 11328 2628 8700 3917 2863 27033 12345 11748 5327 390392 597 780 347822 2825 927 315 2548 552
internal_count=483360 447266 18026 3173 14853 2626 1423 2224 1501 429240 38848 38361 11328 2628 8700 3917 2863 27033 12345 11748 5327 390392 597 780 347822 2825 927 315 2548 552
is_linear=0
shrinkage=0.08


Tree=178
num_leaves=31
num_cat=0
split_feature=7 8 33 2 13 31 5 2 5 13 5 5 2 33 33 39 15 2 0 2 8 1 6 8 8 17 29 1 0 5
split_gain=277.199 145.002 323.548 160.992 191.545 776.619 173.965 655.292 293.744 523.899 164.404 952.986 160.241 111.181 340.107 234.968 137.817 150.948 276.131 125.227 319.101 92.4601 67.8405 37.5329 36.7183 128.967 133.966 32.8068 31.904 104.304
threshold=0.001419444444444415 0.0051176092131718452 0.0070666666666666681 4.5000000000000009 0.98294166666666671 0.98572500000000007 2.9461633333333341 5.5000000000000009 0.95289944444444452 0.95262500000000017 2.8211077777777782 2.7784577777777781 5.5000000000000009 4.0946916666666677 4.2660583333333344 33.498457628563202 4.3673583333333346 2.5000000000000004 0.13387044270833334 5.5000000000000009 2.1475469529102438 1.0000000180025095e-35 0.094941700853062042 2.1631606750402033 0.096781237434110753 0.77216666666666678 0.70242500000000019 1.0000000180025095e-35 0.18542480468750003 0.71557500000000018
decision_type=2 2 2 2 2 2 2 2 2 2 2 2 2 2 2 2 2 2 2 2 2 2 2 2 2 2 2 2 2 2
left_child=-1 2 3 4 -2 21 8 -8 9 12 11 -7 28 22 15 -15 -16 -18 -19 20 -17 -6 -3 -22 25 -24 -27 -14 -5 -30
right_child=1 13 -4 6 5 10 7 -9 -10 -11 -12 -13 27 14 16 19 17 18 -20 -21 23 -23 24 -25 -26 26 -28 -29 29 -31
leaf_value=-0.00015383006360573993 -9.3213555247828596e-08 -7.4131390059148933e-05 1.880890870199284e-05 -1.7587451077716311e-08 -9.3258627145154092e-07 -5.1362688506806371e-07 -3.2958869725838723e-05 5.7547982379446698e-10 -3.7271899451241096e-07 3.8230872965172582e-08 -9.1515686762022599e-09 2.6686661378505507e-08 -0.0006133753139076426 -6.5229776744502033e-05 -1.3241584888135095e-07 -6.3162210223239874e-05 -1.9379691890151209e-05 7.8170884876271888e-10 -0.0025689227970648498 3.5896835782978086e-07 1.3356339678693984e-08 8.9051693130670635e-09 -2.0962199879548395e-05 0.0027926104168225895 -4.248910643869829e-06 2.2106701114861238e-05 0.00029030552334806002 2.1323487010134202e-05 -7.6067067733376352e-06 0.00065252089410246402
leaf_weight=36094 13907 42570 487 1996 116 4073 1381 1247 4783 1054 6421 1261 43 949 12227 721 1203 707 716 723 727 1255 1898 53 344997 467 460 272 389 163
leaf_count=36094 13907 42570 487 1996 116 4073 1381 1247 4783 1054 6421 1261 43 949 12227 721 1203 707 716 723 727 1255 1898 53 344997 467 460 272 389 163
internal_value=-0.000475838 6.83959e-05 0.00473888 0.00391627 0.000561386 0.00749291 0.0119223 0.0299604 0.00647356 0.0227174 0.000847297 0.0112276 0.00496542 -0.000375852 0.00576678 0.0295418 0.000687805 0.0173161 0.0349515 0.0437626 0.0305876 0.0644726 -0.000659483 0.0660513 -0.000290541 0.00879292 0.0332513 0.0587936 -0.00168917 0.0153333
internal_weight=483360 447266 38848 38361 27033 13126 11328 2628 8700 3917 11755 5334 2863 408418 18026 3173 14853 2626 1423 2224 1501 1371 390392 780 347822 2825 927 315 2548 552
internal_count=483360 447266 38848 38361 27033 13126 11328 2628 8700 3917 11755 5334 2863 408418 18026 3173 14853 2626 1423 2224 1501 1371 390392 780 347822 2825 927 315 2548 552
is_linear=0
shrinkage=0.08


Tree=179
num_leaves=31
num_cat=0
split_feature=7 8 33 13 31 2 5 5 5 39 39 33 33 39 15 2 0 2 8 1 6 8 8 8 17 29 31 2 6 5
split_gain=256.397 147.124 513.164 148.453 718.74 355.493 613.918 184.809 956.016 140.308 778.866 111.188 340.107 234.968 137.817 150.948 276.131 125.227 319.101 92.4601 67.9596 40.657 37.5329 36.9458 128.557 128.809 28.6803 161.191 52.7668 43.5162
threshold=0.0012319444444444446 0.0051176092131718452 0.0070666666666666681 0.98294166666666671 0.98572500000000007 5.5000000000000009 2.9461633333333341 2.8211077777777782 2.7784577777777781 6.1534803702613727 6.1003935448365691 4.0946916666666677 4.2660583333333344 33.498457628563202 4.3673583333333346 2.5000000000000004 0.13387044270833334 5.5000000000000009 2.1475469529102438 1.0000000180025095e-35 0.094941700853062042 1.0000000180025095e-35 2.1631606750402033 0.096781237434110753 0.73835000000000006 0.70242500000000019 0.0016416666666666669 5.5000000000000009 0.0027878648558700343 0.0014377777777780148
decision_type=2 2 2 2 2 2 2 2 2 2 2 2 2 2 2 2 2 2 2 2 2 2 2 2 2 2 2 2 2 2
left_child=-1 2 3 9 19 7 21 8 -6 10 26 20 13 -13 -14 -16 -17 18 -15 -5 -3 -7 -20 24 -22 -26 -2 28 -28 -30
right_child=1 11 -4 4 5 6 -8 -9 -10 -11 -12 12 14 17 15 16 -18 -19 22 -21 23 -23 -24 -25 25 -27 27 -29 29 -31
leaf_value=-0.00016152366179553616 -0.00039260232446965658 -6.8389989535531936e-05 1.730419600583344e-05 -8.5797936973719405e-07 -4.725367342661713e-07 -5.4668427726056737e-07 5.2944145068067879e-10 -8.4194431693163091e-09 2.4551728472488322e-08 -8.5756470831199746e-08 3.5172403132222033e-08 -6.0011394604941874e-05 -1.2182258096515852e-07 -5.8109233405403419e-05 -1.7829316538922059e-05 7.1917213517735942e-10 -0.002363408973299641 3.3025088917781888e-07 1.2287832475976756e-08 8.1927557715744123e-09 -1.9285223889182746e-05 1.7918667941216883e-05 0.0025692015834768035 -3.9089977923602421e-06 2.0338165025668431e-05 0.00041922572975564346 -1.6180454993630633e-08 1.9617608049324885e-05 5.143032189926025e-06 -8.2872395686921232e-05
leaf_weight=33170 3362 42590 750 116 4126 1334 1247 8996 1261 11401 1046 949 12227 721 1203 707 716 723 727 1255 1823 42 53 344997 479 523 6303 326 113 74
leaf_count=33170 3362 42590 750 116 4126 1334 1247 8996 1261 11401 1046 949 12227 721 1203 707 716 723 727 1255 1823 42 53 344997 479 523 6303 326 113 74
internal_value=-0.000413772 8.63616e-05 0.00460969 0.00341017 0.00875137 0.0042592 0.0313443 -0.000680249 0.0110384 -0.000928179 0.00542124 -0.00037603 0.00576678 0.0295418 0.000687805 0.0173161 0.0349515 0.0437626 0.0305876 0.0644726 -0.000659654 -0.0055 0.0660513 -0.000290311 0.00882124 0.0318403 -0.00133465 0.00164789 -0.0011094 0.0407701
internal_weight=483360 450190 41752 41002 18377 17006 2623 14383 5387 22625 11224 408438 18026 3173 14853 2626 1423 2224 1501 1371 390412 1376 780 347822 2825 1002 10178 6816 6490 187
internal_count=483360 450190 41752 41002 18377 17006 2623 14383 5387 22625 11224 408438 18026 3173 14853 2626 1423 2224 1501 1371 390412 1376 780 347822 2825 1002 10178 6816 6490 187
is_linear=0
shrinkage=0.08


Tree=180
num_leaves=31
num_cat=0
split_feature=7 8 33 13 5 5 5 2 5 5 2 5 2 23 33 33 39 15 2 0 2 8 6 1 1 0 5 5 2 5
split_gain=259.218 173.127 506.558 158.695 690.993 115.303 870.257 214.06 268.777 685.658 240.631 386.986 194.958 206.724 111.159 340.107 234.968 137.817 150.948 276.131 125.227 319.101 67.5739 46.2089 45.202 40.8306 179.161 199.196 39.3893 105.464
threshold=0.0012319444444444446 0.0051176092131718452 0.0070666666666666681 0.95262500000000017 0.95289944444444452 2.9796766666666672 2.9461633333333341 3.5000000000000004 2.8211077777777782 2.7784577777777781 1.0000000180025095e-35 0.9889772222222224 2.5000000000000004 0.98582500000000006 4.0946916666666677 4.2660583333333344 33.498457628563202 4.3673583333333346 2.5000000000000004 0.13387044270833334 5.5000000000000009 2.1475469529102438 0.094941700853062042 1.0000000180025095e-35 1.0000000180025095e-35 0.18542480468750003 0.74428722222222232 0.70240222222222248 4.5000000000000009 0.71557500000000018
decision_type=2 2 2 2 2 2 2 2 2 2 2 2 2 2 2 2 2 2 2 2 2 2 2 2 2 2 2 2 2 2
left_child=-1 2 3 25 -5 6 7 8 9 10 11 23 -12 24 22 16 -16 -17 -19 -20 21 -18 -3 -6 -14 -2 27 -27 -29 -30
right_child=1 14 -4 4 5 -7 -8 -9 -10 -11 12 -13 13 -15 15 17 20 18 19 -21 -22 -23 -24 -25 -26 26 -28 28 29 -31
leaf_value=-0.00014860176885189328 -1.4886018595561269e-08 -6.2918790372691052e-05 1.5919860325366714e-05 3.2358610884131171e-08 -9.0757819645181925e-05 -7.7458877001390649e-09 4.870861403105664e-10 -1.7529412390970833e-07 -3.6918746901193347e-06 2.25875901804784e-08 -2.0379806286996427e-10 -4.3473379552239066e-07 -9.7606103899264274e-05 -1.5734922609498269e-05 -5.521048303656073e-05 -1.1207677445668196e-07 -5.3460494732959772e-05 -1.6402971215825346e-05 6.6163835299448697e-10 -0.0021743362554356403 3.0383081806917288e-07 1.1304805909162496e-08 -3.596277968971423e-06 5.9214350756064965e-10 7.5373353070062885e-09 1.8048199405376052e-05 7.2385664575547187e-05 -0.00050648830834861154 -6.9968757950711341e-06 0.00060032051701066182
leaf_weight=33170 9101 42590 750 1054 50 3850 1247 7990 3952 1261 4678 792 65 483 949 12227 721 1203 707 716 723 780 347822 950 533 298 252 3880 403 163
leaf_count=33170 9101 42590 750 1054 50 3850 1247 7990 3952 1261 4678 792 65 483 949 12227 721 1203 707 716 723 780 347822 950 533 298 252 3880 403 163
internal_value=-0.000376533 0.000126345 0.00503315 0.00384137 0.00744397 0.00485521 0.00709022 0.00319013 0.0096183 0.0173926 0.00827334 0.033875 0.000306996 0.0309269 -0.000375246 0.00576678 0.0295418 0.000687805 0.0173161 0.0349515 0.0437626 0.0305876 -0.000658834 0.06696 0.0623679 -0.00303441 0.00277662 -0.00071501 -0.00495907 0.0147562
internal_weight=483360 450190 41752 41002 26905 25851 22001 20754 12764 8812 7551 1792 5759 1081 408438 18026 3173 14853 2626 1423 2224 1501 390412 1000 598 14097 4996 4744 4446 566
internal_count=483360 450190 41752 41002 26905 25851 22001 20754 12764 8812 7551 1792 5759 1081 408438 18026 3173 14853 2626 1423 2224 1501 390412 1000 598 14097 4996 4744 4446 566
is_linear=0
shrinkage=0.08


Tree=181
num_leaves=31
num_cat=0
split_feature=7 8 33 13 5 5 5 2 5 5 2 5 2 23 33 33 39 15 2 0 2 8 6 1 1 0 5 5 2 5
split_gain=258.89 173.114 506.558 158.695 690.993 115.303 870.257 214.06 268.777 685.658 240.631 386.986 194.958 206.724 111.152 340.107 234.968 137.817 150.948 276.131 125.227 319.101 67.4987 46.2089 45.202 40.8306 179.161 199.196 39.3893 105.464
threshold=0.0012319444444444446 0.0051176092131718452 0.0070666666666666681 0.95262500000000017 0.95289944444444452 2.9796766666666672 2.9461633333333341 3.5000000000000004 2.8211077777777782 2.7784577777777781 1.0000000180025095e-35 0.9889772222222224 2.5000000000000004 0.98582500000000006 4.0946916666666677 4.2660583333333344 33.498457628563202 4.3673583333333346 2.5000000000000004 0.13387044270833334 5.5000000000000009 2.1475469529102438 0.094941700853062042 1.0000000180025095e-35 1.0000000180025095e-35 0.18542480468750003 0.74428722222222232 0.70240222222222248 4.5000000000000009 0.71557500000000018
decision_type=2 2 2 2 2 2 2 2 2 2 2 2 2 2 2 2 2 2 2 2 2 2 2 2 2 2 2 2 2 2
left_child=-1 2 3 25 -5 6 7 8 9 10 11 23 -12 24 22 16 -16 -17 -19 -20 21 -18 -3 -6 -14 -2 27 -27 -29 -30
right_child=1 14 -4 4 5 -7 -8 -9 -10 -11 12 -13 13 -15 15 17 20 18 19 -21 -22 -23 -24 -25 -26 26 -28 28 29 -31
leaf_value=-0.00013671362734374179 -1.3695137104363653e-08 -5.7885287142876722e-05 1.4646271499337421e-05 2.976992201197959e-08 -8.3497194073567374e-05 -7.1262167011809649e-09 4.4811926613874675e-10 -1.6127059399906329e-07 -3.3965247149225774e-06 2.0780582978829899e-08 -1.8749421570873892e-10 -3.9995509188095468e-07 -8.9797615587319801e-05 -1.4476128800735566e-05 -5.079364439360745e-05 -1.0311063249446306e-07 -4.9183655154294571e-05 -1.5090733518547951e-05 6.0870725349104765e-10 -0.0020003893550007558 2.7952435260658604e-07 1.0400421430745154e-08 -3.3085757314537091e-06 5.447720230478126e-10 6.9343484820905137e-09 1.6604343452941708e-05 6.6594811409501634e-05 -0.00046596924368071948 -6.4371257314643774e-06 0.00055229487564981031
leaf_weight=33170 9101 42590 750 1054 50 3850 1247 7990 3952 1261 4678 792 65 483 949 12227 721 1203 707 716 723 780 347822 950 533 298 252 3880 403 163
leaf_count=33170 9101 42590 750 1054 50 3850 1247 7990 3952 1261 4678 792 65 483 949 12227 721 1203 707 716 723 780 347822 950 533 298 252 3880 403 163
internal_value=-0.000376036 0.000126522 0.00503315 0.00384137 0.00744397 0.00485521 0.00709022 0.00319013 0.0096183 0.0173926 0.00827334 0.033875 0.000306996 0.0309269 -0.00037505 0.00576678 0.0295418 0.000687805 0.0173161 0.0349515 0.0437626 0.0305876 -0.000658629 0.06696 0.0623679 -0.00303441 0.00277662 -0.00071501 -0.00495907 0.0147562
internal_weight=483360 450190 41752 41002 26905 25851 22001 20754 12764 8812 7551 1792 5759 1081 408438 18026 3173 14853 2626 1423 2224 1501 390412 1000 598 14097 4996 4744 4446 566
internal_count=483360 450190 41752 41002 26905 25851 22001 20754 12764 8812 7551 1792 5759 1081 408438 18026 3173 14853 2626 1423 2224 1501 390412 1000 598 14097 4996 4744 4446 566
is_linear=0
shrinkage=0.08


Tree=182
num_leaves=31
num_cat=0
split_feature=7 8 33 13 5 5 5 2 7 5 2 5 2 23 33 33 39 15 2 0 2 8 6 33 2 0 5 5 1 1
split_gain=260.816 177.193 626.137 165.671 675.907 114.047 872.305 214.875 266.958 687.872 242.468 388.477 185.627 216.516 110.825 340.107 234.968 137.817 150.948 276.131 125.227 319.101 66.846 51.2366 53.4983 51.3705 179.687 180.972 45.202 43.3906
threshold=0.0012319444444444446 0.0088367937866199106 0.0070666666666666681 0.95262500000000017 0.95289944444444452 2.9796766666666672 2.9461633333333341 3.5000000000000004 2.8210648611111115 2.7784577777777781 1.0000000180025095e-35 0.9889772222222224 2.5000000000000004 0.98582500000000006 4.0946916666666677 4.2660583333333344 33.498457628563202 4.3673583333333346 2.5000000000000004 0.13387044270833334 5.5000000000000009 2.1475469529102438 0.094941700853062042 0.002233333333333322 3.5000000000000004 0.18542480468750003 0.74428722222222232 0.70240222222222248 1.0000000180025095e-35 1.0000000180025095e-35
decision_type=2 2 2 2 2 2 2 2 2 2 2 2 2 2 2 2 2 2 2 2 2 2 2 2 2 2 2 2 2 2
left_child=-1 2 3 23 -5 6 7 8 9 10 11 29 -12 28 22 16 -16 -17 -19 -20 21 -18 -3 25 -25 -2 27 -27 -14 -6
right_child=1 14 -4 4 5 -7 -8 -9 -10 -11 12 -13 13 -15 15 17 20 18 19 -21 -22 -23 -24 24 -26 26 -28 -29 -30 -31
leaf_value=-0.00012577653715624242 -1.2599526133527662e-08 -6.9850414827659084e-05 0.0011735173784293957 2.7388328254218664e-08 -7.681741854768553e-05 -6.5561193807184283e-09 4.122697205843906e-10 -1.4836894647984878e-07 -3.1248027377372979e-06 1.9118136336260251e-08 -1.7249467632041159e-10 -3.6795868452621505e-07 -8.2613806340330894e-05 -1.3318038496672457e-05 -4.6730152842116013e-05 -9.4861781860799965e-08 -4.5248962741979424e-05 -1.3883474837044219e-05 5.6001070447564416e-10 -0.0018403582066007186 2.5716240436679528e-07 9.5683876821794918e-09 -3.0438896729374122e-06 4.7338761071879375e-06 3.8161639935418991e-07 1.5275995976704591e-05 6.1267226496743989e-05 -5.9221556729482931e-06 6.379600607786529e-09 5.011902626250731e-10
leaf_weight=33170 9889 40837 937 1072 53 3850 1247 8085 3955 1261 4678 795 65 526 949 12227 721 1203 707 716 723 780 347822 118 441 324 252 4474 533 950
leaf_count=33170 9889 40837 937 1072 53 3850 1247 8085 3955 1261 4678 795 65 526 949 12227 721 1203 707 716 723 780 347822 118 441 324 252 4474 533 950
internal_value=-0.000350714 0.000153711 0.00500632 0.00358241 0.0073587 0.00479175 0.0070009 0.00312291 0.00956554 0.0172793 0.0082 0.0338687 0.000245431 0.0294377 -0.000365395 0.00576678 0.0295418 0.000687805 0.0173161 0.0349515 0.0437626 0.0305876 -0.000649805 -0.00301355 0.0207657 -0.00390334 0.00266138 -0.000797001 0.0623679 0.0669751
internal_weight=483360 450190 43505 42568 27070 25998 22148 20901 12816 8861 7600 1798 5802 1124 406685 18026 3173 14853 2626 1423 2224 1501 388659 15498 559 14939 5050 4798 598 1003
internal_count=483360 450190 43505 42568 27070 25998 22148 20901 12816 8861 7600 1798 5802 1124 406685 18026 3173 14853 2626 1423 2224 1501 388659 15498 559 14939 5050 4798 598 1003
is_linear=0
shrinkage=0.08


Tree=183
num_leaves=31
num_cat=0
split_feature=7 8 2 5 5 5 2 5 5 5 2 39 33 33 39 15 2 0 2 8 1 6 5 5 8 8 17 29 8 0
split_gain=256.349 138.7 164.144 180.071 434.258 356.697 655.292 159.035 111.389 963.079 271.345 423.588 110.733 340.107 234.968 137.817 150.948 276.131 125.227 319.101 85.1058 60.2852 39.8976 425.076 37.5329 36.7165 128.059 134.733 34.4097 29.5295
threshold=0.001419444444444415 0.00080675118969205718 4.5000000000000009 0.95289944444444452 0.94773722222222212 2.9461633333333341 5.5000000000000009 0.70240222222222248 2.8211077777777782 2.7784577777777781 1.0000000180025095e-35 6.3867608396712825 4.0946916666666677 4.2660583333333344 33.498457628563202 4.3673583333333346 2.5000000000000004 0.13387044270833334 5.5000000000000009 2.1475469529102438 1.0000000180025095e-35 0.094941700853062042 0.9847111111111112 0.9889772222222224 2.1631606750402033 0.096781237434110753 0.77216666666666678 0.70242500000000019 1.0000000180025095e-35 0.18542480468750003
decision_type=2 2 2 2 2 2 2 2 2 2 2 2 2 2 2 2 2 2 2 2 2 2 2 2 2 2 2 2 2 2
left_child=-1 2 8 4 7 28 -7 -4 9 10 11 20 21 14 -14 -15 -17 -18 19 -16 -2 -3 -12 -24 -21 26 -23 -28 -5 -9
right_child=1 12 3 5 -6 6 -8 29 -10 -11 22 -13 13 15 18 16 17 -19 -20 24 -22 25 23 -25 -26 -27 27 -29 -30 -31
leaf_value=-9.5714410905487559e-05 -7.0672025063869278e-05 -4.2253748942364665e-05 1.4053916298566449e-05 -3.034332263140982e-07 2.5197261992460085e-08 -3.031977233444394e-05 3.7928813867438292e-10 -1.1591564046398162e-08 -6.031629844471809e-09 1.7588685423675089e-08 -7.8850850204759132e-08 -3.3852198976447313e-07 -4.2991740614723997e-05 -8.7272839337515513e-08 -4.1629045722615388e-05 -1.2772796850057944e-05 5.152098481175926e-10 -0.001693129550072683 2.3658941202597817e-07 8.802916653394278e-09 4.6109503770708214e-10 -1.6946506508173088e-05 5.8692325577425214e-09 -1.225259541693724e-05 0.0023636629549094491 -2.8003784991024194e-06 1.9507011293491415e-05 0.00023433892256964129 1.6523969199084833e-05 0.00050858505805166491
leaf_weight=36094 100 44701 298 4670 1042 1381 1247 1261 6421 1261 12516 1135 949 12227 721 1203 707 716 723 727 968 1898 539 3262 53 344997 467 460 50 566
leaf_count=36094 100 44701 298 4670 1042 1381 1247 1261 6421 1261 12516 1135 949 12227 721 1203 707 716 723 727 968 1898 539 3262 53 344997 467 460 50 566
internal_value=-0.000466238 5.71274e-05 0.00476793 0.0132116 0.0291582 0.00633859 0.0299604 0.00841412 0.00137943 0.00435124 -0.000254862 0.026099 -0.000364178 0.00576678 0.0295418 0.000687805 0.0173161 0.0349515 0.0437626 0.0305876 0.0622622 -0.000645732 -0.00381296 0.00336543 0.0660513 -0.000290311 0.00879292 0.033165 -0.00681356 -0.000424742
internal_weight=483360 447266 36717 10515 3167 7348 2628 2125 26202 19781 18520 2203 410549 18026 3173 14853 2626 1423 2224 1501 1068 392523 16317 3801 780 347822 2825 927 4720 1827
internal_count=483360 447266 36717 10515 3167 7348 2628 2125 26202 19781 18520 2203 410549 18026 3173 14853 2626 1423 2224 1501 1068 392523 16317 3801 780 347822 2825 927 4720 1827
is_linear=0
shrinkage=0.08


Tree=184
num_leaves=31
num_cat=0
split_feature=7 8 13 5 2 5 5 2 5 5 5 31 2 33 33 39 15 2 0 2 8 6 1 8 8 17 29 1 1 25
split_gain=266.63 242.995 173.822 644.974 191.352 163.188 795.622 353.252 439.94 520.795 364.323 434.196 593.426 110.769 340.107 234.968 137.817 150.948 276.131 125.227 319.101 61.2433 46.2089 37.5329 36.7165 128.059 134.733 31.9016 24.4048 23.043
threshold=0.001419444444444415 0.0042210448158676609 0.95262500000000017 0.95289944444444452 5.5000000000000009 2.9796766666666672 2.9461633333333341 3.5000000000000004 2.8211077777777782 2.7784577777777781 0.9889772222222224 0.98289166666666683 1.0000000180025095e-35 4.0946916666666677 4.2660583333333344 33.498457628563202 4.3673583333333346 2.5000000000000004 0.13387044270833334 5.5000000000000009 2.1475469529102438 0.094941700853062042 1.0000000180025095e-35 2.1631606750402033 0.096781237434110753 0.77216666666666678 0.70242500000000019 1.0000000180025095e-35 1.0000000180025095e-35 0.0026166666666666669
decision_type=2 2 2 2 2 2 2 2 2 2 2 2 2 2 2 2 2 2 2 2 2 2 2 2 2 2 2 2 2 2
left_child=-1 2 4 -4 -2 6 7 8 9 10 11 12 22 21 15 -15 -16 -18 -19 20 -17 29 -5 -22 25 -23 -27 -6 -13 -3
right_child=1 13 3 5 27 -7 -8 -9 -10 -11 -12 28 -14 14 16 19 17 18 -20 -21 23 24 -24 -25 -26 26 -28 -29 -30 -31
leaf_value=-8.8057258033048542e-05 -1.066423892304158e-08 -7.7026520579571994e-05 2.3181481036971263e-08 -6.5018263058762578e-05 -0.00041352129693971536 -5.5490994554929789e-09 3.4894508615934682e-10 -1.3019136274827758e-07 -2.8743359883165454e-06 1.6181590574149141e-08 -3.1144023058260475e-07 2.5910039981980051e-06 -7.2542782190154761e-08 -3.9552401365554599e-05 -8.0291012167776903e-08 -3.8298722064808998e-05 -1.1750973102024887e-05 4.7399304037298859e-10 -0.0015576791860668559 2.1766225906105775e-07 8.0986833239649065e-09 -1.5590785987518175e-05 4.2420743362470147e-10 0.0021745699185166866 -2.5763482191742257e-06 1.7946450390011748e-05 0.00021559180876407069 1.2929602994677937e-05 6.1493729131001379e-09 -4.5772606002625341e-05
leaf_weight=36094 9969 12802 1050 50 44 3850 1247 7972 3952 1261 2596 104 2591 949 12227 721 1203 707 716 723 727 1898 950 53 344997 467 460 272 1255 31453
leaf_count=36094 9969 12802 1050 50 44 3850 1247 7972 3952 1261 2596 104 2591 949 12227 721 1203 707 716 723 727 1898 950 53 344997 467 460 272 1255 31453
internal_value=-0.000337473 0.000196284 0.00639066 0.00977513 -0.00245406 0.00727644 0.00993794 0.00620481 0.0144594 0.0244106 0.016458 0.0291879 0.0146121 -0.000365042 0.00576678 0.0295418 0.000687805 0.0173161 0.0349515 0.0437626 0.0305876 -0.000646956 0.06696 0.0660513 -0.000290311 0.00879292 0.033165 0.0588354 0.0677027 -0.00345001
internal_weight=483360 447266 37163 26878 10285 25828 21978 20731 12759 8807 7546 4950 3591 410103 18026 3173 14853 2626 1423 2224 1501 392077 1000 780 347822 2825 927 316 1359 44255
internal_count=483360 447266 37163 26878 10285 25828 21978 20731 12759 8807 7546 4950 3591 410103 18026 3173 14853 2626 1423 2224 1501 392077 1000 780 347822 2825 927 316 1359 44255
is_linear=0
shrinkage=0.08


Tree=185
num_leaves=31
num_cat=0
split_feature=7 8 13 5 2 5 5 2 5 5 5 31 2 33 33 39 15 2 0 2 8 1 8 6 8 17 29 1 1 7
split_gain=272.587 236.805 173.822 644.974 191.352 163.188 795.622 353.252 439.94 520.795 364.323 434.196 593.426 107.662 340.107 234.968 137.817 150.948 276.131 125.227 319.101 46.2089 37.5329 34.2582 36.7109 128.059 134.733 31.9016 24.4048 22.8852
threshold=0.001419444444444415 0.0042210448158676609 0.95262500000000017 0.95289944444444452 5.5000000000000009 2.9796766666666672 2.9461633333333341 3.5000000000000004 2.8211077777777782 2.7784577777777781 0.9889772222222224 0.98289166666666683 1.0000000180025095e-35 4.0946916666666677 4.2660583333333344 33.498457628563202 4.3673583333333346 2.5000000000000004 0.13387044270833334 5.5000000000000009 2.1475469529102438 1.0000000180025095e-35 2.1631606750402033 0.094941700853062042 0.096781237434110753 0.77216666666666678 0.70242500000000019 1.0000000180025095e-35 1.0000000180025095e-35 0.83460972222222229
decision_type=2 2 2 2 2 2 2 2 2 2 2 2 2 2 2 2 2 2 2 2 2 2 2 2 2 2 2 2 2 2
left_child=-1 2 4 -4 -2 6 7 8 9 10 11 12 21 23 15 -15 29 -18 -19 20 -17 -5 -22 -3 25 -25 -27 -6 -13 -16
right_child=1 13 3 5 27 -7 -8 -9 -10 -11 -12 28 -14 14 16 19 17 18 -20 -21 22 -23 -24 24 -26 26 -28 -29 -30 -31
leaf_value=-8.1012677390404636e-05 -9.8110998081324391e-09 -5.0015335081005648e-05 2.1326962551526665e-08 -5.9816802014065475e-05 -0.00038043959318453794 -5.1051715033167967e-09 3.2102949631962476e-10 -1.1977605372415211e-07 -2.6443891092498008e-06 1.4887063315427441e-08 -2.8652501213422002e-07 2.3837236783386119e-06 -6.6739359612100198e-08 -3.638820925630171e-05 1.3657452315385399e-05 -3.5234824299621435e-05 -1.081089525385437e-05 4.3607357724795294e-10 -0.0014330648511814981 2.0024927835038398e-07 7.4507886438368589e-09 3.9027083786891128e-10 0.0020006043250353454 -1.4343523108513168e-05 -2.3702403616402874e-06 1.6510734358812231e-05 0.00019834446406294504 1.1895234755101569e-05 5.6574230811179406e-09 -7.3867731202881266e-08
leaf_weight=36094 9969 44255 1050 50 44 3850 1247 7972 3952 1261 2596 104 2591 949 655 721 1203 707 716 723 727 950 53 1898 344997 467 460 272 1255 11572
leaf_count=36094 9969 44255 1050 50 44 3850 1247 7972 3952 1261 2596 104 2591 949 655 721 1203 707 716 723 727 950 53 1898 344997 467 460 272 1255 11572
internal_value=-0.000263987 0.0002757 0.00639066 0.00977513 -0.00245406 0.00727644 0.00993794 0.00620481 0.0144594 0.0244106 0.016458 0.0291879 0.0146121 -0.00027843 0.00576678 0.0295418 0.000687805 0.0173161 0.0349515 0.0437626 0.0305876 0.06696 0.0660513 -0.000556362 -0.000289621 0.00879292 0.033165 0.0588354 0.0677027 -0.00288346
internal_weight=483360 447266 37163 26878 10285 25828 21978 20731 12759 8807 7546 4950 3591 410103 18026 3173 14853 2626 1423 2224 1501 1000 780 392077 347822 2825 927 316 1359 12227
internal_count=483360 447266 37163 26878 10285 25828 21978 20731 12759 8807 7546 4950 3591 410103 18026 3173 14853 2626 1423 2224 1501 1000 780 392077 347822 2825 927 316 1359 12227
is_linear=0
shrinkage=0.08


Tree=186
num_leaves=31
num_cat=0
split_feature=7 8 33 13 5 5 5 2 5 5 5 31 2 2 0 33 33 39 15 2 0 2 8 8 1 31 8 8 5 13
split_gain=262.593 228.32 224.231 235.708 647.071 160.378 799.651 345.869 432.401 526.667 357.897 428.576 601.205 130.012 110.237 104.027 340.107 234.968 137.817 150.948 276.131 125.227 319.101 98.6644 46.2089 43.8293 130.014 186.073 165.921 156.276
threshold=0.0011902777777777779 0.0028437978909020612 0.0059500000000000065 0.95262500000000017 0.95289944444444452 2.9796766666666672 2.9461633333333341 3.5000000000000004 2.8211077777777782 2.7784577777777781 0.9889772222222224 0.98289166666666683 1.0000000180025095e-35 5.5000000000000009 0.13623046875000003 4.0946916666666677 4.2660583333333344 33.498457628563202 4.3673583333333346 2.5000000000000004 0.13387044270833334 5.5000000000000009 2.1475469529102438 1.0000000180025095e-35 1.0000000180025095e-35 0.73840833333333344 0.13383363840633328 0.12539320160510772 0.97198388888888909 0.98908333333333343
decision_type=2 2 2 2 2 2 2 2 2 2 2 2 2 2 2 2 2 2 2 2 2 2 2 2 2 2 2 2 2 2
left_child=-1 2 3 13 -5 6 7 8 9 10 11 12 24 -2 -4 25 17 -17 -18 -20 -21 22 -19 -15 -6 -3 27 -27 -29 -30
right_child=1 15 14 4 5 -7 -8 -9 -10 -11 -12 -13 -14 23 -16 16 18 21 19 20 -22 -23 -24 -25 -26 26 -28 28 29 -31
leaf_value=-0.00013186499847959068 -9.026211822416031e-09 -2.1806211327090643e-06 -1.3198334713683397e-05 1.9620805549180887e-08 -5.5031457852940947e-05 -4.6967577915779658e-09 2.9534714229839665e-10 -1.1019396942479886e-07 -2.4328379804927635e-06 1.3696098264404099e-08 -2.6360301116135075e-07 5.2048292342732339e-09 -6.1400210844553273e-08 1.094361597469451e-05 2.5537913724928141e-05 -3.3477152515786199e-05 -6.7958312683913393e-08 -3.2416038355620461e-05 -9.9460236335602299e-06 4.0118770527897142e-10 -0.0013184196630869915 1.8422933607098457e-07 6.8547255693829355e-09 -0.0001992592260761176 3.5904917261575519e-10 5.7631318253026369e-06 -5.898167605223215e-05 2.5923311494393531e-05 7.6161342446479098e-06 -3.3717763245189048e-06
leaf_weight=31190 12525 181109 164 1044 50 3850 1247 7956 3952 1261 2593 1322 2547 272 498 949 12227 721 1203 707 716 723 780 178 950 8128 202316 814 1089 279
leaf_count=31190 12525 181109 164 1044 50 3850 1247 7956 3952 1261 2593 1322 2547 272 498 949 12227 721 1203 707 716 723 780 178 950 8128 202316 814 1089 279
internal_value=-0.000102617 0.000387109 0.00612556 0.00535648 0.0096453 0.00713992 0.00978956 0.00602937 0.0142359 0.0241816 0.0161008 0.0288864 0.0143964 -0.00349287 0.0523021 -0.000176046 0.00576678 0.0295418 0.000687805 0.0173161 0.0349515 0.0437626 0.0305876 0.0387556 0.06696 -0.000448121 0.00033087 0.00909408 0.0298368 0.0468538
internal_weight=483360 452170 40409 39747 26772 25728 21878 20631 12675 8723 7462 4869 3547 12975 662 411761 18026 3173 14853 2626 1423 2224 1501 450 1000 393735 212626 10310 2182 1368
internal_count=483360 452170 40409 39747 26772 25728 21878 20631 12675 8723 7462 4869 3547 12975 662 411761 18026 3173 14853 2626 1423 2224 1501 450 1000 393735 212626 10310 2182 1368
is_linear=0
shrinkage=0.08


Tree=187
num_leaves=31
num_cat=0
split_feature=7 8 13 5 2 5 5 2 5 5 5 31 2 33 33 39 23 2 8 23 33 1 8 7 1 7 2 0 39 1
split_gain=273.857 235.504 173.822 644.974 191.352 163.188 795.622 353.252 439.94 520.795 364.323 434.196 593.426 112.436 335.804 234.968 136.479 125.227 319.101 106.244 331.109 46.2089 37.5329 34.0658 31.9016 31.1443 45.9158 28.2298 28.1713 24.4048
threshold=0.001419444444444415 0.0042210448158676609 0.95262500000000017 0.95289944444444452 5.5000000000000009 2.9796766666666672 2.9461633333333341 3.5000000000000004 2.8211077777777782 2.7784577777777781 0.9889772222222224 0.98289166666666683 1.0000000180025095e-35 4.0946916666666677 4.2660583333333344 33.498457628563202 4.3676583333333339 5.5000000000000009 2.1475469529102438 4.3961333333333341 4.3944666666666672 1.0000000180025095e-35 2.1631606750402033 0.36899958333333344 1.0000000180025095e-35 0.89389486111111127 1.5000000000000002 0.12923177083333334 11.942735687543243 1.0000000180025095e-35
decision_type=2 2 2 2 2 2 2 2 2 2 2 2 2 2 2 2 2 2 2 2 2 2 2 2 2 2 2 2 2 2
left_child=-1 2 4 -4 -2 6 7 8 9 10 11 12 21 23 15 -15 27 18 -17 20 -18 -5 -20 28 -6 26 -21 -16 -3 -13
right_child=1 13 3 5 24 -7 -8 -9 -10 -11 -12 29 -14 14 16 17 19 -19 22 25 -22 -23 -24 -25 -26 -27 -28 -29 -30 -31
leaf_value=-6.8544112359588687e-05 -8.3041148801754616e-09 -0.00034997305916484105 1.8051141106312229e-08 -5.0628941224708515e-05 -0.00034510007335691872 -4.3210171796204121e-09 2.7171935812475566e-10 -1.0137845187330185e-07 -2.2382109420604478e-06 1.2600410386198747e-08 -2.4251477026560053e-07 2.1293191479987427e-06 -5.6488193980186455e-08 -3.0798980314514778e-05 -6.2521647663515979e-08 -2.9822755287156612e-05 -9.150341742909518e-06 1.6949098920804318e-07 6.306347515305788e-09 0.00015645664047582387 3.6909270306750841e-10 3.3032524271447986e-10 0.0018405554306544958 -2.0061714420923392e-06 1.0068126696722857e-05 -0.05014970266549873 9.4349240921829389e-05 0.035016787940844868 0.11927414489294784 4.7884428955313753e-09
leaf_weight=36094 9969 59643 1050 50 44 3850 1247 7972 3952 1261 2596 104 2591 949 6751 721 715 723 727 200 708 950 53 331901 272 1808 662 4009 533 1255
leaf_count=36094 9969 59643 1050 50 44 3850 1247 7972 3952 1261 2596 104 2591 949 6751 721 715 723 727 200 708 950 53 331901 272 1808 662 4009 533 1255
internal_value=-0.00024843 0.000292513 0.00639066 0.00977513 -0.00245406 0.00727644 0.00993794 0.00620481 0.0144594 0.0244106 0.016458 0.0291879 0.0146121 -0.000260093 0.00591767 0.0295418 0.000870933 0.0437626 0.0305876 0.0133047 0.0309599 0.06696 0.0660513 -0.00054412 0.0588354 0.00389513 0.0164084 -0.00385874 -0.0022954 0.0677027
internal_weight=483360 447266 37163 26878 10285 25828 21978 20731 12759 8807 7546 4950 3591 410103 18026 3173 14853 2224 1501 4093 1423 1000 780 392077 316 2670 862 10760 60176 1359
internal_count=483360 447266 37163 26878 10285 25828 21978 20731 12759 8807 7546 4950 3591 410103 18026 3173 14853 2224 1501 4093 1423 1000 780 392077 316 2670 862 10760 60176 1359
is_linear=0
shrinkage=0.08


Tree=188
num_leaves=31
num_cat=0
split_feature=7 8 7 5 5 5 5 2 5 5 5 21 2 33 33 39 15 2 0 2 8 1 39 8 6 0 21 0 25 8
split_gain=240.672 225.566 168.252 646.893 202.859 160.93 799.009 345.537 437.483 522.171 366.763 450.154 602.664 94.2909 349.311 234.968 144.32 151.912 275.256 125.227 319.101 46.2089 40.9323 204.981 176.459 48.931 57.7598 54.8396 53.5526 108.012
threshold=0.0011536111111111111 0.00080675118969205718 0.95264083333333349 0.95289944444444452 0.70240222222222248 2.9796766666666672 2.9461633333333341 3.5000000000000004 2.8211077777777782 2.7784577777777781 0.9889772222222224 0.98294166666666671 1.0000000180025095e-35 4.0946916666666677 4.2660583333333344 33.498457628563202 4.3673583333333346 2.5000000000000004 0.13387044270833334 5.5000000000000009 2.1475469529102438 1.0000000180025095e-35 1.0000000180025095e-35 0.0028437978909020612 0.0024806797143479583 0.15695612468103057 0.72550833333333331 0.16293756999353057 0.68372500000000014 0.096781237434110753
decision_type=2 2 2 2 2 2 2 2 2 2 2 2 2 2 2 2 2 2 2 2 2 2 2 2 2 2 2 2 2 2
left_child=-1 2 4 -4 -2 6 7 8 9 10 11 12 21 22 15 -15 -16 -18 -19 20 -17 -5 -3 24 -24 -25 27 -27 29 -28
right_child=1 13 3 5 -6 -7 -8 -9 -10 -11 -12 -13 -14 14 16 19 17 18 -20 -21 -22 -23 23 25 -26 26 28 -29 -30 -31
leaf_value=-0.00013716559154143432 9.2626765609882265e-06 -1.8456777267249521e-06 1.6607049815320351e-08 -4.657862592672757e-05 -7.639785692958867e-09 -3.9753357938820956e-09 2.4998179526392049e-10 -9.3268175724858792e-08 -2.0591540667069809e-06 1.1592377546776334e-08 -2.231135886443525e-07 4.405367466375765e-09 -5.1969138459284635e-08 -2.8335061889350756e-05 -5.7519915870329898e-08 -2.7436934864155662e-05 -8.4183144034710716e-06 3.3956531808598811e-10 0.00061944397049622734 1.5593171006855755e-07 5.8018397197656666e-09 3.03899225784221e-10 1.6775685200594305e-07 0.0002225119517706986 2.8978409615701e-05 -0.044304539630981389 1.4889318779447435e-05 -0.0010308484171928001 -0.00020762244894169336 0.020178150127472313
leaf_weight=29262 298 87776 1042 50 9864 3850 1247 7897 3952 1261 2585 1262 2459 949 12227 721 1203 707 716 723 780 950 759 126258 546 13369 267 68265 86003 16112
leaf_count=29262 298 87776 1042 50 9864 3850 1247 7897 3952 1261 2585 1262 2459 949 12227 721 1203 707 716 723 780 950 759 126258 546 13369 267 68265 86003 16112
internal_value=-0.000136712 0.000316441 0.00632797 0.00967802 -0.0024263 0.00715463 0.00983317 0.00603605 0.0143021 0.0244594 0.016254 0.0295175 0.0145961 -0.000212393 0.00544724 0.0295418 0.000300005 0.0173161 0.0350077 0.0437626 0.0305876 0.06696 -0.000467856 -3.79762e-05 0.0316015 -0.000171051 -0.00100322 -0.00259049 0.000262388 0.00445497
internal_weight=483360 454098 36717 26555 10162 25513 21663 20416 12519 8567 7306 4721 3459 417381 18026 3173 14853 2626 1423 2224 1501 1000 399355 311579 1305 310274 184016 81634 102382 16379
internal_count=483360 454098 36717 26555 10162 25513 21663 20416 12519 8567 7306 4721 3459 417381 18026 3173 14853 2626 1423 2224 1501 1000 399355 311579 1305 310274 184016 81634 102382 16379
is_linear=0
shrinkage=0.08


Tree=189
num_leaves=31
num_cat=0
split_feature=7 8 7 5 5 5 5 2 5 5 5 21 2 33 33 39 15 2 0 2 8 6 33 8 6 2 1 7 8 8
split_gain=227.857 239.076 168.252 646.893 202.859 160.93 799.009 345.537 437.483 522.171 366.763 450.154 602.664 100.832 349.311 234.968 144.32 151.912 275.256 125.227 319.101 52.3589 60.8544 225.206 151.911 73.4899 46.2089 45.1873 132.396 37.5329
threshold=0.0011536111111111111 0.00080675118969205718 0.95264083333333349 0.95289944444444452 0.70240222222222248 2.9796766666666672 2.9461633333333341 3.5000000000000004 2.8211077777777782 2.7784577777777781 0.9889772222222224 0.98294166666666671 1.0000000180025095e-35 4.0946916666666677 4.2660583333333344 33.498457628563202 4.3673583333333346 2.5000000000000004 0.13387044270833334 5.5000000000000009 2.1475469529102438 0.094941700853062042 0.002233333333333322 0.0028437978909020612 0.0024806797143479583 3.5000000000000004 1.0000000180025095e-35 0.0065941666666666657 0.0051176092131718452 2.1631606750402033
decision_type=2 2 2 2 2 2 2 2 2 2 2 2 2 2 2 2 2 2 2 2 2 2 2 2 2 2 2 2 2 2
left_child=-1 2 4 -4 -2 6 7 8 9 10 11 12 26 21 15 -15 -16 -18 -19 20 -17 22 -3 24 25 -24 -5 28 -25 -22
right_child=1 13 3 5 -6 -7 -8 -9 -10 -11 -12 -13 -14 14 16 19 17 18 -20 -21 29 -23 23 27 -26 -27 -28 -29 -30 -31
leaf_value=-0.00012619234421811954 8.5216624361095237e-06 -5.8650630044549955e-05 1.5278485827607824e-08 -4.2852335852590072e-05 -7.0286028375221579e-09 -3.6573089445823828e-09 2.2998325022172139e-10 -8.5806721665804282e-08 -1.8944217413618959e-06 1.0664987328823372e-08 -2.0526450155600174e-07 4.0529380651577184e-09 -4.7811607384318226e-08 -2.6068256938174274e-05 -5.2918322595019166e-08 -2.5241980074994785e-05 -7.7448492511678065e-06 3.124000613752287e-10 0.00056988845285652404 1.4345717325170426e-07 5.3376925279735592e-09 -1.6980235085869557e-06 1.5433630384545371e-07 -5.6491833844577735e-05 2.6660136846444887e-05 -3.845656901225042e-06 2.7958728665566922e-10 -0.0017199345856634542 0.0011624152060996657 0.0016933105320549435
leaf_weight=29262 298 41760 1042 50 9864 3850 1247 7897 3952 1261 2585 1262 2459 949 12227 721 1203 707 716 723 727 347822 119 898 521 441 950 7456 338 53
leaf_count=29262 298 41760 1042 50 9864 3850 1247 7897 3952 1261 2585 1262 2459 949 12227 721 1203 707 716 723 727 347822 119 898 521 441 950 7456 338 53
internal_value=-0.000301889 0.000139034 0.00632797 0.00967802 -0.0024263 0.00715463 0.00983317 0.00603605 0.0143021 0.0244594 0.016254 0.0295175 0.0145961 -0.000405406 0.00544724 0.0295418 0.000300005 0.0173161 0.0350077 0.0437626 0.0305876 -0.000669582 -0.00304939 0.00263338 0.0370694 0.00814286 0.06696 -0.00164933 0.0125178 0.0660513
internal_weight=483360 454098 36717 26555 10162 25513 21663 20416 12519 8567 7306 4721 3459 417381 18026 3173 14853 2626 1423 2224 1501 399355 51533 9773 1081 560 1000 8692 1236 780
internal_count=483360 454098 36717 26555 10162 25513 21663 20416 12519 8567 7306 4721 3459 417381 18026 3173 14853 2626 1423 2224 1501 399355 51533 9773 1081 560 1000 8692 1236 780
is_linear=0
shrinkage=0.08


Tree=190
num_leaves=31
num_cat=0
split_feature=39 7 8 13 5 5 5 2 7 5 23 31 2 8 33 6 2 8 33 33 39 15 2 0 2 8 1 25 1 8
split_gain=212.793 768.919 229.341 136.105 630.17 157.614 803.413 345.946 424.419 533.759 356.912 405.533 601.64 132.879 125.357 96.7836 87.2968 130.539 80.3818 349.311 234.968 144.32 151.912 275.256 125.227 319.101 66.3246 59.8312 42.521 37.5329
threshold=0.041780073776370254 0.0011536111111111111 0.0088367937866199106 0.95262500000000017 0.95289944444444452 2.9796766666666672 2.9461633333333341 3.5000000000000004 2.8210648611111115 2.7784577777777781 0.98582500000000006 0.98289166666666683 1.0000000180025095e-35 0.028112341566782838 0.019258333333333339 0.074970135944514238 5.5000000000000009 1.0000000180025095e-35 4.0946916666666677 4.2660583333333344 33.498457628563202 4.3673583333333346 2.5000000000000004 0.13387044270833334 5.5000000000000009 2.1475469529102438 1.0000000180025095e-35 4.1787083333333337 1.0000000180025095e-35 2.1631606750402033
decision_type=2 2 2 2 2 2 2 2 2 2 2 2 2 2 2 2 2 2 2 2 2 2 2 2 2 2 2 2 2 2
left_child=13 -2 3 14 -5 6 7 8 9 10 11 12 28 -1 16 -4 -3 -18 -17 20 -20 -21 -23 -24 25 -22 -13 -15 -6 -27
right_child=1 2 15 4 5 -7 -8 -9 -10 -11 -12 26 -14 27 -16 18 17 -19 19 21 24 22 23 -25 -26 29 -28 -29 -30 -31
leaf_value=-0.0002982532411729488 6.5697002903078448e-06 -6.4663146126520137e-09 -3.8842064002295731e-05 1.4056206962820283e-08 -3.9424148984386067e-05 -3.3647242148049374e-09 2.1158459873049652e-10 -7.8942183936447924e-08 -1.7428680020614707e-06 9.8117883595705276e-09 -1.8884334143542958e-07 6.6376034715620591e-06 -4.398667879712548e-08 -0.00013223576408928574 0.0010694219896116926 -3.6922393021572952e-05 7.8399294412179192e-06 -7.6342192804911287e-05 -2.3982796383137386e-05 -4.8684856821523679e-08 -2.3222621668992362e-05 -7.1252613111028045e-06 2.8740807067606514e-10 0.00052429737662799123 1.3198059939156792e-07 4.9106770916296226e-09 3.7287030174582013e-09 -1.5621816278999992e-06 2.5722030727592938e-10 0.001557845689490569
leaf_weight=36674 1007 11624 25690 1072 54 3850 1247 8085 3956 1261 2648 104 2592 68771 201 278813 272 317 949 12227 721 1203 707 716 723 727 1255 14891 950 53
leaf_count=36674 1007 11624 25690 1072 54 3850 1247 8085 3956 1261 2648 104 2592 68771 201 278813 272 317 949 12227 721 1203 707 716 723 727 1255 14891 950 53
internal_value=-0.000205563 0.000760851 0.000566668 0.00632131 0.00950166 0.00702346 0.00962008 0.00589907 0.0140718 0.023796 0.0158011 0.0284722 0.0144027 -0.003121 -0.000614792 -0.000137887 -0.00164612 0.0284007 0.000269801 0.00544724 0.0295418 0.000300005 0.0173161 0.0350077 0.0437626 0.0305876 0.0657012 -0.00136091 0.0669801 0.0660513
internal_weight=483360 363024 362017 39488 27074 26002 22152 20905 12820 8864 7603 4955 3596 120336 12414 322529 12213 589 296839 18026 3173 14853 2626 1423 2224 1501 1359 83662 1004 780
internal_count=483360 363024 362017 39488 27074 26002 22152 20905 12820 8864 7603 4955 3596 120336 12414 322529 12213 589 296839 18026 3173 14853 2626 1423 2224 1501 1359 83662 1004 780
is_linear=0
shrinkage=0.08


Tree=191
num_leaves=31
num_cat=0
split_feature=31 7 8 33 33 39 6 6 5 5 7 5 39 39 2 5 39 8 2 8 6 1 2 8 1 25 8 21 21 17
split_gain=234.219 1429.02 227.144 136.635 314.766 228.065 159.023 401.912 135.374 830.275 200.704 832.083 303.376 670.44 673.903 157.762 693.896 126.861 124.539 320.359 84.3032 77.8713 77.1087 125.795 76.3293 59.315 40.6821 195.353 82.0124 78.9247
threshold=0.0053166666666666675 0.0011536111111111111 0.0088367937866199106 4.0946916666666677 4.2660583333333344 33.498457628563202 2.2687953549117403 2.2720559821751647 2.9796766666666672 2.9461633333333341 2.8210648611111115 2.7784577777777781 6.3662618172144496 6.3483714227597163 1.0000000180025095e-35 0.95289944444444452 6.1003935448365691 0.0088367937866199106 5.5000000000000009 2.1475469529102438 0.082163918624963153 1.0000000180025095e-35 5.5000000000000009 1.0000000180025095e-35 1.0000000180025095e-35 4.1787083333333337 0.096781237434110753 0.73835000000000006 0.81318333333333348 0.58586666666666687
decision_type=2 2 2 2 2 2 2 2 2 2 2 2 2 2 2 2 2 2 2 2 2 2 2 2 2 2 2 2 2 2
left_child=17 -2 8 20 5 -5 -6 -8 9 10 11 12 13 14 24 16 22 -1 19 -7 -4 -15 -16 -24 -3 -19 27 -22 29 -29
right_child=1 2 3 4 6 18 7 -9 -10 -11 -12 -13 -14 21 15 -17 -18 25 -20 -21 26 -23 23 -25 -26 -27 -28 28 -30 -31
leaf_value=-0.00030290336319420039 2.3763291824725266e-05 0.00081566476893106977 -3.5734698882112779e-05 -2.2064172672457971e-05 -4.4790068258748761e-08 -2.1364811935455919e-05 2.6441540512678332e-10 0.044398358734532732 -3.0955462904103117e-09 1.9465783651639867e-10 -2.2159401471100183e-07 9.0268452979103125e-09 -1.1134683427123093e-05 6.1065951938399364e-06 -5.9490094450609374e-09 -4.0467744497618694e-08 1.2931710404728848e-08 -7.4170327530751479e-05 1.2142215140897861e-07 4.5178229157727404e-09 -0.00066161112381932338 3.4304067764168166e-09 7.2127350859219061e-06 -6.0522874576922487e-05 0.00092500399914851889 -1.4372070976679992e-06 -0.0002061134972553497 -0.00018792301970394832 0.00049935680882421047 0.00010761286559895951
leaf_weight=35331 1837 112 27286 884 7266 719 694 2640 3850 1247 6507 1261 8136 120 7643 6573 1073 69544 723 773 2839 1255 272 327 1131 14171 277966 136 397 647
leaf_count=35331 1837 112 27286 884 7266 719 694 2640 3850 1247 6507 1261 8136 120 7643 6573 1073 69544 723 773 2839 1255 272 327 1131 14171 277966 136 397 647
internal_value=-4.12134e-05 0.000965451 0.000608765 -9.16513e-05 0.00772669 0.0301542 0.00116981 0.0156353 0.00633467 0.00787346 0.00554955 0.00850002 0.00549448 0.0111549 0.00684093 0.00240282 0.0090993 -0.00312189 0.0438646 0.0306595 -0.000437961 0.0649018 0.00122106 0.0288614 0.0635688 -0.00142531 -2.70955e-05 0.00796417 0.035322 0.0503397
internal_weight=483360 364314 362477 322970 13699 3099 10600 3334 39507 35657 34410 27903 26642 18506 17131 15888 9315 119046 2215 1492 309271 1375 8242 599 1243 83715 281985 4019 1180 783
internal_count=483360 364314 362477 322970 13699 3099 10600 3334 39507 35657 34410 27903 26642 18506 17131 15888 9315 119046 2215 1492 309271 1375 8242 599 1243 83715 281985 4019 1180 783
is_linear=0
shrinkage=0.08


Tree=192
num_leaves=31
num_cat=0
split_feature=39 7 8 13 0 2 5 7 5 39 39 2 23 6 2 8 33 33 33 39 15 2 0 2 8 2 8 25 6 1
split_gain=224.116 1127.24 184.59 182.962 727.766 337.106 613.918 257.194 873.384 244.098 667.417 143.925 214.601 136.136 145.163 128.951 112.115 100.2 341.124 234.968 138.026 151.47 276.131 125.227 319.101 78.7578 124.129 59.7782 57.0379 46.0243
threshold=0.036593920840620013 0.0011536111111111111 0.0088367937866199106 0.98294166666666671 0.15197753906250003 5.5000000000000009 2.9461633333333341 2.8210648611111115 2.7784577777777781 6.1534803702613727 6.1003935448365691 2.5000000000000004 0.98582500000000006 0.0020784519354059149 1.0000000180025095e-35 0.028112341566782838 0.019258333333333339 4.0946916666666677 4.2660583333333344 33.498457628563202 4.3673583333333346 2.5000000000000004 0.13387044270833334 5.5000000000000009 2.1475469529102438 5.5000000000000009 1.0000000180025095e-35 4.1787083333333337 0.082163918624963153 1.0000000180025095e-35
decision_type=2 2 2 2 2 2 2 2 2 2 2 2 2 2 2 2 2 2 2 2 2 2 2 2 2 2 2 2 2 2
left_child=15 13 3 9 5 7 -7 8 -5 10 16 -6 29 -2 -15 -1 25 28 19 -19 -20 -22 -23 24 -21 -3 -27 -17 -4 -13
right_child=1 2 17 4 11 6 -8 -9 -10 -11 -12 12 -14 14 -16 27 -18 18 20 23 21 22 -24 -25 -26 26 -28 -29 -30 -31
leaf_value=-0.00027867109413866434 -5.3377439421836013e-06 -5.4730886933640475e-09 -3.2875922971546955e-05 -0.0001209362935455971 7.1703880005102866e-07 -3.6458810910744431e-07 1.7908522664811245e-10 -2.8479025715455466e-09 8.3046976584455481e-09 -6.9389389665275302e-08 1.1897173575192711e-08 -0.00012615496786383244 -1.0243908752949337e-05 -1.1902509346878309e-06 2.1862228478747235e-05 -0.00011594166460682404 0.00090986791051087565 -2.029903885869544e-05 -4.1206862775311493e-08 -1.9655626980608078e-05 -6.5516572007595641e-06 2.4326219261183724e-10 -0.0030695151122648958 1.1170837929341815e-07 4.1563971109326304e-09 6.6357162790442457e-06 -5.5681044610768683e-05 -1.3222305298545592e-06 -6.543665275371424e-06 2.4062952785897095e-09
leaf_weight=35478 190 7700 27281 2971 1451 1376 1247 9000 1261 11524 1064 64 527 166 1816 68322 199 949 12227 721 1203 707 716 723 780 272 327 14851 277714 533
leaf_count=35478 190 7700 27281 2971 1451 1376 1247 9000 1261 11524 1064 64 527 166 1816 68322 199 949 12227 721 1203 707 716 723 780 272 327 14851 277714 533
internal_value=-7.13359e-05 0.000911212 0.000566958 0.00572811 0.0115507 0.00514412 0.0313443 -4.95787e-05 0.0162155 0.000638905 0.0100883 0.0509981 0.0295089 0.058372 0.0645732 -0.00309149 0.00260955 -6.44188e-05 0.00573128 0.0295418 0.000644716 0.0172856 0.0349515 0.0437626 0.0305876 0.00118665 0.0291285 -0.001369 -0.000406959 0.0623518
internal_weight=483360 364709 362537 39516 18430 15855 2623 13232 4232 21086 9562 2575 1124 2172 1982 118651 8498 323021 18026 3173 14853 2626 1423 2224 1501 8299 599 83173 304995 597
internal_count=483360 364709 362537 39516 18430 15855 2623 13232 4232 21086 9562 2575 1124 2172 1982 118651 8498 323021 18026 3173 14853 2626 1423 2224 1501 8299 599 83173 304995 597
is_linear=0
shrinkage=0.08


Tree=193
num_leaves=31
num_cat=0
split_feature=39 7 6 8 0 6 6 33 0 2 6 8 39 7 7 0 2 7 7 5 2 7 31 6 21 8 2 6 0 21
split_gain=200.525 436.929 308.55 124.03 104.059 122.295 475.402 374.454 183.553 135.116 319.985 70.5138 136.894 605.844 282.938 388.72 325.617 615.664 254.71 877.629 147.064 95.3263 206.479 68.1526 150.248 110.812 73.7147 69.7046 159.505 59.7005
threshold=0.012706458191018757 0.0011902777777777779 0.0019368620591516089 0.028112341566782838 0.15695612468103057 2.1764250520335033 2.2025484157288306 4.3944666666666672 0.13387044270833334 5.5000000000000009 2.1994103590463117 0.047238941314250667 6.1534803702613727 0.94465500000000002 0.98472555555555563 0.15197753906250003 5.5000000000000009 2.9697776388888895 2.8210648611111115 2.7784577777777781 1.0000000180025095e-35 0.99049111111111121 0.98572500000000007 0.0023565738714006871 0.0057333333333333342 0.002326496382598285 3.5000000000000004 0.0022427130630230684 0.13623046875000003 0.72550833333333331
decision_type=2 2 2 2 2 2 2 2 2 2 2 2 2 2 2 2 2 2 2 2 2 2 2 2 2 2 2 2 2 2
left_child=3 2 -2 -1 5 11 9 -8 -9 10 -7 12 13 20 -14 16 18 -18 19 -16 -3 22 -17 27 -25 -26 -27 28 -4 -6
right_child=1 4 23 -5 29 6 7 8 -10 -11 -12 -13 14 -15 15 21 17 -19 -20 -21 -22 -23 -24 24 25 26 -28 -29 -30 -31
leaf_value=-0.00038437740337401923 -2.4377418871226882e-05 0.00083707847767000565 1.2955913130936053e-05 -1.2164520874661945e-06 -0.00088728231884450893 -1.8083176822187852e-05 -3.7910313750444401e-08 2.2380120867637744e-10 -0.04143769010277825 1.0277170893857601e-07 3.8238853505845328e-09 8.1642366345242582e-05 -5.4207129762673391e-08 1.0945399688822022e-08 -0.0001112613900619408 2.213791656657804e-09 -3.3542106038453311e-07 1.647584113584344e-10 -2.6200703828749283e-09 7.6403218329801353e-09 -5.0352416014476374e-09 6.5967569605085432e-07 -9.4243960527151681e-06 -1.0950308599128046e-06 2.3940826428053839e-06 1.4342047255783143e-07 -3.5365732761070275e-06 2.0113250200447449e-05 -1.2200717285305168e-06 5.6377785442336407e-05
leaf_weight=33788 1237 180 367 81769 86020 842 8276 711 329 733 706 124829 12619 1147 3046 614 1453 1259 9129 1263 3321 675 510 477 552 106 281 703 297 106121
leaf_count=33788 1237 180 367 81769 86020 842 8276 711 329 733 706 124829 12619 1147 3046 614 1453 1259 9129 1263 3321 675 510 477 552 106 281 703 297 106121
internal_value=-0.000217811 0.000695523 0.0269254 -0.00312483 0.000405669 0.00183722 0.00977011 0.00175526 0.047 0.0425042 0.0291059 0.00126239 0.0044239 0.0172151 0.00247893 0.00893242 0.00500309 0.0302891 -0.000100017 0.0159313 0.000683231 0.0442068 0.0299359 0.0417018 0.0294011 0.0479744 0.0151525 0.0544433 0.0358554 -0.000873152
internal_weight=483360 367803 4020 115557 363783 171642 11597 9316 1040 2281 1548 160045 35216 4648 30568 17949 16150 2712 13438 4309 3501 1799 1124 2783 1416 939 387 1367 664 192141
internal_count=483360 367803 4020 115557 363783 171642 11597 9316 1040 2281 1548 160045 35216 4648 30568 17949 16150 2712 13438 4309 3501 1799 1124 2783 1416 939 387 1367 664 192141
is_linear=0
shrinkage=0.08


Tree=194
num_leaves=31
num_cat=0
split_feature=31 7 6 8 2 0 5 2 5 39 7 7 5 0 33 33 33 39 6 6 2 8 8 2 23 6 25 2 6 2
split_gain=203.217 379.075 275.1 140.689 216.939 401.517 218.511 655.292 192.033 651.683 167.277 516.199 554.195 466.947 162.07 136.377 316.084 228.065 156.177 404.713 124.539 320.359 121.288 96.0341 203.11 81.0269 58.1568 57.9654 59.0012 76.4702
threshold=0.0016416666666666669 0.0011902777777777779 0.0019368620591516089 0.0088367937866199106 4.5000000000000009 0.18542480468750003 2.9461633333333341 5.5000000000000009 0.95289944444444452 6.1003935448365691 0.98472555555555563 2.8210648611111115 2.7784577777777781 0.15197753906250003 0.019258333333333339 4.0946916666666677 4.2660583333333344 33.498457628563202 2.2687953549117403 2.2720559821751647 5.5000000000000009 2.1475469529102438 0.0088367937866199106 1.0000000180025095e-35 0.98582500000000006 0.082163918624963153 4.1787083333333337 1.0000000180025095e-35 0.0023910945629475647 3.5000000000000004
decision_type=2 2 2 2 2 2 2 2 2 2 2 2 2 2 2 2 2 2 2 2 2 2 2 2 2 2 2 2 2 2
left_child=22 2 -2 4 10 6 8 -8 9 -6 14 12 13 -12 -3 25 17 -17 -18 -20 21 -19 -1 -15 -25 -5 -24 -4 -29 -30
right_child=1 3 27 15 5 -7 7 -9 -10 -11 11 -13 -14 23 -16 16 18 20 19 -21 -22 -23 26 24 -26 -27 -28 28 29 -31
leaf_value=-0.00035362721110409771 -2.2427225361528745e-05 -4.9870559379883165e-08 -1.0074283911197523e-06 -3.6777238441443318e-05 -4.6324222768845407e-09 0.00053888646791241609 -2.7891051912973809e-05 1.5157773702867418e-10 -2.0342905571624214e-07 1.0069767713005717e-08 -0.00010236047885697986 -2.4104647522449341e-09 7.0290960962893228e-09 6.0690164036536489e-07 0.00077011219945640516 -2.5206505057653318e-05 -3.4877488630513656e-08 -1.6636522676378718e-05 2.0589709492924159e-10 0.041471400225752138 9.4549972189383875e-08 3.517974533906454e-09 -6.7945946964371732e-05 2.0366883202171948e-09 -8.6704443685015071e-06 -1.8035244482245737e-05 -1.1191359204688989e-06 1.8504190184411643e-05 2.2652495552193813e-06 -3.2536474140184432e-06
leaf_weight=33294 1258 15043 167 28241 2341 864 1381 1247 4825 1073 2918 6425 1261 666 177 884 7278 719 694 2654 723 773 66917 623 502 283679 14123 2183 113 314
leaf_count=33294 1258 15043 167 28241 2341 864 1381 1247 4825 1073 2918 6425 1261 666 177 884 7278 719 694 2654 723 773 66917 623 502 283679 14123 2183 113 314
internal_value=-0.000228569 0.000684481 0.0250706 0.000414891 0.00493346 0.0140476 0.0098743 0.0299604 0.00346741 0.0179871 0.00106174 0.00796127 0.0248978 0.0122846 -0.00455716 -0.000131065 0.00767359 0.0301542 0.00111726 0.015417 0.0438646 0.0306595 -0.00317554 0.04444 0.0301867 -0.000474483 -0.00150543 0.03913 0.0420536 0.0148571
internal_weight=483360 369026 4035 364991 39346 11731 10867 2628 8239 3414 27615 12395 5970 4709 15220 325645 13725 3099 10626 3348 2215 1492 114334 1791 1125 311920 81040 2777 2610 427
internal_count=483360 369026 4035 364991 39346 11731 10867 2628 8239 3414 27615 12395 5970 4709 15220 325645 13725 3099 10626 3348 2215 1492 114334 1791 1125 311920 81040 2777 2610 427
is_linear=0
shrinkage=0.08


Tree=195
num_leaves=31
num_cat=0
split_feature=39 7 6 8 6 0 6 8 2 5 2 5 39 7 7 5 0 33 0 33 33 39 15 2 0 2 8 2 23 0
split_gain=184.97 229.463 211.427 124.03 107.158 187.901 117.135 96.9079 131.29 187.774 655.292 245.276 560.108 167.479 516.199 554.195 466.947 162.941 138.124 101.054 341.76 234.968 138.473 151.47 276.131 125.227 319.101 96.0341 203.11 90.3977
threshold=0.012706458191018757 0.0011536111111111111 0.0019368620591516089 0.028112341566782838 0.0023565738714006871 0.13623046875000003 0.0022427130630230684 0.0088367937866199106 4.5000000000000009 2.9461633333333341 5.5000000000000009 0.95289944444444452 6.1003935448365691 0.98472555555555563 2.8210648611111115 2.7784577777777781 0.15197753906250003 0.019258333333333339 0.18542480468750003 4.0946916666666677 4.2660583333333344 33.498457628563202 4.3673583333333346 2.5000000000000004 0.13387044270833334 5.5000000000000009 2.1475469529102438 1.0000000180025095e-35 0.98582500000000006 0.13623046875000003
decision_type=2 2 2 2 2 2 2 2 2 2 2 2 2 2 2 2 2 2 2 2 2 2 2 2 2 2 2 2 2 2
left_child=3 2 -2 -1 6 -6 29 8 13 11 -11 12 18 17 15 16 -15 -3 -10 -9 21 -21 -22 -24 -25 26 -23 -18 -29 -4
right_child=1 7 4 -5 5 -7 -8 19 9 10 -12 -13 -14 14 -16 -17 27 -19 -20 20 22 25 23 24 -26 -27 -28 28 -30 -31
leaf_value=-0.00032533703421576995 -2.0633047332606415e-05 -4.5880914631979406e-08 1.0439104865708274e-05 -1.0296050468313869e-06 -6.1109783409445121e-07 7.2222081662805255e-07 1.7023854969658719e-05 -2.1527093940738596e-05 -4.2618284989970339e-09 -2.5659767759940167e-05 1.3945150811878193e-10 -1.8715473125041628e-07 9.2641862980968883e-09 -9.4171640548417208e-05 -2.2176275749075104e-09 6.4667684185337748e-09 5.5834950913435937e-07 0.00070850322349989283 0.00049577555047942035 -2.3189984653058106e-05 -3.2087289554283416e-08 -1.5305600862234313e-05 -6.021701600502638e-06 1.8942529322885094e-10 -0.0057134578956806658 8.698597440570666e-08 3.2365365854047925e-09 1.8737532503365627e-09 -7.9768088190235174e-06 -2.6028012050009765e-06
leaf_weight=33788 1237 15150 366 81769 753 283 699 306406 2623 1381 1247 4825 1073 2918 6425 1261 666 178 864 949 12227 721 1203 707 716 723 780 623 502 297
leaf_count=33788 1237 15150 366 81769 753 283 699 306406 2623 1381 1247 4825 1073 2918 6425 1261 666 178 864 949 12227 721 1203 707 716 723 780 623 502 297
internal_value=-0.000332839 0.000544355 0.0205447 -0.00312483 0.034402 0.0150116 0.0491512 0.000344718 0.00407368 0.0110594 0.0299604 0.00576665 0.0190702 0.00104664 0.00796127 0.0248978 0.0122846 -0.00454489 0.00351706 -0.000112001 0.00570908 0.0295418 0.000617786 0.0172856 0.0349515 0.0437626 0.0305876 0.04444 0.0301867 0.0250618
internal_weight=483360 367803 3635 115557 2398 1036 1362 364168 39736 12013 2628 9385 4560 27723 12395 5970 4709 15328 3487 324432 18026 3173 14853 2626 1423 2224 1501 1791 1125 663
internal_count=483360 367803 3635 115557 2398 1036 1362 364168 39736 12013 2628 9385 4560 27723 12395 5970 4709 15328 3487 324432 18026 3173 14853 2626 1423 2224 1501 1791 1125 663
is_linear=0
shrinkage=0.08


Tree=196
num_leaves=31
num_cat=0
split_feature=39 7 6 8 0 6 6 33 0 2 6 6 0 6 0 21 8 8 7 0 2 7 39 7 7 5 2 7 31 25
split_gain=184.553 229.383 211.427 122.911 110.538 122.768 475.402 374.454 183.553 135.116 319.985 107.158 187.901 117.135 90.3977 68.9098 184.227 67.6697 120.164 388.72 325.617 615.664 277.694 631.294 254.71 877.629 147.609 95.3263 206.479 58.7914
threshold=0.012706458191018757 0.0011536111111111111 0.0019368620591516089 0.028112341566782838 0.15695612468103057 2.1764250520335033 2.2025484157288306 4.3944666666666672 0.13387044270833334 5.5000000000000009 2.1994103590463117 0.0023565738714006871 0.13623046875000003 0.0022427130630230684 0.13623046875000003 0.72550833333333331 0.028112341566782838 0.047238941314250667 0.98472555555555563 0.15197753906250003 5.5000000000000009 2.9697776388888895 6.1534803702613727 0.94465500000000002 2.8210648611111115 2.7784577777777781 1.0000000180025095e-35 0.99049111111111121 0.98572500000000007 4.1787083333333337
decision_type=2 2 2 2 2 2 2 2 2 2 2 2 2 2 2 2 2 2 2 2 2 2 2 2 2 2 2 2 2 2
left_child=3 2 -2 -1 5 17 9 -8 -9 10 -7 13 -13 14 -4 -6 -17 18 22 20 24 -22 23 26 25 -20 -3 28 -21 -5
right_child=1 4 11 29 15 6 7 8 -10 -11 -12 12 -14 -15 -16 16 -18 -19 19 27 21 -23 -24 -25 -26 -27 -28 -29 -30 -31
leaf_value=-0.00029931007147850834 -1.8982403545997896e-05 0.00065182296561990135 9.6039764764516139e-06 -0.00018126365050759042 -0.00081313474626310445 -1.4081152793252727e-05 -2.9520306412678112e-08 1.7427126408620097e-10 -0.038364945950950559 8.0027096487356179e-08 2.9776136756254345e-09 -5.6221000736690617e-07 6.6444315129782217e-07 1.5661946572086001e-05 -2.3945771086009151e-06 5.1875222724868666e-05 2.2957052835197443e-05 7.8275964111469416e-05 -8.6637909304556623e-05 1.7238529892438236e-09 -2.773406725964378e-07 1.2829538320602297e-10 -4.2210441462131598e-08 8.5230513935385939e-09 -2.0402173817046788e-09 5.9494269422089021e-09 -3.9208822233405269e-09 5.136815483997026e-07 -7.3386641135009254e-06 -9.4723664308487593e-07
leaf_weight=33788 1237 181 366 66976 86020 842 8276 711 329 733 706 753 283 699 297 266 105855 124829 3046 614 1453 1259 12619 1147 9129 1263 3705 675 510 14793
leaf_count=33788 1237 181 366 66976 86020 842 8276 711 329 733 706 753 283 699 297 266 105855 124829 3046 614 1453 1259 12619 1147 9129 1263 3705 675 510 14793
internal_value=-0.00032837 0.000547835 0.0205447 -0.00311722 0.000348233 0.00182125 0.00977011 0.00175526 0.047 0.0425042 0.0291059 0.034402 0.0150116 0.0491512 0.0250618 -0.000970581 0.000393436 0.00124665 0.00432325 0.00893242 0.00500309 0.0302891 -0.000363473 0.0155247 -0.000100017 0.0159313 0.000131753 0.0442068 0.0299359 -0.00144006
internal_weight=483360 367803 3635 115557 364168 172027 11597 9316 1040 2281 1548 2398 1036 1362 663 192141 106121 160430 35601 17949 16150 2712 17652 5033 13438 4309 3886 1799 1124 81769
internal_count=483360 367803 3635 115557 364168 172027 11597 9316 1040 2281 1548 2398 1036 1362 663 192141 106121 160430 35601 17949 16150 2712 17652 5033 13438 4309 3886 1799 1124 81769
is_linear=0
shrinkage=0.08


Tree=197
num_leaves=31
num_cat=0
split_feature=31 8 2 0 5 2 5 39 7 6 7 7 5 0 33 33 39 6 6 2 8 8 7 5 21 8 0 6 6 2
split_gain=191.076 218.085 252.8 373.047 176.744 655.292 269.498 532.192 181.089 162.621 213.031 517.795 552.725 473.326 135.317 316.904 228.065 154.395 406.493 124.539 320.359 119.608 92.8609 205.497 86.6536 121.565 91.8155 98.5286 82.4831 67.0874
threshold=0.0016416666666666669 0.0088367937866199106 4.5000000000000009 0.18542480468750003 2.9461633333333341 5.5000000000000009 0.95289944444444452 6.1003935448365691 0.0011379166666666374 0.0019368620591516089 0.98472555555555563 2.8210648611111115 2.7784577777777781 0.15197753906250003 4.0946916666666677 4.2660583333333344 33.498457628563202 2.2687953549117403 2.2720559821751647 5.5000000000000009 2.1475469529102438 0.0088367937866199106 0.99049111111111121 0.9889772222222224 0.0062000000000000015 0.0022956977758357947 0.13623046875000003 0.0022979183131130372 0.082163918624963153 5.5000000000000009
decision_type=2 2 2 2 2 2 2 2 2 2 2 2 2 2 2 2 2 2 2 2 2 2 2 2 2 2 2 2 2 2
left_child=21 2 9 4 6 -6 7 8 -4 10 -2 12 13 -12 28 16 -16 -17 -19 20 -18 -1 23 -15 25 26 -11 -28 -3 -10
right_child=1 14 3 -5 5 -7 -8 -9 29 24 11 -13 -14 22 15 17 19 18 -20 -21 -22 -23 -24 -25 -26 -27 27 -29 -30 -31
leaf_value=-0.00027536526576022764 -3.8833606144095255e-08 -3.8374968979786317e-05 1.4408990846319151e-05 0.00052116428614211506 -2.36068231217601e-05 1.1803173549651548e-10 -1.7201913536268875e-07 7.8412072834765929e-09 -3.6072116493812703e-09 8.8356583583355105e-06 -7.9706876560194925e-05 -1.8769999954315609e-09 5.4734728038852158e-09 1.5859447533017601e-09 -2.7596863009691221e-05 -2.7158681916716888e-08 -1.2954660569803879e-05 1.603295629593049e-10 0.038152333379593117 7.3624928802473736e-08 2.7394045787332287e-09 -8.7145771163808586e-07 4.7258702452701583e-07 -6.7515709844201415e-06 0.00054081289707607087 -4.5288985916006054e-08 -2.5766332324032858e-07 1.3075672195596648e-05 -9.2019720416924857e-06 6.1128769919399641e-07
leaf_weight=33294 15440 28241 308 876 1381 1247 4825 1073 2588 535 2918 6423 1261 608 884 7278 719 694 2654 723 773 81040 665 492 393 939 432 131 283679 846
leaf_count=33294 15440 28241 308 876 1381 1247 4825 1073 2588 535 2918 6423 1261 608 884 7278 719 694 2654 723 773 81040 665 492 393 939 432 131 283679 846
internal_value=-0.000305364 0.00057999 0.00590839 0.015171 0.0115696 0.0299604 0.00655601 0.019946 0.0057039 0.00188193 0.000147587 0.00797154 0.0249879 0.0123288 -0.000129837 0.00764444 0.0301542 0.00107961 0.0152975 0.0438646 0.0306595 -0.00316295 0.0450312 0.0307636 0.0217284 0.0150928 0.0331658 0.0106146 -0.000471918 0.000433312
internal_weight=483360 369026 43381 13144 12268 2628 9640 4815 3742 30237 27807 12367 5944 4683 325645 13725 3099 10626 3348 2215 1492 114334 1765 1100 2430 2037 1098 563 311920 3434
internal_count=483360 369026 43381 13144 12268 2628 9640 4815 3742 30237 27807 12367 5944 4683 325645 13725 3099 10626 3348 2215 1492 114334 1765 1100 2430 2037 1098 563 311920 3434
is_linear=0
shrinkage=0.08


Tree=198
num_leaves=31
num_cat=0
split_feature=31 7 6 33 33 39 6 6 2 8 8 8 2 5 5 5 0 5 5 5 2 5 2 5 6 6 0 7 0 25
split_gain=180.924 168.105 164.841 119.63 317.068 228.065 154.04 406.85 124.539 320.359 119.205 107.099 190.541 205.35 524.131 547.162 498.125 180.071 434.258 356.697 655.292 159.035 80.4669 234.476 68.0189 63.0681 189.508 137.622 112.7 58.1814
threshold=0.0016416666666666669 0.0011536111111111111 0.0019368620591516089 4.0946916666666677 4.2660583333333344 33.498457628563202 2.2687953549117403 2.2720559821751647 5.5000000000000009 2.1475469529102438 0.0088367937866199106 0.00080675118969205718 4.5000000000000009 0.9847111111111112 2.8211077777777782 2.7784577777777781 0.15197753906250003 0.95289944444444452 0.94773722222222212 2.9461633333333341 5.5000000000000009 0.70240222222222248 2.5000000000000004 0.9889772222222224 0.094941700853062042 0.0023565738714006871 0.13623046875000003 0.0011022222222222225 0.13623046875000003 4.1787083333333337
decision_type=2 2 2 2 2 2 2 2 2 2 2 2 2 2 2 2 2 2 2 2 2 2 2 2 2 2 2 2 2 2
left_child=10 2 -2 11 5 -5 -6 -8 9 -7 -1 12 13 -3 15 16 -15 18 21 -19 -21 -14 -18 -24 -13 27 -27 28 -4 -12
right_child=1 3 25 4 6 8 7 -9 -10 -11 29 24 17 14 -16 -17 22 19 -20 20 -22 -23 23 -25 -26 26 -28 -29 -30 -31
leaf_value=-0.00025333604449940942 -1.7460704573826551e-05 -3.5726917655409805e-08 8.1288056896686857e-06 -2.538911396889887e-05 -2.4985987394643415e-08 -1.1918287724199672e-05 1.4750320076473144e-10 0.035100146709225642 6.7734934532381889e-08 2.5202522380141092e-09 -6.8700064736049179e-05 -8.3088713594798443e-06 1.7672119822611522e-05 -7.3330326435367972e-05 -1.7268400043235488e-09 5.0355949809954836e-09 4.3478006256592039e-07 -1.5825760453225259e-07 7.2139107043511791e-09 -2.1718277272029241e-05 1.0858919097245234e-10 -3.3186347181413112e-09 1.4590691765903331e-09 -6.2114453056683063e-06 -8.4658142783577975e-06 -5.1694462984565311e-07 5.6238468325850443e-07 1.3256271578613588e-05 -2.3705025738111896e-07 -8.0174109470703902e-07
leaf_weight=33294 1256 13928 375 884 7278 719 694 2654 723 773 66917 33909 298 2918 6421 1261 662 4720 1042 1381 1247 1827 539 473 281027 749 282 555 431 14123
leaf_count=33294 1256 13928 375 884 7278 719 694 2654 723 773 66917 33909 298 2918 6421 1261 662 4720 1042 1381 1247 1827 539 473 281027 749 282 555 431 14123
internal_value=-0.000379512 0.000482002 0.0175702 0.000311391 0.00763861 0.0301542 0.00107209 0.0152736 0.0438646 0.0306595 -0.00316015 2.54095e-05 0.00411428 0.000463474 0.00800782 0.0253231 0.0125052 0.0132116 0.0291582 0.00633859 0.0299604 0.00841412 0.0472927 0.0331067 -0.000451294 0.029893 0.014968 0.0411991 0.0200893 -0.00150444
internal_weight=483360 369026 3648 365378 13725 3099 10626 3348 2215 1492 114334 351653 36717 26202 12274 5853 4592 10515 3167 7348 2628 2125 1674 1012 314936 2392 1031 1361 806 81040
internal_count=483360 369026 3648 365378 13725 3099 10626 3348 2215 1492 114334 351653 36717 26202 12274 5853 4592 10515 3167 7348 2628 2125 1674 1012 314936 2392 1031 1361 806 81040
is_linear=0
shrinkage=0.08


Tree=199
num_leaves=31
num_cat=0
split_feature=39 8 2 5 23 0 7 5 2 39 6 7 0 8 33 33 39 15 2 0 2 8 7 5 6 0 7 25 33 0
split_gain=182.826 186.582 216.033 677.676 317.432 307.514 218.942 881.256 188.822 525.129 179.21 191.48 473.326 118.628 99.638 342.524 234.968 137.494 153.041 276.131 125.227 319.101 92.8609 205.497 78.6631 77.3575 62.1671 58.8166 54.439 63.5742
threshold=0.012706458191018757 0.0088367937866199106 5.5000000000000009 2.9461633333333341 0.95262500000000017 0.13623046875000003 2.8210648611111115 2.7784577777777781 4.5000000000000009 6.1003935448365691 0.0019368620591516089 0.98472555555555563 0.15197753906250003 0.028112341566782838 4.0946916666666677 4.2660583333333344 33.498457628563202 4.3673583333333346 2.5000000000000004 0.13387044270833334 5.5000000000000009 2.1475469529102438 0.99049111111111121 0.9889772222222224 0.074970135944514238 0.12923177083333334 0.95534722222222235 4.1787083333333337 0.019258333333333339 0.13623046875000003
decision_type=2 2 2 2 2 2 2 2 2 2 2 2 2 2 2 2 2 2 2 2 2 2 2 2 2 2 2 2 2 2
left_child=13 2 6 4 5 -4 7 8 10 -10 11 -2 -13 -1 24 16 -16 -17 -19 -20 21 -18 23 -14 -3 -12 -11 -15 29 -27
right_child=1 14 3 -5 -6 -7 -8 -9 9 26 25 12 22 27 15 17 20 18 19 -21 -22 -23 -24 -25 -26 28 -28 -29 -30 -31
leaf_value=-0.00023306916093945667 -3.2868764243687566e-08 -3.4640261752647559e-05 -2.9123261264559635e-06 9.9902059957912571e-11 -2.2873127960565399e-07 1.6258350236801887e-05 -1.5886928039776649e-09 4.6327473768315029e-09 6.2274868867638608e-07 6.6367978490688984e-09 -5.1294346628532884e-05 -6.7463900320525734e-05 1.3423436406867496e-09 -0.00016534913556137454 -2.3357984851415382e-05 -2.298710839454543e-08 -1.0964824706292121e-05 -5.5334322744471362e-06 1.3570293333486917e-10 -0.0082293476246919454 6.2316139803897386e-08 2.3186320419199547e-09 3.999976575563835e-07 -5.7145296812155526e-06 -7.7885491360873973e-06 7.4785012344951582e-06 -0.00016491657866308352 -7.3760180713047593e-07 0.00055707680631298187 1.0969116693659853e-05
leaf_weight=33788 15416 26189 592 1247 3577 893 9000 1261 3150 1049 526 2918 608 66976 949 12227 721 1203 707 716 723 780 665 492 280217 956 68 14793 182 771
leaf_count=33788 15416 26189 592 1247 3577 893 9000 1261 3150 1049 526 2918 608 66976 949 12227 721 1203 707 716 723 780 665 492 280217 956 68 14793 182 771
internal_value=-0.000310992 0.000561103 0.0054892 0.0191739 0.00616041 0.0372525 0.00315968 0.00664186 0.00356673 0.0189979 0.000644713 -0.0018385 0.0123288 -0.00308676 -9.76988e-05 0.00568246 0.0295418 0.000585469 0.0171942 0.0349515 0.0437626 0.0305876 0.0450312 0.0307636 -0.000437748 0.0211417 0.0661271 -0.00143908 0.0286265 0.0242409
internal_weight=483360 367803 43371 6309 5062 1485 37062 28062 26801 4267 22534 20099 4683 115557 324432 18026 3173 14853 2626 1423 2224 1501 1765 1100 306406 2435 1117 81769 1909 1727
internal_count=483360 367803 43371 6309 5062 1485 37062 28062 26801 4267 22534 20099 4683 115557 324432 18026 3173 14853 2626 1423 2224 1501 1765 1100 306406 2435 1117 81769 1909 1727
is_linear=0
shrinkage=0.08


Tree=200
num_leaves=31
num_cat=0
split_feature=39 8 2 5 2 5 39 6 7 7 5 0 7 0 8 33 33 39 15 2 0 2 8 7 5 2 5 5 7 7
split_gain=181.788 150.179 154.16 161.72 655.292 296.019 505.942 154.053 213.58 517.795 552.725 473.326 147.191 119.092 118.858 97.4567 342.524 234.968 137.494 153.041 276.131 125.227 319.101 92.8609 205.497 77.2452 69.8335 105.464 60.5211 135.149
threshold=0.012706458191018757 0.0088367937866199106 4.5000000000000009 2.9461633333333341 5.5000000000000009 0.95289944444444452 6.1003935448365691 0.0019368620591516089 0.98472555555555563 2.8210648611111115 2.7784577777777781 0.15197753906250003 0.0011379166666666374 0.18542480468750003 0.028112341566782838 4.0946916666666677 4.2660583333333344 33.498457628563202 4.3673583333333346 2.5000000000000004 0.13387044270833334 5.5000000000000009 2.1475469529102438 0.99049111111111121 0.9889772222222224 2.5000000000000004 0.70240222222222248 0.71557500000000018 0.0011902777777777779 0.0011022222222222225
decision_type=2 2 2 2 2 2 2 2 2 2 2 2 2 2 2 2 2 2 2 2 2 2 2 2 2 2 2 2 2 2
left_child=14 2 7 5 -5 6 12 8 -2 10 11 -10 -4 -14 -1 -3 17 -17 -18 -20 -21 22 -19 24 -13 -9 -15 -28 29 -27
right_child=1 15 3 4 -6 -7 -8 25 9 -11 -12 23 13 26 -16 16 18 21 19 20 -22 -23 -24 -25 -26 28 27 -29 -30 -31
leaf_value=-0.00021442362806430013 -3.0239263102416201e-08 -1.3295621422813043e-05 1.0895101833380341e-05 -1.9980687994838321e-05 9.1909910793219752e-11 -1.4546990076524935e-07 6.1058540179459439e-09 0.00045364643051370502 -6.206678829489221e-05 -1.4615973853437937e-09 4.2621275753162991e-09 1.2349561462343672e-09 -5.287303904033536e-08 1.4957682217859869e-05 -6.785936625600379e-07 -2.1489346063319203e-05 -2.1148139737192649e-08 -1.008763872981433e-05 -5.0907576925141031e-06 1.2484669298373774e-10 -0.0075709998147166059 5.7330848619585599e-08 2.1331414501446491e-09 3.6799784495222811e-07 -5.2573673067168868e-06 -1.0956155722834093e-06 -3.4611852424353276e-05 0.00047942158884642263 -6.2848465341651392e-06 1.3766953881146765e-06
leaf_weight=33788 15416 306406 326 1381 1247 4825 1073 1032 2918 6423 1261 608 3435 298 81769 949 12227 721 1203 707 716 723 780 665 492 351 403 163 797 257
leaf_count=33788 15416 306406 326 1381 1247 4825 1073 1032 2918 6423 1261 608 3435 298 81769 949 12227 721 1203 707 716 723 780 665 492 351 403 163 797 257
internal_value=-0.000312647 0.00055697 0.00497826 0.0122083 0.0299604 0.00777497 0.0201221 0.0018319 0.000140228 0.00797154 0.0249879 0.0123288 0.00864 0.00470993 -0.00308052 -3.40799e-05 0.00568246 0.0295418 0.000585469 0.0171942 0.0349515 0.0437626 0.0305876 0.0450312 0.0307636 0.0211178 0.0312593 0.0147562 0.00891103 0.0279211
internal_weight=483360 367803 43371 13151 2628 10523 5698 30220 27783 12367 5944 4683 4625 4299 115557 324432 18026 3173 14853 2626 1423 2224 1501 1765 1100 2437 864 566 1405 608
internal_count=483360 367803 43371 13151 2628 10523 5698 30220 27783 12367 5944 4683 4625 4299 115557 324432 18026 3173 14853 2626 1423 2224 1501 1765 1100 2437 864 566 1405 608
is_linear=0
shrinkage=0.08


Tree=201
num_leaves=31
num_cat=0
split_feature=7 8 2 7 5 5 0 5 7 5 2 5 33 33 39 15 2 0 2 8 33 8 2 2 31 8 8 0 5 6
split_gain=191.935 88.1398 187.778 204.625 524.155 547.522 492.275 182.108 434.061 357.723 655.292 159.035 93.9484 343.905 234.932 138.893 153.037 275.852 125.227 319.101 87.1563 150.74 198.898 84.751 228.638 49.28 37.5329 29.5295 105.464 27.3774
threshold=0.36899958333333344 0.0028437978909020612 4.5000000000000009 0.98472555555555563 2.8211077777777782 2.7784577777777781 0.15197753906250003 0.95289944444444452 0.94465500000000002 2.9461633333333341 5.5000000000000009 0.70240222222222248 4.0946916666666677 4.2660583333333344 33.498457628563202 4.3673583333333346 2.5000000000000004 0.13387044270833334 5.5000000000000009 2.1475469529102438 0.0052333333333334335 0.0022956977758357947 3.5000000000000004 1.0000000180025095e-35 0.98572500000000007 0.057949776705634483 2.1631606750402033 0.18542480468750003 0.71557500000000018 0.094941700853062042
decision_type=2 2 2 2 2 2 2 2 2 2 2 2 2 2 2 2 2 2 2 2 2 2 2 2 2 2 2 2 2 2
left_child=20 2 3 -2 5 6 -5 8 11 -9 -11 -4 29 14 -14 -15 -17 -18 19 -16 25 22 -22 -8 -25 -1 -21 -13 -29 -3
right_child=1 12 7 4 -6 -7 23 9 -10 10 -12 27 13 15 18 16 17 -19 -20 26 21 -23 -24 24 -26 -27 -28 28 -30 -31
leaf_value=-8.9392126292884639e-05 -2.7820122054933451e-08 -5.4713616713275572e-06 1.3761067640434277e-05 -5.7101445231317886e-05 -1.3446695845686919e-09 3.9211573721331658e-09 3.3855801735427348e-07 -1.3383230871966136e-07 5.6173856943786407e-09 -1.8382232955254097e-05 8.4557107982163867e-11 -4.8643195915687443e-08 -1.9770198378239456e-05 -1.9456288526953359e-08 -9.2806276314405525e-06 -4.6834970770959218e-06 1.148589490185259e-10 -0.006912096661720271 5.274438073854526e-08 1.9624901170800512e-09 -1.0079663265007144e-06 -8.5371888093113692e-08 1.0023493686709892e-05 1.1361596552461606e-09 -4.8367779221791807e-06 -0.0076153357698934346 0.0014454998223067206 -3.1842904230403591e-05 0.00044106786173871094 -6.2430616955523479e-07
leaf_weight=38084 14054 24682 298 2918 6421 1261 662 4773 1045 1381 1247 1261 945 12176 721 1201 707 715 723 727 418 19140 438 566 488 38362 53 403 163 307327
leaf_count=38084 14054 24682 298 2918 6421 1261 662 4773 1045 1381 1247 1261 945 12176 721 1201 707 715 723 727 418 19140 438 566 488 38362 53 403 163 307327
internal_value=-0.000391429 0.000404466 0.00412095 0.000509668 0.00803767 0.0252621 0.0125438 0.0131295 0.0291735 0.00625753 0.0299604 0.00841412 1.21818e-05 0.00564648 0.0295639 0.000524898 0.017223 0.0349817 0.0437626 0.0305876 -0.0035845 0.00111782 0.0339626 0.0465455 0.0324554 -0.00481449 0.0660513 -0.000424742 0.0147562 -0.000292741
internal_weight=483360 386918 36941 26370 12316 5895 4634 10571 3170 7401 2628 2125 349977 17968 3169 14799 2623 1422 2224 1501 96442 19996 856 1716 1054 76446 780 1827 566 332009
internal_count=483360 386918 36941 26370 12316 5895 4634 10571 3170 7401 2628 2125 349977 17968 3169 14799 2623 1422 2224 1501 96442 19996 856 1716 1054 76446 780 1827 566 332009
is_linear=0
shrinkage=0.08


Tree=202
num_leaves=31
num_cat=0
split_feature=7 39 8 2 8 6 7 0 2 5 7 5 2 21 5 39 5 25 7 33 33 39 15 2 0 2 8 2 31 0
split_gain=158.177 117.905 178.756 257.482 117.824 216.614 167.216 384.706 337.072 613.918 257.174 873.384 175.138 129.701 266.452 415.141 120.972 115.03 117.627 105.962 342.524 234.968 137.494 153.041 276.131 125.227 319.101 97.4647 205.957 75.1047
threshold=0.0012319444444444446 0.036593920840620013 0.0022956977758357947 3.5000000000000004 0.0088367937866199106 0.0089821603068405646 0.98472555555555563 0.15197753906250003 5.5000000000000009 2.9461633333333341 2.8210648611111115 2.7784577777777781 4.5000000000000009 0.0062000000000000015 0.95289944444444452 6.1003935448365691 0.9425177777777779 1.0000000180025095e-35 0.0041731944444444455 4.0946916666666677 4.2660583333333344 33.498457628563202 4.3673583333333346 2.5000000000000004 0.13387044270833334 5.5000000000000009 2.1475469529102438 1.0000000180025095e-35 0.98572500000000007 0.13623046875000003
decision_type=2 2 2 2 2 2 2 2 2 2 2 2 2 2 2 2 2 2 2 2 2 2 2 2 2 2 2 2 2 2
left_child=1 -1 3 -3 5 6 12 8 10 -10 11 -8 -2 -14 15 16 29 18 -7 -6 21 -21 -22 -24 -25 26 -23 -9 -29 -15
right_child=4 2 -4 -5 19 17 7 27 9 -11 -12 -13 13 14 -16 -17 -18 -19 -20 20 22 25 23 24 -26 -27 -28 28 -30 -31
leaf_value=-0.00019011836771572533 -2.5594512287341331e-08 -9.2732902038067389e-07 -2.4648993329046131e-07 9.2216141917730872e-06 -5.74361675990816e-07 9.4312794973993441e-06 -5.2533329612813877e-05 3.1147337596237891e-07 -1.8808860048125097e-07 7.7792527974906994e-11 -1.2370960078555982e-09 3.6074647979944532e-09 -0.00020841648741489084 -1.4800513637381121e-05 -3.538006982202191e-06 5.1679948409599775e-09 -4.4751740242432449e-08 -6.7383125272652777e-07 0.00041736154582365601 -1.8188582508003038e-05 -1.789978547606097e-08 -8.5381774209025717e-06 -4.3088173109140371e-06 1.0567021035967628e-10 -0.0064123520966016569 4.8524830305041179e-08 1.8054909389775276e-09 1.0452668863791815e-09 -4.4498356884048462e-06 0.00040578243279961514
leaf_weight=30219 15930 550 1797 604 388659 200 2971 666 1376 1247 8998 1261 2852 415 2199 1073 1265 272 612 949 12227 721 1203 707 716 723 780 615 510 1043
leaf_count=30219 15930 550 1797 604 388659 200 2971 666 1376 1247 8998 1261 2852 415 2199 1073 1265 272 612 949 12227 721 1203 707 716 723 780 615 510 1043
internal_value=-0.000283186 -0.00561471 0.00964825 0.0342184 0.000109641 0.00406666 0.00316428 0.0091163 0.00514577 0.0313443 -4.83768e-05 0.0162155 -0.00107422 0.00795117 0.0146322 0.0274689 0.0108615 0.0393801 0.0544631 -0.00031366 0.00568246 0.0295418 0.000585469 0.0171942 0.0349515 0.0437626 0.0305876 0.0442613 0.0299022 0.0265679
internal_weight=483360 33170 2951 1154 450190 43505 42421 17644 15853 2623 13230 4232 24777 8847 5995 3796 2723 1084 812 406685 18026 3173 14853 2626 1423 2224 1501 1791 1125 1458
internal_count=483360 33170 2951 1154 450190 43505 42421 17644 15853 2623 13230 4232 24777 8847 5995 3796 2723 1084 812 406685 18026 3173 14853 2626 1423 2224 1501 1791 1125 1458
is_linear=0
shrinkage=0.08


Tree=203
num_leaves=31
num_cat=0
split_feature=7 33 33 39 15 2 0 2 8 8 7 0 2 5 5 5 39 5 2 31 33 8 8 39 5 1 2 0 8 6
split_gain=196.936 87.1438 343.675 234.315 138.305 153.037 275.852 125.227 319.101 82.5343 165.074 414.625 337.037 613.918 257.155 873.384 169.086 761.603 84.751 228.638 59.2779 40.657 37.5329 37.3071 111.416 35.578 40.5976 116.407 30.6736 26.7242
threshold=0.21733027777777766 4.0946916666666677 4.2660583333333344 33.498457628563202 4.3673583333333346 2.5000000000000004 0.13387044270833334 5.5000000000000009 2.1475469529102438 0.0028437978909020612 0.98472555555555563 0.15197753906250003 5.5000000000000009 2.9461633333333341 2.8211077777777782 2.7784577777777781 6.1534803702613727 0.94773722222222212 1.0000000180025095e-35 0.98572500000000007 1.0000000180025095e-35 1.0000000180025095e-35 2.1631606750402033 3.8137671249313443 0.72217444444444456 17.500000000000004 2.5000000000000004 0.18542480468750003 0.053743978479683686 0.082163918624963153
decision_type=2 2 2 2 2 2 2 2 2 2 2 2 2 2 2 2 2 2 2 2 2 2 2 2 2 2 2 2 2 2
left_child=20 9 3 -3 -4 -6 -7 8 -5 10 16 12 14 21 15 -12 17 23 -13 -20 28 -14 -10 -2 -25 -26 -27 -28 -1 -11
right_child=1 2 4 7 5 6 -8 -9 22 29 11 18 13 -15 -16 -17 -18 -19 19 -21 -22 -23 -24 24 25 26 27 -29 -30 -31
leaf_value=-0.00017490889829846728 -6.1758066515942291e-05 -1.6733495907388373e-05 -1.6467802623765239e-08 -7.8551232272161544e-06 -3.9641119260380717e-06 9.7216599215244063e-11 -0.0058461407610545151 4.464284387495354e-08 1.6610516695436672e-09 -4.9957142033640881e-06 -4.8330663243802977e-05 2.8655550588396749e-07 -1.7304151242569787e-07 7.1569132842341794e-11 -1.1381283115952102e-09 3.3188675985229567e-09 -2.3546951304354026e-08 4.7545552561700791e-09 9.616455365346611e-10 -4.0938488333353006e-06 -5.8822942382436016e-08 1.5468890334524586e-05 0.0013298596920829253 0.00037331983817564309 -4.1171601026235292e-08 -0.00029214968268572507 -4.1171601026235292e-08 4.7740491561718556e-05 -0.016823244330865596 -5.2841274191155075e-07
leaf_weight=34712 3748 946 12205 721 1201 707 715 723 727 24494 2971 662 1334 1247 8996 1261 12080 1043 566 488 16334 42 53 163 1423 360 316 241 20748 332133
leaf_count=34712 3748 946 12205 721 1201 707 715 723 727 24494 2971 662 1334 1247 8996 1261 12080 1043 566 488 16334 42 53 163 1423 360 316 241 20748 332133
internal_value=-0.000449853 0.000224584 0.00566818 0.0295773 0.000556783 0.017223 0.0349817 0.0437626 0.0305876 -2.43535e-05 0.00357521 0.00919132 0.00514743 0.0313443 -4.71746e-05 0.0162155 -0.00151709 0.0081009 0.0465455 0.0324554 -0.00431613 -0.0055 0.0660513 -0.00245849 0.00510427 0.000649571 0.0129378 0.0264704 -0.00556365 -0.000397212
internal_weight=483360 411566 17998 3170 14828 2623 1422 2224 1501 393568 36941 17567 15851 2623 13228 4232 19374 7294 1716 1054 71794 1376 780 6251 2503 2340 917 557 55460 356627
internal_count=483360 411566 17998 3170 14828 2623 1422 2224 1501 393568 36941 17567 15851 2623 13228 4232 19374 7294 1716 1054 71794 1376 780 6251 2503 2340 917 557 55460 356627
is_linear=0
shrinkage=0.08


Tree=204
num_leaves=31
num_cat=0
split_feature=15 8 39 2 7 2 7 7 39 13 23 33 33 39 6 6 2 8 8 15 7 23 8 19 8 21 8 0 8 33
split_gain=219.507 236.124 276.922 380.769 652.705 324.246 610.886 160.813 939.621 153.611 473.701 138.654 312.394 224.641 153.795 402.906 124.991 320.023 122.72 107.308 99.4323 208.595 91.6886 79.9769 79.9486 61.9715 40.9634 40.38 39.3753 35.7456
threshold=0.72332500000000011 0.10427891627175047 6.2427642252175177 5.5000000000000009 0.94465500000000002 5.5000000000000009 2.9697776388888895 2.8210648611111115 21.07590757345163 0.9848083333333334 1.0134416666666668 4.0946916666666677 4.2660583333333344 33.498457628563202 2.2687953549117403 2.2720559821751647 5.5000000000000009 2.1475469529102438 0.14017025764434085 0.80373333333333341 0.99049111111111121 0.98582500000000006 0.033028002712820061 0.69999166666666668 1.0000000180025095e-35 4.1700000000000008 0.00080675118969205718 0.13387044270833334 1.0000000180025095e-35 0.002233333333333322
decision_type=2 2 2 2 2 2 2 2 2 2 2 2 2 2 2 2 2 2 2 2 2 2 2 2 2 2 2 2 2 2
left_child=18 2 3 4 19 7 -7 8 9 26 20 -3 13 -13 -14 -16 17 -15 29 22 21 28 -2 -5 -6 -20 -4 -27 -11 -1
right_child=1 11 5 23 24 6 -8 -9 -10 10 -12 12 14 16 15 -17 -18 -19 25 -21 -22 -23 -24 -25 -26 27 -28 -29 -30 -31
leaf_value=-0.0001609161864345899 4.3921252236778233e-05 -4.0910522705850384e-06 -3.1294303930451408e-08 1.007986382995263e-05 4.3741908317684873e-09 -1.59198191447274e-07 6.5843615004723694e-11 -1.0470780509308498e-09 3.0533582062730604e-09 8.8471389325661679e-10 -4.4464210184287367e-05 -1.5394816234817199e-05 -1.5150378445127899e-08 -7.2267133690218089e-06 8.9439282646708314e-11 0.0156992313248999 4.1071416347904236e-08 1.5281675302958319e-09 -0.00015656382745518727 -3.7877872944847011e-08 2.6363106541360538e-07 -3.7663409266652794e-06 0.0005988692628931579 -3.2530826675269965e-06 9.3161083737509641e-05 -4.8613972255862668e-07 2.8277615587901346e-05 0.053819647191109841 0.0013743922697898919 -2.2206490323660456e-07
leaf_weight=58264 263 210910 8844 130 1988 1522 1284 9428 1272 534 3158 843 6613 710 693 2321 718 773 139094 1558 669 578 1076 2492 176 12130 977 3215 75 11052
leaf_count=58264 263 210910 8844 130 1988 1522 1284 9428 1272 534 3158 843 6613 710 693 2321 718 773 139094 1558 669 578 1076 2492 176 12130 977 3215 75 11052
internal_value=-0.000263656 0.00131908 0.00732978 0.0208012 0.0336202 0.00367778 0.0294911 0.000841196 0.00569839 4.0443e-05 0.0114336 0.000350618 0.00847857 0.0308173 0.00141518 0.0163928 0.0442671 0.031002 -0.00209998 0.00878978 0.0435086 0.0296074 0.0253981 -0.00394203 0.0668614 -0.000844814 -0.0057762 -0.0056696 0.0622791 -0.00489653
internal_weight=483360 259605 36024 7683 5061 28341 2806 25535 16107 14835 5014 223581 12671 3044 9627 3014 2201 1483 223755 2897 1856 1187 1339 2622 2164 154439 9821 15345 609 69316
internal_count=483360 259605 36024 7683 5061 28341 2806 25535 16107 14835 5014 223581 12671 3044 9627 3014 2201 1483 223755 2897 1856 1187 1339 2622 2164 154439 9821 15345 609 69316
is_linear=0
shrinkage=0.08


Tree=205
num_leaves=31
num_cat=0
split_feature=7 8 13 5 5 5 2 7 7 5 7 0 33 33 33 39 23 2 8 23 33 2 31 33 8 5 7 2 7 2
split_gain=207 181.961 191.895 636.132 151.444 812.368 326.61 532.544 254.343 705.768 201.053 348.571 134.198 115.69 336.188 232.475 149.641 125.227 319.101 98.623 331.109 92.996 210.045 49.0815 66.0157 179.424 51.1494 77.8631 43.4071 56.9876
threshold=0.001419444444444415 0.0088367937866199106 0.95262500000000017 0.95289944444444452 2.9796766666666672 2.9461633333333341 3.5000000000000004 0.96672611111111117 2.8210648611111115 2.7784577777777781 0.98472555555555563 0.15197753906250003 0.019258333333333339 4.0946916666666677 4.2660583333333344 33.498457628563202 4.3676583333333339 5.5000000000000009 2.1475469529102438 4.3961333333333341 4.3944666666666672 1.0000000180025095e-35 0.98572500000000007 0.0041500000000000504 0.0022956977758357947 0.0011333333333336888 0.00095527777777777787 3.5000000000000004 0.89389486111111127 2.5000000000000004
decision_type=2 2 2 2 2 2 2 2 2 2 2 2 2 2 2 2 2 2 2 2 2 2 2 2 2 2 2 2 2 2
left_child=23 2 12 -4 5 6 7 -5 9 10 -9 -12 -2 -3 15 -15 -16 18 -17 20 -18 -13 -23 -1 25 26 27 -25 29 -21
right_child=1 13 3 4 -6 -7 -8 8 -10 -11 11 21 -14 14 16 17 19 -19 -20 28 -22 22 -24 24 -26 -27 -28 -29 -30 -31
leaf_value=-0.0001480428915198227 -3.4847643108903983e-08 -4.4724854475393645e-07 4.0242555687797219e-09 5.148255333153884e-10 -9.6331181254072356e-10 6.0576113014576549e-11 -2.8790759616370565e-08 -1.9159650888056492e-08 -1.5838264499734578e-06 2.8090895654031557e-09 -0.0065144913872079262 2.4254058017980639e-07 0.00047549374578575196 -1.4163230936006244e-05 -1.39383481467803e-08 -6.6485762994972217e-06 -3.6457709416737315e-06 3.7785703028703213e-08 1.4059141051347979e-09 0.0001606332028627122 8.2284117297604105e-11 8.1393678463825834e-10 -3.4650336525299254e-06 -1.5008810946372382e-05 -2.0429971097767063e-07 8.5063560840807628e-06 -2.0785464571321245e-07 6.3245109826055858e-06 -0.053671313884060212 9.1453120342777088e-06
leaf_weight=32067 13308 388659 1072 956 3850 1247 8085 3428 3956 1261 1450 666 199 949 10760 721 715 723 780 328 708 603 500 174 2337 291 1071 154 1808 534
leaf_count=32067 13308 388659 1072 956 3850 1247 8085 3428 3956 1261 1450 666 199 949 10760 721 715 723 780 328 708 603 500 174 2337 291 1071 154 1808 534
internal_value=-0.000246112 0.000224187 0.00533235 0.00921799 0.0067281 0.00927338 0.00553169 0.0134727 0.00884423 0.017129 0.00671942 0.0210774 -0.00245621 -0.00028553 0.00597981 0.0296174 0.000930181 0.0437626 0.0305876 0.0139497 0.0309599 0.0449112 0.0306582 -0.00607392 0.00225081 0.0142959 0.00240743 0.0300488 0.00488389 0.0196566
internal_weight=483360 447266 40581 27074 26002 22152 20905 12820 11864 7908 6647 3219 13507 406685 18026 3173 14853 2224 1501 4093 1423 1769 1103 36094 4027 1690 1399 328 2670 862
internal_count=483360 447266 40581 27074 26002 22152 20905 12820 11864 7908 6647 3219 13507 406685 18026 3173 14853 2224 1501 4093 1423 1769 1103 36094 4027 1690 1399 328 2670 862
is_linear=0
shrinkage=0.08


Tree=206
num_leaves=31
num_cat=0
split_feature=7 8 13 5 5 5 2 7 7 5 7 0 33 33 33 39 23 2 8 23 33 2 31 33 8 5 6 2 1 6
split_gain=207.108 182.318 191.895 636.132 151.444 812.368 326.61 532.544 254.343 705.768 201.053 348.571 134.198 111.346 339.732 232.475 140.666 125.227 319.101 105.071 331.109 92.996 210.045 48.2267 64.8166 180.615 49.2788 76.8213 41.4486 40.7009
threshold=0.001419444444444415 0.0088367937866199106 0.95262500000000017 0.95289944444444452 2.9796766666666672 2.9461633333333341 3.5000000000000004 0.96672611111111117 2.8210648611111115 2.7784577777777781 0.98472555555555563 0.15197753906250003 0.019258333333333339 4.0946916666666677 4.2660583333333344 33.498457628563202 4.3676583333333339 5.5000000000000009 2.1475469529102438 4.3961333333333341 4.3944666666666672 1.0000000180025095e-35 0.98572500000000007 0.0041500000000000504 0.0022956977758357947 0.0011333333333336888 0.0019368620591516089 1.0000000180025095e-35 1.0000000180025095e-35 0.094941700853062042
decision_type=2 2 2 2 2 2 2 2 2 2 2 2 2 2 2 2 2 2 2 2 2 2 2 2 2 2 2 2 2 2
left_child=23 2 12 -4 5 6 7 -5 9 10 -9 -12 -2 29 15 -15 -16 18 -17 20 -18 -13 28 -1 25 26 27 -25 -23 -3
right_child=1 13 3 4 -6 -7 -8 8 -10 -11 11 21 -14 14 16 17 19 -19 -20 -21 -22 22 -24 24 -26 -27 -28 -29 -30 -31
leaf_value=-0.0001361994601982369 -3.2059831660546937e-08 -4.2166694825531288e-05 3.7023151211457161e-09 4.7363949207124281e-10 -8.86246880327235e-10 5.5730033921008728e-11 -2.6487498843152935e-08 -1.7626878818788326e-08 -1.4571203339741601e-06 2.5843624129606723e-09 -0.00599333207623129 2.2313733376577717e-07 0.0004374542461228917 -1.3030172461157008e-05 -1.2823280286511363e-08 -6.1166901955544978e-06 -3.3541092663114114e-06 3.4762846752300904e-08 1.2934409454601337e-09 8.4136870715667555e-06 7.5701365176428229e-11 4.0252177186239636e-06 -3.1878309603250445e-06 -1.3808106070662616e-05 -1.8795573409946531e-07 7.8258475973543015e-06 -1.9122627405616933e-07 5.8185501039971497e-06 7.488218400908409e-10 -4.1146866117362162e-07
leaf_weight=32067 13308 40837 1072 956 3850 1247 8085 3428 3956 1261 1450 666 199 949 10760 721 715 723 780 2670 708 70 500 168 2337 291 1083 148 533 347822
leaf_count=32067 13308 40837 1072 956 3850 1247 8085 3428 3956 1261 1450 666 199 949 10760 721 715 723 780 2670 708 70 500 168 2337 291 1083 148 533 347822
internal_value=-0.000251243 0.000219179 0.00533235 0.00921799 0.0067281 0.00927338 0.00553169 0.0134727 0.00884423 0.017129 0.00671942 0.0210774 -0.00245621 -0.000291038 0.00585554 0.0296174 0.000779369 0.0437626 0.0305876 0.0134024 0.0309599 0.0449112 0.0306582 -0.00608057 0.00217134 0.0141065 0.0021787 0.0299747 0.0624478 -0.000576116
internal_weight=483360 447266 40581 27074 26002 22152 20905 12820 11864 7908 6647 3219 13507 406685 18026 3173 14853 2224 1501 4093 1423 1769 1103 36094 4027 1690 1399 316 603 388659
internal_count=483360 447266 40581 27074 26002 22152 20905 12820 11864 7908 6647 3219 13507 406685 18026 3173 14853 2224 1501 4093 1423 1769 1103 36094 4027 1690 1399 316 603 388659
is_linear=0
shrinkage=0.08


Tree=207
num_leaves=31
num_cat=0
split_feature=15 8 31 7 7 39 0 5 7 7 8 33 33 39 6 6 7 7 2 8 8 8 2 5 8 2 31 8 33 39
split_gain=210.435 209.232 152.274 819.076 212.664 820.88 237.284 288.141 257.48 395.03 142.535 139.456 313.364 222.015 153.658 402.506 128.78 654.351 124.991 320.023 112.309 102.438 79.398 237.847 77.1991 91.1618 64.9936 141.378 62.5639 81.995
threshold=0.72332500000000011 0.13383363840633328 2.9796750000000007 2.9697776388888895 2.8210648611111115 21.07590757345163 0.15197753906250003 0.9847111111111112 0.96672611111111117 0.96005472222222221 1.0000000180025095e-35 4.0946916666666677 4.2660583333333344 33.498457628563202 2.2687953549117403 2.2720559821751647 0.95534722222222235 0.95264083333333349 5.5000000000000009 2.1475469529102438 0.093911810658606279 1.0000000180025095e-35 2.5000000000000004 0.9889772222222224 0.12714578923209288 2.5000000000000004 0.78115000000000012 0.028112341566782838 0.002233333333333322 0.041780073776370254
decision_type=2 2 2 2 2 2 2 2 2 2 2 2 2 2 2 2 2 2 2 2 2 2 2 2 2 2 2 2 2 2
left_child=20 2 3 4 5 6 -2 8 9 16 -11 -3 13 -13 -14 -16 17 26 19 -15 28 22 -9 -24 -23 -26 27 -8 -1 -30
right_child=1 11 -4 -5 -6 -7 7 21 -10 10 -12 12 14 18 15 -17 -18 -19 -20 -21 -22 24 23 -25 25 -27 -28 -29 29 -31
leaf_value=-0.00012530350338237794 -1.1263931146467953e-05 -5.4555166431784487e-05 -8.1534711426911598e-10 5.1271626944071614e-11 -1.1842967914788005e-07 2.3776134128183914e-09 4.0412904655822149e-05 2.0528634706806769e-07 -1.6216728511153634e-08 4.3574833519244295e-10 2.3612189460653353e-06 -1.1987758664275817e-05 -1.1797417869274795e-08 -5.6273549799357173e-06 6.9645267330997745e-11 0.014443294959838156 -2.9884137934388376e-06 3.2839139964124796e-06 3.1981819006432487e-08 1.1899656726654939e-09 -3.785511682797319e-07 -3.5465261931655335e-07 6.8891608862031722e-10 -2.9328044834997515e-06 -3.3940586822911456e-06 6.7148190413490737e-06 -2.9495045126282096e-08 0.00035765201273400214 7.1997797895659302e-06 -1.7291927537153862e-07
leaf_weight=51226 8755 204315 4284 1281 6864 1271 263 662 6046 946 525 843 6613 710 693 2321 2579 1304 718 773 163168 570 534 473 155 269 3366 2472 2704 6657
leaf_count=51226 8755 204315 4284 1281 6864 1271 263 662 6046 946 525 843 6613 710 693 2321 2579 1304 718 773 163168 570 534 473 155 269 3366 2472 2704 6657
internal_value=-0.000164351 0.00138533 0.00650996 0.00810852 0.00593426 0.00882411 0.00605858 0.0108336 0.00710314 0.0141528 0.0528566 0.000378788 0.00852277 0.0308962 0.00144842 0.0164194 0.00845032 0.0138123 0.0442671 0.031002 -0.00196233 0.0353496 0.0474584 0.0333108 0.0150181 0.0408679 0.0028179 0.0119781 -0.00490363 0.00111014
internal_weight=483360 259605 42619 38335 37054 30190 28919 20164 17501 11455 1471 216986 12671 3044 9627 3014 9984 7405 2201 1483 223755 2663 1669 1007 994 424 6101 2735 60587 9361
internal_count=483360 259605 42619 38335 37054 30190 28919 20164 17501 11455 1471 216986 12671 3044 9627 3014 9984 7405 2201 1483 223755 2663 1669 1007 994 424 6101 2735 60587 9361
is_linear=0
shrinkage=0.08


Tree=208
num_leaves=31
num_cat=0
split_feature=7 8 6 5 7 2 5 7 5 7 7 0 21 6 33 33 39 23 2 8 0 23 33 2 31 1 0 5 5 8
split_gain=167.172 141.903 369.235 196.76 613.145 311.288 613.918 240.77 856.897 169.534 142.165 467.081 111.758 124.733 109.235 340.112 232.475 140.156 125.227 319.101 107.672 105.539 331.109 97.4647 205.957 50.3195 44.6369 179.425 194.062 40.657
threshold=0.001419444444444415 0.0088367937866199106 0.0089821603068405646 0.95840777777777775 0.96672611111111117 5.5000000000000009 2.9461633333333341 2.8210648611111115 2.7784577777777781 0.0041731944444444455 0.98472555555555563 0.15197753906250003 0.0041250000000000011 0.0019368620591516089 4.0946916666666677 4.2660583333333344 33.498457628563202 4.3676583333333339 5.5000000000000009 2.1475469529102438 0.13623046875000003 4.3961333333333341 4.3944666666666672 1.0000000180025095e-35 0.98572500000000007 1.0000000180025095e-35 0.18542480468750003 0.74428722222222232 0.70240222222222248 1.0000000180025095e-35
decision_type=2 2 2 2 2 2 2 2 2 2 2 2 2 2 2 2 2 2 2 2 2 2 2 2 2 2 2 2 2 2
left_child=12 2 3 26 -5 7 29 8 10 -4 -6 -12 -1 20 -3 16 -16 -17 19 -18 -14 22 -19 -13 25 -25 -2 28 -28 -7
right_child=1 14 9 4 5 6 -8 -9 -10 -11 11 23 13 -15 15 17 18 21 -20 -21 -22 -23 -24 24 -26 -27 27 -29 -30 -31
leaf_value=-0.0001152792231117877 -2.7135441520442784e-08 -3.4826707481735334e-07 -2.2601911689753415e-05 4.0088846908759027e-10 -1.4919390229906071e-08 -1.325657011364001e-07 4.716991242048607e-11 -7.5011936218061243e-10 2.18740435542486e-09 0.00031097308737475102 -4.0001536617140235e-05 1.8886343930546445e-07 -1.3279439968174878e-05 8.8620629029589892e-09 -1.102873797115933e-05 -1.0853624416995445e-08 -5.1771665815181224e-06 -3.0848367315883254e-06 2.9423273488760059e-08 1.09476843590528e-09 4.7770837125121066e-06 7.77087619930228e-06 6.4073617522808487e-11 3.6412073896840981e-06 -2.6981801248204816e-06 6.3380280579394823e-10 8.0411607098440648e-06 3.7179872283354953e-05 -3.3914493411328906e-05 1.4258011598080601e-05
leaf_weight=31890 10676 388659 293 953 5202 1334 1247 8998 1261 790 2971 666 172 3709 949 10760 721 715 723 780 323 2670 708 82 510 533 305 252 4466 42
leaf_count=31890 10676 388659 293 953 5202 1334 1247 8998 1261 790 2971 666 172 3709 949 10760 721 715 723 780 323 2670 708 82 510 533 305 252 4466 42
internal_value=-0.000218307 0.000204333 0.00471531 0.00345172 0.00803765 0.00541504 0.0313443 0.00205192 0.00986726 0.0507996 0.00200401 0.0119916 -0.00545553 0.00680495 -0.000245794 0.00584223 0.0296174 0.000763211 0.0437626 0.0305876 0.0445253 0.0133633 0.0309599 0.0442613 0.0299022 0.0610732 -0.00350035 0.00271869 -0.000756237 -0.0055
internal_weight=483360 447266 40581 39498 23799 22846 2623 20223 11225 1083 9964 4762 36094 4204 406685 18026 3173 14853 2224 1501 495 4093 1423 1791 1125 615 15699 5023 4771 1376
internal_count=483360 447266 40581 39498 23799 22846 2623 20223 11225 1083 9964 4762 36094 4204 406685 18026 3173 14853 2224 1501 495 4093 1423 1791 1125 615 15699 5023 4771 1376
is_linear=0
shrinkage=0.08


Tree=209
num_leaves=31
num_cat=0
split_feature=39 7 5 8 0 6 6 33 0 2 6 2 25 13 13 8 8 2 7 7 39 2 7 7 8 7 8 8 5 6
split_gain=176.935 479.479 220.082 121.965 118.722 117.394 478.705 372.422 186.032 134.113 317.492 74.1434 62.6228 61.7627 318.143 390.351 85.5589 272.294 619.298 278.955 824.617 126.834 160.768 195.324 116.263 111.955 76.1277 90.7286 135.086 60.1711
threshold=1.0000000180025095e-35 0.00095527777777777787 0.0007483333333333336 0.0051176092131718452 0.15695612468103057 2.1764250520335033 2.2025484157288306 4.3944666666666672 0.13387044270833334 5.5000000000000009 2.1994103590463117 1.5000000000000002 4.1787083333333337 0.95830000000000004 0.96705833333333346 1.0000000180025095e-35 0.14017025764434085 5.5000000000000009 2.9697776388888895 2.8210648611111115 21.07590757345163 1.0000000180025095e-35 0.97741888888888906 1.0043434722222224 0.12714578923209288 0.96005472222222221 0.0022185657375657264 0.0022956977758357947 0.0011333333333336888 0.053140158830738138
decision_type=2 2 2 2 2 2 2 2 2 2 2 2 2 2 2 2 2 2 2 2 2 2 2 2 2 2 2 2 2 2
left_child=3 2 -2 -1 5 13 9 -8 -9 10 -7 -4 -5 26 15 -15 17 19 -19 20 21 22 25 -24 -23 -16 -3 28 -28 -26
right_child=1 4 11 12 -6 6 7 8 -10 -11 -12 -13 -14 14 16 -17 -18 18 -20 -21 -22 24 23 -25 29 -27 27 -29 -30 -31
leaf_value=-0.00010605688526284468 -1.8711556249331638e-05 -2.4964606195609917e-08 1.7102784872907034e-06 -1.9544649095226937e-05 -0.00026653030170140649 -4.7629932549853037e-06 -9.9853344437406131e-09 5.8947762227035127e-11 -0.038692073714702714 2.7069411601132742e-08 1.0071869382954901e-09 7.9551054751165686e-06 -3.2040570883196507e-07 3.6881739440275399e-10 3.0490622426881941e-06 -1.2244824768812279e-05 0.00046190595584690188 -1.2196044504975134e-07 4.3396326532274541e-11 -6.9010980041639419e-10 2.012411997043273e-09 -1.37258390076056e-08 1.7375436415889568e-07 -3.0946726217173648e-06 6.2054948840284398e-06 -7.395405084727358e-05 -7.9534272017955933e-07 2.4406118726950332e-06 6.6230884413684408e-06 0.0038503857335439218
leaf_weight=31032 650 9168 611 66557 194208 842 8283 711 329 733 706 977 14790 946 186 863 71409 1530 1275 9478 1272 10152 733 339 302 1119 284 53394 284 197
leaf_count=31032 650 9168 611 66557 194208 842 8283 711 329 733 706 977 14790 946 186 863 71409 1530 1275 9478 1272 10152 733 339 302 1119 284 53394 284 197
internal_value=-0.000147635 0.000694783 0.0376122 -0.00292859 0.000470722 0.00198493 0.00975939 0.00172219 0.0468462 0.0426094 0.029261 0.0536625 -0.0013008 0.00143123 0.00267003 0.0359138 0.00205633 0.00593071 0.0295045 0.0031498 0.0102042 0.00420141 0.0209104 0.0438657 0.000472442 0.00205364 -0.000527168 0.000617914 0.0324225 0.0381723
internal_weight=483360 370981 2238 112379 368743 174535 11604 9323 1040 2281 1548 1588 81347 162931 99801 1809 97992 26583 2805 23778 14300 13028 2377 1072 10651 1305 63130 53962 568 499
internal_count=483360 370981 2238 112379 368743 174535 11604 9323 1040 2281 1548 1588 81347 162931 99801 1809 97992 26583 2805 23778 14300 13028 2377 1072 10651 1305 63130 53962 568 499
is_linear=0
shrinkage=0.08


Tree=210
num_leaves=31
num_cat=0
split_feature=39 7 27 8 0 6 6 33 0 2 6 7 2 13 13 8 8 2 7 7 39 2 7 7 8 7 8 8 5 6
split_gain=171.977 335.111 208.673 123.302 110.2 119.062 478.303 374.682 183.553 134.113 317.492 75.0283 128.88 67.765 317.882 390.351 93.7738 267.794 619.298 290.536 814.891 157.71 163.642 194.037 112.523 111.132 73.0393 91.6529 135.086 63.6598
threshold=1.0000000180025095e-35 0.00095527777777777787 1.0000000180025095e-35 0.0051176092131718452 0.15695612468103057 2.1764250520335033 2.2025484157288306 4.3944666666666672 0.13387044270833334 5.5000000000000009 2.1994103590463117 0.00080138888888888903 1.0000000180025095e-35 0.95830000000000004 0.96705833333333346 1.0000000180025095e-35 0.14017025764434085 5.5000000000000009 2.9697776388888895 2.8210648611111115 21.07590757345163 1.0000000180025095e-35 0.97410083333333342 1.0043434722222224 0.12714578923209288 0.96005472222222221 0.0022185657375657264 0.0022956977758357947 0.0011333333333336888 0.053140158830738138
decision_type=2 2 2 2 2 2 2 2 2 2 2 2 2 2 2 2 2 2 2 2 2 2 2 2 2 2 2 2 2 2
left_child=3 2 11 -1 5 13 9 -8 -9 10 -7 -2 -13 26 15 -15 17 19 -19 20 21 22 25 -24 -23 -16 -3 28 -28 -26
right_child=1 4 -4 -5 -6 6 7 8 -10 -11 -12 12 -14 14 16 -17 -18 18 -20 -21 -22 24 23 -25 29 -27 27 -29 -30 -31
leaf_value=-9.7572334441817102e-05 -3.7598929003885423e-06 -2.2967437702803294e-08 7.3186970371072471e-06 -2.9477325212540792e-07 -0.00024520787756529219 -4.3819537945921637e-06 -9.1865076967678762e-09 5.423196114406892e-11 -0.035596707817526489 2.4903858673042123e-08 9.2661196049448341e-10 -3.1061927495551481e-08 5.0738632543518428e-06 3.3931200071890547e-10 2.8051372632731387e-06 -1.1265238787308008e-05 0.0004249534793791554 -1.1220360946140317e-07 3.9924614725350696e-11 -6.3490102064633902e-10 1.8514190358587257e-09 -1.2627771885931338e-08 2.8216514460677189e-06 -2.8470988119799755e-06 5.7090552933036779e-06 -6.8037726779488492e-05 -7.3171530256516129e-07 2.2453629228869863e-06 6.0932413660589466e-06 0.0035423548748604095
leaf_weight=31032 741 9168 643 81347 194208 842 8283 711 329 733 706 327 527 946 186 863 71409 1530 1275 9478 1272 10152 827 339 302 1025 284 53394 284 197
leaf_count=31032 741 9168 643 81347 194208 842 8283 711 329 733 706 327 527 946 186 863 71409 1530 1275 9478 1272 10152 827 339 302 1025 284 53394 284 197
internal_value=-0.000158393 0.00067214 0.0315353 -0.00290012 0.000484824 0.00194368 0.00977318 0.00173935 0.047 0.0426094 0.029261 0.0160251 0.0321874 0.00138606 0.00268366 0.0359138 0.00207021 0.00612632 0.0295045 0.00336849 0.0105678 0.00460055 0.0232326 0.0446244 0.000442398 0.00263584 -0.000665296 0.000456319 0.0324225 0.0375311
internal_weight=483360 370981 2238 112379 368743 174535 11604 9323 1040 2281 1548 1595 854 162931 99801 1809 97992 26583 2805 23778 14300 13028 2377 1166 10651 1211 63130 53962 568 499
internal_count=483360 370981 2238 112379 368743 174535 11604 9323 1040 2281 1548 1595 854 162931 99801 1809 97992 26583 2805 23778 14300 13028 2377 1166 10651 1211 63130 53962 568 499
is_linear=0
shrinkage=0.08


Tree=211
num_leaves=31
num_cat=0
split_feature=39 7 27 7 8 7 33 33 39 23 2 8 23 33 8 2 5 5 5 5 39 7 2 7 5 7 39 8 2 25
split_gain=139.751 342.986 205.198 137.667 133.014 235.542 86.7276 339.732 232.475 139.797 125.227 319.101 105.539 331.109 78.5319 245.426 700.942 415.973 146.31 954.139 125.482 345.561 130.8 424.014 202.856 87.6345 259.748 77.4088 120.477 63.7453
threshold=1.0000000180025095e-35 0.00095527777777777787 1.0000000180025095e-35 0.001419444444444415 0.0051176092131718452 0.0041731944444444455 4.0946916666666677 4.2660583333333344 33.498457628563202 4.3676583333333339 5.5000000000000009 2.1475469529102438 4.3961333333333341 4.3944666666666672 0.0022956977758357947 5.5000000000000009 2.9461633333333341 0.70240222222222248 2.8211077777777782 2.7784577777777781 6.3662618172144496 0.98472555555555563 1.5000000000000002 0.96672611111111117 0.95840777777777775 0.7024677777777778 0.041780073776370254 0.0016093407863303846 1.0000000180025095e-35 4.1787083333333337
decision_type=2 2 2 2 2 2 2 2 2 2 2 2 2 2 2 2 2 2 2 2 2 2 2 2 2 2 2 2 2 2
left_child=3 2 27 -1 5 -5 14 8 -8 -9 11 -10 13 -11 15 18 17 -17 19 20 21 22 23 24 -3 26 -24 -2 -29 -6
right_child=1 6 -4 4 29 -7 7 9 10 12 -12 -13 -14 -15 -16 16 -18 -19 -20 -21 -22 -23 25 -25 -26 -27 -28 28 -30 -31
leaf_value=-8.976654768647173e-05 -3.4591014683574283e-06 -7.569113068126576e-06 6.7332012741386749e-06 -0.00019039855999903549 -1.7957495307438752e-05 6.9993734870115897e-07 -1.0521316917149194e-05 -8.4515870923951307e-09 -4.0313974910333176e-06 -2.8365160456900184e-06 2.2911549990567437e-08 8.5248302639229228e-10 6.7743281196896988e-06 4.9893387199517746e-11 -8.1081302391261548e-07 4.833692219439634e-05 3.6730654073835468e-11 -1.0322732070022767e-07 -5.8410893899463196e-10 1.7033055144111131e-09 -2.4802174259619393e-06 2.6913874595635435e-09 -6.7317807835996779e-07 -1.1617550130793574e-08 3.1216703888503619e-10 -1.9769320553919558e-08 9.7377204029136522e-06 -2.8576973295918464e-08 4.6679541940036766e-06 -2.7119139195537524e-07
leaf_weight=30062 722 300 643 604 66483 440 949 10760 721 715 723 780 2670 708 312435 578 1247 3540 8996 1261 8021 568 844 1783 952 9789 403 340 533 14790
leaf_count=30062 722 300 643 604 66483 440 949 10760 721 715 723 780 2670 708 312435 578 1247 3540 8996 1261 8021 568 844 1783 952 9789 403 340 533 14790
internal_value=-0.000115361 0.000633324 0.031857 -0.00258689 -0.000894787 0.0274789 0.000443819 0.00585554 0.0296174 0.000779369 0.0437626 0.0305876 0.0133633 0.0309599 0.00016567 0.0035856 0.019452 0.00353958 0.000999603 0.00427039 0.000501322 0.00490798 0.00243849 0.0171466 0.0528307 -0.00160638 0.0183673 0.0164765 0.032504 -0.00125926
internal_weight=483360 370981 2238 112379 82317 1044 368743 18026 3173 14853 2224 1501 4093 1423 350717 38282 5365 4118 32917 23921 22660 14639 14071 3035 1252 11036 1247 1595 873 81273
internal_count=483360 370981 2238 112379 82317 1044 368743 18026 3173 14853 2224 1501 4093 1423 350717 38282 5365 4118 32917 23921 22660 14639 14071 3035 1252 11036 1247 1595 873 81273
is_linear=0
shrinkage=0.08


Tree=212
num_leaves=31
num_cat=0
split_feature=39 7 27 7 8 7 8 2 5 5 5 5 0 7 7 2 7 33 33 39 23 2 8 23 33 2 23 8 2 25
split_gain=147.223 339.984 205.198 140.773 133.067 234.731 125.198 206.09 700.942 415.973 202.841 895.243 189.965 446.621 290.512 180.562 549.7 99.377 339.732 232.475 139.797 125.227 319.101 105.539 331.109 84.3519 227.532 77.4088 120.477 65.6617
threshold=1.0000000180025095e-35 0.00095527777777777787 1.0000000180025095e-35 0.001419444444444415 0.0051176092131718452 0.0041731944444444455 0.0022956977758357947 5.5000000000000009 2.9461633333333341 0.70240222222222248 2.8211077777777782 2.7784577777777781 0.15197753906250003 0.98472555555555563 0.7024677777777778 1.5000000000000002 0.96672611111111117 4.0946916666666677 4.2660583333333344 33.498457628563202 4.3676583333333339 5.5000000000000009 2.1475469529102438 4.3961333333333341 4.3944666666666672 1.0000000180025095e-35 0.98582500000000006 0.0016093407863303846 1.0000000180025095e-35 4.1787083333333337
decision_type=2 2 2 2 2 2 2 2 2 2 2 2 2 2 2 2 2 2 2 2 2 2 2 2 2 2 2 2 2 2
left_child=3 2 27 -1 5 -5 7 10 9 -9 11 12 -3 14 -14 16 -16 -8 19 -19 -20 22 -21 24 -22 -15 -27 -2 -29 -6
right_child=1 6 -4 4 29 -7 17 8 -10 -11 -12 -13 13 25 15 -17 -18 18 20 21 23 -23 -24 -25 -26 26 -28 28 -30 -31
leaf_value=-8.2585223871553995e-05 -3.1823733508888619e-06 -1.015839386183437e-05 6.1945451722075778e-06 -0.00017516667519911267 -1.652089568284365e-05 6.4394236080506619e-07 -7.4594798199711936e-07 4.4469968418843208e-05 3.3792204590099572e-11 -9.4969135027156427e-08 -5.3738023808591605e-10 1.5670410746793097e-09 8.9587027706805605e-06 1.3253929342482707e-07 2.8719367328733371e-10 -1.8187774912803436e-08 -1.0688146119264275e-08 -9.6796115637687308e-06 -7.775460133530032e-09 -3.7088856917222303e-06 -2.6095947620063953e-06 2.1078625991322041e-08 7.8428435301702852e-10 6.2323818701059963e-06 4.5901913381385383e-11 2.4760764638642743e-09 -2.2818000318824971e-06 -2.6290815432275516e-08 4.2945178584833521e-06 -2.4949608059894523e-07
leaf_weight=30062 722 7974 643 604 66483 440 312435 578 1247 3540 8996 1261 389 662 1020 9790 1783 949 10760 721 715 723 780 2670 708 560 482 340 533 14790
leaf_count=30062 722 7974 643 604 66483 440 312435 578 1247 3540 8996 1261 389 662 1020 9790 1783 949 10760 721 715 723 780 2670 708 560 482 340 533 14790
internal_value=1.81868e-06 0.000770259 0.031857 -0.00253492 -0.000823841 0.0275556 0.000581585 0.00491259 0.019452 0.00353958 0.00254288 0.00639405 0.00274316 0.00814054 0.00308612 0.000982766 0.0188855 7.98623e-05 0.00585554 0.0296174 0.000779369 0.0437626 0.0305876 0.0133633 0.0309599 0.0466479 0.0324607 0.0164765 0.032504 -0.00118839
internal_weight=483360 370981 2238 112379 82317 1044 368743 38282 5365 4118 32917 23921 22660 14686 12982 12593 2803 330461 18026 3173 14853 2224 1501 4093 1423 1704 1042 1595 873 81273
internal_count=483360 370981 2238 112379 82317 1044 368743 38282 5365 4118 32917 23921 22660 14686 12982 12593 2803 330461 18026 3173 14853 2224 1501 4093 1423 1704 1042 1595 873 81273
is_linear=0
shrinkage=0.08


Tree=213
num_leaves=31
num_cat=0
split_feature=39 7 27 7 8 7 8 7 8 5 7 2 5 5 5 7 0 33 33 39 15 2 0 2 8 2 23 8 2 5
split_gain=146.063 378.21 200.087 140.347 133.777 233.923 116.625 188.682 263.682 224.574 610.576 309.573 613.918 246.043 851.586 144.494 495.399 89.3889 348.802 232.475 141.655 151.993 276.131 125.227 319.101 84.3519 227.532 80.3818 108.58 96.9624
threshold=1.0000000180025095e-35 0.001005634920634921 1.0000000180025095e-35 0.001419444444444415 0.0051176092131718452 0.0041731944444444455 0.0022956977758357947 0.7024677777777778 1.0000000180025095e-35 0.95840777777777775 0.96672611111111117 5.5000000000000009 2.9461633333333341 2.8211077777777782 2.7784577777777781 0.98472555555555563 0.15197753906250003 4.0946916666666677 4.2660583333333344 33.498457628563202 4.3673583333333346 2.5000000000000004 0.13387044270833334 5.5000000000000009 2.1475469529102438 1.0000000180025095e-35 0.98582500000000006 0.0016093407863303846 1.5000000000000002 0.0008250000000001185
decision_type=2 2 2 2 2 2 2 2 2 2 2 2 2 2 2 2 2 2 2 2 2 2 2 2 2 2 2 2 2 2
left_child=3 2 27 -1 5 -5 7 8 -3 -9 -11 13 -13 14 15 -12 -17 -8 19 -19 -20 -22 -23 24 -21 -18 -27 -2 29 -29
right_child=1 6 -4 4 -6 -7 17 9 -10 10 11 12 -14 -15 -16 16 25 18 20 23 21 22 -24 -25 -26 26 -28 28 -30 -31
leaf_value=-7.597840596182966e-05 -2.9277834828177198e-06 4.0912370945331842e-05 5.6989815584309638e-06 -0.00016115334118318365 -2.2953639415102963e-07 5.9242697194066094e-07 -6.8627214343308652e-07 -1.8093475047109565e-08 1.9334767685556808e-07 2.6421817622690472e-10 -9.8330944275915041e-09 -8.7371604209351978e-08 3.1088838170489906e-11 -4.9438980909144453e-10 1.4416777815995375e-09 -3.5788216495866722e-05 1.2193614995048563e-07 -8.9052426386615486e-06 -7.1534233114789464e-09 -3.412174836370241e-06 -2.4008271810771475e-06 4.2229757468703613e-11 -0.0036453889065189804 1.9392335914858449e-08 7.2154158203829864e-10 2.277990347465675e-09 -2.0992560293287e-06 4.5054938376025422e-07 3.9509564298046561e-06 -2.4187550197660168e-08
leaf_weight=30062 722 661 646 604 81273 440 312424 12653 1025 952 5051 1376 1247 8996 1261 2971 662 949 12227 721 1203 707 716 723 780 560 482 130 562 574
leaf_count=30062 722 661 646 604 81273 440 312424 12653 1025 952 5051 1376 1247 8996 1261 2971 662 949 12227 721 1203 707 716 723 780 560 482 130 562 574
internal_value=-4.63613e-06 0.00076077 0.0309673 -0.00253136 -0.00082287 0.0276322 0.000544767 0.00474824 0.0309087 0.0035302 0.00814738 0.00550438 0.0313443 0.00211259 0.0101451 0.00212544 0.012261 6.27005e-05 0.00554044 0.0296174 0.000396955 0.0172551 0.0349515 0.0437626 0.0305876 0.0466479 0.0324607 0.0183984 0.0305466 0.00961363
internal_weight=483360 370981 2634 112379 82317 1044 368347 37897 1686 36211 23558 22606 2623 19983 10987 9726 4675 330450 18026 3173 14853 2626 1423 2224 1501 1704 1042 1988 1266 704
internal_count=483360 370981 2634 112379 82317 1044 368347 37897 1686 36211 23558 22606 2623 19983 10987 9726 4675 330450 18026 3173 14853 2626 1423 2224 1501 1704 1042 1988 1266 704
is_linear=0
shrinkage=0.08


Tree=214
num_leaves=31
num_cat=0
split_feature=39 7 27 7 8 7 8 7 8 5 7 2 5 5 5 7 0 33 33 39 15 2 0 2 8 2 23 8 2 25
split_gain=142.486 340.971 205.198 140.646 138.803 228.301 111.541 125.175 311.885 224.574 610.576 309.573 613.918 246.043 851.586 144.494 495.399 89.3896 348.802 232.475 141.655 151.993 276.131 125.227 319.101 84.3519 227.532 77.4088 120.477 65.6617
threshold=1.0000000180025095e-35 0.00095527777777777787 1.0000000180025095e-35 0.001419444444444415 0.0051176092131718452 0.0041731944444444455 0.0022956977758357947 0.7024677777777778 1.0000000180025095e-35 0.95840777777777775 0.96672611111111117 5.5000000000000009 2.9461633333333341 2.8211077777777782 2.7784577777777781 0.98472555555555563 0.15197753906250003 4.0946916666666677 4.2660583333333344 33.498457628563202 4.3673583333333346 2.5000000000000004 0.13387044270833334 5.5000000000000009 2.1475469529102438 1.0000000180025095e-35 0.98582500000000006 0.0016093407863303846 1.0000000180025095e-35 4.1787083333333337
decision_type=2 2 2 2 2 2 2 2 2 2 2 2 2 2 2 2 2 2 2 2 2 2 2 2 2 2 2 2 2 2
left_child=3 2 27 -1 5 -5 7 8 -3 -9 -11 13 -13 14 15 -12 -17 -8 19 -19 -20 -22 -23 24 -21 -18 -27 -2 -29 -6
right_child=1 6 -4 4 29 -7 17 9 -10 10 11 12 -14 -15 -16 16 25 18 20 23 21 22 -24 -25 -26 26 -28 28 -30 -31
leaf_value=-6.9900133484883294e-05 -2.6935608041923214e-06 3.763938126970956e-05 5.2430630337564799e-06 -0.00014826107388852896 -1.5180861116684075e-05 5.450328141854081e-07 -6.313703719573738e-07 -1.6645997042985527e-08 1.778798627070921e-07 2.430807199971241e-10 -9.0464468716078268e-09 -8.0381875875445987e-08 2.8601725432508829e-11 -4.5483862010087251e-10 1.3263435505450617e-09 -3.2925159176180328e-05 1.121812579540915e-07 -8.1928232275885187e-06 -6.5811494209810921e-09 -3.1392008494890433e-06 -2.2087610065568697e-06 3.8851410977258641e-11 -0.0033537577939974517 1.7840949055880627e-08 6.6381822705352534e-10 2.0957511193131497e-09 -1.931315546981338e-06 -2.2252546181822374e-08 3.6348799154203166e-06 -2.1117348261894726e-07
leaf_weight=30062 722 661 643 604 66483 440 312435 12653 1410 952 5051 1376 1247 8996 1261 2971 662 949 12227 721 1203 707 716 723 780 560 482 340 533 14790
leaf_count=30062 722 661 643 604 66483 440 312435 12653 1410 952 5051 1376 1247 8996 1261 2971 662 949 12227 721 1203 707 716 723 780 560 482 340 533 14790
internal_value=-3.07864e-05 0.000725189 0.031857 -0.00252638 -0.000816067 0.0281686 0.000536241 0.00462421 0.0237528 0.0035302 0.00814738 0.00550438 0.0313443 0.00211259 0.0101451 0.00212544 0.012261 6.26742e-05 0.00554044 0.0296174 0.000396955 0.0172551 0.0349515 0.0437626 0.0305876 0.0466479 0.0324607 0.0164765 0.032504 -0.00118839
internal_weight=483360 370981 2238 112379 82317 1044 368743 38282 2071 36211 23558 22606 2623 19983 10987 9726 4675 330461 18026 3173 14853 2626 1423 2224 1501 1704 1042 1595 873 81273
internal_count=483360 370981 2238 112379 82317 1044 368743 38282 2071 36211 23558 22606 2623 19983 10987 9726 4675 330461 18026 3173 14853 2626 1423 2224 1501 1704 1042 1595 873 81273
is_linear=0
shrinkage=0.08


Tree=215
num_leaves=31
num_cat=0
split_feature=31 7 27 7 8 7 33 33 39 6 6 8 7 8 5 7 2 5 5 5 7 0 2 8 2 23 8 2 25 8
split_gain=142.375 351.634 199.068 140.946 133.269 234.315 112.626 319 225.495 152.005 410.145 127.535 124.778 312.305 224.574 610.576 309.573 613.918 246.043 851.586 144.494 495.399 124.539 320.359 84.3519 227.532 81.2433 125.732 66.5091 46.2478
threshold=1.0000000180025095e-35 0.00095527777777777787 1.0000000180025095e-35 0.001419444444444415 0.0051176092131718452 0.0041731944444444455 4.0946916666666677 4.2660583333333344 33.498457628563202 2.2687953549117403 2.2720559821751647 0.0022956977758357947 0.7024677777777778 1.0000000180025095e-35 0.95840777777777775 0.96672611111111117 5.5000000000000009 2.9461633333333341 2.8211077777777782 2.7784577777777781 0.98472555555555563 0.15197753906250003 5.5000000000000009 2.1475469529102438 1.0000000180025095e-35 0.98582500000000006 0.0016093407863303846 1.0000000180025095e-35 4.1787083333333337 0.0019366247349716632
decision_type=2 2 2 2 2 2 2 2 2 2 2 2 2 2 2 2 2 2 2 2 2 2 2 2 2 2 2 2 2 2
left_child=3 2 26 -1 5 -5 11 8 -8 -9 -11 12 13 -3 -14 -16 18 -18 19 20 -17 -22 23 -10 -23 -26 -2 -28 -6 -29
right_child=1 6 -4 4 28 -7 7 9 22 10 -12 -13 14 -15 15 16 17 -19 -20 -21 21 24 -24 -25 25 -27 27 29 -30 -31
leaf_value=-6.4308122806092628e-05 -2.4780759398569662e-06 3.4628230768136704e-05 4.8236179910559656e-06 -0.00013640018797744663 -1.6286033104506714e-06 5.0143018905057539e-07 -7.5373973693615426e-06 -6.0546574331965532e-09 -2.8880647815299199e-06 3.5743283888223232e-11 0.031195344275591529 -5.8086074219865222e-07 -1.5314317280967769e-08 1.6364947369049145e-07 2.2363426666061061e-10 -8.3227311176159442e-09 -7.3951325809673566e-08 2.6313600187677366e-11 -4.1845151343977706e-10 1.2202360721857985e-09 -3.0291146442102956e-05 1.0320675731811946e-07 1.6413673122883664e-08 6.1071276036273053e-10 1.928091029057555e-09 -1.7768103032267392e-06 -2.0472342487296013e-08 3.3440895221866634e-06 -1.9427960400943148e-07 2.966401093995111e-06
leaf_weight=30064 718 661 644 606 67138 440 884 7279 719 694 2656 316740 12653 1413 952 5051 1376 1247 8996 1261 2971 662 723 773 560 482 340 439 14123 95
leaf_count=30064 718 661 644 606 67138 440 884 7279 719 694 2656 316740 12653 1413 952 5051 1376 1247 8996 1261 2971 662 723 773 560 482 340 439 14123 95
internal_value=-2.69797e-05 0.000728667 0.0323578 -0.00252172 -0.000809362 0.0275641 0.000536878 0.00764685 0.0302317 0.001062 0.0151642 0.000261951 0.00462322 0.0237068 0.0035302 0.00814738 0.00550438 0.0313443 0.00211259 0.0101451 0.00212544 0.012261 0.0438646 0.0306595 0.0466479 0.0324607 0.0171759 0.0335561 -0.00117459 0.0577678
internal_weight=483360 370989 2236 112371 82307 1046 368753 13728 3099 10629 3350 355025 38285 2074 36211 23558 22606 2623 19983 10987 9726 4675 2215 1492 1704 1042 1592 874 81261 534
internal_count=483360 370989 2236 112371 82307 1046 368753 13728 3099 10629 3350 355025 38285 2074 36211 23558 22606 2623 19983 10987 9726 4675 2215 1492 1704 1042 1592 874 81261 534
is_linear=0
shrinkage=0.08


Tree=216
num_leaves=31
num_cat=0
split_feature=39 7 27 7 8 7 0 6 6 33 0 2 6 13 13 8 8 2 7 7 39 2 7 7 8 8 8 5 25 6
split_gain=133.304 250.467 256.936 138.283 139.52 227.503 101.885 121.346 478.102 375.814 182.32 134.113 317.492 73.0786 318.327 390.351 96.9828 266.761 619.298 293.242 812.655 164.775 159.715 194.696 115.34 112.523 68.9607 66.0514 65.6885 63.6598
threshold=1.0000000180025095e-35 0.00095527777777777787 1.0000000180025095e-35 0.001419444444444415 0.0051176092131718452 0.0041731944444444455 0.15695612468103057 2.1764250520335033 2.2025484157288306 4.3944666666666672 0.13387044270833334 5.5000000000000009 2.1994103590463117 0.95830000000000004 0.96705833333333346 1.0000000180025095e-35 0.14017025764434085 5.5000000000000009 2.9697776388888895 2.8210648611111115 21.07590757345163 1.0000000180025095e-35 0.97074111111111117 1.0043434722222224 0.0051176092131718452 0.12714578923209288 0.0022185657375657264 0.00085888888888888896 4.1787083333333337 0.053140158830738138
decision_type=2 2 2 2 2 2 2 2 2 2 2 2 2 2 2 2 2 2 2 2 2 2 2 2 2 2 2 2 2 2
left_child=3 2 27 -1 5 -5 7 13 11 -10 -11 12 -9 26 15 -15 17 19 -19 20 21 22 24 -24 -16 -23 -3 -2 -6 -27
right_child=1 6 -4 4 28 -7 -8 8 9 10 -12 -13 -14 14 16 -17 -18 18 -20 -21 -22 25 23 -25 -26 29 -28 -29 -30 -31
leaf_value=-5.9163472981605212e-05 3.0765623604117611e-06 -1.4089171900266706e-08 4.4377285517714808e-06 -0.00012548817293925091 -1.3836103962513297e-05 4.6131577392652934e-07 -0.00022558420648928213 -2.6570195990416323e-06 -5.5702848555938546e-09 3.2883846756703859e-11 -0.034745487236610764 1.5100579275895144e-08 5.618557707975924e-10 2.0574352888047542e-10 -6.2590747999626833e-05 -1.0360059046812254e-05 0.00039123362216990641 -6.8035219733530996e-08 2.4208510751577706e-11 -3.8497539378568036e-10 1.122617199200704e-09 -7.6569126239434134e-09 2.8723404714714462e-06 -2.3429097659377618e-06 2.8571474233007877e-06 5.5287520109281733e-06 1.5055751579527709e-07 1.761207683561722e-06 -1.7873723568867699e-07 0.0032592429060126628
leaf_weight=30062 1401 9168 643 604 66483 440 194208 842 8283 711 329 733 706 946 1000 863 71409 1530 1275 9478 1272 10152 833 339 205 302 53962 194 14790 197
leaf_count=30062 1401 9168 643 604 66483 440 194208 842 8283 711 329 733 706 946 1000 863 71409 1530 1275 9478 1272 10152 833 339 205 302 53962 194 14790 197
internal_value=-9.61621e-05 0.000635049 0.0273172 -0.00251001 -0.000814123 0.0282452 0.000473108 0.00187584 0.00978007 0.00174793 0.0470769 0.0426094 0.029261 0.0013129 0.00266041 0.0359138 0.00204653 0.00617146 0.0295045 0.00341896 0.0106517 0.00469266 0.0237375 0.0447645 0.00328631 0.000442398 -0.000817363 0.0101066 -0.00118741 0.0375311
internal_weight=483360 370981 2238 112379 82317 1044 368743 174535 11604 9323 1040 2281 1548 162931 99801 1809 97992 26583 2805 23778 14300 13028 2377 1172 1205 10651 63130 1595 81273 499
internal_count=483360 370981 2238 112379 82317 1044 368743 174535 11604 9323 1040 2281 1548 162931 99801 1809 97992 26583 2805 23778 14300 13028 2377 1172 1205 10651 63130 1595 81273 499
is_linear=0
shrinkage=0.08


Tree=217
num_leaves=31
num_cat=0
split_feature=39 7 27 7 8 7 33 33 39 23 2 8 23 33 8 7 8 5 7 2 5 5 5 5 25 8 29 13 7 17
split_gain=129.531 251.27 256.936 138.252 139.501 227.503 87.1662 339.732 232.475 139.797 125.227 319.101 105.539 331.109 67.2485 148.335 323.323 157.161 653.323 365.851 613.918 134.9 983.872 66.0514 65.7421 40.657 39.6501 44.695 213.4 41.1089
threshold=1.0000000180025095e-35 0.00095527777777777787 1.0000000180025095e-35 0.001419444444444415 0.0051176092131718452 0.0041731944444444455 4.0946916666666677 4.2660583333333344 33.498457628563202 4.3676583333333339 5.5000000000000009 2.1475469529102438 4.3961333333333341 4.3944666666666672 0.0022956977758357947 0.7024677777777778 1.0000000180025095e-35 0.95840777777777775 0.96672611111111117 5.5000000000000009 2.9461633333333341 2.8211077777777782 2.7784577777777781 0.00085888888888888896 4.1787083333333337 1.0000000180025095e-35 4.2856250000000014 5.0073500000000015 0.83460972222222229 4.5980500000000015
decision_type=2 2 2 2 2 2 2 2 2 2 2 2 2 2 2 2 2 2 2 2 2 2 2 2 2 2 2 2 2 2
left_child=3 2 23 -1 5 -5 14 8 -8 -9 11 -10 13 -11 15 16 -3 -17 -19 21 25 22 -20 -2 26 -21 27 -6 -29 -28
right_child=1 6 -4 4 24 -7 7 9 10 12 -12 -13 -14 -15 -16 17 -18 18 19 20 -22 -23 -24 -25 -26 -27 29 28 -30 -31
leaf_value=-5.4430395143076793e-05 2.8304373715788007e-06 4.990470882582976e-05 4.0827102676297554e-06 -0.00011544911910411081 -0.00014802992448944682 4.24410512012407e-07 -6.9464501810756476e-06 -5.1246620813572013e-09 -2.4444580311211439e-06 -2.0311301306463748e-06 1.3892532919612676e-08 5.1690733471332354e-10 5.8531337499800885e-06 3.0253133331825666e-11 -5.3377932981213409e-07 -1.2962038145047928e-08 1.385129145316244e-07 1.8928404621476603e-10 -7.0443596111857688e-09 -6.2592402159111776e-08 2.2271819943853188e-11 -3.5417734522980026e-10 1.0328078303700749e-09 1.6203110688767925e-06 -1.6443825683358281e-07 1.3176738713127634e-05 5.5594958906368671e-06 0.00013434438111779913 -0.00012738893815523512 0.0024511476553639965
leaf_weight=30062 1401 661 643 604 58499 440 949 10760 721 715 723 780 2670 708 312435 12653 1410 952 9726 1334 1247 8996 1261 194 14790 42 3778 490 2233 1483
leaf_count=30062 1401 661 643 604 58499 440 949 10760 721 715 723 780 2670 708 312435 12653 1410 952 9726 1334 1247 8996 1261 194 14790 42 3778 490 2233 1483
internal_value=-0.000128436 0.000592352 0.0273172 -0.00250787 -0.000812179 0.0282452 0.000430151 0.00585554 0.0296174 0.000779369 0.0437626 0.0305876 0.0133633 0.0309599 0.0001513 0.00331602 0.0241391 0.0021251 0.0059876 0.00325365 0.0313443 -0.00043357 0.00551415 0.0101066 -0.00118544 -0.0055 -0.000112271 -0.000684984 0.00933382 0.00655236
internal_weight=483360 370981 2238 112379 82317 1044 368743 18026 3173 14853 2224 1501 4093 1423 350717 38282 2071 36211 23558 22606 2623 19983 10987 1595 81273 1376 66483 61222 2723 5261
internal_count=483360 370981 2238 112379 82317 1044 368743 18026 3173 14853 2224 1501 4093 1423 350717 38282 2071 36211 23558 22606 2623 19983 10987 1595 81273 1376 66483 61222 2723 5261
is_linear=0
shrinkage=0.08


Tree=218
num_leaves=31
num_cat=0
split_feature=31 7 27 7 8 7 33 33 39 6 6 2 8 5 8 7 8 5 7 2 5 5 5 25 8 8 0 6 7 13
split_gain=135.588 254.373 254.033 136.742 134.074 234.315 116.124 319 225.495 152.005 410.145 124.539 320.359 67.7826 67.2504 147.911 323.755 157.161 653.323 365.851 613.918 134.9 983.872 64.2198 40.657 36.5898 35.8213 104.606 35.1596 34.176
threshold=1.0000000180025095e-35 0.00095527777777777787 1.0000000180025095e-35 0.001419444444444415 0.0051176092131718452 0.0041731944444444455 4.0946916666666677 4.2660583333333344 33.498457628563202 2.2687953549117403 2.2720559821751647 5.5000000000000009 2.1475469529102438 0.00085888888888888896 0.0022956977758357947 0.7024677777777778 1.0000000180025095e-35 0.95840777777777775 0.96672611111111117 5.5000000000000009 2.9461633333333341 2.8211077777777782 2.7784577777777781 4.1787083333333337 1.0000000180025095e-35 2.1631606750402033 0.13623046875000003 0.0022427130630230684 0.22880055555555562 5.0073500000000015
decision_type=2 2 2 2 2 2 2 2 2 2 2 2 2 2 2 2 2 2 2 2 2 2 2 2 2 2 2 2 2 2
left_child=3 2 13 -1 5 -5 14 8 -8 -9 -11 12 -10 -2 15 16 -3 -17 -19 21 24 22 -20 29 -21 -14 27 -18 -16 -6
right_child=1 6 -4 4 23 -7 7 9 11 10 -12 -13 25 -15 28 17 26 18 19 20 -22 -23 -24 -25 -26 -27 -28 -29 -30 -31
leaf_value=-5.0075963531630646e-05 2.6040023818525023e-06 4.5912332119764087e-05 3.7560934462193761e-06 -0.00010621318957578195 -8.8682168635648718e-07 3.9045767105141441e-07 -6.3907341665725427e-06 -4.7146890835847444e-09 -2.2489013885973464e-06 2.7832882665279613e-11 0.028717763880036322 1.2781130251937611e-08 4.7555474225191577e-10 1.4906861833666185e-06 -2.3475668818012663e-06 -1.1925075096286263e-08 -6.186253756036153e-06 1.7414132358339885e-10 -6.4808108390934652e-09 -5.7585009969329803e-08 2.0490062979661163e-11 -3.2584317466444189e-10 9.5018322099349457e-10 -1.5128319628689619e-07 1.2122599616084529e-05 -0.059660665161901036 -2.3561196230842407e-07 5.3203735819459407e-06 2.3425285577971523e-08 0.00012359683062840076
leaf_weight=30064 1400 661 644 606 63509 440 884 7279 719 694 2656 723 727 192 24131 12653 370 952 9726 1334 1247 8996 1261 14123 42 46 879 164 292609 3629
leaf_count=30064 1400 661 644 606 63509 440 884 7279 719 694 2656 723 727 192 24131 12653 370 952 9726 1334 1247 8996 1261 14123 42 46 879 164 292609 3629
internal_value=-0.000146973 0.000590441 0.0274919 -0.00258152 -0.000894895 0.0275641 0.000427319 0.00764685 0.0302317 0.001062 0.0151642 0.0438646 0.0306595 0.0103417 0.000148157 0.00331513 0.0240926 0.0021251 0.0059876 0.00325365 0.0313443 -0.00043357 0.00551415 -0.00126122 -0.0055 0.0664114 0.00247417 0.0188165 -0.000234642 -0.000229738
internal_weight=483360 370989 2236 112371 82307 1046 368753 13728 3099 10629 3350 2215 1492 1592 355025 38285 2074 36211 23558 22606 2623 19983 10987 81261 1376 773 1413 534 316740 67138
internal_count=483360 370989 2236 112371 82307 1046 368753 13728 3099 10629 3350 2215 1492 1592 355025 38285 2074 36211 23558 22606 2623 19983 10987 81261 1376 773 1413 534 316740 67138
is_linear=0
shrinkage=0.08


Tree=219
num_leaves=31
num_cat=0
split_feature=31 7 27 7 8 7 33 33 39 6 6 2 8 5 8 7 5 7 2 5 5 5 25 8 8 1 13 7 23 2
split_gain=134.778 254.552 254.033 136.742 134.074 234.315 116.431 319 225.495 152.005 410.145 124.539 320.359 67.7826 65.9518 436.493 156.974 653.442 366.111 613.918 134.536 984.497 64.2198 40.657 36.5898 35.1134 34.176 115.276 128.636 33.903
threshold=1.0000000180025095e-35 0.00095527777777777787 1.0000000180025095e-35 0.001419444444444415 0.0051176092131718452 0.0041731944444444455 4.0946916666666677 4.2660583333333344 33.498457628563202 2.2687953549117403 2.2720559821751647 5.5000000000000009 2.1475469529102438 0.00085888888888888896 0.0019366247349716632 0.7024677777777778 0.95840777777777775 0.96672611111111117 5.5000000000000009 2.9461633333333341 2.8211077777777782 2.7784577777777781 4.1787083333333337 1.0000000180025095e-35 2.1631606750402033 1.0000000180025095e-35 5.0073500000000015 0.83460972222222229 4.9306333333333336 2.5000000000000004
decision_type=2 2 2 2 2 2 2 2 2 2 2 2 2 2 2 2 2 2 2 2 2 2 2 2 2 2 2 2 2 2
left_child=3 2 13 -1 5 -5 14 8 -8 -9 -11 12 -10 -2 15 25 -17 -18 20 23 21 29 26 -20 -14 -3 -6 28 -28 -19
right_child=1 6 -4 4 22 -7 7 9 11 10 -12 -13 24 -15 -16 16 17 18 19 -21 -22 -23 -24 -25 -26 -27 27 -29 -30 -31
leaf_value=-4.6069886449100188e-05 2.3956821913043157e-06 1.4938918004203171e-06 3.4556059705218196e-06 -9.7716134409719395e-05 -8.158759514479683e-07 3.5922105736730131e-07 -5.8794754332325287e-06 -4.3375139568979653e-09 -2.0689892775038745e-06 2.5606254894228188e-11 0.02642034276963344 1.1758639857362141e-08 4.3751036571393343e-10 1.3714312886972668e-06 -3.0764787236618742e-07 -1.0971069084320107e-08 1.6021001414401326e-10 -5.9623459680580031e-09 -5.2978209161835819e-08 1.885084088826261e-11 -2.9977570648043184e-10 8.7416857752486982e-10 -1.3918054058394449e-07 1.1152791646793503e-05 -0.054887811948948984 4.2239345550179053e-05 -0.00038330462955293854 -0.00012708556955310258 0.00011370908417809744 3.4684104033289033e-09
leaf_weight=30064 1400 51 644 606 63509 440 884 7279 719 694 2656 723 727 192 318129 12653 952 5399 1334 1247 8996 1261 14123 42 46 661 322 2865 442 4300
leaf_count=30064 1400 51 644 606 63509 440 884 7279 719 694 2656 723 727 192 318129 12653 952 5399 1334 1247 8996 1261 14123 42 46 661 322 2865 442 4300
internal_value=-0.000154255 0.000580953 0.0274919 -0.00258152 -0.000894895 0.0275641 0.000417774 0.00764685 0.0302317 0.001062 0.0151642 0.0438646 0.0306595 0.0103417 0.000138242 0.00333998 0.00211939 0.00598325 0.00324585 0.0313443 -0.000447386 0.00550365 -0.00126122 -0.0055 0.0664114 0.0653708 -0.000229738 0.00732102 0.0349319 -0.00314177
internal_weight=483360 370989 2236 112371 82307 1046 368753 13728 3099 10629 3350 2215 1492 1592 355025 36896 36184 23531 22579 2623 19956 10960 81261 1376 773 712 67138 3629 764 9699
internal_count=483360 370989 2236 112371 82307 1046 368753 13728 3099 10629 3350 2215 1492 1592 355025 36896 36184 23531 22579 2623 19956 10960 81261 1376 773 712 67138 3629 764 9699
is_linear=0
shrinkage=0.08


Tree=220
num_leaves=31
num_cat=0
split_feature=31 7 27 7 8 7 33 33 39 6 6 2 8 6 7 7 2 7 7 5 8 7 8 8 8 5 7 8 5 25
split_gain=138.833 253.66 254.033 136.742 134.074 234.315 113.79 319.988 225.495 149.897 412.294 124.539 320.359 68.0344 111.084 548.292 248.087 642.195 189.34 919.042 122.795 98.811 449.562 95.6177 168.25 127.157 103.67 75.1196 67.7826 64.2198
threshold=1.0000000180025095e-35 0.00095527777777777787 1.0000000180025095e-35 0.001419444444444415 0.0051176092131718452 0.0041731944444444455 4.0946916666666677 4.2660583333333344 33.498457628563202 2.2687953549117403 2.2720559821751647 5.5000000000000009 2.1475469529102438 0.00084489849305973981 0.96005472222222221 0.96672611111111117 5.5000000000000009 2.9697776388888895 2.8210648611111115 2.7784577777777781 0.0051176092131718452 0.7024677777777778 1.0000000180025095e-35 0.12354352443960977 0.13383363840633328 0.9847111111111112 1.0043434722222224 0.0088367937866199106 0.00085888888888888896 4.1787083333333337
decision_type=2 2 2 2 2 2 2 2 2 2 2 2 2 2 2 2 2 2 2 2 2 2 2 2 2 2 2 2 2 2
left_child=3 2 28 -1 5 -5 13 8 -8 -9 -11 12 -10 14 21 20 18 -18 19 23 -16 22 -3 -17 25 -25 -27 -19 -2 -6
right_child=1 6 -4 4 29 -7 7 9 11 10 -12 -13 -14 -15 15 16 17 27 -20 -21 -22 -23 -24 24 -26 26 -28 -29 -30 -31
leaf_value=-4.238429553317218e-05 2.2040276159999985e-06 3.8860197906167573e-05 3.1791574928800685e-06 -8.9898843656941859e-05 -7.5060587533213082e-07 3.3048337277791721e-07 -5.4091173985426621e-06 -3.9905128090822473e-09 -1.9034701352893535e-06 2.3557760187031818e-11 0.0243067153480628 1.0817948634667118e-08 4.0250952793030592e-10 -5.4090119837105208e-07 1.4739320874923578e-10 -5.4853582920344476e-09 -4.8739952411835932e-08 1.7342784985885375e-11 -2.7579364569874086e-10 8.04235078533111e-10 2.5447649326792997e-06 -1.0093383560061397e-08 -0.00039882485248703858 -4.6833917648037017e-07 -0.00034580954286294485 5.1518920033899465e-06 -2.0900368313281348e-06 1.7053077306528052e-05 1.2617167856014689e-06 -1.2804609733722895e-07
leaf_weight=30064 1400 661 644 606 67138 440 884 7279 719 694 2656 723 773 305579 946 10140 1895 1247 9918 1261 462 18185 2448 367 1068 612 132 104 192 14123
leaf_count=30064 1400 661 644 606 67138 440 884 7279 719 694 2656 723 773 305579 946 10140 1895 1247 9918 1261 462 18185 2448 367 1068 612 132 104 192 14123
internal_value=-0.000118009 0.000628178 0.0274919 -0.00258152 -0.000894895 0.0275641 0.000465285 0.00761189 0.0302317 0.00101684 0.0150209 0.0438646 0.0306595 0.000188943 0.00294204 0.00623984 0.00367813 0.0244091 0.000814365 0.0069514 0.0548977 -0.00141787 0.011762 0.000292879 0.015497 0.0372925 0.0563011 0.0665522 0.0103417 -0.00126122
internal_weight=483360 370989 2236 112371 82307 1046 368753 13728 3099 10629 3350 2215 1492 355025 49446 28152 26744 3246 23498 13580 1408 21294 3109 12319 2179 1111 744 1351 1592 81261
internal_count=483360 370989 2236 112371 82307 1046 368753 13728 3099 10629 3350 2215 1492 355025 49446 28152 26744 3246 23498 13580 1408 21294 3109 12319 2179 1111 744 1351 1592 81261
is_linear=0
shrinkage=0.08


Tree=221
num_leaves=31
num_cat=0
split_feature=31 7 27 7 8 7 33 33 39 6 6 2 8 8 2 7 0 7 5 39 39 33 5 25 8 2 0 5 8 8
split_gain=137.791 253.888 254.033 136.742 134.074 234.315 113.991 320.153 225.495 149.547 412.653 124.539 320.359 72.9501 92.003 860.738 187.658 166.507 932.336 148.427 586.271 89.9505 67.7826 64.2198 59.9242 53.321 239.788 213.022 121.122 98.7974
threshold=1.0000000180025095e-35 0.00095527777777777787 1.0000000180025095e-35 0.001419444444444415 0.0051176092131718452 0.0041731944444444455 4.0946916666666677 4.2660583333333344 33.498457628563202 2.2687953549117403 2.2720559821751647 5.5000000000000009 2.1475469529102438 0.028112341566782838 5.5000000000000009 2.9697776388888895 0.18542480468750003 2.8210648611111115 2.7784577777777781 6.2427642252175177 6.1885446897943428 0.019258333333333339 0.00085888888888888896 4.1787083333333337 1.0000000180025095e-35 4.5000000000000009 0.18542480468750003 0.74428722222222232 0.0088367937866199106 0.0024000847324288873
decision_type=2 2 2 2 2 2 2 2 2 2 2 2 2 2 2 2 2 2 2 2 2 2 2 2 2 2 2 2 2 2
left_child=3 2 22 -1 5 -5 13 8 -8 -9 -11 12 -10 14 17 16 -16 18 19 20 21 25 -2 -6 -22 27 29 -3 -28 -27
right_child=1 6 -4 4 23 -7 7 9 11 10 -12 -13 -14 -15 15 -17 -18 -19 -20 -21 24 -23 -24 -25 -26 26 28 -29 -30 -31
leaf_value=-3.8993551890518404e-05 2.0277054067199818e-06 -5.5006436467101851e-06 2.9248248934496575e-06 -8.2706936164386507e-05 -6.9055740530556033e-07 3.0404470295568385e-07 -4.9763880066677756e-06 -3.6712717843556675e-09 -1.7511925244662053e-06 2.167311663470173e-11 0.022362178120217784 9.9525127694732883e-09 3.7030879695976183e-10 -2.6205711651297039e-05 -4.4840756210362544e-08 1.5955379240040202e-11 3.57513820736699e-05 -2.5373015688501256e-10 7.3989628646131681e-10 -5.0465296297375064e-09 1.3560175204929692e-10 0.0003732061252342879 1.1607794427533762e-06 -1.1780240955025063e-07 -9.5051216509656203e-06 -9.2859128741906711e-09 0.00042806684623436731 9.3201990357227871e-05 -5.263509751467943e-05 5.1828998104362132e-05
leaf_weight=30064 1400 6735 644 606 67138 440 884 7279 719 694 2656 723 773 311615 4760 1255 329 9075 1261 13972 946 252 192 14123 65 2840 552 261 192 915
leaf_count=30064 1400 6735 644 606 67138 440 884 7279 719 694 2656 723 773 311615 4760 1255 329 9075 1261 13972 946 252 192 14123 65 2840 552 261 192 915
internal_value=-0.000127278 0.000616103 0.0274919 -0.00258152 -0.000894895 0.0275641 0.000453136 0.00760606 0.0302317 0.00100931 0.014997 0.0438646 0.0306595 0.000176549 0.00324902 0.0121513 -0.00248222 0.00172535 0.00477839 0.00160718 0.00784574 0.00281467 0.0103417 -0.00126122 0.0663027 0.00177816 0.00857257 -0.0025912 0.0500645 0.000351529
internal_weight=483360 370989 2236 112371 82307 1046 368753 13728 3099 10629 3350 2215 1492 355025 43410 6344 5089 37066 27991 26730 12758 11747 1592 81261 1011 11495 4499 6996 744 3755
internal_count=483360 370989 2236 112371 82307 1046 368753 13728 3099 10629 3350 2215 1492 355025 43410 6344 5089 37066 27991 26730 12758 11747 1592 81261 1011 11495 4499 6996 744 3755
is_linear=0
shrinkage=0.08


Tree=222
num_leaves=31
num_cat=0
split_feature=31 7 15 7 8 7 33 33 39 6 6 2 8 2 6 6 5 5 8 2 7 7 5 8 8 0 2 5 8 5
split_gain=146.447 292.286 240.136 136.627 134.074 234.315 111.505 320.318 225.495 149.198 413.012 124.539 320.359 90.0358 190.404 80.7514 162.581 402.852 239.963 225.807 630.346 257.346 853.917 201.576 576.589 114.433 77.8018 88.7059 75.1196 66.5217
threshold=1.0000000180025095e-35 0.001005634920634921 1.0000000180025095e-35 0.001419444444444415 0.0051176092131718452 0.0041731944444444455 4.0946916666666677 4.2660583333333344 33.498457628563202 2.2687953549117403 2.2720559821751647 5.5000000000000009 2.1475469529102438 1.5000000000000002 0.0016872102815857274 0.0022979183131130372 0.95840777777777775 0.96674166666666672 1.0000000180025095e-35 5.5000000000000009 2.9697776388888895 2.8210648611111115 2.7784577777777781 0.0088367937866199106 0.13383363840633328 0.15197753906250003 3.5000000000000004 0.97198388888888909 0.0088367937866199106 0.70240222222222248
decision_type=2 2 2 2 2 2 2 2 2 2 2 2 2 2 2 2 2 2 2 2 2 2 2 2 2 2 2 2 2 2
left_child=3 2 13 -1 5 -5 15 8 -8 -9 -11 12 -10 -2 -15 16 29 18 -18 21 -21 22 23 -19 25 -25 -27 -28 -22 -3
right_child=1 6 -4 4 -6 -7 7 9 11 10 -12 -13 -14 14 -16 -17 17 19 -20 20 28 -23 -24 24 -26 26 27 -29 -30 -31
leaf_value=-3.5874067739276932e-05 -1.2299079413177066e-06 3.28912715077756e-05 2.6908389019736878e-06 -7.6090381271235583e-05 -1.0837821678623058e-07 2.7972112671922915e-07 -4.5782769661428804e-06 -3.3775700103433339e-09 -1.6110971225202776e-06 1.9939250250899933e-11 0.020573203870600385 9.1563117621262795e-09 3.4068406762344242e-10 -1.6945642099894347e-05 1.8654889741823861e-06 -2.0911347325681257e-06 1.2475361188535318e-10 -4.6428072586479628e-09 -8.7688467610025355e-06 -4.1253495730586565e-08 1.4678960269520758e-11 -2.3343172728118589e-10 6.807045949130952e-10 -0.0051566433014242109 -0.00016344464556645162 6.8361975752306853e-06 -5.1263340440561579e-05 4.4376406701740483e-06 1.7785288054099623e-05 -8.5430398399921612e-09
leaf_weight=30064 866 3043 646 606 81261 440 884 7279 719 694 2656 723 773 634 487 303598 946 9866 328 1824 1247 9918 1261 205 2722 1465 236 160 104 17705
leaf_count=30064 866 3043 646 606 81261 440 884 7279 719 694 2656 723 773 634 487 303598 946 9866 328 1824 1247 9918 1261 205 2722 1465 236 160 104 17705
internal_value=-5.06474e-05 0.000715728 0.0272753 -0.00258081 -0.000894895 0.0275641 0.000525881 0.00760023 0.0302317 0.00100179 0.0149731 0.0438646 0.0306595 0.0134997 0.0284674 0.000252026 0.00319655 0.00693428 0.0509639 0.00500055 0.0251339 0.00252607 0.0088294 0.00339347 0.0168622 0.048728 0.0549769 0.0235151 0.0665522 -0.00225873
internal_weight=483360 370989 2633 112371 82307 1046 368356 13728 3099 10629 3350 2215 1492 1987 1121 354628 51030 30282 1274 29008 3175 25833 15915 14654 4788 2066 1861 396 1351 20748
internal_count=483360 370989 2633 112371 82307 1046 368356 13728 3099 10629 3350 2215 1492 1987 1121 354628 51030 30282 1274 29008 3175 25833 15915 14654 4788 2066 1861 396 1351 20748
is_linear=0
shrinkage=0.08


Tree=223
num_leaves=31
num_cat=0
split_feature=31 7 15 7 8 7 33 33 39 15 2 0 2 8 2 6 6 5 5 8 2 7 7 5 8 8 7 2 5 8
split_gain=142.143 293.345 240.136 136.511 134.074 234.315 112.668 320.648 225.495 149.216 167.374 251.329 124.539 320.359 90.0358 190.404 70.9516 172.585 408.752 236.688 231.47 628.374 247.911 862.118 179.292 523.074 144.436 75.5969 88.7059 75.1196
threshold=1.0000000180025095e-35 0.001005634920634921 1.0000000180025095e-35 0.001419444444444415 0.0051176092131718452 0.0041731944444444455 4.0946916666666677 4.2660583333333344 33.498457628563202 4.3673583333333346 2.5000000000000004 0.13387044270833334 5.5000000000000009 2.1475469529102438 1.5000000000000002 0.0016872102815857274 0.00084489849305973981 0.95840777777777775 0.96674166666666672 1.0000000180025095e-35 5.5000000000000009 2.9697776388888895 2.8210648611111115 2.7784577777777781 0.0088367937866199106 0.13383363840633328 1.0043434722222224 3.5000000000000004 0.97198388888888909 0.0088367937866199106
decision_type=2 2 2 2 2 2 2 2 2 2 2 2 2 2 2 2 2 2 2 2 2 2 2 2 2 2 2 2 2 2
left_child=3 2 14 -1 5 -5 16 8 -8 -9 -11 -12 13 -10 -2 -16 17 -3 19 -19 22 -22 23 24 -20 26 27 -26 -29 -23
right_child=1 6 -4 4 -6 -7 7 9 12 10 11 -13 -14 -15 15 -17 -18 18 20 -21 21 29 -24 -25 25 -27 -28 28 -30 -31
leaf_value=-3.3004142320134781e-05 -1.1315153060122847e-06 -7.8595966535033318e-09 2.4755717898157852e-06 -7.0003150769536735e-05 -9.9707959443332113e-08 2.5734343658169085e-07 -4.2120148088287125e-06 -3.1073643924628416e-09 -1.482209352730024e-06 -1.8670323954950164e-06 1.8344081809118508e-11 -0.018188765219969698 8.4238067898922958e-09 3.1342935358225078e-10 -1.5589990731902803e-05 1.716249856247784e-06 -1.9238439539626811e-06 1.1477331973708261e-10 -4.271382678666669e-09 -8.0673390201191347e-06 -3.7953216072139637e-08 1.3504646290130041e-11 -2.1475717204566537e-10 6.2624824437307322e-10 6.2893017692111645e-06 -0.00015251162501858317 -3.7327275872911517e-07 -4.7162273205314519e-05 4.0826294165619001e-06 1.6362465009756023e-05
leaf_weight=30064 866 19236 646 606 81261 440 884 8214 719 1128 703 584 723 773 634 487 305183 946 9822 322 1808 1247 9918 1261 1396 2715 274 236 160 104
leaf_count=30064 866 19236 646 606 81261 440 884 8214 719 1128 703 584 723 773 634 487 305183 946 9822 322 1808 1247 9918 1261 1396 2715 274 236 160 104
internal_value=-8.73902e-05 0.000667641 0.0272753 -0.0025801 -0.000894895 0.0275641 0.000477449 0.00758858 0.0302317 0.000986732 0.0184679 0.0381849 0.0438646 0.0306595 0.0134997 0.0284674 0.000202171 0.00301345 0.006785 0.0512429 0.00483715 0.0252764 0.00233279 0.00853555 0.00305526 0.0157607 0.0460949 0.0543661 0.0235151 0.0665522
internal_weight=483360 370989 2633 112371 82307 1046 368356 13728 3099 10629 2415 1287 2215 1492 1987 1121 354628 49445 30209 1268 28941 3159 25782 15864 14603 4781 2066 1792 396 1351
internal_count=483360 370989 2633 112371 82307 1046 368356 13728 3099 10629 2415 1287 2215 1492 1987 1121 354628 49445 30209 1268 28941 3159 25782 15864 14603 4781 2066 1792 396 1351
is_linear=0
shrinkage=0.08


Tree=224
num_leaves=31
num_cat=0
split_feature=31 7 15 7 8 7 33 33 39 15 2 0 2 8 2 6 6 5 23 8 2 7 7 7 8 8 7 33 8 2
split_gain=146.959 292.144 240.136 136.511 134.074 234.315 110.933 320.648 225.495 149.216 167.374 251.329 124.539 320.359 90.0358 190.404 77.3382 148.208 410.749 231.833 230.326 630.346 245.887 864.027 177.53 525.159 144.042 112.79 75.1196 75.0878
threshold=1.0000000180025095e-35 0.001005634920634921 1.0000000180025095e-35 0.001419444444444415 0.0051176092131718452 0.0041731944444444455 4.0946916666666677 4.2660583333333344 33.498457628563202 4.3673583333333346 2.5000000000000004 0.13387044270833334 5.5000000000000009 2.1475469529102438 1.5000000000000002 0.0016872102815857274 0.015593873359315467 0.95840777777777775 0.96676666666666677 1.0000000180025095e-35 5.5000000000000009 2.9697776388888895 2.8210648611111115 2.7981952777777783 0.0088367937866199106 0.13383363840633328 1.0043434722222224 0.019258333333333339 0.0088367937866199106 3.5000000000000004
decision_type=2 2 2 2 2 2 2 2 2 2 2 2 2 2 2 2 2 2 2 2 2 2 2 2 2 2 2 2 2 2
left_child=3 2 14 -1 5 -5 16 8 -8 -9 -11 -12 13 -10 -2 -16 17 27 19 -19 22 -22 23 24 -20 26 29 -3 -23 -26
right_child=1 6 -4 4 -6 -7 7 9 12 10 11 -13 -14 -15 15 -17 -18 18 20 -21 21 28 -24 -25 25 -27 -28 -29 -30 -31
leaf_value=-3.0363810934523993e-05 -1.0409940815313267e-06 -7.2308289222888792e-09 2.2775260466305174e-06 -6.4402898707973801e-05 -9.1731322687865563e-08 2.3675596165515555e-07 -3.8750536241138885e-06 -2.8587752609610109e-09 -1.3636326045229908e-06 -1.7176698038667838e-06 1.6876526842679595e-11 -0.016733664002372136 7.7499022665961095e-09 2.883550109800126e-10 -1.4342791473350574e-05 1.5789498677479947e-06 -0.0002267693651598798 1.0559145557920147e-10 -3.9296720633075212e-09 -7.4219518985074727e-06 -3.4916958782105212e-08 1.2424266060406807e-11 -1.9757660396635402e-10 5.7614837345454364e-10 5.7861576276785347e-06 -0.00014031069501709402 -3.4341093803291754e-07 0.00037493237295528061 1.5053467808989752e-05 3.7560190632390801e-06
leaf_weight=30064 866 24836 646 606 81261 440 884 8214 719 1128 703 584 723 773 634 487 299193 946 9908 350 1824 1247 9921 1261 1400 2747 274 221 104 396
leaf_count=30064 866 24836 646 606 81261 440 884 8214 719 1128 703 584 723 773 634 487 299193 946 9908 350 1824 1247 9921 1261 1400 2747 274 221 104 396
internal_value=-4.55166e-05 0.000722197 0.0272753 -0.0025801 -0.000894895 0.0275641 0.000532396 0.00758858 0.0302317 0.000986732 0.0184679 0.0381849 0.0438646 0.0306595 0.0134997 0.0284674 0.000259244 0.00300388 0.00676068 0.0508272 0.00479692 0.0251339 0.00230455 0.00844439 0.0030017 0.0155997 0.046029 -0.00155071 0.0665522 0.0542717
internal_weight=483360 370989 2633 112371 82307 1046 368356 13728 3099 10629 2415 1287 2215 1492 1987 1121 354628 55435 30378 1296 29082 3175 25907 15986 14725 4817 2070 25057 1351 1796
internal_count=483360 370989 2633 112371 82307 1046 368356 13728 3099 10629 2415 1287 2215 1492 1987 1121 354628 55435 30378 1296 29082 3175 25907 15986 14725 4817 2070 25057 1351 1796
is_linear=0
shrinkage=0.08


Tree=225
num_leaves=31
num_cat=0
split_feature=31 7 27 7 8 7 33 33 39 15 2 0 2 8 6 5 23 8 2 7 7 7 8 8 7 33 8 2 5 5
split_gain=146.192 252.723 253.604 136.511 134.074 234.315 110.345 320.648 225.495 149.216 167.374 251.329 124.539 320.359 73.5424 151.642 410.749 231.833 230.326 630.346 245.887 864.027 177.53 525.159 144.042 113.011 75.1196 75.0878 88.7059 67.6299
threshold=1.0000000180025095e-35 0.00095527777777777787 1.0000000180025095e-35 0.001419444444444415 0.0051176092131718452 0.0041731944444444455 4.0946916666666677 4.2660583333333344 33.498457628563202 4.3673583333333346 2.5000000000000004 0.13387044270833334 5.5000000000000009 2.1475469529102438 0.015593873359315467 0.95840777777777775 0.96676666666666677 1.0000000180025095e-35 5.5000000000000009 2.9697776388888895 2.8210648611111115 2.7981952777777783 0.0088367937866199106 0.13383363840633328 1.0043434722222224 0.019258333333333339 0.0088367937866199106 3.5000000000000004 0.97198388888888909 0.00085888888888888896
decision_type=2 2 2 2 2 2 2 2 2 2 2 2 2 2 2 2 2 2 2 2 2 2 2 2 2 2 2 2 2 2
left_child=3 2 29 -1 5 -5 14 8 -8 -9 -11 -12 13 -10 15 25 17 -17 20 -20 21 22 -18 24 27 -3 -21 -24 -29 -2
right_child=1 6 -4 4 -6 -7 7 9 12 10 11 -13 -14 -15 -16 16 18 -19 19 26 -22 -23 23 -25 -26 -27 -28 28 -30 -31
leaf_value=-2.7934706059762073e-05 1.4526338783281411e-06 -6.6523626074399548e-09 2.0953239629000788e-06 -5.9250666811335894e-05 -8.4392816872836311e-08 2.178154847227431e-07 -3.5650493342131997e-06 -2.6300732258732752e-09 -1.2545419961895733e-06 -1.5802562195688098e-06 1.552642459046183e-11 -0.015394970882182387 7.1299101023214463e-09 2.6528660157509879e-10 -0.00020862781594710463 9.7144141619764925e-11 -3.615298300729819e-09 -6.8281957466265195e-06 -3.2123602089484395e-08 1.1430323354488791e-11 -1.8177047422796023e-10 5.3005649647275282e-10 5.3232650174628306e-06 -0.00012908583941572793 -3.1593806299134996e-07 0.00034493778311885825 1.384919038425636e-05 -4.3689772873944932e-05 3.4555375381817299e-06 6.5506199147885585e-07
leaf_weight=30064 1400 25233 644 606 81261 440 884 8214 719 1128 703 584 723 773 299193 946 9908 350 1824 1247 9921 1261 1400 2747 274 221 104 236 160 192
leaf_count=30064 1400 25233 644 606 81261 440 884 8214 719 1128 703 584 723 773 299193 946 9908 350 1824 1247 9921 1261 1400 2747 274 221 104 236 160 192
internal_value=-5.2137e-05 0.000713572 0.0275277 -0.0025801 -0.000894895 0.0275641 0.000550979 0.00758858 0.0302317 0.000986732 0.0184679 0.0381849 0.0438646 0.0306595 0.000278852 0.00294426 0.00676068 0.0508272 0.00479692 0.0251339 0.00230455 0.00844439 0.0030017 0.0155997 0.046029 -0.00161044 0.0665522 0.0542717 0.0235151 0.010392
internal_weight=483360 370989 2236 112371 82307 1046 368753 13728 3099 10629 2415 1287 2215 1492 355025 55832 30378 1296 29082 3175 25907 15986 14725 4817 2070 25454 1351 1796 396 1592
internal_count=483360 370989 2236 112371 82307 1046 368753 13728 3099 10629 2415 1287 2215 1492 355025 55832 30378 1296 29082 3175 25907 15986 14725 4817 2070 25454 1351 1796 396 1592
is_linear=0
shrinkage=0.08


Tree=226
num_leaves=31
num_cat=0
split_feature=31 7 27 7 8 7 33 33 39 15 2 0 2 8 5 25 0 21 8 21 17 8 39 0 13 13 8 2 8 5
split_gain=134.003 255.348 253.604 136.281 134.074 234.315 114.77 320.648 225.495 149.216 167.374 251.329 124.539 320.359 67.6299 64.2198 46.5491 59.4813 259.562 120.599 66.9194 81.1808 68.3457 59.9907 53.5546 667.366 280.489 190.951 214.581 609.307
threshold=1.0000000180025095e-35 0.00095527777777777787 1.0000000180025095e-35 0.001419444444444415 0.0051176092131718452 0.0041731944444444455 4.0946916666666677 4.2660583333333344 33.498457628563202 4.3673583333333346 2.5000000000000004 0.13387044270833334 5.5000000000000009 2.1475469529102438 0.00085888888888888896 4.1787083333333337 0.15695612468103057 0.72550833333333331 0.096781237434110753 0.86806666666666665 0.77216666666666678 0.0051176092131718452 4.1786513039056912 0.16293756999353057 2.7805250000000004 2.8211000000000008 0.0051176092131718452 5.5000000000000009 0.0088367937866199106 2.9461633333333341
decision_type=2 2 2 2 2 2 2 2 2 2 2 2 2 2 2 2 2 2 2 2 2 2 2 2 2 2 2 2 2 2
left_child=3 2 14 -1 5 -5 16 8 -8 -9 -11 -12 13 -10 -2 -6 24 23 19 20 21 -19 -23 -18 -3 26 -26 -27 29 -29
right_child=1 6 -4 4 15 -7 7 9 12 10 11 -13 -14 -15 -16 -17 17 18 -20 -21 -22 22 -24 -25 25 27 -28 28 -30 -31
leaf_value=-2.569992957498111e-05 1.3364231680618872e-06 8.9372607092741419e-11 1.9276980458680751e-06 -5.4510613466429021e-05 -6.0457598761789426e-07 2.0039024594492362e-07 -3.2798453874960389e-06 -2.419667382014268e-09 -1.1541786364688278e-06 -1.4538357220317266e-06 1.4284324834079599e-11 -0.014163373211607799 6.5595173026622432e-09 2.4406368481777465e-10 6.0265703216051682e-07 -7.7641391523009416e-08 -0.040489517431176222 8.5748253994895056e-05 0.00014131230612194227 -0.0010641077220513767 0.00011837928529963015 0.00023699271353512538 0.00011707403904874579 -0.00020709131948688509 4.8765198101818902e-10 -1.6722882634212511e-10 0.0091763102438666214 -2.9553713929431071e-08 -0.0011062863406045055 1.0515890380702331e-11
leaf_weight=30064 1400 130292 644 606 67138 440 884 8214 719 1128 703 584 723 773 192 14123 13351 252 101139 488 460 561 123 73889 1261 27524 492 1357 2589 1247
leaf_count=30064 1400 130292 644 606 67138 440 884 8214 719 1128 703 584 723 773 192 14123 13351 252 101139 488 460 561 123 73889 1261 27524 492 1357 2589 1247
internal_value=-0.000158393 0.0005747 0.0275277 -0.00257867 -0.000894895 0.0275641 0.000411265 0.00758858 0.0302317 0.000986732 0.0184679 0.0381849 0.0438646 0.0306595 0.010392 -0.00126122 0.000133735 -0.000718712 0.000582936 0.0300042 0.0419713 0.0296923 0.0153918 -0.00225585 0.00111812 0.00392225 0.0520114 0.0013456 0.0154161 0.0316313
internal_weight=483360 370989 2236 112371 82307 1046 368753 13728 3099 10629 2415 1287 2215 1492 1592 81261 355025 190263 103023 1884 1396 936 684 87240 164762 34470 1753 32717 5193 2604
internal_count=483360 370989 2236 112371 82307 1046 368753 13728 3099 10629 2415 1287 2215 1492 1592 81261 355025 190263 103023 1884 1396 936 684 87240 164762 34470 1753 32717 5193 2604
is_linear=0
shrinkage=0.08


Tree=227
num_leaves=31
num_cat=0
split_feature=31 7 27 7 8 7 33 33 39 15 2 0 2 8 5 25 8 2 7 0 7 5 39 39 2 7 21 0 39 33
split_gain=133.375 255.07 253.604 132.732 134.074 234.315 114.484 320.483 225.495 149.654 167.868 250.361 124.539 320.359 67.6299 64.2198 49.6372 104.069 860.738 187.658 143.899 956.834 112.468 323.523 171.561 370.392 279.786 78.7841 66.4706 108.11
threshold=1.0000000180025095e-35 0.00095527777777777787 1.0000000180025095e-35 0.001419444444444415 0.0051176092131718452 0.0041731944444444455 4.0946916666666677 4.2660583333333344 33.498457628563202 4.3673583333333346 2.5000000000000004 0.13387044270833334 5.5000000000000009 2.1475469529102438 0.00085888888888888896 4.1787083333333337 0.028112341566782838 5.5000000000000009 2.9697776388888895 0.18542480468750003 2.8210648611111115 2.7784577777777781 6.3662618172144496 6.3592296595498201 1.5000000000000002 0.96672611111111117 0.0057333333333333342 0.17399088541666671 0.043903233209890466 0.0056916666666666678
decision_type=2 2 2 2 2 2 2 2 2 2 2 2 2 2 2 2 2 2 2 2 2 2 2 2 2 2 2 2 2 2
left_child=3 2 14 -1 5 -5 16 8 -8 -9 -11 -12 13 -10 -2 -6 17 20 19 -19 21 22 23 24 25 26 -3 -28 29 -26
right_child=1 6 -4 4 15 -7 7 9 12 10 11 -13 -14 -15 -16 -17 -18 18 -20 -21 -22 -23 -24 -25 28 -27 27 -29 -30 -31
leaf_value=-2.364393520898262e-05 1.2295093146169612e-06 -4.9106996126484919e-06 1.7734822021986223e-06 -5.0149764389114698e-05 -5.5620990860846274e-07 1.8435902626932975e-07 -3.0174577565134087e-06 -2.226094011348323e-09 -1.0618443455712168e-06 -1.3375288642691885e-06 1.3141558952156629e-11 -0.013030303354679192 6.0347559127649221e-09 2.2453860992754926e-10 5.5444446958770321e-07 -7.1430080201168655e-08 -1.1424531521669867e-05 -2.7189416798023558e-08 9.6746077815623716e-12 4.6829014769169674e-05 -1.5385051455041321e-10 4.4863980974696462e-10 -1.6310962511045802e-06 5.3430716118185729e-09 -1.2115764458212052e-07 -3.3332242477257524e-09 0.00019915821920396843 0.00061992164054279172 -6.1273234042147356e-09 9.5839656880168666e-07
leaf_weight=30064 1400 521 644 606 67138 440 884 8214 719 1128 703 584 723 773 192 14123 311615 4760 1255 329 9075 1261 8237 593 1216 1842 1127 142 12400 652
leaf_count=30064 1400 521 644 606 67138 440 884 8214 719 1128 703 584 723 773 192 14123 311615 4760 1255 329 9075 1261 8237 593 1216 1842 1127 142 12400 652
internal_value=-0.000142008 0.000589363 0.0275277 -0.0025566 -0.000894895 0.0275641 0.000426018 0.0075944 0.0302317 0.000994259 0.018501 0.0382471 0.0438646 0.0306595 0.010392 -0.00126122 0.000148833 0.00268325 0.0121513 -0.00248222 0.00106275 0.00390097 0.000688363 0.00415162 0.0022257 0.0177489 0.0436648 0.0639307 -0.00172582 0.0123426
internal_weight=483360 370989 2236 112371 82307 1046 368753 13728 3099 10629 2415 1287 2215 1492 1592 81261 355025 43410 6344 5089 37066 27991 26730 18493 17900 3632 1790 1269 14268 1868
internal_count=483360 370989 2236 112371 82307 1046 368753 13728 3099 10629 2415 1287 2215 1492 1592 81261 355025 43410 6344 5089 37066 27991 26730 18493 17900 3632 1790 1269 14268 1868
is_linear=0
shrinkage=0.08


Tree=228
num_leaves=31
num_cat=0
split_feature=31 7 27 7 8 7 33 33 39 15 2 0 2 8 5 25 0 21 8 21 17 8 39 0 13 13 8 2 8 5
split_gain=130.375 255.744 253.604 132.732 134.074 234.315 115.631 320.483 225.495 149.654 167.868 250.361 124.539 320.359 67.6299 64.2198 41.4388 57.053 260.325 119.745 66.9194 81.1808 68.3457 59.3574 56.4721 666.164 281.772 190.951 214.581 609.307
threshold=1.0000000180025095e-35 0.00095527777777777787 1.0000000180025095e-35 0.001419444444444415 0.0051176092131718452 0.0041731944444444455 4.0946916666666677 4.2660583333333344 33.498457628563202 4.3673583333333346 2.5000000000000004 0.13387044270833334 5.5000000000000009 2.1475469529102438 0.00085888888888888896 4.1787083333333337 0.15695612468103057 0.72550833333333331 0.096781237434110753 0.86806666666666665 0.77216666666666678 0.0051176092131718452 4.1786513039056912 0.16293756999353057 2.7805250000000004 2.8211000000000008 0.0051176092131718452 5.5000000000000009 0.0088367937866199106 2.9461633333333341
decision_type=2 2 2 2 2 2 2 2 2 2 2 2 2 2 2 2 2 2 2 2 2 2 2 2 2 2 2 2 2 2
left_child=3 2 14 -1 5 -5 16 8 -8 -9 -11 -12 13 -10 -2 -6 24 23 19 20 21 -19 -23 -18 -3 26 -26 -27 29 -29
right_child=1 6 -4 4 15 -7 7 9 12 10 11 -13 -14 -15 -16 -17 17 18 -20 -21 -22 22 -24 -25 25 27 -28 28 -30 -31
leaf_value=-2.1752420392264007e-05 1.1311485694476264e-06 4.9156258796756445e-09 1.6316036260227361e-06 -4.6137783237985518e-05 -5.1171311591978571e-07 1.6961030416778334e-07 -2.7760611359894939e-06 -2.0480064932826279e-09 -9.7689679790846639e-07 -1.230526555104916e-06 1.2090239920325984e-11 -0.011987879086304887 5.5519754482702407e-09 2.0657552113334533e-10 5.1008891202068699e-07 -6.571567378507517e-08 -0.037249442074160387 7.8888883861178983e-05 0.00013092128415383085 -0.00097806514176553331 0.000109822904997392 0.00021894725897404784 0.00010862207844658532 -0.00019052352374205662 4.1274862638829292e-10 -1.4154245775443998e-10 0.008443119386879026 -2.5014263442812989e-08 -0.0010168694708344007 8.9006491066356828e-12
leaf_weight=30064 1400 130292 644 606 67138 440 884 8214 719 1128 703 584 723 773 192 14123 13351 252 101139 488 460 561 123 73889 1261 27524 492 1357 2589 1247
leaf_count=30064 1400 130292 644 606 67138 440 884 8214 719 1128 703 584 723 773 192 14123 13351 252 101139 488 460 561 123 73889 1261 27524 492 1357 2589 1247
internal_value=-0.000169317 0.000553783 0.0275277 -0.0025566 -0.000894895 0.0275641 0.000390221 0.0075944 0.0302317 0.000994259 0.018501 0.0382471 0.0438646 0.0306595 0.010392 -0.00126122 0.000111652 -0.000692643 0.000582159 0.0300467 0.0419713 0.0296923 0.0153918 -0.00219808 0.00104043 0.00391993 0.0519658 0.0013456 0.0154161 0.0316313
internal_weight=483360 370989 2236 112371 82307 1046 368753 13728 3099 10629 2415 1287 2215 1492 1592 81261 355025 190263 103023 1884 1396 936 684 87240 164762 34470 1753 32717 5193 2604
internal_count=483360 370989 2236 112371 82307 1046 368753 13728 3099 10629 2415 1287 2215 1492 1592 81261 355025 190263 103023 1884 1396 936 684 87240 164762 34470 1753 32717 5193 2604
is_linear=0
shrinkage=0.08


Tree=229
num_leaves=31
num_cat=0
split_feature=31 7 27 7 8 7 33 33 39 15 2 0 2 8 5 25 6 13 2 2 23 2 7 8 8 7 8 33 7 8
split_gain=137.669 254.12 253.604 132.732 134.074 234.315 113.06 320.318 225.495 150.092 168.362 249.394 124.539 320.359 67.6299 64.2198 43.1841 110.079 209.227 567.523 324.135 331.646 630.346 198.141 172.809 124.946 170.097 110.096 96.5636 141.524
threshold=1.0000000180025095e-35 0.00095527777777777787 1.0000000180025095e-35 0.001419444444444415 0.0051176092131718452 0.0041731944444444455 4.0946916666666677 4.2660583333333344 33.498457628563202 4.3673583333333346 2.5000000000000004 0.13387044270833334 5.5000000000000009 2.1475469529102438 0.00085888888888888896 4.1787083333333337 0.015593873359315467 0.98294166666666671 1.5000000000000002 2.5000000000000004 0.98582500000000006 5.5000000000000009 2.9697776388888895 0.0051176092131718452 0.17749306610426863 0.97741888888888906 0.17749306610426863 0.019258333333333339 0.97410083333333342 0.17749306610426863
decision_type=2 2 2 2 2 2 2 2 2 2 2 2 2 2 2 2 2 2 2 2 2 2 2 2 2 2 2 2 2 2
left_child=3 2 14 -1 5 -5 16 8 -8 -9 -11 -12 13 -10 -2 -6 17 27 25 23 24 28 -23 -20 -21 26 -19 -3 29 -22
right_child=1 6 -4 4 15 -7 7 9 12 10 11 -13 -14 -15 -16 -17 -18 18 19 20 21 22 -24 -25 -26 -27 -28 -29 -30 -31
leaf_value=-2.0012226760882885e-05 1.0406566838918469e-06 -6.0303876026068791e-09 1.5010753359409254e-06 -4.2446760578946679e-05 -4.7077606664620293e-07 1.5604147983436068e-07 -2.553976245138756e-06 -1.8841659965573852e-09 -8.9874505405873605e-07 -1.1320844306794697e-06 1.1123049148409337e-11 -0.011028848759400469 5.1078173868290834e-09 1.9004950502221618e-10 4.6928179905904311e-07 -6.0458419882269156e-08 -0.00018769268639967505 3.3670673216157356e-06 3.7972874622482777e-10 6.6018006029899822e-07 5.8109659379201873e-06 -2.3013122358861438e-08 8.1886142311304861e-12 -0.0023131092448585022 -0.00026637498020511076 -1.3021907108168308e-10 -0.00011784541014061568 0.00030140982094307989 -1.0833540454058265e-07 -0.00010222942412243086
leaf_weight=30064 1400 32663 644 606 67138 440 884 8214 719 1128 703 584 723 773 192 14123 299193 348 1273 871 269 1824 1351 240 278 7608 434 222 8098 353
leaf_count=30064 1400 32663 644 606 67138 440 884 8214 719 1128 703 584 723 773 192 14123 299193 348 1273 871 269 1824 1351 240 278 7608 434 222 8098 353
internal_value=-0.000103444 0.000639607 0.0275277 -0.0025566 -0.000894895 0.0275641 0.000476566 0.00760023 0.0302317 0.00100179 0.0185342 0.0383092 0.0438646 0.0306595 0.010392 -0.00126122 0.000201111 0.00224359 0.00649601 0.0122954 0.00691567 0.00299621 0.0251339 0.0586755 0.0474917 -0.00356615 0.0268849 -0.000723736 -0.00506422 0.0253119
internal_weight=483360 370989 2236 112371 82307 1046 368753 13728 3099 10629 2415 1287 2215 1492 1592 81261 355025 55832 22947 14557 13044 11895 3175 1513 1149 8390 782 32885 8720 622
internal_count=483360 370989 2236 112371 82307 1046 368753 13728 3099 10629 2415 1287 2215 1492 1592 81261 355025 55832 22947 14557 13044 11895 3175 1513 1149 8390 782 32885 8720 622
is_linear=0
shrinkage=0.08


Tree=230
num_leaves=31
num_cat=0
split_feature=31 7 27 7 8 7 33 33 39 15 2 0 2 8 5 25 8 13 7 23 17 25 19 29 29 8 29 29 8 8
split_gain=128.627 256.141 253.604 132.732 134.074 234.315 116.495 320.318 225.495 150.092 168.362 249.394 124.539 320.359 67.6299 64.2198 36.5898 34.176 115.276 128.636 33.8813 39.8262 33.6136 32.7662 462.026 521.223 54.2423 619.313 380.384 98.1617
threshold=1.0000000180025095e-35 0.00095527777777777787 1.0000000180025095e-35 0.001419444444444415 0.0051176092131718452 0.0041731944444444455 4.0946916666666677 4.2660583333333344 33.498457628563202 4.3673583333333346 2.5000000000000004 0.13387044270833334 5.5000000000000009 2.1475469529102438 0.00085888888888888896 4.1787083333333337 2.1631606750402033 5.0073500000000015 0.83460972222222229 4.9306333333333336 0.58586666666666687 0.0057333333333333342 5.0076583333333344 2.9797833333333337 2.9005666666666667 0.0088367937866199106 2.8211000000000008 2.7779000000000003 0.0051176092131718452 0.085677587752698278
decision_type=2 2 2 2 2 2 2 2 2 2 2 2 2 2 2 2 2 2 2 2 2 2 2 2 2 2 2 2 2 2
left_child=3 2 14 -1 5 -5 20 8 -8 -9 -11 -12 13 -10 -2 17 -15 -6 19 -19 21 22 -3 24 26 -26 27 29 -29 -22
right_child=1 6 -4 4 15 -7 7 9 12 10 11 -13 -14 16 -16 -17 -18 18 -20 -21 23 -23 -24 -25 25 -27 -28 28 -30 -31
leaf_value=-1.8411248620012256e-05 9.5740414918048244e-07 8.8181402423538613e-07 1.3809893090656506e-06 -3.9051019732630944e-05 -4.3311398131450665e-07 1.4355816144761183e-07 -2.3496581455617618e-06 -1.7334327395701621e-09 -8.268454497084577e-07 -1.0415176762279544e-06 1.0233236480416963e-11 -0.010146540858648459 4.6991920044092693e-09 1.7484552472524228e-10 4.3173925513430303e-07 -5.5621746291687619e-08 -0.050496787220697073 -0.00035232276729466608 -0.00011660123209480844 0.00010492984933790694 -5.5479565919114298e-09 -0.0019689423736883429 0.02301455958537801 -1.1980155534274672e-10 7.5335293558964622e-12 -0.001036344458295666 -2.1172072557362753e-08 3.4935045079009798e-10 -0.0019635061700677883 0.00017452739737532143
leaf_weight=30064 1400 22123 644 606 63509 440 884 8214 719 1128 703 584 723 727 192 14123 46 322 2865 442 32551 83150 918 83306 1247 1257 8219 1261 733 120260
leaf_count=30064 1400 22123 644 606 63509 440 884 8214 719 1128 703 584 723 727 192 14123 46 322 2865 442 32551 83150 918 83306 1247 1257 8219 1261 733 120260
internal_value=-0.000185371 0.000532866 0.0275277 -0.0025566 -0.000894895 0.0275641 0.000369177 0.00760023 0.0302317 0.00100179 0.0185342 0.0383092 0.0438646 0.0306595 0.010392 -0.00126122 0.0664114 -0.000229738 0.00732102 0.0349319 8.95692e-05 -0.00110676 0.00183638 0.000600109 0.00125136 0.0353546 0.000727547 0.00106379 0.0453601 0.000485775
internal_weight=483360 370989 2236 112371 82307 1046 368753 13728 3099 10629 2415 1287 2215 1492 1592 81261 773 67138 3629 764 355025 106191 23041 248834 165528 2504 163024 154805 1994 152811
internal_count=483360 370989 2236 112371 82307 1046 368753 13728 3099 10629 2415 1287 2215 1492 1592 81261 773 67138 3629 764 355025 106191 23041 248834 165528 2504 163024 154805 1994 152811
is_linear=0
shrinkage=0.08


Tree=231
num_leaves=31
num_cat=0
split_feature=39 21 21 8 29 29 8 23 23 6 6 5 21 33 15 33 8 6 25 0 5 8 7 2 7 8 7 2 19 25
split_gain=132.2 160.14 743.491 145.593 143.124 684.213 207.08 156.281 465.134 431.742 127.798 196.493 222.347 135.383 423.175 119.887 331.201 109.59 87.3758 73.4322 93.9981 102.089 67.1792 60.1434 133.366 480.954 58.2577 44.6513 40.1621 45.0393
threshold=19.504600229175338 2.9796750000000007 2.9781583333333339 0.0088367937866199106 2.8211000000000008 2.7779000000000003 0.0051176092131718452 4.2147750000000004 4.2654833333333348 2.2687953549117403 0.0029327786267253843 0.0043799999999999707 0.0057333333333333342 1.0000000180025095e-35 1.0000000180025095e-35 4.2577166666666679 2.1475469529102438 2.2720559821751647 0.021408333333333335 0.17399088541666671 0.74428722222222232 0.033028002712820061 0.89389486111111127 4.5000000000000009 0.70161138888888896 1.0000000180025095e-35 0.0041731944444444455 1.5000000000000002 0.43111666666666676 4.0268000000000006
decision_type=2 2 2 2 2 2 2 2 2 2 2 2 2 2 2 2 2 2 2 2 2 2 2 2 2 2 2 2 2 2
left_child=10 2 4 -4 5 7 -7 -2 15 22 13 12 18 19 -15 -9 -17 -11 -12 -1 23 -22 27 -21 -25 -26 -14 -10 29 -13
right_child=1 -3 3 -5 -6 6 -8 8 9 17 11 28 26 14 -16 16 -18 -19 -20 20 21 -23 -24 24 25 -27 -28 -29 -30 -31
leaf_value=-2.3727566834885751e-07 0.00015385163059999484 -1.102174351785834e-10 6.9308470074247457e-12 -0.00095343690163200994 -1.947830675419482e-08 3.2140242467448845e-10 -0.0019709800116644162 4.3232566326878443e-09 0.0001452420994356629 9.4145491402741756e-12 -3.9846486280934611e-07 -0.00041174486728892966 0.00028597362856309065 3.9720011472357819e-07 1.2705101643403946e-06 -7.6069781371757019e-07 1.6085785148334253e-10 0.0014151002755726694 3.0544052137145476e-05 -0.00017528071557515901 7.2578699419816316e-05 -8.580960716101594e-05 -1.5947581033515235e-09 -0.00010308579797814785 0.00042563452531358515 -0.00034276691405914938 0.00015904183762019546 8.8103291845982311e-05 4.965373291635267e-05 -5.1172006588352611e-08
leaf_weight=52975 27564 53616 1247 176 9890 1261 294 716 200 685 1180 106862 139 6860 692 691 749 181 204 12022 259 220 5754 3928 824 1659 612 674 176585 14641
leaf_count=52975 27564 53616 1247 176 9890 1261 294 716 200 685 1180 106862 139 6860 692 691 749 181 204 12022 259 220 5754 3928 824 1659 612 674 176585 14641
internal_value=-0.000396725 0.00213481 0.00538764 0.0623865 0.00372075 0.00591214 0.0579035 0.00373967 0.0125016 0.00308086 -0.00108817 -0.000333168 0.0238501 -0.00394154 0.00624788 0.0452468 0.0319444 0.0562032 0.00483237 -0.00501198 -0.000732658 0.0342547 -0.00385999 -0.00164184 0.00461581 0.0191285 0.0588975 0.0168055 -0.000506376 -0.00162584
internal_weight=483360 103698 50082 1423 48659 38769 1555 37214 9650 7494 379662 300223 2135 79439 7552 2156 1440 866 1384 71887 18912 479 6628 18433 6411 2483 751 874 298088 121503
internal_count=483360 103698 50082 1423 48659 38769 1555 37214 9650 7494 379662 300223 2135 79439 7552 2156 1440 866 1384 71887 18912 479 6628 18433 6411 2483 751 874 298088 121503
is_linear=0
shrinkage=0.08


Tree=232
num_leaves=31
num_cat=0
split_feature=31 8 21 5 5 5 5 39 13 2 5 39 5 33 33 39 15 2 0 2 8 5 5 8 25 6 8 31 6 7
split_gain=189.252 336.326 353.18 146.105 814.763 221.266 811.585 256.453 435.795 426.563 475.223 307.616 914.458 127.715 320.318 225.495 150.092 168.362 249.394 124.539 320.359 119.85 187.749 118.086 63.8647 61.9298 127.281 184.803 141.447 53.3317
threshold=1.0000000180025095e-35 0.0019366247349716632 1.0000000180025095e-35 2.9796766666666672 2.9461633333333341 2.8211077777777782 2.7784577777777781 6.4053952276116819 0.97421666666666684 1.5000000000000002 0.97745000000000004 6.1003935448365691 0.74428722222222232 4.0946916666666677 4.2660583333333344 33.498457628563202 4.3673583333333346 2.5000000000000004 0.13387044270833334 5.5000000000000009 2.1475469529102438 0.70240222222222248 0.00085888888888888896 0.0051176092131718452 4.1787083333333337 0.094941700853062042 0.10427891627175047 0.73840833333333344 0.10001453774685311 0.00071666666666666678
decision_type=2 2 2 2 2 2 2 2 2 2 2 2 2 2 2 2 2 2 2 2 2 2 2 2 2 2 2 2 2 2
left_child=23 2 29 4 5 6 7 8 11 -10 -11 12 21 25 15 -15 -16 -18 -19 20 -17 22 -4 -1 -25 -3 27 -27 -29 -2
right_child=1 13 3 -5 -6 -7 -8 -9 9 10 -12 -13 -14 14 16 19 17 18 -20 -21 -22 -23 -24 24 -26 26 -28 28 -30 -31
leaf_value=-1.6919366676943368e-05 -2.7230112991302138e-05 -2.3590926251942922e-06 8.4903580806816595e-07 -1.0140002615344201e-10 6.3763749835743509e-12 -1.7920042196806207e-08 2.9569022785835844e-10 -9.1840925808917009e-06 1.8404871902077956e-08 9.0179135536772031e-09 -2.8866139025751638e-08 -2.1829361488201471e-07 6.6772403466233151e-05 -1.4469815941922094e-05 -1.4671774550834015e-09 -6.9984198859174284e-07 -9.5806868145587036e-07 8.6613738403684694e-12 -0.0093360093285886434 3.9773961191258422e-09 1.4798921199599136e-10 -3.3402065268512969e-05 2.4274739729444052e-05 -3.6658767378459844e-07 -4.7078246061284407e-08 0.00020041757998221524 -8.4240899161827087e-05 9.8117997086237803e-05 0.00019992256747557993 1.1688693511931712e-06
leaf_weight=31035 68 36810 1284 3850 1247 6503 1261 6495 1393 862 1861 7164 1513 884 8214 719 1128 703 584 723 773 4438 460 67213 14123 2131 277904 763 618 636
leaf_count=31035 68 36810 1284 3850 1247 6503 1261 6495 1393 862 1861 7164 1513 884 8214 719 1128 703 584 723 773 4438 460 67213 14123 2131 277904 763 618 636
internal_value=-1.90735e-09 0.000871205 0.00789548 0.00686421 0.0085146 0.00613251 0.00935214 0.00625049 0.010947 0.0339825 0.0155622 0.00456612 0.0156725 4.52092e-05 0.00760023 0.0302317 0.00100179 0.0185342 0.0383092 0.0438646 0.0306595 0.00202911 0.0197982 -0.00287626 -0.00127432 -0.000280708 0.000122919 0.0152574 0.0380536 0.0640455
internal_weight=483360 370989 39035 38331 34481 33234 26731 25470 18975 4116 2723 14859 7695 331954 13728 3099 10629 2415 1287 2215 1492 6182 1744 112371 81336 318226 281416 3512 1381 704
internal_count=483360 370989 39035 38331 34481 33234 26731 25470 18975 4116 2723 14859 7695 331954 13728 3099 10629 2415 1287 2215 1492 6182 1744 112371 81336 318226 281416 3512 1381 704
is_linear=0
shrinkage=0.08


Tree=233
num_leaves=31
num_cat=0
split_feature=31 7 15 8 33 33 39 15 2 0 2 8 8 13 7 5 2 7 0 2 7 33 6 39 5 2 7 25 8 31
split_gain=164.762 202.512 270.469 116.934 112.355 320.318 225.495 150.092 168.362 249.394 124.539 320.359 107.008 293.996 421.441 522.59 488.506 601.139 445.944 409.102 478.841 106.266 82.5969 72.2193 183.901 92.5138 90.3226 63.8647 55.6566 243.448
threshold=1.0000000180025095e-35 0.00083097222222222242 1.0000000180025095e-35 0.0051176092131718452 4.0946916666666677 4.2660583333333344 33.498457628563202 4.3673583333333346 2.5000000000000004 0.13387044270833334 5.5000000000000009 2.1475469529102438 0.028112341566782838 0.97421666666666684 2.8210648611111115 2.7784577777777781 5.5000000000000009 2.9697776388888895 0.15197753906250003 1.5000000000000002 0.97741888888888906 0.019258333333333339 0.074970135944514238 6.0957939013630549 0.74428722222222232 4.5000000000000009 0.71548055555555556 4.1787083333333337 0.10427891627175047 0.73840833333333344
decision_type=2 2 2 2 2 2 2 2 2 2 2 2 2 2 2 2 2 2 2 2 2 2 2 2 2 2 2 2 2 2
left_child=3 2 -2 -1 12 6 -6 -7 -9 -10 11 -8 13 21 15 18 -16 -18 -15 -20 -21 23 -14 24 25 -3 -27 -5 29 -24
right_child=1 4 -4 27 5 7 10 8 9 -11 -12 -13 22 14 16 -17 17 -19 19 20 -22 -23 28 -25 -26 26 -28 -29 -30 -31
leaf_value=-1.5565817342787897e-05 7.8111294342271546e-07 -2.1703652151787436e-06 1.0753598030977149e-06 -3.3726065988183054e-07 -1.3312230666571168e-05 -1.3498032558345586e-09 -6.4385462948735041e-07 -8.8142318695361159e-07 7.9684525644552198e-12 -0.00858912858230154 3.6592044239114329e-09 1.36150077878483e-10 -3.8888486252028901e-05 -3.9298483421390533e-05 -9.3288008429226471e-11 2.7203501673511711e-10 -1.6486438809693029e-08 5.8662763535721753e-12 1.6932482154174979e-08 8.2964804715146555e-09 -2.6556847902980964e-08 0.00025453732727066277 -0.00029471264330599932 -6.7303151206843382e-07 6.1430611188937337e-05 2.2332760551089239e-05 0.00039425592850997229 -4.3311986376381651e-08 -0.00010859754698936694 0.00017201598798305528
leaf_weight=31035 1162 7197 611 67213 884 8214 719 1128 703 584 723 773 26046 3000 9075 1261 1367 1255 1502 874 1964 267 4562 12273 261 3414 163 14123 279359 1648
leaf_count=31035 1162 7197 611 67213 884 8214 719 1128 703 584 723 773 26046 3000 9075 1261 1367 1255 1502 874 1964 267 4562 12273 261 3414 163 14123 279359 1648
internal_value=-0.000184709 0.000628178 0.0276007 -0.00286843 0.000498655 0.00760023 0.0302317 0.00100179 0.0185342 0.0383092 0.0438646 0.0306595 0.000224411 0.0039235 0.0109812 0.0244241 0.00109635 0.0315118 0.0162507 0.0326452 0.0147766 -0.00215313 -0.000296393 -0.00272799 0.00196828 0.000360867 0.0108762 -0.00127432 9.69554e-05 0.00758776
internal_weight=483360 370989 1773 112371 369216 13728 3099 10629 2415 1287 2215 1492 355488 43873 20298 8601 11697 2622 7340 4340 2838 23575 311615 23308 11035 10774 3577 81336 285569 6210
internal_count=483360 370989 1773 112371 369216 13728 3099 10629 2415 1287 2215 1492 355488 43873 20298 8601 11697 2622 7340 4340 2838 23575 311615 23308 11035 10774 3577 81336 285569 6210
is_linear=0
shrinkage=0.08


Tree=234
num_leaves=31
num_cat=0
split_feature=31 7 15 8 33 33 39 15 2 0 2 8 8 13 0 2 5 2 5 5 5 5 39 25 6 8 21 21 8 8
split_gain=163.242 205.27 292.669 116.934 113.817 320.318 225.495 150.092 168.362 249.394 124.539 320.359 94.1524 344.187 436.137 417.849 470.098 337.037 613.918 257.155 873.384 212.9 86.3403 63.8647 61.5235 124.149 236.4 125.57 53.2021 40.657
threshold=1.0000000180025095e-35 0.001005634920634921 1.0000000180025095e-35 0.0051176092131718452 4.0946916666666677 4.2660583333333344 33.498457628563202 4.3673583333333346 2.5000000000000004 0.13387044270833334 5.5000000000000009 2.1475469529102438 0.00080675118969205718 0.97421666666666684 0.15197753906250003 1.5000000000000002 0.97745000000000004 5.5000000000000009 2.9461633333333341 2.8211077777777782 2.7784577777777781 0.70240222222222248 0.036593920840620013 4.1787083333333337 0.094941700853062042 0.096781237434110753 0.77388333333333337 0.81318333333333348 1.0000000180025095e-35 1.0000000180025095e-35
decision_type=2 2 2 2 2 2 2 2 2 2 2 2 2 2 2 2 2 2 2 2 2 2 2 2 2 2 2 2 2 2
left_child=3 2 22 -1 12 6 -6 -7 -9 -10 11 -8 13 21 17 -16 28 19 29 20 -15 -3 -2 -5 -14 26 -26 -28 -17 -19
right_child=1 4 -4 23 5 7 10 8 9 -11 -12 -13 24 14 15 16 -18 18 -20 -21 -22 -23 -24 -25 25 -27 27 -29 -30 -31
leaf_value=-1.4320551955364865e-05 7.1862390794888431e-07 2.0546139707002809e-05 9.8933101884989006e-07 -3.1027980709128409e-07 -1.2247252213271054e-05 -1.2418190209473323e-09 -5.923462591539419e-07 -8.1090933200300698e-07 7.3309536219312577e-12 -0.0079019982957174405 3.3664680643141765e-09 1.2525809722774285e-10 -3.7657561984680291e-06 -3.6154604747693498e-05 1.5577883578643538e-08 7.6327620313065841e-09 -2.4432300067545044e-08 -1.5167523699233243e-08 5.3969628766026294e-12 -8.5824964912717411e-11 2.5027222960716243e-10 -6.1918899110224854e-07 1.486596440353899e-07 -3.9847027466271115e-08 -0.00025021304398537225 -4.2029708240823573e-05 7.650727828068859e-05 0.00025085347923775868 -2.4303269184677846e-07 1.0294140743773994e-05
leaf_weight=31035 1797 298 646 67213 884 8214 719 1128 703 584 723 773 36495 2971 1385 801 1802 1334 1247 8996 1261 16520 190 14123 1583 278882 671 280 60 42
leaf_count=31035 1797 298 646 67213 884 8214 719 1128 703 584 723 773 36495 2971 1385 801 1802 1334 1247 8996 1261 16520 190 14123 1583 278882 671 280 60 42
internal_value=-0.000197122 0.000612005 0.0228697 -0.00286843 0.000452908 0.00760023 0.0302317 0.00100179 0.0185342 0.0383092 0.0438646 0.0306595 0.000176228 0.00401187 0.0111326 0.0345692 0.016033 0.00514743 0.0313443 -4.71746e-05 0.0162155 -0.00441337 0.0076618 -0.00127432 -0.000266768 0.000134006 0.0177616 0.0492871 0.0646597 -0.0055
internal_weight=483360 370989 2633 112371 368356 13728 3099 10629 2415 1287 2215 1492 354628 36717 19899 4048 2663 15851 2623 13228 4232 16818 1987 81336 317911 281416 2534 951 861 1376
internal_count=483360 370989 2633 112371 368356 13728 3099 10629 2415 1287 2215 1492 354628 36717 19899 4048 2663 15851 2623 13228 4232 16818 1987 81336 317911 281416 2534 951 861 1376
is_linear=0
shrinkage=0.08


Tree=235
num_leaves=31
num_cat=0
split_feature=31 7 15 33 33 39 15 2 0 2 8 8 8 13 0 2 5 2 5 5 5 5 39 7 0 25 6 8 31 6
split_gain=148.781 205.632 292.669 114.448 320.318 225.495 150.092 168.362 249.394 124.539 320.359 101.286 95.1629 344.187 436.137 417.849 470.098 337.037 613.918 257.155 873.384 212.9 86.3403 66.4284 64.9531 61.3403 59.8379 83.8191 117.711 95.9868
threshold=1.0000000180025095e-35 0.001005634920634921 1.0000000180025095e-35 4.0946916666666677 4.2660583333333344 33.498457628563202 4.3673583333333346 2.5000000000000004 0.13387044270833334 5.5000000000000009 2.1475469529102438 0.0042210448158676609 0.00080675118969205718 0.97421666666666684 0.15197753906250003 1.5000000000000002 0.97745000000000004 5.5000000000000009 2.9461633333333341 2.8211077777777782 2.7784577777777781 0.70240222222222248 0.036593920840620013 0.0012319444444444446 0.22021484375000003 4.1787083333333337 0.094941700853062042 0.10427891627175047 0.73840833333333344 0.10001453774685311
decision_type=2 2 2 2 2 2 2 2 2 2 2 2 2 2 2 2 2 2 2 2 2 2 2 2 2 2 2 2 2 2
left_child=11 2 22 12 5 -5 -6 -8 -9 10 -7 24 13 21 17 -16 -17 19 -19 20 -15 -3 -2 -13 -1 -25 -14 28 -28 -30
right_child=1 3 -4 4 6 9 7 8 -10 -11 -12 23 26 14 15 16 -18 18 -20 -21 -22 -23 -24 25 -26 -27 27 -29 29 -31
leaf_value=-1.3174907798935676e-05 6.6113399531296521e-07 1.8902448530440097e-05 9.1018453734189109e-07 -1.126747203620937e-05 -1.1424734935872039e-09 -5.4495855842162652e-07 -7.4603658546834599e-07 6.7444716478348713e-12 -0.0072698384320600828 3.0971506248533843e-09 1.1523745513386529e-10 1.5311120997335601e-05 -3.4644957025906089e-06 -3.3262236367868069e-05 1.4331652895549496e-08 7.0221410730653137e-09 -2.247771606178617e-08 -1.3954121804715669e-08 4.9652015832180038e-12 -7.8958954929930773e-11 2.3025044981750397e-10 -5.6965387181584507e-07 1.3676687251253094e-07 -2.8545742252398134e-07 0.058540261255390622 -3.6659265268969422e-08 0.00019697929732796922 -6.5451446810449459e-05 7.0386696018234218e-05 0.00017222124262919231
leaf_weight=29701 1797 298 646 884 8214 719 1128 703 584 723 773 115 36495 2971 1385 861 1802 1376 1247 8996 1261 16520 190 68147 285 14123 2131 277904 763 618
leaf_count=29701 1797 298 646 884 8214 719 1128 703 584 723 773 115 36495 2971 1385 861 1802 1376 1247 8996 1261 16520 190 68147 285 14123 2131 277904 763 618
internal_value=-0.000180075 0.000592382 0.0228697 0.000433144 0.00760023 0.0302317 0.00100179 0.0185342 0.0383092 0.0438646 0.0306595 -0.00273031 0.000155699 0.00401187 0.0111326 0.0345692 0.016033 0.00514743 0.0313443 -4.71746e-05 0.0162155 -0.00441337 0.0076618 -0.0012813 -0.0067114 -0.00136624 -0.000289668 0.000105578 0.0123872 0.0305807
internal_weight=483360 370989 2633 368356 13728 3099 10629 2415 1287 2215 1492 112371 354628 36717 19899 4048 2663 15851 2623 13228 4232 16818 1987 82385 29986 82270 317911 281416 3512 1381
internal_count=483360 370989 2633 368356 13728 3099 10629 2415 1287 2215 1492 112371 354628 36717 19899 4048 2663 15851 2623 13228 4232 16818 1987 82385 29986 82270 317911 281416 3512 1381
is_linear=0
shrinkage=0.08


Tree=236
num_leaves=31
num_cat=0
split_feature=31 7 15 33 33 39 15 2 0 2 8 8 8 13 0 2 5 2 5 5 5 5 39 25 6 8 8 27 29 6
split_gain=155.935 206.054 292.669 115.371 320.153 225.495 150.53 168.856 248.429 124.539 320.359 111.668 96.358 344.187 436.137 417.849 470.098 337.037 613.918 257.155 873.384 212.9 86.3403 63.8647 58.7853 53.2021 50.9838 96.4238 85.0193 70.8749
threshold=1.0000000180025095e-35 0.001005634920634921 1.0000000180025095e-35 4.0946916666666677 4.2660583333333344 33.498457628563202 4.3673583333333346 2.5000000000000004 0.13387044270833334 5.5000000000000009 2.1475469529102438 0.0051176092131718452 0.00080675118969205718 0.97421666666666684 0.15197753906250003 1.5000000000000002 0.97745000000000004 5.5000000000000009 2.9461633333333341 2.8211077777777782 2.7784577777777781 0.70240222222222248 0.036593920840620013 4.1787083333333337 0.094941700853062042 1.0000000180025095e-35 0.10427891627175047 0.73840833333333344 0.70242500000000019 0.10001453774685311
decision_type=2 2 2 2 2 2 2 2 2 2 2 2 2 2 2 2 2 2 2 2 2 2 2 2 2 2 2 2 2 2
left_child=11 2 22 12 5 -5 -6 -8 -9 10 -7 -1 13 21 17 -16 25 19 -19 20 -15 -3 -2 -13 -14 -17 27 -26 29 -29
right_child=1 3 -4 4 6 9 7 8 -10 -11 -12 23 24 14 15 16 -18 18 -20 -21 -22 -23 -24 -25 26 -27 -28 28 -30 -31
leaf_value=-1.2120915175020823e-05 6.0824327568792524e-07 1.7390252648006311e-05 8.3736977435454678e-07 -1.0366074273306935e-05 -1.0510755998893728e-09 -5.0136187375926514e-07 -6.8635365863656266e-07 6.2048854942986508e-12 -0.0066882513574952531 2.8493785464434041e-09 1.060184473544723e-10 -2.6262082872206286e-07 -3.1873360463833405e-06 -3.0601257458435783e-05 1.3185120666392437e-08 6.460369785799003e-09 -2.0679498780040717e-08 -1.283779205607516e-08 4.56797266679132e-12 -7.2642230009023483e-11 2.1183041098993271e-10 -5.2408156206773523e-07 1.2582552271149517e-07 -3.3726524047451873e-08 -4.3091294478614373e-06 -2.2415184778523666e-07 -6.0215331065620602e-05 6.4755760336776544e-05 0.00072585801621938045 0.00014749819483615313
leaf_weight=31035 1797 298 646 884 8214 719 1128 703 584 723 773 67213 36495 2971 1385 801 1802 1376 1247 8996 1261 16520 190 14123 2131 60 277904 483 620 278
leaf_count=31035 1797 298 646 884 8214 719 1128 703 584 723 773 67213 36495 2971 1385 801 1802 1376 1247 8996 1261 16520 190 14123 2131 60 277904 483 620 278
internal_value=-0.000221286 0.000569524 0.0228697 0.000410123 0.00760606 0.0302317 0.00100931 0.0185673 0.0383714 0.0438646 0.0306595 -0.00283212 0.000131561 0.00401187 0.0111326 0.0345692 0.016033 0.00514743 0.0313443 -4.71746e-05 0.0162155 -0.00441337 0.0076618 -0.00127432 -0.000316594 0.0646597 7.51608e-05 0.00965376 0.0261202 0.0440368
internal_weight=483360 370989 2633 368356 13728 3099 10629 2415 1287 2215 1492 112371 354628 36717 19899 4048 2663 15851 2623 13228 4232 16818 1987 81336 317911 861 281416 3512 1381 761
internal_count=483360 370989 2633 368356 13728 3099 10629 2415 1287 2215 1492 112371 354628 36717 19899 4048 2663 15851 2623 13228 4232 16818 1987 81336 317911 861 281416 3512 1381 761
is_linear=0
shrinkage=0.08


Tree=237
num_leaves=31
num_cat=0
split_feature=31 7 15 33 33 39 15 2 0 2 8 8 8 13 0 2 5 2 5 5 5 5 39 7 25 6 8 8 27 19
split_gain=152.679 206.122 292.669 115.489 320.153 225.495 150.53 168.856 248.429 124.539 320.359 111.274 96.5486 344.187 436.137 417.849 470.098 337.037 613.918 257.155 873.384 212.9 86.3403 66.4284 61.3403 58.4487 53.2021 45.8431 87.5799 79.7934
threshold=1.0000000180025095e-35 0.001005634920634921 1.0000000180025095e-35 4.0946916666666677 4.2660583333333344 33.498457628563202 4.3673583333333346 2.5000000000000004 0.13387044270833334 5.5000000000000009 2.1475469529102438 0.0042210448158676609 0.00080675118969205718 0.97421666666666684 0.15197753906250003 1.5000000000000002 0.97745000000000004 5.5000000000000009 2.9461633333333341 2.8211077777777782 2.7784577777777781 0.70240222222222248 0.036593920840620013 0.0012319444444444446 4.1787083333333337 0.094941700853062042 1.0000000180025095e-35 0.10427891627175047 0.73840833333333344 0.59362500000000018
decision_type=2 2 2 2 2 2 2 2 2 2 2 2 2 2 2 2 2 2 2 2 2 2 2 2 2 2 2 2 2 2
left_child=11 2 22 12 5 -5 -6 -8 -9 10 -7 -1 13 21 17 -16 26 19 -19 20 -15 -3 -2 -13 -25 -14 -17 28 -27 -30
right_child=1 3 -4 4 6 9 7 8 -10 -11 -12 23 25 14 15 16 -18 18 -20 -21 -22 -23 -24 24 -26 27 -28 -29 29 -31
leaf_value=-1.1151241961019157e-05 5.5958381363289958e-07 1.599903243616474e-05 7.7038019240617538e-07 -9.5367883314168012e-06 -9.6698954621388106e-10 -4.6125292385568173e-07 -6.31445365968375e-07 5.7085003390966447e-12 -0.0061531912488956295 2.6214282655701025e-09 9.7536982934798293e-11 1.4107240983846517e-05 -2.9323491626726679e-06 -2.8153156861776552e-05 1.2130311013436313e-08 5.9435402022245401e-09 -1.902513887763746e-08 -1.1810768683062633e-08 4.2025405377899008e-12 -6.6830843081788768e-11 1.9488396674205432e-10 -4.8215503710480335e-07 1.1575948089460886e-07 -2.4161116242429779e-07 -3.102840212365572e-08 -3.9643990920357196e-06 -2.0621969996525992e-07 -5.5398104580373089e-05 5.9575299509830868e-05 0.00058865023821104846
leaf_weight=29986 1797 298 646 884 8214 719 1128 703 584 723 773 115 36495 2971 1385 801 1802 1376 1247 8996 1261 16520 190 68147 14123 2131 60 277904 630 751
leaf_count=29986 1797 298 646 884 8214 719 1128 703 584 723 773 115 36495 2971 1385 801 1802 1376 1247 8996 1261 16520 190 68147 14123 2131 60 277904 630 751
internal_value=-0.000216652 0.000565859 0.0228697 0.000406431 0.00760606 0.0302317 0.00100931 0.0185673 0.0383714 0.0438646 0.0306595 -0.00280008 0.000127726 0.00401187 0.0111326 0.0345692 0.016033 0.00514743 0.0313443 -4.71746e-05 0.0162155 -0.00441337 0.0076618 -0.0012813 -0.00136624 -0.000320872 0.0646597 6.97596e-05 0.00915262 0.0248458
internal_weight=483360 370989 2633 368356 13728 3099 10629 2415 1287 2215 1492 112371 354628 36717 19899 4048 2663 15851 2623 13228 4232 16818 1987 82385 82270 317911 861 281416 3512 1381
internal_count=483360 370989 2633 368356 13728 3099 10629 2415 1287 2215 1492 112371 354628 36717 19899 4048 2663 15851 2623 13228 4232 16818 1987 82385 82270 317911 861 281416 3512 1381
is_linear=0
shrinkage=0.08


Tree=238
num_leaves=31
num_cat=0
split_feature=31 8 21 13 13 2 5 5 5 2 39 5 33 33 39 15 2 0 39 5 2 8 8 0 5 5 25 6 33 8
split_gain=177.49 294.219 358.805 148.5 431.125 291.108 613.918 363.189 735.065 420.726 229.226 688.219 129.013 320.153 225.495 150.53 168.856 248.429 128.825 325.822 124.539 320.359 111.279 99.9618 78.2713 222.236 63.6081 58.0162 54.9424 52.2269
threshold=1.0000000180025095e-35 0.0020238784942379303 1.0000000180025095e-35 0.97421666666666684 0.9848083333333334 5.5000000000000009 2.9461633333333341 2.8211077777777782 2.7784577777777781 1.0000000180025095e-35 6.1534803702613727 0.94773722222222212 4.0946916666666677 4.2660583333333344 33.498457628563202 4.3673583333333346 2.5000000000000004 0.13387044270833334 6.3483714227597163 0.97745000000000004 5.5000000000000009 2.1475469529102438 0.0051176092131718452 0.15197753906250003 0.70240222222222248 0.00099666666666666675 4.1787083333333337 0.094941700853062042 0.0012666666666666805 1.0000000180025095e-35
decision_type=2 2 2 2 2 2 2 2 2 2 2 2 2 2 2 2 2 2 2 2 2 2 2 2 2 2 2 2 2 2
left_child=22 2 28 10 18 7 -7 8 9 23 11 24 27 14 -14 -15 -17 -18 19 29 21 -16 -1 -6 25 -4 -24 -3 -2 -5
right_child=1 12 3 4 5 6 -8 -9 -10 -11 -12 -13 13 15 20 16 17 -19 -20 -21 -22 -23 26 -25 -26 -27 -28 -29 -30 -31
leaf_value=-1.0259142604137623e-05 -2.5317999786878396e-05 -2.6977612296588681e-06 5.1481710854228705e-07 5.468056984980763e-09 -0.0036155609571770953 -1.0865907178470025e-08 3.8663472423650091e-12 -6.1484364266561902e-11 1.792932380340062e-10 -1.7503127764939565e-08 -2.4440664441716108e-06 2.8618752239140122e-08 -8.7738452648977724e-06 -8.8963041378065104e-10 -4.2435268994722718e-07 -5.8092973667100976e-07 5.2518345228236285e-12 -0.0056609359489840109 8.7315053676206845e-09 -7.4568421980458765e-06 2.4117139929558107e-09 8.97340157735016e-11 -2.2228226943035396e-07 1.1159886135203578e-08 -5.0984654659647078e-06 1.4719109841268008e-05 -2.8546129953763265e-08 2.6517198219480066e-05 7.0874977701368067e-07 -1.8972212396661804e-07
leaf_weight=31035 70 36410 1665 801 129 1376 1247 8996 1261 3910 9641 1042 884 8214 719 1128 703 584 733 793 723 773 67213 662 5951 461 14123 281416 636 61
leaf_count=31035 70 36410 1665 801 129 1376 1247 8996 1261 3910 9641 1042 884 8214 719 1128 703 584 733 793 723 773 67213 662 5951 461 14123 281416 636 61
internal_value=-5.3792e-05 0.000789908 0.00732243 0.00629213 0.0110936 0.00676139 0.0313443 0.00245059 0.0177632 0.00321463 0.00118123 0.0102739 1.29311e-05 0.00760606 0.0302317 0.00100931 0.0185673 0.0383714 0.0429883 0.0306224 0.0438646 0.0306595 -0.00283924 0.0564248 0.00238009 0.015556 -0.00128416 -0.000315042 0.0638414 0.0646682
internal_weight=483360 370989 39435 38729 19969 17581 2623 14958 5962 4701 18760 9119 331554 13728 3099 10629 2415 1287 2388 1655 2215 1492 112371 791 8077 2126 81336 317826 706 862
internal_count=483360 370989 39435 38729 19969 17581 2623 14958 5962 4701 18760 9119 331554 13728 3099 10629 2415 1287 2388 1655 2215 1492 112371 791 8077 2126 81336 317826 706 862
is_linear=0
shrinkage=0.08


Tree=239
num_leaves=31
num_cat=0
split_feature=31 8 21 13 13 2 5 5 5 2 39 5 39 5 33 33 39 15 2 0 2 8 8 0 2 8 25 6 7 8
split_gain=170.876 283.395 360.917 158.118 431.013 291.198 613.918 362.893 735.344 420.975 216.742 699.053 129.701 325.822 129.455 320.153 225.495 150.53 168.856 248.429 124.539 320.359 110.895 99.9618 81.4822 120.303 63.2602 59.7547 53.3219 52.2269
threshold=1.0000000180025095e-35 0.0016754309555670891 1.0000000180025095e-35 0.97421666666666684 0.9848083333333334 5.5000000000000009 2.9461633333333341 2.8211077777777782 2.7784577777777781 1.0000000180025095e-35 6.1534803702613727 0.94773722222222212 6.3483714227597163 0.97745000000000004 4.0946916666666677 4.2660583333333344 33.498457628563202 4.3673583333333346 2.5000000000000004 0.13387044270833334 5.5000000000000009 2.1475469529102438 0.0042210448158676609 0.15197753906250003 5.5000000000000009 1.0000000180025095e-35 4.1787083333333337 0.094941700853062042 0.00071666666666666678 1.0000000180025095e-35
decision_type=2 2 2 2 2 2 2 2 2 2 2 2 2 2 2 2 2 2 2 2 2 2 2 2 2 2 2 2 2 2
left_child=22 2 28 10 12 7 -7 8 9 23 11 24 13 29 27 16 -16 -17 -19 -20 21 -18 -1 -6 -4 -26 -24 -3 -2 -5
right_child=1 14 3 4 5 6 -8 -9 -10 -11 -12 -13 -14 -15 15 17 20 18 19 -21 -22 -23 26 -25 25 -27 -28 -29 -30 -31
leaf_value=-9.4384111958066136e-06 -2.3292559803928127e-05 -2.2618141747045989e-06 -1.9367166934780577e-06 5.0306124244059452e-09 -0.003326316080602929 -9.9966345956659105e-09 3.5570479894886376e-12 -5.6565632178262602e-11 1.6494979604431136e-10 -1.6102877546941842e-08 -2.2485411286421453e-06 2.6329252058587828e-08 8.0329849350135875e-09 -6.8602948222018516e-06 -8.0719376437343734e-06 -8.184599664673442e-10 -3.9040447475713335e-07 -5.3445535776575069e-07 4.8316906031686813e-12 -0.0052080610730652508 2.2187768422554656e-09 8.2555260405570158e-11 -2.0449968787592565e-07 1.0267095245097835e-08 1.354158105396408e-05 -1.4174370293951831e-05 -2.6262439557462206e-08 2.4395822361924501e-05 6.520497948525779e-07 -1.7454435404573588e-07
leaf_weight=29986 68 37185 6715 801 129 1376 1247 8996 1261 3909 9606 1042 729 793 884 8214 719 1128 703 584 723 773 68262 662 272 358 14123 281416 635 61
leaf_count=29986 68 37185 6715 801 129 1376 1247 8996 1261 3909 9606 1042 729 793 884 8214 719 1128 703 584 723 773 68262 662 272 358 14123 281416 635 61
internal_value=-7.41495e-05 0.000753681 0.00723642 0.00618447 0.0110864 0.00675768 0.0313443 0.00244594 0.0177541 0.0032 0.000745621 0.0101424 0.0430067 0.0306224 -4.59285e-07 0.00760606 0.0302317 0.00100931 0.0185673 0.0383714 0.0438646 0.0306595 -0.0028072 0.0564248 0.00144316 0.0289524 -0.00129101 -0.000328212 0.0640341 0.0646682
internal_weight=483360 370989 38660 37957 19964 17580 2623 14957 5961 4700 17993 8387 2384 1655 332329 13728 3099 10629 2415 1287 2215 1492 112371 791 7345 630 82385 318601 703 862
internal_count=483360 370989 38660 37957 19964 17580 2623 14957 5961 4700 17993 8387 2384 1655 332329 13728 3099 10629 2415 1287 2215 1492 112371 791 7345 630 82385 318601 703 862
is_linear=0
shrinkage=0.08


Tree=240
num_leaves=31
num_cat=0
split_feature=31 8 21 13 13 2 5 5 5 2 39 5 33 33 39 15 2 0 39 5 2 8 8 0 2 8 25 6 7 8
split_gain=169.059 285.056 360.917 158.118 431.013 291.198 613.918 362.893 735.344 420.975 216.742 699.053 130.177 320.153 225.495 150.53 168.856 248.429 129.701 325.822 124.539 320.359 110.895 99.9618 81.4822 120.303 63.2602 58.7901 53.3219 52.2269
threshold=1.0000000180025095e-35 0.0016754309555670891 1.0000000180025095e-35 0.97421666666666684 0.9848083333333334 5.5000000000000009 2.9461633333333341 2.8211077777777782 2.7784577777777781 1.0000000180025095e-35 6.1534803702613727 0.94773722222222212 4.0946916666666677 4.2660583333333344 33.498457628563202 4.3673583333333346 2.5000000000000004 0.13387044270833334 6.3483714227597163 0.97745000000000004 5.5000000000000009 2.1475469529102438 0.0042210448158676609 0.15197753906250003 5.5000000000000009 1.0000000180025095e-35 4.1787083333333337 0.082163918624963153 0.00071666666666666678 1.0000000180025095e-35
decision_type=2 2 2 2 2 2 2 2 2 2 2 2 2 2 2 2 2 2 2 2 2 2 2 2 2 2 2 2 2 2
left_child=22 2 28 10 18 7 -7 8 9 23 11 24 27 14 -14 -15 -17 -18 19 29 21 -16 -1 -6 -4 -26 -24 -3 -2 -5
right_child=1 12 3 4 5 6 -8 -9 -10 -11 -12 -13 13 15 20 16 17 -19 -20 -21 -22 -23 26 -25 25 -27 -28 -29 -30 -31
leaf_value=-8.6833383001420838e-06 -2.142915501961388e-05 -2.0808690407281978e-06 -1.7817793579998076e-06 4.6281634347167258e-09 -0.0030602107941546919 -9.1969038251704661e-09 3.2724756238167174e-12 -5.2040398657027253e-11 1.5175380951859552e-10 -1.4814647339989051e-08 -2.068657838352195e-06 2.4222911889637546e-08 -7.4261826322441495e-06 -7.5298316914995671e-10 -3.5917211675950967e-07 -4.9169892911038461e-07 4.4451553549151869e-12 -0.0047914161872200716 7.3903461395019579e-09 -6.3114712364242821e-06 2.0412746692954897e-09 7.5950836730953604e-11 -1.8813971284585158e-07 9.4457276222925654e-09 1.245825456964944e-05 -1.3040420670435686e-05 -2.416144439286523e-08 9.7351750165675099e-06 5.9988581126437302e-07 -1.6058080571923485e-07
leaf_weight=29986 68 34499 6715 801 129 1376 1247 8996 1261 3909 9606 1042 884 8214 719 1128 703 584 729 793 723 773 68262 662 272 358 14123 284102 635 61
leaf_count=29986 68 34499 6715 801 129 1376 1247 8996 1261 3909 9606 1042 884 8214 719 1128 703 584 729 793 723 773 68262 662 272 358 14123 284102 635 61
internal_value=-8.87143e-05 0.000734705 0.00723642 0.00618447 0.0110864 0.00675768 0.0313443 0.00244594 0.0177541 0.0032 0.000745621 0.0101424 -2.16431e-05 0.00760606 0.0302317 0.00100931 0.0185673 0.0383714 0.0430067 0.0306224 0.0438646 0.0306595 -0.0028072 0.0564248 0.00144316 0.0289524 -0.00129101 -0.000350308 0.0640341 0.0646682
internal_weight=483360 370989 38660 37957 19964 17580 2623 14957 5961 4700 17993 8387 332329 13728 3099 10629 2415 1287 2384 1655 2215 1492 112371 791 7345 630 82385 318601 703 862
internal_count=483360 370989 38660 37957 19964 17580 2623 14957 5961 4700 17993 8387 332329 13728 3099 10629 2415 1287 2384 1655 2215 1492 112371 791 7345 630 82385 318601 703 862
is_linear=0
shrinkage=0.08


Tree=241
num_leaves=31
num_cat=0
split_feature=8 7 5 33 5 5 5 5 2 5 2 0 6 33 33 39 15 2 0 2 8 8 0 7 5 4 4 8 8 2
split_gain=222.301 385.992 606.415 437.326 267.758 783.081 266.608 628.413 488.065 609.307 336.162 674.273 116.559 78.6203 359.034 232.475 148.371 154.457 274.383 125.227 319.101 55.4483 50.6651 80.9916 65.295 41.5289 41.5133 40.6382 37.5329 29.1786
threshold=0.00080675118969205718 0.95264083333333349 0.95289944444444452 0.0012666666666666805 0.97198388888888909 0.97745000000000004 2.8211077777777782 2.7784577777777781 5.5000000000000009 2.9461633333333341 1.5000000000000002 0.15197753906250003 0.094941700853062042 4.0946916666666677 4.2660583333333344 33.498457628563202 4.3673583333333346 2.5000000000000004 0.13387044270833334 5.5000000000000009 2.1475469529102438 1.0000000180025095e-35 0.20662434895833337 0.0012319444444444446 0.00024833333333321492 28.500000000000004 6.5000000000000009 1.0000000180025095e-35 2.1631606750402033 4.5000000000000009
decision_type=2 2 2 2 2 2 2 2 2 2 2 2 2 2 2 2 2 2 2 2 2 2 2 2 2 2 2 2 2 2
left_child=1 3 -3 -1 -4 21 7 10 -8 27 11 -7 22 -14 15 -15 -16 -18 -19 20 -17 -6 -2 24 -24 26 -25 -10 -22 -5
right_child=12 2 4 29 5 6 8 -9 9 -11 -12 -13 13 14 16 19 17 18 -20 -21 28 -23 23 25 -26 -27 -28 -29 -30 -31
leaf_value=-4.3931085445780839e-06 -3.9002323189398644e-06 2.2285078937755998e-08 -1.9031652112833088e-06 5.5189494636322112e-07 9.7318598752949011e-08 -0.0054865406791374128 -4.7877151132524891e-11 1.3961351186253523e-10 -8.4611515305255131e-09 3.0106761528259087e-12 -1.3629475557053183e-08 8.6900694107328035e-09 -2.222852884143601e-08 -6.8320880216532486e-06 -6.9274449288059256e-10 -3.3043834740453804e-07 -4.5236301481565989e-07 4.0895287156672571e-12 0.0047990252419241528 1.8779726929096798e-09 6.9874772634648252e-11 -1.4773434125814333e-07 1.3027855438750964e-05 -0.015866886375771314 0.07886651955795905 -0.012373901953552688 0.11068996383536446 9.4761024545420024e-06 0.0038768571529907 -8.9631951331606491e-05
leaf_weight=20629 62113 1042 4901 520 1514 1438 8996 1261 1315 1247 3354 1385 347822 949 12227 721 1203 707 716 723 727 60 187 1211 230 3789 2245 42 53 33
leaf_count=20629 62113 1042 4901 520 1514 1438 8996 1261 1315 1247 3354 1385 347822 949 12227 721 1203 707 716 723 727 60 187 1211 230 3789 2245 42 53 33
internal_value=3.47548e-05 0.00521742 0.0116423 -0.00283713 0.00919907 0.0131954 0.00871184 0.0205346 0.00113103 0.0316313 0.0100282 0.0303705 -0.000533179 3.83091e-05 0.00518983 0.0296174 -2.85483e-05 0.0172247 0.0350639 0.0437626 0.0305876 0.0674257 -0.00352963 0.00260819 0.0368921 0.000634919 0.00697685 -0.005465 0.0660513 0.0673707
internal_weight=483360 47737 26555 21182 25513 20612 19038 7438 11600 2604 6177 2823 435623 365848 18026 3173 14853 2626 1423 2224 1501 1574 69775 7662 417 7245 3456 1357 780 553
internal_count=483360 47737 26555 21182 25513 20612 19038 7438 11600 2604 6177 2823 435623 365848 18026 3173 14853 2626 1423 2224 1501 1574 69775 7662 417 7245 3456 1357 780 553
is_linear=0
shrinkage=0.08


Tree=242
num_leaves=31
num_cat=0
split_feature=31 8 21 6 7 5 2 2 0 5 5 2 0 5 8 7 7 33 33 39 15 2 0 2 8 6 2 25 33 6
split_gain=144.845 308.609 355.768 249.598 186.617 656.283 247.977 648.798 335.227 776.171 267.229 851.394 189.67 353.588 133.167 313.04 263.155 129.356 320.153 225.495 150.53 168.856 248.429 124.539 320.359 109.959 67.4306 59.0062 58.7092 56.3007
threshold=1.0000000180025095e-35 0.0024000847324288873 1.0000000180025095e-35 0.0023673316338769729 0.95264083333333349 0.95289944444444452 2.5000000000000004 1.5000000000000002 0.15197753906250003 0.97745000000000004 2.9461633333333341 5.5000000000000009 0.13842773437500003 0.97745000000000004 0.0051176092131718452 0.0065941666666666657 0.0041731944444444455 4.0946916666666677 4.2660583333333344 33.498457628563202 4.3673583333333346 2.5000000000000004 0.13387044270833334 5.5000000000000009 2.1475469529102438 0.0023910945629475647 3.5000000000000004 4.1787083333333337 0.0012666666666666805 0.094941700853062042
decision_type=2 2 2 2 2 2 2 2 2 2 2 2 2 2 2 2 2 2 2 2 2 2 2 2 2 2 2 2 2 2
left_child=14 2 28 4 -4 -6 7 8 -7 -10 -8 -12 -9 -14 -1 16 -16 29 19 -19 -20 -22 -23 24 -21 -5 -27 -17 -2 -3
right_child=1 17 3 25 5 6 10 12 9 -11 11 -13 13 -15 15 27 -18 18 20 23 21 22 -24 -25 -26 26 -28 -29 -30 -31
leaf_value=-7.6766526506155267e-06 -2.8814824348950007e-06 -8.0927886609760689e-06 -4.1159682212861535e-07 2.4973272693615266e-07 2.0502272626288231e-08 -4.4046970515410069e-11 -7.7842594237154125e-09 1.2844441954484864e-10 -1.4972993425681481e-05 7.9948638553872803e-09 -3.7978721795894901e-06 2.7698376925400225e-12 8.9533110854134181e-08 -5.8054631794668415e-06 3.8067113286070473e-05 -4.9742516112587508e-05 0.00087766203733906909 -6.2855209799295155e-06 -6.373249306079742e-10 -3.0400327958091114e-07 -4.1617397364746014e-07 3.7623948401233064e-12 -0.0047920249115963849 1.7277348973721019e-09 6.4284790823876397e-11 1.7005660875878959e-05 -1.6023809319547917e-06 -2.0450246534121126e-08 8.6391353187841717e-07 2.1667120853940958e-05
leaf_weight=31035 85 33959 13465 548 1042 5289 10279 1261 2012 1393 2690 1247 720 804 899 65516 798 884 8214 719 1128 703 584 723 773 114 299 14123 638 281416
leaf_count=31035 85 33959 13465 548 1042 5289 10279 1261 2012 1393 2690 1247 720 804 899 65516 798 884 8214 719 1128 703 584 723 773 114 299 14123 638 281416
internal_value=6.50428e-05 0.000827214 0.00729485 0.00631771 0.00535456 0.00922257 0.00669858 0.0154445 0.00468001 0.0242584 -0.000363536 0.0173594 0.0490485 0.0300577 -0.00245124 -0.000750076 0.0332493 4.05761e-06 0.00760606 0.0302317 0.00100931 0.0185673 0.0383714 0.0438646 0.0306595 0.0466098 0.0154383 -0.00147456 0.0629267 -0.000326851
internal_weight=483360 370989 41886 41163 40202 26737 25695 11479 8694 3405 14216 3937 2785 1524 112371 81336 1697 329103 13728 3099 10629 2415 1287 2215 1492 961 413 79639 723 315375
internal_count=483360 370989 41886 41163 40202 26737 25695 11479 8694 3405 14216 3937 2785 1524 112371 81336 1697 329103 13728 3099 10629 2415 1287 2215 1492 961 413 79639 723 315375
is_linear=0
shrinkage=0.08


Tree=243
num_leaves=31
num_cat=0
split_feature=31 8 21 6 7 5 2 2 0 5 5 2 0 5 33 33 39 15 2 0 2 8 6 8 2 25 33 6 2 8
split_gain=183.779 309.925 355.573 249.406 187.391 655.778 249.729 655.536 335.227 776.171 267.229 851.394 185.891 346.333 129.365 320.153 225.495 150.53 168.856 248.429 124.539 320.359 109.959 109.643 67.4306 62.663 58.7092 56.2053 41.6642 179.577
threshold=1.0000000180025095e-35 0.0024000847324288873 1.0000000180025095e-35 0.0023673316338769729 0.95264083333333349 0.95289944444444452 2.5000000000000004 1.5000000000000002 0.15197753906250003 0.97745000000000004 2.9461633333333341 5.5000000000000009 0.13842773437500003 0.97745000000000004 4.0946916666666677 4.2660583333333344 33.498457628563202 4.3673583333333346 2.5000000000000004 0.13387044270833334 5.5000000000000009 2.1475469529102438 0.0023910945629475647 0.0051176092131718452 3.5000000000000004 4.1787083333333337 0.0012666666666666805 0.094941700853062042 5.5000000000000009 1.0000000180025095e-35
decision_type=2 2 2 2 2 2 2 2 2 2 2 2 2 2 2 2 2 2 2 2 2 2 2 2 2 2 2 2 2 2
left_child=23 2 26 4 28 -6 7 8 -7 -10 -8 -12 -9 -14 27 16 -16 -17 -19 -20 21 -18 -5 -1 -24 -25 -2 -3 -4 -30
right_child=1 14 3 22 5 6 10 12 9 -11 11 -13 13 -15 15 17 20 18 19 -21 -22 -23 24 25 -26 -27 -28 -29 29 -31
leaf_value=-7.0625204385662851e-06 -2.6509638401034052e-06 -7.4453655680972728e-06 -9.5555703516540807e-07 2.2975410878124657e-07 1.8862090813698273e-08 -4.0523211453091791e-11 -7.161518666976008e-09 1.1816887024451717e-10 -1.3775153951627318e-05 7.3552747448246695e-09 -3.4940424052365415e-06 2.5482549403932352e-12 8.2370461989000891e-08 -5.3410261251052303e-06 -5.7826793015181012e-06 -5.8633894184367815e-10 -2.7968301722580693e-07 -3.8288005576703199e-07 3.4614089372553283e-12 -0.004408662918668667 1.5895160743184533e-09 5.9142024610991939e-11 1.5645208005808653e-05 -2.9150709584906252e-05 -1.4741904573983833e-06 -1.8814226811391437e-08 7.948004493281424e-07 1.9933751185625683e-05 1.1845970633421744e-05 -1.1938364193992551e-06
leaf_weight=31035 85 33959 12275 548 1042 5289 10279 1261 2012 1393 2690 1247 720 804 884 8214 719 1128 703 584 723 773 114 67213 299 14123 638 281416 272 918
leaf_count=31035 85 33959 12275 548 1042 5289 10279 1261 2012 1393 2690 1247 720 804 884 8214 719 1128 703 584 723 773 114 67213 299 14123 638 281416 272 918
internal_value=-2.97934e-05 0.000828723 0.00731013 0.00633326 0.00537048 0.00924651 0.00672349 0.0155003 0.00468001 0.0242584 -0.000363536 0.0173594 0.0492783 0.0304777 3.81453e-06 0.00760606 0.0302317 0.00100931 0.0185673 0.0383714 0.0438646 0.0306595 0.0466098 -0.00286416 0.0154383 -0.00132055 0.0629267 -0.000327105 -0.00232603 0.0119664
internal_weight=483360 370989 41886 41163 40202 26737 25695 11479 8694 3405 14216 3937 2785 1524 329103 13728 3099 10629 2415 1287 2215 1492 961 112371 413 81336 723 315375 13465 1190
internal_count=483360 370989 41886 41163 40202 26737 25695 11479 8694 3405 14216 3937 2785 1524 329103 13728 3099 10629 2415 1287 2215 1492 961 112371 413 81336 723 315375 13465 1190
is_linear=0
shrinkage=0.08


Tree=244
num_leaves=31
num_cat=0
split_feature=31 8 21 6 7 5 2 2 0 5 5 2 0 5 33 33 39 15 2 0 2 8 6 8 2 25 33 6 7 5
split_gain=177.457 333.361 352.113 246 161.064 655.778 249.729 655.536 335.227 776.171 267.229 851.394 185.891 346.333 129.365 320.153 225.495 150.53 168.856 248.429 124.539 320.359 109.959 105.444 67.4306 63.2602 58.7092 56.1192 50.1869 48.7541
threshold=1.0000000180025095e-35 0.0024000847324288873 1.0000000180025095e-35 0.0023673316338769729 0.95264083333333349 0.95289944444444452 2.5000000000000004 1.5000000000000002 0.15197753906250003 0.97745000000000004 2.9461633333333341 5.5000000000000009 0.13842773437500003 0.97745000000000004 4.0946916666666677 4.2660583333333344 33.498457628563202 4.3673583333333346 2.5000000000000004 0.13387044270833334 5.5000000000000009 2.1475469529102438 0.0023910945629475647 0.0042210448158676609 3.5000000000000004 4.1787083333333337 0.0012666666666666805 0.094941700853062042 0.0012319444444444446 0.70240222222222248
decision_type=2 2 2 2 2 2 2 2 2 2 2 2 2 2 2 2 2 2 2 2 2 2 2 2 2 2 2 2 2 2
left_child=23 2 26 4 29 -6 7 8 -7 -10 -8 -12 -9 -14 27 16 -16 -17 -19 -20 21 -18 -5 -1 -24 28 -2 -3 -25 -4
right_child=1 14 3 22 5 6 10 12 9 -11 11 -13 13 -15 15 17 20 18 19 -21 -22 -23 24 25 -26 -27 -28 -29 -30 -31
leaf_value=-6.4975188034809823e-06 -2.4388867328951362e-06 -6.8497363226516225e-06 8.9065510729956101e-06 2.1137378007872466e-07 1.7353123551444584e-08 -3.7281360221186334e-11 -6.5885971878287819e-09 1.0871534783518655e-10 -1.2673141635497486e-05 6.7668527670150528e-09 -3.2145190128218814e-06 2.3444002295036625e-12 7.5780825028459734e-08 -4.913744035093259e-06 -5.3200649573881265e-06 -5.3943182365401298e-10 -2.5730837585058456e-07 -3.5224965131419597e-07 3.1845104331296171e-12 -0.0040559698851751445 1.4623547883729772e-09 5.4410662642112583e-11 1.4393591365343961e-05 1.127231470755775e-05 -1.3562552208064988e-06 -1.7309088666480123e-08 7.3121641338189795e-07 1.8339051090769942e-05 -5.4916809292401271e-06 -3.9322875524216981e-06
leaf_weight=29986 85 33959 3601 548 1042 5289 10279 1261 2012 1393 2690 1247 720 804 884 8214 719 1128 703 584 723 773 114 115 299 14123 638 281416 68147 9864
leaf_count=29986 85 33959 3601 548 1042 5289 10279 1261 2012 1393 2690 1247 720 804 884 8214 719 1128 703 584 723 773 114 115 299 14123 638 281416 68147 9864
internal_value=1.57214e-05 0.000859344 0.00758134 0.00660923 0.00565305 0.00924651 0.00672349 0.0155003 0.00468001 0.0242584 -0.000363536 0.0173594 0.0492783 0.0304777 3.81453e-06 0.00760606 0.0302317 0.00100931 0.0185673 0.0383714 0.0438646 0.0306595 0.0466098 -0.00276947 0.0154383 -0.00129101 0.0629267 -0.000327105 -0.000282677 -0.00148236
internal_weight=483360 370989 41886 41163 40202 26737 25695 11479 8694 3405 14216 3937 2785 1524 329103 13728 3099 10629 2415 1287 2215 1492 961 112371 413 82385 723 315375 68262 13465
internal_count=483360 370989 41886 41163 40202 26737 25695 11479 8694 3405 14216 3937 2785 1524 329103 13728 3099 10629 2415 1287 2215 1492 961 112371 413 82385 723 315375 68262 13465
is_linear=0
shrinkage=0.08


Tree=245
num_leaves=31
num_cat=0
split_feature=31 8 21 6 7 5 2 2 0 5 5 2 0 5 33 33 39 15 2 0 2 8 8 25 33 6 2 8 8 13
split_gain=175.66 300.91 358.46 351.798 189.363 655.828 249.562 655.746 334.875 775.815 267.229 851.394 185.891 346.333 129.47 320.153 225.495 150.53 168.856 248.429 124.539 320.359 105.944 63.6081 57.2317 56.3516 40.7443 181.034 36.5898 35.4791
threshold=1.0000000180025095e-35 0.002326496382598285 1.0000000180025095e-35 0.0023673316338769729 0.95264083333333349 0.95289944444444452 2.5000000000000004 1.5000000000000002 0.15197753906250003 0.97745000000000004 2.9461633333333341 5.5000000000000009 0.13842773437500003 0.97745000000000004 4.0946916666666677 4.2660583333333344 33.498457628563202 4.3673583333333346 2.5000000000000004 0.13387044270833334 5.5000000000000009 2.1475469529102438 0.0051176092131718452 4.1787083333333337 0.0012666666666666805 0.094941700853062042 5.5000000000000009 1.0000000180025095e-35 2.1631606750402033 0.46657500000000007
decision_type=2 2 2 2 2 2 2 2 2 2 2 2 2 2 2 2 2 2 2 2 2 2 2 2 2 2 2 2 2 2
left_child=22 2 24 4 26 -6 7 8 -7 -10 -8 -12 -9 -14 25 16 -16 -17 -19 -20 21 -18 -1 29 -2 -3 -4 -28 -23 -24
right_child=1 14 3 -5 5 6 10 12 9 -11 11 -13 13 -15 15 17 20 18 19 -21 -22 28 23 -25 -26 -27 27 -29 -30 -31
leaf_value=-5.9777172992025033e-06 -1.8725667293847038e-05 -6.0847486858772727e-06 -1.5916365581918057e-06 1.9446387767241281e-07 1.5964873663065759e-08 -3.4298857087833314e-11 -6.0615094099603083e-09 1.0001812711379899e-10 -1.1659290304661952e-05 6.2255045474302053e-09 -2.9573574918018153e-06 2.1568524743997842e-12 6.9718359023696059e-08 -4.5206445122847327e-06 -4.8944597607913922e-06 -4.9627729481471766e-10 -2.3672370581095947e-07 -3.2406967918063858e-07 2.929780862359621e-12 -0.0037314922943610957 1.3453664138296517e-09 5.0057806788572636e-11 -6.7302641696296808e-05 -1.5924361573161712e-08 6.7271910031134472e-07 1.6871927003521137e-05 1.0185768896908698e-05 -1.8108535916869922e-06 -0.046767192920490572 0.0012109075486618438
leaf_weight=31035 77 34365 12259 584 1042 5289 10279 1261 2012 1392 2690 1247 720 804 884 8214 719 1128 703 584 723 727 48915 14123 638 281416 272 914 46 18298
leaf_count=31035 77 34365 12259 584 1042 5289 10279 1261 2012 1392 2690 1247 720 804 884 8214 719 1128 703 584 723 727 48915 14123 638 281416 272 914 46 18298
internal_value=-3.04554e-05 0.000808885 0.00723047 0.00624555 0.00534959 0.00924416 0.00672094 0.0154954 0.00467226 0.0242444 -0.000363536 0.0173594 0.0492783 0.0304777 5.07942e-07 0.00760606 0.0302317 0.00100931 0.0185673 0.0383714 0.0438646 0.0306595 -0.00280151 -0.00128416 0.0633846 -0.000330129 -0.00239494 0.0117639 0.0664114 -0.000258642
internal_weight=483360 370989 41480 40765 40181 26736 25694 11478 8693 3404 14216 3937 2785 1524 329509 13728 3099 10629 2415 1287 2215 1492 112371 81336 715 315781 13445 1186 773 67213
internal_count=483360 370989 41480 40765 40181 26736 25694 11478 8693 3404 14216 3937 2785 1524 329509 13728 3099 10629 2415 1287 2215 1492 112371 81336 715 315781 13445 1186 773 67213
is_linear=0
shrinkage=0.08


Tree=246
num_leaves=31
num_cat=0
split_feature=39 8 21 6 7 5 2 2 0 5 5 2 0 5 8 33 33 39 23 2 8 23 33 25 2 6 7 6 7 23
split_gain=170.108 301.992 355.846 350.103 191.263 654.756 253.305 651.154 343.245 762.373 267.229 851.394 185.891 346.333 105.312 100.607 340.621 232.475 139.766 125.227 319.101 106.009 331.109 63.6066 58.6187 57.2886 49.2968 41.8583 149.728 133.707
threshold=1.0000000180025095e-35 0.002326496382598285 1.0000000180025095e-35 0.0023673316338769729 0.95264083333333349 0.95289944444444452 2.5000000000000004 1.5000000000000002 0.15197753906250003 0.97745000000000004 2.9461633333333341 5.5000000000000009 0.13842773437500003 0.97745000000000004 0.0042210448158676609 4.0946916666666677 4.2660583333333344 33.498457628563202 4.3676583333333339 5.5000000000000009 2.1475469529102438 4.3961333333333341 4.3944666666666672 4.1787083333333337 3.5000000000000004 0.074970135944514238 0.0012319444444444446 1.9105477343918589 0.83460972222222229 5.0073500000000015
decision_type=2 2 2 2 2 2 2 2 2 2 2 2 2 2 2 2 2 2 2 2 2 2 2 2 2 2 2 2 2 2
left_child=14 2 24 4 -4 -6 7 8 -7 -10 -8 -12 -9 -14 -1 25 17 -17 -18 20 -19 22 -20 26 -2 -3 -16 -28 29 -29
right_child=1 15 3 -5 5 6 10 12 9 -11 11 -13 13 -15 23 16 18 19 21 -21 -22 -23 -24 -25 -26 -27 27 28 -30 -31
leaf_value=-5.4994999152663032e-06 6.189015722864351e-07 -3.3246412415532945e-06 -8.8741767472935722e-07 1.7890676745860312e-07 1.4687683771441585e-08 -3.1554954205148534e-11 -5.5765886486369714e-09 9.2016669839267704e-11 -1.072654708028864e-05 5.7274641829252465e-09 -2.7207688924590911e-06 1.9842971710204437e-12 6.4140890305708355e-08 -4.1589929513019544e-06 1.5754740866656874e-05 -4.5029029799081858e-06 -4.5657507996565985e-10 -2.177858093688201e-07 -2.9814410481776579e-07 1.2377370950389378e-09 4.6053187929828708e-11 1.1153534949244203e-05 2.6953728138323643e-12 -1.4650412647308773e-08 -2.8656826481523032e-05 4.4184008502501375e-06 -3.0391124836589156e-05 0.0022821602007988416 -0.001093902609414192 3.954851683154459e-05
leaf_weight=29986 639 30158 13447 582 1042 5289 10279 1261 2012 1392 2690 1247 720 804 114 949 10760 721 715 723 780 2670 708 14790 79 281314 54971 1976 10093 449
leaf_count=29986 639 30158 13447 582 1042 5289 10279 1261 2012 1392 2690 1247 720 804 114 949 10760 721 715 723 780 2670 708 14790 79 281314 54971 1976 10093 449
internal_value=-2.48453e-06 0.000823523 0.00725637 0.00627303 0.00538078 0.00929503 0.00677388 0.0156139 0.00482871 0.0246439 -0.000363536 0.0173594 0.0492783 0.0304777 -0.00272927 1.36431e-05 0.00582447 0.0296174 0.000741666 0.0437626 0.0305876 0.0133242 0.0309599 -0.00125186 0.0630863 -0.00032265 -0.000212182 -0.000300969 0.0038741 0.0217237
internal_weight=483360 370981 41483 40765 40183 26736 25694 11478 8693 3404 14216 3937 2785 1524 112379 329498 18026 3173 14853 2224 1501 4093 1423 82393 718 311472 67603 67489 12518 2425
internal_count=483360 370981 41483 40765 40183 26736 25694 11478 8693 3404 14216 3937 2785 1524 112379 329498 18026 3173 14853 2224 1501 4093 1423 82393 718 311472 67603 67489 12518 2425
is_linear=0
shrinkage=0.08


Tree=247
num_leaves=31
num_cat=0
split_feature=31 8 31 2 33 33 39 15 2 0 5 7 7 5 39 39 13 2 39 7 2 8 2 5 8 33 6 25 0 21
split_gain=185.75 297.276 219.338 197.291 130.889 320.153 225.495 150.53 168.856 248.429 127.568 834.248 187.489 845.997 205.264 410.915 126.9 418.925 141.356 690.268 124.539 320.359 108.789 316.21 100.589 83.5349 80.629 59.9947 46.5558 95.676
threshold=1.0000000180025095e-35 0.028112341566782838 0.0016416666666666669 4.5000000000000009 4.0946916666666677 4.2660583333333344 33.498457628563202 4.3673583333333346 2.5000000000000004 0.13387044270833334 2.9796766666666672 2.9697776388888895 2.8210648611111115 2.7784577777777781 6.4053952276116819 6.3867608396712825 0.9720416666666668 2.5000000000000004 6.1534803702613727 0.94465500000000002 5.5000000000000009 2.1475469529102438 1.5000000000000002 0.97745000000000004 0.0051176092131718452 0.019258333333333339 0.074970135944514238 4.1787083333333337 0.13623046875000003 0.0057333333333333342
decision_type=2 2 2 2 2 2 2 2 2 2 2 2 2 2 2 2 2 2 2 2 2 2 2 2 2 2 2 2 2 2
left_child=24 2 3 -2 26 6 -6 -7 -9 -10 11 12 13 14 15 16 18 22 19 25 21 -8 -18 -24 -1 28 -3 -26 29 -4
right_child=1 4 10 -5 5 7 20 8 9 -11 -12 -13 -14 -15 -16 -17 17 -19 -20 -21 -22 -23 23 -25 27 -27 -28 -29 -30 -31
leaf_value=-5.0595399220449997e-06 5.6938944650352164e-07 -3.1290375803605384e-05 6.7830257086995412e-07 -1.2013966058438669e-05 -4.142670741487109e-06 -4.2004906219972328e-10 -2.0036294465342053e-07 -2.7429257642097583e-07 2.4797230935291737e-12 -0.0034338651936080843 -2.9030573500676838e-11 1.8255619238516375e-12 -5.1304615666936117e-09 8.4655340515382706e-11 -6.7052867286143684e-06 5.2692670493570406e-09 3.378316089097666e-09 -8.7377966195845152e-10 -1.7482581965033716e-06 1.3512669072568428e-08 1.1387181331201647e-09 4.2368952790639018e-11 5.900961908444913e-08 -3.8262735152017055e-06 -3.1020024733707505e-05 0.00013762891948153899 2.4597192188213767e-06 -1.3478379635524072e-08 -1.1579663417443653e-08 1.6459422606189545e-07
leaf_weight=31035 658 26046 2464 406 884 8214 719 1128 703 584 3852 1254 6591 1261 6591 721 782 2047 5506 1146 723 773 771 792 67213 263 285569 14123 9288 1253
leaf_count=31035 658 26046 2464 406 884 8214 719 1128 703 584 3852 1254 6591 1261 6591 721 782 2047 5506 1146 723 773 771 792 67213 263 285569 14123 9288 1253
internal_value=-5.3792e-05 0.000809316 0.00685519 0.0427519 -3.8927e-05 0.00760606 0.0302317 0.00100931 0.0185673 0.0383714 0.00599847 0.00731451 0.00527389 0.00774213 0.00517986 0.00848704 0.00672195 0.019031 0.00400803 0.00817316 0.0438646 0.0306595 0.0421151 0.0299271 -0.00290331 0.00302804 -0.000375722 -0.00142481 0.00212533 0.00969168
internal_weight=483360 370989 45646 1064 325343 13728 3099 10629 2415 1287 44582 40730 39476 32885 31624 25033 24312 4392 19920 14414 2215 1492 2345 1563 112371 13268 311615 81336 13005 3717
internal_count=483360 370989 45646 1064 325343 13728 3099 10629 2415 1287 44582 40730 39476 32885 31624 25033 24312 4392 19920 14414 2215 1492 2345 1563 112371 13268 311615 81336 13005 3717
is_linear=0
shrinkage=0.08


Tree=248
num_leaves=31
num_cat=0
split_feature=39 8 39 2 7 5 2 2 0 39 39 2 5 5 8 33 33 39 23 2 8 23 33 33 25 2 0 5 7 5
split_gain=195 259.121 220.168 181.917 149.496 633.81 263.185 601.176 366.486 716.799 266.465 842.679 173.679 319.592 99.7339 96.8303 340.621 232.475 139.766 125.227 319.101 106.009 331.109 90.6978 59.5103 53.7671 101.579 71.0909 95.1486 48.5472
threshold=1.0000000180025095e-35 0.028112341566782838 0.012706458191018757 4.5000000000000009 0.95264083333333349 0.95289944444444452 2.5000000000000004 1.5000000000000002 0.15197753906250003 6.3483714227597163 22.00053896336021 5.5000000000000009 2.7784577777777781 0.97745000000000004 0.0051176092131718452 4.0946916666666677 4.2660583333333344 33.498457628563202 4.3676583333333339 5.5000000000000009 2.1475469529102438 4.3961333333333341 4.3944666666666672 0.019258333333333339 4.1787083333333337 4.5000000000000009 0.18542480468750003 0.70240222222222248 0.71548055555555556 0.0011516666666667558
decision_type=2 2 2 2 2 2 2 2 2 2 2 2 2 2 2 2 2 2 2 2 2 2 2 2 2 2 2 2 2 2
left_child=14 2 3 -2 23 -6 7 8 -7 -10 -8 -12 13 -9 -1 -3 17 -17 -18 20 -19 22 -20 25 -16 -4 29 -28 -29 -27
right_child=1 15 4 -5 5 6 10 12 9 -11 11 -13 -14 -15 24 16 18 19 21 -21 -22 -23 -24 -25 -26 26 27 28 -30 -31
leaf_value=-4.6547767282813998e-06 5.2383829078324687e-07 -3.2821539471239447e-06 -8.1549788767759642e-07 -1.1052848773763571e-05 1.2431655544986598e-08 -2.6708129041708162e-11 -4.7200246555689776e-09 5.4288849558048472e-08 -9.7285626581378184e-06 4.8477256875401057e-09 -2.5031050586221683e-06 1.6795098645161488e-12 7.7882909010895674e-11 -3.5201716339816613e-06 -5.7005538394969334e-05 -3.811257082162456e-06 -3.8644515143460012e-10 -1.8433390906125168e-07 -2.5234917032435079e-07 1.0476206568910129e-09 3.8979450778242607e-11 1.2742854132028469e-05 2.2813395617049536e-12 0.00022765105907875062 -1.2400109264682146e-08 1.5142668797693548e-07 9.442827172208013e-06 7.2179359361124969e-06 0.00036457107221559147 -1.0653290344053711e-08
leaf_weight=31032 685 307295 12128 404 1121 5295 10488 772 2012 1503 2691 1263 1311 810 66557 949 10760 721 715 723 780 2670 708 289 14790 911 307 595 163 2912
leaf_count=31032 685 307295 12128 404 1121 5295 10488 772 2012 1503 2691 1263 1311 810 66557 949 10760 721 715 723 780 2670 708 289 14790 911 307 595 163 2912
internal_value=3.35962e-05 0.000917975 0.00656154 0.042101 0.00569321 0.00938429 0.00685867 0.0157751 0.00538479 0.0254111 -0.00036671 0.0173313 0.0474165 0.0295727 -0.00288588 0.00012588 0.00582447 0.0296174 0.000741666 0.0437626 0.0305876 0.0133242 0.0309599 -0.00012251 -0.0014139 -0.000877294 0.00620622 0.0280563 0.0149024 0.000119276
internal_weight=483360 370981 45660 1089 44571 27266 26145 11703 8810 3515 14442 3954 2893 1582 112379 325321 18026 3173 14853 2224 1501 4093 1423 17305 81347 17016 4888 1065 758 3823
internal_count=483360 370981 45660 1089 44571 27266 26145 11703 8810 3515 14442 3954 2893 1582 112379 325321 18026 3173 14853 2224 1501 4093 1423 17305 81347 17016 4888 1065 758 3823
is_linear=0
shrinkage=0.08


Tree=249
num_leaves=31
num_cat=0
split_feature=39 8 39 2 7 5 2 2 0 39 39 2 5 5 8 33 33 39 23 2 8 23 33 6 5 2 25 2 8 7
split_gain=198.094 280.129 217.01 181.917 129.022 633.81 263.185 601.176 366.486 716.799 266.465 842.679 173.679 319.592 99.8075 96.8303 340.621 232.475 139.766 125.227 319.101 106.009 331.109 96.6881 138.604 84.3239 59.5613 48.5827 173.553 48.0931
threshold=1.0000000180025095e-35 0.028112341566782838 0.012706458191018757 4.5000000000000009 0.95264083333333349 0.95289944444444452 2.5000000000000004 1.5000000000000002 0.15197753906250003 6.3483714227597163 22.00053896336021 5.5000000000000009 2.7784577777777781 0.97745000000000004 0.0051176092131718452 4.0946916666666677 4.2660583333333344 33.498457628563202 4.3676583333333339 5.5000000000000009 2.1475469529102438 4.3961333333333341 4.3944666666666672 0.0023673316338769729 0.0011516666666667558 1.0000000180025095e-35 4.1787083333333337 5.5000000000000009 1.0000000180025095e-35 2.8210648611111115
decision_type=2 2 2 2 2 2 2 2 2 2 2 2 2 2 2 2 2 2 2 2 2 2 2 2 2 2 2 2 2 2
left_child=14 2 3 -2 23 -6 7 8 -7 -10 -8 -12 13 -9 -1 -3 17 -17 -18 20 -19 22 -20 27 -25 -26 -16 -4 -29 -14
right_child=1 15 4 -5 5 6 10 12 9 -11 11 -13 29 -15 26 16 18 19 21 -21 -22 -23 -24 24 25 -27 -28 28 -30 -31
leaf_value=-4.2823945900188879e-06 4.8193122752058717e-07 -3.0195816313582926e-06 -1.3798264325749072e-06 -1.0168620871862481e-05 1.1437123097479685e-08 -2.4571491508140753e-11 -4.3424226703336901e-09 4.9945741595891493e-08 -8.9502776454875037e-06 4.4599076343132536e-09 -2.3028566539196048e-06 1.5451462331839139e-12 7.1652266342425718e-11 -3.2385579032645496e-06 -5.2445095323371792e-05 -3.5063565155724066e-06 -3.5552950805595175e-10 -1.6958719633919373e-07 -2.3216123672398227e-07 9.6381100433973186e-10 3.5861091873812256e-11 1.1723425801477561e-05 2.0988011328881839e-12 1.3931255293878066e-07 0.00020943897435245053 1.2636529764138703e-07 -1.1408100523507574e-08 8.6874009984327928e-06 -1.6061796523384602e-06 -0.0018086254401037394
leaf_weight=31032 685 307295 12982 404 1121 5295 10488 772 2012 1503 2691 1263 1261 810 66557 949 10760 721 715 723 780 2670 708 271 237 2865 14790 272 678 50
leaf_count=31032 685 307295 12982 404 1121 5295 10488 772 2012 1503 2691 1263 1261 810 66557 949 10760 721 715 723 780 2670 708 271 237 2865 14790 272 678 50
internal_value=5.80914e-05 0.000949459 0.00681734 0.042101 0.00595526 0.00938429 0.00685867 0.0157751 0.00538479 0.0254111 -0.00036671 0.0173313 0.0474165 0.0295727 -0.00288446 0.00012588 0.00582447 0.0296174 0.000741666 0.0437626 0.0305876 0.0133242 0.0309599 0.00055244 0.0127056 0.00791231 -0.00141193 -0.0023899 0.0150737 0.0689489
internal_weight=483360 370981 45660 1089 44571 27266 26145 11703 8810 3515 14442 3954 2893 1582 112379 325321 18026 3173 14853 2224 1501 4093 1423 17305 3373 3102 81347 13932 950 1311
internal_count=483360 370981 45660 1089 44571 27266 26145 11703 8810 3515 14442 3954 2893 1582 112379 325321 18026 3173 14853 2224 1501 4093 1423 17305 3373 3102 81347 13932 950 1311
is_linear=0
shrinkage=0.08


Tree=250
num_leaves=31
num_cat=0
split_feature=39 8 39 2 7 5 2 2 0 39 39 2 5 5 8 33 33 39 23 2 8 23 33 6 5 2 25 2 8 7
split_gain=198.043 280.276 216.988 181.917 128.887 633.81 263.185 601.176 366.486 716.799 266.465 842.679 173.679 319.592 99.8444 96.8303 340.621 232.475 139.766 125.227 319.101 106.009 331.109 96.6146 138.604 84.3239 59.5868 48.5508 173.553 48.0931
threshold=1.0000000180025095e-35 0.028112341566782838 0.012706458191018757 4.5000000000000009 0.95264083333333349 0.95289944444444452 2.5000000000000004 1.5000000000000002 0.15197753906250003 6.3483714227597163 22.00053896336021 5.5000000000000009 2.7784577777777781 0.97745000000000004 0.0051176092131718452 4.0946916666666677 4.2660583333333344 33.498457628563202 4.3676583333333339 5.5000000000000009 2.1475469529102438 4.3961333333333341 4.3944666666666672 0.0023673316338769729 0.0011516666666667558 1.0000000180025095e-35 4.1787083333333337 5.5000000000000009 1.0000000180025095e-35 2.8210648611111115
decision_type=2 2 2 2 2 2 2 2 2 2 2 2 2 2 2 2 2 2 2 2 2 2 2 2 2 2 2 2 2 2
left_child=14 2 3 -2 23 -6 7 8 -7 -10 -8 -12 13 -9 -1 -3 17 -17 -18 20 -19 22 -20 27 -25 -26 -16 -4 -29 -14
right_child=1 15 4 -5 5 6 10 12 9 -11 11 -13 29 -15 26 16 18 19 21 -21 -22 -23 -24 24 25 -27 -28 28 -30 -31
leaf_value=-3.9398030228173767e-06 4.4337672931894431e-07 -2.7780151008460763e-06 -1.269440317968884e-06 -9.3551312021134854e-06 1.0522153246483867e-08 -2.2605775029660436e-11 -3.995028841075055e-09 4.5950082272483429e-08 -8.2342554338499235e-06 4.1031150210812942e-09 -2.1186281216145632e-06 1.4215473242984444e-12 6.5920069403091482e-11 -2.9794732710008989e-06 -4.8249487697502044e-05 -3.225847994343667e-06 -3.270871218319371e-10 -1.5602022060079435e-07 -2.1358833777185282e-07 8.8670610409735679e-10 3.2992204523907274e-11 1.0785551737342302e-05 1.9308998844280723e-12 1.2816754870366432e-07 0.00019268385640425434 1.162560738300622e-07 -1.0495452481626968e-08 7.9924089185556827e-06 -1.4776852801513807e-06 -0.0016639354048954402
leaf_weight=31032 685 307295 12982 404 1121 5295 10488 772 2012 1503 2691 1263 1261 810 66557 949 10760 721 715 723 780 2670 708 271 237 2865 14790 272 678 50
leaf_count=31032 685 307295 12982 404 1121 5295 10488 772 2012 1503 2691 1263 1261 810 66557 949 10760 721 715 723 780 2670 708 271 237 2865 14790 272 678 50
internal_value=5.84225e-05 0.000949675 0.0068191 0.042101 0.00595706 0.00938429 0.00685867 0.0157751 0.00538479 0.0254111 -0.00036671 0.0173313 0.0474165 0.0295727 -0.00288374 0.00012588 0.00582447 0.0296174 0.000741666 0.0437626 0.0305876 0.0133242 0.0309599 0.000557063 0.0127056 0.00791231 -0.00141095 -0.00238415 0.0150737 0.0689489
internal_weight=483360 370981 45660 1089 44571 27266 26145 11703 8810 3515 14442 3954 2893 1582 112379 325321 18026 3173 14853 2224 1501 4093 1423 17305 3373 3102 81347 13932 950 1311
internal_count=483360 370981 45660 1089 44571 27266 26145 11703 8810 3515 14442 3954 2893 1582 112379 325321 18026 3173 14853 2224 1501 4093 1423 17305 3373 3102 81347 13932 950 1311
is_linear=0
shrinkage=0.08


Tree=251
num_leaves=31
num_cat=0
split_feature=31 8 21 13 7 5 5 2 5 2 0 39 5 33 33 39 15 2 0 2 8 6 0 8 33 25 7 8 8 13
split_gain=213.669 410.265 336.223 203.85 789.355 265.294 629.744 488.065 609.307 336.097 671.117 204.658 697.952 123.836 320.153 225.495 150.53 168.856 248.429 124.539 320.359 114.947 111.159 100.802 62.5594 60.0993 50.4702 45.6635 40.6382 40.2882
threshold=1.0000000180025095e-35 0.002480759869466647 1.0000000180025095e-35 0.9720416666666668 0.97741888888888906 2.8211077777777782 2.7784577777777781 5.5000000000000009 2.9461633333333341 1.5000000000000002 0.15197753906250003 6.1534803702613727 0.94773722222222212 4.0946916666666677 4.2660583333333344 33.498457628563202 4.3673583333333346 2.5000000000000004 0.13387044270833334 5.5000000000000009 2.1475469529102438 0.0023673316338769729 0.13623046875000003 0.0042210448158676609 0.0012666666666666805 4.1787083333333337 0.0012319444444444446 1.0000000180025095e-35 1.0000000180025095e-35 0.46657500000000007
decision_type=2 2 2 2 2 2 2 2 2 2 2 2 2 2 2 2 2 2 2 2 2 2 2 2 2 2 2 2 2 2
left_child=23 2 24 11 27 6 9 -7 28 10 -6 12 21 -3 15 -15 -16 -18 -19 20 -17 -4 -23 -1 -2 26 -25 -5 -9 -28
right_child=1 13 3 4 5 7 -8 8 -10 -11 -12 -13 -14 14 16 19 17 18 -20 -21 -22 22 -24 25 -26 -27 29 -29 -30 -31
leaf_value=-3.6246187809919869e-06 -1.1722597199633908e-05 -2.5557738927783901e-06 -2.3539736126704237e-07 4.2274075688908399e-08 -0.0050470809809409194 -2.0797301658603829e-11 6.0646456745416796e-11 -3.6754265408944774e-09 1.3078249594400404e-12 -8.7708191642832393e-09 3.7748658154868056e-09 -1.6073529426829936e-06 9.6803809856993446e-09 -2.967780154818911e-06 -3.0092017766492063e-10 -1.4353860294136212e-07 -1.9650127072168289e-07 1.7764278936738266e-12 -0.0031619761246530721 8.157696385069357e-10 3.0352822477652806e-11 1.1791414480738505e-07 -2.9210736834303641e-08 2.9591973289288375e-05 4.0790659097343294e-07 -9.6558162830968089e-09 -2.6524913708609013e-05 1.1982776609524849e-05 8.7221230910472516e-06 0.0011168894547339647
leaf_weight=29986 90 315009 9567 1514 1438 8996 1261 1315 1247 3416 1399 8925 1043 884 8214 719 1128 703 584 723 773 831 456 115 638 14123 49849 74 42 18298
leaf_count=29986 90 315009 9567 1514 1438 8996 1261 1315 1247 3416 1399 8925 1043 884 8214 719 1128 703 584 723 773 831 456 115 638 14123 49849 74 42 18298
internal_value=0.000196291 0.00112199 0.00854265 0.00759772 0.0132192 0.00871654 0.0204269 0.00113103 0.0316313 0.0100265 0.0303786 0.00200864 0.0088782 0.00016823 0.00760606 0.0302317 0.00100931 0.0185673 0.0383714 0.0438646 0.0306595 0.00287157 0.0253178 -0.00285989 0.0624396 -0.00141434 -0.000431516 0.0674156 -0.005465 -0.000520876
internal_weight=483360 370989 42252 41524 20702 19114 7514 11600 2604 6253 2837 20822 11897 328737 13728 3099 10629 2415 1287 2215 1492 10854 1287 112371 728 82385 68262 1588 1357 68147
internal_count=483360 370989 42252 41524 20702 19114 7514 11600 2604 6253 2837 20822 11897 328737 13728 3099 10629 2415 1287 2215 1492 10854 1287 112371 728 82385 68262 1588 1357 68147
is_linear=0
shrinkage=0.08


Tree=252
num_leaves=31
num_cat=0
split_feature=39 8 39 2 7 5 2 2 0 39 39 2 5 5 8 8 7 33 33 39 23 2 8 23 33 6 5 2 0 2
split_gain=195.682 278.628 217.01 181.917 129.022 633.81 263.185 601.176 366.486 716.799 266.465 842.679 173.679 319.592 99.3779 144.902 227.907 96.2212 340.621 232.475 139.766 125.227 319.101 106.009 331.109 95.9348 138.844 82.0465 69.5797 48.5189
threshold=1.0000000180025095e-35 0.028112341566782838 0.012706458191018757 4.5000000000000009 0.95264083333333349 0.95289944444444452 2.5000000000000004 1.5000000000000002 0.15197753906250003 6.3483714227597163 22.00053896336021 5.5000000000000009 2.7784577777777781 0.97745000000000004 0.0042210448158676609 0.0051176092131718452 0.0041731944444444455 4.0946916666666677 4.2660583333333344 33.498457628563202 4.3676583333333339 5.5000000000000009 2.1475469529102438 4.3961333333333341 4.3944666666666672 0.0023673316338769729 0.0011516666666667558 1.0000000180025095e-35 0.13387044270833334 5.5000000000000009
decision_type=2 2 2 2 2 2 2 2 2 2 2 2 2 2 2 2 2 2 2 2 2 2 2 2 2 2 2 2 2 2
left_child=14 2 3 -2 25 -6 7 8 -7 -10 -8 -12 13 -9 -1 16 -16 -3 19 -19 -20 22 -21 24 -22 29 -27 -28 -17 -4
right_child=1 17 4 -5 5 6 10 12 9 -11 11 -13 -14 -15 15 28 -18 18 20 21 23 -23 -24 -25 -26 26 27 -29 -30 -31
leaf_value=-3.3346492785126278e-06 3.7527406369555065e-07 -2.3513119813589611e-06 -1.1490533036300628e-06 -8.5878889170430343e-06 8.9059505103961097e-09 -1.9133530315684765e-11 -3.3813924105174919e-09 3.8892149634150995e-08 -7.4469267637322646e-06 3.4728765463398758e-09 -1.949136208097002e-06 1.2031975415993657e-12 5.5794728837099682e-11 -2.7404137437869737e-06 -2.182564162551575e-06 -8.8833509804490654e-09 1.4140751537041498e-06 -2.7303577424220295e-06 -2.76846563451727e-10 -1.3205551468331578e-07 -1.8078116909236996e-07 7.505080645842099e-10 2.7924613732466241e-11 1.2044700695099663e-05 1.6343193465218064e-12 1.0848101322277759e-07 0.0001774736098033361 9.7522456339038666e-08 2.1509821273930641e-05 7.3718479939710591e-06
leaf_weight=29986 685 307295 12982 404 1121 5295 10488 772 2012 1503 2691 1263 1311 810 606 30890 440 949 10760 721 715 723 780 2670 708 271 237 2865 50457 950
leaf_count=29986 685 307295 12982 404 1121 5295 10488 772 2012 1503 2691 1263 1311 810 606 30890 440 949 10760 721 715 723 780 2670 708 271 237 2865 50457 950
internal_value=7.92765e-05 0.000965201 0.00681734 0.042101 0.00595526 0.00938429 0.00685867 0.0157751 0.00538479 0.0254111 -0.00036671 0.0173313 0.0474165 0.0295727 -0.0028453 -0.00141012 0.0281759 0.000143831 0.00582447 0.0296174 0.000741666 0.0437626 0.0305876 0.0133242 0.0309599 0.00055244 0.0126582 0.00786073 -0.00179055 -0.00237841
internal_weight=483360 370981 45660 1089 44571 27266 26145 11703 8810 3515 14442 3954 2893 1582 112379 82393 1046 325321 18026 3173 14853 2224 1501 4093 1423 17305 3373 3102 81347 13932
internal_count=483360 370981 45660 1089 44571 27266 26145 11703 8810 3515 14442 3954 2893 1582 112379 82393 1046 325321 18026 3173 14853 2224 1501 4093 1423 17305 3373 3102 81347 13932
is_linear=0
shrinkage=0.08


Tree=253
num_leaves=31
num_cat=0
split_feature=15 8 31 7 7 39 0 13 33 7 2 19 39 2 0 2 5 7 7 39 39 2 8 8 8 7 31 8 31 8
split_gain=192.729 226.526 158.735 810.402 224.38 809.855 254.721 331.09 136.823 314.074 235.828 411.124 148.809 160.555 246.759 118.798 84.3142 417.307 228.683 197.114 197.854 271.703 204.486 199.871 164.81 74.5524 71.6882 125.832 68.0815 81.6372
threshold=0.72332500000000011 0.13383363840633328 2.9796750000000007 2.9697776388888895 2.8210648611111115 21.07590757345163 0.15197753906250003 0.98908333333333343 4.0946916666666677 2.1326208333333336 5.5000000000000009 4.2593000000000005 34.492194707772832 2.5000000000000004 0.13387044270833334 5.5000000000000009 0.94773722222222212 0.95534722222222235 0.95264083333333349 6.2769169537063823 6.2903992149397903 1.5000000000000002 0.12714578923209288 0.0016754309555670891 0.0028437978909020612 0.96672611111111117 0.74790000000000012 0.028112341566782838 1.0000000180025095e-35 0.0042210448158676609
decision_type=2 2 2 2 2 2 2 2 2 2 2 2 2 2 2 2 2 2 2 2 2 2 2 2 2 2 2 2 2 2
left_child=28 2 3 4 5 6 -2 15 -3 10 11 -10 -11 -14 -15 16 26 18 -18 -19 24 23 25 -22 -21 -23 27 -8 29 -1
right_child=1 8 -4 -5 -6 -7 7 -9 9 12 -12 -13 13 14 -16 -17 17 19 -20 20 21 22 -24 -25 -26 -27 -28 -29 -30 -31
leaf_value=-3.0678773362316176e-06 -5.6711701195677481e-06 -3.7022335651855091e-05 -1.7602843627173571e-11 1.10695452804066e-12 -3.1108810105706654e-09 5.1331134898191523e-11 5.8759717504486277e-05 5.6350704633167939e-07 -1.2149107348591314e-07 -2.5469880426953749e-10 6.9046741657530226e-10 2.5690667371236485e-11 -1.6631867559624426e-07 1.5035794831419481e-12 0.059001888609545285 -1.4784941958811971e-06 -5.403237476837575e-05 -6.8511726226372362e-06 1.2323360897070758e-06 3.5780777665195275e-08 1.4553715388387899e-09 1.5589441984342755e-06 2.8118937733356833e-06 -2.1632070228516655e-06 -1.7098205031196301e-06 -2.8706938515199453e-09 -3.0949041800543144e-06 0.00089663792484093283 -3.1022405462106941e-07 -8.1726829020131405e-09
leaf_weight=29986 8755 204315 4284 1281 6864 1271 263 928 1591 7131 742 811 1105 680 611 3385 298 3326 1205 733 728 282 269 309 227 3127 3439 1645 133126 60643
leaf_count=29986 8755 204315 4284 1281 6864 1271 263 928 1591 7131 742 811 1105 680 611 3385 298 3326 1205 733 728 282 269 309 227 3127 3439 1645 133126 60643
internal_value=-4.96715e-06 0.00147809 0.00681029 0.00844241 0.0062797 0.00924809 0.00650119 0.0114485 0.000430772 0.00849751 0.0304224 0.0182448 0.0012621 0.0185108 0.03767 0.00919692 0.0121022 0.016265 0.0552868 0.00974914 0.0188123 0.0120721 0.00187493 0.0482391 0.0519167 -0.00342388 0.00392444 0.0163606 -0.00172564 -0.00341692
internal_weight=483360 259605 42619 38335 37054 30190 28919 20164 216986 12671 3144 2402 9527 2396 1291 19236 15851 10504 1503 9001 5675 4715 3678 1037 960 3409 5347 1908 223755 90629
internal_count=483360 259605 42619 38335 37054 30190 28919 20164 216986 12671 3144 2402 9527 2396 1291 19236 15851 10504 1503 9001 5675 4715 3678 1037 960 3409 5347 1908 223755 90629
is_linear=0
shrinkage=0.08


Tree=254
num_leaves=31
num_cat=0
split_feature=39 7 27 8 8 7 0 6 6 33 0 2 6 0 13 13 8 8 8 0 8 2 7 7 39 7 39 7 7 15
split_gain=160.222 204.863 268.897 99.3779 144.902 227.907 98.5103 121.727 478.504 373.551 184.79 134.113 317.492 69.5797 56.3633 217.367 320.234 104.611 113.862 90.7008 74.5583 275.177 619.298 292.216 809.272 229.619 244.54 292.253 57.4548 57.0916
threshold=1.0000000180025095e-35 0.00083097222222222242 1.0000000180025095e-35 0.0042210448158676609 0.0051176092131718452 0.0041731944444444455 0.15695612468103057 2.1764250520335033 2.2025484157288306 4.3944666666666672 0.13387044270833334 5.5000000000000009 2.1994103590463117 0.13387044270833334 0.9720416666666668 0.97421666666666684 0.0024000847324288873 0.002306045607597645 0.002480759869466647 0.13623046875000003 0.14017025764434085 5.5000000000000009 2.9697776388888895 2.8210648611111115 21.07590757345163 0.98472555555555563 6.3483714227597163 0.97074111111111117 0.96672611111111117 0.97745000000000004
decision_type=2 2 2 2 2 2 2 2 2 2 2 2 2 2 2 2 2 2 2 2 2 2 2 2 2 2 2 2 2 2
left_child=3 2 -2 -1 5 -5 7 14 11 -10 -11 12 -9 -6 17 16 -16 -3 19 -19 21 23 -23 24 25 26 28 -28 29 -17
right_child=1 6 -4 4 13 -7 -8 8 9 10 -12 -13 -14 -15 15 20 -18 18 -20 -21 -22 22 -24 -25 -26 -27 27 -29 -30 -31
leaf_value=-2.8224471493330882e-06 1.0367935138195366e-06 -9.9823383705593963e-08 3.7007006296959839e-07 -2.007305214915288e-06 -7.5188682698520878e-09 1.301602956039979e-06 -0.00015614409075541681 -1.1177178762977746e-07 -2.3432292550751302e-10 1.3832845979777631e-12 -0.036646791806708164 6.3523003746013279e-10 2.3635422508050396e-11 2.2750822424164595e-05 3.2918315451269113e-08 1.4342286625623756e-06 -1.5730348628739676e-06 1.2462045653464926e-07 1.1081778454098413e-05 -9.8577500249469329e-09 0.00043182117446631806 -2.8620105396726102e-09 1.0183853760281637e-12 -1.6194618979170628e-11 4.7224659738276385e-11 -7.5689867262695991e-09 -1.9265995785655578e-06 2.5869422714652759e-06 -2.6410383391350932e-09 -2.7792914350914801e-05
leaf_weight=29986 1166 13427 611 606 30890 440 194208 842 8283 711 329 733 706 50457 725 206 687 892 53463 468 70557 1530 1275 9478 1272 5582 701 1234 1721 174
leaf_count=29986 1166 13427 611 606 30890 440 194208 842 8283 711 329 733 706 50457 725 206 687 892 53463 468 70557 1530 1275 9478 1272 5582 701 1234 1721 174
internal_value=-0.000198943 0.000602703 0.0277006 -0.0028453 -0.00141012 0.0281759 0.000472279 0.00184891 0.00976629 0.00173077 0.0469231 0.0426094 0.029261 -0.00179055 0.00128662 0.00254508 0.0336997 -0.000467694 0.00108232 0.0239412 0.00207575 0.00601286 0.0295045 0.00277769 0.0117172 0.00378623 0.0183231 0.0388424 -0.000574966 0.0275789
internal_weight=483360 370981 1777 112379 82393 1046 369204 174996 11604 9323 1040 2281 1548 81347 163392 95142 1412 68250 54823 1360 93730 23173 2805 20368 10890 9618 4036 1935 2101 380
internal_count=483360 370981 1777 112379 82393 1046 369204 174996 11604 9323 1040 2281 1548 81347 163392 95142 1412 68250 54823 1360 93730 23173 2805 20368 10890 9618 4036 1935 2101 380
is_linear=0
shrinkage=0.08


Tree=255
num_leaves=31
num_cat=0
split_feature=31 33 33 39 15 2 0 2 8 8 8 7 0 0 13 13 8 2 8 5 6 8 8 33 21 5 2 5 31 21
split_gain=138.144 117.512 319.588 225.155 150.53 168.856 248.429 124.869 321.321 100.549 146.665 226.136 60.9429 38.6887 59.9083 666.229 281.772 191.017 214.581 609.307 93.532 81.3068 57.3741 89.9435 57.1524 123.295 83.833 110.297 68.082 51.9134
threshold=1.0000000180025095e-35 4.0946916666666677 4.2660583333333344 33.498457628563202 4.3673583333333346 2.5000000000000004 0.13387044270833334 5.5000000000000009 2.1475469529102438 0.0042210448158676609 0.0051176092131718452 0.0041731944444444455 0.13387044270833334 0.15695612468103057 2.7805250000000004 2.8211000000000008 0.0051176092131718452 5.5000000000000009 0.0088367937866199106 2.9461633333333341 0.044714829958626065 0.00080675118969205718 0.047238941314250667 0.019258333333333339 0.0057333333333333342 0.0011516666666667558 4.5000000000000009 0.0013466666666666373 0.0041250000000000011 0.72550833333333331
decision_type=2 2 2 2 2 2 2 2 2 2 2 2 2 2 2 2 2 2 2 2 2 2 2 2 2 2 2 2 2 2
left_child=9 13 3 -3 -4 -6 -7 8 -5 -1 11 -11 -12 14 21 16 -16 20 19 -19 -17 -2 23 24 28 -26 27 -27 -23 -15
right_child=1 2 4 7 5 6 -8 -9 -10 10 12 -13 -14 29 15 17 -18 18 -20 -21 -22 22 -24 -25 25 26 -28 -29 -30 -31
leaf_value=-2.5966513773864412e-06 -6.9634677846153185e-09 -3.3887521134801092e-06 -2.1557710283559572e-10 -1.0283004463929047e-07 -1.5299443575145234e-07 1.2726530940199155e-12 -0.0063405954985557315 5.8441166572720252e-10 2.1744597233919195e-11 -1.8467207977220651e-06 -6.9173588082639217e-09 1.1974747195567807e-06 -1.7340617626270182e-05 -0.00050272865058622609 4.3446704012239933e-11 -1.4899050881922449e-11 0.0077578092375749606 -2.6330496893933741e-09 -0.00086575245682311678 9.369216513732682e-13 0.018099175168476426 9.5385003271400419e-07 2.3799868897445012e-06 0.00016241399666711093 1.1465082001185789e-07 1.0456894767883752e-07 -9.0691300229372999e-09 4.1422944511690929e-05 -2.7742025955491965e-07 6.6550467364558937e-05
leaf_weight=29986 19738 884 8214 719 1128 703 584 723 773 609 30880 440 50456 87312 1261 9800 492 1357 2589 1247 17724 1059 105276 220 295 259 1618 973 3018 103023
leaf_count=29986 19738 884 8214 719 1128 703 584 723 773 609 30880 440 50456 87312 1261 9800 492 1357 2589 1247 17724 1059 105276 220 295 259 1618 973 3018 103023
internal_value=-0.000407483 0.000336849 0.00760023 0.0302059 0.00100931 0.0185673 0.0383714 0.0438284 0.0306059 -0.00286487 -0.00142113 0.0283012 -0.00180447 5.77486e-05 0.000946717 0.00391761 0.0519658 0.00134315 0.0154161 0.0316313 -0.00131202 0.00017358 0.001003 0.00779145 0.00625644 0.0143593 0.00926316 0.024987 5.88477e-06 -0.000721887
internal_weight=483360 370989 13728 3099 10629 2415 1287 2215 1492 112371 82385 1049 81336 357261 166926 34470 1753 32717 5193 2604 27524 132456 112718 7442 7222 3145 2850 1232 4077 190335
internal_count=483360 370989 13728 3099 10629 2415 1287 2215 1492 112371 82385 1049 81336 357261 166926 34470 1753 32717 5193 2604 27524 132456 112718 7442 7222 3145 2850 1232 4077 190335
is_linear=0
shrinkage=0.08


Tree=256
num_leaves=31
num_cat=0
split_feature=31 33 33 39 15 2 0 2 8 8 8 7 0 8 2 2 5 39 2 23 7 7 5 33 5 2 8 33 5 39
split_gain=143.113 115.649 319.588 225.155 150.53 168.856 248.429 124.869 321.321 100.585 146.656 226.136 60.9858 45.7217 142.375 269.922 624.467 179.096 842.679 194.352 210.122 169.212 342.551 152.383 125.166 112.293 376.107 63.9196 172.625 51.8363
threshold=1.0000000180025095e-35 4.0946916666666677 4.2660583333333344 33.498457628563202 4.3673583333333346 2.5000000000000004 0.13387044270833334 5.5000000000000009 2.1475469529102438 0.0042210448158676609 0.0051176092131718452 0.0041731944444444455 0.13387044270833334 0.028112341566782838 1.5000000000000002 2.5000000000000004 2.7784577777777781 22.00053896336021 5.5000000000000009 0.93299166666666677 0.71548055555555556 0.97074111111111117 0.97745000000000004 0.019258333333333339 0.0008250000000001185 4.5000000000000009 1.0000000180025095e-35 0.0056916666666666678 0.0013466666666666373 3.8137671249313443
decision_type=2 2 2 2 2 2 2 2 2 2 2 2 2 2 2 2 2 2 2 2 2 2 2 2 2 2 2 2 2 2
left_child=9 13 3 -3 -4 -6 -7 8 -5 -1 11 -11 -12 14 23 16 21 19 -19 20 25 24 -23 -2 -16 27 -27 -17 -29 -22
right_child=1 2 4 7 5 6 -8 -9 -10 10 12 -13 -14 -15 15 17 -18 18 -20 -21 29 22 -24 -25 -26 26 -28 28 -30 -31
leaf_value=-2.3889192671955259e-06 -1.3707115442684881e-11 -3.117651944393174e-06 -1.9833095166177374e-10 -9.4603641045409859e-08 -1.4075488088849397e-07 1.1708323199854931e-12 -0.0058333478586712209 5.3765873531119727e-10 2.0005046508231317e-11 -1.6989831339042999e-06 -6.363970103602807e-09 1.1016767419922381e-06 -1.5953368216168566e-05 -6.7878058152359699e-06 8.775420300968784e-07 -3.7256324759760151e-07 3.997097763885904e-11 -1.793201415729584e-06 8.6195939275057755e-13 -2.4224057071364767e-09 -0.00065743452866585397 3.0841927642910606e-08 -2.5201826282739149e-06 0.00014942087693374211 -1.5148645869447753e-08 5.9516737386156039e-05 1.0547875441094257e-07 9.620343186453329e-08 -8.6173552867453709e-06 0.00038846272106328071
leaf_weight=29986 10753 884 8214 719 1128 703 584 723 773 609 30880 440 50456 311615 146 4300 1311 2691 1263 14540 65 740 810 195 3658 661 3219 262 602 430
leaf_count=29986 10753 884 8214 719 1128 703 584 723 773 609 30880 440 50456 311615 146 4300 1311 2691 1263 14540 65 740 810 195 3658 661 3219 262 602 430
internal_value=-0.000362961 0.000394641 0.00760023 0.0302059 0.00100931 0.0185673 0.0383714 0.0438284 0.0306059 -0.00286416 -0.00142016 0.0283012 -0.00180348 0.000117761 0.00248241 0.0049921 0.0194629 0.0015516 0.0173313 -0.00103958 0.00783394 0.00734553 0.0296258 -0.00547169 -0.00173291 0.00505617 0.0153402 -0.0026708 0.0171852 0.0585859
internal_weight=483360 370989 13728 3099 10629 2415 1287 2215 1492 112371 82385 1049 81336 357261 45646 34698 6665 28033 3954 24079 9539 5354 1550 10948 3804 9044 3880 5164 864 495
internal_count=483360 370989 13728 3099 10629 2415 1287 2215 1492 112371 82385 1049 81336 357261 45646 34698 6665 28033 3954 24079 9539 5354 1550 10948 3804 9044 3880 5164 864 495
is_linear=0
shrinkage=0.08


Tree=257
num_leaves=31
num_cat=0
split_feature=31 33 33 39 15 2 0 2 8 8 8 7 0 8 2 2 5 39 2 23 7 7 5 33 5 2 8 33 5 39
split_gain=143.151 115.635 319.588 225.155 150.53 168.856 248.429 124.869 321.321 100.585 146.656 226.136 60.9858 45.7044 142.375 269.922 624.467 179.096 842.679 194.352 210.122 169.212 342.551 152.383 125.166 112.293 376.107 63.9196 172.625 51.8363
threshold=1.0000000180025095e-35 4.0946916666666677 4.2660583333333344 33.498457628563202 4.3673583333333346 2.5000000000000004 0.13387044270833334 5.5000000000000009 2.1475469529102438 0.0042210448158676609 0.0051176092131718452 0.0041731944444444455 0.13387044270833334 0.028112341566782838 1.5000000000000002 2.5000000000000004 2.7784577777777781 22.00053896336021 5.5000000000000009 0.93299166666666677 0.71548055555555556 0.97074111111111117 0.97745000000000004 0.019258333333333339 0.0008250000000001185 4.5000000000000009 1.0000000180025095e-35 0.0056916666666666678 0.0013466666666666373 3.8137671249313443
decision_type=2 2 2 2 2 2 2 2 2 2 2 2 2 2 2 2 2 2 2 2 2 2 2 2 2 2 2 2 2 2
left_child=9 13 3 -3 -4 -6 -7 8 -5 -1 11 -11 -12 14 23 16 21 19 -19 20 25 24 -23 -2 -16 27 -27 -17 -29 -22
right_child=1 2 4 7 5 6 -8 -9 -10 10 12 -13 -14 -15 15 17 -18 18 -20 -21 29 22 -24 -25 -26 26 -28 28 -30 -31
leaf_value=-2.1978057258198841e-06 -1.2610534838586319e-11 -2.8682397888246669e-06 -1.8246446131797711e-10 -8.7035349736197528e-08 -1.2949449043730965e-07 1.0771827874123118e-12 -0.0053666800299774619 4.9464603080195961e-10 1.8404620050205269e-11 -1.5630644831919558e-06 -5.8548524953145821e-09 1.013542602632859e-06 -1.4677098758875079e-05 -6.2447813500199343e-06 8.0733866768913093e-07 -3.4275818778982394e-07 3.6773286637981074e-11 -1.649745302465533e-06 7.9300122024505984e-13 -2.2286132406179604e-09 -0.00060483976637258619 2.8374573428635587e-08 -2.3185680180137782e-06 0.00013746720677904279 -1.3936754199896095e-08 5.4755398395265332e-05 9.704045405803386e-08 8.8507157315342862e-08 -7.9279668638057578e-06 0.00035738570337821683
leaf_weight=29986 10753 884 8214 719 1128 703 584 723 773 609 30880 440 50456 311615 146 4300 1311 2691 1263 14540 65 740 810 195 3658 661 3219 262 602 430
leaf_count=29986 10753 884 8214 719 1128 703 584 723 773 609 30880 440 50456 311615 146 4300 1311 2691 1263 14540 65 740 810 195 3658 661 3219 262 602 430
internal_value=-0.00036263 0.000395072 0.00760023 0.0302059 0.00100931 0.0185673 0.0383714 0.0438284 0.0306059 -0.00286416 -0.00142016 0.0283012 -0.00180348 0.000118209 0.00248241 0.0049921 0.0194629 0.0015516 0.0173313 -0.00103958 0.00783394 0.00734553 0.0296258 -0.00547169 -0.00173291 0.00505617 0.0153402 -0.0026708 0.0171852 0.0585859
internal_weight=483360 370989 13728 3099 10629 2415 1287 2215 1492 112371 82385 1049 81336 357261 45646 34698 6665 28033 3954 24079 9539 5354 1550 10948 3804 9044 3880 5164 864 495
internal_count=483360 370989 13728 3099 10629 2415 1287 2215 1492 112371 82385 1049 81336 357261 45646 34698 6665 28033 3954 24079 9539 5354 1550 10948 3804 9044 3880 5164 864 495
is_linear=0
shrinkage=0.08


Tree=258
num_leaves=31
num_cat=0
split_feature=31 33 33 39 15 2 0 2 8 8 8 7 0 8 2 2 7 39 2 23 7 5 5 33 5 2 8 33 5 39
split_gain=144.937 114.985 319.588 225.155 150.53 168.856 248.429 124.869 321.321 100.585 146.656 226.136 60.9858 45.433 142.878 272.824 628.368 179.096 842.679 194.352 210.122 165.392 344.91 152.383 124.564 112.293 376.107 63.9196 172.625 51.8363
threshold=1.0000000180025095e-35 4.0946916666666677 4.2660583333333344 33.498457628563202 4.3673583333333346 2.5000000000000004 0.13387044270833334 5.5000000000000009 2.1475469529102438 0.0042210448158676609 0.0051176092131718452 0.0041731944444444455 0.13387044270833334 0.028112341566782838 1.5000000000000002 2.5000000000000004 0.97410083333333342 22.00053896336021 5.5000000000000009 0.93299166666666677 0.71548055555555556 2.7784577777777781 0.97745000000000004 0.019258333333333339 0.0008250000000001185 4.5000000000000009 1.0000000180025095e-35 0.0056916666666666678 0.0013466666666666373 3.8137671249313443
decision_type=2 2 2 2 2 2 2 2 2 2 2 2 2 2 2 2 2 2 2 2 2 2 2 2 2 2 2 2 2 2
left_child=9 13 3 -3 -4 -6 -7 8 -5 -1 11 -11 -12 14 23 16 24 19 -19 20 25 22 -18 -2 -16 27 -27 -17 -29 -22
right_child=1 2 4 7 5 6 -8 -9 -10 10 12 -13 -14 -15 15 17 21 18 -20 -21 29 -23 -24 -25 -26 26 -28 28 -30 -31
leaf_value=-2.0219812677542932e-06 -1.1601706262354128e-11 -2.6387806057215356e-06 -1.6786728451734235e-10 -8.007252176867041e-08 -1.1913493118242968e-07 9.9099395356461172e-13 -0.0049373456275793506 4.5507434265346095e-10 1.6932233393163187e-11 -1.4380193245365997e-06 -5.3864642956894156e-09 9.3245919442223032e-07 -1.3502930858165074e-05 -5.7451988420176296e-06 7.4275157427403093e-07 -3.1533753276663524e-07 2.6104607551147297e-08 -1.5177656782583426e-06 7.2954975394168285e-13 -2.0503241771052674e-09 -0.0005564525850627782 3.3831426549113533e-11 -2.1330825765719652e-06 0.00012646983023671926 -1.282181386390302e-08 5.0374966523643037e-05 8.9277217733413356e-08 8.1426584730148745e-08 -7.293729514701308e-06 0.0003287948471079627
leaf_weight=29986 10753 884 8214 719 1128 703 584 723 773 609 30880 440 50456 311615 146 4300 713 2691 1263 14540 65 1311 810 195 3685 661 3219 262 602 430
leaf_count=29986 10753 884 8214 719 1128 703 584 723 773 609 30880 440 50456 311615 146 4300 713 2691 1263 14540 65 1311 810 195 3685 661 3219 262 602 430
internal_value=-0.000347072 0.000415342 0.00760023 0.0302059 0.00100931 0.0185673 0.0383714 0.0438284 0.0306059 -0.00286416 -0.00142016 0.0283012 -0.00180348 0.000139258 0.00249643 0.00501055 0.0195589 0.0015516 0.0173313 -0.00103958 0.00783394 0.0481186 0.0301878 -0.00547169 -0.00156826 0.00505617 0.0153402 -0.0026708 0.0171852 0.0585859
internal_weight=483360 370989 13728 3099 10629 2415 1287 2215 1492 112371 82385 1049 81336 357261 45646 34698 6665 28033 3954 24079 9539 2834 1523 10948 3831 9044 3880 5164 864 495
internal_count=483360 370989 13728 3099 10629 2415 1287 2215 1492 112371 82385 1049 81336 357261 45646 34698 6665 28033 3954 24079 9539 2834 1523 10948 3831 9044 3880 5164 864 495
is_linear=0
shrinkage=0.08


Tree=259
num_leaves=31
num_cat=0
split_feature=31 33 33 39 15 2 0 2 8 8 8 7 7 21 0 21 8 2 0 7 31 8 29 17 17 39 39 33 8 8
split_gain=143.075 115.663 319.588 225.155 150.53 168.856 248.429 124.869 321.321 100.585 146.656 226.136 61.1707 95.6164 66.1727 72.0642 97.603 160.948 60.9858 46.28 36.7855 36.5898 34.2291 45.622 41.2067 39.8747 29.3364 90.655 25.7111 65.4013
threshold=1.0000000180025095e-35 4.0946916666666677 4.2660583333333344 33.498457628563202 4.3673583333333346 2.5000000000000004 0.13387044270833334 5.5000000000000009 2.1475469529102438 0.0042210448158676609 0.0051176092131718452 0.0041731944444444455 0.0065941666666666657 0.021408333333333335 0.13623046875000003 0.0057333333333333342 0.002326496382598285 4.5000000000000009 0.13387044270833334 0.22880055555555562 0.0016416666666666669 2.1631606750402033 4.9816166666666684 4.9461333333333348 5.0076583333333344 0.85972998218632146 0.041780073776370254 0.0052333333333334335 0.00080675118969205718 0.0016754309555670891
decision_type=2 2 2 2 2 2 2 2 2 2 2 2 2 2 2 2 2 2 2 2 2 2 2 2 2 2 2 2 2 2
left_child=9 12 3 -3 -4 -6 -7 8 -5 -1 11 -11 13 14 15 26 -17 -18 22 -14 -16 -10 25 -24 -25 -12 27 28 -2 -30
right_child=1 2 4 7 5 6 -8 -9 21 10 18 -13 19 -15 20 16 17 -19 -20 -21 -22 -23 23 24 -26 -27 -28 -29 29 -31
leaf_value=-1.8602227663339497e-06 -1.1796068754791473e-08 -2.4276781572751814e-06 -1.544378847029293e-10 -7.3666720012965928e-08 -1.0960413668215097e-07 9.1169738425378456e-13 -0.0045423579773730613 4.1866840660986784e-10 1.5577654721710133e-11 -1.3229777785736716e-06 -4.9555471520342624e-09 8.5786245886845193e-07 -0.005858963818096594 0.00011635224381778164 0.0015042965207602563 8.2135040314762486e-08 7.4912457951742399e-08 -5.5173341746185545e-07 -1.2422696389511868e-05 6.7117866819899069e-13 -3.1687313717249092e-08 -0.043025817474259112 -0.00015272335181848006 0.0021181460613704673 0.0029547104824354164 1.0197197989469941e-05 -2.5496663087310607e-06 1.2808825207502594e-08 6.8333144833211678e-07 8.3573472798705251e-06
leaf_weight=29986 870 884 8214 719 1128 703 584 723 727 609 22134 440 20557 204 39 275 257 706 50456 329521 2321 46 2185 576 649 5336 997 157 424 933
leaf_count=29986 870 884 8214 719 1128 703 584 723 727 609 22134 440 20557 204 39 275 257 706 50456 329521 2321 46 2185 576 649 5336 997 157 424 933
internal_value=-0.000363292 0.000394209 0.00760023 0.0302059 0.00100931 0.0185673 0.0383714 0.0438284 0.0306059 -0.00286416 -0.00142016 0.0283012 0.000117313 0.00742531 0.00584725 0.0114155 0.0279289 0.0159252 -0.00180348 -3.26346e-05 -0.00505085 0.0664114 -0.00460363 0.00295601 0.0153143 -0.00554205 0.00536882 0.0101879 0.0060458 0.0129285
internal_weight=483360 370989 13728 3099 10629 2415 1287 2215 1492 112371 82385 1049 357261 7183 6979 4619 1238 963 81336 350078 2360 773 30880 3410 1225 27470 3381 2384 2227 1357
internal_count=483360 370989 13728 3099 10629 2415 1287 2215 1492 112371 82385 1049 357261 7183 6979 4619 1238 963 81336 350078 2360 773 30880 3410 1225 27470 3381 2384 2227 1357
is_linear=0
shrinkage=0.08


Tree=260
num_leaves=31
num_cat=0
split_feature=31 33 33 39 15 2 0 2 8 8 8 7 0 7 0 21 8 5 7 8 29 17 17 39 8 8 5 2 8 5
split_gain=140.292 116.71 319.588 225.155 150.53 168.856 248.429 124.869 321.321 100.549 146.665 226.136 61.0558 50.3716 100.922 128.393 43.9775 122.328 43.6138 36.5898 34.0403 45.3136 41.553 39.8747 30.2173 58.6824 86.2084 24.2052 197.615 787.441
threshold=1.0000000180025095e-35 4.0946916666666677 4.2660583333333344 33.498457628563202 4.3673583333333346 2.5000000000000004 0.13387044270833334 5.5000000000000009 2.1475469529102438 0.0042210448158676609 0.0051176092131718452 0.0041731944444444455 0.13387044270833334 0.0012319444444444446 0.13623046875000003 0.0057333333333333342 0.002326496382598285 0.001180555555555911 0.22880055555555562 2.1631606750402033 4.9816166666666684 4.9461333333333348 5.0076583333333344 0.85972998218632146 0.00080675118969205718 0.0016754309555670891 0.0007483333333333336 5.5000000000000009 0.00080675118969205718 2.9461633333333341
decision_type=2 2 2 2 2 2 2 2 2 2 2 2 2 2 2 2 2 2 2 2 2 2 2 2 2 2 2 2 2 2
left_child=9 13 3 -3 -4 -6 -7 8 -5 -1 11 -11 20 14 15 24 -17 -18 -15 -10 23 -22 -23 -12 -2 26 -26 -20 29 -29
right_child=1 2 4 7 5 6 -8 -9 19 10 12 -13 -14 18 -16 16 17 -19 27 -21 21 22 -24 -25 25 -27 -28 28 -30 -31
leaf_value=-1.7114049450272337e-06 -1.0852383254406073e-08 -2.2334639047016938e-06 -1.4208282550498553e-10 -6.7773382426139513e-08 -1.0083580576747409e-07 8.3879569956479825e-13 -0.0041789693391831298 3.8517491418588181e-10 1.4331433817460493e-11 -1.2171395562877778e-06 -4.5591033798715213e-09 7.8923346215897574e-07 -1.1428880678350919e-05 -3.7625307859025043e-05 -2.915232861985806e-08 7.5564237089556503e-08 -5.0759474406490698e-07 6.8919461315569696e-08 -1.0727241317454174e-11 -0.039583752076318389 -0.0001405054836730102 0.0019486943764608355 0.0027183336438405805 9.3814221503407687e-06 -3.0654189694120161e-05 1.1784119190935693e-08 6.2866493246556411e-07 -1.8863519102296777e-09 -4.083965561738623e-06 6.1749716451231507e-13
leaf_weight=29986 870 884 8214 719 1128 703 584 723 727 609 22134 440 50456 22301 2026 275 273 260 288068 46 2185 576 649 5336 173 1307 255 3785 36421 1247
leaf_count=29986 870 884 8214 719 1128 703 584 723 727 609 22134 440 50456 22301 2026 275 273 260 288068 46 2185 576 649 5336 173 1307 255 3785 36421 1247
internal_value=-0.000388449 0.000361648 0.00760023 0.0302059 0.00100931 0.0185673 0.0383714 0.0438284 0.0306059 -0.00286487 -0.00142113 0.0283012 -0.00180447 8.35001e-05 0.00772348 0.0161195 0.0439802 0.0305741 -3.46103e-05 0.0664114 -0.00460622 0.00293255 0.015249 -0.00554205 0.00747793 0.0135792 0.0392897 0.000197108 0.00200458 0.0168649
internal_weight=483360 370989 13728 3099 10629 2415 1287 2215 1492 112371 82385 1049 81336 357261 5439 3413 808 533 351822 773 30880 3410 1225 27470 2605 1735 428 329521 41453 5032
internal_count=483360 370989 13728 3099 10629 2415 1287 2215 1492 112371 82385 1049 81336 357261 5439 3413 808 533 351822 773 30880 3410 1225 27470 2605 1735 428 329521 41453 5032
is_linear=0
shrinkage=0.08


Tree=261
num_leaves=31
num_cat=0
split_feature=31 33 33 39 15 2 0 2 8 8 8 7 0 8 7 21 0 39 21 8 2 7 29 17 17 39 8 8 2 2
split_gain=143.014 116.578 319.588 225.155 150.53 168.856 248.429 124.869 321.321 99.1824 147.03 226.136 63.7464 36.5898 35.7776 101.911 54.3654 44.4176 76.258 77.2269 67.7783 44.0069 34.9352 45.3136 41.553 34.1955 29.0668 58.6399 85.9323 24.2052
threshold=1.0000000180025095e-35 4.0946916666666677 4.2660583333333344 33.498457628563202 4.3673583333333346 2.5000000000000004 0.13387044270833334 5.5000000000000009 2.1475469529102438 0.0042210448158676609 0.0051176092131718452 0.0041731944444444455 0.13387044270833334 2.1631606750402033 0.0065941666666666657 0.021408333333333335 0.13623046875000003 0.043903233209890466 0.0057333333333333342 0.002326496382598285 3.5000000000000004 0.22880055555555562 4.9816166666666684 4.9461333333333348 5.0076583333333344 0.85972998218632146 0.00080675118969205718 0.0016754309555670891 2.5000000000000004 5.5000000000000009
decision_type=2 2 2 2 2 2 2 2 2 2 2 2 2 2 2 2 2 2 2 2 2 2 2 2 2 2 2 2 2 2
left_child=9 14 3 -3 -4 -6 -7 8 -5 -1 11 -11 22 -10 15 16 17 18 26 -20 -21 -16 25 -24 -25 -12 -2 28 -28 -23
right_child=1 2 4 7 5 6 -8 -9 13 10 12 -13 -14 -15 21 -17 -18 -19 19 20 -22 29 23 24 -26 -27 27 -29 -30 -31
leaf_value=-1.5744925494250552e-06 -9.9841925940528928e-09 -2.054786792342611e-06 -1.3071620230675764e-10 -6.2351511829206174e-08 -9.2768941328813531e-08 7.7172046530904481e-13 -0.0038446517920485124 3.543609494727207e-10 1.3184902059037996e-11 -1.1197683917847558e-06 -4.1943751094817991e-09 7.2609478518625773e-07 -1.0514570224082845e-05 -0.036417051910212946 -0.005387236688020147 0.00011005408894108116 -2.6820142330283293e-08 -1.5310436515120207e-09 6.9519098122375337e-08 5.6179939683108361e-06 -4.6698716453970336e-07 -9.8690478012031231e-12 -0.00012926504497919213 0.0017927988263439687 0.0025008669523333537 8.6309083783220338e-06 5.7837173786830238e-07 1.0841389655666389e-08 -2.8201854518590531e-05 5.6811444437698809e-13
leaf_weight=29986 870 884 8214 719 1128 703 584 723 727 609 22134 440 50456 46 20557 204 2360 1073 275 106 342 288068 2185 576 649 5336 249 1527 177 41453
leaf_count=29986 870 884 8214 719 1128 703 584 723 727 609 22134 440 50456 46 20557 204 2360 1073 275 106 342 288068 2185 576 649 5336 249 1527 177 41453
internal_value=-0.000391594 0.000365745 0.00760023 0.0302059 0.00100931 0.0185673 0.0383714 0.0438284 0.0306059 -0.00289192 -0.00145803 0.0283012 -0.00184184 0.0664114 8.77547e-05 0.00567673 0.00404757 0.00909461 0.01341 0.036592 0.0161071 -2.69216e-05 -0.00470467 0.00293255 0.015249 -0.00565271 0.0074729 0.0128909 0.0391361 0.000197108
internal_weight=483360 370989 13728 3099 10629 2415 1287 2215 1492 112371 82385 1049 81336 773 357261 7183 6979 4619 3546 723 448 350078 30880 3410 1225 27470 2823 1953 426 329521
internal_count=483360 370989 13728 3099 10629 2415 1287 2215 1492 112371 82385 1049 81336 773 357261 7183 6979 4619 3546 723 448 350078 30880 3410 1225 27470 2823 1953 426 329521
is_linear=0
shrinkage=0.08


Tree=262
num_leaves=31
num_cat=0
split_feature=31 33 33 39 15 2 0 2 8 8 8 7 0 8 29 17 17 39 0 13 13 8 2 8 5 6 8 31 21 25
split_gain=141.296 117.212 319.588 225.155 150.53 168.856 248.429 124.869 321.321 99.1824 147.03 226.136 63.7464 36.5898 34.9352 45.3136 41.553 34.1955 27.0084 61.4961 668.935 281.772 193.815 214.581 609.307 89.9263 76.3462 51.4765 48.4783 80.3953
threshold=1.0000000180025095e-35 4.0946916666666677 4.2660583333333344 33.498457628563202 4.3673583333333346 2.5000000000000004 0.13387044270833334 5.5000000000000009 2.1475469529102438 0.0042210448158676609 0.0051176092131718452 0.0041731944444444455 0.13387044270833334 2.1631606750402033 4.9816166666666684 4.9461333333333348 5.0076583333333344 0.85972998218632146 0.15695612468103057 2.7805250000000004 2.8211000000000008 0.0051176092131718452 5.5000000000000009 0.0088367937866199106 2.9461633333333341 0.044714829958626065 0.00080675118969205718 0.0016416666666666669 0.58609166666666679 0.7029833333333334
decision_type=2 2 2 2 2 2 2 2 2 2 2 2 2 2 2 2 2 2 2 2 2 2 2 2 2 2 2 2 2 2
left_child=9 18 3 -3 -4 -6 -7 8 -5 -1 11 -11 14 -10 17 -16 -17 -12 19 26 21 -21 25 24 -24 -22 -2 -28 -20 -30
right_child=1 2 4 7 5 6 -8 -9 13 10 12 -13 -14 -15 15 16 -18 -19 28 20 22 -23 23 -25 -26 -27 27 -29 29 -31
leaf_value=-1.4485331454710507e-06 -5.8686889037318224e-09 -1.8904038489608866e-06 -1.2025893170175549e-10 -5.7363390908449223e-08 -8.5347426050930159e-08 7.0997430157149212e-13 -0.003537079648684713 3.260120706727321e-10 1.2130101367802127e-11 -1.0301869204419753e-06 -3.8588251007232558e-09 6.6800720237135722e-07 -9.673404606156217e-06 -0.033503687757395893 -0.00011892384138086243 0.0016493749202364683 0.00230079759614668 7.9404357080647969e-06 -0.0041165872541840945 3.271892978773394e-11 -9.0795282403632877e-12 0.007138686723043559 -1.7354891923559991e-09 -0.00079466332025088346 5.2267523642512971e-13 0.016675293100508092 0.00016326421280313776 3.5263868229762352e-06 0.004965540863974615 -8.0062236390192611e-05
leaf_weight=29986 19738 884 8214 719 1128 703 584 723 727 609 22134 440 50456 46 2185 576 649 5336 69170 1261 9800 492 1357 2589 1247 17724 224 112494 24887 96278
leaf_count=29986 19738 884 8214 719 1128 703 584 723 727 609 22134 440 50456 46 2185 576 649 5336 69170 1261 9800 492 1357 2589 1247 17724 224 112494 24887 96278
internal_value=-0.000406655 0.000346122 0.00760023 0.0302059 0.00100931 0.0185673 0.0383714 0.0438284 0.0306059 -0.00289192 -0.00145803 0.0283012 -0.00184184 0.0664114 -0.00470467 0.00293255 0.015249 -0.00565271 6.73774e-05 0.00081013 0.00382013 0.0519658 0.00124045 0.0154161 0.0316313 -0.0014341 2.68145e-05 0.000830531 -0.000584025 0.000380636
internal_weight=483360 370989 13728 3099 10629 2415 1287 2215 1492 112371 82385 1049 81336 773 30880 3410 1225 27470 357261 166926 34470 1753 32717 5193 2604 27524 132456 112718 190335 121165
internal_count=483360 370989 13728 3099 10629 2415 1287 2215 1492 112371 82385 1049 81336 773 30880 3410 1225 27470 357261 166926 34470 1753 32717 5193 2604 27524 132456 112718 190335 121165
is_linear=0
shrinkage=0.08


Tree=263
num_leaves=31
num_cat=0
split_feature=7 39 21 21 8 29 29 8 31 31 33 2 8 33 7 33 13 0 8 31 0 29 17 17 4 0 13 23 39 6
split_gain=181.525 97.0952 152.685 748.514 145.593 136.203 690.768 207.08 152.037 472.656 473.785 120.441 331.199 106.679 64.1328 152.236 131.693 82.7552 64.5766 49.021 68.1238 45.6122 45.13 41.553 38.7679 37.1601 32.3441 591.116 32.225 30.6867
threshold=0.001419444444444415 19.554335544244413 2.9796750000000007 2.9781583333333339 0.0088367937866199106 2.8211000000000008 2.7779000000000003 0.0051176092131718452 4.2138833333333343 4.2659750000000001 4.3944666666666672 5.5000000000000009 2.1475469529102438 4.5858166666666671 0.0065941666666666657 -0.0070499999999997778 0.0086166666666666683 0.20662434895833337 0.085677587752698278 0.037000000000000012 0.13387044270833334 4.9816166666666684 4.9461333333333348 5.0076583333333344 28.500000000000004 0.13387044270833334 0.9720416666666668 0.97422500000000012 32.931476826539416 0.7676462715448521
decision_type=2 2 2 2 2 2 2 2 2 2 2 2 2 2 2 2 2 2 2 2 2 2 2 2 2 2 2 2 2 2
left_child=-1 14 3 5 -5 6 8 -8 28 11 -11 12 -10 -12 15 16 -2 -17 26 20 21 -20 -23 -24 -19 -4 -16 -28 -3 -27
right_child=1 2 25 4 -6 -7 7 -9 9 10 13 -13 -14 -15 18 17 -18 24 19 -21 -22 22 23 -25 -26 29 27 -29 -30 -31
leaf_value=-1.2932203957823098e-06 6.1456662618164862e-07 0.0010475418220818036 -8.3531759287325259e-12 4.8085979642564778e-13 -0.00073109025463082846 -1.596650065494032e-09 3.0101432457740882e-11 -0.0027223355489914523 -5.2774319669879334e-08 -1.1063818305956375e-10 6.5320193698426015e-13 2.9993110217674259e-10 1.1159713153574559e-11 0.014885047263502954 -2.8377617009667235e-06 -3.7782216824508441e-06 -3.7366647877622157e-05 0.011281717026945883 -3.5501190926653952e-09 1.341185678462864e-06 -0.0015641452041076143 -0.00010940993407039912 0.0015174249266175367 0.0021167337884549654 0.0014121395905818566 -0.0057178019439177779 2.4487328058597767e-08 -8.6548127775643028e-10 -1.7391715410752794e-06 0.033338360905696966
leaf_weight=36094 463 15064 7143 1247 176 9868 1261 294 693 5506 697 715 747 179 32217 2821 237 157 22033 222258 53714 2163 576 649 143 31077 790 6784 12362 15232
leaf_count=36094 463 15064 7143 1247 176 9868 1261 294 693 5506 697 715 747 179 32217 2821 237 157 22033 222258 53714 2163 576 649 143 31077 790 6784 12362 15232
internal_value=-0.00062314 -0.00018273 0.0019823 0.00521723 0.0623865 0.00350044 0.00570009 0.0579035 0.00344287 0.0127661 0.00182764 0.0451601 0.0318333 0.0564749 -0.000824454 0.00948233 0.0432 0.0019199 -0.000939882 -0.000539975 -0.00224983 -0.00566178 0.00297993 0.015249 0.0418667 -0.00097164 -0.00396894 0.000735145 0.000540799 -0.000143214
internal_weight=483360 447266 102261 48809 1423 47386 37518 1555 35963 8537 6382 2155 1440 876 345005 3821 700 3121 341184 301393 79135 25421 3388 1225 300 53452 39791 7574 27426 46309
internal_count=483360 447266 102261 48809 1423 47386 37518 1555 35963 8537 6382 2155 1440 876 345005 3821 700 3121 341184 301393 79135 25421 3388 1225 300 53452 39791 7574 27426 46309
is_linear=0
shrinkage=0.08


Tree=264
num_leaves=31
num_cat=0
split_feature=15 33 7 2 19 39 2 0 8 2 7 7 2 39 39 39 23 8 8 8 8 8 33 33 15 8 1 23 8 25
split_gain=165.231 117.227 315.16 235.828 411.124 146.804 159.202 248.701 87.8713 141.119 155.8 573.912 645.572 286.734 244.082 208.973 813.937 186.758 163.472 101.261 80.7038 88.7671 265.118 88.0159 318.909 93.2353 61.9222 60.6493 95.061 59.8354
threshold=0.71040833333333342 4.0946916666666677 2.1326208333333336 5.5000000000000009 4.2593000000000005 34.492194707772832 2.5000000000000004 0.13387044270833334 0.13383363840633328 1.5000000000000002 0.95264083333333349 0.95534722222222235 2.5000000000000004 21.07590757345163 6.3112954564871666 22.00053896336021 2.9796750000000007 0.0024000847324288873 0.12539320160510772 0.00080675118969205718 0.0042210448158676609 0.0051176092131718452 -0.0070499999999997778 1.0000000180025095e-35 1.0000000180025095e-35 0.00080675118969205718 1.0000000180025095e-35 0.7158916666666667 0.0088367937866199106 0.73840833333333344
decision_type=2 2 2 2 2 2 2 2 2 2 2 2 2 2 2 2 2 2 2 2 2 2 2 2 2 2 2 2 2 2
left_child=20 8 3 4 -3 -4 -7 -8 9 19 27 26 13 14 17 18 -17 -13 -14 -2 23 22 -22 -1 -25 -26 -12 28 -11 -30
right_child=1 2 5 -5 -6 6 7 -9 -10 10 11 12 15 -15 -16 16 -18 -19 -20 -21 21 -23 -24 24 25 -27 -28 -29 29 -31
leaf_value=-1.2291928621707821e-06 -7.684910485750152e-12 -4.8552374067867274e-08 -1.0178709430874733e-10 2.7593664242431258e-10 1.0266916206091992e-11 -7.8510780880947091e-08 6.0097704590589273e-13 0.051627160280525282 -9.2054071653340227e-05 0.00030912326078062156 -3.8123383720112259e-06 2.2528341814265217e-08 -1.4689180716231931e-09 2.769333207197633e-11 -1.9618956428324452e-06 4.4238390728423836e-13 -1.3963414353312942e-06 -5.247723505608093e-07 3.3024066130238339e-06 7.1613754255483995e-06 5.6540129608711677e-07 -3.2661095652521636e-09 -8.4431433514403247e-07 -1.1469574390292336e-07 9.4741669588345465e-08 -1.2544150332456025e-05 1.461776680500293e-07 -2.610740764890096e-06 -6.6285402140389137e-05 1.8794282095830893e-05
leaf_weight=33925 9282 1591 7131 742 811 1105 680 611 206184 163 77 725 11604 1320 1095 1323 2755 284 985 5208 463 176588 1262 5214 523 141 1042 8315 1534 677
leaf_count=33925 9282 1591 7131 742 811 1105 680 611 206184 163 77 725 11604 1320 1095 1323 2755 284 985 5208 463 176588 1262 5214 523 141 1042 8315 1534 677
internal_value=-0.000390436 0.000950851 0.00845963 0.0304224 0.0182448 0.00121171 0.0183439 0.0374222 0.000574153 0.00372002 0.00669388 0.0106629 0.00755721 0.0391963 0.0208593 0.00105742 0.0167965 0.0492448 -0.00404099 -0.00282678 -0.00202153 -0.00129449 0.0167652 -0.0052786 0.0037591 0.0559759 0.0664236 -0.00118178 0.010096 0.00574943
internal_weight=483360 265244 12671 3144 2402 9527 2396 1291 252573 46389 31899 21210 20091 3424 2104 16667 4078 1009 12589 14490 218116 178313 1725 39803 5878 664 1119 10689 2374 2211
internal_count=483360 265244 12671 3144 2402 9527 2396 1291 252573 46389 31899 21210 20091 3424 2104 16667 4078 1009 12589 14490 218116 178313 1725 39803 5878 664 1119 10689 2374 2211
is_linear=0
shrinkage=0.08


Tree=265
num_leaves=31
num_cat=0
split_feature=15 33 7 2 19 39 2 0 8 8 33 33 15 8 8 2 7 7 2 39 39 39 23 8 8 8 1 5 23 7
split_gain=161.663 118.237 315.16 235.828 411.124 146.804 159.202 248.701 80.7038 88.7671 265.118 88.0159 318.909 93.2353 78.9255 132.698 179.265 573.912 645.572 286.734 244.082 208.973 813.937 186.758 163.472 101.261 61.9222 58.0008 85.5793 56.3629
threshold=0.71040833333333342 4.0946916666666677 2.1326208333333336 5.5000000000000009 4.2593000000000005 34.492194707772832 2.5000000000000004 0.13387044270833334 0.0042210448158676609 0.0051176092131718452 -0.0070499999999997778 1.0000000180025095e-35 1.0000000180025095e-35 0.00080675118969205718 0.13383363840633328 1.5000000000000002 0.95264083333333349 0.95534722222222235 2.5000000000000004 21.07590757345163 6.3112954564871666 22.00053896336021 2.9796750000000007 0.0024000847324288873 0.12539320160510772 0.00080675118969205718 1.0000000180025095e-35 0.9889772222222224 0.9848083333333334 2.8210648611111115
decision_type=2 2 2 2 2 2 2 2 2 2 2 2 2 2 2 2 2 2 2 2 2 2 2 2 2 2 2 2 2 2
left_child=8 14 3 4 -3 -4 -7 -8 11 10 -10 -1 -13 -14 15 25 -17 26 19 20 23 24 -23 -19 -20 -2 -18 28 -26 -21
right_child=1 2 5 -5 -6 6 7 -9 9 -11 -12 12 13 -15 -16 16 17 18 21 29 -22 22 -24 -25 27 -27 -28 -29 -30 -31
leaf_value=-1.1308574331971195e-06 -7.0701133836337247e-12 -4.4668184173701774e-08 -9.3644132448389426e-11 2.5386171387253853e-10 9.4455288035533152e-12 -7.222991840194482e-08 5.5287330269493397e-13 0.047496987458083305 5.2016919240014743e-07 -3.0048208000319906e-09 -7.7676918833250994e-07 -1.0552008439065896e-07 8.7162336021278511e-08 -1.1540618305859538e-05 -8.4689745921071589e-05 -2.4018815036974674e-06 -3.5073513022521044e-06 2.0726074465571286e-08 -1.3514046415252779e-09 2.5477859821876337e-11 -1.8049439914058496e-06 4.0699887904338539e-13 -1.2846341205019486e-06 -4.8279056251487874e-07 1.9777175637880617e-06 6.5884653915038169e-06 1.3448345460354005e-07 3.0382140839790849e-06 -1.1142444180478606e-06 -0.0025045487072875971
leaf_weight=33925 9282 1591 7131 742 811 1105 680 611 463 176588 1262 5214 523 141 206184 10689 77 725 11604 1261 1095 1323 2755 284 217 5208 1042 343 425 59
leaf_count=33925 9282 1591 7131 742 811 1105 680 611 463 176588 1262 5214 523 141 206184 10689 77 725 11604 1261 1095 1323 2755 284 217 5208 1042 343 425 59
internal_value=-0.000408145 0.000918579 0.00845963 0.0304224 0.0182448 0.00121171 0.0183439 0.0374222 -0.00202153 -0.00129449 0.0167652 -0.0052786 0.0037591 0.0559759 0.000540262 0.0035217 0.00640547 0.0106629 0.00755721 0.0391963 0.0208593 0.00105742 0.0167965 0.0492448 -0.00404099 -0.00282678 0.0664236 0.0272487 0.0130592 0.0684242
internal_weight=483360 265244 12671 3144 2402 9527 2396 1291 218116 178313 1725 39803 5878 664 252573 46389 31899 21210 20091 3424 2104 16667 4078 1009 12589 14490 1119 985 642 1320
internal_count=483360 265244 12671 3144 2402 9527 2396 1291 218116 178313 1725 39803 5878 664 252573 46389 31899 21210 20091 3424 2104 16667 4078 1009 12589 14490 1119 985 642 1320
is_linear=0
shrinkage=0.08


Tree=266
num_leaves=31
num_cat=0
split_feature=15 33 7 2 19 39 2 0 8 2 7 7 2 39 39 39 23 8 8 8 8 8 33 33 15 8 1 23 8 25
split_gain=164.896 117.321 315.16 235.828 411.124 146.804 159.202 248.701 85.4638 145.572 155.8 573.912 645.572 286.734 244.082 208.973 813.937 186.758 163.472 95.324 80.7038 88.7671 265.118 88.0159 318.909 93.2353 61.9222 60.6493 95.061 59.8354
threshold=0.71040833333333342 4.0946916666666677 2.1326208333333336 5.5000000000000009 4.2593000000000005 34.492194707772832 2.5000000000000004 0.13387044270833334 0.13383363840633328 1.5000000000000002 0.95264083333333349 0.95534722222222235 2.5000000000000004 21.07590757345163 6.3112954564871666 22.00053896336021 2.9796750000000007 0.0024000847324288873 0.12539320160510772 0.00080675118969205718 0.0042210448158676609 0.0051176092131718452 -0.0070499999999997778 1.0000000180025095e-35 1.0000000180025095e-35 0.00080675118969205718 1.0000000180025095e-35 0.7158916666666667 0.0088367937866199106 0.73840833333333344
decision_type=2 2 2 2 2 2 2 2 2 2 2 2 2 2 2 2 2 2 2 2 2 2 2 2 2 2 2 2 2 2
left_child=20 8 3 4 -3 -4 -7 -8 9 19 27 26 13 14 17 18 -17 -13 -14 -2 23 22 -22 -1 -25 -26 -12 28 -11 -30
right_child=1 2 5 -5 -6 6 7 -9 -10 10 11 12 15 -15 -16 16 -18 -19 -20 -21 21 -23 -24 24 25 -27 -28 -29 29 -31
leaf_value=-1.04038883854135e-06 -6.5045213659686856e-12 -4.1094729468227341e-08 -8.6152596168176385e-11 2.335527682362226e-10 8.6898666040724493e-12 -6.6451524958210944e-08 5.0867754453065575e-13 0.043697228461436588 -7.7914566247390122e-05 0.00028458555043846977 -3.2267631980698043e-06 1.9067988512588842e-08 -1.2432922602556574e-09 2.3439632457211701e-11 -1.6605484720955132e-06 3.7445602174557282e-13 -1.1818633908688981e-06 -4.4416731751262264e-07 2.7951569572604029e-06 6.0613881601856437e-06 4.7855565700813558e-07 -2.7644351360294316e-09 -7.146276532659091e-07 -9.7078477639400701e-08 8.0189349139572765e-08 -1.0617368841390768e-05 1.2372477823596738e-07 -2.2097309834023805e-06 -6.0790419448863987e-05 1.7482890048459156e-05
leaf_weight=33925 9282 1591 7131 742 811 1105 680 611 206184 163 77 725 11604 1320 1095 1323 2755 284 985 5208 463 176588 1262 5214 523 141 1042 8315 1534 677
leaf_count=33925 9282 1591 7131 742 811 1105 680 611 206184 163 77 725 11604 1320 1095 1323 2755 284 985 5208 463 176588 1262 5214 523 141 1042 8315 1534 677
internal_value=-0.000392091 0.000947835 0.00845963 0.0304224 0.0182448 0.00121171 0.0183439 0.0374222 0.000570985 0.00367346 0.00669388 0.0106629 0.00755721 0.0391963 0.0208593 0.00105742 0.0167965 0.0492448 -0.00404099 -0.00297585 -0.00202153 -0.00129449 0.0167652 -0.0052786 0.0037591 0.0559759 0.0664236 -0.00118178 0.010096 0.00574943
internal_weight=483360 265244 12671 3144 2402 9527 2396 1291 252573 46389 31899 21210 20091 3424 2104 16667 4078 1009 12589 14490 218116 178313 1725 39803 5878 664 1119 10689 2374 2211
internal_count=483360 265244 12671 3144 2402 9527 2396 1291 252573 46389 31899 21210 20091 3424 2104 16667 4078 1009 12589 14490 218116 178313 1725 39803 5878 664 1119 10689 2374 2211
is_linear=0
shrinkage=0.08


Tree=267
num_leaves=31
num_cat=0
split_feature=15 33 7 2 19 39 2 0 8 8 33 33 15 8 8 2 7 7 2 39 39 39 23 8 8 1 5 23 7 8
split_gain=153.283 120.671 315.16 235.828 411.124 146.804 159.202 248.701 80.7038 88.7671 265.118 88.0159 318.909 93.2353 59.5613 179.748 179.265 573.912 645.572 286.734 244.082 208.973 813.937 186.758 163.472 61.9222 58.0008 85.5793 56.3629 49.8052
threshold=0.71040833333333342 4.0946916666666677 2.1326208333333336 5.5000000000000009 4.2593000000000005 34.492194707772832 2.5000000000000004 0.13387044270833334 0.0042210448158676609 0.0051176092131718452 -0.0070499999999997778 1.0000000180025095e-35 1.0000000180025095e-35 0.00080675118969205718 0.13383363840633328 1.5000000000000002 0.95264083333333349 0.95534722222222235 2.5000000000000004 21.07590757345163 6.3112954564871666 22.00053896336021 2.9796750000000007 0.0024000847324288873 0.12539320160510772 1.0000000180025095e-35 0.9889772222222224 0.9848083333333334 2.8210648611111115 0.0020238784942379303
decision_type=2 2 2 2 2 2 2 2 2 2 2 2 2 2 2 2 2 2 2 2 2 2 2 2 2 2 2 2 2 2
left_child=8 14 3 4 -3 -4 -7 -8 11 10 -10 -1 -13 -14 15 29 -17 25 19 20 23 24 -23 -19 -20 -18 27 -26 -21 -2
right_child=1 2 5 -5 -6 6 7 -9 9 -11 -12 12 13 -15 -16 16 17 18 21 28 -22 22 -24 -25 26 -27 -28 -29 -30 -31
leaf_value=-9.5715773145804196e-07 -5.9841553934347761e-12 -3.7807151116453498e-08 -7.9260402685576991e-11 2.1486854961949576e-10 7.9946715914047679e-12 -6.1135402944501042e-08 4.6796344577160198e-13 0.040201450184521682 4.4027120444748479e-07 -2.5432803251470773e-09 -6.5745744100463639e-07 -8.9312199428245862e-08 7.3774201208402779e-08 -9.7679793340795145e-06 -7.1681400947607438e-05 -2.0329525047291242e-06 -2.9686221422231541e-06 1.754254943087119e-08 -1.1438288893828031e-09 2.1564474650404007e-11 -1.5277045943307144e-06 3.4450664543328457e-13 -1.087314319612176e-06 -4.0863393211409973e-07 1.5958876021038293e-06 1.1382679597993218e-07 2.5715444006824129e-06 -1.2487174211806008e-06 -0.0023041848125797417 6.4194376493188905e-06
leaf_weight=33925 9344 1591 7131 742 811 1105 680 611 463 176588 1262 5214 523 141 206184 10689 77 725 11604 1261 1095 1323 2755 284 217 1042 343 425 59 5146
leaf_count=33925 9344 1591 7131 742 811 1105 680 611 463 176588 1262 5214 523 141 206184 10689 77 725 11604 1261 1095 1323 2755 284 217 1042 343 425 59 5146
internal_value=-0.000450515 0.000841367 0.00845963 0.0304224 0.0182448 0.00121171 0.0183439 0.0374222 -0.00202153 -0.00129449 0.0167652 -0.0052786 0.0037591 0.0559759 0.000459176 0.00304917 0.00640547 0.0106629 0.00755721 0.0391963 0.0208593 0.00105742 0.0167965 0.0492448 -0.00404099 0.0664236 0.0272487 0.0130592 0.0684242 -0.00433955
internal_weight=483360 265244 12671 3144 2402 9527 2396 1291 218116 178313 1725 39803 5878 664 252573 46389 31899 21210 20091 3424 2104 16667 4078 1009 12589 1119 985 642 1320 14490
internal_count=483360 265244 12671 3144 2402 9527 2396 1291 218116 178313 1725 39803 5878 664 252573 46389 31899 21210 20091 3424 2104 16667 4078 1009 12589 1119 985 642 1320 14490
is_linear=0
shrinkage=0.08


Tree=268
num_leaves=31
num_cat=0
split_feature=15 33 7 2 19 39 2 0 8 8 33 33 15 8 8 2 7 7 2 39 39 39 23 8 8 1 5 23 7 8
split_gain=157.281 119.498 315.16 235.828 411.124 146.804 159.202 248.701 80.7038 88.7671 265.118 88.0159 318.909 93.2353 57.7829 179.748 179.265 573.912 645.572 286.734 244.082 208.973 813.937 186.758 163.472 61.9222 58.0008 85.5793 56.3629 49.8052
threshold=0.71040833333333342 4.0946916666666677 2.1326208333333336 5.5000000000000009 4.2593000000000005 34.492194707772832 2.5000000000000004 0.13387044270833334 0.0042210448158676609 0.0051176092131718452 -0.0070499999999997778 1.0000000180025095e-35 1.0000000180025095e-35 0.00080675118969205718 0.13383363840633328 1.5000000000000002 0.95264083333333349 0.95534722222222235 2.5000000000000004 21.07590757345163 6.3112954564871666 22.00053896336021 2.9796750000000007 0.0024000847324288873 0.12539320160510772 1.0000000180025095e-35 0.9889772222222224 0.9848083333333334 2.8210648611111115 0.0020238784942379303
decision_type=2 2 2 2 2 2 2 2 2 2 2 2 2 2 2 2 2 2 2 2 2 2 2 2 2 2 2 2 2 2
left_child=8 14 3 4 -3 -4 -7 -8 11 10 -10 -1 -13 -14 15 29 -17 25 19 20 23 24 -23 -19 -20 -18 27 -26 -21 -2
right_child=1 2 5 -5 -6 6 7 -9 9 -11 -12 12 13 -15 -16 16 17 18 21 28 -22 22 -24 -25 26 -27 -28 -29 -30 -31
leaf_value=-8.8058511294139853e-07 -5.5054272252164086e-12 -3.4782579021452879e-08 -7.2919590365927437e-11 1.9767909975598741e-10 7.3551120749471018e-12 -5.6244570743047007e-08 4.3051784359704473e-13 0.036985334169759895 4.0504950809168598e-07 -2.3398178991353109e-09 -6.0486084572426545e-07 -8.216722347395567e-08 6.7872265111738187e-08 -8.986540987353156e-06 -6.5946888871799565e-05 -1.8703163043465311e-06 -2.7311323708456568e-06 1.6139145477822581e-08 -1.0523225668634951e-09 1.9839312415115275e-11 -1.4054882267799941e-06 3.1693758728579272e-13 -1.0003291740545707e-06 -3.7594321754319539e-07 1.4682165939383653e-06 1.0472065230082706e-07 2.3658208486310172e-06 -1.1488200274900607e-06 -0.002119850027573378 5.9058826373716155e-06
leaf_weight=33925 9344 1591 7131 742 811 1105 680 611 463 176588 1262 5214 523 141 206184 10689 77 725 11604 1261 1095 1323 2755 284 217 1042 343 425 59 5146
leaf_count=33925 9344 1591 7131 742 811 1105 680 611 463 176588 1262 5214 523 141 206184 10689 77 725 11604 1261 1095 1323 2755 284 217 1042 343 425 59 5146
internal_value=-0.000430157 0.000878465 0.00845963 0.0304224 0.0182448 0.00121171 0.0183439 0.0374222 -0.00202153 -0.00129449 0.0167652 -0.0052786 0.0037591 0.0559759 0.000498135 0.00304917 0.00640547 0.0106629 0.00755721 0.0391963 0.0208593 0.00105742 0.0167965 0.0492448 -0.00404099 0.0664236 0.0272487 0.0130592 0.0684242 -0.00433955
internal_weight=483360 265244 12671 3144 2402 9527 2396 1291 218116 178313 1725 39803 5878 664 252573 46389 31899 21210 20091 3424 2104 16667 4078 1009 12589 1119 985 642 1320 14490
internal_count=483360 265244 12671 3144 2402 9527 2396 1291 218116 178313 1725 39803 5878 664 252573 46389 31899 21210 20091 3424 2104 16667 4078 1009 12589 1119 985 642 1320 14490
is_linear=0
shrinkage=0.08


Tree=269
num_leaves=31
num_cat=0
split_feature=15 33 7 2 19 39 2 0 8 8 33 33 15 8 8 2 7 7 2 39 39 39 23 8 8 1 5 23 7 21
split_gain=156.693 119.669 315.16 235.828 411.124 146.804 159.202 248.701 80.7038 88.7671 265.118 88.0159 318.909 93.2353 55.7163 185.605 179.371 575.307 645.572 286.734 244.082 208.973 813.937 186.758 163.472 60.2036 58.0008 85.5793 56.3629 48.3728
threshold=0.71040833333333342 4.0946916666666677 2.1326208333333336 5.5000000000000009 4.2593000000000005 34.492194707772832 2.5000000000000004 0.13387044270833334 0.0042210448158676609 0.0051176092131718452 -0.0070499999999997778 1.0000000180025095e-35 1.0000000180025095e-35 0.00080675118969205718 0.13383363840633328 1.5000000000000002 0.95264083333333349 0.95534722222222235 2.5000000000000004 21.07590757345163 6.3112954564871666 22.00053896336021 2.9796750000000007 0.0024000847324288873 0.12539320160510772 1.0000000180025095e-35 0.9889772222222224 0.9848083333333334 2.8210648611111115 4.1700000000000008
decision_type=2 2 2 2 2 2 2 2 2 2 2 2 2 2 2 2 2 2 2 2 2 2 2 2 2 2 2 2 2 2
left_child=8 14 3 4 -3 -4 -7 -8 11 10 -10 -1 -13 -14 15 -2 -17 25 19 20 23 24 -23 -19 -20 -18 27 -26 -21 -11
right_child=1 2 5 -5 -6 6 7 -9 9 29 -12 12 13 -15 -16 16 17 18 21 28 -22 22 -24 -25 26 -27 -28 -29 -30 -31
leaf_value=-8.1013830390608672e-07 -5.0649973104555104e-12 -3.1999972733842697e-08 -6.7086034505337014e-11 1.818647632489956e-10 6.7667116354641624e-12 -5.1745005080761074e-08 3.9605652091267986e-13 0.034026507436179104 3.7264554744435109e-07 -0.00011813115674313366 -5.5647197806632414e-07 -7.5593845596036441e-08 6.244248390279567e-08 -8.2676177083649057e-06 -6.0671137762060571e-05 -1.7206909999956112e-06 -2.5126417811804914e-06 1.4848013840662589e-08 -9.6813675298790265e-10 1.8252173106247937e-11 -1.2930491686358181e-06 2.9157121161915714e-13 -9.2030284012167843e-07 -3.4586776013867394e-07 1.350759266420809e-06 9.6343000119958332e-08 2.1765551807373385e-06 -1.0569144252947638e-06 -0.0019502620253675218 -2.1526324672044859e-09
leaf_weight=33925 14490 1591 7131 742 811 1105 680 611 463 161262 1262 5214 523 141 206184 10689 77 725 11604 1261 1095 1323 2755 284 217 1042 343 425 59 15326
leaf_count=33925 14490 1591 7131 742 811 1105 680 611 463 161262 1262 5214 523 141 206184 10689 77 725 11604 1261 1095 1323 2755 284 217 1042 343 425 59 15326
internal_value=-0.000433137 0.000873036 0.00845963 0.0304224 0.0182448 0.00121171 0.0183439 0.0374222 -0.00202153 -0.00129449 0.0167652 -0.0052786 0.0037591 0.0559759 0.000492434 0.00299743 0.00640797 0.0106667 0.00755721 0.0391963 0.0208593 0.00105742 0.0167965 0.0492448 -0.00404099 0.0664951 0.0272487 0.0130592 0.0684242 -0.00147091
internal_weight=483360 265244 12671 3144 2402 9527 2396 1291 218116 178313 1725 39803 5878 664 252573 46389 31899 21210 20091 3424 2104 16667 4078 1009 12589 1119 985 642 1320 176588
internal_count=483360 265244 12671 3144 2402 9527 2396 1291 218116 178313 1725 39803 5878 664 252573 46389 31899 21210 20091 3424 2104 16667 4078 1009 12589 1119 985 642 1320 176588
is_linear=0
shrinkage=0.08


Tree=270
num_leaves=31
num_cat=0
split_feature=15 33 7 2 19 39 2 0 8 7 21 0 33 15 8 25 0 8 2 7 7 2 39 39 39 23 8 8 1 5
split_gain=140.37 119.65 315.16 235.828 411.124 146.804 159.202 248.701 88.5944 194.155 238.739 101.623 88.0159 318.909 93.2353 72.3337 84.4902 55.6881 185.605 179.371 575.307 645.572 286.734 244.082 208.973 813.937 186.758 163.472 60.2036 58.0008
threshold=0.71040833333333342 4.0946916666666677 2.1326208333333336 5.5000000000000009 4.2593000000000005 34.492194707772832 2.5000000000000004 0.13387044270833334 0.0042210448158676609 0.0065941666666666657 0.0062000000000000015 0.12569173177083334 1.0000000180025095e-35 1.0000000180025095e-35 0.00080675118969205718 0.021408333333333335 0.20662434895833337 0.13383363840633328 1.5000000000000002 0.95264083333333349 0.95534722222222235 2.5000000000000004 21.07590757345163 6.3112954564871666 22.00053896336021 2.9796750000000007 0.0024000847324288873 0.12539320160510772 1.0000000180025095e-35 0.9889772222222224
decision_type=2 2 2 2 2 2 2 2 2 2 2 2 2 2 2 2 2 2 2 2 2 2 2 2 2 2 2 2 2 2
left_child=8 17 3 4 -3 -4 -7 -8 12 10 15 -12 -1 -14 -15 16 -10 18 -2 -20 28 22 23 26 27 -26 -22 -23 -21 -29
right_child=1 2 5 -5 -6 6 7 -9 9 -11 11 -13 13 14 -16 -17 -18 -19 19 20 21 24 -24 -25 25 -27 -28 29 -30 -31
leaf_value=-7.4532723959359974e-07 -4.6598103153883134e-12 -2.9439974937872648e-08 -6.1719163113593828e-11 1.6731554808302462e-10 6.2253491250885417e-12 -4.7605404702721897e-08 3.6436631489777938e-13 0.031304386841284768 -3.1436038325317882e-06 -1.9804218698281271e-09 6.3647271447837009e-05 2.6914053810336845e-06 -6.9546337948325764e-08 5.7447085190578954e-08 -7.6062082916957163e-06 8.543315134810895e-07 0.00098174149962890656 -5.5817446741102117e-05 -1.5830357199941859e-06 -2.3116304386849863e-06 1.3660172735185939e-08 -8.9068581843321233e-10 1.6792007784260931e-11 -1.1896052351456632e-06 2.6822988274943782e-13 -8.4667861290910194e-07 -3.1819833933077747e-07 1.2426985251057233e-06 8.8635560109295857e-08 2.0024307662769303e-06
leaf_weight=33925 14490 1591 7131 742 811 1105 680 611 2363 174453 226 629 5214 523 141 213 429 206184 10689 77 725 11604 1320 1095 1323 2755 284 642 1042 343
leaf_count=33925 14490 1591 7131 742 811 1105 680 611 2363 174453 226 629 5214 523 141 213 429 206184 10689 77 725 11604 1320 1095 1323 2755 284 642 1042 343
internal_value=-0.00036263 0.000873639 0.00845963 0.0304224 0.0182448 0.00121171 0.0183439 0.0374222 -0.00186602 -0.00110426 0.0166425 0.0539415 -0.0052786 0.0037591 0.0559759 0.00602995 0.00260172 0.000493067 0.00299743 0.00640797 0.0106667 0.00755721 0.0391963 0.0208593 0.00105742 0.0167965 0.0492448 -0.00404099 0.0664951 0.0272487
internal_weight=483360 265244 12671 3144 2402 9527 2396 1291 218116 178313 3860 855 39803 5878 664 3005 2792 252573 46389 31899 21210 20091 3424 2104 16667 4078 1009 12589 1119 985
internal_count=483360 265244 12671 3144 2402 9527 2396 1291 218116 178313 3860 855 39803 5878 664 3005 2792 252573 46389 31899 21210 20091 3424 2104 16667 4078 1009 12589 1119 985
is_linear=0
shrinkage=0.08


Tree=271
num_leaves=31
num_cat=0
split_feature=15 33 7 2 19 39 2 0 8 7 21 0 33 15 8 25 8 8 2 2 5 2 39 23 23 7 39 23 7 8
split_gain=142.66 119.527 315.16 235.828 411.124 146.804 159.202 248.701 87.6448 172.606 240.029 113.452 88.0159 318.909 93.2353 75.8025 79.1908 55.508 181.226 202.94 633.531 236.354 184.463 618.675 238.284 581.409 184.451 333.588 56.3629 53.3463
threshold=0.71040833333333342 4.0946916666666677 2.1326208333333336 5.5000000000000009 4.2593000000000005 34.492194707772832 2.5000000000000004 0.13387044270833334 0.0042210448158676609 0.0065941666666666657 0.0062000000000000015 0.12569173177083334 1.0000000180025095e-35 1.0000000180025095e-35 0.00080675118969205718 0.021408333333333335 0.028112341566782838 0.10427891627175047 1.5000000000000002 2.5000000000000004 0.94773722222222212 4.5000000000000009 22.00053896336021 2.9796750000000007 0.95289166666666669 0.94465500000000002 21.07590757345163 0.97745000000000004 2.8210648611111115 0.002326496382598285
decision_type=2 2 2 2 2 2 2 2 2 2 2 2 2 2 2 2 2 2 2 2 2 2 2 2 2 2 2 2 2 2
left_child=8 17 3 4 -3 -4 -7 -8 12 10 15 -12 -1 -14 -15 16 -10 18 29 20 -20 -21 24 -24 25 -23 27 -22 -28 -2
right_child=1 2 5 -5 -6 6 7 -9 9 -11 11 -13 13 14 -16 -17 -18 -19 19 21 26 22 23 -25 -26 -27 28 -29 -30 -31
leaf_value=-6.8570106042611177e-07 -4.2870240690717767e-12 -2.7084776945685007e-08 -5.6781601642796887e-11 1.5393027297250229e-10 5.727329721594288e-12 -4.3796972306608949e-08 3.3523406273161527e-13 0.028800035893981987 -2.8921155259292732e-06 -1.8219881202418771e-09 5.8555489732010049e-05 2.4760929505510122e-06 -6.3982630912479139e-08 5.2851318375329163e-08 -6.9977116283600519e-06 7.8598499240260244e-07 0.0012547943146964697 -2.9274247218324947e-07 -4.1818605915757704e-05 -1.4675564763422245e-10 1.2567358913528893e-08 1.6660818486915474e-05 2.4677149212948282e-13 -1.3882876999211647e-05 -8.1943095864289716e-10 8.1544715300196912e-08 1.5448655688032886e-11 -1.0944368163379181e-06 -0.0017942410646814722 3.6985320252442836e-05
leaf_weight=33925 9349 1591 7131 742 811 1105 680 611 2609 174453 226 629 5214 523 141 213 183 212836 3161 9813 778 3049 1316 1399 4992 1152 1261 876 59 2532
leaf_count=33925 9349 1591 7131 742 811 1105 680 611 2609 174453 226 629 5214 523 141 213 183 212836 3161 9813 778 3049 1316 1399 4992 1152 1261 876 59 2532
internal_value=-0.000368754 0.00087756 0.00845963 0.0304224 0.0182448 0.00121171 0.0183439 0.0374222 -0.00188436 -0.00112669 0.0156062 0.0530058 -0.0052786 0.0037591 0.0559759 0.00496506 0.00145559 0.000497185 0.00324191 0.00677025 0.0196186 0.00314129 0.0107168 0.0290387 0.00530577 0.0193459 0.0461224 0.0283241 0.0684242 -0.00503055
internal_weight=483360 265244 12671 3144 2402 9527 2396 1291 218116 178313 3860 855 39803 5878 664 3005 2792 252573 39737 27856 6135 21721 11908 2715 9193 4201 2974 1654 1320 11881
internal_count=483360 265244 12671 3144 2402 9527 2396 1291 218116 178313 3860 855 39803 5878 664 3005 2792 252573 39737 27856 6135 21721 11908 2715 9193 4201 2974 1654 1320 11881
is_linear=0
shrinkage=0.08


Tree=272
num_leaves=31
num_cat=0
split_feature=15 33 7 2 19 39 2 0 8 7 33 8 0 31 25 8 8 2 7 7 2 39 39 39 23 8 8 1 5 23
split_gain=159.555 119.603 315.16 235.828 411.124 146.804 159.202 248.701 81.1579 89.4621 83.1791 309.855 141.719 77.7658 67.2663 72.2558 55.0062 187.933 178.738 575.307 645.572 286.734 244.082 208.973 813.937 186.758 163.472 60.2036 58.0008 85.5793
threshold=0.71040833333333342 4.0946916666666677 2.1326208333333336 5.5000000000000009 4.2593000000000005 34.492194707772832 2.5000000000000004 0.13387044270833334 0.0051176092131718452 0.0065941666666666657 1.0000000180025095e-35 0.00080675118969205718 0.12569173177083334 0.021408333333333335 0.021408333333333335 0.028112341566782838 0.13383363840633328 1.5000000000000002 0.95264083333333349 0.95534722222222235 2.5000000000000004 21.07590757345163 6.3112954564871666 22.00053896336021 2.9796750000000007 0.0024000847324288873 0.12539320160510772 1.0000000180025095e-35 0.9889772222222224 0.9848083333333334
decision_type=2 2 2 2 2 2 2 2 2 2 2 2 2 2 2 2 2 2 2 2 2 2 2 2 2 2 2 2 2 2
left_child=8 16 3 4 -3 -4 -7 -8 10 13 -1 12 -12 14 15 -10 17 -2 -19 27 21 22 25 26 -25 -21 -22 -20 29 -28
right_child=1 2 5 -5 -6 6 7 -9 9 -11 11 -13 -14 -15 -16 -17 -18 18 19 20 23 -23 -24 24 -26 -27 28 -29 -30 -31
leaf_value=-6.3084497559202293e-07 -3.9440450905203764e-12 -2.4917994778661523e-08 -5.2239101933082566e-11 1.4161585681904398e-10 5.2691717655761753e-12 -4.0293214524922409e-08 3.0844660159345952e-13 0.026496033022463467 -1.2934342781289258e-05 -1.6762290706225269e-09 -7.8194005352823914e-06 -5.8864020439503006e-08 4.8623212905302136e-08 0.00011030811476457431 7.2310619301039429e-07 0.0011544107695207518 -5.1328631604032896e-05 -2.7892583413535733e-06 -2.1266344491088772e-06 1.1561970199025495e-08 -7.5387649900449104e-10 1.4212773180588556e-11 -1.0068818710351479e-06 2.27018404075352e-13 -7.7893258342953687e-07 -2.6932307441107638e-07 1.1667020408712149e-06 7.502113807511535e-08 1.8656557027441068e-06 -1.04835775550427e-06
leaf_weight=35048 14490 1591 7131 742 811 1105 680 611 1542 174449 254 5670 556 207 207 183 206184 10689 77 725 11604 1320 1095 1323 2755 284 217 1042 343 425
leaf_count=35048 14490 1591 7131 742 811 1105 680 611 1542 174449 254 5670 556 207 207 183 206184 10689 77 725 11604 1320 1095 1323 2755 284 217 1042 343 425
internal_value=-0.000442902 0.000875147 0.00845963 0.0304224 0.0182448 0.00121171 0.0183439 0.0374222 -0.00204574 -0.00129739 -0.0052279 0.00309876 0.0493827 0.014964 0.00997101 0.0048 0.000494651 0.00298364 0.0064155 0.0106667 0.00755721 0.0391963 0.0208593 0.00105742 0.0167965 0.0492448 -0.00404099 0.0664951 0.0272487 0.0130592
internal_weight=483360 265244 12671 3144 2402 9527 2396 1291 218116 176588 41528 6480 810 2139 1932 1725 252573 46389 31899 21210 20091 3424 2104 16667 4078 1009 12589 1119 985 642
internal_count=483360 265244 12671 3144 2402 9527 2396 1291 218116 176588 41528 6480 810 2139 1932 1725 252573 46389 31899 21210 20091 3424 2104 16667 4078 1009 12589 1119 985 642
is_linear=0
shrinkage=0.08


Tree=273
num_leaves=31
num_cat=0
split_feature=15 33 7 2 19 39 2 0 8 21 8 2 2 5 2 39 23 23 7 39 23 7 8 8 33 8 0 33 0 19
split_gain=168.417 118.825 315.341 235.828 411.124 146.376 158.725 249.628 83.2588 58.3803 54.3339 183.952 203.723 631.662 235.895 184.463 618.675 238.284 581.409 184.451 333.588 56.3629 51.8006 47.8041 44.9944 331.843 141.719 39.869 37.6849 37.3693
threshold=0.71040833333333342 4.0946916666666677 2.1326208333333336 5.5000000000000009 4.2593000000000005 34.492194707772832 2.5000000000000004 0.13387044270833334 0.14017025764434085 4.1700000000000008 0.10427891627175047 1.5000000000000002 2.5000000000000004 0.94773722222222212 4.5000000000000009 22.00053896336021 2.9796750000000007 0.95289166666666669 0.94465500000000002 21.07590757345163 0.97745000000000004 2.8210648611111115 0.0042210448158676609 0.0088367937866199106 1.0000000180025095e-35 0.00080675118969205718 0.12569173177083334 4.285608333333335 0.13387044270833334 0.69999166666666668
decision_type=2 2 2 2 2 2 2 2 2 2 2 2 2 2 2 2 2 2 2 2 2 2 2 2 2 2 2 2 2 2
left_child=8 10 3 4 -3 -4 -7 -8 24 -10 11 22 13 -13 -14 17 23 18 29 20 -15 -21 -2 -17 -1 26 -26 -6 -11 -16
right_child=1 2 5 -5 27 6 7 -9 9 28 -12 12 14 19 15 16 -18 -19 -20 21 -22 -23 -24 -25 25 -27 -28 -29 -30 -31
leaf_value=-5.8037737754466111e-07 -3.6285285887061037e-12 -2.2924555196368603e-08 -4.8059973778435961e-11 1.3028660816871706e-10 4.8476067604497076e-12 -3.7069757397034663e-08 2.83790768662584e-13 0.024376350380666437 -0.00015251891468889234 -1.5421307449727246e-09 6.074808317890756e-07 -3.8249976775182052e-05 -7.4705077679482203e-11 1.0637012586300898e-08 1.5551093675272299e-05 2.0886403717668145e-13 -1.2709932232617405e-05 -6.9356637766304635e-10 6.901944702875085e-08 1.3075762694825244e-11 -9.2633132135588887e-07 -0.0016507017806439706 3.4026494947774208e-05 0.0050701712879957844 -7.1938484924598082e-06 -1.1952102923637466e-07 4.4733355872884907e-08 0.014856064645352789 0.047736798221602615 -1.904370152479018e-06
leaf_weight=53548 9396 1591 7131 742 694 1105 680 611 137247 12130 212836 3161 9813 778 226 1247 1399 4992 1152 1261 876 59 2485 69 254 11185 556 117 3196 2823
leaf_count=53548 9396 1591 7131 742 694 1105 680 611 137247 12130 212836 3161 9813 778 226 1247 1399 4992 1152 1261 876 59 2485 69 254 11185 556 117 3196 2823
internal_value=-0.000460611 0.000893545 0.00845332 0.0304224 0.0182448 0.00120331 0.0183105 0.0373602 -0.00210736 -0.00108292 0.000514289 0.00322983 0.0067846 0.0196577 0.00314866 0.0107168 0.0290387 0.00530577 0.0193459 0.0461224 0.0283241 0.0684242 -0.00510462 0.0684134 -0.00449208 -6.33616e-05 0.0493827 0.0646017 -0.00576589 0.00105215
internal_weight=483360 265244 12671 3144 2402 9527 2396 1291 218116 152573 252573 39737 27856 6135 21721 11908 2715 9193 4201 2974 1654 1320 11881 1316 65543 11995 810 811 15326 3049
internal_count=483360 265244 12671 3144 2402 9527 2396 1291 218116 152573 252573 39737 27856 6135 21721 11908 2715 9193 4201 2974 1654 1320 11881 1316 65543 11995 810 811 15326 3049
is_linear=0
shrinkage=0.08


Tree=274
num_leaves=31
num_cat=0
split_feature=15 33 33 39 6 6 2 8 8 7 25 7 33 15 8 8 8 2 7 7 2 39 39 39 23 8 8 1 5 23
split_gain=145.024 114.938 317.536 222.219 142.603 378.772 125.655 321.965 85.5923 109.047 231.551 161.037 88.0159 318.909 93.2353 55.9472 49.1654 204.509 178.317 575.307 645.572 286.734 244.082 208.973 813.937 186.758 163.472 60.2036 58.0008 85.5793
threshold=0.71040833333333342 4.0946916666666677 4.2660583333333344 33.498457628563202 2.2687953549117403 2.2720559821751647 5.5000000000000009 2.1475469529102438 0.0042210448158676609 0.0065941666666666657 0.0062583333333333345 0.0041731944444444455 1.0000000180025095e-35 1.0000000180025095e-35 0.00080675118969205718 0.028112341566782838 0.13383363840633328 1.5000000000000002 0.95264083333333349 0.95534722222222235 2.5000000000000004 21.07590757345163 6.3112954564871666 22.00053896336021 2.9796750000000007 0.0024000847324288873 0.12539320160510772 1.0000000180025095e-35 0.9889772222222224 0.9848083333333334
decision_type=2 2 2 2 2 2 2 2 2 2 2 2 2 2 2 2 2 2 2 2 2 2 2 2 2 2 2 2 2 2
left_child=8 16 3 -3 -4 -6 7 -5 12 10 15 -12 -1 -14 -15 -10 17 -2 -19 27 21 22 25 26 -25 -21 -22 -20 29 -28
right_child=1 2 4 6 5 -7 -8 -9 9 -11 11 -13 13 14 -16 -17 -18 18 19 20 23 -23 -24 24 -26 -27 28 -29 -30 -31
leaf_value=-5.3394718734108826e-07 -3.3382363540113147e-12 -1.5725760344764695e-06 -4.4215155980964486e-11 -2.1090590749395233e-08 2.6105340111826082e-13 0.0010712001401279776 1.1986365677785217e-10 4.4597925352718446e-12 -2.6464754798807835e-06 -1.4187602853749067e-09 -2.1940860093771591e-05 7.1168788777313557e-07 -4.4593216465479978e-08 4.1154687403059665e-08 -6.4236238941171864e-06 0.0011097815388552499 -4.7270939542265467e-05 -2.413768061844124e-06 -1.9564482078671119e-06 9.7860515779757411e-09 -6.3808105466023337e-10 1.2029701679239224e-11 -8.5222481565061521e-07 1.9216628288631911e-13 -7.1661200035322286e-07 -2.9637569499918469e-07 1.0247674110619443e-06 6.3497891265029693e-08 1.6678047799878471e-06 -1.0130876016045675e-06
leaf_weight=33925 14490 843 6613 710 693 2321 718 773 2824 174453 255 596 5214 523 141 185 206184 10689 77 725 11604 1320 1095 1323 2755 284 217 1042 343 425
leaf_count=33925 14490 843 6613 710 693 2321 718 773 2824 174453 255 596 5214 523 141 185 206184 10689 77 725 11604 1320 1095 1323 2755 284 217 1042 343 425
internal_value=-0.000396228 0.000860368 0.00829548 0.0308173 0.0011742 0.0155965 0.0441945 0.0308941 -0.00192434 -0.0011756 0.0121244 0.0489683 -0.0052786 0.0037591 0.0559759 0.00170422 0.000487366 0.0028405 0.00642051 0.0106667 0.00755721 0.0391963 0.0208593 0.00105742 0.0167965 0.0492448 -0.00404099 0.0664951 0.0272487 0.0130592
internal_weight=483360 265244 12671 3044 9627 3014 2201 1483 218116 178313 3860 851 39803 5878 664 3009 252573 46389 31899 21210 20091 3424 2104 16667 4078 1009 12589 1119 985 642
internal_count=483360 265244 12671 3044 9627 3014 2201 1483 218116 178313 3860 851 39803 5878 664 3009 252573 46389 31899 21210 20091 3424 2104 16667 4078 1009 12589 1119 985 642
is_linear=0
shrinkage=0.08


Tree=275
num_leaves=31
num_cat=0
split_feature=15 33 33 39 6 6 2 8 8 21 8 2 7 7 2 39 39 39 23 8 8 1 5 23 7 33 8 0 5 8
split_gain=162.52 114.882 317.536 222.219 142.603 378.772 125.655 321.965 84.7915 64.3438 49.0861 204.509 178.317 575.307 645.572 286.734 244.082 208.973 813.937 186.758 163.472 60.2036 58.0008 85.5793 56.3629 47.0691 329.092 141.719 45.1206 44.6473
threshold=0.71040833333333342 4.0946916666666677 4.2660583333333344 33.498457628563202 2.2687953549117403 2.2720559821751647 5.5000000000000009 2.1475469529102438 0.2310557960493396 4.1700000000000008 0.13383363840633328 1.5000000000000002 0.95264083333333349 0.95534722222222235 2.5000000000000004 21.07590757345163 6.3112954564871666 22.00053896336021 2.9796750000000007 0.0024000847324288873 0.12539320160510772 1.0000000180025095e-35 0.9889772222222224 0.9848083333333334 2.8210648611111115 1.0000000180025095e-35 0.00080675118969205718 0.12569173177083334 1.0201388888888892 0.0088367937866199106
decision_type=2 2 2 2 2 2 2 2 2 2 2 2 2 2 2 2 2 2 2 2 2 2 2 2 2 2 2 2 2 2
left_child=8 10 3 -3 -4 -6 7 -5 25 -10 11 -2 -13 21 15 16 19 20 29 -15 -16 -14 23 -22 -17 -1 27 -27 -24 -19
right_child=1 2 4 6 5 -7 -8 -9 9 -11 -12 12 13 14 17 24 -18 18 -20 -21 22 -23 28 -25 -26 26 -28 -29 -30 -31
leaf_value=-4.9123141235380108e-07 -3.0711788667758812e-12 -1.4467699516984568e-06 -4.0677932133803551e-11 -1.9403343500812298e-08 2.4016344468691384e-13 0.00098550412891773185 1.102745983416753e-10 4.1030290276466988e-12 -3.48634906055878e-05 -1.3052594625449142e-09 -4.3489264378884233e-05 -2.2206666168944623e-06 -1.7999323512363218e-06 9.0031674560009381e-09 -5.8703456318198735e-10 1.1067342597925746e-11 -7.840468304021187e-07 1.7678303265711292e-13 -6.5928304032070179e-07 -2.7266563940031574e-07 9.4278601817876513e-07 5.8418059962761507e-08 1.5343803975920168e-06 -9.3204059347762325e-07 -0.0015186456391548121 -6.6147731557457751e-06 -1.2965786036468752e-07 3.7862312410822526e-08 -0.0015973580198109971 0.012523797991077295
leaf_weight=62798 14490 843 6613 710 693 2321 718 773 124162 15326 206184 10689 77 725 11604 1261 1095 1247 2755 284 217 1042 269 425 59 254 15020 556 74 76
leaf_count=62798 14490 843 6613 710 693 2321 718 773 124162 15326 206184 10689 77 725 11604 1261 1095 1247 2755 284 217 1042 269 425 59 254 15020 556 74 76
internal_value=-0.000468059 0.000862178 0.00829548 0.0308173 0.0011742 0.0155965 0.0441945 0.0308941 -0.00208572 -0.00090147 0.000489267 0.0028405 0.00642051 0.0106667 0.00755721 0.0391963 0.0208593 0.00105742 0.0167965 0.0492448 -0.00404099 0.0664951 0.0272487 0.0130592 0.0684242 -0.0041866 -0.000288063 0.0493827 0.0538076 0.0683719
internal_weight=483360 265244 12671 3044 9627 3014 2201 1483 218116 139488 252573 46389 31899 21210 20091 3424 2104 16667 4078 1009 12589 1119 985 642 1320 78628 15830 810 343 1323
internal_count=483360 265244 12671 3044 9627 3014 2201 1483 218116 139488 252573 46389 31899 21210 20091 3424 2104 16667 4078 1009 12589 1119 985 642 1320 78628 15830 810 343 1323
is_linear=0
shrinkage=0.08


Tree=276
num_leaves=31
num_cat=0
split_feature=15 33 33 39 6 6 2 8 8 2 7 2 5 5 5 39 2 15 7 39 8 7 25 7 33 15 8 8 8 21
split_gain=171.033 107.455 317.714 222.219 142.242 379.159 125.655 321.965 116.573 325.113 258.377 574.83 674.476 173.679 319.592 152.492 842.679 113.951 89.9864 544.106 85.611 109.039 231.551 161.037 88.0159 318.909 93.2353 55.9472 53.4816 49.0533
threshold=0.71040833333333342 4.0946916666666677 4.2660583333333344 33.498457628563202 2.2687953549117403 2.2720559821751647 5.5000000000000009 2.1475469529102438 0.028112341566782838 1.5000000000000002 0.95264083333333349 2.5000000000000004 0.95289944444444452 2.7784577777777781 0.97745000000000004 22.00053896336021 5.5000000000000009 0.72187500000000016 0.97741888888888906 6.2903992149397903 0.0042210448158676609 0.0065941666666666657 0.0062583333333333345 0.0041731944444444455 1.0000000180025095e-35 1.0000000180025095e-35 0.00080675118969205718 0.028112341566782838 1.0000000180025095e-35 4.1700000000000008
decision_type=2 2 2 2 2 2 2 2 2 2 2 2 2 2 2 2 2 2 2 2 2 2 2 2 2 2 2 2 2 2
left_child=20 8 3 -3 -4 -6 7 -5 9 -2 17 13 -13 14 -12 18 -17 -11 19 -14 24 22 27 -24 -1 -26 -27 -22 -21 -23
right_child=1 2 4 6 5 -7 -8 -9 -10 10 11 12 15 -15 -16 16 -18 -19 -20 28 21 29 23 -25 25 26 -28 -29 -30 -31
leaf_value=-4.5193289936549702e-07 -2.8254731887500386e-12 -1.3310283555512114e-06 -3.7423717458295869e-11 -1.7851075995167776e-08 2.2097879082139117e-13 0.0009066637986043486 1.0145264184302505e-10 3.7747582837255322e-12 1.4116299657818132e-06 0.00026180864562058481 8.2829140612972196e-09 5.374461516716167e-08 -1.1225655181501537e-06 1.0181970822031873e-11 -7.2132308397421247e-07 -6.0654039710783538e-07 1.6264323221548694e-13 -2.0430132875404182e-06 -5.4007180949611215e-10 2.9280577962254029e-11 -2.4243848126610791e-06 -0.0004462580178688924 -2.014629277328156e-05 6.9405136973958876e-07 -3.0653130319024946e-08 3.4833327417962273e-08 -5.899361353758643e-06 0.0010210267437792597 -1.0875989385539243e-06 -1.2008387055413211e-09
leaf_weight=33925 9483 843 6613 710 693 2321 718 773 218545 347 772 1121 3038 1311 810 2691 1263 5742 6576 801 2824 159127 255 596 5214 523 141 185 73 15326
leaf_count=33925 9483 843 6613 710 693 2321 718 773 218545 347 772 1121 3038 1311 810 2691 1263 5742 6576 801 2824 159127 255 596 5214 523 141 185 73 15326
internal_value=-0.000264484 0.00110015 0.00828916 0.0308173 0.00116589 0.01557 0.0441945 0.0308941 0.000739491 0.0050951 0.00995559 0.0146701 0.00858292 0.0474165 0.0295727 0.00394294 0.0173313 -0.00433438 -0.0011045 0.00850307 -0.00192397 -0.00117515 0.0121244 0.0489683 -0.0052786 0.0037591 0.0559759 0.00170422 0.0641281 -0.00146942
internal_weight=483360 265244 12671 3044 9627 3014 2201 1483 252573 34028 24545 18456 15563 2893 1582 14442 3954 6089 10488 3912 218116 178313 3860 851 39803 5878 664 3009 874 174453
internal_count=483360 265244 12671 3044 9627 3014 2201 1483 252573 34028 24545 18456 15563 2893 1582 14442 3954 6089 10488 3912 218116 178313 3860 851 39803 5878 664 3009 874 174453
is_linear=0
shrinkage=0.08


Tree=277
num_leaves=31
num_cat=0
split_feature=15 33 33 39 6 6 2 8 8 2 7 2 5 5 5 39 2 15 8 7 39 21 8 7 33 8 0 7 7 0
split_gain=168.189 107.464 317.714 222.219 142.242 379.159 125.655 321.965 116.59 325.113 258.377 574.83 674.476 173.679 319.592 152.492 842.679 113.951 99.9948 89.9864 544.106 72.1588 53.4816 48.0931 47.1658 328.959 141.719 40.0347 38.011 36.725
threshold=0.71040833333333342 4.0946916666666677 4.2660583333333344 33.498457628563202 2.2687953549117403 2.2720559821751647 5.5000000000000009 2.1475469529102438 0.028112341566782838 1.5000000000000002 0.95264083333333349 2.5000000000000004 0.95289944444444452 2.7784577777777781 0.97745000000000004 22.00053896336021 5.5000000000000009 0.72187500000000016 0.2310557960493396 0.97741888888888906 6.2903992149397903 4.1700000000000008 1.0000000180025095e-35 2.8210648611111115 1.0000000180025095e-35 0.00080675118969205718 0.12569173177083334 0.71548055555555556 0.74347861111111102 0.13387044270833334
decision_type=2 2 2 2 2 2 2 2 2 2 2 2 2 2 2 2 2 2 2 2 2 2 2 2 2 2 2 2 2 2
left_child=18 8 3 -3 -4 -6 7 -5 9 -2 17 13 -13 14 -12 19 -17 27 24 20 -14 -20 -22 -15 28 26 -26 -11 -1 -23
right_child=1 2 4 6 5 -7 -8 -9 -10 10 11 12 15 23 -16 16 -18 -19 21 -21 22 29 -24 -25 25 -27 -28 -29 -30 -31
leaf_value=-4.1577826741625729e-07 -2.5994495445047507e-12 -1.2245460870730086e-06 -3.4429845641170685e-11 -1.6422989901343499e-08 2.0328627670096466e-13 0.00083413069471601604 9.333639638953173e-11 3.4727776210274897e-12 1.2986995685171366e-06 8.0818559620805531e-05 7.620280939590884e-09 4.9445045950946567e-08 -1.0327602767024046e-06 9.367404629756493e-12 -6.6361723725982814e-07 -5.5801716534631398e-07 1.4964030015107709e-13 -1.8795722245368296e-06 3.6262300723421957e-06 -4.9686605052556848e-10 2.6938131725273706e-11 -1.1047716090980154e-09 -1.000591023467834e-06 -0.0013971539888369834 -6.0831390528605889e-06 -1.1683298110999608e-07 3.2046661224520433e-08 0.00024086395397094229 0.0028668718975155727 0.043917854677863064
leaf_weight=62377 9483 843 6613 710 693 2321 718 773 218545 184 772 1121 3038 1261 810 2691 1263 5742 124162 6576 801 12130 73 50 254 15020 556 163 421 3196
leaf_count=62377 9483 843 6613 710 693 2321 718 773 218545 184 772 1121 3038 1261 810 2691 1263 5742 124162 6576 801 12130 73 50 254 15020 556 163 421 3196
internal_value=-0.000253395 0.00109985 0.00828916 0.0308173 0.00116589 0.01557 0.0441945 0.0308941 0.000739174 0.0050951 0.00995559 0.0146701 0.00858292 0.0474165 0.0295727 0.00394294 0.0173313 -0.00433438 -0.00189903 -0.0011045 0.00850307 -0.000612987 0.0641281 0.0689489 -0.0041805 -0.000277955 0.0493827 0.0401844 -0.00516424 -0.00579199
internal_weight=483360 265244 12671 3044 9627 3014 2201 1483 252573 34028 24545 18456 15563 2893 1582 14442 3954 6089 218116 10488 3912 139488 874 1311 78628 15830 810 347 62798 15326
internal_count=483360 265244 12671 3044 9627 3014 2201 1483 252573 34028 24545 18456 15563 2893 1582 14442 3954 6089 218116 10488 3912 139488 874 1311 78628 15830 810 347 62798 15326
is_linear=0
shrinkage=0.08


Tree=278
num_leaves=31
num_cat=0
split_feature=15 33 33 39 6 6 2 8 8 2 7 2 5 5 5 39 2 15 8 7 39 21 8 33 8 0 7 7 8 0
split_gain=170.626 107.464 317.714 222.219 142.242 379.159 125.655 321.965 116.59 325.113 258.377 574.83 674.476 173.679 319.592 152.492 842.679 113.951 102.845 89.9864 544.106 72.9377 53.4816 48.4783 328.959 141.719 48.0931 40.0347 35.7301 35.5896
threshold=0.71040833333333342 4.0946916666666677 4.2660583333333344 33.498457628563202 2.2687953549117403 2.2720559821751647 5.5000000000000009 2.1475469529102438 0.028112341566782838 1.5000000000000002 0.95264083333333349 2.5000000000000004 0.95289944444444452 2.7784577777777781 0.97745000000000004 22.00053896336021 5.5000000000000009 0.72187500000000016 0.2310557960493396 0.97741888888888906 6.2903992149397903 4.1700000000000008 1.0000000180025095e-35 1.0000000180025095e-35 0.00080675118969205718 0.12569173177083334 2.8210648611111115 0.71548055555555556 0.0024000847324288873 0.13387044270833334
decision_type=2 2 2 2 2 2 2 2 2 2 2 2 2 2 2 2 2 2 2 2 2 2 2 2 2 2 2 2 2 2
left_child=18 8 3 -3 -4 -6 7 -5 9 -2 17 13 -13 14 28 19 -17 27 23 20 -14 -20 -22 -1 25 -25 -15 -11 -12 -23
right_child=1 2 4 6 5 -7 -8 -9 -10 10 11 12 15 26 -16 16 -18 -19 21 -21 22 29 -24 24 -26 -27 -28 -29 -30 -31
leaf_value=-3.8251600602295669e-07 -2.3915092128845571e-12 -1.1265824001327475e-06 -3.1675426725996659e-11 -1.5109150695025164e-08 1.8701484805205837e-13 0.0007674002391387586 8.586951594224956e-11 3.1949554113452907e-12 1.1948036030329236e-06 7.4353074851138957e-05 7.0106584626472568e-09 4.5489442275226111e-08 -9.5013945456301485e-07 8.6179952063503151e-12 -6.1052785827797606e-07 -5.1337579211718774e-07 1.3766765505351941e-13 -1.7292064465745939e-06 3.3361316665292406e-06 -4.5711676222026656e-10 2.4783082253065914e-11 -1.0163898803701742e-09 -9.2054374158934136e-07 -5.5964879286317383e-06 -1.0748634262119916e-07 2.9482928326565738e-08 -0.0012853816697300147 0.00022159483765326726 -5.3938702906286549e-06 0.040404426303634014
leaf_weight=62798 9483 843 6613 710 693 2321 718 773 218545 184 725 1121 3038 1261 810 2691 1263 5742 124162 6576 801 12130 73 254 15020 556 50 163 47 3196
leaf_count=62798 9483 843 6613 710 693 2321 718 773 218545 184 725 1121 3038 1261 810 2691 1263 5742 124162 6576 801 12130 73 254 15020 556 50 163 47 3196
internal_value=-0.00026316 0.00109985 0.00828916 0.0308173 0.00116589 0.01557 0.0441945 0.0308941 0.000739174 0.0050951 0.00995559 0.0146701 0.00858292 0.0474165 0.0295727 0.00394294 0.0173313 -0.00433438 -0.00192067 -0.0011045 0.00850307 -0.000616428 0.0641281 -0.00423442 -0.000277955 0.0493827 0.0689489 0.0401844 0.0664041 -0.00582331
internal_weight=483360 265244 12671 3044 9627 3014 2201 1483 252573 34028 24545 18456 15563 2893 1582 14442 3954 6089 218116 10488 3912 139488 874 78628 15830 810 1311 347 772 15326
internal_count=483360 265244 12671 3044 9627 3014 2201 1483 252573 34028 24545 18456 15563 2893 1582 14442 3954 6089 218116 10488 3912 139488 874 78628 15830 810 1311 347 772 15326
is_linear=0
shrinkage=0.08


Tree=279
num_leaves=31
num_cat=0
split_feature=15 33 33 39 6 6 2 8 8 2 7 2 5 5 5 39 2 15 8 7 25 7 7 39 33 15 8 8 21 8
split_gain=153.005 107.473 317.714 222.219 142.242 379.159 125.655 321.965 116.481 324.992 258.734 574.83 674.476 173.679 319.592 152.492 842.679 112.841 94.1443 105.79 231.551 161.037 89.9864 544.106 88.0159 318.909 93.2353 55.9472 55.0419 63.8861
threshold=0.71040833333333342 4.0946916666666677 4.2660583333333344 33.498457628563202 2.2687953549117403 2.2720559821751647 5.5000000000000009 2.1475469529102438 0.028112341566782838 1.5000000000000002 0.95264083333333349 2.5000000000000004 0.95289944444444452 2.7784577777777781 0.97745000000000004 22.00053896336021 5.5000000000000009 0.72187500000000016 0.0042210448158676609 0.0065941666666666657 0.0062583333333333345 0.0041731944444444455 0.97741888888888906 6.2903992149397903 1.0000000180025095e-35 1.0000000180025095e-35 0.00080675118969205718 0.028112341566782838 4.1700000000000008 0.2310557960493396
decision_type=2 2 2 2 2 2 2 2 2 2 2 2 2 2 2 2 2 2 2 2 2 2 2 2 2 2 2 2 2 2
left_child=18 8 3 -3 -4 -6 7 -5 9 -2 17 13 -13 14 -12 22 -17 -11 24 20 27 -22 23 -14 -1 -26 -27 -20 29 -21
right_child=1 2 4 6 5 -7 -8 -9 -10 10 11 12 15 -15 -16 16 -18 -19 19 28 21 -23 -24 -25 25 26 -28 -29 -30 -31
leaf_value=-3.5191472554112019e-07 -2.2001955812811505e-12 -1.036455808147707e-06 -2.9141418167455413e-11 -1.390041866500269e-08 1.7202239632752026e-13 0.00070600822000768172 7.8999988772920916e-11 2.9393731892923825e-12 1.0992193147885133e-06 0.00020386725064100553 6.4498057827933057e-09 4.1850286889300036e-08 -8.7412829819832893e-07 7.9285555898422901e-12 -5.6168562961644858e-07 -4.7230572874923382e-07 1.2665424264923785e-13 -1.5908699308475605e-06 -2.2124884817495416e-06 -0.0011370681606255823 -1.84707258095439e-05 7.0239080203555879e-07 -4.2054743687458541e-10 2.2800437093906114e-11 -1.0255333994999005e-08 2.7124294060439093e-08 -5.4094668995594533e-06 0.00093939010041896559 -9.3507868994056025e-10 3.0692411331756376e-06
leaf_weight=33925 9483 843 6613 710 693 2321 718 773 218545 347 772 1121 3038 1311 810 2691 1263 5742 2824 34965 255 596 6576 874 5214 523 141 185 15326 124162
leaf_count=33925 9483 843 6613 710 693 2321 718 773 218545 347 772 1121 3038 1311 810 2691 1263 5742 2824 34965 255 596 6576 874 5214 523 141 185 15326 124162
internal_value=-0.000191164 0.00109954 0.00828916 0.0308173 0.00116589 0.01557 0.0441945 0.0308941 0.000738858 0.00509275 0.00995233 0.0146701 0.00858292 0.0474165 0.0295727 0.00394294 0.0173313 -0.00434751 -0.00176075 -0.0009755 0.0121244 0.0489683 -0.0011045 0.00850307 -0.0052786 0.0037591 0.0559759 0.00170422 -0.00126535 -0.00082435
internal_weight=483360 265244 12671 3044 9627 3014 2201 1483 252573 34028 24545 18456 15563 2893 1582 14442 3954 6089 218116 178313 3860 851 10488 3912 39803 5878 664 3009 174453 159127
internal_count=483360 265244 12671 3044 9627 3014 2201 1483 252573 34028 24545 18456 15563 2893 1582 14442 3954 6089 218116 178313 3860 851 10488 3912 39803 5878 664 3009 174453 159127
is_linear=0
shrinkage=0.08


Tree=280
num_leaves=31
num_cat=0
split_feature=15 33 33 39 6 6 2 8 8 2 7 2 5 5 5 39 2 15 8 7 39 21 8 7 33 8 0 7 8 0
split_gain=169.152 107.294 317.892 222.219 141.883 379.547 125.655 321.965 116.481 324.992 258.734 574.83 674.476 173.679 319.592 152.492 842.679 112.841 100.53 89.9864 544.106 73.4594 53.4816 48.0931 47.6582 328.892 141.719 40.6766 35.7301 34.8425
threshold=0.71040833333333342 4.0946916666666677 4.2660583333333344 33.498457628563202 2.2687953549117403 2.2720559821751647 5.5000000000000009 2.1475469529102438 0.028112341566782838 1.5000000000000002 0.95264083333333349 2.5000000000000004 0.95289944444444452 2.7784577777777781 0.97745000000000004 22.00053896336021 5.5000000000000009 0.72187500000000016 0.2310557960493396 0.97741888888888906 6.2903992149397903 4.1700000000000008 1.0000000180025095e-35 2.8210648611111115 1.0000000180025095e-35 0.00080675118969205718 0.12569173177083334 0.71548055555555556 0.0024000847324288873 0.13387044270833334
decision_type=2 2 2 2 2 2 2 2 2 2 2 2 2 2 2 2 2 2 2 2 2 2 2 2 2 2 2 2 2 2
left_child=18 8 3 -3 -4 -6 7 -5 9 -2 17 13 -13 14 28 19 -17 27 24 20 -14 -20 -22 -15 -1 26 -26 -11 -12 -23
right_child=1 2 4 6 5 -7 -8 -9 -10 10 11 12 15 23 -16 16 -18 -19 21 -21 22 29 -24 -25 25 -27 -28 -29 -30 -31
leaf_value=-3.2376154749783057e-07 -2.0241941456333734e-12 -9.5353934348452185e-07 -2.6810127451426525e-11 -1.2788385177486816e-08 1.5823786725377431e-13 0.00064952756240705127 7.2679995355429136e-11 2.7042545980293655e-12 1.0112817696050769e-06 5.2095448811764204e-05 5.9338213187487555e-09 3.8502263937090222e-08 -8.041980343431732e-07 7.2942540896292488e-12 -5.1675077925139592e-07 -4.3452127044929513e-07 1.1652900866465642e-13 -1.4636003363754925e-06 2.8237018425159022e-06 -3.8690362913484933e-10 2.097640283693636e-11 -8.6027239474531531e-10 -8.4690206629822746e-07 -0.001182551136785932 -5.1479484676215935e-06 -9.8067008491853348e-08 2.4954350535608127e-08 0.00018755787058972296 -4.9628766518416971e-06 0.037172072274149599
leaf_weight=62798 9483 843 6613 710 693 2321 718 773 218545 184 725 1121 3038 1261 810 2691 1263 5742 124162 6576 801 12130 73 50 254 15020 556 163 47 3196
leaf_count=62798 9483 843 6613 710 693 2321 718 773 218545 184 725 1121 3038 1261 810 2691 1263 5742 124162 6576 801 12130 73 50 254 15020 556 163 47 3196
internal_value=-0.000257864 0.00109924 0.00828285 0.0308173 0.00115758 0.0155435 0.0441945 0.0308941 0.000738858 0.00509275 0.00995233 0.0146701 0.00858292 0.0474165 0.0295727 0.00394294 0.0173313 -0.00434751 -0.0019082 -0.0011045 0.00850307 -0.000618722 0.0641281 0.0689489 -0.00419576 -0.000272901 0.0493827 0.0399539 0.0664041 -0.00584419
internal_weight=483360 265244 12671 3044 9627 3014 2201 1483 252573 34028 24545 18456 15563 2893 1582 14442 3954 6089 218116 10488 3912 139488 874 1311 78628 15830 810 347 772 15326
internal_count=483360 265244 12671 3044 9627 3014 2201 1483 252573 34028 24545 18456 15563 2893 1582 14442 3954 6089 218116 10488 3912 139488 874 1311 78628 15830 810 347 772 15326
is_linear=0
shrinkage=0.08


Tree=281
num_leaves=31
num_cat=0
split_feature=15 33 33 39 6 6 2 8 8 2 7 2 5 5 5 39 2 15 8 7 39 21 8 7 33 8 0 7 8 0
split_gain=169.399 107.294 317.892 222.219 141.883 379.547 125.655 321.965 116.481 324.992 258.734 574.83 674.476 173.679 319.592 152.492 842.679 112.841 100.336 89.9864 544.106 74.2453 53.4816 48.0931 47.6582 328.892 141.719 40.6766 35.7301 33.7367
threshold=0.71040833333333342 4.0946916666666677 4.2660583333333344 33.498457628563202 2.2687953549117403 2.2720559821751647 5.5000000000000009 2.1475469529102438 0.028112341566782838 1.5000000000000002 0.95264083333333349 2.5000000000000004 0.95289944444444452 2.7784577777777781 0.97745000000000004 22.00053896336021 5.5000000000000009 0.72187500000000016 0.2310557960493396 0.97741888888888906 6.2903992149397903 4.1700000000000008 1.0000000180025095e-35 2.8210648611111115 1.0000000180025095e-35 0.00080675118969205718 0.12569173177083334 0.71548055555555556 0.0024000847324288873 0.13387044270833334
decision_type=2 2 2 2 2 2 2 2 2 2 2 2 2 2 2 2 2 2 2 2 2 2 2 2 2 2 2 2 2 2
left_child=18 8 3 -3 -4 -6 7 -5 9 -2 17 13 -13 14 28 19 -17 27 24 20 -14 -20 -22 -15 -1 26 -26 -11 -12 -23
right_child=1 2 4 6 5 -7 -8 -9 -10 10 11 12 15 23 -16 16 -18 -19 21 -21 22 29 -24 -25 25 -27 -28 -29 -30 -31
leaf_value=-2.9786062369800415e-07 -1.8622614561536468e-12 -8.7725619600576012e-07 -2.4665283149261085e-11 -1.1765314340550504e-08 1.4559020655724454e-13 0.00059756535741447409 6.6865624148704228e-11 2.4878943349904147e-12 9.3037922803240754e-07 4.7927812906820576e-05 5.4591156128935834e-09 3.5422082822478274e-08 -7.3986219159216663e-07 6.7107208678862665e-12 -4.7541071690915259e-07 -3.9975956880766719e-07 1.0722089882619912e-13 -1.3465123094658082e-06 2.5978056951458937e-06 -3.5595132175103572e-10 1.9298287412539138e-11 -7.9145060316569018e-10 -7.7914990099792196e-07 -0.0010879470458430519 -4.7361125902118696e-06 -9.0221647812485652e-08 2.2958002492759478e-08 0.00017255324094254121 -4.5658465196929401e-06 0.034198306492217653
leaf_weight=62798 9483 843 6613 710 693 2321 718 773 218545 184 725 1121 3038 1261 810 2691 1263 5742 124162 6576 801 12130 73 50 254 15020 556 163 47 3196
leaf_count=62798 9483 843 6613 710 693 2321 718 773 218545 184 725 1121 3038 1261 810 2691 1263 5742 124162 6576 801 12130 73 50 254 15020 556 163 47 3196
internal_value=-0.000258857 0.00109924 0.00828285 0.0308173 0.00115758 0.0155435 0.0441945 0.0308941 0.000738858 0.00509275 0.00995233 0.0146701 0.00858292 0.0474165 0.0295727 0.00394294 0.0173313 -0.00434751 -0.0019104 -0.0011045 0.00850307 -0.000622163 0.0641281 0.0689489 -0.00419576 -0.000272901 0.0493827 0.0399539 0.0664041 -0.00587551
internal_weight=483360 265244 12671 3044 9627 3014 2201 1483 252573 34028 24545 18456 15563 2893 1582 14442 3954 6089 218116 10488 3912 139488 874 1311 78628 15830 810 347 772 15326
internal_count=483360 265244 12671 3044 9627 3014 2201 1483 252573 34028 24545 18456 15563 2893 1582 14442 3954 6089 218116 10488 3912 139488 874 1311 78628 15830 810 347 772 15326
is_linear=0
shrinkage=0.08


Tree=282
num_leaves=31
num_cat=0
split_feature=15 33 33 39 6 6 2 8 8 2 7 2 5 5 5 39 2 15 7 39 8 33 15 7 25 7 8 21 8 8
split_gain=142.084 107.312 317.892 222.219 141.883 379.547 125.655 321.965 116.515 324.992 258.734 574.83 674.476 173.679 319.592 152.492 842.679 112.841 89.9864 544.106 73.6941 154.461 278.236 105.587 231.551 161.037 93.2353 56.6167 61.0488 55.9472
threshold=0.71040833333333342 4.0946916666666677 4.2660583333333344 33.498457628563202 2.2687953549117403 2.2720559821751647 5.5000000000000009 2.1475469529102438 0.028112341566782838 1.5000000000000002 0.95264083333333349 2.5000000000000004 0.95289944444444452 2.7784577777777781 0.97745000000000004 22.00053896336021 5.5000000000000009 0.72187500000000016 0.97741888888888906 6.2903992149397903 0.0042210448158676609 1.0000000180025095e-35 1.0000000180025095e-35 0.0065941666666666657 0.0062583333333333345 0.0041731944444444455 0.00080675118969205718 4.1700000000000008 0.2310557960493396 0.028112341566782838
decision_type=2 2 2 2 2 2 2 2 2 2 2 2 2 2 2 2 2 2 2 2 2 2 2 2 2 2 2 2 2 2
left_child=20 8 3 -3 -4 -6 7 -5 9 -2 17 13 -13 14 -12 18 -17 -11 19 -14 21 -1 -23 24 29 -26 -24 28 -25 -22
right_child=1 2 4 6 5 -7 -8 -9 -10 10 11 12 15 -15 -16 16 -18 -19 -20 -21 23 22 26 27 25 -27 -28 -29 -30 -31
leaf_value=-2.7403177380216381e-07 -1.7132961716015416e-12 -8.0707570035087886e-07 -2.2692034917781711e-11 -1.0824089216043832e-08 1.339373056907789e-13 0.00054976012882134004 6.1516374216807889e-11 2.2888713147040107e-12 8.5594888979301229e-07 0.00015874898166713615 5.0223863645726395e-09 3.2588316196680013e-08 -6.8067321626230634e-07 6.1738703038827224e-12 -4.3737785955677565e-07 -3.6777880328742186e-07 9.8658858860289909e-14 -1.2387913247113857e-06 -3.2747522027420928e-10 1.7754420156279594e-11 -2.0204263107052868e-06 5.6281852289785666e-09 2.1121362293336639e-08 -0.0010460737491121796 -1.6943337971084723e-05 6.9592931156838081e-07 -4.9616464550903544e-06 -7.2813455491243494e-10 2.3899812395455911e-06 0.00086427475533458833
leaf_weight=33925 9483 843 6613 710 693 2321 718 773 218545 347 772 1121 3038 1311 810 2691 1263 5742 6576 874 2824 5214 523 34965 255 596 141 15326 124162 185
leaf_count=33925 9483 843 6613 710 693 2321 718 773 218545 347 772 1121 3038 1311 810 2691 1263 5742 6576 874 2824 5214 523 34965 255 596 141 15326 124162 185
internal_value=-0.000145153 0.00109864 0.00828285 0.0308173 0.00115758 0.0155435 0.0441945 0.0308941 0.000738224 0.00509275 0.00995233 0.0146701 0.00858292 0.0474165 0.0295727 0.00394294 0.0173313 -0.00434751 -0.0011045 0.00850307 -0.00165769 -0.00477009 0.00720245 -0.000962938 0.0121244 0.0489683 0.0559759 -0.00125251 -0.000805246 0.00170422
internal_weight=483360 265244 12671 3044 9627 3014 2201 1483 252573 34028 24545 18456 15563 2893 1582 14442 3954 6089 10488 3912 218116 39803 5878 178313 3860 851 664 174453 159127 3009
internal_count=483360 265244 12671 3044 9627 3014 2201 1483 252573 34028 24545 18456 15563 2893 1582 14442 3954 6089 10488 3912 218116 39803 5878 178313 3860 851 664 174453 159127 3009
is_linear=0
shrinkage=0.08


Tree=283
num_leaves=31
num_cat=0
split_feature=15 33 33 39 6 6 2 8 8 2 7 2 5 5 5 39 2 15 7 39 8 33 8 0 21 8 7 7 8 7
split_gain=157.612 107.312 317.892 222.219 141.883 379.547 125.655 321.965 116.515 324.992 258.734 574.83 674.476 173.679 319.592 152.492 842.679 112.841 89.9864 544.106 84.1761 74.9197 311.977 141.719 74.7715 53.4816 48.0931 40.6766 35.7301 34.3984
threshold=0.71040833333333342 4.0946916666666677 4.2660583333333344 33.498457628563202 2.2687953549117403 2.2720559821751647 5.5000000000000009 2.1475469529102438 0.028112341566782838 1.5000000000000002 0.95264083333333349 2.5000000000000004 0.95289944444444452 2.7784577777777781 0.97745000000000004 22.00053896336021 5.5000000000000009 0.72187500000000016 0.97741888888888906 6.2903992149397903 0.2310557960493396 1.0000000180025095e-35 0.00080675118969205718 0.12569173177083334 4.1700000000000008 1.0000000180025095e-35 2.8210648611111115 0.71548055555555556 0.0024000847324288873 0.74347861111111102
decision_type=2 2 2 2 2 2 2 2 2 2 2 2 2 2 2 2 2 2 2 2 2 2 2 2 2 2 2 2 2 2
left_child=20 8 3 -3 -4 -6 7 -5 9 -2 17 13 -13 14 28 18 -17 27 19 -14 21 29 23 -23 -22 -21 -15 -11 -12 -1
right_child=1 2 4 6 5 -7 -8 -9 -10 10 11 12 15 26 -16 16 -18 -19 -20 25 24 22 -24 -25 -26 -27 -28 -29 -30 -31
leaf_value=-2.5210923189799073e-07 -1.5762324778734183e-12 -7.4250964431143986e-07 -2.0876669282188232e-11 -9.958162081602495e-09 1.2320811038080137e-13 0.0005057793185156141 5.6595084174659861e-11 2.105764451698633e-12 7.8747297861170295e-07 3.1393669340902266e-05 4.6205954529199291e-09 2.9981250904143054e-08 -6.2621935896345345e-07 5.6799720482558768e-12 -4.0238763078903615e-07 -3.3835649901448053e-07 9.0771834493352801e-14 -1.1396880187319881e-06 -3.0127718986250331e-10 1.6334062991063547e-11 2.1987827403791015e-06 -4.3576738378132453e-06 -8.3454170805782875e-08 1.9431653309875258e-08 -6.6988379051944026e-10 -7.1681932927170073e-07 -0.0010009112826694989 0.00014604906313376632 -4.2009805890330655e-06 0.0028122538295475151
leaf_weight=62377 9483 843 6613 710 693 2321 718 773 218545 184 725 1121 3038 1261 810 2691 1263 5742 6576 801 124162 254 15020 556 15326 73 50 163 47 421
leaf_count=62377 9483 843 6613 710 693 2321 718 773 218545 184 725 1121 3038 1261 810 2691 1263 5742 6576 801 124162 254 15020 556 15326 73 50 163 47 421
internal_value=-0.000211356 0.00109864 0.00828285 0.0308173 0.00115758 0.0155435 0.0441945 0.0308941 0.000738224 0.00509275 0.00995233 0.0146701 0.00858292 0.0474165 0.0295727 0.00394294 0.0173313 -0.00434751 -0.0011045 0.00850307 -0.0018044 -0.00389765 0.00102084 0.0493827 -0.000624457 0.0641281 0.0689489 0.0399539 0.0664041 -0.00513749
internal_weight=483360 265244 12671 3044 9627 3014 2201 1483 252573 34028 24545 18456 15563 2893 1582 14442 3954 6089 10488 3912 218116 78628 15830 810 139488 874 1311 347 772 62798
internal_count=483360 265244 12671 3044 9627 3014 2201 1483 252573 34028 24545 18456 15563 2893 1582 14442 3954 6089 10488 3912 218116 78628 15830 810 139488 874 1311 347 772 62798
is_linear=0
shrinkage=0.08


Tree=284
num_leaves=31
num_cat=0
split_feature=15 33 33 39 6 6 2 8 8 2 7 2 5 5 5 39 2 15 7 39 8 33 8 0 21 8 7 7 8 8
split_gain=159.529 107.312 317.892 222.219 141.883 379.547 125.655 321.965 116.515 324.992 258.734 574.83 674.476 173.679 319.592 152.492 842.679 112.841 89.9864 544.106 86.7067 76.4149 311.977 141.719 74.7715 53.4816 48.0931 40.6766 35.7301 33.2119
threshold=0.71040833333333342 4.0946916666666677 4.2660583333333344 33.498457628563202 2.2687953549117403 2.2720559821751647 5.5000000000000009 2.1475469529102438 0.028112341566782838 1.5000000000000002 0.95264083333333349 2.5000000000000004 0.95289944444444452 2.7784577777777781 0.97745000000000004 22.00053896336021 5.5000000000000009 0.72187500000000016 0.97741888888888906 6.2903992149397903 0.2310557960493396 1.0000000180025095e-35 0.00080675118969205718 0.12569173177083334 4.1700000000000008 1.0000000180025095e-35 2.8210648611111115 0.71548055555555556 0.0024000847324288873 2.1631606750402033
decision_type=2 2 2 2 2 2 2 2 2 2 2 2 2 2 2 2 2 2 2 2 2 2 2 2 2 2 2 2 2 2
left_child=20 8 3 -3 -4 -6 7 -5 9 -2 17 13 -13 14 28 18 -17 27 19 -14 21 -1 23 -23 -22 -21 -15 -11 -12 -9
right_child=1 2 4 6 5 -7 -8 29 -10 10 11 12 15 26 -16 16 -18 -19 -20 25 24 22 -24 -25 -26 -27 -28 -29 -30 -31
leaf_value=-2.3194049334615149e-07 -1.4501466694127885e-12 -6.831088727921042e-07 -1.9206538581784116e-11 -9.1615090980212701e-09 1.1333156635373599e-13 0.00046531697303434045 5.2067505862396504e-11 1.937294769049913e-12 7.2447514032347726e-07 2.8882175793629727e-05 4.2509478159757919e-09 2.7582750830035252e-08 -5.7612181024957466e-07 5.2255799687372932e-12 -3.7019662032733439e-07 -3.1128797910895401e-07 8.3524298588599782e-14 -1.0485129772330738e-06 -2.7717501183133209e-10 1.5027339372863934e-11 2.0228801211175097e-06 -4.0090599307881883e-06 -7.6777837141328578e-08 1.7877121045086625e-08 -6.1629308727788505e-10 -6.5947378293351731e-07 -0.00092083838005592618 0.00013436513808306571 -3.864902141907933e-06 0.024317719393609265
leaf_weight=62798 9483 843 6613 710 693 2321 718 727 218545 184 725 1121 3038 1261 810 2691 1263 5742 6576 801 124162 254 15020 556 15326 73 50 163 47 46
leaf_count=62798 9483 843 6613 710 693 2321 718 727 218545 184 725 1121 3038 1261 810 2691 1263 5742 6576 801 124162 254 15020 556 15326 73 50 163 47 46
internal_value=-0.0002193 0.00109864 0.00828285 0.0308173 0.00115758 0.0155435 0.0441945 0.0308941 0.000738224 0.00509275 0.00995233 0.0146701 0.00858292 0.0474165 0.0295727 0.00394294 0.0173313 -0.00434751 -0.0011045 0.00850307 -0.001822 -0.00394648 0.00102084 0.0493827 -0.000624457 0.0641281 0.0689489 0.0399539 0.0664041 0.0666184
internal_weight=483360 265244 12671 3044 9627 3014 2201 1483 252573 34028 24545 18456 15563 2893 1582 14442 3954 6089 10488 3912 218116 78628 15830 810 139488 874 1311 347 772 773
internal_count=483360 265244 12671 3044 9627 3014 2201 1483 252573 34028 24545 18456 15563 2893 1582 14442 3954 6089 10488 3912 218116 78628 15830 810 139488 874 1311 347 772 773
is_linear=0
shrinkage=0.08


Tree=285
num_leaves=31
num_cat=0
split_feature=15 33 33 39 6 6 2 8 8 2 7 2 5 5 5 39 2 15 7 39 8 33 8 0 21 8 7 7 8 8
split_gain=159.529 107.312 317.892 222.219 141.883 379.547 125.655 321.965 116.515 324.992 258.734 574.83 674.476 173.679 319.592 152.492 842.679 112.841 89.9864 544.106 86.7067 76.4149 311.977 141.719 74.7715 53.4816 48.0931 40.6766 35.7301 33.2119
threshold=0.71040833333333342 4.0946916666666677 4.2660583333333344 33.498457628563202 2.2687953549117403 2.2720559821751647 5.5000000000000009 2.1475469529102438 0.028112341566782838 1.5000000000000002 0.95264083333333349 2.5000000000000004 0.95289944444444452 2.7784577777777781 0.97745000000000004 22.00053896336021 5.5000000000000009 0.72187500000000016 0.97741888888888906 6.2903992149397903 0.2310557960493396 1.0000000180025095e-35 0.00080675118969205718 0.12569173177083334 4.1700000000000008 1.0000000180025095e-35 2.8210648611111115 0.71548055555555556 0.0024000847324288873 2.1631606750402033
decision_type=2 2 2 2 2 2 2 2 2 2 2 2 2 2 2 2 2 2 2 2 2 2 2 2 2 2 2 2 2 2
left_child=20 8 3 -3 -4 -6 7 -5 9 -2 17 13 -13 14 28 18 -17 27 19 -14 21 -1 23 -23 -22 -21 -15 -11 -12 -9
right_child=1 2 4 6 5 -7 -8 29 -10 10 11 12 15 26 -16 16 -18 -19 -20 25 24 22 -24 -25 -26 -27 -28 -29 -30 -31
leaf_value=-2.1338525387845934e-07 -1.3341505677999522e-12 -6.2846016298578892e-07 -1.7669989915702899e-11 -8.4285883872325947e-09 1.042366193360067e-13 0.00042809161519156877 4.7902091182550065e-11 1.7823253983806353e-12 6.6651712909759914e-07 2.6571601730136506e-05 3.9108719906977286e-09 2.5376130761145534e-08 -5.3003206542889817e-07 4.807532150152838e-12 -3.4058089069866072e-07 -2.8638494079302748e-07 7.6845196872454832e-14 -9.6463193905549354e-07 -2.5500099809505631e-10 1.3825154354663027e-11 1.8610497114224245e-06 -3.6883351363251398e-06 -7.0635610170052822e-08 1.6446951361485941e-08 -5.6698964029565428e-10 -6.0671588030025704e-07 -0.00084717130965145777 0.00012361592703642011 -3.5557099705574303e-06 0.022372301842120502
leaf_weight=62798 9483 843 6613 710 693 2321 718 727 218545 184 725 1121 3038 1261 810 2691 1263 5742 6576 801 124162 254 15020 556 15326 73 50 163 47 46
leaf_count=62798 9483 843 6613 710 693 2321 718 727 218545 184 725 1121 3038 1261 810 2691 1263 5742 6576 801 124162 254 15020 556 15326 73 50 163 47 46
internal_value=-0.0002193 0.00109864 0.00828285 0.0308173 0.00115758 0.0155435 0.0441945 0.0308941 0.000738224 0.00509275 0.00995233 0.0146701 0.00858292 0.0474165 0.0295727 0.00394294 0.0173313 -0.00434751 -0.0011045 0.00850307 -0.001822 -0.00394648 0.00102084 0.0493827 -0.000624457 0.0641281 0.0689489 0.0399539 0.0664041 0.0666184
internal_weight=483360 265244 12671 3044 9627 3014 2201 1483 252573 34028 24545 18456 15563 2893 1582 14442 3954 6089 10488 3912 218116 78628 15830 810 139488 874 1311 347 772 773
internal_count=483360 265244 12671 3044 9627 3014 2201 1483 252573 34028 24545 18456 15563 2893 1582 14442 3954 6089 10488 3912 218116 78628 15830 810 139488 874 1311 347 772 773
is_linear=0
shrinkage=0.08


Tree=286
num_leaves=31
num_cat=0
split_feature=15 33 33 39 6 6 2 8 8 2 7 2 5 5 5 39 2 15 7 39 8 33 15 7 25 7 8 21 8 8
split_gain=142.386 107.312 317.892 222.219 141.883 379.547 125.655 321.965 116.515 324.992 258.734 574.83 674.476 173.679 319.592 152.492 842.679 112.841 89.9864 544.106 73.5552 154.461 278.236 105.311 231.811 161.037 93.2353 56.5385 61.5666 54.8868
threshold=0.71040833333333342 4.0946916666666677 4.2660583333333344 33.498457628563202 2.2687953549117403 2.2720559821751647 5.5000000000000009 2.1475469529102438 0.028112341566782838 1.5000000000000002 0.95264083333333349 2.5000000000000004 0.95289944444444452 2.7784577777777781 0.97745000000000004 22.00053896336021 5.5000000000000009 0.72187500000000016 0.97741888888888906 6.2903992149397903 0.0042210448158676609 1.0000000180025095e-35 1.0000000180025095e-35 0.0065941666666666657 0.0062583333333333345 0.0041731944444444455 0.00080675118969205718 4.1700000000000008 0.2310557960493396 0.028112341566782838
decision_type=2 2 2 2 2 2 2 2 2 2 2 2 2 2 2 2 2 2 2 2 2 2 2 2 2 2 2 2 2 2
left_child=20 8 3 -3 -4 -6 7 -5 9 -2 17 13 -13 14 -12 18 -17 -11 19 -14 21 -1 -23 24 29 -26 -24 28 -25 -22
right_child=1 2 4 6 5 -7 -8 -9 -10 10 11 12 15 -15 -16 16 -18 -19 -20 -21 23 22 26 27 25 -27 -28 -29 -30 -31
leaf_value=-1.9631443356818261e-07 -1.2274270488887851e-12 -5.7818334994408363e-07 -1.6256365142908181e-11 -7.7543013077274745e-09 9.5923269327613525e-14 0.00039384428597626428 4.4069921045775118e-11 1.6397194713135833e-12 6.1319575877405447e-07 0.00011372665287350259 3.5980022339288097e-09 2.3346040300964434e-08 -4.8762950019209942e-07 4.4229153672858958e-12 -3.1333441944170206e-07 -2.6347414554095396e-07 7.0699002208129976e-14 -8.8746138392714614e-07 -2.3460092535287916e-10 1.2719141295747249e-11 -1.8403227963993685e-06 2.364733986001677e-08 1.5131195252558739e-08 -0.00096797986615021264 -1.5532076135068139e-05 6.9604976497271843e-07 -4.5462453292337627e-06 -5.216304690720019e-10 1.7121657344887354e-06 0.00079517363938685611
leaf_weight=33925 9483 843 6613 710 693 2321 718 773 218545 347 772 1121 3038 1311 810 2691 1263 5742 6576 874 2824 5214 523 34965 255 596 141 15326 124162 185
leaf_count=33925 9483 843 6613 710 693 2321 718 773 218545 347 772 1121 3038 1311 810 2691 1263 5742 6576 874 2824 5214 523 34965 255 596 141 15326 124162 185
internal_value=-0.000146477 0.00109864 0.00828285 0.0308173 0.00115758 0.0155435 0.0441945 0.0308941 0.000738224 0.00509275 0.00995233 0.0146701 0.00858292 0.0474165 0.0295727 0.00394294 0.0173313 -0.00434751 -0.0011045 0.00850307 -0.00166062 -0.00477009 0.00720245 -0.000966527 0.0121036 0.0489683 0.0559759 -0.00125572 -0.000808765 0.00167763
internal_weight=483360 265244 12671 3044 9627 3014 2201 1483 252573 34028 24545 18456 15563 2893 1582 14442 3954 6089 10488 3912 218116 39803 5878 178313 3860 851 664 174453 159127 3009
internal_count=483360 265244 12671 3044 9627 3014 2201 1483 252573 34028 24545 18456 15563 2893 1582 14442 3954 6089 10488 3912 218116 39803 5878 178313 3860 851 664 174453 159127 3009
is_linear=0
shrinkage=0.08


end of trees

feature_importances:
rolling_std_60min=1228
rolling_mean_60min=1101
rolling_mean_15min=947
day_of_week=891
cpu_rate_of_change=787
cpu_memory_ratio=659
memory_usage=577
rolling_std_15min=463
lag_6=302
lag_1=230
lag_2=223
lag_10=208
lag_4=191
lag_9=186
lag_7=182
lag_5=181
hour_of_day=105
lag_3=78
lag_8=38
minute_of_hour=33

parameters:
[boosting: gbdt]
[objective: quantile]
[metric: quantile]
[tree_learner: serial]
[device_type: cpu]
[data_sample_strategy: bagging]
[data: ]
[valid: ]
[num_iterations: 300]
[learning_rate: 0.08]
[num_leaves: 31]
[num_threads: 0]
[seed: 0]
[deterministic: 0]
[force_col_wise: 0]
[force_row_wise: 0]
[histogram_pool_size: -1]
[max_depth: -1]
[min_data_in_leaf: 20]
[min_sum_hessian_in_leaf: 0.001]
[bagging_fraction: 1]
[pos_bagging_fraction: 1]
[neg_bagging_fraction: 1]
[bagging_freq: 0]
[bagging_seed: 3]
[bagging_by_query: 0]
[feature_fraction: 1]
[feature_fraction_bynode: 1]
[feature_fraction_seed: 2]
[extra_trees: 0]
[extra_seed: 6]
[early_stopping_round: 0]
[early_stopping_min_delta: 0]
[first_metric_only: 0]
[max_delta_step: 0]
[lambda_l1: 0]
[lambda_l2: 0]
[linear_lambda: 0]
[min_gain_to_split: 0]
[drop_rate: 0.1]
[max_drop: 50]
[skip_drop: 0.5]
[xgboost_dart_mode: 0]
[uniform_drop: 0]
[drop_seed: 4]
[top_rate: 0.2]
[other_rate: 0.1]
[min_data_per_group: 100]
[max_cat_threshold: 32]
[cat_l2: 10]
[cat_smooth: 10]
[max_cat_to_onehot: 4]
[top_k: 20]
[monotone_constraints: ]
[monotone_constraints_method: basic]
[monotone_penalty: 0]
[feature_contri: ]
[forcedsplits_filename: ]
[refit_decay_rate: 0.9]
[cegb_tradeoff: 1]
[cegb_penalty_split: 0]
[cegb_penalty_feature_lazy: ]
[cegb_penalty_feature_coupled: ]
[path_smooth: 0]
[interaction_constraints: ]
[verbosity: -1]
[saved_feature_importance_type: 0]
[use_quantized_grad: 0]
[num_grad_quant_bins: 4]
[quant_train_renew_leaf: 0]
[stochastic_rounding: 1]
[linear_tree: 0]
[max_bin: 255]
[max_bin_by_feature: ]
[min_data_in_bin: 3]
[bin_construct_sample_cnt: 200000]
[data_random_seed: 1]
[is_enable_sparse: 1]
[enable_bundle: 1]
[use_missing: 1]
[zero_as_missing: 0]
[feature_pre_filter: 1]
[pre_partition: 0]
[two_round: 0]
[header: 0]
[label_column: ]
[weight_column: ]
[group_column: ]
[ignore_column: ]
[categorical_feature: ]
[forcedbins_filename: ]
[precise_float_parser: 0]
[parser_config_file: ]
[objective_seed: 5]
[num_class: 1]
[is_unbalance: 0]
[scale_pos_weight: 1]
[sigmoid: 1]
[boost_from_average: 1]
[reg_sqrt: 0]
[alpha: 0.9]
[fair_c: 1]
[poisson_max_delta_step: 0.7]
[tweedie_variance_power: 1.5]
[lambdarank_truncation_level: 30]
[lambdarank_norm: 1]
[label_gain: ]
[lambdarank_position_bias_regularization: 0]
[eval_at: ]
[multi_error_top_k: 1]
[auc_mu_weights: ]
[num_machines: 1]
[local_listen_port: 12400]
[time_out: 120]
[machine_list_filename: ]
[machines: ]
[gpu_platform_id: -1]
[gpu_device_id: -1]
[gpu_device_id_list: ]
[gpu_use_dp: 0]
[num_gpu: 1]

end of parameters

pandas_categorical:[]
