tree
version=v4
num_class=1
num_tree_per_iteration=1
label_index=0
max_feature_idx=44
objective=quantile
feature_names=memory_usage network_rx network_tx disk_iops request_rate pod_count hour_of_day day_of_week is_weekend minute_of_hour rolling_mean_15min rolling_std_15min rolling_mean_60min rolling_std_60min cpu_rolling_mean_15 cpu_rolling_std_15 cpu_rolling_mean_60 cpu_rolling_std_60 lag_1 cpu_lag_1 lag_2 cpu_lag_2 lag_3 cpu_lag_3 lag_4 cpu_lag_4 lag_5 cpu_lag_5 lag_6 cpu_lag_6 lag_7 cpu_lag_7 lag_8 cpu_lag_8 lag_9 cpu_lag_9 lag_10 cpu_lag_10 cpu_rate_of_change mem_rolling_mean_15min mem_rolling_std_15min mem_rolling_mean_60min mem_rolling_std_60min memory_rate_of_change cpu_memory_ratio
feature_infos=[0.26400000000000001:0.74580000000000002] [322913.90000000002:7905156.7999999998] [861103.59999999998:21080418.199999999] [30.800000000000001:637.39999999999998] [215.28:5270.1000000000004] [4:71] [0:23] [0:6] [0:1] [0:59] [2.2099600000000001:31.445013333333335] [0.11275204441776925:10.04395532267098] [2.3341283333333331:30.469636666666666] [0.18605439542742974:10.072550927795904] [2.2099600000000001:31.445013333333335] [0.11275204441776925:10.04395532267098] [2.3341283333333331:30.469636666666666] [0.18605439542742974:10.072550927795904] [1.5861000000000001:35.094200000000001] [1.5861000000000001:35.094200000000001] [1.5861000000000001:35.094200000000001] [1.5861000000000001:35.094200000000001] [1.5861000000000001:35.094200000000001] [1.5861000000000001:35.094200000000001] [1.5861000000000001:35.094200000000001] [1.5861000000000001:35.094200000000001] [1.5861000000000001:35.094200000000001] [1.5861000000000001:35.094200000000001] [1.5861000000000001:35.094200000000001] [1.5861000000000001:35.094200000000001] [1.5861000000000001:35.094200000000001] [1.5861000000000001:35.094200000000001] [1.5861000000000001:35.094200000000001] [1.5861000000000001:35.094200000000001] [1.5861000000000001:35.094200000000001] [1.5861000000000001:35.094200000000001] [1.5861000000000001:35.094200000000001] [1.5861000000000001:35.094200000000001] [-19.253500000000003:18.6492] [0.31548666666666669:0.69811999999999996] [0.0083355920748052342:0.13163248983800083] [0.32299833333333333:0.67064000000000001] [0.014259901010815066:0.12517184305499968] [-0.30649999999999999:0.27390000000000003] [4.8274002027308516:49.625181035025818]
tree_sizes=2708 2856 2844 2835 2850 2855 2840 2865 2878 2889 2873 2876 2843 2862 2859 2863 2872 2886 2886 2872 2893 2870 2871 2869 2883 2896 2888 2889 2854 2886 2878 2873 2868 2887 2880 2915 2881 2867 2902 2880 2879 2905 2875 2883 2934 2900 2891 2920 2920 2899 2941 2923 2908 2893 2907 2882 2865 2871 2917 2856 2863 2883 2881 2885 2925 2899 2880 2904 2950 2894 2915 2908 2870 2909 2895 2910 2889 2894 2906 2914 2857 2865 2924 2939 2917 2941 2929 2944 2870 2909 2918 2920 2929 2903 2914 2913 2904 2931 2931 2920 2899 2888 2936 2912 2889 2938 2878 2888 2894 2918 2909 2927 2926 2921 2945 2905 2902 2948 2901 2881 2901 2971 2896 2870 2918 2913 2882 2943 2893 2922 2885 2908 2891 2884 2887 2889 2888 2917

Tree=0
num_leaves=31
num_cat=0
split_feature=5 12 36 13 13 13 10 9 9 42 9 10 6 13 36 9 41 42 39 9 10 11 6 9 10 13 40 32 6 5
split_gain=1778.25 191.416 283.458 176.566 68.1891 67.8888 45.0747 45.0116 85.5143 163.269 33.8689 13.8622 13.7349 12.9916 11.6991 11.6592 9.99337 9.6254 8.78855 7.85845 7.10292 6.74868 6.24763 5.78708 5.41255 5.32213 5.08721 4.73478 4.32879 4.00519
threshold=37.500000000000007 18.830106666666669 13.978800000000001 4.5209217690605366 1.1941918529180873 1.8264497694241633 17.837446666666668 24.500000000000004 12.500000000000002 0.061200075291315222 16.500000000000004 14.243216666666667 10.500000000000002 5.1070786871261822 14.407650000000002 41.500000000000007 0.47354250000000003 0.058503534879212962 0.52747333333333346 14.500000000000002 17.123353333333338 1.7883510815061763 16.500000000000004 10.500000000000002 18.120506666666667 0.90304673929456991 0.020323584703594109 18.409950000000006 9.5000000000000018 38.500000000000007
decision_type=2 2 2 2 2 2 2 2 2 2 2 2 2 2 2 2 2 2 2 2 2 2 2 2 2 2 2 2 2 2
left_child=4 2 3 -2 6 12 20 8 11 -10 19 23 29 16 17 -16 -9 -7 -8 -11 -1 22 -3 -6 -14 -22 -24 -20 -27 -4
right_child=1 21 5 -5 7 14 18 13 9 10 -12 -13 24 -15 15 -17 -18 -19 27 -21 25 -23 26 -25 -26 28 -28 -29 -30 -31
leaf_value=18.158749841987319 18.443380890145253 19.14353922524926 18.410952221313199 19.19052662007136 17.914557817710037 18.703875396662152 18.330576276773353 18.038065851564497 18.260982483319822 19.089701863228765 19.167867462850555 18.62208898648263 18.357931499479562 17.903821054335566 18.038409835068023 18.896207439914214 18.427985811860054 19.297867443571448 18.305172304810149 19.122085871649233 18.271777874724975 19.34630980919361 18.306546658800308 18.69109900610556 18.358153828431988 18.39110425622901 18.420059522781738 18.397877012724802 18.331560242396989 18.450125864500968
leaf_weight=28136 304 1510 88 1315 2416 39 265 2576 1469 280 445 528 83 3405 916 134 1669 25 20 256 1615 26 20 434 56 27 43 72 83 116
leaf_count=28136 304 1510 88 1315 2416 39 265 2576 1469 280 445 528 83 3405 916 134 1669 25 20 256 1615 26 20 434 56 27 43 72 83 116
internal_value=18.2841 18.331 18.3193 18.3424 18.2791 18.2937 18.277 18.2838 18.2891 18.3005 18.3258 18.2809 18.3248 18.2798 18.2841 18.2821 18.2827 18.3173 18.3052 18.3122 18.2766 18.3534 18.3541 18.2787 18.3055 18.2816 18.3294 18.3265 18.2986 18.3381
internal_weight=48371 4675 3076 1619 43696 1457 30218 13478 5828 2450 981 3378 343 7650 1114 1050 4245 64 357 536 29861 1599 1573 2850 139 1725 63 92 110 204
internal_count=48371 4675 3076 1619 43696 1457 30218 13478 5828 2450 981 3378 343 7650 1114 1050 4245 64 357 536 29861 1599 1573 2850 139 1725 63 92 110 204
is_linear=0
shrinkage=1


Tree=1
num_leaves=31
num_cat=0
split_feature=5 41 36 42 42 13 9 9 42 10 9 6 10 13 10 12 39 10 9 9 11 9 11 9 32 13 6 38 10 34
split_gain=1653.37 150.205 285.563 190.88 69.8242 66.4733 44.6152 84.1754 160.752 42.0481 33.7305 20.9774 14.2402 12.9916 12.771 8.91156 8.81067 7.85455 7.83676 7.19679 6.46164 5.15112 4.9211 5.3171 4.49867 4.46703 4.60966 4.16779 3.92215 3.82668
threshold=37.500000000000007 0.53203166666666679 14.317750000000002 0.058503534879212962 0.035608519968278858 1.1941918529180873 24.500000000000004 12.500000000000002 0.061200075291315222 17.837446666666668 16.500000000000004 15.500000000000002 18.120506666666667 5.1070786871261822 14.243216666666667 13.354470833333332 0.52747333333333346 17.069983333333337 14.500000000000002 41.500000000000007 1.7883510815061763 10.500000000000002 0.55986130636582698 30.500000000000004 18.409950000000006 0.89009466449847252 9.5000000000000018 -0.08640000000000024 20.437133333333332 14.409650000000001
decision_type=2 2 2 2 2 2 2 2 2 2 2 2 2 2 2 2 2 2 2 2 2 2 2 2 2 2 2 2 2 2
left_child=5 2 3 -2 12 9 7 14 -9 17 18 20 27 15 21 -8 -11 -1 -10 29 -3 -7 23 -14 -18 -19 -27 -4 -21 -6
right_child=1 11 4 -5 19 6 13 8 10 16 -12 -13 22 -15 -16 -17 24 25 -20 28 -22 -23 -24 -25 -26 26 -28 -29 -30 -31
leaf_value=-0.11685682778033225 0.15868952942318146 0.83491519861914498 0.43167779286799202 0.8385090597729089 0.70738510242802666 -0.33997666549485106 -0.27183750652412414 -0.021265973133849911 0.74115585638237835 0.042760316843399836 0.81306820803442381 0.11447041287745237 0.060317888994611053 -0.34985448779936407 0.31095200977593496 0.12282829462104701 0.019388662637250604 -0.012095778116844258 0.77094914412920845 0.27862894261773991 0.97425994808805538 0.37444122782902922 0.13796061406863458 0.16641228782845871 0.10467699391873253 0.097304456107923723 0.024815142916179412 0.070007488076225727 0.96921776743441745 -0.23542397794588396
leaf_weight=27984 346 1338 20 1338 37 2416 2348 1469 280 265 445 229 51 3405 528 1897 20 1743 256 102 23 434 144 33 72 28 106 124 20 870
leaf_count=27984 346 1338 20 1338 37 2416 2348 1469 280 265 445 229 51 3405 528 1897 20 1743 256 102 23 434 144 33 72 28 106 124 20 870
internal_value=-0.000135786 0.0450824 0.0347877 0.0569881 0.00810278 -0.00497364 -0.00030153 0.00497186 0.0162612 -0.00705752 0.0413374 0.0650566 0.0378064 -0.00431896 -0.00321611 -0.00136632 0.0202353 -0.00738381 0.0278209 -0.00263557 0.0688259 -0.00533334 0.0502456 0.0348571 0.0415652 -0.002374 0.0117015 0.0181111 0.0156066 -0.00508931
internal_weight=48371 4675 3085 1684 1401 43696 13478 5828 2450 30218 981 1590 372 7650 3378 4245 357 29861 536 1029 1361 2850 228 84 92 1877 134 144 122 907
internal_count=48371 4675 3085 1684 1401 43696 13478 5828 2450 30218 981 1590 372 7650 3378 4245 357 29861 536 1029 1361 2850 228 84 92 1877 134 144 122 907
is_linear=0
shrinkage=0.08


Tree=2
num_leaves=31
num_cat=0
split_feature=3 36 12 38 42 13 38 5 10 9 9 42 9 36 13 13 12 42 10 10 9 41 9 10 6 6 10 13 9 12
split_gain=1449.87 114.516 133.93 94.3267 66.0834 63.4819 58.2243 52.1642 52.141 43.9019 79.6775 152.822 33.3172 20.5323 96.2904 13.1966 12.528 12.3905 11.4851 11.3254 9.16702 8.46441 7.29719 6.42027 5.84338 5.41333 13.3031 5.20933 4.79803 4.63617
threshold=342.15000000000003 22.764100000000003 20.400361666666672 1.3075500000000002 0.061200075291315222 1.1941918529180873 -1.4617500000000001 41.500000000000007 17.752356666666667 24.500000000000004 12.500000000000002 0.061200075291315222 16.500000000000004 14.407650000000002 1.8997136016737308 5.1070786871261822 17.907665833333336 0.0562239500524317 14.243216666666667 18.120506666666667 12.500000000000002 0.47354250000000003 14.500000000000002 17.069983333333337 12.500000000000002 3.5000000000000004 7.8054433333333346 1.1133204911917238 10.500000000000002 19.442609166666667
decision_type=2 2 2 2 2 2 2 2 2 2 2 2 2 2 2 2 2 2 2 2 2 2 2 2 2 2 2 2 2 2
left_child=5 3 20 6 27 8 -2 19 23 10 18 -12 22 17 -15 21 -10 -9 28 -8 -3 -11 -13 -1 -18 26 -14 -5 -7 -26
right_child=1 2 -4 4 -6 9 7 13 16 15 11 12 25 14 -16 -17 24 -19 -20 -21 -22 -23 -24 -25 29 -27 -28 -29 -30 -31
leaf_value=-0.10750351022835589 0.20285888972523958 1.0354803678306803 0.85199571021929443 0.17212583121081904 0.77830748311155507 -0.31281453537663967 0.11225906324805558 0.16948469656086901 0.024997794716631147 -0.21356386085640491 -0.011724738064175427 0.68186338787178813 0.3642387689224208 0.19827319438804408 -0.2181949298653558 -0.32186612877541509 0.10202446285973679 0.78878194031801063 0.28443905175385253 0.12208906140896812 -0.33038608295307997 0.12255082547719071 0.70927321259887177 -0.011152148477459605 0.033981027028596324 0.76192511291182852 -0.71951014084010501 0.092788351629152818 0.34448592960270702 0.12125948601015608
leaf_weight=27988 168 20 211 20 149 2417 141 20 352 2585 1473 280 59 794 158 3405 90 1150 534 718 553 1679 256 1758 101 359 27 430 434 42
leaf_count=27988 168 20 211 20 149 2417 141 20 352 2585 1473 280 59 794 158 3405 90 1150 534 718 553 1679 256 1758 101 359 27 430 434 42
internal_value=-0.000415292 0.042662 0.0148571 0.0484781 0.019379 -0.00486854 0.0540133 0.0565958 -0.00690014 -0.000306783 0.00492002 0.0158957 0.0403588 0.0633289 0.054605 -0.00428635 0.0167521 0.0704273 -0.00303693 0.0399627 -0.00520768 -0.00132083 0.0269254 -0.00736529 0.0311416 0.0565393 0.0385116 0.00408889 -0.00505367 0.0210909
internal_weight=48371 4532 784 3748 599 43839 3149 2981 30331 13508 5839 2454 981 2122 952 7669 585 1170 3385 859 573 4264 536 29746 233 445 86 450 2851 143
internal_count=48371 4532 784 3748 599 43839 3149 2981 30331 13508 5839 2454 981 2122 952 7669 585 1170 3385 859 573 4264 536 29746 233 445 86 450 2851 143
is_linear=0
shrinkage=0.08


Tree=3
num_leaves=31
num_cat=0
split_feature=3 36 12 40 41 13 10 9 9 42 9 13 36 11 36 3 13 6 6 9 10 41 6 10 6 10 41 9 3 5
split_gain=1326.9 103.412 125.882 95.0627 90.4601 60.8769 45.9858 41.2536 78.1143 145.007 33.3097 33.04 72.3188 58.3699 18.7837 18.6692 14.1206 11.9665 11.8469 9.16702 8.68318 8.19588 7.41043 7.26489 7.24079 11.2598 7.21014 6.77687 6.59886 6.35608
threshold=342.15000000000003 22.764100000000003 20.400361666666672 0.077464345558364942 0.55007250000000019 1.2489786419460016 17.752356666666667 24.500000000000004 12.500000000000002 0.061200075291315222 16.500000000000004 5.2950296158690788 18.664000000000005 1.1809927532469855 14.407650000000002 376.15000000000003 5.1070786871261822 14.500000000000002 12.500000000000002 12.500000000000002 14.243216666666667 0.5192041666666668 12.500000000000002 16.705263333333338 3.5000000000000004 7.8054433333333346 0.47354250000000003 14.500000000000002 380.55000000000007 38.500000000000007
decision_type=2 2 2 2 2 2 2 2 2 2 2 2 2 2 2 2 2 2 2 2 2 2 2 2 2 2 2 2 2 2
left_child=5 3 19 4 11 6 23 8 20 -10 27 13 15 22 28 -13 26 -6 21 -3 -7 -8 29 -1 25 -12 -9 -11 -5 -2
right_child=1 2 -4 14 17 7 18 16 9 10 24 12 -14 -15 -16 -17 -18 -19 -20 -21 -22 -23 -24 -25 -26 -27 -28 -29 -30 -31
leaf_value=-0.12024079930847478 0.097524014723822036 0.95264193840422595 0.78383605340175078 0.050430071698216679 0.18760577577547338 -0.28164371629782664 0.054427673926577144 -0.19346917526942689 -0.020469902915587 0.62731431684204497 0.33509966740862723 0.047100413164561421 -0.66605051372900503 0.17796757655813417 0.88746492843309921 0.67412449029913712 -0.29611683847338183 0.099619786771834959 0.025280376817137601 -0.3039551963168336 0.26370713851989874 0.094276044829107897 0.087873236368712179 -0.017314348004601073 0.70097110387888228 -0.66194932957289665 0.11701718313760273 0.65253135559096198 0.74618736835949506 0.12130199666818596
leaf_weight=26205 63 20 211 27 735 2807 109 2521 1453 280 59 36 117 697 42 323 3405 150 380 553 527 100 284 3701 359 27 1650 256 937 337
leaf_count=26205 63 20 211 27 735 2807 109 2521 1453 280 59 36 117 697 42 323 3405 150 380 553 527 100 284 3701 359 27 1650 256 937 337
internal_value=-0.000542641 0.0406673 0.0142449 0.0461942 0.038477 -0.00480285 -0.00677488 -0.000296165 0.00480166 0.0156976 0.0394618 0.0284459 0.0466218 0.022181 0.0672286 0.0644234 -0.0041774 0.0595254 0.0153616 -0.00520768 -0.00315297 0.0306603 0.0387836 -0.00721086 0.0556404 0.0347907 -0.00105682 0.0260298 0.0695104 0.0458
internal_weight=48371 4532 784 3748 2742 43839 30495 13344 5768 2434 981 1857 476 1381 1006 359 7576 885 589 573 3334 209 684 29906 445 86 4171 536 964 400
internal_count=48371 4532 784 3748 2742 43839 30495 13344 5768 2434 981 1857 476 1381 1006 359 7576 885 589 573 3334 209 684 29906 445 86 4171 536 964 400
is_linear=0
shrinkage=0.08


Tree=4
num_leaves=31
num_cat=0
split_feature=3 36 10 40 41 13 10 9 9 42 13 36 11 9 4 36 13 5 6 3 6 3 10 13 10 41 12 10 12 12
split_gain=1201.24 102.914 105.364 99.3616 85.4545 58.6304 41.7957 39.2693 74.0818 136.678 33.664 69.4652 49.2922 28.6951 25.0168 19.2031 14.0252 12.4024 11.9974 11.5002 9.57452 8.65123 8.55737 8.36469 6.83511 6.75928 6.69045 6.59033 6.52864 6.23033
threshold=342.15000000000003 22.764100000000003 29.766293333333333 0.077464345558364942 0.55007250000000019 1.2489786419460016 17.689833333333336 24.500000000000004 12.500000000000002 0.063834064091234474 5.1070786871261822 17.470300000000005 1.1809927532469855 16.500000000000004 3167.4700000000007 14.935550000000001 5.1070786871261822 41.500000000000007 12.500000000000002 394.65000000000003 4.5000000000000009 357.25000000000006 7.7276300000000004 1.1941918529180873 14.243216666666667 0.5192041666666668 19.442609166666667 16.557613333333336 13.354470833333332 20.400361666666672
decision_type=2 2 2 2 2 2 2 2 2 2 2 2 2 2 2 2 2 2 2 2 2 2 2 2 2 2 2 2 2 2
left_child=5 3 23 4 10 6 27 8 24 -10 12 14 21 -11 -12 19 28 -6 25 -5 22 -2 -15 -3 -7 -8 -20 -1 -9 -4
right_child=1 2 29 15 17 7 18 16 9 13 11 -13 -14 20 -16 -17 -18 -19 26 -21 -22 -23 -24 -25 -26 -27 -28 -29 -30 -31
leaf_value=-0.12246794943811296 0.083358644592880837 0.069017105073428703 0.87684577409137376 0.044902308291910845 0.10229046049202822 -0.25911221899400061 0.045111039542140643 -0.20790467751885472 -0.0046467117143430417 0.59474585347999098 0.034745733410014933 -0.60806115847384856 0.15584672176452138 0.30233807819766612 0.62561019469776569 0.20496078655018238 -0.27242749139551137 0.17432775970028558 0.0063793926419805505 0.69017562044368375 0.66143258723903697 0.10795065156068848 0.024758220478219926 -0.27808514937056461 0.24261056743830695 0.086363219380087591 0.10953629698397264 -0.020132705070173805 0.10029730269910032 0.72891309077175981
leaf_weight=25193 317 46 29 53 217 2807 126 2294 1475 525 56 123 677 66 318 32 3405 668 466 921 330 366 38 552 527 103 42 4565 1877 157
leaf_count=25193 317 46 29 53 217 2807 126 2294 1475 525 56 123 677 66 318 32 3405 668 466 921 330 366 38 552 527 103 42 4565 1877 157
internal_value=-0.000749377 0.0384607 0.012102 0.0439744 0.0360846 -0.00480285 -0.00673816 -0.000380098 0.00459362 0.0152046 0.0263349 0.0441529 0.0198235 0.0387153 0.0613048 0.0654791 -0.00416684 0.0565424 0.0120814 0.0674825 0.0539355 0.0349868 0.0327692 -0.00425418 -0.00315297 0.0272838 0.00522834 -0.00720425 -0.00105682 0.0646882
internal_weight=48371 4532 784 3748 2742 43839 30495 13344 5768 2434 1857 497 1360 959 374 1006 7576 885 737 974 434 683 104 598 3334 229 508 29758 4171 186
internal_count=48371 4532 784 3748 2742 43839 30495 13344 5768 2434 1857 497 1360 959 374 1006 7576 885 737 974 434 683 104 598 3334 229 508 29758 4171 186
is_linear=0
shrinkage=0.08


Tree=5
num_leaves=31
num_cat=0
split_feature=4 36 12 1 13 42 9 9 42 10 6 9 41 36 42 13 42 6 12 40 3 39 10 12 18 10 12 3 42 10
split_gain=1050.67 90.6763 211.661 127.559 54.3064 48.6171 36.0102 67.5742 120.637 33.7744 32.6654 23.8274 18.8879 16.484 16.2347 13.5559 12.8455 11.0509 9.47089 8.73123 7.29999 6.55894 6.43226 6.42069 6.37333 6.00651 5.66404 5.66226 5.33744 5.33708
threshold=2807.6850000000004 13.830600000000002 18.210862500000001 5118418.1500000013 1.1941918529180873 0.061200075291315222 24.500000000000004 12.500000000000002 0.063834064091234474 17.636043333333337 14.500000000000002 16.500000000000004 0.55007250000000019 19.939650000000004 0.070575599593990748 5.1070786871261822 0.058503534879212962 5.5000000000000009 17.907665833333336 0.028189320841806805 385.75000000000006 0.4504866666666667 16.557613333333336 16.310897500000003 8.3325500000000012 14.243216666666667 13.28307166666667 404.85000000000008 0.10169777873532827 19.008983333333337
decision_type=2 2 2 2 2 2 2 2 2 2 2 2 2 2 2 2 2 2 2 2 2 2 2 2 2 2 2 2 2 2
left_child=4 3 13 16 9 -5 7 25 -9 22 12 21 19 14 -3 26 -2 24 -11 29 -14 -10 -1 -16 -13 -6 -8 -18 -15 -4
right_child=1 2 10 5 6 -7 15 8 11 18 -12 17 20 28 23 -17 27 -19 -20 -21 -22 -23 -24 -25 -26 -27 -28 -29 -30 -31
leaf_value=-0.11264409081448434 0.048299920422331173 0.078506610723660511 0.047321110133221413 0.28375585519196245 -0.23852086499353875 0.62718125858306206 -0.20698509428425524 0.00040344318475433739 0.26946682480522466 0.012230088547543972 0.08095466343711033 0.27461823434665406 0.11931574849487277 -0.26742238242808586 0.80300890310735473 -0.25063329208387047 0.03832551515222489 0.61621406457037842 0.06598849393486278 0.32101331336308664 0.63327845873336397 0.71824149529741255 -0.019996376187150267 0.71240301384692561 -0.00090600089941119679 0.22117851113688802 0.085306475561839359 0.11982560376182763 0.88212815259180466 0.11638058539811059
leaf_weight=25050 209 505 57 76 2851 1013 2313 1495 369 634 387 89 337 674 20 3405 207 310 236 44 609 156 4399 38 35 534 1950 81 21 267
leaf_count=25050 209 505 57 76 2851 1013 2313 1495 369 634 387 89 337 674 20 3405 207 310 236 44 609 156 4399 38 35 534 1950 81 21 267
internal_value=-0.00103054 0.035582 0.0273092 0.0510164 -0.00482746 0.0663434 -0.000608279 0.00412536 0.0142331 -0.00670708 0.0457096 0.0363796 0.051726 0.00242925 0.0126039 -0.00421283 0.0174326 0.0502488 0.00882758 0.0363478 0.0577082 0.0249143 -0.00716602 0.0526897 0.0300645 -0.00320237 -0.00120666 0.0283889 -0.00581295 0.0408889
internal_weight=48371 4545 2959 1586 43826 1089 13507 5839 2454 30319 1701 959 1314 1258 563 7668 497 434 870 368 946 525 29449 58 124 3385 4263 288 695 324
internal_count=48371 4545 2959 1586 43826 1089 13507 5839 2454 30319 1701 959 1314 1258 563 7668 497 434 870 368 946 525 29449 58 124 3385 4263 288 695 324
is_linear=0
shrinkage=0.08


Tree=6
num_leaves=31
num_cat=0
split_feature=4 36 12 5 13 42 9 9 42 10 6 9 36 6 13 36 42 6 24 6 39 11 10 18 7 10 11 9 6 12
split_gain=879.416 110.336 150.422 138.313 51.0983 46.8555 32.5583 58.3821 103.079 29.7418 27.0748 27.0109 14.5822 15.1228 13.9173 13.2622 12.6586 12.2984 11.6878 9.0829 7.7558 7.75362 7.28287 6.97053 6.68397 6.42621 5.30876 5.25654 5.00692 4.7036
threshold=2807.6850000000004 13.978800000000001 18.210862500000001 46.500000000000007 1.2489786419460016 0.061200075291315222 25.500000000000004 11.500000000000002 0.063834064091234474 17.636043333333337 9.5000000000000018 16.500000000000004 22.764100000000003 14.500000000000002 5.1070786871261822 19.675300000000004 0.058503534879212962 5.5000000000000009 27.049900000000004 12.500000000000002 0.4504866666666667 0.41974055614862499 16.485323333333337 22.346750000000004 4.5000000000000009 14.243216666666667 0.82313348017211896 12.500000000000002 1.5000000000000002 19.442609166666667
decision_type=2 2 2 2 2 2 2 2 2 2 2 2 2 2 2 2 2 2 2 2 2 2 2 2 2 2 2 2 2 2
left_child=4 3 15 16 9 -5 7 25 -9 22 -4 20 13 24 -8 18 -2 21 -3 26 -10 28 -1 -18 -12 -6 -11 -17 -13 -21
right_child=1 2 10 5 6 -7 14 8 11 19 12 17 -14 -15 -16 27 23 -19 -20 29 -22 -23 -24 -25 -26 -27 -28 -29 -30 -31
leaf_value=-0.10979652961737771 0.039531983669173411 0.12212884591209282 0.62350250375697724 0.26926868152638955 -0.22282641454376831 0.58225898172753887 -0.050956494474323509 -0.0082310379226777711 0.29798126703188216 0.054733765234176515 0.1129624995981488 0.21044556983897905 0.013505617577054096 0.075115453096232368 -0.2306258396527798 0.73529747361786213 0.033216617200864787 0.56691693940474808 0.74099625650139733 0.0013038095305331788 0.68501225490310336 0.075397459550498522 -0.019717754290975765 0.09539835368200407 -0.017382382835086672 0.20396181671687061 0.10340990003637099 -0.24423499188615211 0.26458953847263161 0.096063909183181972
leaf_weight=24682 223 496 173 75 2590 990 4056 1705 463 217 1046 26 81 377 3401 21 228 310 22 592 199 61 4926 100 23 491 25 690 41 41
leaf_count=24682 223 496 173 75 2590 990 4056 1705 463 217 1046 26 81 377 3401 21 228 310 22 592 199 61 4926 100 23 491 25 690 41 41
internal_value=-0.00134643 0.0321496 0.0228911 0.0489307 -0.00482015 0.0657653 -0.000691301 0.00375671 0.0121069 -0.00662743 0.0383059 0.0312 0.0349077 0.036758 -0.00420223 0.00156875 0.016392 0.0466119 0.011305 0.00790857 0.021003 0.02575 -0.00705701 0.0263902 0.0416165 -0.00384551 0.0210909 -0.00552462 0.0445373 0.00286888
internal_weight=48371 4545 2929 1616 43826 1065 13343 5886 2805 30483 1700 1100 1527 1446 7457 1229 551 438 518 875 662 128 29608 328 1069 3081 242 711 67 633
internal_count=48371 4545 2929 1616 43826 1065 13343 5886 2805 30483 1700 1100 1527 1446 7457 1229 551 438 518 875 662 128 29608 328 1069 3081 242 711 67 633
is_linear=0
shrinkage=0.08


Tree=7
num_leaves=31
num_cat=0
split_feature=1 36 12 1 13 13 10 6 9 9 42 9 36 13 13 36 9 6 6 10 9 18 12 42 10 13 12 36 9 11
split_gain=758.582 101.412 135.573 130.449 45.1795 44.4705 45.6099 31.994 28.1717 49.9724 90.0377 21.5804 17.9818 14.6127 13.2481 12.31 12.0029 10.8003 9.84537 9.7771 7.17584 6.87843 5.97408 5.93255 5.60275 5.5493 5.125 4.28578 4.21487 5.59441
threshold=4345229.8000000017 14.317750000000002 18.210862500000001 5364258.2500000009 4.2943280177307139 1.2489786419460016 17.689833333333336 9.5000000000000018 26.500000000000004 11.500000000000002 0.061200075291315222 14.500000000000002 10.556200000000002 5.1070786871261822 4.7889675051139191 22.764100000000003 39.500000000000007 14.500000000000002 12.500000000000002 16.301490000000005 18.500000000000004 22.796950000000002 19.442609166666667 0.061200075291315222 19.008983333333337 0.62645418763748151 14.305896666666669 9.5170500000000029 24.500000000000004 1.1809927532469855
decision_type=2 2 2 2 2 2 2 2 2 2 2 2 2 2 2 2 2 2 2 2 2 2 2 2 2 2 2 2 2 2
left_child=5 3 16 14 -5 6 19 -4 9 23 -11 27 -13 26 -2 17 28 -9 24 -1 -14 -16 -20 -7 -8 -21 -10 -12 29 -3
right_child=1 2 7 4 -6 8 18 15 13 10 11 12 20 -15 21 -17 -18 -19 22 25 -22 -23 -24 -25 -26 -27 -28 -29 -30 -31
leaf_value=-0.11630081724393505 0.1136079120259177 0.6703816790367304 0.57373990297176169 0.045267901023615206 0.55037952315365291 -0.0057871356105520756 0.054638646943072765 0.10550866623263545 -0.1561034402924904 -0.017201499023816302 0.15847119028149792 0.21334209873872542 0.54814856445995341 -0.21166460820740013 0.035381609601714693 0.012425168170889862 0.42039393241665268 0.068509227078284579 0.0012156621462896741 -0.022997518170558066 0.56819236872299939 0.072660999319365718 0.078179701583125316 -0.2231810976513387 0.095882996278010113 0.0083235539051133133 0.10439329969184001 0.58926916200766444 -0.23132015237981535 -0.0022060045620028745
leaf_weight=23519 223 26 172 66 891 1421 275 979 2457 1810 175 398 208 3402 289 81 156 296 519 5363 113 149 114 1673 60 893 1546 245 735 117
leaf_count=23519 223 26 172 66 891 1421 275 979 2457 1810 175 398 208 3402 289 81 156 296 519 5363 113 149 114 1673 60 893 1546 245 735 117
internal_value=-0.0015697 0.0310048 0.0211023 0.0466848 0.0655632 -0.0046509 -0.00632938 0.0362408 -0.000813803 0.00323945 0.0106911 0.0283126 0.0367288 -0.00412154 0.0193525 0.032118 -0.00126886 0.0340392 0.0107603 -0.00688497 0.0508162 0.0274338 0.00489099 -0.00386296 0.0218507 -0.00407417 -0.000845368 0.0139048 -0.00490205 0.00766433
internal_weight=48371 4180 2562 1618 957 44191 30743 1528 13448 6043 2949 1139 719 7405 661 1356 1034 1275 968 29775 321 438 633 3094 335 6256 4003 420 878 143
internal_count=48371 4180 2562 1618 957 44191 30743 1528 13448 6043 2949 1139 719 7405 661 1356 1034 1275 968 29775 321 438 633 3094 335 6256 4003 420 878 143
is_linear=0
shrinkage=0.08


Tree=8
num_leaves=31
num_cat=0
split_feature=1 36 5 41 13 13 6 41 9 9 13 13 10 9 13 9 42 13 41 9 9 13 36 6 9 12 4 11 10 5
split_gain=663.728 100.567 130.282 124.018 41.5644 41.2183 34.5532 25.3714 21.0853 28.0188 63.7243 15.7133 15.2057 13.7235 11.6857 11.1331 9.40704 9.07499 8.62451 8.07625 15.0477 28.0952 7.87579 8.31355 7.6213 7.38473 6.67439 5.73885 5.0352 4.88761
threshold=4345229.8000000017 14.317750000000002 48.500000000000007 0.52619833333333343 0.77953937600200063 4.2943280177307139 9.5000000000000018 0.47354250000000003 26.500000000000004 11.500000000000002 5.1070786871261822 5.2950296158690788 17.437360000000002 14.500000000000002 4.7889675051139191 39.500000000000007 0.061200075291315222 1.2489786419460016 0.52352500000000013 25.500000000000004 11.500000000000002 4.5209217690605366 22.764100000000003 14.500000000000002 16.500000000000004 17.74561666666667 2713.1650000000004 0.49208567637962292 16.006026666666667 49.500000000000007
decision_type=2 2 2 2 2 2 2 2 2 2 2 2 2 2 2 2 2 2 2 2 2 2 2 2 2 2 2 2 2 2
left_child=4 2 14 15 12 -4 -5 17 9 16 18 26 28 -12 -2 -3 -9 -6 -11 20 -19 -22 23 -8 -23 -15 -10 -26 -1 -7
right_child=1 3 5 6 7 29 22 8 11 10 13 -13 -14 25 -16 -17 -18 19 -20 -21 21 24 -24 -25 27 -27 -28 -29 -30 -31
leaf_value=-0.1265951480925773 0.1060852670547815 -0.18622256236200088 0.019323021738900267 0.52837990004958468 -0.30862873778565103 0.090882247582823941 0.09731113719943664 0.068296634106310386 0.016170775701099274 0.020179577945397941 0.58074361193347335 -0.1733145929986793 0.0043560861798876676 0.51616538369630693 0.05289976463594627 0.35522355795671212 -0.18342898244092909 -0.30029255165739616 0.081220053876914527 -0.31086944375653586 -0.12035405958349429 0.17235588378135946 0.015868236731112827 0.063028488912021868 0.32715127757831203 0.33639770014646503 0.077803496160511451 0.19874574267998127 -0.026752750136975749 0.51473595584369425
leaf_weight=18155 227 909 62 167 3137 85 951 802 2265 1075 196 1626 1243 289 467 169 818 1778 87 4250 1004 355 70 296 218 24 218 53 6598 777
leaf_count=18155 227 909 62 167 3137 85 951 802 2265 1075 196 1626 1243 289 467 169 818 1778 87 4250 1004 355 70 296 218 24 218 53 6598 777
internal_value=-0.00172351 0.0287464 0.0443609 0.0188852 -0.00460565 0.0640346 0.0338868 -0.00167299 0.00193513 0.00670677 0.0139749 -0.00188659 -0.00665826 0.0375796 0.0181671 -0.00176624 -0.000790125 -0.00414637 0.00363511 -0.00266179 0.000239435 0.00579141 0.0295399 0.0310056 0.0190926 0.0479744 0.00211679 0.0291956 -0.00709183 0.0685661
internal_weight=48371 4180 1618 2562 44191 924 1484 18195 7400 3291 1671 4109 25996 509 694 1078 1620 10795 1162 7658 3408 1630 1317 1247 626 313 2483 271 24753 862
internal_count=48371 4180 1618 2562 44191 924 1484 18195 7400 3291 1671 4109 25996 509 694 1078 1620 10795 1162 7658 3408 1630 1317 1247 626 313 2483 271 24753 862
is_linear=0
shrinkage=0.08


Tree=9
num_leaves=31
num_cat=0
split_feature=3 36 12 4 13 6 42 41 9 9 13 13 10 42 9 39 42 13 22 41 36 9 9 13 41 20 10 42 41 11
split_gain=582.936 100.617 116.142 109.807 42.4019 36.052 32.2627 26.1375 18.6436 24.3915 61.7671 17.3151 17.1399 14.5747 11.8159 11.3155 9.64979 9.52414 9.17219 8.67778 7.71116 7.29882 10.6649 22.7083 7.1903 7.01761 6.11733 5.43187 5.2106 4.90704
threshold=367.15000000000003 14.317750000000002 18.448075833333338 3666.1500000000005 0.77953937600200063 9.5000000000000018 0.061200075291315222 0.47354250000000003 27.500000000000004 11.500000000000002 5.1070786871261822 5.2950296158690788 17.437360000000002 0.058503534879212962 14.500000000000002 0.4327233333333334 0.061200075291315222 1.2489786419460016 23.83595 0.52619833333333343 22.764100000000003 30.500000000000004 11.500000000000002 4.5209217690605366 0.52352500000000013 18.211000000000002 16.034303333333337 0.10169777873532827 0.52030333333333345 0.62968585204764083
decision_type=2 2 2 2 2 2 2 2 2 2 2 2 2 2 2 2 2 2 2 2 2 2 2 2 2 2 2 2 2 2
left_child=4 3 27 13 12 -4 -5 17 9 16 24 25 26 -2 -12 -16 19 -6 -15 -9 -7 22 -19 -24 -11 -10 -1 -3 -14 -25
right_child=1 2 5 6 7 20 -8 8 11 10 14 -13 28 18 15 -17 -18 21 -20 -21 -22 -23 23 29 -26 -27 -28 -29 -30 -31
leaf_value=-0.11422752867428101 0.018000106700480956 -0.17768166261285745 0.48521752046440497 0.14950252511716841 -0.2838568411979861 0.089963300491239725 0.47361308822779791 0.049894499304312036 0.011229023874950804 0.017461257542054954 0.53428412297879535 -0.15940462574341638 -0.00085690522824795985 0.047443644877385539 0.042248129016967652 0.48128369555175454 -0.16878986588041472 -0.27640354713112686 0.095359839974810831 0.084663126317578496 0.013787598288804586 -0.30292769135378367 -0.093929513280132007 0.22057125121655816 0.065653635852841882 0.082027454527278221 -0.024302365679501243 0.76535184332558959 0.036767866451654523 -0.011740565778309847
leaf_weight=18310 169 915 165 59 3138 977 775 792 2115 1163 196 1625 1023 458 33 281 819 1790 74 60 72 3895 1381 598 164 465 6443 22 321 73
leaf_count=18310 169 915 165 59 3138 977 775 792 2115 1163 196 1625 1023 458 33 281 819 1790 74 60 72 3895 1381 598 164 465 6443 22 321 73
internal_value=-0.00189883 0.0286793 0.0175137 0.0443257 -0.00442117 0.0338451 0.0639424 -0.00150119 0.00206093 0.00636716 0.0127294 -0.00153151 -0.00650098 0.0209872 0.0363922 0.0460127 -0.000627171 -0.00402759 0.0274887 0.00533333 0.0283775 -0.00251984 -4.58114e-05 0.00389084 0.00363527 0.00254263 -0.00697871 -0.00364568 0.00229762 0.0159642
internal_weight=48371 3686 2151 1535 44685 1214 834 18588 7713 3508 1837 4205 26097 701 510 314 1671 10875 532 852 1049 7737 3842 2052 1327 2580 24753 937 1344 671
internal_count=48371 3686 2151 1535 44685 1214 834 18588 7713 3508 1837 4205 26097 701 510 314 1671 10875 532 852 1049 7737 3842 2052 1327 2580 24753 937 1344 671
is_linear=0
shrinkage=0.08


Tree=10
num_leaves=31
num_cat=0
split_feature=3 5 36 6 13 41 13 36 9 9 13 13 42 12 13 9 10 42 41 13 20 9 9 11 13 13 3 22 12 9
split_gain=504.779 104.296 114.185 98.3424 39.0201 27.759 27.2535 31.7858 17.7816 20.9013 61.4479 15.6752 15.1755 13.5853 11.3826 10.7818 12.2365 9.18738 9.08195 8.49487 6.41416 6.31313 6.19558 10.808 8.28049 7.42727 5.53712 5.46875 5.19487 5.13323
threshold=367.15000000000003 51.500000000000007 14.317750000000002 2.5000000000000004 0.64488721758000256 0.47354250000000003 1.1941918529180873 12.682250000000002 27.500000000000004 11.500000000000002 5.1070786871261822 5.2950296158690788 0.061200075291315222 16.447826666666671 1.2489786419460016 14.500000000000002 11.402193333333335 0.061200075291315222 0.52030333333333345 4.2943280177307139 18.433950000000003 37.500000000000007 10.500000000000002 0.51315168717271742 4.144947917427694 5.5601610876610534 419.45000000000005 23.83595 18.830106666666669 18.500000000000004
decision_type=2 2 2 2 2 2 2 2 2 2 2 2 2 2 2 2 2 2 2 2 2 2 2 2 2 2 2 2 2 2
left_child=4 6 12 -4 13 14 26 19 9 17 -11 20 -3 -1 -6 -12 -17 28 -15 -8 -10 22 -16 24 -24 29 -2 -21 -7 -26
right_child=1 2 3 -5 5 8 7 -9 11 10 15 -13 -14 18 21 16 -18 -19 -20 27 -22 -23 23 -25 25 -27 -28 -29 -30 -31
leaf_value=-0.078989124010288819 0.075912630453236998 0.31395550410006734 0.46213538085851924 -0.15699421264082744 -0.25888278696444561 0.036226525905401007 -0.045855129961507778 -0.071421350907748329 0.0018172550558912251 0.027676625793425353 0.49154139314049161 -0.14665225568394305 0.44998800648525078 -0.013975401926405451 -0.25737441567601238 0.12306880616302149 0.44715707484637024 -0.15528667660998152 0.035627246661365179 0.046025346914892823 0.075727661204746735 -0.29871911978926491 0.018511707404248057 -0.071248096391417895 0.23915776589693244 0.1374105342343627 0.15440761763624097 0.069263231966156413 0.076482797523839768 0.42099615605836732
leaf_weight=19303 970 29 172 388 4133 939 104 681 2427 1526 196 1625 635 4927 1641 62 252 819 179 504 495 3172 507 1803 71 499 35 168 65 44
leaf_count=19303 970 29 172 388 4133 939 104 681 2427 1526 196 1625 635 4927 1641 62 252 819 179 504 495 3172 507 1803 71 499 35 168 65 44
internal_value=-0.00207579 0.0263787 0.0454641 0.0188571 -0.00442296 -0.00182916 0.0168903 0.00989979 0.00168832 0.0056823 0.0112534 -0.00170134 0.0679036 -0.00657758 -0.00432014 0.0352941 0.0444841 -0.000539772 -0.00290795 0.0209691 0.0018015 -0.0025095 -0.000604602 0.00160328 0.00777163 0.0140195 0.0270249 0.0242619 0.00458964 0.0323478
internal_weight=48371 3686 1224 560 44685 20276 2462 1457 8406 3859 2036 4547 664 24409 11870 510 314 1823 5106 776 2922 7737 4565 2924 1121 614 1005 672 1004 115
internal_count=48371 3686 1224 560 44685 20276 2462 1457 8406 3859 2036 4547 664 24409 11870 510 314 1823 5106 776 2922 7737 4565 2924 1121 614 1005 672 1004 115
is_linear=0
shrinkage=0.08


Tree=11
num_leaves=31
num_cat=0
split_feature=3 4 36 6 13 10 36 9 9 13 36 13 41 42 10 20 10 9 10 20 26 42 38 3 38 42 36 6 11 11
split_gain=452.968 110.328 95.4641 93.9177 36.2514 40.203 24.4053 19.8371 31.4602 56.7381 22.8005 17.8835 15.3787 14.5833 11.3023 11.2708 9.05527 9.38636 10.8255 8.87671 8.78133 8.20172 7.3355 6.43821 5.25913 5.18157 5.4902 5.13912 5.13514 4.90534
threshold=367.15000000000003 3905.1500000000005 14.317750000000002 4.5000000000000009 1.2489786419460016 17.437360000000002 22.764100000000003 27.500000000000004 11.500000000000002 4.5209217690605366 9.5170500000000029 5.1070786871261822 0.55007250000000019 0.061200075291315222 15.868503333333335 23.831950000000003 14.864660000000002 14.500000000000002 11.402193333333335 11.770650000000002 18.203300000000002 0.061200075291315222 -1.4617500000000001 419.45000000000005 -0.035499999999999858 0.025057181237315974 15.749850000000002 12.500000000000002 0.82313348017211896 0.46181713171099126
decision_type=2 2 2 2 2 2 2 2 2 2 2 2 2 2 2 2 2 2 2 2 2 2 2 2 2 2 2 2 2 2
left_child=4 6 13 -4 5 14 12 8 21 -10 -11 -9 15 -3 -1 19 17 -12 -19 -2 -7 -6 -17 -14 -24 -21 -27 28 29 -22
right_child=1 2 3 -5 7 20 -8 11 9 10 16 -13 23 -15 -16 22 -18 18 -20 25 27 -23 24 -25 -26 26 -28 -29 -30 -31
leaf_value=-0.12224138425660129 0.0606489957990042 0.32019435011170738 0.42516455038983764 -0.14335388867853679 0.032252454330331748 0.0017391614903429049 -0.064144288671670852 -0.0024438104620337978 -0.031410380275080363 0.12208414104197983 0.43031412972640282 -0.15688568568503655 0.073481811146307904 0.41740655585720876 -0.019431834346266611 -0.011178273931165399 0.076346369313102208 0.23320844922438866 0.41477125981073559 0.056042455801831467 0.089733265586087865 -0.16477816981024887 0.09249682738327214 0.14374457883384678 0.047508791699881925 0.040943668527608147 -0.087267520929177778 0.028448851841100496 0.065611224407233978 0.029574527539340246
leaf_weight=21050 149 27 172 355 1445 1220 305 3968 1884 522 236 3410 737 579 7958 47 64 144 269 196 53 1674 124 30 122 637 206 524 64 200
leaf_count=21050 149 27 172 355 1445 1220 305 3968 1884 522 236 3410 737 579 7958 47 64 144 269 196 53 1674 124 30 122 637 206 524 64 200
internal_value=-0.00213864 0.0248161 0.0455922 0.0206907 -0.00436209 -0.00587055 0.0155958 -0.000920096 0.00240077 0.00808208 0.0214089 -0.00372784 0.0184769 0.0672475 -0.00663762 0.0137151 0.0307097 0.0335408 0.0408136 0.0102492 0.00492576 -0.00328054 0.0277679 0.0276714 0.0333008 0.00763041 0.00490629 0.0112152 0.0192555 0.0141344
internal_weight=48371 3686 1133 527 44685 31069 2553 13616 6238 3119 1235 7378 2248 606 29008 1481 713 649 413 1188 2061 3119 293 767 246 1039 843 841 317 253
internal_count=48371 3686 1133 527 44685 31069 2553 13616 6238 3119 1235 7378 2248 606 29008 1481 713 649 413 1188 2061 3119 293 767 246 1039 843 841 317 253
is_linear=0
shrinkage=0.08


Tree=12
num_leaves=31
num_cat=0
split_feature=3 5 36 6 13 5 36 9 9 13 36 13 13 12 1 13 5 39 9 26 42 10 36 38 42 1 3 7 9 11
split_gain=412.582 119.208 83.0494 90.7557 32.8431 35.0272 23.3375 17.7079 26.3493 50.035 21.172 17.468 14.2348 11.8651 15.7244 12.0854 11.848 8.92807 9.77318 7.97113 7.8739 7.86207 6.878 8.3547 7.22061 5.60316 5.41385 4.88493 4.7743 4.68632
threshold=367.15000000000003 53.500000000000007 14.317750000000002 4.5000000000000009 1.2489786419460016 35.500000000000007 22.764100000000003 29.500000000000004 11.500000000000002 4.5209217690605366 9.7093000000000007 5.1070786871261822 4.5209217690605366 20.400361666666672 5646610.9500000002 5.7503098588950747 31.500000000000004 0.47653666666666672 14.500000000000002 18.416350000000005 0.061200075291315222 11.402193333333335 11.922350000000003 -0.21125000000000058 0.035608519968278858 5019635.1500000013 419.45000000000005 3.5000000000000004 43.500000000000007 0.51315168717271742
decision_type=2 2 2 2 2 2 2 2 2 2 2 2 2 2 2 2 2 2 2 2 2 2 2 2 2 2 2 2 2 2
left_child=4 6 12 -4 5 16 13 8 20 -10 -11 -9 -3 14 22 -16 -1 18 -12 -7 -6 27 23 25 -24 -2 -15 -20 -5 -23
right_child=1 2 3 28 7 19 -8 11 9 10 17 -13 -14 26 15 -17 -18 -19 21 -21 -22 29 24 -25 -26 -27 -28 -29 -30 -31
leaf_value=-0.16371088693969058 0.029430594208346959 0.19510142938256397 0.39121458827801603 -0.14205038856111146 0.029672257983905159 0.002182317467868847 -0.061827534602707963 -0.001894871992098027 -0.023094175571363344 0.11556381467519038 0.40301378124509113 -0.14434682990538364 0.38805802208740603 0.067178822022961576 0.058307974119497168 0.085130887506360123 -0.01986045278884364 0.097217401089818078 0.30985462594652885 0.051824943259114818 -0.15159591622542892 0.38724030507982959 0.058429355985048829 0.030273160773925698 -0.032206992604321701 0.074803826765414957 0.13224501252713908 0.089204066138083946 0.81948045068085007 0.14026840923779532
leaf_weight=19558 73 23 171 301 1445 1532 328 3721 2121 555 227 3402 532 740 68 126 9327 78 49 652 1674 242 241 488 413 128 30 75 24 27
leaf_count=19558 73 23 171 301 1445 1532 328 3721 2121 555 227 3402 532 740 68 126 9327 78 49 652 1674 242 241 488 413 128 30 75 24 27
internal_value=-0.00223291 0.0234921 0.0462721 0.0224839 -0.00435493 -0.00579073 0.0144061 -0.00107873 0.00194301 0.00684291 0.019518 -0.00383322 0.0675315 0.0172449 0.0131841 0.0344742 -0.00652934 0.0287908 0.032 0.00397802 -0.00335749 0.0396336 0.0101087 0.0156865 0.00423241 0.0294129 0.0253506 0.0229677 -0.00233846 0.047316
internal_weight=48371 3686 1051 496 44685 31069 2635 13616 6493 3374 1253 7123 555 2307 1537 194 28885 698 620 2184 3119 393 1343 689 654 201 770 124 325 269
internal_count=48371 3686 1051 496 44685 31069 2635 13616 6493 3374 1253 7123 555 2307 1537 194 28885 698 620 2184 3119 393 1343 689 654 201 770 124 325 269
is_linear=0
shrinkage=0.08


Tree=13
num_leaves=31
num_cat=0
split_feature=5 4 36 6 13 12 10 9 9 13 28 13 42 3 11 36 9 42 18 39 38 42 38 42 13 39 13 6 3 44
split_gain=391.814 111.5 90.4288 97.0877 32.6092 22.4356 19.57 16.3108 23.5959 42.8311 19.6424 16.4662 15.1621 10.8206 9.96351 9.12935 8.66148 7.7753 5.89768 5.77603 5.76382 5.38014 8.18579 5.31781 5.20902 4.92423 4.6607 4.14388 3.859 3.56665
threshold=51.500000000000007 2713.1650000000004 14.317750000000002 2.5000000000000004 1.2489786419460016 20.400361666666672 15.868503333333335 29.500000000000004 11.500000000000002 4.5209217690605366 10.720450000000001 5.1070786871261822 0.061200075291315222 487.55000000000007 0.60447627447902363 21.683450000000004 14.500000000000002 0.061200075291315222 22.796950000000002 0.47653666666666672 0.074900000000000425 0.068327711660117849 -0.21125000000000058 0.075025072183947536 0.79856477643746426 0.4504866666666667 0.64488721758000256 20.500000000000004 419.45000000000005 25.478423066469336
decision_type=2 2 2 2 2 2 2 2 2 2 2 2 2 2 2 2 2 2 2 2 2 2 2 2 2 2 2 2 2 2
left_child=1 4 12 -4 6 15 -1 8 17 -10 -11 -9 -2 20 16 18 -12 29 -3 23 -14 -20 -23 -18 -7 -25 -8 -5 -26 -6
right_child=2 5 3 27 7 24 26 11 9 10 14 -13 13 -15 -16 -17 19 -19 21 -21 -22 22 -24 25 28 -27 -28 -29 -30 -31
leaf_value=-0.10617565917140166 0.24761540141252028 0.031481681035122618 0.35985421929640948 -0.13167910938407446 -0.20289141242441183 0.037418217339767218 -0.015123263329689251 -0.0077194217044392098 -0.044215240478557849 0.13181231241023697 0.40040023841935812 -0.13272946721939463 0.08906258273298262 0.36016459506480714 -0.015114136446938169 -0.21845880454383987 0.37278926530265233 -0.13931223703082496 0.083893597733124423 -0.032364268629543773 0.061871859416094764 0.076094901753704591 0.025167664737553896 0.25062292839375061 0.064783063948427255 0.36744034479726567 0.0074095523302611143 0.78247106957596257 0.12057102538453762 0.17480656582060147
leaf_weight=21039 29 2073 172 368 639 382 7852 3551 2039 630 181 3392 65 499 65 346 86 1671 163 21 71 143 212 98 540 130 1117 20 32 745
leaf_count=21039 29 2073 172 368 639 382 7852 3551 2039 630 181 3392 65 499 65 346 86 1671 163 21 71 143 212 98 540 130 1117 20 32 745
internal_value=-0.0022941 -0.00345422 0.0423922 0.0187143 -0.00462105 0.00951735 -0.00608051 -0.00131522 0.00163045 0.00637538 0.0182923 -0.00399021 0.0623614 0.0649449 0.0289019 0.00605516 0.0326202 -0.00341735 0.00768506 0.0402388 0.0449412 0.0153205 0.0208451 0.0429554 0.0201761 0.0365614 -0.0029515 -0.00346392 0.025007 0.00101734
internal_weight=48371 47147 1224 560 43256 3891 30008 13248 6305 3250 1211 6943 664 635 581 2937 516 3055 2591 335 136 518 355 314 954 228 8969 388 572 1384
internal_count=48371 47147 1224 560 43256 3891 30008 13248 6305 3250 1211 6943 664 635 581 2937 516 3055 2591 335 136 518 355 314 954 228 8969 388 572 1384
is_linear=0
shrinkage=0.08


Tree=14
num_leaves=31
num_cat=0
split_feature=5 4 36 6 13 18 12 5 9 9 13 5 13 36 11 42 13 42 38 9 39 5 13 9 38 3 6 6 6 40
split_gain=382.527 95.7824 86.479 97.0877 29.3509 22.9644 18.0509 16.1896 15.4457 23.029 39.5629 19.1074 16.5615 10.919 9.97069 7.44626 7.43207 7.09966 6.14148 5.77664 6.17904 5.26509 5.20802 5.03706 4.77844 5.60951 4.28867 4.14388 4.01212 3.95257
threshold=51.500000000000007 2713.1650000000004 14.317750000000002 2.5000000000000004 1.2489786419460016 14.951550000000003 18.448075833333338 54.500000000000007 29.500000000000004 11.500000000000002 4.5209217690605366 23.500000000000004 5.1070786871261822 17.353600000000004 0.57712366851306052 0.061200075291315222 5.1070786871261822 0.0562239500524317 0.074900000000000425 14.500000000000002 0.47653666666666672 46.500000000000007 0.64488721758000256 19.500000000000004 -0.21125000000000058 404.85000000000008 16.500000000000004 20.500000000000004 14.500000000000002 0.023727993312890282
decision_type=2 2 2 2 2 2 2 2 2 2 2 2 2 2 2 2 2 2 2 2 2 2 2 2 2 2 2 2 2 2
left_child=1 4 7 -4 5 -1 13 18 9 15 -11 -12 -10 17 19 -6 -9 -3 -2 29 23 28 -7 -21 25 -19 -24 -5 -8 -13
right_child=2 6 3 27 8 22 21 16 12 10 11 14 -14 -15 -16 -17 -18 24 -20 20 -22 -23 26 -25 -26 -27 -28 -29 -30 -31
leaf_value=-0.2396171395398142 0.092116540648572984 0.031105995966556634 0.3310658817526968 -0.12114478063334844 0.023042992502390648 -0.016445915332954808 0.055255890855796679 0.26645451334214498 -0.0071018679680840049 -0.040678021240273254 0.1240160705642137 0.3525166571544156 -0.12211110984184302 -0.013640068893060613 0.03257332839750262 -0.12816725806835891 0.33315147775759302 0.027498905018742619 0.053936031579347947 0.320944035374992 -0.029775127139180339 0.10933818477224151 0.014489260823928436 0.32676116582856302 0.026959431969171641 0.073028995776583075 -0.038494924074383027 0.71987338400988565 0.037722975319555679 0.4393465848489842
leaf_weight=18076 73 736 172 368 1384 10410 1047 24 3551 2039 720 127 3392 868 65 1671 469 94 98 195 21 40 1127 55 504 158 395 20 444 28
leaf_count=18076 73 736 172 368 1384 10410 1047 24 3551 2039 720 127 3392 868 65 1671 469 94 98 195 21 40 1127 55 504 158 395 20 444 28
internal_value=-0.00228418 -0.00343046 0.0418693 0.0187143 -0.00451193 -0.00589656 0.00859213 0.0613976 -0.00137561 0.00149088 0.00617846 0.0176317 -0.00397869 0.00420339 0.0298004 -0.00349591 0.0687546 0.00835389 0.0401871 0.0342535 0.0412989 0.0153573 -0.00317265 0.0448 0.0137989 0.0227936 0.00119842 -0.00346392 0.0145889 0.0219355
internal_weight=48371 47147 1224 560 43256 30008 3891 664 13248 6305 3250 1211 6943 2360 491 3055 493 1492 171 426 271 1531 11932 250 756 252 1522 388 1491 155
internal_count=48371 47147 1224 560 43256 30008 3891 664 13248 6305 3250 1211 6943 2360 491 3055 493 1492 171 426 271 1531 11932 250 756 252 1522 388 1491 155
is_linear=0
shrinkage=0.08


Tree=15
num_leaves=31
num_cat=0
split_feature=5 4 36 6 41 13 13 12 36 20 13 9 9 42 42 5 9 42 42 28 5 5 9 38 36 42 4 11 5 41
split_gain=364.382 92.3966 71.8859 90.1977 31.0156 14.3707 12.893 11.6042 11.1132 10.9867 10.9087 17.387 27.7294 31.5788 15.8116 13.9676 11.4498 8.37743 7.0003 6.62602 5.95194 5.63804 5.29158 4.39804 4.05551 4.0601 3.82011 3.8003 3.7711 3.7695
threshold=53.500000000000007 2713.1650000000004 14.317750000000002 4.5000000000000009 0.45206416666666677 4.7889675051139191 1.2489786419460016 19.442609166666667 14.156150000000002 23.831950000000003 1.0913886846855996 29.500000000000004 10.500000000000002 0.063834064091234474 0.06665006277825071 23.500000000000004 14.500000000000002 0.061200075291315222 0.061200075291315222 16.713150000000002 46.500000000000007 54.500000000000007 19.500000000000004 0.081399999999999265 23.287000000000003 0.0562239500524317 3767.3050000000007 0.35835991749726698 51.500000000000007 0.46433500000000005
decision_type=2 2 2 2 2 2 2 2 2 2 2 2 2 2 2 2 2 2 2 2 2 2 2 2 2 2 2 2 2 2
left_child=1 4 5 -4 6 -2 -1 8 9 28 19 12 17 -14 -13 27 -17 -12 -10 -6 -9 -7 -18 26 25 -5 -11 -15 -3 -29
right_child=2 7 3 24 10 21 -8 20 18 23 11 14 13 15 -16 16 22 -19 -20 -21 -22 -23 -24 -25 -26 -27 -28 29 -30 -31
leaf_value=-0.41309302187237334 0.20587242088357816 0.024787510149421946 0.30464381313184646 -0.1216295531792795 -0.023730922069417529 0.07622785354206181 -0.14616793673134951 0.045111458526433272 0.02180980450779842 0.057025625699890836 0.14141708508345499 0.06080904544215901 0.092517128487492675 -0.016003276109370936 -0.099865413671577419 0.41552528041611597 0.29523877879999882 -0.10509307890099237 -0.25238690773906625 -0.0039257232815742785 0.10118631445853708 0.30590663565869736 0.29168748494280861 0.024960440626674102 -0.11297802018434609 0.72081944756037675 0.07654091855571675 0.28644206470158895 0.082908284853888209 0.095884342028419584
leaf_weight=15425 25 834 171 29 10100 54 5553 1265 1173 126 619 1990 1199 123 2270 213 200 1037 428 4240 37 476 52 116 272 24 63 84 22 151
leaf_count=15425 25 834 171 29 10100 54 5553 1265 1173 126 619 1990 1199 123 2270 213 200 1037 428 4240 37 476 52 116 272 24 63 84 22 151
internal_value=-0.00229741 -0.00333221 0.0442931 0.0221613 -0.00441576 0.0640721 -0.00662332 0.00820079 0.00526575 0.0112248 -0.00233702 4.23261e-05 0.00407178 0.0103581 -0.00343662 0.0224253 0.0315699 -0.00360387 0.000944408 -0.00365412 0.014427 0.0668679 0.0431111 0.0242623 -0.00258462 0.0176604 0.0317884 0.0105475 0.00657944 0.0165106
internal_weight=48371 47320 1051 496 43256 555 20978 4064 2762 1161 22278 7938 3678 2022 4260 823 465 1656 1601 14340 1302 530 252 305 325 53 189 358 856 235
internal_count=48371 47320 1051 496 43256 555 20978 4064 2762 1161 22278 7938 3678 2022 4260 823 465 1656 1601 14340 1302 530 252 305 325 53 189 358 856 235
is_linear=0
shrinkage=0.08


Tree=16
num_leaves=31
num_cat=0
split_feature=5 4 36 6 41 13 36 1 12 38 13 13 9 9 42 42 10 9 42 10 13 5 9 9 20 6 20 20 41 6
split_gain=346.796 85.7493 64.3514 87.015 30.909 13.866 11.1652 12.3271 10.9296 9.78987 8.64938 8.63303 14.7192 19.2607 35.9589 13.2369 13.067 10.3884 8.06342 5.38945 5.37028 5.24089 5.12247 4.755 4.4527 4.40618 4.03129 5.48196 4.01735 3.87389
threshold=54.500000000000007 2713.1650000000004 14.317750000000002 6.5000000000000009 0.45206416666666677 1.2489786419460016 22.764100000000003 5646610.9500000002 18.448075833333338 -0.080600000000000213 5.1070786871261822 0.69258831649286046 29.500000000000004 10.500000000000002 0.063834064091234474 0.06665006277825071 12.142360000000002 18.500000000000004 0.061200075291315222 17.241950000000003 5.9785750718774198 46.500000000000007 18.500000000000004 43.500000000000007 23.305350000000001 16.500000000000004 13.775850000000002 26.023150000000005 0.47058916666666667 14.500000000000002
decision_type=2 2 2 2 2 2 2 2 2 2 2 2 2 2 2 2 2 2 2 2 2 2 2 2 2 2 2 2 2 2
left_child=1 4 10 -4 5 -1 7 8 24 -9 -2 19 13 18 -15 29 20 -18 25 -6 22 -10 28 -5 -3 -13 -11 -28 -16 -14
right_child=2 6 3 23 11 -7 -8 9 21 26 -12 12 15 14 16 -17 17 -19 -20 -21 -22 -23 -24 -25 -26 -27 27 -29 -30 -31
leaf_value=-0.38004558012258344 0.22306644696508338 0.011048635942925152 0.28027230808129872 -0.10035497131440579 -0.019373150366091059 -0.13447450179284162 -0.075917285451963828 0.082551438966261992 0.044609728130031806 0.080662979127582773 0.2820268286842898 0.12440905372372556 0.041995056585087731 0.012625659425292509 0.11675089642483449 -0.091876180577851158 0.32844537784898636 0.27051250828410645 -0.096685632588912968 0.0020098696587956509 0.091607281017080183 0.093289804124545697 0.23107341592434621 0.60855524464908284 0.047794496202591574 -0.06063633101187163 0.0086375974728183855 0.036725655135532907 0.3436208328582725 -0.046845936634932694
leaf_weight=15425 24 1728 171 269 11364 5553 369 80 1441 28 469 575 1551 1774 50 2270 292 61 1037 1147 358 36 30 21 323 384 116 40 32 1353
leaf_count=15425 24 1728 171 269 11364 5553 369 80 1441 28 469 575 1551 1774 50 2270 292 61 1037 1147 358 36 30 21 323 384 116 40 32 1353
internal_value=-0.00233876 -0.00329958 0.0454172 0.0239306 -0.00435473 -0.00655849 0.00766931 0.00896202 0.00771428 0.0256364 0.0655091 -0.00227956 -0.000497186 0.00279904 0.00734078 -0.00342327 0.0211616 0.0327932 -0.00311022 -0.00367101 0.0124255 0.0129614 0.0277143 -0.00275862 0.00393564 0.00217727 0.0154783 0.0104615 0.0173659 0.000154268
internal_weight=48371 47417 954 461 43256 20978 4161 3792 3528 264 493 22278 9767 4593 2597 5174 823 353 1996 12511 470 1477 112 290 2051 959 184 156 82 2904
internal_count=48371 47417 954 461 43256 20978 4161 3792 3528 264 493 22278 9767 4593 2597 5174 823 353 1996 12511 470 1477 112 290 2051 959 184 156 82 2904
is_linear=0
shrinkage=0.08


Tree=17
num_leaves=31
num_cat=0
split_feature=5 4 36 6 41 13 36 18 42 12 6 6 13 9 9 13 13 9 42 5 13 9 20 13 6 38 40 13 6 11
split_gain=331.012 73.9075 58.3736 83.0422 30.4862 15.093 10.5036 10.4027 8.17098 7.40243 7.30951 7.0558 5.69483 10.0344 12.7571 31.4597 12.431 9.37385 7.9924 5.37755 4.75834 4.75133 3.91787 3.8372 3.67067 3.35365 3.31815 3.25845 3.12539 2.91838
threshold=55.500000000000007 2713.1650000000004 14.317750000000002 7.5000000000000009 0.45206416666666677 1.1941918529180873 22.764100000000003 26.026400000000006 0.06665006277825071 19.442609166666667 16.500000000000004 8.5000000000000018 0.61251217644202838 26.500000000000004 10.500000000000002 5.2950296158690788 4.5209217690605366 14.500000000000002 0.061200075291315222 46.500000000000007 5.2950296158690788 43.500000000000007 23.305350000000001 1.5729973777556323 16.500000000000004 0.074900000000000425 0.02503868911047389 5.8222187974757071 14.500000000000002 0.36706026422406957
decision_type=2 2 2 2 2 2 2 2 2 2 2 2 2 2 2 2 2 2 2 2 2 2 2 2 2 2 2 2 2 2
left_child=1 4 20 -4 5 -1 7 9 -9 22 11 -6 -13 14 18 -16 -15 26 -14 24 -2 -5 -3 -12 28 -10 -17 -25 -11 -19
right_child=2 6 3 21 10 -7 -8 8 25 19 23 12 13 16 15 17 -18 29 -20 -21 -22 -23 -24 27 -26 -27 -28 -29 -30 -31
leaf_value=-0.35491953195134868 0.22687448061178128 0.016761936781512905 0.25785052343479492 -0.09433615762854132 -0.019768583258675275 -0.12717932746147317 -0.071916283467352043 0.043563724754929582 0.07734871193807448 0.043551858741095392 -0.033977564071890926 -0.0082827485853350334 0.090712059855787577 0.034876224933894168 0.042458883261530612 0.34121370970709536 -0.068568507037594206 0.28353858611711369 -0.073467578145006776 0.086620199085348584 0.2619541909120579 0.55987082507715624 0.045341399335687579 0.060755850145763235 0.044083879404956228 0.014627170196199293 0.46808657184650398 -0.15293251872678895 0.024367371747233715 0.23930298231748803
leaf_weight=15314 20 2036 171 247 5148 5664 389 63 83 842 4470 4975 584 1757 996 157 1228 90 531 32 431 21 370 1078 31 36 20 1142 343 102
leaf_count=15314 20 2036 171 247 5148 5664 389 63 83 842 4470 4975 584 1757 996 157 1228 90 531 32 431 21 370 1078 31 36 20 1142 343 102
internal_value=-0.00240491 -0.00331097 0.0459326 0.0251663 -0.00429739 -0.00648603 0.00678816 0.00805839 0.0267253 0.00712862 -0.00223647 -0.00128715 -9.19559e-05 0.00169076 0.00545161 0.0106374 -0.00143384 0.0305908 -0.000896863 0.0121282 0.0661463 -0.00262687 0.00453533 -0.00444843 0.0112763 0.0390588 0.0173107 -0.00172973 0.0105654 0.0428333
internal_weight=48371 47481 890 439 43256 20978 4225 3836 182 3654 22278 15588 10440 5465 2480 1365 2985 369 1115 1248 451 268 2406 6690 1216 119 177 2220 1185 192
internal_count=48371 47481 890 439 43256 20978 4225 3836 182 3654 22278 15588 10440 5465 2480 1365 2985 369 1115 1248 451 268 2406 6690 1216 119 177 2220 1185 192
is_linear=0
shrinkage=0.08


Tree=18
num_leaves=31
num_cat=0
split_feature=5 1 36 6 12 12 36 18 42 9 9 13 13 5 30 42 11 9 13 20 13 5 9 9 42 1 38 12 6 38
split_gain=308.756 63.8809 49.1668 83.0422 29.3577 8.39046 9.48598 13.5194 7.61354 13.2773 20.3392 26.5307 16.9165 11.8425 11.6694 8.64568 6.6881 7.26989 5.9367 5.81687 4.796 4.77993 4.75133 4.16255 4.10296 4.05479 3.60783 3.58191 3.46664 3.37005
threshold=55.500000000000007 3996612.1500000004 14.317750000000002 7.5000000000000009 9.4343108333333365 19.442609166666667 14.566450000000001 26.026400000000006 0.024198510191220022 29.500000000000004 10.500000000000002 4.5209217690605366 5.1070786871261822 23.500000000000004 15.064500000000001 0.061200075291315222 0.57712366851306052 14.500000000000002 4.7889675051139191 13.995850000000003 1.3167850402770935 56.500000000000007 43.500000000000007 19.500000000000004 0.058503534879212962 5234339.7000000002 0.52880000000000138 16.381145833333338 14.500000000000002 -0.14439999999999983
decision_type=2 2 2 2 2 2 2 2 2 2 2 2 2 2 2 2 2 2 2 2 2 2 2 2 2 2 2 2 2 2
left_child=1 4 21 -4 20 6 7 26 14 10 15 -12 -11 -13 -6 -10 17 -15 -8 23 -1 -2 -5 -19 -9 -7 27 -3 -16 -26
right_child=2 5 3 22 8 25 18 24 9 12 11 13 -14 16 28 -17 -18 19 -20 -21 -22 -23 -24 -25 29 -27 -28 -29 -30 -31
leaf_value=-0.4926227445854397 0.061257199010341705 0.028636787781966912 0.23722248156001144 -0.086789265018257997 -0.099430385971610899 0.035941685879956012 0.009190262728457823 -0.03450708009805499 0.028105648734893993 -0.001490794374706965 -0.012881952931405262 0.11744939882311257 -0.091517412951533719 0.32899304912359695 -0.0056389303729339601 -0.09694213389258835 -0.018864682470648403 0.2471943389823841 -0.18898028368013772 0.022525586247373122 -0.093629530250040865 0.24489068640990469 0.51508115907098384 0.24110720696424723 0.071874273467442934 0.087056943450555771 0.0057675403673017305 0.069968351171552576 -0.020217255140389551 0.036192799116828565
leaf_weight=12153 57 647 171 247 5633 1282 1692 22 1190 3567 2123 803 3392 207 6809 1531 70 189 473 28 993 394 21 54 71 23 519 23 3929 58
leaf_count=12153 57 647 171 247 5633 1282 1692 22 1190 3567 2123 803 3392 207 6809 1531 70 189 473 28 993 394 21 54 71 23 519 23 3929 58
internal_value=-0.00245949 -0.00333456 0.0442247 0.0251663 -0.00431975 0.0054054 0.00336662 0.00865671 -0.00291956 -0.00148639 0.00120742 0.00526425 -0.00388447 0.0140281 -0.0040711 -0.00397207 0.0230949 0.026477 9.23768e-05 0.0350996 -0.00746448 0.0627761 -0.00262687 0.0390782 0.0312053 0.0108812 0.0057931 0.00967164 -0.00252412 0.0366512
internal_weight=48371 47481 890 439 42671 4810 3505 1340 29525 13154 6195 3474 6959 1351 16371 2721 548 478 2165 271 13146 451 268 243 151 1305 1189 670 10738 129
internal_count=48371 47481 890 439 42671 4810 3505 1340 29525 13154 6195 3474 6959 1351 16371 2721 548 478 2165 271 13146 451 268 243 151 1305 1189 670 10738 129
is_linear=0
shrinkage=0.08


Tree=19
num_leaves=31
num_cat=0
split_feature=5 5 36 6 5 13 13 9 9 13 13 34 9 36 20 12 11 10 38 38 9 9 9 10 18 39 42 40 26 20
split_gain=283.637 60.186 34.8702 71.8025 28.9491 13.5122 12.1749 9.47953 11.6403 27.6721 10.8065 8.87459 8.56067 7.88572 14.713 8.6088 7.70182 7.52859 5.75845 5.24746 5.22643 4.22466 5.25913 5.07906 4.04594 3.98148 3.94237 3.75332 4.79427 3.59862
threshold=56.500000000000007 35.500000000000007 13.978800000000001 7.5000000000000009 23.500000000000004 1.2489786419460016 1.1641839020846139 27.500000000000004 10.500000000000002 5.1070786871261822 5.2950296158690788 14.061550000000002 18.500000000000004 22.764100000000003 26.023150000000005 19.442609166666667 1.0353249201113497 15.118913333333333 -0.9466 0.057949999999999953 38.500000000000007 36.500000000000007 10.500000000000002 7.6543300000000007 22.796950000000002 0.44851666666666673 0.0562239500524317 0.02065257737865402 6.6354500000000014 28.944650000000003
decision_type=2 2 2 2 2 2 2 2 2 2 2 2 2 2 2 2 2 2 2 2 2 2 2 2 2 2 2 2 2 2
left_child=1 4 29 -4 5 -1 17 8 16 -10 -9 -5 -11 14 15 -3 -8 -6 -16 -20 -13 22 -7 27 -17 -14 -23 -24 -29 -2
right_child=2 13 3 11 6 21 7 10 9 12 -12 20 25 -15 18 24 -18 -19 19 -21 -22 26 23 -25 -26 -27 -28 28 -30 -31
leaf_value=-0.37382515947557682 0.18279731191020671 0.0097744626134120861 0.21827507987995121 0.58742371226015999 -0.095020567261475328 -0.25406951762840957 -0.060791573211093491 0.055097208716921475 0.10496271995217966 0.24497186875941798 -0.057318421842186641 -0.080731740034935634 0.16650389892656506 -0.067271902013863821 0.065888657738461656 0.033921209493620326 0.21026523068295763 -0.0098938792348521563 0.065873884691582618 0.021996480274757611 0.48786090443802033 -0.10100305646966154 0.034621963133807866 -0.020953312985673631 0.080015036952804333 0.20837269707398856 -0.27369150100910228 -0.74988509607919318 0.20197418240403836 0.23939621111816223
leaf_weight=14397 197 3677 170 22 3494 1551 832 2110 1124 383 1307 206 23 427 64 1211 421 10882 89 62 20 1174 133 2069 41 61 1917 29 102 176
leaf_count=14397 197 3677 170 22 3494 1551 832 2110 1124 383 1307 206 23 427 64 1211 421 10882 89 62 20 1174 133 2069 41 61 1917 29 102 176
internal_value=-0.00251572 -0.00330559 0.0449962 0.0291292 -0.00434174 -0.00640539 -0.00220459 0.000739816 0.0041519 0.0086939 -0.00210009 0.00167742 0.0250621 0.00450763 0.0053748 0.00448123 -0.00161533 -0.00348692 0.0258605 0.0343841 -0.00304425 -0.00351541 -0.00175901 0.000641233 0.0102109 0.0481905 -0.00572242 0.0110909 0.0207023 0.0627775
internal_weight=48371 47580 791 418 42009 21372 20637 6261 2844 1591 3417 248 467 5571 5144 4929 1253 14376 215 151 226 6975 3884 2333 1252 84 3091 264 131 373
internal_count=48371 47580 791 418 42009 21372 20637 6261 2844 1591 3417 248 467 5571 5144 4929 1253 14376 215 151 226 6975 3884 2333 1252 84 3091 264 131 373
is_linear=0
shrinkage=0.08


Tree=20
num_leaves=31
num_cat=0
split_feature=5 1 36 6 18 13 36 36 18 13 41 20 5 9 11 9 13 9 9 11 13 13 42 12 13 13 9 6 13 9
split_gain=267.424 56.4792 29.372 69.7771 27.3857 17.4444 10.8713 10.8597 9.19275 8.06455 7.31667 6.87398 6.78691 5.70743 7.83501 16.4889 7.78114 5.5446 7.54728 6.21915 5.08466 5.06999 5.04967 5.03717 4.91771 4.98668 5.03106 3.5764 3.59468 3.73117
threshold=56.500000000000007 2745077.9000000008 13.830600000000002 7.5000000000000009 18.681450000000002 1.2489786419460016 15.215750000000002 22.764100000000003 26.026400000000006 0.92762221776818599 0.49015416666666672 28.944650000000003 58.500000000000007 27.500000000000004 0.36706026422406957 14.500000000000002 4.7889675051139191 36.500000000000007 10.500000000000002 0.51315168717271742 5.1070786871261822 4.7889675051139191 0.061200075291315222 13.212730000000002 4.0559615306853534 5.671792100550527 19.500000000000004 14.500000000000002 0.69258831649286046 55.500000000000007
decision_type=2 2 2 2 2 2 2 2 2 2 2 2 2 2 2 2 2 2 2 2 2 2 2 2 2 2 2 2 2 2
left_child=1 5 12 -4 9 -1 11 8 23 10 -3 -5 -2 14 15 -11 -15 18 -7 24 -19 -17 -10 -6 -20 26 -26 28 -12 -30
right_child=2 4 3 6 7 17 -8 -9 22 13 27 -13 -14 16 -16 21 -18 20 19 -21 -22 -23 -24 -25 25 -27 -28 -29 29 -31
leaf_value=-0.31700423280384488 0.093719721588514063 -0.042372018774494105 0.20081307348955504 0.1509900748743058 0.0027276850445411395 -0.20629664079694679 -0.068741250433277806 -0.059332392581782675 -0.02788081804291245 0.0053142601050989906 -0.0042895250530555181 0.56250640346540615 0.22043091386267633 0.014717533528488726 0.033541747270625887 0.30713954879241523 -0.048651358633500195 -0.092786677106296428 -0.06073844559360591 -0.094475076061238797 -0.21496990936299398 0.22301127024367662 0.052075740826176456 0.038951957167952293 0.17091001173239839 0.084967334081047424 0.35358273041203575 -0.0164787735235719 0.01953656487116686 0.047836047034598372
leaf_weight=15078 148 3651 170 26 753 1746 211 473 46 180 6614 21 215 2438 2803 23 1079 1355 417 1380 2111 90 186 2236 115 663 46 3728 344 25
leaf_count=15078 148 3651 170 26 753 1746 211 473 46 180 6614 21 215 2438 2803 23 1079 1355 417 1380 2111 90 186 2236 115 663 46 3728 344 25
internal_value=-0.00255376 -0.00332072 0.0435803 0.0293832 -0.00066448 -0.00618079 0.00316279 0.00568706 0.00734927 -0.00178308 -0.00284752 0.0379574 0.0603196 0.000528654 0.00303359 0.0154812 -0.00167643 -0.00311809 -0.00122189 0.00149256 -0.00550721 0.0394336 0.0226897 0.00615858 0.00560193 0.00918446 0.0218137 -0.0017933 -0.000725192 0.00695935
internal_weight=48371 47580 791 428 24669 22911 258 3694 3221 20975 14362 47 363 6613 3096 293 3517 7833 4367 2621 3466 113 232 2989 1241 824 161 10711 6983 369
internal_count=48371 47580 791 428 24669 22911 258 3694 3221 20975 14362 47 363 6613 3096 293 3517 7833 4367 2621 3466 113 232 2989 1241 824 161 10711 6983 369
is_linear=0
shrinkage=0.08


Tree=21
num_leaves=31
num_cat=0
split_feature=3 1 4 36 6 13 36 20 13 10 9 9 13 13 9 13 11 9 13 9 13 0 5 38 41 13 11 9 40 10
split_gain=252.759 58.3731 25.9695 24.2278 67.1709 17.0214 9.25667 15.0313 6.4619 7.51562 5.38258 8.75152 8.79728 6.41681 5.14267 8.06952 5.95669 15.227 3.74332 3.59763 3.50232 3.49806 3.4592 4.63245 3.38614 3.1377 3.21429 4.87013 2.98188 4.62247
threshold=518.45000000000016 2745077.9000000008 2734.9700000000007 14.241900000000003 7.5000000000000009 1.2489786419460016 22.764100000000003 26.023150000000005 1.0375500421996582 15.481703333333334 31.500000000000004 11.500000000000002 4.5209217690605366 5.1070786871261822 27.500000000000004 4.7889675051139191 0.37297333887843881 14.500000000000002 5.7503098588950747 38.500000000000007 4.7889675051139191 0.44975000000000004 50.500000000000007 0.074900000000000425 0.45206416666666677 5.5601610876610534 0.55094822734269144 19.500000000000004 0.020974996452684292 7.7276300000000004
decision_type=2 2 2 2 2 2 2 2 2 2 2 2 2 2 2 2 2 2 2 2 2 2 2 2 2 2 2 2 2 2
left_child=1 5 8 18 -5 -1 7 24 9 -3 11 -7 -13 -12 16 -16 17 -10 -2 -6 -19 -22 -9 -24 -4 26 27 -14 -27 -30
right_child=3 2 6 4 19 10 -8 22 14 -11 13 12 25 -15 15 -17 -18 20 -20 -21 21 -23 23 -25 -26 28 -28 -29 29 -31
leaf_value=-0.29164389417953729 0.12904622321610293 -0.059663717814290765 -0.00021862485836492037 0.18477842312544993 -0.062110700013082297 -0.19070773265531896 -0.059240203419343038 0.062674113161042946 -0.020009574732805575 -0.0068530205238683138 -0.067634398963827821 -0.091552558958025776 0.15434559505656376 -0.2017206662452497 0.038917936585782797 -0.044943251184725454 0.062341060867678356 0.23962250419400144 0.19745254550532848 0.44034509402492578 0.19186603212008893 0.21672357988926907 0.055974663827601023 0.025405022885034347 0.029847924964701372 0.0498700851703201 -0.12603141875578303 0.32032972248932706 0.17921105317416391 0.064150855260042217
leaf_weight=15078 36 3232 690 169 164 1901 463 38 197 11401 1641 1157 77 2303 2102 1125 2351 25 272 21 32 70 143 82 2847 402 21 28 67 236
leaf_count=15078 36 3232 690 169 164 1901 463 38 197 11401 1641 1157 77 2303 2102 1125 2351 25 272 21 32 70 143 82 2847 402 21 28 67 236
internal_value=-0.0025918 -0.00327301 -0.000583275 0.0465015 0.032226 -0.00618428 0.00509875 0.0064 -0.00176285 -0.00266412 -0.00315894 -0.00104706 0.00266398 -0.00524138 0.000471703 -0.00167834 0.00306542 0.0132346 0.0629091 -0.00108108 0.0348346 0.0414118 0.0248517 0.0286222 0.00502799 0.00894344 0.0205714 0.0262857 0.00686525 0.0128581
internal_weight=48371 47709 24798 662 354 22911 4263 3800 20535 14633 7833 3889 1988 3944 5902 3227 2675 324 308 185 127 102 263 225 3537 831 126 105 705 303
internal_count=48371 47709 24798 662 354 22911 4263 3800 20535 14633 7833 3889 1988 3944 5902 3227 2675 324 308 185 127 102 263 225 3537 831 126 105 705 303
is_linear=0
shrinkage=0.08


Tree=22
num_leaves=31
num_cat=0
split_feature=5 44 9 12 36 4 13 36 1 13 4 38 9 42 9 13 9 11 13 5 9 11 41 12 18 26 6 13 12 13
split_gain=241.689 57.6139 24.1282 22.0893 32.7458 21.8334 13.9093 8.13994 10.444 6.67571 9.45261 6.01101 5.64017 8.5174 7.78541 21.2355 7.38469 6.04917 5.56625 5.18662 4.03989 3.96369 3.87604 3.63212 3.40062 3.14286 2.83164 4.10638 3.6136 2.74465
threshold=57.500000000000007 26.246591964004867 26.500000000000004 22.234510833333339 14.317750000000002 2734.9700000000007 1.1941918529180873 22.764100000000003 5646610.9500000002 1.0375500421996582 2240.2550000000006 -0.035499999999999858 27.500000000000004 0.06665006277825071 10.500000000000002 5.1070786871261822 18.500000000000004 1.1809927532469855 5.8222187974757071 58.500000000000007 38.500000000000007 4.4773228272759251 0.50880416666666684 20.400361666666672 22.796950000000002 12.615250000000001 14.500000000000002 0.67755272131708055 17.074354166666669 1.0722616377009897
decision_type=2 2 2 2 2 2 2 2 2 2 2 2 2 2 2 2 2 2 2 2 2 2 2 2 2 2 2 2 2 2
left_child=1 6 19 4 18 9 -1 8 23 10 -3 -10 14 -14 17 -16 -17 -11 -4 22 -6 -8 -2 -7 29 -18 27 28 -12 -25
right_child=2 5 3 -5 20 7 21 -9 11 12 26 -13 13 -15 15 16 25 -19 -20 -21 -22 -23 -24 24 -26 -27 -28 -29 -30 -31
leaf_value=-0.29241124004220181 0.071630358980582523 -0.067561412918060171 0.070258702944852272 0.15378409666198622 -0.064901866299274497 0.014694296860370666 -0.097571262742876003 -0.054144804258420214 0.049106339045248422 -0.060538078797930737 -0.0081161791393854557 0.038109073466538433 0.033329840987266358 -0.044902973458038106 0.058974608195898205 0.20634549723827389 0.1158746977670463 0.18645327901865483 0.14831071804513357 0.20135602793768237 0.40511748650293156 -0.21027430133782793 0.03133903071016423 0.024000871523283323 0.068109843425967542 0.17694393932456115 -0.014117132751655713 0.018486768077476377 0.0065578110664115353 0.073392913308457888
leaf_weight=14363 40 3327 20 88 145 2437 5909 459 171 895 6113 281 2364 1259 1283 370 32 426 87 251 21 1309 24 823 41 56 4153 622 965 37
leaf_count=14363 40 3327 20 88 145 2437 5909 459 171 895 6113 281 2364 1259 1283 370 32 426 87 251 21 1309 24 823 41 56 4153 622 965 37
internal_value=-0.00260007 -0.0032733 0.0448994 0.0307812 0.0195458 -0.000745656 -0.00633187 0.00450176 0.00572031 -0.00176538 -0.00269302 0.0171327 0.00034106 -0.0017952 0.00286871 0.00638254 0.0211703 -0.0017623 0.0540561 0.0610794 -0.0026988 -0.00346689 0.04075 0.00417495 0.00851498 0.042 -0.00163537 -0.000727275 -0.00127494 0.00744186
internal_weight=48371 47695 676 361 273 26114 21581 4249 3790 21865 15180 452 6685 3623 3062 1741 458 1321 107 315 166 7218 64 3338 901 88 11853 7700 7078 860
internal_count=48371 47695 676 361 273 26114 21581 4249 3790 21865 15180 452 6685 3623 3062 1741 458 1321 107 315 166 7218 64 3338 901 88 11853 7700 7078 860
is_linear=0
shrinkage=0.08


Tree=23
num_leaves=31
num_cat=0
split_feature=5 5 9 12 36 4 13 13 36 20 18 13 10 9 9 13 13 9 18 42 13 9 9 41 6 6 39 24 34 24
split_gain=223.046 55.5123 22.9726 22.9107 28.1898 18.7171 14.4794 12.1532 7.31867 8.70194 5.83827 5.54759 7.5874 6.30255 11.1032 17.4366 8.5775 5.84616 5.5022 5.16888 4.38095 4.08712 9.63095 3.6614 3.43192 3.15369 4.22031 2.98461 3.33836 3.43962
threshold=57.500000000000007 23.500000000000004 26.500000000000004 22.234510833333339 27.033500000000004 2734.9700000000007 1.2489786419460016 5.8222187974757071 23.815100000000005 26.023150000000005 28.948600000000003 1.5729973777556323 14.510663333333335 27.500000000000004 10.500000000000002 5.1070786871261822 5.2950296158690788 19.500000000000004 23.83595 0.061200075291315222 5.671792100550527 24.500000000000004 11.500000000000002 0.46219833333333343 15.500000000000002 13.500000000000002 0.46897666666666676 28.111700000000003 24.422950000000004 14.161100000000001
decision_type=2 2 2 2 2 2 2 2 2 2 2 2 2 2 2 2 2 2 2 2 2 2 2 2 2 2 2 2 2 2
left_child=1 6 10 4 7 11 -1 -4 9 23 18 12 -3 14 19 -16 -15 -17 -2 -13 -8 22 -22 -7 -14 26 -25 28 29 -11
right_child=2 5 3 -5 -6 8 20 -9 -10 27 -12 13 24 16 15 17 -18 -19 -20 -21 21 -23 -24 25 -26 -27 -28 -29 -30 -31
leaf_value=-0.27296078795239903 0.16159503520361657 -0.086972334773106452 0.019765082906489158 0.14148136892902727 -0.056282456965984391 -0.00090593583778152337 -0.07306339192965268 0.15382509656019239 -0.076989973197831796 0.042146265152222029 0.18453849321739513 0.10363014566321317 -0.0029776005296115998 0.0570779097715889 0.094688163156597269 0.18965588169790817 -0.041653141432710615 0.15770744709844761 0.053014197727758811 -0.057986233803047751 -0.22768987128470156 -0.21497363412191001 0.069213931977359228 0.066402616591568431 -0.015433432719603271 0.011086198352711024 0.036993532951977819 0.088337817339319044 0.041117247462982627 0.017817726375228507
leaf_weight=14397 30 3275 31 88 148 936 3714 94 324 51 226 595 9001 1804 1040 411 1307 56 59 607 857 1828 576 38 3978 1125 1571 43 23 138
leaf_count=14397 30 3275 31 88 148 936 3714 94 324 51 226 595 9001 1804 1040 411 1307 56 59 607 857 1828 576 38 3978 1125 1571 43 23 138
internal_value=-0.00262488 -0.00327162 0.0430059 0.0292299 0.0177875 -0.000812371 -0.00630058 0.04576 0.00404989 0.00500382 0.0587936 -0.0017483 -0.0025072 0.000371132 0.00319232 0.00776642 -0.0020855 0.0206081 0.0414382 -0.00254243 -0.00330896 -0.00544864 -0.00224983 0.0040109 -0.00163896 0.00548939 0.00776134 0.0192941 0.0153962 0.0118942
internal_weight=48371 47695 676 361 273 26323 21372 125 4249 3925 315 22074 16254 5820 2709 1507 3111 467 89 1202 6975 3261 1433 3670 12979 2734 1609 255 212 189
internal_count=48371 47695 676 361 273 26323 21372 125 4249 3925 315 22074 16254 5820 2709 1507 3111 467 89 1202 6975 3261 1433 3670 12979 2734 1609 255 212 189
is_linear=0
shrinkage=0.08


Tree=24
num_leaves=31
num_cat=0
split_feature=5 5 6 36 0 13 18 36 1 13 10 9 42 13 12 9 38 9 9 9 13 42 11 9 20 18 36 28 24 13
split_gain=199.932 53.2278 21.6415 54.4233 14.8013 14.5249 10.7308 6.85767 6.43343 5.24918 8.54027 5.13458 7.10759 4.77837 4.44469 4.33403 4.22091 3.92875 9.23511 3.74799 18.7461 6.26636 4.23385 6.68042 2.9473 4.06002 2.70433 2.64802 2.89302 2.6387
threshold=57.500000000000007 23.500000000000004 7.5000000000000009 14.407650000000002 0.53915000000000013 1.2489786419460016 29.745450000000002 23.815100000000005 5646610.9500000002 0.69258831649286046 15.118913333333333 27.500000000000004 0.06665006277825071 5.671792100550527 20.400361666666672 38.500000000000007 -0.62929999999999942 24.500000000000004 11.500000000000002 10.500000000000002 5.1070786871261822 0.061200075291315222 0.55743544763829334 18.500000000000004 14.508850000000002 28.948600000000003 13.240100000000002 28.101150000000001 13.771500000000001 0.79856477643746426
decision_type=2 2 2 2 2 2 2 2 2 2 2 2 2 2 2 2 2 2 2 2 2 2 2 2 2 2 2 2 2 2
left_child=1 5 -2 6 9 -1 24 8 14 10 -3 19 -13 -7 -6 -5 26 18 -15 21 -21 -11 23 -22 -4 -26 -10 28 -18 -16
right_child=2 4 3 15 7 13 -8 -9 16 11 -12 12 -14 17 29 -17 27 -19 -20 20 22 -23 -24 -25 25 -27 -28 -29 -30 -31
leaf_value=-0.25112392491620705 0.1420533486074578 -0.084179616041707525 0.14524759876704083 -0.05572313490625689 0.0082901535576432959 -0.067218320575280474 0.17224579963651429 -0.072378904626690388 0.047625874219497169 0.023720536194187326 -0.0065655629116105965 -0.0012573942302558756 -0.038458511449417046 -0.20947468158192548 0.010873564604876549 0.38951606941870043 0.046397676365564494 -0.19777574339215725 0.063676817419170528 0.0049281213668520415 0.17765044991374368 -0.05337853170048007 -0.020023119715774348 0.14312063132353778 0.049969756653478282 0.08154027566939355 0.039691772447759767 0.098018160036377075 0.011862187286374712 0.04357670149730547
leaf_weight=14397 172 2343 45 160 2265 3714 130 319 32 1205 10748 3750 1330 857 307 20 135 1828 576 2030 374 608 49 80 76 73 20 23 245 460
leaf_count=14397 172 2343 45 160 2265 3714 130 319 32 1205 10748 3750 1330 857 307 20 135 1828 576 2030 374 608 49 80 76 73 20 23 245 460
internal_value=-0.00268111 -0.00329343 0.0405207 0.0321587 -0.000885311 -0.00625941 0.0517531 0.00372885 0.00475595 -0.00166523 -0.00270171 -0.00022576 -0.00195276 -0.00326308 0.0034248 -0.00311111 0.0136264 -0.0054977 -0.00236148 0.00179291 0.0037805 -0.000984006 0.0176064 0.0200176 0.039835 0.0344161 0.0350769 0.0108586 0.00926316 0.00868839
internal_weight=48371 47695 676 504 26323 21372 324 3806 3487 22517 13091 9426 5080 6975 3032 180 455 3261 1433 4346 2533 1813 503 454 194 149 52 403 380 767
internal_count=48371 47695 676 504 26323 21372 324 3806 3487 22517 13091 9426 5080 6975 3032 180 455 3261 1433 4346 2533 1813 503 454 194 149 52 403 380 767
is_linear=0
shrinkage=0.08


Tree=25
num_leaves=31
num_cat=0
split_feature=4 44 6 36 13 4 36 5 4 13 6 6 9 9 9 11 13 32 5 38 13 38 36 12 36 38 13 10 40 10
split_gain=192.857 53.7152 16.8691 45.8937 14.6684 14.2049 7.03526 10.5576 6.02714 4.85827 4.76785 5.03245 4.00888 9.2227 3.79443 3.14062 3.23706 2.92874 2.89265 2.85124 2.73408 2.66279 3.43636 2.54592 3.32851 2.65781 2.42428 2.89837 2.27711 3.53596
threshold=4343.9800000000005 26.246591964004867 7.5000000000000009 14.407650000000002 1.1941918529180873 2734.9700000000007 23.815100000000005 51.500000000000007 4463.380000000001 5.671792100550527 15.500000000000002 8.5000000000000018 24.500000000000004 11.500000000000002 37.500000000000007 4.3430927280668952 0.59202990069679073 17.664300000000001 57.500000000000007 -0.041649999999999292 6.4423947865297668 -0.62929999999999942 12.830000000000002 18.448075833333338 17.591800000000003 -0.52154999999999985 1.1941918529180873 15.316173333333337 0.020974996452684292 7.7276300000000004
decision_type=2 2 2 2 2 2 2 2 2 2 2 2 2 2 2 2 2 2 2 2 2 2 2 2 2 2 2 2 2 2
left_child=1 4 -2 8 -1 10 7 23 19 -6 11 17 13 -11 -5 16 -13 -3 21 -4 -18 22 -9 24 25 -7 27 -12 -15 -30
right_child=2 5 3 14 9 6 -8 18 -10 12 26 15 -14 28 -16 -17 20 -19 -20 -21 -22 -23 -24 -25 -26 -27 -28 -29 29 -31
leaf_value=-0.23025756207911413 0.13165354873098176 -0.015219358434470408 0.071006924972820462 -0.053485277585573671 -0.067573777386421993 0.064510600558582945 -0.064346297167200583 0.043815804485761618 0.1607524797028583 -0.17706883323623057 -0.091149024120047425 -0.0031116436167295983 -0.16710381216924158 0.015912571502118663 0.34604939258099476 -0.032973802848121778 0.031310269114116253 0.18206386087263368 0.048103156297220569 0.049358015503339403 -0.017724318843324552 0.032425603539998113 0.01959887370153544 0.02359225033560413 -0.026814687059895183 0.0069293683008348648 -0.035820447852606255 -0.012046363334968932 0.1552615902922091 0.036811290068484256
leaf_weight=14363 169 5674 36 123 3855 303 361 22 149 891 1592 4259 1891 332 21 703 3435 96 73 68 790 343 20 1505 568 1164 1774 3542 66 183
leaf_count=14363 169 5674 36 123 3855 303 361 22 149 891 1592 4259 1891 332 21 703 3435 96 73 68 790 343 20 1505 568 1164 1774 3542 66 183
internal_value=-0.00269269 -0.00324234 0.0437314 0.0347204 -0.00619842 -0.000809642 0.0033604 0.00432616 0.0552411 -0.00325631 -0.00164098 -0.000838138 -0.00547844 -0.00234783 -0.00133334 0.000324805 0.000750587 -0.00268978 0.0157555 0.0404615 0.00231952 0.012987 0.032 0.00284746 0.00100246 0.00301568 -0.00337927 -0.00426023 0.00549397 0.0112771
internal_weight=48371 47805 566 397 21581 26224 4359 3998 253 7218 21865 14957 3363 1472 144 9187 8484 5770 458 104 4225 385 42 3540 2035 1467 6908 5134 581 249
internal_count=48371 47805 566 397 21581 26224 4359 3998 253 7218 21865 14957 3363 1472 144 9187 8484 5770 458 104 4225 385 42 3540 2035 1467 6908 5134 581 249
is_linear=0
shrinkage=0.08


Tree=26
num_leaves=31
num_cat=0
split_feature=5 1 6 36 13 4 18 36 1 13 13 10 9 42 9 42 42 9 38 9 41 18 9 9 10 40 36 13 20 9
split_gain=176.678 53.4076 16.1689 43.9665 13.6589 13.3345 6.05071 6.01719 9.62923 4.83935 4.53112 10.1303 4.52485 7.94407 6.52574 12.1303 5.5906 5.11414 4.2296 4.0389 3.74286 3.62963 3.18369 7.72865 2.85985 4.29314 2.72593 2.44954 2.44356 2.37646
threshold=58.500000000000007 2509174.5500000003 7.5000000000000009 14.407650000000002 1.1941918529180873 2643.5600000000004 29.745450000000002 23.815100000000005 5646610.9500000002 5.671792100550527 0.92762221776818599 15.194033333333335 24.500000000000004 0.06665006277825071 10.500000000000002 0.068327711660117849 0.061200075291315222 19.500000000000004 -0.059350000000000229 37.500000000000007 0.5192041666666668 12.771750000000003 22.500000000000004 11.500000000000002 14.962853333333335 0.093035251095769322 18.664000000000005 6.297711869298797 13.775850000000002 18.500000000000004
decision_type=2 2 2 2 2 2 2 2 2 2 2 2 2 2 2 2 2 2 2 2 2 2 2 2 2 2 2 2 2 2
left_child=1 4 -2 6 -1 10 24 8 20 -6 11 -3 14 -14 16 29 -12 -17 -10 -5 26 -19 23 -11 -4 -26 -7 -25 -20 -16
right_child=2 5 3 19 9 7 -8 -9 18 22 12 -13 13 -15 15 17 -18 21 28 -21 -22 -23 -24 27 25 -27 -28 -29 -30 -31
leaf_value=-0.22994775659920702 0.12112126483250331 -0.068324506535932694 0.13731474751575889 -0.049467243404771606 -0.075760287707684171 0.0048389047522795414 0.14607675355804675 -0.058612221791612393 0.040402117495433036 -0.19575976009925217 0.040285923744766201 -0.0053407689078332869 0.0126593251490148 -0.03497431014204537 -0.036313821919712413 0.16084812612398883 -0.048105378173192243 0.047634460775958253 0.049121929254501318 0.33067083245872481 0.020489133266472823 0.14537683005598617 -0.19219944917225235 -0.032177781338453351 0.021078472926131665 0.064508712880395905 -0.072363277054797129 0.087645371642281394 0.021045061376464388 0.16122178502123827
leaf_weight=13976 169 3319 27 125 3574 2429 128 363 205 817 878 10693 2956 1439 693 425 653 27 64 20 1846 27 1729 175 22 58 331 357 278 568
leaf_count=13976 169 3319 27 125 3574 2429 128 363 205 817 878 10693 2956 1439 693 425 653 27 64 20 1846 27 1729 175 22 58 331 357 278 568
internal_value=-0.00270592 -0.00322396 0.0424189 0.0332632 -0.00629358 -0.000895494 0.0546383 0.00261639 0.00331768 -0.00330968 -0.0017891 -0.00264459 -0.000225413 -0.00190216 0.00202751 0.00537931 -0.00178184 0.0162171 0.0133528 -0.00137931 0.00212592 0.0394074 -0.00563483 -0.00272202 0.0405981 0.033 0.000260868 0.00478195 0.00790643 0.00126249
internal_weight=48371 47822 549 380 20628 27194 235 5516 5153 6652 21678 14012 7666 4395 3271 1740 1531 479 547 145 4606 54 3078 1349 107 80 2760 532 342 1261
internal_count=48371 47822 549 380 20628 27194 235 5516 5153 6652 21678 14012 7666 4395 3271 1740 1531 479 547 145 4606 54 3078 1349 107 80 2760 532 342 1261
is_linear=0
shrinkage=0.08


Tree=27
num_leaves=31
num_cat=0
split_feature=3 1 9 12 36 13 4 22 5 36 13 6 36 6 9 9 24 11 12 36 13 11 13 40 10 39 13 13 10 11
split_gain=163.654 52.3376 14.9485 15.3746 21.4651 13.5951 12.1278 5.81941 5.45881 5.99796 5.0499 4.75711 4.1889 3.53371 3.11128 7.54219 2.82232 2.81425 2.48127 2.47505 2.46228 4.288 2.35544 2.21282 2.31113 3.8668 2.7473 2.17005 2.98913 3.10018
threshold=531.60000000000014 2509174.5500000003 25.500000000000004 22.234510833333339 28.101150000000001 1.1941918529180873 2734.9700000000007 29.753700000000006 56.500000000000007 14.873150000000003 5.671792100550527 15.500000000000002 23.815100000000005 8.5000000000000018 22.500000000000004 11.500000000000002 28.950200000000002 4.3430927280668952 13.006340833333335 11.667800000000002 5.4818851701115454 0.55743544763829334 6.297711869298797 0.042242483115133241 14.510663333333335 0.47451666666666675 0.69258831649286046 0.7533939608487189 21.318296666666672 0.56952631399564457
decision_type=2 2 2 2 2 2 2 2 2 2 2 2 2 2 2 2 2 2 2 2 2 2 2 2 2 2 2 2 2 2
left_child=1 5 20 4 7 -1 11 -4 12 16 -7 13 18 23 15 -12 -10 -15 19 -8 21 -2 -17 24 26 -26 -3 -20 -29 -30
right_child=2 6 3 -5 -6 10 8 -9 9 -11 14 -13 -14 17 -16 22 -18 -19 27 -21 -22 -23 -24 -25 25 -27 -28 28 29 -31
leaf_value=-0.21155193607127043 0.077839146520843491 -0.089341750282477539 0.061795795746254031 0.098811805471714823 -0.043902404600617853 -0.06969946469106944 0.0078557323026025496 0.16044585581442447 0.035237718772947554 -0.031594353198327207 -0.18009897929131202 -0.020552434212845298 -0.054826895550321497 0.0025489698953611783 -0.17682349323847221 -0.029603558831377007 0.076012042197397114 -0.029110773647510656 -0.00054119612425551568 -0.41469370603268441 0.1546213749963746 0.05826097890021853 0.080633741910898865 0.1520217758913103 0.099141248307530155 -0.0055423627689810684 -0.030163657543565037 0.021877640388697467 0.0057603989631338859 0.046672647050571038
leaf_weight=13976 43 1131 53 86 108 3574 673 47 170 96 817 7335 287 8625 1729 175 29 751 595 229 139 20 357 316 22 3487 1151 1985 121 244
leaf_count=13976 43 1131 53 86 108 3574 673 47 170 96 817 7335 287 8625 1729 175 29 751 595 229 139 20 357 316 22 3487 1151 1985 121 244
internal_value=-0.00274892 -0.00322256 0.0429677 0.0314558 0.0196923 -0.00626256 -0.000921057 0.0464 0.00290991 0.0134237 -0.00328563 -0.00166465 0.00215965 -0.000869601 -0.00566082 -0.00278132 0.0213467 0.0001058 0.00285521 -0.000815966 0.0597228 0.0466032 0.00463158 -0.00236712 -0.00272285 -0.00143403 -0.00470465 0.00397962 0.00507234 0.011726
internal_weight=48371 47875 496 294 208 20628 27247 100 4429 295 6652 22818 4134 15483 3078 1349 199 9376 3847 902 202 63 532 6107 5791 3509 2282 2945 2350 365
internal_count=48371 47875 496 294 208 20628 27247 100 4429 295 6652 22818 4134 15483 3078 1349 199 9376 3847 902 202 63 532 6107 5791 3509 2282 2945 2350 365
is_linear=0
shrinkage=0.08


Tree=28
num_leaves=31
num_cat=0
split_feature=3 5 9 12 36 13 0 13 22 36 24 6 13 1 13 12 42 9 9 22 9 9 13 11 5 13 38 13 10 9
split_gain=144.679 51.4135 14.1973 14.0306 18.2564 13.3895 10.0392 5.53781 5.20803 4.96069 7.73945 4.52919 4.10768 3.49349 3.47635 6.09847 4.09769 3.49589 11.2142 3.09347 2.73206 6.42085 2.70885 3.2869 3.28244 2.43013 2.22309 2.19984 2.56733 5.49224
threshold=531.60000000000014 22.500000000000004 25.500000000000004 22.234510833333339 28.101150000000001 1.1941918529180873 0.53915000000000013 5.671792100550527 29.753700000000006 22.764100000000003 28.950200000000002 16.500000000000004 3.7185954068025411 5646610.9500000002 0.69258831649286046 15.157471666666668 0.075025072183947536 23.500000000000004 10.500000000000002 13.5738 24.500000000000004 11.500000000000002 5.4818851701115454 0.55743544763829334 60.500000000000007 6.297711869298797 -0.63955000000000017 7.6329581259427792 12.873330000000003 19.500000000000004
decision_type=2 2 2 2 2 2 2 2 2 2 2 2 2 2 2 2 2 2 2 2 2 2 2 2 2 2 2 2 2 2
left_child=1 5 22 4 8 -1 11 -7 -4 10 13 14 -11 -8 15 -3 -16 18 -18 -15 21 -9 23 -2 -24 -23 -21 28 -20 -30
right_child=2 6 3 -5 -6 7 9 20 -10 12 -12 -13 -14 19 16 -17 17 -19 27 26 -22 25 24 -25 -26 -27 -28 -29 29 -31
leaf_value=-0.20073466516251054 0.071612014799175935 -0.049149727782145859 0.056852132086553792 0.090906861033977576 -0.040390212232568487 -0.062817774787203101 0.012767445005948818 -0.17731059580776939 0.14761018734927064 0.029437854634359845 0.082024782340426997 -0.021080612542878487 -0.061381279764273745 0.041702462461212841 0.016286762629709999 -0.0031310871282103016 -0.041602749470319493 -0.026851158150007409 -0.002037266623334171 0.035493705170331812 -0.175875715296226 -0.031369309565149044 0.099850738158050026 0.053600100588201055 0.17674278069475716 0.074471993480916168 0.013298702280134968 0.46166212934135764 0.15771747424158922 0.13539409301814517
leaf_weight=13836 43 1684 53 86 108 3449 2912 794 47 59 31 6304 434 139 5708 8077 420 1090 97 48 1680 176 44 20 95 354 363 21 177 22
leaf_count=13836 43 1684 53 86 108 3449 2912 794 47 59 31 6304 434 139 5708 8077 420 1090 97 48 1680 176 44 20 95 354 363 21 177 22
internal_value=-0.00275885 -0.00320418 0.0402258 0.0290068 0.0177692 -0.00626113 -0.000955849 -0.00325182 0.0424 0.00275765 0.00381792 -0.00158305 -0.00475457 0.00346158 -0.00091397 -0.00191046 0.000376906 -0.00292064 0.00133514 0.00930909 -0.00576298 -0.00304532 0.0565545 0.0427936 0.0627914 0.00377358 0.00581995 0.012694 0.0109189 0.0161206
internal_weight=48371 47875 496 294 208 20289 27586 6453 100 3986 3493 23600 493 3462 17296 9761 7535 1827 737 550 3004 1324 202 63 139 530 411 317 296 199
internal_count=48371 47875 496 294 208 20289 27586 6453 100 3986 3493 23600 493 3462 17296 9761 7535 1827 737 550 3004 1324 202 63 139 530 411 317 296 199
is_linear=0
shrinkage=0.08


Tree=29
num_leaves=31
num_cat=0
split_feature=5 1 13 9 12 36 5 41 22 13 13 10 36 22 34 20 6 36 44 13 13 38 9 9 13 22 28 24 7 40
split_gain=126.825 52.1729 13.1146 12.5477 9.61051 16.4398 9.16182 6.66031 6.09956 5.89215 4.61818 8.994 5.04998 3.89475 4.42506 3.63631 3.23499 3.48281 3.19792 3.18693 2.99366 2.73411 2.57437 6.06628 2.41135 2.29633 3.26185 2.24643 2.05083 2.51993
threshold=59.500000000000007 2489771.8500000001 1.1941918529180873 25.500000000000004 22.234510833333339 28.101150000000001 57.500000000000007 0.51400416666666671 28.956750000000003 5.671792100550527 0.69258831649286046 15.250593333333335 18.407250000000001 29.753700000000006 13.980800000000002 22.343950000000003 16.500000000000004 13.564550000000002 43.62654206700693 5.4818851701115454 3.979183668941126 0.074900000000000425 24.500000000000004 11.500000000000002 1.2489786419460016 14.161350000000001 9.7841000000000022 29.753700000000006 3.5000000000000004 0.019382139544556271
decision_type=2 2 2 2 2 2 2 2 2 2 2 2 2 2 2 2 2 2 2 2 2 2 2 2 2 2 2 2 2 2
left_child=1 2 -1 19 5 8 7 10 -5 -4 11 -3 15 14 -8 16 17 18 -12 27 -14 25 23 -11 -18 26 -17 -2 29 -25
right_child=3 6 9 4 -6 -7 13 -9 -10 22 12 -13 20 -15 -16 21 24 -19 -20 -21 -22 -23 -24 28 -26 -27 -28 -29 -30 -31
leaf_value=-0.18200232338890801 0.048740970391795389 -0.062329091441309291 -0.055888599100998373 0.0730138353594951 0.084104710212629649 -0.043478479719056794 0.041740527177444683 0.010261932725205616 0.12817177158332868 -0.15826620208125902 -0.013832573598122485 -0.005205848496864526 0.03437926263714168 0.043416656230758778 -0.01870764374653169 0.020060198131553381 -0.063495566502887207 0.030647497488495101 0.093007735892477725 0.14111124076359965 -0.051655854493841018 -0.003377287804314072 -0.15762270475947315 0.013476631227251358 -0.0090373552020302072 0.036230021046799024 0.046510716821970936 0.065668637315819178 -0.0077665363087991617 0.097390656661133002
leaf_weight=13899 22 2713 3507 21 82 90 133 3611 60 803 2956 10127 511 31 81 20 839 3066 21 121 1083 264 1695 127 1538 488 21 35 284 122
leaf_count=13899 22 2713 3507 21 82 90 133 3611 60 803 2956 10127 511 31 81 20 839 3066 21 121 1083 264 1695 127 1538 488 21 35 284 122
internal_value=-0.00275719 -0.0031456 -0.00620718 0.0404455 0.028996 0.0181988 -0.000870598 -0.00100903 0.0443457 -0.00325237 -0.0014977 -0.00252337 -0.00027908 0.0145306 0.0106916 0.000440246 -4.75078e-05 0.000935957 -0.0010131 0.0567191 -0.00443664 0.00561917 -0.0058357 -0.00320958 -0.00254775 0.00893762 0.0271219 0.0411228 0.00340713 0.00870683
internal_weight=48371 47940 20437 431 253 171 27503 27258 81 6538 23647 12840 10807 245 214 9213 8420 6043 2977 178 1594 793 3031 1336 2377 529 41 57 533 249
internal_count=48371 47940 20437 431 253 171 27503 27258 81 6538 23647 12840 10807 245 214 9213 8420 6043 2977 178 1594 793 3031 1336 2377 529 41 57 533 249
is_linear=0
shrinkage=0.08


Tree=30
num_leaves=31
num_cat=0
split_feature=3 4 13 9 12 36 18 13 20 36 3 5 6 32 13 13 11 11 43 18 13 40 9 39 42 18 7 12 9 9
split_gain=111.155 49.6642 12.3312 11.8511 12.7918 12.618 7.4356 6.01257 5.60333 5.11016 4.92296 3.84312 3.56707 3.06853 3.01962 2.9961 3.73369 2.92398 2.50021 2.47031 2.58615 2.44443 2.28559 3.11439 4.48804 2.30823 2.20588 2.19161 2.08814 4.83804
threshold=531.60000000000014 1608.1750000000004 1.1641839020846139 25.500000000000004 22.234510833333339 28.101150000000001 17.750650000000004 5.671792100550527 28.944650000000003 23.815100000000005 518.45000000000016 46.500000000000007 15.500000000000002 13.243450000000001 0.71043396266504544 0.69258831649286046 4.4773228272759251 0.26971687994890287 0.0087499999999999818 30.492250000000002 6.4423947865297668 0.075551444423696087 42.500000000000007 0.56789666666666683 0.021904611064244416 25.112900000000003 3.5000000000000004 15.157471666666668 24.500000000000004 11.500000000000002
decision_type=2 2 2 2 2 2 2 2 2 2 2 2 2 2 2 2 2 2 2 2 2 2 2 2 2 2 2 2 2 2
left_child=1 2 -1 19 5 8 11 -4 -5 10 22 12 13 14 -3 27 17 -17 -12 21 -21 -2 25 -24 -25 -8 -10 -15 29 -9
right_child=3 6 7 4 -6 -7 9 28 26 -11 18 -13 -14 15 -16 16 -18 -19 -20 20 -22 -23 23 24 -26 -27 -28 -29 -30 -31
leaf_value=-0.17998837450738303 0.07936269138705726 -0.066246471670389301 -0.054028823649621679 0.0081955583847691197 0.076905935334249026 -0.035187973084379168 0.0028537395723538064 -0.17511689400367417 0.045083462832094148 -0.035847990971200366 0.040795116484658632 0.059938383637263851 -0.018152033922825734 -0.028851183485578358 -0.019117505481499479 0.36172118124234004 -0.022863021438118896 0.028672564738781048 0.0090594701303987803 0.055793263059712057 0.15871791867871721 0.079524119373905952 0.026155902507409234 -0.00079969711754892538 0.10939334892331362 0.021656727550280874 0.1408068140002959 -0.0024295571624287503 -0.16401337405540262 0.024206028369000633
leaf_weight=13469 80 976 3347 25 86 108 3191 758 24 450 64 86 7667 821 2460 29 663 3194 44 20 59 43 946 20 21 396 51 7166 1607 500
leaf_count=13469 80 976 3347 25 86 108 3191 758 24 450 64 86 7667 821 2460 29 663 3194 44 20 59 43 946 20 21 396 51 7166 1607 500
internal_value=-0.00277373 -0.00316408 -0.00624806 0.0349032 0.0246531 0.0139231 -0.00101128 -0.00329942 0.0344 0.00174279 0.00252541 -0.00162415 -0.00168733 -0.000981908 -0.00308731 -0.000372612 0.0014493 0.002574 0.0194074 0.0498218 0.0608608 0.0427317 0.0021268 0.00553597 0.0271219 0.00118874 0.0453333 -0.00125905 -0.00598953 -0.00354849
internal_weight=48371 47875 19681 496 294 208 28194 6212 100 5132 4682 23062 22976 15309 3436 11873 3886 3223 108 202 79 123 4574 987 41 3587 75 7987 2865 1258
internal_count=48371 47875 19681 496 294 208 28194 6212 100 5132 4682 23062 22976 15309 3436 11873 3886 3223 108 202 79 123 4574 987 41 3587 75 7987 2865 1258
is_linear=0
shrinkage=0.08


Tree=31
num_leaves=31
num_cat=0
split_feature=5 44 13 9 12 36 18 13 10 36 26 20 12 13 13 1 7 6 9 9 6 6 41 12 39 10 6 6 43 5
split_gain=90.6764 49.1497 11.9956 8.65751 8.68584 10.0868 7.32501 6.09437 5.10301 6.16608 4.77632 4.32076 3.92454 8.67544 3.90364 3.68055 3.49415 2.62984 2.18256 5.22949 2.06707 2.05985 2.28947 2.23012 2.05657 3.39744 1.9944 2.20375 1.95346 1.87533
threshold=59.500000000000007 24.95872980195038 1.1941918529180873 25.500000000000004 22.234510833333339 28.101150000000001 18.681450000000002 5.671792100550527 29.766293333333333 22.764100000000003 28.942900000000005 30.487450000000003 15.095442500000003 0.90304673929456991 5.671792100550527 6870806.7500000009 3.5000000000000004 14.500000000000002 24.500000000000004 11.500000000000002 1.5000000000000002 11.500000000000002 0.49555583333333336 15.791404166666668 0.39180666666666675 7.3339000000000008 6.5000000000000009 13.500000000000002 -0.0011000000000000174 46.500000000000007
decision_type=2 2 2 2 2 2 2 2 2 2 2 2 2 2 2 2 2 2 2 2 2 2 2 2 2 2 2 2 2 2
left_child=1 2 -1 14 5 11 12 24 9 10 26 16 13 -3 20 -16 -5 21 19 -9 -2 -14 23 -23 25 -4 -8 -28 -12 -15
right_child=3 6 7 4 -6 -7 8 18 -10 -11 28 -13 17 29 15 -17 -18 -19 -20 -21 -22 22 -24 -25 -26 -27 27 -29 -30 -31
leaf_value=-0.16591965545039558 0.042890718397110048 -0.050477717998468931 -0.39619351716634599 -0.0027346384756375282 0.071223858568879458 -0.037185163494781931 -0.0070727981165184259 -0.1461686077120844 0.04318110055487643 -0.029729302047588259 0.098659889029498751 0.24228597178876865 -0.0035112974147706532 -0.0098605309841632918 0.1036189418012477 0.12565803629354202 0.066521184815059226 -0.010162175337381469 -0.13992730046921875 0.031545801980063223 0.053744506187048277 0.17593412934360914 0.0054183052493615462 0.74846119901749297 -0.073458784069954389 0.28546948564908514 0.029413664348451149 0.0072701130066881794 0.036189673423376811 0.055991377825479853
leaf_weight=13498 22 3623 110 20 82 90 559 772 21 591 22 22 6603 3624 48 70 39 6326 1628 508 38 85 3880 22 2994 163 1590 1248 20 53
leaf_count=13498 22 3623 110 20 82 90 559 772 21 591 22 22 6603 3624 48 70 39 6326 1628 508 38 85 3880 22 2994 163 1590 1248 20 53
internal_value=-0.00276711 -0.00309554 -0.00616602 0.0337633 0.024253 0.0139883 -0.000958576 -0.00324535 0.00219007 0.00198511 0.00328235 0.0344691 -0.0014853 -0.00303562 0.0472809 0.0557288 0.0231864 -0.000816271 -0.00590922 -0.0034375 0.0306667 -4.53277e-05 0.00139052 0.0129346 -0.000874198 0.00577289 0.00295084 0.00381113 0.0300952 -0.000298071
internal_weight=48371 47940 19673 431 253 171 28267 6175 4051 4030 3439 81 24216 7300 178 118 59 16916 2908 1280 60 10590 3987 107 3267 273 3397 2838 42 3677
internal_count=48371 47940 19673 431 253 171 28267 6175 4051 4030 3439 81 24216 7300 178 118 59 16916 2908 1280 60 10590 3987 107 3267 273 3397 2838 42 3677
is_linear=0
shrinkage=0.08


Tree=32
num_leaves=31
num_cat=0
split_feature=5 3 13 5 13 9 12 36 13 9 9 13 9 13 13 5 13 10 13 22 42 36 20 13 5 6 6 6 6 41
split_gain=81.4855 48.947 10.8317 7.79505 9.73043 7.61439 8.92214 8.60923 6.04996 4.80879 6.07498 12.7667 6.65286 5.21663 5.03928 4.43715 3.70319 3.6008 4.71078 3.60005 3.2807 3.13808 2.87888 2.73929 2.99406 2.59258 2.54022 3.25733 2.29904 2.23481
threshold=59.500000000000007 185.25000000000003 1.2489786419460016 29.500000000000004 0.69258831649286046 25.500000000000004 22.234510833333339 28.101150000000001 5.671792100550527 29.500000000000004 10.500000000000002 4.7889675051139191 18.500000000000004 5.1070786871261822 3.979183668941126 57.500000000000007 0.60889712122210471 13.275510000000002 5.9399317859475582 19.954650000000004 0.077764881902720892 23.815100000000005 29.732550000000003 5.671792100550527 61.500000000000007 16.500000000000004 6.5000000000000009 14.500000000000002 10.500000000000002 0.51400416666666671
decision_type=2 2 2 2 2 2 2 2 2 2 2 2 2 2 2 2 2 2 2 2 2 2 2 2 2 2 2 2 2 2
left_child=1 2 -1 4 -3 23 7 22 -4 10 14 19 29 -11 25 16 -5 18 -14 -12 28 26 -7 -2 -25 -6 -18 -28 -17 -13
right_child=5 3 8 15 9 6 -8 -9 -10 13 11 12 17 -15 -16 20 21 -19 -20 -21 -22 -23 -24 24 -26 -27 27 -29 -30 -31
leaf_value=-0.18156880310998275 0.046387447244560176 -0.061195606097382713 -0.024741096221116577 -0.0042294788773401459 0.091771586813955752 0.043077948678621476 0.065525949883369211 -0.034210350415199431 -0.14379688376058089 -0.01410522587763822 -0.025515409174174733 0.088518543518830928 0.23122496859401342 -0.032889565972704149 -0.046631747851200028 0.036399995056541207 -0.0098939319649807723 0.12530859529028748 0.026839550802114229 0.44775247730850409 0.011549250036412533 -0.041075516688176467 0.083539944728982796 0.094787150513049326 0.12078899648136014 -0.065994037668483871 0.020936716609683895 -0.0014187580236925254 0.032032831106760661 0.18557594255856316
leaf_weight=12779 60 3082 2636 10488 393 29 82 90 2555 2274 1362 461 34 1787 867 29 1192 30 68 42 161 420 52 50 68 352 4291 2517 55 65
leaf_count=12779 60 3082 2636 10488 393 29 82 90 2555 2274 1362 461 34 1787 867 29 1192 30 68 42 161 420 52 50 68 352 4291 2517 55 65
internal_value=-0.00272246 -0.00303379 -0.006335 -0.00105439 -0.0027712 0.0319072 0.0229881 0.0125848 -0.00325332 -0.00125663 0.000840499 0.00371678 0.0129119 -0.0031539 -0.00283871 -8.47928e-05 -0.000223399 0.0289697 0.0218039 -0.000592594 0.0106122 0.00102613 0.0315062 0.0445843 0.051661 0.00198658 0.00138 0.0019765 0.0234286 0.00888213
internal_weight=48371 47940 17970 29970 10817 431 253 171 5191 7735 3674 2062 658 4061 1612 19153 18908 132 102 1404 245 8420 81 178 118 745 8000 6808 84 526
internal_count=48371 47940 17970 29970 10817 431 253 171 5191 7735 3674 2062 658 4061 1612 19153 18908 132 102 1404 245 8420 81 178 118 745 8000 6808 84 526
is_linear=0
shrinkage=0.08


Tree=33
num_leaves=31
num_cat=0
split_feature=5 41 5 13 13 9 9 9 12 36 26 13 5 13 9 42 41 11 36 13 42 6 42 12 12 32 34 1 41 13
split_gain=68.9166 48.0216 12.818 8.45239 7.67678 6.69247 18.848 6.17521 8.87779 6.82105 5.00263 4.14942 3.95338 3.43407 3.1388 3.12925 3.11424 2.97325 2.87153 3.35386 2.76189 3.00432 2.46269 2.52927 2.86547 2.41525 3.78568 2.29437 3.7599 2.64933
threshold=59.500000000000007 0.40923250000000005 29.500000000000004 0.72385579578526238 5.671792100550527 24.500000000000004 10.500000000000002 25.500000000000004 22.234510833333339 28.101150000000001 12.446800000000001 1.4798231602469258 57.500000000000007 6.3910770515024096 19.500000000000004 0.077764881902720892 0.51400416666666671 0.36156568485611434 18.407250000000001 0.60889712122210471 0.023896439555873925 7.5000000000000009 0.088267756900196101 16.488395000000004 15.771023333333334 12.759250000000002 14.242800000000001 2610167.6500000008 0.42384333333333341 1.1641839020846139
decision_type=2 2 2 2 2 2 2 2 2 2 2 2 2 2 2 2 2 2 2 2 2 2 2 2 2 2 2 2 2 2
left_child=1 11 3 -3 20 6 -6 25 9 13 17 -1 16 -9 -12 -14 18 -8 19 -4 21 27 -19 24 -24 -2 -27 28 -5 -30
right_child=7 2 12 4 5 -7 10 8 -10 -11 14 -13 15 -15 -16 -17 -18 22 -20 -21 -22 -23 23 -25 -26 26 -28 -29 29 -31
leaf_value=-0.21231845524924275 0.032376156536141364 -0.063406161829554636 -0.0049268225617587254 -0.0019133606116727609 -0.056891599211831456 -0.047239272133578279 -0.033886577894282767 0.035680968154006794 0.060283873892699659 -0.031473522381983518 0.13434117351791561 -0.023223449585410252 0.032345582798397665 0.1783010589131187 0.10949756422815206 0.010625310033499463 0.0091670038048576995 0.053339987228128986 -0.053552421607580454 0.0070292884434357706 0.010477533589093282 -0.072030649599333946 0.072267005866461717 -0.64268697188319168 0.16828323495582609 0.086074272692338596 0.10941913890766981 -0.035138774101905232 0.045840936890378263 -0.04278953790018826
leaf_weight=11280 23 4248 9494 276 1305 3023 247 39 82 90 249 580 84 42 32 161 3161 371 878 5331 5916 776 99 24 22 69 86 279 83 21
leaf_count=11280 23 4248 9494 276 1305 3023 247 39 82 90 249 580 84 42 32 161 3161 371 878 5331 5916 776 99 24 22 69 86 279 83 21
internal_value=-0.00272411 -0.00301043 -0.00155876 -0.0031588 -0.00212717 -0.00442591 -0.00122265 0.029123 0.0210909 0.0107134 0.00678927 -0.00742665 -0.000137738 0.0275556 0.0159146 0.00995918 -0.000268874 0.00342857 -0.000730053 -0.000466781 -0.000447288 -0.00359582 0.00688372 0.0157241 0.0204298 0.0405393 0.044129 0.000376326 0.00442105 0.0173846
internal_weight=48371 47940 36080 16971 12723 5372 2349 431 253 171 1044 11860 19109 81 281 245 18864 763 15703 14825 7351 1435 516 145 121 178 155 659 380 104
internal_count=48371 47940 36080 16971 12723 5372 2349 431 253 171 1044 11860 19109 81 281 245 18864 763 15703 14825 7351 1435 516 145 121 178 155 659 380 104
is_linear=0
shrinkage=0.08


Tree=34
num_leaves=31
num_cat=0
split_feature=4 5 13 44 13 41 41 13 30 30 36 6 12 4 6 6 13 13 36 9 9 24 42 11 41 9 9 4 9 9
split_gain=54.7553 46.1049 10.1134 7.04419 7.6422 4.85739 4.8203 4.55441 4.53848 4.5103 4.26081 4.59259 3.87613 3.35209 2.94779 3.26648 3.12691 2.70443 2.5813 2.5166 8.76713 3.1264 2.8344 3.0594 2.65175 2.10752 1.97419 1.95627 1.90309 4.36724
threshold=1449.4450000000004 59.500000000000007 1.2489786419460016 29.552598100229222 0.71043396266504544 0.5192041666666668 0.43140833333333334 5.8222187974757071 13.982550000000002 12.529550000000002 16.262700000000002 11.500000000000002 16.262066666666673 4219.8150000000014 14.500000000000002 9.5000000000000018 0.7533939608487189 6.674867710122709 18.407250000000001 22.500000000000004 11.500000000000002 13.119550000000002 0.092084963530817313 0.3942512593208049 0.5077775000000001 26.500000000000004 46.500000000000007 3348.8250000000003 34.500000000000007 10.500000000000002
decision_type=2 2 2 2 2 2 2 2 2 2 2 2 2 2 2 2 2 2 2 2 2 2 2 2 2 2 2 2 2 2
left_child=2 3 -1 4 -2 8 -4 -6 9 -3 -7 26 -10 14 15 18 -17 -15 27 20 -9 22 -22 -24 -23 -14 -12 -5 29 -8
right_child=1 5 6 13 7 10 28 19 12 -11 11 -13 25 17 -16 16 -18 -19 -20 -21 21 24 23 -25 -26 -27 -28 -29 -30 -31
leaf_value=-0.16968890345577517 -0.04870567926380457 0.00085785609071085901 -0.01587746307127489 -0.0032416021144296486 0.0005197114425756806 0.084343680968765003 -0.1848723395331717 -0.03928879795085357 0.23389382575699313 0.057196178066844232 0.045024507187712323 -0.07085717296925656 0.14917541862999847 0.030258061819370019 -0.0073201155226372419 -0.00025274509632394054 0.030782112209560723 0.0033783043394504425 -0.082716338437863621 -0.031850603636201694 -0.0010303248350735439 0.12346541824902059 0.046705092494059124 0.15484641202995872 0.13629468287966595 -0.01790717590495941 0.071252410532609084 0.019867376881203443 -0.16692426365260127 0.017665420729353867
leaf_weight=12272 3146 20 2107 5412 4646 47 644 667 38 55 123 24 21 153 6882 4029 3204 171 407 1397 247 25 47 27 66 80 23 401 1346 644
leaf_count=12272 3146 20 2107 5412 4646 47 644 667 38 55 123 24 21 153 6882 4029 3204 171 407 1397 247 25 47 27 66 80 23 401 1346 644
internal_value=-0.00274231 -0.000759744 -0.00639652 -0.00112187 -0.00283444 0.0252251 -0.00325839 -0.00138388 0.0166729 0.0325333 0.033659 0.0277647 0.00811511 -0.000270683 -0.000399313 0.000289599 0.00144559 0.00780247 -0.00105466 -0.00415509 -0.00125301 0.00792233 0.00421184 0.0179459 0.021011 -7.92098e-05 0.0330959 -0.000623432 -0.00553987 -0.00334162
internal_weight=48371 31358 17013 30927 10268 431 4741 7122 214 75 217 170 139 20659 20335 13453 7233 324 6220 2476 1079 412 321 74 91 101 146 5813 2634 1288
internal_count=48371 31358 17013 30927 10268 431 4741 7122 214 75 217 170 139 20659 20335 13453 7233 324 6220 2476 1079 412 321 74 91 101 146 5813 2634 1288
is_linear=0
shrinkage=0.08


Tree=35
num_leaves=31
num_cat=0
split_feature=4 1 13 4 13 10 41 13 9 12 41 13 13 32 9 9 24 36 3 7 10 10 38 11 6 6 28 9 9 10
split_gain=54.5543 38.6953 9.82492 7.05389 6.25431 5.00107 4.87751 4.38748 4.33616 5.64258 4.48764 4.41557 3.08393 3.12682 2.70364 7.71861 2.7839 2.2803 3.01761 2.05919 3.98163 3.84091 2.01406 1.87748 1.87213 3.17068 2.78711 1.84853 4.25155 1.82318
threshold=1449.4450000000004 6690113.1000000006 1.2489786419460016 2027.1950000000004 0.71043396266504544 29.766293333333333 0.43140833333333334 5.8222187974757071 25.500000000000004 22.234510833333339 0.49772583333333342 5.8222187974757071 0.60889712122210471 14.792850000000001 31.500000000000004 10.500000000000002 13.049450000000002 23.815100000000005 487.55000000000007 1.0000000180025095e-35 10.606680000000001 11.957173333333335 -0.3900000000000014 3.8138541125952554 14.500000000000002 7.5000000000000009 10.974900000000003 34.500000000000007 10.500000000000002 7.5599666666666678
decision_type=2 2 2 2 2 2 2 2 2 2 2 2 2 2 2 2 2 2 2 2 2 2 2 2 2 2 2 2 2 2
left_child=2 3 -1 4 -2 12 23 -6 11 10 -10 -3 13 -5 15 -9 19 18 24 20 -17 -22 -18 -4 25 -14 -27 28 -8 -30
right_child=1 8 6 5 7 -7 27 14 9 -11 -12 -13 17 -15 -16 16 22 -19 -20 -21 21 -23 -24 -25 -26 26 -28 -29 29 -31
leaf_value=-0.15611379117931318 -0.055312696065766061 0.031403828144905485 0.023261152591372396 -0.030850013164150283 0.00037261427575999812 0.032090580774807566 -0.17008255237051795 -0.042548181637877817 0.21518231969643364 0.053118677873771107 -0.00040392251079647302 0.090925688518339071 -0.0090686096981999181 -0.0026800422479515808 -0.035800689283935754 -0.083814376449229053 0.034533452457017888 -0.020724994790346771 0.022213003171066347 -0.0005810912333625779 0.21265773395199059 0.049017871672785533 0.12355292086963672 -0.28598071207083536 -0.0045078078903653248 0.063671583803125056 0.017350156368478108 -0.1535703225603931 0.07841903409914612 -0.012419599782124603
leaf_weight=12272 2780 54 1784 794 4115 40 644 598 38 69 109 110 1586 10239 1346 29 45 649 401 299 22 22 65 323 3123 23 4802 1346 132 512
leaf_count=12272 2780 54 1784 794 4115 40 644 598 38 69 109 110 1586 10239 1346 29 45 649 401 299 22 22 65 323 3123 23 4802 1346 132 512
internal_value=-0.00272081 -0.000741886 -0.00636831 -0.00105314 -0.00289325 -0.000261165 -0.00327526 -0.00154227 0.0246316 0.0171852 0.00832653 0.034439 -0.000313459 -0.00124934 -0.00424073 -0.00125926 0.00627386 0.00066213 0.000962253 0.00296774 0.0150137 0.0301818 0.0174545 -0.000406267 0.000676314 0.00145874 0.00247875 -0.00557024 -0.00340373 0.00119254
internal_weight=48371 31358 17013 30978 9321 21657 4741 6541 380 216 147 164 21617 11033 2426 1080 482 10584 9935 372 73 44 110 2107 9534 6411 4825 2634 1288 644
internal_count=48371 31358 17013 30978 9321 21657 4741 6541 380 216 147 164 21617 11033 2426 1080 482 10584 9935 372 73 44 110 2107 9534 6411 4825 2634 1288 644
is_linear=0
shrinkage=0.08


Tree=36
num_leaves=31
num_cat=0
split_feature=4 1 13 44 13 13 41 9 12 10 13 12 36 6 6 13 36 5 38 6 13 41 9 13 24 9 9 24 41 7
split_gain=53.3333 31.5925 9.60627 6.91673 6.62786 4.72635 4.33235 3.98924 5.58495 3.98899 3.14373 2.73594 2.37404 2.34827 2.73593 2.71626 2.54361 2.37331 2.23688 2.23631 2.43598 1.9883 2.34962 1.94204 2.28969 1.8623 7.10281 2.0819 2.25015 1.84806
threshold=1410.4150000000002 6690113.1000000006 1.1641839020846139 29.46777550820207 0.72385579578526238 5.8222187974757071 0.43140833333333334 25.500000000000004 22.234510833333339 29.766293333333333 5.8222187974757071 16.355467500000007 12.968150000000001 14.500000000000002 8.5000000000000018 0.7533939608487189 17.831950000000003 44.500000000000007 -0.69234999999999991 18.500000000000004 1.8997136016737308 0.53768833333333343 19.500000000000004 2.923707146744714 15.069750000000001 23.500000000000004 11.500000000000002 13.119550000000002 0.5077775000000001 1.0000000180025095e-35
decision_type=2 2 2 2 2 2 2 2 2 2 2 2 2 2 2 2 2 2 2 2 2 2 2 2 2 2 2 2 2 2
left_child=2 3 -1 4 -2 19 -4 10 11 13 -3 -9 -12 14 16 -16 17 -5 -19 -6 -21 22 -14 24 -22 26 -7 29 -29 -28
right_child=1 7 6 9 5 25 -8 8 -10 -11 12 -13 21 -15 15 -17 -18 18 -20 20 23 -23 -24 -25 -26 -27 27 28 -30 -31
leaf_value=-0.1550312316229541 -0.04498326442309477 0.028891521893312962 -0.02077786669499869 -0.004301852754150153 0.015055456435296734 -0.035936413426298101 -0.13179722058359375 0.1905768197609313 0.048869183643869295 0.029060140622099034 0.04884236355556823 -0.0011543315672998679 0.1355174851906597 -0.0064097408943685511 -0.00016151959256685642 0.022375760565549855 -0.23016276502171448 0.044310076331925262 0.011729783768859874 -0.062613844207748168 0.13886784331096602 0.0359111868780174 0.064871944329109671 -0.12003417575195012 0.51170620708716552 -0.030776695866711258 0.074533478965512698 0.10146105977588937 0.11576086350662208 0.0032496217841957928
leaf_weight=11750 3396 54 2102 4337 3306 700 2397 40 69 42 27 107 25 7093 4774 3912 326 38 378 714 243 20 38 573 23 1449 69 27 62 280
leaf_count=11750 3396 54 2102 4337 3306 700 2397 40 69 42 27 107 25 7093 4774 3912 326 38 378 714 243 20 38 573 23 1449 69 27 62 280
internal_value=-0.00271419 -0.000824857 -0.00644914 -0.00109937 -0.00273898 -0.00140317 -0.00330563 0.0221053 0.014963 -0.000248806 0.0315122 0.00614966 0.0392727 -0.000298401 0.000310932 0.00117338 -0.00116401 -0.000695142 0.00507692 6.75017e-05 -0.00243658 0.0459759 0.0529524 0.000486291 0.00613534 -0.00416544 -0.00174341 0.00624657 0.0171685 0.00346132
internal_weight=48371 32122 16249 31742 10842 7446 4499 380 216 20900 164 147 110 20858 13765 8686 5079 4753 416 4859 1553 83 63 839 266 2587 1138 438 89 349
internal_count=48371 32122 16249 31742 10842 7446 4499 380 216 20900 164 147 110 20858 13765 8686 5079 4753 416 4859 1553 83 63 839 266 2587 1138 438 89 349
is_linear=0
shrinkage=0.08


Tree=37
num_leaves=31
num_cat=0
split_feature=4 5 13 4 6 13 34 13 28 41 7 9 9 3 6 6 42 36 11 43 18 9 9 13 32 1 42 7 28 40
split_gain=52.2388 24.0723 9.28433 6.57794 6.15073 6.06767 6.04852 4.53191 4.18992 4.09943 2.75683 2.30178 7.33865 2.26965 2.22995 2.98096 3.04217 2.34542 2.11884 2.09532 1.91667 1.91296 4.02848 1.9144 1.88464 2.06289 1.87688 4.04827 1.89787 1.83632
threshold=1390.4150000000002 58.500000000000007 1.1641839020846139 2027.1950000000004 7.5000000000000009 0.77953937600200063 14.718700000000002 5.8222187974757071 12.904650000000002 0.43140833333333334 2.0000000000000004 31.500000000000004 10.500000000000002 239.35000000000005 14.500000000000002 9.5000000000000018 0.024100943639725862 18.965500000000002 0.35519090873964626 0.032800000000000031 29.745450000000002 34.500000000000007 10.500000000000002 6.297711869298797 13.243450000000001 2980915.3500000006 0.092084963530817313 2.0000000000000004 12.760300000000003 0.016031457171504556
decision_type=2 2 2 2 2 2 2 2 2 2 2 2 2 2 2 2 2 2 2 2 2 2 2 2 2 2 2 2 2 2
left_child=2 3 -1 5 18 -2 8 -7 -6 -4 -10 12 -9 26 15 17 -17 -5 -3 20 -12 22 -11 -24 -15 -26 -14 -28 -29 -20
right_child=1 4 9 14 6 7 -8 11 10 21 19 -13 13 24 -16 16 -18 -19 29 -21 -22 -23 23 -25 25 -27 27 28 -30 -31
leaf_value=-0.14824642618073364 -0.04803270150304749 0.0023319080890983734 -0.01919219588447264 -0.0019938892927799461 -0.0017202838286852055 0.002426805790921849 -0.0049404820126223844 -0.039191441074984561 0.012649835039548843 -0.16831712355292852 0.01543827542405047 -0.033295594156916186 0.00077267258022611614 0.083929604604961502 -0.0062278474450015728 0.0008698138002086039 0.04469126475547272 -0.12361158185069966 0.12532664994380863 0.060682884519026724 0.052029163668536792 -0.15210045911974562 -0.051000415477440636 0.067429157243829918 0.1481152444282923 0.062992536245773265 0.206680647705271 -0.010758656745530653 0.1396677678324027 0.043289818239571502
leaf_weight=11552 3373 20 2032 6119 53 4443 167 653 41 560 23 1465 333 46 7331 4956 2706 376 24 27 69 1176 232 315 20 23 22 63 26 125
leaf_count=11552 3373 20 2032 6119 53 4443 167 653 41 560 23 1465 333 46 7331 4956 2706 376 24 27 69 1176 232 315 20 23 22 63 26 125
internal_value=-0.00269434 -0.000857496 -0.00645718 -0.00114286 0.0157523 -0.00278743 0.0101053 -0.00145926 0.0190423 -0.00329085 0.0255 -0.00407695 -0.001457 0.00550844 -0.000341774 0.000244683 0.00131349 -0.00101617 0.0284497 0.0316639 0.025913 -0.00561717 -0.00323035 0.00165265 0.0171685 0.0292093 0.00317117 0.0121802 0.00458427 0.0317315
internal_weight=48371 32504 15867 31955 549 10467 380 7094 213 4315 160 2651 1186 533 21488 14157 7662 6495 169 119 92 2283 1107 547 89 43 444 111 89 149
internal_count=48371 32504 15867 31955 549 10467 380 7094 213 4315 160 2651 1186 533 21488 14157 7662 6495 169 119 92 2283 1107 547 89 43 444 111 89 149
is_linear=0
shrinkage=0.08


Tree=38
num_leaves=31
num_cat=0
split_feature=4 18 13 3 13 41 40 13 18 43 42 36 7 10 32 9 36 13 44 6 13 41 13 26 36 9 9 40 9 13
split_gain=51.5824 18.1952 8.97131 6.5523 7.54208 4.1578 3.71144 3.66977 3.84954 3.36522 3.04345 2.89201 2.54247 2.51178 2.4118 2.6042 2.32093 2.15785 2.02842 2.00984 2.6383 1.98725 1.90731 2.74089 1.90222 1.85375 3.90733 1.84915 2.0942 1.8142
threshold=1390.4150000000002 29.745450000000002 1.1641839020846139 265.95000000000005 0.69258831649286046 0.43140833333333334 0.01567229583415064 5.8222187974757071 13.055450000000002 0.10665000000000001 0.019973411952589174 13.764200000000001 4.5000000000000009 29.766293333333333 12.759250000000002 24.500000000000004 23.815100000000005 0.57119754452548266 39.565859871472561 18.500000000000004 1.8997136016737308 0.49094416666666668 2.9851857825468335 15.859100000000003 15.114650000000003 34.500000000000007 10.500000000000002 0.020931307150929983 9.5000000000000018 6.297711869298797
decision_type=2 2 2 2 2 2 2 2 2 2 2 2 2 2 2 2 2 2 2 2 2 2 2 2 2 2 2 2 2 2
left_child=2 3 -1 4 -2 -4 -3 19 -9 13 -8 14 -13 16 -12 -16 17 -5 -11 -6 -21 24 23 27 -19 26 -7 28 -22 -28
right_child=1 6 5 9 7 25 10 8 -10 18 11 12 -14 -15 15 -17 -18 21 -20 20 22 -23 -24 -25 -26 -27 29 -29 -30 -31
leaf_value=-0.13638671208627492 -0.042724335228099729 0.11464995437990215 -0.017656820213714779 -0.0032456769021558425 0.013311555370785358 -0.15485175366869428 0.051980055470802436 -0.039144257427172736 0.003089359686855352 -0.0036444883451511303 -0.0048987822367153652 -0.0157507306064553 0.038441295523151855 0.022547005858580035 0.049629495509673084 0.025590411674364794 -0.035528845861911462 0.0012419431024478077 0.050923017611022151 -0.058819279025356448 -0.17590697472801645 0.0070377037839777805 -0.10941121077732816 0.4612346928302084 -0.026172598986228035 -0.13993242239016596 -0.046920382239245495 -0.037808189396163552 0.42030445294618113 0.062034824664323578
leaf_weight=11552 3833 25 2032 8828 4166 560 24 2132 1006 55 22 75 142 36 40 49 504 2095 100 856 23 6706 608 21 912 1176 232 200 46 315
leaf_count=11552 3833 25 2032 8828 4166 560 24 2132 1006 55 22 75 142 36 40 49 504 2095 100 856 23 6706 608 21 912 1176 232 200 46 315
internal_value=-0.00268277 -0.000857496 -0.00642188 -0.00106253 -0.00245815 -0.00330939 0.0166154 -0.00119938 -0.00341109 -0.000127263 0.0145 0.0124878 0.00711521 -0.000222632 0.022991 0.0288539 -0.000262538 -0.000116932 0.0116129 -2.70289e-05 -0.00229875 0.000705856 0.00073051 0.00606896 -0.00100299 -0.00565221 -0.00330262 0.00389591 0.0151884 0.0015064
internal_weight=48371 32504 15867 32127 12891 4315 377 9058 3138 19236 352 328 217 19081 111 89 19045 18541 155 5920 1754 9713 898 290 3007 2283 1107 269 69 547
internal_count=48371 32504 15867 32127 12891 4315 377 9058 3138 19236 352 328 217 19081 111 89 19045 18541 155 5920 1754 9713 898 290 3007 2283 1107 269 69 547
is_linear=0
shrinkage=0.08


Tree=39
num_leaves=31
num_cat=0
split_feature=44 1 5 13 12 13 9 9 9 9 32 11 10 12 36 20 42 41 40 42 36 41 11 38 5 42 43 6 13 13
split_gain=51.3361 16.9048 7.38593 8.5982 6.75614 4.2229 3.56562 4.53123 3.42078 11.3478 3.38691 2.79117 2.55869 2.11042 2.09995 2.33823 2.03788 3.98961 2.03571 1.96783 2.58789 2.19815 2.24868 1.95115 2.43114 1.94452 1.8873 1.59922 2.40132 1.58127
threshold=21.512375743075818 6690113.1000000006 28.500000000000004 0.72385579578526238 7.5575008333333349 5.671792100550527 25.500000000000004 46.500000000000007 24.500000000000004 10.500000000000002 13.243450000000001 0.36156568485611434 29.766293333333333 16.836278333333336 23.815100000000005 18.076850000000004 0.092084963530817313 0.50194416666666675 0.01929604573358765 0.078375046598660431 12.968150000000001 0.53203166666666679 6.7122291116726354 -0.52154999999999985 57.500000000000007 0.086411374147297756 0.023999999999999997 18.500000000000004 1.8997136016737308 2.923707146744714
decision_type=2 2 2 2 2 2 2 2 2 2 2 2 2 2 2 2 2 2 2 2 2 2 2 2 2 2 2 2 2 2
left_child=4 2 3 -2 -1 27 19 -8 9 -7 11 -11 14 -10 15 -4 -13 -18 25 -3 -21 22 -22 24 26 -12 -17 -5 -29 -30
right_child=1 6 12 5 -6 8 7 -9 13 10 18 16 -14 -15 -16 23 17 -19 -20 20 21 -23 -24 -25 -26 -27 -28 28 29 -31
leaf_value=-0.29473201702450041 -0.046079537058776474 0.015971924622546589 -0.0017841013714372297 0.012942125386605101 -0.077234002968543977 -0.03356304931672633 0.0086836883414325161 0.16895517057884946 -0.054320495283986928 -0.018370995440790142 0.12309889286941421 0.060978069425406768 0.018657055394857024 -0.0055672029156063922 -0.031557390763937224 0.023845906747639391 0.21427453226759458 0.031544999124106264 0.078063495404519054 0.035428849538551341 0.10808021230311711 0.047801387667035462 0.038051819729091906 0.0023342293706301929 0.044032046248729369 0.22098888823025506 0.028968353847375325 -0.048408735311389721 0.14503364521312456 -0.10065832041495056
leaf_weight=9252 4159 63 15840 3971 4882 840 175 41 1367 202 29 276 40 636 539 993 35 42 76 24 21 24 32 2814 23 28 63 884 322 678
leaf_count=9252 4159 63 15840 3971 4882 840 175 41 1367 202 29 276 40 636 539 993 35 42 76 24 21 24 32 2814 23 28 63 884 322 678
internal_value=-0.00266457 -0.000990042 -0.00117837 -0.00262532 -0.00672082 -0.00128362 0.0157895 0.00903704 -0.00346871 -0.000617803 0.007 0.00425225 -0.000213472 -0.00564354 -0.000253356 -0.000118788 0.00854391 0.0200519 0.0184662 0.0246829 0.031604 0.0387532 0.0478491 0.00163781 0.00453012 0.0298947 0.0039697 3.41569e-05 -0.00188535 0.000799998
internal_weight=48371 34237 33857 13545 14134 9386 380 216 3531 1528 688 555 20312 2003 20272 19733 353 77 133 164 101 77 53 3893 1079 57 1056 5855 1884 1000
internal_count=48371 34237 33857 13545 14134 9386 380 216 3531 1528 688 555 20312 2003 20272 19733 353 77 133 164 101 77 53 3893 1079 57 1056 5855 1884 1000
is_linear=0
shrinkage=0.08


Tree=40
num_leaves=31
num_cat=0
split_feature=12 5 18 13 13 9 9 18 38 5 40 42 9 12 41 13 6 13 39 6 9 9 41 36 13 38 12 7 36 32
split_gain=50.7867 13.6595 11.9774 7.12875 6.94507 4.02118 13.4097 3.3003 4.93416 3.29249 2.74502 2.75669 2.52076 2.4926 2.39562 2.025 1.93185 3.3137 2.64758 2.58158 2.14748 5.42181 1.85074 2.72954 2.6534 2.08442 1.83336 2.58788 1.81727 3.03081
threshold=7.8020525000000012 28.500000000000004 29.745450000000002 0.76661800892396792 5.671792100550527 24.500000000000004 10.500000000000002 13.055450000000002 -0.17419999999999944 27.500000000000004 0.01567229583415064 0.019973411952589174 28.500000000000004 16.836278333333336 0.39707333333333333 0.61251217644202838 18.500000000000004 1.8997136016737308 0.39073666666666673 3.5000000000000004 11.500000000000002 21.500000000000004 0.51400416666666671 18.407250000000001 3.0548432875223264 -0.21125000000000058 13.212730000000002 4.5000000000000009 13.764200000000001 12.974650000000002
decision_type=2 2 2 2 2 2 2 2 2 2 2 2 2 2 2 2 2 2 2 2 2 2 2 2 2 2 2 2 2 2
left_child=-1 3 22 14 16 6 -6 -8 -9 -10 -4 -12 28 -7 15 -2 18 -18 20 -20 -5 -22 23 24 -3 26 -26 -28 29 -13
right_child=1 2 10 4 5 13 7 8 9 -11 11 12 -14 -15 -16 -17 17 -19 19 -21 21 -23 -24 -25 25 -27 27 -29 -30 -31
leaf_value=-0.23934072200960976 0.48046442589914679 -0.0025921289537542236 0.096831541045260427 -0.13285662937067741 -0.043554194761777652 -0.066426908961173287 0.03136365475070757 0.011965659406645894 0.44333894950982972 0.12415868272079897 0.036553570567681104 0.013534957770380092 0.0083344486744014665 -0.005142526180252207 -0.044304799049391365 -0.15157345969444905 -0.044712277155514207 0.018677703911474292 -0.12260020265141167 0.01481089217272801 0.35199133153483692 0.13806374727871579 0.0057421689833677533 -0.042435330671938616 0.00063441603695556736 0.0059111050085129966 0.047368970262661209 0.28288256048615329 0.017324535756958245 0.041460157534641703
leaf_weight=9550 20 13624 25 64 1276 2327 872 86 22 46 24 28 138 639 5083 20 1152 1204 1246 3958 37 77 3316 1010 274 1577 369 158 90 59
leaf_count=9550 20 13624 25 64 1276 2327 872 86 22 46 24 28 138 639 5083 20 1152 1204 1246 3958 37 77 3316 1010 274 1577 369 158 90 59
internal_value=-0.0026563 -0.0013706 3.40209e-05 -0.0029738 -0.00197817 -0.00421868 -0.00170982 0.00509941 0.0158961 0.032 0.0144176 0.012531 0.0105397 -0.00616588 -0.00550147 0.014 -0.000452832 -0.00236333 0.000383499 5.53401e-05 0.00997753 0.0165614 -0.000223536 -0.000560547 -0.000305964 0.0021598 0.00548314 0.00824288 0.0168588 0.0251034
internal_weight=48371 38821 20692 18129 13006 5268 2302 1026 154 68 364 339 315 2966 5123 40 7738 2356 5382 5204 178 114 20328 17012 16002 2378 801 527 177 87
internal_count=48371 38821 20692 18129 13006 5268 2302 1026 154 68 364 339 315 2966 5123 40 7738 2356 5382 5204 178 114 20328 17012 16002 2378 801 527 177 87
is_linear=0
shrinkage=0.08


Tree=41
num_leaves=31
num_cat=0
split_feature=12 5 24 13 13 9 9 12 9 9 22 6 13 41 36 6 13 10 42 41 43 24 1 13 6 39 13 0 41 30
split_gain=50.0267 13.0374 9.2673 6.05862 6.36287 4.03088 3.71711 3.70745 3.07763 8.12184 2.13932 2.11636 3.65104 2.06743 2.59099 1.89403 2.18771 1.90895 4.06661 3.45571 1.86729 1.74288 1.68542 1.62969 1.61047 2.02757 2.26292 2.18085 3.46082 1.86189
threshold=7.5575008333333349 28.500000000000004 29.753700000000006 0.71043396266504544 5.671792100550527 51.500000000000007 24.500000000000004 16.890245000000004 24.500000000000004 10.500000000000002 13.122000000000002 18.500000000000004 1.8997136016737308 0.49043166666666677 17.046900000000004 14.500000000000002 0.7533939608487189 16.600203333333337 0.038864090382635809 0.50054083333333343 -0.077950000000000005 18.204950000000004 3345805.4000000004 0.57569011061231101 4.5000000000000009 0.39180666666666675 1.8264497694241633 0.37095000000000006 0.41564333333333342 7.7910500000000011
decision_type=2 2 2 2 2 2 2 2 2 2 2 2 2 2 2 2 2 2 2 2 2 2 2 2 2 2 2 2 2 2
left_child=-1 3 13 -2 11 6 -4 8 9 -6 -11 24 -13 14 -3 16 22 18 19 -18 -17 -20 23 -15 25 26 -5 -28 29 -29
right_child=1 2 5 4 7 -7 -8 -9 -10 10 -12 12 -14 15 -16 20 17 -19 21 -21 -22 -23 -24 -25 -26 -27 27 28 -30 -31
leaf_value=-0.23991284499132876 -0.040802208870596587 -0.0040014172922966922 0.064860635830589652 -0.079991609489284979 -0.066338762243160709 0.26651284142023335 0.011174295262757546 -0.00038513435077203867 -0.060330285939604371 0.021303890404368666 0.10760227966560053 -0.041747091722433252 0.017183487598556282 0.00077457866941983873 -0.16063177837004969 0.19896800888153116 0.24110988078371676 0.0060824942829362265 0.044492974728989554 0.4990563345747438 -0.0035223212818715388 0.53506217039997139 -0.00020053876919141865 0.030567220168559058 0.015688857438995524 -0.041777270222627838 -0.16023734444982771 0.4649744071165185 0.012840698115392684 0.27728683827972822
leaf_weight=9359 4946 4646 109 77 1003 22 189 1088 2350 797 30 1281 1204 50 563 25 124 2293 686 33 5045 25 6844 38 3425 1908 53 43 76 39
leaf_count=9359 4946 4646 109 77 1003 22 189 1088 2350 797 30 1281 1204 50 563 25 124 2293 686 33 5045 25 6844 38 3425 1908 53 43 76 39
internal_value=-0.00264473 -0.0013846 -8.50761e-06 -0.00293887 -0.00205414 0.0135 0.0110604 -0.00421868 -0.00530144 -0.00284153 0.00302781 -0.000647424 -0.00259155 -0.000220697 -0.0015957 0.000251663 0.000885364 0.00262955 0.00582488 0.0174777 -0.00100986 0.00325176 9.00154e-05 0.0110909 0.00021206 -0.00147905 0.00477778 0.00906161 0.0137721 0.0251707
internal_weight=48371 39012 20692 18320 13374 320 298 5268 4180 1830 827 8106 2485 20372 5209 15163 10093 3161 868 157 5070 711 6932 88 5621 2196 288 211 158 82
internal_count=48371 39012 20692 18320 13374 320 298 5268 4180 1830 827 8106 2485 20372 5209 15163 10093 3161 868 157 5070 711 6932 88 5621 2196 288 211 158 82
is_linear=0
shrinkage=0.08


Tree=42
num_leaves=31
num_cat=0
split_feature=12 5 18 13 13 1 9 9 40 22 6 13 12 36 6 42 30 10 40 42 7 11 12 30 9 13 9 6 6 6
split_gain=48.4323 11.789 6.97863 5.5768 5.90676 3.61884 2.8056 7.18913 2.23847 1.99266 1.91558 3.16464 1.72754 2.39596 1.8455 1.70407 1.73767 1.68817 2.9281 2.44859 2.24803 2.67442 1.62069 1.61866 1.5447 2.28572 1.76727 1.53325 1.59697 2.38995
threshold=7.5575008333333349 28.500000000000004 29.745450000000002 0.64488721758000256 5.671792100550527 2872283.9500000007 24.500000000000004 10.500000000000002 0.015134125730051505 13.051000000000002 18.500000000000004 1.8997136016737308 15.685384166666667 16.711050000000004 13.500000000000002 0.020061549007517564 13.982550000000002 7.5599666666666678 0.019028633811537073 0.0937474758979671 3.5000000000000004 0.39870688792071657 15.969477500000002 12.903 42.500000000000007 2.4035903341461138 53.500000000000007 22.500000000000004 16.500000000000004 10.500000000000002
decision_type=2 2 2 2 2 2 2 2 2 2 2 2 2 2 2 2 2 2 2 2 2 2 2 2 2 2 2 2 2 2
left_child=-1 3 12 -2 10 6 7 -6 -4 17 -5 -12 13 27 -14 -10 23 18 -9 20 -20 -22 -18 -17 -13 26 -26 28 29 -3
right_child=1 2 8 4 5 -7 -8 9 15 -11 11 24 14 -15 -16 16 22 -19 19 -21 21 -23 -24 -25 25 -27 -28 -29 -30 -31
leaf_value=-0.22071981739202243 -0.037731807243473393 -0.0028218837357973712 0.085847857600397606 0.00085446809836485157 -0.062406075686799012 -0.00087977092477732458 -0.060249484734876145 -0.15970130145837638 0.015771667805402477 0.51356075358730258 -0.038590661279524811 0.087883963349328909 0.0032967507336401462 -0.10297568360910508 -0.0028059937178862814 -0.0030356215093826815 0.19110543191750509 0.00087279989003724709 0.21884582107099068 -0.050138638035600133 0.052701612346803928 -0.10651169536817082 0.0044307263266963031 0.038157498325410585 0.47507683713433124 -0.16693155045565086 -0.09983879331078295 0.014921170867988269 -0.019606947748857562 0.17417006363982659
leaf_weight=9359 4698 2959 22 5730 986 1173 2288 42 29 24 1420 861 8438 653 6443 26 22 653 39 20 20 23 210 55 30 288 25 296 1188 351
leaf_count=9359 4698 2959 22 5730 986 1173 2288 42 29 24 1420 861 8438 653 6443 26 22 653 39 20 20 23 210 55 30 288 25 296 1188 351
internal_value=-0.00262653 -0.00138665 -7.80997e-05 -0.00286463 -0.00204493 -0.00414275 -0.00526496 -0.00290869 0.0109011 0.00262119 -0.000722051 -0.0025122 -0.000274697 -0.00149367 0.000171492 0.00930994 0.00759105 0.00193726 0.00977778 0.017098 0.0232195 0.0106046 0.00406896 0.017679 0.000504981 -0.00403499 0.0109091 -0.000874428 -0.00124144 -0.00033837
internal_weight=48371 39012 20692 18320 13622 5268 4095 1807 364 821 8354 2624 20328 5447 14881 342 313 797 144 102 82 43 232 81 1204 343 55 4794 4498 3310
internal_count=48371 39012 20692 18320 13622 5268 4095 1807 364 821 8354 2624 20328 5447 14881 342 313 797 144 102 82 43 232 81 1204 343 55 4794 4498 3310
is_linear=0
shrinkage=0.08


Tree=43
num_leaves=31
num_cat=0
split_feature=10 18 13 13 24 9 9 32 44 9 9 41 36 39 13 12 10 13 40 32 13 32 24 1 41 39 11 40 44 11
split_gain=48.5009 10.6663 5.52455 6.91919 5.3359 3.34578 8.80402 3.2283 3.18928 3.03161 3.67943 2.36429 2.10781 1.96749 2.0002 2.36695 1.83662 1.81357 1.75212 2.15391 1.73513 2.02836 1.7003 2.24307 1.99763 1.67913 1.6038 1.59856 1.56886 1.52047
threshold=7.3339000000000008 13.711200000000002 0.72385579578526238 5.671792100550527 29.753700000000006 24.500000000000004 10.500000000000002 13.307450000000001 38.163183788821222 52.500000000000007 28.500000000000004 0.49015416666666672 21.098250000000004 0.38848333333333346 1.8264497694241633 7.2201224999999996 7.5599666666666678 7.2889330100782947 0.021271012020609804 13.767550000000002 0.57119754452548266 16.067100000000003 22.343950000000003 5118418.1500000013 0.44479416666666671 0.50259000000000009 0.41974055614862499 0.020793857837926453 39.152935954505459 0.4583285049693821
decision_type=2 2 2 2 2 2 2 2 2 2 2 2 2 2 2 2 2 2 2 2 2 2 2 2 2 2 2 2 2 2
left_child=-1 2 -2 8 11 6 -5 16 13 10 18 12 22 14 15 -4 27 -9 26 -20 28 -22 -3 24 -24 -14 -6 -8 -13 -23
right_child=1 4 3 5 9 -7 7 17 -10 -11 -12 20 25 -15 -16 -17 -18 -19 19 -21 21 29 23 -25 -26 -27 -28 -29 -30 -31
leaf_value=-0.23861469713773176 -0.036091006706272258 -0.0087336972042078992 0.04888932656745993 -0.038048458146553672 0.034460840517239071 -0.034776785523062216 -0.0060327243543947251 0.10243989184936009 0.096504791260647135 0.24208196596010922 -0.00090925255233517569 -0.002059381376239539 0.088362736892066099 -0.011265734085320679 0.32889276454107164 -0.034788569613989434 0.010376123478020867 0.011375077015436835 0.052303029603280184 0.0031641657883154256 0.014853248426609088 0.018894479428986016 0.064827257120914611 0.00082616745732699522 0.068937738675373839 -0.1364834631873473 0.061564686675885688 0.1877561380272697 0.020957629949130592 -0.0022979233533083113
leaf_weight=9360 4879 4519 42 1165 21 2643 26 73 24 20 157 7680 20 7690 48 60 834 34 41 71 3100 622 22 354 70 475 32 31 37 4221
leaf_count=9360 4879 4519 42 1165 21 2643 26 73 24 20 157 7680 20 7690 48 60 834 34 41 71 3100 622 22 354 70 475 32 31 37 4221
internal_value=-0.00257196 -0.00133111 -0.00279401 -0.00191318 -0.000134938 -0.00430462 -0.00197134 0.00354308 -0.00045168 0.00977778 0.00790062 -0.000295456 -0.00172894 -0.000540818 0.00853333 0.00219608 0.00196633 0.0166729 0.0162424 0.0105714 0.00020434 0.00103437 -0.00123263 0.00347982 0.0146087 -0.00670707 0.0282264 0.0158596 -0.000649995 1.15612e-05
internal_weight=48371 39011 17549 12670 21462 4806 2163 998 7864 342 322 21120 5460 7840 150 102 891 107 165 112 15660 7943 4965 446 92 495 53 57 7717 4843
internal_count=48371 39011 17549 12670 21462 4806 2163 998 7864 342 322 21120 5460 7840 150 102 891 107 165 112 15660 7943 4965 446 92 495 53 57 7717 4843
is_linear=0
shrinkage=0.08


Tree=44
num_leaves=31
num_cat=0
split_feature=4 18 13 13 1 6 41 10 3 11 12 9 44 32 12 12 4 13 9 9 34 20 10 9 9 10 40 28 1 40
split_gain=48.2388 10.2584 4.42722 5.85662 3.92838 3.41769 2.51052 2.92927 2.87153 2.60293 2.91583 2.0593 1.99826 1.93675 2.58141 1.89977 1.81717 3.28078 1.97496 2.15758 1.7521 2.41351 1.82393 1.7355 4.58154 1.81081 2.44991 1.74515 1.67757 1.67791
threshold=1038.4250000000004 10.981700000000002 0.60889712122210471 5.671792100550527 6690113.1000000006 14.500000000000002 0.50496583333333345 17.636043333333337 214.25000000000003 0.74848832313849545 16.506201666666669 8.5000000000000018 21.386153782646492 10.883950000000002 13.911505833333335 11.984994166666668 2240.2550000000006 1.0375500421996582 28.500000000000004 10.500000000000002 13.696800000000001 21.691050000000001 16.757306666666668 24.500000000000004 11.500000000000002 7.5599666666666678 0.019382139544556271 7.3120000000000003 3296498.5500000003 0.020192072937729642
decision_type=2 2 2 2 2 2 2 2 2 2 2 2 2 2 2 2 2 2 2 2 2 2 2 2 2 2 2 2 2 2
left_child=-1 2 -2 12 5 6 7 8 13 15 20 -6 -4 -3 -15 -10 17 -7 19 -19 -11 -22 -23 24 -5 26 -26 -28 29 -14
right_child=1 4 3 23 11 16 -8 -9 9 10 -12 -13 28 14 -16 -17 -18 18 -20 -21 21 22 -24 -25 25 -27 27 -29 -30 -31
leaf_value=-0.33746850538506279 -0.042357444377656962 -0.002809627899280704 -0.027390254227761101 -0.075936347156996806 0.068035108023002083 -0.036901326533821867 0.0049105684624271779 -0.024986709798321929 -0.040580905691256303 -0.0042482518233302779 0.19756098493769308 0.020024080501525564 0.027072309358487905 0.073495778270986925 -0.014822057409175516 -0.0036623255395092577 -0.0028621855648268842 -0.020218768041554598 -0.024762388892139279 0.081981637467627821 0.028294277008037851 0.44715535384222749 0.13725695709192443 -0.07212746311693817 -0.11249061909971989 -0.00023010511149830132 0.032872847953345073 0.079614931683565524 0.36641163559675233 -0.015790697062418597
leaf_weight=8986 2757 337 2666 752 32 1748 5647 916 498 1284 126 348 1004 376 121 7499 5924 514 1211 616 866 23 31 1522 40 450 34 32 29 1982
leaf_count=8986 2757 337 2666 752 32 1748 5647 916 498 1284 126 348 1004 376 121 7499 5924 514 1211 616 866 23 31 1522 40 450 34 32 29 1982
internal_value=-0.00252399 -0.00131725 -0.00335676 -0.00245424 -0.000499913 -0.000610594 5.68701e-05 -0.000594189 -0.000237257 -0.000601919 0.00175107 0.00757895 -0.00097307 0.00427818 0.00745271 -0.00128748 -0.00179207 -0.00308927 -0.00113114 0.00127433 0.00107441 0.00373913 0.0201481 -0.00542756 -0.00329052 0.00221583 0.0116226 0.0210909 0.000437809 0.00025184
internal_weight=48371 39385 11268 8511 28117 27737 17724 12077 11161 10327 2330 380 5681 834 497 7997 10013 4089 2341 1130 2204 920 54 2830 1308 556 106 66 3015 2986
internal_count=48371 39385 11268 8511 28117 27737 17724 12077 11161 10327 2330 380 5681 834 497 7997 10013 4089 2341 1130 2204 920 54 2830 1308 556 106 66 3015 2986
is_linear=0
shrinkage=0.08


Tree=45
num_leaves=31
num_cat=0
split_feature=39 18 13 13 9 9 24 13 12 41 11 40 10 40 39 42 9 9 9 40 42 9 39 3 24 40 20 40 9 9
split_gain=47.6982 9.68546 4.03815 5.69018 3.12692 6.48691 2.88983 2.41878 2.32075 2.31442 4.2735 2.11105 1.87787 2.74598 1.8064 2.71856 1.72403 1.70812 2.42264 1.93018 1.68401 1.6135 1.48077 2.47264 1.89123 1.46729 1.36927 1.31932 1.40451 3.24516
threshold=0.38299 13.055450000000002 0.54296285209245854 5.671792100550527 24.500000000000004 10.500000000000002 29.753700000000006 0.77953937600200063 15.612055833333336 0.39979583333333341 0.46181713171099126 0.015134125730051505 7.5599666666666678 0.019028633811537073 0.53848333333333354 0.023653268515457532 52.500000000000007 7.5000000000000009 4.5000000000000009 0.047708950337598095 0.020957719981827379 15.500000000000002 0.43591666666666679 204.55000000000004 11.325050000000003 0.11130401324515242 7.4612000000000007 0.019975628007232137 24.500000000000004 17.500000000000004
decision_type=2 2 2 2 2 2 2 2 2 2 2 2 2 2 2 2 2 2 2 2 2 2 2 2 2 2 2 2 2 2
left_child=-1 2 9 7 5 -5 8 -4 14 10 -2 -8 13 -7 15 20 25 18 -17 -20 -3 -15 -11 24 -24 -13 -19 28 29 -9
right_child=1 6 3 4 -6 12 11 27 -10 22 -12 16 -14 21 -16 17 -18 26 19 -21 -22 -23 23 -25 -26 -27 -28 -29 -30 -31
leaf_value=-0.33342536136026779 0.4500554871003638 -0.0059048259185268117 -0.024083230227043548 -0.043215005955710047 -0.044580529918802972 -0.11290645943176998 0.069696126864883828 0.0077198807554412332 0.00035452568902958291 -0.042364813275625954 -0.093535921142643877 0.0022256898407809625 0.0056004946085037319 0.066815682650309391 -0.061059496796536106 0.0042439923659108279 0.22123438979178314 0.076900094823040138 0.12639508722841269 0.41429634398153731 -0.024175323613132807 0.11995790764976322 0.018590783021799808 -0.030419888070361049 0.051848740736634501 0.049096935364186786 -0.0033274870255744372 -0.016888919367114116 -0.0055857772892819492 0.19260099238525638
leaf_weight=8614 20 1163 2268 1030 2311 42 23 739 16743 2170 45 292 815 58 510 174 20 24 77 32 1285 39 38 359 22 27 2994 5050 1156 231
leaf_count=8614 20 1163 2268 1030 2311 42 23 739 16743 2170 45 292 815 58 510 174 20 24 77 32 1285 39 38 359 22 27 2994 5050 1156 231
internal_value=-0.00250084 -0.00133149 -0.00282218 -0.00227033 -0.00468452 -0.00235484 -0.000285569 -0.00117239 -0.000397185 -0.00567898 0.00923077 0.00680663 0.00239832 0.0109928 -0.00171146 -0.00130666 0.00521534 0.000191455 0.00613427 0.0154862 -0.0033268 0.0183918 -0.0060533 -0.00169929 0.0133333 0.00378683 -0.000365807 -0.000452622 0.00121919 0.00346392
internal_weight=48371 39757 16393 13739 4295 1984 23364 9444 23002 2654 65 362 954 139 6259 5749 339 3301 283 109 2448 97 2589 419 60 319 3018 7176 2126 970
internal_count=48371 39757 16393 13739 4295 1984 23364 9444 23002 2654 65 362 954 139 6259 5749 339 3301 283 109 2448 97 2589 419 60 319 3018 7176 2126 970
is_linear=0
shrinkage=0.08


Tree=46
num_leaves=31
num_cat=0
split_feature=5 18 13 13 1 6 42 12 32 9 9 10 40 32 3 7 4 13 42 38 41 9 36 3 7 12 11 6 13 9
split_gain=48.2087 9.45735 3.90607 5.89343 3.133 2.87409 2.1833 2.2381 1.90401 1.87825 4.40167 1.98639 2.33361 2.01547 1.81267 1.80634 1.69606 3.01553 2.12204 1.67031 1.69278 1.52505 2.22796 2.90847 1.99435 1.98577 1.97639 1.68841 2.05893 1.55123
threshold=12.500000000000002 10.981700000000002 0.60889712122210471 5.671792100550527 6690113.1000000006 15.500000000000002 0.094705767234561214 17.540565000000001 13.767550000000002 24.500000000000004 11.500000000000002 7.5599666666666678 0.019028633811537073 7.4612000000000007 153.95000000000002 3.5000000000000004 2240.2550000000006 1.1941918529180873 0.025276437026101571 -0.3900000000000014 0.51400416666666671 25.500000000000004 17.353600000000004 404.85000000000008 2.0000000000000004 17.540565000000001 0.42356844330648874 11.500000000000002 0.87920773230712113 47.500000000000007
decision_type=2 2 2 2 2 2 2 2 2 2 2 2 2 2 2 2 2 2 2 2 2 2 2 2 2 2 2 2 2 2
left_child=-1 2 -2 14 5 19 -6 -8 -9 10 -5 12 -12 15 -4 -14 17 -7 -19 -3 -21 22 25 -24 -25 26 -22 28 29 -23
right_child=1 4 3 9 6 16 7 8 -10 -11 11 -13 13 -15 -16 -17 -18 18 -20 20 21 27 23 24 -26 -27 -28 -29 -30 -31
leaf_value=-0.32003298247109496 -0.036300778190925205 0.0043276133636018553 -0.025966865843548136 -0.068596740249917521 0.0077373847461717441 -0.033242930212400643 0.14817727760729793 0.076722559313521219 0.021141269460377386 -0.065060950797515685 -0.09962667718055912 -0.00057273951868049889 0.13662748159582311 0.010393669951400172 0.0020099825584649713 0.041731282015393764 -0.0023553966220873248 0.45679783582416777 -0.011775050288160229 -0.0039640754817569339 0.085864616226663845 0.015658822925674675 -0.00021521179087983616 0.069015546164252525 0.0043944932402445224 0.016578759654540837 0.03651838980315996 -0.005515053862616112 -0.0064488953665266004 0.076258848294676787
leaf_weight=8236 2783 5696 2647 796 276 1837 22 20 62 1605 37 457 25 32 3601 32 4789 23 1890 11185 20 100 653 32 29 216 29 1030 147 64
leaf_count=8236 2783 5696 2647 796 276 1837 22 20 62 1605 37 457 25 32 3601 32 4789 23 1890 11185 20 100 653 32 29 216 29 1030 147 64
internal_value=-0.00242476 -0.00128068 -0.00315939 -0.00236742 -0.000477954 -0.000576786 0.00673684 0.0166154 0.0105366 -0.00529223 -0.00312691 0.00215437 0.0110476 0.0180674 -0.000970552 0.0270877 -0.00179787 -0.003072 -0.00084893 -3.37501e-05 -0.000518328 0.00144827 0.00384882 0.00152381 0.0182295 0.0101132 0.0246531 -0.000304252 0.00486173 0.0110244
internal_weight=48371 40135 12015 9232 28120 27740 380 104 82 2984 1379 583 126 89 6248 57 8539 3750 1913 19201 13505 2320 979 714 61 265 49 1341 311 164
internal_count=48371 40135 12015 9232 28120 27740 380 104 82 2984 1379 583 126 89 6248 57 8539 3750 1913 19201 13505 2320 979 714 61 265 49 1341 311 164
is_linear=0
shrinkage=0.08


Tree=47
num_leaves=31
num_cat=0
split_feature=39 18 13 13 0 42 12 6 6 13 3 10 32 13 36 13 42 9 11 28 12 9 9 40 9 9 39 44 10 13
split_gain=48.3971 8.27182 3.57666 6.27504 2.6769 2.67035 3.24 2.37751 1.90805 2.58407 2.85405 2.09174 2.04226 1.9853 1.96539 1.95085 2.16685 2.69745 2.05171 2.92255 2.65934 1.87412 4.27377 1.7829 1.73871 3.43272 1.60931 1.60849 1.59401 3.48689
threshold=0.38046666666666673 10.981700000000002 0.60889712122210471 5.671792100550527 0.65845000000000009 0.10169777873532827 19.442609166666667 14.500000000000002 11.500000000000002 5.2950296158690788 214.25000000000003 14.042150000000001 10.883950000000002 2.4963637069868798 11.236250000000002 1.0722616377009897 0.043261909238919073 17.500000000000004 0.5851922126765644 15.406000000000002 15.413514166666667 25.500000000000004 11.500000000000002 0.014506023368434574 25.500000000000004 37.500000000000007 0.3873166666666667 21.386153782646492 15.043963333333336 1.1641839020846139
decision_type=2 2 2 2 2 2 2 2 2 2 2 2 2 2 2 2 2 2 2 2 2 2 2 2 2 2 2 2 2 2
left_child=-1 2 -2 23 7 -6 -7 8 9 10 12 -12 -3 -13 -11 -10 17 -17 20 -20 -19 22 -5 26 -22 -26 -4 -25 29 -9
right_child=1 4 3 21 5 6 -8 28 15 14 11 13 -14 -15 -16 16 -18 18 19 -21 24 -23 -24 27 25 -27 -28 -29 -30 -31
leaf_value=-0.28795913789393368 -0.033493799834470039 -0.0018792319821635776 0.081481129922201495 -0.063098600124441143 0.0080291836252704557 0.095332182971332266 -0.0069995328442488706 -0.037406651751846258 -2.0378041077926539e-05 0.0011687171044841146 -0.023882664883719481 -0.00076033825322520453 0.065732711189776985 0.10330561115750397 -0.021995413418113095 -0.011989024904192234 0.011656069429236587 -0.041946607488724502 0.44394514245364086 -0.012116980590824831 0.3189703219120234 -0.059848086233411937 0.016948446827711648 -0.024492902652013555 -0.024165857775349516 0.53853661032210487 0.068996388186391547 0.0029610296258665543 -0.002224889175906017 -0.0051265165769481249
leaf_weight=8423 2781 279 20 794 437 25 20 1695 3038 558 2343 6960 393 792 1246 159 1593 26 76 113 20 1594 585 2946 26 45 197 2911 6246 2030
leaf_count=8423 2781 279 20 794 437 25 20 1695 3038 558 2343 6960 393 792 1246 159 1593 26 76 113 20 1594 585 2946 26 45 197 2911 6246 2030
internal_value=-0.00237514 -0.00121318 -0.00298817 -0.00221687 -0.000466574 0.00544398 0.024 -0.000569652 -1.22281e-05 -0.000541566 -7.2074e-05 -0.000408125 0.00497619 0.000224972 -0.00334368 0.00129356 0.00319533 0.008 0.0123922 0.00723809 0.0207179 -0.00522839 -0.00306889 -0.00074284 0.0271648 0.0212958 0.00637788 -0.00100666 -0.00155732 -0.00286712
internal_weight=48371 39948 11828 9047 28120 482 45 27638 17667 12571 10767 10095 672 7752 1804 5096 2058 465 306 189 117 2973 1379 6074 91 71 217 5857 9971 3725
internal_count=48371 39948 11828 9047 28120 482 45 27638 17667 12571 10767 10095 672 7752 1804 5096 2058 465 306 189 117 2973 1379 6074 91 71 217 5857 9971 3725
is_linear=0
shrinkage=0.08


Tree=48
num_leaves=31
num_cat=0
split_feature=44 18 6 13 13 3 10 13 0 38 9 6 40 39 44 42 9 9 9 13 13 12 1 32 38 10 26 40 11 28
split_gain=49.2929 7.85498 3.17857 3.10699 5.0001 2.41157 2.05211 2.77524 2.02695 2.20217 2.54375 1.96765 1.7917 1.74546 1.65756 2.33859 1.63227 3.88035 1.60911 2.49185 2.19007 1.57533 1.429 1.34262 1.979 1.32083 1.92313 1.94371 2.30263 1.31375
threshold=15.65149687583393 9.7939000000000025 16.500000000000004 5.671792100550527 0.76661800892396792 544.25000000000011 15.316173333333337 1.0375500421996582 0.65845000000000009 -0.60435000000000005 25.500000000000004 1.0000000180025095e-35 0.11130401324515242 0.56430000000000013 25.605598393268988 0.023732407784496427 25.500000000000004 10.500000000000002 24.500000000000004 5.2950296158690788 0.69258831649286046 19.442609166666667 3551380.3500000001 10.883950000000002 -1.0232999999999994 7.5599666666666678 7.2323500000000012 0.019028633811537073 0.41564161445552855 25.997750000000003
decision_type=2 2 2 2 2 2 2 2 2 2 2 2 2 2 2 2 2 2 2 2 2 2 2 2 2 2 2 2 2 2
left_child=-1 3 8 4 -2 6 7 14 18 10 -10 -11 -13 21 15 23 17 -5 20 -20 -3 22 -8 -4 -25 26 -19 -28 -29 -24
right_child=1 2 5 16 -6 -7 13 -9 9 11 -12 12 -14 -15 -16 -17 -18 25 19 -21 -22 -23 29 24 -26 -27 27 28 -30 -31
leaf_value=-0.27204719701335678 -0.037636982398893459 -0.001528428360625005 -0.02589884768170151 -0.08651512002044584 -0.0062709738654461054 0.11996898847527092 0.0039962880554288462 -0.012715015520444541 0.039841944821608237 0.037384885172439625 0.0022901463907138713 -0.0019092211228172794 0.038104713440357554 -0.05812431230443247 -0.040817745259612792 0.067355339876650239 -0.078081943751348123 -0.0092303400955555028 -0.0010464285019299027 -0.0096074217302740059 0.011448538275953718 0.022870633159758045 -0.006257378142923699 0.031795155288932328 -0.0037755848517635683 -0.003001834200850928 -0.088354521661373156 0.068869715313432472 0.12056632965632735 0.0045961098467739089
leaf_weight=8213 2524 4552 361 591 4221 31 1458 2279 23 40 30 302 28 212 1674 32 1316 66 10893 2233 4533 31 1988 26 216 382 21 21 36 38
leaf_count=8213 2524 4552 361 591 4221 31 1458 2279 23 40 30 302 28 212 1674 32 1316 66 10893 2233 4533 31 1988 26 216 382 21 21 36 38
internal_value=-0.00231395 -0.00115902 -0.000550034 -0.00321465 -0.00233062 -0.0018845 -0.00196753 -0.00310026 -5.79678e-05 0.00542789 0.0206792 0.00324324 0.00121212 -0.000573117 -0.005055 -0.00157481 -0.00566544 -0.0034163 -0.000162444 -0.000728937 0.000656025 -0.000147939 -0.000307694 -0.0026932 0.00191735 0.00158175 0.00811111 0.0166154 0.0242807 -0.00168213
internal_weight=48371 40158 30980 9178 6745 8346 8315 4588 22634 423 53 370 330 3727 2309 635 2433 1117 22211 13126 9085 3515 3484 603 242 526 144 78 57 2026
internal_count=48371 40158 30980 9178 6745 8346 8315 4588 22634 423 53 370 330 3727 2309 635 2433 1117 22211 13126 9085 3515 3484 603 242 526 144 78 57 2026
is_linear=0
shrinkage=0.08


Tree=49
num_leaves=31
num_cat=0
split_feature=5 18 13 13 6 4 13 13 5 36 12 9 9 36 11 13 0 6 40 10 40 13 13 6 12 40 5 44 38 22
split_gain=49.2243 7.00392 3.21971 4.9542 2.97127 2.26934 2.64303 1.91277 1.84312 1.76444 2.03854 1.69764 3.89411 1.67814 1.7729 3.02101 1.5268 1.85213 1.74508 1.48911 2.01891 2.15154 3.01097 1.47251 2.50161 2.12547 1.4879 1.43859 1.50369 1.8206
threshold=10.500000000000002 9.7939000000000025 5.671792100550527 0.60889712122210471 16.500000000000004 2176.8000000000006 1.5729973777556323 5.8222187974757071 60.500000000000007 19.939650000000004 19.442609166666667 25.500000000000004 10.500000000000002 23.815100000000005 0.41361640181706844 4.7889675051139191 0.65845000000000009 1.0000000180025095e-35 0.11130401324515242 7.5599666666666678 0.019028633811537073 7.2222330159088646 6.4423947865297668 4.5000000000000009 9.6835433333333345 0.02319078223187063 20.500000000000004 25.605598393268988 -1.0888000000000002 10.640550000000003
decision_type=2 2 2 2 2 2 2 2 2 2 2 2 2 2 2 2 2 2 2 2 2 2 2 2 2 2 2 2 2 2
left_child=-1 2 3 -2 16 6 27 13 9 10 -7 12 -4 14 15 -8 23 -18 -19 20 -14 22 -22 -3 25 26 -25 28 29 -6
right_child=1 4 11 -5 5 8 7 -9 -10 -11 -12 -13 19 -15 -16 -17 17 18 -20 -21 21 -23 -24 24 -26 -27 -28 -29 -30 -31
leaf_value=-0.25455059557265008 -0.03872404856056564 -0.00741982911037984 -0.079593910418810199 -0.0082926607820750856 -0.022578365631348189 -0.0013297955517580029 0.14618095053032165 -0.018085409834718312 0.11231092841668958 -0.099219506635117208 0.02556650612937272 -0.071835388251240251 -0.090672872342431377 0.31063282005235748 -0.030246459964457992 0.20028223103251908 0.039051210742913602 0.0021633376401110683 0.0335258446824779 -0.002761687464782787 0.018258427280135672 -0.012999989479043784 0.095988025219601522 0.13274480374712502 -0.00010071881661812706 0.078273703022027408 -0.025352314314453679 -0.042710955820953175 -0.017118014110454272 0.053700021619646918
leaf_weight=8040 1925 2849 591 4993 26 3836 82 743 29 199 27 1316 42 24 1047 21 46 347 30 382 35 31 36 44 19190 51 77 1601 681 30
leaf_count=8040 1925 2849 591 4993 26 3836 82 743 29 199 27 1316 42 24 1047 21 46 347 30 382 35 31 36 44 19190 51 77 1601 681 30
internal_value=-0.00228418 -0.00114473 -0.00306363 -0.00218329 -0.000565528 -0.00185574 -0.00314924 -0.000947315 -0.000510391 -0.000653867 -0.000275436 -0.00556679 -0.00327305 0.00106303 0.000626085 0.0106408 -8.97783e-05 0.00467139 0.00282228 0.00173384 0.00866666 0.0147451 0.0224225 -0.000180453 6.94124e-05 0.00967442 0.00390082 -0.00495466 -0.00202985 0.0105714
internal_weight=48371 40331 9351 6918 30980 8346 4255 1917 4091 4062 3863 2433 1117 1174 1150 103 22634 423 377 526 144 102 71 22211 19362 172 121 2338 737 56
internal_count=48371 40331 9351 6918 30980 8346 4255 1917 4091 4062 3863 2433 1117 1174 1150 103 22634 423 377 526 144 102 71 22211 19362 172 121 2338 737 56
is_linear=0
shrinkage=0.08


Tree=50
num_leaves=31
num_cat=0
split_feature=5 12 13 13 9 9 24 6 6 39 44 6 6 20 11 42 36 13 40 10 39 42 5 18 41 6 30 13 6 6
split_gain=49.5953 7.27256 4.02801 6.78445 2.85693 4.06037 2.05166 1.88334 1.93322 1.6831 2.52525 1.61933 2.35665 1.58471 2.02891 1.42687 1.38555 1.37021 1.4241 1.38442 1.33311 1.28174 1.25634 1.77936 1.62744 2.02561 1.53482 1.33826 1.30572 1.49886
threshold=10.500000000000002 15.530051666666669 0.63220779996379506 5.671792100550527 30.500000000000004 10.500000000000002 28.950200000000002 18.500000000000004 2.5000000000000004 0.38848333333333346 20.96867901949928 2.5000000000000004 18.500000000000004 13.055450000000002 8.811839451983273 0.02343852130550058 12.898700000000002 1.8997136016737308 0.020974996452684292 7.0815633333333343 0.44851666666666673 0.038864090382635809 31.500000000000004 15.123500000000002 0.50496583333333345 1.0000000180025095e-35 30.487450000000003 0.67755272131708055 14.500000000000002 11.500000000000002
decision_type=2 2 2 2 2 2 2 2 2 2 2 2 2 2 2 2 2 2 2 2 2 2 2 2 2 2 2 2 2 2
left_child=-1 2 11 7 5 -5 -6 8 -4 10 15 -2 -13 -3 22 -10 -7 19 20 -9 21 -19 27 -24 -25 26 -26 -15 29 -29
right_child=1 13 3 4 6 16 -8 17 9 -11 -12 12 -14 14 -16 -17 -18 18 -20 -21 -22 -23 23 24 25 -27 -28 28 -30 -31
leaf_value=-0.2341865479268381 -0.05023904671503502 -0.012609684166033773 -0.018441931211927814 -0.045075718796639491 -0.045145705741292251 0.0035256896938556871 0.11108385216197839 0.016741690686099559 -0.018331299882819813 0.0059426392852344884 0.071595838086364758 -0.0074878275794504649 -0.034508499024511509 0.0088057717149392974 0.026264440492361461 0.061207075248865886 -0.1387196510851213 0.3461594132971168 -0.055100682861743924 -0.02820358250991457 0.28725832642885329 -0.04878821288451117 0.016102157451923803 -0.00389308804325452 0.0065365520699052129 0.00150995807660386 0.043642808209214151 -0.016417392624062811 -0.014874063246734679 0.021335859628579028
leaf_weight=8040 1051 1185 2167 803 2132 1334 21 24 102 5992 33 3114 1538 1312 54 63 116 74 1168 1590 35 165 507 6917 33 6236 25 435 903 1202
leaf_count=8040 1051 1185 2167 803 2132 1334 21 24 102 5992 33 3114 1538 1312 54 63 116 74 1168 1590 35 165 507 6917 33 6236 25 435 903 1202
internal_value=-0.00226268 -0.00111894 -0.00212322 -0.00146609 -0.00413255 -0.00214115 -0.00621644 -0.000436697 0.000184753 0.000904683 0.00816161 -0.003946 -0.00330525 3.01964e-05 0.000220606 0.00412121 0.000386205 -0.00213613 -0.000343969 -0.0037373 0.00484671 0.0027113 0.00017302 -0.000185452 -0.000363941 0.000566887 0.0154483 0.00144963 0.000377951 0.0017251
internal_weight=48371 40331 21522 15819 4406 2253 2153 11413 8357 6190 198 5703 4652 18809 17624 165 1450 3056 1442 1614 274 239 17570 13718 13211 6294 58 3852 2540 1637
internal_count=48371 40331 21522 15819 4406 2253 2153 11413 8357 6190 198 5703 4652 18809 17624 165 1450 3056 1442 1614 274 239 17570 13718 13211 6294 58 3852 2540 1637
is_linear=0
shrinkage=0.08


Tree=51
num_leaves=31
num_cat=0
split_feature=5 18 42 13 6 12 9 3 13 40 10 13 3 12 13 11 44 40 22 41 9 9 24 42 30 38 39 9 6 41
split_gain=50.4568 7.00204 3.73472 4.40199 2.14976 1.82681 1.59698 2.40802 1.91026 1.68264 1.52618 2.08267 1.97978 3.7862 3.49355 2.664 1.48688 1.48567 1.479 1.45915 1.42129 3.27428 1.40468 1.62136 1.40879 1.38735 1.2482 1.65653 1.88087 2.93446
threshold=10.500000000000002 9.7939000000000025 0.071535757699049893 0.60889712122210471 16.500000000000004 19.442609166666667 25.500000000000004 404.85000000000008 5.2950296158690788 0.016201259504197572 15.250593333333335 1.5729973777556323 202.85000000000005 11.506261666666669 0.89009466449847252 1.3850205941904103 30.392710199462758 0.09594269417754607 11.412650000000001 0.44293583333333336 23.500000000000004 10.500000000000002 17.747900000000005 0.018336825803168044 17.835600000000003 0.89004999999999967 0.49967666666666671 3.5000000000000004 7.5000000000000009 0.44595083333333341
decision_type=2 2 2 2 2 2 2 2 2 2 2 2 2 2 2 2 2 2 2 2 2 2 2 2 2 2 2 2 2 2
left_child=-1 2 3 -2 6 10 7 26 22 -9 11 12 13 -6 18 -14 -17 -10 19 -15 21 -4 -8 24 -24 -5 27 -3 -29 -30
right_child=1 4 20 25 5 -7 8 9 17 -11 -12 -13 15 14 -16 16 -18 -19 -20 -21 -22 -23 23 -25 -26 -27 -28 28 29 -31
leaf_value=-0.21545162409269103 -0.034048522322392027 -0.0091595484995972108 -0.06962034008157432 -0.011931685102435925 -0.01655153201593634 0.018874865370499285 -0.0025201699520825348 0.06417475865740524 -0.012599701750422227 0.016880619841274404 -0.0013612952110505273 -0.006633398337060962 -0.036705976330234251 0.042374722629649191 -0.027137543701158801 -0.002483287469138964 0.57849412155070146 0.001439737872089045 0.040777621271306026 -0.0018301559980009418 -0.065135627802481028 0.0066512052480298487 0.0024913147677871183 0.007069581885454668 0.053411439334773887 0.043711219612060426 -0.0022739659613911591 -2.5456374379123681e-05 0.36331217646015346 0.018202717054504606
leaf_weight=8040 1925 896 591 4528 531 31 8750 20 1907 712 3766 1937 1876 23 62 28 22 417 40 30 1261 528 33 1839 37 518 3594 2063 35 2331
leaf_count=8040 1925 896 591 4528 531 31 8750 20 1907 712 3766 1937 1876 23 62 28 22 417 40 30 1261 528 33 1839 37 518 3594 2063 35 2331
internal_value=-0.00221306 -0.00105944 -0.00297808 -0.0020439 -0.000480312 -0.00157776 -7.56403e-05 0.000703759 -0.000655012 0.00511475 -0.00165003 -0.00263619 -0.00411026 -0.000419827 0.0105806 -0.00542472 0.0128 -0.00273322 0.0203871 0.0116226 -0.00571429 -0.00363897 -0.000201897 0.00176427 0.0137143 -0.000802221 0.00034174 0.00111925 0.00175389 0.00329332
internal_weight=48371 40331 9351 6971 30980 8346 22634 9651 12983 732 8315 4549 2612 686 155 1926 50 2324 93 53 2380 1119 10659 1909 70 5046 8919 5325 4429 2366
internal_count=48371 40331 9351 6971 30980 8346 22634 9651 12983 732 8315 4549 2612 686 155 1926 50 2324 93 53 2380 1119 10659 1909 70 5046 8919 5325 4429 2366
is_linear=0
shrinkage=0.08


Tree=52
num_leaves=31
num_cat=0
split_feature=39 18 13 13 12 6 42 1 12 13 36 10 20 40 44 9 24 38 43 39 9 11 0 42 12 44 6 12 6 20
split_gain=51.0567 6.32768 3.72414 3.86214 1.85386 2.43618 2.0663 1.79009 2.7483 1.97347 1.73384 1.92271 2.92028 1.55843 1.48069 1.60829 1.43388 1.39276 1.95571 1.37466 1.33152 2.63296 1.32989 1.55326 2.27665 1.26187 1.53804 2.10255 1.52802 2.21154
threshold=0.36531666666666668 9.7939000000000025 5.671792100550527 0.60889712122210471 15.530051666666669 18.500000000000004 0.025276437026101571 2489771.8500000001 11.694359166666668 0.71043396266504544 21.098250000000004 16.034303333333337 12.279000000000002 0.018563828113988833 43.62654206700693 44.500000000000007 22.343950000000003 -0.62929999999999942 -0.016499999999999983 0.54742000000000013 20.500000000000004 0.41361640181706844 0.65845000000000009 0.10169777873532827 19.442609166666667 26.246591964004867 9.5000000000000018 13.28307166666667 4.5000000000000009 12.367900000000002
decision_type=2 2 2 2 2 2 2 2 2 2 2 2 2 2 2 2 2 2 2 2 2 2 2 2 2 2 2 2 2 2
left_child=-1 2 3 -2 5 10 7 8 -7 13 16 12 -12 -10 15 19 25 18 -18 20 -8 -22 -6 -24 -25 28 -27 -28 -3 -30
right_child=1 4 -4 -5 22 6 14 -9 9 -11 11 -13 -14 -15 -16 -17 17 -19 -20 -21 21 -23 23 24 -26 26 27 -29 29 -31
leaf_value=-0.19859468804470595 -0.031254620048942187 -0.023358173951044798 -0.045422154900655619 -0.0063139484619478409 -0.00019488593401972628 -0.014609120729535709 -0.026798733537840978 -0.044865545285952803 0.018133597765388469 -0.023213515826266264 -0.050496684281850605 -0.051098459325206076 0.35986847328695371 0.049211067538057394 0.099396871036916731 -0.0692941538770393 0.04509632017743332 0.0069901786426752877 0.03714500036969106 -0.088745663729540306 0.3092663115154442 0.0074204469962941477 0.0065271719052457204 0.041852521290636567 -0.015621619693226957 -0.012882331500031763 0.64279977396164367 0.0057141380009959114 0.0069146103960974646 0.081723773933518123
leaf_weight=8039 1915 316 2433 5004 18368 553 619 1260 21 37 29 513 26 25 34 334 50 295 20 130 27 652 367 21 20 3787 29 1571 1711 165
leaf_count=8039 1915 316 2433 5004 18368 553 619 1260 21 37 29 513 26 25 34 334 50 295 20 130 27 652 367 21 20 3787 29 1571 1711 165
internal_value=-0.00217833 -0.00101795 -0.00284175 -0.00189507 -0.0004674 -0.00123501 -0.00295125 -0.00479325 -0.00133334 0.012241 -0.000490603 -0.00476057 0.00945454 0.0233043 -0.00100668 -0.00132577 -0.000185299 0.00471233 0.0148571 -0.000156865 0.000628658 0.00307511 3.15277e-05 0.00454902 0.0193171 -0.000421166 -0.00107964 0.000999998 0.00119708 0.00206396
internal_weight=48371 40332 9352 6919 30980 12204 3692 1896 636 83 8512 568 55 46 1796 1762 7944 365 70 1428 1298 679 18776 408 41 7579 5387 1600 2192 1876
internal_count=48371 40332 9352 6919 30980 12204 3692 1896 636 83 8512 568 55 46 1796 1762 7944 365 70 1428 1298 679 18776 408 41 7579 5387 1600 2192 1876
is_linear=0
shrinkage=0.08


Tree=53
num_leaves=31
num_cat=0
split_feature=41 26 9 9 13 10 42 12 13 41 40 13 12 36 12 13 39 9 1 36 32 6 7 40 7 42 40 24 42 13
split_gain=51.7029 5.62388 2.57654 2.9935 2.20982 2.18596 3.4498 4.53337 2.83184 2.01428 3.1988 1.9234 1.92691 4.13023 1.90864 2.70216 3.63943 1.93498 1.81697 1.78765 1.8228 1.766 1.73028 1.50025 1.4505 1.38645 1.99333 2.13346 1.73151 3.33853
threshold=0.3777166666666667 9.3838500000000007 36.500000000000007 14.500000000000002 4.144947917427694 8.2837166666666686 0.045025142898453059 10.658764166666668 0.49177399247949888 0.38290333333333337 0.019427441317432004 0.52593914332780534 8.6707100000000015 9.1262500000000006 15.530051666666669 0.63789351339873357 0.51497666666666675 51.500000000000007 1642692.6000000003 12.176050000000002 25.096550000000004 18.500000000000004 4.5000000000000009 0.018411637106735133 2.0000000000000004 0.046232745313072941 0.058468143133827824 15.069750000000001 0.021278013306564553 1.0547743237731846
decision_type=2 2 2 2 2 2 2 2 2 2 2 2 2 2 2 2 2 2 2 2 2 2 2 2 2 2 2 2 2 2
left_child=-1 2 3 -2 -4 6 8 23 -5 10 -10 -7 13 -13 15 21 24 19 -9 20 -18 -3 -15 -8 25 26 28 -28 -17 -30
right_child=1 14 4 5 -6 11 7 18 9 -11 -12 12 -14 22 -16 16 17 -19 -20 -21 -22 -23 -24 -25 -26 -27 27 -29 29 -31
leaf_value=-0.18269511959006693 -0.03494213204080656 -0.0065861239245250591 -0.023045007212684734 0.42989182346930604 -0.072165819570253864 -0.035192883009637105 0.39343651491972625 0.067611667537581396 0.05706696222940582 -0.012315879202578546 -0.010732950901746658 -0.015137712229647896 -0.008211168124255647 0.16824373441701609 0.00010282225099881108 -0.028019537064858248 -0.0049254425380187376 0.15996079614957734 -0.0031607198015403326 -0.053048479322817026 0.026302640730008688 -0.027737873355571343 0.094536672627496238 0.20231635407619813 -0.0050890743241987337 -0.0052910030118282448 0.049933424122750321 0.49216746323653787 0.036377202890963127 0.036033388975272626
leaf_weight=8036 2294 2729 2135 33 1108 386 26 55 33 795 61 97 979 20 18783 124 118 20 122 978 36 1428 23 38 5921 799 24 26 268 876
leaf_count=8036 2294 2729 2135 33 1108 386 26 55 33 795 61 97 979 20 18783 124 118 20 122 978 36 1428 23 38 5921 799 24 26 268 876
internal_value=-0.00214029 -0.000972854 -0.00284217 -0.00169609 -0.00459575 0.000125935 0.00273087 0.0112531 0.000503252 -0.000350958 0.0107234 -0.00188705 -0.00020733 0.00857143 -0.000495489 -0.00122694 -0.000461373 -0.00466667 0.00465537 -0.00510248 0.00290909 -0.00291941 0.0292093 0.0295 0.000141327 0.00193859 0.00353262 0.0192 0.00291482 0.00388811
internal_weight=48371 40335 8205 4962 3243 2668 1163 241 922 889 94 1505 1119 140 32130 13347 9190 1152 177 1132 154 4157 43 64 8038 2117 1318 50 1268 1144
internal_count=48371 40335 8205 4962 3243 2668 1163 241 922 889 94 1505 1119 140 32130 13347 9190 1152 177 1132 154 4157 43 64 8038 2117 1318 50 1268 1144
is_linear=0
shrinkage=0.08


Tree=54
num_leaves=31
num_cat=0
split_feature=41 12 36 13 26 41 6 44 22 1 39 7 13 18 22 42 6 36 30 0 42 12 30 40 40 34 12 10 11 40
split_gain=52.4351 5.3366 2.93207 3.83785 2.58941 3.08832 1.80941 2.1486 2.88572 2.02238 2.22599 1.50771 1.49129 1.44558 1.36569 1.91409 1.86341 1.44 1.32274 1.35147 2.56568 3.00682 1.85736 1.29458 1.28988 1.47199 1.2826 1.73734 1.41429 1.21343
threshold=0.3777166666666667 14.383881666666669 19.313650000000006 0.63789351339873357 9.3209500000000016 0.42979750000000005 2.5000000000000004 26.246591964004867 10.807700000000002 2509174.5500000003 0.4327233333333334 2.0000000000000004 3.7928326273146493 22.796950000000002 11.845700000000003 0.021364482115070704 18.500000000000004 12.086850000000002 12.759250000000002 0.65845000000000009 0.10169777873532827 19.442609166666667 13.366700000000002 0.022657188492772356 0.016940291501353687 11.669250000000002 6.9494116666666672 7.3958433333333344 0.95428217343714994 0.020107377219503439
decision_type=2 2 2 2 2 2 2 2 2 2 2 2 2 2 2 2 2 2 2 2 2 2 2 2 2 2 2 2 2 2
left_child=-1 2 3 6 5 23 -2 8 -8 10 -10 -6 -4 -7 -11 16 17 -16 -3 -20 22 -22 -21 26 -12 -26 27 28 -5 -24
right_child=1 18 12 4 11 13 7 -9 9 14 24 -13 -14 -15 15 -17 -18 -19 19 20 21 -23 29 -25 25 -27 -28 -29 -30 -31
leaf_value=-0.16807951002286159 -0.041838680304404956 -0.011382536801863541 0.076143793198532234 0.011549843440984602 0.015235532211157079 -0.045028597824122975 -0.014389958609997379 -0.02990817618334677 -8.7838443690487096e-05 -0.024453673954720909 0.023300667221989389 -0.0048883866428566123 -0.062044524330361582 0.015797533186920693 0.0221475312571125 -0.020285126394023911 -0.034620657052058024 0.098733739473288409 -2.2584976582743058e-05 0.026204313611349787 0.053520045797274172 -0.014380115897848577 0.012460269506067099 -0.019375014289373285 0.021462781416530536 0.057668434597551908 -0.002072353913807203 0.062807094102026437 0.013419128778573639 -0.0051659396591184105
leaf_weight=8036 1025 1505 106 288 1505 2059 1723 1705 122 178 24 4596 1098 89 25 50 28 20 19941 43 24 20 74 1827 107 26 1837 27 20 243
leaf_count=8036 1025 1505 106 288 1505 2059 1723 1705 122 178 24 4596 1098 89 25 50 28 20 19941 43 24 20 74 1827 107 26 1837 27 20 243
internal_value=-0.00209895 -0.00092327 -0.00192372 -0.00165778 -0.000893536 -0.00205239 -0.00351759 -0.0027505 -0.00115675 0.00372414 0.00863082 0.000274052 -0.00574087 -0.00449907 -0.000823922 0.00565853 0.0139178 0.024 -7.68898e-05 9.24041e-05 0.00467327 0.0229091 0.00244444 -0.000738186 0.0149299 0.0118496 0.00058195 0.00513433 0.00342857 0.000328074
internal_weight=48371 40335 18485 17281 12248 6147 5033 4008 2303 580 279 6101 1204 2148 301 123 73 45 21850 20345 404 44 360 3999 157 133 2172 335 308 317
internal_count=48371 40335 18485 17281 12248 6147 5033 4008 2303 580 279 6101 1204 2148 301 123 73 45 21850 20345 404 44 360 3999 157 133 2172 335 308 317
is_linear=0
shrinkage=0.08


Tree=55
num_leaves=31
num_cat=0
split_feature=41 12 36 13 9 42 9 42 13 39 1 13 11 41 12 9 13 9 1 24 7 41 9 6 6 6 12 44 6 3
split_gain=53.0246 5.00745 3.06149 3.61192 2.73547 3.79633 2.80227 3.56791 2.17745 2.27912 3.21073 1.87957 3.80965 3.07661 3.38578 6.37051 1.87339 2.85956 3.81774 5.00144 2.4877 3.49981 3.1513 1.56419 2.37557 1.84101 1.96721 1.94104 3.29019 3.93018
threshold=0.3777166666666667 14.230805833333337 19.313650000000006 0.76661800892396792 39.500000000000007 0.0562239500524317 10.500000000000002 0.0562239500524317 3.8743253497500283 0.48341666666666677 3385954.8000000003 5.671792100550527 0.54669065312879783 0.42812000000000006 12.637898333333336 18.500000000000004 0.89009466449847252 23.500000000000004 2569495.8000000003 10.639100000000001 4.5000000000000009 0.40993250000000009 33.500000000000007 2.5000000000000004 18.500000000000004 9.5000000000000018 13.354470833333332 26.496234500983512 5.5000000000000009 198.05000000000004
decision_type=2 2 2 2 2 2 2 2 2 2 2 2 2 2 2 2 2 2 2 2 2 2 2 2 2 2 2 2 2 2
left_child=-1 2 3 23 6 -6 7 -5 9 16 -11 12 13 -10 -15 -16 17 -8 19 20 21 22 -19 -2 25 27 -27 28 -25 -30
right_child=1 -3 -4 4 5 -7 8 -9 11 10 -12 -13 -14 14 15 -17 -18 18 -20 -21 -22 -23 -24 24 -26 26 -28 -29 29 -31
leaf_value=-0.15463314922103266 -0.036932132382280124 -0.00028394371025490479 -0.056408384947189243 0.0024557153122459728 -0.0072826124596079046 -0.042577677194241527 -0.010588929661122477 -0.051596528114041619 0.357659273814875 0.53430459365480043 -0.00045310089529350313 0.0045390246439971907 0.016900748445060308 0.072617147067698382 0.20116030344031871 0.21972429054396339 -0.019385206222885608 0.074446648072152691 -0.042960273680599202 0.057653008998506533 0.0062572072640762182 -0.0082081992759235629 -0.0051016820195984433 -0.0049412494860320852 -0.026341190104157492 0.85186111084659788 0.019644168483377449 -0.02182837710744711 0.063129996183813555 0.010419257411290614
leaf_weight=8036 1318 22230 1156 1432 2545 1118 253 803 30 34 55 1153 302 101 42 20 2824 59 91 27 143 39 20 1286 1675 22 29 1177 55 296
leaf_count=8036 1318 22230 1156 1432 2545 1118 253 803 30 34 55 1153 302 101 42 20 2824 59 91 27 143 39 20 1286 1675 22 29 1177 55 296
internal_value=-0.00206587 -0.000883602 -0.00187131 -0.00159962 -0.000750881 -0.00254 0.000131393 -0.00223714 0.00115078 3.38486e-05 0.0126742 0.0035534 0.00767677 0.016456 0.0121227 0.0268387 -0.000291669 0.00364557 0.00804221 0.0125556 0.00916475 0.0177627 0.027443 -0.00320656 -0.0025022 -0.00110297 0.0139608 -0.00137598 0.000405618 0.00727065
internal_weight=48371 40335 18105 16949 11091 3663 7428 2235 5193 3545 89 1648 495 193 163 62 3456 632 379 288 261 118 79 5858 4540 2865 51 2814 1637 351
internal_count=48371 40335 18105 16949 11091 3663 7428 2235 5193 3545 89 1648 495 193 163 62 3456 632 379 288 261 118 79 5858 4540 2865 51 2814 1637 351
is_linear=0
shrinkage=0.08


Tree=56
num_leaves=31
num_cat=0
split_feature=41 12 36 13 34 41 3 39 10 42 42 6 9 42 12 9 10 6 6 44 22 1 10 42 40 28 42 20 12 39
split_gain=53.4689 4.68716 2.64028 3.14307 2.45683 2.80276 1.89899 1.66314 2.9423 1.63102 1.91567 2.24527 3.6 1.58118 1.78946 1.45425 1.43683 3.31517 1.5678 2.04981 3.18241 2.70372 2.80536 1.69265 1.99231 1.43919 1.37856 1.43442 1.34007 1.30274
threshold=0.3777166666666667 14.230805833333337 19.313650000000006 0.77953937600200063 9.1270500000000023 0.42979750000000005 411.15000000000003 0.39073666666666673 7.4824200000000021 0.052941183519333808 0.061200075291315222 3.5000000000000004 15.500000000000002 0.029439384891088955 7.2201224999999996 53.500000000000007 6.6495733333333336 1.5000000000000002 2.5000000000000004 26.246591964004867 10.724450000000003 2509174.5500000003 11.571373333333334 0.02221038640198271 0.018655614499960858 10.637550000000003 0.044424868716103995 12.622800000000002 9.0480325000000015 0.4327233333333334
decision_type=2 2 2 2 2 2 2 2 2 2 2 2 2 2 2 2 2 2 2 2 2 2 2 2 2 2 2 2 2 2
left_child=-1 2 3 16 5 7 -7 8 -5 -9 11 -11 -13 14 -10 -6 17 -2 -18 20 -20 22 23 24 29 -25 27 -4 -15 -22
right_child=1 -3 26 4 15 6 -8 9 13 10 -12 12 -14 28 -16 -17 18 -19 19 -21 21 -23 -24 25 -26 -27 -28 -29 -30 -31
leaf_value=-0.14226249728335005 -0.019362057209822973 -0.00026122821343455124 -0.26888374738864579 0.0012493912708318013 0.0068160079150916273 -0.039807255803429462 0.0048982661943483257 -0.025834957749564246 0.050854023007798704 0.01031103953010027 -0.0018127052653938603 0.057225239182995762 0.39134585697475699 0.43378547160571984 -0.0024928287359354149 -0.02226229458111351 -0.035288928582197225 0.031649130390110886 -0.013504884724690656 -0.026835622326115537 0.0062970047514599751 -0.0069689343810037455 0.049650602536884601 0.00090597096982743047 -0.0021272111345676669 0.033836334139568804 -0.05526797637053435 0.36263933517641456 0.085129732448472065 0.02463117523934483
leaf_weight=8036 52 22230 33 727 4914 1964 199 2151 29 47 179 20 20 36 71 571 1290 31 2013 1915 41 341 33 23 172 38 1103 20 32 40
leaf_count=8036 52 22230 33 727 4914 1964 199 2151 29 47 179 20 20 36 71 571 1290 31 2013 1915 41 341 33 23 172 38 1103 20 32 40
internal_value=-0.00204106 -0.000853851 -0.00180945 -0.00155714 -0.000751827 -0.00195069 -0.00419048 -0.000487925 0.0024581 -0.00157882 0.00433083 0.014069 0.028 0.012 0.0056 0.000444848 -0.00303089 0.00742168 -0.00317779 -0.00248874 -0.00106924 0.00362791 0.00859942 0.00626751 0.0033834 0.0182295 -0.00550865 0.00709434 0.0214118 0.0137284
internal_weight=48371 40335 18105 16949 10960 5475 2163 3312 895 2417 266 87 40 168 100 5485 5989 83 5906 4616 2701 688 347 314 253 61 1156 53 68 81
internal_count=48371 40335 18105 16949 10960 5475 2163 3312 895 2417 266 87 40 168 100 5485 5989 83 5906 4616 2701 688 347 314 253 61 1156 53 68 81
is_linear=0
shrinkage=0.08


Tree=57
num_leaves=31
num_cat=0
split_feature=41 41 36 13 30 12 13 9 9 9 10 26 40 11 39 10 28 22 13 12 41 22 13 38 0 13 6 12 6 40
split_gain=54.3331 4.07899 2.26409 3.18767 2.29406 2.43498 3.88676 2.56634 2.15113 5.00958 2.35436 2.3954 2.34416 2.1 2.01692 2.64596 1.65343 1.6469 1.63564 2.02495 1.63332 2.18463 2.08648 2.23889 1.60332 1.4523 1.26304 1.7735 1.86009 3.44388
threshold=0.3777166666666667 0.46945916666666671 17.944000000000003 0.77953937600200063 9.1911000000000005 10.304721666666669 4.0559615306853534 21.500000000000004 42.500000000000007 10.500000000000002 7.5599666666666678 7.2323500000000012 0.019382139544556271 0.396353878134941 0.39073666666666673 7.4824200000000021 7.9750000000000005 12.535450000000003 1.8264497694241633 7.2201224999999996 0.45206416666666677 12.184800000000001 0.52593914332780534 -0.69234999999999991 0.38825000000000004 1.0375500421996582 2.5000000000000004 6.8631150000000014 1.5000000000000002 0.023941387754666119
decision_type=2 2 2 2 2 2 2 2 2 2 2 2 2 2 2 2 2 2 2 2 2 2 2 2 2 2 2 2 2 2
left_child=-1 2 3 20 5 6 14 -8 9 -7 11 -11 -13 -14 15 25 -9 -18 19 -17 21 26 -23 -24 -20 -5 27 28 -2 -30
right_child=1 -3 -4 4 -6 8 7 16 -10 10 -12 12 13 -15 -16 18 17 -19 24 -21 -22 22 23 -25 -26 -27 -28 -29 29 -31
leaf_value=-0.13088149750068204 -0.023272878652943082 -0.00034213539255246707 -0.056784168882622874 0.0069231811834263458 0.0039343031837251958 -0.073075651338610756 0.28974498406255367 -0.0013853332100069494 -0.065607020162312665 -0.0047603567134035449 -0.0019301041171072351 0.02436581080636175 0.069723540409266399 0.11085148364378285 -0.023495843350844581 0.046785701167174752 0.31331438022636265 0.022927515246716591 0.12011349186657587 -0.0067991188867532982 -0.03725676327158306 0.038002937600631372 0.019596515649329408 -0.011513476443932994 0.37895052405784962 -0.023394350527688394 -0.0071076736229646479 -0.033621132967484618 0.054320495729885322 -0.071921482330982042
leaf_weight=8036 54 23171 1170 449 4852 620 20 55 831 73 857 32 21 35 2011 29 22 24 31 65 962 60 39 240 38 219 3046 1260 28 21
leaf_count=8036 54 23171 1170 449 4852 620 20 55 831 73 857 32 21 35 2011 29 22 24 31 65 962 60 39 240 38 219 3046 1260 28 21
internal_value=-0.0019931 -0.000796333 -0.00173107 -0.00148256 -0.000640998 -0.00177025 -0.000224099 0.0138182 -0.00362576 -0.00194384 0.00150884 0.0103851 0.0192727 0.0291429 -0.000821958 0.00249338 0.00863366 0.0198261 0.0116319 0.00476596 -0.00299825 -0.00238922 0.00379941 0.000888887 0.0209855 0.000263471 -0.00286505 -0.00488922 0.00520388 0.0164898
internal_weight=48371 40335 17164 15994 10284 5432 2963 121 2469 1638 1018 161 88 56 2842 831 101 46 163 94 5710 4748 339 279 69 668 4409 1363 103 49
internal_count=48371 40335 17164 15994 10284 5432 2963 121 2469 1638 1018 161 88 56 2842 831 101 46 163 94 5710 4748 339 279 69 668 4409 1363 103 49
is_linear=0
shrinkage=0.08


Tree=58
num_leaves=31
num_cat=0
split_feature=41 28 3 41 13 10 40 40 38 1 18 13 6 42 22 3 3 41 32 13 1 41 41 42 9 13 36 40 36 0
split_gain=54.7828 3.82164 1.73226 2.37039 2.07876 1.82083 3.35334 1.75045 1.65721 1.29348 2.16722 2.02958 1.9735 1.63309 1.44386 1.16954 1.43645 2.83271 1.89746 1.74152 2.48011 1.54351 2.30707 4.13554 1.49998 1.43947 2.13676 1.3642 1.67831 1.4359
threshold=0.3777166666666667 9.3830000000000009 404.85000000000008 0.42979750000000005 0.82941582974168337 6.6495733333333336 0.016616615321578678 0.011906880601340512 0.08724999999999962 3313145.0500000003 15.123500000000002 0.6633103133510615 22.500000000000004 0.069637038157363731 15.642800000000001 157.25000000000003 212.55000000000004 0.47160000000000007 10.883950000000002 1.1941918529180873 2186982.7000000007 0.45206416666666677 0.43400333333333335 0.02343852130550058 12.500000000000002 1.5729973777556323 17.087300000000003 0.090587817922270483 25.084700000000002 0.42385000000000006
decision_type=2 2 2 2 2 2 2 2 2 2 2 2 2 2 2 2 2 2 2 2 2 2 2 2 2 2 2 2 2 2
left_child=-1 2 3 4 5 6 -2 -6 15 11 12 -10 -11 -13 -14 -3 18 25 -17 20 -20 22 -22 24 -24 -18 -27 -21 -29 -30
right_child=1 8 -4 -5 7 -7 -8 -9 9 10 -12 13 14 -15 -16 16 17 -19 19 27 21 -23 23 -25 -26 26 -28 28 29 -31
leaf_value=-0.12041097770062749 0.044169524305754097 -0.049120547978324158 0.023593877141222724 -0.040961350607384393 0.32951094812391524 -0.023124325557098327 -0.00013985851316537567 -0.0028479318756719986 -0.021303197371576901 0.0077279771167389289 -0.0033932715575301993 0.0021589523634562404 0.052844803949950142 -0.012755237407910914 0.0045811606329000231 0.00012461762023741177 -0.023046078135634571 0.0013337468107647557 0.032686439606433221 0.0058612538855131206 -0.0010521705133979522 -0.034549999443148377 0.05629037114331828 0.26763939657599994 0.016975083235966228 0.012959865155101226 -0.19237286816650842 0.036766365161061819 -0.02883737637243431 0.051899536010113753
leaf_weight=8036 23 435 212 2318 25 2324 94 3211 1621 1485 7208 2451 27 1532 22 1762 1332 12139 32 793 127 61 31 27 192 549 227 23 28 24
leaf_count=8036 23 435 212 2318 25 2324 94 3211 1621 1485 7208 2451 27 1532 22 1762 1332 12139 32 793 127 61 31 27 192 549 227 23 28 24
internal_value=-0.00196829 -0.000766582 -0.0023073 -0.00249656 -0.00161635 -0.00337894 0.00635897 -0.000286776 -0.00037301 -0.00101269 -0.000404486 -0.00196146 0.00232594 -0.00099021 0.0181224 0.000143064 0.000245804 -9.3776e-05 0.00180645 0.00407773 0.008 0.00642922 0.00833952 0.0128 0.00921973 -0.00280076 -6.18576e-05 0.00195392 0.0122667 0.00430769
internal_weight=48371 40335 8207 7995 5677 2441 117 3236 32128 14346 8742 5604 1534 3983 49 17782 17347 14247 3100 1338 470 438 377 250 223 2108 776 868 75 52
internal_count=48371 40335 8207 7995 5677 2441 117 3236 32128 14346 8742 5604 1534 3983 49 17782 17347 14247 3100 1338 470 438 377 250 223 2108 776 868 75 52
is_linear=0
shrinkage=0.08


Tree=59
num_leaves=31
num_cat=0
split_feature=18 41 6 6 1 6 13 42 42 12 7 13 12 39 40 42 32 13 43 0 11 39 26 42 32 12 12 12 7 6
split_gain=54.8812 3.58349 2.15364 3.2262 1.90738 3.25356 2.94944 2.58795 2.24472 4.96074 2.0515 2.14912 3.13604 1.88907 2.17475 2.11942 1.7575 1.67375 1.77778 1.67937 1.63189 1.89507 2.1725 2.32342 1.82186 2.23676 3.65651 2.07757 1.57149 1.52642
threshold=4.9575000000000005 0.46945916666666671 2.5000000000000004 10.500000000000002 2745077.9000000008 6.5000000000000009 1.395184156299893 0.061200075291315222 0.023732407784496427 10.819920000000002 5.5000000000000009 6.3910770515024096 13.006340833333335 0.38848333333333346 0.019427441317432004 0.021071166706701106 7.9106500000000013 0.58892781658734228 -0.00069999999999995055 0.42765000000000003 0.78846292784183392 0.43909333333333339 9.1318500000000018 0.036419732237552342 8.8894500000000019 11.225734166666669 10.658764166666668 10.23811166666667 3.5000000000000004 8.5000000000000018
decision_type=2 2 2 2 2 2 2 2 2 2 2 2 2 2 2 2 2 2 2 2 2 2 2 2 2 2 2 2 2 2
left_child=-1 2 16 4 5 7 8 13 17 -10 -8 12 -12 14 15 -4 -2 18 19 -7 -5 22 -22 24 -24 26 27 -26 -16 -6
right_child=1 -3 3 20 29 6 10 -9 9 -11 11 -13 -14 -15 28 -17 -18 -19 -20 -21 21 -23 23 -25 25 -27 -28 -29 -30 -31
leaf_value=-0.1112180996075442 -0.00962460879075616 -0.00030293830665752163 0.062636283086723948 -0.023184267327367943 -0.016283755487946815 0.030793744723571055 0.0026171590324041388 -0.029801952219307436 0.0078940030474114672 0.47781203887780521 0.23247062789041334 -0.0089272218002412231 0.44717494433928362 0.0011558971082600942 0.022854595359262896 0.0047562156110731429 -0.034864151950499682 0.0023584057729324269 0.030376687689422827 -0.023606189934566073 -0.010790583920626536 -0.019360868676310598 -0.059037418098866409 -0.023829282768655671 0.92007832390537148 0.020602709815674202 0.58473193037598448 0.0058018989373088518 -0.026612138081665265 0.033828662823732245
leaf_weight=8026 2080 23171 26 3322 2024 28 600 1091 31 25 35 38 22 3665 56 35 2070 95 49 35 340 835 22 99 22 30 21 29 91 358
leaf_count=8026 2080 23171 26 3322 2024 28 600 1091 31 25 35 38 22 3665 56 35 2070 95 49 35 340 835 22 99 22 30 21 29 91 358
internal_value=-0.00195837 -0.000756477 -0.00163224 -0.00112654 -0.000177266 0.00059169 0.00486012 -0.000232073 0.012076 0.0262857 0.00212949 0.0130526 0.0228772 0.000737411 0.00815384 0.0208525 -0.00321928 0.00823188 0.0148571 0.00596825 -0.00279661 -0.000503578 0.00308348 0.00921973 0.0165161 0.0210196 0.0286667 0.017098 0.00288435 -0.002089
internal_weight=48371 40345 17174 13024 8304 5922 958 4964 263 56 695 95 57 3873 208 61 4150 207 112 63 4720 1398 563 223 124 102 72 51 147 2382
internal_count=48371 40345 17174 13024 8304 5922 958 4964 263 56 695 95 57 3873 208 61 4150 207 112 63 4720 1398 563 223 124 102 72 51 147 2382
is_linear=0
shrinkage=0.08


Tree=60
num_leaves=31
num_cat=0
split_feature=24 41 36 13 9 42 9 42 13 10 13 11 9 41 11 13 9 18 24 9 7 42 40 41 34 3 26 24 38 9
split_gain=54.9714 3.63234 1.86793 2.05338 1.67442 2.89647 2.24297 3.2976 2.1078 2.46716 1.55135 3.55279 3.73875 2.7441 2.35111 1.43309 2.61557 2.67905 2.99619 2.5763 2.81019 1.56232 1.55909 1.42069 1.71634 4.21543 3.3219 2.17403 1.48216 1.60714
threshold=4.9680000000000009 0.46945916666666671 17.944000000000003 0.77953937600200063 40.500000000000007 0.0562239500524317 9.5000000000000018 0.0562239500524317 4.0559615306853534 15.821806666666669 5.671792100550527 0.49787905593222243 19.500000000000004 0.42812000000000006 0.38530112583369275 0.89009466449847252 25.500000000000004 11.683000000000002 10.639100000000001 33.500000000000007 4.5000000000000009 0.02074882172818213 0.02319078223187063 0.45206416666666677 10.971200000000001 202.85000000000005 10.638650000000002 11.325050000000003 -0.6657500000000004 12.500000000000002
decision_type=2 2 2 2 2 2 2 2 2 2 2 2 2 2 2 2 2 2 2 2 2 2 2 2 2 2 2 2 2 2
left_child=-1 2 3 23 6 -6 7 -5 9 15 11 12 13 -10 -14 16 -8 18 19 20 22 -22 -18 24 -2 26 -26 -28 29 -27
right_child=1 -3 -4 4 5 -7 8 -9 10 -11 -12 -13 14 -15 -16 -17 17 -19 -20 -21 21 -23 -24 -25 25 28 27 -29 -30 -31
leaf_value=-0.10278865931299848 -0.014599965103346924 -0.0002787032421249743 -0.04868092799623578 0.0014445823325584496 -0.0057544100103482741 -0.037538249725693723 -0.0063132989257437475 -0.045616124148917116 0.2149887278158093 0.40737088749958345 0.0057454471421584819 0.010389441688548591 0.18159703965609819 0.14657066980148512 0.46014561935569526 -0.015667120343890527 0.07101174506233697 -0.032944858341609463 0.046598617443921429 -0.0030147409550161444 0.06190292623829674 -0.016027093972728401 0.026829034634242771 -0.031575332206165249 -0.0083526009316209817 0.050880126133499889 0.01652348012366767 0.053897052532560309 -0.011258400389269896 0.0056208598933684311
leaf_weight=8026 3711 23171 1170 1189 2222 1011 271 684 20 24 1149 237 20 92 25 3013 35 52 29 94 20 46 20 962 75 20 89 48 776 70
leaf_count=8026 3711 23171 1170 1189 2222 1011 271 684 20 24 1149 237 20 92 25 3013 35 52 29 94 20 46 20 962 75 20 89 48 776 70
internal_value=-0.0019534 -0.000750529 -0.00163224 -0.00140665 -0.000727984 -0.00223446 -3.41899e-05 -0.0024047 0.000828442 -0.000230857 0.00330266 0.00763452 0.0169682 0.00914286 0.0364444 -0.000402237 0.00328748 0.00848648 0.012 0.00874418 0.0164628 0.00533333 0.0298182 -0.00261659 -0.00205304 0.000756955 0.0108679 0.0182774 -0.00171825 0.008
internal_weight=48371 40345 17174 16004 10253 3233 7020 1873 5147 3604 1543 394 157 112 45 3580 567 296 244 215 121 66 55 5751 4789 1078 212 137 866 90
internal_count=48371 40345 17174 16004 10253 3233 7020 1873 5147 3604 1543 394 157 112 45 3580 567 296 244 215 121 66 55 5751 4789 1078 212 137 866 90
is_linear=0
shrinkage=0.08


Tree=61
num_leaves=31
num_cat=0
split_feature=26 41 6 6 41 43 3 1 34 10 43 41 7 20 4 42 44 12 3 13 7 41 10 40 5 11 1 28 40 11
split_gain=55.0909 3.47409 1.71575 3.21107 1.79317 2.29634 1.93976 2.27658 2.0907 1.72236 1.53669 1.52505 1.68588 1.48483 1.97777 3.2796 3.18462 1.64333 1.58626 1.78085 2.05662 1.84071 2.04286 1.84464 1.79104 1.76547 1.82427 1.74548 2.39158 1.69035
threshold=4.9689000000000005 0.46945916666666671 2.5000000000000004 11.500000000000002 0.39404250000000002 0.041800000000000039 153.95000000000002 2745077.9000000008 9.7774500000000018 6.8571133333333352 0.075299999999999992 0.41656833333333337 2.0000000000000004 12.367900000000002 1470.1900000000003 0.02098516963539291 21.830117092441288 10.23811166666667 214.25000000000003 2.2212646886716985 5.5000000000000009 0.43400333333333335 10.345050000000002 0.023580151054441355 23.500000000000004 0.49978466858495985 2509174.5500000003 10.886000000000001 0.019787688571839501 6.5210041073070242
decision_type=2 2 2 2 2 2 2 2 2 2 2 2 2 2 2 2 2 2 2 2 2 2 2 2 2 2 2 2 2 2
left_child=-1 2 9 4 5 -4 -6 8 -8 -2 -5 12 -9 14 15 16 -10 -16 19 21 29 22 -19 24 25 26 -23 28 -24 -21
right_child=1 -3 3 10 6 -7 7 11 13 -11 -12 -13 -14 -15 17 -17 -18 18 -20 20 -22 23 27 -25 -26 -27 -28 -29 -30 -31
leaf_value=-0.094833578831540644 0.0044247096490349445 -0.00025640698275492283 0.011726126994246773 -0.018482354958665282 -0.04474673858112211 0.045152718091939915 -0.0049558141930919489 0.28597919541291933 0.065769226574410644 -0.027234462305327091 0.069450292184380175 -0.011482595520427873 -0.033350256288285682 0.056086260144331136 -0.018497848963464389 0.024184905526766408 0.0088577545171474956 0.17948646925816517 -0.019377871613704915 -0.029121318511948033 0.32408981911891255 0.072472276484626688 0.028312461600762843 0.35304045838823855 -0.026989866620267415 0.026313232614516582 0.029044765694796401 -0.0051517153991666896 -0.0027863870128473477 0.031329969959044392
leaf_weight=8026 446 23171 400 4660 1014 38 2002 26 29 3707 57 2315 41 235 409 382 74 23 313 352 77 29 84 25 41 43 33 187 112 20
leaf_count=8026 446 23171 400 4660 1014 38 2002 26 29 3707 57 2315 41 235 409 382 74 23 313 352 77 29 84 25 41 43 33 187 112 20
internal_value=-0.00193686 -0.000732683 -0.00159497 -0.00114339 -0.000196534 0.00478539 -0.00047394 9.33843e-06 0.00107382 -0.00301084 -0.00281026 -0.00198825 0.00991045 0.00263209 0.00199552 0.00651546 0.0191845 0.000741417 0.00209709 0.00361793 -0.000160358 0.00655806 0.00362561 0.0135205 0.0100822 0.015619 0.0242581 0.00223499 0.0075102 -0.00262366
internal_weight=48371 40345 17174 13021 8304 438 7866 6852 4470 4153 4717 2382 67 2468 2233 485 103 1748 1339 1026 449 577 406 171 146 105 62 383 196 372
internal_count=48371 40345 17174 13021 8304 438 7866 6852 4470 4153 4717 2382 67 2468 2233 485 103 1748 1339 1026 449 577 406 171 146 105 62 383 196 372
is_linear=0
shrinkage=0.08


Tree=62
num_leaves=31
num_cat=0
split_feature=26 18 6 6 10 13 40 9 9 42 44 42 40 9 12 6 40 11 10 24 13 42 1 22 24 39 10 7 32 6
split_gain=55.4226 3.28406 1.93341 2.6575 2.81702 3.22895 2.55 1.46058 2.09343 2.74781 2.59243 3.12957 2.34306 2.25556 2.10712 2.03559 1.91868 3.27618 2.65951 1.87462 1.3529 2.08256 1.96778 2.33684 1.62401 1.46764 1.41259 1.41137 1.65245 1.44964
threshold=4.9689000000000005 13.995850000000003 18.500000000000004 3.5000000000000004 8.2085233333333338 0.49177399247949888 0.018187693378988977 11.500000000000002 30.500000000000004 0.040383939091260708 19.211550552405043 0.072574559521349835 0.019477150226619583 20.500000000000004 10.23811166666667 1.0000000180025095e-35 0.02306818361163308 0.60447627447902363 6.6495733333333336 7.4613500000000004 1.8264497694241633 0.043261909238919073 2529083.1500000004 10.568100000000001 8.9556000000000022 0.41963666666666671 7.0815633333333343 2.0000000000000004 11.584050000000001 22.500000000000004
decision_type=2 2 2 2 2 2 2 2 2 2 2 2 2 2 2 2 2 2 2 2 2 2 2 2 2 2 2 2 2 2
left_child=-1 2 3 4 5 6 -2 -7 9 13 11 -11 -13 -9 -10 -15 17 18 -17 -14 22 27 23 26 -23 -25 -4 28 -22 -29
right_child=1 -3 20 -5 -6 7 -8 8 14 10 -12 12 19 15 -16 16 -18 -19 -20 -21 21 24 -24 25 -26 -27 -28 29 -30 -31
leaf_value=-0.087246892525017397 -0.087461150313295058 -3.8438141363105372e-05 0.02359633272372692 -0.00068136643618034107 -0.028762146130867205 -0.044931224725591433 0.39522517157223475 -0.038461294275866094 -0.00050520510425992459 0.3131695615906091 0.0071642371638738237 -0.057942230735421221 0.026592428824358926 -0.040520219349484972 -0.10575871040237489 0.021371251668306123 -0.0030545825669367668 0.10954904806372567 -0.027187397338572672 0.069850262209925018 0.50214266482765102 -0.047295559856527787 -0.039328383643446978 0.29024446261839632 -0.0098102763698583416 0.0031398163941673734 -0.021088370474587864 -0.020868175395940294 -0.18668268640326427 0.22404357686773899
leaf_weight=8026 20 20700 24 9452 2362 673 34 278 861 25 107 39 41 82 298 31 93 43 64 29 52 545 1069 20 1156 408 1384 353 23 79
leaf_count=8026 20 20700 24 9452 2362 673 34 278 861 25 107 39 41 82 298 31 93 43 64 29 52 545 1069 20 1156 408 1384 353 23 79
internal_value=-0.00191867 -0.000710871 -0.00145177 -0.000981009 -0.00245669 -0.000700517 0.0186667 -0.0010931 -4.01999e-06 0.00305769 0.0102573 0.0176716 0.0118165 0.000121826 -0.0022019 0.00477955 0.00862337 0.0146087 0.00631579 0.0205714 -0.00278975 -0.0012971 -0.00392427 -0.00233551 -0.00263845 0.00284112 -0.00390909 0.00320315 0.0133333 0.00144444
internal_weight=48371 40345 19645 14532 5080 2718 54 2664 1991 832 241 134 109 591 1159 313 231 138 95 70 5113 2208 2905 1836 1701 428 1408 507 75 432
internal_count=48371 40345 19645 14532 5080 2718 54 2664 1991 832 241 134 109 591 1159 313 231 138 95 70 5113 2208 2905 1836 1701 428 1408 507 75 432
is_linear=0
shrinkage=0.08


Tree=63
num_leaves=31
num_cat=0
split_feature=26 41 36 0 6 6 1 12 6 42 13 20 42 5 41 1 41 10 34 42 26 42 43 32 13 13 11 11 12 42
split_gain=55.4226 3.31393 1.74643 1.6831 1.6934 1.74929 2.11066 2.39842 1.88891 3.09693 3.85082 1.94161 1.80097 1.56942 1.97312 2.05883 2.2205 1.81474 1.79244 2.25309 2.53069 2.21584 1.64567 1.60703 1.98241 4.43484 2.01324 1.53245 1.56939 1.52701
threshold=4.9689000000000005 0.46945916666666671 18.664000000000005 0.5615500000000001 11.500000000000002 3.5000000000000004 2745077.9000000008 9.4343108333333365 8.5000000000000018 0.021071166706701106 0.60889712122210471 22.343950000000003 0.032625328685853071 19.500000000000004 0.42384333333333341 2509174.5500000003 0.43600083333333339 12.08121 9.7774500000000018 0.021011832555242495 9.7845500000000012 0.027112062530317785 -0.047299999999999974 11.403600000000003 0.60889712122210471 1.0722616377009897 0.46181713171099126 0.25301891152941852 8.6205700000000025 0.021970741072156682
decision_type=2 2 2 2 2 2 2 2 2 2 2 2 2 2 2 2 2 2 2 2 2 2 2 2 2 2 2 2 2 2
left_child=-1 2 3 4 5 27 12 -8 11 10 -10 -9 13 18 -15 16 23 -17 21 20 -20 22 -7 24 29 -26 -27 -2 -29 -16
right_child=1 -3 -4 -5 -6 6 7 8 9 -11 -12 -13 -14 14 15 17 -18 -19 19 -21 -22 -23 -24 -25 25 26 -28 28 -30 -31
leaf_value=-0.080267141123015973 0.040482280943291142 -0.00022040818410748786 -0.044130081017324081 0.0056365307242090545 -0.017261769423580021 0.057578286135436106 0.23788254511120946 -0.019158891971723102 0.828356387940687 -0.0078287044737829718 0.0096576760329683663 0.093371830814682866 -0.012585165179101241 -0.0093610254205512486 -0.002274571512053348 -0.0091560016663615167 0.063340675297347923 0.020656750392033848 0.063764221151761127 0.021495280472349367 0.0061973253889850586 0.26810003103827201 0.0037351700376202141 -0.0039369169938168131 0.054587089974418274 0.3738047023213602 -0.038229421394376788 -0.0011045095673279616 -0.02438055328314748 0.025399265824662041
leaf_weight=8026 20 23171 1128 608 4250 27 23 1460 20 267 38 24 1801 923 117 456 40 153 36 64 31 22 472 63 32 45 40 1927 3043 44
leaf_count=8026 20 23171 1128 608 4250 27 23 1460 20 267 38 24 1801 923 117 456 40 153 36 64 31 22 472 63 32 45 40 1927 3043 44
internal_value=-0.00191867 -0.000710871 -0.00155305 -0.00133915 -0.00150175 -0.000985343 -8.77722e-05 -0.00236681 -0.0026932 0.00283077 0.0195862 -0.00390297 0.000868528 0.00223002 0.00107475 0.00355555 0.00816798 0.000669949 0.00561963 0.0139847 0.0242388 0.00351631 0.00242084 0.00607624 0.00869065 0.0166154 0.00705882 -0.0021002 -0.00218914 0.00293168
internal_weight=48371 40345 17174 16046 15438 11188 6198 1832 1809 325 58 1484 4366 2565 1913 990 381 609 652 131 67 521 499 341 278 117 85 4990 4970 161
internal_count=48371 40345 17174 16046 15438 11188 6198 1832 1809 325 58 1484 4366 2565 1913 990 381 609 652 131 67 521 499 341 278 117 85 4990 4970 161
is_linear=0
shrinkage=0.08


Tree=64
num_leaves=31
num_cat=0
split_feature=26 18 41 10 0 3 13 28 13 9 9 32 5 41 36 3 26 26 28 43 20 18 26 44 18 6 38 6 13 11
split_gain=55.4814 3.13357 3.5599 1.62804 1.86635 1.72337 1.97454 1.98915 1.95402 1.56813 3.51247 1.50501 1.5043 1.71539 2.22303 2.16368 2.08036 2.02253 1.67483 1.53666 2.11853 1.43736 1.59054 1.36353 1.50439 1.32237 1.30981 1.34353 1.29534 2.13532
threshold=4.9689000000000005 8.6166000000000018 0.42812000000000006 14.334923333333334 0.55505000000000015 214.25000000000003 1.3167850402770935 13.179900000000002 0.50474171471130702 25.500000000000004 11.500000000000002 17.472300000000004 31.500000000000004 0.49772583333333342 17.193750000000005 531.60000000000014 13.181550000000003 12.836950000000002 17.005400000000005 -0.077950000000000005 16.002500000000005 11.417650000000002 14.945650000000002 18.420791694545631 7.2322500000000014 1.0000000180025095e-35 1.9619000000000002 18.500000000000004 3.979183668941126 3.280512383687006
decision_type=2 2 2 2 2 2 2 2 2 2 2 2 2 2 2 2 2 2 2 2 2 2 2 2 2 2 2 2 2 2
left_child=-1 2 -2 4 5 8 26 -8 -3 10 -4 -9 18 14 -14 -16 17 -15 19 20 -5 -10 -23 24 -12 -18 27 -7 29 -21
right_child=1 3 9 12 -6 6 7 11 21 -11 23 -13 13 16 15 -17 25 -19 -20 28 -22 22 -24 -25 -26 -27 -28 -29 -30 -31
leaf_value=-0.073845769833174729 -0.0065118194683108071 -0.013248003596035797 -0.07219962867559436 -0.0090772667866109678 0.022238896579284503 -0.011971819578013382 -0.020801713210357904 0.0088229353649840001 -0.0016408543605426296 -0.063990098351536767 0.089699079678958016 0.31886256185893885 -0.0030811009320477214 0.010105649814174601 -0.070066021822391883 0.085253073676298571 0.022085884320794474 0.03578157944437977 -0.0080233664641705012 0.005711820057521748 0.3009862598688533 0.011741870638088531 0.29444746074276001 0.0029737933776805294 0.011590998743587121 0.00034047406997167787 0.52842737569915532 -0.038441818551706232 -0.0026741934669833275 0.21277987076459412
leaf_weight=8026 3806 1245 522 21 429 1761 2014 1233 5368 1020 27 29 4658 41 629 20 60 33 1165 3010 20 726 38 302 57 10010 25 956 799 321
leaf_count=8026 3806 1245 522 21 429 1761 2014 1233 5368 1020 27 29 4658 41 629 20 60 33 1165 3010 20 726 38 302 57 10010 25 956 799 321
internal_value=-0.00189552 -0.000687076 -0.00241926 -0.000400106 -0.00107292 -0.00123927 -0.00224394 -0.000918195 -0.000419685 -0.00521992 -0.00280176 0.00157211 4.73354e-05 -0.0003526 -0.001518 -0.00590447 0.000257096 0.0136216 0.0012054 0.00195445 0.0173659 0.000166991 0.00341361 0.00298445 0.012 0.000158886 -0.00382786 -0.00399559 0.00180145 0.00249534
internal_weight=48371 40345 5734 34611 13824 13395 6018 3276 7377 1928 908 1262 20787 15451 5307 649 10144 74 5336 4171 41 6132 764 386 84 10070 2742 2717 4130 3331
internal_count=48371 40345 5734 34611 13824 13395 6018 3276 7377 1928 908 1262 20787 15451 5307 649 10144 74 5336 4171 41 6132 764 386 84 10070 2742 2717 4130 3331
is_linear=0
shrinkage=0.08


Tree=65
num_leaves=31
num_cat=0
split_feature=28 12 13 12 6 9 9 10 40 9 10 13 11 20 1 13 5 30 38 40 10 6 32 22 39 10 11 7 30 30
split_gain=55.874 2.99412 1.54242 3.43871 2.34373 2.30721 2.71628 2.36144 3.17305 4.27433 2.40267 2.02673 3.55817 1.51659 2.08709 1.48471 1.76913 2.32712 1.54955 1.42464 1.38871 1.32363 1.67705 1.28326 1.28539 2.43844 1.82441 1.41224 1.25418 1.23544
threshold=4.9691500000000008 14.845556666666669 5.1070786871261822 12.441406666666667 18.500000000000004 31.500000000000004 10.500000000000002 7.7276300000000004 0.021224452429210717 16.500000000000004 7.3958433333333344 4.2943280177307139 0.5851922126765644 12.453450000000002 2628584.2000000007 1.8997136016737308 23.500000000000004 10.633850000000001 -1.0527499999999994 0.020974996452684292 7.0815633333333343 2.5000000000000004 7.8523500000000004 22.346750000000004 0.38848333333333346 7.0815633333333343 0.52069317178382291 5.5000000000000009 10.158600000000002 8.7767000000000017
decision_type=2 2 2 2 2 2 2 2 2 2 2 2 2 2 2 2 2 2 2 2 2 2 2 2 2 2 2 2 2 2
left_child=-1 2 4 5 11 6 -4 8 -8 10 -10 21 -13 14 -14 16 17 20 -19 29 -6 22 -2 24 25 27 -27 -23 -18 -17
right_child=1 -3 3 -5 15 -7 7 -9 9 -11 -12 12 13 -15 -16 19 28 18 -20 -21 -22 23 -24 -25 -26 26 -28 -29 -30 -31
leaf_value=-0.068690093402187027 0.0005206828838336578 3.9662119565091627e-05 -0.060722677513905435 -0.0001069658923953786 0.023610513217180103 -0.056550033933373232 -0.0007234614879093915 -0.0059876793377573205 -0.19756596179464855 0.072467507094325964 0.16963413268927269 0.42034154081165037 0.043667763076168438 -0.015103883102233128 0.23198440720701805 -0.079069827233361825 0.78620907741326251 0.024364762567923703 0.0029627811644348102 -0.070978410576138282 -0.019799754996492194 -0.01982262354460082 -0.020952659048494381 0.23262942792969926 -0.0010788180969977794 0.0020924873695796885 0.051124777262704486 0.02027086050107119 -0.036350140958368755 0.17431253635519273
leaf_weight=8026 1307 20709 495 1964 24 1264 124 694 33 22 28 20 48 83 21 47 24 32 505 979 1406 130 1706 39 7271 42 52 21 1062 193
leaf_count=8026 1307 20709 495 1964 24 1264 124 694 33 22 28 20 48 83 21 47 24 32 505 979 1406 130 1706 39 7271 42 52 21 1062 193
internal_value=-0.00186409 -0.000651384 -0.00135914 -0.00263668 -0.000965629 -0.00451128 -0.00226934 0.00034628 0.00784541 0.0199518 0.00904918 -0.000335197 0.00827907 0.00410526 0.0128696 -0.00255056 -0.00349296 -0.00206203 0.0024283 -0.000190322 -0.00374825 -0.000475399 -0.00189313 9.00047e-05 1.48996e-05 0.00571428 0.0158298 -0.000582783 -0.00608472 0.00533333
internal_weight=48371 40345 19636 4624 15012 2660 1396 901 207 83 61 10740 172 152 69 4272 3053 1967 537 1219 1430 10568 3013 7555 7516 245 94 151 1086 240
internal_count=48371 40345 19636 4624 15012 2660 1396 901 207 83 61 10740 172 152 69 4272 3053 1967 537 1219 1430 10568 3013 7555 7516 245 94 151 1086 240
is_linear=0
shrinkage=0.08


Tree=66
num_leaves=31
num_cat=0
split_feature=28 41 13 18 30 6 6 10 42 13 9 13 41 13 6 1 11 41 10 9 36 9 6 41 20 1 42 12 4 3
split_gain=55.9953 2.92641 1.91432 1.7809 1.49028 1.38869 1.74746 2.19427 2.51864 1.56691 3.80952 1.26467 1.4093 5.42452 1.43523 1.58053 2.18018 2.53656 2.97085 1.71196 2.25136 2.97695 2.63797 2.29351 1.38186 1.35848 1.42178 1.78741 1.28896 1.22905
threshold=4.9691500000000008 0.49015416666666672 6.674867710122709 28.948600000000003 12.759250000000002 18.500000000000004 3.5000000000000004 6.6495733333333336 0.020690359118154204 0.89009466449847252 30.500000000000004 6.5056419458293204 0.42133250000000005 4.0559615306853534 6.5000000000000009 2268351.1500000004 0.40919718054701676 0.45599750000000006 10.606680000000001 6.5000000000000009 14.156150000000002 2.5000000000000004 10.500000000000002 0.4391283333333334 11.070200000000002 2569495.8000000003 0.029439384891088955 10.23811166666667 3493.4750000000004 198.05000000000004
decision_type=2 2 2 2 2 2 2 2 2 2 2 2 2 2 2 2 2 2 2 2 2 2 2 2 2 2 2 2 2 2
left_child=-1 2 5 -4 -3 6 7 8 9 10 -2 12 13 -8 25 16 -16 -18 -19 20 23 -22 -23 24 -17 26 27 -14 -13 -29
right_child=1 4 3 -5 -6 -7 11 -9 -10 -11 -12 28 14 -15 15 19 17 18 -20 -21 21 22 -24 -25 -26 -27 -28 29 -30 -31
leaf_value=-0.063194885930012032 0.047265201742458664 -0.013538182180257078 -0.019754095889068506 0.078441385053586374 0.00080516918843844974 -0.011508197861344561 0.0039645181898581702 -0.013977681069018651 -0.0016425215497094068 0.008441953148036082 0.0046231155719519256 0.018157246602880765 -0.014066877465836214 0.38954272394881573 -0.019239812300364031 0.0033266589766732758 -0.01000009486431354 0.30229146929395651 0.04180889282506297 -0.002636393873273097 -0.0080652318167245916 0.048539685140811195 0.66269968928330703 -0.011836344646141242 0.58625742267423209 -0.022649148190456329 -0.021110154947592243 0.038361433565643151 0.033406016974472798 0.0037908930846874684
leaf_weight=8026 20 832 1802 20 17200 5704 1682 4908 236 58 28 130 181 35 46 22 23 29 23 4654 69 69 32 377 25 753 1003 144 29 211
leaf_count=8026 20 832 1802 20 17200 5704 1682 4908 236 58 28 130 181 35 46 22 23 29 23 4654 69 69 32 377 25 753 1003 144 29 211
internal_value=-0.00185748 -0.000643452 -0.00125595 -0.00374095 0.000114461 -0.00103499 -0.000625957 -0.0017981 0.00439766 0.0146415 0.0253333 1.92914e-05 -0.000100663 0.00197088 -0.000564941 0.000150492 0.00919008 0.0176 0.0273846 -5.79287e-05 0.00398653 0.0117647 0.0205148 0.000867923 0.0175319 -0.00224084 -0.000878494 0.00244776 0.00709434 0.00574648
internal_weight=48371 40345 22313 1822 18032 20491 14787 5250 342 106 48 9537 9378 1717 7661 5369 121 75 52 5248 594 170 101 424 47 2292 1539 536 159 355
internal_count=48371 40345 22313 1822 18032 20491 14787 5250 342 106 48 9537 9378 1717 7661 5369 121 75 52 5248 594 170 101 424 47 2292 1539 536 159 355
is_linear=0
shrinkage=0.08


Tree=67
num_leaves=31
num_cat=0
split_feature=28 12 36 6 22 22 6 30 0 13 13 6 9 9 7 38 18 18 3 36 36 10 39 10 41 38 13 39 12 10
split_gain=55.9035 2.87368 1.57238 1.78405 1.51386 1.35219 1.33314 1.85587 1.56092 1.53954 2.4397 2.77316 1.86067 3.86821 1.72549 1.46667 1.32813 1.66331 1.22389 1.18916 1.14281 1.12065 2.47742 1.53466 1.19327 1.10461 1.09286 1.99986 2.62765 2.58626
threshold=4.9691500000000008 14.383881666666669 18.664000000000005 4.5000000000000009 19.954650000000004 20.796550000000003 18.500000000000004 12.091300000000002 0.5978500000000001 5.1070786871261822 4.2943280177307139 3.5000000000000004 9.5000000000000018 23.500000000000004 4.5000000000000009 0.40880000000000033 18.681450000000002 8.669450000000003 239.35000000000005 8.6097500000000018 8.8335000000000026 8.6985233333333358 0.40059666666666677 7.0815633333333343 0.4185166666666667 -0.21684999999999996 0.77953937600200063 0.39180666666666675 8.5406233333333343 7.6543300000000007
decision_type=2 2 2 2 2 2 2 2 2 2 2 2 2 2 2 2 2 2 2 2 2 2 2 2 2 2 2 2 2 2
left_child=-1 2 4 -4 6 -6 9 8 21 10 26 -12 -11 -14 15 -13 17 -5 25 -15 -9 23 -23 -8 -24 -3 -2 28 -28 -30
right_child=1 18 3 16 5 -7 7 20 -10 12 11 14 13 19 -16 -17 -18 -19 -20 -21 -22 22 24 -25 -26 -27 27 -29 29 -31
leaf_value=-0.058139295055611058 -0.0058674272477705295 0.0010061602922936219 -0.096481023993005066 -0.020664273383831703 0.10188204696118555 0.0051752147618771187 0.022642327988713209 0.11328375292724173 0.50128196409162007 -0.035273440398850914 -0.022918403486043296 -0.0061406355946235979 0.019005844048485269 -0.057640436753746693 0.31636628486828616 0.36438259620274738 -0.089691345028295635 0.015093269048068625 0.00043038112399248514 -0.0030487939446289147 -0.03866618067820763 0.27725565327385399 -0.027816372804035573 -0.040945091013619039 -0.0041546107955960435 -0.017267040856180294 0.0069949124311783854 -0.0039933076572748636 0.50813382270007179 0.14531131431798849
leaf_weight=8026 4409 893 496 124 62 549 24 25 24 570 44 24 695 541 24 20 252 382 19888 327 903 21 260 722 2626 1069 692 4593 21 65
leaf_count=8026 4409 893 496 124 62 549 24 25 24 570 44 24 695 541 24 20 252 382 19888 327 903 21 260 722 2626 1069 692 4593 21 65
internal_value=-0.00185252 -0.000639486 -0.00137335 -0.00410845 -0.00117441 0.0027365 -0.0013181 -0.00247557 -0.00166875 -0.000874846 -0.000454511 0.0112857 -0.00282419 -0.00139731 0.0214118 0.012 -0.00166755 0.00069565 -1.83085e-05 -0.00495853 -0.00567242 -0.00180236 -0.00109254 -0.00456837 -0.00129176 -0.00192457 -0.000588959 0.000177246 0.00392802 0.0171163
internal_weight=48371 40345 18495 1254 17241 611 16630 4605 3677 12025 9892 112 2133 1563 68 44 758 506 21850 868 928 3653 2907 746 2886 1962 9780 5371 778 86
internal_count=48371 40345 18495 1254 17241 611 16630 4605 3677 12025 9892 112 2133 1563 68 44 758 506 21850 868 928 3653 2907 746 2886 1962 9780 5371 778 86
is_linear=0
shrinkage=0.08


Tree=68
num_leaves=31
num_cat=0
split_feature=30 3 41 38 39 10 40 18 42 10 13 13 9 39 41 11 11 43 41 3 26 13 5 9 22 20 11 1 34 18
split_gain=55.0243 3.10882 4.24224 1.68189 1.30041 1.72941 2.14618 1.46107 1.23038 1.21554 1.51852 1.19042 1.08243 1.07987 1.55924 1.12457 1.05395 1.7847 1.0638 1.35977 1.87567 1.5594 1.77338 1.74558 2.21115 1.44742 1.97271 1.35652 1.33021 1.74638
threshold=4.9698000000000002 157.25000000000003 0.42812000000000006 0.08724999999999962 0.38848333333333346 7.3958433333333344 0.024504796419650608 7.8531000000000004 0.018410388977887642 13.60668666666667 0.65327450332132697 6.9692004767259048 54.500000000000007 0.49652333333333343 0.49178916666666672 0.56464856455053802 6.7122291116726354 0.014949999999999993 0.49069416666666671 212.55000000000004 10.638650000000002 0.99152990369293548 22.500000000000004 19.500000000000004 11.845700000000003 10.644400000000003 0.55525705188448848 2099444.8000000003 16.230350000000005 17.303800000000003
decision_type=2 2 2 2 2 2 2 2 2 2 2 2 2 2 2 2 2 2 2 2 2 2 2 2 2 2 2 2 2 2
left_child=-1 2 4 16 5 8 7 -7 -2 10 -5 12 -12 15 -15 -11 18 -18 19 20 27 22 25 24 -24 26 -22 -3 29 -20
right_child=1 3 -4 9 -6 6 -8 -9 -10 13 11 -13 -14 14 -16 -17 17 -19 28 -21 21 -23 23 -25 -26 -27 -28 -29 -30 -31
leaf_value=-0.054020144533648423 0.017184483166635484 0.00398581366174085 -0.047568544364580523 -0.015869511333966399 -0.015048859228223115 -0.0084676449270816006 0.038775614104437146 0.14335018013486836 -0.0001598309757191033 -0.003556270652226811 -0.00030319243015862897 -0.013590849948454086 -0.032212445316329615 -0.017929291186079343 -0.002204492209754006 0.0089732847102339842 0.0024636697489239415 0.012726961888848349 0.0041564185032640427 -0.0084037723792543921 -0.0027279122508187294 0.0057074939277370089 -0.0020437960585040723 -0.0069880415771242065 0.055912697616853198 0.0227165617057031 0.030983434308398596 -0.011029551039468167 -0.00059894421856203351 0.037861316009231573
leaf_weight=8026 20 1361 1775 1957 2410 62 21 32 897 2126 3367 548 346 728 5207 1926 700 196 3529 4474 96 940 34 154 25 170 38 1358 5472 376
leaf_count=8026 20 1361 1775 1957 2410 62 21 32 897 2126 3367 548 346 728 5207 1926 700 196 3529 4474 96 940 34 154 25 170 38 1358 5472 376
internal_value=-0.00186079 -0.000657332 -0.00247959 -0.000386702 -0.000841373 0.00153488 0.0107826 0.00561702 0.000375134 -0.000984883 -0.00186298 -0.00101573 -0.000502022 -0.000438172 -0.00112553 0.000568606 0.00012556 0.00280357 -7.54615e-06 -0.000647401 0.000390803 0.00270693 0.00623597 0.000638496 0.012339 0.0101579 0.0039403 -0.000850315 0.0005827 0.00171063
internal_weight=48371 40345 5217 35128 3442 1032 115 94 917 16205 6218 4261 3713 9987 5935 4052 18923 896 18027 8650 4176 1457 517 213 59 304 134 2719 9377 3905
internal_count=48371 40345 5217 35128 3442 1032 115 94 917 16205 6218 4261 3713 9987 5935 4052 18923 896 18027 8650 4176 1457 517 213 59 304 134 2719 9377 3905
is_linear=0
shrinkage=0.08


Tree=69
num_leaves=31
num_cat=0
split_feature=30 18 42 13 9 9 44 40 1 42 12 7 9 9 6 6 41 40 11 5 32 40 38 34 10 26 11 9 9 42
split_gain=54.4194 2.72893 3.49447 1.98007 1.80755 4.28618 1.6237 1.96337 1.38373 1.89586 1.99848 3.17553 1.85204 1.33258 1.26141 2.19661 3.23522 3.79233 1.92877 1.86894 1.62559 1.36769 1.31888 1.26406 1.13343 1.11168 1.8392 1.80187 2.09924 1.89488
threshold=4.9698000000000002 8.5066000000000024 0.061200075291315222 4.2943280177307139 23.500000000000004 11.500000000000002 19.211550552405043 0.019382139544556271 6690113.1000000006 0.0937474758979671 18.830106666666669 4.5000000000000009 26.500000000000004 17.500000000000004 4.5000000000000009 14.500000000000002 0.41656833333333337 0.027383131719235242 0.47808471661543223 19.500000000000004 10.719000000000003 0.015268816650458995 -0.3973000000000006 13.174300000000002 16.034303333333337 16.265750000000001 0.36156568485611434 31.500000000000004 8.5000000000000018 0.021591944216633189
decision_type=2 2 2 2 2 2 2 2 2 2 2 2 2 2 2 2 2 2 2 2 2 2 2 2 2 2 2 2 2 2
left_child=-1 2 3 -2 5 -4 7 -7 14 -10 11 12 -11 -9 24 16 17 18 19 -16 21 -20 -18 -24 -3 26 27 28 -25 -30
right_child=1 8 4 -5 -6 6 -8 13 9 10 -12 -13 -14 -15 15 -17 22 -19 20 -21 -22 -23 23 25 -26 -27 -28 -29 29 -31
leaf_value=-0.049698532970956534 -0.0052651972912143886 -0.00517185467380609 -0.059899318022456391 0.28631398817235448 -0.053295736490034815 -0.013188542973499081 -0.00065085330749822898 0.055568398987136697 0.00059584251240848789 0.028524748095985677 -0.0033549249293202514 0.064021861955603165 -0.018889500388576369 0.04402939621765161 0.40794250902306289 -0.0044476151593760335 0.0051237422406259989 0.23581306929982987 0.11317417347760332 0.0074322472610180296 0.03296216725896095 -0.0081540427895324379 -0.0049678083712976365 -0.0017681735861522943 -0.02443976817375949 -0.0018250398919541846 0.0036146789433310366 4.0443807696282922e-05 0.025210579288570505 0.068582327659197265
leaf_weight=8026 3474 4151 496 33 1000 51 205 68 266 28 43 22 21 25 21 12570 4754 32 20 32 20 187 3609 52 447 5093 3387 126 31 81
leaf_count=8026 3474 4151 496 33 1000 51 205 68 266 28 43 22 21 25 21 12570 4754 32 20 32 20 187 3609 52 447 5093 3387 126 31 81
internal_value=-0.00183432 -0.000637503 -0.00231988 -0.000837185 -0.00513821 -0.0024142 0.00437822 0.0108889 -0.000380192 0.00442105 0.0130526 0.0212958 0.00995918 0.0178064 -0.000432903 -0.00024388 0.000337057 0.00841025 0.00542857 0.0191698 0.00222026 0.00011594 0.000190041 -0.000244933 -0.00166681 0.000273658 0.00133369 0.00744827 0.0129756 0.0191429
internal_weight=48371 40345 5352 3507 1845 845 349 144 34993 380 114 71 49 93 34613 30015 17445 312 280 53 227 207 17133 12379 4598 8770 3677 290 164 112
internal_count=48371 40345 5352 3507 1845 845 349 144 34993 380 114 71 49 93 34613 30015 17445 312 280 53 227 207 17133 12379 4598 8770 3677 290 164 112
is_linear=0
shrinkage=0.08


Tree=70
num_leaves=31
num_cat=0
split_feature=30 3 12 10 38 13 44 41 3 22 12 38 5 1 42 12 13 36 36 9 30 30 9 43 20 24 39 12 18 36
split_gain=52.8357 2.8808 3.95138 1.57508 1.46903 1.36512 1.60634 2.42651 2.43286 1.34192 1.30525 1.5254 1.25268 1.35444 1.70053 2.06281 1.52001 1.99419 1.47625 1.38759 1.32188 1.9228 1.90038 1.30809 1.67828 1.22826 1.30435 3.66445 1.18898 1.27045
threshold=4.9698000000000002 153.95000000000002 10.597188333333335 14.334923333333334 1.1278500000000007 0.65327450332132697 26.246591964004867 0.43600083333333339 202.85000000000005 11.412650000000001 11.278151666666668 -0.35895000000000093 31.500000000000004 6690113.1000000006 0.0937474758979671 16.748720833333337 6.0754920121281284 18.664000000000005 13.363850000000001 20.500000000000004 16.571000000000002 15.997750000000002 57.500000000000007 -0.077950000000000005 16.071450000000002 18.204950000000004 0.52548000000000017 18.830106666666669 15.123500000000002 16.128900000000005
decision_type=2 2 2 2 2 2 2 2 2 2 2 2 2 2 2 2 2 2 2 2 2 2 2 2 2 2 2 2 2 2
left_child=-1 2 4 5 -2 6 7 -3 9 10 11 -9 20 16 -15 -16 25 -18 -17 -20 21 23 -23 24 -5 28 27 -27 29 -14
right_child=1 3 -4 12 -6 -7 -8 8 -10 -11 -12 -13 13 14 15 18 17 -19 19 -21 -22 22 -24 -25 -26 26 -28 -29 -30 -31
leaf_value=-0.045722650333280018 -0.0065430594326411993 -0.0066878064084766103 -0.047327019888872821 -0.0084298060646626951 0.053861978999809046 -0.0028449849378048907 -0.018578573180239717 -0.0037191194819957071 0.00051690298686171547 0.032990058958698672 0.00093722281199075613 0.022139463885655273 0.0033106436732502145 0.0007500043078874386 0.068403167136513052 0.027087636903545952 -0.00033700548282764172 -0.053200400215378155 0.029431926333963371 -0.0047387116626027752 -0.004059654207370836 0.016609527858464566 0.036670224456276664 0.0040743424054660686 0.26012695632798222 0.012747910762255232 0.0018423950261385116 0.056427037702546444 -0.0024140923878146919 0.022076614045059399
leaf_weight=8026 3016 2473 1555 21 56 10273 1703 20 313 32 69 36 434 260 20 21 500 459 20 51 1431 474 21 3381 20 559 1972 27 10987 141
leaf_count=8026 3016 2473 1555 21 56 10273 1703 20 313 32 69 36 434 260 20 21 500 459 20 51 1431 474 21 3381 20 559 1972 27 10987 141
internal_value=-0.0018029 -0.000623623 -0.00250184 -0.000380314 -0.000838544 -0.00100758 -0.0021455 -0.00101393 0.00425532 0.0123822 0.00864 0.0177143 6.96168e-05 -0.000295646 0.00447312 0.0127143 -0.000413292 -0.00349531 0.00765217 0.00214084 0.0011249 0.00188511 0.00654545 0.00121099 0.0154146 -0.000203968 0.00138233 0.00469624 -0.000554923 0.0029913
internal_weight=48371 40345 4627 35718 3072 14919 4646 2943 470 157 125 56 20799 15451 372 112 15079 959 92 71 5348 3917 495 3422 41 14120 2558 586 11562 575
internal_count=48371 40345 4627 35718 3072 14919 4646 2943 470 157 125 56 20799 15451 372 112 15079 959 92 71 5348 3917 495 3422 41 14120 2558 586 11562 575
is_linear=0
shrinkage=0.08


Tree=71
num_leaves=31
num_cat=0
split_feature=34 12 36 6 18 38 22 12 1 11 6 34 9 38 6 10 42 9 40 3 9 41 12 11 10 32 3 24 42 11
split_gain=51.5809 2.48365 1.50933 1.90818 1.44891 1.52656 1.36389 1.2605 1.74203 1.29055 1.14927 1.79826 1.30578 1.65898 1.22678 1.19034 1.65659 1.52763 1.16282 1.14011 1.08129 1.90724 2.02048 1.26591 1.13355 1.0071 1.64813 1.6775 1.85049 1.66423
threshold=4.7233500000000008 14.383881666666669 18.664000000000005 4.5000000000000009 18.681450000000002 -0.29609999999999953 19.954650000000004 13.911505833333335 1845920.9000000001 6.5210041073070242 18.500000000000004 12.088700000000001 4.5000000000000009 1.5561000000000009 2.5000000000000004 6.8571133333333352 0.020030215240820239 30.500000000000004 0.016424589578716405 239.35000000000005 43.500000000000007 0.42133250000000005 10.007102500000002 0.3449624744174688 7.2705866666666674 10.883950000000002 168.25000000000003 9.3243500000000008 0.043261909238919073 0.47448604670330297
decision_type=2 2 2 2 2 2 2 2 2 2 2 2 2 2 2 2 2 2 2 2 2 2 2 2 2 2 2 2 2 2
left_child=-1 2 6 -4 5 7 10 8 -5 -10 12 20 13 -2 15 16 17 -14 -19 -3 21 -12 -23 -24 -22 26 27 28 -25 -29
right_child=1 19 3 4 -6 -7 -8 -9 9 -11 11 -13 14 -15 -16 -17 -18 18 -20 -21 24 22 23 25 -26 -27 -28 29 -30 -31
leaf_value=-0.045080830274099169 -0.017089668897105729 -0.0077903984918980956 -0.077893352152968207 -0.027110817683703107 -0.076561539069359349 -0.0047323205434299017 0.0077119673333369953 -0.022475190574274377 0.14927297477119503 0.03799269232500458 -0.028134106286003702 -0.034204482752599276 0.035142749751571126 0.27541916166820463 -3.1276281407918713e-05 -0.016216720683509975 -0.001531719452183016 0.012110684114239767 -0.033949973736918791 0.00053184986286355766 0.023195022176283636 0.70661120647370823 -0.030611438135833318 0.27189547556396149 -0.017650589413227953 0.015074191353722722 -0.010490661756710875 0.10705393654630696 -0.016423791594669272 0.11724909394981714
leaf_weight=7834 1124 1962 496 31 252 353 611 27 54 41 601 921 30 38 7645 2973 354 27 26 19888 21 22 159 20 1132 549 917 21 177 65
leaf_count=7834 1124 1962 496 31 252 353 611 27 54 41 601 921 30 38 7645 2973 354 27 26 19888 21 22 159 20 1132 549 917 21 177 65
internal_value=-0.00177148 -0.000623038 -0.00130016 -0.00398086 -0.00145647 0.00101186 -0.00110733 0.00768627 0.0110476 0.0164211 -0.00124218 -0.00231922 -0.000836214 -0.00338727 -0.000568071 -0.00182991 0.00206865 0.012241 0.00407547 -4.39378e-05 -0.00152877 -0.000603716 0.00062176 0.000343814 -0.00355941 0.000965121 -0.000333335 0.00500353 0.000934008 0.0143256
internal_weight=48371 40537 18687 1254 758 506 17433 153 126 95 16822 4605 12217 1162 11055 3410 437 83 53 21850 3684 2531 1930 1908 1153 1749 1200 283 197 86
internal_count=48371 40537 18687 1254 758 506 17433 153 126 95 16822 4605 12217 1162 11055 3410 437 83 53 21850 3684 2531 1930 1908 1153 1749 1200 283 197 86
is_linear=0
shrinkage=0.08


Tree=72
num_leaves=31
num_cat=0
split_feature=10 1 12 9 9 26 40 42 1 42 41 36 9 38 38 6 9 6 12 13 6 18 44 40 26 43 38 0 36 26
split_gain=50.6958 2.8761 2.68787 1.40306 4.87817 2.4512 2.2567 2.29805 1.25534 1.68622 2.11962 1.69779 1.2096 1.18227 1.10628 1.04926 1.2722 1.2396 0.922392 1.11581 0.928205 0.978216 0.90996 1.89407 1.14502 0.904977 0.890429 1.06403 0.866103 1.38315
threshold=4.446833333333335 1872981.5500000003 10.597188333333335 26.500000000000004 14.500000000000002 7.8525500000000008 0.019477150226619583 0.088267756900196101 6690113.1000000006 0.0937474758979671 0.50621416666666674 13.363850000000001 20.500000000000004 0.08724999999999962 -1.24895 13.500000000000002 55.500000000000007 4.5000000000000009 8.6205700000000025 1.8264497694241633 2.5000000000000004 8.7275500000000026 20.634406827655503 0.021898125599017569 8.3296500000000027 -0.0052500000000000316 1.1278500000000007 0.40215000000000006 8.1451500000000028 10.564550000000002
decision_type=2 2 2 2 2 2 2 2 2 2 2 2 2 2 2 2 2 2 2 2 2 2 2 2 2 2 2 2 2 2
left_child=-1 2 14 4 -4 6 -6 -8 13 -10 -11 -12 -13 -3 22 17 -17 18 19 20 -15 25 23 24 -2 -22 28 -28 29 -16
right_child=1 8 3 -5 5 -7 7 -9 9 10 11 12 -14 15 26 16 -18 -19 -20 -21 21 -23 -24 -25 -26 -27 27 -29 -30 -31
leaf_value=-0.054578383017210332 0.35618965502104749 9.0917468645839878e-05 -0.052158682938014352 -0.048819650250206965 0.03121779540838595 -0.015801672030547945 0.030222746411343496 0.073827699642384489 0.00044562677775572676 0.063505110094185344 0.025281605374929201 0.024459788439155847 -0.0050555814958650677 -0.033461813321941487 -0.0029264006534639722 -0.0060926363946618703 -0.022284620036272892 0.00034742907299735052 -0.011986991268561795 0.35407073839847925 -0.0070001877732921063 -0.021499255312477157 0.17564688358785549 -0.028070172175154964 -0.0058481515257604024 0.034478175594170518 -0.0050331672863065295 0.11518858133556908 -0.023739508514552657 0.12081393632056443
leaf_weight=7259 33 19024 523 894 37 87 32 23 266 20 20 22 52 130 2606 5964 389 7278 2192 44 36 69 27 82 21 68 34 25 1050 64
leaf_count=7259 33 19024 523 894 37 87 32 23 266 20 20 22 52 130 2606 5964 389 7278 2192 44 36 69 27 82 21 68 34 25 1050 64
internal_value=-0.00171524 -0.000626972 -0.00232286 -0.00509273 -0.00241596 0.00898324 0.018087 0.0283636 -0.000362964 0.00421052 0.0123509 0.00731915 0.00172973 -0.000412345 -0.00120142 -0.000915277 -0.00171636 -0.000396864 -0.00191887 0.00191354 0.000184817 0.00402312 0.00525153 0.00258823 0.0142222 0.00892308 -0.00147976 0.00827118 -0.00163441 -0.000868916
internal_weight=48371 41112 5538 1596 702 179 92 55 35574 380 114 94 74 35194 3942 16170 6353 9817 2539 347 303 173 163 136 54 104 3779 59 3720 2670
internal_count=48371 41112 5538 1596 702 179 92 55 35574 380 114 94 74 35194 3942 16170 6353 9817 2539 347 303 173 163 136 54 104 3779 59 3720 2670
is_linear=0
shrinkage=0.08


Tree=73
num_leaves=31
num_cat=0
split_feature=10 3 12 10 9 9 18 44 32 13 9 9 12 12 6 6 13 40 40 42 11 6 6 13 40 13 3 41 13 41
split_gain=49.8628 3.28563 2.79774 1.20451 1.04964 3.45961 2.07479 0.985832 2.18356 1.64774 1.67782 3.46053 3.28633 1.89799 1.47161 1.4675 1.93504 1.41781 1.67855 1.9196 1.50665 1.23917 1.58746 3.00912 3.39073 1.21969 1.20639 1.15276 2.21983 1.38674
threshold=4.3701200000000009 153.95000000000002 10.597188333333335 13.953793333333335 26.500000000000004 14.500000000000002 7.0449500000000009 26.246591964004867 17.949150000000007 1.2489786419460016 28.500000000000004 10.500000000000002 13.069859166666667 9.0480325000000015 3.5000000000000004 22.500000000000004 1.0073451405213776 0.027882049180982804 0.024100304285660915 0.025541267554672949 0.56952631399564457 18.500000000000004 8.5000000000000018 0.79856477643746426 0.019519988531867098 0.65327450332132697 170.45000000000002 0.51400416666666671 7.3856358049594535 0.50962833333333346
decision_type=2 2 2 2 2 2 2 2 2 2 2 2 2 2 2 2 2 2 2 2 2 2 2 2 2 2 2 2 2 2
left_child=-1 2 -2 7 5 -4 -7 14 9 21 11 13 -13 -11 26 16 17 18 19 20 -16 22 -9 24 -24 -26 -3 29 -29 -14
right_child=1 3 4 -5 -6 6 -8 8 -10 10 -12 12 27 -15 15 -17 -18 -19 -20 -21 -22 -23 23 -25 25 -27 -28 28 -30 -31
leaf_value=-0.054524093577005391 -0.0042522914978398163 -0.0065320610433049634 -0.04851058971523721 9.3636536315143076e-05 -0.046031266369940427 0.06757398000627006 0.011855412643601916 -0.012466075394543316 0.27186033844586294 0.24072402151369526 -0.019459997692827705 -0.0036719989363840802 0.044287179875450014 -0.01350153198868465 0.0019392132988181466 -0.027720202464398356 -0.0039330648629297997 0.028400652793589779 -0.0086099074488132227 0.04748804286101363 0.016994406494529019 -0.028690368531322435 0.45776504328604634 -0.024395785997089487 -0.014465146985182458 0.035030195904037671 -0.033138761998090523 0.10760262120198114 0.0505330079750805 -0.079932493904038643
leaf_weight=7068 4030 1233 513 21543 869 31 142 1372 28 24 1385 564 614 755 1499 563 3610 56 337 24 521 860 33 102 41 20 412 26 42 54
leaf_count=7068 4030 1233 513 21543 869 31 142 1372 28 24 1385 564 614 755 1499 563 3610 56 337 24 521 860 33 102 41 20 412 26 42 54
internal_value=-0.00170036 -0.000637825 -0.00244226 -0.000355677 -0.00532476 -0.00298542 0.00679769 -0.000928397 -0.00171622 -0.00182213 -0.00070208 0.000734967 0.00326154 -0.00348139 -0.000363418 0.000169438 0.000533155 0.00227493 0.001979 0.00284149 0.00257426 -0.0034201 -0.00208163 0.00465306 0.0149787 0.00380328 -0.00250456 0.00678261 0.0167059 0.00577245
internal_weight=48371 41303 5585 35718 1555 686 173 14175 5920 5892 3464 2079 1300 779 8255 6610 6047 2437 2381 2044 2020 2428 1568 196 94 61 1645 736 68 668
internal_count=48371 41303 5585 35718 1555 686 173 14175 5920 5892 3464 2079 1300 779 8255 6610 6047 2437 2381 2044 2020 2428 1568 196 94 61 1645 736 68 668
is_linear=0
shrinkage=0.08


Tree=74
num_leaves=31
num_cat=0
split_feature=10 3 12 10 3 30 39 40 38 7 42 11 12 41 6 42 6 13 13 11 34 9 41 40 30 11 11 9 13 40
split_gain=48.7178 3.03163 2.6466 1.33229 1.09506 1.41302 1.94802 1.24738 1.67356 1.25565 1.29071 2.05945 1.29049 1.26535 1.03241 1.86239 1.08171 1.15401 1.05854 0.963106 0.955309 1.08407 1.13108 1.04244 1.11348 1.2381 2.72379 1.32105 1.09162 1.02422
threshold=4.3025266666666671 153.95000000000002 10.597188333333335 13.338770000000002 214.25000000000003 10.478800000000001 0.41400000000000009 0.024100304285660915 -1.0888000000000002 2.0000000000000004 0.02343852130550058 0.58268065876059538 11.694359166666668 0.49325750000000007 22.500000000000004 0.037815548570899464 19.500000000000004 2.4035903341461138 2.6735391472726371 0.47638339079954017 12.683750000000002 10.500000000000002 0.45206416666666677 0.024341110628134509 13.307450000000001 0.53092531397999287 0.42869603489427865 29.500000000000004 0.52893233714753285 0.018251073027232806
decision_type=2 2 2 2 2 2 2 2 2 2 2 2 2 2 2 2 2 2 2 2 2 2 2 2 2 2 2 2 2 2
left_child=-1 2 -2 4 5 -3 -7 8 19 10 11 12 -10 -11 16 -16 20 -18 -19 -8 -6 22 -22 24 28 26 29 -28 -23 -26
right_child=1 3 -4 -5 14 6 7 -9 9 13 -12 -13 -14 -15 15 -17 17 18 -20 -21 21 23 -24 -25 25 -27 27 -29 -30 -31
leaf_value=-0.054163786149033513 -0.0043000716179342644 -0.0048534636593320982 -0.034767658244194186 -8.3789444451807301e-05 -0.011500658045275105 0.46694859962665675 0.056709238834593625 -0.0075861340808364534 0.0041490275965527842 -0.00036558746447772392 0.0063536941917096733 0.050165644129552024 0.020685489571419035 0.034421875250307016 0.78236643768117275 -0.008566973900397977 -0.045985087723927461 0.36001080667985774 -0.021688621793318773 0.021906763197870074 0.035380897763280017 0.032401750860638401 -0.01964412752111859 -0.014636473468064213 -0.014849593731604072 -0.012523613076954947 0.35342831812349923 0.26501498918525096 0.00091688399061987786 0.050645556683974968
leaf_weight=6877 4221 5760 1555 23417 2209 30 33 728 140 1173 253 40 23 20 20 61 537 28 138 56 38 30 241 126 36 44 22 21 456 38
leaf_count=6877 4221 5760 1555 23417 2209 30 33 728 140 1173 253 40 23 20 20 61 537 28 138 56 38 30 241 126 36 44 22 21 456 38
internal_value=-0.00168217 -0.000648578 -0.00234903 -0.000373595 -0.00104772 -0.000519382 0.00107051 0.000824005 0.00198849 0.00141176 0.00498245 0.00973399 0.00574233 4.69386e-05 -0.00212608 0.00681481 -0.00230878 -0.00515505 0.000674697 0.0126742 -0.00169519 0.000288971 -0.00398566 0.00183182 0.00312828 0.00889441 0.0131966 0.0292093 0.00121811 0.00389189
internal_weight=48371 41494 5776 35718 12301 8256 2496 2466 1738 1649 456 203 163 1193 4045 81 3964 703 166 89 3261 1052 279 773 647 161 117 43 486 74
internal_count=48371 41494 5776 35718 12301 8256 2496 2466 1738 1649 456 203 163 1193 4045 81 3964 703 166 89 3261 1052 279 773 647 161 117 43 486 74
is_linear=0
shrinkage=0.08


Tree=75
num_leaves=31
num_cat=0
split_feature=10 44 42 42 18 12 5 10 44 39 36 39 42 5 0 36 36 9 9 26 26 0 41 6 6 34 4 13 13 9
split_gain=48.8207 2.53042 1.73101 1.34528 2.72287 1.17111 1.15166 1.05978 1.67154 0.997897 1.62546 0.952881 2.18632 1.32203 1.20996 1.11531 0.976449 0.942562 3.62971 1.40164 1.86625 1.22719 1.07142 0.934968 1.21011 1.17373 1.12778 1.9289 1.91501 2.597
threshold=4.3701200000000009 20.518065218955339 0.061200075291315222 0.052941183519333808 8.1490000000000027 15.530051666666669 60.500000000000007 12.331753333333335 24.95872980195038 0.55038666666666691 12.176050000000002 0.39280666666666669 0.029439384891088955 15.500000000000002 0.42765000000000003 8.7196500000000015 7.7909500000000014 21.500000000000004 11.500000000000002 7.8525500000000008 7.1520500000000009 0.38625000000000004 0.45834750000000007 18.500000000000004 3.5000000000000004 12.088700000000001 1470.1900000000003 0.87920773230712113 0.76661800892396792 28.500000000000004
decision_type=2 2 2 2 2 2 2 2 2 2 2 2 2 2 2 2 2 2 2 2 2 2 2 2 2 2 2 2 2 2
left_child=-1 2 3 11 -5 6 9 -7 -9 23 -11 12 14 16 15 -2 -14 18 -4 20 -20 -22 -19 24 -3 -25 27 28 -26 -30
right_child=1 5 17 4 -6 7 -8 8 -10 10 -12 -13 13 -15 -16 -17 -18 22 19 -21 21 -23 -24 25 26 -27 -28 -29 29 -31
leaf_value=-0.045974689729738359 -0.0032134399497841795 -0.0088718874977812417 -0.042874979163837507 0.30041039733831293 -0.23939141866668082 -0.023271757031787989 0.048304115064321113 0.028366947063409774 0.00045807186039605556 0.024447574923553574 -0.03316439187103027 -0.020674430542700486 0.4348550475308926 0.40832554234427298 0.024365234921275323 0.0069682954177540703 -0.16091927339310957 -0.042123767411401863 -0.01803111294291317 -0.021209673618603028 0.080686525486583019 0.043230969246454587 0.013318392441220604 -0.0034445383462783381 0.0092877076538210451 -0.020566802819214684 -0.0014944338041707995 0.0030245192261298642 0.031069918434759397 0.074301332740838416
leaf_weight=7068 2098 2455 400 37 30 360 22 34 18406 23 468 1551 24 31 32 23 22 825 50 91 36 77 20 3481 358 1547 7522 1203 46 31
leaf_count=7068 2098 2455 400 37 30 360 22 34 18406 23 468 1551 24 31 32 23 22 825 50 91 36 77 20 3481 358 1547 7522 1203 46 31
internal_value=-0.0016524 -0.000601024 -0.0022248 -0.00132641 0.00991045 -0.000359552 -0.000837493 7.65938e-05 0.000160519 -0.00086098 -0.00441548 -0.00152552 -0.00046637 0.0127792 -0.000940086 -0.00117303 0.00417391 -0.00453102 -0.00225077 0.00522834 0.00966871 0.0153628 -0.00629586 -0.000756116 -0.000361603 -0.00166746 6.11335e-05 0.00196337 0.00652873 0.017974
internal_weight=48371 41303 5347 3848 67 35956 17156 18800 18440 17134 491 3781 2230 77 2153 2121 46 1499 654 254 163 113 845 16643 11615 5028 9160 1638 435 77
internal_count=48371 41303 5347 3848 67 35956 17156 18800 18440 17134 491 3781 2230 77 2153 2121 46 1499 654 254 163 113 845 16643 11615 5028 9160 1638 435 77
is_linear=0
shrinkage=0.08


Tree=76
num_leaves=31
num_cat=0
split_feature=10 1 12 13 40 9 9 41 18 11 38 11 44 13 34 39 43 6 41 20 9 26 43 1 26 41 42 40 9 12
split_gain=47.4337 2.96903 2.35694 1.38129 1.16846 1.12488 3.16341 1.4189 1.18582 1.12 1.0634 0.959117 1.61301 1.90055 1.26394 1.038 1.03277 0.936657 1.26681 1.07652 1.04129 0.90494 1.33012 0.903856 0.901102 1.03023 1.16145 0.884166 1.04923 2.60643
threshold=4.2197733333333334 1872981.5500000003 10.304721666666669 4.0559615306853534 0.020974996452684292 26.500000000000004 11.500000000000002 0.45686833333333338 7.2322500000000014 0.43412536607436014 0.08724999999999962 6.5210041073070242 25.224604816882312 6.674867710122709 23.817800000000002 0.46370333333333341 0.014949999999999993 13.500000000000002 0.44358666666666674 11.682350000000001 55.500000000000007 13.181550000000003 0.01869999999999997 2070121.6000000003 7.9750000000000005 0.44425250000000005 0.070575599593990748 0.02001877927867373 40.500000000000007 8.6205700000000025
decision_type=2 2 2 2 2 2 2 2 2 2 2 2 2 2 2 2 2 2 2 2 2 2 2 2 2 2 2 2 2 2
left_child=-1 2 3 -2 -5 6 -4 -7 9 -8 11 27 13 14 23 -14 -17 18 19 -12 -19 -18 -23 -13 25 26 -10 28 -3 -30
right_child=1 10 5 4 -6 7 8 -9 24 -11 17 12 15 -15 -16 16 21 20 -20 -21 -22 22 -24 -25 -26 -27 -28 -29 29 -31
leaf_value=-0.051179104434056058 -0.0041950151188731395 -0.0001089016440434961 -0.04000140731087997 0.16553275289428113 0.0066348411726869592 -0.041859977336361841 0.1142713655363549 0.0045630080915064833 0.078998524929497174 0.02504501837400969 -0.0054441044641758444 0.030052149398161875 0.01478592416458724 0.0044401956952508578 0.029021120152387399 -0.0025253874925540206 -0.0097685389414523868 -0.0050337192917047358 0.00082137862896787886 -0.034312037096458456 -0.019480058590644278 0.020177767143629625 0.0077088131732973358 -0.022753118975558598 -0.025305746214253834 0.20128106586141647 -0.0056259365521046023 -0.0017324062887708706 0.053773781043026762 0.0042106733178055465
leaf_weight=6686 4261 4924 473 21 32 961 33 30 35 36 2397 21 46 71 30 637 34 6040 7147 416 391 20 117 22 111 22 96 10934 21 2306
leaf_count=6686 4261 4924 473 21 32 961 33 30 35 36 2397 21 46 71 30 637 34 6040 7147 416 391 20 117 22 111 22 96 10934 21 2306
internal_value=-0.00160113 -0.000597819 -0.00222681 -0.0012128 0.0116226 -0.0046611 -0.00244169 -0.0064662 0.00353153 0.0128696 -0.000317987 8.63245e-05 0.002501 0.0103333 0.0193973 0.00118033 0.00051485 -0.000791168 -0.000305223 -0.00174334 -0.00154377 0.00603509 0.0089343 0.0106046 0.00109091 0.00507189 0.00238168 -4.61938e-05 0.000638807 0.00203867
internal_weight=48371 41685 6111 4314 53 1797 806 991 333 69 35574 19183 998 144 73 854 808 16391 9960 2813 6431 171 137 43 264 153 131 18185 7251 2327
internal_count=48371 41685 6111 4314 53 1797 806 991 333 69 35574 19183 998 144 73 854 808 16391 9960 2813 6431 171 137 43 264 153 131 18185 7251 2327
is_linear=0
shrinkage=0.08


Tree=77
num_leaves=31
num_cat=0
split_feature=10 44 42 13 41 34 5 38 6 9 41 7 11 9 10 22 12 44 11 43 38 38 42 3 7 36 10 11 11 38
split_gain=46.5877 2.73652 2.15581 1.22285 0.996149 1.31855 1.55606 1.254 1.18111 1.38777 1.35092 2.023 1.32022 1.46784 1.38726 3.07015 1.92615 1.34559 1.62702 1.49502 1.46266 1.88127 1.23509 1.17472 1.3977 1.16691 1.16297 1.18826 2.16338 2.26366
threshold=4.2197733333333334 20.518065218955339 0.061200075291315222 4.2943280177307139 0.50525916666666681 17.196050000000003 60.500000000000007 -0.88159999999999961 13.500000000000002 26.500000000000004 0.51830250000000011 2.0000000000000004 0.47638339079954017 20.500000000000004 16.557613333333336 16.000550000000004 16.955552500000003 33.176331918875796 0.42356844330648874 0.019700000000000027 0.011900000000000245 0.44740000000000096 0.020631636614181496 404.85000000000008 3.5000000000000004 22.334150000000005 20.880313333333337 0.49208567637962292 0.59386601352706181 0.26644999999999902
decision_type=2 2 2 2 2 2 2 2 2 2 2 2 2 2 2 2 2 2 2 2 2 2 2 2 2 2 2 2 2 2
left_child=-1 2 3 -2 5 7 -7 -3 12 10 -10 25 17 23 15 16 -15 -6 -19 20 -20 22 -22 -14 -25 -12 27 -13 29 -29
right_child=1 4 -4 -5 8 6 -8 -9 9 -11 11 26 13 14 -16 -17 -18 18 19 -21 21 -23 -24 24 -26 -27 -28 28 -30 -31
leaf_value=-0.04708477607933155 -0.0041820697804836587 0.0049512569974913944 -0.025683025995174101 0.15416466976568394 0.0013678422912395047 -0.012137810666945257 0.042575671692006462 -0.0021566538293156358 -0.00097762843150369662 -0.0077197161805679431 -0.015133305940255984 0.005361888879700241 -0.014408971271068617 0.28038130423220148 0.0038152334995631798 0.37667118098544999 -0.0073571963764249571 0.0069953099234994626 0.022207380323664726 -0.0074778534361833069 0.018749504182575746 0.012766732515622999 0.044849299665582855 0.027919210436021649 -0.0027183256015901121 0.056966132558279092 -0.010492513774922725 0.070437385245763554 0.014570358667943529 0.0039109341584130488
leaf_weight=6686 4203 2739 1499 27 618 2540 25 22721 1186 1731 152 123 769 31 1948 27 81 468 137 56 34 89 28 47 51 22 94 37 182 20
leaf_count=6686 4203 2739 1499 27 618 2540 25 22721 1186 1731 152 123 769 31 1948 27 81 468 137 56 34 89 28 47 51 22 94 37 182 20
internal_value=-0.00156143 -0.000567112 -0.00219096 -0.00126714 -0.000308379 -0.000532384 -0.00226121 -0.000358211 0.000483165 -0.000602201 0.000942729 0.00393651 0.00136131 0.000395394 0.0015448 0.00926619 0.00342857 0.00335664 0.00549754 0.00967442 0.012 0.0174305 0.028129 -0.0023714 0.00587755 -0.0034023 0.00673684 0.00879558 0.0120837 0.0256842
internal_weight=48371 41685 5729 4230 35956 28025 2565 25460 7931 3547 1816 630 4384 2954 2087 139 112 1430 812 344 288 151 62 867 98 174 456 362 239 57
internal_count=48371 41685 5729 4230 35956 28025 2565 25460 7931 3547 1816 630 4384 2954 2087 139 112 1430 812 344 288 151 62 867 98 174 456 362 239 57
is_linear=0
shrinkage=0.08


Tree=78
num_leaves=31
num_cat=0
split_feature=10 44 42 13 39 40 0 42 18 6 6 44 42 41 40 32 1 9 34 24 38 43 40 28 44 38 0 22 38 9
split_gain=46.1299 2.36378 1.82278 1.09879 1.5495 1.49479 1.40517 1.02471 2.00696 0.893164 1.39542 1.91498 2.59571 1.61057 2.5031 1.74644 1.54724 1.39984 1.00534 2.20653 1.67348 0.894071 1.19449 1.58748 1.32547 1.00967 1.1085 1.46445 1.54931 0.90152
threshold=4.1211066666666669 20.518065218955339 0.061200075291315222 0.63789351339873357 0.39280666666666669 0.014024999776112797 0.42765000000000003 0.052941183519333808 8.1490000000000027 4.5000000000000009 14.500000000000002 45.015272745432021 0.09288793124401 0.41656833333333337 0.028189320841806805 10.719000000000003 1949332.7500000002 7.5000000000000009 8.7198500000000028 9.0093000000000014 0.1763000000000006 -0.00089999999999998404 0.02023410957945164 7.3120000000000003 33.535621682459684 0.074900000000000425 0.50535000000000008 15.574350000000001 -0.26235000000000003 29.500000000000004
decision_type=2 2 2 2 2 2 2 2 2 2 2 2 2 2 2 2 2 2 2 2 2 2 2 2 2 2 2 2 2 2
left_child=-1 2 3 -2 5 -5 -7 -6 -9 21 13 -12 -13 14 15 18 17 -15 -11 20 -20 -3 23 -23 25 26 27 29 -29 -25
right_child=1 9 -4 4 7 6 -8 8 -10 10 11 12 -14 16 -16 -17 -18 -19 19 -21 -22 22 -24 24 -26 -27 -28 28 -30 -31
leaf_value=-0.04676199915304366 -0.0044540215432306253 -0.0068361153932364853 -0.023628383915560117 0.073372116035784099 -0.022730634824010686 0.0030781729705233107 0.026195920251228792 0.27392821396553768 -0.2170682568889539 -0.015889352432140676 -0.0033506138449958703 0.00051733679350993145 0.038454721756794083 -0.020810851476671041 0.17798204033096315 0.030924062289715552 0.00046084162457519145 0.038620905614006398 0.22197281320216961 0.01194423715686016 0.017751331330377734 0.042022697470498464 -0.0055715084351472422 -0.013924440365547713 0.016988575776324812 -0.0041634002838030126 -0.019473650103522581 0.016886943653678179 0.022560833981653036 0.016554728962964303
leaf_weight=6495 2031 2847 1499 37 1203 1054 30 37 29 72 12740 75 26 41 22 21 17199 105 24 162 20 32 1574 107 96 520 78 54 21 120
leaf_count=6495 2031 2847 1499 37 1203 1054 30 37 29 72 12740 75 26 41 22 21 17199 105 24 162 20 32 1574 107 96 520 78 54 21 120
internal_value=-0.0015052 -0.00053224 -0.00201352 -0.00119611 -3.34747e-05 0.00213381 0.00159409 -0.00194799 0.00775757 -0.000288354 -0.000119843 -0.00075446 0.0102178 0.000341445 0.00595638 0.00404013 0.000237531 0.00843835 0.00235971 0.00520388 0.0210909 -0.00123179 -0.000159879 0.00196109 0.00139759 0.000444443 0.00357895 0.00577483 0.0154667 0.00257269
internal_weight=48371 41876 5920 4421 2390 1121 1084 1269 66 35956 30507 12841 101 17666 321 299 17345 146 278 206 44 5449 2602 1028 996 900 380 302 75 227
internal_count=48371 41876 5920 4421 2390 1121 1084 1269 66 35956 30507 12841 101 17666 321 299 17345 146 278 206 44 5449 2602 1028 996 900 380 302 75 227
is_linear=0
shrinkage=0.08


Tree=79
num_leaves=31
num_cat=0
split_feature=10 18 42 13 9 9 36 40 44 26 6 12 9 9 11 41 39 41 20 44 10 44 42 9 9 11 11 11 40 20
split_gain=45.5664 2.21954 2.43428 1.99073 1.26505 2.57778 1.04136 1.24518 1.58824 1.0194 0.928612 1.06021 0.862219 1.25716 1.59809 3.20265 1.0419 1.49745 1.00443 0.837309 0.831554 1.45039 1.33845 1.27364 1.4517 1.92934 1.67452 1.43669 1.25378 1.34875
threshold=4.1211066666666669 8.5066000000000024 0.061200075291315222 4.2943280177307139 23.500000000000004 11.500000000000002 7.4612000000000007 0.019028633811537073 18.234854270270166 7.3120000000000003 13.500000000000002 10.819920000000002 19.500000000000004 27.500000000000004 0.89229082617484401 0.40414500000000009 0.39180666666666675 0.40640083333333338 8.1483000000000008 23.53296753404717 13.338770000000002 26.246591964004867 0.023896439555873925 38.500000000000007 10.500000000000002 0.52903880251978574 0.89229082617484401 2.6403293944158164 0.046119414253712819 12.187650000000001
decision_type=2 2 2 2 2 2 2 2 2 2 2 2 2 2 2 2 2 2 2 2 2 2 2 2 2 2 2 2 2 2
left_child=-1 2 3 10 5 -4 7 -7 -9 -10 12 -12 16 14 -14 -16 17 18 -2 -18 21 -3 -23 24 26 -26 -24 -28 -27 -30
right_child=1 20 4 -5 -6 6 -8 8 9 -11 11 -13 13 -15 15 -17 19 -19 -20 -21 -22 22 23 -25 25 28 27 -29 29 -31
leaf_value=-0.043021039220800146 -0.0034066253379637043 -0.0003967891365148625 -0.035668265940222134 0.25245724855769369 -0.029721301905349634 -0.031466050184537929 -0.0015101095348671182 0.055183084500910258 -0.012141146424371023 0.043371863762421442 -0.0077270700092900201 0.30089917805535188 0.0043262813730041531 -0.0016737230425952969 0.086474925782912104 0.004847092771086978 -0.03445883112376482 0.27358162595895691 0.035501649892370979 0.083862988995378474 5.5325640081766097e-05 -0.019436813638298259 -0.018578290098933487 -0.025296355571970373 0.082288435430764764 -0.057896649034772263 0.14787602083310711 -0.027543340767860119 0.036081205724782232 -0.0014316874286329929
leaf_weight=6495 625 7456 496 33 1000 38 209 34 29 39 1202 21 405 1961 39 54 614 32 24 28 23419 1522 434 821 467 364 63 58 131 258
leaf_count=6495 625 7456 496 33 1000 38 209 34 29 39 1202 21 405 1961 39 54 614 32 24 28 23419 1522 434 821 467 364 63 58 131 258
internal_value=-0.00148205 -0.000515046 -0.00182827 -0.000917826 -0.00431437 -0.0020355 0.00323209 0.00857143 0.0131765 0.00611765 -0.00104695 -0.00296321 -0.000427289 0.000458721 0.00404819 0.0135054 -0.00207408 0.000105725 -0.000727275 -0.00438629 -0.000256739 -0.000811476 -0.00201651 -0.000912174 0.000292956 0.00183606 -0.0030991 0.00522314 -0.000669325 0.00248843
internal_weight=48371 41876 6883 5038 1845 845 349 140 102 68 5005 1223 3782 2459 498 93 1323 681 649 642 34993 11574 4118 2596 1775 1220 555 121 753 389
internal_count=48371 41876 6883 5038 1845 845 349 140 102 68 5005 1223 3782 2459 498 93 1323 681 649 642 34993 11574 4118 2596 1775 1220 555 121 753 389
is_linear=0
shrinkage=0.08


Tree=80
num_leaves=31
num_cat=0
split_feature=10 20 41 13 39 10 30 13 39 41 36 20 13 43 20 26 24 1 38 28 41 6 38 40 9 36 6 0 39 44
split_gain=44.6387 2.56106 2.17318 0.907529 1.3796 2.9313 1.89394 1.00038 0.871863 1.4155 1.03409 0.904301 0.8562 0.840096 0.930724 1.02442 0.884973 1.45672 0.908404 1.37009 1.74272 1.39105 1.36801 1.78122 0.897645 1.11482 1.06522 0.883464 0.843687 2.35789
threshold=4.0566600000000008 8.3884500000000024 0.42812000000000006 0.82941582974168337 0.38848333333333346 7.4824200000000021 7.7268500000000007 1.0722616377009897 0.42674333333333336 0.42466250000000005 9.5835000000000026 7.7275000000000009 1.0722616377009897 0.045100000000000008 8.7263000000000019 9.0067000000000004 14.946300000000003 2762698.6500000004 0.47269999999999884 15.930550000000002 0.5166858333333334 13.500000000000002 -0.069299999999999237 0.022492891998343745 31.500000000000004 15.262500000000001 13.500000000000002 0.5978500000000001 0.49786333333333338 31.654068984438236
decision_type=2 2 2 2 2 2 2 2 2 2 2 2 2 2 2 2 2 2 2 2 2 2 2 2 2 2 2 2 2 2
left_child=-1 2 3 -2 5 7 -7 -5 9 10 -6 -11 -12 -3 15 -15 -16 -18 19 22 -21 27 23 -19 -20 26 -26 -22 29 -27
right_child=1 13 -4 4 8 6 -8 -9 -10 11 12 -13 -14 14 16 -17 17 18 24 20 21 -23 -24 -25 25 28 -28 -29 -30 -31
leaf_value=-0.043115351675789886 -0.0040606141715298942 -0.0011712455530393804 -0.022369288155258151 0.011332808076128117 -0.015550838462764593 0.2209154105260519 0.01331912434671205 -0.014272596155866939 -0.18096996094216564 0.099039402690116948 0.060260324963520039 0.13816696256881772 0.063074306519675397 0.0092917555997267115 -0.0019193159285578318 0.25815525670537476 0.20132915976685234 0.026881506117646167 -0.01060936058411216 -0.0023852405167741932 -0.0091831097913266779 0.050516314871730285 0.011727584633859348 0.05777418543284675 0.18025490174854183 -0.029622541165980076 -0.0023717875147408287 0.01709216574026072 -0.010442092932451552 0.029504443799434343
leaf_weight=6304 2882 32910 1699 307 1212 33 22 199 148 30 23 32 104 52 1241 30 24 39 309 302 51 39 75 28 23 32 23 22 138 38
leaf_count=6304 2882 32910 1699 307 1212 33 22 199 148 30 23 32 104 52 1241 30 24 39 309 302 51 39 75 28 23 32 23 22 138 38
internal_value=-0.00145558 -0.0005148 -0.00195008 -0.00110898 0.000151657 0.0035508 0.0210909 0.00164427 -0.00107941 -0.000462529 -0.00100971 0.0113548 0.00585827 -0.000243331 0.00118086 0.00956097 0.000892616 0.00249869 0.00208043 0.0043741 0.00204831 0.0105714 0.0111549 0.0194627 -0.000184727 0.00333858 0.0146087 0.00405479 0.000846152 0.008
internal_weight=48371 42067 6691 4992 2110 561 55 506 1549 1401 1339 62 127 35376 2466 82 2384 1143 1119 556 414 112 142 67 563 254 46 73 208 70
internal_count=48371 42067 6691 4992 2110 561 55 506 1549 1401 1339 62 127 35376 2466 82 2384 1143 1119 556 414 112 142 67 563 254 46 73 208 70
is_linear=0
shrinkage=0.08


Tree=81
num_leaves=31
num_cat=0
split_feature=10 20 12 11 6 9 9 10 40 26 40 42 36 9 9 32 38 4 9 40 7 28 32 18 22 43 41 0 22 10
split_gain=43.7951 2.41954 1.795 1.42549 1.0862 1.04199 2.03969 2.87184 1.69795 1.70849 1.12416 1.72079 1.29924 1.16667 1.11398 0.957343 0.899741 1.10995 1.01472 1.22108 1.48926 1.41706 0.962952 1.23908 1.24566 1.19319 1.1581 1.43477 1.37689 1.33434
threshold=4.0566600000000008 8.3884500000000024 8.6707100000000015 3.150720852380362 13.500000000000002 36.500000000000007 11.500000000000002 7.6543300000000007 0.019073223564368861 7.2323500000000012 0.019028633811537073 0.045025142898453059 8.2051500000000015 16.500000000000004 29.500000000000004 7.4612000000000007 0.78789999999999971 4463.380000000001 47.500000000000007 0.11130401324515242 5.5000000000000009 29.732550000000003 14.875300000000001 15.123500000000002 15.536550000000002 0.054200000000000005 0.49227583333333341 0.50125000000000008 16.433550000000004 15.62640666666667
decision_type=2 2 2 2 2 2 2 2 2 2 2 2 2 2 2 2 2 2 2 2 2 2 2 2 2 2 2 2 2 2
left_child=-1 2 3 4 -2 6 -4 8 -8 -10 11 14 13 -13 -9 -11 17 -3 19 20 -19 -22 25 24 -24 -18 27 28 29 -26
right_child=1 16 5 -5 -6 -7 7 10 9 15 -12 12 -14 -15 -16 -17 22 18 -20 -21 21 -23 23 -25 26 -27 -28 -29 -30 -31
leaf_value=-0.039666123541726675 -0.00032960257465235496 -0.00043464498492826886 -0.029229791553796635 0.31841459257203436 -0.0058878804474806401 -0.030989377214151795 -0.013120731306660499 -0.063077241100873094 0.031748235191828185 0.10009261028828416 -0.018457280095656416 -0.075527861353324774 0.29064496864383993 0.16722626892240758 0.021769871022223795 0.063386700186318631 -0.020362749724612196 -0.008068988185315101 0.032608032809879547 0.026850693186730518 0.021602443057626087 0.0036590511513930426 0.0021115592933676902 -0.0047221137243901789 0.0078594477568107585 0.014906890215879041 0.012433777210100668 -0.0023119402321329884 0.010554813405220567 0.025158977700027257
leaf_weight=6304 2811 30314 688 24 993 1277 64 74 56 45 529 21 24 21 31 33 1909 124 30 26 28 101 383 1848 21 382 124 32 22 32
leaf_count=6304 2811 30314 688 24 993 1277 64 74 56 45 529 21 24 21 31 33 1909 124 30 26 28 101 383 1848 21 382 124 32 22 32
internal_value=-0.00143905 -0.000507193 -0.00190226 -0.000769072 -0.000891695 -0.0034174 -0.00204792 0.00046325 0.0089697 0.0140896 -0.00194286 0.0036959 0.0138182 0.00533333 -0.00266667 0.0217436 -0.000243331 -8.43829e-05 0.00468608 0.00318279 0.00148616 0.00750387 -0.00126741 -0.00016897 0.00294462 -0.00244784 0.00758441 0.0136822 0.0197333 0.026717
internal_weight=48371 42067 6691 3828 3804 2863 1586 898 198 134 700 171 66 42 105 78 35376 30623 309 279 253 129 4753 2462 614 2291 231 107 75 53
internal_count=48371 42067 6691 3828 3804 2863 1586 898 198 134 700 171 66 42 105 78 35376 30623 309 279 253 129 4753 2462 614 2291 231 107 75 53
is_linear=0
shrinkage=0.08


Tree=82
num_leaves=31
num_cat=0
split_feature=10 20 42 13 6 39 18 11 6 6 5 39 11 38 40 22 42 42 6 22 11 18 39 40 44 30 9 13 36 38
split_gain=42.3575 2.51717 2.03332 1.37947 0.950981 0.96246 0.877785 0.898854 0.86455 1.1408 2.73197 1.13791 1.18138 1.02193 1.25101 1.0947 1.0184 1.3184 1.56915 2.07934 1.72077 1.52652 1.70526 1.19642 1.20426 1.99228 1.03795 1.80996 1.95599 1.00962
threshold=4.0190866666666674 8.3884500000000024 0.061200075291315222 4.2943280177307139 14.500000000000002 0.42507333333333347 8.2697500000000019 0.26100308269418365 3.5000000000000004 15.500000000000002 61.500000000000007 0.56430000000000013 0.56464856455053802 -1.0232999999999994 0.017806141262649015 16.201950000000004 0.021335085920584782 0.019179172400170186 16.500000000000004 15.787750000000001 0.76026702887257824 15.933800000000002 0.50222333333333335 0.015134125730051505 29.258365963040749 13.636050000000003 37.500000000000007 0.60503314202600134 15.639550000000002 -0.3973000000000006
decision_type=2 2 2 2 2 2 2 2 2 2 2 2 2 2 2 2 2 2 2 2 2 2 2 2 2 2 2 2 2 2
left_child=-1 2 3 4 5 -2 7 -4 -3 29 11 12 13 14 15 -11 17 -14 19 -19 -21 22 23 -20 -25 -26 -27 28 -28 -10
right_child=1 8 6 -5 -6 -7 -8 -9 9 10 -12 -13 16 -15 -16 -17 -18 18 21 20 -22 -23 -24 24 25 26 27 -29 -30 -31
leaf_value=-0.039790424498779516 -0.001021846180537227 -0.0038267130057871948 0.027213971534179243 0.16284642248054085 -0.0087316503713926567 -0.29845578291871372 -0.0015963976140146397 -0.026906117733312068 0.0041974264161090029 0.019831095329060168 0.029284492365158097 -0.027343038939343655 -0.015850562618620466 -0.0063708461698834774 -0.00083766097138077839 -0.015985961542360837 -0.0010650712025048522 0.051905787457206136 0.27595622869835018 0.0027016785170777781 0.013653979892316875 -0.0074230172114841762 0.025308006185584261 -0.0072440313819382351 0.03779952269491399 -0.0025643426608568608 0.023772129252367317 -0.024560858855052051 0.032786347600935517 -0.00033226002740610535
leaf_weight=6113 3904 3683 28 30 1063 131 288 1438 5648 66 31 288 149 5994 250 22 3671 20 21 74 23 213 27 168 21 120 20 41 34 14792
leaf_count=6113 3904 3683 28 30 1063 131 288 1438 5648 66 31 288 149 5994 250 22 3671 20 21 74 23 213 27 168 21 120 20 41 34 14792
internal_value=-0.00140928 -0.000508876 -0.00190875 -0.00110453 -0.00120518 -0.000644364 -0.00425998 -0.00505321 -0.000236546 -0.000101728 -0.000748602 -0.000814117 -0.000683375 -0.0013923 0.00288757 0.0110909 0.000292045 0.00265521 0.00396931 0.0125128 0.0076701 0.00246616 0.00509734 0.00385882 0.00289109 0.00657627 0.00427907 0.0105263 0.0201481 0.000254401
internal_weight=48371 42258 6882 5128 5098 4035 1754 1466 35376 31693 11253 11222 10934 6332 338 88 4602 931 782 117 97 665 452 425 404 236 215 95 54 20440
internal_count=48371 42258 6882 5128 5098 4035 1754 1466 35376 31693 11253 11222 10934 6332 338 88 4602 931 782 117 97 665 452 425 404 236 215 95 54 20440
is_linear=0
shrinkage=0.08


Tree=83
num_leaves=31
num_cat=0
split_feature=10 4 41 6 9 9 34 11 7 13 0 6 6 20 24 39 38 9 12 43 9 11 42 11 24 40 38 28 42 42
split_gain=41.9094 2.54451 1.78202 1.46819 1.01779 2.15037 1.28842 2.1367 0.934462 1.80494 0.944421 0.931891 1.00812 1.40386 1.12215 1.09242 0.977925 0.977708 0.939423 1.07108 0.92408 0.929049 0.923077 0.870963 1.54496 1.92021 1.63427 2.18182 1.17892 1.31421
threshold=3.8659666666666666 1231.2350000000004 0.41945000000000005 14.500000000000002 26.500000000000004 14.500000000000002 8.4434000000000022 0.55986130636582698 4.5000000000000009 3.5621965128846313 0.43165000000000003 1.5000000000000002 15.500000000000002 30.487450000000003 7.0466500000000005 0.56430000000000013 -0.3973000000000006 20.500000000000004 15.753941666666668 0.003749999999999976 55.500000000000007 0.56952631399564457 0.021761445685651484 0.65750405295897629 16.165800000000004 0.019028633811537073 0.39224999999999938 16.501500000000004 0.021011832555242495 0.019222055621392741
decision_type=2 2 2 2 2 2 2 2 2 2 2 2 2 2 2 2 2 2 2 2 2 2 2 2 2 2 2 2 2 2
left_child=-1 2 3 8 5 -4 7 -7 10 -10 -2 18 14 15 17 20 -16 -13 -3 -20 21 -14 -21 24 -23 -26 -27 -28 29 -25
right_child=1 11 4 -5 -6 6 -8 -9 9 -11 -12 12 13 -15 16 -17 -18 -19 19 22 -22 23 -24 28 25 26 27 -29 -30 -31
leaf_value=-0.049400803426028261 0.00033119595769681243 -0.0073911304640332486 -0.027859521286180175 -0.008149012897128164 -0.029983172239430742 0.022572841592037842 -0.047826684100029507 0.16371915962119393 -0.0089095956816500187 0.37539359802875299 0.02094416604439631 -0.013212819955429023 -0.0042266847707447801 0.022117811086801522 0.003429506912112773 -0.028082516542117356 -0.00065132237532832687 0.044329794979015402 -0.001041475059772339 0.0043748934135290031 -0.012260387136070833 0.0011086038586548763 0.019467280669972244 -0.027980336068346327 -0.0086773230092856545 0.015987595572562917 0.021985849173976262 0.018303235230902486 -0.0030156358637248772 0.015985452733085988
leaf_weight=5540 2779 1809 576 1160 986 152 41 26 1111 23 33 25 6032 29 6083 281 16477 39 79 39 733 846 25 39 88 193 33 33 2878 183
leaf_count=5540 2779 1809 576 1160 986 152 41 26 1111 23 33 25 6032 29 6083 281 16477 39 79 39 733 846 25 39 88 193 33 33 2878 183
internal_value=-0.00135139 -0.000504496 -0.00191317 -0.00115316 -0.00409209 -0.00196227 0.00478539 0.00773034 -0.00041764 -0.00235626 0.000364152 -0.000234589 -0.000136975 -0.000751585 0.000171851 -0.000796545 0.000141842 0.01075 -0.00193443 0.00430769 -0.000671371 -0.000476515 0.012 0.000423012 0.00225985 0.00675504 0.0102239 0.0210909 -0.000283873 0.00533333
internal_weight=48371 42831 6887 5106 1781 795 219 178 3946 1134 2812 35944 33992 11368 22624 11339 22560 64 1952 143 11058 10325 64 4293 1193 347 259 66 3100 222
internal_count=48371 42831 6887 5106 1781 795 219 178 3946 1134 2812 35944 33992 11368 22624 11339 22560 64 1952 143 11058 10325 64 4293 1193 347 259 66 3100 222
is_linear=0
shrinkage=0.08


Tree=84
num_leaves=31
num_cat=0
split_feature=10 20 42 41 41 9 9 11 42 41 40 6 6 44 42 0 10 9 40 40 28 36 0 38 11 9 40 28 32 6
split_gain=41.1369 2.41172 1.91882 1.23833 1.16093 1.0133 2.25943 0.983815 0.95534 1.40833 0.987767 0.934148 1.09642 0.950853 1.3519 0.897623 1.29621 1.20901 1.20311 1.28396 1.09249 0.992297 1.55696 2.27249 1.17054 0.996552 1.26058 0.886487 1.02683 0.881772
threshold=3.8659666666666666 8.089100000000002 0.061200075291315222 0.38290333333333337 0.34823916666666671 23.500000000000004 11.500000000000002 0.29845520880959359 0.052941183519333808 0.42891250000000009 0.02523475777467727 3.5000000000000004 14.500000000000002 45.015272745432021 0.09288793124401 0.65845000000000009 16.059203333333336 20.500000000000004 0.020277579686353155 0.018461617840689778 16.814350000000001 15.783350000000002 0.50885000000000014 1.2057500000000003 0.41361640181706844 55.500000000000007 0.015383095234290862 8.0313500000000015 7.9106500000000013 20.500000000000004
decision_type=2 2 2 2 2 2 2 2 2 2 2 2 2 2 2 2 2 2 2 2 2 2 2 2 2 2 2 2 2 2
left_child=-1 2 4 -3 -2 6 -4 -8 10 -10 -6 15 -13 29 -15 16 17 20 19 -17 -5 -19 23 24 -23 26 -26 -9 -29 -14
right_child=1 3 5 11 8 -7 7 27 9 -11 -12 12 13 14 -16 18 -18 21 -20 -21 -22 22 -24 -25 25 -27 -28 28 -30 -31
leaf_value=-0.045448739151945999 -0.008196826851815912 0.018290346079192461 -0.032962595313789957 -0.012532418610544856 -0.00085491598763224751 -0.031971338305101946 0.066862004983201953 -0.0026504716040760368 0.31062541473958577 -0.066803672628096833 -0.01098361520221666 0.00076125661180038897 -0.0039363068626512045 0.00067868163407856276 0.028746790708340093 0.003576305240843521 -0.026572762208649112 -0.0034299895865690074 -0.0032700727559309651 0.014584111495879983 0.1577011391786218 0.029888979239588127 -0.017371437860010181 0.025449759356073468 0.023336141498379068 0.012730001808975886 -0.0014404975520295371 0.041705409693531259 0.00043607404564159711 0.00067778112718671095
leaf_weight=5540 441 30 385 1204 3738 775 20 222 30 24 797 19184 8910 75 26 63 319 2036 41 23 21 25 87 20 24 29 237 31 37 3977
leaf_count=5540 441 30 385 1204 3738 775 20 222 30 24 797 19184 8910 75 26 63 319 2036 41 23 21 25 87 20 24 29 237 31 37 3977
internal_value=-0.00133981 -0.000500761 -0.00192 -0.000246843 -0.00117694 -0.00446259 -0.00224461 0.00283871 -0.000800176 0.00977778 -0.000926132 -0.00026027 -0.000114884 -0.000682478 0.0070495 -0.00139308 -0.0016032 -0.00117948 0.00522834 0.0106046 -0.00323265 -0.000156226 0.00337441 0.00585074 0.00419047 0.00275862 0.0011954 0.00165517 0.00964706 -0.000743076
internal_weight=48371 42831 6500 36331 5030 1470 695 310 4589 54 4535 36301 32172 12988 101 4129 4002 3683 127 86 1225 2458 422 335 315 290 261 290 68 12887
internal_count=48371 42831 6500 36331 5030 1470 695 310 4589 54 4535 36301 32172 12988 101 4129 4002 3683 127 86 1225 2458 422 335 315 290 261 290 68 12887
is_linear=0
shrinkage=0.08


Tree=85
num_leaves=31
num_cat=0
split_feature=10 20 42 42 41 41 41 11 40 34 44 9 41 36 28 32 41 30 41 13 12 12 34 34 22 44 20 18 7 32
split_gain=40.0883 1.97724 1.78903 1.28557 1.23431 1.07173 1.07037 0.887847 0.799586 0.783958 1.41635 1.61305 1.5637 1.50808 1.9396 1.59146 1.47586 1.31789 1.23767 1.87199 1.69647 1.46726 1.38221 1.88219 1.21502 1.27015 1.20472 1.21805 1.11047 1.60303
threshold=3.8659666666666666 8.089100000000002 0.061200075291315222 0.052941183519333808 0.38290333333333337 0.34823916666666671 0.42891250000000009 0.26100308269418365 0.024945866152383433 9.1270500000000023 24.691704395165129 5.5000000000000009 0.46945916666666671 19.675300000000004 16.066750000000003 18.200150000000004 0.46433500000000005 12.759250000000002 0.45206416666666677 1.0913886846855996 12.096125000000002 13.006340833333335 13.174300000000002 13.305350000000002 16.853850000000005 26.376409918910309 12.453450000000002 12.187650000000001 1.0000000180025095e-35 16.644450000000003
decision_type=2 2 2 2 2 2 2 2 2 2 2 2 2 2 2 2 2 2 2 2 2 2 2 2 2 2 2 2 2 2
left_child=-1 2 3 5 -3 -2 -5 -4 -7 -6 11 -11 13 14 15 18 28 -14 20 -20 24 -21 -22 -24 25 26 -12 -28 29 -16
right_child=1 4 7 6 9 8 -8 -9 -10 10 12 -13 17 -15 16 -17 -18 -19 19 21 22 -23 23 -25 -26 -27 27 -29 -30 -31
leaf_value=-0.041812840019790298 -0.0075410807036706143 0.016827118392857075 0.021117822939125921 0.28577538156041887 -0.0062071793951409982 -0.00076917565791167542 -0.06145937881784904 -0.020159430135540907 -0.0096896596295249111 -0.011708358883565792 -0.0016233942845098467 0.0047716657580279152 -0.0084802896157324652 -0.10210410284803628 0.36324018540141317 0.21720857720782299 -0.017565758668071547 0.00049525361955259041 -0.020942777602830191 -0.040789286990310876 0.0037157344402776417 0.037554019714095679 0.042685472034252117 0.017547791217521522 0.37796955163699736 -0.026333753338735826 0.057904088238743635 -0.0098646319830463011 0.011848449803665909 0.024225809573742648
leaf_weight=5540 441 30 26 30 3907 3687 24 1444 848 432 1057 3792 1653 405 20 39 45 21056 1254 260 383 504 21 62 45 1102 24 22 194 24
leaf_count=5540 441 30 26 30 3907 3687 24 1444 848 432 1057 3792 1653 405 20 39 45 21056 1254 260 383 504 21 62 45 1102 24 22 194 24
internal_value=-0.00127862 -0.00045033 -0.00173539 -0.00101789 -0.00022042 -0.00115113 0.0112593 -0.00419048 -0.000785007 -0.000233825 -0.000104713 0.00126136 -0.000309551 -0.001525 -0.00114874 -0.00153028 0.00528622 -1.72638e-05 -0.00166287 -0.00316353 -0.000547866 -4.18867e-05 0.00384549 0.0132048 -0.00145778 -0.00172336 0.000195828 0.0128696 0.00779832 0.0192727
internal_weight=48371 42831 6500 5030 36331 4976 54 1470 4535 36301 32394 4224 28170 5461 5056 4773 283 22709 4734 2018 2716 764 466 83 2250 2205 1103 46 238 44
internal_count=48371 42831 6500 5030 36331 4976 54 1470 4535 36301 32394 4224 28170 5461 5056 4773 283 22709 4734 2018 2716 764 466 83 2250 2205 1103 46 238 44
is_linear=0
shrinkage=0.08


Tree=86
num_leaves=31
num_cat=0
split_feature=10 44 42 6 7 13 36 36 11 40 38 43 11 9 40 40 43 43 12 41 43 40 12 1 13 18 41 9 6 11
split_gain=38.878 1.94518 1.45443 1.22814 0.978447 1.16528 1.02205 0.928215 0.846664 1.74828 0.83062 1.18333 1.33062 2.65662 0.920226 0.888377 1.51266 0.969192 1.10801 1.73884 0.967755 0.882005 0.907786 0.864148 0.811083 1.2907 0.80654 1.14761 1.19733 1.72702
threshold=3.8081733333333339 20.518065218955339 0.0562239500524317 14.500000000000002 4.5000000000000009 3.979183668941126 7.9742500000000005 9.1262500000000006 2.8144097501689025 0.031441886604157761 -0.3900000000000014 0.043500000000000018 0.69869356091390911 30.500000000000004 0.01893772752454603 0.018251073027232806 -0.035950000000000003 -0.03740000000000001 16.955552500000003 0.51112000000000013 -0.0021500000000000403 0.024254096364340182 15.943660000000003 1642692.6000000003 7.5939214956580479 29.745450000000002 0.51400416666666671 24.500000000000004 11.500000000000002 0.61158165571564538
decision_type=2 2 2 2 2 2 2 2 2 2 2 2 2 2 2 2 2 2 2 2 2 2 2 2 2 2 2 2 2 2
left_child=-1 2 3 4 5 6 -2 -8 9 -9 11 14 21 -14 15 16 -3 -17 -19 -20 -21 -13 -23 -12 26 -26 -25 -28 29 -29
right_child=1 10 -4 -5 -6 -7 7 8 -10 -11 23 12 13 -15 -16 17 -18 18 19 20 -22 22 -24 24 25 -27 27 28 -30 -31
leaf_value=-0.04257980461257091 0.0014455813611600195 0.021076637921095799 -0.0146849625807938 -0.0073489962303951778 -0.0069675492933982631 0.28858241809783758 -0.01831493512067648 0.00067924493849209986 -0.31269355066288851 0.22508481838614169 0.037503031528331274 -0.0014651689188699443 0.27890126262659698 -0.014938021844314314 -0.00061431869454054637 -0.01846639093488988 0.00035782588049357192 0.011470045341665205 0.0364789709599493 0.035184644652676587 -0.0073762694482771953 -0.0001231328356853234 0.043905560718953761 -0.0018182680566664444 -0.01167027157988138 0.018210912425146514 0.0084855315981568792 0.027565599890140475 -0.003683941465106812 -0.011710412513165815
leaf_weight=5349 2230 189 1529 1358 1256 25 493 96 59 20 25 132 32 27 7010 47 1912 353 21 36 31 20 23 22690 646 76 1137 221 1188 140
leaf_count=5349 2230 189 1529 1358 1256 25 493 96 59 20 25 132 32 27 7010 47 1912 353 21 36 31 20 23 22690 646 76 1137 221 1188 140
internal_value=-0.0012687 -0.000468971 -0.00168242 -0.00107929 -0.000400098 0.000402324 0.000253966 -0.00249102 0.00251428 0.00648276 -0.000230506 0.000396215 0.00601709 0.0164068 0.000259192 0.00154809 0.000833887 0.00462295 0.00578685 0.0138182 0.00752239 0.00251428 0.0124651 -0.000466411 -0.000480652 -0.00312466 -0.000405424 0.000905434 -0.0005113 0.00352354
internal_weight=48371 43022 7066 5537 4179 2923 2898 668 175 116 35956 9833 234 59 9599 2589 2101 488 441 88 67 175 43 26123 26098 722 25376 2686 1549 361
internal_count=48371 43022 7066 5537 4179 2923 2898 668 175 116 35956 9833 234 59 9599 2589 2101 488 441 88 67 175 43 26123 26098 722 25376 2686 1549 361
is_linear=0
shrinkage=0.08


Tree=87
num_leaves=31
num_cat=0
split_feature=10 4 42 24 26 6 38 28 38 6 9 36 41 36 11 1 13 39 43 38 30 9 40 20 9 39 13 24 11 12
split_gain=38.9161 2.01557 1.52128 1.28286 1.41406 0.857704 0.802307 0.725341 0.706656 0.868271 1.21397 1.02183 0.934848 1.07477 0.863241 1.81649 1.40741 1.27821 0.933938 1.27463 0.857427 1.24625 1.34508 1.02661 0.923981 1.89263 1.01583 0.90594 0.807234 0.812749
threshold=3.6802900000000007 1231.2350000000004 0.079038150268590138 4.0259500000000008 3.5455000000000005 13.500000000000002 0.44740000000000096 3.9127000000000005 0.081399999999999265 13.500000000000002 55.500000000000007 17.087300000000003 0.51400416666666671 16.884650000000004 6.5210041073070242 2043137.7500000002 6.674867710122709 0.46370333333333341 0.011600000000000029 0.023700000000001168 21.098700000000004 48.500000000000007 0.018839743957289139 22.791000000000004 28.500000000000004 0.57367666666666672 0.48976119824451536 18.427000000000003 0.56952631399564457 10.705385833333336
decision_type=2 2 2 2 2 2 2 2 2 2 2 2 2 2 2 2 2 2 2 2 2 2 2 2 2 2 2 2 2 2
left_child=-1 2 3 5 -5 6 -2 -8 14 -10 11 12 28 -14 20 16 -16 -17 -19 -20 27 24 -23 -24 25 -22 -27 -3 -11 -30
right_child=1 8 -4 4 -6 -7 7 -9 9 10 -12 -13 13 -15 15 17 -18 18 19 -21 21 22 23 -25 -26 26 -28 -29 29 -31
leaf_value=-0.049599018806644114 -0.0041461257851055557 -0.00010203689869489976 -0.018527571046803592 0.0057814214353170239 -0.0025681528546987087 -0.0097821038876327836 -0.0036570636461118709 0.0093776080979237984 -0.00062269068931408201 -0.0056192710197759486 -0.015908218784862954 -0.0089540356278960606 0.0066543859297414675 0.025421845817607449 0.025220945456113752 0.013673130802559406 0.0014667049274369704 -0.0018511228820008458 0.0051913305446328597 0.011172090649041471 -0.014960697975097127 0.029124449376945308 -0.032513774386078678 0.17392227390332143 -0.014294966399125324 -0.001162978858965643 0.00920108733640858 0.014698802174049022 0.034285104341362893 -0.00043733169947054437
leaf_weight=4967 569 15979 956 24 5308 546 27 30 10167 2806 400 1215 214 26 28 46 23 669 208 27 217 32 69 25 688 23 70 1160 228 1624
leaf_count=4967 569 15979 956 24 5308 546 27 30 10167 2806 400 1215 214 26 28 46 23 669 208 27 217 32 69 25 688 23 70 1160 228 1624
internal_value=-0.00124389 -0.000476271 -0.00167292 -0.00123493 -0.000708179 -0.0036314 -0.00161023 0.00743859 -0.000227912 -0.000609115 -0.00133026 -0.00105088 -0.000535731 0.00433333 0.000102158 0.00238961 0.017098 0.0016 0.000938051 0.00527659 -2.32182e-05 -0.0021637 0.00533333 0.000510636 -0.00311022 0.000516127 0.0100645 0.000117158 -0.000786606 0.000509717
internal_weight=48371 43404 7460 6504 5332 1172 626 57 35944 16680 6513 6113 4898 240 19264 1001 51 950 904 235 18263 1124 126 94 998 310 93 17139 4658 1852
internal_count=48371 43404 7460 6504 5332 1172 626 57 35944 16680 6513 6113 4898 240 19264 1001 51 950 904 235 18263 1124 126 94 998 310 93 17139 4658 1852
is_linear=0
shrinkage=0.08


Tree=88
num_leaves=31
num_cat=0
split_feature=10 4 42 5 10 11 39 24 26 43 7 42 13 11 12 34 1 36 40 9 11 36 28 40 13 3 41 22 34 20
split_gain=38.5341 1.89385 1.33662 1.1472 0.896002 1.55925 0.758444 1.92355 1.5314 0.974041 0.778716 1.8254 0.958057 1.71529 2.48889 1.31403 0.861329 1.02023 1.14405 0.818385 0.973066 0.782609 0.767768 1.16667 0.75641 0.736055 0.700861 1.72068 0.692056 0.647314
threshold=3.6802900000000007 1231.2350000000004 0.079038150268590138 8.5000000000000018 7.202723333333334 0.38530112583369275 0.3846533333333334 5.9593500000000015 4.516350000000001 -0.058849999999999979 1.0000000180025095e-35 0.019222055621392741 0.81922030724328232 0.57489242715296529 7.3737241666666682 5.968300000000001 1523051.9500000002 4.4414000000000007 0.018792490900821624 37.500000000000007 0.19721105744744474 4.5178000000000011 6.6362000000000014 0.019975628007232137 0.96429566833778113 141.65000000000001 0.44209666666666675 8.0335500000000017 6.8065000000000007 5.9472500000000013
decision_type=2 2 2 2 2 2 2 2 2 2 2 2 2 2 2 2 2 2 2 2 2 2 2 2 2 2 2 2 2 2
left_child=-1 2 3 -2 5 -4 8 -8 9 -5 11 -10 19 14 15 -14 17 18 -13 20 21 -12 -22 -24 25 28 29 -28 -15 -9
right_child=1 -3 4 6 -6 -7 7 26 10 -11 12 16 13 24 -16 -17 -18 -19 -20 -21 22 -23 23 -25 -26 -27 27 -29 -30 -31
leaf_value=-0.045631097302112594 -0.005439430608180933 -0.00060786347066780957 0.02129778683699373 0.010021875970795718 -0.017926975926783779 -0.073434299866094288 0.014602514547845538 0.016437696413886212 0.013326393368917739 -0.0023644071029180003 0.0047574206759570361 -0.0063044174406159479 0.016512940653578424 0.00584469298435129 -0.0066243061659997746 0.022328761697920349 0.039815270943313268 -0.0047703992802512543 0.0068381687465420152 -0.0062244210764564661 -0.0037636836903158868 0.008668567148938237 0.02671849839534492 -0.0014130837196526336 -0.019813938876602294 -0.043279152519572657 0.02017877436709575 -0.0048810520136676029 0.018448301335568212 -0.011030112946471649
leaf_weight=4967 1098 35944 21 20 913 22 21 26 40 1402 23 21 26 44 45 34 21 128 35 266 282 23 28 56 93 20 31 87 30 2604
leaf_count=4967 1098 35944 21 20 913 22 21 26 40 1402 23 21 26 44 45 34 21 128 35 266 282 23 28 56 93 20 31 87 30 2604
internal_value=-0.00121246 -0.000448624 -0.00160858 -0.00119803 -0.00440168 0.00688372 -0.000719203 -0.00164392 0.000251799 -0.00153024 0.00233745 0.00636735 0.00131959 0.00515068 0.0133333 0.024 0.00331707 0.00156522 0.0105714 -0.000330385 0.00190291 0.0128696 0.000524588 0.00723809 0.000556148 0.00561702 -0.00182824 0.00420339 0.0092973 -0.00209886
internal_weight=48371 43404 7460 6504 956 43 5406 2769 2637 1422 1215 245 970 292 105 60 205 184 56 678 412 46 366 84 187 94 2748 118 74 2630
internal_count=48371 43404 7460 6504 956 43 5406 2769 2637 1422 1215 245 970 292 105 60 205 184 56 678 412 46 366 84 187 94 2748 118 74 2630
is_linear=0
shrinkage=0.08


Tree=89
num_leaves=31
num_cat=0
split_feature=10 20 10 41 6 41 11 12 39 26 28 32 6 4 6 36 39 10 41 22 4 13 24 34 26 3 6 36 41 34
split_gain=37.8745 1.83052 1.57295 1.23163 0.877382 1.3507 0.798773 0.7496 2.72727 0.745802 1.34677 1.09394 0.653503 0.983604 1.75586 1.43045 1.43318 2.01975 1.01767 2.57346 1.66976 1.49294 1.80804 1.34454 1.04875 0.985538 0.856909 1.52961 1.19922 1.4339
threshold=3.6802900000000007 8.089100000000002 10.46241666666667 0.38290333333333337 14.500000000000002 0.42891250000000009 2.1669279756357778 10.476565833333334 0.39180666666666675 7.7911500000000009 7.048750000000001 7.7910500000000011 3.5000000000000004 1400.4100000000003 21.500000000000004 9.1859500000000018 0.41255666666666674 9.1689799999999995 0.44135333333333343 8.9558000000000018 1283.3900000000003 0.91407483599784733 8.6680500000000027 9.7774500000000018 9.8537000000000017 171.65000000000001 15.500000000000002 7.852100000000001 0.47521750000000001 12.088700000000001
decision_type=2 2 2 2 2 2 2 2 2 2 2 2 2 2 2 2 2 2 2 2 2 2 2 2 2 2 2 2 2 2
left_child=-1 2 4 -3 5 7 -6 -2 -9 -5 11 -11 -12 14 15 16 17 25 21 20 -20 22 -17 -24 -25 -14 -15 -28 29 -29
right_child=1 3 -4 9 6 -7 -8 8 -10 10 12 -13 13 26 -16 18 -18 -19 19 -21 -22 -23 23 24 -26 -27 27 28 -30 -31
leaf_value=-0.041980609517943607 -0.00073835947183969672 0.013978492462825898 -0.027753793396788757 -0.013061477145000357 -0.0067550618774959671 -0.012542977267836097 0.027233046453997503 -0.11079335437988708 0.14141034140500533 0.39692193321465058 -0.003327954912893556 0.03440013024370444 0.0017053371254748368 0.00033298980657546772 -0.0051634846236024217 0.07375613893086802 -0.012268838422898963 0.23338812914994564 0.016646460371692477 0.017473085537739946 0.022972836559267521 -0.0099445943333432846 -0.0057457525731728458 0.07891888188622441 0.0035156338124009657 0.053992544732021565 0.01184996101282124 -0.0033675288575718706 -0.00055644684336936625 -0.019829780273328518
leaf_weight=4967 4164 30 408 595 1522 910 25 24 20 24 3702 20 422 19436 858 20 215 35 28 188 49 252 72 35 33 21 23 2312 6717 1244
leaf_count=4967 4164 30 408 595 1522 910 25 24 20 24 3702 20 422 19436 858 20 215 35 28 188 49 252 72 35 33 21 23 2312 6717 1244
internal_value=-0.00118931 -0.000432036 -0.0016095 -0.000202804 -0.00131433 -0.000809693 -0.00298384 -0.000205325 0.0101818 -0.000216194 -0.000169385 0.0138182 -0.000186643 -7.00895e-05 0.00155117 0.00332847 0.000773447 0.00321339 0.00594387 0.00981132 0.0221299 0.00345631 0.0095 0.00628571 0.0143529 0.00175169 -0.00019158 -0.000781665 -0.000827803 -0.00201575
internal_weight=48371 43404 7073 36331 6665 5118 1547 4208 44 36301 35706 44 35662 31960 2228 1370 693 478 677 265 77 412 160 140 68 443 29732 10296 10273 3556
internal_count=48371 43404 7073 36331 6665 5118 1547 4208 44 36301 35706 44 35662 31960 2228 1370 693 478 677 265 77 412 160 140 68 443 29732 10296 10273 3556
is_linear=0
shrinkage=0.08


Tree=90
num_leaves=31
num_cat=0
split_feature=10 20 10 41 6 41 41 12 3 36 13 6 9 32 6 6 36 6 41 43 12 40 36 40 12 42 6 11 42 28
split_gain=36.8559 1.66362 1.61754 1.2313 0.792192 1.12724 0.92935 0.741084 0.915968 1.7753 1.92251 1.70669 2.34314 1.65854 1.57092 2.03107 1.53248 1.33144 1.29065 1.94309 1.27501 1.21659 1.2066 1.20299 1.16479 1.15185 1.14977 1.46696 1.59391 1.3534
threshold=3.6802900000000007 8.089100000000002 10.46241666666667 0.38290333333333337 14.500000000000002 0.42812000000000006 0.42633000000000004 15.481107500000002 206.05000000000004 10.473650000000001 1.0722616377009897 22.500000000000004 38.500000000000007 8.0869500000000016 18.500000000000004 6.5000000000000009 11.760850000000001 20.500000000000004 0.45206416666666677 -0.019999999999999987 11.225734166666669 0.025422086385073869 8.8335000000000026 0.016940291501353687 11.886788333333337 0.021938775039771753 9.5000000000000018 0.45672760126137674 0.018410388977887642 15.451850000000002
decision_type=2 2 2 2 2 2 2 2 2 2 2 2 2 2 2 2 2 2 2 2 2 2 2 2 2 2 2 2 2 2
left_child=-1 2 4 -3 5 6 -2 8 9 -5 16 14 13 -13 15 22 23 20 19 21 -18 -17 -10 -11 -23 -25 -20 -28 -29 -30
right_child=1 3 -4 7 -6 -7 -8 -9 11 10 -12 12 -14 -15 -16 18 17 -19 26 -21 -22 24 -24 25 -26 -27 27 28 29 -31
leaf_value=-0.038622160756508137 -0.0006931812884558591 0.012860213065799826 -0.025533489925045651 -0.0027880942444429651 -0.0059144142473504671 -0.011579338573616838 0.055957121060660975 0.00031130046770228264 -0.000884262870247619 0.019266344938709493 0.00099309702516597463 0.02934587011393925 0.72501796819835507 -0.011281909850862384 -0.017184327480712195 0.010887612869549515 0.031862418970995489 0.04857134426869128 -0.0071227175340773247 0.0032798447383762244 -0.0012883518503293417 0.17040400489167923 -0.03006270711916666 0.00016299430378365794 0.25867074145199043 0.016890794037704351 -0.010655343950911509 0.26802045665624297 0.098560940689635321 -0.011075258414231452
leaf_weight=4967 4157 30 408 6213 1547 932 29 18999 510 65 1687 21 29 88 2132 142 25 37 2291 613 33 28 1055 396 38 174 429 23 955 318
leaf_count=4967 4157 30 408 6213 1547 932 29 18999 510 65 1687 21 29 88 2132 142 25 37 2291 613 33 28 1055 396 38 174 429 23 955 318
internal_value=-0.00116616 -0.000419134 -0.00154164 -0.000200602 -0.00124231 -0.0007628 -0.000202582 -0.000213991 -0.000592766 -9.2719e-06 0.00183037 -0.00117343 0.00765217 0.00227523 -0.00131615 -0.000689786 0.00526027 0.0147368 0.000120734 0.00301096 0.00717241 0.00969231 -0.00319489 0.00384252 0.0186667 0.00266666 -0.000470121 0.00108985 0.0024321 0.00205499
internal_weight=48371 43404 7073 36331 6665 5118 4186 36301 17302 8630 2417 8672 138 109 8534 6402 730 95 4837 821 58 208 1565 635 66 570 4016 1725 1296 1273
internal_count=48371 43404 7073 36331 6665 5118 4186 36301 17302 8630 2417 8672 138 109 8534 6402 730 95 4837 821 58 208 1565 635 66 570 4016 1725 1296 1273
is_linear=0
shrinkage=0.08


Tree=91
num_leaves=31
num_cat=0
split_feature=10 12 34 36 0 6 36 18 5 32 6 41 34 0 38 0 11 11 32 32 42 10 3 36 26 42 7 7 36 13
split_gain=34.465 1.68706 1.38775 1.60264 1.49438 1.5509 1.45387 1.3944 1.20178 1.13262 1.07774 1.08035 0.966098 0.935409 0.852187 1.24373 0.948702 0.898271 1.2 0.9 0.860913 0.846631 1.13028 1.23518 0.994222 0.880542 1.11268 1.12732 1.38565 1.31787
threshold=3.6104100000000008 15.481107500000002 15.312850000000003 11.922350000000003 0.49685000000000007 3.5000000000000004 14.317750000000002 24.442750000000004 8.5000000000000018 25.096550000000004 8.5000000000000018 0.49015416666666672 15.115150000000002 0.54295000000000015 -0.90269999999999928 0.57325000000000015 0.64215259315780826 0.61484322911904343 9.129150000000001 11.238950000000001 0.091391789785855826 7.202723333333334 141.65000000000001 9.2530000000000019 4.4407500000000004 0.021097807172751133 5.5000000000000009 1.0000000180025095e-35 4.4414000000000007 0.83951325354901851
decision_type=2 2 2 2 2 2 2 2 2 2 2 2 2 2 2 2 2 2 2 2 2 2 2 2 2 2 2 2 2 2
left_child=-1 2 6 7 5 -5 8 13 -2 12 -7 -12 14 -4 15 16 17 20 -19 -20 -10 24 23 -23 -16 26 27 28 -26 -29
right_child=1 -3 3 4 -6 10 -8 -9 9 -11 11 -13 -14 -15 21 -17 -18 18 19 -21 -22 22 -24 -25 25 -27 -28 29 -30 -31
leaf_value=-0.039091586236852861 -0.0053635509320037987 0.00028639643028596258 0.12401936033218093 -0.038069014920080607 -0.042339833811318561 0.0072986732209929716 0.0070012932198110188 0.012575349268754841 0.0044760090681955581 0.025149184162814246 -0.010254613531147079 0.32444991574527726 0.094022812980356557 -0.0065274307510760502 -0.0017167992513782428 0.037036410096367788 -0.013620417526877955 0.37957954271007438 -0.026224773823386283 0.25355907251316334 0.032778480138445074 -0.021981943787831314 -0.0032481075722353894 0.052806879753203549 0.0059737869555705767 -0.00052372962677924972 0.025469289795708713 0.00015563436791900088 0.0058396769702283259 0.021020981527655417
leaf_weight=4776 1273 18999 39 322 712 483 1336 30 774 22 774 20 24 47 1269 28 797 20 20 20 22 1172 13716 46 57 752 26 579 147 69
leaf_count=4776 1273 18999 39 322 712 483 1336 30 774 22 774 20 24 47 1269 28 797 20 20 20 22 1172 13716 46 57 752 26 579 147 69
internal_value=-0.00114631 -0.000439502 -0.000876892 -0.00269304 -0.00315362 -0.00179612 -0.000678066 0.00648276 -0.000842127 -0.000687118 -0.000545029 -0.00235768 -0.000707546 0.00130232 -0.000727275 0.000994644 0.000711432 0.00256075 0.012 0.004 0.00184924 -0.000889589 -0.00113245 -0.00346798 0.000361502 0.00166871 0.00338952 0.00289202 0.00807843 0.00125926
internal_weight=48371 43595 24596 2427 2311 1599 22169 116 20833 19560 1277 794 19538 86 19514 1681 1653 856 60 40 796 17833 14934 1218 2899 1630 878 852 204 648
internal_count=48371 43595 24596 2427 2311 1599 22169 116 20833 19560 1277 794 19538 86 19514 1681 1653 856 60 40 796 17833 14934 1218 2899 1630 878 852 204 648
is_linear=0
shrinkage=0.08


Tree=92
num_leaves=31
num_cat=0
split_feature=10 5 6 40 34 6 9 28 36 44 41 42 24 32 9 42 18 34 42 44 36 11 18 9 42 38 36 40 13 7
split_gain=34.2071 1.76336 1.19051 1.27329 1.23505 1.17342 1.04691 0.978417 0.998675 0.974955 1.22394 1.39344 2.11722 1.00196 0.884223 0.882934 0.881286 0.847758 1.22257 0.956822 1.00595 0.835013 0.757779 1.14433 0.823301 1.97991 0.990221 0.719632 0.705365 0.878972
threshold=3.5544666666666673 8.5000000000000018 2.5000000000000004 0.024013629066682751 16.605900000000002 14.500000000000002 55.500000000000007 15.785800000000002 6.6458000000000004 30.314889700253172 0.41945000000000005 0.042040814809684308 8.5040500000000012 5.968300000000001 12.500000000000002 0.026064629741207376 5.9398000000000009 8.6633000000000013 0.021658076023924503 19.505383065741078 8.9469500000000011 0.28798135268077391 15.072800000000003 27.500000000000004 0.018969408244597679 -0.6657500000000004 30.487450000000003 0.02475847906126518 6.6218835662168045 2.0000000000000004
decision_type=2 2 2 2 2 2 2 2 2 2 2 2 2 2 2 2 2 2 2 2 2 2 2 2 2 2 2 2 2 2
left_child=-1 27 3 7 9 28 -7 8 15 10 11 13 -13 -5 -10 -3 -16 -15 -19 20 -20 -18 23 -9 25 -24 -26 -2 29 -4
right_child=1 2 5 4 -6 6 -8 22 14 -11 -12 12 -14 17 16 -17 21 18 19 -21 -22 -23 24 -25 26 -27 -28 -29 -30 -31
leaf_value=-0.041249861712690503 -0.0052072123582315114 0.0046716293586573981 0.002645039355755508 0.016042735144918024 -0.027226428472379532 -0.001829197859982466 -0.0093351283343748055 -0.014512151926199488 -0.019244635958528222 0.0010897090373320744 -0.046120656690491327 -0.043742207893025277 0.99802329479725371 -0.025697583110888014 0.023855208970291981 0.037290446111531164 0.027601914974272005 0.023690054899287372 -0.019226980243204638 -0.013163907915376928 0.18468504137112152 -0.003999246718523859 0.021048494215421005 0.022955456983201589 -0.0014060677774812113 0.0052866848098128919 0.010321461889854468 0.0030858810045987783 -0.0037179856041060196 -0.00013638671357268987
leaf_weight=4585 1326 290 6790 21 354 13197 940 25 602 393 406 38 24 528 37 25 21 35 24 158 32 1878 21 33 346 59 40 129 1970 14044
leaf_count=4585 1326 290 6790 21 354 13197 940 25 602 393 406 38 24 528 37 25 21 35 24 158 32 1878 21 33 346 59 40 129 1970 14044
internal_value=-0.00111158 -0.000423151 -0.000329028 -0.00143971 -0.00303229 -0.000166971 -0.000739621 -0.000490378 -0.00107396 -0.00211694 -0.00319747 -0.00148837 0.0100645 -0.00238597 -0.00160126 0.0031746 -0.000768597 -0.002852 0.000995982 -0.00127103 0.00771428 -0.00100685 0.00268702 0.0113103 0.00161373 0.009 8.28996e-05 -0.00316151 0.000188035 0.000324852
internal_weight=48371 43786 42331 5390 2013 36941 14137 3377 2853 1659 1266 860 62 798 2538 315 1936 777 249 214 56 1899 524 58 466 80 386 1455 22804 20834
internal_count=48371 43786 42331 5390 2013 36941 14137 3377 2853 1659 1266 860 62 798 2538 315 1936 777 249 214 56 1899 524 58 466 80 386 1455 22804 20834
is_linear=0
shrinkage=0.08


Tree=93
num_leaves=31
num_cat=0
split_feature=10 44 6 11 6 34 7 34 43 26 32 11 40 1 0 39 32 22 3 32 1 28 10 9 12 44 36 18 6 6
split_gain=33.2959 1.72447 0.823712 0.983709 1.17645 0.94517 1.31859 1.92857 0.896774 1.02757 1.01324 1.00723 0.892564 0.691531 0.856512 0.690532 0.820171 0.658503 1.19581 1.35087 0.651034 1.17985 1.04297 2.01221 1.03584 1.14262 2.14682 1.05751 1.03912 1.02234
threshold=3.5544666666666673 20.518065218955339 15.500000000000002 3.8138541125952554 3.5000000000000004 11.13855 4.5000000000000009 14.409650000000001 0.054200000000000005 7.8525500000000008 7.5992000000000006 0.2302732654375643 0.07275090872648883 1642692.6000000003 0.37545000000000006 0.41255666666666674 9.5862000000000016 9.0751000000000008 153.95000000000002 9.1884000000000015 2084386.2500000002 8.8353500000000018 8.8828233333333344 54.500000000000007 15.481107500000002 24.95872980195038 12.440150000000001 12.622800000000002 4.5000000000000009 18.500000000000004
decision_type=2 2 2 2 2 2 2 2 2 2 2 2 2 2 2 2 2 2 2 2 2 2 2 2 2 2 2 2 2 2
left_child=-1 2 3 5 -5 8 7 -7 15 10 11 -10 -6 -3 17 16 -2 -15 19 -19 21 -16 23 -23 28 26 -26 -27 -22 -30
right_child=1 13 -4 4 12 6 -8 -9 9 -11 -12 -13 -14 14 20 -17 -18 18 -20 -21 24 22 -24 -25 25 27 -28 -29 29 -31
leaf_value=-0.037949872775675256 -0.0021324155245964088 0.041858839213213039 -0.0059125082842983638 -0.036556824762005474 -0.015520106717830676 0.36196049420433246 -0.14267472447312116 -0.01247016004820623 0.011245098015141978 -0.023720803384000302 0.038443322974927037 0.002696200334870212 0.012534243700952548 -0.017529572575023224 -0.0027021720116374858 -0.017953931956049062 0.048219898218092201 0.40233994508336124 -0.0095758955115463878 -0.017061441371579916 -0.012572684001254797 0.011286011211596798 0.0044918939829075343 0.072566949935585795 -0.003992597806581866 -0.012027977225642195 0.054221201902439092 0.00049200277438793351 3.0786430207067839e-05 -0.0070157239661620486
leaf_weight=4585 5132 33 1657 384 48 24 32 32 32 66 27 101 52 469 1473 222 21 20 88 22 1523 301 1056 27 48 674 34 18217 7776 4195
leaf_count=4585 5132 33 1657 384 48 24 32 32 32 66 27 101 52 469 1473 222 21 20 88 22 1523 301 1056 27 48 674 34 18217 7776 4195
internal_value=-0.00109504 -0.000415843 -0.0014917 -0.00106658 -0.00452893 -0.000772018 0.00745454 0.0148571 -0.00090127 0.0040354 0.0075 0.00463158 0.0032 -0.000181557 -0.000192191 -0.00110884 -0.000920631 -0.00319199 0.00184615 0.0129524 -0.000141322 0.00101645 0.00269364 0.00663414 -0.000243203 0.000137878 0.00956097 9.69755e-05 -0.000779015 -0.000528613
internal_weight=48371 43786 7830 6173 484 5689 88 56 5601 226 160 133 100 35956 35923 5375 5153 599 130 42 35324 2857 1384 328 32467 18973 82 18891 13494 11971
internal_count=48371 43786 7830 6173 484 5689 88 56 5601 226 160 133 100 35956 35923 5375 5153 599 130 42 35324 2857 1384 328 32467 18973 82 18891 13494 11971
is_linear=0
shrinkage=0.08


Tree=94
num_leaves=31
num_cat=0
split_feature=10 24 26 6 10 42 44 44 5 42 13 36 13 22 18 22 1 20 41 32 34 43 44 40 13 0 6 13 11 41
split_gain=32.3783 1.85423 1.49986 1.44316 1.18334 1.20112 1.12874 1.90451 1.10518 1.06406 1.09608 1.01524 0.997661 1.22166 0.991472 0.96578 1.07529 0.966548 1.03154 1.61922 1.03546 1.20712 0.901845 0.879222 0.803335 0.802571 0.794514 0.774558 0.84 0.759193
threshold=3.4225133333333333 4.0259500000000008 3.5455000000000005 2.5000000000000004 6.8571133333333352 0.019453150406252871 30.544253903387048 30.771182113675689 9.5000000000000018 0.026064629741207376 0.67755272131708055 15.567900000000002 0.46014962997477332 8.1483000000000008 6.6336000000000004 7.2322500000000014 3484257.7000000007 15.013250000000001 0.49150416666666674 15.064500000000001 15.892250000000002 -0.024699999999999969 12.668535275711227 0.024100304285660915 7.5265386786934982 0.62075000000000014 14.500000000000002 0.95139905755735554 0.27876947174462419 0.42043083333333342
decision_type=2 2 2 2 2 2 2 2 2 2 2 2 2 2 2 2 2 2 2 2 2 2 2 2 2 2 2 2 2 2
left_child=-1 8 -3 4 5 14 12 11 26 10 -7 -8 13 -6 -4 -9 17 -17 19 -19 21 -21 -10 27 -5 -18 -2 -14 -29 -25
right_child=1 2 3 24 6 9 7 15 22 -11 -12 -13 23 -15 -16 16 25 18 -20 20 -22 -23 -24 29 -26 -27 -28 28 -30 -31
leaf_value=-0.044819483820612585 -0.0022794382247820271 0.0071345695715286754 0.017022362032102504 -0.00020762058869599302 0.020665676138433682 0.037703704808669601 0.012805477404436241 0.011541989913316978 0.01273638508323759 0.017719600544153828 -0.0029491755942265157 0.015173493894983819 -0.011643177393242495 0.00098836882629054802 0.0060198371861811895 -0.022951313148444969 -0.0094365300162226173 0.033767487735575578 -0.010472432305808582 0.018705070475533277 0.021987833331174742 -0.019078826010222764 -0.0010744393422490257 -0.014238626344437223 -0.0055790574329522133 0.0018931642724357867 -0.007075503448918009 0.0247410752409668 -0.0020836366738863263 -0.03323155926237395
leaf_weight=4203 1022 32 20 35701 23 39 22 35 22 31 340 25 1064 218 26 39 885 21 78 33 38 59 24 741 1127 186 846 20 863 588
leaf_count=4203 1022 32 20 35701 23 39 22 35 22 31 340 25 1064 218 26 39 885 21 78 33 38 59 24 741 1127 186 846 20 863 588
internal_value=-0.00106196 -0.000423476 -0.000313156 -0.000326277 -0.00154839 0.00235088 -0.00190847 -5.63175e-06 -0.00285894 0.000975608 -0.000189976 0.0158298 -0.00267728 0.00229045 0.0146087 -0.000547309 -0.000890218 0.00364179 0.00562445 0.00948344 0.00615384 0.00156522 0.0093913 -0.00304274 -0.000147281 -0.00202428 -0.0031606 -0.00195994 -0.000208382 -0.00462905
internal_weight=48371 44168 42254 42222 5394 456 4938 1421 1914 410 379 47 3517 241 46 1374 1339 268 229 151 130 92 46 3276 36828 1071 1868 1947 883 1329
internal_count=48371 44168 42254 42222 5394 456 4938 1421 1914 410 379 47 3517 241 46 1374 1339 268 229 151 130 92 46 3276 36828 1071 1868 1947 883 1329
is_linear=0
shrinkage=0.08


Tree=95
num_leaves=31
num_cat=0
split_feature=10 1 6 40 36 5 28 38 1 6 6 10 42 11 11 41 32 9 26 43 10 43 40 11 12 11 12 41 10 13
split_gain=32.0992 1.65126 1.38545 0.991763 1.07808 1.01349 0.959454 1.52255 1.56525 0.897574 0.99697 1.27709 1.29293 1.58625 1.26006 1.09904 1.38856 1.04899 1.02921 1.00566 0.997164 0.983545 0.917487 2.09726 2.49084 3.01163 2.57857 2.4381 1.94279 1.82733
threshold=3.4225133333333333 895582.40000000002 2.5000000000000004 0.024945866152383433 17.591800000000003 38.500000000000007 7.5992000000000006 0.31705000000000011 5019635.1500000013 13.500000000000002 11.500000000000002 3.9314266666666673 0.024557510815563569 0.63738671346627507 0.24799755132417786 0.39707333333333333 8.0304500000000019 4.5000000000000009 4.234700000000001 0.054200000000000005 23.792616666666671 -0.055050000000000009 0.051687529102833689 0.98850022651742864 16.506201666666669 2.9741423909215192 17.300275000000003 0.50496583333333345 17.689833333333336 2.2212646886716985
decision_type=2 2 2 2 2 2 2 2 2 2 2 2 2 2 2 2 2 2 2 2 2 2 2 2 2 2 2 2 2 2
left_child=-1 -2 3 -3 5 -5 7 8 -7 10 15 -12 13 18 -14 19 -17 -16 -13 21 -18 -4 23 -19 29 26 27 -26 -27 -25
right_child=1 2 9 4 -6 6 -8 -9 -10 -11 11 12 14 -15 17 16 20 22 -20 -21 -22 -23 -24 24 25 28 -28 -29 -30 -31
leaf_value=-0.041233925114963592 -0.0038599541967309641 -0.0014969399133519783 0.041320787127013328 -0.0140843453815819 -0.031518942053453264 0.053821451357145736 -0.0018570968937096622 -0.017547214592019567 0.016033380385138418 -0.0017999974251353711 0.0078194594396174284 -0.0070518961713669061 0.24522309475334964 -0.018362159542905269 -0.028648690754144251 -0.013217678607276316 4.2518222721920735e-05 0.0081462493413179231 0.0034476538908980738 0.025459363487768134 -0.029566101153520617 0.0022929730102389159 0.00082373675879693191 0.42338245121847701 0.35558949927716593 0.25857212214047864 0.857356097866939 0.26336203930769603 -0.023553865178341713 -0.20379798839618996
leaf_weight=4203 1730 3639 25 1228 321 23 114 35 29 16075 27 125 21 408 127 784 14697 659 2043 38 187 1056 487 37 28 38 20 42 49 76
leaf_count=4203 1730 3639 25 1228 321 23 114 35 29 16075 27 125 21 408 127 784 14697 659 2043 38 187 1056 487 37 28 38 20 42 49 76
internal_value=-0.00103384 -0.000398118 -0.000299356 -0.00149787 -0.00306286 -0.00212177 0.00314428 0.00947126 0.0181538 -0.000125026 0.000219699 0.0013241 0.00121154 0.000105588 0.0030101 -5.57593e-05 -0.000228748 0.00274856 0.000966788 0.0023664 -5.59009e-05 0.00191674 0.0033649 0.00481349 0.0104828 0.0164068 0.0266667 0.0194286 0.0057931 0.00120354
internal_weight=48371 44168 42438 5389 1750 1429 201 87 52 37049 20974 4187 4160 2576 1584 16787 15668 1563 2168 1119 14884 1081 1436 949 290 177 90 70 87 113
internal_count=48371 44168 42438 5389 1750 1429 201 87 52 37049 20974 4187 4160 2576 1584 16787 15668 1563 2168 1119 14884 1081 1436 949 290 177 90 70 87 113
is_linear=0
shrinkage=0.08


Tree=96
num_leaves=31
num_cat=0
split_feature=10 24 36 6 40 41 36 39 10 9 11 44 28 6 39 26 36 13 38 32 39 9 10 1 18 0 40 5 7 9
split_gain=31.4975 1.65496 1.45454 1.08947 1.16153 1.49824 1.60776 1.02529 1.11065 0.944066 1.27861 1.06839 0.901845 0.829838 0.867066 1.01527 1.17056 0.823023 1.57934 0.814414 0.797115 1.12068 1.00546 1.52988 1.58709 1.7963 0.911932 0.871591 1.31703 0.748309
threshold=3.4225133333333333 4.0259500000000008 3.4807000000000006 3.5000000000000004 0.038287641297809698 0.40159916666666673 8.8335000000000026 0.44007333333333337 12.331753333333335 3.5000000000000004 0.2638234714529461 14.212463912487125 7.5268000000000006 15.500000000000002 0.56430000000000013 26.003550000000004 12.176050000000002 0.4216480159312716 -0.21684999999999996 16.464800000000004 0.38299 10.500000000000002 15.62640666666667 3327878.5500000003 15.013250000000001 0.47635000000000005 0.017750725000779718 31.500000000000004 3.5000000000000004 12.500000000000002
decision_type=2 2 2 2 2 2 2 2 2 2 2 2 2 2 2 2 2 2 2 2 2 2 2 2 2 2 2 2 2 2
left_child=-1 -2 -3 4 9 -6 7 -7 12 19 -11 -12 -9 -5 15 -15 -17 18 -13 -4 21 -19 29 -24 25 -25 27 28 -26 -22
right_child=1 2 3 13 5 6 -8 8 -10 10 11 17 -14 14 -16 16 -18 20 -20 -21 22 -23 23 24 26 -27 -28 -29 -30 -31
leaf_value=-0.037935211105766524 -0.0033830672189530914 0.0096616986209290528 -0.020640729096810664 0.00041761709162204606 0.2829470394359993 -0.012046213832877177 -0.045536347935563493 0.009322749749713229 0.00013686011896251257 0.03312098027810835 0.013254062015995358 0.026734902416908915 0.24085110195538298 -0.0019998503697268048 -0.021652596680206436 0.022310559052027782 -0.0021268572989243087 0.020322073330811801 -0.0086332218812835929 0.0091429560678451278 -0.016414673027324161 0.0022358948983790474 0.034318089379703681 0.021276308391884591 0.023377238333238255 0.0089765644670345961 -0.00284107305719721 0.0014670778251359689 -0.010695623445725271 -0.0027543759230013532
leaf_weight=4203 1914 23 414 22646 28 422 579 22 152 25 33 29 24 12009 305 35 42 42 55 21 719 436 39 23 34 55 765 191 25 3061
leaf_count=4203 1914 23 414 22646 28 422 579 22 152 25 33 29 24 12009 305 35 42 42 55 21 719 436 39 23 34 55 765 191 25 3061
internal_value=-0.00102061 -0.000390873 -0.000286649 -0.000297603 -0.00119433 -0.00343602 -0.00386322 -0.00103226 0.00371717 -0.000733369 -0.000451195 -0.000533142 0.0146087 -0.000113482 -0.000639821 -0.000533512 0.00862337 -0.000619658 0.00723809 -0.00432184 -0.000742117 0.00237657 -0.0010456 0.00104593 0.000490392 0.0114872 -0.000354682 0.00384 0.012339 -0.00167196
internal_weight=48371 44168 42254 42231 7194 1227 1199 620 198 5967 5532 5507 46 35037 12391 12086 77 5474 84 435 5390 478 4912 1132 1093 78 1015 250 59 3780
internal_count=48371 44168 42254 42231 7194 1227 1199 620 198 5967 5532 5507 46 35037 12391 12086 77 5474 84 435 5390 478 4912 1132 1093 78 1015 250 59 3780
is_linear=0
shrinkage=0.08


Tree=97
num_leaves=31
num_cat=0
split_feature=18 18 39 10 7 38 34 18 40 11 22 42 11 38 39 43 30 30 42 12 6 41 12 26 1 10 6 3 1 11
split_gain=29.3708 1.20766 1.21062 1.12468 0.922312 1.00938 0.910248 1.78345 0.777666 1.16018 1.28168 0.93762 0.91483 0.709569 1.01346 0.779639 1.1178 1.61375 0.722538 0.703517 0.598764 1.26704 2.42332 2.51905 0.926949 2.16543 1.41109 1.65962 1.60057 1.22105
threshold=3.4807000000000006 8.0899500000000018 0.42674333333333336 3.0302700000000002 3.5000000000000004 1.1645000000000001 7.6670000000000007 7.3120000000000003 0.019561917570766918 0.25566281550750886 4.7212000000000005 0.018654977600227707 0.21615533522967725 -0.30290000000000011 0.36060333333333339 -0.0015999999999999623 3.7936500000000004 4.0259500000000008 0.020573237991836139 3.6248375000000004 4.5000000000000009 0.40489416666666672 8.7574683333333336 9.0717500000000015 2569495.8000000003 12.331753333333335 21.500000000000004 155.15000000000001 1845920.9000000001 6.5210041073070242
decision_type=2 2 2 2 2 2 2 2 2 2 2 2 2 2 2 2 2 2 2 2 2 2 2 2 2 2 2 2 2 2
left_child=3 2 4 -1 8 -6 -7 -8 -2 10 11 -10 -12 -13 15 19 -17 -18 -19 -15 -3 -22 23 -23 26 -26 27 28 -24 -29
right_child=1 20 -4 -5 5 6 7 -9 9 -11 12 13 -14 14 -16 16 17 18 -20 -21 21 22 24 -25 25 -27 -28 29 -30 -31
leaf_value=-0.059033197100005347 -0.0021704775634041949 -0.0018965610856545923 -0.015478381888201899 -0.010545191389549765 -0.0036322283432576249 -0.032474458967352557 0.30944026866850277 0.0011277447532516342 0.0088975781341789004 -0.00032663010231761684 0.00076013413122785593 -0.0079618479054526705 0.0079687766372431128 0.0091746237368760444 0.0077462441640806902 -0.0043884342457187779 0.009791723872897215 0.0099109070662739135 -0.0024987977237411157 -0.0051945986356902773 -0.040575348152926509 0.050983228264577553 0.014104028255377883 -0.010395900645462915 -0.017073900035398701 -0.00012015617906119864 -0.0073173624019439746 0.0030779581700066446 0.022384891324615849 0.012883017430353656
leaf_weight=3240 1521 5613 465 1156 3520 36 32 61 29 1490 24 89 25 20 23 55 34 27 68 125 147 40 80 30 2008 22459 1481 4163 33 277
leaf_count=3240 1521 5613 465 1156 3520 36 32 61 29 1490 24 89 25 20 23 55 34 27 68 125 147 40 80 30 2008 22459 1481 4163 33 277
internal_value=-0.00100077 -0.000377489 -0.00129147 -0.00723567 -0.00103524 -0.00192711 0.00502325 0.0092043 -0.000113316 0.000919859 0.00417726 0.00289362 0.0164898 0.00197732 0.00359091 0.00245593 0.00591304 0.00998449 0.00463158 -0.00193104 -0.000185188 -4.63591e-05 -1.0731e-05 0.0148571 -4.48529e-05 -0.000263868 0.00084322 0.00154096 0.011115 0.0012973
internal_weight=48371 43975 7644 4396 7179 3649 129 93 3530 2009 519 470 49 441 352 329 184 129 95 145 36331 30718 30571 70 30501 24467 6034 4553 113 4440
internal_count=48371 43975 7644 4396 7179 3649 129 93 3530 2009 519 470 49 441 352 329 184 129 95 145 36331 30718 30571 70 30501 24467 6034 4553 113 4440
is_linear=0
shrinkage=0.08


Tree=98
num_leaves=31
num_cat=0
split_feature=10 44 6 40 36 10 41 10 42 40 40 34 1 9 9 9 11 3 36 38 22 44 42 0 38 40 6 11 18 43
split_gain=29.0722 1.30982 1.02961 1.28334 1.30056 0.919321 0.912237 0.865721 1.08643 1.15714 1.10095 0.940244 1.64917 2.01176 1.2549 1.18825 1.23761 0.863355 1.74615 0.986344 0.980267 1.16868 0.839613 0.833705 0.825127 0.789652 0.787071 0.85774 0.99406 0.955682
threshold=3.4225133333333333 11.751947869363059 3.5000000000000004 0.038287641297809698 8.8335000000000026 3.0302700000000002 0.40414500000000009 6.6495733333333336 0.02098516963539291 0.021847776392922496 0.016424589578716405 15.570300000000001 3433605.2500000005 52.500000000000007 5.5000000000000009 11.500000000000002 0.27549507590760097 171.65000000000001 10.078600000000003 1.3743999999999998 15.679950000000002 33.063088715261863 0.023987422665377914 0.37095000000000006 -0.43824999999999997 0.017298132296568871 13.500000000000002 8.811839451983273 28.124100000000002 0.010999999999999928
decision_type=2 2 2 2 2 2 2 2 2 2 2 2 2 2 2 2 2 2 2 2 2 2 2 2 2 2 2 2 2 2
left_child=5 25 3 7 -5 -1 -6 8 9 10 -3 15 13 14 -13 -9 -17 18 19 -18 -19 -22 -10 -24 -16 -2 27 28 -4 -29
right_child=1 2 26 4 6 -7 -8 11 22 -11 -12 12 -14 -15 24 16 17 20 -20 -21 21 -23 23 -25 -26 -27 -28 29 -30 -31
leaf_value=-0.054292136037855418 -0.0068023126489915381 0.0090788165213872164 0.00068777077937246293 -0.0039681438066046697 0.24436320632061137 -0.011728778895193201 -0.040872464288822241 -0.014824520165767015 -0.016021699414105681 0.036277201497308308 0.0023779601977961286 0.027407836558419975 -9.7229072084390933e-05 0.027029263814875241 -0.0045151580744252455 0.036063742032145678 -0.0014728781373372888 -0.020481585076858117 0.087471013259177138 0.21400265441586008 -0.0014188599737808944 0.020224348086616481 0.0055230500686357939 -0.0008551039837781352 0.019458726601802884 -0.0020572800320696385 -0.001495075564224242 0.011380516279227275 -0.0077822718375675773 0.015418045235316107
leaf_weight=3248 514 30 18636 641 23 955 563 1041 130 21 75 20 865 20 93 21 2637 555 34 34 194 41 39 55 57 1597 15891 44 277 20
leaf_count=3248 514 30 18636 641 23 955 563 1041 130 21 75 20 865 20 93 21 2637 555 34 34 194 41 39 55 57 1597 15891 44 277 20
internal_value=-0.000975959 -0.000370949 -0.000273345 -0.00114508 -0.00350122 -0.00733381 -0.00622526 -0.000660183 0.0032 0.00914286 0.00571428 -0.000900928 0.00125118 0.008 0.00517647 -0.00139917 -0.000696248 -0.000812591 -0.000133089 -0.000362413 -0.00313924 0.00119149 -0.000142859 0.00561702 0.00266666 -0.00231549 -9.36121e-05 0.000254201 0.000222914 0.0095
internal_weight=48371 44168 42057 7189 1227 4203 586 5962 350 126 105 5612 1055 190 170 4557 3516 3495 2705 2671 790 235 224 94 150 2111 34868 18977 18913 64
internal_count=48371 44168 42057 7189 1227 4203 586 5962 350 126 105 5612 1055 190 170 4557 3516 3495 2705 2671 790 235 224 94 150 2111 34868 18977 18913 64
is_linear=0
shrinkage=0.08


Tree=99
num_leaves=31
num_cat=0
split_feature=10 41 6 40 36 11 4 9 9 38 40 9 34 9 13 42 13 42 13 42 34 40 38 13 22 0 44 40 32 32
split_gain=28.8709 1.61774 0.966448 1.34482 1.29962 0.865729 0.780675 1.66383 0.939546 0.848022 0.80119 0.749357 1.29543 1.702 1.81037 1.28828 3.62963 0.864393 0.913787 1.77726 0.840156 0.733187 1.00394 0.708369 1.25827 1.42059 0.704787 0.688091 0.87899 1.67224
threshold=3.2851933333333334 0.34873916666666666 3.5000000000000004 0.038287641297809698 8.8335000000000026 0.25301891152941852 4463.380000000001 8.5000000000000018 15.500000000000002 -0.84569999999999979 0.031441886604157761 30.500000000000004 6.3748500000000012 23.500000000000004 0.97734184338419483 0.084896938963253774 7.2222330159088646 0.052941183519333808 3.5621965128846313 0.050146127514973597 16.571000000000002 0.02351514709388525 0.5095500000000005 0.48344127186949837 8.1483000000000008 0.47345000000000004 25.605598393268988 0.018703443787774731 7.9106500000000013 7.3931000000000013
decision_type=2 2 2 2 2 2 2 2 2 2 2 2 2 2 2 2 2 2 2 2 2 2 2 2 2 2 2 2 2 2
left_child=-1 21 3 5 26 -3 8 -8 9 27 -11 12 13 -10 -15 20 -17 18 -13 -20 23 -2 -23 24 -14 -26 -5 -7 29 -29
right_child=1 2 -4 4 -6 6 7 -9 11 10 -12 17 15 14 -16 16 -18 -19 19 -21 -22 22 -24 -25 25 -27 -28 28 -30 -31
leaf_value=-0.040531270981338005 -0.0042240100005949124 0.036804291337798514 -0.00030606533388606187 -0.045065063615154062 -0.036030526116733859 -0.019558765000420319 0.014002891340595142 0.00089997279693219251 -0.004048049934269912 -0.011421108852956448 0.068722665082647322 -0.0010730522719924218 0.35144359930066527 0.045343027799356034 0.0027786956408539392 0.070344685916121114 -0.081403369677469625 -0.022130856397873627 0.21931716810766649 -0.055127823986259678 0.032465940417405768 -0.0011202220302057543 0.011705633574324182 -0.0023676754100607363 -0.0012047674178272084 0.022530422293604486 0.0041251445954298138 -0.0013337999065520429 0.001576142891345469 0.093179937840543264
leaf_weight=3821 1815 20 35202 294 589 42 25 106 53 1496 25 2319 21 29 26 27 27 354 31 42 30 309 22 960 180 22 349 26 89 20
leaf_count=3821 1815 20 35202 294 589 42 25 106 53 1496 25 2319 21 29 26 27 27 354 31 42 30 309 22 960 180 22 349 26 89 20
internal_value=-0.000949496 -0.000377106 -0.000268656 -0.00111303 -0.00351948 -0.000616417 -0.000672271 0.00543511 -0.000809763 -0.00239341 -0.00300329 -0.000157245 0.00136727 0.00977778 0.0196364 0.000650353 0.0127407 -0.000920614 -0.000374584 0.00843835 0.000112117 -0.00252004 0.000942596 -0.000223163 0.00383856 0.00190099 -0.00103266 0.00284746 0.00562963 0.0146087
internal_weight=48371 44550 42404 7202 1232 5970 5950 131 5819 1698 1521 4121 1375 108 55 1267 54 2746 2392 73 1213 2146 331 1183 223 202 643 177 135 46
internal_count=48371 44550 42404 7202 1232 5970 5950 131 5819 1698 1521 4121 1375 108 55 1267 54 2746 2392 73 1213 2146 331 1183 223 202 643 177 135 46
is_linear=0
shrinkage=0.08


Tree=100
num_leaves=31
num_cat=0
split_feature=10 44 6 26 40 11 11 4 41 42 42 28 39 0 13 41 22 10 20 43 22 24 38 26 7 42 0 28 26 11
split_gain=27.6635 1.40013 1.19109 0.866975 0.806197 0.79795 1.2547 1.31313 2.13508 1.10627 0.888882 1.45833 0.902833 0.833657 0.831044 0.777094 1.68462 1.49671 1.47437 1.77281 1.10579 1.43759 1.05284 1.03617 1.00197 0.948298 1.65905 0.932773 0.869085 0.845078
threshold=3.2851933333333334 11.751947869363059 2.5000000000000004 3.2586500000000007 0.017298132296568871 0.65159951231700608 0.60794210970986373 889.83000000000004 0.3845716666666667 0.01818272935766398 0.026394522288450056 7.3120000000000003 0.49138333333333345 0.40005000000000007 0.72385579578526238 0.39404250000000002 4.9663000000000013 8.1529666666666696 8.5051500000000022 0.04265 7.7275000000000009 8.0887500000000028 -0.080600000000000213 6.3695500000000012 3.5000000000000004 0.016641840045669709 0.35075000000000006 8.7213000000000012 7.7911500000000009 0.89229082617484401
decision_type=2 2 2 2 2 2 2 2 2 2 2 2 2 2 2 2 2 2 2 2 2 2 2 2 2 2 2 2 2 2
left_child=3 4 5 -1 -2 6 7 8 -3 -7 12 -12 13 14 -8 16 25 -17 19 20 23 22 -22 -18 -23 26 -4 -20 -19 -25
right_child=1 2 15 -5 -6 9 10 -9 -10 -11 11 -13 -14 -15 -16 17 18 28 27 -21 21 24 -24 29 -26 -27 -28 -29 -30 -31
leaf_value=-0.040391861363380743 -0.0068131705616647385 0.032892129574832556 0.014495579650945209 -0.012788765852102806 -0.0021557600116964867 0.019020459107962479 0.025268589043364448 -0.0020742616785893921 -0.0020865726790289659 -0.013387010896390113 0.33252028106383674 0.011757278359006156 0.017739619015925891 -0.011902542620889031 -0.0016243226025483303 -0.012359408464543089 0.005145109782613456 -0.014475304051220843 -0.017687903002600095 0.033345439580661315 0.044498147468524804 -0.018113864248423959 0.061603365374275278 -0.0062250900430216921 0.032281952594087837 -0.00028917320519406377 -0.0042502797104222376 0.0083752725822658271 -0.00024076537955137469 0.024336798113789193
leaf_weight=3569 579 20 31 252 1907 20 35 3198 34 1826 21 35 48 96 56 1018 82 278 74 34 21 39 36 165 22 1656 32 28 33138 21
leaf_count=3569 579 20 31 252 1907 20 35 3198 34 1826 21 35 48 96 56 1018 82 278 74 34 21 39 36 165 22 1656 32 28 33138 21
internal_value=-0.000923034 -0.00036274 -0.000253711 -0.00745564 -0.00220756 -0.00136426 -0.000661588 -0.00111193 0.0112593 -0.00271289 0.00437113 0.0134286 0.00221276 -0.000299467 0.00518681 -9.05268e-05 0.00135297 -0.000184471 0.00533333 0.00742857 0.00588601 0.012339 0.0214737 0.00304477 0.00380328 0.000144268 0.00977778 -0.00329412 -9.24127e-05 -0.000258066
internal_weight=48371 44550 42064 3821 2486 5389 3543 3252 54 1846 291 56 235 187 91 36675 2241 34434 522 420 386 118 57 268 61 1719 63 102 33416 186
internal_count=48371 44550 42064 3821 2486 5389 3543 3252 54 1846 291 56 235 187 91 36675 2241 34434 522 420 386 118 57 268 61 1719 63 102 33416 186
is_linear=0
shrinkage=0.08


Tree=101
num_leaves=31
num_cat=0
split_feature=10 3 12 34 36 9 13 30 18 38 13 32 44 36 22 44 12 10 24 12 41 9 36 18 13 9 10 11 38 26
split_gain=27.3334 1.46539 1.04813 1.0142 1.67082 1.98656 1.78393 1.35371 1.2679 1.24708 1.10605 1.10356 1.10204 1.092 0.984254 1.03707 1.0299 0.970266 1.60555 1.9837 1.53883 1.46867 1.12901 1.05607 1.25308 1.39262 1.28617 1.23464 1.23907 0.938458
threshold=3.1926700000000006 72.15000000000002 15.481107500000002 15.359550000000002 11.922350000000003 37.500000000000007 5.7503098588950747 15.264900000000003 24.442750000000004 -0.29609999999999953 6.2414019646621215 25.096550000000004 21.512375743075818 14.317750000000002 9.3891000000000009 23.057108974678226 12.336584166666668 16.557613333333336 17.358750000000004 16.663920833333339 0.50467916666666679 19.500000000000004 13.303900000000001 17.254850000000001 4.144947917427694 45.500000000000007 16.269150000000003 0.74848832313849545 -0.81079999999999985 14.880250000000002
decision_type=2 2 2 2 2 2 2 2 2 2 2 2 2 2 2 2 2 2 2 2 2 2 2 2 2 2 2 2 2 2
left_child=-1 -2 3 11 8 7 -7 29 -5 10 12 13 -8 -3 -11 16 -16 18 22 21 -19 -20 -4 -24 25 27 -27 28 -25 -6
right_child=1 2 17 4 5 6 9 -9 -10 14 -12 -13 -14 -15 15 -17 -18 20 19 -21 -22 -23 23 24 -26 26 -28 -29 -30 -31
leaf_value=-0.037995022851014186 -0.0040091315333575682 -0.0015659414826634643 -0.0054772678508423238 0.012299074113268825 -0.022084962388406057 -0.030466065144647479 0.017198321458236913 -0.033636934508883928 0.013272156448583235 -0.0047924749536832666 0.0060757530109967189 0.021886224423067712 0.016226415599095618 0.0068969806196666154 0.0014589810553137007 -0.0018375890351075078 0.022533832870304315 -0.008036242027687256 -0.018637122779551568 0.41412699572916367 0.00048001260653372313 0.03560885606983228 0.0017611221864876072 -0.0054318139128749204 0.26232231504745879 0.23235209857866121 0.037021124888482963 -0.10650585368889356 0.049018004962613583 0.03203672781480732
leaf_weight=3630 1573 20388 1239 86 231 457 24 1057 30 183 93 22 25 1376 23 69 29 2399 56 20 6766 101 8160 59 38 24 28 81 28 76
leaf_count=3630 1573 20388 1239 86 231 457 24 1057 30 183 93 22 25 1376 23 69 29 2399 56 20 6766 101 8160 59 38 24 28 81 28 76
internal_value=-0.000904842 -0.000363159 -0.000275762 -0.000625266 -0.0021922 -0.00267137 0.000239201 -0.00459824 0.00717241 0.00383856 0.0100282 -0.000453871 0.0197551 -0.000471974 0.000947367 0.00654545 0.0150769 0.000168849 0.000720763 0.00827118 -0.000423352 0.00524841 0.000582374 0.00091423 0.00595349 0.00363636 0.0150769 9.52362e-05 0.00671264 7.8174e-05
internal_weight=48371 44741 43168 24169 2383 2267 903 1364 116 446 142 21786 49 21764 304 121 52 18999 9834 177 9165 157 9657 8418 258 220 52 168 87 307
internal_count=48371 44741 43168 24169 2383 2267 903 1364 116 446 142 21786 49 21764 304 121 52 18999 9834 177 9165 157 9657 8418 258 220 52 168 87 307
is_linear=0
shrinkage=0.08


Tree=102
num_leaves=31
num_cat=0
split_feature=26 44 12 28 36 32 0 9 9 18 6 11 43 9 38 6 9 44 9 44 22 6 24 6 26 5 42 11 12 26
split_gain=26.2397 1.34841 0.993015 0.957212 1.37758 1.71144 1.6716 0.909234 0.809547 1.00648 1.10778 1.2749 0.801664 0.861633 0.778226 0.976439 1.20572 0.996009 1.41353 2.06498 0.992799 0.94741 0.937867 1.34265 2.15396 1.35311 1.36364 1.45468 1.64103 1.15504
threshold=3.1836500000000005 9.4069237167802289 15.481107500000002 15.495650000000001 12.440150000000001 25.096550000000004 0.49355000000000004 37.500000000000007 40.500000000000007 7.5999500000000006 7.5000000000000009 6.5210041073070242 0.054200000000000005 54.500000000000007 0.5387500000000004 14.500000000000002 4.5000000000000009 33.668439307996742 27.500000000000004 35.913817337773942 21.695100000000004 2.5000000000000004 8.5040500000000012 16.500000000000004 14.501250000000001 23.500000000000004 0.036419732237552342 0.51492544351627589 15.017205000000001 10.638650000000002
decision_type=2 2 2 2 2 2 2 2 2 2 2 2 2 2 2 2 2 2 2 2 2 2 2 2 2 2 2 2 2 2
left_child=-1 -2 3 12 5 -5 7 -6 9 -9 11 -11 14 -14 15 16 -3 20 19 -19 21 -18 -17 24 -24 29 -27 28 -28 -25
right_child=1 2 -4 4 6 -7 -8 8 -10 10 -12 -13 13 -15 -16 22 17 18 -20 -21 -22 -23 23 25 -26 26 27 -29 -30 -31
leaf_value=-0.031630925303408025 -0.010423621453180654 -0.0076422357207142511 0.00023507519637897778 -0.000679721269455451 -0.017101252114797162 0.019107655177374255 -0.03641789326216132 -0.014128987696017265 -0.0078487435426877489 0.012649124196518558 0.0099212654171360135 0.022067160792818834 0.0058505976637108562 -0.023481455983104946 -0.0070787384984319366 -0.0043630515565873376 -0.0026479162439065748 0.11047151200021972 -0.034067116646375607 0.0071620134018676833 0.16203115542850674 0.0009854193746178803 -0.0088912282266129222 -0.0023914148849899248 0.34365160108557347 -0.01368559748332859 0.32436864455005526 -0.0090498698414754088 -0.040642946394801066 0.0091845839812879221
leaf_weight=3632 430 1068 18999 666 520 38 687 41 222 36 102 22 881 69 3894 2009 2557 44 70 239 38 8003 39 1566 30 1309 52 318 26 764
leaf_count=3632 430 1068 18999 666 520 38 687 41 222 36 102 22 881 69 3894 2009 2557 44 70 239 38 8003 39 1566 30 1309 52 318 26 764
internal_value=-0.000909803 -0.000378911 -0.000335645 -0.000663771 -0.00220737 0.000749998 -0.00348466 -0.00129799 0.00145626 0.00513433 0.008 0.0168276 -0.000506966 0.00176842 -0.000605105 -0.000384736 3.39443e-05 0.000284173 0.00446459 0.00698233 0.000144931 9.84829e-05 -0.00120792 -0.000514622 0.0105507 -0.000703843 -0.00241642 0.00169697 0.0114872 0.000549354
internal_weight=48371 44739 44309 25310 2334 704 1630 943 423 201 160 58 22976 950 22026 18132 12019 10951 353 283 10598 10560 6113 4104 69 4035 1705 396 78 2330
internal_count=48371 44739 44309 25310 2334 704 1630 943 423 201 160 58 22976 950 22026 18132 12019 10951 353 283 10598 10560 6113 4104 69 4035 1705 396 78 2330
is_linear=0
shrinkage=0.08


Tree=103
num_leaves=31
num_cat=0
split_feature=10 3 6 6 44 9 13 0 34 40 22 0 20 26 9 7 6 44 30 40 1 9 0 11 12 13 41 11 9 9
split_gain=25.963 1.53416 0.936313 0.985709 0.942021 0.744192 1.5644 0.811519 1.88182 0.730362 0.918735 1.33616 0.772951 1.41435 0.759426 0.726244 1.35249 1.76081 1.01512 1.59693 2.37571 2.95563 1.10374 1.03745 0.963335 0.921521 2.08163 1.58961 0.904123 0.842053
threshold=3.0302700000000002 72.15000000000002 2.5000000000000004 13.500000000000002 14.212463912487125 4.5000000000000009 3.8743253497500283 0.55505000000000015 20.790050000000004 0.025129298968851358 16.504300000000004 0.48425000000000007 5.9472500000000013 6.3695500000000012 30.500000000000004 2.0000000000000004 12.500000000000002 35.719255032097713 17.835600000000003 0.018748019577797637 4041199.8500000006 34.500000000000007 0.5615500000000001 0.56694984106694768 17.588349166666671 0.28797013350972372 0.50270000000000015 0.36156568485611434 5.5000000000000009 29.500000000000004
decision_type=2 2 2 2 2 2 2 2 2 2 2 2 2 2 2 2 2 2 2 2 2 2 2 2 2 2 2 2 2 2
left_child=-1 -2 4 5 -3 6 7 -4 -9 10 12 -12 13 -6 -13 16 17 -7 22 -20 21 -21 23 24 25 -18 -27 -28 -17 -22
right_child=1 2 3 -5 9 15 -8 8 -10 -11 11 14 -14 -15 -16 28 18 -19 19 20 29 -23 -24 -25 -26 26 27 -29 -30 -31
leaf_value=-0.038043237689550334 -0.0038437914968725106 0.010090578927704617 -0.0019610473853565544 -0.0014441796327917787 -0.0050045023335247322 0.0029594009024292711 -0.020711277920106148 0.085969313245492063 -0.021510686150300811 -0.0099587727967463888 0.016356428191775102 0.0066497625296699668 -0.00241642606039583 0.017530623629240936 -0.0055952283225615806 0.012530530231512654 -0.0012049061148336642 -0.0089781353431260466 0.045064441601104711 0.0048158241073638173 0.016656921829216666 0.027111665804955009 0.23028970004229304 -0.015557750074836315 -0.01808831215500227 0.33922900305918019 0.025534441731852639 -0.0036097980388047658 -0.00022197827808421417 -0.015605029123697689
leaf_weight=3248 1945 31 1306 16420 55 5195 396 32 23 1695 24 108 3343 27 106 235 90 758 34 34 54 25 28 125 38 49 20 99 12764 64
leaf_count=3248 1945 31 1306 16420 55 5195 396 32 23 1695 24 108 3343 27 106 235 90 758 34 34 54 25 28 125 38 49 20 99 12764 64
internal_value=-0.00087011 -0.000372849 -0.000273845 -0.000133162 -0.00126035 0.000224997 -0.00135231 -6.46602e-05 0.00945454 -0.0013408 -0.000705435 0.00410084 -0.00103942 0.00663414 0.00209346 0.000366304 0.00104884 0.000667897 0.00448485 0.00906161 0.0060113 0.0191186 0.00233407 0.00131116 0.00389189 0.00564341 0.00914286 0.00342857 1.90765e-05 -0.000542375
internal_weight=48371 45123 43178 37789 5389 21369 1757 1361 55 5358 3663 238 3425 82 214 19612 6613 5953 660 211 177 59 449 421 296 258 168 119 12999 118
internal_count=48371 45123 43178 37789 5389 21369 1757 1361 55 5358 3663 238 3425 82 214 19612 6613 5953 660 211 177 59 449 421 296 258 168 119 12999 118
is_linear=0
shrinkage=0.08


Tree=104
num_leaves=31
num_cat=0
split_feature=34 18 38 4 41 32 28 12 1 11 13 30 44 6 20 1 42 0 34 44 38 43 43 36 6 34 20 6 42 1
split_gain=25.0346 1.12789 1.16498 1.03554 1.0252 1.32133 1.21724 1.17607 1.26128 1.43142 0.928902 0.838569 0.961146 1.01711 2.63743 0.810183 0.948652 1.2169 1.38095 1.07396 0.866678 0.956855 1.04675 0.755482 1.01693 1.01467 0.754832 0.74697 1.06023 0.878473
threshold=3.1836500000000005 3.4807000000000006 -0.24270000000000144 449.56 0.43985333333333337 11.926500000000003 10.086400000000003 11.278151666666668 2429285.8000000003 0.47289123080153667 0.26008793033755978 16.301700000000004 26.376409918910309 7.5000000000000009 11.847500000000002 1523051.9500000002 0.087528560940300718 0.45345000000000008 13.305350000000002 45.015272745432021 -0.3236999999999996 -0.034199999999999973 -0.030950000000000002 8.443150000000001 2.5000000000000004 11.13855 12.698450000000003 15.500000000000002 0.031566483422752943 4345229.8000000017
decision_type=2 2 2 2 2 2 2 2 2 2 2 2 2 2 2 2 2 2 2 2 2 2 2 2 2 2 2 2 2 2
left_child=1 -1 3 -3 5 6 27 8 9 -6 -5 12 26 -14 -15 -9 -17 20 19 -19 21 -18 -23 24 -7 -26 -8 28 -2 -29
right_child=4 2 -4 10 7 23 11 15 -10 -11 -12 -13 13 14 -16 16 17 18 -20 -21 -22 22 -24 -25 25 -27 -28 29 -30 -31
leaf_value=-0.030102110056555054 -0.0002607539473499897 -0.024166063862293679 -0.0069884618732335667 0.0027982195858847043 0.056201370601945529 -0.012695823789761005 0.0044342339538873763 0.008431427633236753 -0.022611140338728082 0.38511996288494849 0.012083695862917977 0.033969839466774725 -0.027453190495694949 -0.048934826859754504 0.53310501577096081 6.8235109130278368e-05 -0.015901095361785401 0.0033187728147065078 -0.0038504983345127785 0.026010773037695549 -0.012658885020256968 0.023904840621493291 0.0022601681819701476 -0.034489559091786332 -0.0012550581293083517 0.17621062094524276 0.19907736328928757 -0.0049680972537681951 -0.014031567278179535 0.62940195681508893
leaf_weight=3504 7174 20 60 27 21 63 1470 20 29 20 21 23 351 44 21 26935 124 550 692 36 922 20 266 769 22 23 38 2897 2187 22
leaf_count=3504 7174 20 60 27 21 63 1470 20 29 20 21 23 351 44 21 26935 124 550 692 36 922 20 266 769 22 23 38 2897 2187 22
internal_value=-0.000863494 -0.0072511 0.000124998 0.00729412 -0.000344936 -0.000881358 -0.000695581 -7.15389e-05 0.0102857 0.0193171 0.0136667 0.00116281 0.000981287 -0.00242308 0.00676923 -9.60614e-05 -0.000106957 -0.00156322 0.000200311 0.00305802 -0.00325526 -0.000195124 0.00234965 -0.0038951 0.00237037 0.0115556 0.00192042 -0.00099023 -0.000641814 -0.00210757
internal_weight=48371 3632 128 68 44739 15104 14227 29635 70 41 48 1947 1924 416 65 29565 29545 2610 1278 586 1332 410 286 877 108 45 1508 12280 9361 2919
internal_count=48371 3632 128 68 44739 15104 14227 29635 70 41 48 1947 1924 416 65 29565 29545 2610 1278 586 1332 410 286 877 108 45 1508 12280 9361 2919
is_linear=0
shrinkage=0.08


Tree=105
num_leaves=31
num_cat=0
split_feature=10 3 30 26 22 36 10 5 39 20 18 32 36 34 9 6 40 13 5 9 9 42 13 38 0 9 40 44 6 10
split_gain=24.0886 1.21734 0.669143 0.971009 1.21985 1.21657 0.857352 1.19487 1.12886 1.36505 1.11677 1.52285 1.49491 1.84157 2.23089 1.07277 0.979817 1.32444 1.23126 1.00704 1.58995 4.26242 1.60284 1.39832 1.20351 1.19461 2.30224 1.47331 1.37699 1.43052
threshold=3.0302700000000002 72.15000000000002 21.683450000000004 26.003550000000004 12.017050000000003 12.176050000000002 13.856370000000002 31.500000000000004 0.47161000000000003 13.851050000000003 15.123500000000002 15.533450000000002 15.675200000000002 15.532450000000003 22.500000000000004 4.5000000000000009 0.023941387754666119 0.2656863987250862 38.500000000000007 38.500000000000007 10.500000000000002 0.045025142898453059 3.8743253497500283 -0.99789999999999945 0.41275000000000006 14.500000000000002 0.023316350278480804 18.019061758838969 12.500000000000002 12.240620000000002
decision_type=2 2 2 2 2 2 2 2 2 2 2 2 2 2 2 2 2 2 2 2 2 2 2 2 2 2 2 2 2 2
left_child=-1 -2 6 4 -4 -5 16 -8 9 -9 11 -10 -13 14 -14 -12 19 -18 -19 20 22 -22 23 24 -3 26 -23 -27 -29 -30
right_child=1 2 3 5 -6 -7 7 8 10 -11 15 12 13 -15 -16 -17 17 18 -20 -21 21 25 -24 -25 -26 27 -28 28 29 -31
leaf_value=-0.032961235806039609 -0.0029199930037767758 0.27027501853599012 0.0034686085530782648 0.016417955085892555 -0.011304797710294278 -0.00033953705319117694 0.0045800060578114008 -0.019366054680899029 -0.0018675324571152507 0.074843787377709192 -0.009847109354498243 0.0011055752248425204 0.011363853274560534 0.017695572679755682 0.06391910912516803 -0.00038471665643272416 0.0038734249364567046 -0.0085293630919342917 0.0036723865065507251 -0.0023180453190367856 5.4961519457474783e-06 0.012868510609828233 -0.0073903584538049898 -0.00038622802888824202 0.0032207893267915681 0.08927014720568377 0.51499087332946414 0.01764447293742203 0.03314385360042324 0.070222137441342411
leaf_weight=3248 1945 31 317 56 1366 907 5385 21 318 57 1197 133 20 119 21 12137 187 5380 511 5327 5073 478 1293 1961 51 40 23 433 198 138
leaf_count=3248 1945 31 317 56 1366 907 5385 21 318 57 1197 133 20 119 21 12137 187 5380 511 5327 5073 478 1293 1961 51 40 23 433 198 138
internal_value=-0.000803955 -0.00032498 -0.000236789 -0.00146939 -0.00262864 0.000556592 -0.000156323 0.000227533 -0.000161451 0.0094359 -0.000215133 0.00312929 0.0072901 0.0125 0.0271219 -0.000368383 -0.000508996 -0.00136624 -0.00157664 -0.000162703 0.000321842 0.00106157 -0.00109353 0.000301515 0.0105366 0.00512977 0.00205988 0.0070309 0.00625227 0.0100952
internal_weight=48371 45123 43178 2646 1683 963 40532 19408 14023 78 13945 611 293 160 41 13334 21124 6078 5891 15046 9719 6383 3336 2043 82 1310 501 809 769 336
internal_count=48371 45123 43178 2646 1683 963 40532 19408 14023 78 13945 611 293 160 41 13334 21124 6078 5891 15046 9719 6383 3336 2043 82 1310 501 809 769 336
is_linear=0
shrinkage=0.08


Tree=106
num_leaves=31
num_cat=0
split_feature=10 18 12 39 9 36 9 38 10 24 41 41 0 36 12 13 18 6 44 38 12 38 36 28 12 0 11 18 13 0
split_gain=22.949 1.46203 0.605053 1.13822 1.21396 1.4373 1.07329 0.782609 0.755389 1.60843 3.24853 1.37286 1.92667 1.15625 1.22329 1.17868 1.27995 1.78251 2.50341 1.20672 1.05991 1.18261 1.25506 1.18769 1.72507 1.01821 1.01563 1.96801 1.27528 1.09836
threshold=2.9069500000000006 3.4807000000000006 15.481107500000002 0.53269666666666671 37.500000000000007 12.176050000000002 28.500000000000004 -0.13150000000000081 16.301490000000005 16.965550000000004 0.50167500000000009 0.49643583333333335 0.48135000000000006 15.060000000000002 17.074354166666669 0.58037854928368271 15.013250000000001 19.500000000000004 33.535621682459684 0.93025000000000191 17.261805833333337 0.74499999999999889 13.910150000000002 13.114400000000002 17.108075833333334 0.45245000000000007 0.35835991749726698 13.252700000000003 7.5939214956580479 0.45525000000000004
decision_type=2 2 2 2 2 2 2 2 2 2 2 2 2 2 2 2 2 2 2 2 2 2 2 2 2 2 2 2 2 2
left_child=-1 -2 3 -3 5 6 -5 -8 9 13 11 -11 -13 14 -4 16 17 18 -15 -19 21 22 23 -16 -25 -22 27 -27 -29 -28
right_child=1 2 8 4 -6 -7 7 -9 -10 10 -12 12 -14 15 20 -17 -18 19 -20 -21 25 -23 -24 24 -26 26 29 28 -30 -31
leaf_value=-0.035522711884537872 -0.0049011786205716695 -0.0010820380430362272 -0.0060048303701415963 -0.0025555323513029933 0.0089920187557736859 -0.040928950515438441 0.019227594367032898 0.00017126820879724021 -0.00084664376055780413 -0.0055546221392770104 0.30325528507293792 0.03650374058685283 0.012899602969025764 -0.0019933467284863867 -0.0019337025947505505 0.011227958901421607 -9.6948317239078236e-05 0.033389135058767783 0.016189166284160294 0.0056659252296732791 -0.016878224514428181 -0.013184294901097173 -0.013949017588593054 0.00079581802497140862 0.079634653278606402 0.013415185893896215 0.011647502305555708 -0.018567476837317302 0.087471578691716512 -0.0019910074993412922
leaf_weight=2866 1530 24165 2059 24 177 564 23 23 10956 105 24 25 50 129 38 1614 3161 30 20 32 168 30 38 29 77 20 27 44 20 303
leaf_count=2866 1530 24165 2059 24 177 564 23 23 10956 105 24 25 50 129 38 1614 3161 30 20 32 168 30 38 29 77 20 27 44 20 303
internal_value=-0.000777493 -0.000340184 -0.000255602 -0.000514416 -0.00346239 -0.00509779 0.00571428 0.0128696 8.46341e-05 0.000673379 0.00768627 0.004 0.0122667 0.000490877 -0.000793553 0.00122583 0.00037485 0.00640758 0.00166443 0.0178064 0.00187405 0.00671698 0.00914286 0.0125556 0.0169057 0.000109964 0.00224154 0.0100952 0.00325 0.000242422
internal_weight=48371 45505 43975 24976 811 634 70 46 18999 8043 204 180 75 7839 2853 4986 3372 211 149 62 794 212 182 144 106 582 414 84 64 330
internal_count=48371 45505 43975 24976 811 634 70 46 18999 8043 204 180 75 7839 2853 4986 3372 211 149 62 794 212 182 144 106 582 414 84 64 330
is_linear=0
shrinkage=0.08


Tree=107
num_leaves=31
num_cat=0
split_feature=10 18 40 6 6 13 43 30 9 9 41 36 38 0 44 34 13 11 43 18 0 43 32 11 18 32 41 4 7 26
split_gain=22.1094 1.19438 0.807877 0.586817 0.883351 1.11205 1.25887 1.13198 1.07572 1.63294 1.58474 1.62379 1.0647 1.06013 1.53996 1.90087 1.80298 1.35498 1.03896 1.0222 1.12742 0.960847 0.920723 0.9615 1.20333 0.917129 1.42155 0.896563 1.06374 1.22971
threshold=2.9069500000000006 3.4807000000000006 0.012790238077349464 15.500000000000002 4.5000000000000009 2.4035903341461138 -0.0004500000000000059 30.487450000000003 21.500000000000004 30.500000000000004 0.38290333333333337 15.95865 -0.0059000000000002375 0.41275000000000006 19.628825433996244 8.2658000000000023 0.77953937600200063 0.62968585204764083 0.063300000000000009 8.3890500000000028 0.40785000000000005 -0.036699999999999976 5.968300000000001 0.82313348017211896 7.5272500000000013 15.533450000000002 0.4892408333333334 1038.4250000000004 2.0000000000000004 7.2323500000000012
decision_type=2 2 2 2 2 2 2 2 2 2 2 2 2 2 2 2 2 2 2 2 2 2 2 2 2 2 2 2 2 2
left_child=-1 2 -2 4 5 6 21 27 18 10 -10 22 -13 14 -11 16 -16 -18 -8 -17 -21 -3 -12 -24 -25 -15 -27 28 -7 -30
right_child=1 3 -4 -5 -6 7 8 -9 9 13 11 12 -14 25 15 19 17 -19 -20 20 -22 -23 23 24 -26 26 -28 -29 29 -31
leaf_value=-0.032680894933774844 0.0030148071493365492 0.0022946896061440594 -0.0049167043567793006 -0.0020614721595215947 0.00048368463474748793 -0.0089882722240084683 -0.004485366296384268 0.013972049652137169 0.044420538124875737 -0.0024002485312957476 0.0088922273988607144 0.0046165570720588227 0.027088120083710948 -0.0052426041103837617 0.25343731638989681 -0.022177090008629451 0.082588855170561651 -0.013700822177520541 0.0088609331550031489 0.001931094500057872 0.032434038787868699 -0.0047782420951279474 0.0021450476046738433 0.036193141587064805 0.035014157039990383 0.020782948461802352 0.00050313893078985294 -0.012662942376180217 -0.0073482242661751041 0.025724794758478296
leaf_weight=2866 24 605 1506 13065 21919 64 1037 24 23 253 24 23 28 615 23 49 31 32 35 65 31 2253 316 20 30 29 309 2933 43 96
leaf_count=2866 24 605 1506 13065 21919 64 1037 24 23 253 24 23 28 615 23 49 31 32 35 65 31 2253 316 20 30 29 309 2933 43 96
internal_value=-0.000794031 -0.000364797 -0.00256209 -0.000288348 -9.8352e-05 -0.000766101 -0.000111132 -0.00197469 0.00104137 0.00218411 0.00631034 0.00524263 0.0186667 0.000851773 0.00390082 0.00862337 0.0180465 0.0110476 -0.000985077 0.00303448 0.00783333 -0.00131001 0.00348718 0.0024918 0.0128 -0.000696749 0.00265089 -0.00210714 0.00303448 0.00696403
internal_weight=48371 45505 1530 43975 30910 8991 5831 3160 2973 1901 464 441 51 1437 484 231 86 63 1072 145 96 2858 390 366 50 953 338 3136 203 139
internal_count=48371 45505 1530 43975 30910 8991 5831 3160 2973 1901 464 441 51 1437 484 231 86 63 1072 145 96 2858 390 366 50 953 338 3136 203 139
is_linear=0
shrinkage=0.08


Tree=108
num_leaves=31
num_cat=0
split_feature=10 44 6 39 11 6 9 6 39 42 22 38 40 3 36 30 39 38 41 41 9 43 32 11 38 40 20 44 44 34
split_gain=21.3816 1.04959 0.577003 0.761844 0.772023 0.535227 0.903706 0.888467 0.954485 0.858416 0.930594 0.849753 0.840869 0.817054 0.975938 0.809385 0.996871 0.789306 1.00135 1.58969 0.968878 0.971429 0.9 0.780301 0.751965 0.976947 0.817132 0.742034 0.91413 0.836364
threshold=2.9069500000000006 9.4069237167802289 10.500000000000002 0.33640333333333344 0.25053021808473069 14.500000000000002 55.500000000000007 4.5000000000000009 0.38299 0.024424398948992145 5.9566500000000007 -1.7384000000000019 0.09594269417754607 132.65000000000001 7.7909500000000014 30.487450000000003 0.48941000000000007 -1.5779500000000002 0.51333250000000008 0.51061916666666674 7.5000000000000009 -0.04169999999999998 13.913600000000001 0.37836994765119064 0.03490000000000016 0.02001877927867373 16.002500000000005 25.344869525684285 24.056837735376693 11.053050000000001
decision_type=2 2 2 2 2 2 2 2 2 2 2 2 2 2 2 2 2 2 2 2 2 2 2 2 2 2 2 2 2 2
left_child=-1 2 3 4 -2 7 -7 8 23 10 -10 -12 15 -14 -15 16 -11 18 19 20 21 -9 -23 -3 25 26 -8 28 29 -22
right_child=1 5 -4 -5 -6 6 24 17 9 12 11 -13 13 14 -16 -17 -18 -19 -20 -21 27 22 -24 -25 -26 -27 -28 -29 -30 -31
leaf_value=-0.030066423339072869 -0.0053777522858287135 0.020307032306890262 -0.010374554450107563 -0.0044109627541695463 0.0045507222263501748 -0.0012528121268003361 0.0032978429491365919 0.025840100482066291 0.0086812371299246835 -0.0084177658982688801 0.010051099374293365 -0.00063807160463757984 0.015708932735671203 0.02373194690539206 -0.013203191808841759 0.013691467521076462 -0.023031199263639598 0.00028245390550877332 -0.016797838037282655 0.53739983955457316 0.27052402271334092 0.1029327889323927 0.2664072825934502 0.0022987212559443609 -0.013103398688644191 -0.0088262386044838555 0.033984745180240611 0.0009423704856803489 0.15297910504354062 -0.037247766479305187
leaf_weight=2866 53 42 444 334 35 14161 183 28 29 3299 25 4468 26 68 87 23 415 19885 61 29 22 20 20 508 459 321 31 382 24 23
leaf_count=2866 53 42 444 334 35 14161 183 28 29 3299 25 4468 26 68 87 23 415 19885 61 29 22 20 20 508 459 321 31 382 24 23
internal_value=-0.000767569 -0.000345458 -0.00310393 -0.000985784 0.00563636 -0.000291944 -0.000678326 -9.33407e-05 -0.000756398 -0.000966827 -0.000215836 -0.000308037 -0.00183359 0.00349171 0.00129032 -0.00209152 -0.00218417 0.000197519 0.00303448 0.00411679 0.00309826 0.012 0.02 0.00247273 -0.00301006 -0.000971965 0.00321495 0.0017561 0.0093913 0.00266666
internal_weight=48371 45505 866 422 88 44639 15155 29484 8990 8440 4522 4493 3918 181 155 3737 3714 20494 609 548 519 68 40 550 994 535 214 451 69 45
internal_count=48371 45505 866 422 88 44639 15155 29484 8990 8440 4522 4493 3918 181 155 3737 3714 20494 609 548 519 68 40 550 994 535 214 451 69 45
is_linear=0
shrinkage=0.08


Tree=109
num_leaves=31
num_cat=0
split_feature=10 32 6 12 10 24 6 43 42 10 10 13 34 38 43 41 1 9 42 44 12 13 13 18 20 10 32 44 5 40
split_gain=20.6972 0.934226 0.554996 1.24022 0.953556 0.955152 1.59679 1.17482 1.08144 1.43545 1.41431 1.35983 1.26565 1.07589 0.958616 0.89236 1.41391 1.4274 1.22322 2.61938 1.47182 0.996783 1.00057 0.989021 1.0687 2.4063 1.55275 2.78415 1.44457 2.16076
threshold=2.9069500000000006 3.0467500000000007 16.500000000000004 19.442609166666667 19.230910000000005 8.5040500000000012 20.500000000000004 0.082700000000000037 0.046884000707364461 15.782736666666668 16.006026666666667 3.3147935397981381 16.814350000000001 -0.19254999999999975 -0.035399999999999952 0.43600083333333339 3575588.1000000001 24.500000000000004 0.026064629741207376 24.691704395165129 11.278151666666668 0.52753629443137318 0.53684246137935643 16.002500000000005 15.072800000000003 15.598640000000001 15.117050000000001 31.822527570490511 22.500000000000004 0.021557680103131565
decision_type=2 2 2 2 2 2 2 2 2 2 2 2 2 2 2 2 2 2 2 2 2 2 2 2 2 2 2 2 2 2
left_child=-1 -2 -3 4 5 -4 8 15 9 -7 12 -10 -11 14 -13 21 17 18 19 20 -17 -8 -23 24 28 26 -26 -28 29 -19
right_child=1 2 3 -5 -6 6 7 -9 11 10 -12 13 -14 -15 -16 16 -18 23 -20 -21 -22 22 -24 -25 25 -27 27 -29 -30 -31
leaf_value=-0.027661109471947044 -0.0089052062711337098 -0.00028263331383800053 -0.0046694748117485493 0.018005016757621187 -0.011598725760147737 -0.014803735419671201 -0.015323783509046349 0.037939511776211327 0.33343693548235026 0.013794723068812456 -0.00282703720489258 -0.017871004541665562 0.049036096510624731 -0.0069173927383645861 0.021837890061690183 0.025511482691288192 -0.0047162280136417573 0.02610662580031781 -0.015343041526873743 0.0022388806889149437 0.0096051568570794908 0.46530242215777284 0.00060472545927173639 -0.005329450893921118 0.18643736945411299 0.011689814482947508 0.015438572432744888 0.036032143931505466 -0.011066113621715565 0.0048431639259413637
leaf_weight=2866 520 33237 2059 31 447 2617 351 24 27 380 1356 103 28 778 377 31 464 133 383 432 41 22 1023 95 27 132 31 21 177 158
leaf_count=2866 520 33237 2059 31 447 2617 351 24 27 380 1356 103 28 778 377 31 464 133 383 432 41 22 1023 95 27 132 31 21 177 158
internal_value=-0.000736145 -0.000320846 -0.000281874 -0.000754513 -0.000796793 -0.000653063 -0.000304855 0.0010268 -0.00113802 -0.00173659 2.7209e-05 0.000902722 0.00415686 0.000521461 0.0035 0.000906559 0.00193882 0.0030295 0.000838781 0.00342857 0.0175556 -0.000664758 0.000574161 0.00554005 0.00660972 0.0113365 0.0223797 0.0304615 0.00447863 0.00794502
internal_weight=48371 45505 44985 11748 11717 11270 9211 3545 5666 4381 1764 1285 408 1258 480 3521 2125 1661 887 504 72 1396 1045 774 679 211 79 52 468 291
internal_count=48371 45505 44985 11748 11717 11270 9211 3545 5666 4381 1764 1285 408 1258 480 3521 2125 1661 887 504 72 1396 1045 774 679 211 79 52 468 291
is_linear=0
shrinkage=0.08


Tree=110
num_leaves=31
num_cat=0
split_feature=10 44 6 9 38 9 13 42 7 6 30 10 7 12 22 6 13 42 5 40 20 38 22 1 12 11 41 28 9 44
split_gain=20.1606 1.12897 0.556804 0.836286 0.869823 0.784975 1.15192 0.984592 4 0.803926 1.19906 1.1511 1.26446 1.26063 1.43313 1.12557 2.62957 1.04762 1.05195 0.939732 1.27971 1.55712 0.996557 0.906241 1.79663 1.27913 1.29144 1.5922 1.38409 1.14527
threshold=2.8392166666666676 8.7671421455018237 14.500000000000002 55.500000000000007 0.03490000000000016 4.5000000000000009 3.8743253497500283 0.045025142898453059 5.5000000000000009 4.5000000000000009 30.487450000000003 16.034303333333337 4.5000000000000009 6.9494116666666672 6.3680500000000011 2.5000000000000004 0.91407483599784733 0.020690359118154204 13.500000000000002 0.01567229583415064 7.5992000000000006 0.057949999999999953 9.0107500000000034 2569495.8000000003 11.791895000000002 6.5210041073070242 0.44961750000000006 9.8531500000000012 37.500000000000007 25.605598393268988
decision_type=2 2 2 2 2 2 2 2 2 2 2 2 2 2 2 2 2 2 2 2 2 2 2 2 2 2 2 2 2 2
left_child=-1 -2 5 -4 -5 6 7 -3 -9 10 11 12 13 14 17 -16 -17 -7 -19 20 21 -14 -22 25 -25 -11 -27 -28 -29 -30
right_child=1 2 3 4 -6 9 -8 8 -10 23 -12 -13 19 -15 15 16 -18 18 -20 -21 22 -23 -24 24 -26 26 27 28 29 -31
leaf_value=-0.028651426419774778 -0.0089364003345082238 -0.0019961472029981905 -0.0012636026184497762 -0.0011322443026338706 -0.011220079078594403 0.018576535004954878 -0.012031983023151347 -0.16076714345147372 0.33200473702900218 0.0015882143878042801 0.0073686985057932388 -0.0098008580019491014 -0.0057067832345506584 2.7335049515547698e-06 -0.0012019931343832963 0.033266775009285425 -0.038860646847519477 0.015812356289531745 -0.005854419718111379 -0.0067085058803784551 -0.0089769053465189371 0.045919341734615128 0.0089746027140420979 -0.022898164558370633 0.00080811139563037799 0.018367947717186313 -0.015869426947238946 -0.024091210368494549 0.028226043112267094 -0.0006880700850464724
leaf_weight=2675 522 1851 14403 550 466 27 551 48 24 5218 48 647 26 4852 147 25 21 22 28 2223 78 35 67 734 12920 24 41 20 57 21
leaf_count=2675 522 1851 14403 550 466 27 551 48 24 5218 48 647 26 4852 147 25 21 22 28 2223 78 35 67 734 12920 24 41 20 57 21
internal_value=-0.000711337 -0.000316178 -0.000273434 -0.000663599 -0.00288189 -7.12504e-05 -0.00143573 -0.000511702 0.00866666 5.24888e-05 -0.000607327 -0.000681144 -0.000403657 0.000309252 0.00562963 0.00194818 0.0128696 0.0148571 0.008 -0.00190696 0.00326213 0.0129836 -0.000827588 0.000338322 -8.20463e-06 0.00121762 0.00819632 0.00523741 0.0107755 0.0155897
internal_weight=48371 45696 45174 15419 1016 29755 2474 1923 72 27281 8246 8198 7551 5122 270 193 46 77 50 2429 206 61 145 19035 13654 5381 163 139 98 78
internal_count=48371 45696 45174 15419 1016 29755 2474 1923 72 27281 8246 8198 7551 5122 270 193 46 77 50 2429 206 61 145 19035 13654 5381 163 139 98 78
is_linear=0
shrinkage=0.08


Tree=111
num_leaves=31
num_cat=0
split_feature=10 12 13 34 26 13 10 38 11 42 40 30 11 9 18 12 13 36 38 38 40 10 5 9 39 44 13 10 9 44
split_gain=19.0742 1.12854 0.705256 0.665329 0.939355 0.825939 0.610496 0.837009 0.863255 0.962479 0.841398 0.762429 1.2374 0.715378 0.898272 0.831168 0.814488 1.38744 0.84249 0.905884 0.693074 0.687683 1.19405 0.91743 1.2316 1.40898 0.956823 2.13439 0.908947 0.868175
threshold=2.8392166666666676 3.3550925000000005 0.2096442949415579 3.4807000000000006 2.9860500000000005 0.25397241523089881 29.766293333333333 0.47269999999999884 0.35519090873964626 0.096565940198284364 0.017408078308428818 21.683450000000004 7.2349340051048037 36.500000000000007 9.6606500000000022 12.336584166666668 6.297711869298797 27.033500000000004 -0.69234999999999991 -0.88159999999999961 0.021021649837613246 13.953793333333335 31.500000000000004 55.500000000000007 0.50652333333333344 32.530202424753732 2.85326577651001 14.602633333333335 52.500000000000007 37.335348276308991
decision_type=2 2 2 2 2 2 2 2 2 2 2 2 2 2 2 2 2 2 2 2 2 2 2 2 2 2 2 2 2 2
left_child=-1 2 -2 -4 -5 -6 11 8 -8 10 -10 21 13 16 15 -15 17 18 19 -13 -12 28 23 -23 25 26 -25 -28 29 -3
right_child=1 6 3 4 5 -7 7 -9 9 -11 20 12 -14 14 -16 -17 -18 -19 -20 -21 -22 22 -24 24 -26 -27 27 -29 -30 -31
leaf_value=-0.026359312306192813 0.0051052176009672113 -0.00092292966975434309 -0.0064488197416146817 0.0073340147848104153 0.0081922092200406756 -0.0066097168254517806 -0.028535209347589824 -0.0040166856296687033 -0.0052662505541632354 0.013021652974456621 0.016583041401091993 -0.027640463320081122 0.0020948880953927588 0.00049831060650515173 -0.0032731443134789702 0.017760643928644255 -0.02007415755159753 0.015178006031162537 -0.015897544048860967 0.013113867589646829 0.00025532785047275208 0.003612402917688275 -0.00052554379401921979 -0.0024193724529256882 0.26186879297976179 0.050203995712743497 0.60519447492697565 0.042266429441893884 -0.003694375238570434 0.0050251644418367403
leaf_weight=2675 26 19107 1200 27 23 99 21 40 21 22 41 79 651 75 473 32 509 27 580 31 44 4886 14000 203 27 36 20 46 2924 426
leaf_count=2675 26 19107 1200 27 23 99 21 40 21 22 41 79 651 75 473 32 509 27 580 31 44 4886 14000 203 27 36 20 46 2924 426
internal_value=-0.000716299 -0.000331935 -0.00258909 -0.00284062 0.00220134 -0.000786887 -0.000261909 0.00427513 0.00703356 0.0095 0.00633962 -0.00028134 -0.0016508 -0.00272868 -0.000413795 0.00620561 -0.00382382 -0.00208647 -0.00278261 0.00363636 0.00988235 -0.000200602 0.00015069 0.00118359 0.00525301 0.00380328 0.00181412 0.0101818 -0.000501226 -0.000304307
internal_weight=48371 45696 1375 1349 149 122 44321 189 149 128 106 44132 2457 1806 580 107 1226 717 690 110 85 41675 19218 5218 332 305 269 66 22457 19533
internal_count=48371 45696 1375 1349 149 122 44321 189 149 128 106 44132 2457 1806 580 107 1226 717 690 110 85 41675 19218 5218 332 305 269 66 22457 19533
is_linear=0
shrinkage=0.08


Tree=112
num_leaves=31
num_cat=0
split_feature=10 12 13 10 9 26 18 42 13 9 38 9 28 39 36 9 13 9 38 32 5 0 13 44 7 34 3 38 12 6
split_gain=18.281 0.859436 0.674165 0.584353 0.564188 0.680894 0.579275 0.631121 0.532823 0.901845 1.19929 0.906334 1.67327 0.871025 0.837181 0.698955 1.00029 0.694315 1.51791 0.692492 1.30482 2.35887 0.672954 0.638956 0.631903 1.00209 1.08829 1.08775 1.02291 1.79486
threshold=2.8392166666666676 3.3550925000000005 0.2096442949415579 2.7194533333333335 25.500000000000004 2.6167500000000001 3.5455000000000005 0.019973411952589174 6.8917799690106367 27.500000000000004 -1.1611499999999995 14.500000000000002 13.768000000000002 0.38299 6.926000000000001 37.500000000000007 7.9783063667094645 16.500000000000004 0.4005999999999999 11.494300000000001 23.500000000000004 0.44405000000000006 7.6329581259427792 45.969410666315127 3.5000000000000004 8.3287500000000012 209.15000000000001 -0.86305000000000021 11.432496666666667 22.500000000000004
decision_type=2 2 2 2 2 2 2 2 2 2 2 2 2 2 2 2 2 2 2 2 2 2 2 2 2 2 2 2 2 2
left_child=3 2 -2 -1 5 -4 -6 -8 24 10 -10 12 -12 -11 -13 -15 19 18 -16 -17 21 -21 -14 -19 -3 -26 27 -27 29 -28
right_child=1 8 4 -5 6 -7 7 -9 9 13 11 14 22 15 17 16 -18 23 -20 20 -22 -23 -24 -25 25 26 28 -29 -30 -31
leaf_value=-0.028713773371251569 0.0046968001928898214 0.00031119718513514325 0.0025406149521822324 -0.0080073680519271665 -0.0078713333937845339 -0.0026768281938681464 -0.0047419902628608899 0.0093993363925899878 0.025128944650742759 0.018289253332133541 -0.0095248194552420527 0.033823179566974088 0.017893323787154407 -0.015857575870402554 0.0011580982262194067 -0.014666400231595973 0.012361542491067162 -0.0006501445925109695 0.045985013724220501 0.0025588873522414276 -0.0061797514807959697 0.02722613396734197 0.012661897088374919 0.019479083146548674 -0.0021884114656921072 0.019958009958115145 -0.028776297327120472 0.0010947847849668779 -0.00088648552148426593 0.63671206945245507
leaf_weight=2292 26 19042 23 383 723 540 29 34 30 23 724 22 38 465 71 363 20 451 32 104 616 20 21 40 4287 520 450 3899 13050 33
leaf_count=2292 26 19042 23 383 723 540 29 34 30 23 724 22 38 465 71 363 20 451 32 104 616 20 21 40 4287 520 450 3899 13050 33
internal_value=-0.000704722 -0.000328433 -0.00229818 -0.00713271 -0.00254411 -0.000611014 -0.00392876 0.00342857 -0.000267324 -0.00128948 0.000173546 -0.000165835 -0.0019719 -0.00258721 0.00212987 -0.00281109 -0.00173108 0.00156229 0.00753398 -0.00205259 -0.000648651 0.00683871 0.010983 0.00030957 -0.000192052 -0.000481678 -0.000219253 0.000870783 -0.000575188 -0.00419048
internal_weight=48371 45696 1375 2675 1349 563 786 63 44321 3040 1429 1399 783 1611 616 1588 1123 594 103 1103 740 124 59 491 41281 22239 17952 4419 13533 483
internal_count=48371 45696 1375 2675 1349 563 786 63 44321 3040 1429 1399 783 1611 616 1588 1123 594 103 1103 740 124 59 491 41281 22239 17952 4419 13533 483
is_linear=0
shrinkage=0.08


Tree=113
num_leaves=31
num_cat=0
split_feature=10 30 9 34 22 13 26 10 6 6 9 38 0 39 0 6 41 41 13 38 0 11 9 26 38 9 30 7 38 9
split_gain=17.6154 0.865653 0.639844 0.795641 1.05788 0.703045 0.66079 0.618931 0.536117 0.834358 0.987374 0.753248 0.736635 0.803856 0.731368 0.84902 1.15382 0.994224 0.726069 0.98968 1.07602 1.68751 1.08298 0.853672 1.22156 1.40661 0.989523 2.01353 0.841195 0.81426
threshold=2.8392166666666676 3.1201000000000003 26.500000000000004 3.3380000000000005 3.0467500000000007 0.22625909783230588 2.6167500000000001 2.6642500000000005 2.5000000000000004 14.500000000000002 55.500000000000007 0.03490000000000016 0.62075000000000014 0.5052566666666668 0.53265000000000007 1.5000000000000002 0.43510916666666671 0.42551250000000007 0.2526077480101277 -0.36719999999999969 0.36625000000000008 0.27262703158653018 14.500000000000002 4.2984500000000008 -0.15624999999999997 21.500000000000004 3.3380000000000005 4.5000000000000009 0.49155000000000021 4.5000000000000009
decision_type=2 2 2 2 2 2 2 2 2 2 2 2 2 2 2 2 2 2 2 2 2 2 2 2 2 2 2 2 2 2
left_child=7 2 3 6 -5 -4 -2 -1 12 18 -11 -12 13 14 -3 17 -17 -16 19 -10 21 23 -23 26 -25 -26 27 -21 -22 -20
right_child=1 8 5 4 -6 -7 -8 -9 9 10 11 -13 -14 -15 15 16 -18 -19 29 20 28 22 -24 24 25 -27 -28 -29 -30 -31
leaf_value=-0.028558253327532555 0.0043947271288488606 -0.0026718185058813926 0.010174503603216459 0.01276776171685968 -0.0010821509852478586 -0.01060838650523482 -0.0062531281350767676 -0.0078064200264764648 -0.004773646745574147 -0.0009993219389921816 -0.0031530504087380375 -0.010224793711973792 0.0012711217302621804 -0.033805534437460073 0.047549060849516017 0.0017037993184462056 0.017929718261466922 -0.0084365884090449247 -0.0037284111482050863 0.0088761956376522243 -0.0032537628854925 0.014065811631145076 0.0034839616750676951 0.008106168650027324 0.0099018543770522625 -0.0022167968207551111 -0.00074355880474509008 -0.00060564031817757539 0.0097020674310870844 0.00040166854022294292
leaf_weight=2101 20 4815 34 21 39 410 290 574 142 14276 551 463 188 207 31 37 24 96 1940 24 178 24 87 40 39 88 390 42 24 21176
leaf_count=2101 20 4815 34 21 39 410 290 574 142 14276 551 463 188 207 31 37 24 96 1940 24 178 24 87 40 39 88 390 42 24 21176
internal_value=-0.000673298 -0.000303923 -0.00288944 -0.000432434 0.008 -0.00493694 -0.00206452 -0.00698318 -0.000257031 -0.000154799 -0.000617399 -0.00302959 -0.00100482 -0.00118234 -0.000980214 0.00391489 0.0116721 0.000188974 0.000137553 0.00216697 0.00311111 0.00453406 0.0136216 0.00291493 0.00780838 0.0039685 0.00112281 0.0101818 -0.00205941 4.29121e-05
internal_weight=48371 45696 814 370 60 444 310 2675 44882 39484 15290 1014 5398 5210 5003 188 61 127 24194 1078 936 734 111 623 167 127 456 66 202 23116
internal_count=48371 45696 814 370 60 444 310 2675 44882 39484 15290 1014 5398 5210 5003 188 61 127 24194 1078 936 734 111 623 167 127 456 66 202 23116
is_linear=0
shrinkage=0.08


Tree=114
num_leaves=31
num_cat=0
split_feature=10 30 10 9 24 34 24 22 13 38 43 13 38 11 6 44 6 9 12 39 42 43 6 36 9 9 1 20 38 7
split_gain=17.5224 0.873879 0.660251 0.639844 0.62155 0.844828 0.510354 0.978894 0.743448 0.676024 1.08218 1.02826 0.773761 0.720354 0.520556 1.05816 0.671604 0.962852 1.22827 0.791946 0.811596 1.23045 1.34381 1.23042 1.32386 1.20395 1.14714 2.62645 1.09082 1.40242
threshold=2.8392166666666676 3.1201000000000003 2.6208100000000001 26.500000000000004 3.3380000000000005 3.1836500000000005 30.492250000000002 29.753700000000006 7.5265386786934982 -0.3900000000000014 -0.040899999999999957 7.5939214956580479 -0.90269999999999928 0.37836994765119064 2.5000000000000004 14.212463912487125 14.500000000000002 42.500000000000007 20.400361666666672 0.33235666666666669 0.050146127514973597 -0.06364999999999997 21.500000000000004 20.223800000000004 14.500000000000002 37.500000000000007 5118418.1500000013 22.343950000000003 0.37760000000000066 4.5000000000000009
decision_type=2 2 2 2 2 2 2 2 2 2 2 2 2 2 2 2 2 2 2 2 2 2 2 2 2 2 2 2 2 2
left_child=2 3 -1 4 -2 -6 8 -8 14 10 -10 -12 -13 -14 15 -3 -16 19 -19 -18 21 22 -21 24 -22 -25 27 28 -26 -30
right_child=1 6 -4 -5 5 -7 7 -9 9 -11 11 12 13 -15 16 -17 17 18 -20 20 23 -23 -24 25 26 -27 -28 -29 29 -31
leaf_value=-0.028537595612685537 -0.0022380257955601545 0.0067946192684170265 -0.0093858651697922985 -0.0084525247103043218 -0.0095912298756952192 0.0057606833148865005 0.025326210136760452 0.00046316239619424146 -0.025088146979740027 -0.0085673547397987701 -0.014347656947936098 0.011681227387559601 0.017079530410958339 0.0010931248098813115 0.00032511497780309657 -0.0025854786953261994 0.0037644084997423316 -0.0044024232526372765 0.049980344209375027 0.029512148488400052 -0.0013322786422727477 -0.0015649766329554724 -0.016251957189461323 -0.028470230216533034 0.020339336960943828 0.0028117833284494599 0.001744382845638852 0.083892212679992806 0.0098960200262085615 0.1746138626660356
leaf_weight=1910 312 40 765 444 29 29 28 160 65 942 40 40 38 115 23437 5120 31 4150 33 100 610 8576 46 310 291 200 360 23 70 57
leaf_count=1910 312 40 765 444 29 29 28 160 65 942 40 40 38 115 23437 5120 31 4150 33 100 610 8576 46 310 291 200 360 23 70 57
internal_value=-0.000660067 -0.000291669 -0.00695327 -0.00288944 -0.000432434 0.00717241 -0.000244554 0.00391489 -0.000262051 -0.00219355 0.00112751 0.00367382 0.00609326 0.00350327 -0.000206933 -0.000961242 -0.000105293 -0.000526084 -0.00155487 -0.000122917 -0.000160107 -0.000487963 0.00679452 0.00132847 0.00254571 -0.00203922 0.00468414 0.0074195 0.00597129 0.0121575
internal_weight=48371 45696 2675 814 370 58 44882 188 44694 1240 298 233 193 153 43454 5160 38294 14857 4183 10674 10643 8722 146 1921 1411 510 801 441 418 127
internal_count=48371 45696 2675 814 370 58 44882 188 44694 1240 298 233 193 153 43454 5160 38294 14857 4183 10674 10643 8722 146 1921 1411 510 801 441 418 127
is_linear=0
shrinkage=0.08


Tree=115
num_leaves=31
num_cat=0
split_feature=10 30 11 11 26 36 34 44 11 11 34 41 18 38 13 12 39 36 9 5 22 43 24 41 13 30 7 28 22 9
split_gain=16.8721 1.16321 0.499183 0.476 0.810467 2.42121 0.597692 0.894775 0.755455 0.643017 0.743625 0.579103 1.54578 1.56717 0.728915 0.4875 1.0657 1.06565 0.917371 0.784177 1.85862 1.81189 1.38809 1.0668 1.04979 0.906354 1.17276 1.11665 0.920114 1.10626
threshold=2.7819200000000008 3.1201000000000003 0.15885414566860565 0.19721105744744474 4.516350000000001 4.4414000000000007 4.1584000000000012 12.270930662410857 0.17154796377183359 0.17976718676609224 4.4410500000000015 0.34692333333333342 4.0951000000000013 0.028850000000000268 0.21809712219987226 15.481107500000002 0.55038666666666691 12.176050000000002 36.500000000000007 23.500000000000004 11.768400000000002 -0.013499999999999983 12.837800000000001 0.49178916666666672 4.5209217690605366 16.394100000000005 4.5000000000000009 13.699650000000002 12.535450000000003 12.500000000000002
decision_type=2 2 2 2 2 2 2 2 2 2 2 2 2 2 2 2 2 2 2 2 2 2 2 2 2 2 2 2 2 2
left_child=-1 -2 -3 4 6 -6 7 8 -4 10 -8 14 13 -13 -10 16 -5 -18 -19 20 23 -22 24 -17 -21 28 27 -27 29 -24
right_child=1 2 3 15 5 -7 9 -9 11 -11 -12 12 -14 -15 -16 19 17 18 -20 22 21 -23 25 -25 -26 26 -28 -29 -30 -31
leaf_value=-0.020875627218752534 -0.0043801798341381011 -0.0065176950232780128 -0.0069011259172015085 -0.00095068148113383241 0.0090409519511358682 -0.0011489295295001025 -0.008691058859433002 0.015979056653240731 0.0043962280897061855 -0.0061493417121517473 0.0077988452964789417 0.012665625920669266 -0.010516547186226573 0.0015943489755283287 -0.0011090764107793709 0.019480411544344437 0.018033911374615425 -0.041672956768372002 0.0003491958172565624 0.25101465913020599 -0.0078100395918636887 0.029829029653243744 0.15343351710535755 -0.019397652101901572 -0.012968334079913865 0.021275377134939068 -0.003927512475814951 0.00044389707117100204 0.0018112990119560741 0.0014477959039763228
leaf_weight=2484 988 105 59 24688 22 37 31 30 21 81 27 31 26 35 170 33 23 364 150 28 22 35 22 75 775 21 2995 6360 8583 50
leaf_count=2484 988 105 59 24688 22 37 31 30 21 81 27 31 26 35 170 33 23 364 150 28 22 35 22 75 775 21 2995 6360 8583 50
internal_value=-0.000612104 -0.000264478 -0.000204728 -0.000191813 0.00210526 0.010983 0.00108023 0.00275269 0.00159064 -0.00339569 0.00303448 0.00330742 0.00852174 0.0150303 0.00079581 -0.00022142 -0.000451935 -0.00397766 -0.00473152 8.46341e-05 0.00557576 0.0172632 3.65278e-05 -0.000592594 -0.00321793 0.000181463 -0.000363483 0.000249489 0.000771806 0.00977778
internal_weight=48371 45887 44899 44794 570 59 511 372 342 139 58 283 92 66 191 44224 25225 537 514 18999 165 57 18834 108 803 18031 9376 6381 8655 72
internal_count=48371 45887 44899 44794 570 59 511 372 342 139 58 283 92 66 191 44224 25225 537 514 18999 165 57 18834 108 803 18031 9376 6381 8655 72
is_linear=0
shrinkage=0.08


Tree=116
num_leaves=31
num_cat=0
split_feature=12 22 10 11 34 40 6 12 40 7 40 32 28 28 13 13 6 13 9 13 9 18 4 10 44 12 20 0 42 32
split_gain=15.9563 0.912903 0.770836 0.770471 0.677929 0.788796 0.564472 1.22863 0.788368 0.862641 1.10679 1.08375 1.11785 1.51231 1.3006 0.773986 0.71043 1.14357 0.923079 1.26122 1.72434 1.07061 1.28926 0.818056 1.19585 1.07398 0.798401 1.5519 1.06838 1.06778
threshold=2.8488025000000001 2.7649000000000004 2.6208100000000001 0.18656665959509333 2.7130500000000004 0.021898125599017569 16.500000000000004 19.442609166666667 0.09594269417754607 2.0000000000000004 0.099183661451188107 7.2336500000000008 12.834650000000002 21.407300000000003 6.9692004767259048 6.9692004767259048 3.5000000000000004 1.0722616377009897 19.500000000000004 1.0227638736780409 46.500000000000007 5.9398000000000009 889.83000000000004 16.510376666666669 20.136572259299438 16.544397500000002 18.989350000000005 0.49485000000000007 0.037815548570899464 12.349400000000001
decision_type=2 2 2 2 2 2 2 2 2 2 2 2 2 2 2 2 2 2 2 2 2 2 2 2 2 2 2 2 2 2
left_child=2 -2 -1 4 -4 -6 8 -8 16 10 15 -11 -13 14 -14 -10 17 18 -3 21 -21 22 -20 26 -25 -26 -18 28 -28 -30
right_child=1 6 3 -5 5 -7 7 -9 9 11 -12 12 13 -15 -16 -17 23 -19 19 20 -22 -23 -24 24 25 -27 27 -29 29 -31
leaf_value=-0.024319746375006519 -0.010888630866857657 -0.0029104089757222206 -0.013424526460616447 -0.0094204963220938433 0.0076055282589634265 -0.015268688607570092 -0.0020023862568336473 0.016852483543792492 0.025780919541653208 0.040779213034026443 -0.0076278205574760735 -0.0074132529074667367 0.027309234851778573 0.0034464042185312232 0.013729395139210039 -0.0013597772156210375 0.00064385898606402912 -0.009405879668069158 0.026686167714270421 -0.0031604158000548299 0.077080618394214692 0.0004876016151417638 -0.0093836920328230766 0.013176496363214869 -0.0076523326865031559 -0.00038183386061752922 -0.16994686895109479 0.0016944352665368926 0.18848772276291176 0.58825306331094429
leaf_weight=1868 232 1327 38 713 34 21 12002 31 22 21 212 112 25 218 70 21 16347 2963 20 33 31 2627 21 26 1718 7279 20 274 25 20
leaf_count=1868 232 1327 38 713 34 21 12002 31 22 21 212 112 25 218 70 21 16347 2963 20 33 31 2627 21 26 1718 7279 20 274 25 20
internal_value=-0.000587296 -0.000235816 -0.00659387 -0.00452606 0.00232258 0.008 -0.000210274 -0.000680132 -4.11601e-05 0.00261341 -0.00109804 0.00473542 0.00385882 0.0063131 0.0147368 0.0106046 -9.8013e-05 -0.000811167 6.10969e-05 0.000901901 0.012 0.00063568 0.0134634 9.67735e-05 -0.000516903 -0.000566413 0.000428621 0.00427138 0.0153846 0.0222222
internal_weight=48371 45697 2674 806 93 55 45465 12033 33432 701 255 446 425 313 95 43 32731 7022 4059 2732 64 2668 41 25709 9023 8997 16686 339 65 45
internal_count=48371 45697 2674 806 93 55 45465 12033 33432 701 255 446 425 313 95 43 32731 7022 4059 2732 64 2668 41 25709 9023 8997 16686 339 65 45
is_linear=0
shrinkage=0.08


Tree=117
num_leaves=31
num_cat=0
split_feature=12 22 10 10 5 9 11 24 20 40 20 9 40 6 41 42 39 20 39 44 6 10 11 44 32 30 24 42 30 36
split_gain=14.6924 0.917379 0.792236 0.593343 0.76455 0.652474 0.531952 0.687401 0.495428 0.896636 0.476371 0.582424 0.467495 0.458776 0.884777 1.52134 0.908198 1.19225 0.794805 0.696476 0.691377 0.963943 0.860584 0.798816 0.689954 0.680272 1.36668 0.890121 2.24024 0.885675
threshold=2.8488025000000001 2.7649000000000004 2.6208100000000001 29.766293333333333 59.500000000000007 8.5000000000000018 0.18656665959509333 2.8768000000000007 2.6167500000000001 0.020931307150929983 3.1201000000000003 28.500000000000004 0.019119269760887601 14.500000000000002 0.34873916666666666 0.023501195035110996 0.34415666666666672 4.0951000000000013 0.32855000000000006 45.969410666315127 3.5000000000000004 18.120506666666667 0.25301891152941852 14.212463912487125 3.8558000000000008 16.501500000000004 15.497700000000002 0.017347558400773382 4.1584000000000012 8.443150000000001
decision_type=2 2 2 2 2 2 2 2 2 2 2 2 2 2 2 2 2 2 2 2 2 2 2 2 2 2 2 2 2 2
left_child=2 -2 -1 8 -5 -6 7 12 9 -3 -8 -12 -4 20 15 18 17 24 -15 25 21 22 -10 -24 -16 26 27 28 -18 -27
right_child=1 3 6 4 5 -7 10 -9 13 -11 11 -13 -14 14 16 -17 19 -19 -20 -21 -22 -23 23 -25 -26 29 -28 -29 -30 -31
leaf_value=-0.022374166665006003 -0.010017540397509026 0.0069266823159162463 0.0069585957936353074 0.0010487260568850338 0.0098489685552003731 -0.00036518641642218952 -0.0092055916594283357 0.0065211733514500929 0.035591671002250073 -0.021464639813444007 -0.012476743590841142 0.010501911552762569 -0.015126453558931241 0.010530238603700455 0.0074941588710847129 0.0039836711786827407 0.01181256660680448 -0.0035651899491332042 -0.0047479092847812418 0.0058229358431295605 0.00035345306326792865 -0.043250839285372468 0.0070277201525707298 -0.0017629404671314517 0.0038289934403029141 0.01570937629663512 0.0032602510344596808 -0.0024864024412580158 0.0028322671482744954 -0.0037066335029246672
leaf_weight=1868 232 34 20 21 25 143 658 22 20 24 30 25 51 25 20 26 21 25 1284 46 22608 209 38 6758 21 21 2529 8416 75 3076
leaf_count=1868 232 34 20 21 25 143 658 22 20 24 30 25 51 25 20 26 21 25 1284 46 22608 209 38 6758 21 21 2529 8416 75 3076
internal_value=-0.000560834 -0.000223561 -0.00632461 -0.000197956 0.00427513 0.00247619 -0.00422829 0.00146236 -0.000216629 0.00717241 -0.00497055 0.00218182 -0.0023662 -0.000226107 -0.00057748 -0.00254682 -0.000392984 0.0089697 -0.00292743 -0.00043655 -4.13072e-05 -0.000734521 -0.000570424 -0.00061919 0.0173659 -0.000468526 -0.000174624 -0.000659776 0.007 -0.00151631
internal_weight=48371 45697 2674 45465 189 168 806 93 45276 58 713 55 71 45218 15585 1335 14250 66 1309 14184 29633 7025 6816 6796 41 14138 11041 8512 96 3097
internal_count=48371 45697 2674 45465 189 168 806 93 45276 58 713 55 71 45218 15585 1335 14250 66 1309 14184 29633 7025 6816 6796 41 14138 11041 8512 96 3097
is_linear=0
shrinkage=0.08


Tree=118
num_leaves=31
num_cat=0
split_feature=10 6 20 39 13 42 1 43 1 9 41 38 13 40 30 40 9 38 10 5 0 43 11 11 38 13 44 38 26 11
split_gain=13.9717 0.775558 0.690506 0.931733 0.892517 0.564925 0.681818 0.777366 1.3172 0.893755 0.777786 0.632411 0.643599 0.515505 0.485935 0.622148 0.550476 0.552771 0.476035 0.810185 0.458009 0.450758 0.62963 1.19048 0.578704 0.44859 1.0999 0.704981 0.797933 0.872727
threshold=2.7819200000000008 3.5000000000000004 3.3380000000000005 0.33640333333333344 0.2096442949415579 0.019179172400170186 687909.40000000014 0.013500000000000041 647192.80000000016 30.500000000000004 0.33489083333333342 0.19435000000000005 0.2720117869168926 0.011177191365128054 3.0467500000000007 0.015017667372642341 39.500000000000007 -0.54109999999999914 29.766293333333333 59.500000000000007 0.34415000000000007 -0.0055999999999999652 0.441771721717722 0.38971680938795833 0.18790000000000087 7.5939214956580479 45.969410666315127 -0.3900000000000014 12.762600000000001 7.8970132035398413
decision_type=2 2 2 2 2 2 2 2 2 2 2 2 2 2 2 2 2 2 2 2 2 2 2 2 2 2 2 2 2 2
left_child=1 -1 3 5 -5 -2 7 8 -7 -9 -10 12 -8 -4 -6 20 17 -17 25 -20 -16 -21 23 -23 -24 -15 27 28 -27 -30
right_child=2 -3 13 4 14 6 11 9 10 -11 -12 -13 -14 18 15 16 -18 -19 19 21 -22 22 24 -25 -26 26 -28 -29 29 -31
leaf_value=-0.025017031363647215 -0.0078924048866268574 -0.010484347229866025 -0.011244329461303517 0.0057918315785344954 -0.0080645457622646934 -0.0081382656911460245 -0.005061876249383309 0.012257983570118479 -0.0031720352418686932 -0.010685025744554533 0.0052006248372173294 -0.0068053921355910301 0.012831143263652461 -0.00024036994680253014 -0.0010147657029613169 0.0092253144702182949 -0.0070493779839303373 -0.001220632979781413 0.00096482797233410984 -0.0027785355414178558 0.0085466018017859042 -0.004139011141685329 0.0014812329738119394 0.022046030387493979 -0.0040441501944847823 0.011206781226744168 0.01734995390627634 -0.0081694399998649345 -0.0212761178089103 0.0076114623669016092
leaf_weight=1426 94 1058 180 24 418 93 72 40 22 21 40 88 20 42892 22 20 210 330 21 66 20 27 24 21 30 143 30 809 80 30
leaf_count=1426 94 1058 180 24 418 93 72 40 22 21 40 88 20 42892 22 20 210 330 21 66 20 27 24 21 30 143 30 809 80 30
internal_value=-0.000545949 -0.0063897 -0.000229609 -0.00189831 -0.00324904 0.00097959 0.00230303 0.00533333 0.00232258 0.0129836 0.0113548 -0.00133334 0.00330435 -0.000171896 -0.00360785 -0.00215283 -0.00285714 -0.000914288 -0.000154485 0.00385185 0.00723809 0.002 0.00533333 0.012 -0.000592594 -0.000171701 -0.0017729 -0.00219963 0.00148616 -0.00363637
internal_weight=48371 2484 45887 1534 1044 490 396 216 155 61 62 180 92 44353 1020 602 560 350 44173 189 42 168 102 48 54 43984 1092 1062 253 110
internal_count=48371 2484 45887 1534 1044 490 396 216 155 61 62 180 92 44353 1020 602 560 350 44173 189 42 168 102 48 54 43984 1092 1062 253 110
is_linear=0
shrinkage=0.08


Tree=119
num_leaves=31
num_cat=0
split_feature=10 10 22 9 9 42 42 0 41 38 41 28 39 36 26 0 41 42 40 42 6 39 41 12 11 38 12 42 11 36
split_gain=12.8957 0.766008 0.674805 0.451794 1.07139 1.56698 2.60509 1.19952 1.17426 1.57438 1.22987 1.07299 1.06497 1.43089 1.22765 1.45606 0.93765 1.0671 1.08202 1.22445 1.86856 2.40396 4.75883 1.05791 0.907763 1.45946 1.92327 2.44208 1.1596 0.901444
threshold=2.7819200000000008 2.5704766666666674 2.8203500000000004 23.500000000000004 20.500000000000004 0.045693623556517619 0.048412206201090789 0.59165000000000012 0.51748416666666686 -0.059350000000000229 0.55369833333333351 18.667800000000003 0.50365000000000015 15.060000000000002 16.302100000000003 0.51675000000000015 0.45834750000000007 0.022610411424094774 0.014202593659557691 0.020002484132438221 4.5000000000000009 0.39073666666666673 0.40414500000000009 10.952120833333336 0.52511271814931482 -0.24270000000000144 15.587476666666669 0.02033809021960525 1.9887444635466116 7.2336500000000008
decision_type=2 2 2 2 2 2 2 2 2 2 2 2 2 2 2 2 2 2 2 2 2 2 2 2 2 2 2 2 2 2
left_child=1 -1 -2 4 -4 8 -7 29 12 -10 11 -11 13 16 24 -16 17 18 -6 -20 21 -21 -23 -22 25 -15 -27 -28 -26 -8
right_child=2 -3 3 -5 5 6 7 -9 9 10 -12 -13 -14 14 15 -17 -18 -19 19 20 23 22 -24 -25 28 26 27 -29 -30 -31
leaf_value=-0.0204796660180574 -0.0064841426238786094 -0.0069929446242877483 -0.00025757201904994025 -0.00080358831092416146 0.0090694825323817969 0.36113978092983073 0.020366517732421915 -0.0036347045137064679 -0.0051316145575865911 0.032770404939922344 0.025677785590650672 -0.0097224338272996116 -0.010185427464350165 0.0017406634536680488 -0.0093972480110835737 0.0094533623876450271 -0.021355542922190555 -0.015055440690146705 -0.0064395665380562487 -0.0042533629053586996 -0.0035010121980845401 0.36263504138329283 0.014451175283868221 0.04226248229078397 0.0025893147283581035 -0.009958298613235236 0.021238465157843139 0.04503885646868807 0.47865639212770289 0.023914533376063293
leaf_weight=1719 340 765 15992 27272 37 38 24 201 53 22 22 21 263 37 110 22 171 285 181 31 164 20 33 39 130 21 28 25 22 283
leaf_count=1719 340 765 15992 27272 37 38 24 201 53 22 22 21 263 37 110 22 171 285 181 31 164 20 33 39 130 21 28 25 22 283
internal_value=-0.000517833 -0.00613205 -0.000213919 -0.000187413 0.000120381 0.00174157 0.00547985 0.0039685 0.000566492 0.00827118 0.0166154 0.00874418 4.93941e-06 0.000908553 0.00496202 -0.00133334 -0.000757546 0.000405061 0.00261386 0.00157265 0.0048223 0.0148571 0.0252075 0.000669949 0.00812167 0.0136216 0.0201081 0.0282264 0.00410526 0.007114
internal_weight=48371 2484 45887 45547 18275 2283 546 508 1737 118 65 43 1619 1356 395 132 961 790 505 468 287 84 53 203 263 111 74 53 152 307
internal_count=48371 2484 45887 45547 18275 2283 546 508 1737 118 65 43 1619 1356 395 132 961 790 505 468 287 84 53 203 263 111 74 53 152 307
is_linear=0
shrinkage=0.08


Tree=120
num_leaves=31
num_cat=0
split_feature=10 10 24 20 38 5 40 39 22 0 9 13 34 43 11 43 43 20 11 9 3 43 9 3 12 39 18 24 1 22
split_gain=12.8087 0.742757 0.588209 0.815281 0.553179 0.879487 0.606807 0.674102 0.588803 0.963333 0.73193 0.484331 0.484101 1.0658 0.516447 0.89796 1.2315 0.543456 0.477969 0.559703 0.466667 0.434987 0.878508 0.765633 0.89362 0.817287 1.80058 1.29423 1.61571 1.10871
threshold=2.7819200000000008 2.5704766666666674 3.3380000000000005 2.7649000000000004 -0.55239999999999922 6.5000000000000009 0.015943231135560055 0.33860000000000007 3.3380000000000005 0.33605000000000007 10.500000000000002 0.27019586350259744 3.4065000000000007 -0.01049999999999998 0.24799755132417786 0.013500000000000041 0.023999999999999997 3.1201000000000003 0.20609658252435006 41.500000000000007 53.350000000000001 0.041149999999999971 54.500000000000007 311.85000000000008 17.661350000000002 0.50482333333333351 16.967650000000003 16.784250000000004 3729522.4500000007 16.000550000000004
decision_type=2 2 2 2 2 2 2 2 2 2 2 2 2 2 2 2 2 2 2 2 2 2 2 2 2 2 2 2 2 2
left_child=1 -1 4 -4 5 20 8 11 10 -10 -6 12 14 -14 18 17 -17 -16 19 -8 -2 -5 23 24 25 26 27 -23 29 -29
right_child=2 -3 3 21 6 -7 7 -9 9 -11 -12 -13 13 -15 15 16 -18 -19 -20 -21 -22 22 -24 -25 -26 -27 -28 28 -30 -31
leaf_value=-0.018841292736612801 0.0016360565784744505 -0.0064335090543447427 0.016178825695871913 -0.00046177554669503618 0.0032763580507626329 0.010177792473316046 -0.006227638659828374 -0.0060097909971870839 -0.0085936825171669031 0.016692249491455282 -0.0040442691634983577 -0.0069162266363215295 0.0089678741274874293 -0.0044281520156002419 -0.0082376045726316668 0.012235849686283128 0.0061288929869441075 0.011290281302167544 -0.0069170970315411383 0.0062386490419193506 -0.010164035184647658 0.0025398586634273182 -0.0073340227498819126 -0.0023473802038912403 0.01841256165907906 -0.0075243240422614016 0.043453217235503709 0.30643830645930992 0.015086007442200572 -0.0039702915508313249
leaf_weight=1719 42 765 20 40411 24 21 71 648 20 30 106 136 22 43 58 21 39 34 161 30 28 2271 302 982 36 205 22 23 24 57
leaf_count=1719 42 765 20 40411 24 21 71 648 20 30 106 136 22 43 58 21 39 34 161 30 28 2271 302 982 36 205 22 23 24 57
internal_value=-0.000504602 -0.00609984 -0.000201715 -0.000148447 -0.00174185 0.00430769 -0.00212336 -0.00274268 0.00222222 0.0096 -0.000615387 -0.00084553 0.000350729 0.00676923 -0.000657007 0.00305263 0.0106667 -0.00191305 -0.00280916 0.00150495 -1.90735e-09 -0.000155732 0.000648647 0.000994473 0.00170432 0.00153113 0.00194576 0.00173473 0.0104615 0.005
internal_weight=48371 2484 45887 44353 1534 91 1443 1263 180 50 130 615 479 65 414 152 60 92 262 101 70 44333 3922 3620 2638 2602 2397 2375 104 80
internal_count=48371 2484 45887 44353 1534 91 1443 1263 180 50 130 615 479 65 414 152 60 92 262 101 70 44333 3922 3620 2638 2602 2397 2375 104 80
is_linear=0
shrinkage=0.08


Tree=121
num_leaves=31
num_cat=0
split_feature=12 22 6 6 11 30 43 11 39 42 7 11 38 9 13 40 38 6 43 43 43 43 13 30 43 39 0 30 22 1
split_gain=11.3716 0.977466 0.719036 0.497697 0.739608 0.775601 0.456926 0.666469 0.655335 0.808595 0.504244 0.500925 0.425237 1.06454 1.32732 1.0867 1.28 1.07809 1.41976 1.34879 0.981559 0.959224 0.953064 1.34953 1.39948 0.918962 1.14502 1.73517 0.995921 0.974297
threshold=2.7823475000000006 2.7649000000000004 3.5000000000000004 21.500000000000004 0.18656665959509333 2.7649000000000004 -0.0052500000000000316 0.30257662129535906 0.33006333333333343 0.020841401883898002 1.0000000180025095e-35 0.26100308269418365 0.068649999999999892 27.500000000000004 4.7889675051139191 0.070060665614621417 1.0601999999999998 12.500000000000002 -0.017999999999999929 -0.0002000000000000057 -0.045299999999999972 -0.043499999999999948 0.26008793033755978 16.199700000000004 0.055549999999999967 0.56789666666666683 0.49415000000000003 14.647850000000002 15.787750000000001 2628584.2000000007
decision_type=2 2 2 2 2 2 2 2 2 2 2 2 2 2 2 2 2 2 2 2 2 2 2 2 2 2 2 2 2 2
left_child=2 -2 -1 4 5 -4 -6 10 -9 -10 11 -8 -3 -14 15 17 -17 18 20 -20 -15 -22 -19 24 -24 26 27 -21 -28 -29
right_child=1 12 3 -5 6 -7 7 8 9 -11 -12 -13 13 14 -16 16 -18 22 19 25 21 -23 23 -25 -26 -27 28 29 -30 -31
leaf_value=-0.019372393068563979 -0.0080387389658749774 0.00011037901828504701 -0.0067894102419171175 -0.014565988423755062 -0.0093461944149420967 0.0099206786446462952 0.0090137421377930443 -0.0054785630689734785 0.013486724359705939 -0.0041974377001210064 -0.0042026745138171511 -0.014202783233558412 0.00051871697972144613 -0.0068904669544060252 -0.0075964773529472078 0.26521330765000628 -0.092187866039442817 -0.0047557634392001846 -0.0084182961169056731 0.00048769394617127017 0.084415914744387768 0.0084302484192383519 -0.0016147128402248519 -0.0080338638977033514 0.11216617714996259 0.017591589508199376 -0.013727601873904236 -0.26976431181753363 -0.0007759084086953747 0.030502140189892644
leaf_weight=1383 311 24922 37 359 278 22 24 44 21 20 272 23 9778 157 1908 25 25 395 1017 1628 31 782 2100 1157 151 39 372 23 845 222
leaf_count=1383 311 24922 37 359 278 22 24 44 21 20 272 23 9778 157 1908 25 25 395 1017 1628 31 782 2100 1157 151 39 372 23 845 222
internal_value=-0.000471524 -0.000186194 -0.00574467 -0.00421818 -0.00303374 0.00555932 -0.00377713 -0.00205941 0.00423529 0.0115122 -0.00373668 0.00391489 -0.000155694 -0.000424112 -0.000968651 -0.000561046 0.0112 -0.000626978 0.000131351 -0.000513268 0.0028866 0.00400492 -0.00164712 -0.00121596 -7.46354e-05 0.000309362 0.000155338 0.00139669 -0.00175514 0.00767347
internal_weight=48371 45888 2483 1100 741 59 682 404 85 41 319 47 45577 20655 10877 8969 50 8919 5116 4146 970 813 3803 3408 2251 3129 3090 1873 1217 245
internal_count=48371 45888 2483 1100 741 59 682 404 85 41 319 47 45577 20655 10877 8969 50 8919 5116 4146 970 813 3803 3408 2251 3129 3090 1873 1217 245
is_linear=0
shrinkage=0.08


Tree=122
num_leaves=31
num_cat=0
split_feature=10 39 32 6 36 41 39 13 10 32 11 20 42 3 42 42 39 12 22 43 9 38 20 9 42 28 24 40 12 30
split_gain=10.8315 0.979394 0.880143 0.884469 0.639122 0.551089 0.602008 0.6927 0.624419 1.03088 0.672314 0.787701 0.572 1.59926 1.23985 0.486275 0.45959 0.486238 0.580938 0.88712 0.85653 0.938767 1.69553 0.774897 0.773244 0.726368 0.55267 0.575513 0.895431 0.821604
threshold=2.6642500000000005 0.33860000000000007 3.1201000000000003 8.5000000000000018 2.6167500000000001 0.3412825000000001 0.33640333333333344 0.2096442949415579 3.0302700000000002 3.0467500000000007 0.28466862843372082 3.1201000000000003 0.020631636614181496 57.45000000000001 0.019064238528519722 0.019720570398409666 0.3277033333333334 2.9040950000000003 3.6759500000000007 0.044249999999999991 11.500000000000002 0.24645000000000031 3.5455000000000005 9.5000000000000018 0.0200936358222315 4.1584000000000012 2.7130500000000004 0.023316350278480804 3.1252983333333337 3.7936500000000004
decision_type=2 2 2 2 2 2 2 2 2 2 2 2 2 2 2 2 2 2 2 2 2 2 2 2 2 2 2 2 2 2
left_child=1 -1 3 5 15 6 8 -8 9 10 11 12 13 14 -2 -3 -4 -18 19 20 21 23 24 -19 -23 26 -22 -28 -29 -30
right_child=2 4 16 -5 -6 -7 7 -9 -10 -11 -12 -13 -14 -15 -16 -17 17 18 -20 -21 25 22 -24 -25 -26 -27 27 28 29 -31
leaf_value=-0.01428792953923894 -0.0042788815725413329 0.0057902077556290267 0.0089522738861844281 -0.0082734593251088742 0.0044960411599652573 0.0063448317033906214 0.0073034715625866047 -0.0068021584595634645 -0.0046407412921059136 0.016077894435810793 -0.0061822524839694071 0.0081650247547300926 -0.0035428195706014845 -0.0045990377556088258 0.0093921168406736564 -0.018294040186625775 -0.0069494659824899168 0.0012675006534588812 -0.00038502407039325506 -0.011838112886467746 0.013210892005094907 0.0070992662690779959 0.0084866877928140121 0.0042440291551007446 -0.0061548199583419221 0.0031670882758249846 -0.00087491273891829552 -0.0048286295336844491 0.0068803211639338361 -0.008507031129659488
leaf_weight=2029 20 20 20 595 21 31 21 352 39 24 67 26 116 29 31 31 86 175 43376 76 23 20 28 27 26 25 865 30 107 35
leaf_count=2029 20 20 20 595 21 31 21 352 39 24 67 26 116 29 31 31 86 175 43376 76 23 20 28 27 26 25 865 30 107 35
internal_value=-0.0004401 -0.00605807 -0.000185003 -0.00219689 0.00311111 -0.000380954 -0.000827588 -0.00306703 0.00154545 0.00273482 0.00141176 0.00353153 0.00179592 0.007 0.0155294 -0.00172549 -0.000124493 -0.000129893 -0.00011836 0.00146416 0.00193387 0.00591304 0.0136216 0.00308911 0.00417391 0.000921657 0.000603772 0.000331724 0.00455814 0.00721127
internal_weight=48371 2101 46270 1351 72 756 725 373 352 313 289 222 196 80 51 51 44919 44899 44813 1437 1361 276 74 202 46 1085 1060 1037 172 142
internal_count=48371 2101 46270 1351 72 756 725 373 352 313 289 222 196 80 51 51 44919 44899 44813 1437 1361 276 74 202 46 1085 1060 1037 172 142
is_linear=0
shrinkage=0.08


Tree=123
num_leaves=31
num_cat=0
split_feature=12 6 22 24 40 30 1 41 22 44 44 41 7 9 9 38 12 13 1 38 13 9 40 28 26 34 24 9 28 22
split_gain=9.6797 0.705251 0.676674 0.533108 0.471233 0.953278 0.920833 0.803358 0.775934 1.39107 1.08069 1.01817 1.00525 0.978213 2.55006 0.739448 0.878709 1.01768 0.934444 0.82288 1.36588 0.75188 0.723485 0.776203 0.698434 0.668214 1.29754 0.66567 2.02708 0.799418
threshold=2.7823475000000006 3.5000000000000004 2.7649000000000004 2.5641000000000003 0.081850452696751161 21.683450000000004 1555111.1000000003 0.56445083333333346 22.346750000000004 34.526917510124932 33.41627141561208 0.45485250000000005 3.5000000000000004 17.500000000000004 30.500000000000004 0.093399999999999497 17.701767500000006 7.4501095504206685 3660679.8500000006 0.028850000000000268 6.8411789003512702 24.500000000000004 0.022775211043876396 10.720450000000001 12.272050000000002 8.0869500000000016 23.305350000000001 29.500000000000004 7.4612000000000007 7.7913500000000004
decision_type=2 2 2 2 2 2 2 2 2 2 2 2 2 2 2 2 2 2 2 2 2 2 2 2 2 2 2 2 2 2
left_child=1 -1 -2 -3 5 8 -6 24 -4 10 11 -10 -13 -14 -15 19 25 18 -18 27 -21 -19 -11 -24 -7 26 -17 28 -8 -29
right_child=2 3 4 -5 6 7 15 -9 9 22 -12 12 13 14 -16 16 17 21 -20 20 -22 -23 23 -25 -26 -27 -28 29 -30 -31
leaf_value=-0.016679567259939746 -0.0067337658997198152 -0.0098296162953665708 -0.00033796713350699024 -0.0040249265427918001 0.0058912073304070228 0.0086175979464812053 0.029388583624203317 0.0010893929752217374 0.18606965893700056 0.035876089188254925 0.23919763360606039 -0.059025464330605168 -0.25832118918001412 0.32220545346211632 0.2481813351718283 -0.0035738110597404453 0.12657856651852575 0.014438316766275034 0.026673591826946348 0.016717921835504447 -0.0023349350421329328 -0.013419850518670966 0.030105162930469755 -0.02585875505977972 -0.010655827420512557 -0.0041141107281405728 0.035911651190917195 -0.011512227633146991 -0.0028538916341692704 0.0058069068687588822
leaf_weight=1383 311 433 41475 667 32 20 20 265 21 20 22 77 22 21 37 79 20 21 25 39 41 36 24 107 1376 703 26 62 406 580
leaf_count=1383 311 433 41475 667 32 20 20 265 21 20 22 77 22 21 37 79 20 21 25 39 41 36 24 107 1376 703 26 62 406 580
internal_value=-0.000428523 -0.0052936 -0.000165274 -0.00378182 -0.000139897 -0.00019629 0.00103349 -0.00207586 -0.000121649 0.00362393 0.008 0.00593258 0.00371974 0.01 0.0154483 0.000824099 -0.000879123 0.00611765 0.0151111 0.00217421 0.01 -0.000982458 -0.00217219 -0.00433588 -0.00284241 -0.00176238 0.00419047 0.00158801 -0.000863852 0.00321495
internal_weight=48371 2483 45888 1100 45577 43487 2090 1661 41826 351 200 178 157 80 58 2058 910 102 45 1148 80 57 151 131 1396 808 105 1068 426 642
internal_count=48371 2483 45888 1100 45577 43487 2090 1661 41826 351 200 178 157 80 58 2058 910 102 45 1148 80 57 151 131 1396 808 105 1068 426 642
is_linear=0
shrinkage=0.08


Tree=124
num_leaves=31
num_cat=0
split_feature=10 39 3 36 34 42 38 39 6 24 11 7 3 9 42 6 43 28 44 11 34 28 24 28 10 9 11 40 13 43
split_gain=9.00675 0.868824 0.78193 0.639122 0.593076 0.486275 0.447015 0.886959 0.813809 0.770049 0.763715 0.8229 0.843981 0.736588 0.937684 0.83888 1.22178 1.12194 2.92014 0.978009 1.29773 1.10866 1.43132 1.32719 0.988142 0.941207 1.02135 0.801702 0.796004 0.775004
threshold=2.6642500000000005 0.33860000000000007 52.350000000000001 2.6167500000000001 3.0467500000000007 0.019720570398409666 0.068649999999999892 0.3277033333333334 22.500000000000004 8.5040500000000012 6.9079604707236131 2.0000000000000004 132.65000000000001 27.500000000000004 0.043261909238919073 12.500000000000002 -0.019999999999999987 17.196050000000003 34.718191571746907 1.3850205941904103 15.167150000000001 16.394100000000005 12.981250000000001 9.587550000000002 14.864660000000002 28.500000000000004 0.46741728260523657 0.10246861211742304 7.2222330159088646 -0.0058999999999999877
decision_type=2 2 2 2 2 2 2 2 2 2 2 2 2 2 2 2 2 2 2 2 2 2 2 2 2 2 2 2 2 2
left_child=1 4 -2 5 -1 -3 7 -4 10 -10 -9 -12 -13 27 15 16 17 25 -19 -17 21 22 23 -21 -24 -15 -27 -8 -29 -18
right_child=2 3 6 -5 -6 -7 13 8 9 -11 11 12 -14 14 -16 19 29 18 -20 20 -22 -23 24 -25 -26 26 -28 28 -30 -31
leaf_value=-0.012508848998681141 -0.0072886080646462018 0.0066613565159739001 0.0092286563504179204 0.004458352473327599 0.0017254389065986661 -0.01614248864473871 0.00013097457157409658 7.7568032289915221e-05 -0.020330666789623777 -0.0019345867337315602 -0.00079639431838474974 0.018793421574637627 0.0052971721971197903 0.017143143496254485 -0.0081946939157449879 -0.003479914518855516 -0.0071923085632553622 0.058552172899447801 0.026520512697826841 0.55171264127976227 -0.086603615378946397 -0.25174855685300634 0.39340676868824132 -0.27252800126739507 0.47971095879197778 0.0076577990980413917 -0.0040412661593739992 0.0021580263116315348 0.02330362654916255 0.00023532830593642103
leaf_weight=1999 326 20 29 21 30 31 9831 23287 302 526 297 28 571 21 2699 3316 713 24 72 31 77 39 23 32 32 325 392 38 35 3204
leaf_count=1999 326 20 29 21 30 31 9831 23287 302 526 297 28 571 21 2699 3316 713 24 72 31 77 39 23 32 32 325 392 38 35 3204
internal_value=-0.000402061 -0.00552499 -0.000169442 0.00311111 -0.00583145 -0.00172549 -0.00014174 8.62601e-05 7.00473e-05 -0.00239614 0.000154487 0.00244643 0.00415359 -0.000414851 -0.000865456 -0.000444286 0.000250893 0.00303117 0.0111667 -0.00137465 0.00362393 0.00779618 0.011661 0.00342857 0.0210909 0.0019729 0.00148396 8.56201e-05 0.00843835 -0.000341079
internal_weight=48371 2101 46270 72 2029 51 45944 25040 25011 828 24183 896 599 20904 11000 8301 4751 834 96 3550 234 157 118 63 55 738 717 9904 73 3917
internal_count=48371 2101 46270 72 2029 51 45944 25040 25011 828 24183 896 599 20904 11000 8301 4751 834 96 3550 234 157 118 63 55 738 717 9904 73 3917
is_linear=0
shrinkage=0.08


Tree=125
num_leaves=31
num_cat=0
split_feature=10 20 39 22 39 1 42 20 41 38 7 40 9 42 42 10 38 13 22 11 12 43 7 18 26 20 30 38 4 32
split_gain=8.22449 0.800135 0.723257 0.642857 0.55371 0.765907 0.602148 0.716074 0.814645 1.44538 1.53497 0.75967 0.936525 0.868807 0.63595 0.702654 0.618241 0.46963 0.607563 0.474331 0.401338 0.387538 0.596445 0.614187 1.00928 1.29117 1.18989 0.410703 0.631779 1.12415
threshold=2.6208100000000001 3.0467500000000007 0.33860000000000007 2.5196500000000004 0.33640333333333344 795542.70000000007 0.018969408244597679 2.9860500000000005 0.33572750000000007 0.12670000000000006 1.0000000180025095e-35 0.018563828113988833 23.500000000000004 0.019260844582339894 0.019819443457526845 2.9069500000000006 -0.053449999999999769 0.23369501845675889 2.2249000000000003 0.17154796377183359 2.5745958333333339 0.10665000000000001 1.0000000180025095e-35 13.186550000000002 8.2080500000000018 9.7901500000000024 11.838750000000003 0.78789999999999971 2604.2850000000003 15.169900000000002
decision_type=2 2 2 2 2 2 2 2 2 2 2 2 2 2 2 2 2 2 2 2 2 2 2 2 2 2 2 2 2 2
left_child=2 4 17 -4 6 20 -2 8 11 10 -10 12 -8 -13 -12 -16 -14 18 -1 -20 -6 27 -23 24 -24 -26 -27 -3 29 -29
right_child=1 21 3 -5 5 -7 7 -9 9 -11 14 13 16 -15 15 -17 -18 -19 19 -21 -22 22 23 -25 25 26 -28 28 -30 -31
leaf_value=0.0033739097439383415 -0.0055914049261216901 -8.3881551671964721e-05 -0.023410114764316703 0.0058717879314957424 0.0057716934763092885 0.0026279469024318917 0.0056368851410037958 -0.0085272572981409389 0.012264125759571474 -0.0084495282210527347 -0.0067139753022215963 0.0041120874505813582 -0.0047792272029639612 -0.0079772453792229647 0.010199778328818456 -0.0025749418574425031 0.0032223317520521963 -0.013547518069944543 0.0025842787784771939 -0.0079752637163537626 -0.007573954019913961 -0.016615646942367987 -0.0083784157655235492 -0.0057426821695063194 0.053085447703141463 -0.0094538666371654541 0.036172771714903303 -0.0067135902125630698 -0.010958087322394939 0.0028360900657140669
leaf_weight=38 143 39661 28 28 23 36 38 56 20 57 22 25 35 229 32 25 38 1603 31 182 586 34 30 33 20 24 22 2447 1416 1409
leaf_count=38 143 39661 28 28 23 36 38 56 20 57 22 25 35 229 32 25 38 1603 31 182 586 34 30 33 20 24 22 2447 1416 1409
internal_value=-0.000383868 -0.000172362 -0.0055288 0.00342857 -0.00208059 -0.00378295 -0.000555557 0.000596185 0.00152015 0.00635897 0.012202 -0.000547947 0.00497297 -0.00296063 0.00718987 0.0116491 -0.000328769 -0.00579935 -0.00258168 -0.00424413 -0.0044532 -0.000114602 0.00377914 0.00626356 0.0095 0.0150303 0.00765217 -0.000128727 -0.000792111 -0.000261413
internal_weight=48371 46461 1910 56 1365 645 720 577 521 156 99 365 111 254 79 57 73 1854 251 213 609 45096 163 129 96 66 46 44933 5272 3856
internal_count=48371 46461 1910 56 1365 645 720 577 521 156 99 365 111 254 79 57 73 1854 251 213 609 45096 163 129 96 66 46 44933 5272 3856
is_linear=0
shrinkage=0.08


Tree=126
num_leaves=31
num_cat=0
split_feature=10 1 6 43 1 6 12 42 44 18 24 18 7 30 12 38 11 44 40 22 10 24 36 39 5 36 20 26 11 20
split_gain=7.37378 0.884965 0.601715 0.725895 0.492383 0.477887 1.21023 0.75161 1.02142 1.98047 0.818764 1.32044 1.14817 1.55733 1.02879 1.54005 1.69808 0.970337 1.0619 0.958022 0.821606 0.904762 1.12593 0.695765 0.799916 0.815161 0.855796 0.690483 0.649085 0.634375
threshold=2.6208100000000001 586502.45000000007 2.5000000000000004 0.057200000000000008 491418.0500000001 16.500000000000004 19.442609166666667 0.017496849027237967 11.751947869363059 4.2984500000000008 8.5040500000000012 9.2634500000000006 4.5000000000000009 9.9258500000000023 12.720283333333336 0.25864999999999877 0.441771721717722 20.518065218955339 0.019165901019893888 8.7799500000000013 9.2404466666666689 9.5912000000000024 9.7744500000000016 0.57367666666666672 50.500000000000007 9.5170500000000029 12.453450000000002 3.3380000000000005 0.31229547378888239 8.5564000000000018
decision_type=2 2 2 2 2 2 2 2 2 2 2 2 2 2 2 2 2 2 2 2 2 2 2 2 2 2 2 2 2 2
left_child=2 4 -1 -4 -2 -3 7 8 27 -10 -9 12 14 17 -12 16 -16 29 19 -19 -20 22 -22 24 28 -26 -27 -7 -13 -14
right_child=1 5 3 -5 -6 6 -8 10 9 -11 11 23 13 -15 15 -17 -18 18 20 -21 21 -23 -24 -25 25 26 -28 -29 -30 -31
leaf_value=-0.014654301286400618 0.0027831057161632859 2.1359923043622446e-05 -0.0082633485825474758 0.010699213725876381 -0.0064524996964681804 0.0050599976868401413 0.015927106971505473 -0.0039651902557077704 0.012048972635048661 0.0087884080571946251 -0.0045478771036205822 -0.019677600217095418 0.039068594993564 -0.019901987184636784 0.0022544415957852946 -0.0079111955953714928 0.018147406857473253 0.11957342249171778 -0.0088408484273583676 0.20271940838507374 0.15325579099615735 -0.0061807463502638951 0.014723880882555359 -0.022903108817684092 0.069955706134082696 0.01621184548903426 -1.0236554562589352e-06 -0.0042523572861894272 -0.0017710359344425327 -0.028504991499030696
leaf_weight=1066 28 33872 823 21 366 38 31 2312 23 93 389 183 35 84 21 50 20 23 50 38 27 27 30 189 20 22 133 124 8204 29
leaf_count=1066 28 33872 823 21 366 38 31 2312 23 93 389 183 35 84 21 50 20 23 50 38 27 27 30 189 20 22 133 124 8204 29
internal_value=-0.000364022 -0.000163752 -0.0052356 -0.00363981 -0.00393909 -0.000131463 -0.000560888 -0.00060112 0.00351079 0.00924138 -0.000697293 -0.000371007 0.00269259 0.0062274 0.000166665 0.00782417 0.0193171 0.0092973 0.0121026 0.0208525 0.0081194 0.0129524 0.0186667 -0.000659127 -0.000553144 0.0048 0.00283871 -0.000592594 -0.00066484 0.000749998
internal_weight=48371 46461 1910 844 394 46067 12195 12164 278 116 11886 9574 823 343 480 91 41 259 195 61 134 84 57 8751 8562 175 155 162 8387 64
internal_count=48371 46461 1910 844 394 46067 12195 12164 278 116 11886 9574 823 343 480 91 41 259 195 61 134 84 57 8751 8562 175 155 162 8387 64
is_linear=0
shrinkage=0.08


Tree=127
num_leaves=31
num_cat=0
split_feature=10 22 13 11 6 12 12 6 13 30 3 42 9 36 24 18 42 11 40 9 43 9 40 34 38 30 42 11 9 11
split_gain=6.68238 0.929052 0.619097 0.606305 0.592424 1.21975 0.680376 0.623572 0.737351 1.10378 1.04425 1.4334 1.08137 1.44146 1.04018 1.58762 1.025 1.33766 0.910352 0.850713 0.807061 0.746399 0.92846 0.755553 1.3313 0.720293 1.73224 0.911803 0.810626 1.57494
threshold=2.5704766666666674 2.5196500000000004 0.23369501845675889 0.17154796377183359 16.500000000000004 19.442609166666667 3.2102650000000001 3.5000000000000004 2.4035903341461138 30.487450000000003 134.35000000000005 0.080173104155237998 51.500000000000007 17.193750000000005 23.305350000000001 24.442750000000004 0.094705767234561214 7.2349340051048037 0.015134125730051505 49.500000000000007 0.0025999999999999639 20.500000000000004 0.015383095234290862 16.464250000000003 -0.047550000000001084 6.8061000000000007 0.026064629741207376 0.55525705188448848 32.500000000000007 0.61484322911904343
decision_type=2 2 2 2 2 2 2 2 2 2 2 2 2 2 2 2 2 2 2 2 2 2 2 2 2 2 2 2 2 2
left_child=2 -2 3 -1 7 6 -6 8 18 10 11 -10 13 14 -12 -16 17 -13 19 -3 -21 23 -23 -20 -25 26 28 -27 29 -24
right_child=1 4 -4 -5 5 -7 -8 -9 9 -11 12 16 -14 -15 15 -17 -18 -19 21 20 -22 22 25 24 -26 27 -28 -29 -30 -31
leaf_value=0.006969235912682328 -0.0074968819055395829 -0.010942640203734781 -0.011822430608322356 -0.0055037266331712685 -0.0067338755591414235 0.014652938413784929 -0.0013075454038311994 0.00036166646906629385 -0.020525777926344038 0.010844186427659559 -0.0051296607540995574 0.0073931112450230478 -0.046953783571163921 -0.02711968038969215 0.032736664005685409 -0.011699330405737934 -0.0044194596706047737 0.017313948580783455 -0.0039536821856740222 -0.0085664989899087753 0.010911456643357085 0.020426335711399204 -0.002159350702910825 0.0072346142173700546 -0.0015649584344643666 0.0025593507390051619 0.019119670356517987 -0.0034535573620738005 -0.0031613391518402791 0.02864272419204451
leaf_weight=34 261 334 1489 196 622 31 11699 26825 206 24 1398 178 244 348 24 29 40 27 1442 38 34 22 69 43 49 1430 28 954 187 66
leaf_count=34 261 334 1489 196 622 31 11699 26825 206 24 1398 178 244 348 24 29 40 27 1442 38 34 22 69 43 49 1430 28 954 187 66
internal_value=-0.000355752 -0.000175257 -0.00525422 -0.00139131 -0.000148479 -0.000623059 -0.000662935 2.37356e-05 -0.000636542 -0.00174107 -0.00190537 0.00157871 -0.0026745 -0.00199667 -0.000887666 0.0101132 0.00571428 0.008 -4.42949e-05 -0.00366503 0.00422222 0.000298366 0.00108563 -0.00111604 0.00591304 0.000953912 0.00434286 0.000456374 0.00268323 0.00740741
internal_weight=48371 46652 1719 230 46391 12352 12321 34039 7214 2518 2494 451 2043 1799 1451 53 245 205 4696 406 72 4290 2756 1534 92 2734 350 2384 322 135
internal_count=48371 46652 1719 230 46391 12352 12321 34039 7214 2518 2494 451 2043 1799 1451 53 245 205 4696 406 72 4290 2756 1534 92 2734 350 2384 322 135
is_linear=0
shrinkage=0.08


Tree=128
num_leaves=31
num_cat=0
split_feature=10 7 6 34 39 1 38 0 12 24 12 32 9 38 6 18 36 12 13 22 26 30 9 42 42 20 20 38 10 40
split_gain=6.32443 0.578265 1.19565 1.7182 1.1803 0.919458 1.28607 1.47325 1.17035 1.4379 1.03666 1.06741 1.03645 0.88502 1.14863 0.830939 0.761217 2.22594 0.937944 1.30672 0.749183 1.20043 0.998083 1.93409 1.80149 1.17843 1.50703 0.889292 0.9 0.86758
threshold=2.5704766666666674 4.5000000000000009 21.500000000000004 10.475550000000002 0.49579666666666672 3575588.1000000001 -0.3236999999999996 0.42765000000000003 15.633162500000001 15.823200000000002 11.278151666666668 15.362250000000001 15.500000000000002 0.40880000000000033 7.5000000000000009 16.203350000000004 3.9127000000000005 3.9337900000000006 0.26444140227872537 3.6759500000000007 8.5538000000000007 16.394100000000005 38.500000000000007 0.018260125045152144 0.018020697688980316 12.453450000000002 11.847500000000002 -0.28850000000000037 17.488303333333338 0.014506023368434574
decision_type=2 2 2 2 2 2 2 2 2 2 2 2 2 2 2 2 2 2 2 2 2 2 2 2 2 2 2 2 2 2
left_child=-1 2 13 -4 5 6 -5 -8 9 10 -9 -12 -10 -2 15 -15 17 18 19 -16 29 -22 -23 24 -24 26 27 28 -25 -3
right_child=1 20 3 4 -6 -7 7 8 12 -11 11 -13 -14 14 16 -17 -18 -19 -20 -21 21 22 23 25 -26 -27 -28 -29 -30 -31
leaf_value=-0.010038548652337198 0.00073752845791265429 0.0018701263362074694 -0.0099597564316120744 -0.00052195135165604054 -0.017990908846275636 -0.0066861545287733642 -0.0009413505782788381 0.039184674633205602 0.023306175694503838 0.039363282590868159 -0.022637138344633809 0.033517277519220838 -0.015197161007810187 -0.0058350889859771424 0.013247948657672218 -0.019366979928274523 7.2997415432766942e-05 0.012074403451115535 -0.0079525382565302713 -0.014093517317262352 0.0007228645909480439 -0.004828027196261798 0.011857344515880568 -0.060592408682813605 0.036624742718767263 -0.0041233118899301792 0.19211193252439226 -0.015539228953080636 0.014102619192061825 -0.0032089393782400765
leaf_weight=1719 20660 272 1466 164 98 106 78 39 21 22 28 25 46 2555 38 222 4345 21 50 20 8819 2532 96 20 23 899 25 76 20 3866
leaf_count=1719 20660 272 1466 164 98 106 78 39 21 22 28 25 46 2555 38 222 4345 21 50 20 8819 2532 96 20 23 899 25 76 20 3866
internal_value=-0.000349137 -0.000173542 3.62599e-05 -0.00180793 0.00169697 0.00319092 0.00486052 0.00837065 0.0123315 0.0172632 0.0128696 0.0055849 0.0039403 0.000174553 -0.000585852 -0.00186388 0.000207419 0.00626356 0.00162963 0.00855172 -0.00055166 -0.000243008 -0.00145435 0.000490076 0.0101513 -0.000615387 0.0061844 0.00234483 0.012 -0.00148478
internal_weight=48371 46652 30004 2093 627 529 423 259 181 114 92 53 67 27911 7251 2777 4474 129 108 58 16648 12510 3691 1159 119 1040 141 116 40 4138
internal_count=48371 46652 30004 2093 627 529 423 259 181 114 92 53 67 27911 7251 2777 4474 129 108 58 16648 12510 3691 1159 119 1040 141 116 40 4138
is_linear=0
shrinkage=0.08


Tree=129
num_leaves=31
num_cat=0
split_feature=10 22 41 0 40 6 12 32 42 44 18 6 32 34 3 20 44 44 36 3 13 11 43 39 9 9 39 43 1 22
split_gain=5.78362 0.671078 0.523917 0.498074 0.479857 0.464183 1.21116 0.658069 0.743463 0.981173 1.98047 0.601718 0.674323 0.943701 1.34883 1.61722 0.689203 1.62481 1.20007 1.13987 1.04913 1.01501 1.28265 0.88382 0.868446 1.12604 0.792434 0.771581 0.761443 1.16004
threshold=2.5319000000000003 2.4709500000000006 0.3286575000000001 0.36475000000000007 0.017969487365729033 16.500000000000004 19.442609166666667 3.1201000000000003 0.017496849027237967 11.751947869363059 4.2984500000000008 3.5000000000000004 29.745450000000002 16.851050000000004 134.35000000000005 7.6674500000000014 30.544253903387048 30.771182113675689 15.449700000000002 170.45000000000002 0.45178962606234446 0.40101509779922712 -0.028350000000000011 0.41181666666666672 28.500000000000004 36.500000000000007 0.38299 0.043500000000000018 3327878.5500000003 15.609350000000001
decision_type=2 2 2 2 2 2 2 2 2 2 2 2 2 2 2 2 2 2 2 2 2 2 2 2 2 2 2 2 2 2
left_child=2 3 -1 -2 -4 11 7 -7 9 -9 -11 12 13 16 15 -15 19 18 -18 20 21 23 -23 -3 -24 -26 27 -22 29 -19
right_child=1 5 4 -5 -6 6 -8 8 -10 10 -12 -13 -14 14 -16 -17 17 28 -20 -21 26 22 24 -25 25 -27 -28 -29 -30 -31
leaf_value=-0.010813068005018672 -0.008133571783936375 -0.0075783825076615524 -0.005628695524388088 0.00093399746620915786 -0.011187464787754953 -0.005467784201196221 0.013421701064049179 -0.00071559671983834159 -0.0013938446778519432 0.011193799830897029 0.0088261937373936006 0.00033692380719444978 0.00092321063135856433 0.011597859649547444 -0.014672697851218537 -0.011089870233893502 0.014897309836516144 -0.015565574822450913 0.0030236068976923214 -0.015499762216391143 0.0011635549901961148 0.01452114550705552 -0.0088038293332661794 0.032846056377895623 0.060932881276615558 0.002470731374095207 -0.0043746184209706033 0.018297297893077508 9.05264358683274e-05 0.028277058400243641
leaf_weight=521 250 125 306 20 701 702 31 142 11419 23 93 26900 144 44 419 32 25 22 38 734 511 20 51 21 20 43 3570 38 1374 32
leaf_count=521 250 125 306 20 701 702 31 142 11419 23 93 26900 144 44 419 32 25 22 38 734 511 20 51 21 20 43 3570 38 1374 32
internal_value=-0.00032929 -0.000171298 -0.00517278 -0.00414815 -0.00410725 -0.000148242 -0.000567286 -0.000606836 -0.00046382 0.00378294 0.00924138 3.97901e-06 -0.000642161 -0.000751793 -0.00412121 0.00568421 -0.000500002 0.00101408 0.0135873 -0.000939803 -0.000452832 0.00428571 0.00931343 -0.000328769 0.00603509 0.0123175 -0.000774947 0.00205464 0.000459382 0.00977778
internal_weight=48371 46843 1528 270 1007 46573 12410 12379 11677 258 116 34163 7263 7119 495 76 6624 1491 63 5133 4399 280 134 146 114 63 4119 549 1428 54
internal_count=48371 46843 1528 270 1007 46573 12410 12379 11677 258 116 34163 7263 7119 495 76 6624 1491 63 5133 4399 280 134 146 114 63 4119 549 1428 54
is_linear=0
shrinkage=0.08


Tree=130
num_leaves=31
num_cat=0
split_feature=10 24 44 10 38 40 40 40 24 13 40 12 44 28 38 26 43 41 1 30 20 42 39 24 1 7 30 26 3 12
split_gain=4.69288 0.567198 0.463965 0.462842 0.850557 0.853333 0.603542 1.01827 0.605773 0.53552 0.588032 1.19741 1.29575 1.18785 1.05834 0.966727 1.31708 0.901183 1.01216 0.809202 0.809186 0.942702 2.23749 1.50343 1.33492 1.2272 0.794948 0.77075 0.750872 0.678856
threshold=2.5319000000000003 2.8768000000000007 10.456659708643924 29.766293333333333 -0.48305000000000015 0.018359405253227573 0.020553982349547219 0.018703443787774731 30.492250000000002 7.5939214956580479 0.081850452696751161 17.74561666666667 25.605598393268988 7.5268000000000006 0.03490000000000016 28.942900000000005 0.003749999999999976 0.43400333333333335 1555111.1000000003 21.683450000000004 10.981350000000001 0.084198402220405089 0.47263000000000005 9.0093000000000014 1737611.8 4.5000000000000009 17.088550000000001 12.836950000000002 531.60000000000014 16.915815000000006
decision_type=2 2 2 2 2 2 2 2 2 2 2 2 2 2 2 2 2 2 2 2 2 2 2 2 2 2 2 2 2 2
left_child=-1 2 -2 9 5 -5 7 8 -6 10 19 12 17 14 -14 16 -13 -12 -19 -3 21 22 24 -24 -20 -25 -18 -15 29 -29
right_child=1 3 -4 4 6 -7 -8 -9 -10 -11 11 15 13 27 -16 -17 26 18 20 -21 -22 -23 23 25 -26 -27 -28 28 -30 -31
leaf_value=-0.0089762395063395679 -0.0035316684861122069 -0.0001175730314956605 0.0019598528495989704 -0.0024145616142932668 -0.0036998684196436018 0.020223665974555782 -0.0098191094393433893 0.0078742406751594416 0.011735525555902931 -0.0042184811654915116 -0.037994366340172885 -0.028820309432315897 0.022809195369292372 -0.006862036816673231 -0.0057991667583451182 0.099781439717706047 0.14317096497055423 0.015501234576359093 0.0050521234887297021 -0.0071760519446714046 0.021015639156438733 -0.0032839425050371486 -0.0035184034113313989 0.0068131070322822711 0.013949442510319085 0.020303174978531062 0.014554398859933749 -0.0002104701895518451 -0.0061820024284234632 0.0065703252476463428
leaf_weight=1528 1176 41248 23 20 43 30 50 24 22 1095 35 35 22 259 21 22 21 21 20 1370 37 157 87 58 36 28 20 568 130 165
leaf_count=1528 1176 41248 23 20 43 30 50 24 22 1095 35 35 22 259 21 22 21 21 20 1370 37 157 87 58 36 28 20 568 130 165
internal_value=-0.000286289 -0.000143972 -0.00186155 -9.88539e-05 0.00385185 0.0128 0.000633092 0.00458427 -0.000615387 -0.000115281 -7.2139e-05 0.00136854 0.000856446 -0.000583693 0.0124651 0.00995918 0.00568421 0.00435908 0.00533333 -0.000131026 0.00448227 0.00339896 0.00667249 0.00217341 0.0205714 0.00967442 0.0154146 -0.00108378 6.4888e-05 0.00105866
internal_weight=48371 46843 1199 45644 189 50 139 89 65 45455 44360 1742 1644 1165 43 98 76 479 444 42618 423 386 229 173 56 86 41 1122 863 733
internal_count=48371 46843 1199 45644 189 50 139 89 65 45455 44360 1742 1644 1165 43 98 76 479 444 42618 423 386 229 173 56 86 41 1122 863 733
is_linear=0
shrinkage=0.08


Tree=131
num_leaves=31
num_cat=0
split_feature=10 13 3 9 9 20 11 12 41 13 11 28 12 42 3 41 13 5 11 6 41 1 22 6 34 9 36 36 42 11
split_gain=4.32343 0.628626 0.793808 0.700753 1.0712 1.69408 0.937315 0.874991 1.81159 0.96 0.952053 0.764448 0.606006 1.41727 1.34515 1.75821 1.54739 1.75155 1.6718 1.29338 1.4506 2.21742 1.20881 1.69793 1.20531 1.18736 1.26024 1.12361 1.10902 1.0901
threshold=2.5319000000000003 6.9692004767259048 125.75000000000001 26.500000000000004 10.500000000000002 13.995850000000003 0.33763531650299405 11.984994166666668 0.44425250000000005 7.2222330159088646 0.35519090873964626 13.768000000000002 11.031601666666669 0.036419732237552342 214.25000000000003 0.4672258333333334 0.71043396266504544 22.500000000000004 0.42356844330648874 18.500000000000004 0.44293583333333336 2724978.9000000004 12.017050000000003 7.5000000000000009 9.711050000000002 27.500000000000004 11.922350000000003 9.4462000000000028 0.020124861476107429 6.3363608478419584
decision_type=2 2 2 2 2 2 2 2 2 2 2 2 2 2 2 2 2 2 2 2 2 2 2 2 2 2 2 2 2 2
left_child=-1 12 -3 4 5 11 -6 8 9 -8 -9 -4 13 -2 16 19 17 18 -14 20 -16 22 -22 -24 -21 26 -19 -15 -20 -18
right_child=1 2 3 -5 6 -7 7 10 -10 -11 -12 -13 14 27 15 -17 29 25 28 24 21 -23 23 -25 -26 -27 -28 -29 -30 -31
leaf_value=-0.0082581403458323894 -0.00017535601981865677 0.012799059434222207 -0.010164207265618863 -0.0057318536536506096 -0.014840576996761088 0.016988333000511179 0.0090764978733327006 0.019276469720919839 0.063143738239077277 -0.065760584974624336 0.0062358460424058963 0.0048037155655053067 0.0041258509732486825 -0.0071201986498941033 -0.015823574892327486 0.00038359805456679669 0.0017914054840827485 0.0047008017368597738 0.045720870096544221 0.0097932304957313344 0.0018450262311748146 -0.0020153665666613131 0.035242207564445426 0.045350468661490048 -0.024302539259642941 -0.0078956753142080845 0.023113968849200379 -0.072370760339289242 0.015580772045695484 0.0069628106674882555
leaf_weight=1528 13639 22 495 1538 129 25 25 30 20 24 514 28 77 1728 416 20822 3098 61 30 102 63 1744 44 45 792 151 41 676 67 397
leaf_count=1528 13639 22 495 1538 129 25 25 30 20 24 514 28 77 1728 416 20822 3098 61 30 102 63 1744 44 45 792 151 41 676 67 397
internal_value=-0.000304482 -0.000167882 -0.0013193 -0.00143706 -6.20174e-05 -0.00274453 0.00191914 0.00322349 0.0117101 0.00342857 0.00214706 -0.00371702 -9.32895e-05 -0.000485198 0.000131662 -9.25606e-05 0.00150535 0.00605152 0.0122299 -0.00183656 -0.000837372 0.000101264 0.00936842 0.0153708 -0.00442058 0.00180237 0.00847059 -0.00227621 0.0192165 0.000949927
internal_weight=48371 46843 2850 2828 1290 548 742 613 69 49 544 523 43993 16043 27950 24028 3922 427 174 3206 2312 1896 152 89 894 253 102 2404 97 3495
internal_count=48371 46843 2850 2828 1290 548 742 613 69 49 544 523 43993 16043 27950 24028 3922 427 174 3206 2312 1896 152 89 894 253 102 2404 97 3495
is_linear=0
shrinkage=0.08


Tree=132
num_leaves=31
num_cat=0
split_feature=10 7 6 38 12 18 10 10 40 42 42 0 18 6 40 13 13 30 11 43 6 7 42 11 11 36 41 0 11 38
split_gain=4.05556 0.717568 0.939212 1.04693 1.06896 1.02393 0.98315 1.07366 0.812618 0.949108 0.771524 1.3761 1.08729 0.736109 1.04569 0.855404 1.4386 1.04594 1.50892 1.63104 1.11598 1.79971 2.59456 2.38729 3.29568 2.9622 1.50206 1.225 1.09714 0.954686
threshold=2.5042766666666672 4.5000000000000009 22.500000000000004 0.40880000000000033 13.28307166666667 8.7830500000000011 11.188430000000002 12.620750000000003 0.016117978720899002 0.026394522288450056 0.021335085920584782 0.46885000000000004 15.175650000000003 4.5000000000000009 0.01711762388929516 2.1241633896726957 6.7196781185436532 9.9258500000000023 4.8023843267667496 -0.024699999999999969 15.500000000000002 5.5000000000000009 0.050926949305424719 0.43607146933168056 2.9741423909215192 13.240100000000002 0.50590083333333347 0.45615000000000006 7.0547926010719495 -0.074749999999999858
decision_type=2 2 2 2 2 2 2 2 2 2 2 2 2 2 2 2 2 2 2 2 2 2 2 2 2 2 2 2 2 2
left_child=-1 2 3 -2 5 -5 8 -8 9 -4 11 -9 -13 14 -3 -15 17 18 -17 -20 21 29 23 -23 25 27 -26 -25 -21 -19
right_child=1 13 6 4 -6 -7 7 10 -10 -11 -12 12 -14 15 -16 16 -18 20 19 28 -22 22 -24 24 26 -27 -28 -29 -30 -31
leaf_value=-0.0077934373827974269 0.00066441605583941298 0.0015497483341056714 -0.0044080169786967762 -0.00092056270780144429 0.00032528972684817728 -0.014984540330393347 0.059652313854439268 0.026109675917643044 -0.014422641574616963 0.25143405711012984 -0.006985701680375129 0.030696167630039014 -0.0048374048964187604 -0.0014024794402644502 -0.0055753018125919195 0.024475968613658736 -0.0030012621143617191 0.01242232619270733 0.040625094495426187 0.062821021360668944 -0.0082180556379268486 -0.24274513628296038 0.0060151164092355353 0.34442945682539688 0.091366678868418219 0.72664849000222942 0.46201052442926693 -0.031175393287667996 -0.015731543895917258 -0.015740295298922777
leaf_weight=1337 21686 445 50 1711 4346 1449 25 29 703 21 106 24 94 9700 2694 504 1038 348 21 35 812 32 551 20 91 34 21 20 25 399
leaf_count=1337 21686 445 50 1711 4346 1449 25 29 703 21 106 24 94 9700 2694 504 1038 348 21 35 812 32 551 20 91 34 21 20 25 399
internal_value=-0.000304482 -0.000180977 5.18431e-05 0.000136474 -0.00067786 -0.00179747 -0.00229658 0.00178417 -0.00376228 0.00439436 0.000221342 0.00397279 0.000135591 -0.000600359 -0.001705 -0.00034635 0.000645911 0.00155716 0.00458119 0.014716 0.000797249 0.00207915 0.00479584 0.0121835 0.0156559 0.0287568 0.007 0.014 0.008 -0.000717539
internal_weight=48371 47034 30244 29192 7506 3160 1052 278 774 71 253 147 118 16790 3139 13651 3951 2913 585 81 2328 1516 769 218 186 74 112 40 60 747
internal_count=48371 47034 30244 29192 7506 3160 1052 278 774 71 253 147 118 16790 3139 13651 3951 2913 585 81 2328 1516 769 218 186 74 112 40 60 747
is_linear=0
shrinkage=0.08


Tree=133
num_leaves=31
num_cat=0
split_feature=10 22 7 6 38 22 26 18 32 34 42 9 40 38 38 30 34 26 44 9 20 10 9 20 26 24 6 44 43 36
split_gain=4.0896 0.717086 0.551695 1.0286 0.91555 0.979994 0.992453 1.49718 0.844572 1.57618 1.11466 0.818694 1.86654 0.687262 0.720996 0.859452 1.16461 1.47467 1.225 1.14836 1.47501 1.98378 0.723443 1.035 1.64274 1.02002 0.767458 0.937444 0.685968 0.695544
threshold=2.5042766666666672 2.4152500000000003 4.5000000000000009 22.500000000000004 0.40880000000000033 2.5641000000000003 12.272050000000002 10.570300000000001 15.315950000000003 15.404650000000002 0.019945148334012019 7.5000000000000009 0.019653386961217146 0.34605000000000002 -0.79479999999999984 16.03415 16.464250000000003 15.607850000000001 32.056660890491152 34.500000000000007 21.977400000000006 17.539390000000001 5.5000000000000009 8.2694000000000027 7.9750000000000005 15.497700000000002 10.500000000000002 31.710964073825348 -0.011800000000000003 15.928150000000002
decision_type=2 2 2 2 2 2 2 2 2 2 2 2 2 2 2 2 2 2 2 2 2 2 2 2 2 2 2 2 2 2
left_child=-1 -2 3 4 -3 -6 7 -7 11 10 -10 12 -5 14 15 16 19 -18 -19 20 22 -22 -4 24 -24 -25 -27 -28 29 -11
right_child=1 2 13 8 5 6 -8 -9 9 28 -12 -13 -14 -15 -16 -17 17 18 -20 -21 21 -23 23 25 -26 26 27 -29 -30 -31
leaf_value=-0.0071699623921736289 -0.0073955920779935295 0.00062558493071448703 -0.005350323110540801 0.090158808309479269 0.0067980089837006144 -0.0016772544590322824 0.00025524217146245554 -0.023846972468229755 0.034504109519320945 0.020384658159376314 0.0055331264419983444 -0.012464923313685126 -0.0065599811577130608 0.00059448521514810979 -0.0021282244362998072 -0.0038773993214979976 0.0050752142661786475 0.018437995856368131 0.022855208827255228 -0.0051165429806482041 0.23322783015337742 -0.016316818452735093 0.0015504038983408356 0.00011299394848588468 0.15213223582555055 -0.0015526706613998714 0.2343198910701518 0.016536674496878023 -0.0071833648150410809 -0.035624789641825937
leaf_weight=1337 262 21583 132 38 29 2313 4448 700 26 25 29 716 83 4738 10043 613 45 20 20 502 37 21 45 340 20 44 36 23 79 24
leaf_count=1337 262 21583 132 38 29 2313 4448 700 26 25 29 716 83 4738 10043 613 45 20 20 502 37 21 45 340 20 44 36 23 79 24
internal_value=-0.000286289 -0.000162268 -0.000138888 6.56612e-05 0.000153267 -0.000608814 -0.000665864 -0.00178693 -0.00243137 0.0024918 0.0138182 -0.00350777 0.00257851 -0.000507946 -0.000831423 0.000598523 0.00177432 0.0108235 0.022 0.00113333 0.00323209 0.0154483 0.002125 0.00349606 0.0129231 0.00211286 0.00908738 0.0150508 -0.002375 0.00506122
internal_weight=48371 47034 46772 30093 29073 7490 7461 3013 1020 183 55 837 121 16679 11941 1898 1285 85 40 1200 698 58 640 508 65 443 103 59 128 49
internal_count=48371 47034 46772 30093 29073 7490 7461 3013 1020 183 55 837 121 16679 11941 1898 1285 85 40 1200 698 58 640 508 65 443 103 59 128 49
is_linear=0
shrinkage=0.08


Tree=134
num_leaves=31
num_cat=0
split_feature=10 22 13 3 24 28 41 3 32 13 11 9 38 0 26 28 42 13 9 36 41 41 22 7 11 9 7 10 12 11
split_gain=3.46705 0.617084 0.487291 0.776242 0.59778 1.0078 1.72339 1.1541 1.14254 1.18101 1.51369 0.595264 0.97787 0.766094 0.873736 0.944102 0.584309 0.730356 1.06285 0.613078 0.893345 1.15243 0.762762 0.71981 1.01202 2.11765 0.525305 1.16565 1.88215 4.43081
threshold=2.5042766666666672 2.4152500000000003 6.9692004767259048 125.75000000000001 27.049900000000004 29.732550000000003 0.50296583333333345 544.25000000000011 17.744300000000003 6.2414019646621215 6.1816084038052646 26.500000000000004 -1.2043500000000005 0.39495000000000008 7.3927000000000005 7.4612000000000007 0.092084963530817313 7.2222330159088646 14.500000000000002 13.6332 0.53768833333333343 0.52187750000000011 13.315150000000001 1.0000000180025095e-35 7.0547926010719495 11.500000000000002 3.5000000000000004 20.880313333333337 19.442609166666667 0.70784772878591096
decision_type=2 2 2 2 2 2 2 2 2 2 2 2 2 2 2 2 2 2 2 2 2 2 2 2 2 2 2 2 2 2
left_child=-1 -2 4 -4 26 6 -6 8 -8 -10 -11 12 -5 -14 15 -15 -16 18 -18 23 21 22 -21 24 25 -19 -3 28 -28 -30
right_child=1 2 3 11 5 -7 7 -9 9 10 -12 -13 13 14 16 -17 17 19 -20 20 -22 -23 -24 -25 -26 -27 27 -29 29 -31
leaf_value=-0.0065963654007997318 -0.0068039447117540439 0.00033660968655122936 0.012319468201282577 0.024963820385664567 -0.00023947979971276494 -0.00056700377487317361 0.0037255606225309545 -0.00087483908661808107 0.039635855269580612 0.0089288359414673654 0.028674125511980168 -0.0050713653419221152 -0.017018987026546969 0.0089965159422647697 -0.0062060743029339798 0.0075165165597852936 -0.0043618237234812158 -0.00567712409756991 0.024288862801399549 0.029224084884122519 -0.021055232639141136 0.27697254752225681 -0.0035238932967985854 -0.002956244508172147 -0.011246231488262107 0.037230491912175277 -0.00069324618135692645 -0.012715989885494534 0.048157463239503595 -0.016973204393227637
leaf_weight=1337 262 20044 22 23 170 151 39 25 33 46 21 1538 129 38 431 20 29 34 23 24 22 21 34 403 25 34 22737 474 90 92
leaf_count=1337 262 20044 22 23 170 151 39 25 33 46 21 1538 129 38 431 20 29 34 23 24 22 21 34 403 25 34 22737 474 90 92
internal_value=-0.000273058 -0.000158866 -0.000137178 -0.00115088 -7.14012e-05 0.00272165 0.00517365 0.0110244 0.0138705 0.0184 0.0122985 -0.00126733 -1.90735e-09 -0.000296766 0.000365552 0.00993103 -0.00014815 0.00136826 0.0104615 0.000576212 0.00625742 0.0102278 0.00441379 -0.000580647 0.00576344 0.0108235 -0.000102587 -0.00036011 -0.000278897 0.00782417
internal_weight=48371 47034 46772 2850 43922 485 334 164 139 100 67 2828 1290 1267 1138 58 1080 649 52 597 101 79 58 496 93 68 43437 23393 22919 182
internal_count=48371 47034 46772 2850 43922 485 334 164 139 100 67 2828 1290 1267 1138 58 1080 649 52 597 101 79 58 496 93 68 43437 23393 22919 182
is_linear=0
shrinkage=0.08


Tree=135
num_leaves=31
num_cat=0
split_feature=10 13 44 36 6 4 18 38 12 1 40 11 42 36 36 13 7 38 36 0 43 40 13 39 20 9 44 39 34 44
split_gain=2.81611 0.558663 0.576251 0.587385 0.563007 1.25166 1.67861 1.32658 0.846407 0.941308 0.991472 0.627357 1.19446 0.761138 1.66379 1.10204 0.565654 0.858427 0.798983 0.79658 0.788172 1.06206 1.27337 0.707661 2.48055 1.07587 2.00075 2.03175 1.63285 2.36034
threshold=2.5319000000000003 7.6784043490622862 45.015272745432021 13.303900000000001 22.500000000000004 2289.2700000000004 15.123500000000002 0.97825000000000017 10.952120833333336 3501817.3500000006 0.019787688571839501 0.92069242568480636 0.04384896671922222 7.5268000000000006 8.6624000000000017 2.6164114170408301 4.5000000000000009 0.40880000000000033 14.641600000000002 0.68280000000000007 0.043500000000000018 0.01929604573358765 0.23554899748217908 0.35838333333333344 6.6342500000000006 14.500000000000002 24.056837735376693 0.50259000000000009 15.640600000000001 27.089855175333359
decision_type=2 2 2 2 2 2 2 2 2 2 2 2 2 2 2 2 2 2 2 2 2 2 2 2 2 2 2 2 2 2
left_child=-1 4 -3 -4 16 11 7 -7 -8 10 -10 -6 13 -13 15 -15 17 20 19 -19 -2 -22 -23 -24 -25 26 -26 28 29 -28
right_child=1 2 3 -5 5 6 8 -9 9 -11 -12 12 -14 14 -16 -17 -18 18 -20 -21 21 22 23 24 25 -27 27 -29 -30 -31
leaf_value=-0.0059630149227488261 0.00044563579136733559 -0.0080297798550865544 0.015488714449938644 -0.0011509378241628409 -0.0077486857359233344 0.036889751823982346 0.51681243435687751 0.023026667745429562 -0.010174095092453053 -0.0045646898364569968 0.031689911816963054 -0.089738988141444265 -0.022445045764879542 0.02617043014426923 0.00029779540671485196 0.33049202685517243 -0.00086540538615409402 -0.0045681751870009614 0.0006250572838712795 0.012519876338013953 -0.0085829403000607235 0.011878633401190344 -0.0017670269965986856 0.021354217765208485 -0.0048531812401094009 0.0024552577696331074 0.054516973201490564 -0.026215605468925131 0.057812720831182433 -0.013102993969672259
leaf_weight=1528 20242 681 20 59 1086 23 25 31 20 217 26 21 125 25 67 24 15765 4016 3351 22 177 28 126 20 59 487 20 28 23 29
leaf_count=1528 20242 681 20 59 1086 23 25 31 20 217 26 21 125 25 67 24 15765 4016 3351 22 177 28 126 20 59 487 20 28 23 29
internal_value=-0.000274712 -0.000164466 -0.00231579 0.0041519 -0.000128987 -0.00156213 0.00276023 0.0157037 0.000333331 -0.0010038 0.0093913 -0.00265876 0.00085496 0.0060146 0.00855172 0.0197551 -7.44281e-05 0.000137486 -0.000605226 -0.00136305 0.000395874 0.00259177 0.00380488 0.00321212 0.00425225 0.00339319 0.00910692 0.016 0.0231111 0.0148571
internal_weight=48371 46843 760 79 46083 1690 342 54 288 263 46 1348 262 137 116 49 44393 28628 7389 4038 21239 997 820 792 666 646 159 100 72 49
internal_count=48371 46843 760 79 46083 1690 342 54 288 263 46 1348 262 137 116 49 44393 28628 7389 4038 21239 997 820 792 666 646 159 100 72 49
is_linear=0
shrinkage=0.08


Tree=136
num_leaves=31
num_cat=0
split_feature=22 41 0 34 38 40 22 13 42 3 11 36 39 9 9 40 43 42 32 38 39 20 22 44 42 36 40 7 9 11
split_gain=2.35099 0.822606 0.966237 1.14502 0.949377 0.698473 0.598522 0.587521 1.99077 0.954883 0.710529 1.40624 0.792845 1.41223 0.758333 0.613817 1.28531 0.57467 0.571635 0.983004 0.550267 0.544951 1.15668 0.973045 0.856026 0.833333 0.658313 0.998994 1.47272 1.39785
threshold=2.6167500000000001 0.3286575000000001 0.36475000000000007 2.7649000000000004 0.71569999999999923 0.018251073027232806 2.3598000000000003 7.1590189544405236 0.09288793124401 125.75000000000001 8.1374029540485697 25.084700000000002 0.50365000000000015 29.500000000000004 44.500000000000007 0.024341110628134509 0.057200000000000008 0.092084963530817313 2.8768000000000007 -0.24950000000000003 0.54155333333333344 12.985350000000002 13.315150000000001 28.040684082446685 0.094705767234561214 13.303900000000001 0.021646574566779066 5.5000000000000009 11.500000000000002 0.34834832519434172
decision_type=2 2 2 2 2 2 2 2 2 2 2 2 2 2 2 2 2 2 2 2 2 2 2 2 2 2 2 2 2 2
left_child=1 -1 4 6 5 -3 -4 8 -2 -9 15 12 -12 17 -13 16 21 -14 -7 -20 -19 26 23 -23 -25 -26 -11 28 -28 -30
right_child=7 2 3 -5 -6 18 -8 9 -10 10 11 14 13 -15 -16 -17 -18 20 19 -21 -22 22 -24 24 25 -27 27 -29 29 -31
leaf_value=-0.0069514563833338984 -0.00021481258004214438 -0.00046161584589050143 0.0038881973526753463 0.0081018887483685683 0.0086869801181095555 -0.0077074404220623957 -0.013477513618692968 0.012664712442661957 0.024168276417051288 -0.0073716303891724622 -0.0024626599774824026 -0.011809845993285748 0.025118254511758135 0.019520710150838741 0.0081219343335019734 -0.0068792667569139735 0.093550854598860533 -0.010176221324596828 0.011156761275723966 -0.0094443438367544149 0.017578829021273487 0.024037142110325888 -0.0027187212229153319 -0.014626286285834735 -0.0044862578550120746 0.031467860108673168 -0.011056684410514462 -0.052313214850121172 -0.0094845010122927963 0.016838083890670114
leaf_weight=436 44344 398 29 21 35 680 27 20 27 574 46 160 26 21 35 807 21 21 24 70 34 32 241 38 24 30 32 44 22 52
leaf_count=436 44344 398 29 21 35 680 27 20 27 574 46 160 26 21 35 807 21 21 24 70 34 32 241 38 24 30 32 44 22 52
internal_value=-0.000258173 -0.00316279 -0.0021433 0.00654545 -0.0026976 -0.00308533 0.000571427 -0.000151081 -8.67252e-05 -0.00140351 -0.00155752 0.00179592 0.00767567 0.0116078 -0.00266667 -0.00215754 -0.000936939 0.00681481 -0.00448579 0.0013617 0.00218182 -0.00131497 0.00120548 0.00748387 0.00330435 0.00977778 -0.00258564 0.00213333 0.00633962 0.0125405
internal_weight=48371 1720 1284 77 1207 1172 56 46651 44371 2280 2260 343 148 102 195 1917 1110 81 774 94 55 1089 365 124 92 54 724 150 106 74
internal_count=48371 1720 1284 77 1207 1172 56 46651 44371 2280 2260 343 148 102 195 1917 1110 81 774 94 55 1089 365 124 92 54 724 150 106 74
is_linear=0
shrinkage=0.08


Tree=137
num_leaves=31
num_cat=0
split_feature=22 1 13 42 36 40 13 42 3 24 22 10 40 40 34 39 39 20 20 20 24 30 18 24 13 28 36 41 22 30
split_gain=2.57949 0.740363 0.679354 0.909921 1.51498 0.694444 0.624214 1.05181 0.820383 0.813809 0.949592 0.906526 0.71292 0.646836 0.889506 0.521954 0.563456 0.543144 0.515657 0.501844 0.543674 1.10195 1.12448 0.904681 0.811055 0.809974 0.942814 0.920836 1.04029 0.92052
threshold=2.6167500000000001 732751.35000000009 0.23369501845675889 0.019913624888843129 2.7130500000000004 0.016807614487151266 7.1590189544405236 0.09288793124401 128.75000000000003 29.753700000000006 29.753700000000006 21.550820000000002 0.023941387754666119 0.11130401324515242 25.096550000000004 0.38299 0.39376333333333341 7.0449500000000009 3.1201000000000003 30.487450000000003 23.831950000000003 21.683450000000004 10.981700000000002 23.305350000000001 4.2943280177307139 12.012100000000002 11.922350000000003 0.50296583333333345 20.253450000000004 14.940550000000002
decision_type=2 2 2 2 2 2 2 2 2 2 2 2 2 2 2 2 2 2 2 2 2 2 2 2 2 2 2 2 2 2
left_child=1 2 3 4 5 -1 7 19 12 11 -11 13 -8 15 -15 -10 -17 -18 -4 20 21 23 -23 -2 -25 -22 29 -28 -29 -27
right_child=6 -3 18 -5 -6 -7 8 -9 9 10 -12 -13 -14 14 -16 16 17 -19 -20 -21 25 22 -24 24 -26 26 27 28 -30 -31
leaf_value=0.012181983779473667 -0.00015567572044277754 0.0041388514533947122 -0.0063009123491555479 -0.0026773929226555637 -0.0083226220758193092 0.0048494626449613852 0.015530692191066659 0.022234814303687244 0.0071091354485464378 0.017711854641118713 0.00050818272876655213 -0.017043683620675612 -0.0011282782022961286 0.016355218086353727 -0.0047196531009428278 -0.03147586892464637 0.012282681230639339 -0.0026453001927302456 0.0015999387053728571 -0.0038113389713171574 -0.013880392105919149 0.0022982736679360745 -0.013007696337917712 0.010699730766467724 0.060152079992651562 -0.0022168246298103446 -0.001446237498807979 0.016741448026713925 0.0040317741217760581 0.01101632751414338
leaf_weight=20 41892 20 1429 166 24 25 24 27 28 29 143 321 23 24 43 114 27 1504 36 87 67 258 986 33 25 45 473 22 365 91
leaf_count=20 41892 20 1429 166 24 25 24 27 28 29 143 321 23 24 43 114 27 1504 36 87 67 258 986 33 25 45 473 22 365 91
internal_value=-0.000259827 -0.00330233 -0.00348235 0.000510636 0.00823188 0.0168889 -0.000147651 -8.13163e-05 -0.0014386 -0.00165876 0.00362791 -0.00209995 0.00902127 -0.00137931 0.00632836 -0.00168799 -0.00187234 -0.00146832 -0.00412287 -9.09274e-05 -7.89951e-05 -0.000122982 -0.00246946 -5.33988e-05 0.00993103 0.00170837 0.00228112 0.00130232 0.00419638 0.00847059
internal_weight=48371 1720 1700 235 69 45 46651 44371 2280 2233 172 2061 47 1740 67 1673 1645 1531 1465 44344 44257 43194 1244 41950 58 1063 996 860 387 136
internal_count=48371 1720 1700 235 69 45 46651 44371 2280 2233 172 2061 47 1740 67 1673 1645 1531 1465 44344 44257 43194 1244 41950 58 1063 996 860 387 136
is_linear=0
shrinkage=0.08


end of trees

feature_importances:
minute_of_hour=441
rolling_std_60min=427
hour_of_day=284
rolling_mean_15min=237
mem_rolling_std_60min=234
lag_10=207
rolling_mean_60min=202
mem_rolling_mean_60min=190
rolling_std_15min=189
mem_rolling_std_15min=166
cpu_rate_of_change=148
pod_count=106
mem_rolling_mean_15min=106
cpu_memory_ratio=103
lag_1=102
network_rx=93
lag_2=87
disk_iops=86
lag_3=83
memory_rate_of_change=73
lag_8=71
lag_5=70
lag_4=69
lag_9=69
day_of_week=66
memory_usage=63
lag_7=61
lag_6=56
request_rate=51

parameters:
[boosting: gbdt]
[objective: quantile]
[metric: quantile]
[tree_learner: serial]
[device_type: cpu]
[data_sample_strategy: bagging]
[data: ]
[valid: ]
[num_iterations: 300]
[learning_rate: 0.08]
[num_leaves: 31]
[num_threads: 0]
[seed: 0]
[deterministic: 0]
[force_col_wise: 0]
[force_row_wise: 0]
[histogram_pool_size: -1]
[max_depth: -1]
[min_data_in_leaf: 20]
[min_sum_hessian_in_leaf: 0.001]
[bagging_fraction: 1]
[pos_bagging_fraction: 1]
[neg_bagging_fraction: 1]
[bagging_freq: 0]
[bagging_seed: 3]
[bagging_by_query: 0]
[feature_fraction: 1]
[feature_fraction_bynode: 1]
[feature_fraction_seed: 2]
[extra_trees: 0]
[extra_seed: 6]
[early_stopping_round: 0]
[early_stopping_min_delta: 0]
[first_metric_only: 0]
[max_delta_step: 0]
[lambda_l1: 0]
[lambda_l2: 0]
[linear_lambda: 0]
[min_gain_to_split: 0]
[drop_rate: 0.1]
[max_drop: 50]
[skip_drop: 0.5]
[xgboost_dart_mode: 0]
[uniform_drop: 0]
[drop_seed: 4]
[top_rate: 0.2]
[other_rate: 0.1]
[min_data_per_group: 100]
[max_cat_threshold: 32]
[cat_l2: 10]
[cat_smooth: 10]
[max_cat_to_onehot: 4]
[top_k: 20]
[monotone_constraints: ]
[monotone_constraints_method: basic]
[monotone_penalty: 0]
[feature_contri: ]
[forcedsplits_filename: ]
[refit_decay_rate: 0.9]
[cegb_tradeoff: 1]
[cegb_penalty_split: 0]
[cegb_penalty_feature_lazy: ]
[cegb_penalty_feature_coupled: ]
[path_smooth: 0]
[interaction_constraints: ]
[verbosity: -1]
[saved_feature_importance_type: 0]
[use_quantized_grad: 0]
[num_grad_quant_bins: 4]
[quant_train_renew_leaf: 0]
[stochastic_rounding: 1]
[linear_tree: 0]
[max_bin: 255]
[max_bin_by_feature: ]
[min_data_in_bin: 3]
[bin_construct_sample_cnt: 200000]
[data_random_seed: 1]
[is_enable_sparse: 1]
[enable_bundle: 1]
[use_missing: 1]
[zero_as_missing: 0]
[feature_pre_filter: 1]
[pre_partition: 0]
[two_round: 0]
[header: 0]
[label_column: ]
[weight_column: ]
[group_column: ]
[ignore_column: ]
[categorical_feature: ]
[forcedbins_filename: ]
[precise_float_parser: 0]
[parser_config_file: ]
[objective_seed: 5]
[num_class: 1]
[is_unbalance: 0]
[scale_pos_weight: 1]
[sigmoid: 1]
[boost_from_average: 1]
[reg_sqrt: 0]
[alpha: 0.9]
[fair_c: 1]
[poisson_max_delta_step: 0.7]
[tweedie_variance_power: 1.5]
[lambdarank_truncation_level: 30]
[lambdarank_norm: 1]
[label_gain: ]
[lambdarank_position_bias_regularization: 0]
[eval_at: ]
[multi_error_top_k: 1]
[auc_mu_weights: ]
[num_machines: 1]
[local_listen_port: 12400]
[time_out: 120]
[machine_list_filename: ]
[machines: ]
[gpu_platform_id: -1]
[gpu_device_id: -1]
[gpu_device_id_list: ]
[gpu_use_dp: 0]
[num_gpu: 1]

end of parameters

pandas_categorical:[]
