tree
version=v4
num_class=1
num_tree_per_iteration=1
label_index=0
max_feature_idx=44
objective=quantile
feature_names=memory_usage network_rx network_tx disk_iops request_rate pod_count hour_of_day day_of_week is_weekend minute_of_hour rolling_mean_15min rolling_std_15min rolling_mean_60min rolling_std_60min cpu_rolling_mean_15 cpu_rolling_std_15 cpu_rolling_mean_60 cpu_rolling_std_60 lag_1 cpu_lag_1 lag_2 cpu_lag_2 lag_3 cpu_lag_3 lag_4 cpu_lag_4 lag_5 cpu_lag_5 lag_6 cpu_lag_6 lag_7 cpu_lag_7 lag_8 cpu_lag_8 lag_9 cpu_lag_9 lag_10 cpu_lag_10 cpu_rate_of_change mem_rolling_mean_15min mem_rolling_std_15min mem_rolling_mean_60min mem_rolling_std_60min memory_rate_of_change cpu_memory_ratio
feature_infos=[0.27479999999999999:0.7752] [33138.699999999997:492250.90000000002] [117811.8:1468728.7] [7.9000000000000004:37.899999999999999] [17.18:220.16] [1:5] none none none [2:59] [0.41232142857142856:0.50714210526315784] [0.12416475240320166:0.24100984267642964] [0.41232142857142856:0.45739832635983263] [0.1388247307753151:0.18105107153231803] [0.41232142857142856:0.50714210526315784] [0.12416475240320166:0.24100984267642964] [0.41232142857142856:0.45739832635983263] [0.1388247307753151:0.18105107153231803] [0.14180000000000001:1.0570999999999999] [0.14180000000000001:1.0570999999999999] [0.14180000000000001:1.0012000000000001] [0.14180000000000001:1.0012000000000001] [0.14180000000000001:1.0570999999999999] [0.14180000000000001:1.0570999999999999] [0.187:1.0570999999999999] [0.187:1.0570999999999999] [0.14180000000000001:1.0570999999999999] [0.14180000000000001:1.0570999999999999] [0.14180000000000001:1.0012000000000001] [0.14180000000000001:1.0012000000000001] [0.14180000000000001:1.0570999999999999] [0.14180000000000001:1.0570999999999999] [0.187:1.0570999999999999] [0.187:1.0570999999999999] [0.14180000000000001:1.0570999999999999] [0.14180000000000001:1.0570999999999999] [0.14180000000000001:1.0012000000000001] [0.14180000000000001:1.0012000000000001] [-0.64039999999999997:0.85370000000000001] [0.48155862068965516:0.5056090909090909] [0.13994392130072159:0.17045571538992438] [0.48463571428571434:0.5056090909090909] [0.14260814400118055:0.17045571538992438] [-0.39200000000000002:0.46789999999999998] [0.58291770391858566:2.0724137876063291]
tree_sizes=643 671 673 675 677 673 589 672 591 678 594 679 670 671 671 668 576 590 670 674 661 591 672 679 591 588 670 595 589 671 594 581 667 592 590 675 668 668 662 676 676 754 667 591 672 588 678 677 589 497 669 593 588 676 676 510 595 744 766 765 682 682 675 680 748 743 759 846 681 763 844 754 675 762 763 831 749 673 763 677 677 836 757 765 674 672 762 760 838 758 750 751 756 749 678 677 759 767 681 673 767 765 757 676 671 676 769 602 597 679 770 683 590 681 681 753 766 763 677 746 838 755 832 829 838 748 837 755 761 677 848 741 756 844 754 925 922 841 826 832 840 841 848 847 834 759 742 827 745 747 746 755 672 827 761 756 757 844 751 750 843 666 677 679 678 764 768 682 765 680 754 681 680 587 761 765 760 757 756 762 844 674 831 760 759 753 908 758 669 751 757 847 674 761 763 754 834 762 846 668 915 834 833 825 679 765 838 678 842 681 935 766 752 839 846 750 680 597 681 593 664 595 584 682 682 680 680 678 680 680 593 680 845 768 768 773 762 769 752 757 848 830 844 848 759 932 678 764 676 762 681 590 839 756 675 684 595 595 595 593 685 597 595 594 683 599 600 596 675 677 757 839 760 847 846 845 847 674 763 668 850 918 835 678 839 746 746 670 925 758 832 766 834 755 841 754 764 677 682 845

Tree=0
num_leaves=6
num_cat=0
split_feature=43 38 11 10 0
split_gain=1.89123 0.796297 1.03613 0.043007 2.22045e-16
threshold=0.39550000000000007 -0.27729999999999994 0.13141053323396792 0.42335352564102569 0.6765000000000001
decision_type=2 2 2 2 2
left_child=1 -1 -3 -4 -5
right_child=-2 2 3 4 -6
leaf_value=0.6994823651218417 0.70569356437759434 0.70224476744327602 0.6822031670362475 0.67552556770019012 0.68568236820602346
leaf_weight=27 30 20 20 102 21
leaf_count=27 30 20 20 102 21
internal_value=0.69002 0.687073 0.684965 0.682579 0.68202
internal_weight=220 190 163 143 123
internal_count=220 190 163 143 123
is_linear=0
shrinkage=1


Tree=1
num_leaves=6
num_cat=0
split_feature=43 38 11 10 0
split_gain=2.04147 0.552984 0.653619 0.043007 2.22045e-16
threshold=0.39550000000000007 -0.27729999999999994 0.13141053323396792 0.42335352564102569 0.6765000000000001
decision_type=2 2 2 2 2
left_child=1 -1 -3 -4 -5
right_child=-2 2 3 4 -6
leaf_value=0.0087054079540254837 0.01441971126931799 0.011246818089745104 -0.007191454284721184 -0.013334845673893963 -0.003990589208527213
leaf_weight=27 30 20 20 102 21
leaf_count=27 30 20 20 102 21
internal_value=-0.000727275 -0.00378948 -0.00554601 -0.00744056 -0.008
internal_weight=220 190 163 143 123
internal_count=220 190 163 143 123
is_linear=0
shrinkage=0.08


Tree=2
num_leaves=6
num_cat=0
split_feature=43 38 11 10 0
split_gain=1.87723 0.558394 0.618199 0.0431034 2.22045e-16
threshold=0.40020000000000006 -0.27729999999999994 0.13141053323396792 0.42335352564102569 0.67910000000000015
decision_type=2 2 2 2 2
left_child=1 -1 -3 -4 -5
right_child=-2 2 3 4 -6
leaf_value=0.0080089753177034415 0.01452373449823516 0.010192673199320507 -0.0066161379419434852 -0.011751259333763127 -0.003808143311049408
leaf_weight=27 27 21 20 105 20
leaf_count=27 27 21 20 105 20
internal_value=-0.00109091 -0.00385492 -0.00559036 -0.00744828 -0.008
internal_weight=220 193 166 145 125
internal_count=220 193 166 145 125
is_linear=0
shrinkage=0.08


Tree=3
num_leaves=6
num_cat=0
split_feature=43 38 11 10 0
split_gain=1.87723 0.558394 0.618199 0.0431034 2.22045e-16
threshold=0.40020000000000006 -0.27729999999999994 0.13141053323396792 0.42335352564102569 0.67910000000000015
decision_type=2 2 2 2 2
left_child=1 -1 -3 -4 -5
right_child=-2 2 3 4 -6
leaf_value=0.0073682572922871706 0.013361835738376345 0.0093772593433748691 -0.006086846906588006 -0.010811158587062079 -0.0035034918461654563
leaf_weight=27 27 21 20 105 20
leaf_count=27 27 21 20 105 20
internal_value=-0.00109091 -0.00385492 -0.00559036 -0.00744828 -0.008
internal_weight=220 193 166 145 125
internal_count=220 193 166 145 125
is_linear=0
shrinkage=0.08


Tree=4
num_leaves=6
num_cat=0
split_feature=43 38 11 10 0
split_gain=1.87723 0.558394 0.618199 0.0431034 2.22045e-16
threshold=0.40020000000000006 -0.27729999999999994 0.13141053323396792 0.42335352564102569 0.67910000000000015
decision_type=2 2 2 2 2
left_child=1 -1 -3 -4 -5
right_child=-2 2 3 4 -6
leaf_value=0.0067787967089041959 0.012292888879306237 0.0086270785959048808 -0.0055998991540609656 -0.0099462659000971159 -0.0032232124984722167
leaf_weight=27 27 21 20 105 20
leaf_count=27 27 21 20 105 20
internal_value=-0.00109091 -0.00385492 -0.00559036 -0.00744828 -0.008
internal_weight=220 193 166 145 125
internal_count=220 193 166 145 125
is_linear=0
shrinkage=0.08


Tree=5
num_leaves=6
num_cat=0
split_feature=43 26 38 22 0
split_gain=1.52437 0.512024 0.655361 0.17037 2.22045e-16
threshold=0.40355000000000002 0.28805000000000008 -0.25854999999999989 0.24840000000000004 0.52590000000000015
decision_type=2 2 2 2 2
left_child=1 -1 -3 -4 -5
right_child=-2 2 3 4 -6
leaf_value=0.0026321488853642185 0.012567057899424344 0.0031444952333539522 -0.0017458198112610412 -0.013182565116367765 -0.0027093549740718182
leaf_weight=25 24 36 20 95 20
leaf_count=25 24 36 20 95 20
internal_value=-0.000363638 -0.00269388 -0.00425731 -0.00681482 -0.008
internal_weight=220 196 171 135 115
internal_count=220 196 171 135 115
is_linear=0
shrinkage=0.08


Tree=6
num_leaves=5
num_cat=0
split_feature=1 38 11 36
split_gain=1.31364 0.494949 0.605947 0.171831
threshold=271956.90000000008 -0.25854999999999989 0.13141053323396792 0.65305000000000013
decision_type=2 2 2 2
left_child=1 -1 -3 -4
right_child=-2 2 3 -5
leaf_value=0.0028929356146856389 0.012400093354445465 0.0081959537454613027 -0.0054867330896362729 -0.0020022806605669353
leaf_weight=36 22 20 122 20
leaf_count=36 22 20 122 20
internal_value=-0.00109091 -0.00315152 -0.00503704 -0.00687324
internal_weight=220 198 162 142
internal_count=220 198 162 142
is_linear=0
shrinkage=0.08


Tree=7
num_leaves=6
num_cat=0
split_feature=38 38 11 26 0
split_gain=1.31364 0.494949 0.568051 0.153449 2.22045e-16
threshold=0.39445000000000008 -0.25854999999999989 0.13141053323396792 0.28805000000000008 0.5515000000000001
decision_type=2 2 2 2 2
left_child=1 -1 -3 -4 -5
right_child=-2 2 3 4 -6
leaf_value=0.0026615007655107891 0.011408085886089827 0.0074209015934964739 -0.00021730444182833654 -0.010646177260808383 -0.002172867214293417
leaf_weight=36 22 21 22 98 21
leaf_count=36 22 21 22 98 21
internal_value=-0.00109091 -0.00315152 -0.00503704 -0.00686525 -0.008
internal_weight=220 198 162 141 119
internal_count=220 198 162 141 119
is_linear=0
shrinkage=0.08


Tree=8
num_leaves=5
num_cat=0
split_feature=38 38 11 26
split_gain=1.36566 0.525341 0.578045 0.155152
threshold=0.39445000000000008 -0.27729999999999994 0.13141053323396792 0.28805000000000008
decision_type=2 2 2 2
left_child=1 -1 -3 -4
right_child=-2 2 3 -5
leaf_value=0.0055405784431078334 0.010495439015202637 0.0068272294660167536 -0.0001999200864820705 -0.0050406333841303309
leaf_weight=27 22 21 22 128
leaf_count=27 22 21 22 128
internal_value=-0.00145455 -0.00355556 -0.00519298 -0.00693334
internal_weight=220 198 171 150
internal_count=220 198 171 150
is_linear=0
shrinkage=0.08


Tree=9
num_leaves=6
num_cat=0
split_feature=34 11 38 40 4
split_gain=0.890909 1.04366 0.176939 0.137188 0.0420635
threshold=0.24000000000000002 0.1864119616309198 -0.25854999999999989 0.14141702912556195 122.00500000000001
decision_type=2 2 2 2 2
left_child=-1 2 -2 -4 -5
right_child=1 -3 3 4 -6
leaf_value=0.0073156311950101837 -0.0013800289264658705 0.013721071029165852 -0.0066149517322964735 -0.0051947627329574928 -0.0088551136672844599
leaf_weight=22 28 23 21 106 20
leaf_count=22 28 23 21 106 20
internal_value=-0.00145455 -0.00315152 -0.00525714 -0.00636735 -0.00736508
internal_weight=220 198 175 147 126
internal_count=220 198 175 147 126
is_linear=0
shrinkage=0.08


Tree=10
num_leaves=5
num_cat=0
split_feature=38 38 26 22
split_gain=1.26263 0.448934 0.620239 0.170149
threshold=0.39445000000000008 -0.25854999999999989 0.29690000000000005 0.25270000000000009
decision_type=2 2 2 2
left_child=1 -1 -3 -4
right_child=-2 2 3 -5
leaf_value=0.0015116937528204825 0.0090705533983856061 0.0018007615336007067 -0.0014470891136037201 -0.0062028523553184561
leaf_weight=36 22 28 20 114
leaf_count=36 22 28 20 114
internal_value=-0.000727275 -0.00274748 -0.00454321 -0.00680597
internal_weight=220 198 162 134
internal_count=220 198 162 134
is_linear=0
shrinkage=0.08


Tree=11
num_leaves=6
num_cat=0
split_feature=34 11 38 40 4
split_gain=0.890909 1.04366 0.176939 0.137188 0.0420635
threshold=0.24000000000000002 0.1864119616309198 -0.25854999999999989 0.14141702912556195 122.00500000000001
decision_type=2 2 2 2 2
left_child=-1 2 -2 -4 -5
right_child=1 -3 3 4 -6
leaf_value=0.0065281611506164483 -0.0013905621125742406 0.012018683146473154 -0.0059699882884081366 -0.0044731850080083511 -0.0081150782037539143
leaf_weight=22 28 23 21 106 20
leaf_count=22 28 23 21 106 20
internal_value=-0.00145455 -0.00315152 -0.00525714 -0.00636735 -0.00736508
internal_weight=220 198 175 147 126
internal_count=220 198 175 147 126
is_linear=0
shrinkage=0.08


Tree=12
num_leaves=6
num_cat=0
split_feature=34 9 9 22 10
split_gain=1.00848 0.720346 1.75584 0.126385 0.040099
threshold=0.24840000000000004 41.500000000000007 46.500000000000007 0.36205000000000004 0.4533193518518519
decision_type=2 2 2 2 2
left_child=-1 3 -3 -2 -5
right_child=1 2 -4 4 -6
leaf_value=0.0053538912680114173 -0.00044772432868501967 0.013665761679839175 -0.0038912351163078811 -0.010644412183348223 -0.0088244144042579544
leaf_weight=25 39 20 35 81 20
leaf_count=25 39 20 35 81 20
internal_value=-0.000727275 -0.00266667 0.00509091 -0.00571429 -0.00720792
internal_weight=220 195 55 140 101
internal_count=220 195 55 140 101
is_linear=0
shrinkage=0.08


Tree=13
num_leaves=6
num_cat=0
split_feature=30 30 26 30 0
split_gain=0.695617 1.06157 0.670145 0.336076 0.0383721
threshold=0.46215000000000006 0.41710000000000008 0.31960000000000005 0.24285000000000004 0.47085000000000005
decision_type=2 2 2 2 2
left_child=1 2 -1 -4 -2
right_child=4 -3 3 -5 -6
leaf_value=0.0051429184452459814 -0.01478885797347246 0.0050639566118212895 0.0016488074267625398 -0.002248479037686837 -0.0084362639373860571
leaf_weight=34 66 21 20 59 20
leaf_count=34 66 21 20 59 20
internal_value=-0.00145455 0.00214925 -0.000920356 -0.00496203 -0.00706977
internal_weight=220 134 113 79 86
internal_count=220 134 113 79 86
is_linear=0
shrinkage=0.08


Tree=14
num_leaves=6
num_cat=0
split_feature=30 42 38 32 39
split_gain=0.658852 0.606516 0.992654 1.33018 0.128571
threshold=0.49585000000000007 0.14643909563383398 0.27495000000000008 0.40855000000000002 0.49957967032967038
decision_type=2 2 2 2 2
left_child=1 2 3 -1 -3
right_child=-2 4 -4 -5 -6
leaf_value=0.0068531275744099585 -0.011969264218728255 -0.0059814295671418317 0.0072492578735359981 -0.0045745545708297027 -5.7232046859399809e-06
leaf_weight=29 68 36 23 44 20
leaf_count=29 68 36 23 44 20
internal_value=-0.00145455 0.00147368 0.00533333 0.000767121 -0.00514286
internal_weight=220 152 96 73 56
internal_count=220 152 96 73 56
is_linear=0
shrinkage=0.08


Tree=15
num_leaves=6
num_cat=0
split_feature=30 11 26 32 0
split_gain=0.64689 0.771429 0.666807 0.296613 0.0394737
threshold=0.44245000000000007 0.18516649702862695 0.28190000000000009 0.40855000000000002 0.50880000000000003
decision_type=2 2 2 2 2
left_child=1 2 -1 -4 -2
right_child=4 -3 3 -5 -6
leaf_value=0.0028475113949848487 -0.012010787348073799 0.010243148985458727 -0.00028055121220827139 -0.0017348211909247826 -0.00017702918629603775
leaf_weight=20 75 20 33 52 20
leaf_count=20 75 20 33 52 20
internal_value=-0.00218182 0.0016 -0.00114286 -0.0042353 -0.0071579
internal_weight=220 125 105 85 95
internal_count=220 125 105 85 95
is_linear=0
shrinkage=0.08


Tree=16
num_leaves=5
num_cat=0
split_feature=30 28 20 36
split_gain=0.734091 0.658613 2.09457 0.566265
threshold=0.49585000000000007 0.30525000000000008 0.42980000000000002 0.60930000000000006
decision_type=2 2 2 2
left_child=1 -1 -3 -4
right_child=-2 2 3 -5
leaf_value=-0.010110764597293955 -0.010248165798445992 0.007725075686478503 -0.002878880730621979 0.00176280061176181
leaf_weight=33 68 36 47 36
leaf_count=33 68 36 47 36
internal_value=-0.00109091 0.002 0.00477311 -0.00221687
internal_weight=220 152 119 83
internal_count=220 152 119 83
is_linear=0
shrinkage=0.08


Tree=17
num_leaves=5
num_cat=0
split_feature=26 18 4 40
split_gain=1.02273 0.494057 0.334235 0.174522
threshold=0.24000000000000002 0.70650000000000013 129.95500000000001 0.14148969856763993
decision_type=2 2 2 2
left_child=-1 2 3 -2
right_child=1 -3 -4 -5
leaf_value=0.0037881143245192006 -0.0040950066081108785 0.0026731325852886617 0.0012213228245247199 -0.0039899430338358596
leaf_weight=22 20 21 20 137
leaf_count=22 20 21 20 137
internal_value=-0.00254546 -0.00436364 -0.00574011 -0.00698089
internal_weight=220 198 177 157
internal_count=220 198 177 157
is_linear=0
shrinkage=0.08


Tree=18
num_leaves=6
num_cat=0
split_feature=34 43 2 10 1
split_gain=1.10779 0.423001 0.38134 0.624026 0.0415966
threshold=0.24840000000000004 -0.29729999999999995 544075.85000000021 0.45439968965517247 86476.10000000002
decision_type=2 2 2 2 2
left_child=-1 -2 4 -4 -3
right_child=1 2 3 -5 -6
leaf_value=0.0029761428239115663 0.0024592821084857687 -0.011604624955713697 -0.0036915866057690987 0.0071377055156439826 -0.003691459365715531
leaf_weight=25 21 20 35 20 99
leaf_count=25 21 20 35 20 99
internal_value=-0.00145455 -0.00348718 -0.00478161 0.000727271 -0.00732773
internal_weight=220 195 174 55 119
internal_count=220 195 174 55 119
is_linear=0
shrinkage=0.08


Tree=19
num_leaves=6
num_cat=0
split_feature=43 30 18 13 0
split_gain=1.03003 1.01053 0.292078 0.156575 0.230488
threshold=0.32915000000000011 0.36690000000000006 0.70650000000000013 0.14083577262211036 0.44400000000000006
decision_type=2 2 2 2 2
left_child=2 -2 3 4 -1
right_child=1 -3 -4 -5 -6
leaf_value=-0.012524847243794076 0.0044148505958723971 -0.00016127373558569462 0.0039289335172256927 -0.0063163804247246312 0.00075944589256480514
leaf_weight=21 27 30 20 102 20
leaf_count=21 27 30 20 102 20
internal_value=-0.00181818 0.00743859 -0.00505522 -0.00632168 -0.00214634
internal_weight=220 57 163 143 41
internal_count=220 57 163 143 41
is_linear=0
shrinkage=0.08


Tree=20
num_leaves=6
num_cat=0
split_feature=26 43 3 3 0
split_gain=0.890909 0.74004 0.254299 0.147436 0.55
threshold=0.24000000000000002 -0.29729999999999995 26.950000000000003 17.400000000000002 0.43715000000000009
decision_type=2 2 2 2 2
left_child=-1 -2 3 4 -3
right_child=1 2 -4 -5 -6
leaf_value=0.002893785704974945 0.0019482252492565631 -0.01157982833827532 0.00022811844612483111 -0.0027056140058723675 0.00071652944247864838
leaf_weight=22 21 44 21 92 20
leaf_count=22 21 44 21 92 20
internal_value=-0.00145455 -0.00315152 -0.00483616 -0.00594872 -0.003
internal_weight=220 198 177 156 64
internal_count=220 198 177 156 64
is_linear=0
shrinkage=0.08


Tree=21
num_leaves=5
num_cat=0
split_feature=0 30 38 30
split_gain=0.84036 0.784846 0.560535 0.16748
threshold=0.62850000000000017 0.34320000000000006 -0.24159999999999998 0.25045000000000006
decision_type=2 2 2 2
left_child=2 -2 -1 -4
right_child=1 -3 3 -5
leaf_value=9.1544172863078401e-05 0.0030814825109836009 -5.4128887838231971e-05 -0.0017044655336497462 -0.0072089154049093645
leaf_weight=39 20 38 20 103
leaf_count=39 20 38 20 103
internal_value=-0.00109091 0.00717241 -0.00404938 -0.00669919
internal_weight=220 58 162 123
internal_count=220 58 162 123
is_linear=0
shrinkage=0.08


Tree=22
num_leaves=6
num_cat=0
split_feature=30 42 20 28 0
split_gain=0.587679 0.783208 1.39867 0.486043 0.0321429
threshold=0.49585000000000007 0.14643909563383398 0.42980000000000002 0.60930000000000006 0.68545000000000011
decision_type=2 2 2 2 2
left_child=1 2 -1 -4 -3
right_child=-2 4 3 -5 -6
leaf_value=0.0056063252776112115 -0.0085017860320644647 -0.004364109920897901 -0.0025615124183612755 0.0050809958336488319 -0.00018590661225208402
leaf_weight=38 68 36 37 21 20
leaf_count=38 68 36 37 21 20
internal_value=-0.00181818 0.000947367 0.00533333 -0.00248276 -0.00657143
internal_weight=220 152 96 58 56
internal_count=220 152 96 58 56
is_linear=0
shrinkage=0.08


Tree=23
num_leaves=6
num_cat=0
split_feature=34 11 22 40 40
split_gain=0.877296 0.46047 0.133293 0.0553169 0.118367
threshold=0.24840000000000004 0.1864119616309198 0.24840000000000004 0.14977242898050544 0.15245369036761661
decision_type=2 2 2 2 2
left_child=-1 2 -2 -4 -5
right_child=1 -3 3 4 -6
leaf_value=0.0015137090680384881 -0.0023318468202745981 0.0060879095646840702 -0.0052302710786355979 -5.1734933921583693e-05 -0.0053102201091636703
leaf_weight=25 20 23 103 20 29
leaf_count=25 20 23 103 20 29
internal_value=-0.00290909 -0.00471795 -0.00613954 -0.00694737 -0.0047347
internal_weight=220 195 172 152 49
internal_count=220 195 172 152 49
is_linear=0
shrinkage=0.08


Tree=24
num_leaves=5
num_cat=0
split_feature=0 30 43 13
split_gain=0.712971 0.962704 0.523265 0.269504
threshold=0.62850000000000017 0.34320000000000006 -0.29729999999999995 0.1402824548041621
decision_type=2 2 2 2
left_child=2 -2 -1 -4
right_child=1 -3 3 -5
leaf_value=0.00084950533985770293 0.0022695637789668949 -7.2458300612830056e-05 -0.0016842268049091066 -0.0059140525298681688
leaf_weight=21 20 38 27 114
leaf_count=21 20 38 27 114
internal_value=-0.00181818 0.0057931 -0.00454321 -0.00629787
internal_weight=220 58 162 141
internal_count=220 58 162 141
is_linear=0
shrinkage=0.08


Tree=25
num_leaves=5
num_cat=0
split_feature=0 30 38 13
split_gain=0.583229 0.962704 0.496248 0.248258
threshold=0.62850000000000017 0.34320000000000006 -0.24159999999999998 0.1402824548041621
decision_type=2 2 2 2
left_child=2 -2 -1 -4
right_child=1 -3 3 -5
leaf_value=0.00045462548067711877 0.0020879986766495413 -6.6661636563800821e-05 -0.0016499537874017632 -0.005707508363734376
leaf_weight=39 20 38 28 95
leaf_count=39 20 38 28 95
internal_value=-0.00109091 0.0057931 -0.00355556 -0.00604878
internal_weight=220 58 162 123
internal_count=220 58 162 123
is_linear=0
shrinkage=0.08


Tree=26
num_leaves=6
num_cat=0
split_feature=42 42 18 0 34
split_gain=0.65235 1.35922 0.746803 0.177994 0.466667
threshold=0.14643909563383398 0.14568288313774655 0.29040000000000005 0.43085000000000001 0.44855000000000006
decision_type=2 2 2 2 2
left_child=1 2 -1 -4 -5
right_child=-2 -3 3 4 -6
leaf_value=0.0019144940325987721 -0.002357029851283849 0.0048752342400442093 -0.010875403792682911 -0.0029016111633725261 0.0065555010674063895
leaf_weight=20 73 24 55 28 20
leaf_count=20 73 24 55 28 20
internal_value=-0.00181818 0.0012517 -0.00214634 -0.00489321 -0.00133334
internal_weight=220 147 123 103 48
internal_count=220 147 123 103 48
is_linear=0
shrinkage=0.08


Tree=27
num_leaves=5
num_cat=0
split_feature=43 36 43 13
split_gain=0.674297 0.543233 0.481943 0.308377
threshold=0.32915000000000011 0.46215000000000006 -0.29729999999999995 0.14083577262211036
decision_type=2 2 2 2
left_child=2 -2 -1 -4
right_child=1 -3 3 -5
leaf_value=0.00035515635878801197 0.00091491754590004057 -0.00049394040182036941 -0.0017939610993204494 -0.0046382531213652999
leaf_weight=21 36 21 38 104
leaf_count=21 36 21 38 104
internal_value=-0.00145455 0.00603509 -0.00407362 -0.00574648
internal_weight=220 57 163 142
internal_count=220 57 163 142
is_linear=0
shrinkage=0.08


Tree=28
num_leaves=5
num_cat=0
split_feature=0 2 38 13
split_gain=0.768025 0.679559 0.496248 0.248258
threshold=0.62850000000000017 582847.00000000012 -0.24159999999999998 0.1402824548041621
decision_type=2 2 2 2
left_child=2 -2 -1 -4
right_child=1 -3 3 -5
leaf_value=0.00023837145503954364 0.0002426050405745536 -4.5122753523027286e-05 -0.0015754504140778913 -0.0046651452514818413
leaf_weight=39 21 37 28 95
leaf_count=39 21 37 28 95
internal_value=-0.000727275 0.00717241 -0.00355556 -0.00604878
internal_weight=220 58 162 123
internal_count=220 58 162 123
is_linear=0
shrinkage=0.08


Tree=29
num_leaves=6
num_cat=0
split_feature=30 22 24 0 1
split_gain=0.484232 1.14368 1.09028 0.153488 0.153488
threshold=0.46215000000000006 0.41090000000000004 0.62775000000000014 0.47085000000000005 130200.70000000001
decision_type=2 2 2 2 2
left_child=1 2 4 -2 -1
right_child=3 -3 -4 -5 -6
leaf_value=0.00060813054262932713 -0.0064236738166847333 0.00098261944535689319 0.0036924063508661843 -0.0025213742567361235 -0.0014738195577976775
leaf_weight=20 66 26 22 20 66
leaf_count=20 66 26 22 20 66
internal_value=-0.00145455 0.00155224 -0.00207408 -0.00613954 -0.00613954
internal_weight=220 134 108 86 86
internal_count=220 134 108 86 86
is_linear=0
shrinkage=0.08


Tree=30
num_leaves=5
num_cat=0
split_feature=38 26 10 1
split_gain=0.668625 0.69427 0.457457 0.0418033
threshold=-0.24159999999999998 0.24000000000000002 0.45575593220338989 97646.650000000009
decision_type=2 2 2 2
left_child=-1 -2 3 -3
right_child=1 2 -4 -5
leaf_value=0.00019225562744395631 0.0012510346964695151 -0.0041704968827386488 0.00025127446618506061 -0.0024367657285705485
leaf_weight=39 22 20 37 102
leaf_count=39 22 20 37 102
internal_value=-0.00109091 -0.00313812 -0.00498113 -0.00734426
internal_weight=220 181 159 122
internal_count=220 181 159 122
is_linear=0
shrinkage=0.08


Tree=31
num_leaves=5
num_cat=0
split_feature=18 20 11 1
split_gain=0.775758 1.76458 0.914286 0.385714
threshold=0.55945000000000011 0.30315000000000009 0.13192244176095744 266283.85000000003
decision_type=2 2 2 2
left_child=2 -2 -1 -4
right_child=1 -3 3 -5
leaf_value=0.0042103023847849868 -0.0063307834260776328 0.00023550659771261103 -0.00290723127923324 0.0039163917776528726
leaf_weight=20 28 32 120 20
leaf_count=20 28 32 120 20
internal_value=-0.00109091 0.00666666 -0.004 -0.00628572
internal_weight=220 60 160 140
internal_count=220 60 160 140
is_linear=0
shrinkage=0.08


Tree=32
num_leaves=6
num_cat=0
split_feature=30 36 20 43 30
split_gain=0.813397 1.0778 2.44664 2.88782 0.268057
threshold=0.49585000000000007 0.44980000000000003 0.30315000000000009 0.35405000000000009 0.28130000000000005
decision_type=2 2 2 2 2
left_child=1 2 -1 -4 -3
right_child=-2 4 3 -5 -6
leaf_value=-0.006181367786000618 -0.004903310388686544 -0.00018872923375687958 0.0025012057918692545 0.0025283916168903037 -0.00060142356704774884
leaf_weight=30 68 34 20 23 45
leaf_count=30 68 34 20 23 45
internal_value=-0.000727275 0.00252631 0.00953424 0.0217674 -0.00394937
internal_weight=220 152 73 43 79
internal_count=220 152 73 43 79
is_linear=0
shrinkage=0.08


Tree=33
num_leaves=5
num_cat=0
split_feature=11 24 18 36
split_gain=0.564023 0.327256 0.383986 0.604449
threshold=0.13192244176095744 0.68190000000000006 0.57840000000000014 0.32285000000000003
decision_type=2 2 2 2
left_child=-1 2 -2 -4
right_child=1 -3 3 -5
leaf_value=0.0026316029030676743 -0.0021011893561503916 0.0013622813760853594 -0.0039410179649446101 0.00020601168097896452
leaf_weight=24 122 27 25 22
leaf_count=24 122 27 25 22
internal_value=-0.00290909 -0.00432653 -0.00563314 0.000510636
internal_weight=220 196 169 47
internal_count=220 196 169 47
is_linear=0
shrinkage=0.08


Tree=34
num_leaves=5
num_cat=0
split_feature=43 11 3 26
split_gain=0.600458 0.598049 0.373403 0.239189
threshold=-0.29729999999999995 0.13192244176095744 26.950000000000003 0.58595000000000008
decision_type=2 2 2 2
left_child=-1 -2 3 -3
right_child=1 2 -4 -5
leaf_value=0.00031002857388674537 0.0024210746708222637 -0.0018367243173908368 0.0014153026138106017 -9.2004182856946716e-05
leaf_weight=21 24 118 27 30
leaf_count=21 24 118 27 30
internal_value=-0.00181818 -0.00317588 -0.0048 -0.00637838
internal_weight=220 199 175 148
internal_count=220 199 175 148
is_linear=0
shrinkage=0.08


Tree=35
num_leaves=6
num_cat=0
split_feature=30 22 24 22 0
split_gain=0.608439 0.724168 0.991015 0.32392 0.0383721
threshold=0.46215000000000006 0.41090000000000004 0.62775000000000014 0.24840000000000004 0.47085000000000005
decision_type=2 2 2 2 2
left_child=1 2 3 -1 -2
right_child=4 -3 -4 -5 -6
leaf_value=1.5604918340413637e-05 -0.0048625040978272846 0.00029341794605406682 0.0028711290573794701 -0.00072667666865040489 -0.0013432133158897347
leaf_weight=21 66 26 22 65 20
leaf_count=21 66 26 22 65 20
internal_value=-0.00181818 0.00155224 -0.00133334 -0.0052093 -0.00706977
internal_weight=220 134 108 86 86
internal_count=220 134 108 86 86
is_linear=0
shrinkage=0.08


Tree=36
num_leaves=6
num_cat=0
split_feature=43 26 10 4 1
split_gain=0.600458 0.689582 0.377361 0.225 0.144716
threshold=-0.29729999999999995 0.24000000000000002 0.45575593220338989 97.600000000000009 93561.85000000002
decision_type=2 2 2 2 2
left_child=-1 -2 4 -4 -3
right_child=1 2 3 -5 -6
leaf_value=0.00036671139747661437 0.00025867316670110931 -0.0026317000036179946 -0.001198552674758785 0.00066447120179967899 -0.0017493444536968489
leaf_weight=21 22 23 20 20 114
leaf_count=21 22 23 20 20 114
internal_value=-0.00181818 -0.00317588 -0.00483616 0.002 -0.00683212
internal_weight=220 199 177 40 137
internal_count=220 199 177 40 137
is_linear=0
shrinkage=0.08


Tree=37
num_leaves=6
num_cat=0
split_feature=30 30 2 3 1
split_gain=0.571524 0.905917 0.647575 0.326087 0.0352941
threshold=0.49585000000000007 0.41710000000000008 766192.15000000014 19.550000000000004 184828.70000000004
decision_type=2 2 2 2 2
left_child=1 2 3 -1 -2
right_child=4 -3 -4 -5 -6
leaf_value=7.8288516908872076e-05 -0.0036458880074477576 0.00031647811265250167 0.0029285013984715882 -0.00053461922915404064 -0.0052148658199055141
leaf_weight=32 48 39 21 60 20
leaf_count=32 48 39 21 60 20
internal_value=-0.000727275 0.002 -0.00162832 -0.00452174 -0.00682353
internal_weight=220 152 113 92 68
internal_count=220 152 113 92 68
is_linear=0
shrinkage=0.08


Tree=38
num_leaves=6
num_cat=0
split_feature=12 38 43 2 13
split_gain=0.681818 1.22549 0.987688 0.75 0.153488
threshold=0.43953749017473859 -0.24159999999999998 0.11305000000000005 582847.00000000012 0.14032735711161556
decision_type=2 2 2 2 2
left_child=-1 -2 4 -4 -3
right_child=1 2 3 -5 -6
leaf_value=-0.0019884090378851972 0.00030422012261247146 -0.00065720907363529151 0.0007434182871112596 6.8990607963436703e-05 -0.0032178712487859664
leaf_weight=60 24 20 20 30 66
leaf_count=60 24 20 20 30 66
internal_value=-0.000727275 0.002 -0.000941178 0.008 -0.00613954
internal_weight=220 160 136 50 86
internal_count=220 160 136 50 86
is_linear=0
shrinkage=0.08


Tree=39
num_leaves=6
num_cat=0
split_feature=34 38 22 1 13
split_gain=0.626946 0.657094 1.13778 0.279231 0.276923
threshold=0.24840000000000004 -0.22369999999999995 0.46215000000000006 266283.85000000003 0.1402824548041621
decision_type=2 2 2 2 2
left_child=-1 2 -2 4 -3
right_child=1 3 -4 -5 -6
leaf_value=0.00032899976051510181 0.00027727046225456539 -0.00026139097307076016 -0.0074827395069926392 0.00046289608913995472 -0.0011821305773404836
leaf_weight=25 25 26 20 20 104
leaf_count=25 25 26 20 20 104
internal_value=-0.000727275 -0.00225641 0.00622222 -0.0048 -0.00615385
internal_weight=220 195 45 150 130
internal_count=220 195 45 150 130
is_linear=0
shrinkage=0.08


Tree=40
num_leaves=6
num_cat=0
split_feature=43 43 2 13 44
split_gain=0.534492 0.612184 0.622191 0.254612 0.0403846
threshold=-0.29729999999999995 0.32915000000000011 582847.00000000012 0.14083577262211036 0.76766239367777056
decision_type=2 2 2 2 2
left_child=-1 3 -3 -2 -5
right_child=1 2 -4 4 -6
leaf_value=0.00026553698987693208 -0.001719985372523974 0.00018826801668724954 -0.00011764752788645217 -0.0028379847271443378 -0.00161887300868734
leaf_weight=21 38 20 37 20 84
leaf_count=21 38 20 37 20 84
internal_value=-0.00109091 -0.00237186 0.00463158 -0.0051831 -0.00723077
internal_weight=220 199 57 142 104
internal_count=220 199 57 142 104
is_linear=0
shrinkage=0.08


Tree=41
num_leaves=7
num_cat=0
split_feature=30 36 20 43 30 1
split_gain=0.641739 0.767069 2.15037 2.35875 0.418838 0.0352941
threshold=0.49585000000000007 0.44980000000000003 0.30315000000000009 0.35405000000000009 0.28130000000000005 184828.70000000004
decision_type=2 2 2 2 2 2
left_child=1 2 -1 -4 -3 -2
right_child=5 4 3 -5 -6 -7
leaf_value=-0.0051176887295253702 -0.0029418053849836674 9.0595334435367565e-05 0.0020669602853948411 0.0020466809499378701 -0.00017311836809741428 -0.0044346085471297153
leaf_weight=30 48 34 20 23 45 20
leaf_count=30 48 34 20 23 45 20
internal_value=-0.000363638 0.00252631 0.00843835 0.019907 -0.00293671 -0.00682353
internal_weight=220 152 73 43 79 68
internal_count=220 152 73 43 79 68
is_linear=0
shrinkage=0.08


Tree=42
num_leaves=6
num_cat=0
split_feature=0 32 13 43 1
split_gain=0.289814 0.409622 0.853333 0.3998 0.0815217
threshold=0.39390000000000008 0.40855000000000002 0.15688005466862531 0.40355000000000002 194886.05000000002
decision_type=2 2 2 2 2
left_child=-1 2 -2 4 -3
right_child=1 3 -4 -5 -6
leaf_value=-0.0045290615131911814 0.005833767252426964 -0.0002270844369412509 -0.0021864624839149265 0.0020853572533323563 -3.4051391397633403e-05
leaf_weight=54 30 60 20 24 32
leaf_count=54 30 60 20 24 32
internal_value=-0.00290909 -0.00125301 0.0048 -0.00386207 -0.00626087
internal_weight=220 166 50 116 92
internal_count=220 166 50 116 92
is_linear=0
shrinkage=0.08


Tree=43
num_leaves=5
num_cat=0
split_feature=11 26 22 9
split_gain=0.49352 0.597117 0.154253 0.0434211
threshold=0.1864119616309198 0.24840000000000004 0.24840000000000004 43.500000000000007
decision_type=2 2 2 2
left_child=1 -1 -3 -4
right_child=-2 2 3 -5
leaf_value=0.00076015023424482299 0.001510874327461771 -0.001558113837833145 -0.00049438467434545193 -0.0014376242389864352
leaf_weight=20 28 20 132 20
leaf_count=20 28 20 132 20
internal_value=-0.00363637 -0.00508334 -0.00660465 -0.00747369
internal_weight=220 192 172 152
internal_count=220 192 172 152
is_linear=0
shrinkage=0.08


Tree=44
num_leaves=6
num_cat=0
split_feature=38 42 18 22 0
split_gain=0.611397 0.624046 0.306973 0.172789 2.22045e-16
threshold=0.26300000000000007 0.14656906081624821 0.70650000000000013 0.25270000000000009 0.50880000000000003
decision_type=2 2 2 2 2
left_child=2 -2 3 -1 -5
right_child=1 -3 -4 4 -6
leaf_value=0.000399437561024355 0.002578740977098632 -0.005039076346623558 0.0002154335636638605 -0.001264551489940779 -8.0597923174572473e-05
leaf_weight=20 27 25 21 107 20
leaf_count=20 27 25 21 107 20
internal_value=-0.00327273 0.00430769 -0.00561905 -0.00691157 -0.008
internal_weight=220 52 168 147 127
internal_count=220 52 168 147 127
is_linear=0
shrinkage=0.08


Tree=45
num_leaves=5
num_cat=0
split_feature=38 42 18 11
split_gain=0.376287 0.347826 0.311037 0.173856
threshold=0.28600000000000003 0.14656906081624821 0.70650000000000013 0.13192244176095744
decision_type=2 2 2 2
left_child=2 -2 3 -1
right_child=1 -3 -4 -5
leaf_value=0.00028161851769070712 0.0025142759051662101 -0.0045298641525810691 0.00019819887857075449 -0.00050127679022185967
leaf_weight=20 23 23 21 133
leaf_count=20 23 23 21 133
internal_value=-0.004 0.00243478 -0.00570115 -0.00695425
internal_weight=220 46 174 153
internal_count=220 46 174 153
is_linear=0
shrinkage=0.08


Tree=46
num_leaves=6
num_cat=0
split_feature=0 42 18 30 44
split_gain=0.388412 0.480769 0.296525 0.147002 0.0421875
threshold=0.67910000000000015 0.14643909563383398 0.70650000000000013 0.25045000000000006 0.74056097983922942
decision_type=2 2 2 2 2
left_child=2 -2 3 -1 -5
right_child=1 -3 -4 4 -6
leaf_value=0.00040132156526868521 0.0022067581780763137 -0.0013802057485516462 0.0017326576317492326 -0.0016782453284792326 -0.00071763874026460714
leaf_weight=20 26 26 20 20 108
leaf_count=20 26 26 20 20 108
internal_value=-0.00327273 0.00276923 -0.00514286 -0.00637838 -0.007375
internal_weight=220 52 168 148 128
internal_count=220 52 168 148 128
is_linear=0
shrinkage=0.08


Tree=47
num_leaves=6
num_cat=0
split_feature=30 24 32 0 3
split_gain=0.394345 0.50963 0.543552 0.0394737 0.0352941
threshold=0.44245000000000007 0.65305000000000013 0.40855000000000002 0.50880000000000003 22.900000000000002
decision_type=2 2 2 2 2
left_child=1 2 -1 -2 -4
right_child=3 -3 4 -5 -6
leaf_value=0.0027129088972228394 -0.0017846230201266772 0.0018529245557486395 -0.00054505057337518462 -7.7154293256714526e-05 -0.00030475383652341543
leaf_weight=36 75 21 48 20 20
leaf_count=36 75 21 48 20 20
internal_value=-0.00327273 -0.000320002 -0.00261539 -0.0071579 -0.00682353
internal_weight=220 125 104 95 68
internal_count=220 125 104 95 68
is_linear=0
shrinkage=0.08


Tree=48
num_leaves=5
num_cat=0
split_feature=0 22 13 18
split_gain=0.387879 0.528189 0.188241 0.170588
threshold=0.6765000000000001 0.36690000000000006 0.1402824548041621 0.70650000000000013
decision_type=2 2 2 2
left_child=2 -2 -1 -4
right_child=1 -3 3 -5
leaf_value=-8.4246271970082542e-05 0.001218249261430295 -0.00077391266725419848 -0.0006674037248256819 0.0013831043112803633
leaf_weight=29 26 29 116 20
leaf_count=29 26 29 116 20
internal_value=-0.00363637 0.00218182 -0.00557576 -0.00682353
internal_weight=220 55 165 136
internal_count=220 55 165 136
is_linear=0
shrinkage=0.08


Tree=49
num_leaves=4
num_cat=0
split_feature=24 13 43
split_gain=0.296479 0.287212 0.39375
threshold=0.68190000000000006 0.1402824548041621 -0.29729999999999995
decision_type=2 2 2
left_child=1 -1 -3
right_child=-2 2 -4
leaf_value=4.2011484031360689e-05 0.0010235010545441776 0.0015638831719705128 -0.00040742556741678906
leaf_weight=33 27 20 140
leaf_count=33 27 20 140
internal_value=-0.004 -0.00509845 -0.0065
internal_weight=220 193 160
internal_count=220 193 160
is_linear=0
shrinkage=0.08


Tree=50
num_leaves=6
num_cat=0
split_feature=26 18 34 20 30
split_gain=0.340909 0.27979 0.186313 0.395506 0.64
threshold=0.31960000000000005 0.26810000000000006 0.46860000000000007 0.30315000000000009 0.44980000000000003
decision_type=2 2 2 2 2
left_child=1 -1 -2 -4 -5
right_child=2 -3 3 4 -6
leaf_value=-0.00025170134036662682 -0.0017555949783476521 0.0012334857680957171 -0.0044224155267477321 0.0058353364209890648 -0.00054777717962598601
leaf_weight=31 76 24 44 25 20
leaf_count=31 76 24 44 25 20
internal_value=-0.00327273 0.00218182 -0.00509091 -0.00260674 0.00266666
internal_weight=220 55 165 89 45
internal_count=220 55 165 89 45
is_linear=0
shrinkage=0.08


Tree=51
num_leaves=5
num_cat=0
split_feature=0 22 18 30
split_gain=0.671462 0.412088 0.131789 0.172973
threshold=0.67910000000000015 0.36690000000000006 0.70650000000000013 0.25045000000000006
decision_type=2 2 2 2
left_child=2 -2 3 -1
right_child=1 -3 -4 -5
leaf_value=-2.3449606936826184e-06 0.001134806906648063 -0.00074184304502856666 0.00082245269961653375 -0.00044741697425475669
leaf_weight=20 24 28 20 128
leaf_count=20 24 28 20 128
internal_value=-0.00363637 0.00430769 -0.00609524 -0.00691892
internal_weight=220 52 168 148
internal_count=220 52 168 148
is_linear=0
shrinkage=0.08


Tree=52
num_leaves=5
num_cat=0
split_feature=38 42 43 11
split_gain=0.376287 0.347826 0.311037 0.173856
threshold=0.28600000000000003 0.14656906081624821 -0.29729999999999995 0.13192244176095744
decision_type=2 2 2 2
left_child=2 -2 -1 -4
right_child=1 -3 3 -5
leaf_value=1.1309602488434306e-06 0.0021485517420863146 -0.0040920355924544839 0.00040130429766566778 -0.0007279054451096522
leaf_weight=21 23 23 20 133
leaf_count=21 23 23 20 133
internal_value=-0.004 0.00243478 -0.00570115 -0.00695425
internal_weight=220 46 174 153
internal_count=220 46 174 153
is_linear=0
shrinkage=0.08


Tree=53
num_leaves=6
num_cat=0
split_feature=22 1 24 20 0
split_gain=0.308963 0.400185 0.495839 0.15122 0.0392473
threshold=0.44645000000000007 128246.85000000002 0.65305000000000013 0.32315000000000005 0.50880000000000003
decision_type=2 2 2 2 2
left_child=1 -1 3 -3 -2
right_child=4 2 -4 -5 -6
leaf_value=3.9510560293045039e-05 -0.0016577262418784081 0.00063101976084955602 0.0013333797809602279 -0.00047544522060145362 -9.4136166037185501e-05
leaf_weight=25 73 20 20 62 20
leaf_count=25 73 20 20 62 20
internal_value=-0.00363637 -0.00107087 -0.00329412 -0.00604878 -0.00713979
internal_weight=220 127 102 82 93
internal_count=220 127 102 82 93
is_linear=0
shrinkage=0.08


Tree=54
num_leaves=6
num_cat=0
split_feature=22 24 1 38 42
split_gain=0.450251 0.860222 0.280189 0.122653 0.168504
threshold=0.36205000000000004 0.57840000000000014 140421.35000000001 -0.29099999999999987 0.14381419954098415
decision_type=2 2 2 2 2
left_child=1 2 -1 -2 -5
right_child=3 -3 -4 4 -6
leaf_value=0.0004598801389146251 0.00060064680731119818 0.001226709398483407 -0.00066947136321255556 -0.0013397302139778145 -0.00060786884886356832
leaf_weight=20 20 20 33 20 107
leaf_count=20 20 20 33 20 107
internal_value=-0.00327273 0.00186301 -0.0034717 -0.00582313 -0.00674016
internal_weight=220 73 53 147 127
internal_count=220 73 53 147 127
is_linear=0
shrinkage=0.08


Tree=55
num_leaves=4
num_cat=0
split_feature=43 24 42
split_gain=0.428967 0.364008 0.423106
threshold=-0.29729999999999995 0.68190000000000006 0.14381419954098415
decision_type=2 2 2
left_child=-1 2 -2
right_child=1 -3 -4
leaf_value=4.6509211259016972e-05 0.00011933337648777882 0.00067501478401407375 -0.00036324221378938079
leaf_weight=21 31 27 141
leaf_count=21 31 27 141
internal_value=-0.00363637 -0.00478392 -0.00613954
internal_weight=220 199 172
internal_count=220 199 172
is_linear=0
shrinkage=0.08


Tree=56
num_leaves=5
num_cat=0
split_feature=43 26 18 30
split_gain=0.400758 0.511652 0.27979 0.172222
threshold=-0.29729999999999995 0.31960000000000005 0.26810000000000006 0.24285000000000004
decision_type=2 2 2 2
left_child=-1 2 -2 -3
right_child=1 3 -4 -5
leaf_value=4.2788474358293914e-05 -0.00025193150837853734 0.00015067915264984743 0.00076310426747011313 -0.00078454060448333754
leaf_weight=21 31 20 24 124
leaf_count=21 31 20 24 124
internal_value=-0.00327273 -0.00438191 0.00218182 -0.00688889
internal_weight=220 199 55 144
internal_count=220 199 55 144
is_linear=0
shrinkage=0.08


Tree=57
num_leaves=7
num_cat=0
split_feature=36 36 0 2 1 2
split_gain=0.470314 0.500321 1.10437 0.625 0.457521 0.0352941
threshold=0.32285000000000003 0.44245000000000007 0.39390000000000008 556675.40000000014 132388.45000000004 724947.20000000007
decision_type=2 2 2 2 2 2
left_child=-1 2 -2 -4 -3 -6
right_child=1 4 3 -5 5 -7
leaf_value=-0.0035754853352833438 -0.0017170802780808589 4.8739412882891778e-05 0.003520207178398771 0.00027705175610836716 -0.00042629321366244663 -0.00010825338898209264
leaf_weight=58 23 31 20 20 48 20
leaf_count=58 23 31 20 20 48 20
internal_value=-0.00181818 0.00039506 0.00596825 0.014 -0.00315152 -0.00682353
internal_weight=220 162 63 40 99 68
internal_count=220 162 63 40 99 68
is_linear=0
shrinkage=0.08


Tree=58
num_leaves=7
num_cat=0
split_feature=43 34 34 10 1 11
split_gain=0.321886 0.314699 0.459864 0.266327 0.260493 0.0404762
threshold=-0.29729999999999995 0.35200000000000004 0.30525000000000008 0.43583583333333337 93561.85000000002 0.13328590913632651
decision_type=2 2 2 2 2 2
left_child=-1 2 3 -2 -3 -6
right_child=1 4 -4 -5 5 -7
leaf_value=0.00016267937424928276 0.00016528568541476261 -0.00021779212547557201 5.5358377635093017e-05 -0.00060066607578467283 -0.0019183892254665046 -0.00070672755682669964
leaf_weight=21 20 24 21 29 20 85
leaf_count=21 20 24 21 29 20 85
internal_value=-0.00218182 -0.00317588 0.00114286 -0.00310204 -0.00551938 -0.0072381
internal_weight=220 199 70 49 129 105
internal_count=220 199 70 49 129 105
is_linear=0
shrinkage=0.08


Tree=59
num_leaves=7
num_cat=0
split_feature=20 20 38 1 2 0
split_gain=0.347283 0.844216 0.41915 0.618947 0.284053 0.0295918
threshold=0.30315000000000009 0.35465000000000008 -0.035449999999999975 147880.80000000002 759170.45000000007 0.67910000000000015
decision_type=2 2 2 2 2 2
left_child=-1 -2 -3 -4 5 -5
right_child=1 2 3 4 -6 -7
leaf_value=-0.0036049750028542111 0.0002221586849341812 -0.00056121225479197588 6.8249263758012952e-05 -0.00027505333629464836 0.00034044918393634933 -0.00036649079063197766
leaf_weight=46 21 53 24 29 27 20
leaf_count=46 21 53 24 29 27 20
internal_value=-0.00181818 -0.00018391 -0.00224837 0.000799998 -0.00273684 -0.00636735
internal_weight=220 174 153 100 76 49
internal_count=220 174 153 100 76 49
is_linear=0
shrinkage=0.08


Tree=60
num_leaves=6
num_cat=0
split_feature=43 24 42 1 9
split_gain=0.347218 0.269436 0.295075 0.13498 0.0416667
threshold=-0.29729999999999995 0.68190000000000006 0.14381419954098415 97646.650000000009 48.500000000000007
decision_type=2 2 2 2 2
left_child=-1 2 -2 -4 -5
right_child=1 -3 3 4 -6
leaf_value=0.00027906515139549531 3.4951219688138874e-05 0.0003670660639595617 -0.00080210779286507842 -0.0002608655992695019 -0.00020921362712891911
leaf_weight=21 31 27 21 100 20
leaf_count=21 31 27 21 100 20
internal_value=-0.00254546 -0.00357789 -0.00474419 -0.00629787 -0.00733334
internal_weight=220 199 172 141 120
internal_count=220 199 172 141 120
is_linear=0
shrinkage=0.08


Tree=61
num_leaves=6
num_cat=0
split_feature=42 0 32 26 18
split_gain=0.488366 0.379167 0.976677 0.275735 0.314881
threshold=0.14903521345514451 0.40635000000000004 0.40855000000000002 0.31960000000000005 0.27995000000000009
decision_type=2 2 2 2 2
left_child=1 -1 -3 4 -4
right_child=-2 2 3 -5 -6
leaf_value=-0.0050841170073161529 1.1655201071710164e-05 0.0015810999954749272 -0.00020219451710695876 -0.00094876414686858343 0.00095015630622081711
leaf_weight=52 28 38 28 54 20
leaf_count=52 28 38 28 54 20
internal_value=-0.000727275 -0.00216667 -1.90735e-09 -0.00407843 0.000333331
internal_weight=220 192 140 102 48
internal_count=220 192 140 102 48
is_linear=0
shrinkage=0.08


Tree=62
num_leaves=6
num_cat=0
split_feature=42 43 0 11 1
split_gain=0.562987 0.626897 0.267442 0.329001 0.0421875
threshold=0.14903521345514451 -0.29234999999999994 0.72450000000000003 0.13141053323396792 101420.25000000001
decision_type=2 2 2 2 2
left_child=1 -1 3 -3 -5
right_child=-2 2 -4 4 -6
leaf_value=0.00035224116848994085 1.0722784985973033e-05 0.0020530096718428112 0.00087414380172314812 -0.003871351496409531 -0.00044329824010698064
leaf_weight=23 28 21 20 20 108
leaf_count=23 28 21 20 20 108
internal_value=-0.00145455 -0.003 -0.00468639 -0.00585235 -0.007375
internal_weight=220 192 169 149 128
internal_count=220 192 169 149 128
is_linear=0
shrinkage=0.08


Tree=63
num_leaves=6
num_cat=0
split_feature=43 42 0 11 1
split_gain=0.358404 0.585494 0.267442 0.329001 0.0421875
threshold=-0.29234999999999994 0.14903521345514451 0.72450000000000003 0.13141053323396792 101420.25000000001
decision_type=2 2 2 2 2
left_child=-1 2 3 -2 -5
right_child=1 -3 -4 4 -6
leaf_value=0.00023495901485236836 0.0018887688980953827 1.3954933704281586e-05 0.0008042122975852981 -0.0035616433766967673 -0.00040783438089841853
leaf_weight=27 21 24 20 20 108
leaf_count=27 21 24 20 20 108
internal_value=-0.00181818 -0.00302591 -0.00468639 -0.00585235 -0.007375
internal_weight=220 193 169 149 128
internal_count=220 193 169 149 128
is_linear=0
shrinkage=0.08


Tree=64
num_leaves=7
num_cat=0
split_feature=41 1 38 38 4 20
split_gain=0.520999 1.05997 0.2849 0.234117 0.102439 0.0391304
threshold=0.49518333333333342 147880.80000000002 0.30520000000000008 -0.24159999999999998 114.19500000000001 0.59875
decision_type=2 2 2 2 2 2
left_child=2 -2 3 -1 -3 -5
right_child=1 4 -4 5 -6 -7
leaf_value=0.00041646455646481007 0.00012433604656106507 -0.00078841451910172024 0.0010386878805491481 -0.0012997206337899763 -0.0004963939266051828 -4.5130549011071308e-05
leaf_weight=25 35 21 27 72 20 20
leaf_count=25 35 21 27 72 20 20
internal_value=-0.000727275 0.00463158 -0.00355556 -0.00526496 -0.00409756 -0.00713044
internal_weight=220 76 144 117 41 92
internal_count=220 76 144 117 41 92
is_linear=0
shrinkage=0.08


Tree=65
num_leaves=7
num_cat=0
split_feature=41 1 2 2 44 39
split_gain=0.586184 1.15632 1.02887 0.402657 0.206584 0.423497
threshold=0.49518333333333342 181541.00000000003 461649.75000000006 759170.45000000007 0.8386888283584516 0.48907711864406783
decision_type=2 2 2 2 2 2
left_child=3 2 -2 4 5 -1
right_child=1 -3 -4 -5 -6 -7
leaf_value=-0.0033740415321938332 2.6828012824674023e-05 -0.0034752984416760386 7.3329098109895657e-05 0.00048960675916948863 -0.00147593557509865 0.00079850685309854367
leaf_weight=31 29 26 21 21 62 30
leaf_count=31 29 26 21 21 62 30
internal_value=-1.90735e-09 0.00568421 0.0128 -0.003 -0.00474797 -0.00144262
internal_weight=220 76 50 144 123 61
internal_count=220 76 50 144 123 61
is_linear=0
shrinkage=0.08


Tree=66
num_leaves=7
num_cat=0
split_feature=36 18 26 12 41 3
split_gain=0.60035 1.37038 0.427611 0.584416 0.354193 0.0327586
threshold=0.32285000000000003 0.57405000000000006 0.31960000000000005 0.44092953565830728 0.49518333333333342 15.250000000000002
decision_type=2 2 2 2 2 2
left_child=5 2 3 -2 -4 -1
right_child=1 -3 4 -5 -6 -7
leaf_value=-0.0035505658718526655 0.00026956074250273379 0.00022448483832416115 -0.0018192785096711036 -0.0001424227773080063 2.4681771798697306e-05 -0.0016602298048238673
leaf_weight=20 20 26 52 35 29 38
leaf_count=20 20 26 52 35 29 38
internal_value=0.000363634 0.0028642 -0.000352943 0.00509091 -0.00404938 -0.00662069
internal_weight=220 162 136 55 81 58
internal_count=220 162 136 55 81 58
is_linear=0
shrinkage=0.08


Tree=67
num_leaves=8
num_cat=0
split_feature=28 39 13 40 42 18 2
split_gain=1.06869 0.417027 0.515486 1.04299 0.697543 0.132203 0.0282609
threshold=0.68190000000000006 0.48849190865093778 0.15794134739314961 0.14956297063102542 0.14424758464826279 0.48530000000000001 634496.90000000014
decision_type=2 2 2 2 2 2 2
left_child=1 -1 3 4 -3 -6 -4
right_child=-2 2 6 -5 5 -7 -8
leaf_value=-0.0034655460489987221 0.00010647194116594411 0.0018306241106253013 -0.0024367285015796454 0.0011655567810342465 -0.0018102236900590994 2.3227912379937195e-06 -0.004520317999552965
leaf_weight=44 22 20 26 29 39 20 20
leaf_count=44 22 20 26 29 39 20 20
internal_value=0.000727271 -0.00113132 0.000831167 0.00385185 -0.000911394 -0.00528814 -0.00626087
internal_weight=220 198 154 108 79 59 46
internal_count=220 198 154 108 79 59 46
is_linear=0
shrinkage=0.08


Tree=68
num_leaves=6
num_cat=0
split_feature=28 26 36 10 22
split_gain=0.654545 0.593596 0.950722 0.235943 0.155008
threshold=0.68190000000000006 0.51125000000000009 0.28190000000000009 0.42891312500000006 0.36205000000000004
decision_type=2 2 2 2 2
left_child=1 3 -3 -1 -5
right_child=-2 2 -4 4 -6
leaf_value=1.2937703644598593e-05 9.7954185872670057e-05 -0.0029660149509228486 0.00051115940887008857 -7.4156416735104175e-05 -0.0022748819505615599
leaf_weight=31 22 29 36 37 65
leaf_count=31 22 29 36 37 65
internal_value=0.000727271 -0.000727275 0.00553846 -0.00378948 -0.00564706
internal_weight=220 198 65 133 102
internal_count=220 198 65 133 102
is_linear=0
shrinkage=0.08


Tree=69
num_leaves=7
num_cat=0
split_feature=43 28 11 13 44 26
split_gain=0.651609 0.733658 0.302022 0.279233 0.392647 0.373415
threshold=-0.29729999999999995 0.68190000000000006 0.1324881047245785 0.149600981097566 0.83176071738769608 0.31960000000000005
decision_type=2 2 2 2 2 2
left_child=-1 2 -2 -4 -5 -6
right_child=1 -3 3 4 5 -7
leaf_value=0.00011576047382189161 0.0006114922015316393 9.0117851002857123e-05 -0.0046754427531548624 5.3329558191853745e-05 5.7275809260699485e-05 -0.0021888887818655189
leaf_weight=21 29 22 50 25 27 46
leaf_count=21 29 22 50 25 27 46
internal_value=0.00145454 4.01991e-05 -0.00167232 -0.00313514 -0.000653063 -0.00361644
internal_weight=220 199 177 148 98 73
internal_count=220 199 177 148 98 73
is_linear=0
shrinkage=0.08


Tree=70
num_leaves=8
num_cat=0
split_feature=0 24 40 10 28 34 24
split_gain=0.64832 0.798913 0.782609 0.526379 0.392775 0.543472 0.93487
threshold=0.33910000000000007 0.38790000000000008 0.14956297063102542 0.42925122807017546 0.42095000000000005 0.30525000000000008 0.49585000000000007
decision_type=2 2 2 2 2 2 2
left_child=-1 2 -2 -3 -5 -6 -7
right_child=1 3 -4 4 5 6 -8
leaf_value=-0.003867271260056016 -4.8139548059724144e-05 0.00024995768687358745 0.00065978637214600248 -0.0021861270035595905 -0.00012399519071785336 -0.00074142949643467846 0.00033633337005966354
leaf_weight=36 23 25 23 40 24 29 20
leaf_count=36 23 25 23 40 24 29 20
internal_value=0.00181818 0.00373913 0.0128696 0.00069565 -0.00162832 0.00186301 0.00669388
internal_weight=220 184 46 138 113 73 49
internal_count=220 184 46 138 113 73 49
is_linear=0
shrinkage=0.08


Tree=71
num_leaves=7
num_cat=0
split_feature=0 42 30 12 30 0
split_gain=0.857316 0.716121 1.22817 0.538677 0.31746 0.104762
threshold=0.38735000000000003 0.14643909563383398 0.41090000000000004 0.44280870306370262 0.37700000000000006 0.5273500000000001
decision_type=2 2 2 2 2 2
left_child=-1 2 3 5 -3 -2
right_child=1 4 -4 -5 -6 -7
leaf_value=-0.001998950382390017 -0.0023049609606704807 2.1753968988342428e-05 0.00045773735493664149 0.0023195010758491723 -0.0021293593699222672 -0.00016936413486346621
leaf_weight=51 22 28 38 26 35 20
leaf_count=51 22 28 38 26 35 20
internal_value=0.00109091 0.00383432 0.00784905 0.00141176 -0.00292064 -0.00419048
internal_weight=220 169 106 68 63 42
internal_count=220 169 106 68 63 42
is_linear=0
shrinkage=0.08


Tree=72
num_leaves=6
num_cat=0
split_feature=43 40 13 43 1
split_gain=0.86252 0.410543 0.346751 0.257143 0.0388889
threshold=-0.28749999999999992 0.15405805558317673 0.1402824548041621 0.32915000000000011 97646.650000000009
decision_type=2 2 2 2 2
left_child=-1 2 -2 4 -4
right_child=1 -3 3 -5 -6
leaf_value=0.00015003543547707754 0.00030280525399251551 8.6353015873987879e-05 -0.0017879677871075143 1.228093643041172e-05 -0.001010577905580384
leaf_weight=30 32 32 20 36 70
leaf_count=30 32 32 20 36 70
internal_value=0.000727271 -0.00126316 -0.00293671 -0.0048254 -0.00711111
internal_weight=220 190 158 126 90
internal_count=220 190 158 126 90
is_linear=0
shrinkage=0.08


Tree=73
num_leaves=7
num_cat=0
split_feature=43 42 13 38 1 2
split_gain=0.576156 0.320889 0.313728 0.402927 0.0552874 0.106977
threshold=-0.28749999999999992 0.1484526375438518 0.1402824548041621 0.35730000000000006 128246.85000000002 305872.05000000005
decision_type=2 2 2 2 2 2
left_child=-1 2 -2 4 5 -4
right_child=1 -3 3 -5 -6 -7
leaf_value=0.0001380326006389102 0.0002785808336731146 9.2361624365167321e-05 -0.002517123856015734 0.00025133987420396296 -0.00024565479813683808 -0.0045276212722559373
leaf_weight=30 32 27 23 25 63 20
leaf_count=30 32 27 23 25 63 20
internal_value=0.000363634 -0.00126316 -0.00260123 -0.00433588 -0.00649057 -0.00427907
internal_weight=220 190 163 131 106 43
internal_count=220 190 163 131 106 43
is_linear=0
shrinkage=0.08


Tree=74
num_leaves=7
num_cat=0
split_feature=0 32 44 1 12 11
split_gain=0.512253 0.505929 0.324086 0.431525 0.272541 0.127764
threshold=0.33910000000000007 0.32685000000000003 1.0835549437572818 128246.85000000002 0.43975285714285722 0.18327866581160038
decision_type=2 2 2 2 2 2
left_child=-1 -2 3 -3 -5 -6
right_child=1 2 -4 4 5 -7
leaf_value=-0.0032329181492186084 0.00024972152881603995 0.00043030290269309315 0.00028108207048921661 2.263794519581326e-05 -0.000229283126264383 -0.00017094130321414675
leaf_weight=36 22 31 29 28 52 22
leaf_count=36 22 31 29 28 52 22
internal_value=0.000727271 0.00243478 0.000888887 -0.000781957 -0.00329412 -0.00583784
internal_weight=220 184 162 133 102 74
internal_count=220 184 162 133 102 74
is_linear=0
shrinkage=0.08


Tree=75
num_leaves=8
num_cat=0
split_feature=0 13 40 20 28 30 0
split_gain=0.601186 0.549289 0.87734 1.24654 0.442303 0.355443 0.0272727
threshold=0.33910000000000007 0.15901475254439459 0.14956297063102542 0.41935000000000006 0.59875 0.41090000000000004 0.54225000000000012
decision_type=2 2 2 2 2 2 2
left_child=-1 2 4 -4 5 6 -2
right_child=1 -3 3 -5 -6 -7 -8
leaf_value=-0.0029742846972811193 -0.0037754470002881791 -0.0016566674552950329 0.0022669084173285651 1.7338723573293701e-05 0.00069382196214218153 0.00011967904532075521 -0.00035235462717609294
leaf_weight=36 24 35 22 24 20 39 20
leaf_count=36 24 35 22 24 20 39 20
internal_value=0.00145454 0.00330435 0.00542282 0.0146087 0.00132039 -0.00125301 -0.00618182
internal_weight=220 184 149 46 103 83 44
internal_count=220 184 149 46 103 83 44
is_linear=0
shrinkage=0.08


Tree=76
num_leaves=7
num_cat=0
split_feature=36 0 36 9 36 1
split_gain=0.556818 0.505435 0.532063 0.910607 1.28364 0.294243
threshold=0.68495000000000006 0.41315000000000007 0.44245000000000007 46.500000000000007 0.28190000000000009 142843.20000000004
decision_type=2 2 2 2 2 2
left_child=1 -1 3 4 -3 -4
right_child=-2 2 5 -5 -6 -7
leaf_value=-0.0010153643467040892 0.00016093987665471421 -0.0051106611756263666 0.00038630434724768901 -0.0018037606992212663 0.0018689618096108193 -0.0001513700600478525
leaf_weight=62 20 20 21 22 29 46
leaf_count=62 20 20 21 22 29 46
internal_value=-0.000727275 -0.002 0.00069565 0.00552112 0.0115918 -0.00441791
internal_weight=220 200 138 71 49 67
internal_count=220 200 138 71 49 67
is_linear=0
shrinkage=0.08


Tree=77
num_leaves=6
num_cat=0
split_feature=36 43 34 42 40
split_gain=0.589091 0.326667 1.15043 0.299438 0.190326
threshold=0.68495000000000006 -0.25354999999999989 0.60600000000000009 0.14381419954098415 0.15227143021961917
decision_type=2 2 2 2 2
left_child=1 2 -1 -3 -5
right_child=-2 3 -4 4 -6
leaf_value=0.00079530139593891706 0.00014806468652234106 0.00050605866372551019 -0.0011692206054874942 -0.00036192332104581059 -3.7162537507355405e-05
leaf_weight=23 20 29 27 87 34
leaf_count=23 20 29 27 87 34
internal_value=-0.00109091 -0.0024 0.0032 -0.00426667 -0.00601653
internal_weight=220 200 50 150 121
internal_count=220 200 50 150 121
is_linear=0
shrinkage=0.08


Tree=78
num_leaves=7
num_cat=0
split_feature=36 13 11 38 34 10
split_gain=0.589091 0.494143 0.42353 0.108092 0.240698 0.040099
threshold=0.68495000000000006 0.1402824548041621 0.1864119616309198 -0.19319999999999998 0.58595000000000008 0.45415423076923084
decision_type=2 2 2 2 2 2
left_child=1 -1 3 4 -3 -5
right_child=-2 2 -4 5 -6 -7
leaf_value=0.00046133149117797437 0.00013621951160055812 0.00010083062783781252 0.0013222942217442912 -0.00011824631339147012 -0.0015188665653533551 -0.00053196995352883453
leaf_weight=33 20 20 23 81 23 20
leaf_count=33 20 20 23 81 23 20
internal_value=-0.00109091 -0.0024 -0.00416767 -0.00577778 -0.00241861 -0.00720792
internal_weight=220 200 167 144 43 101
internal_count=220 200 167 144 43 101
is_linear=0
shrinkage=0.08


Tree=79
num_leaves=6
num_cat=0
split_feature=28 42 41 40 0
split_gain=0.933838 0.305556 0.354434 0.473485 0.0415254
threshold=0.68190000000000006 0.14381419954098415 0.4929228741252038 0.14956297063102542 0.72450000000000003
decision_type=2 2 2 2 2
left_child=1 -1 3 -3 -4
right_child=-2 2 4 -5 -6
leaf_value=0.00044532183498112237 0.00011668643997692502 -0.0019834133920965231 -0.0001030820923124033 0.0013015476375433674 -0.0017563322691411672
leaf_weight=36 22 20 98 24 20
leaf_count=36 22 20 98 24 20
internal_value=-0.00181818 -0.00355556 -0.00503704 0.00109091 -0.00732204
internal_weight=220 198 162 44 118
internal_count=220 198 162 44 118
is_linear=0
shrinkage=0.08


Tree=80
num_leaves=6
num_cat=0
split_feature=36 42 40 13 0
split_gain=0.656364 0.273225 0.329425 0.724736 0.0303922
threshold=0.68495000000000006 0.14381419954098415 0.14956297063102542 0.15664062453862657 0.71235000000000015
decision_type=2 2 2 2 2
left_child=1 -1 -3 -4 -5
right_child=-2 2 3 4 -6
leaf_value=0.00040969608818263131 0.00011598703547435296 -0.00051596425126246867 0.00096705072496695345 -0.00014925098938484708 -0.0027254994992634298
leaf_weight=36 20 86 27 31 20
leaf_count=36 20 86 27 31 20
internal_value=-0.00181818 -0.0032 -0.00458537 -0.000820515 -0.00643137
internal_weight=220 200 164 78 51
internal_count=220 200 164 78 51
is_linear=0
shrinkage=0.08


Tree=81
num_leaves=8
num_cat=0
split_feature=26 36 34 42 11 10 0
split_gain=0.614251 1.225 0.290371 0.403491 0.436364 0.1 0.0373418
threshold=0.51125000000000009 0.32285000000000003 0.35200000000000004 0.14643909563383398 0.14945392112557632 0.44216104519774019 0.50665000000000016
decision_type=2 2 2 2 2 2 2
left_child=2 5 3 4 -1 -2 -4
right_child=1 -3 6 -5 -6 -7 -8
leaf_value=-0.00041720208349173748 -0.00014372145173347512 0.00011023219110423107 -0.0016136129494245251 -0.00013736260069574299 0.00027601480376258903 -0.0011036186844569742 -0.0011666247500264745
leaf_weight=20 20 32 59 25 24 20 20
leaf_count=20 20 32 59 25 24 20 20
internal_value=-0.000727275 0.00533333 -0.00367568 0.00011594 0.00472727 -0.004 -0.00698734
internal_weight=220 72 148 69 44 40 79
internal_count=220 72 148 69 44 40 79
is_linear=0
shrinkage=0.08


Tree=82
num_leaves=7
num_cat=0
split_feature=28 26 36 42 40 10
split_gain=0.729293 0.516209 1.12154 0.159589 0.197138 0.1
threshold=0.68190000000000006 0.51125000000000009 0.32285000000000003 0.14378958888987353 0.15227143021961917 0.44216104519774019
decision_type=2 2 2 2 2 2
left_child=1 3 5 -1 -5 -3
right_child=-2 2 -4 4 -6 -7
leaf_value=-0.00031008464521276773 0.00010141361686616652 -0.00013222373559479758 0.0021118393520978941 -0.00046563650492640213 -3.4242289302501546e-05 -0.001015329189700417
leaf_weight=26 22 20 25 75 32 20
leaf_count=26 22 20 25 75 32 20
internal_value=-1.90735e-09 -0.00153536 0.00430769 -0.00439098 -0.00575701 -0.004
internal_weight=220 198 65 133 107 40
internal_count=220 198 65 133 107 40
is_linear=0
shrinkage=0.08


Tree=83
num_leaves=7
num_cat=0
split_feature=28 11 11 20 40 10
split_gain=0.485354 0.371899 0.440455 0.196345 0.444444 0.0402913
threshold=0.68190000000000006 0.1864119616309198 0.1324881047245785 0.34420000000000006 0.1484941574352043 0.45415423076923084
decision_type=2 2 2 2 2 2
left_child=1 2 -1 4 -4 -5
right_child=-2 -3 3 5 -6 -7
leaf_value=0.00054026866337322701 9.3300527516868977e-05 0.0014274511934571513 -0.0017978276242420477 -0.00019085987109736913 0.0001104235611512714 -0.00061765437321670714
leaf_weight=30 22 20 25 83 20 20
leaf_count=30 22 20 25 83 20 20
internal_value=-0.00109091 -0.00234344 -0.00350562 -0.0052973 -0.000888891 -0.0072233
internal_weight=220 198 178 148 45 103
internal_count=220 198 178 148 45 103
is_linear=0
shrinkage=0.08


Tree=84
num_leaves=6
num_cat=0
split_feature=44 36 22 22 2
split_gain=0.395725 0.283907 0.199024 0.388454 0.124902
threshold=1.0835549437572818 0.60930000000000006 0.42410000000000009 0.47310000000000002 412152.80000000005
decision_type=2 2 2 2 2
left_child=1 2 -1 -4 -5
right_child=-2 -3 3 4 -6
leaf_value=-0.00017093989241289388 0.00015619111647305017 8.4074423981067114e-05 0.00059576468950394855 -0.00090242458011182336 -1.3256842406841087e-05
leaf_weight=68 34 36 21 40 21
leaf_count=68 34 36 21 40 21
internal_value=-0.00181818 -0.00326882 -0.0048 -0.00214634 -0.00537705
internal_weight=220 186 150 82 61
internal_count=220 186 150 82 61
is_linear=0
shrinkage=0.08


Tree=85
num_leaves=6
num_cat=0
split_feature=36 40 13 42 2
split_gain=0.307273 0.26338 0.854785 0.489526 0.121569
threshold=0.68495000000000006 0.14956297063102542 0.15664062453862657 0.14381419954098415 598738.50000000012
decision_type=2 2 2 2 2
left_child=1 3 -3 -1 -4
right_child=-2 2 4 -5 -6
leaf_value=0.00036233823024189665 8.1412195055337102e-05 0.00081062179473746884 -0.00035596177506036378 -0.00045570445976583253 -0.0014072004842738159
leaf_weight=36 20 27 31 86 20
leaf_count=36 20 27 31 86 20
internal_value=-0.00145455 -0.0024 0.00123077 -0.00472131 -0.00486275
internal_weight=220 200 78 122 51
internal_count=220 200 78 122 51
is_linear=0
shrinkage=0.08


Tree=86
num_leaves=7
num_cat=0
split_feature=0 44 42 28 41 9
split_gain=0.548682 0.529934 0.471594 0.420892 0.299555 0.0371795
threshold=0.38735000000000003 1.0352542397815079 0.1440337169553117 0.68190000000000006 0.49295635715709735 10.500000000000002
decision_type=2 2 2 2 2 2
left_child=-1 2 -2 4 -4 -6
right_child=1 -3 3 -5 5 -7
leaf_value=-0.00080387640185615699 0.00088139928400028731 0.00023153386554064013 0.0016819583986894316 6.9073436274514786e-05 -8.1649109926186186e-05 -0.0005333699424668061
leaf_weight=51 22 29 20 20 20 58
leaf_count=51 22 29 20 20 20 58
internal_value=-0.000727275 0.00146745 -0.00057143 -0.00257627 -0.0047347 -0.00697436
internal_weight=220 169 140 118 98 78
internal_count=220 169 140 118 98 78
is_linear=0
shrinkage=0.08


Tree=87
num_leaves=7
num_cat=0
split_feature=0 32 44 42 40 10
split_gain=0.430435 0.586176 0.413012 0.331454 0.228571 0.15
threshold=0.33910000000000007 0.32685000000000003 1.0835549437572818 0.14391113987529222 0.1534828897351356 0.44132543859649126
decision_type=2 2 2 2 2 2
left_child=-1 -2 3 -3 5 -5
right_child=1 2 -4 4 -6 -7
leaf_value=-0.0023758592412725316 6.6305497522788277e-05 0.00087942493828073118 0.00021301115629738851 -5.6055378269668882e-05 -1.7723069307145745e-06 -0.00028326103468412752
leaf_weight=36 22 21 29 20 32 60
leaf_count=36 22 21 29 20 32 60
internal_value=-1.90735e-09 0.00156522 -9.87673e-05 -0.00198496 -0.00371429 -0.006
internal_weight=220 184 162 133 112 80
internal_count=220 184 162 133 112 80
is_linear=0
shrinkage=0.08


Tree=88
num_leaves=8
num_cat=0
split_feature=0 32 30 30 28 2 42
split_gain=0.470455 0.545314 0.267445 0.526304 0.41564 0.251726 0.273485
threshold=0.33910000000000007 0.32685000000000003 0.37815000000000004 0.32155000000000006 0.60930000000000006 538936.10000000009 0.14512861802652896
decision_type=2 2 2 2 2 2 2
left_child=-1 -2 3 4 -3 6 -4
right_child=1 2 5 -5 -6 -7 -8
leaf_value=-0.0021857905019707284 6.1001057720969112e-05 -0.0014558197593307599 0.00035452123642229369 5.9450556064725558e-05 9.9676103697021279e-05 -0.0015673876793992844 -0.0003665259533801799
leaf_weight=36 22 27 20 27 29 35 24
leaf_count=36 22 27 20 27 29 35 24
internal_value=0.000363634 0.002 0.00039506 0.00356626 -0.000857145 -0.00293671 0.00109091
internal_weight=220 184 162 83 56 79 44
internal_count=220 184 162 83 56 79 44
is_linear=0
shrinkage=0.08


Tree=89
num_leaves=7
num_cat=0
split_feature=9 1 44 18 3 0
split_gain=0.435791 0.543478 0.506897 0.404897 0.288583 0.759804
threshold=13.500000000000002 147880.80000000002 1.0835549437572818 0.65305000000000013 17.550000000000004 0.41315000000000007
decision_type=2 2 2 2 2 2
left_child=1 -1 3 4 5 -2
right_child=2 -3 -4 -5 -6 -7
leaf_value=5.7693089424858006e-05 -0.00038724898859536088 -4.3626480810582401e-05 0.0001839186669844346 5.5274744022027785e-05 -0.00045388948335835916 0.0010129290343903871
leaf_weight=23 31 23 29 21 73 20
leaf_count=23 31 23 29 21 73 20
internal_value=0.000727271 0.00765217 -0.00110345 -0.00303448 -0.0047742 -0.000156865
internal_weight=220 46 174 145 124 51
internal_count=220 46 174 145 124 51
is_linear=0
shrinkage=0.08


Tree=90
num_leaves=7
num_cat=0
split_feature=42 13 18 0 30 28
split_gain=0.619912 1.07219 0.879162 0.367277 0.409578 0.2625
threshold=0.14553719024175618 0.15934914778710066 0.40310000000000007 0.42035000000000006 0.41090000000000004 0.56575000000000009
decision_type=2 2 2 2 2 2
left_child=3 2 -2 -1 5 -5
right_child=1 -3 -4 4 -6 -7
leaf_value=-0.0028833227866225919 -8.5926626627643407e-06 -0.0015428292441608408 8.1077019283398686e-05 -0.0015877051933618253 0.0003155306631915793 0.00041975466045949319
leaf_weight=47 32 34 37 28 22 20
leaf_count=47 32 34 37 28 22 20
internal_value=0.00145454 0.00598058 0.0117101 -0.00252992 0.00114286 -0.003
internal_weight=220 103 69 117 70 48
internal_count=220 103 69 117 70 48
is_linear=0
shrinkage=0.08


Tree=91
num_leaves=7
num_cat=0
split_feature=42 13 18 0 30 28
split_gain=0.619912 1.07219 0.879162 0.367277 0.409578 0.2625
threshold=0.14553719024175618 0.15934914778710066 0.40310000000000007 0.42035000000000006 0.41090000000000004 0.56575000000000009
decision_type=2 2 2 2 2 2
left_child=3 2 -2 -1 5 -5
right_child=1 -3 -4 4 -6 -7
leaf_value=-0.0026526569636927868 -7.9052496497457847e-06 -0.0014194029046279747 7.4590857740727229e-05 -0.0014606887778928796 0.00029028821013625403 0.00038617428762273198
leaf_weight=47 32 34 37 28 22 20
leaf_count=47 32 34 37 28 22 20
internal_value=0.00145454 0.00598058 0.0117101 -0.00252992 0.00114286 -0.003
internal_weight=220 103 69 117 70 48
internal_count=220 103 69 117 70 48
is_linear=0
shrinkage=0.08


Tree=92
num_leaves=7
num_cat=0
split_feature=26 28 4 40 42 1
split_gain=0.626597 1.12598 1.08995 0.687159 0.335731 0.152381
threshold=0.51125000000000009 0.28805000000000008 71.780000000000015 0.15227143021961917 0.14378958888987353 216661.90000000002
decision_type=2 2 2 2 2 2
left_child=3 -2 -3 4 -1 -6
right_child=1 2 -4 -5 5 -7
leaf_value=7.0738585852583229e-05 -0.0011414500660499997 4.2014869673941153e-05 0.0029574048117795831 4.0532699196135937e-05 -0.00030286679268139735 -9.8972473502704114e-05
leaf_weight=26 31 20 21 38 64 20
leaf_count=26 31 20 21 38 64 20
internal_value=0.00254545 0.00866666 0.0173659 -0.000432434 -0.00363637 -0.00609524
internal_weight=220 72 41 148 110 84
internal_count=220 72 41 148 110 84
is_linear=0
shrinkage=0.08


Tree=93
num_leaves=7
num_cat=0
split_feature=1 11 30 2 42 40
split_gain=0.762002 0.626436 0.94403 0.825 0.317832 0.151641
threshold=86476.10000000002 0.17405353132410423 0.46860000000000007 505188.00000000006 0.14381419954098415 0.1534828897351356
decision_type=2 2 2 2 2 2
left_child=-1 4 3 -3 -2 -6
right_child=1 2 -4 -5 5 -7
leaf_value=9.3565339475049298e-05 0.00010254533105414424 0.0014651815998224982 -0.0036031235743507295 4.8448803235767498e-05 -0.00019592249647323312 -0.00029480184257465542
leaf_weight=21 29 20 23 24 82 21
leaf_count=21 29 20 23 24 82 21
internal_value=0.000363634 -0.00116583 0.00513433 0.012 -0.00436364 -0.0064466
internal_weight=220 199 67 44 132 103
internal_count=220 199 67 44 132 103
is_linear=0
shrinkage=0.08


Tree=94
num_leaves=6
num_cat=0
split_feature=1 24 42 18 2
split_gain=0.969031 0.26083 0.38449 0.134594 0.0415966
threshold=93561.85000000002 0.68190000000000006 0.14381419954098415 0.68495000000000006 695497.10000000021
decision_type=2 2 2 2 2
left_child=-1 2 -2 4 -4
right_child=1 -3 3 -5 -6
leaf_value=8.9499267934645097e-05 0.00019326947399870165 5.4873204917182975e-05 -0.00011058942171629403 -4.1310417659735912e-06 -0.0011606028170587583
leaf_weight=27 26 27 99 21 20
leaf_count=27 26 27 99 21 20
internal_value=-0.00145455 -0.00344042 -0.00462651 -0.00628572 -0.00732773
internal_weight=220 193 166 140 119
internal_count=220 193 166 140 119
is_linear=0
shrinkage=0.08


Tree=95
num_leaves=6
num_cat=0
split_feature=1 24 42 18 2
split_gain=0.969031 0.26083 0.38449 0.134594 0.0415966
threshold=93561.85000000002 0.68190000000000006 0.14381419954098415 0.68495000000000006 695497.10000000021
decision_type=2 2 2 2 2
left_child=-1 2 -2 4 -4
right_child=1 -3 3 -5 -6
leaf_value=8.2339326499871707e-05 0.00017780791607880365 5.0483348523811005e-05 -0.00010174226797899264 -3.8005584246937607e-06 -0.001067754591694057
leaf_weight=27 26 27 99 21 20
leaf_count=27 26 27 99 21 20
internal_value=-0.00145455 -0.00344042 -0.00462651 -0.00628572 -0.00732773
internal_weight=220 193 166 140 119
internal_count=220 193 166 140 119
is_linear=0
shrinkage=0.08


Tree=96
num_leaves=7
num_cat=0
split_feature=1 44 44 4 0 20
split_gain=0.60672 0.297356 0.149768 0.28448 0.424242 0.265152
threshold=93561.85000000002 1.0835549437572818 0.92243388910403434 76.705000000000027 0.69615000000000016 0.46780000000000005
decision_type=2 2 2 2 2 2
left_child=-1 2 3 -2 5 -5
right_child=1 -3 -4 4 -6 -7
leaf_value=7.5752180379882135e-05 -0.00016367334008442723 5.7938860243497496e-05 -0.00025482415056239535 0.0017424460367665073 -9.4416516567915883e-05 -0.00017347111384103262
leaf_weight=27 41 34 52 20 24 22
leaf_count=27 41 34 52 20 24 22
internal_value=-0.00145455 -0.00302591 -0.00447799 -0.00276636 0.000484847 0.00533333
internal_weight=220 193 159 107 66 42
internal_count=220 193 159 107 66 42
is_linear=0
shrinkage=0.08


Tree=97
num_leaves=7
num_cat=0
split_feature=13 40 42 10 0 10
split_gain=0.374492 0.527469 0.436461 0.109502 0.0350746 0.0346154
threshold=0.15708201300692823 0.14956297063102542 0.14381419954098415 0.43381926536731641 0.71265000000000012 0.4545515482054891
decision_type=2 2 2 2 2 2
left_child=1 2 -1 -4 -2 -5
right_child=4 -3 3 5 -6 -7
leaf_value=0.00019505018659926699 -0.00015937444165112054 0.0002685956862899648 -2.7083408019490368e-05 -0.00075048717804814718 -0.0021756148745524164 -0.00018765025007139307
leaf_weight=36 47 32 20 45 20 20
leaf_count=36 47 32 20 45 20 20
internal_value=-0.00181818 0.000366011 -0.00204959 -0.00517647 -0.00680597 -0.00676923
internal_weight=220 153 121 85 67 65
internal_count=220 153 121 85 67 65
is_linear=0
shrinkage=0.08


Tree=98
num_leaves=6
num_cat=0
split_feature=1 44 42 43 10
split_gain=0.389233 0.334766 0.288333 0.143655 0.0415966
threshold=93561.85000000002 1.0835549437572818 0.14381419954098415 -0.29234999999999994 0.43125122807017552
decision_type=2 2 2 2 2
left_child=-1 2 -2 -4 -5
right_child=1 -3 3 4 -6
leaf_value=6.1196255033510682e-05 4.8403148184035725e-05 5.9353888303738183e-05 0.0011762110076909572 -4.8183125686059084e-05 -0.00017287777532644328
leaf_weight=27 20 34 20 20 99
leaf_count=27 20 34 20 20 99
internal_value=-0.00218182 -0.00344042 -0.00498113 -0.00627338 -0.00732773
internal_weight=220 193 159 139 119
internal_count=220 193 159 139 119
is_linear=0
shrinkage=0.08


Tree=99
num_leaves=6
num_cat=0
split_feature=1 44 39 39 0
split_gain=0.421333 0.374392 0.133465 0.341354 0.0333333
threshold=93561.85000000002 1.0835549437572818 0.49489110169491529 0.49247921052631582 0.52590000000000015
decision_type=2 2 2 2 2
left_child=-1 2 3 4 -2
right_child=1 -3 -4 -5 -6
leaf_value=5.630055463082785e-05 -0.0025961460943995265 5.4605577239439661e-05 -0.0001373216642370423 0.0014707526839819152 -4.4328475631170469e-05
leaf_weight=27 40 34 73 26 20
leaf_count=27 40 34 73 26 20
internal_value=-0.00254546 -0.00385492 -0.00548428 -0.00334884 -0.00666667
internal_weight=220 193 159 86 60
internal_count=220 193 159 86 60
is_linear=0
shrinkage=0.08


Tree=100
num_leaves=7
num_cat=0
split_feature=13 40 42 22 10 10
split_gain=0.307681 0.780533 0.436461 0.140299 0.109502 0.0346154
threshold=0.15708201300692823 0.14956297063102542 0.14381419954098415 0.35025000000000006 0.43381926536731641 0.4545515482054891
decision_type=2 2 2 2 2 2
left_child=1 2 -1 -2 -4 -6
right_child=3 -3 4 -5 5 -7
leaf_value=0.0001701879204268786 -3.7941796047725508e-05 0.00014374312587824356 -1.9167568324997596e-05 -0.001527973415553073 -0.00066563224863920979 -0.00014782227490059671
leaf_weight=36 20 32 20 47 45 20
leaf_count=36 20 32 20 47 45 20
internal_value=-0.00109091 0.000888887 -0.00204959 -0.00561194 -0.00517647 -0.00676923
internal_weight=220 153 121 67 85 65
internal_count=220 153 121 67 85 65
is_linear=0
shrinkage=0.08


Tree=101
num_leaves=7
num_cat=0
split_feature=41 28 43 40 10 0
split_gain=0.376422 0.44181 0.35222 0.263788 0.41947 0.118367
threshold=0.4973772426470589 0.60930000000000006 -0.29234999999999994 0.14323641789800723 0.44132543859649126 0.6896000000000001
decision_type=2 2 2 2 2 2
left_child=1 2 -1 -4 -5 -6
right_child=-2 -3 3 4 5 -7
leaf_value=0.0012261877519699404 -8.0768044775687413e-05 7.6709738317078997e-05 -0.0045224274133100067 9.1984899839470615e-05 -0.00043116761328845652 -3.5561458177023889e-05
leaf_weight=20 49 28 49 25 29 20
leaf_count=20 49 28 49 25 29 20
internal_value=-0.00181818 -4.67855e-05 -0.00184616 -0.00344716 -0.000432434 -0.0047347
internal_weight=220 171 143 123 74 49
internal_count=220 171 143 123 74 49
is_linear=0
shrinkage=0.08


Tree=102
num_leaves=7
num_cat=0
split_feature=1 2 28 20 22 18
split_gain=0.328846 0.322188 0.521148 0.282353 0.416788 0.154545
threshold=93561.85000000002 478633.20000000007 0.56575000000000009 0.42980000000000002 0.39535000000000003 0.62775000000000014
decision_type=2 2 2 2 2 2
left_child=-1 5 3 4 -3 -2
right_child=1 2 -4 -5 -6 -7
leaf_value=3.7615259399356912e-05 -0.00023227809964071361 0.00022649678732920961 5.3911979855694419e-05 -0.00036471552494015671 -0.0003415730582334779 0.001042922441990779
leaf_weight=27 68 23 20 34 28 20
leaf_count=27 68 23 20 34 28 20
internal_value=-0.00145455 -0.0026114 0.00038095 -0.00235294 0.00141176 -0.00618182
internal_weight=220 193 105 85 51 88
internal_count=220 193 105 85 51 88
is_linear=0
shrinkage=0.08


Tree=103
num_leaves=6
num_cat=0
split_feature=41 28 40 41 38
split_gain=0.509566 0.548047 0.438262 0.599106 0.101587
threshold=0.49596723592662878 0.60930000000000006 0.14323641789800723 0.4929228741252038 0.29940000000000005
decision_type=2 2 2 2 2
left_child=1 2 -1 -4 -5
right_child=-2 -3 3 4 -6
leaf_value=-0.0046252175467030119 -8.1379733935631597e-05 9.1251499749463435e-05 0.00016212098550886719 -0.00012374789919906325 -0.00023139503276783471
leaf_weight=46 67 25 37 24 21
leaf_count=46 67 25 37 24 21
internal_value=-0.00218182 0.000366011 -0.00175 0.0017561 -0.00444445
internal_weight=220 153 128 82 45
internal_count=220 153 128 82 45
is_linear=0
shrinkage=0.08


Tree=104
num_leaves=6
num_cat=0
split_feature=42 11 13 28 0
split_gain=0.456917 0.332416 0.734659 0.040991 0.0287234
threshold=0.14381419954098415 0.1723341859072445 0.15625041368991749 0.59875 0.51305000000000012
decision_type=2 2 2 2 2
left_child=-1 3 -3 -2 -4
right_child=1 2 4 -5 -6
leaf_value=0.00012912573834696463 -6.8067803888947851e-05 0.00053959759297136185 -0.00043137818449419179 -8.3527128924046801e-05 -0.00020443812266977065
leaf_weight=36 91 26 27 20 20
leaf_count=36 91 26 27 20 20
internal_value=-0.00290909 -0.00452174 -0.000328769 -0.00727928 -0.00629787
internal_weight=220 184 73 111 47
internal_count=220 184 73 111 47
is_linear=0
shrinkage=0.08


Tree=105
num_leaves=6
num_cat=0
split_feature=11 42 26 13 2
split_gain=0.328127 0.653992 0.309332 0.576376 0.271774
threshold=0.13471811153405602 0.14397379901760524 0.55945000000000011 0.15625041368991749 759170.45000000007
decision_type=2 2 2 2 2
left_child=1 -1 4 -4 -2
right_child=2 -3 3 -5 -6
leaf_value=0.00044385312396310076 -0.00010510075125999308 -0.0036267259268470808 0.0011700204795469914 -0.00017789905783061589 6.0069317623202496e-05
leaf_weight=22 95 26 20 31 26
leaf_count=22 95 26 20 31 26
internal_value=-0.00218182 0.00366666 -0.00381396 0.00141176 -0.00601653
internal_weight=220 48 172 51 121
internal_count=220 48 172 51 121
is_linear=0
shrinkage=0.08


Tree=106
num_leaves=7
num_cat=0
split_feature=13 40 13 22 39 42
split_gain=0.603589 0.337548 0.603763 0.114894 0.0389082 0.11039
threshold=0.14020724240569662 0.15112909732658761 0.15794134739314961 0.39120000000000005 0.49285258620689659 0.14533578256542515
decision_type=2 2 2 2 2 2
left_child=-1 4 -3 -4 -2 -6
right_child=1 2 3 -5 5 -7
leaf_value=0.00030720495419745726 -0.00014994858103788294 0.00020196797611931035 -9.1556111229593948e-06 -0.0013035959368247268 -0.00036625753181106143 -7.8652415245220091e-05
leaf_weight=30 67 20 20 27 22 34
leaf_count=30 67 20 20 27 22 34
internal_value=-0.00254546 -0.00421053 0.000358207 -0.00459575 -0.00669919 -0.00514286
internal_weight=220 190 67 47 123 56
internal_count=220 190 67 47 123 56
is_linear=0
shrinkage=0.08


Tree=107
num_leaves=5
num_cat=0
split_feature=13 11 20 43
split_gain=0.689713 0.369089 0.0734085 0.0398671
threshold=0.14020724240569662 0.1864119616309198 0.57840000000000014 -0.28749999999999992
decision_type=2 2 2 2
left_child=-1 2 3 -2
right_child=1 -3 -4 -5
leaf_value=0.00028262855786166137 -8.3783590454217794e-05 0.00030995817672954668 -2.4866651257381942e-05 -6.8248834836146693e-05
leaf_weight=30 21 28 33 108
leaf_count=30 21 28 33 108
internal_value=-0.00327273 -0.00505263 -0.00651852 -0.00737985
internal_weight=220 190 162 129
internal_count=220 190 162 129
is_linear=0
shrinkage=0.08


Tree=108
num_leaves=5
num_cat=0
split_feature=13 2 18 39
split_gain=0.603589 0.4562 0.216831 0.0422481
threshold=0.14020724240569662 759170.45000000007 0.65305000000000013 0.49957967032967038
decision_type=2 2 2 2
left_child=-1 2 3 -2
right_child=1 -3 -4 -5
leaf_value=0.00026001827323272918 -7.6370763433059624e-05 3.4187689499127539e-06 -4.2483120490235959e-05 -1.9455957577078438e-05
leaf_weight=30 109 32 29 20
leaf_count=30 109 32 29 20
internal_value=-0.00254546 -0.00421053 -0.00597469 -0.00737985
internal_weight=220 190 158 129
internal_count=220 190 158 129
is_linear=0
shrinkage=0.08


Tree=109
num_leaves=6
num_cat=0
split_feature=13 22 2 18 1
split_gain=0.562679 0.435223 0.530143 0.476829 0.033871
threshold=0.14020724240569662 0.44645000000000007 759170.45000000007 0.62775000000000014 134825.25000000003
decision_type=2 2 2 2 2
left_child=-1 2 3 4 -2
right_child=1 -3 -4 -5 -6
leaf_value=0.00023921681137410977 -6.4485937815474234e-05 -0.00010494974567154427 0.00010470838699269786 2.2324903689821882e-05 -0.00012303318695777588
leaf_weight=30 20 86 21 21 42
leaf_count=30 20 86 21 21 42
internal_value=-0.00218182 -0.00378948 -0.000307694 -0.00318072 -0.00670968
internal_weight=220 190 104 83 62
internal_count=220 190 104 83 62
is_linear=0
shrinkage=0.08


Tree=110
num_leaves=7
num_cat=0
split_feature=13 40 13 22 20 26
split_gain=0.562679 0.278198 0.603763 0.114894 0.0909847 0.0396907
threshold=0.14020724240569662 0.15112909732658761 0.15794134739314961 0.39120000000000005 0.57840000000000014 0.58595000000000008
decision_type=2 2 2 2 2 2
left_child=-1 4 -3 -4 5 -2
right_child=1 2 3 -5 -6 -7
leaf_value=0.00022007946646418052 -0.00010895860972199611 0.00017647111116497429 1.1905359758569733e-06 -0.0011944719876552847 -0.00013100739223085729 -5.2692308168099786e-05
leaf_weight=30 77 20 20 27 26 20
leaf_count=30 77 20 20 27 26 20
internal_value=-0.00218182 -0.00378948 0.000358207 -0.00459575 -0.00604878 -0.00717526
internal_weight=220 190 67 47 123 97
internal_count=220 190 67 47 123 97
is_linear=0
shrinkage=0.08


Tree=111
num_leaves=6
num_cat=0
split_feature=26 11 42 2 18
split_gain=0.485354 0.559915 0.385912 0.286304 0.0415254
threshold=0.24000000000000002 0.1864119616309198 0.14381419954098415 695497.10000000021 0.63485000000000014
decision_type=2 2 2 2 2
left_child=-1 2 -2 4 -4
right_child=1 -3 3 -5 -6
leaf_value=1.8513401456070773e-05 3.8359197926249077e-05 0.00071097722100703202 -5.5059352788499717e-05 -0.00024038744223341059 -0.00012208126664416222
leaf_weight=22 34 23 98 23 20
leaf_count=22 34 23 98 23 20
internal_value=-0.00109091 -0.00234344 -0.00388572 -0.0057305 -0.00732204
internal_weight=220 198 175 141 118
internal_count=220 198 175 141 118
is_linear=0
shrinkage=0.08


Tree=112
num_leaves=5
num_cat=0
split_feature=26 2 42 9
split_gain=0.517172 0.313257 0.513968 0.164593
threshold=0.24000000000000002 695497.10000000021 0.14381419954098415 43.500000000000007
decision_type=2 2 2 2
left_child=-1 2 -2 -4
right_child=1 -3 3 -5
leaf_value=1.70323293395837e-05 5.3564920160083197e-05 9.3543231989346823e-05 -5.7147863357861006e-05 -3.0408603778216393e-05
leaf_weight=22 30 32 97 39
leaf_count=22 30 32 97 39
internal_value=-0.00145455 -0.00274748 -0.00414458 -0.0062353
internal_weight=220 198 166 136
internal_count=220 198 166 136
is_linear=0
shrinkage=0.08


Tree=113
num_leaves=6
num_cat=0
split_feature=26 2 42 41 42
split_gain=0.517172 0.313257 0.265438 0.196078 0.257703
threshold=0.24000000000000002 695497.10000000021 0.14381419954098415 0.49304286182132923 0.14529932621746286
decision_type=2 2 2 2 2
left_child=-1 2 -2 4 -4
right_child=1 -3 3 -5 -6
leaf_value=1.5669742992417017e-05 4.9279726547277982e-05 8.6059773430198708e-05 -0.00011889341188283799 -9.7630837868147854e-05 2.3996787482770137e-06
leaf_weight=22 30 32 23 85 28
leaf_count=22 30 32 23 85 28
internal_value=-0.00145455 -0.00274748 -0.00414458 -0.00564706 -0.00172549
internal_weight=220 198 166 136 51
internal_count=220 198 166 136 51
is_linear=0
shrinkage=0.08


Tree=114
num_leaves=6
num_cat=0
split_feature=11 40 13 24 22
split_gain=0.485167 0.250795 0.682224 0.142534 0.128571
threshold=0.1324881047245785 0.14956297063102542 0.15708201300692823 0.47960000000000008 0.36690000000000006
decision_type=2 2 2 2 2
left_child=-1 3 -3 -2 -4
right_child=1 2 4 -5 -6
leaf_value=0.00010891269422222794 -0.00026685628042371631 7.9174991555783835e-05 -2.3147488054371062e-06 -2.4002844594090129e-05 -0.0010010233563405623
leaf_weight=30 63 32 20 39 36
leaf_count=30 63 32 20 39 36
internal_value=-0.00145455 -0.00294737 0.000181816 -0.00564706 -0.00514286
internal_weight=220 190 88 102 56
internal_count=220 190 88 102 56
is_linear=0
shrinkage=0.08


Tree=115
num_leaves=7
num_cat=0
split_feature=36 9 18 26 42 13
split_gain=0.547263 0.429501 0.422025 0.27795 0.372024 0.0393617
threshold=0.59875 34.500000000000007 0.62775000000000014 0.31960000000000005 0.14656906081624821 0.14032735711161556
decision_type=2 2 2 2 2 2
left_child=2 -2 3 4 -1 -5
right_child=1 -3 -4 5 -6 -7
leaf_value=0.00013494830706608265 0.00030843958874613472 -2.6006271731126456e-05 5.3470281340308033e-05 -0.0032496820211553104 -0.0013592476964386299 -0.00014583990540812213
leaf_weight=28 20 21 37 20 20 74
leaf_count=28 20 21 37 20 20 74
internal_value=-0.000727275 0.00760975 -0.00263687 -0.00461972 0.000333331 -0.00714894
internal_weight=220 41 179 142 48 94
internal_count=220 41 179 142 48 94
is_linear=0
shrinkage=0.08


Tree=116
num_leaves=7
num_cat=0
split_feature=13 40 13 44 13 40
split_gain=0.379665 0.540388 0.981818 0.988261 0.111765 0.228571
threshold=0.14020724240569662 0.14956297063102542 0.15934914778710066 0.82257587656192188 0.149600981097566 0.14678191477974725
decision_type=2 2 2 2 2 2
left_child=-1 4 3 -3 -2 -6
right_child=1 2 -4 -5 5 -7
leaf_value=0.00030636413877762003 -0.00062608552175973141 -2.7776885482304271e-05 -0.00054981276281289195 0.00058838343344503317 1.1957981984952975e-06 -0.00066566456096389768
leaf_weight=30 57 21 33 34 21 24
leaf_count=30 57 21 33 34 21 24
internal_value=-0.000363638 -0.00168421 0.00290909 0.00945454 -0.00564706 -0.00266667
internal_weight=220 190 88 55 102 45
internal_count=220 190 88 55 102 45
is_linear=0
shrinkage=0.08


Tree=117
num_leaves=7
num_cat=0
split_feature=34 26 34 3 28 1
split_gain=0.483357 0.417391 0.809704 0.361366 0.245455 0.154545
threshold=0.24840000000000004 0.51125000000000009 0.60600000000000009 22.550000000000004 0.28805000000000008 97646.650000000009
decision_type=2 2 2 2 2 2
left_child=-1 3 -3 5 -4 -2
right_child=1 2 4 -5 -6 -7
leaf_value=3.9008231669208384e-05 -1.8848119221309847e-05 0.00091091055824086913 -0.0018279387610720202 2.2762418289711794e-05 2.9960566549989056e-06 -0.00040692158631382364
leaf_weight=25 20 28 24 35 20 68
leaf_count=25 20 28 24 35 20 68
internal_value=0.000727271 -0.000615387 0.00422222 -0.00344716 -0.00254546 -0.00618182
internal_weight=220 195 72 123 44 88
internal_count=220 195 72 123 44 88
is_linear=0
shrinkage=0.08


Tree=118
num_leaves=6
num_cat=0
split_feature=24 12 18 28 11
split_gain=0.72803 1.0947 0.547049 0.329078 0.187822
threshold=0.47960000000000008 0.44092953565830728 0.31215000000000004 0.60930000000000006 0.1723341859072445
decision_type=2 2 2 2 2
left_child=3 -2 -3 4 -1
right_child=1 2 -4 -5 -6
leaf_value=-0.00066576658744421559 5.4774739538260763e-05 -0.0024892952612908404 4.5866846934455589e-05 2.5097714509363676e-05 -2.3225904794721953e-05
leaf_weight=73 22 28 38 26 33
leaf_count=73 22 28 38 26 33
internal_value=-1.90735e-09 0.00563636 0.000484847 -0.00375758 -0.00573585
internal_weight=220 88 66 132 106
internal_count=220 88 66 132 106
is_linear=0
shrinkage=0.08


Tree=119
num_leaves=7
num_cat=0
split_feature=1 24 4 40 43 2
split_gain=0.58281 0.714359 0.921983 0.48074 0.380952 0.152381
threshold=86476.10000000002 0.47310000000000002 105.855 0.14989445139939253 -0.28749999999999992 525973.50000000012
decision_type=2 2 2 2 2 2
left_child=-1 4 -3 -4 -2 -6
right_child=1 2 3 -5 5 -7
leaf_value=2.9214445324755497e-05 1.7745045222349622e-05 0.00012857033216908629 -0.00089647357389421552 4.9626994218595447e-05 -0.0009120246902520209 -5.3638205793861163e-05
leaf_weight=21 24 32 26 33 64 20
leaf_count=21 24 32 26 33 64 20
internal_value=0.00218182 0.000844219 0.00606593 0.000135591 -0.00355556 -0.00609524
internal_weight=220 199 91 59 108 84
internal_count=220 199 91 59 108 84
is_linear=0
shrinkage=0.08


Tree=120
num_leaves=8
num_cat=0
split_feature=1 4 13 40 34 10 0
split_gain=0.549362 0.790114 0.527385 1.34454 0.787815 0.222727 0.0272727
threshold=96419.200000000026 74.29000000000002 0.15938447139180115 0.14977242898050544 0.28190000000000009 0.453671186440678 0.49185000000000006
decision_type=2 2 2 2 2 2 2
left_child=-1 -2 3 4 -3 6 -6
right_child=1 2 -4 -5 5 -7 -8
leaf_value=2.2274253699535244e-05 -0.00019913457399864363 2.5305892971814286e-05 -0.0013210274623994989 0.00055567685174113472 -0.00054509396160960745 2.9795001659350431e-05 -0.00088923560066453671
leaf_weight=30 42 21 29 34 20 20 24
leaf_count=30 42 21 29 34 20 20 24
internal_value=0.00327273 0.00168421 0.00443243 0.00678991 0.00141176 -0.003 -0.00618182
internal_weight=220 190 148 119 85 64 44
internal_count=220 190 148 119 85 64 44
is_linear=0
shrinkage=0.08


Tree=121
num_leaves=7
num_cat=0
split_feature=36 18 1 26 42 10
split_gain=0.446997 0.728138 0.790771 1.0152 0.788796 0.15122
threshold=0.28190000000000009 0.63485000000000014 96419.200000000026 0.31960000000000005 0.14656906081624821 0.45575593220338989
decision_type=2 2 2 2 2 2
left_child=-1 2 -2 4 -4 -5
right_child=1 -3 3 5 -6 -7
leaf_value=-0.0010053954315240245 2.3561007347357566e-05 0.00014624118467038201 7.8567921035237019e-05 -0.0004000266825429842 -0.0012073234307897701 -5.3407201072908241e-05
leaf_weight=37 24 22 34 62 21 20
leaf_count=37 24 22 34 62 21 20
internal_value=0.00218182 0.00380328 0.00193789 -0.000408761 0.008 -0.00604878
internal_weight=220 183 161 137 55 82
internal_count=220 183 161 137 55 82
is_linear=0
shrinkage=0.08


Tree=122
num_leaves=8
num_cat=0
split_feature=1 24 4 18 26 9 2
split_gain=0.67496 0.86954 0.587999 0.513587 0.905357 0.211897 0.0364865
threshold=96419.200000000026 0.47310000000000002 99.475000000000009 0.26810000000000006 0.32315000000000005 43.500000000000007 505188.00000000006
decision_type=2 2 2 2 2 2 2
left_child=-1 5 -3 -4 -5 6 -2
right_child=1 2 3 4 -6 -7 -8
leaf_value=2.4390188610559302e-05 -0.00075248415217112508 0.00013454188989675105 -0.001037208727498742 0.0001581842323532643 -2.4004102216004286e-05 1.1075611977426581e-05 -6.3266956838463985e-05
leaf_weight=30 54 22 21 20 28 25 20
leaf_count=30 54 22 21 20 28 25 20
internal_value=0.00218182 0.000421051 0.00606593 0.00243478 0.007 -0.00476768 -0.00691892
internal_weight=220 190 91 69 48 99 74
internal_count=220 190 91 69 48 99 74
is_linear=0
shrinkage=0.08


Tree=123
num_leaves=8
num_cat=0
split_feature=36 40 13 13 9 4 1
split_gain=0.582752 0.933216 1.52306 0.445455 0.439547 0.30303 0.154545
threshold=0.59875 0.14956297063102542 0.15708201300692823 0.14013221829097791 34.500000000000007 115.14000000000001 97646.650000000009
decision_type=2 2 2 2 2 2 2
left_child=1 3 -3 -1 -2 -4 -5
right_child=4 2 5 6 -6 -7 -8
leaf_value=0.00012285645657442485 0.00025423953343700568 0.00043678838192984579 -0.001655154556268185 -0.00039983139114652919 2.3226151156638321e-05 2.8129583626332037e-05 -0.00047363450093809326
leaf_weight=22 20 25 20 20 21 24 68
leaf_count=22 20 25 20 20 21 24 68
internal_value=0.00290909 0.000938546 0.00823188 -0.00363637 0.0115122 -0.000727275 -0.00618182
internal_weight=220 179 69 110 41 44 88
internal_count=220 179 69 110 41 44 88
is_linear=0
shrinkage=0.08


Tree=124
num_leaves=8
num_cat=0
split_feature=2 2 44 9 44 44 18
split_gain=0.604191 1.09792 1.04237 0.300142 0.35979 0.4992 0.129825
threshold=463298.30000000005 530263.05000000016 1.0835549437572818 23.500000000000004 0.89325060562819181 0.77064783164122652 0.36205000000000004
decision_type=2 2 2 2 2 2 2
left_child=3 -2 6 -1 5 -5 -3
right_child=1 2 -4 4 -6 -7 -8
leaf_value=-5.2010519996163362e-05 7.1472950798400376e-05 -0.00093179286209427669 0.00024382389414828756 -0.0018948649378434034 -0.0027104177598775391 0.0033197772349988419 -1.1309398674622393e-05
leaf_weight=43 30 37 25 21 21 23 20
leaf_count=43 30 37 25 21 21 23 20
internal_value=0.00145454 0.00557143 0.000780486 -0.00281482 0.000615383 0.00472727 -0.00519298
internal_weight=220 112 82 108 65 44 57
internal_count=220 112 82 108 65 44 57
is_linear=0
shrinkage=0.08


Tree=125
num_leaves=7
num_cat=0
split_feature=2 2 24 44 18 22
split_gain=0.874126 0.595497 1.02797 0.61009 0.217105 0.164706
threshold=414831.15000000008 530263.05000000016 0.42925000000000008 1.0835549437572818 0.32315000000000005 0.43745000000000006
decision_type=2 2 2 2 2 2
left_child=5 2 -2 4 -3 -1
right_child=1 3 -4 -5 -6 -7
leaf_value=-4.8676839969058277e-05 3.0636453134667991e-06 -0.00132748517940962 8.122720288510745e-05 0.00022431798261642456 2.6511357566073095e-05 -0.00044739537825683824
leaf_weight=34 26 33 22 25 24 56
leaf_count=34 26 33 22 25 24 56
internal_value=0.000727271 0.00492308 0.012 0.000780486 -0.00378948 -0.00533334
internal_weight=220 130 48 82 57 90
internal_count=220 130 48 82 57 90
is_linear=0
shrinkage=0.08


Tree=126
num_leaves=8
num_cat=0
split_feature=26 18 3 22 12 1 2
split_gain=0.619908 0.807564 0.35945 0.580389 0.809409 0.12 0.0311321
threshold=0.32315000000000005 0.26810000000000006 20.250000000000004 0.48675000000000007 0.44352303507095076 96419.200000000026 499511.75000000006
decision_type=2 2 2 2 2 2 2
left_child=1 -1 3 4 -2 -5 -4
right_child=2 -3 6 5 -6 -7 -8
leaf_value=-4.012615179904919e-05 -9.4269539309228137e-06 6.1966435793802692e-05 -0.00054410258020478458 -8.4273153153435519e-06 0.00029465146542968031 -0.0014545512089610283 -2.8978215025370715e-05
leaf_weight=31 39 27 20 20 20 30 33
leaf_count=31 39 27 20 20 20 30 33
internal_value=0.00145454 0.00855172 -0.00108642 0.00154128 0.00691525 -0.0048 -0.00649057
internal_weight=220 58 162 109 59 50 53
internal_count=220 58 162 109 59 50 53
is_linear=0
shrinkage=0.08


Tree=127
num_leaves=7
num_cat=0
split_feature=26 18 26 34 1 2
split_gain=0.685059 0.807564 0.445679 0.987734 0.35 0.109091
threshold=0.32315000000000005 0.26810000000000006 0.51125000000000009 0.60600000000000009 97646.650000000009 478633.20000000007
decision_type=2 2 2 2 2 2
left_child=1 -1 4 -4 -2 -5
right_child=2 -3 3 5 -6 -7
leaf_value=-3.6916059655125427e-05 5.0340460233700096e-06 5.7009120930297537e-05 0.00086372734968810704 -0.00043657743027019713 -0.00055134968596959376 2.0940236300413375e-06
leaf_weight=31 20 27 28 24 70 20
leaf_count=31 20 27 28 24 70 20
internal_value=0.00109091 0.00855172 -0.00158025 0.00311111 -0.00533334 -0.00436364
internal_weight=220 58 162 72 90 44
internal_count=220 58 162 72 90 44
is_linear=0
shrinkage=0.08


Tree=128
num_leaves=7
num_cat=0
split_feature=0 22 42 40 11 4
split_gain=0.528113 0.637722 2.63043 0.761261 0.328378 0.136508
threshold=0.41315000000000007 0.42410000000000009 0.14656906081624821 0.15175416680647943 0.13284636734087371 50.065000000000005
decision_type=2 2 2 2 2 2
left_child=5 3 -3 4 -2 -1
right_child=1 2 -4 -5 -6 -7
leaf_value=-7.6220371942871873e-05 0.00041290348704573046 0.00021764914350918074 -0.00055558510214037628 4.6636982978484436e-05 -2.3756435671067515e-05 -0.0004480723223279092
leaf_weight=20 20 23 23 37 54 43
leaf_count=20 20 23 23 37 54 43
internal_value=0.000727271 0.00321019 0.0111304 -7.2074e-05 -0.00475676 -0.00546032
internal_weight=220 157 46 111 74 63
internal_count=220 157 46 111 74 63
is_linear=0
shrinkage=0.08


Tree=129
num_leaves=6
num_cat=0
split_feature=40 13 40 9 22
split_gain=0.554692 0.682007 0.31962 0.464964 0.150072
threshold=0.15405805558317673 0.1402824548041621 0.14956297063102542 45.500000000000007 0.58050000000000013
decision_type=2 2 2 2 2
left_child=1 -1 4 -4 -3
right_child=-2 2 3 -5 -6
leaf_value=0.00016052121211929064 3.1928282539571556e-05 -0.00021285336899110456 0.00053433057679369231 -0.00011421816048975131 -7.9026665480139784e-05
leaf_weight=33 37 78 22 29 21
leaf_count=33 37 78 22 29 21
internal_value=0.000363634 -0.00144262 -0.00373334 0.00141176 -0.00638384
internal_weight=220 183 150 51 99
internal_count=220 183 150 51 99
is_linear=0
shrinkage=0.08


Tree=130
num_leaves=8
num_cat=0
split_feature=2 28 30 32 42 40 0
split_gain=0.513792 0.691506 0.50348 0.338462 0.379842 0.272222 0.0333333
threshold=414831.15000000008 0.56575000000000009 0.48675000000000007 0.54250000000000009 0.14656906081624821 0.14977242898050544 0.44145000000000006
decision_type=2 2 2 2 2 2 2
left_child=5 2 3 -2 -5 6 -1
right_child=1 -3 -4 4 -6 -7 -8
leaf_value=-0.00085784917992896641 -0.00018101041574576936 3.7261164938420507e-05 3.3189747430557669e-05 0.00016192341877396688 -5.4043660224123125e-05 8.1746877761487318e-06 -0.00024530679818120232
leaf_weight=40 33 27 25 22 23 30 20
leaf_count=40 33 27 25 22 23 30 20
internal_value=0.00109091 0.00430769 0.00132039 -0.00184616 0.00266666 -0.00355556 -0.00666667
internal_weight=220 130 103 78 45 90 60
internal_count=220 130 103 78 45 90 60
is_linear=0
shrinkage=0.08


Tree=131
num_leaves=7
num_cat=0
split_feature=40 0 22 3 28 32
split_gain=0.427494 0.594472 0.911918 0.688923 0.45965 0.139394
threshold=0.15405805558317673 0.38735000000000003 0.42410000000000009 17.550000000000004 0.59875 0.58050000000000013
decision_type=2 2 2 2 2 2
left_child=1 -1 4 -4 5 -3
right_child=-2 2 3 -5 -6 -7
leaf_value=-0.0013652329098634783 2.6718840141962544e-05 -0.0006455616630067927 6.3827279308809246e-06 0.00017141794613170975 2.3564387779683676e-05 8.3801485283260648e-06
leaf_weight=46 37 46 23 21 27 20
leaf_count=46 37 46 23 21 27 20
internal_value=0.00145454 -0.000131149 0.00251095 0.012 -0.0019785 -0.00557576
internal_weight=220 183 137 44 93 66
internal_count=220 183 137 44 93 66
is_linear=0
shrinkage=0.08


Tree=132
num_leaves=7
num_cat=0
split_feature=40 10 26 28 30 41
split_gain=0.705871 1.50708 0.620815 0.368946 0.782248 0.278656
threshold=0.14323641789800723 0.42995745614035091 0.58595000000000008 0.42785000000000006 0.32155000000000006 0.49538843510441449
decision_type=2 2 2 2 2 2
left_child=5 -2 3 -3 -5 -1
right_child=1 2 -4 4 -6 -7
leaf_value=-0.0023300004780616411 0.00013142352117457033 -0.0005474305989750807 4.7195145504932957e-05 -0.0012893247079846903 5.3829564916704652e-05 7.9477064696248831e-06
leaf_weight=47 26 37 34 25 29 22
leaf_count=47 26 37 34 25 29 22
internal_value=0.00218182 0.00524503 0.0016 -0.00184616 0.00237037 -0.00452174
internal_weight=220 151 125 91 54 69
internal_count=220 151 125 91 54 69
is_linear=0
shrinkage=0.08


Tree=133
num_leaves=8
num_cat=0
split_feature=40 10 43 39 9 2 11
split_gain=0.626576 0.589792 0.766667 0.459579 0.59236 0.436364 0.121569
threshold=0.14260447318774325 0.42925122807017546 -0.28749999999999992 0.50002360062893103 41.500000000000007 480616.25000000006 0.13284636734087371
decision_type=2 2 2 2 2 2 2
left_child=6 -2 -3 4 -4 -6 -1
right_child=1 2 3 -5 5 -7 -8
leaf_value=1.9445840033131825e-05 0.000147190657843292 4.7875138674035306e-05 -0.00050466808486564023 5.4050212821435224e-05 -0.0015008042783342696 3.1331948587034743e-05 -0.0033779943197547592
leaf_weight=20 31 23 50 21 20 24 31
leaf_count=20 31 23 50 21 20 24 31
internal_value=0.00290909 0.00525444 0.00301449 0.000347824 -0.00204256 0.00472727 -0.00486275
internal_weight=220 169 138 115 94 44 51
internal_count=220 169 138 115 94 44 51
is_linear=0
shrinkage=0.08


Tree=134
num_leaves=7
num_cat=0
split_feature=26 26 18 10 2 1
split_gain=0.554361 0.848132 1.08422 0.764575 0.759804 0.146667
threshold=0.51125000000000009 0.36095000000000005 0.31215000000000004 0.45096519963702364 553677.40000000002 101420.25000000001
decision_type=2 2 2 2 2 2
left_child=1 2 4 -2 -1 -3
right_child=3 5 -4 -5 -6 -7
leaf_value=0.000138880097584765 1.7883694312250538e-06 1.2921267033864717e-05 4.7752119081132873e-05 7.7122567515949868e-05 -0.0029136992217324489 -0.0011525161254630561
leaf_weight=20 37 20 22 35 31 55
leaf_count=20 37 20 22 35 31 55
internal_value=0.00290909 0.000108106 0.00624657 0.00866666 -0.000156865 -0.00586667
internal_weight=220 148 73 72 51 75
internal_count=220 148 73 72 51 75
is_linear=0
shrinkage=0.08


Tree=135
num_leaves=9
num_cat=0
split_feature=36 12 44 1 2 18 0 0
split_gain=1.08249 0.591634 0.701754 1.11299 0.528317 1.14231 0.0267442 0.0261905
threshold=0.65305000000000013 0.43815553398560858 0.8386888283584516 142843.20000000004 509805.70000000007 0.31215000000000004 0.42035000000000006 0.44400000000000006
decision_type=2 2 2 2 2 2 2 2
left_child=1 7 3 -3 6 -6 -4 -1
right_child=-2 2 4 -5 5 -7 -8 -9
leaf_value=-7.8086074146308204e-05 8.9072894981220133e-05 5.7855590262632494e-05 -0.0016729067101644646 0.00015895172316775691 -0.0029683620046380838 0.00027995298507773318 -0.00057941672986386468 -0.0039817745993242278
leaf_weight=22 26 36 20 21 22 30 23 20
leaf_count=22 26 36 20 21 22 30 23 20
internal_value=0.00436363 0.00230928 0.00463158 0.0116491 0.000421051 0.00584615 -0.00613954 -0.00609524
internal_weight=220 194 152 57 95 52 43 42
internal_count=220 194 152 57 95 52 43 42
is_linear=0
shrinkage=0.08


Tree=136
num_leaves=9
num_cat=0
split_feature=28 44 40 1 2 2 1 0
split_gain=1.16364 0.560995 1.02594 0.614577 0.311538 0.744771 0.106977 0.0307692
threshold=0.68190000000000006 0.8386888283584516 0.14286402134791232 142843.20000000004 509805.70000000007 588618.70000000007 256183.60000000003 0.38735000000000003
decision_type=2 2 2 2 2 2 2 2
left_child=1 2 -1 -4 7 -6 -7 -3
right_child=-2 4 3 -5 5 6 -8 -9
leaf_value=-0.0022969328463160565 8.4846963507175053e-05 -0.00064100418989747213 3.8314335984100153e-05 0.00013930624272540839 0.00021930174800826298 -0.00031771470916808279 4.831797742691699e-05 -0.00096667380087747223
leaf_weight=29 22 20 29 23 22 23 20 32
leaf_count=29 22 20 29 23 22 23 20 32
internal_value=0.00363636 0.00169697 0.00681481 0.0135385 -0.00184616 0.00184615 -0.00427907 -0.00646154
internal_weight=220 198 81 52 117 65 43 52
internal_count=220 198 81 52 117 65 43 52
is_linear=0
shrinkage=0.08


Tree=137
num_leaves=8
num_cat=0
split_feature=36 9 10 44 40 20 32
split_gain=1.24205 0.511366 0.934265 0.572024 0.858534 1.28364 0.133333
threshold=0.65305000000000013 46.500000000000007 0.45575593220338989 0.88635282496834644 0.14286402134791232 0.42980000000000002 0.57750000000000012
decision_type=2 2 2 2 2 2 2
left_child=1 2 3 4 -1 -6 -5
right_child=-2 -3 -4 6 5 -7 -8
leaf_value=-0.0013957665611574863 7.5159306302149256e-05 -0.00048124315737373759 0.00049640033705795471 -0.0020063778344379547 0.00011981071376415345 -9.6487855675136523e-06 -4.5679354437762127e-05
leaf_weight=31 26 33 21 40 29 20 20
leaf_count=31 26 33 21 40 29 20 20
internal_value=0.00327273 0.00107216 0.00293168 0.000571427 0.005 0.0115918 -0.00533334
internal_weight=220 194 161 140 80 49 60
internal_count=220 194 161 140 80 49 60
is_linear=0
shrinkage=0.08


Tree=138
num_leaves=8
num_cat=0
split_feature=36 9 40 41 34 30 2
split_gain=1.40659 1.30662 0.815643 0.656894 0.425408 0.111111 0.0333333
threshold=0.59875 34.500000000000007 0.14323641789800723 0.4929228741252038 0.35925000000000001 0.47310000000000002 538936.10000000009
decision_type=2 2 2 2 2 2 2
left_child=2 -2 6 -4 -5 -6 -1
right_child=1 -3 3 4 5 -7 -8
leaf_value=-0.0039268492828383036 0.00037256682279708411 5.9220012791669759e-06 0.00013591124095301056 0.00010471819276796675 -0.00014305464559811191 -8.0791071104024262e-06 -0.0011380242626125006
leaf_weight=40 20 21 37 37 25 20 20
leaf_count=40 20 21 37 37 25 20 20
internal_value=0.004 0.0173659 0.000938546 0.00477311 0.000780486 -0.00444445 -0.00666667
internal_weight=220 41 179 119 82 45 60
internal_count=220 41 179 119 82 45 60
is_linear=0
shrinkage=0.08


Tree=139
num_leaves=8
num_cat=0
split_feature=22 44 3 20 44 24 12
split_gain=0.572917 0.653064 0.592136 0.807323 0.928865 1.62976 0.533333
threshold=0.51800000000000013 1.0352542397815079 24.450000000000003 0.30670000000000003 0.7899272527762784 0.43745000000000006 0.44007218736319864
decision_type=2 2 2 2 2 2 2
left_child=1 2 3 -1 -5 -6 -2
right_child=6 -3 -4 4 5 -7 -8
leaf_value=-0.0018857449189128919 5.7351272042140422e-05 0.00024572783400379566 -0.0021462034736817169 -8.7997039568059774e-06 0.0019621115996255761 6.0278096119546195e-05 -0.0031103322993662093
leaf_weight=20 20 24 21 39 21 35 40
leaf_count=20 20 24 21 39 21 35 40
internal_value=0.004 0.0065 0.00435294 0.00660869 0.00968421 0.0162857 -0.00266667
internal_weight=220 160 136 115 95 56 60
internal_count=220 160 136 115 95 56 60
is_linear=0
shrinkage=0.08


Tree=140
num_leaves=8
num_cat=0
split_feature=24 39 12 1 20 18 2
split_gain=0.87471 0.797927 0.562049 0.367043 0.252962 0.242846 0.0368421
threshold=0.47310000000000002 0.49957967032967038 0.4444506776556777 96419.200000000026 0.42630000000000007 0.6412000000000001 509805.70000000007
decision_type=2 2 2 2 2 2 2
left_child=3 2 4 -1 -2 6 -5
right_child=1 -3 -4 5 -6 -7 -8
leaf_value=2.3920041256750886e-05 8.1358638220604582e-05 0.00013069070977452858 -0.0016929986469660736 -0.00049721997622566695 0.00015801216567321128 0.00019378222430596327 -4.6063408989581489e-05
leaf_weight=30 20 22 28 56 21 23 20
leaf_count=30 20 22 28 56 21 23 20
internal_value=0.00181818 0.00782417 0.0035942 -0.00241861 0.00956097 -0.00476768 -0.00694737
internal_weight=220 91 69 129 41 99 76
internal_count=220 91 69 129 41 99 76
is_linear=0
shrinkage=0.08


Tree=141
num_leaves=8
num_cat=0
split_feature=39 1 26 13 42 18 1
split_gain=0.61673 0.464087 0.514261 0.992235 0.332736 0.625 0.0371795
threshold=0.50025395631936986 271956.90000000008 0.51125000000000009 0.15625041368991749 0.14424758464826279 0.36970000000000008 119600.05000000002
decision_type=2 2 2 2 2 2 2
left_child=1 2 4 -4 5 -1 -6
right_child=-2 -3 3 -5 6 -7 -8
leaf_value=0.00012530927423838199 9.4633085141365448e-05 0.00019427825875769774 0.00018740624957401452 -0.0013883574363541215 -3.9851912603032506e-05 -0.0022295719367794102 -0.00036061102617416954
leaf_weight=20 21 20 38 23 20 20 58
leaf_count=20 21 20 38 23 20 20 58
internal_value=0.00181818 0.000442209 -0.000849164 0.00511475 -0.00393221 0.002 -0.00697436
internal_weight=220 199 179 61 118 40 78
internal_count=220 199 179 61 118 40 78
is_linear=0
shrinkage=0.08


Tree=142
num_leaves=8
num_cat=0
split_feature=44 13 26 43 3 10 2
split_gain=0.572303 0.783033 1.23843 1.35712 0.669536 0.245455 0.0314815
threshold=0.73212687361721585 0.15794134739314961 0.31215000000000004 -0.25354999999999989 17.400000000000002 0.46419385964912291 581594.80000000016
decision_type=2 2 2 2 2 2 2
left_child=-1 2 -2 -4 -5 -3 -6
right_child=1 5 3 4 6 -7 -8
leaf_value=-0.00050105254734660694 0.00016723421777146115 -0.0002699417366810489 0.00018435889121739827 5.4555333998839737e-05 -0.00068944385517843943 4.3277184414174177e-05 -8.4662132273287887e-05
leaf_weight=27 29 33 26 29 34 22 20
leaf_count=27 29 33 26 29 34 22 20
internal_value=0.00290909 0.00443523 0.00765217 0.00374312 -0.00125301 -0.00363637 -0.00651852
internal_weight=220 193 138 109 83 55 54
internal_count=220 193 138 109 83 55 54
is_linear=0
shrinkage=0.08


Tree=143
num_leaves=8
num_cat=0
split_feature=39 41 40 42 44 39 1
split_gain=0.819491 0.630645 1.24408 0.937076 0.420567 0.114502 0.0379518
threshold=0.50025395631936986 0.4929228741252038 0.14927344394238326 0.14410329172397487 1.0352542397815079 0.48555000000000009 196629.40000000005
decision_type=2 2 2 2 2 2 2
left_child=1 2 5 -3 6 -1 -5
right_child=-2 3 -4 4 -6 -7 -8
leaf_value=3.8027044817969018e-05 7.3683705636928818e-05 9.7971868738663012e-05 0.00020312697216282418 -0.00011219916653429509 0.0001404975184376733 -0.00063510131197503771 -0.0010459082989120968
leaf_weight=20 21 22 27 63 25 22 20
leaf_count=20 21 22 27 63 25 22 20
internal_value=0.00363636 0.00205025 0.00823188 -0.00123077 -0.0042963 -0.000380954 -0.00703615
internal_weight=220 199 69 130 108 42 83
internal_count=220 199 69 130 108 42 83
is_linear=0
shrinkage=0.08


Tree=144
num_leaves=8
num_cat=0
split_feature=39 42 26 26 10 1 0
split_gain=0.819491 0.654824 0.99425 1.14207 0.439547 0.138462 0.129825
threshold=0.50025395631936986 0.14643909563383398 0.32315000000000005 0.51125000000000009 0.44269557668458048 108387.55 0.43085000000000001
decision_type=2 2 2 2 2 2 2
left_child=1 2 -1 5 -5 -4 -3
right_child=-2 6 3 4 -6 -7 -8
leaf_value=0.00010538226571808023 6.7789009185978961e-05 -7.7329446965979735e-06 -0.00040752910056948124 2.5657991491290144e-05 0.0026263513211435552 -0.0020962030625650691 -0.00020900257061080726
leaf_weight=36 21 20 20 21 20 45 37
leaf_count=36 21 20 20 21 20 45 37
internal_value=0.00363636 0.00205025 0.00495774 0.0010566 0.0115122 -0.00553846 -0.00519298
internal_weight=220 199 142 106 41 65 57
internal_count=220 199 142 106 41 65 57
is_linear=0
shrinkage=0.08


Tree=145
num_leaves=7
num_cat=0
split_feature=39 39 44 44 2 34
split_gain=0.900716 0.870268 0.791723 0.784814 0.835946 0.223577
threshold=0.50025395631936986 0.49453071303331392 0.73212687361721585 0.85155967505227326 505188.00000000006 0.34590000000000004
decision_type=2 2 2 2 2 2
left_child=1 2 -1 -4 -5 -3
right_child=-2 5 3 4 -6 -7
leaf_value=-0.0012905731507848498 6.2365888451096916e-05 -1.4040808824935646e-05 0.00013258245950474525 -0.0018675225176082793 8.4087198074610638e-05 -0.00016724126496011669
leaf_weight=22 21 27 37 25 33 55
leaf_count=22 21 27 37 25 33 55
internal_value=0.00290909 0.00124623 0.00567521 0.0088421 0.00303448 -0.00507317
internal_weight=220 199 117 95 58 82
internal_count=220 199 117 95 58 82
is_linear=0
shrinkage=0.08


Tree=146
num_leaves=7
num_cat=0
split_feature=26 2 2 1 9 2
split_gain=0.969724 1.08129 0.9 0.616704 0.424254 0.210345
threshold=0.36575000000000008 582847.00000000012 463298.30000000005 93561.85000000002 43.500000000000007 533488.00000000012
decision_type=2 2 2 2 2 2
left_child=1 2 -1 -2 5 -5
right_child=3 -3 -4 4 -6 -7
leaf_value=9.3485033755383678e-06 6.7338378297153366e-05 -9.3509141314570589e-05 9.7347530195480999e-05 -0.00037853099512323416 3.0991781739095036e-05 -6.6182064630196197e-06
leaf_weight=20 25 36 20 61 29 29
leaf_count=20 25 36 20 61 29 29
internal_value=0.00363636 0.0109474 0.02 -0.000222224 -0.00262185 -0.00533334
internal_weight=220 76 40 144 119 90
internal_count=220 76 40 144 119 90
is_linear=0
shrinkage=0.08


Tree=147
num_leaves=8
num_cat=0
split_feature=26 2 2 41 20 22 1
split_gain=1.06859 1.08129 0.9 0.395669 0.631809 0.51226 0.0364865
threshold=0.36575000000000008 582847.00000000012 463298.30000000005 0.49287545252018944 0.33155000000000007 0.28320000000000006 202184.95000000004
decision_type=2 2 2 2 2 2 2
left_child=1 2 -1 4 -2 -5 -7
right_child=3 -3 -4 5 -6 6 -8
leaf_value=8.6006231054961222e-06 0.0010722022857295932 -8.6028410009405574e-05 8.955972777983908e-05 2.7200911178206004e-05 -0.00010938593757692141 -0.00019544211349119327 -5.1955237626693902e-05
leaf_weight=20 20 36 20 21 29 54 20
leaf_count=20 20 36 20 21 29 54 20
internal_value=0.00327273 0.0109474 0.02 -0.00077778 0.00506122 -0.00378948 -0.00691892
internal_weight=220 76 40 144 49 95 74
internal_count=220 76 40 144 49 95 74
is_linear=0
shrinkage=0.08


Tree=148
num_leaves=7
num_cat=0
split_feature=26 2 2 1 18 2
split_gain=1.18344 0.866813 0.625 0.395878 0.435199 0.038764
threshold=0.36575000000000008 582847.00000000012 463298.30000000005 86476.10000000002 0.6412000000000001 582847.00000000012
decision_type=2 2 2 2 2 2
left_child=1 2 -1 -2 5 -5
right_child=3 -3 -4 4 -6 -7
leaf_value=7.9125732570576119e-06 9.8478510419944376e-05 -7.914613720865552e-05 8.2394949557455259e-05 -0.00033388826847210361 6.5219451598487162e-06 -5.1267579645066844e-05
leaf_weight=20 20 36 20 69 35 20
leaf_count=20 20 36 20 69 35 20
internal_value=0.00181818 0.00989473 0.018 -0.00244445 -0.00412903 -0.00710113
internal_weight=220 76 40 144 124 89
internal_count=220 76 40 144 124 89
is_linear=0
shrinkage=0.08


Tree=149
num_leaves=7
num_cat=0
split_feature=26 2 2 1 18 13
split_gain=1.07927 0.866813 0.625 0.354884 0.364068 0.155056
threshold=0.36575000000000008 582847.00000000012 463298.30000000005 86476.10000000002 0.6412000000000001 0.1402824548041621
decision_type=2 2 2 2 2 2
left_child=1 2 -1 -2 5 -5
right_child=3 -3 -4 4 -6 -7
leaf_value=7.2795673964934734e-06 9.0600229586349057e-05 -7.2814446231966903e-05 7.5803353592861797e-05 -4.1105840492580374e-05 6.0001895470612719e-06 -0.00019207838084770129
leaf_weight=20 20 36 20 20 35 69
leaf_count=20 20 36 20 20 35 69
internal_value=0.00218182 0.00989473 0.018 -0.00188889 -0.00348387 -0.00620225
internal_weight=220 76 40 144 124 89
internal_count=220 76 40 144 124 89
is_linear=0
shrinkage=0.08


Tree=150
num_leaves=7
num_cat=0
split_feature=26 2 2 1 18 13
split_gain=1.07927 0.866813 0.625 0.354884 0.364068 0.155056
threshold=0.36575000000000008 582847.00000000012 463298.30000000005 86476.10000000002 0.6412000000000001 0.1402824548041621
decision_type=2 2 2 2 2 2
left_child=1 2 -1 -2 5 -5
right_child=3 -3 -4 4 -6 -7
leaf_value=6.6972020047698455e-06 8.3352211219441362e-05 -6.6989290533409104e-05 6.9739085305437225e-05 -3.7817373253171922e-05 5.520174383294549e-06 -0.00017671211037988406
leaf_weight=20 20 36 20 20 35 69
leaf_count=20 20 36 20 20 35 69
internal_value=0.00218182 0.00989473 0.018 -0.00188889 -0.00348387 -0.00620225
internal_weight=220 76 40 144 124 89
internal_count=220 76 40 144 124 89
is_linear=0
shrinkage=0.08


Tree=151
num_leaves=7
num_cat=0
split_feature=26 2 28 43 0 44
split_gain=0.94697 1.09394 0.451023 0.290007 0.565714 0.152381
threshold=0.31960000000000005 553677.40000000002 0.60930000000000006 -0.25354999999999989 0.41720000000000007 0.77378925569791368
decision_type=2 2 2 2 2 2
left_child=1 -1 3 4 -2 -5
right_child=2 -3 -4 5 -6 -7
leaf_value=6.0963460182338483e-05 -0.00014173059232386022 6.323530119653569e-05 8.3309040373657594e-05 -0.00091329867682568111 1.2413237084575165e-05 -4.8700944509504928e-05
leaf_weight=22 22 33 31 20 28 64
leaf_count=22 22 33 31 20 28 64
internal_value=0.00181818 0.0109091 -0.00121212 -0.00322388 0.0016 -0.00609524
internal_weight=220 55 165 134 50 84
internal_count=220 55 165 134 50 84
is_linear=0
shrinkage=0.08


Tree=152
num_leaves=6
num_cat=0
split_feature=26 2 22 18 10
split_gain=0.94697 1.09394 0.553077 0.244397 0.359091
threshold=0.31960000000000005 553677.40000000002 0.29040000000000005 0.6412000000000001 0.43039916666666672
decision_type=2 2 2 2 2
left_child=1 -1 -2 4 -4
right_child=2 -3 3 -5 -6
leaf_value=5.6086383367749551e-05 4.6780501401419457e-05 5.8176477100810688e-05 3.6272811322525209e-05 2.6513781013406608e-06 -0.00023803955278180693
leaf_weight=22 36 33 20 30 79
leaf_count=22 36 33 20 30 79
internal_value=0.00181818 0.0109091 -0.00121212 -0.00365892 -0.00557576
internal_weight=220 55 165 129 99
internal_count=220 55 165 129 99
is_linear=0
shrinkage=0.08


Tree=153
num_leaves=8
num_cat=0
split_feature=26 2 0 34 20 1 0
split_gain=0.94697 1.09394 0.327273 0.621302 0.787084 0.139394 0.025
threshold=0.31960000000000005 553677.40000000002 0.41720000000000007 0.44525000000000003 0.30315000000000009 86476.10000000002 0.52590000000000015
decision_type=2 2 2 2 2 2 2
left_child=1 -1 5 6 -5 -2 -4
right_child=2 -3 3 4 -6 -7 -8
leaf_value=5.1599472698330577e-05 7.910847597253408e-06 5.352235893274476e-05 -2.0565407951257886e-06 -2.969282681278464e-06 0.0018090142362053596 -0.00034694879941952832 -0.00023280686667583064
leaf_weight=22 20 33 20 29 30 46 20
leaf_count=22 20 33 20 29 30 46 20
internal_value=0.00181818 0.0109091 -0.00121212 0.00169697 0.00691525 -0.00557576 -0.006
internal_weight=220 55 165 99 59 66 40
internal_count=220 55 165 99 59 66 40
is_linear=0
shrinkage=0.08


Tree=154
num_leaves=7
num_cat=0
split_feature=26 0 28 18 20 1
split_gain=0.872727 0.775758 0.299396 0.411062 0.129908 0.039011
threshold=0.31960000000000005 0.6896000000000001 0.60930000000000006 0.68495000000000006 0.25270000000000009 93561.85000000002
decision_type=2 2 2 2 2 2
left_child=1 -1 3 4 -2 -6
right_child=2 -3 -4 -5 5 -7
leaf_value=7.9742504239614469e-05 1.5368039747579448e-06 3.4835379864331215e-06 7.3066396417877983e-05 1.3741589523515236e-05 -2.433122018575278e-05 -0.00037701911989943205
leaf_weight=22 20 33 31 23 20 71
leaf_count=22 20 33 31 23 20 71
internal_value=0.000727271 0.00945454 -0.00218182 -0.0038209 -0.00583784 -0.00712088
internal_weight=220 55 165 134 111 91
internal_count=220 55 165 134 111 91
is_linear=0
shrinkage=0.08


Tree=155
num_leaves=7
num_cat=0
split_feature=26 18 10 13 18 2
split_gain=1.11439 1.13575 0.923831 0.335001 0.345409 0.159184
threshold=0.36095000000000005 0.31215000000000004 0.44377211131276478 0.14020724240569662 0.68495000000000006 245364.65000000005
decision_type=2 2 2 2 2 2
left_child=1 2 -1 -2 5 -5
right_child=3 -3 -4 4 -6 -7
leaf_value=5.9495465829732737e-05 2.2400526950156814e-05 0.0001871585533103761 -0.0017419909162689692 -9.9196301277367827e-06 6.9664563801092214e-06 -9.2273642191005522e-05
leaf_weight=26 22 22 25 20 27 78
leaf_count=26 22 22 25 20 27 78
internal_value=0.00145454 0.00953424 0.00298039 -0.00255783 -0.00416 -0.00636735
internal_weight=220 73 51 147 125 98
internal_count=220 73 51 147 125 98
is_linear=0
shrinkage=0.08


Tree=156
num_leaves=7
num_cat=0
split_feature=2 44 43 26 1 41
split_gain=0.604191 0.570686 0.662677 1.40644 0.448569 0.219156
threshold=463298.30000000005 1.0835549437572818 0.37000000000000005 0.36095000000000005 86476.10000000002 0.49287545252018944
decision_type=2 2 2 2 2 2
left_child=4 2 3 -2 -1 -6
right_child=1 -3 -4 -5 5 -7
leaf_value=0.00012351148253018885 0.00011282527989549832 6.3745303835011086e-05 -0.00082913631145924973 -4.4379945834907713e-05 -4.0522780449179786e-05 -0.0003030233588464071
leaf_weight=20 24 27 27 34 28 60
leaf_count=20 24 27 27 34 28 60
internal_value=0.00145454 0.00557143 0.00235294 0.00717241 -0.00281482 -0.00527273
internal_weight=220 112 85 58 108 88
internal_count=220 112 85 58 108 88
is_linear=0
shrinkage=0.08


Tree=157
num_leaves=8
num_cat=0
split_feature=34 2 13 18 41 40 0
split_gain=0.948225 0.952381 0.610947 0.595238 0.263011 0.305122 0.0376543
threshold=0.35200000000000004 530263.05000000016 0.14020724240569662 0.27995000000000009 0.49287545252018944 0.14956297063102542 0.50375000000000014
decision_type=2 2 2 2 2 2 2
left_child=1 -1 -2 -3 5 -4 -6
right_child=2 3 4 -5 6 -7 -8
leaf_value=5.2849341130702179e-05 1.5508860487340786e-05 -0.0030963153944469348 -0.00054400759629939235 0.00017648627519721005 -0.00012646008747071541 0.0010965707033900251 -1.533701495156958e-05
leaf_weight=28 22 21 27 21 61 20 20
leaf_count=28 22 21 27 21 61 20 20
internal_value=0.00145454 0.00914286 -0.00213334 0.00152381 -0.00425 0.000510636 -0.00701235
internal_weight=220 70 150 42 128 47 81
internal_count=220 70 150 42 128 47 81
is_linear=0
shrinkage=0.08


Tree=158
num_leaves=7
num_cat=0
split_feature=34 26 13 40 13 1
split_gain=0.698225 1.0992 0.462509 0.39847 0.403333 0.148718
threshold=0.35200000000000004 0.28805000000000008 0.14020724240569662 0.14977242898050544 0.15781458888956088 96419.200000000026
decision_type=2 2 2 2 2 2
left_child=1 -1 -2 5 -5 -4
right_child=2 -3 3 4 -6 -7
leaf_value=3.432215767671513e-06 1.4268151648353151e-05 0.00016938315957222666 -5.59813755956332e-05 0.0010088450471188227 -0.00011327793973252699 -0.00034584271932759826
leaf_weight=39 22 31 20 20 30 58
leaf_count=39 22 31 20 20 30 58
internal_value=0.00254545 0.00914286 -0.000533335 -0.002375 0.0032 -0.00594872
internal_weight=220 70 150 128 50 78
internal_count=220 70 150 128 50 78
is_linear=0
shrinkage=0.08


Tree=159
num_leaves=7
num_cat=0
split_feature=36 9 24 4 40 43
split_gain=0.855099 0.951452 0.67828 0.585544 0.569969 0.319982
threshold=0.59875 34.500000000000007 0.47960000000000008 108.25000000000001 0.15227143021961917 -0.29519999999999996
decision_type=2 2 2 2 2 2
left_child=2 -2 5 -4 -5 -1
right_child=1 -3 3 4 -6 -7
leaf_value=-4.1584183282204389e-06 0.00028478556003366172 -0.00010728088638511303 2.2377624786853468e-05 -3.3354817810244952e-05 0.00014395734352381378 -0.00023307873702670554
leaf_weight=22 20 21 25 29 24 79
leaf_count=22 20 21 25 29 24 79
internal_value=0.00109091 0.0115122 -0.00129609 0.00430769 -0.000452832 -0.00562376
internal_weight=220 41 179 78 53 101
internal_count=220 41 179 78 53 101
is_linear=0
shrinkage=0.08


Tree=160
num_leaves=8
num_cat=0
split_feature=4 4 1 22 32 2 0
split_gain=0.759574 0.816547 0.894548 0.282785 0.612745 0.0355072 0.0261905
threshold=90.295000000000002 108.25000000000001 271956.90000000008 0.43745000000000006 0.40205000000000007 233849.25000000003 0.6896000000000001
decision_type=2 2 2 2 2 2 2
left_child=3 -2 6 4 -1 -5 -3
right_child=1 2 -4 5 -6 -7 -8
leaf_value=0.0044114771884299318 9.7758933767062744e-05 -5.5325468992488518e-05 0.00010552578205773422 -3.7821600950891943e-05 -9.325474414069775e-05 -0.00026292577160858487 -0.00015822013372397199
leaf_weight=20 33 20 22 20 34 49 22
leaf_count=20 33 20 22 20 34 49 22
internal_value=0.000727271 0.00602062 0.000749998 -0.00344716 0.000888887 -0.00684058 -0.00609524
internal_weight=220 97 64 123 54 69 42
internal_count=220 97 64 123 54 69 42
is_linear=0
shrinkage=0.08


Tree=161
num_leaves=6
num_cat=0
split_feature=43 30 36 43 1
split_gain=1.10077 0.853337 0.354466 0.148084 0.230488
threshold=0.32915000000000011 0.37815000000000004 0.59875 -0.2685499999999999 140421.35000000001
decision_type=2 2 2 2 2
left_child=2 -2 3 4 -1
right_child=1 -3 -4 -5 -6
leaf_value=-0.00069997992889104079 0.00014622155986885438 -1.0879514154341454e-05 5.6688118051458288e-05 -0.00022369658656810231 0.00094282296657726479
leaf_weight=21 31 26 37 85 20
leaf_count=21 31 26 37 85 20
internal_value=-0.000727275 0.0088421 -0.00407362 -0.00609524 -0.00214634
internal_weight=220 57 163 126 41
internal_count=220 57 163 126 41
is_linear=0
shrinkage=0.08


Tree=162
num_leaves=6
num_cat=0
split_feature=26 30 28 40 9
split_gain=1.14432 1.02997 0.282362 0.145583 0.235714
threshold=0.32315000000000005 0.37815000000000004 0.60930000000000006 0.14977242898050544 45.500000000000007
decision_type=2 2 2 2 2
left_child=1 -1 3 -2 -5
right_child=2 -3 -4 4 -6
leaf_value=0.00016131163916834998 -0.00019257699547437426 -2.7635305146015779e-06 1.1136483675106373e-05 0.00092094749983430814 -0.00016216338973202505
leaf_weight=25 89 33 31 20 22
leaf_count=25 89 33 31 20 22
internal_value=-0.00109091 0.00855172 -0.00454321 -0.00616794 -0.00228572
internal_weight=220 58 162 131 42
internal_count=220 58 162 131 42
is_linear=0
shrinkage=0.08


Tree=163
num_leaves=6
num_cat=0
split_feature=26 30 36 34 18
split_gain=0.915949 0.74652 0.287274 0.694444 0.165812
threshold=0.32315000000000005 0.37815000000000004 0.51800000000000013 0.40090000000000009 0.69310000000000016
decision_type=2 2 2 2 2
left_child=1 -1 4 -4 -2
right_child=2 -3 3 -5 -6
leaf_value=0.00014840670803488386 -0.00012058919247842421 -2.5424480734332148e-06 -0.00017166940530325455 0.00025851783580455728 0.0008495541497389969
leaf_weight=25 97 33 25 20 20
leaf_count=25 97 33 25 20 20
internal_value=-0.00145455 0.00717241 -0.00454321 0.000888887 -0.00663248
internal_weight=220 58 162 45 117
internal_count=220 58 162 45 117
is_linear=0
shrinkage=0.08


Tree=164
num_leaves=6
num_cat=0
split_feature=26 41 1 18 11
split_gain=0.872727 0.615681 0.27289 0.145565 0.0419355
threshold=0.31960000000000005 0.49431870554765295 86476.10000000002 0.70650000000000013 0.1324881047245785
decision_type=2 2 2 2 2
left_child=1 -1 -2 4 -4
right_child=2 -3 3 -5 -6
leaf_value=8.30566983236564e-05 5.8818802612129083e-06 -1.3966153667789879e-05 -3.0156583315179288e-05 0.00078158981775987898 -0.0001058272314572798
leaf_weight=28 21 27 20 20 104
leaf_count=28 21 27 20 20 104
internal_value=-0.00218182 0.00654545 -0.00509091 -0.00633334 -0.00735484
internal_weight=220 55 165 144 124
internal_count=220 55 165 144 124
is_linear=0
shrinkage=0.08


Tree=165
num_leaves=7
num_cat=0
split_feature=18 26 20 32 26 2
split_gain=0.578214 0.572344 0.56641 0.166076 0.452174 0.0379518
threshold=0.38840000000000002 0.28805000000000008 0.55495000000000017 0.32685000000000003 0.51800000000000013 581594.80000000016
decision_type=2 2 2 2 2 2
left_child=1 -1 -3 4 -2 -5
right_child=3 2 -4 5 -6 -7
leaf_value=-1.0149547250082507e-05 -0.00020179437716657419 0.00021818773256281328 -1.2218345187378997e-07 -0.00032833190822243515 0.00090221410438186321 -4.3380201293815541e-05
leaf_weight=39 26 25 27 63 20 20
leaf_count=39 26 25 27 63 20 20
internal_value=-0.00145455 0.00342857 0.00892308 -0.00489923 -0.00104348 -0.00703615
internal_weight=220 91 52 129 46 83
internal_count=220 91 52 129 46 83
is_linear=0
shrinkage=0.08


Tree=166
num_leaves=7
num_cat=0
split_feature=18 24 32 18 2 0
split_gain=0.629458 0.454896 0.674902 0.129968 0.0407407 0.0282609
threshold=0.38840000000000002 0.66575000000000017 0.44645000000000007 0.70650000000000013 553677.40000000002 0.69615000000000016
decision_type=2 2 2 2 2 2
left_child=1 2 -1 4 -2 -4
right_child=3 -3 5 -5 -6 -7
leaf_value=9.776484533757672e-05 -0.00018926467999670418 0.00012233252716827402 -6.6241025340011036e-06 -0.00019461978033503559 -3.9909785190311804e-05 -0.00026345159483923581
leaf_weight=21 88 24 26 21 20 20
leaf_count=21 88 24 26 21 20 20
internal_value=-0.00254546 0.00254945 -0.000835823 -0.00613954 -0.00725926 -0.00626087
internal_weight=220 91 67 129 108 46
internal_count=220 91 67 129 108 46
is_linear=0
shrinkage=0.08


Tree=167
num_leaves=6
num_cat=0
split_feature=26 26 42 18 0
split_gain=0.606061 0.978253 0.30303 0.142029 0.0413043
threshold=0.31960000000000005 0.27610000000000007 0.14381419954098415 0.70650000000000013 0.52590000000000015
decision_type=2 2 2 2 2
left_child=1 -1 -2 4 -4
right_child=2 -3 3 -5 -6
leaf_value=-6.8476059744131202e-06 2.2162467807558643e-05 0.00012826838508889652 -6.7509261336659907e-05 0.00073053791069197188 -5.1758584765855823e-05
leaf_weight=34 30 21 95 20 20
leaf_count=34 30 21 95 20 20
internal_value=-0.00218182 0.00509091 -0.00460606 -0.00622222 -0.00730435
internal_weight=220 55 165 135 115
internal_count=220 55 165 135 115
is_linear=0
shrinkage=0.08


Tree=168
num_leaves=7
num_cat=0
split_feature=18 44 24 22 42 0
split_gain=0.667538 0.581319 0.55692 0.151831 0.316731 0.0261905
threshold=0.38840000000000002 0.80339395161875571 0.66575000000000017 0.43745000000000006 0.14572570844534247 0.5273500000000001
decision_type=2 2 2 2 2 2
left_child=1 -1 5 4 -2 -3
right_child=3 2 -4 -5 -6 -7
leaf_value=2.4176319895690148e-05 0.00055170865950633782 -9.3797244986358209e-06 0.00010752527198054949 -0.00014002598340319083 -5.0326640945380387e-05 -4.5728877924185328e-05
leaf_weight=26 27 20 23 71 31 22
leaf_count=26 27 20 23 71 31 22
internal_value=-0.00181818 0.00342857 -0.000615387 -0.00551938 -0.00248276 -0.00609524
internal_weight=220 91 65 129 58 42
internal_count=220 91 65 129 58 42
is_linear=0
shrinkage=0.08


Tree=169
num_leaves=6
num_cat=0
split_feature=18 44 24 18 2
split_gain=0.763274 0.566586 0.364492 0.129968 0.0407407
threshold=0.38840000000000002 0.83467126873422681 0.68190000000000006 0.70650000000000013 553677.40000000002
decision_type=2 2 2 2 2
left_child=1 -1 -3 4 -2
right_child=3 2 -4 -5 -6
leaf_value=2.4184487573846366e-05 -0.00016342590458169145 -0.00019117456369142785 0.00010940488149156416 -0.00022629115551309726 -2.095777912666157e-05
leaf_weight=32 88 38 21 21 20
leaf_count=32 88 38 21 21 20
internal_value=-0.00218182 0.00342857 -0.00122034 -0.00613954 -0.00725926
internal_weight=220 91 59 129 108
internal_count=220 91 59 129 108
is_linear=0
shrinkage=0.08


Tree=170
num_leaves=7
num_cat=0
split_feature=26 26 2 22 1 11
split_gain=0.915949 1.20466 0.288176 0.314593 0.104762 0.04
threshold=0.32315000000000005 0.28190000000000009 359425.70000000001 0.44645000000000007 90967.950000000012 0.13447083826848535
decision_type=2 2 2 2 2 2
left_child=1 -1 3 -2 -5 -4
right_child=2 -3 5 4 -6 -7
leaf_value=-9.9263111042297659e-06 0.0039647450521839243 0.00010065251792977806 -3.0583437469622283e-05 -1.9752591104363621e-05 -0.0010991715670346023 -4.885493114911602e-05
leaf_weight=37 20 21 20 20 22 80
leaf_count=37 20 21 20 20 22 80
internal_value=-0.00145455 0.00717241 -0.00454321 -0.000258066 -0.00419048 -0.0072
internal_weight=220 58 162 62 42 100
internal_count=220 58 162 62 42 100
is_linear=0
shrinkage=0.08


Tree=171
num_leaves=6
num_cat=0
split_feature=26 30 1 18 11
split_gain=0.782724 0.957074 0.270179 0.144435 0.0417355
threshold=0.32315000000000005 0.37815000000000004 86476.10000000002 0.70650000000000013 0.1324881047245785
decision_type=2 2 2 2 2
left_child=1 -1 -2 4 -4
right_child=2 -3 3 -5 -6
leaf_value=7.4364079189132826e-05 1.5836904459951631e-06 -4.3031435468226906e-06 -2.8136762472050717e-05 0.00066766613695145801 -7.6221641712022022e-05
leaf_weight=25 21 33 20 20 101
leaf_count=25 21 33 20 20 101
internal_value=-0.00218182 0.0057931 -0.00503704 -0.00629787 -0.00733884
internal_weight=220 58 162 141 121
internal_count=220 58 162 141 121
is_linear=0
shrinkage=0.08


Tree=172
num_leaves=6
num_cat=0
split_feature=24 28 28 44 40
split_gain=0.603589 0.228274 0.646998 0.131313 0.290909
threshold=0.66575000000000017 0.57840000000000014 0.65675000000000006 0.8386888283584516 0.14422291383450433
decision_type=2 2 2 2 2
left_child=1 3 -3 4 -1
right_child=-2 2 -4 -5 -6
leaf_value=-0.00040888128992678201 4.5619680459156244e-05 0.00010120863485449799 -4.2252837142315017e-05 -0.00010104457474891521 3.6986547954976974e-06
leaf_weight=36 30 21 25 78 30
leaf_count=36 30 21 25 78 30
internal_value=-0.00254546 -0.00421053 0.00069565 -0.00577778 -0.00315152
internal_weight=220 190 46 144 66
internal_count=220 190 46 144 66
is_linear=0
shrinkage=0.08


Tree=173
num_leaves=5
num_cat=0
split_feature=26 22 42 41
split_gain=1.02424 0.603922 0.30303 0.170175
threshold=0.31960000000000005 0.43745000000000006 0.14381419954098415 0.49287545252018944
decision_type=2 2 2 2
left_child=1 -1 -2 -4
right_child=2 -3 3 -5
leaf_value=2.0948975934573457e-05 1.4387145656641343e-05 3.0170336217459588e-05 -1.6968899238009509e-05 -0.00011112980894237085
leaf_weight=34 30 21 38 97
leaf_count=34 30 21 38 97
internal_value=-0.00145455 0.008 -0.00460606 -0.00622222
internal_weight=220 55 165 135
internal_count=220 55 165 135
is_linear=0
shrinkage=0.08


Tree=174
num_leaves=7
num_cat=0
split_feature=11 26 26 43 2 38
split_gain=0.721336 0.36433 0.768768 0.253996 0.137524 0.0404762
threshold=0.13192244176095744 0.31960000000000005 0.27610000000000007 -0.29729999999999995 254489.45000000004 0.14029999999999998
decision_type=2 2 2 2 2 2
left_child=-1 2 -2 -3 -5 -6
right_child=1 3 -4 4 5 -7
leaf_value=2.5778936431106875e-05 -0.00020665060946643122 7.5049456357435242e-06 8.1325698177370082e-05 -1.72374594962918e-05 -3.1979935837141206e-05 -0.00028015360847325382
leaf_weight=24 29 21 21 20 85 20
leaf_count=24 29 21 21 20 85 20
internal_value=-0.00109091 -0.00269388 0.0032 -0.00471233 -0.00608 -0.0072381
internal_weight=220 196 50 146 125 105
internal_count=220 196 50 146 125 105
is_linear=0
shrinkage=0.08


Tree=175
num_leaves=7
num_cat=0
split_feature=11 44 44 44 9 0
split_gain=0.681818 0.512597 0.232048 0.798246 0.159184 0.0295918
threshold=0.13192244176095744 1.1517074688276927 0.8386888283584516 0.7899272527762784 12.500000000000002 0.41315000000000007
decision_type=2 2 2 2 2 2
left_child=-1 2 3 5 -4 -2
right_child=1 -3 4 -5 -6 -7
leaf_value=2.3716621516620824e-05 -0.00021012436990591206 3.3742212499660361e-05 -1.0310243471115879e-05 6.7400508731332991e-05 -0.0002381862435985348 -0.00025937015513085183
leaf_weight=24 20 24 20 25 78 29
leaf_count=24 20 24 20 25 78 29
internal_value=-0.000727275 -0.00228572 -0.00381396 -0.000432434 -0.00636735 -0.00636735
internal_weight=220 196 172 74 98 49
internal_count=220 196 172 74 98 49
is_linear=0
shrinkage=0.08


Tree=176
num_leaves=7
num_cat=0
split_feature=26 26 13 44 1 0
split_gain=0.825127 0.997293 0.555623 0.30163 0.328409 0.109091
threshold=0.32315000000000005 0.28190000000000009 0.14020724240569662 0.8386888283584516 138743.05000000002 0.38345000000000001
decision_type=2 2 2 2 2 2
left_child=1 -1 -2 4 5 -4
right_child=2 -3 3 -5 -6 -7
leaf_value=2.2197590760848631e-06 1.0587082954338423e-05 7.5644461800872102e-05 -1.0104981810719264e-05 -0.00017281902224781327 0.00086195935966397073 -0.000190457396993238
leaf_weight=37 24 21 20 74 20 24
leaf_count=37 24 21 20 74 20 24
internal_value=0.000363634 0.00855172 -0.0025679 -0.00452174 -0.000500002 -0.00436364
internal_weight=220 58 162 138 64 44
internal_count=220 58 162 138 64 44
is_linear=0
shrinkage=0.08


Tree=177
num_leaves=7
num_cat=0
split_feature=26 26 13 41 43 13
split_gain=0.753466 0.997293 0.4 0.368802 0.452078 0.0382353
threshold=0.32315000000000005 0.28190000000000009 0.1402824548041621 0.49289897148871037 -0.23634999999999995 0.15934914778710066
decision_type=2 2 2 2 2 2
left_child=1 -1 -2 4 -4 -5
right_child=2 -3 3 5 -6 -7
leaf_value=2.0421783499964413e-06 1.2738054244116493e-05 6.9592904856803222e-05 8.139748792136311e-05 -0.00013584940410528101 -0.00011847301562550247 -0.00041038996772950394
leaf_weight=37 27 21 22 65 28 20
leaf_count=37 27 21 22 65 28 20
internal_value=0.000727271 0.00855172 -0.00207408 -0.00385185 0.0016 -0.00705883
internal_weight=220 58 162 135 50 85
internal_count=220 58 162 135 50 85
is_linear=0
shrinkage=0.08


Tree=178
num_leaves=7
num_cat=0
split_feature=26 26 13 41 43 13
split_gain=0.57055 0.679559 0.4 0.368802 0.452078 0.0382353
threshold=0.32315000000000005 0.28190000000000009 0.1402824548041621 0.49289897148871037 -0.23634999999999995 0.15934914778710066
decision_type=2 2 2 2 2 2
left_child=1 -1 -2 4 -4 -5
right_child=2 -3 3 5 -6 -7
leaf_value=1.878804081997935e-06 1.1719009904588565e-05 6.4025472468263038e-05 7.4885688887654859e-05 -0.00012498145177685936 -0.00010899517437546178 -0.00037755877031114647
leaf_weight=37 27 21 22 65 28 20
leaf_count=37 27 21 22 65 28 20
internal_value=0.000363634 0.00717241 -0.00207408 -0.00385185 0.0016 -0.00705883
internal_weight=220 58 162 135 50 85
internal_count=220 58 162 135 50 85
is_linear=0
shrinkage=0.08


Tree=179
num_leaves=7
num_cat=0
split_feature=38 1 26 4 42 1
split_gain=0.358023 0.390036 0.366713 0.609677 0.347826 0.0382353
threshold=0.28600000000000003 93561.85000000002 0.51125000000000009 76.705000000000027 0.14656906081624821 191709.95000000004
decision_type=2 2 2 2 2 2
left_child=1 -1 5 -4 -2 -3
right_child=4 2 3 -5 -6 -7
leaf_value=2.0773121608047761e-05 3.8303881912505124e-05 -0.00010107576174462139 -0.00034384470007174471 4.9938832624872175e-05 -0.00063625429151258821 -2.3281509080737624e-06
leaf_weight=27 23 65 27 35 23 20
leaf_count=27 23 65 27 35 23 20
internal_value=-0.000363638 -0.00202299 -0.00364626 0.00103226 0.00591304 -0.00705883
internal_weight=220 174 147 62 46 85
internal_count=220 174 147 62 46 85
is_linear=0
shrinkage=0.08


Tree=180
num_leaves=8
num_cat=0
split_feature=18 18 12 41 22 10 9
split_gain=0.65521 0.780027 0.530427 0.236461 0.52108 0.170973 0.0355072
threshold=0.36970000000000008 0.31215000000000004 0.44107914731335257 0.49287545252018944 0.52360000000000018 0.45575593220338989 10.500000000000002
decision_type=2 2 2 2 2 2 2
left_child=1 2 -1 4 -2 6 -5
right_child=3 -3 -4 5 -6 -7 -8
leaf_value=2.0241494810607457e-05 0.00090427060954974877 0.00012632614629739673 -0.0013463319799372814 -1.092668803352435e-05 -9.5097804101232364e-05 3.388570461807178e-07 -0.00039657881514510471
leaf_weight=21 20 24 31 20 27 28 49
leaf_count=21 20 24 31 20 27 28 49
internal_value=0.000727271 0.00673684 0.00123077 -0.00244445 0.00221276 -0.00470103 -0.00684058
internal_weight=220 76 52 144 47 97 69
internal_count=220 76 52 144 47 97 69
is_linear=0
shrinkage=0.08


Tree=181
num_leaves=6
num_cat=0
split_feature=26 41 32 42 30
split_gain=0.668182 0.841005 0.735932 0.735466 0.369643
threshold=0.31960000000000005 0.49431870554765295 0.33715000000000006 0.14529932621746286 0.24285000000000004
decision_type=2 2 2 2 2
left_child=1 -1 3 -2 -4
right_child=2 -3 4 -5 -6
leaf_value=0.00011205825762282467 -0.00035622339062943946 -3.2526779226201903e-06 0.00019505892753631334 4.1990866997006553e-05 -0.00013130525341312172
leaf_weight=28 30 27 20 23 92
leaf_count=28 30 27 20 23 92
internal_value=0.000363634 0.008 -0.00218182 0.0055849 -0.00585714
internal_weight=220 55 165 53 112
internal_count=220 55 165 53 112
is_linear=0
shrinkage=0.08


Tree=182
num_leaves=8
num_cat=0
split_feature=36 20 40 13 28 22 0
split_gain=0.564868 1.12201 0.624405 1.11789 0.677352 0.288965 0.324279
threshold=0.59875 0.6482500000000001 0.14977242898050544 0.15938447139180115 0.37745000000000006 0.4845000000000001 0.36505000000000004
decision_type=2 2 2 2 2 2 2
left_child=2 -2 5 4 -4 -1 -7
right_child=1 -3 3 -5 -6 6 -8
leaf_value=-0.00012560596610745417 4.542641034035239e-05 -0.00010884262094441294 2.3957448521262351e-05 -0.0010775716638035434 0.00013953646090555569 -0.0032629536740534206 4.2032812236485581e-06
leaf_weight=64 21 20 21 25 20 29 20
leaf_count=64 21 20 21 25 20 29 20
internal_value=0.00109091 0.00956097 -0.000849164 0.00533333 0.0134634 -0.00446018 0.000163263
internal_weight=220 41 179 66 41 113 49
internal_count=220 41 179 66 41 113 49
is_linear=0
shrinkage=0.08


Tree=183
num_leaves=7
num_cat=0
split_feature=26 26 32 34 22 11
split_gain=0.884276 1.37578 0.631881 1.04291 0.314447 0.038764
threshold=0.32315000000000005 0.28190000000000009 0.33715000000000006 0.55360000000000009 0.24000000000000002 0.13702293462192117
decision_type=2 2 2 2 2 2
left_child=1 -1 3 -2 -4 -6
right_child=2 -3 4 -5 5 -7
leaf_value=-1.244570557584678e-06 -0.00011533366458732791 0.00012654419331253837 0.00018692747634933547 0.0010913126874713963 -0.0006237636282392377 -0.00010599094077577001
leaf_weight=37 33 21 20 20 20 69
leaf_count=37 33 21 20 20 20 69
internal_value=0.00145454 0.00993103 -0.00158025 0.0055849 -0.00506422 -0.00710113
internal_weight=220 58 162 53 109 89
internal_count=220 58 162 53 109 89
is_linear=0
shrinkage=0.08


Tree=184
num_leaves=7
num_cat=0
split_feature=1 26 41 20 43 10
split_gain=0.687447 0.830374 0.841005 0.264915 0.322486 0.0395833
threshold=86476.10000000002 0.31960000000000005 0.49431870554765295 0.60930000000000006 -0.29729999999999995 0.42995745614035091
decision_type=2 2 2 2 2 2
left_child=-1 2 -2 4 -3 -6
right_child=1 3 -4 -5 5 -7
leaf_value=0.0001557767843013943 8.1807144675552e-05 0.00087234968671413783 -3.1645051715382938e-06 5.4130402168092407e-06 -0.00062532982849533569 -7.9481450591916013e-05
leaf_weight=21 28 20 27 28 20 76
leaf_count=21 28 20 27 28 20 76
internal_value=0.00109091 -0.000361811 0.008 -0.00355556 -0.00524138 -0.00716667
internal_weight=220 199 55 144 116 96
internal_count=220 199 55 144 116 96
is_linear=0
shrinkage=0.08


Tree=185
num_leaves=7
num_cat=0
split_feature=36 20 11 40 12 26
split_gain=0.455948 0.822358 0.574423 0.252491 0.36937 0.125926
threshold=0.59875 0.6482500000000001 0.18114373643181955 0.14323641789800723 0.43975285714285722 0.5041500000000001
decision_type=2 2 2 2 2 2
left_child=2 -2 3 -1 -5 -6
right_child=1 -3 -4 4 5 -7
leaf_value=-0.0015586603408456773 3.1921925625622965e-05 -9.3538096457092325e-05 0.00011719346474150192 3.5929886947256574e-05 -4.1107091205792415e-05 -3.2216246315795415e-05
leaf_weight=60 21 20 37 28 34 20
leaf_count=60 21 20 37 28 34 20
internal_value=-1.90735e-09 0.00760975 -0.00174302 -0.00405634 -0.00117073 -0.00503704
internal_weight=220 41 179 142 82 54
internal_count=220 41 179 142 82 54
is_linear=0
shrinkage=0.08


Tree=186
num_leaves=9
num_cat=0
split_feature=36 9 40 42 42 1 12 0
split_gain=0.517408 0.664866 0.43512 0.466973 1.13781 0.294828 0.271741 0.1
threshold=0.59875 34.500000000000007 0.14215921205985102 0.14643909563383398 0.14551107251080161 151232.75000000003 0.44043876678876687 0.42200000000000004
decision_type=2 2 2 2 2 2 2 2
left_child=2 -2 -1 4 6 -5 -4 -8
right_child=1 -3 3 5 -6 -7 7 -9
leaf_value=-0.0023351800078419489 0.00015318944902626878 -0.00013986327065965165 5.1787816656878228e-05 3.0978307531431826e-05 0.00011116833308117038 -0.00010015864315669791 -0.0012221013491099421 -9.877675603884166e-06
leaf_weight=38 20 21 21 20 22 38 20 20
leaf_count=38 20 21 21 20 22 38 20 20
internal_value=0.00145454 0.00956097 -0.000402237 0.00164539 0.00549397 -0.00386207 -0.000131149 -0.004
internal_weight=220 41 179 141 83 58 61 40
internal_count=220 41 179 141 83 58 61 40
is_linear=0
shrinkage=0.08


Tree=187
num_leaves=7
num_cat=0
split_feature=1 2 26 26 26 9
split_gain=0.472363 0.572339 0.453521 1.07299 0.508242 0.156044
threshold=86476.10000000002 471661.50000000006 0.31960000000000005 0.25270000000000009 0.51125000000000009 43.500000000000007
decision_type=2 2 2 2 2 2
left_child=-1 5 3 -3 -4 -2
right_child=1 2 4 -5 -6 -7
leaf_value=0.00012979614293919279 -8.4021404671293302e-05 -0.00021150273156134614 -9.5979606082181483e-05 9.0652308678198316e-05 5.379524432970793e-05 0.00054631315592701402
leaf_weight=21 71 21 37 22 28 20
leaf_count=21 71 21 37 22 28 20
internal_value=-0.000363638 -0.00156784 0.00237037 0.00874418 -0.00184616 -0.00624176
internal_weight=220 199 108 43 65 91
internal_count=220 199 108 43 65 91
is_linear=0
shrinkage=0.08


Tree=188
num_leaves=6
num_cat=0
split_feature=26 1 13 2 18
split_gain=0.733333 0.66 0.453462 0.414529 0.11275
threshold=0.31960000000000005 194886.05000000002 0.1402824548041621 254489.45000000004 0.65305000000000013
decision_type=2 2 2 2 2
left_child=1 -1 -2 -4 -5
right_child=2 -3 3 4 -6
leaf_value=-2.9794611249818819e-06 6.5667305122410472e-05 3.5804555870597366e-05 7.6513606839672917e-05 -8.9446868294226623e-05 -4.5502762768442808e-05
leaf_weight=25 27 30 25 86 27
leaf_count=25 27 30 25 86 27
internal_value=-1.90735e-09 0.008 -0.00266667 -0.00452174 -0.00658407
internal_weight=220 55 165 138 113
internal_count=220 55 165 138 113
is_linear=0
shrinkage=0.08


Tree=189
num_leaves=7
num_cat=0
split_feature=26 26 13 2 20 18
split_gain=0.409156 1.21748 0.382694 0.346693 0.125366 0.0380952
threshold=0.34055000000000007 0.28190000000000009 0.1402824548041621 254489.45000000004 0.59875 0.6765000000000001
decision_type=2 2 2 2 2 2
left_child=1 -1 -2 -4 5 -5
right_child=2 -3 3 4 -6 -7
leaf_value=-1.0655159745298144e-06 6.0413920712616966e-05 7.7623178404126919e-05 7.0392518292497732e-05 -0.00012272739129835886 -8.4505554201481654e-05 -4.7199880155120078e-05
leaf_weight=37 27 27 25 64 20 20
leaf_count=37 27 27 25 64 20 20
internal_value=0.000363634 0.00575 -0.00184616 -0.00365892 -0.00569231 -0.00704762
internal_weight=220 64 156 129 104 84
internal_count=220 64 156 129 104 84
is_linear=0
shrinkage=0.08


Tree=190
num_leaves=7
num_cat=0
split_feature=2 36 10 1 30 9
split_gain=0.472948 0.56825 0.689459 0.519632 0.46024 0.156044
threshold=471661.50000000006 0.38025000000000003 0.45575593220338989 86476.10000000002 0.36690000000000006 43.500000000000007
decision_type=2 2 2 2 2 2
left_child=3 -2 4 -1 -3 -5
right_child=1 2 -4 5 -6 -7
leaf_value=0.00011310594921915106 -8.9151680663149258e-05 -2.3897559420572849e-05 9.8885498105814962e-05 -6.0325756633341013e-05 1.1583218621557985e-05 0.00051670941415540297
leaf_weight=20 31 34 24 71 20 20
leaf_count=20 31 34 24 71 20 20
internal_value=-1.90735e-09 0.00374312 0.00738461 -0.00367568 0.00237037 -0.00624176
internal_weight=220 109 78 111 54 91
internal_count=220 109 78 111 54 91
is_linear=0
shrinkage=0.08


Tree=191
num_leaves=8
num_cat=0
split_feature=26 2 13 24 11 34 0
split_gain=0.798084 1.27136 0.429355 0.409756 0.233588 0.461538 0.0373418
threshold=0.34055000000000007 530263.05000000016 0.1402824548041621 0.6412000000000001 0.1723341859072445 0.55945000000000011 0.49995000000000006
decision_type=2 2 2 2 2 2 2
left_child=1 -1 -2 -3 6 -6 -4
right_child=2 3 4 -5 5 -7 -8
leaf_value=8.2088312718014106e-06 5.6695761113017485e-05 -3.9440491439302002e-05 -7.6715558417486229e-05 7.0151037912343729e-05 -0.00039723736305826324 0.00012584131051598851 -2.2969462647476359e-05
leaf_weight=23 27 21 59 20 24 26 20
leaf_count=23 27 21 59 20 24 26 20
internal_value=0.000727271 0.00825 -0.00235898 -0.000195124 -0.00427907 -1.90735e-09 -0.00698734
internal_weight=220 64 156 41 129 50 79
internal_count=220 64 156 41 129 50 79
is_linear=0
shrinkage=0.08


Tree=192
num_leaves=6
num_cat=0
split_feature=26 41 34 20 36
split_gain=0.733333 0.875152 0.546157 0.607555 0.32967
threshold=0.31960000000000005 0.49458689228529845 0.5041500000000001 0.29895000000000005 0.62775000000000014
decision_type=2 2 2 2 2
left_child=1 -1 4 -4 -2
right_child=2 -3 3 -5 -6
leaf_value=3.9837681105660389e-05 -0.0001967694426113811 -1.4547127751475327e-05 -7.2636686418342278e-05 0.00010488206758125167 2.2790611639260659e-06
leaf_weight=30 70 25 36 38 21
leaf_count=30 70 25 36 38 21
internal_value=0.00145454 0.00945454 -0.00121212 0.00389189 -0.00536264
internal_weight=220 55 165 74 91
internal_count=220 55 165 74 91
is_linear=0
shrinkage=0.08


Tree=193
num_leaves=7
num_cat=0
split_feature=26 26 1 13 40 36
split_gain=0.583399 0.791807 0.620513 0.352877 0.164193 0.237999
threshold=0.34055000000000007 0.28190000000000009 93561.85000000002 0.1402824548041621 0.14977242898050544 0.32285000000000003
decision_type=2 2 2 2 2 2
left_child=1 -1 -2 -4 -5 -6
right_child=2 -3 3 4 5 -7
leaf_value=2.0648439025755729e-09 4.9742014554639394e-05 6.2508663706836389e-05 3.3946412132875038e-05 -0.00017463552410739862 -0.00012767495632895435 2.1748119914575603e-05
leaf_weight=37 26 27 23 56 22 29
leaf_count=37 26 27 23 56 22 29
internal_value=0.00181818 0.00825 -0.000820515 -0.00307692 -0.00500935 -0.00172549
internal_weight=220 64 156 130 107 51
internal_count=220 64 156 130 107 51
is_linear=0
shrinkage=0.08


Tree=194
num_leaves=7
num_cat=0
split_feature=13 11 13 40 30 0
split_gain=0.412121 0.646446 0.9367 0.273255 0.240698 0.157447
threshold=0.1402824548041621 0.1723341859072445 0.15688005466862531 0.15434141532956672 0.40680000000000005 0.69615000000000016
decision_type=2 2 2 2 2 2
left_child=-1 3 -3 5 -4 -2
right_child=1 2 4 -5 -6 -7
leaf_value=3.2202966347076538e-05 -3.9074924350125439e-05 8.1620228885286586e-05 4.9659430131200019e-05 9.6851658308925643e-06 -0.00083924287658933934 -8.6593174991128005e-06
leaf_weight=33 74 30 20 20 23 20
leaf_count=33 74 30 20 20 23 20
internal_value=0.000727271 -0.000727275 0.00515068 -0.00449123 -0.00241861 -0.00629787
internal_weight=220 187 73 114 43 94
internal_count=220 187 73 114 43 94
is_linear=0
shrinkage=0.08


Tree=195
num_leaves=7
num_cat=0
split_feature=0 13 40 4 39 3
split_gain=0.439557 0.505069 1.32724 0.583333 0.471444 0.307143
threshold=0.41315000000000007 0.15625041368991749 0.14533705427615515 99.475000000000009 0.49673333333333336 12.750000000000002
decision_type=2 2 2 2 2 2
left_child=5 2 3 -2 -3 -1
right_child=1 4 -4 -5 -6 -7
leaf_value=1.4604609624025259e-05 1.9631637438413847e-05 -0.00095457296179421306 2.9620833785404039e-05 -0.00096125135882544114 4.6257590824592187e-05 -0.00035953044776955114
leaf_weight=20 36 35 30 27 29 43
leaf_count=20 36 35 30 27 29 43
internal_value=0.00145454 0.00371974 0.00748387 0.000888887 -0.00175 -0.00419048
internal_weight=220 157 93 63 64 63
internal_count=220 157 93 63 64 63
is_linear=0
shrinkage=0.08


Tree=196
num_leaves=8
num_cat=0
split_feature=4 13 40 4 1 1 1
split_gain=0.584399 0.667092 1.29824 0.730489 0.625541 0.560133 0.0373418
threshold=91.945000000000007 0.15938447139180115 0.14927344394238326 110.64500000000002 93561.85000000002 170719.40000000002 144973.10000000003
decision_type=2 2 2 2 2 2 2
left_child=4 2 3 -2 -1 6 -6
right_child=1 -3 -4 -5 5 -7 -8
leaf_value=4.399677055248879e-05 7.4853502391038204e-05 -0.00054904877502946433 6.5310939012279374e-05 -0.00088435125011940546 -0.00038301864012703547 3.516580260509019e-05 -3.8720132538083124e-05
leaf_weight=27 21 23 23 27 59 20 20
leaf_count=27 21 23 23 27 59 20 20
internal_value=0.00254545 0.00731915 0.0111549 0.00366666 -0.00101587 -0.0039596 -0.00698734
internal_weight=220 94 71 48 126 99 79
internal_count=220 94 71 48 126 99 79
is_linear=0
shrinkage=0.08


Tree=197
num_leaves=7
num_cat=0
split_feature=40 13 12 13 13 3
split_gain=0.72803 1.00538 0.425926 0.320856 0.383444 0.0368421
threshold=0.14956297063102542 0.15794134739314961 0.44384572864321609 0.14020724240569662 0.15446595316205133 21.850000000000005
decision_type=2 2 2 2 2 2
left_child=3 -2 -3 -1 5 -5
right_child=1 2 -4 4 -6 -7
leaf_value=6.8937077282310984e-05 4.3726499782033163e-05 -0.0015100429141455655 5.5741229137209993e-05 -7.8123106066802609e-05 4.8663474959722815e-05 -3.4962827741457217e-06
leaf_weight=30 38 23 27 56 26 20
leaf_count=30 38 23 27 56 26 20
internal_value=0.00181818 0.00745454 -1.90735e-09 -0.0019394 -0.00407843 -0.00694737
internal_weight=220 88 50 132 102 76
internal_count=220 88 50 132 102 76
is_linear=0
shrinkage=0.08


Tree=198
num_leaves=8
num_cat=0
split_feature=1 3 43 30 26 41 1
split_gain=0.61673 0.78392 0.993307 0.822097 0.945591 0.576752 0.0318182
threshold=86476.10000000002 16.850000000000005 -0.26569999999999994 0.37815000000000004 0.31960000000000005 0.49444472125170902 167144.30000000002
decision_type=2 2 2 2 2 2 2
left_child=-1 -2 -3 4 -4 -6 -5
right_child=1 2 3 6 5 -7 -8
leaf_value=6.1063479295225289e-05 -0.0002123625856342757 0.00085628180628647527 6.3889220984287534e-05 -0.00032225775352873334 -0.00034471819543470416 2.7781021814852293e-05 -0.00040974492497665649
leaf_weight=21 52 20 23 20 26 23 35
leaf_count=21 52 20 23 20 26 23 35
internal_value=0.00181818 0.000442209 0.00342857 0.000818896 0.00644444 0.000163263 -0.00654546
internal_weight=220 199 147 127 72 49 55
internal_count=220 199 147 127 72 49 55
is_linear=0
shrinkage=0.08


Tree=199
num_leaves=6
num_cat=0
split_feature=26 26 34 20 41
split_gain=0.91285 1.07364 0.532433 1.29425 0.0957983
threshold=0.34055000000000007 0.28190000000000009 0.51125000000000009 0.29895000000000005 0.49518333333333342
decision_type=2 2 2 2 2
left_child=1 -1 4 -4 -2
right_child=2 -3 3 -5 -6
leaf_value=1.7811900150777276e-06 -9.4639954959638045e-05 5.4710378657359465e-05 -0.00016820739412272274 7.79622184996708e-05 -5.2363643848816892e-05
leaf_weight=37 57 27 34 37 28
leaf_count=37 57 27 34 37 28
internal_value=0.00145454 0.0095 -0.00184616 0.0032676 -0.00611765
internal_weight=220 64 156 71 85
internal_count=220 64 156 71 85
is_linear=0
shrinkage=0.08


Tree=200
num_leaves=9
num_cat=0
split_feature=36 13 13 11 44 40 4 0
split_gain=0.747801 0.647005 1.92484 0.647352 0.580002 0.47619 0.4 0.0267442
threshold=0.27610000000000007 0.15688005466862531 0.15262827166702103 0.1352110702174488 0.88635282496834644 0.15405805558317673 83.015000000000015 0.50880000000000003
decision_type=2 2 2 2 2 2 2 2
left_child=-1 2 3 6 -4 -3 -2 -5
right_child=1 5 4 7 -6 -7 -8 -9
leaf_value=-0.00098356755784854695 -3.5827422759528137e-05 -0.00019568171407752098 7.5966456561412087e-05 -0.00037263087699178056 2.6459872107276666e-05 4.0728365844645811e-05 2.9573892664038912e-05 -8.125989488739374e-06
leaf_weight=34 20 35 26 23 21 21 20 20
leaf_count=34 20 35 26 23 21 21 20 20
internal_value=0.00290909 0.00490322 0.008 0.000674697 0.0209362 -0.00228572 0.008 -0.00613954
internal_weight=220 186 130 83 47 56 40 43
internal_count=220 186 130 83 47 56 40 43
is_linear=0
shrinkage=0.08


Tree=201
num_leaves=8
num_cat=0
split_feature=0 22 42 1 28 40 4
split_gain=0.593053 1.24433 2.3625 0.507937 0.350921 0.680006 0.951452
threshold=0.41315000000000007 0.41710000000000008 0.1470669641669253 90967.950000000012 0.42785000000000006 0.1462378603223268 99.475000000000009
decision_type=2 2 2 2 2 2 2
left_child=3 4 -3 -1 -2 -6 -7
right_child=1 2 -4 -5 5 6 -8
leaf_value=1.3885945534695609e-05 -4.4990998498233207e-05 6.2963141722944632e-05 -0.00090350886924171054 -0.00034941994194303405 -2.2632037619337674e-05 -1.5821698594879207e-05 4.2203099441613434e-05
leaf_weight=21 32 28 20 42 36 21 20
leaf_count=21 32 28 20 42 36 21 20
internal_value=0.00363636 0.00626751 0.017 -0.00292064 0.00154128 0.00446753 0.0115122
internal_weight=220 157 48 63 109 77 41
internal_count=220 157 48 63 109 77 41
is_linear=0
shrinkage=0.08


Tree=202
num_leaves=8
num_cat=0
split_feature=40 13 34 18 24 10 1
split_gain=0.577201 0.857143 1.05 1.50893 0.544538 0.2625 0.111111
threshold=0.14215921205985102 0.15688005466862531 0.55945000000000011 0.36205000000000004 0.49585000000000007 0.43332136222910217 124296.65000000001
decision_type=2 2 2 2 2 2 2
left_child=6 2 3 -2 -3 -5 -1
right_child=1 4 -4 5 -6 -7 -8
leaf_value=-0.00063249802927797338 2.8692184326524431e-05 -0.00020852433513764192 9.7212839052547077e-05 5.6996802004680797e-06 3.00867466388954e-05 -3.0583529942061406e-05 -0.0010817455324871933
leaf_weight=20 36 36 21 20 34 28 25
leaf_count=20 36 36 21 20 34 28 25
internal_value=0.00363636 0.00571428 0.0102857 0.00628571 -0.00114286 -0.003 -0.00444445
internal_weight=220 175 105 84 70 48 45
internal_count=220 175 105 84 70 48 45
is_linear=0
shrinkage=0.08


Tree=203
num_leaves=8
num_cat=0
split_feature=36 9 40 42 30 40 2
split_gain=1.02588 0.966376 0.914324 0.706284 1.30959 0.209046 0.0333333
threshold=0.59875 34.500000000000007 0.14323641789800723 0.14643909563383398 0.44980000000000003 0.15434141532956672 538936.10000000009
decision_type=2 2 2 2 2 2 2
left_child=2 -2 6 4 -4 -5 -1
right_child=1 -3 3 5 -6 -7 -8
leaf_value=-0.0026547891731476957 0.00020299302374328352 2.1260476056340739e-06 0.00066905435692685025 -3.2427534164012501e-05 9.9848373907783309e-06 2.2002996804770528e-05 -0.00029853925914686066
leaf_weight=40 20 21 27 31 35 26 20
leaf_count=40 20 21 27 31 35 26 20
internal_value=0.004 0.0154146 0.00138547 0.00544538 0.0113548 -0.000982458 -0.00666667
internal_weight=220 41 179 119 62 57 60
internal_count=220 41 179 119 62 57 60
is_linear=0
shrinkage=0.08


Tree=204
num_leaves=6
num_cat=0
split_feature=34 32 36 40 3
split_gain=0.540712 1.23361 0.50966 0.557627 0.111451
threshold=0.55945000000000011 0.34590000000000004 0.60930000000000006 0.15405805558317673 22.650000000000002
decision_type=2 2 2 2 2
left_child=2 -2 3 4 -1
right_child=1 -3 -4 -5 -6
leaf_value=-5.5081058808352566e-05 0.00020725229114255798 -3.7197324668076152e-05 6.5664035903590349e-05 3.1141353779638924e-05 -3.2845027176126023e-05
leaf_weight=82 21 38 32 20 27
leaf_count=82 21 38 32 20 27
internal_value=0.000363634 0.00691525 -0.00203727 -0.00427907 -0.00653211
internal_weight=220 59 161 129 109
internal_count=220 59 161 129 109
is_linear=0
shrinkage=0.08


Tree=205
num_leaves=7
num_cat=0
split_feature=11 44 32 24 10 20
split_gain=0.343244 0.535604 0.986984 0.458867 0.412857 0.407273
threshold=0.13192244176095744 0.80988660870373341 0.32685000000000003 0.47960000000000008 0.45803566384180799 0.45770000000000005
decision_type=2 2 2 2 2 2
left_child=-1 -2 -3 -4 5 -5
right_child=1 2 3 4 -6 -7
leaf_value=2.6255839598835401e-05 -1.5553262353739565e-05 0.00016694904245796854 -0.00017088873829432201 -2.2381379025436513e-05 5.0050519895330634e-05 6.0197987419356159e-05
leaf_weight=24 57 23 46 28 20 22
leaf_count=24 57 23 46 28 20 22
internal_value=-0.000363638 -0.00146939 0.00120863 -0.00179311 0.00228571 -0.0016
internal_weight=220 196 139 116 70 50
internal_count=220 196 139 116 70 50
is_linear=0
shrinkage=0.08


Tree=206
num_leaves=8
num_cat=0
split_feature=36 36 0 36 22 1 10
split_gain=0.515929 0.399964 0.488334 0.544189 0.808595 0.12 0.0336066
threshold=0.60930000000000006 0.44245000000000007 0.41315000000000007 0.29690000000000005 0.39120000000000005 101420.25000000001 0.45305734649122814
decision_type=2 2 2 2 2 2 2
left_child=1 2 5 -4 -5 -1 -3
right_child=-2 6 3 4 -6 -7 -8
leaf_value=-3.5889079893504177e-06 3.693167063261774e-05 -2.5415124246613326e-05 -4.2233017401205592e-05 -2.512936769644123e-05 0.00017731617342870386 -0.00056670519468782828 -0.0011677909063506188
leaf_weight=20 38 41 30 20 21 30 20
leaf_count=20 38 41 30 20 21 30 20
internal_value=0.000363634 -0.0014066 0.0012562 0.00552112 0.0115122 -0.0048 -0.00668853
internal_weight=220 182 121 71 41 50 61
internal_count=220 182 121 71 41 50 61
is_linear=0
shrinkage=0.08


Tree=207
num_leaves=6
num_cat=0
split_feature=36 34 28 24 4
split_gain=0.561134 0.409694 0.788167 0.311094 0.437614
threshold=0.60930000000000006 0.55945000000000011 0.29690000000000005 0.5041500000000001 117.44500000000001
decision_type=2 2 2 2 2
left_child=1 3 -3 -1 -5
right_child=-2 2 -4 4 -6
leaf_value=-9.9237590727660661e-05 3.3977136982012352e-05 -0.0003289242481751957 0.00012147373068040733 1.420371743883823e-05 -0.00014355652132055758
leaf_weight=68 38 28 25 25 36
leaf_count=68 38 28 25 25 36
internal_value=-1.90735e-09 -0.00184616 0.00407547 -0.00427907 -0.000131149
internal_weight=220 182 53 129 61
internal_count=220 182 53 129 61
is_linear=0
shrinkage=0.08


Tree=208
num_leaves=8
num_cat=0
split_feature=22 12 12 10 1 1 1
split_gain=0.463976 0.830881 0.873123 0.589367 0.404697 1.07334 0.0350746
threshold=0.44645000000000007 0.44384572864321609 0.44861644059065936 0.42925122807017546 144973.10000000003 181541.00000000003 202184.95000000004
decision_type=2 2 2 2 2 2 2
left_child=1 4 -3 -2 -1 -6 -5
right_child=3 2 -4 6 5 -7 -8
leaf_value=-0.00039288572073907659 2.025440245328492e-06 0.0011247636193729075 -2.8898724779207278e-06 -2.5607189984242382e-05 5.0364122757434434e-05 -1.8379629903353546e-05 -0.00080826233159528901
leaf_weight=28 26 22 23 47 22 32 20
leaf_count=28 26 22 23 47 22 32 20
internal_value=0.00145454 0.00459842 0.0133333 -0.00283871 -0.000195124 0.00385185 -0.00680597
internal_weight=220 127 45 93 82 54 67
internal_count=220 127 45 93 82 54 67
is_linear=0
shrinkage=0.08


Tree=209
num_leaves=6
num_cat=0
split_feature=1 39 11 18 38
split_gain=0.724245 0.62766 0.408782 0.244928 0.296739
threshold=86476.10000000002 0.49957967032967038 0.13192244176095744 0.62775000000000014 0.35730000000000006
decision_type=2 2 2 2 2
left_child=-1 2 -2 4 -4
right_child=1 -3 3 -5 -6
leaf_value=3.6790402557679076e-06 2.0638078004650917e-05 1.6582886898502628e-05 -8.6654118374126718e-05 1.6712034238029355e-05 2.9883542284941512e-05
leaf_weight=21 20 32 91 32 24
leaf_count=21 20 32 91 32 24
internal_value=0.000727271 -0.000763821 -0.00273054 -0.00419048 -0.00591305
internal_weight=220 199 167 147 115
internal_count=220 199 167 147 115
is_linear=0
shrinkage=0.08


Tree=210
num_leaves=9
num_cat=0
split_feature=1 22 44 39 24 10 0 0
split_gain=0.762002 0.487336 0.476736 0.556902 0.807285 0.229315 0.0282609 0.0261905
threshold=86476.10000000002 0.5041500000000001 0.80339395161875571 0.49908363095238101 0.40350000000000003 0.43583583333333337 0.53025000000000011 0.52100000000000013
decision_type=2 2 2 2 2 2 2 2
left_child=-1 2 7 4 -4 -6 -7 -2
right_child=1 -3 3 -5 5 6 -8 -9
leaf_value=3.3847170353057184e-06 -9.0134179150071325e-05 -0.00022668910264704462 0.0011410594106932989 3.2395068415583641e-05 9.3612278557597549e-06 -0.00023857299835696751 -2.2426953108961155e-05 -1.4511994017996897e-05
leaf_weight=21 22 50 21 20 20 26 20 20
leaf_count=21 22 50 21 20 20 26 20 20
internal_value=0.000363634 -0.00116583 0.00112751 0.00396261 0.0011954 -0.00315152 -0.00626087 -0.00609524
internal_weight=220 199 149 107 87 66 46 42
internal_count=220 199 149 107 87 66 46 42
is_linear=0
shrinkage=0.08


Tree=211
num_leaves=7
num_cat=0
split_feature=28 13 40 10 26 22
split_gain=0.502366 0.702119 0.395792 0.754209 0.486532 0.144444
threshold=0.56575000000000009 0.15616306561231461 0.14260447318774325 0.43125122807017552 0.59420000000000006 0.37700000000000006
decision_type=2 2 2 2 2 2
left_child=2 -2 -1 -4 5 -5
right_child=1 -3 3 4 -6 -7
leaf_value=-0.001111099640706498 6.1547667187645828e-05 -0.00017593553604559837 1.3865399517160801e-05 -1.2904846464206842e-05 9.9833963310280073e-05 -7.0540050009246431e-05
leaf_weight=43 31 20 27 20 27 52
leaf_count=43 31 20 27 20 27 52
internal_value=0.000727271 0.00768627 -0.00137278 0.000888887 -0.00234344 -0.00577778
internal_weight=220 51 169 126 99 72
internal_count=220 51 169 126 99 72
is_linear=0
shrinkage=0.08


Tree=212
num_leaves=7
num_cat=0
split_feature=13 39 26 32 20 2
split_gain=0.643939 0.588745 0.391 0.207475 0.414079 0.1
threshold=0.1402824548041621 0.49957967032967038 0.32315000000000005 0.32685000000000003 0.36095000000000005 695497.10000000021
decision_type=2 2 2 2 2 2
left_child=-1 2 5 4 -4 -2
right_child=1 -3 3 -5 -6 -7
leaf_value=3.8678918918623714e-05 8.0833406127246271e-06 1.5787059452627567e-05 4.7433766656299539e-05 -0.00037838310670780648 -4.7201678417374945e-06 -7.8679507995154439e-06
leaf_weight=33 20 33 21 68 25 20
leaf_count=33 20 33 21 68 25 20
internal_value=0.00109091 -0.000727275 -0.0028052 -0.00519298 -0.00104348 0.004
internal_weight=220 187 154 114 46 40
internal_count=220 187 154 114 46 40
is_linear=0
shrinkage=0.08


Tree=213
num_leaves=8
num_cat=0
split_feature=0 13 22 36 39 34 3
split_gain=0.924037 0.875153 1.48867 1.32505 0.309133 0.113043 0.034127
threshold=0.41315000000000007 0.15688005466862531 0.42410000000000009 0.56575000000000009 0.49673333333333336 0.39425000000000004 12.750000000000002
decision_type=2 2 2 2 2 2 2
left_child=6 2 3 5 -3 -2 -1
right_child=1 4 -4 -5 -6 -7 -8
leaf_value=-8.5331926323555652e-07 -4.0271687888152575e-05 -0.0010561169002701845 0.00011373158729120609 5.2260470351159155e-05 1.6896055451884809e-05 -6.5875839025613894e-05 -0.00014843385179247283
leaf_weight=20 26 33 26 24 28 20 43
leaf_count=20 26 33 26 24 28 20 43
internal_value=0.00145454 0.00473885 0.0095 0.00342857 -0.0027541 -0.00452174 -0.00673016
internal_weight=220 157 96 70 61 46 63
internal_count=220 157 96 70 61 46 63
is_linear=0
shrinkage=0.08


Tree=214
num_leaves=8
num_cat=0
split_feature=36 40 39 30 39 40 2
split_gain=0.905855 0.544184 0.538211 1.17993 0.292575 0.113553 0.0336066
threshold=0.60930000000000006 0.14323641789800723 0.49300285087719303 0.47960000000000008 0.49957967032967038 0.15373558104780508 538936.10000000009
decision_type=2 2 2 2 2 2 2
left_child=1 6 3 -3 5 -4 -1
right_child=-2 2 4 -5 -6 -7 -8
leaf_value=-0.0022319890789132294 2.4391316630365126e-05 0.00081995909894961639 -0.00022080762472431942 -6.1783339841681111e-07 1.2518512989964534e-05 -6.6676327261491422e-05 -0.00021591899275841763
leaf_weight=41 38 20 31 26 23 21 20
leaf_count=41 38 20 31 26 23 21 20
internal_value=0.00181818 -0.000527474 0.00257851 0.0093913 -0.0016 -0.00492308 -0.00668853
internal_weight=220 182 121 46 75 52 61
internal_count=220 182 121 46 75 52 61
is_linear=0
shrinkage=0.08


Tree=215
num_leaves=7
num_cat=0
split_feature=36 9 10 42 22 40
split_gain=1.13548 1.28926 0.506067 0.700606 0.246216 0.203784
threshold=0.59875 34.500000000000007 0.4533193518518519 0.14643909563383398 0.62775000000000014 0.14977242898050544
decision_type=2 2 2 2 2 2
left_child=2 -2 4 -4 5 -1
right_child=1 -3 3 -5 -6 -7
leaf_value=-0.00018288079232854607 0.00026303772019219048 -7.3985242175991206e-05 0.00014227845187097379 -0.00032433124197188233 7.4187097140574526e-06 -6.4949883642801682e-06
leaf_weight=73 20 21 30 25 20 31
leaf_count=73 20 21 30 25 20 31
internal_value=0.00145454 0.0134634 -0.00129609 0.00509091 -0.00412903 -0.00569231
internal_weight=220 41 179 55 124 104
internal_count=220 41 179 55 124 104
is_linear=0
shrinkage=0.08


Tree=216
num_leaves=6
num_cat=0
split_feature=34 18 1 26 11
split_gain=0.364219 0.397388 0.512592 0.194066 0.0408257
threshold=0.24840000000000004 0.6412000000000001 86476.10000000002 0.31960000000000005 0.1324881047245785
decision_type=2 2 2 2 2
left_child=-1 2 -2 -4 -5
right_child=1 -3 3 4 -6
leaf_value=1.3206588448218409e-05 5.4462114823380426e-05 0.0001036163551874424 -3.331024148771134e-06 -4.2571028197116221e-05 -5.1924026928963799e-05
leaf_weight=25 20 36 30 20 89
leaf_count=25 20 36 30 20 89
internal_value=-0.00109091 -0.00225641 -0.00397484 -0.00569784 -0.00726606
internal_weight=220 195 159 139 109
internal_count=220 195 159 139 109
is_linear=0
shrinkage=0.08


Tree=217
num_leaves=5
num_cat=0
split_feature=18 10 42 24
split_gain=0.37193 0.57623 0.270249 0.354801
threshold=0.63485000000000014 0.42891312500000006 0.14413191754257532 0.66575000000000017
decision_type=2 2 2 2
left_child=1 -1 -3 -4
right_child=-2 2 3 -5
leaf_value=1.1921247630697474e-05 7.6551256254020884e-05 0.00021944342891079216 -4.4472357320877819e-05 1.1057845339337015e-05
leaf_weight=39 39 20 101 21
leaf_count=39 39 20 101 21
internal_value=-0.000727275 -0.00225415 -0.00461972 -0.00603279
internal_weight=220 181 142 122
internal_count=220 181 142 122
is_linear=0
shrinkage=0.08


Tree=218
num_leaves=6
num_cat=0
split_feature=34 10 26 1 11
split_gain=0.335664 0.404595 0.640212 0.525214 0.130631
threshold=0.24840000000000004 0.4533193518518519 0.51125000000000009 90967.950000000012 0.17955691325933967
decision_type=2 2 2 2 2
left_child=-1 3 -3 -2 -5
right_child=1 2 -4 4 -6
leaf_value=1.1196361561907491e-05 3.7852599912960843e-05 -7.5486553516059134e-05 0.00016454853344681668 -3.3453052291942057e-05 -5.0892648300233172e-05
leaf_weight=25 21 36 27 87 24
leaf_count=25 21 36 27 87 24
internal_value=-0.000727275 -0.00184616 0.00342857 -0.00436364 -0.00655856
internal_weight=220 195 63 132 111
internal_count=220 195 63 132 111
is_linear=0
shrinkage=0.08


Tree=219
num_leaves=5
num_cat=0
split_feature=24 42 18 32
split_gain=0.448565 0.386112 0.817818 0.544454
threshold=0.66575000000000017 0.1445535972586259 0.38840000000000002 0.32685000000000003
decision_type=2 2 2 2
left_child=1 2 -1 -3
right_child=-2 3 -4 -5
leaf_value=0.00012206148987862731 1.8233549919772913e-05 3.2997202289069186e-05 -0.00019852636808263783 -3.5149509115099686e-05
leaf_weight=20 30 34 39 97
leaf_count=20 30 34 39 97
internal_value=-0.00109091 -0.00252632 0.00284746 -0.00494657
internal_weight=220 190 59 131
internal_count=220 190 59 131
is_linear=0
shrinkage=0.08


Tree=220
num_leaves=6
num_cat=0
split_feature=32 32 44 42 10
split_gain=0.331364 0.375 0.98 0.407643 0.167742
threshold=0.70650000000000013 0.32685000000000003 0.7899272527762784 0.14381419954098415 0.4322181403508773
decision_type=2 2 2 2 2
left_child=1 2 -1 -3 -5
right_child=-2 3 -4 4 -6
leaf_value=-7.3199760558259115e-05 3.3107763178094783e-05 5.4813831514875392e-05 0.00012470589839256213 -2.5514625879516195e-06 -3.5686405904579781e-05
leaf_weight=25 20 26 25 20 104
leaf_count=25 20 26 25 20 104
internal_value=-0.00181818 -0.0028 0.0032 -0.0048 -0.00670968
internal_weight=220 200 50 150 124
internal_count=220 200 50 150 124
is_linear=0
shrinkage=0.08


Tree=221
num_leaves=5
num_cat=0
split_feature=24 18 42 20
split_gain=0.523206 0.372256 0.438819 0.612745
threshold=0.66575000000000017 0.6412000000000001 0.1445535972586259 0.49455000000000005
decision_type=2 2 2 2
left_child=1 2 3 -1
right_child=-2 -3 -4 -5
leaf_value=-4.5999042858563457e-05 1.4411516705645452e-05 2.9045790730430183e-05 -1.6229115437845294e-05 0.00021514078859476247
leaf_weight=34 30 32 104 20
leaf_count=34 30 32 104 20
internal_value=-0.00181818 -0.00336842 -0.00496203 0.000888887
internal_weight=220 190 158 54
internal_count=220 190 158 54
is_linear=0
shrinkage=0.08


Tree=222
num_leaves=5
num_cat=0
split_feature=24 32 44 42
split_gain=0.603589 0.35797 0.72 0.310714
threshold=0.66575000000000017 0.32685000000000003 0.7899272527762784 0.14381419954098415
decision_type=2 2 2 2
left_child=1 2 -1 -3
right_child=-2 3 -4 -5
leaf_value=-6.604545047856753e-05 1.3258595369191836e-05 6.1333387798329992e-05 0.00010347321188399015 -2.776089669174268e-05
leaf_weight=25 30 24 25 116
leaf_count=25 30 24 25 116
internal_value=-0.00254546 -0.00421053 0.0016 -0.00628572
internal_weight=220 190 50 140
internal_count=220 190 50 140
is_linear=0
shrinkage=0.08


Tree=223
num_leaves=6
num_cat=0
split_feature=28 32 32 0 20
split_gain=0.481582 0.437634 0.472184 0.52108 0.0413043
threshold=0.60930000000000006 0.70650000000000013 0.32685000000000003 0.33910000000000007 0.51595000000000002
decision_type=2 2 2 2 2
left_child=1 2 3 -1 -4
right_child=-2 -3 4 -5 -6
leaf_value=-0.00013117279280548753 1.6030143118939813e-05 2.8245533157859328e-05 -5.2365947761819022e-05 0.00082969308072539214 -4.7348066545736232e-06
leaf_weight=27 38 20 95 20 20
leaf_count=27 38 20 95 20 20
internal_value=-0.00145455 -0.00316484 -0.00454321 0.00221276 -0.00730435
internal_weight=220 182 162 47 115
internal_count=220 182 162 47 115
is_linear=0
shrinkage=0.08


Tree=224
num_leaves=6
num_cat=0
split_feature=24 42 32 18 3
split_gain=0.562679 0.296053 0.234779 0.409756 0.040991
threshold=0.66575000000000017 0.14397379901760524 0.32685000000000003 0.4834500000000001 23.950000000000006
decision_type=2 2 2 2 2
left_child=1 -1 3 -3 -4
right_child=-2 2 4 -5 -6
leaf_value=2.7555249750053513e-05 1.0035987531672652e-05 -0.00011722867697728004 -3.7217551785956017e-05 0.00078931599730653116 -8.0142059186105726e-06
leaf_weight=38 30 21 91 20 20
leaf_count=38 30 21 91 20 20
internal_value=-0.00218182 -0.00378948 -0.00536842 -0.000195124 -0.00727928
internal_weight=220 190 152 41 111
internal_count=220 190 152 41 111
is_linear=0
shrinkage=0.08


Tree=225
num_leaves=6
num_cat=0
split_feature=39 28 11 44 3
split_gain=0.65918 0.442858 0.563254 0.0374696 0.133333
threshold=0.49957967032967038 0.60930000000000006 0.18434775412985091 0.8386888283584516 17.900000000000002
decision_type=2 2 2 2 2
left_child=1 2 3 4 -1
right_child=-2 -3 -4 -5 -6
leaf_value=-6.9599719957865456e-05 2.593672352560153e-06 5.8683605306375831e-05 4.8612005447822794e-06 -9.5606468759546552e-05 -3.0670551525166645e-05
leaf_weight=40 33 29 21 77 20
leaf_count=40 33 29 21 77 20
internal_value=-0.00145455 -0.00329412 -0.00496203 -0.00683212 -0.00533334
internal_weight=220 187 158 137 60
internal_count=220 187 158 137 60
is_linear=0
shrinkage=0.08


Tree=226
num_leaves=6
num_cat=0
split_feature=44 39 11 44 44
split_gain=0.766288 0.700379 0.522466 0.135809 0.515751
threshold=1.1517074688276927 0.49994648648648654 0.13192244176095744 0.8386888283584516 0.7899272527762784
decision_type=2 2 2 2 2
left_child=1 2 -1 4 -4
right_child=-2 -3 3 -5 -6
leaf_value=0.00010036445728500626 1.8185345511822528e-05 1.8108913932435826e-06 -0.00019824639436583758 -0.0001053915080460444 9.4401163569458684e-05
leaf_weight=20 28 27 44 80 21
leaf_count=20 28 27 44 80 21
internal_value=-0.000363638 -0.00216667 -0.00412121 -0.00579311 -0.00307692
internal_weight=220 192 165 145 65
internal_count=220 192 165 145 65
is_linear=0
shrinkage=0.08


Tree=227
num_leaves=6
num_cat=0
split_feature=39 28 9 9 12
split_gain=0.65918 0.442858 0.349106 0.568182 0.0412281
threshold=0.49957967032967038 0.60930000000000006 41.500000000000007 47.500000000000007 0.44918837545822887
decision_type=2 2 2 2 2
left_child=1 2 4 -4 -1
right_child=-2 -3 3 -5 -6
leaf_value=-6.4172654842560299e-05 2.2413072528928571e-06 5.1314640222364635e-05 0.0013067710218834681 -7.0426901647250385e-05 -0.00060291535316823368
leaf_weight=94 33 29 22 22 20
leaf_count=94 33 29 22 22 20
internal_value=-0.00145455 -0.00329412 -0.00496203 0.00109091 -0.00729825
internal_weight=220 187 158 44 114
internal_count=220 187 158 44 114
is_linear=0
shrinkage=0.08


Tree=228
num_leaves=6
num_cat=0
split_feature=3 38 28 43 0
split_gain=0.614251 0.685315 0.292392 0.32767 0.040099
threshold=21.850000000000005 0.29940000000000005 0.60930000000000006 -0.29729999999999995 0.53025000000000011
decision_type=2 2 2 2 2
left_child=2 -2 3 -1 -5
right_child=1 -3 -4 4 -6
leaf_value=0.0007783442811437535 3.0096144065386675e-06 -0.00015726159701093256 3.3251449838947576e-05 -9.2387228832902166e-05 -2.9359481137796554e-05
leaf_weight=20 39 33 27 81 20
leaf_count=20 39 33 27 81 20
internal_value=-0.000727275 0.00533333 -0.00367568 -0.00535537 -0.00720792
internal_weight=220 72 148 121 101
internal_count=220 72 148 121 101
is_linear=0
shrinkage=0.08


Tree=229
num_leaves=6
num_cat=0
split_feature=3 38 42 18 0
split_gain=0.690172 0.685315 0.335892 0.135521 0.040099
threshold=21.850000000000005 0.29940000000000005 0.14381419954098415 0.65305000000000013 0.53025000000000011
decision_type=2 2 2 2 2
left_child=2 -2 -1 4 -4
right_child=1 -3 3 -5 -6
leaf_value=3.2985626043687773e-05 2.7688452540132015e-06 -0.00014468066925006016 -6.0469180507126607e-05 0.00064760685927651724 -3.1223745365667004e-05
leaf_weight=27 39 33 81 20 20
leaf_count=27 39 33 81 20 20
internal_value=-0.00109091 0.00533333 -0.00421622 -0.00601653 -0.00720792
internal_weight=220 72 148 121 101
internal_count=220 72 148 121 101
is_linear=0
shrinkage=0.08


Tree=230
num_leaves=5
num_cat=0
split_feature=3 38 28 40
split_gain=0.690172 0.685315 0.335892 0.168863
threshold=21.850000000000005 0.29940000000000005 0.60930000000000006 0.14977242898050544
decision_type=2 2 2 2
left_child=2 -2 3 -1
right_child=1 -3 -4 -5
leaf_value=-6.9410711583850466e-05 2.5473376336951724e-06 -0.00013310621571005862 3.2438319117302912e-05 -2.3861710600401686e-05
leaf_weight=84 39 33 27 37
leaf_count=84 39 33 27 37
internal_value=-0.00109091 0.00533333 -0.00421622 -0.00601653
internal_weight=220 72 148 121
internal_count=220 72 148 121
is_linear=0
shrinkage=0.08


Tree=231
num_leaves=6
num_cat=0
split_feature=3 38 13 2 12
split_gain=0.542752 0.685315 0.273005 0.170521 0.0631579
threshold=21.850000000000005 0.29940000000000005 0.14020724240569662 254489.45000000004 0.44120322960075281
decision_type=2 2 2 2 2
left_child=2 -2 -1 -4 -5
right_child=1 -3 3 4 -6
leaf_value=3.2865110743812054e-06 2.3435506229977185e-06 -0.00012245771845324714 -7.9612269074317602e-06 -3.3768663274290511e-05 -0.00010603580304589019
leaf_weight=26 39 33 27 38 57
leaf_count=26 39 33 27 38 57
internal_value=-0.000363638 0.00533333 -0.00313514 -0.00472131 -0.00631579
internal_weight=220 72 148 122 95
internal_count=220 72 148 122 95
is_linear=0
shrinkage=0.08


Tree=232
num_leaves=8
num_cat=0
split_feature=3 4 18 28 34 12 2
split_gain=0.546608 0.517906 0.549789 0.272523 0.588643 0.275464 0.0321429
threshold=21.850000000000005 112.13500000000002 0.34055000000000007 0.30210000000000009 0.51125000000000009 0.43975285714285722 461649.75000000006
decision_type=2 2 2 2 2 2 2
left_child=3 -2 -3 -1 5 -5 -7
right_child=1 2 -4 4 -6 6 -8
leaf_value=-0.00014207923022763709 1.452143096592755e-06 -0.00089416633154290907 2.3829031549367948e-05 2.8799064104773898e-06 0.0013811280501923478 -0.0028273972121894875 -2.3820545838546449e-05
leaf_weight=37 23 29 20 29 26 36 20
leaf_count=37 23 29 20 29 26 36 20
internal_value=0.000727271 0.00644444 0.00179592 -0.00205406 -7.2074e-05 -0.00329412 -0.00657143
internal_weight=220 72 49 148 111 85 56
internal_count=220 72 49 148 111 85 56
is_linear=0
shrinkage=0.08


Tree=233
num_leaves=7
num_cat=0
split_feature=24 22 39 1 38 3
split_gain=0.617544 0.422622 0.338527 0.512007 0.136364 0.0376543
threshold=0.66575000000000017 0.28320000000000006 0.49300285087719303 170719.40000000002 -0.16539999999999996 21.850000000000005
decision_type=2 2 2 2 2 2
left_child=1 -1 3 4 -3 -4
right_child=-2 2 5 -5 -6 -7
leaf_value=2.1239798549535684e-06 2.7000093562046818e-05 -6.6974195292526619e-06 -0.00015943439249573388 1.7499196763111423e-06 -0.00019182510586271504 -1.0484272272315597e-07
leaf_weight=33 30 30 61 21 25 20
leaf_count=33 30 30 61 21 25 20
internal_value=-1.90735e-09 -0.00168421 -0.00341401 0.000421051 -0.00363637 -0.00701235
internal_weight=220 190 157 76 55 81
internal_count=220 190 157 76 55 81
is_linear=0
shrinkage=0.08


Tree=234
num_leaves=7
num_cat=0
split_feature=44 22 42 11 44 4
split_gain=0.488366 0.472591 0.189057 0.176333 0.414079 0.039011
threshold=1.1517074688276927 0.28320000000000006 0.14391113987529222 0.17955691325933967 0.89325060562819181 114.19500000000001
decision_type=2 2 2 2 2 2
left_child=1 -1 -3 5 -5 -4
right_child=-2 2 3 4 -6 -7
leaf_value=1.9540614665539314e-06 5.3164425910194795e-05 3.2610361194233988e-06 -3.8496848384565181e-05 0.00014233418143580487 -0.00054197170992938083 -6.5456086222063199e-05
leaf_weight=33 28 22 71 21 25 20
leaf_count=33 28 22 71 21 25 20
internal_value=-0.000727275 -0.00216667 -0.00397484 -0.00508029 -0.00104348 -0.00712088
internal_weight=220 192 159 137 46 91
internal_count=220 192 159 137 46 91
is_linear=0
shrinkage=0.08


Tree=235
num_leaves=7
num_cat=0
split_feature=39 11 28 22 10 13
split_gain=0.840394 0.482442 0.557895 0.210889 0.0415538 0.107744
threshold=0.50025395631936986 0.18575846131766424 0.60930000000000006 0.60480000000000012 0.44427618421052634 0.149600981097566
decision_type=2 2 2 2 2 2
left_child=1 2 3 4 -1 -6
right_child=-2 -3 -4 -5 5 -7
leaf_value=-0.00018794309798086004 5.1348581198321954e-06 0.00017723011329825748 0.00011178888459949455 -4.6019372901661297e-06 -0.00026054736477247706 -2.6493410263592052e-06
leaf_weight=69 21 24 26 26 32 22
leaf_count=69 21 24 26 26 32 22
internal_value=-0.000363638 -0.00196985 -0.00342857 -0.00531544 -0.00669919 -0.00503704
internal_weight=220 199 175 149 123 54
internal_count=220 199 175 149 123 54
is_linear=0
shrinkage=0.08


Tree=236
num_leaves=7
num_cat=0
split_feature=39 42 10 11 38 0
split_gain=0.840394 0.443657 1.16667 0.60823 0.443429 0.240698
threshold=0.50025395631936986 0.14397379901760524 0.42657514611338404 0.17405353132410423 -0.17599999999999996 0.51810000000000012
decision_type=2 2 2 2 2 2
left_child=1 2 -1 -3 -5 -6
right_child=-2 3 -4 4 5 -7
leaf_value=-0.00043203935518233331 4.7240694702469811e-06 -7.2018173871186668e-05 7.956466039081728e-05 0.00086961599249096193 -0.0004937723764132265 1.622599003874575e-05
leaf_weight=21 21 94 21 20 23 20
leaf_count=21 21 94 21 20 23 20
internal_value=-0.000363638 -0.00196985 0.00533333 -0.00392357 0.00215873 -0.00241861
internal_weight=220 199 42 157 63 43
internal_count=220 199 42 157 63 43
is_linear=0
shrinkage=0.08


Tree=237
num_leaves=7
num_cat=0
split_feature=39 44 42 11 12 4
split_gain=0.840394 0.448208 0.284497 0.282614 0.0477343 0.118367
threshold=0.50025395631936986 1.0835549437572818 0.14381419954098415 0.18434775412985091 0.44120322960075281 82.365000000000023
decision_type=2 2 2 2 2 2
left_child=1 2 -1 4 5 -4
right_child=-2 -3 3 -5 -6 -7
leaf_value=6.5413615411457788e-05 4.3461439126250314e-06 5.6350894647773759e-06 -5.2897684495626824e-05 1.2744839675355222e-06 -0.00018004464158605159 -2.0032714053799077e-06
leaf_weight=27 21 33 29 21 69 20
leaf_count=27 21 33 29 21 69 20
internal_value=-0.000363638 -0.00196985 -0.00366265 -0.0051223 -0.00664407 -0.0047347
internal_weight=220 199 166 139 118 49
internal_count=220 199 166 139 118 49
is_linear=0
shrinkage=0.08


Tree=238
num_leaves=7
num_cat=0
split_feature=24 2 4 2 44 2
split_gain=1.02667 1.89078 0.240698 0.199433 0.392328 0.154545
threshold=0.51800000000000013 598738.50000000012 141.80500000000004 370119.40000000008 0.77064783164122652 556675.40000000014
decision_type=2 2 2 2 2 2
left_child=3 -2 -3 4 -1 -5
right_child=1 2 -4 5 -6 -7
leaf_value=-0.00031489790712794716 8.2150538597455312e-06 -0.0011076506231962123 0.00011531580466692156 -5.6135683982079461e-05 5.0254694401884637e-05 -8.3579816622474148e-07
leaf_weight=25 27 23 20 68 37 20
leaf_count=25 27 23 20 68 37 20
internal_value=-1.90735e-09 0.008 -0.00241861 -0.00373334 -0.000258066 -0.00618182
internal_weight=220 70 43 150 62 88
internal_count=220 70 43 150 62 88
is_linear=0
shrinkage=0.08


Tree=239
num_leaves=7
num_cat=0
split_feature=24 2 44 39 39 4
split_gain=1.27122 1.40831 0.427907 0.317184 0.564553 0.26393
threshold=0.49585000000000007 598738.50000000012 0.99536509517393734 0.49453071303331392 0.49212156633547638 54.220000000000006
decision_type=2 2 2 2 2 2
left_child=3 -2 -3 4 5 -1
right_child=1 2 -4 -5 -6 -7
leaf_value=1.7109102450095857e-05 4.9392831448260783e-06 -0.0014894000879469131 0.00010609054029356563 -5.1644827710307353e-05 0.0026218317201586699 -0.00069426259474363527
leaf_weight=22 36 23 20 58 21 40
leaf_count=22 36 23 20 58 21 40
internal_value=0.00109091 0.00921519 -0.000558141 -0.00346099 -0.000289159 -0.00412903
internal_weight=220 79 43 141 83 62
internal_count=220 79 43 141 83 62
is_linear=0
shrinkage=0.08


Tree=240
num_leaves=8
num_cat=0
split_feature=39 1 11 44 44 3 0
split_gain=1.38887 0.798007 0.799488 0.264616 0.522606 0.0355072 0.0267442
threshold=0.50025395631936986 271956.90000000008 0.1324881047245785 0.87904444964411421 0.7899272527762784 22.650000000000002 0.42385000000000006
decision_type=2 2 2 2 2 2 2
left_child=1 2 -1 4 6 -5 -4
right_child=-2 -3 3 5 -6 -7 -8
leaf_value=1.4248197727933757e-05 1.0844522777791064e-05 9.7603297070078816e-05 -0.00011543663500705303 -0.00081113475078179928 1.5578675798221385e-05 -0.00023509554781899424 -0.00091659739546614215
leaf_weight=29 21 20 20 49 38 20 23
leaf_count=29 21 20 20 49 38 20 23
internal_value=0.00290909 0.000844219 -0.000849164 -0.0032 -9.87673e-05 -0.00684058 -0.00613954
internal_weight=220 199 179 150 81 69 43
internal_count=220 199 179 150 81 69 43
is_linear=0
shrinkage=0.08


Tree=241
num_leaves=8
num_cat=0
split_feature=41 41 36 28 20 34 34
split_gain=1.31364 0.65508 0.755361 0.568455 0.600134 0.504412 0.625
threshold=0.49970096153846161 0.49596723592662878 0.59875 0.43270000000000003 0.38790000000000008 0.5041500000000001 0.66575000000000017
decision_type=2 2 2 2 2 2 2
left_child=1 2 3 4 5 -1 -7
right_child=-2 -3 -4 -5 -6 6 -8
leaf_value=-0.00040202601291301272 7.1348107595573613e-05 -0.00017099077345189499 6.7398276575596891e-05 -0.00062191885091983942 4.1543078765281351e-05 0.00070814388638322241 -0.00020866405183317567
leaf_weight=28 22 45 28 37 20 20 20
leaf_count=28 22 45 28 37 20 20 20
internal_value=0.00254545 0.000484847 0.00298039 0.000319998 0.00381818 0.000235292 0.006
internal_weight=220 198 153 125 88 68 40
internal_count=220 198 153 125 88 68 40
is_linear=0
shrinkage=0.08


Tree=242
num_leaves=8
num_cat=0
split_feature=36 9 40 28 12 22 1
split_gain=0.539464 0.64419 0.619383 0.801151 0.4121 0.132203 0.0327586
threshold=0.32285000000000003 46.500000000000007 0.14977242898050544 0.60930000000000006 0.44964975490196085 0.5041500000000001 167144.30000000002
decision_type=2 2 2 2 2 2 2
left_child=6 2 3 4 5 -2 -1
right_child=1 -3 -4 -5 -6 -7 -8
leaf_value=-8.6010303406052599e-05 -0.00017041268288500296 -0.0002084182809247066 7.309987092264814e-05 0.00016709754504504049 1.7293116317613228e-05 8.1551238425911849e-07 -6.1677804273064908e-05
leaf_weight=38 39 31 32 20 20 20 20
leaf_count=38 39 31 32 20 20 20 20
internal_value=-1.90735e-09 0.00237037 0.00482443 0.00169697 -0.00192405 -0.00528814 -0.00662069
internal_weight=220 162 131 99 79 59 58
internal_count=220 162 131 99 79 59 58
is_linear=0
shrinkage=0.08


Tree=243
num_leaves=8
num_cat=0
split_feature=36 13 44 40 24 11 1
split_gain=0.664492 0.631307 0.512231 1.31697 0.215459 0.305122 0.0327586
threshold=0.32285000000000003 0.1402824548041621 0.8386888283584516 0.14560319106763031 0.49585000000000007 0.17405353132410423 167144.30000000002
decision_type=2 2 2 2 2 2 2
left_child=6 -2 3 -3 -4 -6 -1
right_child=1 2 4 -5 5 -7 -8
leaf_value=-7.9129479133568779e-05 3.6877155707867037e-05 -9.726148614023373e-05 -7.3980538932704067e-05 6.6567566168230504e-05 -1.1703445460458815e-05 4.1947002305014364e-05 -5.6743579931218928e-05
leaf_weight=38 24 29 32 30 27 20 20
leaf_count=38 24 29 32 30 27 20 20
internal_value=0.000727271 0.00335802 0.00127536 0.00691525 -0.00293671 0.000510636 -0.00662069
internal_weight=220 162 138 59 79 47 58
internal_count=220 162 138 59 79 47 58
is_linear=0
shrinkage=0.08


Tree=244
num_leaves=7
num_cat=0
split_feature=36 22 0 41 9 1
split_gain=0.802539 0.768383 1.45635 0.466167 0.486786 0.0327586
threshold=0.32285000000000003 0.42410000000000009 0.41315000000000007 0.49313804922046134 22.500000000000004 167144.30000000002
decision_type=2 2 2 2 2 2
left_child=5 3 -3 -2 -5 -1
right_child=1 2 -4 4 -6 -7
leaf_value=-7.2799120802882609e-05 -6.8064407039411756e-05 -4.0268426396426768e-05 4.8393431288048802e-05 -4.9551752640772389e-06 0.00021111089002485601 -5.2204093536719735e-05
leaf_weight=38 33 38 30 32 29 20
leaf_count=38 33 38 30 32 29 20
internal_value=0.00145454 0.00434568 0.0108235 -0.000340427 0.00380328 -0.00662069
internal_weight=220 162 68 94 61 58
internal_count=220 162 68 94 61 58
is_linear=0
shrinkage=0.08


Tree=245
num_leaves=9
num_cat=0
split_feature=36 28 0 40 40 1 1 0
split_gain=0.60035 0.843106 0.777351 0.289635 0.514245 0.503704 0.0327586 0.0256098
threshold=0.32285000000000003 0.40290000000000009 0.40635000000000004 0.15068550082432761 0.14560319106763031 132388.45000000004 167144.30000000002 0.68545000000000011
decision_type=2 2 2 2 2 2 2 2
left_child=6 2 -2 4 5 -3 -1 -5
right_child=1 3 -4 7 -6 -7 -8 -9
leaf_value=-6.6975191138652216e-05 -5.9200975553182404e-06 0.00013610483722311883 0.0007063320268878981 -8.1446079362581501e-06 5.2957167615504031e-05 -4.2333358418947045e-05 -4.802776605378101e-05 -3.7919359702513991e-05
leaf_weight=38 23 20 20 21 24 34 20 20
leaf_count=38 23 20 20 21 24 34 20 20
internal_value=0.000363634 0.0028642 0.0124651 -0.000605044 0.00225641 -0.00207408 -0.00662069 -0.00604878
internal_weight=220 162 43 119 78 54 58 41
internal_count=220 162 43 119 78 54 58 41
is_linear=0
shrinkage=0.08


Tree=246
num_leaves=6
num_cat=0
split_feature=41 1 11 9 13
split_gain=0.768182 0.441671 0.443618 0.375423 0.111111
threshold=0.49970096153846161 93561.85000000002 0.17405353132410423 46.500000000000007 0.14020724240569662
decision_type=2 2 2 2 2
left_child=1 -1 4 -4 -3
right_child=-2 2 3 -5 -6
leaf_value=1.5059648426150353e-05 5.3466012581556564e-05 -1.1368292741367021e-05 4.8703201930474089e-05 -4.6052028488992143e-05 -9.9820123662802928e-05
leaf_weight=25 22 27 37 28 81
leaf_count=25 22 27 37 28 81
internal_value=-0.000363638 -0.0019394 -0.00337572 0.00184615 -0.00651852
internal_weight=220 198 173 65 108
internal_count=220 198 173 65 108
is_linear=0
shrinkage=0.08


Tree=247
num_leaves=7
num_cat=0
split_feature=1 44 13 40 42 1
split_gain=0.424747 0.506674 0.487013 1.63636 0.519481 0.0361111
threshold=271956.90000000008 0.91624378023149422 0.15740734592845149 0.14560319106763031 0.14381419954098415 141354.95000000004
decision_type=2 2 2 2 2 2
left_child=1 2 3 4 -1 -3
right_child=-2 5 -4 -5 -6 -7
leaf_value=2.8504112090294332e-05 5.9015820001411875e-05 -0.00023100425717661983 -0.00019025274633190748 4.8506673735861276e-05 -6.0275555809288007e-05 -4.6023472307589065e-05
leaf_weight=21 22 20 27 33 45 52
leaf_count=21 22 20 27 33 45 52
internal_value=-0.000363638 -0.00153536 0.00152381 0.00412121 -0.00315152 -0.00688889
internal_weight=220 198 126 99 66 72
internal_count=220 198 126 99 66 72
is_linear=0
shrinkage=0.08


Tree=248
num_leaves=6
num_cat=0
split_feature=39 1 11 9 20
split_gain=0.57041 0.381287 0.396495 0.444646 0.163303
threshold=0.49957967032967038 86476.10000000002 0.17405353132410423 46.500000000000007 0.57840000000000014
decision_type=2 2 2 2 2
left_child=1 -1 4 -4 -3
right_child=-2 2 3 -5 -6
leaf_value=1.6432518072407136e-05 4.1750375672848656e-05 -5.1257954947222773e-05 3.7359249087283263e-05 -0.00019202517952641854 1.4306674168930313e-08
leaf_weight=20 33 89 38 20 20
leaf_count=20 33 89 38 20 20
internal_value=-0.000727275 -0.0024385 -0.00368862 0.00165517 -0.00653211
internal_weight=220 187 167 58 109
internal_count=220 187 167 58 109
is_linear=0
shrinkage=0.08


Tree=249
num_leaves=7
num_cat=0
split_feature=44 13 40 42 3 1
split_gain=0.279101 0.483537 1.56991 0.523099 0.28826 0.0359155
threshold=0.91624378023149422 0.15740734592845149 0.14560319106763031 0.14381419954098415 27.050000000000004 141354.95000000004
decision_type=2 2 2 2 2 2
left_child=1 2 3 -1 5 -2
right_child=4 -3 -4 -5 -6 -7
leaf_value=2.4909184259460901e-05 -0.00020896480153779592 -0.00017920298072974269 3.9271560516603683e-05 -5.4574731713946876e-05 6.3003392868007176e-05 -2.6898974801034068e-05
leaf_weight=21 20 28 34 46 20 51
leaf_count=21 20 28 34 46 20 51
internal_value=-0.00109091 0.00130232 0.00388119 -0.00322388 -0.00448352 -0.00687324
internal_weight=220 129 101 67 91 71
internal_count=220 129 101 67 91 71
is_linear=0
shrinkage=0.08


Tree=250
num_leaves=6
num_cat=0
split_feature=28 39 11 2 41
split_gain=0.86015 0.518159 0.486562 0.438312 0.113665
threshold=0.60930000000000006 0.49957967032967038 0.17955691325933967 486831.70000000007 0.49255735253296323
decision_type=2 2 2 2 2
left_child=1 2 4 -4 -1
right_child=-2 -3 3 -5 -6
leaf_value=-4.7133407516329801e-05 1.3834075722276587e-05 4.5031398430857835e-05 0.00068172079034509723 -7.5192806088480088e-06 -4.4662595261578751e-05
leaf_weight=27 38 24 20 22 89
leaf_count=27 38 24 20 22 89
internal_value=-1.90735e-09 -0.00228572 -0.00394937 0.00342857 -0.00662069
internal_weight=220 182 158 42 116
internal_count=220 182 158 42 116
is_linear=0
shrinkage=0.08


Tree=251
num_leaves=5
num_cat=0
split_feature=28 18 9 2
split_gain=0.760934 0.372617 0.276173 0.0892121
threshold=0.60930000000000006 0.68495000000000006 14.500000000000002 598738.50000000012
decision_type=2 2 2 2
left_child=1 2 -1 -4
right_child=-2 -3 3 -5
leaf_value=-5.4645684785236954e-08 1.2727349664493305e-05 9.5322051881515854e-05 -3.6418641988929583e-05 -7.948371918846365e-05
leaf_weight=34 38 23 92 33
leaf_count=34 38 23 92 33
internal_value=-0.00145455 -0.0036044 -0.00498113 -0.00672
internal_weight=220 182 159 125
internal_count=220 182 159 125
is_linear=0
shrinkage=0.08


Tree=252
num_leaves=8
num_cat=0
split_feature=36 13 40 13 10 12 2
split_gain=0.547263 0.936643 0.502449 0.768379 0.254348 0.131107 0.0392473
threshold=0.59875 0.15589674774287812 0.14977242898050544 0.15664062453862657 0.4606052631578948 0.45022280444964874 581594.80000000016
decision_type=2 2 2 2 2 2 2
left_child=2 -2 5 -4 -5 6 -1
right_child=1 -3 3 4 -6 -7 -8
leaf_value=-3.9763376985738137e-05 0.00011118064256154789 -4.9503015708231147e-06 0.00068756574628693005 -4.8672647038074132e-05 1.2696812557397071e-05 -2.1860166941606031e-05 -0.004006306149787621
leaf_weight=73 20 21 20 26 20 20 20
leaf_count=73 20 21 20 26 20 20 20
internal_value=-0.000727275 0.00760975 -0.00263687 0.00290909 -0.00278261 -0.00587611 -0.00713979
internal_weight=220 41 179 66 46 113 93
internal_count=220 41 179 66 46 113 93
is_linear=0
shrinkage=0.08


Tree=253
num_leaves=7
num_cat=0
split_feature=22 1 34 20 3 0
split_gain=0.383523 0.523197 0.996377 0.962215 0.28826 0.0359155
threshold=0.51800000000000013 148913.20000000004 0.57405000000000006 0.58950000000000002 27.050000000000004 0.47085000000000005
decision_type=2 2 2 2 2 2
left_child=1 2 3 -1 5 -3
right_child=-2 4 -4 -5 -6 -7
leaf_value=0.00028422949632382356 -3.9870418598962462e-05 -2.5672770568860304e-05 -0.0001896827805241413 -4.1401258917864205e-05 4.6821290998088206e-05 -1.3565928930417351e-05
leaf_weight=23 60 20 25 21 20 51
leaf_count=23 60 20 25 21 20 51
internal_value=-0.00254546 -0.000500002 0.00475362 0.012 -0.00448352 -0.00687324
internal_weight=220 160 69 44 91 71
internal_count=220 160 69 44 91 71
is_linear=0
shrinkage=0.08


Tree=254
num_leaves=6
num_cat=0
split_feature=10 22 2 1 1
split_gain=0.31366 0.238167 0.405671 0.291656 0.0363014
threshold=0.46204457919345415 0.44645000000000007 375205.55000000005 132388.45000000004 252832.85000000003
decision_type=2 2 2 2 2
left_child=1 2 -1 -4 -5
right_child=-2 -3 3 4 -6
leaf_value=0.0027396458029166591 7.0622169932480536e-06 -2.5216639099790214e-05 9.2010724877383482e-05 -2.3392272011344935e-05 -3.3356916112686983e-05
leaf_weight=20 25 82 20 53 20
leaf_count=20 25 82 20 53 20
internal_value=-0.00363637 -0.00471795 -0.00233629 -0.00455914 -0.00690411
internal_weight=220 195 113 93 73
internal_count=220 195 113 93 73
is_linear=0
shrinkage=0.08


Tree=255
num_leaves=6
num_cat=0
split_feature=42 1 18 36 0
split_gain=0.306203 0.281257 0.120887 0.153846 2.22045e-16
threshold=0.14381419954098415 271956.90000000008 0.69310000000000016 0.65305000000000013 0.70710000000000017
decision_type=2 2 2 2 2
left_child=-1 2 3 4 -2
right_child=1 -3 -4 -5 -6
leaf_value=3.0300841503595953e-05 -3.4663458479884059e-05 4.5420789407185428e-05 -0.00021586554386634032 -2.8808997025364564e-07 -2.9815654469247692e-05
leaf_weight=36 100 20 21 22 21
leaf_count=36 100 20 21 22 21
internal_value=-0.00363637 -0.00495652 -0.00604878 -0.00688112 -0.008
internal_weight=220 184 164 143 121
internal_count=220 184 164 143 121
is_linear=0
shrinkage=0.08


Tree=256
num_leaves=5
num_cat=0
split_feature=36 18 42 0
split_gain=0.305697 0.307753 0.0898943 0.0424812
threshold=0.60930000000000006 0.69310000000000016 0.14378958888987353 0.72450000000000003
decision_type=2 2 2 2
left_child=1 2 -1 -4
right_child=-2 -3 3 -5
leaf_value=-9.4505615634158527e-06 3.7679333936246562e-06 0.00071336997583844048 -2.7473584241755485e-05 -0.00018873597882988893
leaf_weight=29 38 20 113 20
leaf_count=29 38 20 113 20
internal_value=-0.004 -0.00536264 -0.00651852 -0.0073985
internal_weight=220 182 162 133
internal_count=220 182 162 133
is_linear=0
shrinkage=0.08


Tree=257
num_leaves=5
num_cat=0
split_feature=36 18 42 0
split_gain=0.305697 0.307753 0.0898943 0.0424812
threshold=0.60930000000000006 0.69310000000000016 0.14378958888987353 0.72450000000000003
decision_type=2 2 2 2
left_child=1 2 -1 -4
right_child=-2 -3 3 -5
leaf_value=-8.6945166383415456e-06 3.4664987221344144e-06 0.00065630037777136612 -2.5275697502417746e-05 -0.00017363710052350039
leaf_weight=29 38 20 113 20
leaf_count=29 38 20 113 20
internal_value=-0.004 -0.00536264 -0.00651852 -0.0073985
internal_weight=220 182 162 133
internal_count=220 182 162 133
is_linear=0
shrinkage=0.08


Tree=258
num_leaves=5
num_cat=0
split_feature=28 2 9 13
split_gain=0.346011 0.576376 0.149801 0.0423664
threshold=0.56575000000000009 480616.25000000006 43.500000000000007 0.14013221829097791
decision_type=2 2 2 2
left_child=2 -2 3 -1
right_child=1 -3 -4 -5
leaf_value=-6.3497690715337365e-06 -9.7964436841222544e-06 3.8020272926626413e-05 -2.0422511570123348e-05 -2.8279942284664932e-05
leaf_weight=20 31 20 38 111
leaf_count=20 31 20 38 111
internal_value=-0.00436364 0.00141176 -0.00610651 -0.00738931
internal_weight=220 51 169 131
internal_count=220 51 169 131
is_linear=0
shrinkage=0.08


Tree=259
num_leaves=5
num_cat=0
split_feature=22 42 32 44
split_gain=0.269613 0.338108 0.528065 0.279365
threshold=0.44645000000000007 0.14643909563383398 0.40855000000000002 0.90739517541439241
decision_type=2 2 2 2
left_child=1 2 -1 -4
right_child=-2 -3 3 -5
leaf_value=0.0025094099246107081 -1.6408767932446622e-05 -2.3372307916560121e-05 -2.6328540826117921e-05 3.4978645411312688e-05
leaf_weight=20 93 44 33 30
leaf_count=20 93 44 33 30
internal_value=-0.00472727 -0.00233071 0.000674697 -0.00292064
internal_weight=220 127 83 63
internal_count=220 127 83 63
is_linear=0
shrinkage=0.08


Tree=260
num_leaves=6
num_cat=0
split_feature=42 1 18 12 0
split_gain=0.375769 0.119008 0.142591 0.043007 2.22045e-16
threshold=0.14381419954098415 271956.90000000008 0.69310000000000016 0.43581738690269589 0.70710000000000017
decision_type=2 2 2 2 2
left_child=-1 2 3 -2 -5
right_child=1 -3 -4 4 -6
leaf_value=2.7318771578589843e-05 -1.1947356282728261e-05 -1.0251361499373232e-05 -0.00030403769918605958 -1.8339508644127724e-05 -1.8841769112102996e-05
leaf_weight=36 20 20 21 102 21
leaf_count=36 20 20 21 102 21
internal_value=-0.00436364 -0.00582609 -0.00653659 -0.00744056 -0.008
internal_weight=220 184 164 143 123
internal_count=220 184 164 143 123
is_linear=0
shrinkage=0.08


Tree=261
num_leaves=5
num_cat=0
split_feature=28 13 9 13
split_gain=0.346011 0.627451 0.149801 0.0423664
threshold=0.56575000000000009 0.15509480850728183 43.500000000000007 0.14013221829097791
decision_type=2 2 2 2
left_child=2 -2 3 -1
right_child=1 -3 -4 -5
leaf_value=-5.4912612045077011e-06 3.8946802645247341e-05 -0.00010900395396862291 -1.5784878126869823e-05 -2.3611104493550817e-05
leaf_weight=20 27 24 38 111
leaf_count=20 27 24 38 111
internal_value=-0.00436364 0.00141176 -0.00610651 -0.00738931
internal_weight=220 51 169 131
internal_count=220 51 169 131
is_linear=0
shrinkage=0.08


Tree=262
num_leaves=5
num_cat=0
split_feature=28 2 9 13
split_gain=0.346011 0.576376 0.149801 0.0423664
threshold=0.56575000000000009 480616.25000000006 43.500000000000007 0.14013221829097791
decision_type=2 2 2 2
left_child=2 -2 3 -1
right_child=1 -3 -4 -5
leaf_value=-5.0519603081455733e-06 -1.3001261614307183e-05 2.9584164464816704e-05 -1.4522087876717302e-05 -2.1722216134066065e-05
leaf_weight=20 31 20 38 111
leaf_count=20 31 20 38 111
internal_value=-0.00436364 0.00141176 -0.00610651 -0.00738931
internal_weight=220 51 169 131
internal_count=220 51 169 131
is_linear=0
shrinkage=0.08


Tree=263
num_leaves=5
num_cat=0
split_feature=28 2 9 13
split_gain=0.346011 0.576376 0.149801 0.0423664
threshold=0.56575000000000009 480616.25000000006 43.500000000000007 0.14013221829097791
decision_type=2 2 2 2
left_child=2 -2 3 -1
right_child=1 -3 -4 -5
leaf_value=-4.6478034834935718e-06 -1.196116068516332e-05 2.7217431307628542e-05 -1.3360320846582591e-05 -1.9984438843341515e-05
leaf_weight=20 31 20 38 111
leaf_count=20 31 20 38 111
internal_value=-0.00436364 0.00141176 -0.00610651 -0.00738931
internal_weight=220 51 169 131
internal_count=220 51 169 131
is_linear=0
shrinkage=0.08


Tree=264
num_leaves=6
num_cat=0
split_feature=39 13 11 13 0
split_gain=0.48935 0.299887 0.159905 0.194897 0.0256098
threshold=0.49994648648648654 0.14020724240569662 0.17405353132410423 0.15601991285857342 0.49995000000000006
decision_type=2 2 2 2 2
left_child=1 -1 -3 -4 -5
right_child=-2 2 3 4 -6
leaf_value=2.9869002377039197e-05 1.7031253337796542e-06 -3.2008954213776146e-05 2.2957735109854699e-05 -1.3159099541471466e-05 -1.2924684181994896e-05
leaf_weight=30 27 101 21 21 20
leaf_count=30 27 101 21 21 20
internal_value=-0.00327273 -0.00468394 -0.00603681 -0.00283871 -0.00604878
internal_weight=220 193 163 62 41
internal_count=220 193 163 62 41
is_linear=0
shrinkage=0.08


Tree=265
num_leaves=5
num_cat=0
split_feature=36 18 42 0
split_gain=0.667795 0.222703 0.157501 0.0418699
threshold=0.60930000000000006 0.68495000000000006 0.14397379901760524 0.72450000000000003
decision_type=2 2 2 2
left_child=1 2 -1 -4
right_child=-2 -3 3 -5
leaf_value=-4.8851938829140924e-06 3.6705692502187032e-06 -1.6886908889861448e-06 -1.623566468001953e-05 -0.00014945916000185568
leaf_weight=36 38 23 103 20
leaf_count=36 38 23 103 20
internal_value=-0.00290909 -0.00492308 -0.00598742 -0.0073496
internal_weight=220 182 159 123
internal_count=220 182 159 123
is_linear=0
shrinkage=0.08


Tree=266
num_leaves=5
num_cat=0
split_feature=36 18 42 0
split_gain=0.448417 0.222703 0.157501 0.0418699
threshold=0.60930000000000006 0.68495000000000006 0.14397379901760524 0.72450000000000003
decision_type=2 2 2 2
left_child=1 2 -1 -4
right_child=-2 -3 3 -5
leaf_value=-4.4943783722827324e-06 3.3769237102016074e-06 -1.5535956178651562e-06 -1.4936811505618826e-05 -0.00013750242720170748
leaf_weight=36 38 23 103 20
leaf_count=36 38 23 103 20
internal_value=-0.00327273 -0.00492308 -0.00598742 -0.0073496
internal_weight=220 182 159 123
internal_count=220 182 159 123
is_linear=0
shrinkage=0.08


Tree=267
num_leaves=5
num_cat=0
split_feature=39 28 9 11
split_gain=0.454706 0.267018 0.121615 0.0894661
threshold=0.49994648648648654 0.60930000000000006 43.500000000000007 0.1335044337641548
decision_type=2 2 2 2
left_child=1 2 3 -1
right_child=-2 -3 -4 -5
leaf_value=-9.6966907973199729e-06 1.4969857949538641e-06 2.8939637948909244e-06 -9.3780178853692846e-06 -2.7585824876711256e-05
leaf_weight=33 27 30 37 93
leaf_count=33 27 30 37 93
internal_value=-0.00290909 -0.00426943 -0.00554601 -0.00673016
internal_weight=220 193 163 126
internal_count=220 193 163 126
is_linear=0
shrinkage=0.08


Tree=268
num_leaves=6
num_cat=0
split_feature=36 18 1 2 43
split_gain=0.333183 0.205089 0.109686 0.41958 0.159596
threshold=0.60930000000000006 0.6412000000000001 134825.25000000003 316188.70000000007 0.40355000000000002
decision_type=2 2 2 2 2
left_child=1 2 3 -1 -4
right_child=-2 -3 4 -5 -6
leaf_value=-1.0468260922964503e-05 2.9870109497861624e-06 3.6250896985655561e-07 -4.2687044013636201e-05 1.2529763064731652e-06 -3.5452479904711828e-05
leaf_weight=30 38 31 79 22 20
leaf_count=30 38 31 79 22 20
internal_value=-0.00218182 -0.0036044 -0.00482119 -0.00184616 -0.00638384
internal_weight=220 182 151 52 99
internal_count=220 182 151 52 99
is_linear=0
shrinkage=0.08


Tree=269
num_leaves=6
num_cat=0
split_feature=34 13 11 42 0
split_gain=0.4703 0.422101 0.369023 0.0753938 0.28341
threshold=0.28190000000000009 0.1402824548041621 0.18575846131766424 0.14537088020015845 0.43085000000000001
decision_type=2 2 2 2 2
left_child=-1 -2 3 4 -3
right_child=1 2 -4 -5 -6
leaf_value=2.7367911017458439e-06 9.0406933608910803e-05 -0.00032022599238470598 1.9371264280497007e-06 -2.2642096926512251e-05 6.0206549598280132e-07
leaf_weight=37 28 41 26 67 21
leaf_count=37 28 41 26 67 21
internal_value=-0.00109091 -0.0027541 -0.0043871 -0.00613954 -0.00412903
internal_weight=220 183 155 129 62
internal_count=220 183 155 129 62
is_linear=0
shrinkage=0.08


Tree=270
num_leaves=7
num_cat=0
split_feature=41 26 39 42 0 41
split_gain=0.565714 0.81 0.6987 0.50169 0.13848 0.0406542
threshold=0.49262295850951382 0.44025000000000009 0.49994648648648654 0.14397379901760524 0.71660000000000001 0.4929228741252038
decision_type=2 2 2 2 2 2
left_child=1 -1 3 -2 5 -5
right_child=2 -3 -4 4 -6 -7
leaf_value=-1.342705627881059e-05 4.230800581049812e-06 4.8803849257273887e-05 2.5967283809635805e-06 -8.9099782241484432e-05 -3.1213945387746041e-05 -4.7142402288678908e-05
leaf_weight=25 21 20 27 20 20 87
leaf_count=25 21 20 27 20 20 87
internal_value=-1.90735e-09 0.008 -0.00205714 -0.00421622 -0.00611024 -0.00725234
internal_weight=220 45 175 148 127 107
internal_count=220 45 175 148 127 107
is_linear=0
shrinkage=0.08


Tree=271
num_leaves=8
num_cat=0
split_feature=36 40 12 22 39 26 1
split_gain=0.547263 0.936643 0.295781 0.530702 0.352941 0.112381 0.0303922
threshold=0.59875 0.14913469999564888 0.44280870306370262 0.60480000000000012 0.49247921052631582 0.32315000000000005 140421.35000000001
decision_type=2 2 2 2 2 2 2
left_child=2 -2 3 4 6 -4 -1
right_child=1 -3 5 -5 -6 -7 -8
leaf_value=-0.0015188870187594222 6.2411897995861626e-05 -0.00018214572263994502 -1.5765157924584175e-05 1.2134875995961454e-05 3.3059625708024864e-06 -5.708230904931921e-05 -0.00021479855349303533
leaf_weight=20 20 21 25 20 24 59 31
leaf_count=20 20 21 25 20 24 59 31
internal_value=-0.000727275 0.00760975 -0.00263687 0.000421051 -0.00266667 -0.00609524 -0.00643137
internal_weight=220 41 179 95 75 84 51
internal_count=220 41 179 95 75 84 51
is_linear=0
shrinkage=0.08


Tree=272
num_leaves=7
num_cat=0
split_feature=13 2 0 10 20 44
split_gain=0.449287 0.37793 0.31449 0.314527 0.412088 0.246143
threshold=0.1402824548041621 254489.45000000004 0.43085000000000001 0.44592288135593228 0.4834500000000001 0.95546704059047072
decision_type=2 2 2 2 2 2
left_child=-1 -2 -3 4 -4 -5
right_child=1 2 3 5 -6 -7
leaf_value=8.1977724629063633e-06 1.4437179223541385e-05 -0.00021066924193841806 4.0876725943938417e-06 -0.0001141275421761817 -4.0297182444908745e-06 1.346114799733786e-05
leaf_weight=33 25 48 24 39 28 23
leaf_count=33 25 48 24 39 28 23
internal_value=0.000363634 -0.00115508 -0.0025679 -0.000280704 0.00430769 -0.00412903
internal_weight=220 187 162 114 52 62
internal_count=220 187 162 114 52 62
is_linear=0
shrinkage=0.08


Tree=273
num_leaves=8
num_cat=0
split_feature=4 2 38 41 18 0 0
split_gain=0.365274 0.907643 0.798387 0.671613 0.220663 0.113043 0.0359155
threshold=118.77500000000002 582847.00000000012 0.14029999999999998 0.49262295850951382 0.6412000000000001 0.71660000000000001 0.50085000000000013
decision_type=2 2 2 2 2 2 2
left_child=1 2 3 -1 6 -2 -5
right_child=5 -3 -4 4 -6 -7 -8
leaf_value=1.3331195076670734e-05 -3.2445757959636656e-05 8.1243620538216787e-06 3.4631713663957874e-06 -0.00012361307846663988 -5.6917018834943104e-05 -2.9017996280727432e-05 -0.0002214041652003808
leaf_weight=34 26 25 20 51 24 20 20
leaf_count=34 26 25 20 51 24 20 20
internal_value=0.00181818 0.00349425 0.00112751 -0.0011783 -0.00463158 -0.00452174 -0.00687324
internal_weight=220 174 149 129 95 46 71
internal_count=220 174 149 129 95 46 71
is_linear=0
shrinkage=0.08


Tree=274
num_leaves=8
num_cat=0
split_feature=30 0 22 32 1 9 10
split_gain=0.454545 0.661653 1.32923 0.564154 0.458009 0.244565 0.0295918
threshold=0.6765000000000001 0.41315000000000007 0.42410000000000009 0.54250000000000009 207489.25000000003 24.500000000000004 0.44077068965517247
decision_type=2 2 2 2 2 2 2
left_child=1 6 3 5 -5 -3 -1
right_child=-2 2 -4 4 -6 -7 -8
leaf_value=-0.00034583117283411432 1.1618820763427105e-05 -6.5033860598261151e-05 1.917440317167642e-05 9.4094262266489891e-06 -1.0736703967595505e-05 -8.065905003861087e-05 -0.00068778861931862562
leaf_weight=20 22 24 38 20 22 45 29
leaf_count=20 22 24 38 20 22 45 29
internal_value=0.00290909 0.00169697 0.00434899 -7.2074e-05 0.00723809 -0.00452174 -0.00636735
internal_weight=220 198 149 111 42 69 49
internal_count=220 198 149 111 42 69 49
is_linear=0
shrinkage=0.08


Tree=275
num_leaves=8
num_cat=0
split_feature=30 24 4 13 13 43 22
split_gain=0.454545 0.517251 1.12667 0.362069 0.336417 0.641803 0.292105
threshold=0.6765000000000001 0.49585000000000007 110.64500000000002 0.15487301793225952 0.15601991285857342 -0.23634999999999995 0.32155000000000006
decision_type=2 2 2 2 2 2 2
left_child=1 4 -3 -4 5 -1 -7
right_child=-2 2 3 -5 -6 6 -8
leaf_value=0.00014427687339258974 1.0689315102351247e-05 7.2950902573758077e-06 -0.00019897155563887068 2.2638707824414339e-06 -0.00026762226600449807 4.893736037334201e-05 -0.0012113537317139439
leaf_weight=30 22 25 21 29 36 20 37
leaf_count=30 22 25 21 29 36 20 37
internal_value=0.00290909 0.00169697 0.00693333 -1.90735e-09 -0.00149594 0.0011954 -0.00378948
internal_weight=220 198 75 50 123 87 57
internal_count=220 198 75 50 123 87 57
is_linear=0
shrinkage=0.08


Tree=276
num_leaves=8
num_cat=0
split_feature=36 44 44 24 42 13 13
split_gain=0.776065 0.864703 2.11143 0.493421 0.414943 0.166667 0.362319
threshold=0.65305000000000013 0.8386888283584516 0.7899272527762784 0.31960000000000005 0.14410329172397487 0.15664062453862657 0.15938447139180115
decision_type=2 2 2 2 2 2 2
left_child=1 2 3 -1 -3 -6 -7
right_child=-2 4 -4 -5 5 6 -8
leaf_value=-0.0002345526698141643 1.4299688383961501e-05 7.6950651797636426e-05 2.8514952393615627e-05 1.2447632960255894e-05 -3.6157991428600091e-05 1.8027656908377907e-06 -0.00083529560695926963
leaf_weight=25 26 20 21 32 48 23 25
leaf_count=25 26 20 21 32 48 23 25
internal_value=0.00363636 0.00189691 0.00841025 0.000421051 -0.00248276 -0.00466667 -0.00133334
internal_weight=220 194 78 57 116 96 48
internal_count=220 194 78 57 116 96 48
is_linear=0
shrinkage=0.08


Tree=277
num_leaves=6
num_cat=0
split_feature=30 28 39 9 13
split_gain=0.808081 0.684862 0.603571 0.457032 0.320856
threshold=0.6765000000000001 0.60930000000000006 0.49957967032967038 41.500000000000007 0.14013221829097791
decision_type=2 2 2 2 2
left_child=1 2 3 4 -1
right_child=-2 -3 -4 -5 -6
leaf_value=4.7982037350064906e-06 7.7531430367776484e-06 2.1554941664580395e-05 7.6743012009522053e-06 3.2205567715380214e-05 -0.00022249115206585804
leaf_weight=22 22 38 20 38 80
leaf_count=22 22 38 20 38 80
internal_value=0.00290909 0.00129293 -0.001 -0.00285714 -0.00564706
internal_weight=220 198 160 140 102
internal_count=220 198 160 140 102
is_linear=0
shrinkage=0.08


Tree=278
num_leaves=7
num_cat=0
split_feature=30 18 12 2 41 0
split_gain=0.808081 0.494949 0.565336 0.226068 0.235378 0.0359155
threshold=0.6765000000000001 0.29040000000000005 0.45210638492063498 556675.40000000014 0.49287545252018944 0.50665000000000016
decision_type=2 2 2 2 2 2
left_child=1 -1 3 4 -3 -6
right_child=-2 2 -4 -5 5 -7
leaf_value=1.6493736175036295e-05 7.1328915938333401e-06 1.3959241101953392e-05 1.8020780486983464e-05 7.53247141487044e-06 -0.0002053538435602738 -0.00011255370186419651
leaf_weight=36 22 35 20 36 51 20
leaf_count=36 22 35 20 36 51 20
internal_value=0.00290909 0.00129293 -0.000592594 -0.0023662 -0.00422642 -0.00687324
internal_weight=220 198 162 142 106 71
internal_count=220 198 162 142 106 71
is_linear=0
shrinkage=0.08


Tree=279
num_leaves=6
num_cat=0
split_feature=30 28 0 22 32
split_gain=0.84899 0.464766 0.556818 1.45628 0.21326
threshold=0.6765000000000001 0.60930000000000006 0.41720000000000007 0.42410000000000009 0.54250000000000009
decision_type=2 2 2 2 2
left_child=1 2 -1 4 -4
right_child=-2 -3 3 -5 -6
leaf_value=-0.00033528441002287577 6.5622602663277733e-06 1.8571875140300036e-05 -0.0001114636510104715 8.71256162011802e-05 1.1579797258841172e-07
leaf_weight=50 22 38 39 33 38
leaf_count=50 22 38 39 33 38
internal_value=0.00254545 0.000888887 -0.001 0.00218182 -0.00384416
internal_weight=220 198 160 110 77
internal_count=220 198 160 110 77
is_linear=0
shrinkage=0.08


Tree=280
num_leaves=8
num_cat=0
split_feature=30 34 38 42 18 10 0
split_gain=0.84899 0.468168 0.702529 0.409756 0.405062 0.254368 0.0363014
threshold=0.6765000000000001 0.51125000000000009 -0.17934999999999998 0.14588796841686644 0.29040000000000005 0.45439968965517247 0.33695000000000003
decision_type=2 2 2 2 2 2 2
left_child=1 4 3 -3 -1 6 -6
right_child=-2 2 -4 -5 5 -7 -8
leaf_value=1.0184082097804174e-05 6.037279445019633e-06 0.00068203576780324741 3.692660386852048e-05 -0.00016385861544870425 -0.00017141900715684277 2.0723764762591292e-05 -0.00010688705765588856
leaf_weight=36 22 20 26 21 20 22 53
leaf_count=36 22 20 26 21 20 22 53
internal_value=0.00254545 0.000888887 0.00632836 -0.000195124 -0.00189313 -0.00463158 -0.00690411
internal_weight=220 198 67 41 131 95 73
internal_count=220 198 67 41 131 95 73
is_linear=0
shrinkage=0.08


Tree=281
num_leaves=9
num_cat=0
split_feature=30 0 22 42 38 2 1 10
split_gain=0.729293 0.729614 1.05533 0.9 0.547465 0.88205 0.28341 0.0295918
threshold=0.6765000000000001 0.41315000000000007 0.41710000000000008 0.14692329184351247 0.059049999999999943 445290.45000000007 252832.85000000003 0.44077068965517247
decision_type=2 2 2 2 2 2 2 2
left_child=1 7 4 -4 5 -3 -6 -1
right_child=-2 2 3 -5 6 -7 -8 -9
leaf_value=-0.00015770548658429584 5.5542970894166761e-06 -0.00033307170375684967 0.000670270692782009 9.5898513512446194e-06 -9.4518762394771695e-05 9.1983105626033531e-06 1.0839580830799619e-05 -0.00056253220737848334
leaf_weight=20 22 22 20 20 41 25 21 29
leaf_count=20 22 22 20 20 41 25 21 29
internal_value=0.00363636 0.00210101 0.0048859 0.016 0.000807338 0.00731915 -0.00412903 -0.00636735
internal_weight=220 198 149 40 109 47 62 49
internal_count=220 198 149 40 109 47 62 49
is_linear=0
shrinkage=0.08


Tree=282
num_leaves=8
num_cat=0
split_feature=36 9 28 22 41 34 9
split_gain=0.633057 0.951452 0.637652 0.620431 0.805704 1.07299 0.136508
threshold=0.59875 34.500000000000007 0.47310000000000002 0.38790000000000008 0.49304286182132923 0.4834500000000001 26.500000000000004
decision_type=2 2 2 2 2 2 2
left_child=2 -2 3 -1 5 -5 -6
right_child=1 -3 -4 4 6 -7 -8
leaf_value=7.4045466456029897e-06 0.00011613091731557289 -6.8403273558453192e-06 -0.00011513854743500727 -0.00013059122688825154 -0.00011595320927306085 9.2614827783944372e-06 -6.2668168668779436e-06
leaf_weight=30 20 21 43 21 43 22 20
leaf_count=30 20 21 43 21 43 22 20
internal_value=0.00254545 0.0115122 0.000491618 0.00317647 0.000301885 0.00874418 -0.00546032
internal_weight=220 41 179 136 106 43 63
internal_count=220 41 179 136 106 43 63
is_linear=0
shrinkage=0.08


Tree=283
num_leaves=6
num_cat=0
split_feature=1 32 43 43 3
split_gain=0.651609 0.596146 0.941176 0.596356 0.145864
threshold=86476.10000000002 0.52360000000000018 0.37000000000000005 -0.28749999999999992 17.400000000000002
decision_type=2 2 2 2 2
left_child=-1 3 -3 -2 -5
right_child=1 2 -4 4 -6
leaf_value=1.4190134234146183e-05 6.6390762423858147e-06 9.8636089451366167e-06 -1.7352138813177281e-05 -9.9493865215038603e-05 -6.4736220005089109e-05
leaf_weight=21 25 34 34 39 67
leaf_count=21 25 34 34 39 67
internal_value=0.00145454 4.01991e-05 0.00611765 -0.00311451 -0.00573585
internal_weight=220 199 68 131 106
internal_count=220 199 68 131 106
is_linear=0
shrinkage=0.08


Tree=284
num_leaves=8
num_cat=0
split_feature=1 28 39 41 9 39 44
split_gain=0.58281 0.479104 0.639877 0.263438 0.315421 0.403333 0.711169
threshold=86476.10000000002 0.24840000000000004 0.49994648648648654 0.49596723592662878 46.500000000000007 0.48907711864406783 0.91624378023149422
decision_type=2 2 2 2 2 2 2
left_child=-1 -2 3 4 5 -3 -7
right_child=1 2 -4 -5 -6 6 -8
leaf_value=1.3054923495414276e-05 6.295705641739631e-06 -3.6497234577167369e-05 5.6383606085283067e-06 -0.00016535679376069535 -0.00011148262113392397 0.000143018020480248 -0.00012590993348325012
leaf_weight=21 25 30 25 42 27 28 22
leaf_count=21 25 30 25 42 27 28 22
internal_value=0.00218182 0.000844219 -0.00064368 -0.00263087 -0.000523366 0.002 0.0064
internal_weight=220 199 174 149 107 80 50
internal_count=220 199 174 149 107 80 50
is_linear=0
shrinkage=0.08


Tree=285
num_leaves=7
num_cat=0
split_feature=12 18 32 22 10 3
split_gain=0.495753 0.897003 0.735418 0.55102 0.35761 0.156989
threshold=0.44043876678876687 0.65305000000000013 0.50145000000000006 0.46215000000000006 0.45636455767077272 14.65
decision_type=2 2 2 2 2 2
left_child=2 4 3 -1 5 -2
right_child=1 -3 -4 -5 -6 -7
leaf_value=-0.00024483992431113545 -1.8233972299207499e-05 4.8508904646704292e-05 1.834117380850051e-05 8.9894422859244236e-06 1.412384330115052e-06 -2.8481193557197174e-05
leaf_weight=21 20 22 20 28 36 73
leaf_count=21 20 22 20 28 36 73
internal_value=0.00145454 -0.00111258 0.00707246 0.00179592 -0.00365892 -0.00627957
internal_weight=220 151 69 49 129 93
internal_count=220 151 69 49 129 93
is_linear=0
shrinkage=0.08


Tree=286
num_leaves=7
num_cat=0
split_feature=12 10 32 18 10 3
split_gain=0.721495 0.727873 0.640906 0.562566 0.35761 0.156989
threshold=0.44043876678876687 0.420401754385965 0.41935000000000006 0.65305000000000013 0.45636455767077272 14.65
decision_type=2 2 2 2 2 2
left_child=1 -1 -3 4 5 -2
right_child=3 2 -4 -5 -6 -7
leaf_value=-2.4397326143542966e-05 -1.6775254515273916e-05 5.2017682967936539e-06 1.7908448852073438e-05 4.4628192274968808e-05 1.2993935837046945e-06 -2.6202698072624243e-05
leaf_weight=21 20 25 23 22 36 73
leaf_count=21 20 25 23 22 36 73
internal_value=0.00145454 0.00823188 0.0136667 -0.00164239 -0.00365892 -0.00627957
internal_weight=220 69 48 151 129 93
internal_count=220 69 48 151 129 93
is_linear=0
shrinkage=0.08


Tree=287
num_leaves=6
num_cat=0
split_feature=30 28 32 4 9
split_gain=0.583838 0.564009 0.56199 0.704766 0.319982
threshold=0.6765000000000001 0.60930000000000006 0.52360000000000018 117.44500000000001 41.500000000000007
decision_type=2 2 2 2 2
left_child=1 2 4 -4 -1
right_child=-2 -3 3 -5 -6
leaf_value=-0.00014448757309903242 5.5671359902110009e-06 2.1394807906563676e-05 3.6515532909967935e-06 -1.7136215098071807e-06 1.4874441252977469e-06
leaf_weight=79 22 38 25 34 22
leaf_count=79 22 38 25 34 22
internal_value=0.00145454 8.08062e-05 -0.002 0.00420339 -0.00562376
internal_weight=220 198 160 59 101
internal_count=220 198 160 59 101
is_linear=0
shrinkage=0.08


Tree=288
num_leaves=9
num_cat=0
split_feature=9 13 9 4 42 38 1 0
split_gain=0.391225 0.842977 0.383808 0.37339 0.477557 0.568182 0.408666 0.0307692
threshold=13.500000000000002 0.15522264031977065 22.500000000000004 85.700000000000017 0.14397379901760524 -0.18454999999999996 257884.90000000002 0.50665000000000016
decision_type=2 2 2 2 2 2 2 2
left_child=1 -1 -2 4 -4 -6 7 -5
right_child=2 -3 3 6 5 -7 -8 -9
leaf_value=7.6565538163955964e-06 -0.00010885316564335763 -7.3433474873225316e-07 6.8348855853215613e-05 -5.2440302914752837e-05 3.3429440984209456e-06 -0.00037467080537126937 1.2346847361179804e-05 -4.7486873260882767e-05
leaf_weight=20 36 26 20 20 22 22 22 32
leaf_count=20 36 26 20 20 22 22 22 32
internal_value=0.00109091 0.00765217 -0.00064368 0.00127536 0.00575 0.00109091 -0.0025946 -0.00646154
internal_weight=220 46 174 138 64 44 74 52
internal_count=220 46 174 138 64 44 74 52
is_linear=0
shrinkage=0.08


Tree=289
num_leaves=7
num_cat=0
split_feature=12 26 10 10 0 34
split_gain=0.375705 0.588532 0.781288 0.414827 0.249787 0.576752
threshold=0.44043876678876687 0.51125000000000009 0.453671186440678 0.4236883620689656 0.50880000000000003 0.30525000000000008
decision_type=2 2 2 2 2 2
left_child=3 4 -3 -1 -2 -6
right_child=1 2 -4 -5 5 -7
leaf_value=-2.4926064971814533e-06 -0.0003860089056307649 -5.2601873390478794e-06 3.7128888140301782e-05 1.1327879615667026e-05 -0.00048028756825793716 3.018262085031131e-06
leaf_weight=30 47 29 26 39 26 23
leaf_count=30 47 29 26 39 26 23
internal_value=0.00218182 -5.2982e-05 0.00654545 0.00707246 -0.00383334 0.000163263
internal_weight=220 151 55 69 96 49
internal_count=220 151 55 69 96 49
is_linear=0
shrinkage=0.08


Tree=290
num_leaves=8
num_cat=0
split_feature=36 9 30 32 20 3 13
split_gain=1.00211 1.28926 0.487343 0.552398 0.549472 0.123377 0.235714
threshold=0.59875 34.500000000000007 0.6765000000000001 0.52360000000000018 0.42980000000000002 18.350000000000005 0.14464264563738152
decision_type=2 2 2 2 2 2 2
left_child=2 -2 3 5 -5 -1 -7
right_child=1 -3 -4 4 -6 6 -8
leaf_value=-0.0001266429421398623 0.00010833553497240959 -3.5942849819032993e-06 3.5477513340032598e-06 2.8375739354994907e-05 -3.7494365267395226e-06 -0.00036605399481430019 0.00058627588375813832
leaf_weight=57 20 21 21 34 25 22 20
leaf_count=57 20 21 21 34 25 22 20
internal_value=0.00218182 0.0134634 -0.000402237 -0.00192405 0.00420339 -0.00557576 -0.00228572
internal_weight=220 41 179 158 59 99 42
internal_count=220 41 179 158 59 99 42
is_linear=0
shrinkage=0.08


Tree=291
num_leaves=7
num_cat=0
split_feature=30 13 24 44 4 10
split_gain=0.517172 0.682828 0.524089 0.320888 0.747863 0.0363014
threshold=0.6765000000000001 0.1402824548041621 0.65305000000000013 0.84692344460315983 76.705000000000027 0.45439968965517247
decision_type=2 2 2 2 2 2
left_child=1 -1 3 4 -3 -5
right_child=-2 2 -4 5 -6 -7
leaf_value=2.7471631280443889e-05 4.0905482208926144e-06 -4.6148653814919989e-05 1.6367493173091006e-05 -7.3402849509244782e-05 5.0414395904378781e-05 -0.00027181885664116973
leaf_weight=33 22 39 29 53 24 20
leaf_count=33 22 39 29 53 24 20
internal_value=0.00218182 0.000888887 -0.00121212 -0.00329412 0.000888887 -0.00690411
internal_weight=220 198 165 136 63 73
internal_count=220 198 165 136 63 73
is_linear=0
shrinkage=0.08


Tree=292
num_leaves=8
num_cat=0
split_feature=36 13 20 20 34 4 3
split_gain=0.685444 0.951452 0.802847 0.869043 0.502319 0.527473 0.0272727
threshold=0.59875 0.15589674774287812 0.44775000000000004 0.40205000000000007 0.51125000000000009 76.705000000000027 18.350000000000005
decision_type=2 2 2 2 2 2 2
left_child=2 -2 3 4 6 -6 -1
right_child=1 -3 -4 -5 5 -7 -8
leaf_value=-7.5118541266850074e-05 9.5819081787821767e-05 -3.3461930860774127e-05 -7.3347424090634573e-05 7.521496106566654e-06 -3.5862359005618186e-06 0.00020271754930509961 -0.00032083036361361158
leaf_weight=20 20 21 55 26 28 26 24
leaf_count=20 20 21 55 26 28 26 24
internal_value=0.00218182 0.0115122 4.46908e-05 0.0036129 0.000163263 0.00533333 -0.00618182
internal_weight=220 41 179 124 98 54 44
internal_count=220 41 179 124 98 54 44
is_linear=0
shrinkage=0.08


Tree=293
num_leaves=7
num_cat=0
split_feature=39 13 30 11 28 11
split_gain=0.61673 0.449491 0.568374 0.470989 0.302236 0.0395833
threshold=0.50025395631936986 0.1402824548041621 0.65660000000000018 0.18327866581160038 0.59875 0.1723341859072445
decision_type=2 2 2 2 2 2
left_child=1 -1 3 4 5 -3
right_child=-2 2 -4 -5 -6 -7
leaf_value=2.1826302966699523e-05 2.4430532216119647e-05 -0.00023991713993080428 2.889288020752259e-06 8.6569830276825839e-06 3.0004594583090578e-06 -3.1647190335705164e-06
leaf_weight=33 21 76 21 28 21 20
leaf_count=33 21 76 21 28 21 20
internal_value=0.00181818 0.000442209 -0.00125301 -0.00303448 -0.00526496 -0.00716667
internal_weight=220 199 166 145 117 96
internal_count=220 199 166 145 117 96
is_linear=0
shrinkage=0.08


Tree=294
num_leaves=8
num_cat=0
split_feature=42 10 40 13 1 40 2
split_gain=0.637541 0.857143 0.585749 0.826483 0.777151 0.342593 0.0324561
threshold=0.14397379901760524 0.42657514611338404 0.14533705427615515 0.15740734592845149 177612.55000000002 0.15405805558317673 509805.70000000007
decision_type=2 2 2 2 2 2 2
left_child=1 -1 6 4 -4 -5 -2
right_child=2 -3 3 5 -6 -7 -8
leaf_value=-0.00013340352263279545 -6.6642298246221424e-05 2.2487522870993549e-05 1.6274722146754356e-06 -0.00012160455227233955 3.0070417450306925e-05 1.0175054343429228e-05 -1.0550096711056588e-05
leaf_weight=21 37 21 36 37 21 27 20
leaf_count=21 37 21 36 37 21 27 20
internal_value=0.00218182 0.0110476 8.98857e-05 0.00323967 0.0102456 -0.003 -0.00659649
internal_weight=220 42 178 121 57 64 57
internal_count=220 42 178 121 57 64 57
is_linear=0
shrinkage=0.08


Tree=295
num_leaves=7
num_cat=0
split_feature=30 42 18 34 24 9
split_gain=1.02273 0.596548 0.654363 0.4 0.29263 0.0404762
threshold=0.6765000000000001 0.14397379901760524 0.6412000000000001 0.40090000000000009 0.6412000000000001 12.500000000000002
decision_type=2 2 2 2 2 2
left_child=1 3 4 -1 5 -3
right_child=-2 2 -4 -5 -6 -7
leaf_value=-1.3164745701812478e-06 9.3972261806071991e-06 -2.5938911447561975e-06 2.7664782438056984e-05 0.00036106131147350425 1.8556160339876788e-07 -4.6038365041093601e-05
leaf_weight=20 22 20 31 20 22 85
leaf_count=20 22 20 31 20 22 85
internal_value=0.00109091 -0.000727275 -0.00293671 0.008 -0.00548032 -0.0072381
internal_weight=220 198 158 40 127 105
internal_count=220 198 158 40 127 105
is_linear=0
shrinkage=0.08


Tree=296
num_leaves=7
num_cat=0
split_feature=30 0 43 41 18 12
split_gain=1.02273 0.582814 0.556246 0.381553 0.442859 0.34774
threshold=0.6765000000000001 0.41720000000000007 -0.25354999999999989 0.49313804922046134 0.28320000000000006 0.44427966210326625
decision_type=2 2 2 2 2 2
left_child=1 -1 -3 -4 -5 -6
right_child=-2 2 3 4 5 -7
leaf_value=-8.2685704300847324e-05 8.64544808615949e-06 0.00011204809153957482 -3.0184227218302808e-05 2.9631064321840447e-06 -1.5601048499192643e-05 4.2210197249294546e-05
leaf_weight=52 22 28 32 25 28 33
leaf_count=52 22 28 32 25 28 33
internal_value=0.00109091 -0.000727275 0.00186301 -0.000542375 0.00223256 -0.00144262
internal_weight=220 198 146 118 86 61
internal_count=220 198 146 118 86 61
is_linear=0
shrinkage=0.08


Tree=297
num_leaves=6
num_cat=0
split_feature=30 18 18 13 0
split_gain=0.691414 0.631313 0.491912 0.275828 0.0404762
threshold=0.6765000000000001 0.28320000000000006 0.63485000000000014 0.14020724240569662 0.70090000000000019
decision_type=2 2 2 2 2
left_child=1 -1 3 -3 -5
right_child=-2 2 -4 4 -6
leaf_value=1.7510469707632976e-06 7.953812239267244e-06 0.00025435120657121959 1.432904119014137e-05 -1.1837050223453892e-05 -3.8263176894570677e-06
leaf_weight=33 22 23 37 85 20
leaf_count=33 22 23 37 85 20
internal_value=0.000363634 -0.00113132 -0.00315152 -0.0055 -0.0072381
internal_weight=220 198 165 128 105
internal_count=220 198 165 128 105
is_linear=0
shrinkage=0.08


Tree=298
num_leaves=6
num_cat=0
split_feature=22 39 1 34 34
split_gain=0.461408 0.356494 0.222282 0.218041 0.332068
threshold=0.60480000000000012 0.49957967032967038 266283.85000000003 0.46860000000000007 0.60600000000000009
decision_type=2 2 2 2 2
left_child=1 2 3 -1 -5
right_child=-2 -3 -4 4 -6
leaf_value=-4.2251559834457335e-05 6.8932390663459608e-06 1.0600808013885796e-05 1.6366122493471867e-06 0.00031267503049872393 -0.00046016642978378975
leaf_weight=73 36 29 20 34 28
leaf_count=73 36 29 20 34 28
internal_value=-0.000727275 -0.00234783 -0.00387097 -0.00503704 -0.00154839
internal_weight=220 184 155 135 62
internal_count=220 184 155 135 62
is_linear=0
shrinkage=0.08


Tree=299
num_leaves=8
num_cat=0
split_feature=0 22 40 32 36 38 0
split_gain=0.512253 0.645175 0.517037 0.653104 0.477632 0.258426 0.147368
threshold=0.33910000000000007 0.60480000000000012 0.14977242898050544 0.62775000000000014 0.58950000000000002 -0.16539999999999996 0.43715000000000009
decision_type=2 2 2 2 2 2 2
left_child=-1 2 4 5 6 -4 -2
right_child=1 -3 3 -5 -6 -7 -8
leaf_value=-1.2651786767812764e-05 -2.672868291423206e-05 1.1269114687808926e-05 4.1028656883995848e-05 6.7760401394158949e-06 7.6739677584404504e-05 -3.3492533133960505e-05 -4.1600287966949997e-05
leaf_weight=36 20 20 21 22 20 25 56
leaf_count=36 20 20 21 22 20 25 56
internal_value=0.000727271 0.00243478 0.000780486 0.00611765 -0.003 0.00069565 -0.00589474
internal_weight=220 184 164 68 96 46 76
internal_count=220 184 164 68 96 46 76
is_linear=0
shrinkage=0.08


end of trees

feature_importances:
network_rx=115
memory_usage=114
rolling_std_60min=101
lag_5=97
network_tx=94
mem_rolling_std_60min=86
lag_1=84
mem_rolling_std_15min=76
rolling_std_15min=66
lag_10=63
lag_3=62
rolling_mean_15min=61
cpu_memory_ratio=61
lag_7=60
lag_6=57
memory_rate_of_change=55
minute_of_hour=48
lag_9=46
cpu_rate_of_change=46
lag_4=43
mem_rolling_mean_15min=43
lag_2=40
mem_rolling_mean_60min=37
lag_8=35
disk_iops=33
request_rate=33
rolling_mean_60min=28

parameters:
[boosting: gbdt]
[objective: quantile]
[metric: quantile]
[tree_learner: serial]
[device_type: cpu]
[data_sample_strategy: bagging]
[data: ]
[valid: ]
[num_iterations: 300]
[learning_rate: 0.08]
[num_leaves: 31]
[num_threads: 0]
[seed: 0]
[deterministic: 0]
[force_col_wise: 0]
[force_row_wise: 0]
[histogram_pool_size: -1]
[max_depth: -1]
[min_data_in_leaf: 20]
[min_sum_hessian_in_leaf: 0.001]
[bagging_fraction: 1]
[pos_bagging_fraction: 1]
[neg_bagging_fraction: 1]
[bagging_freq: 0]
[bagging_seed: 3]
[bagging_by_query: 0]
[feature_fraction: 1]
[feature_fraction_bynode: 1]
[feature_fraction_seed: 2]
[extra_trees: 0]
[extra_seed: 6]
[early_stopping_round: 0]
[early_stopping_min_delta: 0]
[first_metric_only: 0]
[max_delta_step: 0]
[lambda_l1: 0]
[lambda_l2: 0]
[linear_lambda: 0]
[min_gain_to_split: 0]
[drop_rate: 0.1]
[max_drop: 50]
[skip_drop: 0.5]
[xgboost_dart_mode: 0]
[uniform_drop: 0]
[drop_seed: 4]
[top_rate: 0.2]
[other_rate: 0.1]
[min_data_per_group: 100]
[max_cat_threshold: 32]
[cat_l2: 10]
[cat_smooth: 10]
[max_cat_to_onehot: 4]
[top_k: 20]
[monotone_constraints: ]
[monotone_constraints_method: basic]
[monotone_penalty: 0]
[feature_contri: ]
[forcedsplits_filename: ]
[refit_decay_rate: 0.9]
[cegb_tradeoff: 1]
[cegb_penalty_split: 0]
[cegb_penalty_feature_lazy: ]
[cegb_penalty_feature_coupled: ]
[path_smooth: 0]
[interaction_constraints: ]
[verbosity: -1]
[saved_feature_importance_type: 0]
[use_quantized_grad: 0]
[num_grad_quant_bins: 4]
[quant_train_renew_leaf: 0]
[stochastic_rounding: 1]
[linear_tree: 0]
[max_bin: 255]
[max_bin_by_feature: ]
[min_data_in_bin: 3]
[bin_construct_sample_cnt: 200000]
[data_random_seed: 1]
[is_enable_sparse: 1]
[enable_bundle: 1]
[use_missing: 1]
[zero_as_missing: 0]
[feature_pre_filter: 1]
[pre_partition: 0]
[two_round: 0]
[header: 0]
[label_column: ]
[weight_column: ]
[group_column: ]
[ignore_column: ]
[categorical_feature: ]
[forcedbins_filename: ]
[precise_float_parser: 0]
[parser_config_file: ]
[objective_seed: 5]
[num_class: 1]
[is_unbalance: 0]
[scale_pos_weight: 1]
[sigmoid: 1]
[boost_from_average: 1]
[reg_sqrt: 0]
[alpha: 0.9]
[fair_c: 1]
[poisson_max_delta_step: 0.7]
[tweedie_variance_power: 1.5]
[lambdarank_truncation_level: 30]
[lambdarank_norm: 1]
[label_gain: ]
[lambdarank_position_bias_regularization: 0]
[eval_at: ]
[multi_error_top_k: 1]
[auc_mu_weights: ]
[num_machines: 1]
[local_listen_port: 12400]
[time_out: 120]
[machine_list_filename: ]
[machines: ]
[gpu_platform_id: -1]
[gpu_device_id: -1]
[gpu_device_id_list: ]
[gpu_use_dp: 0]
[num_gpu: 1]

end of parameters

pandas_categorical:[]
