tree
version=v4
num_class=1
num_tree_per_iteration=1
label_index=0
max_feature_idx=44
objective=quantile
feature_names=memory_usage network_rx network_tx disk_iops request_rate pod_count hour_of_day day_of_week is_weekend minute_of_hour rolling_mean_15min rolling_std_15min rolling_mean_60min rolling_std_60min cpu_rolling_mean_15 cpu_rolling_std_15 cpu_rolling_mean_60 cpu_rolling_std_60 lag_1 cpu_lag_1 lag_2 cpu_lag_2 lag_3 cpu_lag_3 lag_4 cpu_lag_4 lag_5 cpu_lag_5 lag_6 cpu_lag_6 lag_7 cpu_lag_7 lag_8 cpu_lag_8 lag_9 cpu_lag_9 lag_10 cpu_lag_10 cpu_rate_of_change mem_rolling_mean_15min mem_rolling_std_15min mem_rolling_mean_60min mem_rolling_std_60min memory_rate_of_change cpu_memory_ratio
feature_infos=[0.27479999999999999:0.7752] [33138.699999999997:492250.90000000002] [117811.8:1468728.7] [7.2999999999999998:37.899999999999999] [17.18:220.16] [1:5] none none none [2:56] [0.41232142857142856:0.4855762711864407] [0.12416475240320166:0.22688160845432531] [0.41232142857142856:0.45702352941176472] [0.1388247307753151:0.17744328158760408] [0.41232142857142856:0.4855762711864407] [0.12416475240320166:0.22688160845432531] [0.41232142857142856:0.45702352941176472] [0.1388247307753151:0.17744328158760408] [0.14180000000000001:1.0570999999999999] [0.14180000000000001:1.0570999999999999] [0.1807:1.0570999999999999] [0.1807:1.0570999999999999] [0.1807:1.0570999999999999] [0.1807:1.0570999999999999] [0.1807:1.0185] [0.1807:1.0185] [0.1807:1.0185] [0.1807:1.0185] [0.187:1.0185] [0.187:1.0185] [0.187:1.0185] [0.187:1.0185] [0.187:0.93310000000000004] [0.187:0.93310000000000004] [0.187:0.93310000000000004] [0.187:0.93310000000000004] [0.187:0.93310000000000004] [0.187:0.93310000000000004] [-0.64039999999999997:0.85370000000000001] [0.48155862068965516:0.5056090909090909] [0.13994392130072159:0.17045571538992438] [0.48463571428571434:0.5056090909090909] [0.14260814400118055:0.17045571538992438] [-0.39200000000000002:0.45160000000000006] [0.45889967489029232:2.0724137876063291]
tree_sizes=636 585 583 585 585 665 586 658 664 585 649 653 586 760 736 669 670 745 669 588 662 761 675 586 590 672 668 672 668 671 587 588 756 588 588 588 658 588 671 590 589 678 587 677 588 666 674 590 590 761 588 675 918 762 756 838 753 837 761 676 757 757 846 754 747 748 758 756 831 745 663 760 832 834 755 841 832 742 838 830 829 758 839 838 759 840 837 840 841 834 745 848 751 738 834 844 834 838 908 837 759 746 671 756 757 757 757 762 680 843 761 593 597 766 673 849 759 764 769 681 760 850 764 594 758 680 583 680 676 768 765 848 854 668 745 759 681 749 760 738 745 734 754 758 678 852 762 765 754 930 927 763 909 847 760 843 839 831 920 844 756 670 756 833 834 756 925 823 836 842 843 839 915 747 755 680 761 760 935 675 592 596 669 848 761 758 759 756 749 752 752 836 679 672 679 765 764 750 590 667 758 845 843 678 680 678 763 764 760 679 768 762 680 674 677 754 766 759 769 850 758 757 672 672 765 753 679 764 675 666 676 676 752 757 758 673 673 673 673 590 737 595 676 676 679 676 676 753 678 682 682 679 681 664 758 759 594 593 680 677 679 755 679 683 673 769 761 755 756 759 758 670 845 759 764 912 840 763 669 844 672 671 751 756 756 659 758 763 664

Tree=0
num_leaves=6
num_cat=0
split_feature=41 36 36 13 11
split_gain=1.88723 2.1057 1.60517 0.340974 0.0413793
threshold=0.49303084223326638 0.32155000000000006 0.5082000000000001 0.15941213122405562 0.16700594348200645
decision_type=2 2 2 2 2
left_child=1 -1 -3 4 -2
right_child=3 2 -4 -5 -6
leaf_value=0.70951121253433258 0.68380161304569587 0.68133761415004523 0.70496320967807891 0.69159361392497998 0.68240961382007581
leaf_weight=23 96 38 20 20 20
leaf_count=23 96 38 20 20 20
internal_value=0.691091 0.700758 0.692635 0.685333 0.68367
internal_weight=217 81 58 136 116
internal_count=217 81 58 136 116
is_linear=0
shrinkage=1


Tree=1
num_leaves=5
num_cat=0
split_feature=43 9 43 2
split_gain=2.32207 0.692698 0.231847 0.169925
threshold=-0.27134999999999992 49.500000000000007 -0.21779999999999994 792879.45000000007
decision_type=2 2 2 2
left_child=-1 2 -2 -4
right_child=1 -3 3 -5
leaf_value=0.012139101521919838 0.0061317577092374351 0.010146453523953132 -0.015286530149153989 -0.021640075763031185
leaf_weight=36 25 23 113 20
leaf_count=36 25 23 113 20
internal_value=0.000110597 -0.00358011 -0.00546836 -0.00679699
internal_weight=217 181 158 133
internal_count=217 181 158 133
is_linear=0
shrinkage=0.08


Tree=2
num_leaves=5
num_cat=0
split_feature=9 39 11 30
split_gain=1.72564 1.16941 0.367627 0.660734
threshold=49.500000000000007 0.48555000000000009 0.16072868400983473 0.38790000000000008
decision_type=2 2 2 2
left_child=1 -1 -3 -4
right_child=-2 2 3 -5
leaf_value=0.010384402650976891 0.022090374685912694 -0.007811685398663698 -0.01683967088993377 0.0078967229024074319
leaf_weight=21 27 107 33 29
leaf_count=21 27 107 33 29
internal_value=-0.000258066 -0.00294737 -0.00515977 -0.000258066
internal_weight=217 190 169 62
internal_count=217 190 169 62
is_linear=0
shrinkage=0.08


Tree=3
num_leaves=5
num_cat=0
split_feature=43 9 43 2
split_gain=1.88134 0.692698 0.231847 0.169925
threshold=-0.27134999999999992 49.500000000000007 -0.21779999999999994 792879.45000000007
decision_type=2 2 2 2
left_child=-1 2 -2 -4
right_child=1 -3 3 -5
leaf_value=0.0103372211880881 0.0048104648804202909 0.0075675072671638633 -0.013438672905328568 -0.019409601567237349
leaf_weight=36 25 23 113 20
leaf_count=36 25 23 113 20
internal_value=-0.000258066 -0.00358011 -0.00546836 -0.00679699
internal_weight=217 181 158 133
internal_count=217 181 158 133
is_linear=0
shrinkage=0.08


Tree=4
num_leaves=5
num_cat=0
split_feature=9 39 40 30
split_gain=1.79352 1.22537 0.290668 0.423472
threshold=49.500000000000007 0.48555000000000009 0.14956297063102542 0.38790000000000008
decision_type=2 2 2 2
left_child=1 -1 -3 -4
right_child=-2 2 3 -5
leaf_value=0.0091688132484651248 0.019496167015992629 -0.0088260465233169268 -0.004934768053770416 0.0069139549506012712
leaf_weight=21 27 112 28 29
leaf_count=21 27 112 28 29
internal_value=-0.00062673 -0.00336842 -0.00563314 -0.000982458
internal_weight=217 190 169 57
internal_count=217 190 169 57
is_linear=0
shrinkage=0.08


Tree=5
num_leaves=6
num_cat=0
split_feature=43 36 1 0 28
split_gain=2.05111 0.335239 0.625 0.144435 0.0417355
threshold=-0.27134999999999992 0.58595000000000008 134825.25000000003 0.71660000000000001 0.29420000000000007
decision_type=2 2 2 2 2
left_child=-1 3 -3 4 -2
right_child=1 2 -4 -5 -6
leaf_value=0.0087767384331638443 -0.004409930923433141 0.0096256622873364377 -0.011851097783670425 -0.020098765818062234 -0.012090645142992415
leaf_weight=36 20 20 20 20 101
leaf_count=36 20 20 20 20 101
internal_value=-0.000995394 -0.00446409 0.002 -0.00629787 -0.00733884
internal_weight=217 181 40 141 121
internal_count=217 181 40 141 121
is_linear=0
shrinkage=0.08


Tree=6
num_leaves=5
num_cat=0
split_feature=9 39 40 30
split_gain=1.79352 1.22537 0.290668 0.423472
threshold=49.500000000000007 0.48555000000000009 0.14956297063102542 0.38790000000000008
decision_type=2 2 2 2
left_child=1 -1 -3 -4
right_child=-2 2 3 -5
leaf_value=0.0076652552056010051 0.017234334580060108 -0.0078217122844924207 -0.0052624998129037967 0.0059460006846580264
leaf_weight=21 27 112 28 29
leaf_count=21 27 112 28 29
internal_value=-0.00062673 -0.00336842 -0.00563314 -0.000982458
internal_weight=217 190 169 57
internal_count=217 190 169 57
is_linear=0
shrinkage=0.08


Tree=7
num_leaves=6
num_cat=0
split_feature=41 18 36 11 9
split_gain=1.35087 1.52292 0.795455 0.158824 0.225
threshold=0.49303084223326638 0.49750000000000005 0.50145000000000006 0.16072868400983473 42.500000000000007
decision_type=2 2 2 2 2
left_child=1 2 -1 -2 -5
right_child=3 -3 -4 4 -6
leaf_value=-0.014345180117961669 -0.0048599281287908178 0.012603753066494977 0.0081658365996856129 0.00049834511509980477 -0.0049796846554190002
leaf_weight=35 96 26 20 20 20
leaf_count=35 96 26 20 20 20
internal_value=-0.00136406 0.00681481 -0.000727275 -0.0062353 -0.002
internal_weight=217 81 55 136 40
internal_count=217 81 55 136 40
is_linear=0
shrinkage=0.08


Tree=8
num_leaves=6
num_cat=0
split_feature=43 36 1 0 28
split_gain=0.893494 0.516316 0.9 0.144435 0.0417355
threshold=-0.27134999999999992 0.58595000000000008 134825.25000000003 0.71660000000000001 0.29420000000000007
decision_type=2 2 2 2 2
left_child=-1 3 -3 4 -2
right_child=1 2 -4 -5 -6
leaf_value=0.0064530786967430575 -0.0050375084435297793 0.0075125696717107627 -0.0098884787279141326 -0.018199399774581588 -0.010477312726147707
leaf_weight=36 20 20 20 20 101
leaf_count=36 20 20 20 20 101
internal_value=-0.00173272 -0.0040221 0.004 -0.00629787 -0.00733884
internal_weight=217 181 40 141 121
internal_count=217 181 40 141 121
is_linear=0
shrinkage=0.08


Tree=9
num_leaves=5
num_cat=0
split_feature=41 18 36 13
split_gain=1.26944 1.15018 0.795455 0.170588
threshold=0.49303084223326638 0.49750000000000005 0.50145000000000006 0.15941213122405562
decision_type=2 2 2 2
left_child=1 2 -1 -2
right_child=3 -3 -4 -5
leaf_value=-0.012359380690432915 -0.0049873804835104483 0.011079206525435934 0.0069115640979739018 0.00023749633180882691
leaf_weight=35 116 26 20 20
leaf_count=35 116 26 20 20
internal_value=-0.00210138 0.00582716 -0.000727275 -0.00682353
internal_weight=217 81 55 136
internal_count=217 81 55 136
is_linear=0
shrinkage=0.08


Tree=10
num_leaves=6
num_cat=0
split_feature=41 43 12 11 9
split_gain=1.15413 1.66347 0.27 0.158824 0.225
threshold=0.49303084223326638 -0.22599999999999995 0.44127529761904766 0.16072868400983473 42.500000000000007
decision_type=2 2 2 2 2
left_child=1 -1 -3 -2 -5
right_child=3 2 -4 4 -6
leaf_value=0.00712343879040068 -0.0045883897355461648 -0.01313047935506668 0.0035448989628054117 0.00049664175803227294 -0.0050413444242164256
leaf_weight=31 96 30 20 20 20
leaf_count=31 96 30 20 20 20
internal_value=-0.00173272 0.00582716 -0.0032 -0.0062353 -0.002
internal_weight=217 81 50 136 40
internal_count=217 81 50 136 40
is_linear=0
shrinkage=0.08


Tree=11
num_leaves=6
num_cat=0
split_feature=41 44 13 18 1
split_gain=1.04431 1.66347 0.340974 0.27 0.0413793
threshold=0.49303084223326638 0.80339395161875571 0.15941213122405562 0.44775000000000004 108387.55
decision_type=2 2 2 2 2
left_child=1 -1 4 -3 -2
right_child=2 3 -4 -5 -6
leaf_value=0.013148420632911896 -0.0025522108488655704 -0.012080041006661341 0.00057750049043798438 0.0046123146799230408 -0.0059589745837243602
leaf_weight=31 20 30 20 20 96
leaf_count=31 20 30 20 20 96
internal_value=-0.00136406 0.00582716 -0.00564706 -0.0032 -0.00731035
internal_weight=217 81 136 50 116
internal_count=217 81 136 50 116
is_linear=0
shrinkage=0.08


Tree=12
num_leaves=5
num_cat=0
split_feature=9 10 43 41
split_gain=0.814398 0.509906 0.639829 0.592208
threshold=50.500000000000007 0.44832000000000011 -0.21779999999999994 0.49518333333333342
decision_type=2 2 2 2
left_child=1 2 -1 -4
right_child=-2 -3 3 -5
leaf_value=0.003545849334994139 0.012278068020139206 -0.0034291293037806425 -0.012891011376908786 0.00088465514448345995
leaf_weight=38 23 79 57 20
leaf_count=38 23 79 57 20
internal_value=-0.00136406 -0.00305155 0.000347824 -0.00384416
internal_weight=217 194 115 77
internal_count=217 194 115 77
is_linear=0
shrinkage=0.08


Tree=13
num_leaves=7
num_cat=0
split_feature=12 43 18 1 13 0
split_gain=0.728552 0.867778 0.588001 0.852678 0.157447 0.0295918
threshold=0.44283393442622959 -0.27134999999999992 0.38485000000000008 191348.00000000003 0.14067154559011882 0.41910000000000008
decision_type=2 2 2 2 2 2
left_child=1 -1 3 -3 -2 -4
right_child=4 2 5 -5 -6 -7
leaf_value=0.0056852164548488529 -0.0011886033579458864 0.0066629407246889521 -0.0074336426020464499 -0.012473843450101073 -0.0030625101292892755 -0.0064063921919156096
leaf_weight=22 20 27 29 25 74 20
leaf_count=22 20 27 29 25 74 20
internal_value=-0.000995394 0.00305691 -7.92098e-05 0.00584615 -0.00629787 -0.00636735
internal_weight=217 123 101 52 94 49
internal_count=217 123 101 52 94 49
is_linear=0
shrinkage=0.08


Tree=14
num_leaves=7
num_cat=0
split_feature=41 44 18 41 2 3
split_gain=0.715701 1.01513 0.27 0.11777 0.225 0.0395833
threshold=0.49303084223326638 0.80339395161875571 0.44775000000000004 0.49789074675324679 488623.0500000001 15.850000000000003
decision_type=2 2 2 2 2 2
left_child=1 -1 -3 5 -5 -2
right_child=3 2 -4 4 -6 -7
leaf_value=0.010659484667995626 -0.00071372494764655845 -0.010553307936831431 0.0035048442423417548 -0.0051895891392527791 0.00072272160114763282 -0.0052950357500309211
leaf_weight=31 20 30 20 20 20 76
leaf_count=31 20 30 20 20 20 76
internal_value=-0.00210138 0.00385185 -0.0032 -0.00564706 -0.002 -0.00716667
internal_weight=217 81 50 136 40 96
internal_count=217 81 50 136 40 96
is_linear=0
shrinkage=0.08


Tree=15
num_leaves=6
num_cat=0
split_feature=41 32 22 13 2
split_gain=0.551415 0.839288 0.266327 0.215232 0.164912
threshold=0.49295635715709735 0.38485000000000008 0.55360000000000009 0.1402824548041621 792879.45000000007
decision_type=2 2 2 2 2
left_child=1 2 -1 -2 -5
right_child=3 -3 -4 4 -6
leaf_value=0.0014424274435685903 -0.00029399039383648523 0.010238720567330257 -0.0097568037335387641 -0.0039902335414238998 0.000335954054824813
leaf_weight=20 25 29 29 94 20
leaf_count=20 25 29 29 94 20
internal_value=-0.00210138 0.00328205 -0.00310204 -0.0051223 -0.00659649
internal_weight=217 78 49 139 114
internal_count=217 78 49 139 114
is_linear=0
shrinkage=0.08


Tree=16
num_leaves=6
num_cat=0
split_feature=43 38 18 3 2
split_gain=0.641344 0.982345 0.303547 0.347793 0.114894
threshold=-0.22599999999999995 -0.21204999999999999 0.35700000000000004 20.450000000000003 746522.10000000021
decision_type=2 2 2 2 2
left_child=1 -1 3 -2 -5
right_child=2 -3 -4 4 -6
leaf_value=-0.0010919166168452232 0.0017004212098629856 0.0020139488718613047 -0.0058450316803352375 -0.012684780607037682 -0.013098228304874114
leaf_weight=37 20 26 87 27 20
leaf_count=37 20 26 87 27 20
internal_value=-0.00210138 0.00469841 -0.00488312 -0.000835823 -0.00459575
internal_weight=217 63 154 67 47
internal_count=217 63 154 67 47
is_linear=0
shrinkage=0.08


Tree=17
num_leaves=7
num_cat=0
split_feature=41 32 24 42 0 2
split_gain=0.715701 0.819783 2.5 0.31962 0.102439 0.0413043
threshold=0.49303084223326638 0.35025000000000006 0.41710000000000008 0.15093943579250899 0.31705000000000011 357351.95000000001
decision_type=2 2 2 2 2 2
left_child=1 4 -3 5 -1 -2
right_child=3 2 -4 -5 -6 -7
leaf_value=-0.001402939845553698 -0.0010069636825089656 0.011283872183962275 -0.010077739902900482 0.00075998740207508823 -0.0049918294865405818 -0.0041420161639883621
leaf_weight=20 20 20 20 21 21 95
leaf_count=20 20 20 20 21 21 95
internal_value=-0.00210138 0.00385185 0.012 -0.00564706 -0.00409756 -0.00730435
internal_weight=217 81 40 136 41 115
internal_count=217 81 40 136 41 115
is_linear=0
shrinkage=0.08


Tree=18
num_leaves=6
num_cat=0
split_feature=42 43 2 13 10
split_gain=0.73004 0.550943 0.519697 0.415382 0.654762
threshold=0.14381419954098415 -0.25379999999999997 385179.8000000001 0.15757386628855752 0.45225999697519664
decision_type=2 2 2 2 2
left_child=-1 2 -2 -3 -5
right_child=1 3 -4 4 -6
leaf_value=0.00039307630374731464 -0.0009264065879082484 -0.0071911935941063329 0.0073870082119891524 0.010941157225945042 -0.0054064672123033154
leaf_weight=36 20 97 22 20 22
leaf_count=36 20 97 22 20 22
internal_value=-0.00062673 -0.00269613 0.00533333 -0.0051223 0.00152381
internal_weight=217 181 42 139 42
internal_count=217 181 42 139 42
is_linear=0
shrinkage=0.08


Tree=19
num_leaves=5
num_cat=0
split_feature=42 9 40 10
split_gain=0.795808 0.447205 0.158686 0.241935
threshold=0.14378958888987353 50.500000000000007 0.14956297063102542 0.44239605691056921
decision_type=2 2 2 2
left_child=-1 2 -2 -4
right_child=1 -3 3 -5
leaf_value=0.00043542919297883856 -0.0036667877367267615 0.0085849155578704602 0.0030035938412724945 -0.0036270991830228928
leaf_weight=33 99 23 32 30
leaf_count=33 99 23 32 30
internal_value=-0.00247005 -0.00452174 -0.00601242 -0.00283871
internal_weight=217 184 161 62
internal_count=217 184 161 62
is_linear=0
shrinkage=0.08


Tree=20
num_leaves=6
num_cat=0
split_feature=36 32 43 2 0
split_gain=0.671436 1.61333 0.449553 0.49 0.167213
threshold=0.56575000000000009 0.41090000000000004 -0.25379999999999997 423856.50000000006 0.71660000000000001
decision_type=2 2 2 2 2
left_child=2 -2 3 -1 -4
right_child=1 -3 4 -5 -6
leaf_value=-0.00012261936143215263 0.002476707923178877 -0.01123058633538963 -0.0053275982138506718 0.0070199728824151863 -0.011954115195726263
leaf_weight=25 20 30 102 20 20
leaf_count=25 20 30 102 20 20
internal_value=-0.00173272 0.0064 -0.00416767 0.00266666 -0.00668853
internal_weight=217 50 167 45 122
internal_count=217 50 167 45 122
is_linear=0
shrinkage=0.08


Tree=21
num_leaves=7
num_cat=0
split_feature=36 34 40 32 12 12
split_gain=0.470485 1.31047 0.372873 0.463779 0.652497 0.0406542
threshold=0.58595000000000008 0.38025000000000003 0.14956297063102542 0.35025000000000006 0.44272860643536022 0.43815553398560858
decision_type=2 2 2 2 2 2
left_child=2 -2 5 -4 -5 -1
right_child=1 -3 3 4 -6 -7
leaf_value=-7.5664532598218931e-05 -0.0017461007223664557 0.0022785712893245657 -0.0044021352965464347 0.0065935703304758758 -0.0023233026427674757 -0.0031547854900875463
leaf_weight=20 23 20 26 20 21 87
leaf_count=20 23 20 26 20 21 87
internal_value=-0.00247005 0.00502325 -0.00432184 0.000358207 0.00565853 -0.00725234
internal_weight=217 43 174 67 41 107
internal_count=217 43 174 67 41 107
is_linear=0
shrinkage=0.08


Tree=22
num_leaves=6
num_cat=0
split_feature=36 44 43 32 0
split_gain=0.470485 1.31047 0.463192 0.765217 0.168992
threshold=0.58595000000000008 0.82173938472497232 -0.25379999999999997 0.35025000000000006 0.71660000000000001
decision_type=2 2 2 2 2
left_child=2 -2 3 -1 -4
right_child=1 -3 4 -5 -6
leaf_value=-0.00040871436469163373 0.0020962855861786046 -0.0055254977811233594 -0.0044954231136960562 0.0051641369010939553 -0.011525271606506231
leaf_weight=22 20 23 109 23 20
leaf_count=22 20 23 109 23 20
internal_value=-0.00247005 0.00502325 -0.00432184 0.00266666 -0.00675969
internal_weight=217 43 174 45 129
internal_count=217 43 174 45 129
is_linear=0
shrinkage=0.08


Tree=23
num_leaves=5
num_cat=0
split_feature=24 30 41 9
split_gain=0.593509 1.31945 1.69118 0.163964
threshold=0.41090000000000004 0.51800000000000013 0.49295635715709735 11.500000000000002
decision_type=2 2 2 2
left_child=1 2 -1 -2
right_child=3 -3 -4 -5
leaf_value=0.0078710451864362416 0.00052894614394155884 -0.0049225477071469757 -0.00017024871646975482 -0.0053045461303170838
leaf_weight=23 20 48 35 91
leaf_count=23 20 48 35 91
internal_value=-0.00247005 0.00181132 0.00993103 -0.00655856
internal_weight=217 106 58 111
internal_count=217 106 58 111
is_linear=0
shrinkage=0.08


Tree=24
num_leaves=5
num_cat=0
split_feature=22 3 30 42
split_gain=0.369501 1.02235 0.243153 0.233193
threshold=0.51800000000000013 15.850000000000003 0.25045000000000006 0.14680682518104501
decision_type=2 2 2 2
left_child=1 -1 -3 -4
right_child=-2 2 3 -5
leaf_value=0.0014550317964126208 -0.0042093880329765682 0.00038960338574690548 -0.0025718187299148664 0.0018605939781173131
leaf_weight=32 63 20 74 28
leaf_count=32 63 20 74 28
internal_value=-0.00283871 -0.000727275 -0.00406558 -0.00564706
internal_weight=217 154 122 102
internal_count=217 154 122 102
is_linear=0
shrinkage=0.08


Tree=25
num_leaves=6
num_cat=0
split_feature=36 0 43 9 0
split_gain=0.470485 0.703943 0.463192 0.765217 0.168992
threshold=0.58595000000000008 0.5021000000000001 -0.25379999999999997 32.500000000000007 0.71660000000000001
decision_type=2 2 2 2 2
left_child=2 -2 3 -1 -4
right_child=1 -3 4 -5 -6
leaf_value=-0.00021780816526336191 0.0014662830925897031 -0.0045007316479317465 -0.0036516621359831041 0.0040049197903785326 -0.010055267556992969
leaf_weight=22 20 23 109 23 20
leaf_count=22 20 23 109 23 20
internal_value=-0.00247005 0.00502325 -0.00432184 0.00266666 -0.00675969
internal_weight=217 43 174 45 129
internal_count=217 43 174 45 129
is_linear=0
shrinkage=0.08


Tree=26
num_leaves=6
num_cat=0
split_feature=30 40 10 10 2
split_gain=0.391883 0.292991 0.3875 0.689655 0.0413043
threshold=0.25045000000000006 0.14956297063102542 0.45040583333333339 0.43381926536731641 229804.25000000003
decision_type=2 2 2 2 2
left_child=-1 4 3 -3 -2
right_child=1 2 -4 -5 -6
leaf_value=0.0005326522466451353 -0.00096368224795606475 -0.0055338880826060789 -0.0022408533622687607 0.0070108396556675095 -0.0014930278744680085
leaf_weight=22 20 20 31 29 95
leaf_count=22 20 20 31 29 95
internal_value=-0.00357604 -0.00471795 -0.001 0.00342857 -0.00730435
internal_weight=217 195 80 49 115
internal_count=217 195 80 49 115
is_linear=0
shrinkage=0.08


Tree=27
num_leaves=6
num_cat=0
split_feature=24 0 43 9 2
split_gain=0.495697 1.65228 0.159628 0.129908 0.039011
threshold=0.41090000000000004 0.42645000000000005 -0.24024999999999996 11.500000000000002 423856.50000000006
decision_type=2 2 2 2 2
left_child=1 2 -1 -2 -5
right_child=3 -3 -4 4 -6
leaf_value=-8.0941319658255306e-05 0.00012027734390591793 0.0055068245258674932 -0.0026602378930084547 -0.0018624809066959123 -0.0046360509086698105
leaf_weight=32 20 32 42 20 71
leaf_count=32 20 32 42 20 71
internal_value=-0.00210138 0.00181132 -0.00475676 -0.00583784 -0.00712088
internal_weight=217 106 74 111 91
internal_count=217 106 74 111 91
is_linear=0
shrinkage=0.08


Tree=28
num_leaves=6
num_cat=0
split_feature=12 12 1 0 1
split_gain=0.567268 0.94312 0.644639 0.147368 0.0393617
threshold=0.44283393442622959 0.44176953437917227 105192.50000000001 0.6765000000000001 101420.25000000001
decision_type=2 2 2 2 2
left_child=1 2 -1 -4 -2
right_child=4 -3 3 -5 -6
leaf_value=0.00011787288300401783 -0.00076130452528478385 0.0046791980972669782 -0.005238283864315481 0.00011065515639344103 -0.0017039402101219983
leaf_weight=23 20 24 56 20 74
leaf_count=23 20 24 56 20 74
internal_value=-0.00247005 0.00110569 -0.00234344 -0.00589474 -0.00714894
internal_weight=217 123 99 76 94
internal_count=217 123 99 76 94
is_linear=0
shrinkage=0.08


Tree=29
num_leaves=6
num_cat=0
split_feature=41 44 18 0 1
split_gain=0.712804 0.839288 0.266327 0.134203 0.0415254
threshold=0.49295635715709735 0.80339395161875571 0.44525000000000003 0.71660000000000001 101420.25000000001
decision_type=2 2 2 2 2
left_child=1 -1 -3 4 -2
right_child=3 2 -4 -5 -6
leaf_value=0.003544351250922546 -0.00070040016326200158 -0.006680462965482541 0.0002075703790768554 -0.011291438892435514 -0.0016293929198625337
leaf_weight=29 20 29 20 21 98
leaf_count=29 20 29 20 21 98
internal_value=-0.00283871 0.00328205 -0.00310204 -0.00627338 -0.00732204
internal_weight=217 78 49 139 118
internal_count=217 78 49 139 118
is_linear=0
shrinkage=0.08


Tree=30
num_leaves=5
num_cat=0
split_feature=9 1 12 2
split_gain=0.390626 0.188815 0.17693 0.0425373
threshold=50.500000000000007 93561.85000000002 0.43648513982445403 325034.50000000006
decision_type=2 2 2 2
left_child=1 -1 -3 -4
right_child=-2 2 3 -5
leaf_value=1.3923383839153752e-06 0.0044284084491767566 -0.00027912416384769345 -0.0025487519072902301 -0.0019084075080976915
leaf_weight=26 23 34 20 114
leaf_count=26 23 34 20 114
internal_value=-0.0039447 -0.0051134 -0.00609524 -0.00740299
internal_weight=217 194 168 134
internal_count=217 194 168 134
is_linear=0
shrinkage=0.08


Tree=31
num_leaves=5
num_cat=0
split_feature=30 24 38 41
split_gain=0.504487 1.37544 1.17405 0.136032
threshold=0.51125000000000009 0.41090000000000004 -0.18014999999999995 0.49538843510441449
decision_type=2 2 2 2
left_child=1 2 -1 -3
right_child=-2 3 -4 -5
leaf_value=-1.4128209881270286e-05 -0.0022214621570153283 -0.0056521858668578387 0.0040997516095550727 -0.00038820464656833122
leaf_weight=35 65 56 22 39
leaf_count=35 65 56 22 39
internal_value=-0.00210138 0.000421051 0.0102456 -0.00547369
internal_weight=217 152 57 95
internal_count=217 152 57 95
is_linear=0
shrinkage=0.08


Tree=32
num_leaves=7
num_cat=0
split_feature=43 18 9 13 10 1
split_gain=0.712773 0.793651 1.00087 0.227543 0.419048 0.0410714
threshold=-0.22599999999999995 0.65305000000000013 27.500000000000004 0.15757386628855752 0.45225999697519664 105192.50000000001
decision_type=2 2 2 2 2 2
left_child=1 2 -1 5 -5 -2
right_child=3 -3 -4 4 -6 -7
leaf_value=-0.00011325758101134571 -0.0021214235261402242 -0.0021109499592926956 0.002500712644383236 0.0077916090066105972 -0.0031283329079835227 -0.0042774664409701421
leaf_weight=22 20 21 20 20 22 92
leaf_count=22 20 21 20 20 22 92
internal_value=-0.00247005 0.00469841 0.0110476 -0.0054026 -0.000380954 -0.00728572
internal_weight=217 63 42 154 42 112
internal_count=217 63 42 154 42 112
is_linear=0
shrinkage=0.08


Tree=33
num_leaves=5
num_cat=0
split_feature=22 24 12 41
split_gain=0.640081 1.08176 0.951452 0.284542
threshold=0.45385000000000003 0.41090000000000004 0.44215081590373762 0.49538843510441449
decision_type=2 2 2 2
left_child=1 2 -1 -3
right_child=-2 3 -4 -5
leaf_value=-0.0043555199620077716 -0.00051608608558676805 -0.0055487002418643403 0.0041365683234699333 -4.0183057569829795e-05
leaf_weight=21 90 52 20 34
leaf_count=21 90 52 20 34
internal_value=-0.00283871 0.000818896 0.0115122 -0.00427907
internal_weight=217 127 41 86
internal_count=217 127 41 86
is_linear=0
shrinkage=0.08


Tree=34
num_leaves=5
num_cat=0
split_feature=22 3 13 0
split_gain=0.395229 1.1264 0.272444 0.0371795
threshold=0.47460000000000008 15.850000000000003 0.15787581846002713 0.49185000000000006
decision_type=2 2 2 2
left_child=1 -1 3 -3
right_child=-2 2 -4 -5
leaf_value=0.0014681979986396398 -0.00075575003272192762 -0.00026451610884458033 0.0028719942441886061 -0.0052471373340948202
leaf_weight=25 81 20 33 58
leaf_count=25 81 20 33 58
internal_value=-0.00357604 -0.000941178 -0.0043964 -0.00697436
internal_weight=217 136 111 78
internal_count=217 136 111 78
is_linear=0
shrinkage=0.08


Tree=35
num_leaves=5
num_cat=0
split_feature=22 3 13 10
split_gain=0.340403 1.12651 0.215385 0.156044
threshold=0.51125000000000009 15.350000000000003 0.15787581846002713 0.45448921683226184
decision_type=2 2 2 2
left_child=1 -1 3 -3
right_child=-2 2 -4 -5
leaf_value=0.0013507421587484704 -0.0017350824226722947 -0.0033994393448355787 0.0018585880995236723 -0.00011715548757884182
leaf_weight=25 66 71 35 20
leaf_count=25 66 71 35 20
internal_value=-0.00320738 -0.00111258 -0.00419048 -0.00624176
internal_weight=217 151 126 91
internal_count=217 151 126 91
is_linear=0
shrinkage=0.08


Tree=36
num_leaves=6
num_cat=0
split_feature=20 9 30 4 22
split_gain=0.549716 0.625 0.32659 0.627304 0.325
threshold=0.29895000000000005 28.500000000000004 0.42410000000000009 81.355000000000004 0.36205000000000004
decision_type=2 2 2 2 2
left_child=1 -1 3 -2 -5
right_child=2 -3 -4 4 -6
leaf_value=-0.001861426264634888 0.0047771940065160232 0.00042738821770196085 -0.00064707696719367119 -0.0053585985939262762 0.00086757417079289076
leaf_weight=20 21 20 84 52 20
leaf_count=20 21 20 84 52 20
internal_value=-0.00247005 0.006 -0.00438418 -0.00111828 -0.00466667
internal_weight=217 40 177 93 72
internal_count=217 40 177 93 72
is_linear=0
shrinkage=0.08


Tree=37
num_leaves=5
num_cat=0
split_feature=32 43 3 39
split_gain=0.504487 1.07413 0.394162 0.356129
threshold=0.35025000000000006 -0.25379999999999997 17.900000000000002 0.49723383458646625
decision_type=2 2 2 2
left_child=-1 -2 -3 -4
right_child=1 2 3 -5
leaf_value=-0.00027116068793172433 0.0012716997075446319 0.00030025402757569494 -0.0035538039563380868 4.7631482580669576e-05
leaf_weight=65 23 29 69 31
leaf_count=65 23 29 69 31
internal_value=-0.00210138 0.000421051 -0.00241861 -0.0048
internal_weight=217 152 129 100
internal_count=217 152 129 100
is_linear=0
shrinkage=0.08


Tree=38
num_leaves=6
num_cat=0
split_feature=22 3 39 42 4
split_gain=0.537951 0.797591 1.12201 0.417593 0.0359155
threshold=0.47460000000000008 17.900000000000002 0.49453071303331392 0.14680682518104501 87.185000000000016
decision_type=2 2 2 2 2
left_child=1 2 -1 4 -3
right_child=-2 3 -4 -5 -6
leaf_value=0.0043709986672291435 -0.00034987621125897569 -0.00067286869621354653 -0.0028467087556981606 0.0022120339204010253 -0.0040025173572352376
leaf_weight=21 81 20 20 24 51
leaf_count=21 81 20 20 24 51
internal_value=-0.00283871 0.000235292 0.00956097 -0.00378948 -0.00687324
internal_weight=217 136 41 95 71
internal_count=217 136 41 95 71
is_linear=0
shrinkage=0.08


Tree=39
num_leaves=5
num_cat=0
split_feature=9 39 30 1
split_gain=0.483966 0.227444 0.425926 0.226037
threshold=49.500000000000007 0.49723383458646625 0.38255000000000006 104290.50000000001
decision_type=2 2 2 2
left_child=1 3 -3 -1
right_child=-2 2 -4 -5
leaf_value=-8.3996900170198337e-05 0.001828492902785066 -0.0042081317347418701 0.00030136869323478516 -0.0013370360114486851
leaf_weight=31 27 23 27 109
leaf_count=31 27 23 27 109
internal_value=-0.00320738 -0.00463158 -1.90735e-09 -0.00628572
internal_weight=217 190 50 140
internal_count=217 190 50 140
is_linear=0
shrinkage=0.08


Tree=40
num_leaves=5
num_cat=0
split_feature=30 24 41 40
split_gain=0.489255 1.26669 0.480045 0.23489
threshold=0.42410000000000009 0.41090000000000004 0.49538843510441449 0.14286402134791232
decision_type=2 2 2 2
left_child=1 -1 -3 -2
right_child=3 2 -4 -5
leaf_value=0.0029237284400344212 -3.0452911196909442e-05 -0.0035753519570441124 0.00018538008567401383 -0.00084149774279955437
leaf_weight=30 28 51 32 76
leaf_count=30 28 51 32 76
internal_value=-0.00173272 0.0019115 -0.00318072 -0.00569231
internal_weight=217 113 83 104
internal_count=217 113 83 104
is_linear=0
shrinkage=0.08


Tree=41
num_leaves=6
num_cat=0
split_feature=44 34 41 39 18
split_gain=0.407131 0.794326 0.551828 0.513229 0.0408257
threshold=0.80988660870373341 0.39335000000000003 0.49307476190476196 0.49723383458646625 0.60600000000000009
decision_type=2 2 2 2 2
left_child=1 -1 -3 4 -2
right_child=3 2 -4 -5 -6
leaf_value=-0.0089005792669076943 -0.00098778602112163053 0.0036411410664252543 -0.00013928556314950625 0.00023373529818796162 -0.0011838865533734633
leaf_weight=28 89 21 26 33 20
leaf_count=28 89 21 26 33 20
internal_value=-0.00210138 0.00266666 0.00902127 -0.00461972 -0.00726606
internal_weight=217 75 47 142 109
internal_count=217 75 47 142 109
is_linear=0
shrinkage=0.08


Tree=42
num_leaves=5
num_cat=0
split_feature=22 3 13 10
split_gain=0.4532 0.982783 0.33373 0.152381
threshold=0.51125000000000009 15.850000000000003 0.15777937644449624 0.45403415254237295
decision_type=2 2 2 2
left_child=1 -1 3 -3
right_child=-2 2 -4 -5
leaf_value=0.00025807149917734195 -0.0012173515729858367 -0.0031521501252972928 0.0014244084665863902 -3.6957672944569649e-05
leaf_weight=31 66 64 36 20
leaf_count=31 66 64 36 20
internal_value=-0.00247005 -5.2982e-05 -0.00333334 -0.00609524
internal_weight=217 151 120 84
internal_count=217 151 120 84
is_linear=0
shrinkage=0.08


Tree=43
num_leaves=6
num_cat=0
split_feature=30 24 39 39 1
split_gain=0.473201 0.600317 0.750669 0.400272 0.0355072
threshold=0.5041500000000001 0.40145000000000003 0.49385677966101699 0.49723383458646625 142843.20000000004
decision_type=2 2 2 2 2
left_child=1 2 -1 4 -3
right_child=-2 3 -4 -5 -6
leaf_value=0.0014720278936234724 -0.00052222158125391415 -0.00012678536358396231 -0.00024329666676428771 0.00017728821617380181 -0.0019045672661038876
leaf_weight=26 68 20 20 34 49
leaf_count=26 68 20 20 34 49
internal_value=-0.00247005 5.36894e-05 0.00765217 -0.00333981 -0.00684058
internal_weight=217 149 46 103 69
internal_count=217 149 46 103 69
is_linear=0
shrinkage=0.08


Tree=44
num_leaves=5
num_cat=0
split_feature=22 4 13 40
split_gain=0.515641 1.37296 0.425822 0.263226
threshold=0.51125000000000009 64.705000000000013 0.15777937644449624 0.14207027814376019
decision_type=2 2 2 2
left_child=1 -1 3 -3
right_child=-2 2 -4 -5
leaf_value=0.0005148270863325194 -0.001080191643761241 -1.5118480905222093e-05 0.00091712157286984316 -0.0025011765296232276
leaf_weight=20 66 25 38 68
leaf_count=20 66 25 38 68
internal_value=-0.00210138 0.000476819 -0.00250382 -0.00541936
internal_weight=217 151 131 93
internal_count=217 151 131 93
is_linear=0
shrinkage=0.08


Tree=45
num_leaves=6
num_cat=0
split_feature=22 0 10 10 30
split_gain=0.4532 0.678188 0.560803 1.26735 0.338889
threshold=0.51125000000000009 0.5021000000000001 0.43677953216374271 0.4520441071428572 0.37815000000000004
decision_type=2 2 2 2 2
left_child=1 2 -1 -4 -3
right_child=-2 4 3 -5 -6
leaf_value=-0.001563648457666254 -0.00099377631226033915 -0.005957059058231501 0.0030927796422451827 -2.2781980456019904e-05 0.00087663137454567996
leaf_weight=23 66 61 22 25 20
leaf_count=23 66 61 22 25 20
internal_value=-0.00247005 -5.2982e-05 0.00571428 0.0107234 -0.00503704
internal_weight=217 151 70 47 81
internal_count=217 151 70 47 81
is_linear=0
shrinkage=0.08


Tree=46
num_leaves=6
num_cat=0
split_feature=12 24 0 32 2
split_gain=0.531743 0.301953 0.650688 0.290514 0.0336066
threshold=0.43648513982445403 0.4834500000000001 0.42645000000000005 0.41090000000000004 243397.15000000005
decision_type=2 2 2 2 2
left_child=-1 2 4 -4 -2
right_child=1 -3 3 -5 -6
leaf_value=9.985719355557771e-05 -0.00010523276347201812 -0.0025146747244825991 0.0026855740898058689 -0.00044753062084362403 -0.0016996556708429021
leaf_weight=39 20 71 24 22 41
leaf_count=39 20 71 24 22 41
internal_value=-0.00210138 -0.00395506 -0.00127103 0.00591304 -0.00668853
internal_weight=217 178 107 46 61
internal_count=217 178 107 46 61
is_linear=0
shrinkage=0.08


Tree=47
num_leaves=5
num_cat=0
split_feature=12 36 2 26
split_gain=0.443098 0.529414 0.871111 0.379699
threshold=0.43648513982445403 0.55780000000000018 451519.60000000003 0.58595000000000008
decision_type=2 2 2 2
left_child=-1 3 -3 -2
right_child=1 2 -4 -5
leaf_value=9.1868618071134402e-05 -0.0015636839070373861 0.00024227993587781158 -0.0010367153198553706 2.859062628510356e-05
leaf_weight=39 101 25 20 32
leaf_count=39 101 25 20 32
internal_value=-0.00136406 -0.00305618 0.00444444 -0.00559399
internal_weight=217 178 45 133
internal_count=217 178 45 133
is_linear=0
shrinkage=0.08


Tree=48
num_leaves=5
num_cat=0
split_feature=12 32 30 2
split_gain=0.443098 0.363328 0.685468 0.528008
threshold=0.43648513982445403 0.5041500000000001 0.51800000000000013 451519.60000000003
decision_type=2 2 2 2
left_child=-1 2 3 -2
right_child=1 -3 -4 -5
leaf_value=8.4519128625447256e-05 0.00021603556825443358 -0.0041785396831474936 -0.0044487156450615864 -8.5044144906576411e-05
leaf_weight=39 38 62 46 32
leaf_count=39 38 62 46 32
internal_value=-0.00136406 -0.00305618 -0.000413795 0.00457143
internal_weight=217 178 116 70
internal_count=217 178 116 70
is_linear=0
shrinkage=0.08


Tree=49
num_leaves=7
num_cat=0
split_feature=43 22 1 44 30 9
split_gain=0.464341 0.354489 0.741392 0.672459 0.775544 0.145946
threshold=-0.29609999999999997 0.46920000000000006 123389.85000000002 0.90018512802467965 0.36205000000000004 17.500000000000004
decision_type=2 2 2 2 2 2
left_child=-1 2 -2 -4 -5 -3
right_child=1 5 3 4 -6 -7
leaf_value=4.6191159559845912e-05 0.0026737368913960576 -0.00038966637520431406 -0.0038603519636387562 -0.0049473537686772415 0.0014680839752575687 -0.0021752432992202318
leaf_weight=21 21 20 52 25 24 54
leaf_count=21 21 20 52 25 24 54
internal_value=-0.000258066 -0.00146939 0.00118033 -0.00166337 0.00506122 -0.00583784
internal_weight=217 196 122 101 49 74
internal_count=217 196 122 101 49 74
is_linear=0
shrinkage=0.08


Tree=50
num_leaves=5
num_cat=0
split_feature=43 38 9 20
split_gain=0.70465 1.50376 0.729095 0.469925
threshold=-0.22599999999999995 -0.27384999999999987 9.5000000000000018 0.57405000000000006
decision_type=2 2 2 2
left_child=1 -1 -2 -4
right_child=2 -3 3 -5
leaf_value=-0.0041824797986749112 0.00030549345892370188 0.00015268733302253499 -0.0038430982132272406 0.00014310916270597206
leaf_weight=25 21 38 95 38
leaf_count=25 21 38 95 38
internal_value=0.000110597 0.00723809 -0.0028052 -0.00499248
internal_weight=217 63 154 133
internal_count=217 63 154 133
is_linear=0
shrinkage=0.08


Tree=51
num_leaves=6
num_cat=0
split_feature=42 26 18 9 20
split_gain=0.78418 0.507334 1.59307 0.747471 0.267893
threshold=0.14381419954098415 0.57840000000000014 0.65305000000000013 9.5000000000000018 0.59420000000000006
decision_type=2 2 2 2 2
left_child=-1 3 -3 -2 -5
right_child=1 2 -4 4 -6
leaf_value=0.00023537171313570013 0.00026453340486996948 0.00032203820180821393 -0.0010210168218016964 -0.0032803942409350157 -0.0003204417644503242
leaf_weight=36 22 21 23 89 26
leaf_count=36 22 21 23 89 26
internal_value=0.00121659 -0.000928179 0.00654545 -0.00332847 -0.00591305
internal_weight=217 181 44 137 115
internal_count=217 181 44 137 115
is_linear=0
shrinkage=0.08


Tree=52
num_leaves=9
num_cat=0
split_feature=43 18 36 18 3 43 1 2
split_gain=0.849067 1.55556 1.06061 0.483944 0.878592 0.56358 0.033871 0.0261905
threshold=-0.22599999999999995 0.65305000000000013 0.30090000000000006 0.39535000000000003 22.150000000000002 0.12670000000000001 164488.55000000002 746522.10000000021
decision_type=2 2 2 2 2 2 2 2
left_child=1 2 -1 4 5 -2 -5 -6
right_child=3 -3 -4 6 7 -7 -8 -9
leaf_value=1.6525823920288324e-05 0.00031028408642335846 -0.0019562954717530197 0.00026427545119026946 -0.0031888145075400914 -0.0091577304848200324 -0.0050943469033981684 -0.00045978986700499845 -0.0045407210657894478
leaf_weight=22 29 21 20 42 22 21 20 20
leaf_count=22 29 21 20 42 22 21 20 20
internal_value=0.00195392 0.00977778 0.0186667 -0.00124676 0.00243478 0.0096 -0.00670968 -0.00609524
internal_weight=217 63 42 154 92 50 62 42
internal_count=217 63 42 154 92 50 62 42
is_linear=0
shrinkage=0.08


Tree=53
num_leaves=7
num_cat=0
split_feature=11 36 43 42 44 0
split_gain=0.824509 1.00819 0.860844 0.787544 0.137143 0.0307692
threshold=0.17987044602687877 0.55780000000000018 -0.25379999999999997 0.14701374416662288 0.95903618199122842 0.44145000000000006
decision_type=2 2 2 2 2 2
left_child=1 2 -1 4 -4 -2
right_child=5 -3 3 -5 -6 -7
leaf_value=9.2219359789051314e-05 -0.0012416040566545429 0.00023761881854083455 -0.0037115770825311653 0.0012309430294764922 -0.00025237704331311782 -0.00069719661312370369
leaf_weight=35 20 35 54 20 21 32
leaf_count=35 20 35 54 20 21 32
internal_value=0.00232258 0.00509091 0.00184615 -0.00210527 -0.00586667 -0.00646154
internal_weight=217 165 130 95 75 52
internal_count=217 165 130 95 75 52
is_linear=0
shrinkage=0.08


Tree=54
num_leaves=7
num_cat=0
split_feature=43 18 36 28 42 1
split_gain=0.96927 1.8587 0.571136 1.29307 0.936665 0.039011
threshold=-0.24024999999999996 0.65305000000000013 0.55780000000000018 0.63485000000000014 0.14725157980004314 244639.50000000003
decision_type=2 2 2 2 2 2
left_child=1 -1 4 -4 5 -2
right_child=2 -3 3 -5 -6 -7
leaf_value=0.00016163118537344077 -0.0029130492447684616 -0.0016737339973286578 0.00022173561036352641 -0.0041086624170035557 0.0011324675871183755 -0.00052890784981290246
leaf_weight=37 71 20 22 27 20 20
leaf_count=37 71 20 22 27 20 20
internal_value=0.00269124 0.0116491 -0.000500002 0.00669388 -0.00367568 -0.00712088
internal_weight=217 57 160 49 111 91
internal_count=217 57 160 49 111 91
is_linear=0
shrinkage=0.08


Tree=55
num_leaves=8
num_cat=0
split_feature=22 3 22 11 10 24 0
split_gain=0.806311 1.81358 0.781417 0.51379 0.754454 0.810519 0.0314815
threshold=0.55945000000000011 16.150000000000002 0.44365000000000004 0.17688144060561931 0.43381926536731641 0.51125000000000009 0.34925000000000006
decision_type=2 2 2 2 2 2 2
left_child=1 2 -1 4 -3 -6 -2
right_child=6 3 -4 -5 5 -7 -8
leaf_value=0.00011199311176682211 -0.0033676769494433902 -0.003927881069689756 0.00021926984677589999 -0.00097445170178849709 0.0004367887619173528 -0.00010970887671149176 -9.6151035032113866e-06
leaf_weight=20 34 35 21 37 22 28 20
leaf_count=20 34 35 21 37 22 28 20
internal_value=0.00195392 0.00476073 0.0193171 -0.000131149 0.00329412 0.0096 -0.00651852
internal_weight=217 163 41 122 85 50 54
internal_count=217 163 41 122 85 50 54
is_linear=0
shrinkage=0.08


Tree=56
num_leaves=7
num_cat=0
split_feature=22 3 3 3 13 9
split_gain=0.959107 1.47601 0.437675 0.862949 0.121569 0.034127
threshold=0.51800000000000013 16.150000000000002 22.150000000000002 20.150000000000002 0.15787581846002713 18.500000000000004
decision_type=2 2 2 2 2 2
left_child=1 -1 3 -3 -4 -2
right_child=5 2 4 -5 -6 -7
leaf_value=0.0001994687242285948 -5.2819780184221891e-05 -0.0006706333957666327 -0.0038152583190278668 0.00040184558713867976 -6.6446814932386025e-05 -0.0030134217106956036
leaf_weight=35 20 36 31 32 20 43
leaf_count=35 20 36 31 32 20 43
internal_value=0.00158525 0.00498701 0.000739494 0.00494117 -0.00486275 -0.00673016
internal_weight=217 154 119 68 51 63
internal_count=217 154 119 68 51 63
is_linear=0
shrinkage=0.08


Tree=57
num_leaves=8
num_cat=0
split_feature=43 38 18 3 22 9 2
split_gain=0.702381 1.70898 0.507062 0.847971 0.517927 0.0350746 0.0261905
threshold=-0.24024999999999996 -0.27384999999999987 0.39535000000000003 22.150000000000002 0.38255000000000006 15.500000000000002 746522.10000000021
decision_type=2 2 2 2 2 2 2
left_child=1 -1 3 4 -2 -4 -5
right_child=2 -3 5 6 -6 -7 -8
leaf_value=-0.0032516344314710644 0.00096738494970883941 0.00022507300907359946 -4.8594197769483308e-05 -0.0080230298538765156 -1.7894579261403162e-05 -0.0023175701690821659 -0.0034764363932195436
leaf_weight=23 30 34 20 22 21 47 20
leaf_count=23 30 34 20 22 21 47 20
internal_value=0.00121659 0.0088421 -0.0015 0.00232258 0.0092549 -0.00680597 -0.00609524
internal_weight=217 57 160 93 51 67 42
internal_count=217 57 160 93 51 67 42
is_linear=0
shrinkage=0.08


Tree=58
num_leaves=7
num_cat=0
split_feature=43 22 24 41 10 1
split_gain=1.0147 0.668975 0.937037 0.683599 0.145946 0.0307692
threshold=-0.29609999999999997 0.46920000000000006 0.41090000000000004 0.49538843510441449 0.42925122807017546 244639.50000000003
decision_type=2 2 2 2 2 2
left_child=-1 2 -2 5 -3 -4
right_child=1 4 3 -5 -6 -7
leaf_value=0.00021365814071425476 0.0011322051910439643 -1.3418704566110149e-05 -0.0030109648404571393 8.9667423529775033e-05 -0.00025928070284518648 -0.0015368307516740857
leaf_weight=21 35 20 32 35 54 20
leaf_count=21 35 20 32 35 54 20
internal_value=0.00195392 0.000163263 0.00380328 -0.00064368 -0.00583784 -0.00646154
internal_weight=217 196 122 87 74 52
internal_count=217 196 122 87 74 52
is_linear=0
shrinkage=0.08


Tree=59
num_leaves=6
num_cat=0
split_feature=42 13 22 4 13
split_gain=0.583084 0.604584 0.926389 0.35438 0.039011
threshold=0.14381419954098415 0.15740734592845149 0.40680000000000005 62.760000000000012 0.14067154559011882
decision_type=2 2 2 2 2
left_child=-1 3 -3 -2 -5
right_child=1 2 -4 4 -6
leaf_value=8.3765819289951239e-05 8.8530599127789028e-05 0.0021949669475807361 -0.00085961807445379419 -2.0082695402519499e-05 -0.00030268188012984597
leaf_weight=36 29 32 29 20 71
leaf_count=36 29 32 29 20 71
internal_value=0.000479261 -0.00137017 0.00511475 -0.00466667 -0.00712088
internal_weight=217 181 61 120 91
internal_count=217 181 61 120 91
is_linear=0
shrinkage=0.08


Tree=60
num_leaves=7
num_cat=0
split_feature=43 13 12 1 20 4
split_gain=1.20167 0.329767 0.889815 0.814152 0.126096 0.04
threshold=-0.29609999999999997 0.15740734592845149 0.44287960029069767 96419.200000000026 0.62775000000000014 67.25500000000001
decision_type=2 2 2 2 2 2
left_child=-1 3 -3 -2 5 -5
right_child=1 2 -4 4 -6 -7
leaf_value=0.00016751315540505722 6.5272657214106129e-05 0.0039015832475676315 -0.00013770085633761308 -3.5888796051083314e-05 -0.00025680568092072592 -0.00017329907076139636
leaf_weight=21 21 24 30 20 21 80
leaf_count=21 21 24 30 20 21 80
internal_value=0.000479261 -0.00146939 0.00385185 -0.00349296 -0.00601653 -0.0072
internal_weight=217 196 54 142 121 100
internal_count=217 196 54 142 121 100
is_linear=0
shrinkage=0.08


Tree=61
num_leaves=7
num_cat=0
split_feature=43 43 18 20 2 2
split_gain=1.10621 0.335243 0.722556 0.46896 0.136508 0.101176
threshold=-0.29609999999999997 0.12670000000000001 0.39535000000000003 0.29040000000000005 824162.25000000012 413183.45000000001
decision_type=2 2 2 2 2 2
left_child=-1 2 -2 -4 -3 -5
right_child=1 4 3 5 -6 -7
leaf_value=0.00015411210297265038 8.4059139200236572e-05 -0.006756644355988801 7.7801109682084483e-06 -0.0024395264586694098 -0.002200562191926464 -3.8090218346914601e-05
leaf_weight=21 38 43 27 43 20 25
leaf_count=21 38 43 27 43 20 25
internal_value=0.00121659 -0.000653063 0.00162406 -0.00210527 -0.00546032 -0.00564706
internal_weight=217 196 133 95 63 68
internal_count=217 196 133 95 63 68
is_linear=0
shrinkage=0.08


Tree=62
num_leaves=8
num_cat=0
split_feature=11 13 43 0 22 24 0
split_gain=0.514776 0.593869 0.557932 0.691333 1.09886 0.668605 0.0307692
threshold=0.17987044602687877 0.15757386628855752 0.12670000000000001 0.36100000000000004 0.44365000000000004 0.43745000000000006 0.44145000000000006
decision_type=2 2 2 2 2 2 2
left_child=1 2 3 -1 5 -5 -2
right_child=6 -3 -4 4 -6 -7 -8
leaf_value=-4.5421051057353486e-05 -0.00084915869527061661 0.0017687457794977573 -0.0056724065145304214 -0.0017529541299893528 0.00016469806343624791 7.7051414984692258e-05 -0.00023894316865697549
leaf_weight=34 20 31 37 23 20 20 32
leaf_count=34 20 31 37 23 20 20 32
internal_value=0.000479261 0.00266666 0.000358207 0.00354639 0.00850793 0.00130232 -0.00646154
internal_weight=217 165 134 97 63 43 52
internal_count=217 165 134 97 63 43 52
is_linear=0
shrinkage=0.08


Tree=63
num_leaves=7
num_cat=0
split_feature=3 42 0 38 34 42
split_gain=0.6145 0.829453 0.690909 0.769231 1.09447 0.222222
threshold=20.550000000000004 0.14381419954098415 0.36100000000000004 -0.27384999999999987 0.39335000000000003 0.14680682518104501
decision_type=2 2 2 2 2 2
left_child=1 -1 -3 -4 -5 -2
right_child=5 2 3 4 -6 -7
leaf_value=0.00011085203930377055 -0.0011227368937966075 -0.002996887361604055 -0.0027848589701218087 -0.00041992861221107618 0.00073935897717369663 0.00037820934491650585
leaf_weight=26 54 38 20 25 27 27
leaf_count=26 54 38 20 25 27 27
internal_value=0.000479261 0.0037647 0.000727271 0.00533333 0.0104615 -0.00503704
internal_weight=217 136 110 72 52 81
internal_count=217 136 110 72 52 81
is_linear=0
shrinkage=0.08


Tree=64
num_leaves=7
num_cat=0
split_feature=43 22 10 10 4 9
split_gain=0.712969 0.628629 0.580919 1.19333 1.0756 0.12
threshold=-0.29609999999999997 0.55360000000000009 0.43381926536731641 0.45494162528963927 84.230000000000018 30.500000000000004
decision_type=2 2 2 2 2 2
left_child=-1 2 5 4 -4 -2
right_child=1 -3 3 -5 -6 -7
leaf_value=0.00011187930259044402 -0.00030149662547414454 -0.0019711987900389353 0.0017163995233756982 -6.2478467879325311e-05 0.0001895861876467516 -0.0021391333069457419
leaf_weight=21 30 54 20 35 37 20
leaf_count=21 30 54 20 35 37 20
internal_value=0.000847924 -0.000653063 0.00214084 0.00591304 0.0130526 -0.0048
internal_weight=217 196 142 92 57 50
internal_count=217 196 142 92 57 50
is_linear=0
shrinkage=0.08


Tree=65
num_leaves=7
num_cat=0
split_feature=11 41 32 44 4 1
split_gain=0.640469 0.723669 1.00392 0.443608 0.4992 0.140299
threshold=0.17987044602687877 0.49295635715709735 0.38485000000000008 0.90018512802467965 102.33000000000001 108387.55
decision_type=2 2 2 2 2 2
left_child=1 2 -1 5 -5 -3
right_child=-2 3 -4 4 -6 -7
leaf_value=8.5833012115491813e-06 -0.00016366518486452306 -6.4232447750837754e-05 0.0015790875615056457 -4.8618709883196267e-05 0.00026488108193512775 -0.0027506596308760163
leaf_weight=34 52 20 20 21 23 47
leaf_count=34 52 20 20 21 23 47
internal_value=-0.000258066 0.00218182 0.00977778 -0.00151352 0.00472727 -0.00561194
internal_weight=217 165 54 111 44 67
internal_count=217 165 54 111 44 67
is_linear=0
shrinkage=0.08


Tree=66
num_leaves=7
num_cat=0
split_feature=10 32 38 43 39 12
split_gain=0.592742 0.475192 0.891861 1.41956 0.627842 0.561194
threshold=0.45494162528963927 0.44630000000000009 -0.27384999999999987 -0.23355000000000001 0.49258181683021113 0.43916407894736847
decision_type=2 2 2 2 2 2
left_child=1 2 -1 -4 -5 -3
right_child=-2 5 3 4 -6 -7
leaf_value=-0.0026309492051667062 -0.00010267256931090484 0.0013863357302569069 0.00024442073378600577 -0.00062407523023706236 0.00015646186929597062 -0.0011596742793036729
leaf_weight=24 49 20 20 35 22 47
leaf_count=24 49 20 20 35 22 47
internal_value=-0.000258066 0.002 0.00546534 0.00966234 0.00322807 -0.00322388
internal_weight=217 168 101 77 57 67
internal_count=217 168 101 77 57 67
is_linear=0
shrinkage=0.08


Tree=67
num_leaves=7
num_cat=0
split_feature=11 13 36 40 0 1
split_gain=0.724511 0.771936 0.646999 0.280825 0.473485 0.0350746
threshold=0.16994063400794318 0.15556992984868795 0.55780000000000018 0.14279302558722926 0.62850000000000017 130200.70000000001
decision_type=2 2 2 2 2 2
left_child=1 2 3 -1 -5 -2
right_child=5 -3 -4 4 -6 -7
leaf_value=-0.00099606100811973743 -0.0012660396497577529 0.0010073687953633958 5.2565703279101963e-05 0.00012311204952053002 -0.0050142814884020738 -0.0001358730086611125
leaf_weight=43 20 38 25 24 20 47
leaf_count=43 20 38 25 24 20 47
internal_value=0.000110597 0.0032 -0.000142859 -0.0034023 0.00109091 -0.00680597
internal_weight=217 150 112 87 44 67
internal_count=217 150 112 87 44 67
is_linear=0
shrinkage=0.08


Tree=68
num_leaves=8
num_cat=0
split_feature=11 0 0 34 24 44 4
split_gain=0.690553 0.81583 1.24477 1.06838 1.13778 0.619073 0.235714
threshold=0.18242961813571534 0.50440000000000007 0.36100000000000004 0.60930000000000006 0.40145000000000003 0.90018512802467965 50.195000000000007
decision_type=2 2 2 2 2 2 2
left_child=1 2 6 4 -4 -3 -1
right_child=-2 5 3 -5 -6 -7 -8
leaf_value=4.7538877538301544e-05 -0.0011162019104038682 -0.0038072643832044867 0.00055621856803254118 -0.00066858644080172963 4.2054798110047094e-05 0.00042695636716829808 -0.00026441758254910371
leaf_weight=20 37 47 25 20 20 26 22
leaf_count=20 37 47 25 20 20 26 22
internal_value=0.00195392 0.004 0.0084486 0.0153846 0.0222222 -0.00252055 -0.00228572
internal_weight=217 180 107 65 45 73 42
internal_count=217 180 107 65 45 73 42
is_linear=0
shrinkage=0.08


Tree=69
num_leaves=7
num_cat=0
split_feature=20 10 42 9 3 0
split_gain=1.18098 0.625 0.602147 0.452308 0.288462 0.769231
threshold=0.29895000000000005 0.43583583333333337 0.14381419954098415 8.5000000000000018 17.900000000000002 0.41175000000000006
decision_type=2 2 2 2 2 2
left_child=1 -1 -2 -4 5 -5
right_child=2 -3 3 4 -6 -7
leaf_value=2.3010442593458182e-05 0.00018747325812465168 0.0001305988682933216 0.00061329012496255219 -0.0016077489538167515 -0.0018994162607685169 0.0013696599454825415
leaf_weight=20 27 20 20 32 78 20
leaf_count=20 27 20 20 32 78 20
internal_value=0.00158525 0.014 -0.00122034 -0.0032 -0.00492308 -0.000307694
internal_weight=217 40 177 150 130 52
internal_count=217 40 177 150 130 52
is_linear=0
shrinkage=0.08


Tree=70
num_leaves=6
num_cat=0
split_feature=42 22 0 9 9
split_gain=0.896677 0.825837 1.51074 1.33772 0.315672
threshold=0.14381419954098415 0.55360000000000009 0.5021000000000001 39.500000000000007 14.500000000000002
decision_type=2 2 2 2 2
left_child=-1 2 3 -2 -4
right_child=1 -3 4 -5 -6
leaf_value=0.0001215908871411402 9.1325886379476501e-05 -0.0017482923900834738 0.00056422691496554541 0.00095899876195689924 -0.0030404596541726355
leaf_weight=36 36 53 20 25 47
leaf_count=36 36 53 20 25 47
internal_value=0.00269124 0.000397788 0.003875 0.0129836 -0.00441791
internal_weight=217 181 128 61 67
internal_count=217 181 128 61 67
is_linear=0
shrinkage=0.08


Tree=71
num_leaves=7
num_cat=0
split_feature=42 20 39 13 40 10
split_gain=1.01502 0.501311 1.00392 0.37025 0.362319 0.0368421
threshold=0.14381419954098415 0.38025000000000003 0.49555390199637034 0.15757386628855752 0.14956297063102542 0.45438534482758625
decision_type=2 2 2 2 2 2
left_child=-1 2 4 5 -2 -3
right_child=1 3 -4 -5 -6 -7
leaf_value=0.00011186361616984876 -0.0012426075370539293 -0.0013917085240057585 0.00013636616673894821 0.00043158682780719304 9.7880209246351872e-05 -0.0035805719743348232
leaf_weight=36 25 56 20 37 23 20
leaf_count=36 25 56 20 37 23 20
internal_value=0.00195392 -0.00048619 0.00494117 -0.00375221 -0.00133334 -0.00694737
internal_weight=217 181 68 113 48 76
internal_count=217 181 68 113 48 76
is_linear=0
shrinkage=0.08


Tree=72
num_leaves=8
num_cat=0
split_feature=43 38 0 22 10 11 2
split_gain=1.09596 1.32122 1.67593 2.28943 1.05332 0.235714 0.136508
threshold=0.12670000000000001 -0.27384999999999987 0.34925000000000006 0.41090000000000004 0.44592288135593228 0.15193505717182523 824162.25000000012
decision_type=2 2 2 2 2 2 2
left_child=1 -1 5 4 -4 -3 -2
right_child=6 2 3 -5 -6 -7 -8
leaf_value=-0.0025959772519857038 -0.0053453484454578631 1.0516539477930746e-05 -0.0018336517462202349 0.00012807244423370214 0.00055197629585521828 -0.0015997067359242462 -0.00067371733152966299
leaf_weight=30 43 20 29 27 26 22 20
leaf_count=30 43 20 29 27 26 22 20
internal_value=0.00342857 0.00706493 0.0107097 0.0173659 0.008 -0.00228572 -0.00546032
internal_weight=217 154 124 82 55 42 63
internal_count=217 154 124 82 55 42 63
is_linear=0
shrinkage=0.08


Tree=73
num_leaves=8
num_cat=0
split_feature=41 20 39 10 10 3 2
split_gain=0.72154 1.25798 0.883096 0.552546 0.560342 0.03 0.0291667
threshold=0.49257861127422198 0.38320000000000004 0.4957709482758621 0.4520441071428572 0.43381926536731641 19.550000000000004 263744.70000000007
decision_type=2 2 2 2 2 2 2
left_child=6 2 -2 4 -3 -5 -1
right_child=1 3 -4 5 -6 -7 -8
leaf_value=-0.00034298583229848309 8.9048023988304756e-05 -0.0021003184538155983 0.00011521107786113707 -0.0010091651387252691 0.00052945842481951411 -0.00061518101080516657 -0.00053671948295158634
leaf_weight=20 37 24 20 20 38 30 28
leaf_count=20 37 24 20 20 38 30 28
internal_value=0.00232258 0.00478106 0.0144561 -0.000142859 0.00490322 -0.0064 -0.00633334
internal_weight=217 169 57 112 62 50 48
internal_count=217 169 57 112 62 50 48
is_linear=0
shrinkage=0.08


Tree=74
num_leaves=7
num_cat=0
split_feature=43 12 18 20 9 2
split_gain=0.885002 1.1852 1.00056 0.847463 0.307143 0.280519
threshold=0.12670000000000001 0.44828376068376069 0.37700000000000006 0.29895000000000005 18.500000000000004 413183.45000000001
decision_type=2 2 2 2 2 2
left_child=1 2 -1 -4 -2 -5
right_child=4 -3 3 5 -6 -7
leaf_value=0.00091192032631711069 0.00083246013758152553 9.3098299849859713e-05 6.8217165751386453e-05 -0.0012643299378014897 -0.0052649893629891321 6.7567225069754153e-06
leaf_weight=20 20 30 34 48 43 22
leaf_count=20 20 30 34 48 43 22
internal_value=0.00379723 0.00706493 0.0036129 0.000461537 -0.00419048 -0.00457143
internal_weight=217 154 124 104 63 70
internal_count=217 154 124 104 63 70
is_linear=0
shrinkage=0.08


Tree=75
num_leaves=8
num_cat=0
split_feature=43 18 13 39 0 42 12
split_gain=1.03472 2.13371 0.485519 0.960317 0.728139 0.569078 0.0357143
threshold=-0.24024999999999996 0.65305000000000013 0.15556992984868795 0.49258181683021113 0.52720000000000011 0.14381419954098415 0.44861644059065936
decision_type=2 2 2 2 2 2 2
left_child=1 -1 5 -4 -5 -2 -7
right_child=2 -3 3 4 -6 6 -8
leaf_value=8.2003127905118809e-05 0.00010672916069059194 -0.0013716616631313993 -0.0021367452068263197 0.00024334245190081371 -0.00031072579030030266 -0.0010859700538705084 -0.001479963222656251
leaf_weight=37 27 20 21 20 22 50 20
leaf_count=37 27 20 21 20 22 50 20
internal_value=0.00379723 0.0130526 0.000499998 0.00596825 0.0129524 -0.00305155 -0.00685714
internal_weight=217 57 160 63 42 97 70
internal_count=217 57 160 63 42 97 70
is_linear=0
shrinkage=0.08


Tree=76
num_leaves=8
num_cat=0
split_feature=20 10 11 43 13 13 1
split_gain=1.38934 1.225 0.824264 0.767544 0.822358 0.388454 0.134426
threshold=0.29895000000000005 0.43583583333333337 0.17987044602687877 -0.24024999999999996 0.15556992984868795 0.14013221829097791 196058.70000000004
decision_type=2 2 2 2 2 2 2
left_child=1 -1 3 -2 5 -5 -7
right_child=2 -3 -4 4 -6 6 -8
leaf_value=1.352539838171572e-05 7.4547820147463211e-05 0.00015587114246154332 -0.0017500308182230946 0.00012798927536296465 0.0010632585646763368 -0.00053221570673271993 -0.00075565161129344195
leaf_weight=20 21 20 44 21 30 41 20
leaf_count=20 21 20 44 21 30 41 20
internal_value=0.00453456 0.018 0.00149152 0.00463158 0.002 -0.00214634 -0.00537705
internal_weight=217 40 177 133 112 82 61
internal_count=217 40 177 133 112 82 61
is_linear=0
shrinkage=0.08


Tree=77
num_leaves=7
num_cat=0
split_feature=43 42 1 0 24 9
split_gain=1.24194 1.42209 1.88555 0.560899 0.72 0.307143
threshold=0.12670000000000001 0.14381419954098415 164488.55000000002 0.39210000000000006 0.38790000000000008 18.500000000000004
decision_type=2 2 2 2 2 2
left_child=1 -1 3 -3 -5 -2
right_child=5 2 -4 4 -6 -7
leaf_value=7.8417194295005464e-05 0.00070566070462491971 -0.0014052970747573134 0.00012795291057037886 0.00010555252064572019 -0.0024479743358439211 -0.0047134726218879047
leaf_weight=29 20 39 36 25 25 43
leaf_count=29 20 39 36 25 25 43
internal_value=0.00527189 0.00914286 0.00544 -0.000808991 0.0048 -0.00419048
internal_weight=217 154 125 89 50 63
internal_count=217 154 125 89 50 63
is_linear=0
shrinkage=0.08


Tree=78
num_leaves=8
num_cat=0
split_feature=43 2 18 20 39 9 0
split_gain=1.05593 1.53859 0.833058 0.675516 1.01792 0.307143 0.0272727
threshold=0.12670000000000001 551745.25000000012 0.38790000000000008 0.38320000000000004 0.49066610169491537 18.500000000000004 0.41650000000000004
decision_type=2 2 2 2 2 2 2
left_child=1 2 -1 4 -4 -2 -5
right_child=5 -3 3 6 -6 -7 -8
leaf_value=0.00040155520557300182 0.00064920784825492242 0.00012385879511332546 -0.00070002038027770568 -0.00086606924741740353 7.4846674183353819e-05 -0.0043363948121368711 -0.0012233546454960612
leaf_weight=25 20 26 26 24 33 43 20
leaf_count=25 20 26 26 24 33 43 20
internal_value=0.00453456 0.00810389 0.0045 0.00132039 0.00691525 -0.00419048 -0.00618182
internal_weight=217 154 128 103 59 63 44
internal_count=217 154 128 103 59 63 44
is_linear=0
shrinkage=0.08


Tree=79
num_leaves=8
num_cat=0
split_feature=32 0 18 0 40 11 1
split_gain=1.08137 1.25052 1.93096 2.23089 0.859998 0.428571 0.0355072
threshold=0.44980000000000003 0.36100000000000004 0.57405000000000006 0.49995000000000006 0.15233581508321528 0.15377199205587197 226195.00000000003
decision_type=2 2 2 2 2 2 2
left_child=1 5 3 -3 6 -1 -2
right_child=4 2 -4 -5 -6 -7 -8
leaf_value=4.9908052397291676e-05 -0.00096144832895106338 0.00021813060869261308 3.8425919100451819e-05 8.4056449516227148e-05 0.00064376082324539899 -0.0013285753168437854 -5.3926107668156798e-05
leaf_weight=21 49 21 39 20 20 27 20
leaf_count=21 49 21 39 20 20 27 20
internal_value=0.0041659 0.008875 0.015 0.0271219 -0.00260674 -0.00133334 -0.00684058
internal_weight=217 128 80 41 89 48 69
internal_count=217 128 80 41 89 48 69
is_linear=0
shrinkage=0.08


Tree=80
num_leaves=8
num_cat=0
split_feature=43 0 38 24 1 11 9
split_gain=0.96858 1.03268 1.29287 1.90905 1.44134 0.413547 0.307143
threshold=0.12670000000000001 0.36100000000000004 -0.27384999999999987 0.38790000000000008 154472.90000000002 0.15193505717182523 18.500000000000004
decision_type=2 2 2 2 2 2 2
left_child=1 5 -3 -4 -5 -1 -2
right_child=6 2 3 4 -6 -7 -8
leaf_value=4.3943221820451292e-05 0.00054577035453489797 -0.0020394299079632464 0.0005663357162444476 -1.199736980678369e-05 7.6688534679800335e-05 -0.00075390327115718611 -0.0039851691385524701
leaf_weight=22 20 23 21 30 29 29 43
leaf_count=22 20 23 21 30 29 29 43
internal_value=0.0041659 0.00758441 0.0121942 0.017 0.00962712 -0.00172549 -0.00419048
internal_weight=217 154 103 80 59 51 63
internal_count=217 154 103 80 59 51 63
is_linear=0
shrinkage=0.08


Tree=81
num_leaves=7
num_cat=0
split_feature=43 38 20 10 10 2
split_gain=0.729158 1.49087 0.621749 0.543478 0.36724 0.307143
threshold=0.12670000000000001 -0.041049999999999996 0.30670000000000003 0.44592288135593228 0.44132543859649126 824162.25000000012
decision_type=2 2 2 2 2 2
left_child=1 2 -1 -3 -4 -2
right_child=5 3 4 -5 -6 -7
leaf_value=2.6501266694764535e-05 -0.0040979937880058085 6.5843411431461477e-05 2.2855695318731371e-05 0.00044762936970818535 -8.1551581705311055e-05 0.00075887042839853261
leaf_weight=37 43 23 27 23 44 20
leaf_count=37 43 23 27 23 44 20
internal_value=0.00305991 0.00602597 0.000888887 0.018087 -0.00349296 -0.00419048
internal_weight=217 154 108 46 71 63
internal_count=217 154 108 46 71 63
is_linear=0
shrinkage=0.08


Tree=82
num_leaves=8
num_cat=0
split_feature=44 39 36 0 11 4 12
split_gain=0.64828 1.21247 0.430033 0.78652 0.349684 0.520814 0.667063
threshold=0.96621822629094201 0.4957709482758621 0.55780000000000018 0.5021000000000001 0.14362767165729634 60.555000000000007 0.44272860643536022
decision_type=2 2 2 2 2 2 2
left_child=2 -2 4 -4 -1 -6 -7
right_child=1 -3 3 -5 5 6 -8
leaf_value=-0.0010802051508040764 -2.8209858511515941e-06 4.0547318709389998e-05 0.00011899782359898109 -0.0021361942002156818 -0.0014379719345358631 0.00030058661673855371 -0.00089767654248545275
leaf_weight=45 36 22 22 21 26 24 21
leaf_count=45 36 22 22 21 26 24 21
internal_value=0.00269124 0.00993103 5.03126e-05 0.00688372 -0.00248276 0.00101408 0.00622222
internal_weight=217 58 159 43 116 71 45
internal_count=217 58 159 43 116 71 45
is_linear=0
shrinkage=0.08


Tree=83
num_leaves=8
num_cat=0
split_feature=36 10 10 39 36 42 26
split_gain=0.633567 1.28106 0.506351 1.26589 0.614577 0.484848 0.127273
threshold=0.30400000000000005 0.44077068965517247 0.45364257553426685 0.49220441570026768 0.44630000000000009 0.14381419954098415 0.37815000000000004
decision_type=2 2 2 2 2 2 2
left_child=1 -1 3 5 -5 -2 -4
right_child=2 -3 6 4 -6 -7 -8
leaf_value=-0.0002233712875354078 5.8008678783903967e-05 0.00026074893234392807 -0.0045889260813485131 0.00026265537157395974 5.3686262422040797e-05 -0.00094826068260044874 -0.0012685835487163421
leaf_weight=23 22 21 20 23 29 44 35
leaf_count=23 22 21 20 23 29 44 35
internal_value=0.00342857 0.012 0.00124855 0.00420339 0.0135385 -0.00315152 -0.00509091
internal_weight=217 44 173 118 52 66 55
internal_count=217 44 173 118 52 66 55
is_linear=0
shrinkage=0.08


Tree=84
num_leaves=7
num_cat=0
split_feature=42 30 24 30 2 1
split_gain=1.07868 0.859174 1.40256 0.612605 0.128571 0.0330508
threshold=0.14381419954098415 0.51125000000000009 0.38790000000000008 0.37700000000000006 464271.20000000001 161187.70000000004
decision_type=2 2 2 2 2 2
left_child=-1 2 -2 4 -4 -3
right_child=1 5 3 -5 -6 -7
leaf_value=8.4938031504888669e-05 0.00045343027945471593 -0.00088408579220367305 -0.0016927539125645684 0.00023131706470186635 -0.0033154815799722095 -6.7195735833992452e-06
leaf_weight=36 32 39 20 34 36 20
leaf_count=36 32 39 20 34 36 20
internal_value=0.00379723 0.00128177 0.00511475 -1.90735e-09 -0.00514286 -0.00664407
internal_weight=217 181 122 90 56 59
internal_count=217 181 122 90 56 59
is_linear=0
shrinkage=0.08


Tree=85
num_leaves=8
num_cat=0
split_feature=11 10 22 32 38 41 1
split_gain=0.852535 0.948004 1.31934 2.58446 0.640244 0.227591 0.250216
threshold=0.18242961813571534 0.43332136222910217 0.51125000000000009 0.44980000000000003 0.22005000000000002 0.4933399237226937 130200.70000000001
decision_type=2 2 2 2 2 2 2
left_child=1 5 3 -3 -5 6 -1
right_child=-2 2 -4 4 -6 -7 -8
leaf_value=-7.3663178437034174e-06 -0.00013960519475441103 0.00065967576366501499 -1.4041358257215167e-05 -0.0008954438021542059 0.00072960907221161883 -0.0042147102414832119 7.3281602612294773e-05
leaf_weight=22 37 37 34 21 20 26 20
leaf_count=22 37 37 34 21 20 26 20
internal_value=0.00305991 0.00533333 0.00985714 0.0155897 0.0017561 -0.00211765 0.00152381
internal_weight=217 180 112 78 41 68 42
internal_count=217 180 112 78 41 68 42
is_linear=0
shrinkage=0.08


Tree=86
num_leaves=8
num_cat=0
split_feature=38 18 32 36 12 44 0
split_gain=0.459343 1.1366 0.580874 1.63875 0.500493 0.21 0.0330508
threshold=-0.19319999999999998 0.49750000000000005 0.44245000000000007 0.55780000000000018 0.43916407894736847 0.77064783164122652 0.71660000000000001
decision_type=2 2 2 2 2 2 2
left_child=5 2 3 -2 -4 -1 -6
right_child=1 -3 4 -5 6 -7 -8
leaf_value=-9.6580016827005806e-06 -2.8663543504892984e-05 6.9263499539552671e-05 0.0013611062466315615 0.00085188501846696746 -0.00015471695537754235 -0.00093449603835339223 -0.0032460896112467192
leaf_weight=25 34 22 20 22 39 35 20
leaf_count=25 34 22 20 22 39 35 20
internal_value=0.00195392 0.0042293 0.00148148 0.00771428 -0.00293671 -0.004 -0.00664407
internal_weight=217 157 135 56 79 60 59
internal_count=217 157 135 56 79 60 59
is_linear=0
shrinkage=0.08


Tree=87
num_leaves=8
num_cat=0
split_feature=11 40 42 1 13 20 1
split_gain=0.574159 0.851629 1.20043 0.871111 0.57224 0.24053 0.0314815
threshold=0.18461447789387775 0.14927344394238326 0.14645985596268216 141354.95000000004 0.14045376734038104 0.38320000000000004 193718.65000000002
decision_type=2 2 2 2 2 2 2
left_child=1 4 -3 -4 -1 -6 -7
right_child=-2 2 3 -5 5 6 -8
leaf_value=3.3727661241919412e-05 -0.0030209060466328615 0.00099053360524513335 -0.0020097483747546743 0.00030285624785430268 2.6059626903452905e-06 -0.00010258399894749474 -0.0011119348193970654
leaf_weight=39 28 20 20 25 31 34 20
leaf_count=39 28 20 20 25 31 34 20
internal_value=0.00269124 0.00427513 0.0116923 0.00444444 0.000387095 -0.00329412 -0.00651852
internal_weight=217 189 65 45 124 85 54
internal_count=217 189 65 45 124 85 54
is_linear=0
shrinkage=0.08


Tree=88
num_leaves=8
num_cat=0
split_feature=39 41 20 2 34 1 1
split_gain=0.59812 0.788904 0.788581 0.457143 0.420419 0.133333 0.0291667
threshold=0.49220441570026768 0.49313804922046134 0.38320000000000004 556003.20000000007 0.30210000000000009 96419.200000000026 134825.25000000003
decision_type=2 2 2 2 2 2 2
left_child=3 -2 -3 5 -4 -1 -6
right_child=1 2 4 -5 6 -7 -8
leaf_value=-5.9460701150957196e-05 0.00029766152419052189 1.8254361423565225e-05 0.00088076404934960624 5.9179781540797611e-05 -7.8410854820528452e-05 -0.00011697521875400705 -0.0023894802228484964
leaf_weight=21 28 30 21 20 20 49 28
leaf_count=21 28 30 21 20 20 49 28
internal_value=0.00232258 0.00585827 0.00250505 -0.00266667 -0.0022029 -0.00571429 -0.00633334
internal_weight=217 127 99 90 69 70 48
internal_count=217 127 99 90 69 70 48
is_linear=0
shrinkage=0.08


Tree=89
num_leaves=8
num_cat=0
split_feature=36 38 36 28 1 9 2
split_gain=0.807617 1.28106 0.624606 2.0016 0.334091 0.484848 0.109091
threshold=0.30400000000000005 -0.18454999999999996 0.55780000000000018 0.62775000000000014 148913.20000000004 18.500000000000004 582847.00000000012
decision_type=2 2 2 2 2 2 2
left_child=1 -1 4 -4 -2 -6 -7
right_child=2 -3 3 -5 5 6 -8
leaf_value=-0.00020431382067509268 -4.517045722865241e-05 6.5383531678947024e-05 0.00073220931756150915 -0.0017298536466486272 4.0547041856702589e-05 -0.0013161581122894011 -0.000805733546451788
leaf_weight=23 54 21 21 32 22 24 20
leaf_count=23 54 21 21 32 22 24 20
internal_value=0.00232258 0.012 -0.00013873 0.00709434 -0.00333334 0.000484847 -0.00436364
internal_weight=217 44 173 53 120 66 44
internal_count=217 44 173 53 120 66 44
is_linear=0
shrinkage=0.08


Tree=90
num_leaves=7
num_cat=0
split_feature=1 43 20 34 36 28
split_gain=0.637278 2.1025 0.3675 0.709655 0.351648 0.14652
threshold=154472.90000000002 -0.18424999999999994 0.42980000000000002 0.37070000000000008 0.58595000000000008 0.28130000000000005
decision_type=2 2 2 2 2 2
left_child=4 -2 -3 -4 5 -1
right_child=1 2 3 -5 -6 -7
leaf_value=-1.9947638443774248e-06 0.00013101377401960259 -0.00055093138640678911 0.00079972679446698683 -0.0019863567938844433 0.00021948739803070598 -3.015920006452321e-05
leaf_weight=21 20 30 29 21 26 70
leaf_count=21 20 30 29 21 26 70
internal_value=0.000110597 0.0048 -0.001 0.0032 -0.00389744 -0.00624176
internal_weight=217 100 80 50 117 91
internal_count=217 100 80 50 117 91
is_linear=0
shrinkage=0.08


Tree=91
num_leaves=8
num_cat=0
split_feature=44 44 42 39 41 30 3
split_gain=0.919108 0.417854 0.711146 0.516727 1.08651 0.458687 0.0307692
threshold=1.180129235313417 0.73800882279458702 0.14381419954098415 0.49258181683021113 0.49313804922046134 0.38255000000000006 16.150000000000002
decision_type=2 2 2 2 2 2 2
left_child=1 -1 -3 6 -5 -6 -4
right_child=-2 2 3 4 5 -7 -8
leaf_value=-0.0001005685239811102 4.1168839086397216e-05 6.9939099606835064e-05 -2.6294936712947889e-05 0.00036956574718630814 -0.0021874231676950692 3.5551599028377519e-05 -0.00061104765165853744
leaf_weight=33 22 20 20 20 33 37 32
leaf_count=33 22 20 20 20 33 37 32
internal_value=0.00195392 0.000205126 0.00187654 -0.000112678 0.00355555 -0.00114286 -0.00646154
internal_weight=217 195 162 142 90 70 52
internal_count=217 195 162 142 90 70 52
is_linear=0
shrinkage=0.08


Tree=92
num_leaves=7
num_cat=0
split_feature=1 43 0 9 0 12
split_gain=0.556824 1.62919 0.719543 0.446972 0.286364 0.163582
threshold=154472.90000000002 0.10804999999999999 0.44400000000000006 41.500000000000007 0.71660000000000001 0.43878247933884301
decision_type=2 2 2 2 2 2
left_child=3 2 -2 5 -3 -1
right_child=1 4 -4 -5 -6 -7
leaf_value=-1.1400637514614501e-05 3.7875331959485866e-05 -0.0022149624421508867 0.00019342207407482004 0.00040366886162014354 0.00066573557000910164 -3.7924767763747453e-05
leaf_weight=34 22 35 23 28 20 55
leaf_count=34 22 35 23 28 20 55
internal_value=0.00121659 0.0056 0.0168889 -0.00252992 -0.00363637 -0.00530337
internal_weight=217 100 45 117 55 89
internal_count=217 100 45 117 55 89
is_linear=0
shrinkage=0.08


Tree=93
num_leaves=7
num_cat=0
split_feature=2 43 10 36 10 20
split_gain=0.757871 1.64 0.984306 0.572662 0.136296 0.255428
threshold=524081.35000000003 -0.183 0.4438591466978376 0.55780000000000018 0.44077068965517247 0.38320000000000004
decision_type=2 2 2 2 2 2
left_child=3 -2 -3 4 -1 -6
right_child=1 2 -4 -5 5 -7
leaf_value=-0.00035462106714903341 8.9320180830222587e-05 0.00046093696901936026 -0.00023695333072424417 0.00012577135208931416 1.000089823535277e-05 -0.0015550651738146326
leaf_weight=46 20 27 32 38 29 25
leaf_count=46 20 27 32 38 29 25
internal_value=0.00195392 0.00820253 0.00149152 -0.00162319 -0.0048 -0.00207408
internal_weight=217 79 59 138 100 54
internal_count=217 79 59 138 100 54
is_linear=0
shrinkage=0.08


Tree=94
num_leaves=8
num_cat=0
split_feature=4 0 44 30 1 1 0
split_gain=0.917706 1.31263 1.42014 0.8138 0.761453 0.0318182 0.0291667
threshold=60.555000000000007 0.50440000000000007 0.82911674688640746 0.37700000000000006 154472.90000000002 207489.25000000003 0.31140000000000007
decision_type=2 2 2 2 2 2 2
left_child=6 2 -2 5 -4 -3 -1
right_child=1 3 4 -5 -6 -7 -8
leaf_value=-0.0001866747075369038 0.00075563577662791676 -0.0017789633223076493 -6.8739286685011078e-06 0.0001877323428478614 2.1243472536956765e-05 -0.0020873206595648473 -4.9677631929967127e-05
leaf_weight=20 20 35 28 32 34 20 28
leaf_count=20 20 35 28 32 34 20 28
internal_value=0.00342857 0.00620118 0.0134634 -0.00064368 0.00748387 -0.00654546 -0.00633334
internal_weight=217 169 82 87 62 55 48
internal_count=217 169 82 87 62 55 48
is_linear=0
shrinkage=0.08


Tree=95
num_leaves=8
num_cat=0
split_feature=44 30 30 30 41 1 34
split_gain=0.875908 0.512046 0.547037 0.726883 0.553846 0.361612 0.537037
threshold=1.180129235313417 0.59420000000000006 0.36205000000000004 0.39120000000000005 0.49313804922046134 164488.55000000002 0.56075000000000008
decision_type=2 2 2 2 2 2 2
left_child=1 2 4 -4 -1 6 -5
right_child=-2 -3 3 5 -6 -7 -8
leaf_value=0.00057501123928957584 3.1711198303105085e-05 -0.00085855289400128278 0.00016512787535592356 4.0779919959964222e-05 -0.0013736914006574671 1.7069922564771724e-05 -6.087007038577237e-05
leaf_weight=20 22 36 20 25 45 20 29
leaf_count=20 22 36 20 25 45 20 29
internal_value=0.00232258 0.000615383 0.00256604 0.00646808 -0.00307692 0.00281081 -0.000592594
internal_weight=217 195 159 94 65 74 54
internal_count=217 195 159 94 65 74 54
is_linear=0
shrinkage=0.08


Tree=96
num_leaves=8
num_cat=0
split_feature=4 24 30 4 32 30 0
split_gain=0.826209 1.06006 0.610678 0.872727 0.596273 0.484848 0.0277778
threshold=58.965000000000011 0.39120000000000005 0.36205000000000004 111.20000000000002 0.35025000000000006 0.25660000000000005 0.31140000000000007
decision_type=2 2 2 2 2 2 2
left_child=6 4 5 -4 -2 -3 -1
right_child=1 2 3 -5 -6 -7 -8
leaf_value=-0.000175003124530754 8.6392050620095157e-06 9.1754280272417799e-05 -1.358682787164639e-05 0.00012997697625096713 0.00032222632713756189 -0.0015697146583630163 -4.3596989817202567e-05
leaf_weight=20 25 22 33 27 21 44 25
leaf_count=20 25 22 33 27 21 44 25
internal_value=0.00342857 0.00595349 0.00215873 0.008 0.0163478 -0.00315152 -0.00622222
internal_weight=217 172 126 60 46 66 45
internal_count=217 172 126 60 46 66 45
is_linear=0
shrinkage=0.08


Tree=97
num_leaves=8
num_cat=0
split_feature=38 11 11 26 11 18 10
split_gain=0.665369 0.65459 1.01255 1.442 0.875 0.388431 0.102439
threshold=-0.27384999999999987 0.18032787595375524 0.13702293462192117 0.42410000000000009 0.1575577507797202 0.38790000000000008 0.4507387218045113
decision_type=2 2 2 2 2 2 2
left_child=-1 2 5 4 -4 -2 -3
right_child=1 6 3 -5 -6 -7 -8
leaf_value=-0.0019511005479562382 7.8189480391189915e-05 -4.4432190995428583e-05 -0.0013886056183104664 2.5789027149956813e-05 0.0014656194356421476 -2.5866411173970837e-05 -1.5647053847962657e-05
leaf_weight=30 20 21 28 33 28 37 20
leaf_count=30 20 21 28 33 28 37 20
internal_value=0.00305991 0.00483422 0.00734246 0.0126742 0.00485714 -0.000982458 -0.00409756
internal_weight=217 187 146 89 56 57 41
internal_count=217 187 146 89 56 57 41
is_linear=0
shrinkage=0.08


Tree=98
num_leaves=9
num_cat=0
split_feature=43 4 11 9 38 22 2 0
split_gain=0.840199 1.36656 1.01649 1.20417 1.00833 0.625 0.136508 0.0277778
threshold=0.12670000000000001 58.965000000000011 0.17987044602687877 31.500000000000004 0.040250000000000015 0.40680000000000005 824162.25000000012 0.31140000000000007
decision_type=2 2 2 2 2 2 2 2
left_child=1 7 3 4 5 -3 -2 -1
right_child=6 2 -4 -5 -6 -7 -8 -9
leaf_value=-0.00016642558963801091 -0.0025705104689937928 -0.0017329807050842571 -7.1499399179508595e-06 0.001000323664121292 9.4487008463065432e-05 7.7969743971545389e-06 0.00041972523647907045 -4.4687572160704646e-05
leaf_weight=20 43 20 29 20 20 20 20 25
leaf_count=20 43 20 29 20 20 20 20 25
internal_value=0.00232258 0.00550649 0.0103486 0.015 0.00933333 0.002 -0.00546032 -0.00622222
internal_weight=217 154 109 80 60 40 63 45
internal_count=217 154 109 80 60 40 63 45
is_linear=0
shrinkage=0.08


Tree=99
num_leaves=8
num_cat=0
split_feature=39 10 24 18 20 18 1
split_gain=0.743684 0.917878 0.913763 0.793849 0.4897 0.270716 0.0348485
threshold=0.49196018435920313 0.45364257553426685 0.37815000000000004 0.35700000000000004 0.55495000000000017 0.38485000000000008 105192.50000000001
decision_type=2 2 2 2 2 2 2
left_child=4 2 -2 -4 6 -3 -1
right_child=1 5 3 -5 -6 -7 -8
leaf_value=-7.283330702962419e-05 5.8162549271409717e-05 -0.0049653392401056975 0.00021523273320003962 -1.9811626743624563e-05 7.4608111464117993e-05 6.2132212110467964e-05 -7.4351820305787063e-05
leaf_weight=20 21 23 27 23 21 36 46
leaf_count=20 21 23 27 23 21 36 46
internal_value=0.00232258 0.00615384 0.0122817 0.0064 -0.0034023 -0.00122034 -0.00678788
internal_weight=217 130 71 50 87 59 66
internal_count=217 130 71 50 87 59 66
is_linear=0
shrinkage=0.08


Tree=100
num_leaves=7
num_cat=0
split_feature=39 10 41 38 0 18
split_gain=0.688544 0.551297 0.451613 0.749226 0.26584 0.136508
threshold=0.48986704022988509 0.45364257553426685 0.49313804922046134 0.040250000000000015 0.46165000000000006 0.38790000000000008
decision_type=2 2 2 2 2 2
left_child=5 2 -2 -4 -3 -1
right_child=1 4 3 -5 -6 -7
leaf_value=-1.240816417075602e-05 0.00025586717935322743 -0.0016173044106675793 -1.1634493997640291e-06 7.4580287577904938e-05 4.8374370079424003e-05 -7.448640833609354e-05
leaf_weight=20 21 24 34 38 37 43
leaf_count=20 21 24 34 38 37 43
internal_value=0.00158525 0.00446753 0.00834408 0.00533333 -0.00144262 -0.00546032
internal_weight=217 154 93 72 61 63
internal_count=217 154 93 72 61 63
is_linear=0
shrinkage=0.08


Tree=101
num_leaves=7
num_cat=0
split_feature=22 43 12 43 22 30
split_gain=1.10979 0.675433 1.08459 1.06266 1.29929 0.509091
threshold=0.55360000000000009 0.12670000000000001 0.43815553398560858 -0.26569999999999994 0.37815000000000004 0.37700000000000006
decision_type=2 2 2 2 2 2
left_child=1 2 -1 -4 -5 -3
right_child=-2 5 3 4 -6 -7
leaf_value=-0.0010813671770215452 -6.5498929668812258e-05 -0.001747787824980094 6.344282277699204e-06 0.0001206972423895589 0.00015246959141236417 0.0005848514531144283
leaf_weight=20 57 35 29 33 23 20
leaf_count=20 57 35 29 33 23 20
internal_value=0.00158525 0.005 0.0087619 0.0127059 0.0191429 -0.00218182
internal_weight=217 160 105 85 56 55
internal_count=217 160 105 85 56 55
is_linear=0
shrinkage=0.08


Tree=102
num_leaves=6
num_cat=0
split_feature=42 2 30 12 44
split_gain=0.634941 0.431971 0.79154 1.41265 0.171494
threshold=0.14391113987529222 423856.50000000006 0.36690000000000006 0.44283393442622959 0.78627296557290793
decision_type=2 2 2 2 2
left_child=-1 4 -3 -4 -2
right_child=1 2 3 -5 -6
leaf_value=6.541372628901281e-05 -8.9789772213149694e-06 -0.0014630124810466496 0.0019093800603651959 -6.3996079225791108e-06 -5.9095107706655866e-05
leaf_weight=39 32 39 22 35 50
leaf_count=39 32 39 22 35 50
internal_value=0.00121659 -0.000808991 0.00283333 0.0088421 -0.00507317
internal_weight=217 178 96 57 82
internal_count=217 178 96 57 82
is_linear=0
shrinkage=0.08


Tree=103
num_leaves=7
num_cat=0
split_feature=22 43 26 22 30 9
split_gain=0.831378 1.08366 1.53814 1.03388 0.252101 0.134426
threshold=0.51800000000000013 0.10804999999999999 0.37520000000000003 0.44365000000000004 0.37815000000000004 18.500000000000004
decision_type=2 2 2 2 2 2
left_child=1 2 -1 4 -4 -3
right_child=-2 5 3 -5 -6 -7
leaf_value=0.00061472902301733582 -6.6528529365845616e-05 0.00038531293203605989 3.5978907769967282e-05 0.00010749047377624503 -0.00011325672151522138 -0.001460338707262723
leaf_weight=20 63 20 21 22 30 41
leaf_count=20 63 20 21 22 30 41
internal_value=-0.000258066 0.00290909 0.00834408 0.0029589 -0.00329412 -0.00537705
internal_weight=217 154 93 73 51 61
internal_count=217 154 93 73 51 61
is_linear=0
shrinkage=0.08


Tree=104
num_leaves=7
num_cat=0
split_feature=22 10 0 38 41 0
split_gain=0.673263 0.739513 1.37122 1.63996 0.274382 0.136508
threshold=0.55945000000000011 0.44592288135593228 0.6765000000000001 -0.061999999999999993 0.49266805105734435 0.62850000000000017
decision_type=2 2 2 2 2 2
left_child=1 4 3 -3 -1 -6
right_child=-2 2 -4 -5 5 -7
leaf_value=3.1863365100880216e-05 -0.00026764011912237974 4.2228618254961044e-06 -0.00143894167069147 0.00021970097441050153 -0.00012952221919193898 0.00039647236861172218
leaf_weight=26 54 29 23 22 43 20
leaf_count=26 54 29 23 22 43 20
internal_value=-0.000258066 0.00230675 0.00821621 0.0155294 -0.00260674 -0.00546032
internal_weight=217 163 74 51 89 63
internal_count=217 163 74 51 89 63
is_linear=0
shrinkage=0.08


Tree=105
num_leaves=7
num_cat=0
split_feature=42 0 43 38 32 9
split_gain=0.630236 0.327199 0.597412 1.05405 0.881739 0.138462
threshold=0.14381419954098415 0.36100000000000004 0.091000000000000039 -0.26664999999999989 0.41090000000000004 16.500000000000004
decision_type=2 2 2 2 2 2
left_child=-1 -2 3 -3 -5 -4
right_child=1 2 5 4 -6 -7
leaf_value=2.9762006560996501e-05 -0.00016426095407343373 -0.00037342857473456005 0.00032277010798423879 0.00019824383619334671 3.7241694283652409e-07 -0.0013912778167319733
leaf_weight=36 42 26 20 23 25 45
leaf_count=36 42 26 20 23 25 45
internal_value=0.000110597 -0.00181216 5.7552e-05 0.00497297 0.012 -0.00553846
internal_weight=217 181 139 74 48 65
internal_count=217 181 139 74 48 65
is_linear=0
shrinkage=0.08


Tree=106
num_leaves=7
num_cat=0
split_feature=42 0 4 39 30 44
split_gain=0.630236 0.327199 0.5206 0.272737 0.528189 0.1375
threshold=0.14381419954098415 0.36100000000000004 66.600000000000009 0.4957709482758621 0.38255000000000006 0.83438265441329029
decision_type=2 2 2 2 2 2
left_child=-1 -2 -3 5 -5 -4
right_child=1 2 3 4 -6 -7
leaf_value=2.7381046036115039e-05 -0.00015112007774756102 0.00021541260921904921 -6.8523827939279074e-05 -0.00048712985314006949 0.00032636624294793496 -9.7069834006968496e-05
leaf_weight=36 42 20 20 29 26 44
leaf_count=36 42 20 20 29 26 44
internal_value=0.000110597 -0.00181216 5.7552e-05 -0.00194958 0.00218182 -0.0055
internal_weight=217 181 139 119 55 64
internal_count=217 181 139 119 55 64
is_linear=0
shrinkage=0.08


Tree=107
num_leaves=7
num_cat=0
split_feature=22 1 38 24 30 1
split_gain=0.868462 0.776095 0.560022 1.52909 0.716221 0.0307692
threshold=0.55360000000000009 101420.25000000001 -0.17374999999999999 0.41090000000000004 0.38255000000000006 226195.00000000003
decision_type=2 2 2 2 2 2
left_child=1 -1 -3 -4 5 -5
right_child=-2 2 3 4 -6 -7
leaf_value=4.3028185682112856e-05 -7.6672652389498937e-05 -0.00013093850935524037 0.00019083847192055231 -0.00056639346970727546 8.3314148274434894e-05 -0.00028401120782396683
leaf_weight=22 57 32 20 32 34 20
leaf_count=22 57 32 20 32 34 20
internal_value=0.000479261 0.0035 0.00127536 0.00407547 -0.000558141 -0.00646154
internal_weight=217 160 138 106 86 52
internal_count=217 160 138 106 86 52
is_linear=0
shrinkage=0.08


Tree=108
num_leaves=6
num_cat=0
split_feature=36 28 32 12 11
split_gain=0.681852 1.48224 0.476652 0.261594 0.221739
threshold=0.54250000000000009 0.62775000000000014 0.63640000000000019 0.44861644059065936 0.17688144060561931
decision_type=2 2 2 2 2
left_child=2 -2 3 4 -1
right_child=1 -3 -4 -5 -6
leaf_value=-0.00011991331586485603 0.00016182668417142877 -0.0011842239570009955 0.00041079394202697065 4.8634816296982697e-06 -6.040897099624784e-06
leaf_weight=85 23 33 26 20 30
leaf_count=85 23 33 26 20 30
internal_value=0.000110597 0.00771428 -0.00253416 -0.00444445 -0.00591305
internal_weight=217 56 161 135 115
internal_count=217 56 161 135 115
is_linear=0
shrinkage=0.08


Tree=109
num_leaves=8
num_cat=0
split_feature=38 43 42 9 40 9 44
split_gain=0.599913 0.891949 0.968399 0.934735 0.26155 0.209091 0.108696
threshold=-0.17374999999999999 0.12670000000000001 0.14397379901760524 43.500000000000007 0.15086993791060341 18.500000000000004 0.74056097983922942
decision_type=2 2 2 2 2 2 2
left_child=6 2 -2 5 -3 -4 -1
right_child=1 4 3 -5 -6 -7 -8
leaf_value=-5.3490244979161959e-06 8.0996144188453422e-05 -0.001274151056429629 -1.1159131038776498e-06 0.0001562728407494502 3.5583546650311356e-05 -0.00012656330189631909 -2.7408617013502095e-05
leaf_weight=24 20 39 22 22 22 23 45
leaf_count=24 20 39 22 22 22 23 45
internal_value=0.000479261 0.00335135 0.00855172 0.0039403 -0.00406558 -0.00266667 -0.00568116
internal_weight=217 148 87 67 61 45 69
internal_count=217 148 87 67 61 45 69
is_linear=0
shrinkage=0.08


Tree=110
num_leaves=7
num_cat=0
split_feature=28 28 42 30 0 18
split_gain=0.625225 1.37619 0.291012 0.315471 0.543472 0.93487
threshold=0.55360000000000009 0.62775000000000014 0.1449993436453017 0.38485000000000008 0.36100000000000004 0.57840000000000014
decision_type=2 2 2 2 2 2
left_child=2 -2 -1 -4 -5 -6
right_child=1 -3 3 4 5 -7
leaf_value=-1.85431815888465e-05 0.00048547107012047574 -0.0010854407574965846 -0.00032875553071752122 -0.00025093567144520438 0.0021220205093366922 -9.1189283107548754e-06
leaf_weight=59 21 35 29 24 20 29
leaf_count=59 21 35 29 24 20 29
internal_value=-0.000995394 0.00628571 -0.00352795 -0.000941178 0.00186301 0.00669388
internal_weight=217 56 161 102 73 49
internal_count=217 56 161 102 73 49
is_linear=0
shrinkage=0.08


Tree=111
num_leaves=5
num_cat=0
split_feature=9 24 1 41
split_gain=0.602151 0.185235 0.234876 0.118951
threshold=48.500000000000007 0.6412000000000001 93561.85000000002 0.49789074675324679
decision_type=2 2 2 2
left_child=1 2 -1 -4
right_child=-2 -3 3 -5
leaf_value=1.3264457594019563e-05 5.4398752767555487e-05 0.00045576996138281837 -1.9763008241675565e-05 -0.00022560172104012395
leaf_weight=25 31 24 110 27
leaf_count=25 31 24 110 27
internal_value=-0.00283871 -0.00455914 -0.00553087 -0.00683212
internal_weight=217 186 162 137
internal_count=217 186 162 137
is_linear=0
shrinkage=0.08


Tree=112
num_leaves=5
num_cat=0
split_feature=9 42 41 44
split_gain=0.519201 0.323477 0.274615 0.0411504
threshold=48.500000000000007 0.14381419954098415 0.49789074675324679 0.76331755052154737
decision_type=2 2 2 2
left_child=1 -1 3 -3
right_child=-2 2 -4 -5
leaf_value=6.6872667834448772e-07 5.0046852546148961e-05 -0.00055944016253521166 -1.9959338133409608e-05 -4.7006384833281693e-05
leaf_weight=36 31 20 37 93
leaf_count=36 31 20 37 93
internal_value=-0.00210138 -0.00369893 -0.00533334 -0.00729204
internal_weight=217 186 150 113
internal_count=217 186 150 113
is_linear=0
shrinkage=0.08


Tree=113
num_leaves=7
num_cat=0
split_feature=22 9 1 44 30 0
split_gain=0.551129 0.620221 0.525228 0.389226 0.567075 0.0348485
threshold=0.55945000000000011 47.500000000000007 101420.25000000001 0.90018512802467965 0.38255000000000006 0.46470000000000006
decision_type=2 2 2 2 2 2
left_child=1 2 -1 5 -5 -4
right_child=-2 -3 3 4 -6 -7
leaf_value=2.8310296983385355e-05 -0.0003649902377173761 0.00010155228098929736 -0.00015491198694641485 -1.4662667141229443e-05 0.00030635860682561819 -0.00058460507252288709
leaf_weight=21 54 22 20 29 25 46
leaf_count=21 54 22 20 29 25 46
internal_value=-0.000995394 0.00132515 -0.000624115 -0.00266667 0.00237037 -0.00678788
internal_weight=217 163 141 120 54 66
internal_count=217 163 141 120 54 66
is_linear=0
shrinkage=0.08


Tree=114
num_leaves=6
num_cat=0
split_feature=38 24 44 32 0
split_gain=0.399409 0.903152 0.637548 0.391653 0.034127
threshold=-0.18454999999999996 0.44645000000000007 0.84692344460315983 0.63640000000000019 0.43085000000000001
decision_type=2 2 2 2 2
left_child=4 2 -2 -3 -1
right_child=1 3 -4 -5 -6
leaf_value=-8.5831152731254861e-05 0.00012252792581149489 -0.00027740057324262841 5.6187030954359831e-06 0.00020518076980094148 -2.1186697196009563e-05
leaf_weight=43 29 61 36 28 20
leaf_count=43 29 61 36 28 20
internal_value=-0.00136406 0.000831167 0.008 -0.0044045 -0.00673016
internal_weight=217 154 65 89 63
internal_count=217 154 65 89 63
is_linear=0
shrinkage=0.08


Tree=115
num_leaves=8
num_cat=0
split_feature=28 40 2 9 41 4 10
split_gain=0.630876 0.879339 0.425891 0.419048 0.214429 0.409756 0.0392473
threshold=0.51800000000000013 0.14330579092485327 792879.45000000007 39.500000000000007 0.49262295850951382 60.555000000000007 0.45494162528963927
decision_type=2 2 2 2 2 2 2
left_child=2 -2 4 -3 5 -1 -6
right_child=1 3 -4 -5 6 -7 -8
leaf_value=-0.0005818784089218948 0.00022814097094699164 -0.0011335227829142767 1.5747443713453075e-05 0.00011259696955607142 -3.4456386797878222e-05 1.3228115546177524e-05 -0.00024841003817963861
leaf_weight=21 20 22 21 20 73 20 20
leaf_count=21 20 22 21 20 73 20 20
internal_value=-0.00062673 0.00619355 -0.00335484 -0.000380954 -0.00501493 -0.000195124 -0.00713979
internal_weight=217 62 155 42 134 41 93
internal_count=217 62 155 42 134 41 93
is_linear=0
shrinkage=0.08


Tree=116
num_leaves=7
num_cat=0
split_feature=38 43 30 22 2 0
split_gain=0.661681 1.06264 1.14881 1.41026 0.315672 0.0333333
threshold=-0.19319999999999998 0.10804999999999999 0.51125000000000009 0.37815000000000004 824162.25000000012 0.43085000000000001
decision_type=2 2 2 2 2 2
left_child=5 2 3 -2 -3 -1
right_child=1 4 -4 -5 -6 -7
leaf_value=-0.00010727470864817374 0.00010358915762382809 -0.00087372797604537921 -1.9448846898856027e-05 5.9160753171743454e-05 0.00039943968670234643 -1.6735250476500636e-05
leaf_weight=40 30 47 38 22 20 20
leaf_count=40 30 47 38 22 20 20
internal_value=0.000479261 0.00321019 0.00888889 0.0166154 -0.00441791 -0.00666667
internal_weight=217 157 90 52 67 60
internal_count=217 157 90 52 67 60
is_linear=0
shrinkage=0.08


Tree=117
num_leaves=7
num_cat=0
split_feature=38 38 13 3 0 0
split_gain=0.472712 0.786726 0.584179 0.172002 0.452174 0.0333333
threshold=-0.19319999999999998 -0.11169999999999995 0.15757386628855752 20.800000000000001 0.5152500000000001 0.43085000000000001
decision_type=2 2 2 2 2 2
left_child=5 -2 3 4 -3 -1
right_child=1 2 -4 -5 -6 -7
leaf_value=-9.869273195632328e-05 2.8062451521267881e-05 -2.5309219442906196e-05 0.00018651594684495601 -0.00012034069970493375 0.00010293464301123822 -1.539643043837917e-05
leaf_weight=40 30 26 36 45 20 20
leaf_count=40 30 26 36 45 20 20
internal_value=-0.00062673 0.00168153 -0.00107087 -0.00448352 -0.00104348 -0.00666667
internal_weight=217 157 127 91 46 60
internal_count=217 157 127 91 46 60
is_linear=0
shrinkage=0.08


Tree=118
num_leaves=7
num_cat=0
split_feature=42 10 12 20 13 12
split_gain=0.73004 0.247898 0.515299 0.370013 0.116924 0.0363014
threshold=0.14381419954098415 0.43381926536731641 0.44162481152031247 0.59420000000000006 0.14105129442526054 0.44283393442622959
decision_type=2 2 2 2 2 2
left_child=-1 -2 -3 4 -4 -6
right_child=1 2 3 -5 5 -7
leaf_value=2.0426593363340474e-05 -0.00090625475692640025 0.0016008366033854937 4.9453138024585876e-08 0.00024000520761420049 -1.6708022760011459e-05 -5.4418066315960088e-05
leaf_weight=36 43 22 20 23 20 53
leaf_count=36 43 22 20 23 20 53
internal_value=-0.00062673 -0.00269613 -0.00104348 -0.00317242 -0.00541936 -0.00690411
internal_weight=217 181 138 116 93 73
internal_count=217 181 138 116 93 73
is_linear=0
shrinkage=0.08


Tree=119
num_leaves=6
num_cat=0
split_feature=42 30 32 30 3
split_gain=0.606696 0.413832 0.705007 0.536553 0.0371795
threshold=0.14391113987529222 0.44630000000000009 0.41090000000000004 0.37700000000000006 20.250000000000004
decision_type=2 2 2 2 2
left_child=-1 2 -2 -4 -3
right_child=1 4 3 -5 -6
leaf_value=1.1798521104668849e-05 9.6812039494779579e-05 -8.5169006762764459e-05 -0.00097777266757326903 0.00039090073737462963 -5.7569163227139694e-05
leaf_weight=39 29 58 50 21 20
leaf_count=39 29 58 50 21 20
internal_value=-0.00062673 -0.00260674 0.000799998 -0.00349296 -0.00697436
internal_weight=217 178 100 71 78
internal_count=217 178 100 71 78
is_linear=0
shrinkage=0.08


Tree=120
num_leaves=7
num_cat=0
split_feature=42 39 44 1 4 11
split_gain=0.657206 0.215664 0.527539 0.258407 0.4 0.109091
threshold=0.14391113987529222 0.49594553672316388 0.94173037849383578 123389.85000000002 52.675000000000004 0.15509480850728183
decision_type=2 2 2 2 2 2
left_child=-1 3 5 4 -2 -3
right_child=1 2 -4 -5 -6 -7
leaf_value=1.085463941629551e-05 -0.0012221115274985291 -9.8967887279420227e-05 5.4855999994963438e-05 -6.8033409804789133e-05 0.00019157862237054846 -5.7475059875068053e-05
leaf_weight=39 20 24 21 73 20 20
leaf_count=39 20 24 21 73 20 20
internal_value=-0.000995394 -0.00305618 0.000615383 -0.00516814 -1.90735e-09 -0.00436364
internal_weight=217 178 65 113 40 44
internal_count=217 178 65 113 40 44
is_linear=0
shrinkage=0.08


Tree=121
num_leaves=8
num_cat=0
split_feature=30 40 22 13 20 1 0
split_gain=0.614706 0.825614 0.921812 0.449736 0.285259 0.0346154 0.0318182
threshold=0.51125000000000009 0.14323641789800723 0.37815000000000004 0.15740734592845149 0.41935000000000006 161187.70000000004 0.50440000000000007
decision_type=2 2 2 2 2 2 2
left_child=1 2 -1 6 -5 -2 -3
right_child=5 3 -4 4 -6 -7 -8
leaf_value=-2.3008921077225241e-05 -0.00010113441723387375 -6.0292157969068448e-05 3.2729397628664503e-05 -2.9339867305633645e-05 0.00207917713076387 -5.7621297047732707e-05 -0.00053428222617919253
leaf_weight=23 45 20 28 25 21 20 35
leaf_count=23 45 20 28 25 21 20 35
internal_value=-0.000258066 0.00252631 0.0108235 -0.00166337 0.00417391 -0.00676923 -0.00654546
internal_weight=217 152 51 101 46 65 55
internal_count=217 152 51 101 46 65 55
is_linear=0
shrinkage=0.08


Tree=122
num_leaves=7
num_cat=0
split_feature=42 2 30 40 0 0
split_gain=0.336711 0.363948 0.589104 0.776968 0.0379518 0.0287234
threshold=0.14381419954098415 423856.50000000006 0.38255000000000006 0.14927344394238326 0.49630000000000002 0.68545000000000011
decision_type=2 2 2 2 2 2
left_child=-1 4 5 -4 -2 -3
right_child=1 2 3 -5 -6 -7
leaf_value=1.5489321605980179e-05 -8.8925201788339571e-05 -1.5274681375502068e-05 -2.5244858262888147e-06 0.0014721489598221893 -0.00014045174617769216 -0.00066762091349721522
leaf_weight=36 63 20 29 22 20 27
leaf_count=36 63 20 29 22 20 27
internal_value=-0.00173272 -0.00313812 0.000163263 0.00611765 -0.00703615 -0.00629787
internal_weight=217 181 98 51 83 47
internal_count=217 181 98 51 83 47
is_linear=0
shrinkage=0.08


Tree=123
num_leaves=5
num_cat=0
split_feature=42 30 24 30
split_gain=0.531743 0.288063 0.804024 0.267857
threshold=0.14391113987529222 0.47310000000000002 0.38790000000000008 0.38255000000000006
decision_type=2 2 2 2
left_child=-1 2 -2 -4
right_child=1 -3 3 -5
leaf_value=7.9327063383943694e-06 7.4836574042162871e-05 -7.4809985541460285e-05 -0.00031654198510760149 0.00022154883545569921
leaf_weight=39 25 69 60 24
leaf_count=39 25 69 60 24
internal_value=-0.00210138 -0.00395506 -0.0013945 -0.00514286
internal_weight=217 178 109 84
internal_count=217 178 109 84
is_linear=0
shrinkage=0.08


Tree=124
num_leaves=7
num_cat=0
split_feature=40 44 1 30 4 0
split_gain=0.425041 0.926282 0.283333 0.157982 0.186236 0.125926
threshold=0.14370763755129454 0.94973938428598725 104290.50000000001 0.42410000000000009 85.845000000000013 0.71265000000000012
decision_type=2 2 2 2 2 2
left_child=1 2 -1 4 -2 -6
right_child=3 -3 -4 -5 5 -7
leaf_value=2.7347808018522287e-05 0.00023353292721917606 2.5501781790408688e-05 -2.5406639944308279e-05 -7.9944858687983801e-05 -0.00011128498573606084 0.00029892274172072685
leaf_weight=20 20 24 34 65 34 20
leaf_count=20 20 24 34 65 34 20
internal_value=-0.00247005 0.00225641 -0.00355556 -0.0051223 -0.0025946 -0.00503704
internal_weight=217 78 54 139 74 54
internal_count=217 78 54 139 74 54
is_linear=0
shrinkage=0.08


Tree=125
num_leaves=6
num_cat=0
split_feature=22 3 39 36 12
split_gain=0.441209 0.845315 0.53787 0.611154 0.0366667
threshold=0.55945000000000011 15.350000000000003 0.49555390199637034 0.42925000000000008 0.43975285714285722
decision_type=2 2 2 2 2
left_child=1 -1 4 -4 -3
right_child=-2 2 3 -5 -6
leaf_value=5.0785031793625976e-05 -0.00036406162235262066 -0.00066794492605552422 2.9044104039164855e-05 -2.9606134345411913e-06 -7.5936974531915465e-05
leaf_weight=32 54 20 22 34 55
leaf_count=32 54 20 22 34 55
internal_value=-0.00173272 0.000343556 -0.00250382 0.00342857 -0.00693334
internal_weight=217 163 131 56 75
internal_count=217 163 131 56 75
is_linear=0
shrinkage=0.08


Tree=126
num_leaves=5
num_cat=0
split_feature=42 39 44 3
split_gain=0.677836 0.269906 0.399946 0.0843137
threshold=0.14381419954098415 0.49662171052631582 0.90018512802467965 14.65
decision_type=2 2 2 2
left_child=-1 3 -3 -2
right_child=1 2 -4 -5
leaf_value=2.7788111254897068e-05 -0.00024407201879669108 -3.2456994937376745e-06 0.00018140412156843387 -9.1842400987713837e-05
leaf_weight=36 34 35 26 86
leaf_count=36 34 35 26 86
internal_value=-0.00247005 -0.00446409 -0.000131149 -0.00666667
internal_weight=217 181 61 120
internal_count=217 181 61 120
is_linear=0
shrinkage=0.08


Tree=127
num_leaves=6
num_cat=0
split_feature=24 24 38 12 13
split_gain=0.449033 1.32306 0.332623 0.215803 0.160784
threshold=0.39120000000000005 0.35700000000000004 -0.19319999999999998 0.43841520858451899 0.14032735711161556
decision_type=2 2 2 2 2
left_child=1 2 -1 -2 -5
right_child=3 -3 -4 4 -6
leaf_value=-0.00010112085046248491 0.00035242576899045862 5.9723089602011273e-05 1.1573302758589045e-06 -6.4151634768097339e-06 -8.3091863206999418e-05
leaf_weight=39 24 24 28 20 82
leaf_count=39 24 24 28 20 82
internal_value=-0.00173272 0.00254945 -0.00322388 -0.0048254 -0.00643137
internal_weight=217 91 67 126 102
internal_count=217 91 67 126 102
is_linear=0
shrinkage=0.08


Tree=128
num_leaves=6
num_cat=0
split_feature=42 9 10 24 0
split_gain=0.740259 0.44042 0.539264 0.286325 0.690476
threshold=0.14391113987529222 18.500000000000004 0.4520441071428572 0.39120000000000005 0.38010000000000005
decision_type=2 2 2 2 2
left_child=-1 2 -2 4 -3
right_child=1 3 -4 -5 -6
leaf_value=2.0251571876554537e-05 -3.8685253616646998e-05 -0.00047372247977324342 5.6333650687875383e-06 -0.00012233196404337604 6.9201798783291333e-05
leaf_weight=39 39 29 22 67 21
leaf_count=39 39 29 22 67 21
internal_value=0.000479261 -0.00170787 0.00380328 -0.0045812 -1.90735e-09
internal_weight=217 178 61 117 50
internal_count=217 178 61 117 50
is_linear=0
shrinkage=0.08


Tree=129
num_leaves=7
num_cat=0
split_feature=42 39 20 24 43 42
split_gain=0.68659 0.446211 0.837101 0.24333 0.494141 0.127273
threshold=0.14391113987529222 0.49723383458646625 0.46780000000000005 0.43745000000000006 -0.16429999999999995 0.14521588521207426
decision_type=2 2 2 2 2 2
left_child=-1 3 -3 4 5 -2
right_child=1 2 -4 -5 -6 -7
leaf_value=1.8631446126428715e-05 -0.00029846949858396295 8.8721789200753386e-06 -0.00081809703484244669 -0.00039198822184501373 7.8646404273859542e-06 -5.9240410447356829e-05
leaf_weight=39 20 23 25 51 24 35
leaf_count=39 20 23 25 51 24 35
internal_value=0.000847924 -0.00125843 0.00533333 -0.00369231 -0.000911394 -0.00509091
internal_weight=217 178 48 130 79 55
internal_count=217 178 48 130 79 55
is_linear=0
shrinkage=0.08


Tree=130
num_leaves=7
num_cat=0
split_feature=42 39 20 24 24 1
split_gain=0.634941 0.387439 0.837101 0.317819 0.57424 0.0267442
threshold=0.14391113987529222 0.49723383458646625 0.46780000000000005 0.43745000000000006 0.34320000000000006 105192.50000000001
decision_type=2 2 2 2 2 2
left_child=-1 3 -3 4 5 -2
right_child=1 2 -4 -5 -6 -7
leaf_value=1.7140930436311891e-05 -0.0012473281969846103 8.1624046064678137e-06 -0.00075264927205505273 -0.00036062916409740955 1.6527925860061049e-05 -5.5124105553412986e-06
leaf_weight=39 23 23 25 51 36 20
leaf_count=39 23 23 25 51 36 20
internal_value=0.00121659 -0.000808991 0.00533333 -0.00307692 0.000101264 -0.00613954
internal_weight=217 178 48 130 79 43
internal_count=217 178 48 130 79 43
is_linear=0
shrinkage=0.08


Tree=131
num_leaves=8
num_cat=0
split_feature=11 34 38 30 30 24 12
split_gain=0.592038 0.508669 0.684263 0.719741 0.994285 1.31217 0.207631
threshold=0.18242961813571534 0.25270000000000009 -0.19319999999999998 0.30090000000000006 0.57405000000000006 0.45385000000000003 0.44120322960075281
decision_type=2 2 2 2 2 2 2
left_child=1 -1 6 -4 5 -5 -3
right_child=-2 2 3 4 -6 -7 -8
leaf_value=-0.0017764257796136457 -0.00022803895434816084 -0.0006831931402898248 -3.5314220245374741e-05 0.00015823865167066925 -8.3114570083419979e-06 2.7272990919633237e-06 1.6678294992209099e-06
leaf_weight=23 37 26 29 21 24 34 23
leaf_count=23 37 26 29 21 24 34 23
internal_value=0.00121659 0.00311111 0.00473885 0.00829629 0.0122532 0.0181818 -0.00310204
internal_weight=217 180 157 108 79 55 49
internal_count=217 180 157 108 79 55 49
is_linear=0
shrinkage=0.08


Tree=132
num_leaves=8
num_cat=0
split_feature=11 34 34 42 40 18 0
split_gain=0.378904 0.325548 0.607691 0.418507 0.555957 0.629667 0.0272727
threshold=0.18242961813571534 0.25270000000000009 0.32285000000000003 0.14628424250152491 0.14185900312296948 0.48675000000000007 0.42645000000000005
decision_type=2 2 2 2 2 2 2
left_child=1 -1 -3 4 -4 -6 -5
right_child=-2 2 3 6 5 -7 -8
leaf_value=-0.0016343117172445559 -0.00020979583800030772 0.00058386407364150806 -3.7218573800220298e-05 -0.00022919450991875569 -5.6452637622568767e-06 4.4765747412342624e-06 -0.00027834088442593079
leaf_weight=23 37 21 31 20 31 30 24
leaf_count=23 37 21 31 20 31 30 24
internal_value=-0.00062673 0.000888887 0.00219108 0.000235292 0.00330435 0.0077377 -0.00618182
internal_weight=217 180 157 136 92 61 44
internal_count=217 180 157 136 92 61 44
is_linear=0
shrinkage=0.08


Tree=133
num_leaves=6
num_cat=0
split_feature=20 4 28 9 20
split_gain=0.542919 0.387879 1.0859 0.3529 0.344459
threshold=0.25270000000000009 67.25500000000001 0.40205000000000007 11.500000000000002 0.62775000000000014
decision_type=2 2 2 2 2
left_child=-1 2 -2 -3 -5
right_child=1 3 -4 4 -6
leaf_value=6.8559591696505769e-06 -8.7247764386584221e-05 8.9625044078529831e-06 4.9536244823538004e-05 -4.9199249097198076e-05 4.9506782703419442e-05
leaf_weight=25 39 25 21 86 21
leaf_count=25 39 25 21 86 21
internal_value=0.000110597 -0.00133334 0.004 -0.00375758 -0.00575701
internal_weight=217 192 60 132 107
internal_count=217 192 60 132 107
is_linear=0
shrinkage=0.08


Tree=134
num_leaves=7
num_cat=0
split_feature=20 42 3 22 20 18
split_gain=0.754779 0.289038 0.427182 0.9 0.312021 0.040566
threshold=0.26810000000000006 0.15093943579250899 14.65 0.55945000000000011 0.6412000000000001 0.57405000000000006
decision_type=2 2 2 2 2 2
left_child=-1 2 3 -2 5 -4
right_child=1 -3 4 -5 -6 -7
leaf_value=4.4413184698430215e-06 0.00027999620316734598 1.9393780841404375e-05 -4.3342960374476971e-05 -0.00075997896227835305 4.5546240087144678e-05 -5.115713619841817e-05
leaf_weight=28 20 22 86 20 21 20
leaf_count=28 20 22 86 20 21 20
internal_value=-0.000258066 -0.00207408 -0.00320958 0.004 -0.00548032 -0.00724528
internal_weight=217 189 167 40 127 106
internal_count=217 189 167 40 127 106
is_linear=0
shrinkage=0.08


Tree=135
num_leaves=7
num_cat=0
split_feature=20 11 24 3 39 22
split_gain=0.666709 0.30784 0.34187 1.2105 0.223912 0.136508
threshold=0.26810000000000006 0.18242961813571534 0.39120000000000005 14.000000000000002 0.4983183771929825 0.26810000000000006
decision_type=2 2 2 2 2 2
left_child=-1 2 3 -2 5 -4
right_child=1 -3 4 -5 -6 -7
leaf_value=4.08601299225236e-06 -5.7374351175619851e-05 -0.00034891255846198851 -5.5444795631239257e-07 2.3256086465807579e-05 8.0122929516797113e-05 -5.6671679490780089e-05
leaf_weight=28 33 35 20 29 29 43
leaf_count=28 33 35 20 29 29 43
internal_value=0.000479261 -0.00122752 0.000311686 0.00490322 -0.00278261 -0.00546032
internal_weight=217 189 154 62 92 63
internal_count=217 189 154 62 92 63
is_linear=0
shrinkage=0.08


Tree=136
num_leaves=6
num_cat=0
split_feature=20 38 12 28 0
split_gain=0.532837 0.836388 0.402068 0.254195 0.0386364
threshold=0.32425000000000004 -0.21204999999999999 0.43878247933884301 0.57840000000000014 0.33325000000000005
decision_type=2 2 2 2 2
left_child=1 -1 -2 4 -4
right_child=2 -3 3 -5 -6
leaf_value=-0.00018472841026557035 4.8991277639417369e-05 8.5990414758764936e-06 -0.00041719783617147869 5.1075910327857752e-06 -3.7466984173233567e-05
leaf_weight=24 38 31 20 36 68
leaf_count=24 38 31 20 36 68
internal_value=-0.000258066 0.00654545 -0.0025679 -0.0047742 -0.00709091
internal_weight=217 55 162 124 88
internal_count=217 55 162 124 88
is_linear=0
shrinkage=0.08


Tree=137
num_leaves=7
num_cat=0
split_feature=24 4 38 41 3 13
split_gain=0.510477 1.13311 1 0.238194 0.149493 0.113043
threshold=0.39120000000000005 60.555000000000007 -0.18454999999999996 0.49789074675324679 20.450000000000003 0.149600981097566
decision_type=2 2 2 2 2 2
left_child=1 5 -3 4 -2 -1
right_child=3 2 -4 -5 -6 -7
leaf_value=-4.1239175050644379e-06 -2.6162038413080507e-07 -3.8691998354880711e-06 3.0014568634158878e-05 3.9193467652813009e-05 -5.8240436479043614e-05 -0.00057364681732854905
leaf_weight=20 37 20 25 30 59 26
leaf_count=20 37 20 25 30 59 26
internal_value=-0.000258066 0.00430769 0.0133333 -0.00355556 -0.0055 -0.00452174
internal_weight=217 91 45 126 96 46
internal_count=217 91 45 126 96 46
is_linear=0
shrinkage=0.08


Tree=138
num_leaves=7
num_cat=0
split_feature=10 26 18 39 11 20
split_gain=0.398144 0.533476 0.873611 0.622749 0.274648 0.145205
threshold=0.45225999697519664 0.41090000000000004 0.63485000000000014 0.4900043859649123 0.1594019966862156 0.55495000000000017
decision_type=2 2 2 2 2 2
left_child=1 4 3 -3 -1 -2
right_child=5 2 -4 -5 -6 -7
leaf_value=-0.00020119135024173474 -3.742632018612483e-05 6.6190284519752691e-06 -0.0001882845446323616 1.0869486814870906e-05 0.00047298242085370306 -2.0739567028855953e-05
leaf_weight=39 53 28 20 25 32 20
leaf_count=39 53 28 20 25 32 20
internal_value=-0.000995394 0.00144444 0.00624657 0.0116226 -0.00349296 -0.00580822
internal_weight=217 144 73 53 71 73
internal_count=217 144 73 53 71 73
is_linear=0
shrinkage=0.08


Tree=139
num_leaves=7
num_cat=0
split_feature=38 3 38 22 12 1
split_gain=0.714367 1.07803 1.34961 1.33484 0.275149 0.034375
threshold=0.066050000000000011 13.4 -0.27384999999999987 0.40680000000000005 0.43841520858451899 179952.05000000002
decision_type=2 2 2 2 2 2
left_child=1 -1 -3 -4 -2 -6
right_child=4 2 3 -5 5 -7
leaf_value=-9.0469080692431379e-05 0.0007574592133869529 -0.0021975911736531574 8.0383873666945205e-06 1.1060483890126584e-05 -0.00050918915322655499 -8.3614743786855636e-05
leaf_weight=39 20 21 38 35 20 44
leaf_count=39 20 21 38 35 20 44
internal_value=0.00158525 0.00523308 0.00987234 0.0150137 -0.00419048 -0.00675
internal_weight=217 133 94 73 84 64
internal_count=217 133 94 73 84 64
is_linear=0
shrinkage=0.08


Tree=140
num_leaves=7
num_cat=0
split_feature=38 2 24 42 24 12
split_gain=0.567481 1.00468 0.868094 0.694444 0.442901 0.317647
threshold=0.1386 377639.75000000006 0.38790000000000008 0.14466724655044247 0.44365000000000004 0.43953749017473859
decision_type=2 2 2 2 2 2
left_child=1 3 -3 -1 -4 -2
right_child=5 2 4 -5 -6 -7
leaf_value=1.1443512245584676e-05 0.00069686247631599784 3.8291687011251771e-05 -2.7538446841241966e-05 -8.6662953352925973e-05 6.6076943405004869e-06 -0.00026463802054610159
leaf_weight=24 20 30 22 48 25 48
leaf_count=24 20 30 22 48 25 48
internal_value=0.00158525 0.00434899 0.0107013 -0.00244445 0.00391489 -0.00447059
internal_weight=217 149 77 72 47 68
internal_count=217 149 77 72 47 68
is_linear=0
shrinkage=0.08


Tree=141
num_leaves=7
num_cat=0
split_feature=38 38 43 3 4 12
split_gain=0.567481 0.895043 0.895707 0.611296 0.714286 0.317647
threshold=0.1386 -0.27384999999999987 -0.24024999999999996 13.4 83.510000000000005 0.43953749017473859
decision_type=2 2 2 2 2 2
left_child=1 -1 -3 -4 -5 -2
right_child=5 2 3 4 -6 -7
leaf_value=-0.0010905356658736298 0.00064111347821071757 8.4093823845732956e-06 -0.00019705957174857164 1.9252160988702168e-05 -1.6256179045992513e-06 -0.00024346697890241327
leaf_weight=30 20 33 23 35 28 48
leaf_count=30 20 33 23 35 28 48
internal_value=0.00158525 0.00434899 0.00746218 0.00316279 0.00723809 -0.00447059
internal_weight=217 149 119 86 63 68
internal_count=217 149 119 86 63 68
is_linear=0
shrinkage=0.08


Tree=142
num_leaves=7
num_cat=0
split_feature=42 36 10 11 18 20
split_gain=0.537701 0.54516 0.626355 1.63568 0.498113 0.217949
threshold=0.14391113987529222 0.42925000000000008 0.4438591466978376 0.16072868400983473 0.58595000000000008 0.63485000000000014
decision_type=2 2 2 2 2 2
left_child=-1 2 3 -2 -4 -3
right_child=1 5 4 -5 -6 -7
leaf_value=1.134336163302293e-05 -0.00028884235730574579 -0.0001235094311783005 -0.00073595677432540226 0.0010797404955843958 6.5051545658142291e-07 -9.0831471861564048e-06
leaf_weight=39 23 51 33 24 20 27
leaf_count=39 23 51 33 24 20 27
internal_value=0.00195392 8.98857e-05 0.004 0.0107234 -0.00196227 -0.00492308
internal_weight=217 178 100 47 53 78
internal_count=217 178 100 47 53 78
is_linear=0
shrinkage=0.08


Tree=143
num_leaves=7
num_cat=0
split_feature=11 36 44 9 44 1
split_gain=0.775598 0.518227 0.900955 0.396748 0.124675 0.0311321
threshold=0.16700594348200645 0.54250000000000009 0.97466781371733291 17.500000000000004 0.8386888283584516 116338.30000000002
decision_type=2 2 2 2 2 2
left_child=1 2 3 -1 -2 -5
right_child=4 -3 -4 5 -6 -7
leaf_value=2.3431581964104597e-06 -1.4348011496982056e-05 1.7092035512524831e-05 4.4208111854718604e-05 -0.00055315652343257817 -8.546949843583116e-05 -0.00066259085960628363
leaf_weight=31 22 34 29 20 48 33
leaf_count=31 22 34 29 20 48 33
internal_value=0.00121659 0.004517 0.0019115 -0.00228572 -0.00571429 -0.00649057
internal_weight=217 147 113 84 70 53
internal_count=217 147 113 84 70 53
is_linear=0
shrinkage=0.08


Tree=144
num_leaves=6
num_cat=0
split_feature=42 9 36 36 22
split_gain=0.828251 0.667703 0.685574 0.495879 0.158333
threshold=0.14391113987529222 18.500000000000004 0.42925000000000008 0.30090000000000006 0.30670000000000003
decision_type=2 2 2 2 2
left_child=-1 2 -2 -3 -5
right_child=1 3 -4 4 -6
leaf_value=4.4228992174636263e-05 3.6516446285632263e-05 1.9628463323051047e-05 -7.8949288439282217e-05 -3.1653209536362623e-05 -0.0001480972706363471
leaf_weight=39 32 21 29 20 76
leaf_count=39 32 21 29 20 76
internal_value=0.00195392 -0.000359552 0.00642623 -0.00389744 -0.00633334
internal_weight=217 178 61 117 96
internal_count=217 178 61 117 96
is_linear=0
shrinkage=0.08


Tree=145
num_leaves=8
num_cat=0
split_feature=20 42 39 30 12 41 0
split_gain=0.683886 0.547001 0.313214 0.463447 1.02291 0.473469 0.127273
threshold=0.25270000000000009 0.14391113987529222 0.49066610169491537 0.38255000000000006 0.44243786350844289 0.49714287766830872 0.52460000000000007
decision_type=2 2 2 2 2 2 2
left_child=-1 -2 -3 6 -5 -6 -4
right_child=1 2 3 4 5 -7 -8
leaf_value=4.7851746935666441e-05 1.3048902298245586e-05 -0.00022959531791678391 -1.2535659141047346e-05 0.0015702401230397118 -0.00085892542038331504 2.9097179723468647e-05 -0.00035335017641037377
leaf_weight=25 31 37 20 20 29 20 35
leaf_count=25 31 37 20 20 29 20 35
internal_value=0.00195392 0.000333331 -0.00154037 0.000387095 0.00475362 -0.00146939 -0.00509091
internal_weight=217 192 161 124 69 49 55
internal_count=217 192 161 124 69 49 55
is_linear=0
shrinkage=0.08


Tree=146
num_leaves=7
num_cat=0
split_feature=20 42 39 20 44 9
split_gain=0.81083 0.696555 0.545357 0.667063 0.141926 0.230488
threshold=0.25270000000000009 0.14391113987529222 0.497410421994885 0.46780000000000005 0.82540008711083612 35.500000000000007
decision_type=2 2 2 2 2 2
left_child=-1 -2 4 -4 5 -3
right_child=1 2 3 -5 -6 -7
leaf_value=4.4023607180813029e-05 1.2004990114385457e-05 -0.002750066717669265 3.182960177368354e-05 -0.00047139214452301097 -0.00014152996504966319 0.00016457543910779833
leaf_weight=25 31 21 21 24 75 20
leaf_count=25 31 21 21 24 75 20
internal_value=0.000847924 -0.000916669 -0.00303106 0.00444444 -0.00593104 -0.00214634
internal_weight=217 192 161 45 116 41
internal_count=217 192 161 45 116 41
is_linear=0
shrinkage=0.08


Tree=147
num_leaves=7
num_cat=0
split_feature=39 39 42 22 18 36
split_gain=0.639895 0.576705 0.997463 0.445157 0.267094 0.325682
threshold=0.48555000000000009 0.49723383458646625 0.1463533223896242 0.29895000000000005 0.44525000000000003 0.28130000000000005
decision_type=2 2 2 2 2 2
left_child=-1 3 -3 -2 -5 -6
right_child=1 2 -4 4 5 -7
leaf_value=4.12341930199209e-05 1.6982131825691531e-05 2.3720769731320678e-05 -0.00067570433628329587 -0.00019263253114729196 -1.4143227670502131e-05 7.1421642758466578e-06
leaf_weight=21 27 23 29 65 21 31
leaf_count=21 27 23 29 65 21 31
internal_value=0.00158525 0.000163263 0.00738461 -0.00244445 -0.0045812 -0.000307694
internal_weight=217 196 52 144 117 52
internal_count=217 196 52 144 117 52
is_linear=0
shrinkage=0.08


Tree=148
num_leaves=7
num_cat=0
split_feature=34 13 13 22 20 9
split_gain=0.519804 0.747967 0.703297 1.17257 0.369011 0.143662
threshold=0.39335000000000003 0.15794134739314961 0.14083577262211036 0.55945000000000011 0.6412000000000001 18.500000000000004
decision_type=2 2 2 2 2 2
left_child=4 2 -2 -4 5 -1
right_child=1 -3 3 -5 -6 -7
leaf_value=0.00028399686307863992 -3.2527815227921466e-06 -0.00029628794911186343 3.8003169018626211e-05 -3.567626812619341e-06 2.1539788211282513e-05 -0.00044855175205890533
leaf_weight=20 35 23 37 28 23 51
leaf_count=20 35 23 37 28 23 51
internal_value=0.00158525 0.00500813 0.008 0.0129231 -0.00289362 -0.00574648
internal_weight=217 123 100 65 94 71
internal_count=217 123 100 65 94 71
is_linear=0
shrinkage=0.08


Tree=149
num_leaves=9
num_cat=0
split_feature=39 22 22 20 28 11 1 1
split_gain=0.604839 0.45584 0.709103 0.639834 0.752 0.73373 0.0307692 0.0287234
threshold=0.48555000000000009 0.55945000000000011 0.46920000000000006 0.42980000000000002 0.62775000000000014 0.15193505717182523 142843.20000000004 141354.95000000004
decision_type=2 2 2 2 2 2 2 2
left_child=-1 2 3 6 5 -5 -2 -3
right_child=1 7 -4 4 -6 -7 -8 -9
leaf_value=3.8220867711326907e-05 -0.0010014884013487056 -0.00037353006935168299 2.095076562220649e-05 -2.1767854575143397e-06 -0.00064587132285263786 0.0018016112959363037 -2.3740012467937472e-05 -0.00024237285359585603
leaf_weight=21 20 27 24 24 28 21 32 20
leaf_count=21 20 27 24 24 28 21 32 20
internal_value=0.00195392 0.000571427 0.00273825 0.000319998 0.00515068 0.0115556 -0.00646154 -0.00629787
internal_weight=217 196 149 125 73 45 52 47
internal_count=217 196 149 125 73 45 52 47
is_linear=0
shrinkage=0.08


Tree=150
num_leaves=9
num_cat=0
split_feature=43 42 44 40 44 20 2 1
split_gain=0.762487 0.800347 0.603282 0.904493 0.598007 0.446714 0.136508 0.106977
threshold=0.12670000000000001 0.1463533223896242 0.83438265441329029 0.14286402134791232 0.91987258670429484 0.33245000000000008 824162.25000000012 136687.10000000003
decision_type=2 2 2 2 2 2 2 2
left_child=1 2 3 -1 -4 -6 -2 -3
right_child=6 7 4 -5 5 -7 -8 -9
leaf_value=8.9703210688570382e-06 -0.0017081442082998767 -0.0013785653499537292 -3.1674070667549966e-05 0.00010175513862375618 3.1179307173088812e-05 -9.8247566916694754e-06 0.00016152980620209534 1.5350337012686268e-06
leaf_weight=25 43 23 20 23 23 20 20 20
leaf_count=25 43 23 20 23 23 20 20 20
internal_value=0.00195392 0.00498701 0.00857657 0.0153333 0.00342857 0.00874418 -0.00546032 -0.00427907
internal_weight=217 154 111 48 63 43 63 43
internal_count=217 154 111 48 63 43 63 43
is_linear=0
shrinkage=0.08


Tree=151
num_leaves=7
num_cat=0
split_feature=39 3 2 13 1 42
split_gain=0.712969 0.346939 0.526576 0.395933 0.390178 0.299335
threshold=0.48555000000000009 14.000000000000002 451519.60000000003 0.15867957507959249 128246.85000000002 0.14440483906270815
decision_type=2 2 2 2 2 2
left_child=-1 -2 4 5 -3 -4
right_child=1 2 3 -5 -6 -7
leaf_value=3.0812480624458901e-05 -0.00010390951704135585 0.00017258592064638132 4.5401655751629652e-06 6.6335982217020846e-05 1.3091359992131859e-05 -9.0544649795937441e-05
leaf_weight=21 34 20 22 21 39 60
leaf_count=21 34 20 22 21 39 60
internal_value=0.000847924 -0.000653063 0.000888887 -0.00256311 0.00691525 -0.00507317
internal_weight=217 196 162 103 59 82
internal_count=217 196 162 103 59 82
is_linear=0
shrinkage=0.08


Tree=152
num_leaves=9
num_cat=0
split_feature=20 22 3 1 38 10 1 4
split_gain=0.83632 0.440882 0.624477 0.465632 0.740801 0.235714 0.03 0.0287234
threshold=0.26810000000000006 0.55945000000000011 15.15 161187.70000000004 0.14950000000000005 0.4420471946230275 141354.95000000004 80.75500000000001
decision_type=2 2 2 2 2 2 2 2
left_child=-1 2 -2 7 -5 -6 -3 -4
right_child=1 6 3 4 5 -7 -8 -9
leaf_value=2.8114563841204556e-05 6.2360689338692986e-05 -0.00041472084848062407 -1.7693382797329531e-05 1.647127144638161e-05 0.00041352487851245622 -0.00016393306815339772 -0.0002158622560206116 -0.00010076991405581906
leaf_weight=28 26 30 20 24 20 22 20 27
leaf_count=28 26 30 20 24 20 22 20 27
internal_value=0.00195392 4.23261e-05 0.00235971 -0.000212391 0.00412121 -0.00228572 -0.0064 -0.00629787
internal_weight=217 189 139 113 66 42 50 47
internal_count=217 189 139 113 66 42 50 47
is_linear=0
shrinkage=0.08


Tree=153
num_leaves=8
num_cat=0
split_feature=20 11 34 38 22 0 4
split_gain=0.884793 0.38961 0.369386 0.445636 0.563788 1.06998 0.506685
threshold=0.26810000000000006 0.18242961813571534 0.25270000000000009 -0.26664999999999989 0.55360000000000009 0.5021000000000001 102.33000000000001
decision_type=2 2 2 2 2 2 2
left_child=-1 2 -2 -4 5 -5 -7
right_child=1 -3 3 4 -6 6 -8
leaf_value=2.5865398733906997e-05 -0.001412324002970285 -0.00023200865432719482 -0.00011511413236709596 7.4658969700163323e-05 -8.1474380534690008e-05 -0.00036719453325054284 0.00019341500058949018
leaf_weight=28 23 35 20 27 35 20 29
leaf_count=28 23 35 20 27 35 20 29
internal_value=0.00158525 -0.000380954 0.00135065 0.00299236 0.00497297 0.0088421 0.00179592
internal_weight=217 189 154 131 111 76 49
internal_count=217 189 154 131 111 76 49
is_linear=0
shrinkage=0.08


Tree=154
num_leaves=7
num_cat=0
split_feature=28 9 42 13 44 13
split_gain=0.875801 0.875 0.593554 0.36623 0.522056 0.0366667
threshold=0.32685000000000003 31.500000000000004 0.14381419954098415 0.15601991285857342 0.83438265441329029 0.14083577262211036
decision_type=2 2 2 2 2 2
left_child=1 -1 -2 5 -5 -4
right_child=2 -3 3 4 -6 -7
leaf_value=-7.8049166246382442e-06 1.7467310937196256e-05 2.5540509343674659e-05 -1.0464084960426405e-05 6.6840749650095503e-05 -0.00034272396042256181 -5.3714962379380798e-05
leaf_weight=28 27 28 20 20 39 55
leaf_count=28 27 28 20 20 39 55
internal_value=0.00195392 0.0105714 -0.00104348 -0.00322388 0.00149152 -0.00693334
internal_weight=217 56 161 134 59 75
internal_count=217 56 161 134 59 75
is_linear=0
shrinkage=0.08


Tree=155
num_leaves=8
num_cat=0
split_feature=28 9 12 36 10 2 0
split_gain=0.802469 0.875 0.571793 0.482374 0.35331 0.112427 0.0373418
threshold=0.32685000000000003 31.500000000000004 0.43916407894736847 0.55780000000000018 0.4236883620689656 442376.15000000008 0.34295000000000003
decision_type=2 2 2 2 2 2 2
left_child=1 -1 4 6 -2 -5 -4
right_child=2 -3 3 5 -6 -7 -8
leaf_value=-7.1805232946650277e-06 -0.00020152720413878282 2.3497268596181143e-05 -0.00034332584024195534 1.5918460756216532e-05 0.00015481376465586904 -2.5234309383528583e-06 -6.6856920980086721e-05
leaf_weight=28 20 28 20 20 21 21 59
leaf_count=28 20 28 20 20 21 21 59
internal_value=0.00232258 0.0105714 -0.000546586 -0.00333334 0.00760975 0.00370732 -0.00698734
internal_weight=217 56 161 120 41 41 79
internal_count=217 56 161 120 41 41 79
is_linear=0
shrinkage=0.08


Tree=156
num_leaves=8
num_cat=0
split_feature=26 38 13 44 26 43 2
split_gain=0.621591 1.02309 1.10362 1.15345 0.278582 0.914496 0.123077
threshold=0.41090000000000004 -0.26664999999999989 0.1402824548041621 1.0169036461440542 0.36575000000000008 0.11305000000000005 766192.15000000014
decision_type=2 2 2 2 2 2 2
left_child=4 -2 -3 -4 5 -1 -7
right_child=1 2 3 -5 -6 6 -8
leaf_value=0.00012961827972973709 -0.00018896881888451057 -2.9509388701832767e-05 3.3478677743396663e-05 5.73629164707103e-06 -0.0024839433403677598 -0.0015646074923321607 0.00015780221180513755
leaf_weight=21 32 21 35 22 34 32 20
leaf_count=21 32 21 35 22 34 32 20
internal_value=0.00232258 0.00654545 0.0114872 0.0172632 -0.00201869 0.000767121 -0.00492308
internal_weight=217 110 78 57 107 73 52
internal_count=217 110 78 57 107 73 52
is_linear=0
shrinkage=0.08


Tree=157
num_leaves=8
num_cat=0
split_feature=43 3 4 44 30 32 13
split_gain=0.515747 0.530261 0.745135 0.906961 0.546394 0.904685 1.44852
threshold=0.40020000000000006 13.4 64.705000000000013 0.79380828147471905 0.28575000000000006 0.36205000000000004 0.15472350171648286
decision_type=2 2 2 2 2 2 2
left_child=1 -1 -3 -4 -5 -6 -7
right_child=-2 2 3 4 5 6 -8
leaf_value=-1.1216261098300403e-05 -0.0012883793415471385 0.00011865289125978464 -0.00077805669109410431 -2.5702733509519917e-05 -2.4351740132028141e-06 9.0710929233301854e-06 8.6644013186808273e-05
leaf_weight=39 24 23 30 20 20 36 25
leaf_count=39 24 23 30 20 20 36 25
internal_value=0.00305991 0.00443523 0.00654545 0.00421374 0.00784158 0.0107654 0.0156066
internal_weight=217 193 154 131 101 81 61
internal_count=217 193 154 131 101 81 61
is_linear=0
shrinkage=0.08


Tree=158
num_leaves=9
num_cat=0
split_feature=41 44 28 44 30 13 10 1
split_gain=0.832909 1.05357 1.08995 0.336716 0.491551 0.458009 0.323559 0.143662
threshold=0.49304286182132923 0.83438265441329029 0.40205000000000007 0.90018512802467965 0.37700000000000006 0.15262827166702103 0.44239605691056921 108387.55
decision_type=2 2 2 2 2 2 2 2
left_child=1 2 -1 7 -5 -6 -3 -2
right_child=3 6 -4 4 5 -7 -8 -9
leaf_value=2.1760318178992842e-05 -1.076836551823837e-05 1.5394363635506528e-05 0.00013025814291726023 -0.00035308680023019289 -2.3763931373147489e-07 0.0003570856837939146 -0.00045431374645671179 -0.00030514658149459006
leaf_weight=20 20 23 21 20 22 20 20 51
leaf_count=20 20 23 21 20 22 20 20 51
internal_value=0.00195392 0.00819047 0.0173659 -0.00198496 0.00232258 0.00723809 -0.000558141 -0.00574648
internal_weight=217 84 41 133 62 42 43 71
internal_count=217 84 41 133 62 42 43 71
is_linear=0
shrinkage=0.08


Tree=159
num_leaves=8
num_cat=0
split_feature=42 11 34 36 40 20 2
split_gain=0.840257 0.456722 0.486787 1.06123 0.474303 0.433366 0.0291667
threshold=0.14381419954098415 0.18409081150306847 0.48675000000000007 0.30090000000000006 0.1484941574352043 0.44025000000000009 451519.60000000003
decision_type=2 2 2 2 2 2 2
left_child=-1 2 4 -4 6 -6 -2
right_child=1 -3 3 -5 5 -7 -8
leaf_value=2.3839425497837996e-05 -0.00032744743895811549 -0.00026870963685704768 -6.9402866230613047e-05 2.1822292116751976e-05 -2.591177304789721e-05 0.0012857499826309622 -0.00058192744027279434
leaf_weight=36 20 31 27 25 27 23 28
leaf_count=36 20 31 27 25 27 23 28
internal_value=0.00305991 0.000839777 0.00266666 0.00892308 -0.000653063 0.0048 -0.00633334
internal_weight=217 181 150 52 98 50 48
internal_count=217 181 150 52 98 50 48
is_linear=0
shrinkage=0.08


Tree=160
num_leaves=7
num_cat=0
split_feature=42 26 41 1 39 1
split_gain=0.887097 0.446296 1.12634 0.651042 0.252767 0.0361111
threshold=0.14391113987529222 0.42925000000000008 0.4927650279642059 164488.55000000002 0.4983183771929825 123389.85000000002
decision_type=2 2 2 2 2 2
left_child=-1 4 -3 -4 5 -2
right_child=1 2 3 -5 -6 -7
leaf_value=2.5946872458239011e-05 -0.00050997686010845363 4.1596216634561086e-05 -0.00031448066524496275 1.7332495460047541e-05 0.00039918583453452529 -0.00024427147107278766
leaf_weight=39 20 20 40 24 22 52
leaf_count=39 20 20 40 24 22 52
internal_value=0.00158525 -0.000808991 0.00342857 -0.00175 -0.00459575 -0.00688889
internal_weight=217 178 84 64 94 72
internal_count=217 178 84 64 94 72
is_linear=0
shrinkage=0.08


Tree=161
num_leaves=6
num_cat=0
split_feature=10 12 41 43 18
split_gain=0.796646 1.52111 0.753413 1.10612 0.585876
threshold=0.45703718843469598 0.44828376068376069 0.4927650279642059 -0.23355000000000001 0.36690000000000006
decision_type=2 2 2 2 2
left_child=1 2 3 -1 -4
right_child=-2 -3 4 -5 -6
leaf_value=6.9100074289078821e-05 -0.00019313072782831239 2.4446547180976547e-05 1.3680336386199047e-05 1.4606936654193654e-06 -0.00012829977727366824
leaf_weight=20 37 30 37 37 56
leaf_count=20 37 30 37 37 56
internal_value=0.00269124 0.00488889 0.0016 0.0088421 -0.00283871
internal_weight=217 180 150 57 93
internal_count=217 180 150 57 93
is_linear=0
shrinkage=0.08


Tree=162
num_leaves=7
num_cat=0
split_feature=12 26 10 34 34 2
split_gain=0.94898 1.63435 0.705575 0.616252 0.777768 0.481203
threshold=0.4479929124049305 0.5041500000000001 0.44832000000000011 0.39335000000000003 0.51995000000000002 712018.75000000012
decision_type=2 2 2 2 2 2
left_child=2 -2 3 5 -5 -1
right_child=1 -3 -4 4 -6 -7
leaf_value=-0.00029779185978711162 6.4748037380147952e-06 1.9200763474352724e-05 -0.00019982516301134492 4.0186846155031362e-05 -1.6695360420377691e-06 0.00011597371842455289
leaf_weight=36 28 21 45 35 31 21
leaf_count=36 28 21 45 35 31 21
internal_value=0.00342857 0.0132245 0.000571427 0.00370732 0.0089697 -0.00238597
internal_weight=217 49 168 123 66 57
internal_count=217 49 168 123 66 57
is_linear=0
shrinkage=0.08


Tree=163
num_leaves=8
num_cat=0
split_feature=12 26 42 10 11 36 1
split_gain=0.878895 1.63435 0.798918 0.432006 0.63286 0.737445 0.025
threshold=0.4479929124049305 0.5041500000000001 0.14381419954098415 0.44832000000000011 0.1594019966862156 0.42925000000000008 141354.95000000004
decision_type=2 2 2 2 2 2 2
left_child=2 -2 -1 4 6 -6 -4
right_child=1 -3 3 -5 5 -7 -8
leaf_value=1.9956485318445662e-05 5.9568194389748645e-06 1.766470239640138e-05 -0.00079643979400769078 -0.00018383914997043539 2.3950313351523819e-05 -0.00028145884515257943 -3.4042546418037618e-05
leaf_weight=31 28 21 20 45 31 21 20
leaf_count=31 28 21 20 45 31 21 20
internal_value=0.00379723 0.0132245 0.00104762 -0.00157664 0.00156522 0.00738461 -0.006
internal_weight=217 49 168 137 92 52 40
internal_count=217 49 168 137 92 52 40
is_linear=0
shrinkage=0.08


Tree=164
num_leaves=8
num_cat=0
split_feature=12 26 42 10 11 36 1
split_gain=0.878895 1.63435 0.798918 0.432006 0.63286 0.737445 0.025
threshold=0.4479929124049305 0.5041500000000001 0.14381419954098415 0.44832000000000011 0.1594019966862156 0.42925000000000008 141354.95000000004
decision_type=2 2 2 2 2 2 2
left_child=2 -2 -1 4 6 -6 -4
right_child=1 -3 3 -5 5 -7 -8
leaf_value=1.8359966492966044e-05 5.4802738838556414e-06 1.6251526204690051e-05 -0.00073272461048707672 -0.00016913201797279988 2.2034288283398878e-05 -0.00025894213754037375 -3.1319142704594909e-05
leaf_weight=31 28 21 20 45 31 21 20
leaf_count=31 28 21 20 45 31 21 20
internal_value=0.00379723 0.0132245 0.00104762 -0.00157664 0.00156522 0.00738461 -0.006
internal_weight=217 49 168 137 92 52 40
internal_count=217 49 168 137 92 52 40
is_linear=0
shrinkage=0.08


Tree=165
num_leaves=7
num_cat=0
split_feature=12 26 10 41 44 2
split_gain=0.94898 1.63435 0.705575 0.664262 0.740969 0.508242
threshold=0.4479929124049305 0.5041500000000001 0.44832000000000011 0.49295635715709735 0.83438265441329029 524081.35000000003
decision_type=2 2 2 2 2 2
left_child=2 -2 3 4 -1 -5
right_child=1 -3 -4 5 -6 -7
leaf_value=0.00012501443457550718 5.0418519731466664e-06 1.4951404108317404e-05 -0.00015560145653497538 -0.00025701684985191659 4.6668093903232857e-06 3.6185196760906189e-06
leaf_weight=30 28 21 45 37 28 28
leaf_count=30 28 21 45 37 28 28
internal_value=0.00342857 0.0132245 0.000571427 0.00370732 0.00993103 -0.00184616
internal_weight=217 49 168 123 58 65
internal_count=217 49 168 123 58 65
is_linear=0
shrinkage=0.08


Tree=166
num_leaves=9
num_cat=0
split_feature=12 26 10 10 24 1 1 0
split_gain=0.878895 1.63435 0.507559 0.689383 0.769231 0.43573 0.0307692 0.0277778
threshold=0.4479929124049305 0.5041500000000001 0.44832000000000011 0.43381926536731641 0.29040000000000005 161187.70000000004 184828.70000000004 0.46165000000000006
decision_type=2 2 2 2 2 2 2 2
left_child=2 -2 3 4 -1 -5 -6 -4
right_child=1 -3 7 5 6 -7 -8 -9
leaf_value=4.275610034154678e-05 4.6385038152952982e-06 1.3755291779649951e-05 -0.0016076553642407343 1.7656718254917228e-05 -0.00022079696961069113 1.5479504586424522e-05 -0.00059888131209082161 -3.5645231545786208e-05
leaf_weight=20 28 21 25 27 32 24 20 20
leaf_count=20 28 21 25 27 32 24 20 20
internal_value=0.00379723 0.0132245 0.00104762 0.00370732 -0.00133334 0.0108235 -0.00646154 -0.00622222
internal_weight=217 49 168 123 72 51 52 45
internal_count=217 49 168 123 72 51 52 45
is_linear=0
shrinkage=0.08


Tree=167
num_leaves=8
num_cat=0
split_feature=30 30 10 11 42 10 2
split_gain=0.816058 1.09921 0.738889 1.21795 0.765872 0.12 0.111111
threshold=0.57405000000000006 0.4834500000000001 0.43381926536731641 0.18032787595375524 0.14628424250152491 0.44182750000000004 536850.15000000002
decision_type=2 2 2 2 2 2 2
left_child=1 2 6 4 -4 -2 -1
right_child=5 -3 3 -5 -6 -7 -8
leaf_value=-0.0011817016739323286 -1.8891415566753561e-06 1.7841525385211537e-05 1.9795273140092496e-05 -0.00011742674181035351 5.1891218376004679e-05 -0.00028588983429201465 1.1390557689921946e-06
leaf_weight=25 20 27 38 30 27 30 20
leaf_count=25 20 27 38 30 27 30 20
internal_value=0.0041659 0.0068503 0.004 0.008 0.0141538 -0.0048 -0.00444445
internal_weight=217 167 140 95 65 50 45
internal_count=217 167 140 95 65 50 45
is_linear=0
shrinkage=0.08


Tree=168
num_leaves=8
num_cat=0
split_feature=12 26 41 20 28 1 18
split_gain=1.41346 1.50076 0.642857 0.63124 0.633439 0.429501 0.175
threshold=0.4479929124049305 0.49455000000000005 0.49319901000959832 0.32425000000000004 0.40205000000000007 148913.20000000004 0.36205000000000004
decision_type=2 2 2 2 2 2 2
left_child=2 -2 3 -1 -5 -6 -4
right_child=1 -3 6 4 5 -7 -8
leaf_value=1.5456584888508986e-05 1.8298905977844483e-05 1.0974713300372624e-05 1.1020121806007161e-06 -0.00038625986302080132 0.00011158608929743141 -1.2738579130153702e-06 -0.00015312254548234742
leaf_weight=27 27 22 30 28 20 21 42
leaf_count=27 27 22 30 28 20 21 42
internal_value=0.00453456 0.0164898 0.00104762 0.00533333 0.00127536 0.00760975 -0.00466667
internal_weight=217 49 168 96 69 41 72
internal_count=217 49 168 96 69 41 72
is_linear=0
shrinkage=0.08


Tree=169
num_leaves=8
num_cat=0
split_feature=34 38 11 13 42 39 30
split_gain=1.42195 1.90409 1.23491 0.502265 0.415179 0.406349 0.428571
threshold=0.44645000000000007 -0.27384999999999987 0.13471811153405602 0.15487301793225952 0.14391113987529222 0.49258181683021113 0.37815000000000004
decision_type=2 2 2 2 2 2 2
left_child=4 -2 -3 -4 -1 -6 -7
right_child=1 2 3 -5 5 6 -8
leaf_value=2.1046882852784658e-05 -0.00070084266618369601 2.8653723229905007e-06 1.5642119936606548e-05 1.2239256895472308e-05 -0.00057266250288714202 -3.6856578439289611e-05 0.00022182894902078622
leaf_weight=22 26 23 21 20 42 36 27
leaf_count=22 26 23 21 20 42 36 27
internal_value=0.00564055 0.0133333 0.02075 0.0290732 0.000188974 -0.00190476 0.00215873
internal_weight=217 90 64 41 127 105 63
internal_count=217 90 64 41 127 105 63
is_linear=0
shrinkage=0.08


Tree=170
num_leaves=8
num_cat=0
split_feature=26 38 26 42 1 30 0
split_gain=1.65594 2.1921 1.12533 0.742062 0.219328 0.434842 0.121569
threshold=0.49455000000000005 -0.19319999999999998 0.60600000000000009 0.14391113987529222 122528.40000000001 0.38255000000000006 0.5515000000000001
decision_type=2 2 2 2 2 2 2
left_child=3 2 -2 -1 -5 6 -6
right_child=1 -3 -4 4 5 -7 -8
leaf_value=1.8068335192572395e-05 6.1649358196100919e-05 1.1997877808004923e-05 -0.0006552793006710854 -0.00055149698656386267 -3.0582212400900904e-05 5.1820058962190574e-05 -0.00065295389105909907
leaf_weight=27 20 24 27 29 20 39 31
leaf_count=27 20 24 27 29 20 39 31
internal_value=0.00564055 0.015662 0.00561702 0.000767121 -0.00194958 -1.90735e-09 -0.00486275
internal_weight=217 71 47 146 119 90 51
internal_count=217 71 47 146 119 90 51
is_linear=0
shrinkage=0.08


Tree=171
num_leaves=8
num_cat=0
split_feature=20 10 24 34 12 28 41
split_gain=0.711714 0.477367 0.845635 1.246 0.736811 0.492308 0.325926
threshold=0.25270000000000009 0.43381926536731641 0.30670000000000003 0.4845000000000001 0.44279398347810245 0.51800000000000013 0.49266805105734435
decision_type=2 2 2 2 2 2 2
left_child=-1 6 -3 4 -4 -6 -2
right_child=1 2 3 -5 5 -7 -8
leaf_value=1.2300388931161246e-05 4.155268611799554e-05 -0.0001038619871542506 0.00034199594939325368 3.203134541364632e-05 -0.0017364517861090485 1.491865316516519e-05 -0.00053235864288289961
leaf_weight=25 27 23 29 28 32 20 33
leaf_count=25 27 23 29 28 32 20 33
internal_value=0.00490322 0.00325 0.00593939 0.00888073 0.00385185 -0.00184616 -0.00266667
internal_weight=217 192 132 109 81 52 60
internal_count=217 192 132 109 81 52 60
is_linear=0
shrinkage=0.08


Tree=172
num_leaves=9
num_cat=0
split_feature=38 2 28 34 43 38 2 2
split_gain=0.816058 1.04965 1.03712 0.861518 1.14603 0.891746 0.12 0.111111
threshold=0.25800000000000006 524081.35000000003 0.45385000000000003 0.57750000000000012 -0.22599999999999995 -0.041049999999999996 766192.15000000014 304693.70000000007
decision_type=2 2 2 2 2 2 2 2
left_child=1 3 -3 4 -1 7 -2 -6
right_child=6 2 -4 -5 5 -7 -8 -9
leaf_value=5.4642812522897566e-05 -0.001911050868873321 1.4585168775646845e-05 1.9345838311381201e-06 -7.357443604894711e-05 -4.6866302184442354e-05 9.6859666765954748e-05 -0.00016199778228964234 -1.166982512397503e-05
leaf_weight=20 30 24 20 33 25 25 20 20
leaf_count=20 30 24 20 33 25 25 20 20
internal_value=0.0041659 0.0068503 0.0174545 0.00305691 0.00711111 0.00228571 -0.0048 -0.00444445
internal_weight=217 167 44 123 90 70 50 45
internal_count=217 167 44 123 90 70 50 45
is_linear=0
shrinkage=0.08


Tree=173
num_leaves=7
num_cat=0
split_feature=36 9 9 3 20 41
split_gain=0.993436 1.06599 0.935488 0.677987 0.498913 0.542556
threshold=0.30400000000000005 18.500000000000004 27.500000000000004 17.900000000000002 0.42980000000000002 0.49313804922046134
decision_type=2 2 2 2 2 2
left_child=2 3 -1 -2 -3 -6
right_child=1 4 -4 -5 5 -7
leaf_value=1.3448854607820211e-07 -6.3407034883626695e-07 -0.00019055067226956505 5.61260210121608e-05 6.5233132255684137e-05 1.3592456956815373e-05 -8.4139698921812775e-05
leaf_weight=21 20 51 23 33 38 31
leaf_count=21 20 51 23 33 38 31
internal_value=0.00490322 0.00217341 0.0156364 0.0116226 -0.002 0.00243478
internal_weight=217 173 44 53 120 69
internal_count=217 173 44 53 120 69
is_linear=0
shrinkage=0.08


Tree=174
num_leaves=7
num_cat=0
split_feature=42 20 13 9 10 26
split_gain=0.747285 0.706374 0.792279 1.38507 2.12413 0.182967
threshold=0.14391113987529222 0.46780000000000005 0.14464264563738152 43.500000000000007 0.43332136222910217 0.36095000000000005
decision_type=2 2 2 2 2 2
left_child=-1 2 -2 4 -4 -3
right_child=1 5 3 -5 -6 -7
leaf_value=8.0388031982398653e-06 -3.2640525499964537e-06 -1.933817319771089e-05 -8.7803921205717e-05 -1.7774113812897599e-05 0.00025352018705243422 -0.00035660445521124555
leaf_weight=39 29 28 22 32 30 37
leaf_count=39 29 28 22 32 30 37
internal_value=0.00453456 0.00233708 0.00615929 0.0100952 0.0181538 -0.00430769
internal_weight=217 178 113 84 52 65
internal_count=217 178 113 84 52 65
is_linear=0
shrinkage=0.08


Tree=175
num_leaves=6
num_cat=0
split_feature=42 36 42 22 20
split_gain=1.04721 0.707647 0.753951 0.533922 0.040099
threshold=0.14391113987529222 0.30400000000000005 0.14903521345514451 0.30315000000000009 0.57405000000000006
decision_type=2 2 2 2 2
left_child=-1 -2 3 -3 -5
right_child=1 2 -4 4 -6
leaf_value=7.3956989423824133e-06 4.03131686462925e-05 1.5254181796802537e-05 0.00034506584831013072 -1.2956355930078026e-05 -0.00017575768453445911
leaf_weight=39 35 22 20 81 20
leaf_count=39 35 22 20 81 20
internal_value=0.00269124 8.98857e-05 -0.0024056 -0.00474797 -0.00720792
internal_weight=217 178 143 123 101
internal_count=217 178 143 123 101
is_linear=0
shrinkage=0.08


Tree=176
num_leaves=7
num_cat=0
split_feature=42 0 24 38 41 2
split_gain=1.04721 0.354272 0.931666 1.06522 0.663356 0.0359155
threshold=0.14391113987529222 0.33880000000000005 0.38790000000000008 -0.26664999999999989 0.4973772426470589 442376.15000000008
decision_type=2 2 2 2 2 2
left_child=-1 -2 3 -3 5 -4
right_child=1 2 4 -5 -6 -7
leaf_value=6.8040430269928476e-06 -0.0002247789854916197 -2.6181961069764924e-05 -2.4684387660490615e-05 4.492859358317781e-05 0.00010369055078813621 -0.00012779927763724634
leaf_weight=39 29 23 20 23 32 51
leaf_count=39 29 23 20 23 32 51
internal_value=0.00269124 8.98857e-05 0.00166443 0.0111304 -0.00256311 -0.00687324
internal_weight=217 178 149 46 103 71
internal_count=217 178 149 46 103 71
is_linear=0
shrinkage=0.08


Tree=177
num_leaves=7
num_cat=0
split_feature=42 2 28 41 39 0
split_gain=0.716616 0.485051 0.704688 0.41737 0.512821 0.0291667
threshold=0.14391113987529222 341037.0500000001 0.31805000000000005 0.49304286182132923 0.4983183771929825 0.39760000000000006
decision_type=2 2 2 2 2 2
left_child=-1 5 -3 -4 -5 -2
right_child=1 2 3 4 -6 -7
leaf_value=6.259719584833025e-06 -5.008364144977554e-05 5.3463209313182488e-05 6.6325615358480406e-06 -2.9015206257549844e-05 0.0001145068604859802 -8.4240877396391906e-06
leaf_weight=39 28 29 23 48 30 20
leaf_count=39 28 29 23 48 30 20
internal_value=0.00269124 0.000539324 0.00307692 -7.92098e-05 -0.0028718 -0.00633334
internal_weight=217 178 130 101 78 48
internal_count=217 178 130 101 78 48
is_linear=0
shrinkage=0.08


Tree=178
num_leaves=9
num_cat=0
split_feature=42 1 43 43 30 11 44 0
split_gain=0.663828 0.529811 0.526093 0.569947 1.03302 1.03712 0.409756 0.0287234
threshold=0.14391113987529222 118197.85000000002 0.40355000000000002 -0.25379999999999997 0.37700000000000006 0.15541579603927552 0.83438265441329029 0.39210000000000006
decision_type=2 2 2 2 2 2 2 2
left_child=-1 7 3 -3 6 -6 -5 -2
right_child=1 2 -4 4 5 -7 -8 -9
leaf_value=5.7589420180463443e-06 -0.00026287306881769265 -4.2813551996276421e-06 -0.0015094134655593372 8.2627899481043471e-06 3.1243497973908972e-06 8.7254060315374265e-05 -0.00011810606403334685 -7.7501607204711711e-06
leaf_weight=39 27 25 21 20 20 24 21 20
leaf_count=39 27 25 21 20 20 24 21 20
internal_value=0.00305991 0.000988762 0.00360305 0.00581818 0.00894117 0.0174545 -0.000195124 -0.00629787
internal_weight=217 178 131 110 85 44 41 47
internal_count=217 178 131 110 85 44 41 47
is_linear=0
shrinkage=0.08


Tree=179
num_leaves=6
num_cat=0
split_feature=42 28 13 12 10
split_gain=0.585311 0.352239 0.415321 0.697512 0.131818
threshold=0.14391113987529222 0.30980000000000002 0.15616306561231461 0.44279398347810245 0.45438534482758625
decision_type=2 2 2 2 2
left_child=-1 -2 4 -4 -3
right_child=1 2 3 -5 -6
leaf_value=5.2982266566030236e-06 1.9876553084827931e-05 -1.2908538069467033e-05 0.00050012425077889864 -0.0017062690918062838 -3.2641873025417139e-06
leaf_weight=39 39 58 28 31 22
leaf_count=39 39 58 28 31 22
internal_value=0.00158525 -0.000359552 -0.00224461 0.00284746 -0.006
internal_weight=217 178 139 59 80
internal_count=217 178 139 59 80
is_linear=0
shrinkage=0.08


Tree=180
num_leaves=5
num_cat=0
split_feature=42 28 22 42
split_gain=0.68659 0.452797 0.440977 0.526369
threshold=0.14391113987529222 0.30980000000000002 0.41090000000000004 0.14615126084184982
decision_type=2 2 2 2
left_child=-1 -2 3 -3
right_child=1 2 -4 -5
leaf_value=4.874368524073038e-06 1.8286428838045977e-05 -4.1008480100793374e-05 -1.9688665473994997e-05 0.00013474479230129603
leaf_weight=39 39 36 68 35
leaf_count=39 39 36 68 35
internal_value=0.000847924 -0.00125843 -0.00339569 0.00101408
internal_weight=217 178 139 71
internal_count=217 178 139 71
is_linear=0
shrinkage=0.08


Tree=181
num_leaves=5
num_cat=0
split_feature=42 36 41 22
split_gain=0.740259 0.361226 0.541837 0.371739
threshold=0.14391113987529222 0.28575000000000006 0.49778635451505021 0.30315000000000009
decision_type=2 2 2 2
left_child=-1 -2 3 -3
right_child=1 2 -4 -5
leaf_value=4.4844190421468713e-06 4.9935702037248676e-05 0.00011347685110037836 9.4530752128672241e-06 -1.3988043017693151e-05
leaf_weight=39 27 20 36 95
leaf_count=39 27 20 36 95
internal_value=0.000479261 -0.00170787 -0.00323179 -0.00591305
internal_weight=217 178 151 115
internal_count=217 178 151 115
is_linear=0
shrinkage=0.08


Tree=182
num_leaves=6
num_cat=0
split_feature=3 2 36 38 9
split_gain=0.648266 1.42614 0.719748 0.387464 0.308571
threshold=20.800000000000001 524081.35000000003 0.49095000000000005 -0.23859999999999995 15.500000000000002
decision_type=2 2 2 2 2
left_child=1 2 3 -1 -2
right_child=4 -3 -4 -5 -6
leaf_value=1.8521509912764056e-07 7.8289570546498849e-05 1.2033208263120658e-05 0.00011278938726530284 -1.7673394743250435e-05 -0.00012119431331682761
leaf_weight=27 21 28 36 51 54
leaf_count=27 21 28 36 51 54
internal_value=0.00121659 0.00439436 0.000421051 -0.00389744 -0.0048
internal_weight=217 142 114 78 75
internal_count=217 142 114 78 75
is_linear=0
shrinkage=0.08


Tree=183
num_leaves=8
num_cat=0
split_feature=11 11 1 24 32 43 12
split_gain=0.393241 0.522361 0.670566 0.988438 0.921951 0.387028 0.224532
threshold=0.18461447789387775 0.15541579603927552 122528.40000000001 0.41710000000000008 0.58595000000000008 -0.23355000000000001 0.44828376068376069
decision_type=2 2 2 2 2 2 2
left_child=1 5 -3 -4 -5 -1 -7
right_child=-2 2 3 4 -6 6 -8
leaf_value=5.9690769628336177e-07 -0.0011609304227080701 -2.2937262238531906e-05 0.00011215693554076071 -5.6876066217974926e-05 0.00035037754830455348 -6.1242459336483137e-05 6.6650792760065817e-09
leaf_weight=28 28 24 22 21 20 48 26
leaf_count=28 28 24 22 21 20 48 26
internal_value=0.000847924 0.00215873 0.00671264 0.0110476 0.00370732 -0.00172549 -0.00475676
internal_weight=217 189 87 63 41 102 74
internal_count=217 189 87 63 41 102 74
is_linear=0
shrinkage=0.08


Tree=184
num_leaves=7
num_cat=0
split_feature=36 20 12 10 11 12
split_gain=0.536299 0.519231 0.648649 0.757412 0.593939 0.342857
threshold=0.28575000000000006 0.44025000000000009 0.44918837545822887 0.43381926536731641 0.16405912140229156 0.44520634417129268
decision_type=2 2 2 2 2 2
left_child=-1 5 3 -3 -5 -2
right_child=1 2 -4 4 -6 -7
leaf_value=3.2552795856516827e-05 -1.4423061149379928e-05 -6.2074501276934515e-05 -0.00014650492502081374 0.0015093647821756754 5.3489146257806426e-05 8.1717931877828397e-08
leaf_weight=35 64 30 24 20 24 20
leaf_count=35 64 30 24 20 24 20
internal_value=0.00121659 -0.000527474 0.00342857 0.00713513 0.0138182 -0.00514286
internal_weight=217 182 98 74 44 84
internal_count=217 182 98 74 44 84
is_linear=0
shrinkage=0.08


Tree=185
num_leaves=7
num_cat=0
split_feature=43 1 39 44 9 2
split_gain=0.403842 0.654392 0.742205 0.501448 0.661676 0.142029
threshold=0.10804999999999999 154472.90000000002 0.49331584996975203 0.8386888283584516 27.500000000000004 824162.25000000012
decision_type=2 2 2 2 2 2
left_child=1 3 -3 4 -1 -2
right_child=5 2 -4 -5 -6 -7
leaf_value=-4.2635440213996502e-05 -0.00064225795942715906 -2.807325408297708e-06 8.7711980617541163e-05 -9.2670279629534092e-06 0.00010733786171386744 0.00019446014065139546
leaf_weight=29 49 22 23 46 28 20
leaf_count=29 49 22 23 46 28 20
internal_value=-0.00062673 0.00172973 0.00977778 -0.00178641 0.00322807 -0.00568116
internal_weight=217 148 45 103 57 69
internal_count=217 148 45 103 57 69
is_linear=0
shrinkage=0.08


Tree=186
num_leaves=7
num_cat=0
split_feature=12 11 44 12 43 4
split_gain=0.409797 0.42348 1.09753 0.546032 0.164429 0.0359155
threshold=0.45022280444964874 0.1594019966862156 0.8386888283584516 0.44092953565830728 -0.23355000000000001 101.47500000000001
decision_type=2 2 2 2 2 2
left_child=1 4 -3 -4 -1 -6
right_child=-2 2 3 -5 5 -7
leaf_value=3.1040092165779322e-07 2.3129773847450571e-05 0.00010071756375206596 0.00031338830067617921 -6.8912510122058913e-05 -6.5499096818725838e-05 -7.7502715641255908e-05
leaf_weight=29 28 26 20 43 51 20
leaf_count=29 28 26 20 43 51 20
internal_value=0.000110597 -0.00122752 0.00278651 -0.00292064 -0.0048 -0.00687324
internal_weight=217 189 89 63 100 71
internal_count=217 189 89 63 100 71
is_linear=0
shrinkage=0.08


Tree=187
num_leaves=7
num_cat=0
split_feature=13 28 44 4 1 0
split_gain=0.637278 0.622383 0.666492 0.254948 0.153488 0.114894
threshold=0.15446595316205133 0.30980000000000002 0.84692344460315983 102.33000000000001 97646.650000000009 0.71235000000000015
decision_type=2 2 2 2 2 2
left_child=3 -2 -3 4 -1 -4
right_child=1 2 5 -5 -6 -7
leaf_value=-7.679300267761678e-07 7.111778300087001e-05 5.5136183091377395e-05 -6.8096850704889948e-05 7.0389391917552332e-06 -1.1997884651686731e-05 -0.00016999570715974465
leaf_weight=20 23 30 27 31 66 20
leaf_count=20 23 30 27 31 66 20
internal_value=0.000110597 0.0048 0.00135065 -0.00389744 -0.00613954 -0.00459575
internal_weight=217 100 77 117 86 47
internal_count=217 100 77 117 86 47
is_linear=0
shrinkage=0.08


Tree=188
num_leaves=7
num_cat=0
split_feature=4 38 9 41 9 24
split_gain=0.368943 0.977833 0.452308 0.250877 0.1 0.0392473
threshold=102.33000000000001 0.25800000000000006 47.500000000000007 0.49262295850951382 34.500000000000007 0.32155000000000006
decision_type=2 2 2 2 2 2
left_child=2 -2 3 -1 -3 -5
right_child=1 4 -4 5 -6 -7
leaf_value=-1.2502115769480581e-06 5.8631480012583048e-05 0.00018074514204672405 8.1480078141750367e-05 -1.3266784284303867e-05 -0.00078502730253911571 -4.2373729174335762e-05
leaf_weight=37 27 20 20 20 20 73
leaf_count=37 27 20 20 20 20 73
internal_value=-0.000995394 0.0039403 -0.0032 -0.00492308 -0.004 -0.00713979
internal_weight=217 67 150 130 40 93
internal_count=217 67 150 130 40 93
is_linear=0
shrinkage=0.08


Tree=189
num_leaves=7
num_cat=0
split_feature=12 28 11 44 9 42
split_gain=0.79764 0.903856 0.353214 0.76768 0.408602 0.255349
threshold=0.44861644059065936 0.47460000000000008 0.1594019966862156 0.8386888283584516 39.500000000000007 0.14365481477287492
decision_type=2 2 2 2 2 2
left_child=2 -2 5 -4 -5 -1
right_child=1 -3 3 4 -6 -7
leaf_value=-1.4336015795044907e-06 2.2144728501808493e-05 -0.00055180050125402729 8.1091594518934083e-05 6.0062089521724752e-05 -6.9198945759200173e-05 -8.4260548120475463e-05
leaf_weight=25 21 22 26 24 38 61
leaf_count=25 21 22 26 24 38 61
internal_value=0.000847924 0.0106046 -0.00156322 0.002 -0.00283871 -0.0052093
internal_weight=217 43 174 88 62 86
internal_count=217 43 174 88 62 86
is_linear=0
shrinkage=0.08


Tree=190
num_leaves=7
num_cat=0
split_feature=12 28 41 32 2 36
split_gain=0.831017 1.06522 0.501945 0.848067 0.346552 0.27
threshold=0.44828376068376069 0.47460000000000008 0.49304286182132923 0.37815000000000004 693185.80000000016 0.37700000000000006
decision_type=2 2 2 2 2 2
left_child=2 -2 3 5 -4 -1
right_child=1 -3 4 -5 -6 -7
leaf_value=-4.6940878384686372e-05 1.7415919597300284e-05 -0.00015083993501254839 -9.0426855413987492e-05 7.6528998550099876e-05 0.00020783398696514965 8.3344100964529885e-06
leaf_weight=30 23 23 67 34 20 20
leaf_count=30 23 23 67 34 20 20
internal_value=0.00158525 0.0111304 -0.000982458 0.00342857 -0.00524138 -0.0032
internal_weight=217 46 171 84 87 50
internal_count=217 46 171 84 87 50
is_linear=0
shrinkage=0.08


Tree=191
num_leaves=8
num_cat=0
split_feature=1 9 3 44 40 41 0
split_gain=0.631002 0.901221 0.580718 0.291667 0.408333 0.45873 0.025
threshold=164488.55000000002 18.500000000000004 20.800000000000001 0.8386888283584516 0.14286402134791232 0.49313804922046134 0.69615000000000016
decision_type=2 2 2 2 2 2 2
left_child=3 -2 -3 4 -1 -6 -4
right_child=1 2 6 -5 5 -7 -8
leaf_value=-5.3211124797751373e-05 0.0001071027344832148 3.9341826382335068e-05 -7.5386693471979872e-05 -2.6442602309564673e-05 9.7427690185361229e-05 -4.6319860136242425e-05 -0.00040789479172944867
leaf_weight=27 29 22 20 54 24 21 20
leaf_count=27 29 22 20 54 24 21 20
internal_value=0.000110597 0.00518681 -0.000258066 -0.00355556 -0.000222224 0.00444444 -0.006
internal_weight=217 91 62 126 72 45 40
internal_count=217 91 62 126 72 45 40
is_linear=0
shrinkage=0.08


Tree=192
num_leaves=6
num_cat=0
split_feature=10 28 41 44 20
split_gain=0.583762 0.689655 0.544674 0.434089 0.144444
threshold=0.43381926536731641 0.31805000000000005 0.49778635451505021 0.84692344460315983 0.51995000000000002
decision_type=2 2 2 2 2
left_child=4 -2 3 -3 -1
right_child=1 2 -4 -5 -6
leaf_value=-1.268289435862753e-05 2.2928693401030755e-05 2.9616962637658892e-05 4.7012968694492991e-05 -8.7290970592619188e-05 -6.6065168722502427e-06
leaf_weight=52 29 34 33 49 20
leaf_count=52 29 34 33 49 20
internal_value=0.000110597 0.00303448 0.00027586 -0.00318072 -0.00577778
internal_weight=217 145 116 83 72
internal_count=217 145 116 83 72
is_linear=0
shrinkage=0.08


Tree=193
num_leaves=6
num_cat=0
split_feature=9 39 1 41 20
split_gain=0.406298 0.392944 0.564331 0.312436 0.35
threshold=48.500000000000007 0.497410421994885 170098.60000000001 0.49295635715709735 0.38840000000000002
decision_type=2 2 2 2 2
left_child=1 3 -3 4 -1
right_child=-2 2 -4 -5 -6
leaf_value=-5.0285055490602358e-06 5.0655967398883807e-05 -3.9145573223480049e-06 0.00023751219208077896 -4.0384191368286911e-05 2.0355056618548785e-05
leaf_weight=35 31 24 23 76 28
leaf_count=35 31 24 23 76 28
internal_value=-0.000995394 -0.0024086 0.00391489 -0.00454676 -0.000380954
internal_weight=217 186 47 139 63
internal_count=217 186 47 139 63
is_linear=0
shrinkage=0.08


Tree=194
num_leaves=6
num_cat=0
split_feature=13 40 12 11 0
split_gain=0.428317 0.404002 0.320467 0.157285 0.0383721
threshold=0.15708201300692823 0.15311266030308424 0.44861644059065936 0.16655122167426636 0.33325000000000005
decision_type=2 2 2 2 2
left_child=2 -2 3 4 -1
right_child=1 -3 -4 -5 -6
leaf_value=-1.4865430300050997e-05 4.0699572181210708e-05 -0.00016078667139781281 2.2050966866252508e-06 -2.0218049917266432e-06 -2.4812562894821834e-05
leaf_weight=20 35 29 35 32 66
leaf_count=20 35 29 35 32 66
internal_value=-0.000995394 0.0045 -0.00329412 -0.00528814 -0.00706977
internal_weight=217 64 153 118 86
internal_count=217 64 153 118 86
is_linear=0
shrinkage=0.08


Tree=195
num_leaves=7
num_cat=0
split_feature=30 9 22 34 26 24
split_gain=0.29926 0.439593 0.463167 1.07157 0.138462 0.128938
threshold=0.51125000000000009 48.500000000000007 0.37700000000000006 0.57750000000000012 0.47460000000000008 0.57405000000000006
decision_type=2 2 2 2 2 2
left_child=1 2 5 -4 -2 -1
right_child=4 -3 3 -5 -6 -7
leaf_value=-5.675320915430972e-05 -4.6401586046915706e-05 6.3879799138768508e-05 0.00013751240936027388 -7.3832559937792966e-06 -4.8890849079121892e-06 -5.8755183995234002e-05
leaf_weight=44 45 20 39 28 20 21
leaf_count=44 45 20 39 28 20 21
internal_value=-0.000995394 0.000947367 -0.000727275 0.0039403 -0.00553846 -0.00553846
internal_weight=217 152 132 67 65 65
internal_count=217 152 132 67 65 65
is_linear=0
shrinkage=0.08


Tree=196
num_leaves=7
num_cat=0
split_feature=13 41 41 39 1 20
split_gain=0.363063 0.46267 0.703315 0.445642 0.430384 0.146667
threshold=0.14555619722674007 0.49246608583649271 0.49295635715709735 0.4957709482758621 179952.05000000002 0.50630000000000008
decision_type=2 2 2 2 2 2
left_child=5 -2 -3 -4 -5 -1
right_child=1 2 3 4 -6 -7
leaf_value=-1.0240104824174267e-05 -4.0041033283826058e-05 6.2021182551422486e-05 -3.5525724428361316e-05 -1.8717495530439419e-05 4.6404065229642595e-05 -1.4122713608253572e-05
leaf_weight=55 29 29 31 29 24 20
leaf_count=55 29 29 31 29 24 20
internal_value=-0.00136406 0.00101408 0.00332743 -0.000380954 0.00407547 -0.00586667
internal_weight=217 142 113 84 53 75
internal_count=217 142 113 84 53 75
is_linear=0
shrinkage=0.08


Tree=197
num_leaves=7
num_cat=0
split_feature=13 32 0 20 36 1
split_gain=0.406163 0.376042 0.4 0.238667 0.566123 0.161905
threshold=0.15708201300692823 0.37700000000000006 0.70710000000000017 0.51445000000000007 0.59420000000000006 96419.200000000026
decision_type=2 2 2 2 2 2
left_child=3 -2 -3 5 -5 -1
right_child=1 2 -4 4 -6 -7
leaf_value=-8.8561286953055885e-06 -0.00032366351178185498 5.3932656976161486e-05 -0.00074037564572998591 5.8795604287727024e-05 -4.83353376366962e-05 -6.4397022905678356e-06
leaf_weight=20 24 20 20 23 25 85
leaf_count=20 24 20 20 23 25 85
internal_value=-0.00210138 0.00325 0.008 -0.00433987 0.000333331 -0.00647619
internal_weight=217 64 40 153 48 105
internal_count=217 64 40 153 48 105
is_linear=0
shrinkage=0.08


Tree=198
num_leaves=5
num_cat=0
split_feature=9 39 3 1
split_gain=0.519201 0.273459 0.296003 0.0410714
threshold=48.500000000000007 0.4983183771929825 14.350000000000003 256183.60000000003
decision_type=2 2 2 2
left_child=1 2 -1 -4
right_child=-2 -3 3 -5
leaf_value=-3.87051864738433e-07 3.5419922765808345e-05 5.3923265701729799e-06 -6.2565984530882411e-06 -4.8338313157893643e-05
leaf_weight=35 31 39 92 20
leaf_count=35 31 39 92 20
internal_value=-0.00210138 -0.00369893 -0.00527891 -0.00728572
internal_weight=217 186 147 112
internal_count=217 186 147 112
is_linear=0
shrinkage=0.08


Tree=199
num_leaves=6
num_cat=0
split_feature=9 41 44 3 1
split_gain=0.480031 0.420695 0.4 0.294919 0.040991
threshold=48.500000000000007 0.49789074675324679 0.85765185894945606 14.350000000000003 252415.30000000002
decision_type=2 2 2 2 2
left_child=1 3 -3 -1 -5
right_child=-2 2 -4 4 -6
leaf_value=-3.5608771555596662e-07 3.258632894454521e-05 -1.8869690728174742e-05 0.00043284065818769037 -7.2781533013176746e-06 -4.4471248105264078e-05
leaf_weight=35 31 20 20 91 20
leaf_count=35 31 20 20 91 20
internal_value=-0.00173272 -0.00326882 0.004 -0.00526028 -0.00727928
internal_weight=217 186 40 146 111
internal_count=217 186 40 146 111
is_linear=0
shrinkage=0.08


Tree=200
num_leaves=7
num_cat=0
split_feature=9 4 1 9 1 0
split_gain=0.519201 0.187907 0.227842 0.434896 0.0394737 0.0267442
threshold=48.500000000000007 50.195000000000007 170098.60000000001 18.500000000000004 105192.50000000001 0.62850000000000017
decision_type=2 2 2 2 2 2
left_child=1 -1 4 -4 -3 -5
right_child=-2 2 3 5 -6 -7
leaf_value=5.0411975419284942e-06 2.9979422628982058e-05 -6.6691882931951024e-06 8.991348378885497e-05 -1.0744165680087003e-05 -1.1098608171678707e-05 -0.00031741255451891065
leaf_weight=21 31 20 27 20 75 23
leaf_count=21 31 20 27 20 75 23
internal_value=-0.00210138 -0.00369893 -0.00460606 -0.00114286 -0.0071579 -0.00613954
internal_weight=217 186 165 70 95 43
internal_count=217 186 165 70 95 43
is_linear=0
shrinkage=0.08


Tree=201
num_leaves=8
num_cat=0
split_feature=11 44 2 2 44 0 0
split_gain=0.624764 0.822722 0.488034 0.187373 0.360457 0.118367 0.0261905
threshold=0.1594019966862156 0.82911674688640746 669055.40000000014 451519.60000000003 0.80339395161875571 0.42175000000000001 0.40430000000000005
decision_type=2 2 2 2 2 2 2
left_child=3 -2 5 4 6 -3 -1
right_child=1 2 -4 -5 -6 -7 -8
leaf_value=-8.2698198102365624e-06 4.0223960565895811e-05 -2.6166008259254089e-06 6.7626126604692773e-05 -2.9441478000521446e-05 6.2120996832072472e-07 -0.00014486555497964066 -2.6837890545145552e-05
leaf_weight=20 22 20 23 59 22 29 22
leaf_count=20 22 20 23 59 22 29 22
internal_value=-0.000995394 0.00391489 -0.000222224 -0.00474797 -0.00175 -0.0047347 -0.00609524
internal_weight=217 94 72 123 64 49 42
internal_count=217 94 72 123 64 49 42
is_linear=0
shrinkage=0.08


Tree=202
num_leaves=8
num_cat=0
split_feature=40 44 42 41 20 0 0
split_gain=0.539632 0.876026 1.46667 0.335831 0.305332 0.0378049 0.0287234
threshold=0.14560319106763031 0.84692344460315983 0.14671396528547628 0.49343178765527956 0.57405000000000006 0.3393500000000001 0.42645000000000005
decision_type=2 2 2 2 2 2 2
left_child=4 2 -2 6 5 -1 -3
right_child=1 3 -4 -5 -6 -7 -8
leaf_value=-9.6847479937628952e-06 4.5627700357616148e-05 -9.901142433043723e-06 -0.0027855179516192079 2.9680048340502296e-05 7.0620820850324505e-05 -1.2173887928390231e-05 -0.0001159081368297742
leaf_weight=20 24 20 20 24 20 62 27
leaf_count=20 24 20 20 24 20 62 27
internal_value=-0.00062673 0.00313043 0.012 -0.0023662 -0.00486275 -0.00702439 -0.00629787
internal_weight=217 115 44 71 102 82 47
internal_count=217 115 44 71 102 82 47
is_linear=0
shrinkage=0.08


Tree=203
num_leaves=6
num_cat=0
split_feature=11 11 18 0 20
split_gain=0.596156 0.402128 0.486931 0.162158 0.039011
threshold=0.1594019966862156 0.16700594348200645 0.42630000000000007 0.38010000000000005 0.59420000000000006
decision_type=2 2 2 2 2
left_child=3 -2 -3 -1 -5
right_child=1 2 -4 4 -6
leaf_value=-7.0505910485614816e-06 0.00087419661285004582 -3.1887280618504767e-05 2.0712942413700989e-05 -1.074762998994769e-05 -0.00065586156953612355
leaf_weight=32 24 39 31 71 20
leaf_count=32 24 39 31 71 20
internal_value=-0.00173272 0.00306383 -1.90735e-09 -0.00539838 -0.00712088
internal_weight=217 94 70 123 91
internal_count=217 94 70 123 91
is_linear=0
shrinkage=0.08


Tree=204
num_leaves=6
num_cat=0
split_feature=13 44 41 2 13
split_gain=0.309886 0.436154 0.420513 0.234117 0.0391304
threshold=0.15446595316205133 0.8386888283584516 0.49343178765527956 272324.0500000001 0.14007539504385255
decision_type=2 2 2 2 2
left_child=3 -2 -3 -1 -5
right_child=1 2 -4 4 -6
leaf_value=-7.8876222495155128e-08 3.4220072696681534e-05 -6.1251067762608608e-05 2.5648609080169851e-05 -4.0949443262459327e-05 -8.6420479669185904e-06
leaf_weight=25 35 41 24 20 72
leaf_count=25 35 41 24 20 72
internal_value=-0.00247005 0.000799998 -0.00307692 -0.00526496 -0.00713044
internal_weight=217 100 65 117 92
internal_count=217 100 65 117 92
is_linear=0
shrinkage=0.08


Tree=205
num_leaves=6
num_cat=0
split_feature=11 10 20 12 4
split_gain=0.46727 0.848169 0.207215 0.344315 0.0406542
threshold=0.17688144060561931 0.44314661016949158 0.63485000000000014 0.43648513982445403 57.70000000000001
decision_type=2 2 2 2 2
left_child=2 -2 3 -1 -5
right_child=1 -3 -4 4 -6
leaf_value=1.461584324916727e-07 1.5119871485253576e-05 -0.00015393413400380758 8.607563453072689e-05 -2.4918640313761941e-05 -1.6499178554663502e-05
leaf_weight=31 23 35 21 20 87
leaf_count=31 23 35 21 20 87
internal_value=-0.00173272 0.00441379 -0.00397484 -0.00510145 -0.00725234
internal_weight=217 58 159 138 107
internal_count=217 58 159 138 107
is_linear=0
shrinkage=0.08


Tree=206
num_leaves=7
num_cat=0
split_feature=13 42 11 12 38 41
split_gain=0.334098 0.436623 0.480002 0.254948 0.214286 0.153488
threshold=0.15446595316205133 0.1463533223896242 0.18346710335624639 0.44861644059065936 -0.15914999999999996 0.49223090854049439
decision_type=2 2 2 2 2 2
left_child=3 2 -2 5 -3 -1
right_child=1 4 -4 -5 -6 -7
leaf_value=-1.435774513869598e-06 2.6203010403388854e-05 -0.00068034273033793055 -3.9759547890077352e-05 5.1801062050377935e-08 3.4509680442513855e-05 -2.7307425083566428e-05
leaf_weight=20 23 24 21 31 32 66
leaf_count=20 23 24 21 31 32 66
internal_value=-0.000995394 0.0024 0.00836363 -0.00389744 -0.00228572 -0.00613954
internal_weight=217 100 44 117 56 86
internal_count=217 100 44 117 56 86
is_linear=0
shrinkage=0.08


Tree=207
num_leaves=7
num_cat=0
split_feature=30 32 24 1 18 20
split_gain=0.347822 0.486595 1.02461 0.427059 0.557849 0.151106
threshold=0.30090000000000006 0.37700000000000006 0.39535000000000003 167144.30000000002 0.31960000000000005 0.37745000000000006
decision_type=2 2 2 2 2 2
left_child=-1 5 -3 -4 -5 -2
right_child=1 2 3 4 -6 -7
leaf_value=-1.3815126051570817e-05 -1.367504596366078e-05 0.00013791567702930275 -9.3986496748953513e-05 -0.00030404448045961622 1.3111393691012803e-05 -1.3048512173728497e-06
leaf_weight=41 41 20 29 31 22 33
leaf_count=41 41 20 29 31 22 33
internal_value=-0.00136406 0.000181816 0.0037647 -0.000195124 0.00407547 -0.00475676
internal_weight=217 176 102 82 53 74
internal_count=217 176 102 82 53 74
is_linear=0
shrinkage=0.08


Tree=208
num_leaves=7
num_cat=0
split_feature=13 44 2 2 20 2
split_gain=0.402705 0.755581 1.12201 0.311538 0.120506 0.0388889
threshold=0.15395244717030709 0.84692344460315983 377639.75000000006 712018.75000000012 0.57840000000000014 582847.00000000012
decision_type=2 2 2 2 2 2
left_child=4 2 -2 -3 5 -1
right_child=1 3 -4 -5 -6 -7
leaf_value=-5.5237746016685335e-06 -0.00011484903021283892 -2.4993133426644458e-05 0.0002185824444182755 0.00023314946921936032 -1.0151019854483824e-05 -1.2414796788551534e-05
leaf_weight=70 20 45 21 20 21 20
leaf_count=70 20 45 21 20 21 20
internal_value=-0.00247005 0.0010566 0.00956097 -0.00430769 -0.00583784 -0.00711111
internal_weight=217 106 41 65 111 90
internal_count=217 106 41 65 111 90
is_linear=0
shrinkage=0.08


Tree=209
num_leaves=6
num_cat=0
split_feature=13 12 26 20 20
split_gain=0.240608 0.408074 0.111111 0.11079 0.152381
threshold=0.15616306561231461 0.4422479744816587 0.43745000000000006 0.32425000000000004 0.60600000000000009
decision_type=2 2 2 2 2
left_child=3 -2 -3 -1 -5
right_child=1 2 -4 4 -6
leaf_value=-1.4437439342604461e-06 0.00020109583901526616 -0.00065489427182806 -1.1275324052451605e-06 -1.3122348877350966e-05 -9.3389382661266087e-06
leaf_weight=36 31 25 20 84 21
leaf_count=36 31 25 20 84 21
internal_value=-0.00320738 0.000421051 -0.00444445 -0.00516312 -0.00647619
internal_weight=217 76 45 141 105
internal_count=217 76 45 141 105
is_linear=0
shrinkage=0.08


Tree=210
num_leaves=7
num_cat=0
split_feature=42 38 26 13 2 42
split_gain=0.227556 0.268111 0.598444 0.352067 0.239316 0.134921
threshold=0.14475800875877454 -0.26664999999999989 0.51125000000000009 0.15853864644865223 451519.60000000003 0.14352549624724062
decision_type=2 2 2 2 2 2
left_child=5 -2 3 4 -3 -1
right_child=1 2 -4 -5 -6 -7
leaf_value=-5.2210115446068644e-06 -0.00045317788917098974 -7.6894725399160901e-06 1.7474885844365505e-05 0.00023891271820584287 -5.5201010152800139e-05 -1.0226523915462427e-05
leaf_weight=21 24 36 23 20 42 51
leaf_count=21 24 36 23 20 42 51
internal_value=-0.00210138 -0.000275864 0.0012562 -0.00146939 -0.00389744 -0.00577778
internal_weight=217 145 121 98 78 72
internal_count=217 145 121 98 78 72
is_linear=0
shrinkage=0.08


Tree=211
num_leaves=7
num_cat=0
split_feature=40 30 2 43 1 13
split_gain=0.397029 0.436623 1.00595 0.140002 0.109091 0.0379518
threshold=0.14843129922094209 0.38485000000000008 413183.45000000001 -0.23355000000000001 172692.75000000003 0.14007539504385255
decision_type=2 2 2 2 2 2
left_child=3 4 -3 -1 -2 -5
right_child=1 2 -4 5 -6 -7
leaf_value=-1.1327796308462926e-06 -5.5707943773082444e-05 -1.6310957431714275e-05 0.00084433999996948812 -9.8404085804070316e-06 -3.9105857135053552e-05 -1.4187015900750165e-05
leaf_weight=34 20 32 24 20 24 63
leaf_count=34 20 32 24 20 24 63
internal_value=-0.00210138 0.0016 0.00628571 -0.00526496 -0.00436364 -0.00703615
internal_weight=217 100 56 117 44 83
internal_count=217 100 56 117 44 83
is_linear=0
shrinkage=0.08


Tree=212
num_leaves=6
num_cat=0
split_feature=18 26 20 12 2
split_gain=0.23927 0.613783 0.266801 0.323557 0.0396907
threshold=0.57405000000000006 0.5041500000000001 0.63485000000000014 0.43648513982445403 278223.65000000008
decision_type=2 2 2 2 2
left_child=1 2 3 -1 -5
right_child=-2 -3 -4 4 -6
leaf_value=0.0002911477364684148 -4.1888005074888083e-05 3.4439872097617584e-06 4.9469360861651159e-05 -1.9260356487981694e-05 -5.2975149208280388e-05
leaf_weight=20 51 21 28 20 77
leaf_count=20 51 21 28 20 77
internal_value=-0.00320738 -0.00173494 -0.00358621 -0.00526496 -0.00717526
internal_weight=217 166 145 117 97
internal_count=217 166 145 117 97
is_linear=0
shrinkage=0.08


Tree=213
num_leaves=6
num_cat=0
split_feature=39 42 4 2 20
split_gain=0.487407 0.819622 0.244083 0.305122 0.0823772
threshold=0.49603286723163847 0.14624781680360835 64.705000000000013 272324.0500000001 0.32425000000000004
decision_type=2 2 2 2 2
left_child=2 -2 3 -1 -4
right_child=1 -3 4 -5 -6
leaf_value=-3.8165447108700098e-05 2.1305262446866325e-06 -9.3287397148000199e-05 -7.2546064574993445e-06 0.0001911880506997829 -5.670897035432221e-05
leaf_weight=27 29 38 33 20 70
leaf_count=27 29 38 33 20 70
internal_value=-0.00173272 0.0039403 -0.00426667 0.000510636 -0.0064466
internal_weight=217 67 150 47 103
internal_count=217 67 150 47 103
is_linear=0
shrinkage=0.08


Tree=214
num_leaves=6
num_cat=0
split_feature=39 42 40 44 12
split_gain=0.368943 0.819622 0.26198 0.518946 0.135484
threshold=0.49603286723163847 0.14624781680360835 0.14286402134791232 0.8386888283584516 0.44107914731335257
decision_type=2 2 2 2 2
left_child=2 -2 -1 -4 -5
right_child=1 -3 3 4 -6
leaf_value=-3.2352532857285359e-05 1.9600841451139006e-06 -8.5824405376161916e-05 3.2048174561630764e-05 -5.0787341964125391e-06 -4.3982157101775728e-05
leaf_weight=49 29 38 39 20 42
leaf_count=49 29 38 39 20 42
internal_value=-0.000995394 0.0039403 -0.0032 -0.000871289 -0.00541936
internal_weight=217 67 150 101 62
internal_count=217 67 150 101 62
is_linear=0
shrinkage=0.08


Tree=215
num_leaves=7
num_cat=0
split_feature=9 1 1 9 4 11
split_gain=0.484705 0.916971 0.289797 0.450389 0.102439 0.0382353
threshold=20.500000000000004 164488.55000000002 132388.45000000004 39.500000000000007 67.25500000000001 0.1335044337641548
decision_type=2 2 2 2 2 2
left_child=1 4 3 -2 -1 -4
right_child=2 -3 5 -5 -6 -7
leaf_value=6.0558174083580779e-08 -1.8448226694318062e-05 3.0443870934178292e-06 -5.9697384756194469e-05 2.7314337345253995e-05 -0.00010168593828630973 -3.5038088903737127e-05
leaf_weight=20 34 33 20 24 21 65
leaf_count=20 34 33 20 24 21 65
internal_value=-0.00136406 0.00389189 -0.00408392 0.00027586 -0.00409756 -0.00705883
internal_weight=217 74 143 58 41 85
internal_count=217 74 143 58 41 85
is_linear=0
shrinkage=0.08


Tree=216
num_leaves=7
num_cat=0
split_feature=43 26 13 2 39 0
split_gain=0.403873 0.913249 0.286078 0.231604 0.284573 0.034127
threshold=-0.2685499999999999 0.49455000000000005 0.15853864644865223 451519.60000000003 0.49258181683021113 0.70090000000000019
decision_type=2 2 2 2 2 2
left_child=-1 2 3 4 -2 -5
right_child=1 -3 -4 5 -6 -7
leaf_value=-5.5840986135670729e-06 -1.6571060304551135e-05 2.4868068134596726e-06 2.6548319465962653e-05 -6.0717050374600238e-05 9.4191289368071463e-05 -0.00027729490886032297
leaf_weight=39 38 35 22 43 20 20
leaf_count=39 38 35 22 43 20 20
internal_value=-0.00062673 0.000988762 -0.00184616 -0.0033719 0.00027586 -0.00673016
internal_weight=217 178 143 121 58 63
internal_count=217 178 143 121 58 63
is_linear=0
shrinkage=0.08


Tree=217
num_leaves=7
num_cat=0
split_feature=26 18 20 9 0 9
split_gain=0.356899 1.15393 0.41979 0.278952 0.258511 0.092517
threshold=0.49455000000000005 0.57405000000000006 0.63485000000000014 11.500000000000002 0.44145000000000006 42.500000000000007
decision_type=2 2 2 2 2 2
left_child=2 -2 3 -1 -3 -5
right_child=1 4 -4 5 -6 -7
leaf_value=0.00024619291215263712 6.2590660572365712e-06 -5.142891466437695e-05 4.325370135559496e-05 -4.8394044921434442e-05 1.1892427065760581e-06 -6.0430605985707471e-05
leaf_weight=20 24 27 28 68 20 30
leaf_count=20 24 27 28 68 20 30
internal_value=-0.000258066 0.00439436 -0.00252055 -0.00461017 -0.00289362 -0.00636735
internal_weight=217 71 146 118 47 98
internal_count=217 71 146 118 47 98
is_linear=0
shrinkage=0.08


Tree=218
num_leaves=7
num_cat=0
split_feature=43 43 40 44 12 10
split_gain=0.258479 0.522975 0.447632 0.651503 0.261905 0.0364865
threshold=-0.2685499999999999 -0.23355000000000001 0.1462378603223268 0.84692344460315983 0.4411585632818249 0.45438534482758625
decision_type=2 2 2 2 2 2
left_child=-1 -2 5 -4 -5 -3
right_child=1 2 3 4 -6 -7
leaf_value=-4.3274396888036253e-06 8.2312543837923355e-06 -1.1327503831230619e-05 2.4503334181159056e-05 8.5785247628738864e-06 -0.00093812979065262053 -7.2675959945757287e-07
leaf_weight=39 21 54 29 21 33 20
leaf_count=39 21 54 29 21 33 20
internal_value=-0.00210138 -0.000808991 -0.00239491 0.00163855 -0.00355556 -0.00691892
internal_weight=217 178 157 83 54 74
internal_count=217 178 157 83 54 74
is_linear=0
shrinkage=0.08


Tree=219
num_leaves=8
num_cat=0
split_feature=30 18 0 13 40 39 0
split_gain=0.428926 0.472526 0.919087 0.513622 0.765344 0.647052 0.121569
threshold=0.28575000000000006 0.32930000000000009 0.49355000000000004 0.15740734592845149 0.14279302558722926 0.48954568965517248 0.71265000000000012
decision_type=2 2 2 2 2 2 2
left_child=-1 6 3 4 -3 -6 -2
right_child=1 2 -4 -5 5 -7 -8
leaf_value=-1.0432890497105628e-05 -0.00010907527367290718 -1.6536294769266547e-05 5.7751518826929495e-05 -5.9192213473579151e-05 -1.3288945087247305e-05 1.2779000995393923e-05 2.3395948073306194e-05
leaf_weight=35 31 31 20 28 21 31 20
leaf_count=35 31 31 20 28 21 31 20
internal_value=0.000110597 0.00167033 0.00421374 0.00136937 0.00453012 0.0104615 -0.00486275
internal_weight=217 182 131 111 83 52 51
internal_count=217 182 131 111 83 52 51
is_linear=0
shrinkage=0.08


Tree=220
num_leaves=7
num_cat=0
split_feature=2 12 20 41 0 12
split_gain=0.415528 0.625 0.303427 0.177711 0.409756 0.160784
threshold=693185.80000000016 0.44279398347810245 0.60600000000000009 0.49262295850951382 0.32525000000000009 0.44932545739046709
decision_type=2 2 2 2 2 2
left_child=2 -2 3 4 -1 -5
right_child=1 -3 -4 5 -6 -7
leaf_value=-3.4894365498738834e-05 0.00021123732299268644 -0.00032736595620281764 1.2141581368000829e-05 -2.856551111826482e-05 1.525173532311997e-05 -1.2429991306564504e-08
leaf_weight=21 20 20 34 82 20 20
leaf_count=21 20 20 34 82 20 20
internal_value=-0.00136406 0.006 -0.00302825 -0.00464336 -0.000195124 -0.00643137
internal_weight=217 40 177 143 41 102
internal_count=217 40 177 143 41 102
is_linear=0
shrinkage=0.08


Tree=221
num_leaves=7
num_cat=0
split_feature=39 36 10 39 2 1
split_gain=0.472712 0.588226 1.45129 0.473469 0.332384 0.0333333
threshold=0.48954568965517248 0.42410000000000009 0.4438591466978376 0.49555390199637034 481736.60000000003 105192.50000000001
decision_type=2 2 2 2 2 2
left_child=5 2 -2 -4 -3 -1
right_child=1 4 3 -5 -6 -7
leaf_value=-8.9462352752276674e-06 0.0004413638914217853 1.7962517281134282e-06 -0.0015270252972377771 1.8954139093885434e-06 -4.619833831768621e-05 -5.1667259137669397e-05
leaf_weight=20 27 39 29 20 42 40
leaf_count=20 27 39 29 20 42 40
internal_value=-0.00062673 0.00168153 0.00673684 -0.00146939 -0.00306173 -0.00666667
internal_weight=217 157 76 49 81 60
internal_count=217 157 76 49 81 60
is_linear=0
shrinkage=0.08


Tree=222
num_leaves=6
num_cat=0
split_feature=39 1 24 22 1
split_gain=0.52573 0.631136 1.16344 0.357143 0.138807
threshold=0.49229105263157896 122528.40000000001 0.40350000000000003 0.37700000000000006 96419.200000000026
decision_type=2 2 2 2 2
left_child=4 -2 -3 -4 -1
right_child=1 2 3 -5 -6
leaf_value=-7.6454741631210566e-06 -1.474255260507339e-05 8.3918988138267315e-05 -2.4077909181732857e-05 3.8399055987201213e-05 -2.965932085636532e-05
leaf_weight=22 32 22 35 35 71
leaf_count=22 32 22 35 35 71
internal_value=-0.00173272 0.00167742 0.00504348 -1.90735e-09 -0.00627957
internal_weight=217 124 92 70 93
internal_count=217 124 92 70 93
is_linear=0
shrinkage=0.08


Tree=223
num_leaves=6
num_cat=0
split_feature=39 9 9 2 1
split_gain=0.52573 0.552681 0.483734 0.391128 0.138807
threshold=0.49229105263157896 48.500000000000007 18.500000000000004 451519.60000000003 96419.200000000026
decision_type=2 2 2 2 2
left_child=4 2 3 -2 -1
right_child=1 -3 -4 -5 -6
leaf_value=-7.033836230073197e-06 2.4832148813434506e-06 7.8999992195669043e-05 -0.00014107685283842986 -1.6866640107808207e-05 -2.7286575187856782e-05
leaf_weight=22 25 23 38 38 71
leaf_count=22 25 23 38 38 71
internal_value=-0.00173272 0.00167742 -0.000871289 0.00342857 -0.00627957
internal_weight=217 124 101 63 93
internal_count=217 124 101 63 93
is_linear=0
shrinkage=0.08


Tree=224
num_leaves=7
num_cat=0
split_feature=26 38 26 39 20 10
split_gain=0.623207 1.08777 0.428571 0.28869 0.267267 0.0395833
threshold=0.49455000000000005 -0.18454999999999996 0.60600000000000009 0.4983183771929825 0.63485000000000014 0.42783644067796617
decision_type=2 2 2 2 2 2
left_child=3 2 -2 4 5 -1
right_child=1 -3 -4 -5 -6 -7
leaf_value=-8.0288541503004953e-06 8.1250918464656663e-07 9.408367581792958e-06 -0.00052361690344217662 9.4351558669894964e-05 2.0239736207928085e-06 -3.4685046966373469e-05
leaf_weight=20 21 23 27 27 23 76
leaf_count=20 21 23 27 27 23 76
internal_value=-0.00062673 0.00552112 -0.00133334 -0.00361644 -0.00531093 -0.00716667
internal_weight=217 71 48 146 119 96
internal_count=217 71 48 146 119 96
is_linear=0
shrinkage=0.08


Tree=225
num_leaves=7
num_cat=0
split_feature=39 26 26 12 1 28
split_gain=0.443932 0.447926 0.9 0.279225 0.138807 0.132203
threshold=0.49229105263157896 0.51125000000000009 0.6412000000000001 0.44243786350844289 96419.200000000026 0.52960000000000018
decision_type=2 2 2 2 2 2
left_child=4 3 -3 -2 -1 -5
right_child=1 2 -4 5 -6 -7
leaf_value=-3.9095761845874832e-06 0.00062850680764667515 1.5913581050770211e-05 -1.2685911919627581e-05 -0.00023550726172207951 -2.2328848310107317e-05 -9.8233102967352768e-07
leaf_weight=22 25 20 20 39 71 20
leaf_count=22 25 20 20 39 71 20
internal_value=-0.00210138 0.00103226 0.008 -0.00228572 -0.00627957 -0.00528814
internal_weight=217 124 40 84 93 59
internal_count=217 124 40 84 93 59
is_linear=0
shrinkage=0.08


Tree=226
num_leaves=6
num_cat=0
split_feature=20 28 20 36 12
split_gain=0.738411 0.265848 0.521379 0.266368 0.166667
threshold=0.25270000000000009 0.57405000000000006 0.68190000000000006 0.30400000000000005 0.43648513982445403
decision_type=2 2 2 2 2
left_child=-1 3 -3 -2 -5
right_child=1 2 -4 4 -6
leaf_value=1.1948729906167454e-05 1.4912753235019891e-05 2.0406513246574643e-05 -0.00053872988783916595 0.00016392996432369828 -2.0268971107862662e-05
leaf_weight=25 22 29 21 20 100
leaf_count=25 22 29 21 20 100
internal_value=-0.00173272 -0.00341667 0.0016 -0.0051831 -0.00666667
internal_weight=217 192 50 142 120
internal_count=217 192 50 142 120
is_linear=0
shrinkage=0.08


Tree=227
num_leaves=7
num_cat=0
split_feature=26 38 20 26 10 10
split_gain=0.78638 1.47479 0.530772 0.428571 0.143241 0.230488
threshold=0.49455000000000005 -0.18454999999999996 0.63485000000000014 0.60600000000000009 0.43677953216374271 0.42783644067796617
decision_type=2 2 2 2 2 2
left_child=2 3 4 -2 5 -1
right_child=1 -3 -4 -5 -6 -7
leaf_value=-2.024203612742341e-05 1.095939654442853e-06 1.6769000988864194e-05 5.3233779616590039e-05 -0.00048267860756203828 -3.6708308222042204e-05 0.00016909990089647166
leaf_weight=21 21 23 28 27 77 20
leaf_count=21 21 23 28 27 77 20
internal_value=-0.000258066 0.00664789 -0.00361644 -0.00133334 -0.0059661 -0.00214634
internal_weight=217 71 146 48 118 41
internal_count=217 71 146 48 118 41
is_linear=0
shrinkage=0.08


Tree=228
num_leaves=6
num_cat=0
split_feature=12 39 13 22 1
split_gain=0.642117 1.14004 0.345916 0.570789 0.162264
threshold=0.4479929124049305 0.49876554900515851 0.15664062453862657 0.41090000000000004 97646.650000000009
decision_type=2 2 2 2 2
left_child=2 -2 4 -4 -1
right_child=1 -3 3 -5 -6
leaf_value=5.5290435124523336e-06 1.3180875379144147e-05 -9.600087949607769e-06 7.7414386667431134e-05 -7.2357919322116072e-05 -2.8068504285406432e-05
leaf_weight=20 29 20 36 26 86
leaf_count=20 29 20 36 26 86
internal_value=-0.00136406 0.00669388 -0.00371429 0.00103226 -0.00649057
internal_weight=217 49 168 62 106
internal_count=217 49 168 62 106
is_linear=0
shrinkage=0.08


Tree=229
num_leaves=6
num_cat=0
split_feature=28 0 20 44 34
split_gain=1.06171 1.08 0.341501 0.372918 0.132102
threshold=0.31805000000000005 0.42645000000000005 0.44025000000000009 0.90018512802467965 0.39335000000000003
decision_type=2 2 2 2 2
left_child=1 -1 -2 4 -4
right_child=2 -3 3 -5 -6
leaf_value=-9.0028108271997456e-06 -2.721277801347329e-05 6.8576607661689212e-05 -1.4828146922893772e-05 2.3292279490275433e-05 -1.178126892021728e-06
leaf_weight=30 69 20 31 34 33
leaf_count=30 69 20 31 34 33
internal_value=-0.00062673 0.0096 -0.00368862 -0.000653063 -0.00425
internal_weight=217 50 167 98 64
internal_count=217 50 167 98 64
is_linear=0
shrinkage=0.08


Tree=230
num_leaves=6
num_cat=0
split_feature=26 18 1 20 9
split_gain=0.619003 0.677867 0.459574 0.358752 0.166102
threshold=0.49455000000000005 0.57405000000000006 147880.80000000002 0.63485000000000014 11.500000000000002
decision_type=2 2 2 2 2
left_child=3 -2 -3 4 -1
right_child=1 2 -4 -5 -6
leaf_value=0.00015080013534663262 9.1942467419851036e-06 -0.00044616179774481664 4.3230324242629759e-05 4.3231076981373113e-05 -2.4298516930411552e-05
leaf_weight=20 24 27 20 28 98
leaf_count=20 24 27 20 28 98
internal_value=-0.00173272 0.00439436 -0.00119149 -0.00471233 -0.00664407
internal_weight=217 71 47 146 118
internal_count=217 71 47 146 118
is_linear=0
shrinkage=0.08


Tree=231
num_leaves=6
num_cat=0
split_feature=26 18 40 39 20
split_gain=0.700191 0.821499 0.777351 0.332606 0.315674
threshold=0.49455000000000005 0.6412000000000001 0.14404478454686059 0.4983183771929825 0.63485000000000014
decision_type=2 2 2 2 2
left_child=3 2 -2 4 -1
right_child=1 -3 -4 -5 -6
leaf_value=-2.7353643335577614e-05 1.1820507705713606e-06 -1.8039221137487697e-05 5.9632053109346877e-05 8.4125532280923465e-05 1.9459932803673423e-05
leaf_weight=96 23 28 20 27 23
leaf_count=96 23 28 20 27 23
internal_value=-0.000995394 0.00552112 0.0124651 -0.00416439 -0.0059832
internal_weight=217 71 43 146 119
internal_count=217 71 43 146 119
is_linear=0
shrinkage=0.08


Tree=232
num_leaves=7
num_cat=0
split_feature=20 10 28 3 9 1
split_gain=0.781858 0.9 0.239564 0.555042 0.13986 0.0409091
threshold=0.29895000000000005 0.43583583333333337 0.57840000000000014 18.350000000000005 11.500000000000002 93561.85000000002
decision_type=2 2 2 2 2 2
left_child=1 -1 4 -4 -2 -6
right_child=2 -3 3 -5 5 -7
leaf_value=-5.2964206437486342e-06 0.00015688946078013246 4.0593668615027936e-05 5.918239948172769e-05 -8.9598486144352901e-05 -1.1888774910453793e-05 -1.4408278011694093e-05
leaf_weight=20 20 20 23 24 20 90
leaf_count=20 20 20 23 24 20 90
internal_value=-0.00210138 0.008 -0.00438418 0.000510636 -0.00615385 -0.00727273
internal_weight=217 40 177 47 130 110
internal_count=217 40 177 47 130 110
is_linear=0
shrinkage=0.08


Tree=233
num_leaves=7
num_cat=0
split_feature=20 10 20 3 9 18
split_gain=0.781858 0.9 0.262155 0.248016 0.131303 0.040991
threshold=0.29895000000000005 0.43583583333333337 0.58595000000000008 18.350000000000005 11.500000000000002 0.55945000000000011
decision_type=2 2 2 2 2 2
left_child=1 -1 4 -4 -2 -6
right_child=2 -3 3 -5 5 -7
leaf_value=-4.8727069922502312e-06 -2.1557936545543883e-05 3.7346175125829987e-05 6.2834448836449861e-05 -1.3273799242144131e-05 -1.2094508929941468e-05 -4.4898983840446387e-06
leaf_weight=20 21 20 21 24 91 20
leaf_count=20 21 20 21 24 91 20
internal_value=-0.00210138 0.008 -0.00438418 0.000888887 -0.00618182 -0.00727928
internal_weight=217 40 177 45 132 111
internal_count=217 40 177 45 132 111
is_linear=0
shrinkage=0.08


Tree=234
num_leaves=7
num_cat=0
split_feature=20 10 20 3 9 18
split_gain=0.549716 0.625 0.262155 0.248016 0.131303 0.040991
threshold=0.29895000000000005 0.43583583333333337 0.58595000000000008 18.350000000000005 11.500000000000002 0.55945000000000011
decision_type=2 2 2 2 2 2
left_child=1 -1 4 -4 -2 -6
right_child=2 -3 3 -5 5 -7
leaf_value=-4.4828904328717001e-06 -1.9833301621898384e-05 3.4358481115761832e-05 5.7807692929531487e-05 -1.221189530277191e-05 -1.1126948215548169e-05 -4.1307065133177783e-06
leaf_weight=20 21 20 21 24 91 20
leaf_count=20 21 20 21 24 91 20
internal_value=-0.00247005 0.006 -0.00438418 0.000888887 -0.00618182 -0.00727928
internal_weight=217 40 177 45 132 111
internal_count=217 40 177 45 132 111
is_linear=0
shrinkage=0.08


Tree=235
num_leaves=6
num_cat=0
split_feature=9 34 1 0 0
split_gain=0.449016 0.149504 0.243446 0.1 0.0364455
threshold=49.500000000000007 0.30525000000000008 105192.50000000001 0.33325000000000005 0.38010000000000005
decision_type=2 2 2 2 2
left_child=1 -1 3 -3 -4
right_child=-2 2 4 -5 -6
leaf_value=-2.9495078680669529e-06 3.6145353017779302e-05 -9.5217845110298853e-06 -1.4751501835348074e-05 3.0881149689724381e-06 -4.268824326873734e-06
leaf_weight=39 27 20 22 20 89
leaf_count=39 27 20 22 20 89
internal_value=-0.00283871 -0.00421053 -0.005351 -1.90735e-09 -0.00727928
internal_weight=217 190 151 40 111
internal_count=217 190 151 40 111
is_linear=0
shrinkage=0.08


Tree=236
num_leaves=6
num_cat=0
split_feature=9 34 1 0 0
split_gain=0.449016 0.149504 0.243446 0.1 0.0364455
threshold=49.500000000000007 0.30525000000000008 105192.50000000001 0.33325000000000005 0.38010000000000005
decision_type=2 2 2 2 2
left_child=1 -1 3 -3 -4
right_child=-2 2 4 -5 -6
leaf_value=-2.7135472386225324e-06 3.3253724776357774e-05 -8.7600417501435213e-06 -1.3571381688521627e-05 2.8410657714553808e-06 -3.927318380720614e-06
leaf_weight=39 27 20 22 20 89
leaf_count=39 27 20 22 20 89
internal_value=-0.00283871 -0.00421053 -0.005351 -1.90735e-09 -0.00727928
internal_weight=217 190 151 40 111
internal_count=217 190 151 40 111
is_linear=0
shrinkage=0.08


Tree=237
num_leaves=6
num_cat=0
split_feature=9 34 1 0 0
split_gain=0.449016 0.149504 0.243446 0.1 0.0364455
threshold=49.500000000000007 0.30525000000000008 105192.50000000001 0.33325000000000005 0.38010000000000005
decision_type=2 2 2 2 2
left_child=1 -1 3 -3 -4
right_child=-2 2 4 -5 -6
leaf_value=-2.496463459532067e-06 3.0593426794248899e-05 -8.0592384101355279e-06 -1.2485671153441296e-05 2.6137805097418194e-06 -3.6131329102625852e-06
leaf_weight=39 27 20 22 20 89
leaf_count=39 27 20 22 20 89
internal_value=-0.00283871 -0.00421053 -0.005351 -1.90735e-09 -0.00727928
internal_weight=217 190 151 40 111
internal_count=217 190 151 40 111
is_linear=0
shrinkage=0.08


Tree=238
num_leaves=6
num_cat=0
split_feature=9 34 1 0 0
split_gain=0.449016 0.149504 0.243446 0.1 0.0364455
threshold=49.500000000000007 0.30525000000000008 105192.50000000001 0.33325000000000005 0.38010000000000005
decision_type=2 2 2 2 2
left_child=1 -1 3 -3 -4
right_child=-2 2 4 -5 -6
leaf_value=-2.296746382771148e-06 2.8145952650710161e-05 -7.4144993373207133e-06 -1.1486817461167925e-05 2.4046780689660539e-06 -3.3240822774380021e-06
leaf_weight=39 27 20 22 20 89
leaf_count=39 27 20 22 20 89
internal_value=-0.00283871 -0.00421053 -0.005351 -1.90735e-09 -0.00727928
internal_weight=217 190 151 40 111
internal_count=217 190 151 40 111
is_linear=0
shrinkage=0.08


Tree=239
num_leaves=5
num_cat=0
split_feature=28 24 20 12
split_gain=0.416767 0.558462 0.29913 0.170149
threshold=0.31805000000000005 0.38255000000000006 0.63485000000000014 0.43648513982445403
decision_type=2 2 2 2
left_child=1 -1 3 -2
right_child=2 -3 -4 -5
leaf_value=2.641598582966586e-05 0.00015763334996497154 -2.6516590028704688e-06 9.1470581807780586e-06 -9.7700928124794592e-06
leaf_weight=24 20 26 33 114
leaf_count=24 20 26 33 114
internal_value=-0.00320738 0.0032 -0.00512575 -0.00680597
internal_weight=217 50 167 134
internal_count=217 50 167 134
is_linear=0
shrinkage=0.08


Tree=240
num_leaves=7
num_cat=0
split_feature=9 44 43 30 1 0
split_gain=0.30789 0.175983 0.3675 0.768768 0.105955 0.039011
threshold=50.500000000000007 0.90018512802467965 -0.183 0.38255000000000006 93561.85000000002 0.6896000000000001
decision_type=2 2 2 2 2 2
left_child=1 4 -3 -4 -1 -6
right_child=-2 2 3 -5 5 -7
leaf_value=-1.1919271280777944e-06 3.0293486437082532e-05 -2.7266370518200191e-06 -1.2186412848321158e-05 0.00018893595704435139 -8.6093614400134407e-06 -4.3841576596149213e-05
leaf_weight=23 23 30 29 21 71 20
leaf_count=23 23 30 29 21 71 20
internal_value=-0.00283871 -0.00387629 -0.001 0.0032 -0.00589474 -0.00712088
internal_weight=217 194 80 50 114 91
internal_count=217 194 80 50 114 91
is_linear=0
shrinkage=0.08


Tree=241
num_leaves=5
num_cat=0
split_feature=9 39 1 20
split_gain=0.361955 0.183585 0.16225 0.0416667
threshold=50.500000000000007 0.4983183771929825 105192.50000000001 0.59420000000000006
decision_type=2 2 2 2
left_child=1 2 -1 -4
right_child=-2 -3 3 -5
leaf_value=-9.8378185954982746e-07 2.7870007522112344e-05 3.4636915556629261e-07 -1.0476724639164125e-05 -8.2959418435412404e-06
leaf_weight=35 23 39 100 20
leaf_count=35 23 39 100 20
internal_value=-0.00357604 -0.00470103 -0.00593549 -0.00733334
internal_weight=217 194 155 120
internal_count=217 194 155 120
is_linear=0
shrinkage=0.08


Tree=242
num_leaves=6
num_cat=0
split_feature=9 32 3 41 1
split_gain=0.415375 0.197368 0.52423 0.340244 0.0368421
threshold=49.500000000000007 0.38485000000000008 18.350000000000005 0.49865009562841534 88895.950000000012
decision_type=2 2 2 2 2
left_child=1 4 -3 -4 -1
right_child=-2 2 3 -5 -6
leaf_value=-1.9654131524556852e-06 2.0523166448998485e-05 6.2939271124651432e-07 -1.1614433426588266e-05 0.00016474214536268129 -8.5025311687731292e-06
leaf_weight=20 27 32 62 20 56
leaf_count=20 27 32 62 20 56
internal_value=-0.00247005 -0.00378948 -0.00168421 -0.00507317 -0.00694737
internal_weight=217 190 114 82 76
internal_count=217 190 114 82 76
is_linear=0
shrinkage=0.08


Tree=243
num_leaves=6
num_cat=0
split_feature=9 3 32 9 11
split_gain=0.30789 0.249545 0.436364 0.162264 0.127273
threshold=50.500000000000007 18.350000000000005 0.38485000000000008 11.500000000000002 0.15083029312311722
decision_type=2 2 2 2 2
left_child=1 2 4 -3 -1
right_child=-2 3 -4 -5 -6
leaf_value=-1.4685388465534251e-07 2.3998553604424726e-05 0.00013416655334292122 5.6908754186574274e-07 -9.3429760641262585e-06 -2.9640376495074687e-05
leaf_weight=20 23 20 33 86 35
leaf_count=20 23 20 33 86 35
internal_value=-0.00283871 -0.00387629 -0.000727275 -0.00649057 -0.00509091
internal_weight=217 194 88 106 55
internal_count=217 194 88 106 55
is_linear=0
shrinkage=0.08


Tree=244
num_leaves=6
num_cat=0
split_feature=28 9 20 39 11
split_gain=0.446712 1.0168 0.229192 0.159854 0.040566
threshold=0.30400000000000005 27.500000000000004 0.63485000000000014 0.49785674576271188 0.1324881047245785
decision_type=2 2 2 2 2
left_child=1 -1 3 4 -2
right_child=2 -3 -4 -5 -6
leaf_value=-0.00023233023509406411 -1.0700516745116763e-05 2.2078669316067516e-05 1.0205475402688641e-05 -3.4028957667134687e-06 -1.7657150422888179e-05
leaf_weight=21 20 23 33 34 86
leaf_count=21 20 23 33 34 86
internal_value=-0.00247005 0.00472727 -0.00430058 -0.00571429 -0.00724528
internal_weight=217 44 173 140 106
internal_count=217 44 173 140 106
is_linear=0
shrinkage=0.08


Tree=245
num_leaves=6
num_cat=0
split_feature=22 43 1 44 9
split_gain=0.45085 0.606906 0.764021 0.495879 0.140299
threshold=0.52960000000000018 0.099550000000000013 164488.55000000002 0.78627296557290793 16.500000000000004
decision_type=2 2 2 2 2
left_child=1 2 3 -1 -3
right_child=-2 4 -4 -5 -6
leaf_value=3.8694688224668403e-05 -2.2980853109269724e-05 0.00015143437244561185 1.5203272695900727e-05 -1.3721318275303495e-06 -0.00021572939988839346
leaf_weight=24 60 20 27 39 47
leaf_count=24 60 20 27 39 47
internal_value=-0.00210138 0.000152864 0.00444444 -0.000380954 -0.00561194
internal_weight=217 157 90 63 67
internal_count=217 157 90 63 67
is_linear=0
shrinkage=0.08


Tree=246
num_leaves=6
num_cat=0
split_feature=20 30 30 3 20
split_gain=0.738411 0.411246 0.976864 0.308337 0.0394737
threshold=0.25270000000000009 0.42410000000000009 0.37815000000000004 20.450000000000003 0.47775000000000006
decision_type=2 2 2 2 2
left_child=-1 2 3 -2 -3
right_child=1 4 -4 -5 -6
leaf_value=8.4884406100653169e-06 9.8592726850365331e-06 -1.045091055243837e-05 0.0010420063978526042 -0.00011817147525233151 -0.00023078320630590365
leaf_weight=25 31 75 20 46 20
leaf_count=25 31 75 20 46 20
internal_value=-0.00173272 -0.00341667 0.000247421 -0.00384416 -0.0071579
internal_weight=217 192 97 77 95
internal_count=217 192 97 77 95
is_linear=0
shrinkage=0.08


Tree=247
num_leaves=7
num_cat=0
split_feature=22 3 44 22 2 11
split_gain=0.315443 0.819007 0.605908 0.38611 0.0366667 0.0333333
threshold=0.52960000000000018 14.65 0.90018512802467965 0.37700000000000006 357351.95000000001 0.16994063400794318
decision_type=2 2 2 2 2 2
left_child=1 -1 4 -4 -3 -2
right_child=5 2 3 -5 -6 -7
leaf_value=7.0045434690592479e-05 -5.1047425926532502e-05 -1.0974949953763828e-05 -1.0636493166807238e-05 2.0975655901568073e-05 -7.4834557184387627e-05 -1.1363320767027482e-05
leaf_weight=21 40 20 30 31 55 20
leaf_count=21 40 20 30 31 55 20
internal_value=-0.00173272 0.000152864 -0.00211765 0.00380328 -0.00693334 -0.00666667
internal_weight=217 157 136 61 75 60
internal_count=217 157 136 61 75 60
is_linear=0
shrinkage=0.08


Tree=248
num_leaves=6
num_cat=0
split_feature=20 28 42 11 10
split_gain=0.617515 0.882528 0.914286 0.163055 0.41495
threshold=0.25270000000000009 0.55360000000000009 0.1448039922653743 0.16072868400983473 0.4420471946230275
decision_type=2 2 2 2 2
left_child=-1 3 -3 -2 -5
right_child=1 2 -4 4 -6
leaf_value=6.1313128891364296e-06 -1.8630525692209239e-05 1.7704391512621353e-05 -4.9530050358528547e-05 0.00071497817264602141 -6.1254650155852366e-05
leaf_weight=25 79 20 36 23 34
leaf_count=25 79 20 36 23 34
internal_value=-0.00062673 -0.00216667 0.00628571 -0.00564706 -0.00238597
internal_weight=217 192 56 136 57
internal_count=217 192 56 136 57
is_linear=0
shrinkage=0.08


Tree=249
num_leaves=6
num_cat=0
split_feature=20 28 36 41 26
split_gain=0.710061 1.09054 0.894622 0.210652 0.0404762
threshold=0.26810000000000006 0.55360000000000009 0.62255000000000005 0.49778635451505021 0.57840000000000014
decision_type=2 2 2 2 2
left_child=-1 3 -3 4 -2
right_child=1 2 -4 -5 -6
leaf_value=5.3609070271448875e-06 -6.9868197807821585e-05 5.2639355086801924e-05 -1.7145103987499705e-05 -2.1192854428256268e-06 -3.6573121064090625e-06
leaf_weight=28 85 23 33 28 20
leaf_count=28 85 23 33 28 20
internal_value=0.000110597 -0.0016508 0.00771428 -0.00559399 -0.0072381
internal_weight=217 189 56 133 105
internal_count=217 189 56 133 105
is_linear=0
shrinkage=0.08


Tree=250
num_leaves=6
num_cat=0
split_feature=20 28 41 38 0
split_gain=0.722976 0.572241 0.720238 0.188907 0.160396
threshold=0.28320000000000006 0.55360000000000009 0.49313804922046134 -0.22369999999999995 0.71660000000000001
decision_type=2 2 2 2 2
left_child=-1 3 -3 -2 -5
right_child=1 2 -4 4 -6
leaf_value=4.2038325009959998e-06 -1.7451515919456355e-06 1.4397908906917533e-05 -1.1974891366007639e-05 -5.2064077955223048e-05 6.2771613241512095e-05
leaf_weight=34 26 24 32 81 20
leaf_count=34 26 24 32 81 20
internal_value=0.000110597 -0.00187978 0.00485714 -0.0048504 -0.00641584
internal_weight=217 183 56 127 101
internal_count=217 183 56 127 101
is_linear=0
shrinkage=0.08


Tree=251
num_leaves=6
num_cat=0
split_feature=20 20 40 41 18
split_gain=0.626882 0.730061 0.550968 0.193772 0.157895
threshold=0.28320000000000006 0.51995000000000002 0.1462378603223268 0.49778635451505021 0.55945000000000011
decision_type=2 2 2 2 2
left_child=-1 3 -3 4 -2
right_child=1 2 -4 -5 -6
leaf_value=3.867525900916561e-06 -5.7494975566701806e-05 6.998072764938315e-06 -2.9912380086986557e-05 -1.7725417913150944e-06 -3.2251150105458889e-06
leaf_weight=34 75 29 34 25 20
leaf_count=34 75 29 34 25 20
internal_value=0.000847924 -0.00100547 0.00596825 -0.00466667 -0.00631579
internal_weight=217 183 63 120 95
internal_count=217 183 63 120 95
is_linear=0
shrinkage=0.08


Tree=252
num_leaves=6
num_cat=0
split_feature=20 20 40 41 18
split_gain=0.626882 0.730061 0.550968 0.193772 0.157895
threshold=0.28320000000000006 0.51995000000000002 0.1462378603223268 0.49778635451505021 0.55945000000000011
decision_type=2 2 2 2 2
left_child=-1 3 -3 4 -2
right_child=1 2 -4 -5 -6
leaf_value=3.5581238288470295e-06 -5.2895377521367867e-05 6.4382269437430339e-06 -2.7519389680025273e-05 -1.6307384480074939e-06 -2.9671058097061516e-06
leaf_weight=34 75 29 34 25 20
leaf_count=34 75 29 34 25 20
internal_value=0.000847924 -0.00100547 0.00596825 -0.00466667 -0.00631579
internal_weight=217 183 63 120 95
internal_count=217 183 63 120 95
is_linear=0
shrinkage=0.08


Tree=253
num_leaves=6
num_cat=0
split_feature=42 28 20 9 41
split_gain=0.78418 0.617781 0.436036 0.4 0.25
threshold=0.14381419954098415 0.30090000000000006 0.58595000000000008 37.500000000000007 0.49778635451505021
decision_type=2 2 2 2 2
left_child=-1 -2 4 -4 -3
right_child=1 2 3 -5 -6
leaf_value=2.1492640084314839e-06 4.4681770488343228e-06 -5.4869908111440665e-05 -0.0017225353359241091 1.3313411256581586e-05 5.6528696625342321e-07
leaf_weight=36 33 81 20 20 27
leaf_count=36 33 81 20 20 27
internal_value=0.00121659 -0.000928179 -0.00313514 0.004 -0.00577778
internal_weight=217 181 148 40 108
internal_count=217 181 148 40 108
is_linear=0
shrinkage=0.08


Tree=254
num_leaves=7
num_cat=0
split_feature=42 22 43 38 9 9
split_gain=0.731478 0.678905 0.964852 1.61822 0.75822 0.128571
threshold=0.14381419954098415 0.52960000000000018 0.099550000000000013 -0.26664999999999989 37.500000000000007 17.500000000000004
decision_type=2 2 2 2 2 2
left_child=-1 2 3 -2 -5 -4
right_child=1 -3 5 4 -6 -7
leaf_value=1.9773228877568381e-06 -0.00010130401659319572 -4.9315361303739542e-05 0.0001427644219254856 2.7745618998808478e-06 1.7651669463406295e-05 -0.00032759310109365362
leaf_weight=36 24 54 20 25 22 36
leaf_count=36 24 54 20 25 22 36
internal_value=0.00158525 -0.00048619 0.00270866 0.00890141 0.0175319 -0.00514286
internal_weight=217 181 127 71 47 56
internal_count=217 181 127 71 47 56
is_linear=0
shrinkage=0.08


Tree=255
num_leaves=7
num_cat=0
split_feature=42 22 43 38 24 9
split_gain=0.838716 0.52856 0.680057 0.999718 0.653333 0.128571
threshold=0.14381419954098415 0.52960000000000018 0.099550000000000013 -0.27384999999999987 0.39120000000000005 17.500000000000004
decision_type=2 2 2 2 2 2
left_child=-1 2 3 -2 -5 -4
right_child=1 -3 5 4 -6 -7
leaf_value=1.819137056736164e-06 -0.00051760082933128844 -4.5370132399438826e-05 0.00013134326817144465 9.7654263142050166e-05 3.5785350727753493e-06 -0.00030138565300616177
leaf_weight=36 21 54 20 20 30 36
leaf_count=36 21 54 20 20 30 36
internal_value=0.000847924 -0.00137017 0.00144882 0.00664789 0.0128 -0.00514286
internal_weight=217 181 127 71 50 56
internal_count=217 181 127 71 50 56
is_linear=0
shrinkage=0.08


Tree=256
num_leaves=5
num_cat=0
split_feature=42 0 41 30
split_gain=1.01332 0.501717 0.644678 0.385802
threshold=0.14381419954098415 0.42645000000000005 0.49307476190476196 0.38255000000000006
decision_type=2 2 2 2
left_child=-1 -2 -3 -4
right_child=1 2 3 -5
leaf_value=1.6736060921946571e-06 -2.4759594095097327e-05 1.5677725481843561e-05 -0.00011844462784370001 2.7274905576757753e-06
leaf_weight=36 70 30 45 36
leaf_count=36 70 30 45 36
internal_value=-0.000258066 -0.00269613 0.000648647 -0.00306173
internal_weight=217 181 111 81
internal_count=217 181 111 81
is_linear=0
shrinkage=0.08


Tree=257
num_leaves=5
num_cat=0
split_feature=42 0 41 30
split_gain=0.73004 0.501717 0.644678 0.385802
threshold=0.14381419954098415 0.42645000000000005 0.49307476190476196 0.38255000000000006
decision_type=2 2 2 2
left_child=-1 -2 -3 -4
right_child=1 2 3 -5
leaf_value=1.5397176048221549e-06 -2.2778826567489988e-05 1.4423507443296922e-05 -0.00010896905761620267 2.5092913130653579e-06
leaf_weight=36 70 30 45 36
leaf_count=36 70 30 45 36
internal_value=-0.00062673 -0.00269613 0.000648647 -0.00306173
internal_weight=217 181 111 81
internal_count=217 181 111 81
is_linear=0
shrinkage=0.08


Tree=258
num_leaves=6
num_cat=0
split_feature=42 32 41 30 39
split_gain=0.679221 0.418298 0.524153 0.374653 0.618658
threshold=0.14381419954098415 0.35025000000000006 0.49307476190476196 0.38255000000000006 0.49555390199637034
decision_type=2 2 2 2 2
left_child=-1 -2 -3 -4 -5
right_child=1 2 3 4 -6
leaf_value=1.4165401964334132e-06 -2.601586163025047e-05 1.167723101889975e-05 -0.00010025153300690637 -0.00014429960713448008 0.00011009720756808892
leaf_weight=36 56 33 45 21 26
leaf_count=36 56 33 45 21 26
internal_value=-0.000258066 -0.00225415 0.000319998 -0.00278261 0.00221276
internal_weight=217 181 125 92 47
internal_count=217 181 125 92 47
is_linear=0
shrinkage=0.08


Tree=259
num_leaves=6
num_cat=0
split_feature=42 1 1 22 28
split_gain=0.73004 0.442644 0.933014 0.129908 0.039011
threshold=0.14381419954098415 170098.60000000001 211466.35000000001 0.31480000000000002 0.28575000000000006
decision_type=2 2 2 2 2
left_child=-1 3 -3 -2 -5
right_child=1 2 -4 4 -6
leaf_value=1.3032169807154157e-06 -4.4557953073017129e-07 1.2297899897641154e-05 -1.8489364713975978e-05 -6.2789835264136707e-06 -1.9798528802821548e-05
leaf_weight=36 20 31 39 20 71
leaf_count=36 20 31 39 20 71
internal_value=-0.00062673 -0.00269613 0.00228571 -0.00583784 -0.00712088
internal_weight=217 181 70 111 91
internal_count=217 181 70 111 91
is_linear=0
shrinkage=0.08


Tree=260
num_leaves=6
num_cat=0
split_feature=42 30 24 20 4
split_gain=0.679221 0.451544 0.383015 0.364027 0.593939
threshold=0.14381419954098415 0.51125000000000009 0.38485000000000008 0.44025000000000009 90.000000000000014
decision_type=2 2 2 2 2
left_child=-1 2 -2 -4 -5
right_child=1 -3 3 4 -6
leaf_value=1.1989596222623186e-06 1.8868271465717622e-06 -2.7438616612457095e-05 -9.5201409196011279e-06 -0.00013904318048890162 1.1614418521496047e-05
leaf_weight=36 29 59 38 22 33
leaf_count=36 29 59 38 22 33
internal_value=-0.000258066 -0.00225415 0.000524588 -0.0019785 0.00218182
internal_weight=217 181 122 93 55
internal_count=217 181 122 93 55
is_linear=0
shrinkage=0.08


Tree=261
num_leaves=7
num_cat=0
split_feature=43 20 40 11 2 0
split_gain=0.712969 0.635995 0.550968 0.323324 0.482045 0.0375
threshold=-0.29609999999999997 0.51995000000000002 0.1462378603223268 0.16019575497193569 423856.50000000006 0.3393500000000001
decision_type=2 2 2 2 2 2
left_child=-1 3 -3 5 -5 -2
right_child=1 2 -4 4 -6 -7
leaf_value=1.0248667601765374e-06 -6.8104877719981157e-06 3.6612093090662502e-06 -2.7690869310265707e-05 -1.6846764213747237e-05 1.038491498072726e-05 -2.4672697683991377e-05
leaf_weight=21 20 29 34 22 31 60
leaf_count=21 20 29 34 22 31 60
internal_value=0.000847924 -0.000653063 0.00596825 -0.00378948 0.0010566 -0.007
internal_weight=217 196 63 133 53 80
internal_count=217 196 63 133 53 80
is_linear=0
shrinkage=0.08


Tree=262
num_leaves=6
num_cat=0
split_feature=42 22 32 20 26
split_gain=0.78418 0.650151 0.862281 0.362963 0.462963
threshold=0.14381419954098415 0.51800000000000013 0.38790000000000008 0.44025000000000009 0.35465000000000008
decision_type=2 2 2 2 2
left_child=-1 2 -2 -4 -5
right_child=1 -3 3 4 -6
leaf_value=1.3344671698892634e-06 2.3283651928395422e-06 -2.5688713396436484e-05 -4.4420191183980988e-06 0.00049420388288533485 -0.00020639514727274704
leaf_weight=36 34 57 36 27 27
leaf_count=36 34 57 36 27 27
internal_value=0.00121659 -0.000928179 0.00232258 -0.00177778 0.00237037
internal_weight=217 181 124 90 54
internal_count=217 181 124 90 54
is_linear=0
shrinkage=0.08


Tree=263
num_leaves=6
num_cat=0
split_feature=43 20 44 36 0
split_gain=0.789993 0.551856 0.667244 0.268927 0.160396
threshold=-0.29609999999999997 0.51995000000000002 0.83438265441329029 0.30400000000000005 0.71660000000000001
decision_type=2 2 2 2 2
left_child=-1 3 -3 -2 -5
right_child=1 2 -4 4 -6
leaf_value=8.3612000786216919e-07 -2.7453861601609106e-09 1.3330128838861359e-05 -3.7648543168464961e-05 -2.0610818737739275e-05 0.00013304131811779765
leaf_weight=21 32 30 33 81 20
leaf_count=21 32 30 33 81 20
internal_value=0.000110597 -0.00146939 0.00469841 -0.00439098 -0.00641584
internal_weight=217 196 63 133 101
internal_count=217 196 63 133 101
is_linear=0
shrinkage=0.08


Tree=264
num_leaves=6
num_cat=0
split_feature=1 13 32 10 10
split_gain=0.795947 0.362343 0.457764 0.281667 0.12
threshold=97646.650000000009 0.15625041368991749 0.41710000000000008 0.42335352564102569 0.45448921683226184
decision_type=2 2 2 2 2
left_child=-1 3 -3 -2 -5
right_child=1 2 -4 4 -6
leaf_value=1.7360796153745127e-06 3.5917358975995669e-07 7.6664036002373754e-06 -5.3266093125597025e-05 -1.5957271163183094e-05 -3.5793001133904285e-06
leaf_weight=39 20 25 33 75 25
leaf_count=39 20 25 33 75 25
internal_value=0.000110597 -0.00215731 0.00303448 -0.00466667 -0.0064
internal_weight=217 178 58 120 100
internal_count=217 178 58 120 100
is_linear=0
shrinkage=0.08


Tree=265
num_leaves=7
num_cat=0
split_feature=42 43 38 20 42 0
split_gain=0.838716 0.633234 1.38528 0.337623 0.534249 0.0256098
threshold=0.14381419954098415 -0.25379999999999997 -0.27384999999999987 0.44025000000000009 0.14615126084184982 0.50940000000000019
decision_type=2 2 2 2 2 2
left_child=-1 2 -2 -3 5 -5
right_child=1 3 -4 4 -6 -7
leaf_value=1.7504810743197835e-06 -0.00043992257973304611 -1.9094929490429822e-05 1.018607035776302e-06 -6.7011285396381359e-05 0.00010409267962279992 -2.9322213687058396e-05
leaf_weight=36 20 68 22 21 30 20
leaf_count=36 20 68 22 21 30 20
internal_value=0.000847924 -0.00137017 0.00723809 -0.00397122 -0.000112678 -0.00604878
internal_weight=217 181 42 139 71 41
internal_count=217 181 42 139 71 41
is_linear=0
shrinkage=0.08


Tree=266
num_leaves=7
num_cat=0
split_feature=43 22 24 13 20 28
split_gain=1.0147 0.717804 1.43489 0.341414 0.31746 0.595238
threshold=-0.29609999999999997 0.55945000000000011 0.38790000000000008 0.15853864644865223 0.51995000000000002 0.63485000000000014
decision_type=2 2 2 2 2 2
left_child=-1 2 -2 4 -4 -6
right_child=1 -3 3 -5 5 -7
leaf_value=6.17374135750277e-07 2.0995215804424319e-06 -3.8003277906796678e-05 -1.632479429855495e-05 0.00013705412479004018 3.4644570294468263e-06 -0.00038961889477925649
leaf_weight=21 35 51 48 20 21 21
leaf_count=21 35 51 48 20 21 21
internal_value=0.00195392 0.000163263 0.00303448 -0.00145455 -0.00355556 0.00152381
internal_weight=217 196 145 110 90 42
internal_count=217 196 145 110 90 42
is_linear=0
shrinkage=0.08


Tree=267
num_leaves=7
num_cat=0
split_feature=43 38 22 3 41 1
split_gain=1.30775 1.73611 0.441636 0.620205 0.277896 0.0376543
threshold=-0.23355000000000001 -0.27384999999999987 0.30315000000000009 20.800000000000001 0.49631933756805813 96419.200000000026
decision_type=2 2 2 2 2 2
left_child=1 -1 3 -2 5 -4
right_child=2 -3 4 -5 -6 -7
leaf_value=-0.0002189662005556305 3.187300584890484e-06 1.2806968207168791e-06 -0.00017834643670985447 -0.0004318278342785343 -9.9014229706318344e-07 -2.010073488528926e-05
leaf_weight=24 21 36 20 22 33 61
leaf_count=24 21 36 20 22 33 61
internal_value=0.00195392 0.012 -0.00188535 0.00502325 -0.00449123 -0.00701235
internal_weight=217 60 157 43 114 81
internal_count=217 60 157 43 114 81
is_linear=0
shrinkage=0.08


Tree=268
num_leaves=7
num_cat=0
split_feature=43 38 22 3 26 9
split_gain=0.983653 1.46944 0.446089 0.745762 0.459613 0.309375
threshold=-0.23355000000000001 -0.27384999999999987 0.55945000000000011 20.450000000000003 0.37520000000000003 18.500000000000004
decision_type=2 2 2 2 2 2
left_child=1 -1 3 4 -2 -5
right_child=2 -3 -4 5 -6 -7
leaf_value=-0.00020144890451118133 1.4277876276978254e-05 1.1782410750605078e-06 -0.00010757814015575098 0.00017248451535345572 -3.303950320864568e-06 -4.5700512917699578e-05
leaf_weight=24 22 36 46 20 25 44
leaf_count=24 22 36 46 20 25 44
internal_value=0.00195392 0.0106667 -0.0013758 0.00136937 0.00902127 -0.00425
internal_weight=217 60 157 111 47 64
internal_count=217 60 157 111 47 64
is_linear=0
shrinkage=0.08


Tree=269
num_leaves=7
num_cat=0
split_feature=26 30 20 12 26 1
split_gain=0.882574 1.69965 0.668812 0.41439 0.372024 0.0391304
threshold=0.49455000000000005 0.4834500000000001 0.63485000000000014 0.43878247933884301 0.6412000000000001 118197.85000000002
decision_type=2 2 2 2 2 2
left_child=2 4 3 -1 -2 -5
right_child=1 -3 -4 5 -6 -7
leaf_value=7.906858553707427e-06 9.7867780278970478e-06 1.4610339690906911e-06 1.7810377268339104e-05 -6.0995124627582168e-05 -1.8423986864848605e-05 -2.3652422275212257e-05
leaf_weight=26 28 23 28 20 20 72
leaf_count=26 28 23 28 20 20 72
internal_value=0.00158525 0.00890141 -0.0019726 -0.00461017 0.000333331 -0.00713044
internal_weight=217 71 146 118 48 92
internal_count=217 71 146 118 48 92
is_linear=0
shrinkage=0.08


Tree=270
num_leaves=7
num_cat=0
split_feature=3 40 18 28 9 9
split_gain=0.585104 0.814017 0.749221 0.91385 0.279105 0.0348485
threshold=20.450000000000003 0.15068550082432761 0.39120000000000005 0.38025000000000003 12.500000000000002 45.500000000000007
decision_type=2 2 2 2 2 2
left_child=1 2 -1 -4 -2 -6
right_child=4 -3 3 -5 5 -7
leaf_value=1.2984860097113145e-05 0.00015791785117061531 -7.9932737036562471e-05 1.1787697130203129e-06 -4.4091142808945515e-06 -2.7994795525772193e-05 -3.2586097647083807e-06
leaf_weight=22 20 37 39 33 46 20
leaf_count=22 20 37 39 33 46 20
internal_value=0.000847924 0.00421374 0.00817021 0.00422222 -0.00427907 -0.00678788
internal_weight=217 131 94 72 86 66
internal_count=217 131 94 72 86 66
is_linear=0
shrinkage=0.08


Tree=271
num_leaves=6
num_cat=0
split_feature=24 0 34 41 2
split_gain=1.18148 1.09292 1.06674 0.244397 0.300395
threshold=0.38790000000000008 0.32060000000000005 0.57750000000000012 0.49789074675324679 413183.45000000001
decision_type=2 2 2 2 2
left_child=1 -1 -3 4 -2
right_child=3 2 -4 -5 -6
leaf_value=-1.1567601294976454e-05 -4.6121774341382214e-07 9.7321369629236136e-06 3.4565095908402536e-07 3.1433926647049751e-05 -6.4688708525197485e-06
leaf_weight=27 23 36 25 30 76
leaf_count=27 23 36 25 30 76
internal_value=0.00121659 0.00836363 0.0142951 -0.00365892 -0.00557576
internal_weight=217 88 61 129 99
internal_count=217 88 61 129 99
is_linear=0
shrinkage=0.08


Tree=272
num_leaves=8
num_cat=0
split_feature=18 26 13 9 43 34 9
split_gain=0.515825 0.964683 0.46458 0.744583 0.407414 0.539264 0.131034
threshold=0.32930000000000009 0.37520000000000003 0.15794134739314961 38.500000000000007 -0.25054999999999994 0.48675000000000007 22.500000000000004
decision_type=2 2 2 2 2 2 2
left_child=6 -2 3 4 -3 -6 -1
right_child=1 2 -4 -5 5 -7 -8
leaf_value=0.00010474395703851294 2.7329556880789155e-05 -5.975170959929715e-07 -4.2795446710435298e-05 4.988181473371689e-06 -7.578684907681662e-06 5.2072118759451353e-06 -0.00025049954785323278
leaf_weight=20 20 27 28 23 39 22 38
leaf_count=20 20 27 28 23 39 22 38
internal_value=0.00121659 0.00357233 0.00120863 0.00353153 0.000181816 0.00380328 -0.00524138
internal_weight=217 159 139 111 88 61 58
internal_count=217 159 139 111 88 61 58
is_linear=0
shrinkage=0.08


Tree=273
num_leaves=7
num_cat=0
split_feature=36 0 20 41 38 10
split_gain=0.693121 1.09394 0.494322 0.587751 0.303819 0.147368
threshold=0.30400000000000005 0.42280000000000006 0.44025000000000009 0.49304286182132923 0.046300000000000015 0.43125122807017552
decision_type=2 2 2 2 2 2
left_child=1 -1 5 -4 -5 -2
right_child=2 -3 3 4 -6 -7
leaf_value=-3.6024362870855834e-07 -3.9122992480840854e-06 2.0286637926581692e-05 6.3678009325641932e-06 -0.00013072737578370574 9.2615194495672138e-06 -9.4494768668420158e-07
leaf_weight=24 20 20 33 28 36 56
leaf_count=24 20 20 33 28 36 56
internal_value=0.00121659 0.0101818 -0.00106359 0.00272165 -0.00175 -0.00589474
internal_weight=217 44 173 97 64 76
internal_count=217 44 173 97 64 76
is_linear=0
shrinkage=0.08


Tree=274
num_leaves=7
num_cat=0
split_feature=42 44 41 41 3 0
split_gain=0.630236 0.418011 1.20371 0.311962 0.0385057 0.0261905
threshold=0.14381419954098415 0.8386888283584516 0.49304286182132923 0.49778635451505021 16.150000000000002 0.51930000000000009
decision_type=2 2 2 2 2 2
left_child=-1 2 -2 4 -3 -4
right_child=1 3 5 -5 -6 -7
leaf_value=5.1557468143597224e-06 1.2362063075807945e-05 -1.1627209406496745e-06 -9.1216484021978255e-06 0.00027683692874021655 -9.582978697051689e-06 -0.00024302990974960144
leaf_weight=36 32 20 22 20 67 20
leaf_count=36 32 20 22 20 67 20
internal_value=0.000110597 -0.00181216 0.00281081 -0.00500935 -0.00708046 -0.00609524
internal_weight=217 181 74 107 87 42
internal_count=217 181 74 107 87 42
is_linear=0
shrinkage=0.08


Tree=275
num_leaves=9
num_cat=0
split_feature=44 40 42 1 44 44 20 10
split_gain=0.77765 0.65406 1.06667 1.6 0.236884 0.285736 0.321111 0.113043
threshold=0.8386888283584516 0.14283194720805661 0.14628424250152491 140421.35000000001 0.90018512802467965 1.0022316412718022 0.44025000000000009 0.45162327586206902
decision_type=2 2 2 2 2 2 2 2
left_child=1 -1 3 -3 -2 6 -6 -7
right_child=4 2 -4 -5 5 7 -8 -9
leaf_value=-2.6525807455647674e-06 -0.00025820682488284565 0.00012950911460122991 -2.6275424845598434e-05 6.285084969366956e-06 -6.4185269949030088e-07 -5.7707848878942448e-05 0.00025468997444099626 -2.4184531855151344e-07
leaf_weight=29 33 20 24 20 25 26 20 20
leaf_count=29 33 20 24 20 25 26 20 20
internal_value=0.00195392 0.00748387 0.012 0.02 -0.00219355 -8.7914e-05 0.00444444 -0.00452174
internal_weight=217 93 64 40 124 91 45 46
internal_count=217 93 64 40 124 91 45 46
is_linear=0
shrinkage=0.08


Tree=276
num_leaves=8
num_cat=0
split_feature=20 11 11 22 38 1 26
split_gain=0.316954 0.364251 0.938303 0.625 0.247472 0.402381 0.283333
threshold=0.65305000000000013 0.1594019966862156 0.18032787595375524 0.41710000000000008 0.14950000000000005 141354.95000000004 0.42925000000000008
decision_type=2 2 2 2 2 2 2
left_child=1 4 3 -3 5 6 -1
right_child=-2 2 -4 -5 -6 -7 -8
leaf_value=4.9114892244306063e-06 -3.7281422812026551e-05 0.00089663867568163136 -2.8232752447106053e-06 7.7135582434927169e-07 -0.00028303786506492164 4.5306374271518847e-06 -9.768304546595035e-06
leaf_weight=20 27 20 37 20 29 30 34
leaf_count=20 27 20 37 20 29 30 34
internal_value=0.000110597 0.00126316 0.00550649 0.014 -0.00162832 0.000571427 -0.00355556
internal_weight=217 190 77 40 113 84 54
internal_count=217 190 77 40 113 84 54
is_linear=0
shrinkage=0.08


Tree=277
num_leaves=7
num_cat=0
split_feature=42 1 4 39 1 9
split_gain=0.679221 0.227337 0.570058 0.409633 0.0352941 0.0318182
threshold=0.14381419954098415 122528.40000000001 83.510000000000005 0.4983183771929825 252415.30000000002 36.500000000000007
decision_type=2 2 2 2 2 2
left_child=-1 5 -3 4 -4 -2
right_child=1 2 3 -5 -6 -7
leaf_value=1.9956588908923962e-06 -0.00010708889861682246 1.3387045941804139e-06 -3.2250204257402968e-05 9.381933681321926e-05 -4.8626987074672979e-05 -3.4631998683589773e-06
leaf_weight=36 35 34 48 24 20 20
leaf_count=36 35 34 48 24 20 20
internal_value=-0.000258066 -0.00225415 -0.000380954 -0.00365218 -0.00682353 -0.00654546
internal_weight=217 181 126 92 68 55
internal_count=217 181 126 92 68 55
is_linear=0
shrinkage=0.08


Tree=278
num_leaves=6
num_cat=0
split_feature=20 43 11 4 4
split_gain=0.716499 1.30403 0.363178 0.282065 0.401961
threshold=0.32425000000000004 -0.25754999999999995 0.16700594348200645 67.25500000000001 102.33000000000001
decision_type=2 2 2 2 2
left_child=1 -1 3 -2 -5
right_child=2 -3 -4 4 -6
leaf_value=-5.8877990576917138e-07 7.6105505300402251e-06 2.249135659427836e-06 -4.3156820272015037e-05 -6.4769749153777983e-05 1.6902992677196447e-05
leaf_weight=31 34 24 53 41 34
leaf_count=31 34 24 53 41 34
internal_value=0.000110597 0.008 -0.0025679 7.33926e-05 -0.00266667
internal_weight=217 55 162 109 75
internal_count=217 55 162 109 75
is_linear=0
shrinkage=0.08


Tree=279
num_leaves=8
num_cat=0
split_feature=20 43 11 28 20 12 0
split_gain=0.651101 1.30403 0.432212 0.296877 0.98243 0.448142 0.0287234
threshold=0.32425000000000004 -0.25754999999999995 0.16700594348200645 0.62775000000000014 0.51995000000000002 0.43815553398560858 0.5152500000000001
decision_type=2 2 2 2 2 2 2
left_child=1 -1 3 4 5 -2 -7
right_child=2 -3 -4 -5 -6 6 -8
leaf_value=-5.416775133116394e-07 0.00012504538340258318 2.0692048066772489e-06 -3.9704274650254584e-05 -0.0014716912863721916 3.9521612177819697e-05 -1.290308873074791e-06 -0.00082331952737726565
leaf_weight=31 20 24 53 20 22 20 27
leaf_count=31 20 24 53 20 22 20 27
internal_value=0.000479261 0.008 -0.00207408 0.000807338 0.00278651 -0.00202985 -0.00629787
internal_weight=217 55 162 109 89 67 47
internal_count=217 55 162 109 89 67 47
is_linear=0
shrinkage=0.08


Tree=280
num_leaves=6
num_cat=0
split_feature=34 43 28 28 2
split_gain=0.792483 1.10126 0.618767 0.334293 0.155556
threshold=0.44645000000000007 -0.2685499999999999 0.38540000000000008 0.57840000000000014 792879.45000000007
decision_type=2 2 2 2 2
left_child=3 -2 -3 4 -1
right_child=1 2 -4 -5 -6
leaf_value=-3.5721382421711783e-05 -7.352519293342917e-07 3.2223087470348403e-06 4.6402802519647366e-08 1.5518256784602594e-05 7.7899692887425096e-05
leaf_weight=70 39 30 21 37 20
leaf_count=70 39 30 21 37 20
internal_value=0.000479261 0.00622222 0.0139608 -0.00359055 -0.00622222
internal_weight=217 90 51 127 90
internal_count=217 90 51 127 90
is_linear=0
shrinkage=0.08


Tree=281
num_leaves=6
num_cat=0
split_feature=39 34 43 26 11
split_gain=0.750987 0.83847 1.3698 0.195312 0.303819
threshold=0.48555000000000009 0.4845000000000001 -0.2685499999999999 0.35465000000000008 0.16600434662273605
decision_type=2 2 2 2 2
left_child=-1 3 -3 4 -2
right_child=1 2 -4 -5 -6
leaf_value=1.4816078980357043e-06 5.4477387779505562e-05 -1.1823711351302884e-06 1.2839557866964612e-05 -8.2058429055782215e-05 -4.508594845372263e-05
leaf_weight=21 36 33 35 64 28
leaf_count=21 36 33 35 64 28
internal_value=0.000479261 -0.00106123 0.00611765 -0.004875 -0.00175
internal_weight=217 196 68 128 64
internal_count=217 196 68 128 64
is_linear=0
shrinkage=0.08


Tree=282
num_leaves=7
num_cat=0
split_feature=41 34 12 20 43 1
split_gain=0.559621 0.584961 0.319152 0.236077 0.268852 0.1
threshold=0.49197492481203015 0.65305000000000013 0.43841520858451899 0.63485000000000014 -0.183 140421.35000000001
decision_type=2 2 2 2 2 2
left_child=-1 2 -2 4 5 -4
right_child=1 -3 3 -5 -6 -7
leaf_value=5.0821490552696146e-06 8.243570853465312e-07 4.0955285830291947e-06 -1.0336743180722138e-06 1.5407156354171543e-05 -2.3254001032668445e-05 7.7455498272266017e-07
leaf_weight=24 31 20 20 20 82 20
leaf_count=24 31 20 20 20 82 20
internal_value=0.000479261 -0.00095337 -0.00245087 -0.00405634 -0.00537705 -1.90735e-09
internal_weight=217 193 173 142 122 40
internal_count=217 193 173 142 122 40
is_linear=0
shrinkage=0.08


Tree=283
num_leaves=7
num_cat=0
split_feature=34 43 40 34 39 2
split_gain=0.519819 0.985807 1.05376 1.95814 0.22475 0.0311321
threshold=0.38320000000000004 -0.2685499999999999 0.14279302558722926 0.4845000000000001 0.49662171052631582 640951.20000000007
decision_type=2 2 2 2 2 2
left_child=4 -2 -3 -4 5 -1
right_child=1 2 3 -5 -6 -7
leaf_value=-5.0500617776133513e-05 -6.4973511821982032e-07 -1.0031255962219401e-06 2.8078714911031765e-06 1.7873976169036985e-05 9.4745963582234113e-07 -4.4911721161296855e-05
leaf_weight=33 39 31 39 23 32 20
leaf_count=33 39 31 39 23 32 20
internal_value=0.00158525 0.00472727 0.0092043 0.0152258 -0.00329412 -0.00649057
internal_weight=217 132 93 62 85 53
internal_count=217 132 93 62 85 53
is_linear=0
shrinkage=0.08


Tree=284
num_leaves=7
num_cat=0
split_feature=32 44 34 28 3 12
split_gain=0.444197 0.429501 0.29343 0.254371 0.535714 0.260724
threshold=0.30090000000000006 0.78296509357237765 0.6412000000000001 0.55360000000000009 20.450000000000003 0.44127529761904766
decision_type=2 2 2 2 2 2
left_child=1 -1 3 5 -5 -2
right_child=2 -3 -4 4 -6 -7
leaf_value=-9.9506243104094747e-07 9.27860301442329e-07 3.244353006457985e-06 7.9324047024869124e-07 5.1146711390815455e-06 -4.7924131008261779e-05 -2.6542517103884073e-05
leaf_weight=21 39 20 21 28 20 68
leaf_count=21 39 20 21 28 20 68
internal_value=0.000110597 0.00760975 -0.00163637 -0.00283871 0.002 -0.00500935
internal_weight=217 41 176 155 48 107
internal_count=217 41 176 155 48 107
is_linear=0
shrinkage=0.08


Tree=285
num_leaves=6
num_cat=0
split_feature=4 22 18 9 43
split_gain=0.541936 0.840444 1.47493 0.572511 0.140971
threshold=84.230000000000018 0.55945000000000011 0.57405000000000006 12.500000000000002 0.105
decision_type=2 2 2 2 2
left_child=1 2 -1 -2 -5
right_child=3 -3 -4 4 -6
leaf_value=1.3674211948432293e-05 2.1256586342689714e-05 -4.4277350305275765e-07 -8.592633255957385e-06 -3.2656061053997289e-07 -0.00021049452123970015
leaf_weight=38 24 38 29 37 51
leaf_count=38 24 38 29 37 51
internal_value=0.00158525 0.00571428 0.0111045 -0.00228572 -0.00527273
internal_weight=217 105 67 112 88
internal_count=217 105 67 112 88
is_linear=0
shrinkage=0.08


Tree=286
num_leaves=7
num_cat=0
split_feature=24 30 26 41 22 3
split_gain=0.615154 0.974432 1.37619 0.428118 0.121749 0.0373418
threshold=0.38790000000000008 0.59420000000000006 0.59420000000000006 0.49789074675324679 0.25270000000000009 25.650000000000002
decision_type=2 2 2 2 2 2
left_child=1 2 -1 4 -2 -6
right_child=3 -3 -4 -5 5 -7
leaf_value=2.793711400632228e-05 -4.8164965248862714e-07 -5.2093711334966421e-07 -2.6932338970574234e-05 2.9700683088323654e-05 -2.2057059858364483e-05 -8.3609944440921064e-07
leaf_weight=35 20 32 21 30 59 20
leaf_count=35 20 32 21 30 59 20
internal_value=0.000479261 0.00563636 0.012 -0.00303876 -0.00557576 -0.00698734
internal_weight=217 88 56 129 99 79
internal_count=217 88 56 129 99 79
is_linear=0
shrinkage=0.08


Tree=287
num_leaves=7
num_cat=0
split_feature=26 1 12 22 20 2
split_gain=0.538205 1.36268 0.419771 0.369398 0.325269 0.0392473
threshold=0.57840000000000014 148913.20000000004 0.43916407894736847 0.37700000000000006 0.57405000000000006 278223.65000000008
decision_type=2 2 2 2 2 2
left_child=2 -2 3 -1 5 -4
right_child=1 -3 4 -5 -6 -7
leaf_value=-0.00034225295655314017 -0.00027488405066541629 1.2100540712228396e-05 -1.5556858175660817e-06 6.7059106140920024e-05 1.4512313347649907e-07 -1.8895572200117201e-05
leaf_weight=20 26 21 20 26 31 73
leaf_count=20 26 21 20 26 31 73
internal_value=-0.000258066 0.00731915 -0.00235294 0.00417391 -0.0047742 -0.00713979
internal_weight=217 47 170 46 124 93
internal_count=217 47 170 46 124 93
is_linear=0
shrinkage=0.08


Tree=288
num_leaves=6
num_cat=0
split_feature=42 39 42 3 0
split_gain=0.37379 0.556072 0.540557 0.270629 0.0380952
threshold=0.14381419954098415 0.49603286723163847 0.1463533223896242 14.65 0.41910000000000008
decision_type=2 2 2 2 2
left_child=-1 3 -3 -2 -5
right_child=1 2 -4 4 -6
leaf_value=9.4295199150837745e-07 9.6740332678073699e-07 1.6054324739710277e-05 -0.00022652075370407842 -6.0846402723511902e-07 -2.0504038081437972e-05
leaf_weight=36 34 26 37 20 64
leaf_count=36 34 26 37 20 64
internal_value=0.000110597 -0.00137017 0.00469841 -0.00461017 -0.00704762
internal_weight=217 181 63 118 84
internal_count=217 181 63 118 84
is_linear=0
shrinkage=0.08


end of trees

feature_importances:
network_rx=103
memory_usage=101
lag_2=99
minute_of_hour=95
mem_rolling_std_60min=88
memory_rate_of_change=83
network_tx=69
rolling_mean_15min=68
mem_rolling_mean_60min=68
rolling_mean_60min=66
lag_3=63
lag_7=61
mem_rolling_mean_15min=60
cpu_memory_ratio=60
rolling_std_15min=59
rolling_std_60min=55
cpu_rate_of_change=54
disk_iops=49
lag_1=46
lag_4=46
lag_10=46
lag_5=42
lag_6=42
request_rate=35
mem_rolling_std_15min=33
lag_9=32
lag_8=29

parameters:
[boosting: gbdt]
[objective: quantile]
[metric: quantile]
[tree_learner: serial]
[device_type: cpu]
[data_sample_strategy: bagging]
[data: ]
[valid: ]
[num_iterations: 300]
[learning_rate: 0.08]
[num_leaves: 31]
[num_threads: 0]
[seed: 0]
[deterministic: 0]
[force_col_wise: 0]
[force_row_wise: 0]
[histogram_pool_size: -1]
[max_depth: -1]
[min_data_in_leaf: 20]
[min_sum_hessian_in_leaf: 0.001]
[bagging_fraction: 1]
[pos_bagging_fraction: 1]
[neg_bagging_fraction: 1]
[bagging_freq: 0]
[bagging_seed: 3]
[bagging_by_query: 0]
[feature_fraction: 1]
[feature_fraction_bynode: 1]
[feature_fraction_seed: 2]
[extra_trees: 0]
[extra_seed: 6]
[early_stopping_round: 0]
[early_stopping_min_delta: 0]
[first_metric_only: 0]
[max_delta_step: 0]
[lambda_l1: 0]
[lambda_l2: 0]
[linear_lambda: 0]
[min_gain_to_split: 0]
[drop_rate: 0.1]
[max_drop: 50]
[skip_drop: 0.5]
[xgboost_dart_mode: 0]
[uniform_drop: 0]
[drop_seed: 4]
[top_rate: 0.2]
[other_rate: 0.1]
[min_data_per_group: 100]
[max_cat_threshold: 32]
[cat_l2: 10]
[cat_smooth: 10]
[max_cat_to_onehot: 4]
[top_k: 20]
[monotone_constraints: ]
[monotone_constraints_method: basic]
[monotone_penalty: 0]
[feature_contri: ]
[forcedsplits_filename: ]
[refit_decay_rate: 0.9]
[cegb_tradeoff: 1]
[cegb_penalty_split: 0]
[cegb_penalty_feature_lazy: ]
[cegb_penalty_feature_coupled: ]
[path_smooth: 0]
[interaction_constraints: ]
[verbosity: -1]
[saved_feature_importance_type: 0]
[use_quantized_grad: 0]
[num_grad_quant_bins: 4]
[quant_train_renew_leaf: 0]
[stochastic_rounding: 1]
[linear_tree: 0]
[max_bin: 255]
[max_bin_by_feature: ]
[min_data_in_bin: 3]
[bin_construct_sample_cnt: 200000]
[data_random_seed: 1]
[is_enable_sparse: 1]
[enable_bundle: 1]
[use_missing: 1]
[zero_as_missing: 0]
[feature_pre_filter: 1]
[pre_partition: 0]
[two_round: 0]
[header: 0]
[label_column: ]
[weight_column: ]
[group_column: ]
[ignore_column: ]
[categorical_feature: ]
[forcedbins_filename: ]
[precise_float_parser: 0]
[parser_config_file: ]
[objective_seed: 5]
[num_class: 1]
[is_unbalance: 0]
[scale_pos_weight: 1]
[sigmoid: 1]
[boost_from_average: 1]
[reg_sqrt: 0]
[alpha: 0.9]
[fair_c: 1]
[poisson_max_delta_step: 0.7]
[tweedie_variance_power: 1.5]
[lambdarank_truncation_level: 30]
[lambdarank_norm: 1]
[label_gain: ]
[lambdarank_position_bias_regularization: 0]
[eval_at: ]
[multi_error_top_k: 1]
[auc_mu_weights: ]
[num_machines: 1]
[local_listen_port: 12400]
[time_out: 120]
[machine_list_filename: ]
[machines: ]
[gpu_platform_id: -1]
[gpu_device_id: -1]
[gpu_device_id_list: ]
[gpu_use_dp: 0]
[num_gpu: 1]

end of parameters

pandas_categorical:[]
