tree
version=v4
num_class=1
num_tree_per_iteration=1
label_index=0
max_feature_idx=39
objective=quantile
feature_names=memory_usage hour_of_day day_of_week is_weekend minute_of_hour rolling_mean_15min rolling_std_15min rolling_mean_60min rolling_std_60min cpu_rolling_mean_15 cpu_rolling_std_15 cpu_rolling_mean_60 cpu_rolling_std_60 lag_1 cpu_lag_1 lag_2 cpu_lag_2 lag_3 cpu_lag_3 lag_4 cpu_lag_4 lag_5 cpu_lag_5 lag_6 cpu_lag_6 lag_7 cpu_lag_7 lag_8 cpu_lag_8 lag_9 cpu_lag_9 lag_10 cpu_lag_10 cpu_rate_of_change mem_rolling_mean_15min mem_rolling_std_15min mem_rolling_mean_60min mem_rolling_std_60min memory_rate_of_change cpu_memory_ratio
feature_infos=none [0:23] [0:6] [0:1] [0:59] [12.713253333333332:20.64556] [0.11936804829063676:5.1160506000606745] [13.838043333333333:19.012756666666668] [0.15992769668406179:3.9627939168457789] [12.713253333333332:20.64556] [0.11936804829063676:5.1160506000606745] [13.838043333333333:19.012756666666668] [0.15992769668406179:3.9627939168457789] [5.5949999999999998:25.998100000000001] [5.5949999999999998:25.998100000000001] [5.5949999999999998:25.998100000000001] [5.5949999999999998:25.998100000000001] [5.5949999999999998:25.998100000000001] [5.5949999999999998:25.998100000000001] [5.5949999999999998:25.998100000000001] [5.5949999999999998:25.998100000000001] [5.5949999999999998:25.998100000000001] [5.5949999999999998:25.998100000000001] [5.5949999999999998:25.998100000000001] [5.5949999999999998:25.998100000000001] [5.5949999999999998:25.998100000000001] [5.5949999999999998:25.998100000000001] [5.5949999999999998:25.998100000000001] [5.5949999999999998:25.998100000000001] [5.5949999999999998:25.998100000000001] [5.5949999999999998:25.998100000000001] [5.5949999999999998:25.998100000000001] [5.5949999999999998:25.998100000000001] [-9.5115000000000016:16.128799999999998] none none none none none [30.424143390842065:141.37085295611283]
tree_sizes=2583 2789 2776 2779 2771 2762 2776 2787 2779 2777 2778 2804 2809 2809 2818 2800 2814 2781 2812 2805 2820 2810 2819 2854 2828 2850 2807 2862 2855 2865 2873 2841 2869 2854 2846 2880 2869 2861 2845 2899 2833 2879 2874 2851 2842 2896 2856 2859 2828 2882 2877 2873 2831 2850 2883 2853 2890 2864 2868 2867 2874 2890 2889 2845 2866 2866 2855 2894 2844 2837 2889 2868 2885 2867 2852 2848 2865 2854 2857 2823 2859 2883 2839 2841 2884 2869 2847 2869 2835 2869 2855 2821 2835 2861 2865 2846 2814 2832 2834 2866 2869 2847 2866 2861 2853 2876 2889 2852 2859

Tree=0
num_leaves=31
num_cat=0
split_feature=39 1 21 31 21 15 2 4 6 4 29 33 31 1 2 13 29 19 19 13 33 2 6 7 1 6 5 6 15 4
split_gain=549.026 32.9539 28.8277 11.9722 7.33842 6.98203 3.82035 3.44216 3.40898 3.21467 2.127 2.01755 1.94444 1.89062 1.80237 2.77772 1.40675 1.40481 1.32699 0.959646 0.934615 0.710227 0.645897 1.52771 0.637121 0.611519 0.602278 0.88141 1.28106 0.598033
threshold=77.545404689802055 18.500000000000004 14.260600000000002 14.214150000000002 14.18125 14.312950000000003 5.5000000000000009 27.500000000000004 0.26181387947738893 44.500000000000007 14.481250000000001 0.16420000000000015 14.344400000000002 20.500000000000004 5.5000000000000009 14.901200000000001 14.329500000000001 14.510650000000002 14.230700000000001 13.917650000000002 -0.2954999999999996 5.5000000000000009 0.17055268971956378 14.637755833333335 5.5000000000000009 0.20460335445175018 14.103580000000003 0.19262051261116542 14.09895 45.500000000000007
decision_type=2 2 2 2 2 2 2 2 2 2 2 2 2 2 2 2 2 2 2 2 2 2 2 2 2 2 2 2 2 2
left_child=1 3 5 6 9 7 18 16 24 21 26 -7 -9 14 -4 -16 -2 -3 20 -15 -1 -5 23 -21 -6 -20 27 28 -8 -24
right_child=2 17 13 4 8 11 10 12 -10 -11 -12 -13 -14 19 15 -17 -18 -19 25 22 -22 -23 29 -25 -26 -27 -28 -29 -30 -31
leaf_value=14.199583351225185 14.20224815378517 14.090052129096032 14.249772186279296 14.18040412902832 14.202065742566431 14.212975342204144 14.190348129351378 14.190348129272461 14.190348129272461 14.193255333266068 14.185060119628906 14.193518571089541 14.191144943761419 13.803732172084567 14.216788177490235 14.189553726302826 14.209300155705215 14.21718017578125 14.189335357838322 13.833160942542385 14.193277786563785 14.185852119614959 14.244252166748048 14.253956146240235 14.211924133300782 14.190916137773515 14.185060119628906 14.190348129272461 14.185588119593382 14.219503372305553
leaf_weight=24 26 37 7271 20 24 53 21 36 35 28 33 30 20 24 157 28 21 47 23 23 80 44 673 28 20 21 535 52 23 203
leaf_count=24 26 37 7271 20 24 53 21 36 35 28 33 30 20 24 157 28 21 47 23 23 80 44 673 28 20 21 535 52 23 203
internal_value=14.2112 14.1571 14.218 14.153 14.1722 14.1868 14.149 14.1729 14.1901 14.1569 14.1464 14.2041 14.1595 14.2187 14.2191 14.2113 14.1889 14.2052 14.1606 14.2153 14.1557 14.147 14.2157 14.207 14.205 14.1722 14.1453 14.1512 14.1595 14.2162
internal_weight=9660 1067 8593 983 171 186 812 103 79 92 664 83 56 8407 7456 185 47 84 148 951 104 64 927 51 44 44 631 96 44 876
internal_count=9660 1067 8593 983 171 186 812 103 79 92 664 83 56 8407 7456 185 47 84 148 951 104 64 927 51 44 44 631 96 44 876
is_linear=0
shrinkage=1


Tree=1
num_leaves=31
num_cat=0
split_feature=39 1 21 31 21 15 4 6 19 39 4 17 1 33 31 2 5 1 8 8 33 29 31 31 6 27 29 31 2 27
split_gain=491.581 36.3469 23.5714 12.2001 5.59936 5.42475 4.43096 2.95907 2.46165 2.26688 1.90217 1.84427 1.66552 1.62438 1.42857 1.39839 2.21035 1.0118 1.87865 1.84848 1.52096 0.925285 0.995217 1.34223 1.2197 0.914286 0.912205 0.813324 0.768182 0.676246
threshold=77.545404689802055 18.500000000000004 14.260600000000002 14.214150000000002 14.18125 14.312950000000003 27.500000000000004 0.26181387947738893 14.378900000000002 76.666394362879871 44.500000000000007 14.082400000000002 20.500000000000004 0.16420000000000015 14.344400000000002 5.5000000000000009 15.384750000000002 5.5000000000000009 0.82605504124130669 0.21446372889353557 0.080549999999998803 14.000100000000002 14.016500000000002 14.082400000000002 0.20263486149693824 14.148300000000001 14.329500000000001 12.978900000000001 5.5000000000000009 16.247550000000004
decision_type=2 2 2 2 2 2 2 2 2 2 2 2 2 2 2 2 2 2 2 2 2 2 2 2 2 2 2 2 2 2
left_child=1 3 5 8 10 6 26 -6 17 11 28 -10 15 -7 -8 -4 -17 18 19 20 21 -1 24 -24 -23 -11 -2 -14 -5 -29
right_child=2 -3 12 4 7 13 14 -9 9 25 -12 -13 27 -15 -16 16 -18 -19 -20 -21 -22 22 23 -25 -26 -27 -28 29 -30 -31
leaf_value=-0.019893821142385141 -0.0085118529365894348 -0.0011801289695125945 0.035210256958007877 -0.028608355712890585 -0.0051244341784017419 0.0013571604088680545 -0.019459875488281285 -0.019459875488281285 -0.026964843749999971 -0.019036834716796847 -0.016785247814162432 -0.016308011228757281 -0.32472610132531665 -0.01654306901656696 -0.018726806158439614 0.0048649688720702501 -0.021249930337690445 -0.021879405052886502 -0.019904869093004915 -0.025380843974590308 -0.021684844970703096 -0.01910835865941693 -0.013839393140305616 -0.019036834565719991 -0.024324844294281021 -0.022708583191255009 -0.0020240111701485832 0.013576602184921854 -0.023596204373183272 0.11511970763254795
leaf_weight=28 26 84 7271 20 44 53 36 35 47 21 28 25 20 30 20 161 24 397 89 37 35 23 24 41 21 24 21 509 44 422
leaf_count=28 26 84 7271 20 44 53 36 35 47 21 28 25 20 30 20 161 24 397 89 37 35 23 24 41 21 24 21 509 44 422
internal_value=0.000132505 -0.0510815 0.0064918 -0.0553978 -0.0359766 -0.0216774 -0.0339417 -0.0203544 -0.0594877 -0.0487521 -0.0493913 -0.0575556 0.00711502 -0.00645783 -0.0491429 0.00751717 0.000648649 -0.061295 -0.0577718 -0.0536268 -0.0571163 -0.0533139 -0.0499816 -0.0436923 -0.0592727 -0.0346667 -0.0158298 0.00396215 -0.057 0.00430505
internal_weight=9660 1067 8593 983 171 186 103 79 812 117 92 72 8407 83 56 7456 185 695 298 209 172 137 109 65 44 45 47 951 64 931
internal_count=9660 1067 8593 983 171 186 103 79 812 117 92 72 8407 83 56 7456 185 695 298 209 172 137 109 65 44 45 47 951 64 931
is_linear=0
shrinkage=0.08


Tree=2
num_leaves=31
num_cat=0
split_feature=39 1 21 31 15 21 21 4 31 2 1 13 8 31 4 15 5 2 17 39 6 13 29 29 1 7 8 19 15 31
split_gain=409.402 29.5739 17.4175 10.7853 5.41367 3.65165 3.27438 2.73453 2.4851 2.23948 2.03644 1.8843 1.85133 1.82292 1.77994 1.36786 1.35954 2.37829 1.46946 1.24614 1.19111 0.943911 0.912205 0.909423 0.974858 1.67977 1.90897 1.3906 1.11364 0.991843
threshold=77.545404689802055 18.500000000000004 14.260600000000002 14.214150000000002 14.312950000000003 14.284200000000002 14.4777 27.500000000000004 14.4777 5.5000000000000009 20.500000000000004 14.411800000000001 0.19306714410363984 14.284200000000002 44.500000000000007 14.115350000000001 14.558950000000001 5.5000000000000009 14.510650000000002 92.48993968194705 0.19743352085769303 14.413900000000002 14.329500000000001 14.481250000000001 5.5000000000000009 14.123925833333336 0.20594419360233868 14.131850000000002 14.153300000000002 14.197750000000001
decision_type=2 2 2 2 2 2 2 2 2 2 2 2 2 2 2 2 2 2 2 2 2 2 2 2 2 2 2 2 2 2
left_child=1 3 4 9 7 8 -7 22 12 11 16 15 -5 -9 -14 -1 18 -18 -4 -6 -17 -12 -2 24 25 -11 -27 28 -28 -26
right_child=2 -3 10 5 19 6 -8 13 -10 23 21 -13 14 -15 -16 20 17 -19 -20 -21 -22 -23 -24 -25 29 26 27 -29 -30 -31
leaf_value=-0.012921834362374826 -0.0078309047016622921 -0.0010857186519516232 0.0044757713623046411 -0.022053641890120872 0.00056196105486520768 0.0009577372296498348 -0.017903085449218849 -0.017903085449218849 -0.019292171966729475 -0.020155042297415163 -0.018667202308857139 -0.010796538072751539 -0.022500508009381123 -0.018999006585118376 -0.0089153233864912619 -0.015406834271556896 0.039201374023437555 -0.017166726646646993 -0.0065042075399406943 -0.30790607050573587 -0.017409881379335534 0.029045710814464058 -0.0018620902765367476 -0.022336616815446783 -0.022303856992232779 -0.019978713746186635 -0.017179644081103191 -0.11037782168595373 -0.022340296552595961 -0.016064544063446078
leaf_weight=27 26 84 271 27 63 23 35 32 25 92 54 28 40 24 21 39 7125 33 27 20 54 897 21 33 407 39 22 24 22 25
leaf_count=27 26 84 271 27 63 23 35 32 25 92 54 28 40 24 21 39 7125 33 27 20 54 897 21 33 407 39 22 24 22 25
internal_value=0.000604555 -0.0461331 0.00640801 -0.0500264 -0.0178065 -0.0317661 -0.0154483 -0.0300583 -0.0401416 -0.0538719 0.00694374 -0.044973 -0.0338182 -0.042 -0.0260984 -0.0493333 0.00738841 0.00760883 0.00209396 -0.00260241 -0.0539355 0.00345741 -0.0158298 -0.0558554 -0.0565325 -0.0518995 -0.0450841 -0.0531765 -0.0447273 -0.0586667
internal_weight=9660 1067 8593 983 186 171 58 103 113 812 8407 148 88 56 61 120 7456 7158 298 83 93 951 47 664 631 199 107 68 44 432
internal_count=9660 1067 8593 983 186 171 58 103 113 812 8407 148 88 56 61 120 7456 7158 298 83 93 951 47 664 631 199 107 68 44 432
is_linear=0
shrinkage=0.08


Tree=3
num_leaves=31
num_cat=0
split_feature=39 31 21 13 1 2 25 21 1 13 15 7 5 33 7 29 17 33 39 15 33 1 31 33 13 8 8 27 17 29
split_gain=351.953 28.7353 11.165 5.42068 4.28571 4.27375 3.52825 3.54707 2.96413 2.8673 2.73858 2.3448 6.33706 3.5173 2.02229 2.23729 2.37956 1.88197 1.8059 1.71385 2.24359 1.47026 1.33741 1.31047 1.34949 1.62206 1.38129 1.015 1.0042 0.996692
threshold=77.673735303568606 14.214150000000002 14.260600000000002 14.016500000000002 16.500000000000004 5.5000000000000009 14.284200000000002 14.284200000000002 4.5000000000000009 14.543600000000001 14.18125 14.880695000000003 15.384750000000002 -1.0000000180025095e-35 14.123925833333336 14.046700000000003 14.046700000000003 0.032849999999999831 75.859977836541731 14.312950000000003 0.29645000000000016 20.500000000000004 14.18125 0.23059999999999994 14.148300000000001 0.18903684861363632 0.21217079251113466 14.230700000000001 14.043850000000001 14.230700000000001
decision_type=2 2 2 2 2 2 2 2 2 2 2 2 2 2 2 2 2 2 2 2 2 2 2 2 2 2 2 2 2 2
left_child=1 4 3 22 9 8 7 17 10 14 -3 12 -4 -14 -1 18 28 -7 27 20 -5 -13 -2 24 25 -18 -27 -16 29 -17
right_child=2 5 11 19 -6 6 -8 -9 -10 -11 -12 21 13 -15 15 16 23 -19 -20 -21 -22 -23 -24 -25 -26 26 -28 -29 -30 -31
leaf_value=-0.018568478777629224 -0.011182828969536412 -0.012647275643688416 0.0046993303808594081 -0.014617231329009144 -0.013630986125791727 -0.015423182510499874 -0.021816099261643341 0.00011817291694497956 -0.0069847818081502826 -0.011534163666770212 -0.0152570286864935 0.074625292177734365 -0.025313346877378108 -0.0025466893872064136 -0.020620989380024716 -0.01557300656346265 -0.015502173753187378 -0.018184795801127248 -0.02080030310727337 0.0012685487415492302 0.0020431149209153092 0.037762016717861682 -0.013857545374006861 -0.01594839334894654 -0.015500339202708624 -0.014544310985707331 -0.016097335128166079 -0.015947885245834431 -0.023428258050149444 -0.023022561454696375
leaf_weight=233 21 29 1243 28 24 28 26 29 106 36 26 6334 23 22 22 50 40 26 153 72 24 758 22 20 98 36 43 21 23 44
leaf_count=233 21 29 1243 28 24 28 26 29 106 36 26 6334 23 22 22 50 40 26 153 72 24 758 22 20 98 36 43 21 23 44
internal_value=0.000935818 -0.0413801 0.00644624 -0.0140359 -0.0486548 -0.0186667 -0.0308991 -0.0228434 -0.0103851 -0.0496313 -0.0254545 0.00685442 0.00371429 -0.0257778 -0.0506462 -0.048 -0.0442034 -0.034963 -0.0548571 -0.00554839 -0.0166154 0.0074247 -0.0385116 -0.0395949 -0.0414009 -0.047126 -0.0537722 -0.0403721 -0.0535385 -0.0498723
internal_weight=9660 1113 8547 167 843 270 109 83 161 819 55 8380 1288 45 783 550 354 54 196 124 52 7092 43 237 217 119 79 43 117 94
internal_count=9660 1113 8547 167 843 270 109 83 161 819 55 8380 1288 45 783 550 354 54 196 124 52 7092 43 237 217 119 79 43 117 94
is_linear=0
shrinkage=0.08


Tree=4
num_leaves=31
num_cat=0
split_feature=39 2 1 21 4 31 8 13 5 7 5 33 31 31 39 29 1 27 15 6 21 29 15 13 17 33 6 6 33 1
split_gain=326.595 23.2449 13.4096 12.9273 5.92131 4.35463 3.38299 3.03557 2.8719 2.56309 7.04351 2.53968 2.04848 1.94779 1.90455 1.85058 1.84301 1.93478 1.70735 1.69867 1.68256 1.5254 1.51445 1.43113 1.39705 1.23983 1.21606 2.39942 1.19693 1.18307
threshold=77.545404689802055 5.5000000000000009 4.5000000000000009 14.230700000000001 34.500000000000007 14.197750000000001 0.19903913482227262 14.016500000000002 14.125583333333337 14.880695000000003 15.480710000000002 -1.0000000180025095e-35 14.214150000000002 14.046700000000003 77.292821765672542 14.214150000000002 3.5000000000000004 13.950650000000001 14.115350000000001 0.2249516063308746 14.043850000000001 14.09895 14.197750000000001 14.131850000000002 14.09895 0.42685000000000001 0.195607954095216 0.20608449699311834 0.033050000000000253 20.500000000000004
decision_type=2 2 2 2 2 2 2 2 2 2 2 2 2 2 2 2 2 2 2 2 2 2 2 2 2 2 2 2 2 2
left_child=1 2 13 4 25 16 8 -6 -7 10 -5 -12 -9 15 18 -1 19 20 -15 24 -18 -8 -22 -11 -3 -2 -20 -28 -19 -25
right_child=3 5 -4 9 7 6 21 12 -10 23 11 -13 -14 14 -16 -17 17 28 26 -21 22 -23 -24 29 -26 -27 27 -29 -30 -31
leaf_value=-0.016112007810243925 0.00057696088562497912 -0.019943442827756043 0.0012821665183255959 0.0041693133986328238 -0.016984027762212004 -0.0099165889529216518 -0.015058870054324141 -0.017244341193329717 -0.014214352403900494 -0.30624669961645057 -0.022495485841448472 -0.0081912463569752941 -0.0036677606754487021 -0.0044752364304605063 -0.017015866679680185 -0.012312994345130699 -0.019470286334213226 -0.01690434348201663 -0.011374682420359692 -0.014656644653393875 -0.014816772268658154 -0.01638721718375254 -0.017984705301359868 0.068655268803515676 -0.020179216353410259 -0.0094874183205455164 -0.014477035295975743 -0.01242290353107252 -0.019132483966676741 0.037338636061684069
leaf_weight=23 71 39 112 1287 25 39 30 20 31 32 24 21 24 34 23 25 35 287 34 33 28 42 26 6326 48 24 21 31 126 739
leaf_count=23 71 39 112 1287 25 39 30 20 31 32 24 21 24 34 23 25 35 287 34 33 28 42 26 6326 48 24 21 31 126 739
internal_value=0.00115942 -0.0405848 -0.021835 0.00634284 -0.0159024 -0.0480209 -0.0353803 -0.0337391 -0.0228571 0.00677566 0.00355556 -0.0275556 -0.0210909 -0.0347225 -0.030042 -0.0486667 -0.0509068 -0.0530359 -0.026 -0.042 -0.0423371 -0.0475556 -0.0334815 0.00738002 -0.0361379 -0.00294737 -0.032 -0.0396923 -0.0553414 0.00745648
internal_weight=9660 1067 303 8593 164 764 142 69 70 8429 1332 45 44 191 143 48 622 502 120 120 89 72 54 7097 87 95 86 52 413 7065
internal_count=9660 1067 303 8593 164 764 142 69 70 8429 1332 45 44 191 143 48 622 502 120 120 89 72 54 7097 87 95 86 52 413 7065
is_linear=0
shrinkage=0.08


Tree=5
num_leaves=31
num_cat=0
split_feature=39 31 21 13 13 2 25 21 25 31 39 17 23 8 7 21 6 1 8 25 19 17 13 6 1 4 21 21 31 13
split_gain=260.208 18.8558 9.97624 5.71782 4.0211 3.88779 3.48962 3.5054 2.22688 2.21752 2.18249 2.17656 2.01321 1.8544 1.85256 1.73107 1.65586 1.64872 1.5447 1.51692 1.43283 1.41703 1.38746 1.33516 1.3201 1.31493 1.29839 1.55257 1.98686 1.83495
threshold=77.673735303568606 14.214150000000002 14.230700000000001 14.016500000000002 14.548600000000002 5.5000000000000009 14.284200000000002 14.284200000000002 14.4777 14.642450000000002 75.859977836541731 14.046700000000003 14.09895 0.19903913482227262 14.1233725 13.884750000000002 0.22366045169840096 4.5000000000000009 0.21499776308325633 13.917650000000002 14.362500000000002 14.284200000000002 17.265850000000004 0.20306586990973829 20.500000000000004 29.500000000000004 14.115350000000001 13.983600000000001 14.148300000000001 14.18125
decision_type=2 2 2 2 2 2 2 2 2 2 2 2 2 2 2 2 2 2 2 2 2 2 2 2 2 2 2 2 2 2
left_child=1 4 3 -2 8 17 7 13 11 22 -10 19 -12 -7 21 -16 26 25 -18 -1 -21 -13 -4 -5 -11 -3 27 -17 29 -29
right_child=2 5 9 23 -6 6 -8 -9 10 24 12 14 -14 -15 15 16 18 -19 -20 20 -22 -23 -24 -25 -26 -27 -28 28 -30 -31
leaf_value=-0.018149238068741302 -0.011672946413966979 -0.015626763561683753 0.0034082181509609202 -0.011273902557587975 -0.0087310832090697951 -0.011642734472470655 -0.019018659055960906 0.00098432268028135679 -0.0074670875623947695 0.051482854623453138 -0.014261022324443259 -0.020552586948183356 -0.0036825835668263841 -0.01800098503992667 -0.010458818660907433 -0.011531972654346781 -0.017568536131266081 -0.0053794696384886192 -0.014752814117991883 -0.017606511915285675 -0.01747429973252377 -0.012864799204181017 -0.11387539634424998 7.7697539193837228e-05 0.028905401995438468 -0.0079256353526293254 -0.013195185695648497 -0.017764985861669726 -0.010684829553066818 -0.015557809392315675
leaf_weight=29 40 20 882 25 38 26 26 29 21 6667 38 60 28 28 21 45 21 106 36 160 61 57 23 83 827 35 104 75 21 28
leaf_count=29 40 20 882 25 38 26 26 29 21 6667 38 60 28 28 21 45 21 106 36 160 61 57 23 83 827 35 104 75 21 28
internal_value=0.00168944 -0.0346954 0.00642752 -0.0141622 -0.0405884 -0.0162963 -0.0279633 -0.0199518 -0.0417888 0.00679033 -0.0297011 -0.0432535 -0.0368485 -0.032 -0.0400342 -0.0371282 -0.0385455 -0.00839752 -0.0509474 -0.04928 -0.0470226 -0.0487521 0.00304972 -0.00459259 0.00724206 -0.0196364 -0.035956 -0.040284 -0.0449032 -0.0494757
internal_weight=9660 1113 8547 148 843 270 109 83 805 8399 87 718 66 54 468 351 330 161 57 250 221 117 905 108 7494 55 273 169 124 103
internal_count=9660 1113 8547 148 843 270 109 83 805 8399 87 718 66 54 468 351 330 161 57 250 221 117 905 108 7494 55 273 169 124 103
is_linear=0
shrinkage=0.08


Tree=6
num_leaves=31
num_cat=0
split_feature=39 31 21 2 13 13 39 8 4 1 25 39 27 4 8 17 7 13 1 5 33 23 8 2 5 5 31 13 23 8
split_gain=244.49 16.5094 12.5222 4.8331 4.63795 3.70717 3.59341 3.12712 2.80636 2.28911 2.18947 2.20141 2.15252 2.27637 1.98423 1.94579 2.40875 2.00249 1.59834 1.49902 1.42911 1.35838 1.31175 1.28782 1.25106 1.26035 1.22942 1.43033 1.4197 2.43627
threshold=77.545404689802055 14.18125 14.260600000000002 5.5000000000000009 14.043850000000001 14.543600000000001 80.026372593657584 0.19903913482227262 34.500000000000007 4.5000000000000009 14.4777 75.859977836541731 14.153300000000002 25.500000000000004 0.29664409134195246 14.046700000000003 14.1233725 14.153300000000002 20.500000000000004 14.134390000000002 -0.13220000000000007 14.329500000000001 0.20644902317012534 5.5000000000000009 14.46198666666667 14.619583333333336 13.950650000000001 14.046700000000003 14.131850000000002 0.18903684861363632
decision_type=2 2 2 2 2 2 2 2 2 2 2 2 2 2 2 2 2 2 2 2 2 2 2 2 2 2 2 2 2 2
left_child=1 5 4 9 8 10 14 -5 -2 -3 15 -12 13 -6 -4 -1 19 26 23 -17 -19 -9 -13 -8 -16 -26 27 -18 29 -28
right_child=2 3 6 7 12 -7 18 21 -10 -11 11 22 -14 -15 24 16 17 20 -20 -21 -22 -23 -24 -25 25 -27 28 -29 -30 -31
leaf_value=-0.01655251064362032 -0.0027044116584436497 -0.01202986466882639 0.0035631108746653696 -0.012166157732017345 -0.0016514547800106449 -0.0077685966094455244 0.05320422259146753 -0.011623864239783325 -0.013987562042425605 -0.0012669249037881975 -0.0068697205574031871 -0.011562685547438183 0.00060085204860949027 -0.012755199498633801 0.0022595422380203255 -0.013586041076561615 -0.014406227185568971 -0.011790568736820189 0.029220149818562646 -0.018420150045949556 -0.0073875800468597031 -0.014460919401512116 -0.011598713562935781 -0.014531932653997133 -0.0072799068185088146 -0.0031018480717175424 -0.015167075025081625 -0.013416199434119976 -0.01300057974170816 -0.016392845159830367
leaf_weight=230 22 65 801 70 26 39 6521 50 28 92 21 31 88 22 94 75 34 86 823 33 25 22 29 27 38 103 36 21 46 62
leaf_count=230 22 65 801 70 26 39 6521 50 28 92 21 31 88 22 94 75 34 86 823 33 25 22 29 27 38 103 36 21 46 62
internal_value=0.00168116 -0.0344367 0.00616595 -0.0184883 -0.0143656 -0.0406458 0.0066202 -0.0291831 -0.0352 -0.00881529 -0.0419314 -0.0295309 -0.00670588 -0.0203333 0.00220849 -0.0434815 -0.0402297 -0.0366452 0.00724027 -0.0505185 -0.028036 -0.0408889 -0.0373333 0.00765791 -0.00425532 -0.00902128 -0.0414472 -0.0312727 -0.0453333 -0.0507755
internal_weight=9660 1067 8593 299 186 768 8407 142 50 157 729 81 136 48 1036 648 418 310 7371 108 111 72 60 6548 235 141 199 55 144 98
internal_count=9660 1067 8593 299 186 768 8407 142 50 157 729 81 136 48 1036 648 418 310 7371 108 111 72 60 6548 235 141 199 55 144 98
is_linear=0
shrinkage=0.08


Tree=7
num_leaves=31
num_cat=0
split_feature=39 1 21 31 4 2 23 27 13 7 31 7 21 19 33 8 39 25 1 4 8 8 8 25 7 33 31 5 17 6
split_gain=204.924 13.1803 10.5918 5.15628 4.95084 3.54909 5.23717 2.80705 2.32102 3.48233 2.02856 2.11468 2.07944 1.72637 2.10938 1.6349 1.6 1.49826 1.46184 1.43707 1.36487 1.34214 1.42771 1.30486 1.2909 1.71238 1.24585 1.48467 1.43254 1.22543
threshold=77.545404689802055 18.500000000000004 14.230700000000001 14.18125 34.500000000000007 1.0000000180025095e-35 15.262250000000002 14.230700000000001 14.18125 14.150915833333334 14.576500000000001 14.839730833333336 14.329500000000001 14.115350000000001 -0.22989999999999974 0.24121532617081695 78.379009905497512 14.115350000000001 20.500000000000004 37.500000000000007 0.19259584216999115 0.21313464303263008 0.22145127534139916 14.197750000000001 14.832655833333336 -1.0000000180025095e-35 14.066000000000001 14.154896666666668 14.260600000000002 0.16782984678484039
decision_type=2 2 2 2 2 2 2 2 2 2 2 2 2 2 2 2 2 2 2 2 2 2 2 2 2 2 2 2 2 2
left_child=1 3 4 8 -2 6 15 16 20 23 12 -12 13 14 -5 -4 -6 -11 24 -15 29 26 -23 -10 25 -7 27 28 -22 -1
right_child=2 -3 5 10 7 18 -8 -9 9 17 11 -13 -14 19 -16 -17 -18 -19 -20 -21 21 22 -24 -25 -26 -27 -28 -29 -30 -31
leaf_value=-0.01555839515094092 -0.0016189580514287788 -1.0940373227327772e-05 0.0032780620046921173 -0.015429930416930991 -0.014541173740689179 -0.013335949518405244 -0.018639742604299184 -0.011490500129908422 -0.014672985728200846 -0.013039540146499596 -0.01073620701817392 -0.01403693703690855 -0.0018842855367967048 -0.012300782223940349 -0.010449499705434817 -0.0019719895871450391 -0.0074054405693155445 -0.0034611535220815323 0.027103920350377991 -0.0025502135494412295 -0.012569878357120786 -0.012455598574114523 -0.014951209499362229 -0.013036680163058603 0.054787881122040714 0.002770801239078447 -0.011646446973953234 -0.015134065395741556 -0.010159672111968592 -0.012661492665440649
leaf_weight=39 95 84 863 24 20 29 32 29 129 37 21 24 34 49 40 234 20 57 835 35 36 27 130 47 6282 154 54 22 28 150
leaf_count=39 95 84 863 24 20 29 32 29 129 37 21 24 34 49 40 234 20 57 835 35 36 27 130 47 6282 154 54 22 28 150
internal_value=0.00207868 -0.0309878 0.00618457 -0.033587 -0.0139512 0.00657634 0.00240213 -0.0302609 -0.0367619 -0.0308148 -0.0230132 -0.0382222 -0.0192527 -0.0233514 -0.03325 0.00333273 -0.044 -0.018383 0.00722192 -0.0158095 -0.0400658 -0.0434478 -0.0383694 -0.0374545 0.00762877 0.00100546 -0.0491429 -0.0431628 -0.037 -0.0347513
internal_weight=9660 1067 8593 983 164 8429 1129 69 756 270 227 45 182 148 64 1097 40 94 7300 84 486 297 157 176 6465 183 140 86 64 189
internal_count=9660 1067 8593 983 164 8429 1129 69 756 270 227 45 182 148 64 1097 40 94 7300 84 486 297 157 176 6465 183 140 86 64 189
is_linear=0
shrinkage=0.08


Tree=8
num_leaves=31
num_cat=0
split_feature=39 2 21 1 13 21 7 5 6 13 31 31 29 6 1 17 29 23 31 8 6 17 27 1 17 4 21 1 4 6
split_gain=187.043 13.1528 10.4754 6.56449 3.6601 2.65867 2.58458 4.3991 2.83738 2.2217 1.99959 2.88729 1.87118 1.76924 1.6543 1.34033 1.3195 1.29511 1.3193 1.19564 1.23346 1.50037 1.17598 1.15118 1.09004 1.81613 1.84968 1.94805 1.45515 1.18589
threshold=77.545404689802055 5.5000000000000009 14.362500000000002 4.5000000000000009 14.043850000000001 14.082400000000002 15.150900000000002 15.384750000000002 1.1051669709546303 14.18125 14.197750000000001 14.615850000000002 14.378900000000002 0.20263486149693824 20.500000000000004 14.066000000000001 14.09895 14.066000000000001 14.284200000000002 1.080942558763023 0.21871697942429766 14.576500000000001 13.950650000000001 11.500000000000002 14.000100000000002 17.500000000000004 13.917650000000002 9.5000000000000018 11.500000000000002 0.21521574294317167
decision_type=2 2 2 2 2 2 2 2 2 2 2 2 2 2 2 2 2 2 2 2 2 2 2 2 2 2 2 2 2 2
left_child=1 3 4 9 5 -2 7 19 -9 12 15 17 13 -1 -8 24 -7 18 -12 -4 21 -21 -17 -19 25 28 -27 -28 -3 -26
right_child=2 10 6 -5 -6 16 14 8 -10 -11 11 -13 -14 -15 -16 22 -18 23 -20 20 -22 -23 -24 -25 29 26 27 -29 -30 -31
leaf_value=-0.011611843888232904 -0.0082086038370600047 -0.014877224682744144 0.005639870999394816 0.0018620476031854594 -0.0022401491422067467 -0.0056837562835323884 0.053324848801222798 -0.022269192657461835 -0.0016074858782062745 -0.0057302244592946925 -0.010303630885674415 -0.010800458515374419 -0.0094404895781348454 -0.013724436793145054 0.055231434454424466 -0.012000814821382154 -0.0044789385884469726 -0.010196644649255284 0.0015903522932220599 0.0036545653474655314 0.0051301341351138183 -0.040427429819040753 -0.012253198787345095 -0.014691120332943125 -0.013954508546291398 -0.014139868315065723 -0.011209473539340993 -0.0073352887328459685 -0.012838852055732604 -0.016205607973577906
leaf_weight=33 26 30 1333 112 246 20 6068 27 38 90 26 26 39 29 682 67 27 43 21 30 61 35 304 26 81 25 42 24 25 24
leaf_count=33 26 30 1333 112 246 20 6068 27 38 90 26 26 39 29 682 67 27 43 21 30 61 35 304 26 81 25 42 24 25 24
internal_value=0.00225259 -0.0293383 0.00617526 -0.0152343 -0.00805016 -0.0237808 0.00672371 0.00374803 -0.0166154 -0.0242513 -0.0349319 -0.0263662 -0.032396 -0.0410323 0.00739556 -0.0368875 -0.0124255 -0.0209655 -0.0107234 0.00465524 -0.00279365 -0.0104615 -0.0338329 -0.027942 -0.0414024 -0.0369315 -0.0438681 -0.0368485 -0.0254545 -0.047619
internal_weight=9660 1067 8593 303 319 73 8274 1524 65 191 764 142 101 62 6750 622 47 116 47 1459 126 65 371 69 251 146 91 66 55 105
internal_count=9660 1067 8593 303 319 73 8274 1524 65 191 764 142 101 62 6750 622 47 116 47 1459 126 65 371 69 251 146 91 66 55 105
is_linear=0
shrinkage=0.08


Tree=9
num_leaves=31
num_cat=0
split_feature=39 2 21 1 39 21 27 33 31 31 31 8 15 21 25 1 31 25 1 39 6 1 19 21 23 25 21 33 15 19
split_gain=163.505 11.5928 8.17954 5.573 2.28685 2.12295 2.89047 2.06084 1.83762 2.62969 1.64039 1.60754 1.26445 1.31531 1.19657 1.18608 1.13316 2.19761 1.65352 1.60256 2.08828 1.23631 1.13138 0.985153 0.946189 2.0043 1.13889 1.37168 1.47286 1.456
threshold=77.673735303568606 5.5000000000000009 14.481250000000001 4.5000000000000009 77.382816327445269 14.115350000000001 14.18125 0.032849999999999831 14.593050000000002 14.197750000000001 14.784150000000002 0.20858811637508326 14.115350000000001 14.115350000000001 13.950650000000001 20.500000000000004 14.09895 14.481250000000001 10.500000000000002 76.128873974285639 0.1913205608397521 14.500000000000002 14.043850000000001 14.000100000000002 14.395400000000002 14.066000000000001 14.362500000000002 -0.099150000000000724 14.09895 14.09895
decision_type=2 2 2 2 2 2 2 2 2 2 2 2 2 2 2 2 2 2 2 2 2 2 2 2 2 2 2 2 2 2
left_child=1 3 5 7 8 6 23 12 9 16 -4 -9 -1 -14 -11 -12 17 24 19 -18 -21 -20 -16 -2 26 -26 27 28 29 -3
right_child=2 4 10 -5 -6 -7 -8 11 -10 14 15 -13 13 -15 22 -17 18 -19 21 20 -22 -23 -24 -25 25 -27 -28 -29 -30 -31
leaf_value=-0.0021278498466593574 -0.0075864344228986236 -0.010255360263186311 0.0025646273643650376 -0.001632103318224359 -0.0020265888149947689 -5.9350296767775033e-05 -0.0010370249562551876 -0.011766539578169507 -0.011128397809098845 -0.014960496892524456 0.043218864559234335 -0.0079247971619127756 -0.0054637454405121058 -0.0076529432877060636 -0.010510983342028999 0.029490415398406574 -0.0082198734825155214 -0.0059195780313443533 -0.017447900553110619 -0.011894323624380365 -0.010732859126406358 -0.0085589852283780507 -0.0045257547428508068 -0.010935488920243786 -0.012369813148771915 -0.0077576361043465046 -0.0081431740322221897 -0.013214212303835675 -0.012822377464652802 -0.012629575037989321
leaf_weight=42 21 40 738 132 36 515 55 34 26 26 6434 26 39 60 29 758 39 35 34 37 28 25 50 26 38 26 22 180 62 47
leaf_count=42 21 40 738 132 36 515 55 34 26 26 6434 26 39 60 29 758 39 35 34 37 28 25 50 26 38 26 22 180 62 47
internal_value=0.00248447 -0.0263576 0.00624032 -0.0138619 -0.0316923 -0.00263209 -0.0131765 -0.0222488 -0.0326452 -0.0318886 0.00693064 -0.0346667 -0.0169645 -0.021899 -0.0201905 0.00729922 -0.0338923 -0.0318222 -0.0396074 -0.0335385 -0.0412308 -0.0503051 -0.0152911 -0.0277447 -0.0334458 -0.0245 -0.0350769 -0.0362553 -0.0419329 -0.0352184
internal_weight=9660 1113 8547 333 780 617 102 201 744 718 7930 60 141 99 105 7192 613 450 163 104 65 59 79 47 415 64 351 329 149 87
internal_count=9660 1113 8547 333 780 617 102 201 744 718 7930 60 141 99 105 7192 613 450 163 104 65 59 79 47 415 64 351 329 149 87
is_linear=0
shrinkage=0.08


Tree=10
num_leaves=31
num_cat=0
split_feature=39 21 2 1 33 31 21 21 7 1 27 39 8 27 39 4 4 29 7 19 1 23 4 5 7 29 31 7 33 4
split_gain=129.553 7.86527 7.79545 4.57394 2.28458 2.258 2.53617 2.22969 2.55181 1.7453 1.54575 1.43881 1.33401 1.26845 1.54334 1.23402 1.62134 1.78416 1.59279 1.55525 1.8018 1.52884 1.63548 1.51102 1.37603 1.35537 1.22105 1.2 1.1703 1.11176
threshold=77.673735303568606 14.576500000000001 5.5000000000000009 4.5000000000000009 0.032849999999999831 14.615850000000002 14.362500000000002 14.115350000000001 14.137149166666669 20.500000000000004 14.043850000000001 80.481511253499136 0.20858811637508326 14.344400000000002 76.934746726836622 11.500000000000002 16.500000000000004 14.153300000000002 14.120073333333336 14.09895 11.500000000000002 14.000100000000002 33.500000000000007 14.114563333333335 14.125302500000002 14.197750000000001 13.950650000000001 14.131361666666669 0.48299999999999882 32.500000000000007
decision_type=2 2 2 2 2 2 2 2 2 2 2 2 2 2 2 2 2 2 2 2 2 2 2 2 2 2 2 2 2 2
left_child=2 7 3 4 13 6 15 8 -2 11 -8 -3 -6 14 -1 -4 17 -17 25 21 23 26 24 -21 -23 29 -20 -22 -10 -18
right_child=1 9 5 -5 12 -7 10 -9 28 -11 -12 -13 -14 -15 -16 16 18 -19 19 20 27 22 -24 -25 -26 -27 -28 -29 -30 -31
leaf_value=-0.0019908726431298678 -0.010004967780870065 0.0023529335793004706 -0.011969897132240719 -0.0015015350527664345 -0.010825216411915882 -0.0090461500094165381 0.0013009581660965858 0.00017280829525404329 0.0006390341673561138 0.01914379181789759 -0.0082075631404919924 0.03976135539449558 -0.0072908133889597743 -0.010152223661097937 -0.0048649914799359503 -0.011179636561389303 -0.012273623223962572 0.0034892332328938873 -0.010984602713287198 -0.0094783113693331904 -0.012701111584753573 -0.01144426206862601 -0.0065081224911765715 -0.010474869747533467 -0.0091793354049119653 -0.011897616703612309 -0.014490325323736989 -0.014329009960103395 -0.023492056658437992 -0.0069240679869492817
leaf_weight=63 27 411 133 132 34 26 25 722 52 881 29 6431 26 45 33 40 21 22 20 33 27 22 93 113 40 23 38 45 23 30
leaf_count=63 27 411 133 132 34 26 25 722 52 881 29 6431 26 45 33 40 21 22 20 33 27 22 93 113 40 23 38 45 23 30
internal_value=0.00276605 0.00610928 -0.0229075 -0.0126607 -0.0202587 -0.0272821 -0.0264828 -0.00132039 -0.0123922 0.00690198 -0.00977778 0.00733353 -0.0333333 -0.014695 -0.0095 -0.0277714 -0.0261446 -0.0139355 -0.0276436 -0.0257819 -0.0305321 -0.0209202 -0.0167742 -0.0254247 -0.0268387 -0.0384865 -0.032 -0.0408889 -0.0048 -0.0312157
internal_weight=9660 8547 1113 333 201 780 754 824 102 7723 54 6842 60 141 96 700 567 62 505 431 218 213 155 146 62 74 58 72 75 51
internal_count=9660 8547 1113 333 201 780 754 824 102 7723 54 6842 60 141 96 700 567 62 505 431 218 213 155 146 62 74 58 72 75 51
is_linear=0
shrinkage=0.08


Tree=11
num_leaves=31
num_cat=0
split_feature=39 2 21 1 21 15 39 27 21 27 1 2 27 19 8 39 8 4 15 8 33 15 23 4 7 39 31 6 31 7
split_gain=113.097 7.82826 7.64508 3.30579 2.50809 2.09697 2.41805 1.7794 1.74178 2.30225 1.73514 1.80565 1.63023 1.57453 1.30952 1.23476 1.2106 1.20237 1.2349 1.12385 1.10306 1.0254 1.239 1.70355 1.70107 1.69899 1.66843 2.04533 1.31779 1.61638
threshold=77.830070267373216 5.5000000000000009 14.716850000000003 4.5000000000000009 14.362500000000002 14.18125 76.934746726836622 14.043850000000001 14.115350000000001 14.18125 19.500000000000004 5.5000000000000009 14.148300000000001 14.329500000000001 0.24121532617081695 79.353180645170312 1.4421042757918003 29.500000000000004 14.082400000000002 0.18714801693387892 0.49335000000000134 14.284200000000002 14.066000000000001 11.500000000000002 14.120073333333336 76.487220900015117 13.884750000000002 0.22366045169840096 14.197750000000001 14.274292500000003
decision_type=2 2 2 2 2 2 2 2 2 2 2 2 2 2 2 2 2 2 2 2 2 2 2 2 2 2 2 2 2 2
left_child=1 3 8 5 21 17 12 -6 9 -2 11 15 -7 -9 -10 -4 20 18 -1 -12 -16 22 28 25 -25 -24 -26 -28 29 -3
right_child=2 4 10 -5 7 6 -8 13 14 -11 19 -13 -14 -15 16 -17 -18 -19 -20 -21 -22 -23 23 24 26 -27 27 -29 -30 -31
leaf_value=-0.0013571967025000728 -0.0087692622097469662 -0.0093249378538827459 -0.00045275517226102125 -0.0013777837385223633 0.0010347350029208792 0.0013773746190072617 -0.0078210943480007018 -0.0019871725281171522 0.002169373736710836 0.00011505346807522979 -0.0028315860317513855 -0.017618194490315157 -0.0048002547704823267 -0.0097832617690253743 -0.0020201786605844457 0.036580446962935866 0.0053805119121062804 0.00011950571909745037 -0.011236252838693844 0.020569416906366555 -0.0083410626550405129 -0.010974520836366228 -0.0077150185030740014 -0.011122450763610165 -0.012572134832583806 -0.011108238106043982 -0.0086278195486630578 -0.011016341305204066 -0.001954184293869616 -0.0089963206373273492
leaf_weight=21 42 145 49 135 32 21 49 25 784 54 22 26 41 21 194 6165 57 46 23 1102 27 203 36 38 22 30 160 31 35 24
leaf_count=21 42 145 49 135 32 21 49 25 784 54 22 26 41 21 194 6165 57 46 23 1102 27 203 36 38 22 30 160 31 35 24
internal_value=0.00286542 -0.0208225 0.00602863 -0.0105714 -0.0251172 -0.0170746 -0.0244324 -0.0114872 -1.38166e-05 -0.0103333 0.00697882 0.0075 -0.0139355 -0.0215652 0.000919021 0.00758803 -0.00379856 -0.008 -0.0174545 0.00408541 -0.00647964 -0.0265856 -0.0247063 -0.027836 -0.0248287 -0.0392727 -0.0220469 -0.019644 -0.0198431 -0.0227692
internal_weight=9660 1138 8522 336 802 201 111 78 1158 96 7364 6240 62 46 1062 6214 278 90 44 1124 221 724 521 317 251 66 213 191 204 169
internal_count=9660 1138 8522 336 802 201 111 78 1158 96 7364 6240 62 46 1062 6214 278 90 44 1124 221 724 521 317 251 66 213 191 204 169
is_linear=0
shrinkage=0.08


Tree=12
num_leaves=31
num_cat=0
split_feature=39 39 1 21 1 21 4 2 21 15 7 31 33 33 21 29 23 7 23 17 5 7 2 31 33 5 21 27 6 39
split_gain=94.4367 8.26857 5.03264 2.86985 2.18988 2.17144 2.31429 2.077 1.89749 1.56327 1.84327 1.70251 1.8593 2.50435 1.93256 1.67365 1.54735 2.3362 1.6869 2.13611 1.39323 1.93964 5.20334 3.23438 1.36509 1.3484 1.20337 1.13908 1.13842 0.991586
threshold=77.545404689802055 80.026372593657584 18.500000000000004 14.344400000000002 19.500000000000004 14.131850000000002 34.500000000000007 5.5000000000000009 15.662100000000001 14.18125 14.122820000000001 13.884750000000002 0.040200000000000465 0.23139999999999986 13.983600000000001 13.917650000000002 14.016500000000002 14.150915833333334 13.917650000000002 14.066000000000001 16.740530000000003 16.097125833333337 3.5000000000000004 17.094800000000003 0.13130000000000044 14.134390000000002 13.917650000000002 14.131850000000002 0.24063582096088601 76.03915129940647
decision_type=2 2 2 2 2 2 2 2 2 2 2 2 2 2 2 2 2 2 2 2 2 2 2 2 2 2 2 2 2 2
left_child=2 5 3 9 7 6 -2 -3 -7 10 25 -12 15 14 -14 -13 17 18 -11 -20 21 -6 -23 -24 -16 -1 27 -18 -17 -28
right_child=1 4 -4 -5 20 8 -8 -9 -10 16 11 12 13 -15 24 28 26 -19 19 -21 -22 22 23 -25 -26 -27 29 -29 -30 -31
leaf_value=-0.0066688979068582847 5.2428387842722436e-05 0.033654011205900933 0.00020188481713699969 -0.0062385495537058012 0.0089503951431967842 0.00051430906637738407 -0.0098841525064480625 -0.011375514755291785 -0.027223052887883334 -0.0078148591021930097 -0.010769278808334793 -0.014645359850202124 -0.0093452756674373035 -0.00010986822562845201 -0.008869826361983045 -0.0079570204778682836 -0.0069063513988470368 -0.010916009848045883 -0.010131733525662219 -0.0095059238053250197 0.11821736946951063 0.028953649973851796 -0.39172762967834984 -0.32184259735058346 -0.012022523483574268 -0.010635271952012122 -0.010391740505336892 -0.014235629215388354 -0.0069183406611601009 -0.0065952932479173875
leaf_weight=102 28 6236 84 96 512 1077 35 37 20 35 32 24 23 20 23 219 24 25 21 22 495 112 21 20 26 30 50 25 23 163
leaf_count=102 28 6236 84 96 512 1077 35 37 20 35 32 24 23 20 23 219 24 25 21 22 495 112 21 20 26 30 50 25 23 163
internal_value=0.00308075 0.00586803 -0.0193664 -0.0209725 0.00684838 -0.000413793 -0.0148571 0.00743887 0.000415679 -0.0223946 -0.0195862 -0.0168205 -0.0152402 -0.0250435 -0.032 -0.0118496 -0.026411 -0.0347184 -0.0278974 -0.0385116 0.00365517 0.00126316 -0.00664052 -0.0310244 -0.0409796 -0.0277576 -0.023145 -0.034449 -0.00985124 -0.0205446
internal_weight=9660 8593 1067 983 7433 1160 63 6273 1097 887 522 390 358 92 72 266 365 103 78 43 1160 665 153 41 49 132 262 49 242 213
internal_count=9660 8593 1067 983 7433 1160 63 6273 1097 887 522 390 358 92 72 266 365 103 78 43 1160 665 153 41 49 132 262 49 242 213
is_linear=0
shrinkage=0.08


Tree=13
num_leaves=31
num_cat=0
split_feature=39 39 21 1 1 15 23 23 31 7 5 7 5 8 8 2 21 4 7 1 27 19 6 13 7 21 15 6 8 29
split_gain=81.1633 8.23729 4.19432 2.62289 1.94521 1.68761 1.65957 2.97833 1.63367 1.61121 5.46263 1.51263 1.59897 1.4784 1.91797 2.69897 1.45539 1.3638 1.35087 1.16461 3.03515 1.14118 1.29738 1.12797 2.65327 2.45444 1.1121 1.61871 2.37688 1.41853
threshold=77.673735303568606 81.305600427919529 14.312950000000003 20.500000000000004 20.500000000000004 14.18125 14.000100000000002 13.917650000000002 13.884750000000002 14.847939166666668 15.719810000000001 14.122820000000001 14.125583333333337 0.34064491142499004 1.0106477066210111 2.5000000000000004 14.115350000000001 34.500000000000007 14.133285000000003 21.500000000000004 17.384900000000005 14.444800000000003 0.18624292284647795 15.971400000000001 15.53871166666667 15.798950000000003 14.378900000000002 0.1689365947196301 0.24190332129118255 14.000100000000002
decision_type=2 2 2 2 2 2 2 2 2 2 2 2 2 2 2 2 2 2 2 2 2 2 2 2 2 2 2 2 2 2
left_child=2 13 3 5 9 8 7 -7 -1 10 -3 12 -10 16 15 -15 18 -14 -2 20 -6 -16 -23 24 -21 -26 27 -8 29 -29
right_child=1 4 -4 -5 19 6 26 -9 11 -11 -12 -13 17 14 21 -17 -18 -19 -20 23 -22 22 -24 -25 25 -27 -28 28 -30 -31
leaf_value=-0.0094678604288153962 -0.0082208944765045436 0.0085326697150731098 -0.004985860468480873 0.0019927711468685559 0.032316206743794491 -0.0084713739657099069 -0.0080728300488480086 -0.010731136309383887 -0.0059823516149939216 0.036801686647319518 -0.027669967901673715 -0.0080751602595498812 -0.012148313741672807 -0.0012150074732596942 0.003636397644698152 -0.024092222127864642 0.0018193233673269174 -0.0062469755265396193 0.00013304800193776346 0.028699424117605957 -0.41978496364777201 -0.17443785657441419 -0.0011472624307431213 0.069965959415730514 -0.18299121028959733 0.031471729980233648 -0.0081318486162992084 -0.0075580143523656471 -0.0087965599648581489 -0.0040676238290291659
leaf_weight=39 20 90 186 37 206 41 22 40 75 6184 20 359 24 52 77 22 1160 22 22 102 28 20 127 372 25 20 149 28 26 65
leaf_count=39 20 90 186 37 206 41 22 40 75 6184 20 359 24 52 77 22 1160 22 22 102 28 20 127 372 25 20 149 28 26 65
internal_value=0.00316356 0.00580976 -0.0171572 -0.0193571 0.00695558 -0.0202247 -0.024345 -0.0344691 -0.0172794 0.00741532 -0.00218182 -0.016 -0.0237355 0.000426667 -0.00461745 -0.0157838 0.0016772 -0.0354783 -0.0129524 0.00311288 -0.00157265 -0.000928571 -0.00506122 0.00522543 -0.000707483 -0.0168889 -0.0215172 -0.0266099 -0.0229244 -0.0169462
internal_weight=9660 8547 1113 927 7047 890 371 81 519 6294 110 480 121 1500 298 74 1202 46 42 753 234 224 147 519 147 45 290 141 119 93
internal_count=9660 8547 1113 927 7047 890 371 81 519 6294 110 480 121 1500 298 74 1202 46 42 753 234 224 147 519 147 45 290 141 119 93
is_linear=0
shrinkage=0.08


Tree=14
num_leaves=31
num_cat=0
split_feature=39 7 5 2 13 21 1 33 15 4 1 27 27 31 29 1 29 31 21 31 25 31 6 23 31 15 19 23 4 15
split_gain=73.5302 9.42138 4.81536 3.54182 2.2152 2.1224 2.02694 1.94378 1.74718 1.37855 1.29951 1.24895 1.19548 1.1857 1.12733 1.12071 3.09226 1.07715 1.37619 1.06758 0.941673 1.19472 1.13907 1.48436 0.999023 1.60635 1.8024 1.36167 2.09307 1.29089
threshold=77.382816327445269 15.312054166666668 16.051233333333339 5.5000000000000009 14.968750000000002 14.510650000000002 4.5000000000000009 0.032849999999999831 13.917650000000002 43.500000000000007 20.500000000000004 14.000100000000002 14.344400000000002 14.593050000000002 14.260600000000002 21.500000000000004 17.462750000000003 15.426750000000002 14.917400000000002 15.883650000000001 13.917650000000002 14.131850000000002 0.23133056084196241 13.851850000000002 13.851850000000002 14.260600000000002 14.153300000000002 14.066000000000001 11.500000000000002 14.395400000000002
decision_type=2 2 2 2 2 2 2 2 2 2 2 2 2 2 2 2 2 2 2 2 2 2 2 2 2 2 2 2 2 2
left_child=3 2 5 6 17 -2 7 9 11 12 -6 -5 -1 20 -9 16 -12 18 -3 -17 21 -10 23 -22 -25 27 29 -26 -29 -27
right_child=1 4 -4 8 10 -7 -8 14 13 -11 15 -13 -14 -15 -16 19 -18 -19 -20 -21 22 -23 -24 24 25 26 -28 28 -30 -31
leaf_value=-0.0030122789013240733 -0.001026026318493 0.0022990374730934987 -0.025159803377707419 0.0029007600260855032 0.036777549884479302 0.0028235861519367235 0.0021996246556845013 -0.011112812400783031 -0.007199096367295113 0.00050618409627121389 0.052111496771854039 -0.0048788693944344531 -0.0079487853197710793 -0.0075556739741762967 -0.0027948869532052477 -0.0086317993879865725 -0.38515226185411894 0.0099436637689642466 -0.01040088517513401 0.089550432999297505 -0.010486090778828363 -0.011854086531710634 -0.004974411584974886 -0.010151846003840906 -0.0045520362772959724 -0.0070924899125532183 -0.0030170004942684696 -0.0081568658401978949 -0.0085975666964901477 -0.0087118064089227714
leaf_weight=61 660 21 35 26 5969 1259 99 25 45 37 183 79 35 26 21 64 21 46 35 345 23 33 64 26 119 53 24 33 117 76
leaf_count=61 660 21 35 26 5969 1259 99 25 45 37 183 79 35 26 21 64 21 46 35 345 23 33 64 26 119 53 24 33 117 76
internal_value=0.00332091 0.0057217 0.00083521 -0.0169706 0.00715021 0.00137155 -0.00926619 -0.0143464 -0.0198495 -0.00944361 0.00733151 -0.0102857 -0.0145 -0.021421 -0.0285217 0.00382382 -0.00101961 -0.00454902 -0.012 0.00623961 -0.0207113 -0.0289231 -0.019514 -0.0208747 -0.0198571 -0.0189194 -0.0254641 -0.015197 -0.0202667 -0.0292093
internal_weight=9660 8638 1954 1022 6684 1919 278 179 744 133 6582 105 96 639 46 613 204 102 56 409 613 78 535 471 448 422 153 269 150 129
internal_count=9660 8638 1954 1022 6684 1919 278 179 744 133 6582 105 96 639 46 613 204 102 56 409 613 78 535 471 448 422 153 269 150 129
is_linear=0
shrinkage=0.08


Tree=15
num_leaves=31
num_cat=0
split_feature=39 31 2 7 13 15 31 4 6 1 39 15 19 4 33 39 21 4 15 5 5 17 5 1 8 23 27 23 25 8
split_gain=65.9996 8.42919 3.4664 2.28012 4.31876 1.84038 2.70335 2.36431 2.17956 1.68451 2.1308 2.64962 1.61853 1.4621 1.72208 1.39131 1.27313 1.77941 1.26605 1.65323 1.30067 1.26536 1.36111 1.21127 1.27282 1.16452 1.16159 1.06579 0.997584 0.969599
threshold=77.673735303568606 15.036200000000003 5.5000000000000009 14.847939166666668 14.901200000000001 14.284200000000002 13.851850000000002 11.500000000000002 0.1991848608462288 3.5000000000000004 76.934746726836622 14.18125 17.576750000000004 16.500000000000004 0.065850000000001088 81.305600427919529 14.115350000000001 34.500000000000007 14.395400000000002 14.118983333333334 14.138806666666669 14.09895 14.121176666666669 19.500000000000004 0.19162589776512315 14.413900000000002 14.260600000000002 15.158250000000002 14.043850000000001 0.20644902317012534
decision_type=2 2 2 2 2 2 2 2 2 2 2 2 2 2 2 2 2 2 2 2 2 2 2 2 2 2 2 2 2 2
left_child=2 12 9 4 -3 6 -4 8 -8 10 26 -12 16 -9 25 27 17 -2 19 -7 -20 -16 -23 -17 -25 -15 -1 -5 -27 -22
right_child=1 3 5 15 -6 18 7 13 -10 -11 11 -13 -14 14 21 23 -18 -19 20 -21 29 22 -24 24 -26 28 -28 -29 -30 -31
leaf_value=0.0011940609044437081 0.00074523553964100865 0.011210624508019377 -0.0081944431405324564 0.0020263741582466606 -0.023147019086814841 -0.0076305689533108373 -0.0089997688955154274 0.00094769803246245207 -0.0046291628192397117 -0.002595500442889513 -0.005124953891409008 -0.0049384001520838819 -0.0098277749051816615 -0.0050261481125054245 -0.0024790291290814281 0.033835345893720899 0.0010132446254387049 -0.0072427392211451697 -0.007294192924124622 -0.0065595674758467601 -0.0061498355009246587 -0.0058639934666499484 -0.009458074958500649 -0.0094834306638861676 0.047316843957658263 -0.010601722281336028 -0.0035066066576877144 -0.0035852530724914855 -0.0069795353915918191 -0.010247335817736803
leaf_weight=51 34 45 31 38 21 20 78 50 48 178 25 40 27 213 30 5770 1619 34 80 62 20 24 48 21 900 21 39 38 26 29
leaf_count=51 34 45 31 38 21 20 78 50 48 178 25 40 27 213 30 5770 1619 34 80 62 20 24 48 21 900 21 39 38 26 29
internal_value=0.00339545 0.00578168 -0.014929 0.00703995 -0.00775758 -0.0178462 -0.0154798 -0.0141561 -0.023746 -0.0080961 -0.0141935 -0.0252308 0.000765461 -0.0112233 -0.0129945 0.00718428 0.00107647 -0.00964706 -0.0242275 -0.032 -0.0192868 -0.0218039 -0.0275556 0.00730653 0.00461238 -0.00953846 -0.00622222 -0.00357895 -0.0209362 -0.029551
internal_weight=9660 8547 1113 6833 66 780 569 538 126 333 155 65 1714 412 362 6767 1687 68 211 82 129 102 72 6691 921 260 90 76 47 49
internal_count=9660 8547 1113 6833 66 780 569 538 126 333 155 65 1714 412 362 6767 1687 68 211 82 129 102 72 6691 921 260 90 76 47 49
is_linear=0
shrinkage=0.08


Tree=16
num_leaves=31
num_cat=0
split_feature=39 39 2 23 2 8 8 1 15 1 27 21 1 39 15 17 4 33 27 39 1 4 39 7 15 27 21 27 27 31
split_gain=60.7384 9.61394 4.03918 3.36974 3.08149 2.42081 2.38128 1.76337 1.52569 1.51547 2.27959 1.49049 1.44166 1.63173 1.57544 1.18797 1.23857 1.8549 1.74107 1.3027 1.70052 1.15868 1.30157 1.10291 1.34538 1.01122 0.988719 1.68067 1.7 1.12719
threshold=77.382816327445269 82.137574322253542 1.0000000180025095e-35 14.867400000000002 5.5000000000000009 0.34064491142499004 1.2698807497509568 20.500000000000004 13.917650000000002 21.500000000000004 17.384900000000005 14.481250000000001 4.5000000000000009 76.934746726836622 14.18125 14.481250000000001 38.500000000000007 0.23139999999999986 13.917650000000002 76.666394362879871 7.5000000000000009 37.500000000000007 87.789830952746996 14.150915833333334 14.260600000000002 14.000100000000002 14.09895 13.950650000000001 14.230700000000001 14.131850000000002
decision_type=2 2 2 2 2 2 2 2 2 2 2 2 2 2 2 2 2 2 2 2 2 2 2 2 2 2 2 2 2 2
left_child=4 5 3 -3 12 11 -7 -4 25 10 21 -2 13 -1 -15 16 17 23 -18 -20 -21 -9 -23 26 -25 -6 29 -28 -29 -10
right_child=1 2 7 -5 8 6 -8 9 15 -11 -12 -13 -14 14 -16 -17 18 -19 19 20 -22 22 -24 24 -26 -27 27 28 -30 -31
leaf_value=-0.0025762670185309239 -0.00042764489483545278 0.00099682400443281121 0.031128518222223251 -0.024157644240097653 0.0030827836547490943 -0.0055912454192954143 -0.00025791820357318608 0.051881486940857931 -0.0060701153866841604 0.045020050601041348 -0.36661432509023623 0.0029360005888678133 0.0022312947186609471 -0.0069465893790833571 -0.0068104366965324424 -0.010043172444806559 -0.01006380671178111 -0.001595460036559271 -0.0039952456075652018 -0.0023305923962175009 -0.0094156024825400395 0.039317156285993353 -0.28558474697152364 -0.0029062675493464053 -0.0087264684693200232 -0.003963468093261242 -0.003676004793274248 -0.0090039471181356696 -0.0044333674738435006 -0.0098206623623275386
leaf_weight=116 494 23 6040 22 26 148 251 127 122 490 28 948 99 26 37 37 28 35 122 32 31 29 38 43 24 79 21 51 30 63
leaf_count=116 494 23 6040 22 26 148 251 127 122 490 28 948 99 26 37 37 28 35 122 32 31 29 38 43 24 79 21 51 30 63
internal_value=0.00342857 0.00561056 0.00699956 -0.0168889 -0.0150137 0.000482347 -0.00503258 0.00715877 -0.0176989 0.00339326 -0.00209009 0.00200832 -0.00782734 -0.0121117 -0.0224762 -0.0191674 -0.0183123 -0.0209974 -0.0134085 -0.0105946 -0.0199365 0.000989691 -0.00752239 -0.0227345 -0.0134925 -0.0087619 -0.024892 -0.0312157 -0.0364444 -0.0214054
internal_weight=9660 8638 6797 45 1022 1841 399 6752 744 712 222 1442 278 179 63 639 602 389 213 185 63 194 67 354 67 105 287 102 81 185
internal_count=9660 8638 6797 45 1022 1841 399 6752 744 712 222 1442 278 179 63 639 602 389 213 185 63 194 67 354 67 105 287 102 81 185
is_linear=0
shrinkage=0.08


Tree=17
num_leaves=31
num_cat=0
split_feature=39 31 7 21 31 1 13 13 5 33 17 8 23 17 31 21 6 6 29 4 7 29 29 17 7 1 23 25 27 8
split_gain=52.5812 8.60583 3.22809 2.29971 2.22081 1.64205 1.608 1.49945 1.49054 1.131 2.87852 1.69373 1.61168 1.4286 1.72522 1.32105 1.24839 2.30959 1.12332 1.11806 3.34735 2.25081 1.09394 1.08 1.04179 1.03276 1.00735 1.28093 0.977948 0.977857
threshold=77.673735303568606 15.105100000000002 14.847939166666668 15.390450000000003 14.18125 19.500000000000004 14.548600000000002 17.265850000000004 16.907426666666669 0.065850000000001088 14.395400000000002 0.21787777948976408 14.09895 14.18125 13.884750000000002 14.066000000000001 0.2080663931355983 0.20263486149693824 14.046700000000003 45.500000000000007 16.097125833333337 16.287150000000004 14.411800000000001 14.016500000000002 14.126130833333333 12.500000000000002 14.066000000000001 14.214150000000002 14.395400000000002 0.71704800698465154
decision_type=2 2 2 2 2 2 2 2 2 2 2 2 2 2 2 2 2 2 2 2 2 2 2 2 2 2 2 2 2 2
left_child=4 7 3 -3 6 -4 9 -2 19 13 11 18 -12 14 -1 -13 17 29 -11 -7 -21 -22 -9 -20 28 -18 27 -6 -15 -16
right_child=1 2 5 -5 26 8 -8 22 -10 10 12 15 -14 24 16 -17 25 -19 23 20 21 -23 -24 -25 -26 -27 -28 -29 -30 -31
leaf_value=-0.0077678790437267003 0.00053047010259258081 0.0011093316550653026 0.028638236764445397 -0.020154188216365096 0.0023874762007535886 0.018935677022837463 0.00096890022390973447 0.0014380917156300219 0.095441908397663866 -0.0067069049516535108 -0.0068756516989477304 -0.0066193720340881612 -0.011243229884050436 -0.0055771330079292481 -0.0047793747469429696 -0.0082883882957661172 0.00028952009396763649 -0.006956172941883494 0.0022143775079569261 0.036164944849885333 -0.27467396475665978 -0.073023151690837299 -0.112740828723321 -0.0045902882441170006 -0.0032265960787548342 -0.0071356516162800242 -0.0050940611338364241 -0.0085366941693940414 0.00019893305067287815 -0.0063080230580516714
leaf_weight=34 1782 20 5739 21 66 361 36 20 475 41 29 21 22 53 175 22 46 22 27 62 23 20 24 48 129 27 244 23 23 25
leaf_count=34 1782 20 5739 21 66 361 36 20 475 41 29 21 22 53 175 22 46 22 27 62 23 20 24 48 129 27 244 23 23 25
internal_value=0.00351139 0.00564128 0.00696444 -0.0154146 -0.0128446 0.0071018 -0.0151795 0.000771085 0.00400425 -0.0159785 -0.0209524 -0.0156478 -0.0374902 -0.0140225 -0.0172888 -0.0292093 -0.015322 -0.0183063 -0.0106207 0.0007897 -0.00647619 -0.0236279 -0.0138182 -0.0048 -0.00878049 -0.00624657 -0.00737537 -8.98873e-05 -0.0162105 -0.0156
internal_weight=9660 8547 6721 41 1113 6680 780 1826 941 744 210 159 51 534 329 43 295 222 116 466 105 43 44 75 205 73 333 89 76 200
internal_count=9660 8547 6721 41 1113 6680 780 1826 941 744 210 159 51 534 329 43 295 222 116 466 105 43 44 75 205 73 333 89 76 200
is_linear=0
shrinkage=0.08


Tree=18
num_leaves=31
num_cat=0
split_feature=39 39 27 2 2 23 13 15 15 17 4 4 13 1 5 21 7 8 15 8 19 39 4 25 4 4 27 17 6 23
split_gain=46.9279 9.77439 2.58951 2.45552 2.12664 1.90004 1.46076 1.45478 1.69379 1.57835 1.42825 2.42095 1.40014 1.36981 1.2294 1.15705 1.21361 1.16745 1.06778 0.96932 1.65994 1.82414 0.925717 1.04092 1.07542 1.25604 1.00094 0.911616 1.11468 0.881782
threshold=77.673735303568606 82.137574322253542 15.373050000000001 1.0000000180025095e-35 5.5000000000000009 14.867400000000002 14.284200000000002 14.046700000000003 14.642450000000002 14.4777 13.500000000000002 16.500000000000004 14.046700000000003 2.5000000000000004 15.64155666666667 14.115350000000001 14.137149166666669 0.26456157389541962 15.088900000000002 0.21787777948976408 14.461300000000001 75.680532486783406 35.500000000000007 14.312950000000003 19.500000000000004 24.500000000000004 14.510650000000002 14.18125 0.20083479446006675 14.066000000000001
decision_type=2 2 2 2 2 2 2 2 2 2 2 2 2 2 2 2 2 2 2 2 2 2 2 2 2 2 2 2 2 2
left_child=4 2 15 5 6 -3 7 -1 9 27 29 -12 -5 18 -8 16 -2 -17 -4 -13 21 -21 23 -19 26 -26 -25 28 -9 -6
right_child=1 3 13 12 10 -7 14 8 -10 -11 11 19 -14 -15 -16 17 -18 22 -20 20 -22 -23 -24 24 25 -27 -28 -29 -30 -31
leaf_value=0.001637826339989612 -0.0064570324221882086 0.0080230828917243376 -0.007834926820675563 -0.24115212098307548 -0.0066277569384830294 -0.020419415473399871 0.0017801530932012816 -0.0011789318888777588 0.0033262967230426599 -0.0064066473852687567 0.0027487606935899843 -0.0044227084873028092 0.027555216153367895 -0.0029913096794721818 -0.18378240655264214 0.0014011279004554921 0.00037283118976874592 0.0032246633297798128 -0.0046111461536188589 0.00061942017321155965 -0.0073895137535094505 -0.0078009497213683641 0.0007212029153925377 -0.025766016842447791 -0.010475175640613921 -0.0027486143170441057 0.0010530461517698922 -0.004715784435116218 -0.0083046041564689803 -0.0064287490043809115
leaf_weight=30 26 23 20 32 81 22 116 24 26 39 36 366 6720 66 22 1179 32 49 25 35 27 125 178 26 28 46 75 55 21 110
leaf_count=30 26 23 20 32 81 22 116 24 26 39 36 366 6720 66 22 1179 32 49 25 35 27 125 178 26 28 46 75 55 21 110
internal_value=0.0036853 0.00569744 0.000365715 0.00707018 -0.0117664 -0.0115556 -0.00641441 -0.0108718 -0.0138182 -0.0173237 -0.0140513 -0.0121019 0.00719431 -0.0114595 -0.000115942 0.00116657 -0.00993103 0.00157369 -0.0222222 -0.0134105 -0.0180963 -0.015 -0.00214925 -0.00557143 -0.00845714 -0.0157838 -0.00308911 -0.012 -0.0204444 -0.0200628
internal_weight=9660 8547 1750 6797 1113 45 333 195 165 139 780 589 6752 111 138 1639 58 1581 45 553 187 160 402 224 175 74 101 100 45 191
internal_count=9660 8547 1750 6797 1113 45 333 195 165 139 780 589 6752 111 138 1639 58 1581 45 553 187 160 402 224 175 74 101 100 45 191
is_linear=0
shrinkage=0.08


Tree=19
num_leaves=31
num_cat=0
split_feature=21 39 31 2 27 19 6 21 4 27 23 17 19 7 25 39 1 29 6 25 15 17 27 7 21 8 39 39 1 33
split_gain=40.7222 7.99797 3.43556 2.81206 2.01488 2.37731 1.83868 1.51826 1.25596 1.25149 2.23769 1.29639 2.53653 2.00734 1.18175 1.27763 1.12327 1.10553 1.04143 2.48038 1.93962 1.89553 1.0125 1.16847 1.15399 0.76613 0.966972 0.770772 0.877175 1.30083
threshold=14.362500000000002 82.342848926901326 14.18125 1.0000000180025095e-35 15.479500000000003 14.934950000000002 0.23583569248655592 13.950650000000001 30.500000000000004 14.153300000000002 14.18125 14.115350000000001 13.983600000000001 14.124692500000002 13.983600000000001 76.934746726836622 2.5000000000000004 14.046700000000003 0.19955525346489247 14.260600000000002 14.18125 14.000100000000002 14.329500000000001 14.133285000000003 14.131850000000002 0.26456157389541962 76.666394362879871 79.648449811590822 20.500000000000004 -0.27589999999999909
decision_type=2 2 2 2 2 2 2 2 2 2 2 2 2 2 2 2 2 2 2 2 2 2 2 2 2 2 2 2 2 2
left_child=2 4 6 -3 25 -6 7 17 16 11 14 12 -9 -13 -11 22 -7 -1 19 21 -20 -14 24 -24 -16 26 -2 -27 29 -29
right_child=1 3 -4 -5 5 8 -8 9 -10 10 -12 13 18 -15 15 -17 -18 -19 20 -21 -22 -23 23 -25 -26 27 -28 28 -30 -31
leaf_value=-0.0098162398692646386 -0.0035202780414734154 -0.015067166431461346 -0.0020414742162903248 0.027062758699965599 -0.018135360329176262 -0.007931113473130625 -0.0024737735491281135 -0.001282503365248242 0.0034773944513954453 -0.0033533475533678203 0.0010281455891349802 -0.0088734411366784369 -0.0049100557982741976 -0.0022239253661007902 -0.0067565318535648539 -0.0054986612963479698 -0.0060062560293849803 -0.0024327981903893396 -0.0087408105164422812 -0.0022034506589077361 -0.0073533529467327318 -0.0098973877307863556 0.00035611084609097303 -0.0054997832375460595 -0.0052972330951900262 0.001145474195666564 0.0021272318023933677 0.0053350296203725153 0.011936893530559527 -0.0029353945290779399
leaf_weight=52 22 33 435 6640 28 21 132 36 57 32 49 37 25 79 26 41 31 95 24 33 26 32 41 31 22 182 1162 36 77 123
leaf_count=52 22 33 435 6640 28 21 132 36 57 32 49 37 25 79 26 41 31 95 24 33 26 32 41 31 22 182 1162 36 77 123
internal_value=0.00379296 0.00579363 -0.00969231 0.0070529 0.000961472 -0.00835036 -0.0127626 -0.0144376 -0.00300917 -0.0164195 -0.0121653 -0.0199452 -0.0242727 -0.0133793 -0.0160415 -0.0188323 -0.012 -0.00723809 -0.0291429 -0.024 -0.0384 -0.0341053 -0.0146667 -0.00866667 -0.0236667 0.0017578 0.0027973 -0.0011866 -0.00420339 -0.00759748
internal_weight=9660 8412 1248 6673 1739 137 813 681 109 534 242 292 176 116 193 161 52 147 140 90 50 57 120 72 48 1602 1184 418 236 159
internal_count=9660 8412 1248 6673 1739 137 813 681 109 534 242 292 176 116 193 161 52 147 140 90 50 57 120 72 48 1602 1184 418 236 159
is_linear=0
shrinkage=0.08


Tree=20
num_leaves=31
num_cat=0
split_feature=21 39 2 1 27 15 33 13 17 21 27 23 8 33 33 8 39 13 25 4 7 8 31 25 21 17 1 19 5 31
split_gain=34.8561 9.40657 2.16788 2.02547 2.59358 1.76929 1.55843 1.37274 1.4829 1.60164 1.72308 1.16485 1.15598 1.0029 2.14917 0.955857 0.929665 0.913808 0.826564 0.820996 1.33333 0.816308 0.804439 0.785343 0.948888 0.718442 1.15587 1.18847 2.30934 1.07089
threshold=14.260600000000002 82.728928315775278 1.0000000180025095e-35 2.5000000000000004 15.479500000000003 14.615850000000002 -0.1824999999999983 14.543600000000001 14.18125 13.950650000000001 14.066000000000001 14.362500000000002 0.18418670692340636 0.13130000000000044 0.22775000000000215 0.19704768187955354 75.501630910812239 16.9785 13.884750000000002 1.0000000180025095e-35 14.628340833333334 0.21969386369127972 14.148300000000001 16.892300000000002 16.938100000000002 14.000100000000002 12.500000000000002 14.000100000000002 14.136610000000003 14.18125
decision_type=2 2 2 2 2 2 2 2 2 2 2 2 2 2 2 2 2 2 2 2 2 2 2 2 2 2 2 2 2 2
left_child=5 3 -3 4 -2 7 -6 8 9 10 -1 -12 -4 -10 15 -15 -11 -7 -18 20 -5 -16 -14 -21 -25 -20 27 28 -27 -29
right_child=1 2 12 19 6 17 -8 -9 13 16 11 -13 22 14 21 -17 18 -19 25 23 -22 -23 -24 24 -26 26 -28 29 -30 -31
leaf_value=0.00093907046153786887 -0.0013382917079604662 -0.013336997576897857 -0.014339320135276524 -0.0033897362096129706 -0.0073602618031349525 0.0033110018064322535 -0.0012670605284674607 0.00068713433639368596 -0.0022701456113849126 -0.007903469526380073 -0.0046051517086346362 -0.0088098018297990983 -0.019628647813873898 -0.0080447546980017756 -0.0051109130080122869 -0.0093657096269359769 0.0014926866716604462 -0.29570505709727851 -0.0034853125053746666 0.0011188591242274981 0.0035361654028063932 0.00059917525199107468 0.027817736172913641 -0.014190338326558614 0.0065670917708766053 -0.005770921746735054 -0.0068335286906797124 -0.0052330584058970274 -0.007307171655470489 0.00056973445672930771
leaf_weight=68 183 34 28 24 25 67 21 58 282 34 55 20 39 22 37 26 20 23 104 1738 24 22 6434 23 20 39 43 95 20 32
leaf_count=68 183 34 28 24 25 67 21 58 282 34 55 20 39 22 37 26 20 23 104 1738 24 22 6434 23 20 39 43 95 20 32
internal_value=0.00379296 0.00548633 0.00697169 0.00076968 -0.00632314 -0.00984442 -0.0233043 -0.0108332 -0.0115865 -0.0143396 -0.00710489 -0.0154667 0.00707707 -0.00783548 -0.0144299 -0.027 -0.0170129 0.000888889 -0.015796 0.00165774 -0.00866667 -0.00420339 0.00714723 0.00193599 -0.00874419 -0.0167447 -0.0192489 -0.0165161 -0.0258983 -0.0121575
internal_weight=9660 8593 6535 2058 229 1067 46 977 919 530 143 75 6501 389 107 48 387 90 353 1829 48 59 6473 1781 43 333 229 186 59 127
internal_count=9660 8593 6535 2058 229 1067 46 977 919 530 143 75 6501 389 107 48 387 90 353 1829 48 59 6473 1781 43 333 229 186 59 127
is_linear=0
shrinkage=0.08


Tree=21
num_leaves=31
num_cat=0
split_feature=39 39 21 1 6 6 4 5 6 8 25 39 19 29 27 21 23 4 27 6 17 6 4 4 13 23 23 39 31 23
split_gain=29.7794 6.49689 3.45379 2.09529 1.42836 1.40417 1.18774 1.09053 1.07237 1.03469 0.97089 0.866417 1.69104 1.31891 1.67659 0.800788 0.949122 1.08913 0.798206 1.69697 0.732651 1.14608 0.977805 1.23736 1.02542 1.1296 0.955442 0.823129 0.811254 0.856618
threshold=78.379009905497512 83.787383992455787 14.260600000000002 2.5000000000000004 0.65826741301574809 0.3044761156952463 1.0000000180025095e-35 17.462610000000005 0.20687163398061767 1.0368215307608737 16.892300000000002 87.009243681298301 16.226550000000003 17.783000000000005 17.265850000000004 13.950650000000001 14.066000000000001 37.500000000000007 15.158250000000002 0.22592551265599839 14.18125 0.19955525346489247 7.5000000000000009 26.500000000000004 14.18125 14.043850000000001 14.09895 76.666394362879871 14.153300000000002 14.043850000000001
decision_type=2 2 2 2 2 2 2 2 2 2 2 2 2 2 2 2 2 2 2 2 2 2 2 2 2 2 2 2 2 2
left_child=2 3 8 5 -3 18 -4 11 15 -7 -5 12 -6 -13 -15 16 -1 -18 -2 -20 21 22 -17 26 25 -25 27 -24 29 -22
right_child=1 4 6 10 7 9 -8 -9 -10 -11 -12 13 -14 14 -16 20 17 -19 19 -21 28 -23 23 24 -26 -27 -28 -29 -30 -31
leaf_value=0.0013290661320750719 0.0023121120012068509 0.037512330706814936 -0.0039486633483980706 0.0022323319275180608 0.0057131742781774755 -0.017903266272524858 -4.4845096611697051e-05 0.071996877109451338 -0.0034950472077498363 -0.0010790604378443213 -0.0068599161935694198 0.015551825714790484 -0.016835676236231195 0.11419212398254726 -0.29376236062578659 -0.0080998406529142145 -0.0060641732956712427 0.00084000285624451947 -0.0032729131198485197 0.0063215627649933336 -0.0026370189561688764 -0.0052657186512238621 -0.0068184429226347074 -0.0072665560911266795 -0.0028205418492323231 -0.0021235514259955336 0.0021920618014770457 0.00099672256984013148 -0.00036900637779561636 -0.0052741641113070803
leaf_weight=25 119 5179 29 2016 67 27 425 266 366 29 28 387 22 24 21 35 65 31 33 21 61 34 28 20 59 39 35 21 53 95
leaf_count=25 119 5179 29 2016 67 27 425 266 366 29 28 387 22 24 21 35 65 31 33 21 61 34 28 20 59 39 35 21 53 95
internal_value=0.0037764 0.00562107 -0.00691907 0.00198152 0.00700771 -0.00527511 -0.001163 0.00383227 -0.00962151 -0.0162857 0.00279452 0.00170441 -0.00548315 0.00318519 -0.00977778 -0.0117005 -0.0058843 -0.0095 -0.00171098 -0.00977778 -0.0131667 -0.0159114 -0.0139409 -0.011802 -0.0170847 -0.0245424 -0.00438095 -0.0115918 -0.00960765 -0.0125128
internal_weight=9660 8239 1421 2273 5966 229 454 787 967 56 2044 521 89 432 45 601 121 96 173 54 480 271 237 202 118 59 84 49 209 156
internal_count=9660 8239 1421 2273 5966 229 454 787 967 56 2044 521 89 432 45 601 121 96 173 54 480 271 237 202 118 59 84 49 209 156
is_linear=0
shrinkage=0.08


Tree=22
num_leaves=31
num_cat=0
split_feature=21 13 7 27 2 8 8 17 25 6 13 29 39 39 31 33 27 21 19 13 13 27 5 4 6 4 33 7 13 21
split_gain=26.7386 7.73624 2.81849 3.38903 2.44021 1.67899 1.51021 1.19255 1.06868 0.844254 0.778703 1.07091 1.07741 1.2658 0.70329 0.984861 0.806213 1.16414 1.62188 1.87561 1.3856 1.11004 1.04522 1.03628 1.6 1.00136 1.78898 1.63333 1.50209 1.64501
threshold=14.362500000000002 15.284800000000002 14.880695000000003 15.4565 3.5000000000000004 0.26289886892946618 0.18418670692340636 15.262250000000002 14.260600000000002 0.17767665559803225 14.18125 14.016500000000002 77.382816327445269 76.934746726836622 14.197750000000001 0.42685000000000001 14.395400000000002 13.950650000000001 14.043850000000001 14.395400000000002 14.413900000000002 14.197750000000001 14.129996666666669 23.500000000000004 0.18908854602035305 46.500000000000007 0.23059999999999994 14.124692500000002 14.131850000000002 14.131850000000002
decision_type=2 2 2 2 2 2 2 2 2 2 2 2 2 2 2 2 2 2 2 2 2 2 2 2 2 2 2 2 2 2
left_child=4 5 3 -3 10 -2 -4 9 -7 -8 11 -1 13 -13 16 -16 17 21 19 22 25 -6 23 24 -19 26 28 -27 29 -20
right_child=1 2 6 -5 14 8 7 -9 -10 -11 -12 12 -14 -15 15 -17 -18 18 20 -21 -22 -23 -24 -25 -26 27 -28 -29 -30 -31
leaf_value=-0.0012808288794150197 0.0016377426893090785 0.0015367454940605264 -0.013370761078655846 -0.018683448408924573 -0.0017139481768565145 0.0040496373166917553 -0.0026995370969088305 0.031253727062769771 -0.0019130970237490931 0.0059195587739801795 0.00013471953785047322 -0.00087139103722903399 0.0013150720898330961 -0.0083064896132578666 -0.0021613474807682712 -0.0095532344696848768 -0.0025238874407121879 -0.0078847349874523239 -0.0052681115826695617 0.0023773297954053142 -0.0053831361844156964 -0.0070839157091573089 -0.0066049274037712213 0.0011445775936175767 0.00044482074570799987 -0.0067110098397043724 0.0016713320159426348 -0.0052436757216850005 -0.0023277381062994989 -0.010261344367297469
leaf_weight=20 1467 31 29 22 105 83 38 5903 534 305 259 51 34 29 168 34 118 20 46 43 23 29 47 33 20 20 28 40 50 31
leaf_count=20 1467 31 29 22 105 83 38 5903 534 305 259 51 34 29 168 34 118 20 46 43 23 29 47 33 20 20 28 40 50 31
internal_value=0.00373499 0.00535616 0.00674842 -0.0116226 -0.00719231 0.0011286 0.00690359 0.00698815 -0.00237277 0.00240233 -0.00197455 -0.00692537 -0.00392982 -0.009 -0.00959064 -0.00546535 -0.0108668 -0.0121869 -0.0143441 -0.00819632 -0.0185546 -0.00573134 -0.0133333 -0.00734247 -0.016 -0.0165581 -0.0131613 -0.0253333 -0.0171968 -0.0242078
internal_weight=9660 8412 6328 53 1248 2084 6275 6246 617 343 393 134 114 80 855 202 653 535 401 163 238 134 120 73 40 215 155 60 127 77
internal_count=9660 8412 6328 53 1248 2084 6275 6246 617 343 393 134 114 80 855 202 653 535 401 163 238 134 120 73 40 215 155 60 127 77
is_linear=0
shrinkage=0.08


Tree=23
num_leaves=31
num_cat=0
split_feature=21 21 39 7 7 1 39 4 27 2 8 13 17 1 8 33 4 39 23 19 33 21 31 6 6 27 27 21 17 31
split_gain=22.5261 6.06259 2.89748 1.99281 1.69698 1.27133 1.22533 1.20988 1.1187 1.11346 0.963647 0.926715 0.94648 0.842977 0.782966 1.16754 0.866173 1.55229 0.893623 0.730712 0.696312 1.09655 0.929032 0.864146 1.08789 0.91746 0.805671 0.895401 0.832006 0.726598
threshold=15.069850000000001 14.260600000000002 83.365415533630156 14.847939166666668 14.962695833333337 2.5000000000000004 76.487220900015117 24.500000000000004 14.09895 3.5000000000000004 0.18418670692340636 15.320300000000001 15.798950000000003 10.500000000000002 0.17719932039404676 -0.099150000000000724 54.500000000000007 76.487220900015117 13.851850000000002 14.284200000000002 -0.19835000000000044 14.131850000000002 13.950650000000001 0.21259144877582467 0.17767665559803225 14.066000000000001 14.000100000000002 13.950650000000001 14.481250000000001 14.066000000000001
decision_type=2 2 2 2 2 2 2 2 2 2 2 2 2 2 2 2 2 2 2 2 2 2 2 2 2 2 2 2 2 2
left_child=1 9 5 -4 6 7 8 -2 -3 -1 -5 12 -12 -14 15 -11 18 -18 -16 -13 21 22 -20 24 -24 -26 27 -22 -28 -29
right_child=2 4 3 10 -6 -7 -8 -9 -10 14 11 19 13 -15 16 -17 17 -19 20 -21 26 -23 23 -25 25 -27 28 29 -30 -31
leaf_value=-0.00050511445853670131 -0.010077375754944572 0.00062228540915138918 -0.0082672750635201901 -0.01065917426405107 -0.0019618353787194329 0.0043161967089300896 0.0012148956588084977 8.9786051942094408e-05 -0.0076841326927450529 -0.0022642230256269442 0.0063330638993499859 -0.22197783427189763 -0.0020045601188415762 0.0056458613833136719 -0.006159442105738904 -0.0052964458811816852 -0.002066367764891607 -0.0062014610560408657 -0.0058333007888879398 0.034725881957050578 0.0010505723373612596 0.00026822270594061671 0.00049358929331254689 -0.00051111785748917977 -0.0034481234057936183 -0.005834109438262465 -0.00080031203050258762 -0.0084066856445997058 -0.0061234742405613576 -0.0019466682836165011
leaf_weight=284 27 23 29 23 325 705 1359 54 37 22 310 20 20 26 39 38 30 39 31 5635 27 39 22 39 28 35 280 43 37 34
leaf_count=284 27 23 29 23 325 705 1359 54 37 22 310 20 20 26 39 38 30 39 31 5635 27 39 22 39 28 35 280 43 37 34
internal_value=0.00378468 -0.00224546 0.0062596 0.00685205 0.000660551 0.00168957 0.00185483 -0.00780247 -0.00933333 -0.00699531 0.0069526 0.00701514 0.00305618 -0.00765217 -0.00855172 -0.0173333 -0.00782296 -0.0163478 -0.00692355 0.00726437 -0.00617886 -0.0101443 -0.0131613 -0.0100645 -0.0145882 -0.0199365 -0.00435154 -0.0104615 -0.002347 -0.0148571
internal_weight=9660 2811 6849 6063 1744 786 1419 81 60 1067 6034 6011 356 46 783 60 723 69 654 5655 615 194 155 124 85 63 421 104 317 77
internal_count=9660 2811 6849 6063 1744 786 1419 81 60 1067 6034 6011 356 46 783 60 723 69 654 5655 615 194 155 124 85 63 421 104 317 77
is_linear=0
shrinkage=0.08


Tree=24
num_leaves=31
num_cat=0
split_feature=39 21 31 7 7 19 19 4 8 33 25 17 21 23 13 39 27 5 1 13 15 27 19 15 29 17 8 7 5 4
split_gain=21.3517 6.74726 2.98735 2.58897 1.39018 1.28185 1.24674 0.99492 0.987685 1.06838 0.992063 0.968773 0.968004 0.9 0.82177 0.732665 0.849615 0.73209 1.19679 1.74945 0.882063 1.16751 0.871915 0.775301 0.759926 1.11158 1.07751 0.95487 1.43027 0.74922
threshold=82.728928315775278 14.260600000000002 15.408500000000002 15.099390833333336 15.393570833333337 14.784150000000002 17.094800000000003 11.500000000000002 0.17719932039404676 -0.13220000000000007 14.09895 14.148300000000001 15.373050000000001 16.852650000000001 14.312950000000003 76.487220900015117 14.09895 14.114563333333335 12.500000000000002 14.329500000000001 14.066000000000001 14.000100000000002 14.284200000000002 13.983600000000001 14.362500000000002 14.043850000000001 0.20182077877148677 14.126130833333333 14.154896666666668 31.500000000000004
decision_type=2 2 2 2 2 2 2 2 2 2 2 2 2 2 2 2 2 2 2 2 2 2 2 2 2 2 2 2 2 2
left_child=1 8 6 -4 15 -6 -2 -7 9 -1 -11 17 -5 -8 -13 16 -3 20 23 22 -10 -22 -20 29 25 -25 -26 -27 -29 -19
right_child=2 4 3 12 5 7 13 -9 11 10 -12 14 -14 -15 -16 -17 -18 18 19 -21 21 -23 -24 24 26 27 -28 28 -30 -31
leaf_value=-0.0019991085562045007 0.0018890875235780832 0.00059176446382762479 -0.015184435717212849 0.0019520909374193835 -0.0037529399861815278 -0.003307768519713785 -0.00016279664154497677 0.00060298216958281671 0.0025553647385760298 -0.0066300207560543601 0.0023509357843219687 -0.0025185779057209246 0.034752995059934053 -0.16029056716692094 0.0006884602333585005 0.00062954051822213994 -0.0052626724966725325 -0.004036952030387184 -0.0021363003418974486 -0.0072133943278186174 -0.0045984748702438648 -0.00082600143024482125 -0.0059366456963753506 0.00028980336485965029 -0.0062154415978568694 -0.00025118878686021089 -0.00020832583561061652 -0.0062791215570379526 -0.0012432544138011815 -0.0027235267953721843
leaf_weight=20 769 25 23 200 27 40 20 136 49 21 24 382 5551 20 85 1790 40 22 35 25 26 49 26 107 22 30 26 21 28 21
leaf_count=20 769 25 23 200 27 40 20 136 49 21 24 382 5551 20 85 1790 40 22 35 25 26 49 26 107 22 30 26 21 28 21
internal_value=0.00375155 -0.00174976 0.00632295 0.00696086 0.000886298 -0.00539901 0.00177009 -0.00290909 -0.0070736 -0.0166154 -0.00977778 -0.00642348 0.00706799 -0.012 -0.00382013 0.00157412 -0.00676923 -0.00891992 -0.0107328 -0.0189767 -0.0036129 -0.00906667 -0.0116721 -0.00817328 -0.00635897 -0.00404301 -0.0153333 -0.0112405 -0.0181224 -0.0180465
internal_weight=9660 3077 6583 5774 2058 203 809 176 1019 65 45 954 5751 40 467 1855 65 487 363 86 124 75 61 277 234 186 48 79 49 43
internal_count=9660 3077 6583 5774 2058 203 809 176 1019 65 45 954 5751 40 467 1855 65 487 363 86 124 75 61 277 234 186 48 79 49 43
is_linear=0
shrinkage=0.08


Tree=25
num_leaves=31
num_cat=0
split_feature=21 39 39 8 2 7 15 8 33 5 15 21 7 1 1 29 4 6 21 25 5 7 4 4 23 29 13 39 5 7
split_gain=20.1127 4.99497 3.18551 1.48256 1.46202 1.19608 1.17216 1.10716 1.08096 0.947022 0.94548 0.941561 0.897619 0.930846 1.25974 1.21298 1.41651 1.50367 0.834483 0.82512 0.956881 1.13455 0.800727 1.13124 0.793356 0.74176 1.07714 0.731032 0.71764 1.29785
threshold=15.069850000000001 77.382816327445269 83.980423686892763 0.17719932039404676 5.5000000000000009 14.962695833333337 14.066000000000001 0.18418670692340636 0.48299999999999882 14.897940000000004 15.284800000000002 15.390450000000003 14.853110833333336 20.500000000000004 21.500000000000004 17.403550000000006 37.500000000000007 0.22592551265599839 14.543600000000001 15.373050000000001 15.365283333333336 15.385054166666668 16.500000000000004 24.500000000000004 14.510650000000002 14.968750000000002 14.510650000000002 82.426590090121877 14.136610000000003 14.137149166666669
decision_type=2 2 2 2 2 2 2 2 2 2 2 2 2 2 2 2 2 2 2 2 2 2 2 2 2 2 2 2 2 2
left_child=1 3 4 6 7 18 -1 -2 10 24 22 19 -13 -14 15 16 -15 -18 28 20 -4 -22 -7 -24 -5 -20 -27 -25 -3 -30
right_child=2 5 11 9 -6 8 -8 -9 -10 -11 -12 12 13 14 -16 -17 17 -19 25 -21 21 -23 23 27 -26 26 -28 -29 29 -31
leaf_value=-0.0043798686223215462 -0.01424219959576771 0.0020633638095393157 0.0065008946972907634 -0.0029359350932413935 -0.012205698136385437 0.00089862422800106019 -0.0023663929417504248 0.003452499845390946 -0.011498740343231036 -0.41569212403768468 0.0013996341100676938 -0.0046828904353479256 0.031972755455139321 0.0454300434455557 0.037814337742971806 -0.34007105994595266 -0.27512889811600744 0.010706561092454363 0.0038399198224175726 0.0046751384028783875 -0.0060311198692064609 -4.8522276319720727e-06 -0.0031124974644023435 -0.0013767343767266899 0.0011663224374943157 -0.0045838384459572848 0.0028035288383746132 -0.0019078223885195529 -0.0035408069631491807 -6.3783339884404152e-06
leaf_weight=21 20 146 26 825 21 52 39 1056 31 21 113 25 4965 103 408 20 21 34 674 94 22 34 29 115 66 20 52 21 74 512
leaf_count=21 20 146 26 825 21 52 39 1056 31 21 113 25 4965 103 408 20 21 34 674 94 22 34 29 115 66 20 52 21 74 512
internal_value=0.00385093 -0.00184703 0.00618952 -0.0064856 0.00223883 0.000604677 -0.0186667 0.00264684 -0.00352355 -0.00568421 -0.00218182 0.00694298 0.00712482 0.00719294 0.00417747 -0.0014382 0.000911393 -0.00945454 0.00161299 0.00118182 -0.00468293 -0.0105714 -0.00527189 -0.008 -0.00528844 0.00349598 -0.00422222 -0.00494118 -0.000306011 -0.00155631
internal_weight=9660 2811 6849 972 1097 1839 60 1076 361 912 330 5752 5576 5551 586 178 158 55 1478 176 82 56 217 165 891 746 72 136 732 586
internal_count=9660 2811 6849 972 1097 1839 60 1076 361 912 330 5752 5576 5551 586 178 158 55 1478 176 82 56 217 165 891 746 72 136 732 586
is_linear=0
shrinkage=0.08


Tree=26
num_leaves=31
num_cat=0
split_feature=39 21 21 7 1 6 4 27 17 4 7 6 29 2 15 7 33 4 19 4 4 27 39 1 31 7 13 13 25 21
split_gain=18.324 4.85219 2.03653 1.23518 1.24588 1.21166 1.39985 1.20894 1.06308 1.63028 2.97214 0.897822 1.71947 0.829968 0.819075 0.811342 0.739246 1.32312 1.04685 0.709448 1.01229 0.885512 0.925683 1.98413 2.05444 0.688505 1.13086 0.714327 1.01308 0.684542
threshold=83.365415533630156 14.260600000000002 15.444000000000001 14.853110833333336 20.500000000000004 0.29934151911072543 30.500000000000004 14.510650000000002 16.775850000000002 45.500000000000007 16.097125833333337 0.86379130480005573 15.088900000000002 2.5000000000000004 16.817100000000003 15.502865000000002 0.32834999999999953 34.500000000000007 15.523850000000001 13.500000000000002 16.500000000000004 14.284200000000002 76.666394362879871 7.5000000000000009 14.09895 14.198415000000001 14.18125 14.016500000000002 14.312950000000003 14.784150000000002
decision_type=2 2 2 2 2 2 2 2 2 2 2 2 2 2 2 2 2 2 2 2 2 2 2 2 2 2 2 2 2 2
left_child=1 13 16 -4 -5 -3 7 -7 9 14 -11 12 -9 25 -6 -14 -2 29 -19 21 -21 22 23 -15 -25 -1 27 -27 -29 -18
right_child=2 5 3 4 8 6 -8 11 -10 10 -12 -13 15 19 -16 -17 17 18 -20 20 -22 -23 -24 24 -26 26 -28 28 -30 -31
leaf_value=0.00073103597938709193 0.0022856442667055889 0.00080654990682785016 -0.0097112830797648902 0.02941493501872813 0.037103183976535836 0.0046799337978769137 0.0011946159884249866 0.00020983893336242482 0.063633271437806158 0.03256871071209206 -0.23640818984901388 -0.028431156855074954 -0.010873418141240897 -0.0012640676205130823 -0.057002439742188021 -0.0052219430995194705 -0.0023243880666493351 -0.0034619892372446562 -0.0076376859966954718 0.004926584229596122 -0.0028279047093168531 -0.0017813838758630345 -0.0014189358502411209 -0.0055250100088333597 -0.0039091947651164003 0.00075565825805827839 0.00045745939838490998 -0.0065238697760438818 -8.5226990247053857e-05 0.00565502737408496
leaf_weight=87 398 2169 26 5015 174 29 152 26 315 30 38 37 25 35 36 26 22 27 20 34 557 53 42 25 20 22 89 34 22 75
leaf_count=87 398 2169 26 5015 174 29 152 26 315 30 38 37 25 35 36 26 22 27 20 34 557 53 42 25 20 22 89 34 22 75
internal_value=0.0038675 -0.000771527 0.00648446 0.00693504 0.00701569 0.00114935 -0.00366102 -0.00934266 0.00354806 -5.75537e-05 -0.0108235 -0.0130526 -0.017974 -0.00541176 0.00342857 -0.0265098 0.00180074 -0.00311111 -0.0141277 -0.00672585 -0.00540101 -0.0112 -0.0149508 -0.02 -0.0311111 -0.00144882 -0.00445509 -0.0114872 -0.0162857 0.0022268
internal_weight=9660 3484 6176 5634 5608 2464 295 143 593 278 68 114 77 1020 210 51 542 144 47 766 591 175 122 80 45 254 167 78 56 97
internal_count=9660 3484 6176 5634 5608 2464 295 143 593 278 68 114 77 1020 210 51 542 144 47 766 591 175 122 80 45 254 167 78 56 97
is_linear=0
shrinkage=0.08


Tree=27
num_leaves=31
num_cat=0
split_feature=39 21 21 7 15 33 19 8 8 7 1 4 25 21 5 17 5 27 19 8 29 27 6 4 39 15 21 31 29 27
split_gain=17.7102 4.44545 1.81333 1.07391 1.0858 1.05864 1.30994 0.966875 1.02128 0.838152 0.817872 1.15834 0.853628 0.911146 0.932267 1.13318 0.806555 0.801457 1.19792 1.11111 0.725037 0.698291 0.692561 1.26572 0.571841 0.540471 0.528946 0.750917 0.719026 1.34444
threshold=84.366503075766715 14.115350000000001 15.294250000000002 15.083865000000003 12.978900000000001 0.32834999999999953 15.692450000000003 0.18501569767925544 0.18295128105542358 14.122820000000001 5.5000000000000009 1.0000000180025095e-35 18.314050000000005 14.481250000000001 14.138806666666669 14.153300000000002 14.10133666666667 14.000100000000002 14.197750000000001 0.20243491169579556 14.362500000000002 14.642450000000002 0.17992544416531267 24.500000000000004 76.845295938851038 14.867400000000002 14.046700000000003 14.046700000000003 13.950650000000001 14.197750000000001
decision_type=2 2 2 2 2 2 2 2 2 2 2 2 2 2 2 2 2 2 2 2 2 2 2 2 2 2 2 2 2 2
left_child=1 7 5 -4 -5 -2 -7 8 9 -1 11 -3 13 14 20 -16 -9 18 19 -18 -12 -17 23 -11 -24 -23 28 -28 29 -19
right_child=2 10 3 4 -6 6 -8 16 -10 22 12 -13 -14 -15 15 21 17 26 -20 -21 -22 25 24 -25 -26 -27 27 -29 -30 -31
leaf_value=-0.0039999109394290812 0.0040317152211006716 -0.0043552284223206525 -0.0031118077457031597 -0.1020952659432694 0.029813739118597055 0.00056528253078392383 -0.010664922107899931 0.0016001521274992575 -0.0056766081045466089 -0.0060675485970412106 0.0020730623534091679 -0.00018296493470379486 -0.0054655446204551891 0.0021027927253690847 -0.0053259824260038467 0.0012951546541746951 -0.0086668663418200502 0.00021772180390298158 0.00030008213492886172 -0.0044922583345287839 -0.0018269436645482167 -0.0013288230069581175 0.0022138136761834706 -0.0009282103992119575 -0.0029981204742918163 -0.002994109553699499 -0.0025696038559139744 0.00079133310517308982 -0.0018371241483985739 -0.0063900368476298257
leaf_weight=24 81 20 30 30 5418 38 25 54 26 20 145 845 28 1867 56 181 24 24 32 36 24 137 39 26 22 23 50 63 236 36
leaf_count=24 81 20 30 30 5418 38 25 54 26 20 145 845 28 1867 56 181 24 24 32 36 24 137 39 26 22 23 50 63 236 36
internal_value=0.00395859 -8.32092e-05 0.00686162 0.00709456 0.00717768 -0.002 -0.00977778 -0.00582022 -0.0113631 -0.00848855 0.00114492 -0.000971098 0.00188866 0.0020485 -0.000763251 -0.00288161 -0.00425225 -0.00525349 -0.012 -0.0186667 0.00421302 -0.00114956 -0.00545794 -0.0128696 0.000131148 -0.005 -0.00373594 0.000920354 -0.00551351 -0.0133333
internal_weight=9660 4038 5622 5478 5448 144 63 712 157 131 3326 865 2461 2433 566 397 555 501 92 60 169 341 107 46 61 160 409 113 296 60
internal_count=9660 4038 5622 5478 5448 144 63 712 157 131 3326 865 2461 2433 566 397 555 501 92 60 169 341 107 46 61 160 409 113 296 60
is_linear=0
shrinkage=0.08


Tree=28
num_leaves=31
num_cat=0
split_feature=39 21 21 6 13 4 1 2 27 8 4 23 1 1 25 21 25 7 5 2 7 7 4 23 8 15 1 27 4 19
split_gain=17.7607 3.44371 2.25416 0.978981 1.08676 0.859675 1.21284 0.884788 1.14659 0.796026 0.934301 0.755512 0.938219 1.74241 3.675 1.34157 0.95987 0.711386 2.31725 0.615282 0.603489 0.598344 0.554277 1.64383 0.900577 0.848529 0.759412 0.549347 0.904471 0.956707
threshold=83.980423686892763 14.260600000000002 15.444000000000001 0.59930516951358925 15.408500000000002 1.0000000180025095e-35 8.5000000000000018 4.5000000000000009 14.750550000000002 0.17719932039404676 24.500000000000004 17.149950000000004 20.500000000000004 19.500000000000004 15.019750000000002 15.231050000000002 15.373050000000001 15.95080416666667 16.701816666666669 2.5000000000000004 14.853110833333336 14.198415000000001 34.500000000000007 15.479500000000003 0.20644902317012534 15.490150000000002 20.500000000000004 14.000100000000002 46.500000000000007 14.000100000000002
decision_type=2 2 2 2 2 2 2 2 2 2 2 2 2 2 2 2 2 2 2 2 2 2 2 2 2 2 2 2 2 2
left_child=1 9 22 -4 -5 6 -3 8 -7 10 -1 12 13 15 -15 16 -10 18 20 21 -6 -11 26 24 -24 -26 -2 28 29 -21
right_child=2 5 3 4 17 7 -8 -9 11 19 -12 -13 -14 14 -16 -17 -18 -19 -20 27 -22 -23 23 -25 25 -27 -28 -29 -30 -31
leaf_value=-0.005282393052543596 0.0047768461684220137 -0.0043921371964535227 0.027006203084440433 -0.19629341050048291 -0.0027789533929108413 0.001384338079470042 0.00082739901319805217 0.0016420849548848902 -0.0015966567357278778 0.00089553899890058267 -0.0011804120522835582 -0.1477570637556298 0.0075233928018308208 -0.0019196858562686306 -0.013041006166011528 0.0061350120095332887 0.0046426547362386772 0.038461838356457181 -0.022054696234132205 -0.0048142052086976748 0.015337442734667093 -0.0016759638346421882 -0.0060717758769276318 0.0046686466662496425 0.0013016937376518713 -0.014576631244844101 -0.18600218001274749 -0.0020748976947873809 -0.0043327546010888882 -0.00059967834892471537
leaf_weight=31 173 28 4807 46 21 946 44 986 341 84 34 23 156 40 20 150 49 531 23 36 80 165 21 63 23 22 44 539 45 89
leaf_count=31 173 28 4807 46 21 946 44 986 341 84 34 23 156 40 20 150 49 531 23 36 80 165 21 63 23 22 44 539 45 89
internal_value=0.0038675 -0.000386757 0.00663341 0.00702687 0.00423395 0.00107222 -0.00755556 0.00130137 0.000208696 -0.00435582 -0.0129231 -0.00206418 -0.00162963 -0.00306667 -0.016 -0.00162963 -0.00410256 0.0050687 -0.000387096 -0.00377453 0.00483168 -0.000353413 0.000369942 -0.00378295 -0.0126061 -0.00622222 0.00283871 -0.00497602 -0.00894118 -0.00544
internal_weight=9660 3806 5854 5508 701 2783 72 2711 1725 1023 65 779 756 600 60 540 390 655 124 958 101 249 346 129 66 45 217 709 170 125
internal_count=9660 3806 5854 5508 701 2783 72 2711 1725 1023 65 779 756 600 60 540 390 655 124 958 101 249 346 129 66 45 217 709 170 125
is_linear=0
shrinkage=0.08


Tree=29
num_leaves=31
num_cat=0
split_feature=39 21 1 1 29 2 4 13 19 21 7 8 4 6 6 5 19 27 19 1 19 7 39 25 15 8 19 39 6 15
split_gain=17.3146 3.05372 1.23194 1.69933 2.13675 1.39271 1.26498 1.45515 0.994414 1.12491 0.826814 0.794784 0.920723 0.888192 0.847011 0.813575 0.689954 0.677958 1.15161 0.875025 1.82393 0.629735 0.705574 0.950185 0.883226 0.827863 0.628765 1.02827 0.76476 0.654108
threshold=84.414627055929188 14.115350000000001 20.500000000000004 21.500000000000004 17.403550000000006 1.0000000180025095e-35 37.500000000000007 16.681500000000003 15.557500000000003 15.816150000000002 16.860710833333339 0.18501569767925544 18.500000000000004 0.17992544416531267 0.16969958527747811 14.134390000000002 14.148300000000001 14.016500000000002 14.197750000000001 12.500000000000002 14.043850000000001 16.390622500000003 80.481511253499136 15.699150000000001 15.4565 0.1959718753780384 14.214150000000002 76.576399801107129 0.20904486690955218 14.444800000000003
decision_type=2 2 2 2 2 2 2 2 2 2 2 2 2 2 2 2 2 2 2 2 2 2 2 2 2 2 2 2 2 2
left_child=1 11 5 4 6 -2 -4 -8 9 21 -10 12 13 -1 -14 -16 -17 18 19 20 -13 22 26 -24 -25 -26 29 28 -28 -3
right_child=2 8 3 -5 -6 -7 7 -9 10 -11 -12 17 14 -15 15 16 -18 -19 -20 -21 -22 -23 23 24 25 -27 27 -29 -30 -31
leaf_value=-0.0057986253583915369 -0.0031440054247369106 0.00063610760579076967 0.045478267296811092 0.023255692788410016 -0.29027306611156339 0.025268143742354143 -0.24869235250186175 0.1413184314095054 0.0053887305801747004 -0.010423085905184728 -0.16908538307475041 -0.007368852799805075 0.0017757933711189198 -0.0020342693427797842 -0.00085651238426258077 -0.0013048577213386923 -0.0035546046995027598 -0.0012724258004157851 0.00033713772984313899 -0.00087458602542029977 -0.0032106612991890005 -0.0033048991700237317 0.0020829953293068702 -0.0035792053693208458 -0.00520698583631953 0.0017994855475545446 -0.0051279741793124394 -6.6950074186819436e-05 -0.00091884440302281438 -0.00046903376818287267
leaf_weight=29 24 422 101 431 24 4929 30 25 430 32 21 23 23 22 42 21 20 411 56 34 31 42 1120 25 20 103 40 1041 39 49
leaf_count=29 24 422 101 431 24 4929 30 25 430 32 21 23 23 22 42 21 20 411 56 34 31 42 1120 25 20 103 40 1041 39 49
internal_value=0.00390062 -4.68747e-05 0.00680661 0.00341735 -0.00311111 0.00722471 0.000307693 -0.00945454 0.000955083 0.00041732 0.00445233 -0.00480899 -0.00983439 -0.0186667 -0.00558491 -0.0093494 -0.0173659 -0.00338739 -0.00811111 -0.0138182 -0.0201481 0.000581869 0.000724729 0.00213249 -0.00389189 -0.00110569 -0.000397234 -0.00142857 -0.0102278 0.0020552
internal_weight=9660 4096 5564 611 180 4953 156 55 3384 2933 451 712 157 51 106 83 41 555 144 88 54 2901 2859 1268 148 123 1591 1120 79 471
internal_count=9660 4096 5564 611 180 4953 156 55 3384 2933 451 712 157 51 106 83 41 555 144 88 54 2901 2859 1268 148 123 1591 1120 79 471
is_linear=0
shrinkage=0.08


Tree=30
num_leaves=31
num_cat=0
split_feature=21 39 39 6 7 6 33 8 33 21 21 13 8 8 7 7 31 7 33 6 19 17 1 15 27 27 29 1 21 13
split_gain=17.1438 2.32365 1.89364 0.93331 1.05258 1.29592 1.8437 0.832876 0.779639 0.744564 0.835297 0.873006 1.04194 1.31942 1.14755 0.742311 0.815041 0.727417 0.937662 0.704499 1.17269 1.12665 1.50076 0.612745 0.592065 0.766853 0.895849 0.765392 1.01271 0.726885
threshold=15.444000000000001 78.547036005725758 83.886622708610005 0.59930516951358925 16.494065833333337 1.0693335098317929 -0.16415000000000021 0.19259584216999115 -0.51724999999999965 14.046700000000003 14.043850000000001 14.461300000000001 0.51618519419654196 0.21787777948976408 14.198415000000001 16.390622500000003 15.355800000000002 14.1233725 -0.033050000000000239 0.26049885565119302 15.851650000000001 15.088900000000002 4.5000000000000009 16.817100000000003 15.692450000000003 14.750550000000002 15.036200000000003 20.500000000000004 14.851500000000001 14.851500000000001
decision_type=2 2 2 2 2 2 2 2 2 2 2 2 2 2 2 2 2 2 2 2 2 2 2 2 2 2 2 2 2 2
left_child=1 9 7 -4 5 6 -5 -2 -3 10 11 12 13 14 -1 24 -17 -12 -19 -9 21 -21 -23 -8 25 26 -10 28 29 -27
right_child=2 8 3 4 -6 -7 23 19 15 -11 17 -13 -14 -15 -16 16 -18 18 -20 20 -22 22 -24 -25 -26 27 -28 -29 -30 -31
leaf_value=-0.00085921742870840733 -0.0061684299622781881 0.0096387485651050556 0.023123805944507154 -0.022980183179635329 0.057904275480535485 0.0026614766411189456 0.0059356237748236229 0.0064814509257322007 0.0015202391309348596 -0.00065646193189249622 -0.0015573954548987702 -0.0029488540291022491 0.0022250091386638742 -0.00500516250973599 -0.0057014891975871278 -0.0033540774549091421 -0.0010589519438046668 -0.003990542878512476 -0.0045716932418473702 0.0019722260495648198 0.003951232875550343 -0.0098626162007255432 -0.0024422233152981325 -0.024482445855066759 0.0040900669866427109 -0.001089428621608306 -0.0021252843344445249 0.0071809621110262957 -7.0642816277875715e-05 -0.0040600683755443361
leaf_weight=221 21 122 4828 22 472 156 34 154 836 891 35 42 84 39 23 23 37 35 20 24 74 22 27 20 183 161 50 158 811 35
leaf_count=221 21 122 4828 22 472 156 34 154 836 891 35 42 84 39 23 23 37 35 20 24 74 22 27 20 183 161 50 158 811 35
internal_value=0.00379296 -0.000386757 0.00651042 0.00685756 0.00413636 -0.000275862 -0.0088421 0.000546584 0.00111258 -0.00299281 -0.00546693 -0.00393154 -0.0026812 -0.00500353 -0.00281967 0.000781169 -0.008 -0.0124444 -0.0181818 0.00162126 -0.00234014 -0.00953425 -0.0164898 -0.000888889 0.00101701 0.000627987 0.00240181 -0.00072103 -0.00153327 -0.00669388
internal_weight=9660 3806 5854 5532 704 232 76 322 2416 1390 499 409 367 283 244 2294 60 90 55 301 147 73 49 54 2234 2051 886 1165 1007 196
internal_count=9660 3806 5854 5532 704 232 76 322 2416 1390 499 409 367 283 244 2294 60 90 55 301 147 73 49 54 2234 2051 886 1165 1007 196
is_linear=0
shrinkage=0.08


Tree=31
num_leaves=31
num_cat=0
split_feature=31 39 7 21 6 7 8 6 6 23 8 13 2 33 33 27 33 21 33 4 33 31 6 4 4 27 25 13 19 23
split_gain=15.6531 2.5988 2.2005 1.50764 0.801745 0.940742 1.17673 1.16667 0.646207 0.744098 1.15714 0.868169 0.609908 0.680162 0.805286 0.608985 1.66856 0.854163 0.783775 1.17136 0.753429 0.91555 1.5447 0.776369 0.555546 0.930599 0.796412 0.732675 0.709175 1.26557
threshold=15.550500000000001 78.379009905497512 14.784903333333336 15.262250000000002 0.59930516951358925 15.769224166666667 1.4421042757918003 0.98887804737507146 0.65826741301574809 14.647350000000001 0.20644902317012534 14.548600000000002 1.5000000000000002 0.16884999999999997 -0.24145000000000036 14.4777 0.16105000000000128 14.378900000000002 0.19765000000000035 50.500000000000007 0.16105000000000128 13.884750000000002 0.21789936589696593 30.500000000000004 40.500000000000007 14.000100000000002 14.514900000000003 14.481250000000001 14.481250000000001 14.09895
decision_type=2 2 2 2 2 2 2 2 2 2 2 2 2 2 2 2 2 2 2 2 2 2 2 2 2 2 2 2 2 2
left_child=1 8 -2 12 -5 6 7 -6 9 11 -11 15 -4 14 -14 18 17 -17 20 -20 21 22 -1 -22 26 -26 27 28 -23 -30
right_child=2 -3 3 4 5 -7 -8 -9 -10 10 -12 -13 13 -15 -16 16 -18 -19 19 -21 23 24 -24 -25 25 -27 -28 -29 29 -31
leaf_value=-0.0033682071549059269 -0.0062532766920525744 0.0006272689971885308 0.0064963174188063149 0.024156797533030242 -0.030090209075313703 0.02318651591951543 0.028760558549050807 0.0017853647022872266 0.001788721842452658 0.00062449833035109069 -0.004975952120014177 0.0021196300399456266 -0.16765029610583718 -0.018905370331550236 0.0036588741946117641 0.00034734260613999881 -0.0081939739609002225 -0.0057157033368026222 0.00097035077966455842 -0.0060171601600792933 -0.0055081361548754426 -0.0011081728255621546 0.0013731747354281899 -0.0070797963370174315 -0.0030474495960559522 0.00091001854589971612 0.0028893531782929879 -0.0044789186135631483 0.00035536159644316889 -0.0068469750080056759
leaf_weight=36 26 2812 25 4696 21 602 29 21 82 21 24 114 22 21 35 81 25 35 167 25 26 341 21 22 53 177 32 24 21 23
leaf_count=36 26 2812 25 4696 21 602 29 21 82 21 24 114 22 21 35 81 25 35 167 25 26 341 21 22 53 177 32 24 21 23
internal_value=0.00380124 9.99522e-05 0.00660313 0.00671345 0.00689737 0.00431501 -0.00439437 -0.0129524 -0.00278518 -0.00323028 -0.0133333 -0.00285854 -0.00287379 -0.00635897 -0.00182456 -0.00354193 -0.0084539 -0.00441379 -0.00282645 0.00175 -0.00395876 -0.00331868 -0.0130526 -0.0136667 -0.0024918 0.000695652 -0.00415419 -0.00510513 -0.00425974 -0.0138182
internal_weight=9660 4162 5498 5472 5369 673 71 42 1350 1268 45 1223 103 78 57 1109 141 116 968 192 776 728 57 48 671 230 441 409 385 44
internal_count=9660 4162 5498 5472 5369 673 71 42 1350 1268 45 1223 103 78 57 1109 141 116 968 192 776 728 57 48 671 230 441 409 385 44
is_linear=0
shrinkage=0.08


Tree=32
num_leaves=31
num_cat=0
split_feature=39 2 6 23 13 8 7 39 7 19 6 5 21 19 27 33 39 1 39 19 1 5 6 17 21 25 13 8 8 5
split_gain=15.4932 2.77733 1.68955 1.106 1.0412 1.55099 1.11501 0.966404 0.957069 1.88987 1.21522 2.63206 0.831484 0.900349 0.860119 0.720286 0.708273 1.55927 0.828369 0.941178 1.1094 1.59928 0.813136 0.706264 0.673627 0.991757 0.937289 0.718641 1.14861 0.633579
threshold=85.166394316659094 5.5000000000000009 0.57419832856915154 14.615850000000002 15.249300000000002 0.18351524275432027 15.083865000000003 80.392332352407124 16.590805000000003 19.437050000000003 0.98887804737507146 16.560026666666669 14.131850000000002 14.362500000000002 14.09895 -0.16519999999999954 84.048395410286062 5.5000000000000009 82.728928315775278 15.725800000000001 13.500000000000002 14.897940000000004 0.23461511155498113 15.390450000000003 14.043850000000001 14.413900000000002 14.461300000000001 0.51618519419654196 0.22114740689722961 14.145410000000004
decision_type=2 2 2 2 2 2 2 2 2 2 2 2 2 2 2 2 2 2 2 2 2 2 2 2 2 2 2 2 2 2
left_child=1 4 -2 12 6 -6 7 15 9 10 11 -4 24 29 -15 -1 18 -18 19 20 -8 -22 -20 -24 26 -26 27 28 -3 -14
right_child=2 3 8 -5 5 -7 16 -9 -10 -11 -12 -13 13 14 -16 -17 17 -19 22 -21 21 -23 23 -25 25 -27 -28 -29 -30 -31
leaf_value=0.0017500639111813351 0.038776225165934763 -0.00062874637017460463 0.0029919357824428421 -0.0076111718937312989 -0.011661601688505286 0.0029121962352706989 -0.0010848304516207505 0.0063005751264572068 0.054377376753152622 -0.021555551796133176 0.0087053872580823716 -0.019926045885957835 0.00085077566974521861 -0.00025734441379058226 -0.0027881443032105337 -0.00041747312070771815 -0.0036553186604521321 -0.0011255664472684141 0.0028114867439488467 0.0081504638494306423 0.00070328234746706907 -0.006627051176888229 0.0010988428095792837 -0.0038439017249798034 -0.0022785286095147188 -0.0030083612694681615 -0.0024873918181364308 0.002051622556487939 -0.0030170740623611304 -0.0028278607995082306
leaf_weight=404 4263 218 61 39 21 1508 205 303 482 20 200 20 277 27 21 791 26 38 157 34 23 38 34 22 202 37 30 60 27 72
leaf_count=404 4263 218 61 39 21 1508 205 303 482 20 200 20 277 27 21 791 26 38 157 34 23 38 34 22 202 37 30 60 27 72
internal_value=0.00365217 0.000301691 0.00671581 -0.00340594 0.00134073 0.00292479 0.000173494 0.00132443 0.00330013 -0.000239202 0.00145196 -0.00681481 -0.00287539 -6.04531e-05 -0.0103333 0.000301256 -0.00281456 -0.01075 -0.00182456 -0.00453333 -0.00613534 -0.0156066 0.00199061 -0.00628571 -0.0048223 -0.00806695 -0.00250746 -0.00118033 -0.00310204 0.00135244
internal_weight=9660 4614 5046 1010 3604 1529 2075 1498 783 301 281 81 971 397 48 1195 577 64 513 300 266 61 213 56 574 239 335 305 245 349
internal_count=9660 4614 5046 1010 3604 1529 2075 1498 783 301 281 81 971 397 48 1195 577 64 513 300 266 61 213 56 574 239 335 305 245 349
is_linear=0
shrinkage=0.08


Tree=33
num_leaves=31
num_cat=0
split_feature=31 6 39 7 6 7 1 25 31 8 8 33 29 4 27 19 33 6 6 1 1 4 7 21 2 39 13 21 1 31
split_gain=14.7279 1.76295 1.69034 1.11753 2.04244 1.00237 1.3209 0.969094 0.991472 0.68491 0.715821 0.844153 0.813899 0.719192 0.854406 1.5609 0.542311 0.539079 0.568183 0.522795 1.08758 1.192 0.899055 0.514392 1.27967 1.07227 0.94028 0.500401 0.572654 0.667063
threshold=15.725800000000001 0.57419832856915154 78.379009905497512 15.760182500000001 0.93886982703169042 16.245385000000002 11.500000000000002 15.550500000000001 15.320300000000001 1.4421042757918003 0.78757042244178999 -0.52325000000000077 15.971400000000001 14.500000000000002 14.683200000000001 14.708300000000003 -0.49455000000000021 0.55190453256635519 0.32972266717947313 20.500000000000004 21.500000000000004 40.500000000000007 17.044309166666668 17.724500000000003 3.5000000000000004 90.483414407376756 17.384900000000005 15.692450000000003 15.500000000000002 15.816150000000002
decision_type=2 2 2 2 2 2 2 2 2 2 2 2 2 2 2 2 2 2 2 2 2 2 2 2 2 2 2 2 2 2
left_child=2 19 17 4 -3 9 7 8 -7 10 11 -4 16 -12 15 -15 -13 18 -1 27 21 22 -21 24 -5 -26 -27 28 -2 -30
right_child=1 3 5 23 -6 6 -8 -9 -10 -11 13 12 -14 14 -16 -17 -18 -19 -20 20 -22 -23 -24 -25 25 26 -28 -29 29 -31
leaf_value=-0.0011023070536037576 0.0054392303020740938 -0.017603912992723451 0.0088758062633215729 0.021865739609103044 0.0019833765380936506 -0.0027464118144911848 -0.20173359255438633 0.0091718834609372732 0.0061652395265092723 0.0053741741971651651 0.0012923439248234945 -0.005408671329839145 0.0083811428668631935 -0.0028107858050286289 -0.00061550532164193143 -0.032696313410650379 0.00064186785787611136 0.0017006055089289502 -0.0049867051572560521 0.045583426613340236 0.05917735567497464 -0.25080627569537428 -0.42208432205630486 0.042406461350588065 0.0077499265483228531 -0.18911342875886866 -0.005578119268646136 0.057746194413402209 0.0069953395495511344 -0.0072476770868101703
leaf_weight=1237 125 33 151 339 67 26 23 37 20 186 67 26 112 53 117 24 2558 95 25 63 236 20 25 232 41 21 32 3624 24 21
leaf_count=1237 125 33 151 339 67 26 23 37 20 186 67 26 112 53 117 24 2558 95 25 63 236 20 25 232 41 21 32 3624 24 21
internal_value=0.00353623 0.00661309 0.000364936 0.00308497 -0.0048 0.00131765 -0.00633962 -0.00163855 -0.0093913 0.00156406 0.00128185 0.00164946 0.00132344 -0.00272797 -0.00519588 -0.0117403 0.00103406 -0.00202211 -0.00245959 0.00726535 0.00427907 -0.00237037 0.00163636 0.00427068 0.00264203 -0.00561702 -0.0131321 0.00753611 0.00329412 -0.00444444
internal_weight=9660 4903 4757 765 100 3400 106 83 46 3294 3108 2847 2696 261 194 77 2584 1357 1262 4138 344 108 88 665 433 94 53 3794 170 45
internal_count=9660 4903 4757 765 100 3400 106 83 46 3294 3108 2847 2696 261 194 77 2584 1357 1262 4138 344 108 88 665 433 94 53 3794 170 45
is_linear=0
shrinkage=0.08


Tree=34
num_leaves=31
num_cat=0
split_feature=39 31 13 1 4 25 7 13 2 13 5 8 25 31 6 33 6 8 39 31 5 19 17 6 27 6 39 15 33 33
split_gain=14.6363 1.60077 1.4425 0.960902 0.945554 1.62427 2.12143 0.834018 0.776415 0.740777 1.23091 1.1931 1.09048 1.47906 2.00878 1.08511 0.912471 1.40105 0.775092 0.722396 0.68379 0.707629 0.625 0.622449 0.818182 0.619865 1.16734 0.55045 0.927536 0.519978
threshold=86.197117530195129 14.148300000000001 15.408500000000002 20.500000000000004 41.500000000000007 16.489300000000004 16.494065833333337 17.384900000000005 3.5000000000000004 15.195600000000001 15.357210000000002 0.18351524275432027 15.490150000000002 15.699150000000001 0.21521574294317167 0.23139999999999986 0.65826741301574809 1.2965424702835662 83.594616184912368 15.373050000000001 14.138806666666669 13.950650000000001 15.4565 0.19094779267898074 14.131850000000002 0.26442810917261822 89.24986357123511 13.917650000000002 -0.51724999999999965 0.21900000000000033
decision_type=2 2 2 2 2 2 2 2 2 2 2 2 2 2 2 2 2 2 2 2 2 2 2 2 2 2 2 2 2 2
left_child=1 8 25 -4 -5 6 -6 -7 -1 10 29 -11 13 14 22 -16 19 18 -18 -13 27 -22 -12 24 -23 -2 -27 -10 -29 -3
right_child=2 9 3 4 5 7 -8 -9 20 11 12 16 -14 -15 15 -17 17 -19 -20 -21 21 23 -24 -25 -26 26 -28 28 -30 -31
leaf_value=0.00048115333821825078 0.012056885517101282 9.9482474608691978e-06 0.054366428059548756 0.038876979199007428 0.012773870444742199 0.027005737015346105 -0.20328898305331991 -0.0055984732846983279 0.00071414004235180451 -0.010051792927058082 -0.0016666325798708162 0.00055139099993650102 0.0014277995154399167 0.0015793693164703115 -0.0028892726482224514 -0.0074761189231099283 -0.0065806225590820076 0.0029334086689090473 -0.066899751184550493 0.0047983111973428482 -0.0055486448140794689 -0.00087267225185099536 0.007910597297677709 -0.0010812143993181812 -0.0035440650358402447 -0.003098314245486324 -0.014876783498799846 -0.0024964617193573087 -0.0012325030845043692 0.0011661937065018872
leaf_weight=137 25 1462 4067 366 20 79 22 31 67 24 20 618 92 29 23 29 31 68 38 1176 29 22 20 100 22 21 50 24 368 580
leaf_count=137 25 1462 4067 366 20 79 22 31 67 24 20 618 92 29 23 29 31 68 38 1176 29 22 20 100 22 21 50 24 368 580
internal_value=0.00366046 0.000641093 0.00687204 0.00707525 0.00383012 -0.00147368 -0.0148571 0.00363636 -0.00271521 0.00125416 0.000266076 0.00239386 -0.00552113 -0.0105124 -0.0154783 -0.0258462 0.00261419 -0.00367883 -0.0117101 0.00309476 -0.00389873 -0.00818497 -0.002 -0.00588889 -0.0138182 -0.00283333 -0.00664789 -0.00228322 -0.00342857 0.000869736
internal_weight=9660 4979 4681 4585 518 152 42 110 769 4210 2255 1955 213 121 92 52 1931 137 69 1794 632 173 40 144 44 96 71 459 392 2042
internal_count=9660 4979 4681 4585 518 152 42 110 769 4210 2255 1955 213 121 92 52 1931 137 69 1794 632 173 40 144 44 96 71 459 392 2042
is_linear=0
shrinkage=0.08


Tree=35
num_leaves=31
num_cat=0
split_feature=31 19 21 21 13 13 6 15 15 1 5 17 25 4 4 6 8 31 33 21 23 13 4 31 19 8 31 17 17 33
split_gain=14.9453 1.72571 1.3348 1.31145 1.15227 0.952401 0.659845 0.608718 0.836159 0.805121 0.69608 0.756319 0.640185 0.483797 1.32461 1.46566 0.750923 0.844046 0.711998 0.56216 0.752978 0.736318 1.03174 0.629912 0.670412 0.611411 0.654135 0.590478 0.47069 0.627687
threshold=15.725800000000001 15.249300000000002 15.798950000000003 14.481250000000001 16.365600000000004 19.533250000000006 0.57419832856915154 15.557500000000003 15.550500000000001 5.5000000000000009 15.379883333333337 15.550500000000001 14.851500000000001 30.500000000000004 28.500000000000004 0.20687163398061767 1.4128903161117352 14.708300000000003 -0.53129999999999977 14.214150000000002 13.983600000000001 14.000100000000002 47.500000000000007 13.884750000000002 14.284200000000002 0.21787777948976408 14.115350000000001 14.411800000000001 13.917650000000002 0.23139999999999986
decision_type=2 2 2 2 2 2 2 2 2 2 2 2 2 2 2 2 2 2 2 2 2 2 2 2 2 2 2 2 2 2
left_child=3 2 -2 13 -4 7 -3 8 9 10 -5 -12 -9 14 16 -16 17 18 -1 20 21 -15 -23 -22 -25 26 -26 -21 -20 -30
right_child=1 6 4 5 -6 -7 -8 12 -10 -11 11 -13 -14 19 15 -17 -18 -19 28 27 23 22 -24 24 25 -27 -28 -29 29 -31
leaf_value=-0.0020332582224168441 0.0022454518352949299 0.040497155318691115 -0.017702955925463681 -0.00017588524831204345 0.0021130847352123384 -0.0041380359539297373 0.010470856668343414 -0.0020664375808766605 -0.0017710004885904695 0.0012322752119175032 -0.0029770558081568931 0.00014149875439066945 0.0028607258322012664 0.00090180316656709211 -0.0047156450099238457 0.00013003857808077183 0.0011760702809952897 -0.016925304161868927 -0.0036603113476231589 0.0014239231102754599 -0.0022936665684113729 -0.0018962968953558101 -0.0052661032911790256 0.00055188412877937181 -0.0017172623688632694 -0.0071023417311221809 0.00043421097457370508 -0.00044113141363969491 -0.0013725012667441538 0.0024555376896284566
leaf_weight=33 75 4110 20 431 24 20 674 22 38 1728 39 37 862 30 23 24 84 21 64 161 35 44 27 257 28 28 29 141 452 99
leaf_count=33 75 4110 20 431 24 20 674 22 38 1728 39 37 862 30 23 24 84 21 64 161 35 44 27 257 28 28 29 141 452 99
internal_value=0.00366046 0.00675994 -0.0027563 0.00046584 -0.0138182 0.00140258 0.00699666 0.00151283 0.000820062 0.00102013 -0.00178304 -0.0088421 0.00329412 -0.00141772 -0.0028 -0.0158298 -0.00198672 -0.00288191 -0.00237037 2.98023e-10 -0.00170711 -0.00784158 -0.0122817 -6.36602e-05 0.000982456 -0.00517647 -0.000421052 0.00270199 -0.0017561 -0.00100181
internal_weight=9660 4903 119 4757 44 3177 4784 3157 2273 2235 507 76 884 1580 800 47 753 669 648 780 478 101 71 377 342 85 57 302 615 551
internal_count=9660 4903 119 4757 44 3177 4784 3157 2273 2235 507 76 884 1580 800 47 753 669 648 780 478 101 71 377 342 85 57 302 615 551
is_linear=0
shrinkage=0.08


Tree=36
num_leaves=31
num_cat=0
split_feature=39 31 4 17 13 8 29 13 23 31 31 6 7 2 21 23 39 6 5 6 21 33 1 4 4 39 31 1 27 29
split_gain=15.4192 1.84943 1.47033 1.44196 1.23898 1.59493 1.01135 1.96103 0.862589 0.849716 0.854322 0.768849 0.844356 0.776106 0.754133 0.709978 1.49916 0.577443 0.744535 0.703438 0.613202 0.753291 0.599795 0.97864 0.99904 1.29611 2.03181 0.73856 0.816523 0.602429
threshold=86.197117530195129 15.692450000000003 34.500000000000007 17.094800000000003 15.195600000000001 0.18351524275432027 15.515000000000002 14.917400000000002 15.355800000000002 14.934950000000002 14.917400000000002 0.59930516951358925 15.760182500000001 4.5000000000000009 15.036200000000003 16.226550000000003 84.752582464640668 0.55190453256635519 14.926676666666667 0.32972266717947313 14.115350000000001 -0.22989999999999974 7.5000000000000009 54.500000000000007 13.500000000000002 76.666394362879871 14.09895 14.500000000000002 14.000100000000002 13.950650000000001
decision_type=2 2 2 2 2 2 2 2 2 2 2 2 2 2 2 2 2 2 2 2 2 2 2 2 2 2 2 2 2 2
left_child=4 2 -2 -4 6 -6 9 -8 -9 10 14 -3 -13 -14 17 -7 -17 18 19 20 22 -22 -1 24 25 26 -24 28 -26 -30
right_child=1 11 3 -5 5 15 7 8 -10 -11 -12 12 13 -15 -16 16 -18 -19 -20 -21 21 -23 23 -25 27 -27 -28 -29 29 -31
leaf_value=-0.00050056393577359716 0.0062019114285398148 0.051049344563117674 -0.0018530687778642275 -0.0061046659159376057 -0.0093462315098468106 0.0019656813795283037 0.0011797148795408229 -0.0025731569783063058 -0.0050212399668852345 0.000706217308321439 -0.0036569814251019772 -0.014025017571063326 0.043820528471405142 -0.0068898110768070677 0.0056695826724516172 0.0025609466731585993 -0.016124427205440321 0.0013330005927021866 -0.0028328691116483069 -0.0041378454475213666 0.0015649837094507506 -9.2245419476573508e-05 -0.0037998792975074197 -0.003843336448389988 -0.0064723516700273664 0.0013026390751102951 -0.0015320582655162143 0.002032277999343547 -0.0048150146877764264 0.0010492701462310259
leaf_weight=331 150 3881 41 23 24 1861 78 43 33 446 23 36 518 32 60 62 24 88 29 30 335 1200 26 29 30 27 23 56 29 92
leaf_count=331 150 3881 41 23 24 1861 78 43 33 446 23 36 518 32 60 62 24 88 29 30 335 1200 26 29 30 27 23 56 29 92
internal_value=0.0033706 0.00666695 -0.000598131 -0.01075 0.000271541 0.00183054 -0.00075 -0.00706493 -0.0162105 -0.00040925 -0.00100332 0.007015 0.00431399 0.00509091 -0.000855346 0.00208321 -0.00502326 -0.00108387 -0.00133393 -0.00116667 -0.000999081 -0.000130293 -0.00307309 -0.00558974 -0.00415548 -0.012 -0.0197551 -0.00127536 -0.00418543 -0.0012562
internal_weight=9660 4681 214 64 4979 1971 3008 154 76 2854 2408 4467 586 550 2385 1947 86 2325 2237 2208 2178 1535 643 312 283 76 49 207 151 121
internal_count=9660 4681 214 64 4979 1971 3008 154 76 2854 2408 4467 586 550 2385 1947 86 2325 2237 2208 2178 1535 643 312 283 76 49 207 151 121
is_linear=0
shrinkage=0.08


Tree=37
num_leaves=31
num_cat=0
split_feature=13 6 7 5 2 23 5 13 1 4 19 1 21 21 4 8 19 5 29 21 6 7 31 8 4 39 8 7 1 15
split_gain=15.6581 1.53291 1.17696 2.974 1.05665 0.849822 0.945791 0.934444 0.805344 0.851203 1.25347 0.902778 0.798314 0.777989 0.773348 0.890416 0.758947 0.996359 0.743895 0.926505 0.695016 0.667109 1.29082 0.687084 0.65615 0.801581 0.667628 0.596135 0.795153 0.768008
threshold=15.883650000000001 0.59930516951358925 15.769224166666667 16.560026666666669 5.5000000000000009 16.226550000000003 16.335296666666672 14.968750000000002 20.500000000000004 41.500000000000007 16.287150000000004 22.500000000000004 12.978900000000001 15.725800000000001 23.500000000000004 1.2965424702835662 14.284200000000002 14.116770000000004 16.029150000000005 15.699150000000001 0.16354336833380526 16.390622500000003 15.320300000000001 1.4908229100475816 13.500000000000002 75.680532486783406 0.19072570058995553 14.124692500000002 7.5000000000000009 14.153300000000002
decision_type=2 2 2 2 2 2 2 2 2 2 2 2 2 2 2 2 2 2 2 2 2 2 2 2 2 2 2 2 2 2
left_child=4 8 3 14 5 13 7 -7 -2 -10 -11 -12 -4 18 -3 -16 20 -18 19 21 -6 23 -23 -1 25 -22 27 28 -26 -30
right_child=1 2 12 -5 16 6 -8 -9 9 10 11 -13 -14 -15 15 -17 17 -19 -20 -21 24 22 -24 -25 26 -27 -28 -29 29 -31
leaf_value=0.0002144352523472044 0.045677402613302574 0.019496320874359579 -0.21887651648159523 -0.020622383200609481 0.0010435052444191532 -0.12762136712119221 0.0016513478897391902 -0.16676664492128557 0.045314605061533453 -0.18957518552474412 0.05600106037129484 -0.007106633784214722 0.028640992418345498 0.0058571267032315171 -0.0047951910619217497 0.0033977120864609922 0.0013657860893227158 -0.0030448979404726147 0.0080847754562016951 -0.0015788981516087724 -0.0030430101089720537 -0.0016379095622002942 0.0062398881978954889 0.0028960281765433005 -0.003798136982837388 -0.00072157637329030582 0.00031892948768672355 0.0001045132512910185 0.0052468327029850997 -0.0030180026218196154
leaf_weight=3116 3572 68 22 20 68 25 54 20 246 24 52 20 573 450 21 22 46 193 122 24 27 24 23 150 29 138 348 95 38 30
leaf_count=3116 3572 68 22 20 68 25 54 20 246 24 52 20 573 450 21 22 46 193 122 24 27 24 23 150 29 138 348 95 38 30
internal_value=0.00328778 0.00663793 0.00326171 -0.00360305 0.000191235 0.000774451 -0.00654545 -0.0151111 0.00726418 0.00355556 -0.00283333 0.00244444 0.00477311 0.000959837 0.00151351 -0.00688372 -0.00211858 -0.00605858 0.000552761 0.000328439 -0.000900388 0.000441896 -0.00902128 0.000578077 -0.00164539 -0.00606061 -0.000296296 -0.00408333 -0.00849484 -0.00376471
internal_weight=9660 4640 726 131 5020 4008 99 45 3914 342 96 72 595 3909 111 43 1012 239 3459 3337 773 3313 47 3266 705 165 540 192 97 68
internal_count=9660 4640 726 131 5020 4008 99 45 3914 342 96 72 595 3909 111 43 1012 239 3459 3337 773 3313 47 3266 705 165 540 192 97 68
is_linear=0
shrinkage=0.08


Tree=38
num_leaves=31
num_cat=0
split_feature=29 6 15 5 13 4 8 8 6 21 23 1 21 31 4 21 5 25 17 33 21 4 8 8 5 25 17 25 4 7
split_gain=15.1174 1.65925 0.942565 0.919218 0.869616 0.889409 0.801075 1.13564 1.33526 0.713998 0.987797 0.695611 0.631717 0.671876 1.22549 0.70075 0.620704 0.806539 1.30286 0.62907 0.611601 0.604214 1.00241 0.903856 0.595294 1.15869 0.802569 0.552273 0.528782 0.735222
threshold=16.029150000000005 0.57419832856915154 19.122800000000002 17.911243333333335 14.543600000000001 1.0000000180025095e-35 0.78757042244178999 1.0545599125608096 0.93886982703169042 15.725800000000001 15.176350000000001 20.500000000000004 15.699150000000001 15.816150000000002 35.500000000000007 15.586 14.116770000000004 14.284200000000002 14.09895 -0.51724999999999965 17.042850000000005 41.500000000000007 1.7243483700346605 0.49197340289098257 17.348710000000004 17.846600000000006 18.042600000000004 15.284800000000002 9.5000000000000018 15.388704166666669
decision_type=2 2 2 2 2 2 2 2 2 2 2 2 2 2 2 2 2 2 2 2 2 2 2 2 2 2 2 2 2 2
left_child=2 11 4 6 16 27 -3 8 -8 12 -11 -2 13 28 15 -15 17 -1 -19 -18 -10 -13 23 -23 26 -26 -9 -6 29 -7
right_child=1 3 -4 -5 5 9 7 24 20 10 -12 21 -14 14 -16 -17 19 18 -20 -21 -22 22 -24 -25 25 -27 -28 -29 -30 -31
leaf_value=0.0008368081221398543 0.050975236771425902 0.069830980062768055 -0.004652654567422523 0.041333539788927141 -0.00041626247725292748 0.0044934155370613708 -0.016142112370906219 0.011663095942522976 -0.35464929036041926 -0.0034978669302266393 0.0064110859439746228 0.040841017293890516 -0.001290394999252654 -0.0014650217396876225 0.0020826284339939142 -0.008179275577591065 -0.0027767499587527649 0.0011990743639420569 -0.0051678722722658978 -0.00039783543612555069 0.037900421995637999 0.0069025985243194171 0.05054293558516073 -0.029587297987227208 -0.0098481155768982576 0.0078346277456686955 -0.30718153137348048 -0.0037317764746888338 0.00029989497081684546 -0.00061308751132213254
leaf_weight=250 3426 118 29 187 24 270 25 261 25 39 523 233 36 29 34 22 25 37 26 1351 32 22 47 21 29 31 20 20 2311 157
leaf_count=250 3426 118 29 187 24 270 25 261 25 39 523 233 36 29 34 22 25 37 26 1351 32 22 47 21 29 31 20 20 2311 157
internal_value=0.00325466 0.00665982 0.000313332 0.00316484 0.000394257 0.00111977 0.00149353 -0.000132387 -0.00858537 0.00126513 0.00387189 0.00733849 0.000752711 0.000887 -0.00611765 -0.0139608 -0.00109414 0.00212141 -0.00596825 -0.00182558 -0.00182456 0.00378947 -0.00177778 -0.0106047 0.00190029 -0.00533333 0.00344484 -0.0101818 0.00110446 0.00369087
internal_weight=9660 4477 5183 728 5154 3465 541 423 82 3421 562 3749 2859 2823 85 51 1689 313 63 1376 57 323 90 43 341 60 281 44 2738 427
internal_count=9660 4477 5183 728 5154 3465 541 423 82 3421 562 3749 2859 2823 85 51 1689 313 63 1376 57 323 90 43 341 60 281 44 2738 427
is_linear=0
shrinkage=0.08


Tree=39
num_leaves=31
num_cat=0
split_feature=39 6 7 4 31 31 1 7 13 21 27 33 4 8 4 1 1 1 4 17 33 8 4 4 15 25 31 39 7 33
split_gain=15.9525 1.82094 0.94318 1.88317 1.35813 0.761269 0.69279 0.713122 0.674425 0.575916 1.09352 0.648394 0.750549 0.974445 0.618852 1.26535 0.548308 0.566993 0.520833 0.516785 0.984268 0.821616 0.748722 0.631718 0.561196 0.66588 0.572021 0.60975 0.661724 0.570353
threshold=86.814028891712738 0.86379130480005573 16.590805000000003 34.500000000000007 17.363700000000005 15.621500000000003 20.500000000000004 16.436558333333338 15.426750000000002 14.046700000000003 14.576500000000001 -0.51724999999999965 6.5000000000000009 0.19522001786917809 1.0000000180025095e-35 6.5000000000000009 20.500000000000004 21.500000000000004 26.500000000000004 15.625350000000003 0.30360000000000126 0.22357233039056149 48.500000000000007 2.5000000000000004 14.395400000000002 14.260600000000002 14.153300000000002 77.545404689802055 14.571320000000002 -0.52325000000000077
decision_type=2 2 2 2 2 2 2 2 2 2 2 2 2 2 2 2 2 2 2 2 2 2 2 2 2 2 2 2 2 2
left_child=6 8 3 4 18 -5 9 -8 -2 10 11 -1 13 -13 15 -11 -10 -18 -3 23 22 -22 -21 -16 26 -26 27 28 -25 -27
right_child=1 2 -4 5 -6 -7 7 -9 16 14 -12 12 -14 -15 19 -17 17 -19 -20 20 21 -23 -24 24 25 29 -28 -29 -30 -31
leaf_value=-0.0017886946018366877 -0.00091647890206636765 0.04260745198210452 0.040714245300562626 -0.022173062133031999 -0.010090046830758932 -0.014861730456203153 0.0051205286224438266 -0.23725363940316352 0.045385224421508642 -0.0067186709768416765 -0.0078142155882017766 -0.0055173254374951712 3.6676619761723603e-05 0.0010231729819360766 0.0032640702206799587 0.00028862877923130999 -0.013389155487479421 0.043115892890233633 -0.0013665980923539991 0.0035291260072918794 0.00095606759324217609 -0.0058343232206407624 -0.00015402034123431508 0.00033182775586842751 -0.0044034741923488479 0.0042337431690696124 0.0012230353938272056 -0.0022393692127062508 -0.0052192259466406279 -0.0003548959923853605
leaf_weight=30 33 108 409 27 24 20 521 20 3548 28 23 24 389 23 124 53 101 249 36 529 24 23 152 245 31 130 434 33 29 2240
leaf_count=30 33 108 409 27 24 20 521 20 3548 28 23 24 389 23 124 53 101 249 36 529 24 23 152 245 31 130 434 33 29 2240
internal_value=0.00318841 0.00663008 0.00261538 -0.00167442 0.00228571 -0.0158298 0.000117532 0.0028244 0.00726736 -0.00020333 -0.00279755 -0.00195708 -0.00117431 -0.0107234 0.000107976 -0.00681481 0.00736378 0.00434286 0.00522222 0.000248373 0.00217582 -0.00902128 0.00294861 -0.000181261 -0.000402291 -0.000996251 0.00152227 -0.00112052 0.000116789 -0.000843882
internal_weight=9660 4555 624 215 168 47 5105 541 3931 4564 489 466 436 47 4075 81 3898 350 144 3994 728 47 681 3266 3142 2401 741 307 274 2370
internal_count=9660 4555 624 215 168 47 5105 541 3931 4564 489 466 436 47 4075 81 3898 350 144 3994 728 47 681 3266 3142 2401 741 307 274 2370
is_linear=0
shrinkage=0.08


Tree=40
num_leaves=31
num_cat=0
split_feature=39 6 7 4 1 1 4 8 8 17 39 1 15 6 4 7 7 13 4 1 23 17 29 29 15 31 31 4 33 33
split_gain=16.2727 1.49572 1.04471 0.822335 2.08651 0.698186 0.764845 1.04782 1.90701 0.607222 1.20953 0.740356 0.746176 0.758929 0.720238 0.658561 0.60587 1.34178 0.673808 0.641819 0.953545 0.586184 0.679992 1.13948 0.807625 0.63201 0.831003 0.573782 0.848682 0.518847
threshold=86.848286640302959 0.86379130480005573 15.3993175 49.500000000000007 20.500000000000004 20.500000000000004 41.500000000000007 1.7243483700346605 0.38094037760049554 16.964700000000004 83.114735817755658 20.500000000000004 14.615850000000002 0.22222076110703093 14.500000000000002 16.494065833333337 16.590805000000003 19.886300000000002 16.500000000000004 21.500000000000004 16.121200000000005 15.656950000000002 15.816150000000002 15.883650000000001 15.736050000000002 15.593050000000002 15.736050000000002 47.500000000000007 0.28690000000000021 0.20690000000000011
decision_type=2 2 2 2 2 2 2 2 2 2 2 2 2 2 2 2 2 2 2 2 2 2 2 2 2 2 2 2 2 2
left_child=9 2 -2 16 -5 -4 -7 8 -8 11 15 21 13 14 -13 -11 17 18 -3 20 -20 22 29 -24 25 -25 -27 28 -23 -1
right_child=1 3 5 4 -6 6 7 -9 -10 10 -12 12 -14 -15 -16 -17 -18 -19 19 -21 -22 27 23 24 -26 26 -28 -29 -30 -31
leaf_value=-0.00030101972708824727 -0.0010085887830886971 0.045806296167282101 0.041754406467787962 0.037371655583438565 -0.045429838974386086 0.040499121130186153 0.062768831955515261 0.04296211535851388 -0.1649771326677768 0.010669458913965528 -0.036831167984577341 0.0049734950042876584 0.0083628613879588812 0.0019890250106554407 -0.16208358333132272 -0.20417227174019745 0.041232814232934185 -0.0077687950379905033 -0.0039287499292658106 0.0071015563032337924 0.00092468769163214738 0.0032524045338594189 -0.002885982513754143 0.0022273347913545731 -0.0033210351371068944 -0.0010239834145705287 0.0010675146611747244 -0.00015381023223991612 -0.0028377152992285527 0.0005961882117538833
leaf_weight=2827 22 83 3538 44 21 258 20 46 27 26 20 24 366 80 32 21 354 21 23 40 35 456 33 66 23 21 59 168 33 873
leaf_count=2827 22 83 3538 44 21 258 20 46 27 26 20 24 366 80 32 21 354 21 23 40 35 456 33 66 23 21 59 168 33 873
internal_value=0.00313044 0.00662312 0.00720225 0.00297585 -0.00553846 0.00730059 0.00389744 -0.00232258 -0.0107234 4.3682e-05 -0.00752239 0.000143845 0.00305976 -0.002 -0.00914286 -0.000510638 0.00397122 0.000475248 0.00269613 -0.00179592 -0.00717241 -0.000177232 -0.000549462 -0.00506931 -0.0024142 -0.000219178 -0.005 0.00203349 0.00341922 -0.000302702
internal_weight=9660 4532 3911 621 65 3889 351 93 47 5128 67 5061 502 136 56 47 556 202 181 98 58 4559 3902 202 169 146 80 657 489 3700
internal_count=9660 4532 3911 621 65 3889 351 93 47 5128 67 5061 502 136 56 47 556 202 181 98 58 4559 3902 202 169 146 80 657 489 3700
is_linear=0
shrinkage=0.08


Tree=41
num_leaves=31
num_cat=0
split_feature=39 6 7 5 2 8 7 2 1 7 4 1 17 7 15 6 17 19 39 25 21 27 33 4 8 33 33 15 31 1
split_gain=15.7506 1.53228 1.05252 0.771361 0.886519 1.98619 1.43299 0.849479 0.645496 0.713122 0.581284 1.26535 0.517108 0.473511 0.470247 0.787815 0.45507 0.753062 0.402944 0.663063 0.362161 1.03548 0.848026 0.627886 0.782609 0.567748 0.488771 0.476136 0.620259 1.01246
threshold=86.814028891712738 0.86379130480005573 15.3993175 18.239940000000004 3.5000000000000004 1.1357085163796257 16.312594166666671 1.0000000180025095e-35 20.500000000000004 16.436558333333338 1.0000000180025095e-35 6.5000000000000009 15.965100000000001 15.20894166666667 14.615850000000002 0.17532358215255758 13.851850000000002 14.197750000000001 78.547036005725758 14.260600000000002 14.046700000000003 14.576500000000001 -0.53129999999999977 6.5000000000000009 0.19522001786917809 -0.52325000000000077 -0.49455000000000021 14.378900000000002 14.378900000000002 9.5000000000000018
decision_type=2 2 2 2 2 2 2 2 2 2 2 2 2 2 2 2 2 2 2 2 2 2 2 2 2 2 2 2 2 2
left_child=8 2 -2 4 7 -6 -7 -3 10 14 11 -1 16 -14 15 -10 17 -12 19 -17 21 22 -18 24 -24 -22 -27 -28 29 -29
right_child=1 3 -4 -5 5 6 -8 -9 9 -11 12 -13 13 -15 -16 18 20 -19 -20 -21 25 -23 23 -25 -26 26 27 28 -30 -31
leaf_value=-0.0042925111762274924 -0.000927901680441607 -0.0012463395118960331 0.036942038569505516 0.034511100388055098 0.012506707296772892 -0.001167719952676052 -0.17540732403440917 0.024200374007993887 -0.37915265013677341 -0.2037051934507462 0.0024310044459040113 0.00023276524485747223 -0.0071340860938660143 0.0036761229402015694 0.006962548325493631 0.0025587940367406909 -0.0013763155983614276 -0.0027864008333181567 0.0073743336784267621 -0.088511498124889079 0.0028566725570650241 -0.0076004695828121773 -0.0053432881432265112 8.4469605557412707e-05 0.0009654007215481983 -0.0069129057050602259 0.00043511004145674266 -4.9083231101898575e-05 -4.5450987246907638e-05 -0.0020595722823647197
leaf_weight=28 22 26 3909 150 49 35 38 326 21 20 26 53 20 206 381 23 23 25 59 37 211 20 23 374 23 31 673 107 2672 49
leaf_count=28 22 26 3909 150 49 35 38 326 21 20 26 53 20 206 381 23 23 25 59 37 211 20 23 374 23 31 673 107 2672 49
internal_value=0.00326294 0.00668277 0.00726736 0.003 0.00141772 -0.00445902 -0.0128219 0.00345455 0.000211558 0.0028244 -9.81592e-05 -0.00681481 2.3199e-05 0.00375221 0.00339347 -0.000571428 -0.000174771 -0.00768627 0.00194958 -0.00266667 -8.36897e-05 -0.00219438 -0.00139052 -0.000571428 -0.0093913 0.000177398 -6.34199e-05 2.5136e-05 -0.000429986 -0.00533333
internal_weight=9660 4555 3931 624 474 122 73 352 5105 541 4564 81 4483 226 521 140 4257 51 119 60 4206 463 443 420 46 3743 3532 3501 2828 156
internal_count=9660 4555 3931 624 474 122 73 352 5105 541 4564 81 4483 226 521 140 4257 51 119 60 4206 463 443 420 46 3743 3532 3501 2828 156
is_linear=0
shrinkage=0.08


Tree=42
num_leaves=31
num_cat=0
split_feature=5 7 5 1 39 6 23 6 33 21 39 19 17 6 27 5 21 7 5 27 31 21 29 21 5 5 6 23 31 27
split_gain=16.4631 0.96155 2.11309 0.822761 0.963876 1.0385 0.927615 0.868951 1.32399 0.830282 0.719649 3.10882 0.66969 0.632027 0.621867 1.41818 1.62523 0.6436 0.614317 0.573597 0.534069 0.779019 0.750649 0.586648 0.725549 0.601503 0.487329 0.480493 0.69701 0.511853
threshold=16.286423333333335 15.769224166666667 16.907426666666669 20.500000000000004 96.533441563167813 0.93886982703169042 16.455400000000004 0.31083398291248526 -0.56184999999999963 15.935150000000002 86.651168642462395 15.883650000000001 16.093650000000004 1.4517547595371616 14.543600000000001 15.448230000000001 14.968750000000002 15.3993175 17.911243333333335 15.294250000000002 15.816150000000002 15.656950000000002 15.557500000000003 14.362500000000002 14.610823333333336 15.756203333333335 0.21789936589696593 14.153300000000002 14.329500000000001 14.4777
decision_type=2 2 2 2 2 2 2 2 2 2 2 2 2 2 2 2 2 2 2 2 2 2 2 2 2 2 2 2 2 2
left_child=3 2 -2 4 5 7 -5 9 -9 10 12 -12 20 -3 -10 16 -16 -17 -15 -8 23 22 -22 24 -1 27 -23 -25 29 -29
right_child=1 13 -4 6 -6 -7 19 8 14 -11 11 -13 -14 18 15 17 -18 -19 -20 -21 21 26 -24 25 -26 -27 -28 28 -30 -31
leaf_value=-0.00032870476642066909 0.0052465789859502511 0.046694580842092381 -0.021266356601687943 0.0061416789572891787 -0.0029368059314428398 0.0034907019846840172 0.021336165536267063 -0.0052153798746202105 0.00093402120206116884 0.006271208948649523 0.0017180550273976657 -0.0042432173020820821 0.0033820330555142998 5.6222243582671196e-05 -0.00050007113470199765 -0.0018994359183972897 -0.011134580318448875 0.0026501040589956221 0.046407986792439966 -0.20653927307993925 0.0031746812996977119 0.0091240719964802656 -0.0090534506195368552 0.0027728940894653541 -0.0028123286005127218 -0.0020427908345268726 -0.0018924407677145952 -0.0010502491635506976 0.00025551467802622195 -0.0052393712458824312
leaf_weight=1022 81 3846 20 557 23 140 28 27 51 198 48 21 66 171 33 23 32 55 119 34 20 30 35 144 29 24 27 27 2703 26
leaf_count=1022 81 3846 20 557 23 140 28 27 51 198 48 21 66 171 33 23 32 55 119 34 20 30 35 144 29 24 27 27 2703 26
internal_value=0.00326294 0.00699929 -0.000712871 0.000343721 -9.99138e-06 6.86052e-05 0.00308885 -0.000136177 -0.00503167 0.000108598 -0.000128849 -0.00823188 5.77925e-06 0.00718762 -0.00272165 -0.00542657 -0.0141538 0.00184615 0.00358621 -0.00619355 -0.000123318 -0.00557143 -0.0123636 3.0189e-05 -0.00159087 0.000612859 0.000982456 0.000717242 0.000481858 -0.00860377
internal_weight=9660 4237 101 5423 4804 4781 619 4641 221 4420 4222 69 4153 4136 194 143 65 78 290 62 4087 112 55 3975 1051 2924 57 2900 2756 53
internal_count=9660 4237 101 5423 4804 4781 619 4641 221 4420 4222 69 4153 4136 194 143 65 78 290 62 4087 112 55 3975 1051 2924 57 2900 2756 53
is_linear=0
shrinkage=0.08


Tree=43
num_leaves=31
num_cat=0
split_feature=5 39 25 21 19 6 7 31 1 29 33 13 25 21 27 31 29 15 5 17 33 29 7 7 17 1 31 33 6 15
split_gain=15.9033 0.940852 1.24984 1.1174 0.93523 0.875697 0.950638 0.98 0.796687 0.600245 2.22421 1.76458 0.815202 0.910757 1.32579 1.15393 1.39652 0.556526 0.770252 0.515578 0.637317 0.606213 0.87525 0.654183 0.51997 0.49877 0.677246 0.664475 0.914286 0.609106
threshold=16.311290000000003 96.533441563167813 15.662100000000001 16.001000000000001 15.249300000000002 0.59930516951358925 15.769224166666667 16.681500000000003 20.500000000000004 15.798950000000003 0.30360000000000126 15.4565 15.699150000000001 15.426750000000002 15.662100000000001 15.593050000000002 16.029150000000005 14.593050000000002 15.64155666666667 14.148300000000001 -0.52325000000000077 14.411800000000001 14.133285000000003 14.124692500000002 14.344400000000002 5.5000000000000009 15.195600000000001 -0.24145000000000036 0.21789936589696593 15.355800000000002
decision_type=2 2 2 2 2 2 2 2 2 2 2 2 2 2 2 2 2 2 2 2 2 2 2 2 2 2 2 2 2 2
left_child=1 3 -3 8 -5 -2 7 -7 9 19 12 -12 13 -11 15 -15 -17 -10 -19 21 -21 -1 23 -23 -22 26 29 28 -28 -26
right_child=5 2 -4 4 -6 6 -8 -9 17 10 11 -13 -14 14 -16 16 -18 18 -20 20 24 22 -24 -25 25 -27 27 -29 -30 -31
leaf_value=-0.00022161756510328878 0.052979075325171439 -0.00011887034628113611 -0.14813665035421189 -0.013039535056279545 0.0098763924979428704 0.0012942362984167659 0.0138691992066063 -0.017447845160473763 -0.0005005333969780257 0.0062944053087689135 -0.0062496285677245047 -0.00087882103900170747 0.0049632491625023496 -0.00051585758728921107 0.00031710916196154752 -0.005955904523757956 -0.0033845721677242431 0.0090429823620865688 -0.27112073720719454 0.0036701503223509437 0.00048469039850621866 -0.0049658932955504624 -0.00022930975332769818 -0.0022449653126753785 -0.001541241268250346 0.00011786045837087587 -0.0047880801640297517 0.0012831916441888105 0.00084498827657922 0.00085611715430621938
leaf_weight=648 3545 37 22 27 373 25 555 25 129 51 28 32 73 44 71 22 25 351 23 190 325 22 54 21 325 2258 24 250 21 64
leaf_count=648 3545 37 22 27 373 25 555 25 129 51 28 32 73 44 71 22 25 351 23 190 325 22 54 21 325 2258 24 250 21 64
internal_value=0.0032381 0.000421053 -0.00962712 0.000529811 0.0046 0.00697831 0.00416529 -0.0064 0.000207484 -0.000126649 -0.00332948 -0.0173333 -0.000391608 -0.00289202 -0.00582716 -0.0122198 -0.0209362 0.00322863 0.00479144 0.000137078 0.000548453 -0.00177181 -0.0076701 -0.016186 0.000286502 -4.8946e-05 -0.00194152 0.000949153 -0.008 -0.00413368
internal_weight=9660 5510 59 5451 400 4150 605 50 5051 4548 346 60 286 213 162 91 47 503 374 4202 3457 745 97 43 3267 2942 684 295 45 389
internal_count=9660 5510 59 5451 400 4150 605 50 5051 4548 346 60 286 213 162 91 47 503 374 4202 3457 745 97 43 3267 2942 684 295 45 389
is_linear=0
shrinkage=0.08


Tree=44
num_leaves=31
num_cat=0
split_feature=13 1 7 19 1 19 27 7 17 1 23 8 19 25 31 29 21 4 4 13 6 17 25 13 17 17 6 31 21 33
split_gain=15.2765 1.05852 1.35897 2.16327 1.0901 1.12121 0.974235 0.91568 0.677017 0.655511 0.563384 0.47961 1.00587 0.660081 0.470542 0.81 0.461583 0.465184 1.24176 0.523709 0.433505 0.412303 0.4 0.428442 0.395077 0.727529 0.668177 0.686273 0.555431 0.59403
threshold=16.029150000000005 20.500000000000004 16.031502500000006 16.852650000000001 21.500000000000004 17.403550000000006 17.488600000000002 17.953845833333336 16.191350000000003 20.500000000000004 16.455400000000004 0.17719932039404676 14.716850000000003 14.197750000000001 17.344800000000003 17.501900000000003 15.019750000000002 13.500000000000002 21.500000000000004 14.708300000000003 0.17595156259965689 16.287150000000004 15.262250000000002 14.312950000000003 14.148300000000001 14.344400000000002 0.18391943834379784 13.884750000000002 14.344400000000002 0.49580000000000007
decision_type=2 2 2 2 2 2 2 2 2 2 2 2 2 2 2 2 2 2 2 2 2 2 2 2 2 2 2 2 2 2
left_child=9 2 3 -2 5 6 8 21 -3 11 16 12 13 20 24 -16 17 -11 19 -19 -1 -6 23 -20 26 -26 -13 -28 29 -29
right_child=1 4 -4 -5 7 -7 -8 -9 -10 10 -12 14 -14 -15 15 -17 -18 18 22 -21 -22 -23 -24 -25 25 -27 27 28 -30 -31
leaf_value=-0.0001105961933442752 0.0029897599702185017 -0.15445915446803724 0.046900691926110911 -0.013475534109094465 0.0088896413976872982 -0.2731858873350575 -0.16224964810659001 -0.005028309586722071 0.023613965022071283 0.0066183492605749452 -0.14770850444980207 0.00030479181566890406 -0.008388220991953927 0.0010836317106137348 -0.0028611614580016614 0.0019876959501093552 0.012525934720097567 -0.065300913655377657 -0.051639586479131888 -0.32476716165983888 -0.0043814601646962967 0.021277408501555177 -0.001008222307435314 0.0087027337401423821 0.00077235295782089922 5.0895118005837191e-05 -0.0012787935496875649 -0.0009116369369182195 0.0023811656393435106 -0.00052364700207179838
leaf_weight=26 230 33 3687 30 70 20 20 22 82 77 39 209 23 79 25 20 211 21 33 22 27 283 20 127 317 3419 37 312 116 23
leaf_count=26 230 33 3687 30 70 20 20 22 82 77 39 209 23 79 25 20 211 21 33 22 27 283 20 127 317 3419 37 312 116 23
internal_value=0.00325466 0.00667769 0.00712845 0.00153846 0.00332075 -0.00232258 0.000296297 0.00565333 0.00313044 0.000297897 0.00290909 -1.20869e-05 -0.0043871 -0.00169697 0.000139348 -0.008 0.00361644 0.0016 -0.000251121 -0.0124651 -0.00860377 0.00664023 0.00266667 0.004 0.000221972 0.00054818 -0.00152654 -0.00314754 -0.00228825 -0.0039403
internal_weight=9660 4477 3947 260 530 155 135 375 115 5183 550 4633 155 132 4478 45 511 300 223 43 53 353 180 160 4433 3736 697 488 451 335
internal_count=9660 4477 3947 260 530 155 135 375 115 5183 550 4633 155 132 4478 45 511 300 223 43 53 353 180 160 4433 3736 697 488 451 335
is_linear=0
shrinkage=0.08


Tree=45
num_leaves=31
num_cat=0
split_feature=39 6 5 19 29 1 7 23 15 5 29 29 33 21 39 31 27 6 21 5 1 1 4 31 15 23 13 6 33 7
split_gain=15.0331 1.14825 0.779142 0.716196 0.612245 0.533241 0.772353 0.952747 0.695253 0.952707 0.493076 2.30248 1.06082 0.882844 0.645836 0.531732 1.5825 1.33333 0.598718 1.03619 0.958918 0.595423 2.64652 0.569355 0.512472 1.04352 0.50198 0.582504 0.564765 0.720321
threshold=88.758020180761179 1.4517547595371616 17.911243333333335 19.662150000000004 18.120150000000006 20.500000000000004 16.494065833333337 16.322600000000005 16.158800000000003 16.907426666666669 15.816150000000002 15.851650000000001 0.4478999999999998 16.603000000000005 81.396138763479414 14.934950000000002 15.158250000000002 0.2138275227286236 15.019750000000002 14.665543333333334 11.500000000000002 19.500000000000004 11.500000000000002 16.305350000000004 14.883000000000001 14.883000000000001 14.817800000000002 0.18391943834379784 0.23059999999999994 14.633818333333336
decision_type=2 2 2 2 2 2 2 2 2 2 2 2 2 2 2 2 2 2 2 2 2 2 2 2 2 2 2 2 2 2
left_child=5 -2 3 4 -3 8 -7 -8 10 -10 15 -12 13 14 -13 16 18 -18 19 26 -21 23 -23 24 -17 -26 27 -1 29 -29
right_child=1 2 -4 -5 -6 6 7 -9 9 -11 11 12 -14 -15 -16 21 17 -19 -20 20 -22 22 -24 -25 25 -27 -28 28 -30 -31
leaf_value=0.00029260404928715413 0.052100662939209598 0.0049306047542839434 0.048352915967006894 -0.0078658272804017857 -0.17031521154434093 0.0065631058537209633 0.0094688314063180665 -0.14681198625986183 0.0077120485669879878 -0.01665928041195933 -0.0075885382866475804 -0.0019218422842794121 -0.0028774815561636718 -0.0037333295420002837 0.00051910676342795006 0.0051951196401003284 -0.0058675984754442603 -0.0016945544844883906 0.0046921465637726287 0.001512915022075609 -0.0027349121934786471 -0.013311144305103034 0.0016122020003455041 -0.001374146915091893 -0.0060523758791608193 0.00054205474833354133 0.0022692065522053905 -0.00095634936665152707 0.00023014275390004839 0.00042384696002479471
leaf_weight=660 3650 196 113 22 20 576 26 30 299 25 30 25 26 25 315 119 21 28 54 24 35 21 70 20 24 1834 149 783 293 147
leaf_count=660 3650 196 113 22 20 576 26 30 299 25 30 25 26 25 315 119 21 28 54 24 35 21 70 20 24 1834 149 783 293 147
internal_value=0.003147 0.00690028 0.00252991 -6.72266e-05 0.00133333 0.000493374 0.00268354 -0.00628571 0.000218023 0.00380247 -2.89174e-05 -0.00264133 -0.00100256 0.000109589 0.00117647 0.000227931 -0.00064175 -0.0148571 -0.000317016 -0.000531803 -0.0109831 0.00114176 -0.00518681 0.00143015 0.00156601 0.00124004 -0.000228346 -0.00058205 -0.0016157 -0.00258064
internal_weight=9660 4001 351 238 216 5659 632 56 5027 324 4703 421 391 365 340 4282 2194 49 2145 2091 59 2088 91 1997 1977 1858 2032 1883 1223 930
internal_count=9660 4001 351 238 216 5659 632 56 5027 324 4703 421 391 365 340 4282 2194 49 2145 2091 59 2088 91 1997 1977 1858 2032 1883 1223 930
is_linear=0
shrinkage=0.08


Tree=46
num_leaves=31
num_cat=0
split_feature=21 7 2 1 7 17 31 1 1 19 29 1 25 15 29 29 33 4 5 25 31 7 8 39 4 7 33 4 27 29
split_gain=13.8426 1.23005 1.67462 1.04575 1.54851 0.953547 0.939536 1.43575 0.907014 1.31086 0.695581 0.643186 0.721984 0.576288 0.523036 2.29153 0.616496 0.574277 0.877774 0.478993 0.53013 1.01031 1.04497 0.520363 1.95918 0.492685 0.397605 0.392559 0.9075 0.862051
threshold=16.322600000000005 16.25670666666667 4.5000000000000009 20.500000000000004 17.953845833333336 18.825550000000003 17.363700000000005 20.500000000000004 21.500000000000004 17.307350000000003 16.775850000000002 20.500000000000004 16.108650000000004 18.120150000000006 15.816150000000002 15.851650000000001 0.51410000000000011 46.500000000000007 15.706016666666669 16.093650000000004 15.373050000000001 15.083865000000003 0.18501569767925544 85.717509049931991 17.500000000000004 16.390622500000003 -0.69159999999999922 10.500000000000002 15.780700000000001 15.971400000000001
decision_type=2 2 2 2 2 2 2 2 2 2 2 2 2 2 2 2 2 2 2 2 2 2 2 2 2 2 2 2 2 2
left_child=5 6 3 -3 8 11 13 -8 9 10 -5 12 14 -2 19 -16 17 27 -19 20 23 -22 -23 25 -25 26 -1 28 29 -17
right_child=1 2 -4 4 -6 -7 7 -9 -10 -11 -12 -13 -14 -15 15 16 -18 18 -20 -21 21 22 -24 24 -26 -27 -28 -29 -30 -31
leaf_value=0.0058927343722509629 0.0057846451716522451 0.052964653361104015 -0.01106509842164353 -0.30448535314583669 -0.0087940978549211589 -0.19904506175539088 -0.016067384609991145 0.015584702691263271 0.046206223109957992 -0.23202668051325551 0.041850718092397522 0.0045197771344000805 0.0048996841612725462 -0.0014893519079856182 -0.0069814552237157882 -0.0026974226637915162 -0.0029180442256557595 0.0027012037073780026 -0.0031661803249290301 -0.0012714838548720587 -0.0027829653620929625 -0.012260202424294889 0.0013961243509193774 0.06635147849402985 -0.0020870806082750361 -0.00059627166107712045 -2.7807154393238555e-06 0.00102427998894527 0.005528675939680359 0.00066360836938756718
leaf_weight=40 158 3390 20 26 22 35 23 24 213 31 68 608 363 26 30 26 22 22 29 20 20 20 1166 24 25 25 2959 171 30 24
leaf_count=40 158 3390 20 26 22 35 23 24 213 31 68 608 363 26 30 26 22 22 29 20 20 20 1166 24 25 25 2959 171 30 24
internal_value=0.00313872 0.00674032 0.00708753 0.00721067 0.00311111 0.000592331 0.00107359 -0.00902128 0.0044497 -0.00096 0.00374468 0.000674253 0.000376396 0.00365217 0.000108318 -0.00284746 -0.000888889 5.29804e-05 -0.00768627 0.00035171 0.000409442 0.00183085 0.00213153 -0.000148389 -0.00832653 -1.58727e-05 7.73594e-05 0.0016255 -0.003 -0.0096
internal_weight=9660 4001 3770 3750 360 5659 231 47 338 125 94 5624 5016 184 4653 354 324 302 51 4299 4279 1206 1186 3073 49 3024 2999 251 80 50
internal_count=9660 4001 3770 3750 360 5659 231 47 338 125 94 5624 5016 184 4653 354 324 302 51 4299 4279 1206 1186 3073 49 3024 2999 251 80 50
is_linear=0
shrinkage=0.08


Tree=47
num_leaves=31
num_cat=0
split_feature=39 6 7 29 2 1 7 31 23 13 15 8 25 1 5 17 19 31 29 21 17 39 21 15 2 7 21 33 27 25
split_gain=14.22 1.39844 0.638983 0.790516 0.560646 0.506384 0.837949 0.929339 1.00087 0.566053 0.577496 1.20014 0.576336 0.864277 0.700358 0.495057 0.779538 0.481906 1.02806 0.5601 0.630154 0.585092 1.55691 0.638291 0.364933 0.500087 0.354933 0.797214 0.729641 0.611602
threshold=89.664491083934266 1.1051669709546303 17.384650000000004 18.642900000000001 1.0000000180025095e-35 20.500000000000004 16.494065833333337 16.892300000000002 16.287150000000004 16.180450000000004 16.489300000000004 1.3044247879792621 16.700900000000004 4.5000000000000009 16.403270000000003 13.851850000000002 14.230700000000001 17.133600000000005 17.576750000000004 15.971400000000001 15.490150000000002 86.651168642462395 15.621500000000003 15.523850000000001 3.5000000000000004 16.097125833333337 14.046700000000003 -0.53129999999999977 14.576500000000001 14.260600000000002
decision_type=2 2 2 2 2 2 2 2 2 2 2 2 2 2 2 2 2 2 2 2 2 2 2 2 2 2 2 2 2 2
left_child=5 -2 3 4 -3 9 -7 8 -8 10 15 -12 -11 14 -14 16 -1 19 -19 21 -21 26 -23 -24 -6 -26 27 -17 29 -29
right_child=1 2 -4 -5 24 6 7 -9 -10 12 11 -13 13 -15 -16 17 -18 18 -20 20 -22 22 23 -25 25 -27 -28 28 -30 -31
leaf_value=0.0018024219817500127 0.048938349434056304 -0.00033057276270591308 0.057966821248925278 -0.074483730133577619 0.015648915797245234 0.0056190159390043246 0.0028739832668990013 0.022053771049937051 -0.22345596074225033 0.0063317450729019247 -0.0050401878444997685 0.010664040317754187 0.00062613142009836531 0.014205423094526578 -0.014745971061962404 -0.00075977600834091692 -0.0024310684551281337 -0.0026087589077157624 0.0017237473930789011 -0.0032606523313720871 0.0044952111961254742 -0.0023258136529334152 -0.0011309008881998537 0.00094316759041830677 0.0016797676892855789 -0.13039269124023742 0.0001173711940925899 0.00020081170623678819 -0.0067701775362867056 -0.0012921755584656847
leaf_weight=31 3409 22 129 34 187 597 20 20 22 316 25 23 21 27 23 23 20 23 22 26 190 26 20 51 42 33 3837 291 20 130
leaf_count=31 3409 22 129 34 187 597 20 20 22 316 25 23 21 27 23 23 20 23 22 26 190 26 20 51 42 33 3837 291 20 130
internal_value=0.00307246 0.00683817 0.00263087 0.000704403 0.00208451 0.000570641 0.00265857 -0.00619355 -0.0129524 0.000303207 6.38927e-05 -0.00866667 0.00324548 -0.00326761 -0.0101818 0.000152867 -0.00768627 0.000238678 -0.008 0.000319029 0.0042963 0.000123693 -0.00602062 0.000112676 0.0031145 -0.0016 0.000262265 -0.00182759 -0.00107029 -0.000361045
internal_weight=9660 3856 447 318 284 5804 659 62 42 5145 4758 48 387 71 44 4710 51 4659 45 4614 216 4398 97 71 262 75 4301 464 441 421
internal_count=9660 3856 447 318 284 5804 659 62 42 5145 4758 48 387 71 44 4710 51 4659 45 4614 216 4398 97 71 262 75 4301 464 441 421
is_linear=0
shrinkage=0.08


Tree=48
num_leaves=31
num_cat=0
split_feature=13 1 7 21 7 5 33 31 15 1 6 6 33 7 19 31 29 7 25 4 4 39 33 8 8 19 31 29 29 15
split_gain=13.6292 1.65364 1.9204 1.12782 0.948816 0.891975 0.846561 0.914545 1.15765 0.661206 0.579637 1.43872 1.22071 2.20417 1.225 1.01017 0.820818 1.04702 1.03269 1.85532 0.881272 0.692462 0.555434 0.4897 0.46033 1.07425 0.56548 0.420467 0.567996 0.92234
threshold=16.489300000000004 20.500000000000004 17.953845833333336 14.344400000000002 16.25670666666667 16.701816666666669 -0.3010000000000001 16.9785 16.741850000000003 20.500000000000004 0.26332345798295392 0.93886982703169042 0.55884999999999974 15.667507500000001 15.284800000000002 16.365600000000004 15.593050000000002 15.36493666666667 16.287150000000004 22.500000000000004 9.5000000000000018 89.24986357123511 2.4188999999999994 0.22439409565161031 0.17719932039404676 14.716850000000003 14.214150000000002 15.390450000000003 15.158250000000002 15.320300000000001
decision_type=2 2 2 2 2 2 2 2 2 2 2 2 2 2 2 2 2 2 2 2 2 2 2 2 2 2 2 2 2 2
left_child=9 4 3 -3 5 -2 7 8 -5 10 15 12 16 14 -14 21 27 -18 20 -20 -19 24 -11 -22 25 26 -1 28 -12 -30
right_child=1 2 -4 6 -6 -7 -8 -9 -10 22 11 -13 13 -15 -16 -17 17 18 19 -21 23 -23 -24 -25 -26 -27 -28 -29 29 -31
leaf_value=-0.0023283363962187382 0.005586437953618263 -0.11329317604434025 -0.012009144705094274 0.011874311945477958 0.045748387258584843 -0.0069378121184754107 0.036431459149203989 0.044530071105047399 -0.033272573334091435 0.0049308282178972184 0.0005272539916332204 0.0018123184097548846 -0.001914272496873175 0.006799394754761102 -0.0066817219429727952 0.010859274181164913 -0.0062919282352109822 -0.00066405067722881991 0.003128150452263917 -0.0078362817210233388 -0.0033466737608644744 -0.0066201174347657581 -0.095908723827831124 0.0018775753590725586 0.00014029834293702656 -0.0076213655916640179 0.0014444537057736117 0.0018424505108587692 -0.0031152737380572217 0.0028491363986851322
leaf_weight=59 81 21 22 33 3327 27 243 68 34 620 140 161 20 24 20 113 20 21 25 26 21 22 39 66 4209 23 73 55 27 20
leaf_count=59 81 21 22 33 3327 27 243 68 34 620 140 161 20 24 20 113 20 21 25 26 21 22 39 66 4209 23 73 55 27 20
internal_value=0.0029648 0.00665145 0.00191924 0.00318797 0.00723144 -0.000148148 0.00419048 -0.000888889 -0.00752239 0.000515507 0.000209913 -0.00203096 -0.00420619 -0.0145 -0.026 0.000531674 -0.00264133 -0.0067486 -0.00457862 -0.0139608 -0.000148148 0.000339262 0.00290137 0.0034023 0.000410633 -0.00387097 -0.00109091 0.000396695 -0.00141176 -0.00902128
internal_weight=9660 3856 421 399 3435 108 378 135 67 5804 5145 646 485 64 40 4499 421 179 159 51 108 4386 659 87 4364 155 132 242 187 47
internal_count=9660 3856 421 399 3435 108 378 135 67 5804 5145 646 485 64 40 4499 421 179 159 51 108 4386 659 87 4364 155 132 242 187 47
is_linear=0
shrinkage=0.08


Tree=49
num_leaves=31
num_cat=0
split_feature=29 8 8 19 39 8 31 29 8 31 17 4 13 4 21 2 33 39 13 13 21 6 29 27 6 7 33 1 4 15
split_gain=14.0625 1.43117 1.05847 1.14351 0.769488 0.693825 0.544625 0.817818 0.539661 0.940233 1.55578 1.01818 0.864062 0.664935 0.604811 0.58625 0.556511 0.538062 0.538928 0.526779 2.39911 1.16297 1.02203 0.719005 0.766869 0.52394 0.593717 0.607065 0.559255 0.59895
threshold=16.566100000000002 0.96992659237771972 1.0545599125608096 17.462750000000003 109.91435503037329 1.4908229100475816 16.226550000000003 17.079750000000004 0.38094037760049554 14.576500000000001 14.642450000000002 35.500000000000007 16.180450000000004 12.500000000000002 14.046700000000003 5.5000000000000009 -0.52325000000000077 76.382272559095867 14.284200000000002 15.699150000000001 15.330900000000002 0.20658945453753499 15.816150000000002 15.662100000000001 0.17927676352843239 14.198415000000001 -0.51724999999999965 7.5000000000000009 6.5000000000000009 14.066000000000001
decision_type=2 2 2 2 2 2 2 2 2 2 2 2 2 2 2 2 2 2 2 2 2 2 2 2 2 2 2 2 2 2
left_child=4 -2 3 -3 5 8 7 -4 12 -10 11 13 14 -11 25 -12 -16 18 -7 -18 -21 22 23 24 -22 26 -1 -28 -29 -30
right_child=1 2 6 -5 -6 17 -8 -9 9 10 15 -13 -14 -15 16 -17 19 -19 -20 20 21 -23 -24 -25 -26 -27 27 28 29 -31
leaf_value=-0.00069262118268904546 0.044184463543523123 -0.0174346855302304 -0.02177908411577251 0.01365787427814317 -0.005798632984765714 0.00073300951727151248 0.017064877484324458 0.013150019958142052 0.00032660360877208332 -0.00026014444507816564 -0.00043377518272988516 0.0029290051826739282 0.0052768143341297303 -0.13691301967385328 0.0035917281573593814 -0.002285482614279917 0.00020863552644507583 0.0029682446034624446 -0.0030841264634772843 -0.0077146557128372727 -0.0018389820474168737 0.0018351923778670782 -0.0016466931593310506 -0.0028430802708358646 0.0063577032079337138 -0.0055827801225077512 0.00077102581049480967 -0.0023350260934363889 0.00075745992056492988 -0.0023532653421199467
leaf_weight=21 2915 33 20 20 21 30 779 39 263 20 571 22 221 35 168 21 3260 433 22 26 24 203 25 29 70 31 143 24 61 110
leaf_count=21 2915 33 20 20 21 30 779 39 263 20 571 22 221 35 168 21 3260 433 22 26 24 203 25 29 70 31 143 24 61 110
internal_value=0.00289027 0.00667578 0.00386981 -0.00709434 0.000429109 0.000484142 0.00456325 -0.00284746 0.000221391 -0.0015279 -0.00312108 -0.0138182 0.00059058 -0.0196364 0.000333731 -0.00172973 0.000641262 0.00338144 -0.00430769 0.000433324 -0.00239788 -0.000660968 -0.00605405 -0.00305691 0.000340426 -0.00266667 -0.00180501 -0.000994083 -0.00389744 -0.0022924
internal_weight=9660 3806 891 53 5854 5833 838 59 5348 932 669 77 4416 55 4195 592 3805 485 52 3637 377 351 148 123 94 390 359 338 195 171
internal_count=9660 3806 891 53 5854 5833 838 59 5348 932 669 77 4416 55 4195 592 3805 485 52 3637 377 351 148 123 94 390 359 338 195 171
is_linear=0
shrinkage=0.08


Tree=50
num_leaves=31
num_cat=0
split_feature=13 6 1 6 7 4 4 17 5 33 31 27 15 17 17 17 33 23 33 6 8 29 6 39 33 5 4 8 19 27
split_gain=13.2394 1.53722 0.719894 1.12015 2.20909 0.540219 1.1444 0.86379 0.812741 0.72561 1.21885 0.82405 1.99094 0.908534 1.48442 1.21707 0.759095 0.781395 0.685633 1.08705 0.981412 0.842193 2.38095 0.75 0.68739 1.14002 0.678532 0.887035 0.802222 1.3144
threshold=16.661800000000003 0.51441968357290035 20.500000000000004 0.27441155743386619 17.044309166666668 46.500000000000007 44.500000000000007 15.656950000000002 16.560026666666669 -0.15044999999999928 14.016500000000002 15.883650000000001 15.557500000000003 16.566100000000002 16.144550000000006 16.305350000000004 0.46274999999999983 13.983600000000001 0.20690000000000011 0.22843801201026429 0.1959718753780384 15.780700000000001 0.27964170613353562 88.565252373217774 0.18970000000000023 14.628350000000003 49.500000000000007 0.19903913482227262 15.213850000000003 14.800550000000003
decision_type=2 2 2 2 2 2 2 2 2 2 2 2 2 2 2 2 2 2 2 2 2 2 2 2 2 2 2 2 2 2
left_child=5 2 -2 -4 -5 6 7 8 18 10 -7 16 -13 14 -14 -16 17 -11 24 -20 -21 23 -23 -22 -1 -26 27 -19 29 -29
right_child=1 -3 3 4 -6 9 -8 -9 -10 11 -12 12 13 -15 15 -17 -18 26 19 20 21 22 -24 -25 25 -27 -28 28 -30 -31
leaf_value=-7.1469290651937173e-05 0.041537767983478774 0.0060854976788713858 0.035956841550119023 0.036657882395933795 -0.074046739572690132 -0.0024670957132908555 0.012120642373571305 0.0025409281950119146 -0.0041031113402418187 -0.0022840467954809364 0.0011235071223411586 -0.0072175127440370825 0.0035828597832896583 0.010594795271652425 -0.0098245450323639974 0.00033307551498131915 -0.0044067987833383499 0.00068243098198227212 0.0021351913116165779 -0.0040659915947903183 0.0014138194780922025 -0.0049701258579979779 0.00055540685179972238 -0.0027544018508899272 -0.00021198029164286376 -0.0034243947815890902 0.00024168452196735482 -0.00030261572212035071 0.00015125945583218059 -0.0038454579667987722
leaf_weight=2365 2821 637 185 24 20 35 205 1095 20 43 414 24 38 42 29 22 71 43 601 21 192 21 21 24 56 32 484 22 30 23
leaf_count=2365 2821 637 185 24 20 35 205 1095 20 43 414 24 38 42 29 22 71 43 601 21 192 21 21 24 56 32 484 22 30 23
internal_value=0.00290683 0.00667643 0.00742295 0.00310917 -0.00836364 0.000579943 0.000985171 0.000715828 7.87358e-05 -0.000848485 0.00176392 -0.00219518 -0.00748387 -0.00360305 -0.00817977 -0.017098 -0.00105028 -0.000186046 0.000175218 0.00209091 -0.00203584 -0.00068217 -0.0110476 0.00133333 -0.000512026 -0.00745454 0.00055814 -0.00488136 -0.0101333 -0.0168889
internal_weight=9660 3687 3050 229 44 5973 4653 4448 3353 1320 449 871 155 131 89 51 716 645 3333 880 279 258 42 216 2453 88 602 118 75 45
internal_count=9660 3687 3050 229 44 5973 4653 4448 3353 1320 449 871 155 131 89 51 716 645 3333 880 279 258 42 216 2453 88 602 118 75 45
is_linear=0
shrinkage=0.08


Tree=51
num_leaves=31
num_cat=0
split_feature=13 6 7 5 15 15 31 7 1 7 5 27 39 27 29 27 7 23 8 33 21 1 17 17 15 15 33 23 33 21
split_gain=12.5449 2.01649 0.748033 1.55175 0.637159 0.787202 0.674942 0.933357 0.608016 0.681674 0.786261 0.578293 0.54157 0.439657 1.07049 0.770066 0.536998 0.630175 0.544648 0.407523 0.404078 0.385457 0.376354 0.458009 0.360233 0.695782 1.44391 0.438222 0.398666 0.329899
threshold=16.661800000000003 0.51441968357290035 17.066759166666667 18.142023333333338 18.894150000000003 20.055950000000003 17.462750000000003 16.590805000000003 20.500000000000004 17.371195000000004 17.021863333333339 17.265850000000004 82.137574322253542 17.752500000000001 17.079750000000004 16.322600000000005 16.880144166666671 16.226550000000003 1.7064975938968319 0.034500000000000426 17.423700000000004 22.500000000000004 16.489300000000004 16.750600000000002 13.917650000000002 13.950650000000001 -0.067549999999999763 14.413900000000002 1.0753499999999996 16.322600000000005
decision_type=2 2 2 2 2 2 2 2 2 2 2 2 2 2 2 2 2 2 2 2 2 2 2 2 2 2 2 2 2 2
left_child=13 8 3 4 6 -6 12 -8 -2 10 -10 -11 -3 15 -15 16 18 -18 21 -16 29 22 24 -24 27 26 -26 -1 -27 -17
right_child=1 2 -4 -5 5 -7 7 -9 9 11 -12 -13 -14 14 19 20 17 -19 -20 -21 -22 -23 23 -25 25 28 -28 -29 -30 -31
leaf_value=0.0011214494587876915 0.03821474654480056 -0.095158020965192366 0.037798315908481976 -0.0056649969789458509 -0.0021394875306652824 0.0090001276202702606 -0.017480682409393936 0.021711826352736038 -0.0061542246742641287 0.016597945691481684 0.036921777316850014 -0.0090369740649200257 0.014546153979198338 -0.015963538314486211 0.010403699584363527 0.0023292865516852958 -0.0061110994309632885 0.00040694444551737062 0.0098986636071383433 -0.0038595617689943301 -0.081280256450860552 0.0058816573501011098 -0.0018946741770468213 0.00071885158261623451 -0.0013891875560487882 9.1672474430795823e-05 0.00086710027765358707 -0.0048378239143033325 -0.0012479519201662416 0.0097692178190743485
leaf_weight=126 2821 20 240 23 32 24 27 28 27 23 152 27 243 23 26 218 37 28 149 29 22 125 20 22 40 4830 46 23 28 181
leaf_count=126 2821 20 240 23 32 24 27 28 27 23 152 27 243 23 26 218 37 28 149 29 22 125 20 22 40 4830 46 23 28 181
internal_value=0.00289855 0.00656794 0.0024741 0.00034257 0.00158289 -0.00628571 0.00296855 -0.00509091 0.00742295 0.00345852 0.00576536 -0.0048 0.00465399 0.000633518 -0.00533333 0.000712468 0.000458897 -0.00676923 0.000545757 0.000727273 0.0040095 0.000410647 0.000303798 -0.00723809 0.000365993 0.000249191 -0.00688372 0.00424161 0.000375463 0.00459148
internal_weight=9660 3687 637 397 374 56 318 55 3050 229 179 50 263 5973 78 5895 5474 65 5409 55 421 5260 5135 42 5093 4944 86 149 4858 399
internal_count=9660 3687 637 397 374 56 318 55 3050 229 179 50 263 5973 78 5895 5474 65 5409 55 421 5260 5135 42 5093 4944 86 149 4858 399
is_linear=0
shrinkage=0.08


Tree=52
num_leaves=31
num_cat=0
split_feature=39 6 7 23 6 21 39 15 19 1 1 6 7 4 7 7 8 39 23 21 1 31 4 4 29 17 29 23 15 25
split_gain=13.0955 2.26504 0.645539 1.58361 1.54925 0.96823 0.859987 0.72236 0.669394 0.573238 0.826747 0.803571 0.505161 0.473269 0.468175 0.839006 0.585091 0.82921 0.920932 0.709877 0.532001 0.444576 0.428422 1.04051 0.894958 1.54286 1.08825 0.884736 1.18161 0.732464
threshold=90.602500866761829 0.76320403382708191 17.222990833333338 17.363700000000005 1.0693335098317929 14.784150000000002 104.8075035083877 17.265850000000004 16.852650000000001 20.500000000000004 21.500000000000004 0.23075856749914891 17.384650000000004 49.500000000000007 17.068655833333334 17.198359166666673 1.4908229100475816 83.689232823875855 14.329500000000001 15.123600000000001 21.500000000000004 16.852650000000001 46.500000000000007 44.500000000000007 16.180450000000004 16.603000000000005 16.269450000000003 13.983600000000001 14.09895 16.191350000000003
decision_type=2 2 2 2 2 2 2 2 2 2 2 2 2 2 2 2 2 2 2 2 2 2 2 2 2 2 2 2 2 2
left_child=14 9 3 5 -5 7 8 -3 -6 -2 11 -11 -12 -4 16 -16 22 18 -18 20 -20 -17 23 -1 27 26 -26 28 -24 -28
right_child=1 2 13 4 6 -7 -8 -9 -10 10 12 -13 -14 -15 15 21 17 -19 19 -21 -22 -23 24 -25 25 -27 29 -29 -30 -31
leaf_value=0.00013525648021474264 0.036439072182515131 0.0032357820045488916 0.045086943796862594 -0.0071904423597019219 -0.037907211376697093 0.010899790901496578 -0.074808800634897143 -0.048083823364812192 0.0037564786276521951 0.037670040315968649 0.034528701765049553 -0.13078440812739967 -0.006086565565096862 -0.0034017954100733229 -0.0059551186166555848 0.00092398942798485682 0.0014711102136721007 0.010657326435804242 -0.0023742870123347631 0.0025242363913995946 -0.00029585272595430089 -0.0015663887757882606 0.0027086156082035523 0.01032852358139923 -0.08382581117675654 0.01248806444836952 -0.0052932283604747721 2.4662454515040935e-05 -0.0032641666489195489 0.00656182233327439
leaf_weight=3998 2904 27 135 20 20 215 22 22 55 20 156 36 27 28 25 52 109 220 46 68 34 22 21 182 24 35 21 1060 31 25
leaf_count=3998 2904 27 135 20 20 215 22 22 55 20 156 36 27 28 25 52 109 220 46 68 34 22 21 182 24 35 21 1060 31 25
internal_value=0.00284058 0.00658964 0.00182353 2.09977e-05 -0.0077265 0.00345455 -0.00354639 -0.00669388 0.000533334 0.00741457 0.00364854 -0.00485714 0.00625137 0.00603681 0.000526369 -0.00492929 0.000618318 0.00330398 0.000217899 -0.00389189 -0.009 -0.000648648 0.000380953 0.000765551 -0.000940016 -0.008 -0.0148571 -0.000273381 -0.0104615 -0.00765217
internal_weight=9660 3687 544 381 117 264 97 49 75 3143 239 56 183 163 5973 99 5874 477 257 148 80 74 5397 4180 1217 105 70 1112 52 46
internal_count=9660 3687 544 381 117 264 97 49 75 3143 239 56 183 163 5973 99 5874 477 257 148 80 74 5397 4180 1217 105 70 1112 52 46
is_linear=0
shrinkage=0.08


Tree=53
num_leaves=31
num_cat=0
split_feature=27 6 1 4 4 6 7 7 8 31 31 27 4 6 4 5 17 39 33 23 17 5 4 25 21 8 19 29 23 27
split_gain=13.5017 2.13286 1.15281 1.66731 3.33596 2.75 0.6394 0.738443 0.576178 0.574963 0.588987 0.483809 0.785071 0.439723 0.551844 0.715775 0.59282 0.421067 0.38564 0.93487 0.413919 0.472123 0.342503 0.568182 0.329972 0.326012 1.15373 0.79689 0.36836 0.462963
threshold=16.322600000000005 0.65826741301574809 2.5000000000000004 16.500000000000004 24.500000000000004 0.98887804737507146 17.044309166666668 17.198359166666673 1.7113343486372252 17.462750000000003 16.535050000000002 16.269450000000003 26.500000000000004 2.8672400861295499 26.500000000000004 16.985176666666671 17.094800000000003 90.602500866761829 1.3094000000000012 15.355800000000002 16.072750000000003 16.259070000000005 49.500000000000007 17.079750000000004 16.900950000000005 0.17719932039404676 14.716850000000003 14.395400000000002 14.284200000000002 14.153300000000002
decision_type=2 2 2 2 2 2 2 2 2 2 2 2 2 2 2 2 2 2 2 2 2 2 2 2 2 2 2 2 2 2
left_child=6 17 3 -3 5 -5 8 -8 9 10 11 18 -13 22 -15 16 -16 -2 20 -20 21 25 -4 -24 -10 26 27 28 29 -1
right_child=1 2 13 4 -6 -7 7 -9 24 -11 -12 12 -14 14 15 -17 -18 -19 19 -21 -22 -23 23 -25 -26 -27 -28 -29 -30 -31
leaf_value=0.00075267873335395016 0.0047990536478722473 0.011502040720718355 0.017828420944076981 -0.015999153179278094 0.00072849411380467824 -0.0014521757584376076 -0.064186700129738608 8.5068450807595185e-05 0.0097897456637501927 -0.0029997641628702414 0.0070965378858604388 0.0067192711248042162 -0.0026442291944046474 0.052189588453839114 0.0035326379400429076 0.017427206080781476 -0.19554959166282243 0.032832210343572074 0.00035535402762875876 -0.0029590679888658183 0.0023612173538127522 -0.0020169192516545876 0.044704469708750624 -0.011944961285268316 -0.0025761115521042012 9.8646134747836848e-05 -0.0069871371429175589 0.0022005780428154854 -0.0060326857274742652 -0.0024126690854851451
leaf_weight=27 321 60 310 22 52 22 24 37 136 24 102 27 25 34 26 21 24 3065 29 20 280 20 22 22 31 4748 23 58 21 27
leaf_count=27 321 60 310 22 52 22 24 37 136 24 102 27 25 34 26 21 24 3065 29 20 280 20 22 22 31 4748 23 58 21 27
internal_value=0.0029234 0.00648038 0.00214634 -0.00379487 -0.0103333 -0.0265455 0.000408553 -0.0077377 0.000497321 0.000354999 0.000409839 0.000294062 -0.00738461 0.00416558 -0.000380952 -0.00439437 -0.0096 0.00726757 0.000370075 -0.00669388 0.000436588 0.00026645 0.00551412 -0.00109091 0.00512575 0.000316477 -0.00328205 -0.000421052 -0.00586667 -0.00237037
internal_weight=9660 4001 615 156 96 44 5659 61 5598 5431 5407 5305 52 459 105 71 50 3386 5253 49 5204 4924 354 44 167 4904 156 133 75 54
internal_count=9660 4001 615 156 96 44 5659 61 5598 5431 5407 5305 52 459 105 71 50 3386 5253 49 5204 4924 354 44 167 4904 156 133 75 54
is_linear=0
shrinkage=0.08


Tree=54
num_leaves=31
num_cat=0
split_feature=39 6 13 4 7 2 25 1 17 39 4 39 21 1 6 8 33 39 21 27 39 15 1 1 8 17 33 39 17 5
split_gain=13.6497 1.90555 0.606841 0.895516 1.52111 0.586371 1.31845 1.97363 1.3686 0.787242 0.746098 0.609653 0.983109 1.23573 0.834325 0.734411 0.61052 0.617355 0.581054 0.57547 0.675556 2.04394 0.510671 0.921647 1.36802 1.14673 0.653285 0.797961 1.39208 0.582683
threshold=90.602500866761829 0.7185068884176794 16.661800000000003 20.500000000000004 16.590805000000003 1.5000000000000002 16.717400000000001 3.5000000000000004 16.365600000000004 80.481511253499136 33.500000000000007 85.331429661058039 15.816150000000002 4.5000000000000009 0.25178008375374289 0.21499776308325633 -0.67725000000000068 85.166394316659094 15.725800000000001 14.800550000000003 78.905111044561679 14.817800000000002 20.500000000000004 19.500000000000004 0.1959718753780384 14.968750000000002 0.49335000000000134 78.636758680604913 14.952100000000002 15.600183333333336
decision_type=2 2 2 2 2 2 2 2 2 2 2 2 2 2 2 2 2 2 2 2 2 2 2 2 2 2 2 2 2 2
left_child=5 -2 3 -3 -5 9 11 8 -8 19 -11 12 16 -14 15 -15 -7 18 22 -1 -21 -22 23 26 -25 -26 -18 -28 -29 -24
right_child=1 2 -4 4 -6 6 7 -9 -10 10 -12 -13 13 14 -16 -17 17 -19 -20 20 21 -23 29 24 25 -27 27 28 -30 -31
leaf_value=0.00033236361708598113 0.029615864219129834 0.032447340455413032 0.0047592284576047682 -0.12569570667625565 0.02449936019058728 0.0049498519480625346 -0.00062963233364565112 -0.0017190517745189998 -0.015328688696503077 0.0074142697657391876 0.0012277834654909907 0.00062240245382961666 -0.0051671799773825725 -0.0033220314752802267 0.0023111111094427507 -0.0041814903517324578 -2.2641600859361487e-06 -0.002066221676047589 0.0013231666120558162 0.00014357402203645555 -0.00043005241776558986 -0.0044390640152624115 0.0075283900112114825 -0.011462564471364038 -0.0045323601160329888 0.00052996034672416782 -0.0041191705409904453 0.0023132062165242087 -0.0065143413218922046 -0.0062202513093008258
leaf_weight=967 3136 34 472 20 25 78 26 86 25 369 305 776 22 26 36 22 2408 46 91 125 92 21 230 21 31 47 23 43 25 32
leaf_count=967 3136 34 472 20 25 78 26 86 25 369 305 776 22 26 36 22 2408 46 91 125 92 21 230 21 31 47 23 43 25 32
internal_value=0.00284886 0.00667643 0.00233757 -0.0041519 -0.0115556 0.000486188 -5.08058e-05 -0.00776642 -0.0202353 0.0016562 0.0038457 0.000216326 -0.000274127 -0.00784906 -0.00342857 -0.0103333 -1.30078e-05 -0.000194861 -5.15077e-05 0.000431536 -0.00309244 -0.00757522 -0.000251748 -0.000591224 -0.00816162 -0.00328205 -0.000291316 -0.00694505 -0.00258823 0.0031145
internal_weight=9660 3687 551 79 45 5973 4094 137 51 1879 674 3957 3181 106 84 48 3075 2997 2951 1205 238 113 2860 2598 99 78 2499 91 68 262
internal_count=9660 3687 551 79 45 5973 4094 137 51 1879 674 3957 3181 106 84 48 3075 2997 2951 1205 238 113 2860 2598 99 78 2499 91 68 262
is_linear=0
shrinkage=0.08


Tree=55
num_leaves=31
num_cat=0
split_feature=39 1 7 1 29 6 33 1 31 7 21 7 31 15 6 4 29 5 31 6 6 21 19 33 17 25 33 4 29 5
split_gain=13.4879 1.48704 2.61842 1.17585 1.37118 0.683532 0.639038 0.583432 1.18992 1.96795 0.869739 0.485404 0.678384 0.71292 0.467696 1.37455 0.444181 0.426873 0.403238 0.473181 0.460142 1.1646 0.675699 0.529527 0.630137 1.18555 0.381056 0.494314 0.35297 0.410904
threshold=90.423871177684234 20.500000000000004 17.953845833333336 21.500000000000004 17.403550000000006 0.76320403382708191 -0.80299999999999805 20.500000000000004 17.344800000000003 15.893655000000001 16.001000000000001 16.494065833333337 16.892300000000002 16.322600000000005 1.0693335098317929 23.500000000000004 16.787500000000005 16.328696666666669 16.413050000000002 0.86379130480005573 0.31083398291248526 15.621500000000003 14.148300000000001 -0.17240000000000053 14.647350000000001 15.105100000000002 -0.59589999999999932 46.500000000000007 16.158800000000003 15.715203333333337
decision_type=2 2 2 2 2 2 2 2 2 2 2 2 2 2 2 2 2 2 2 2 2 2 2 2 2 2 2 2 2 2
left_child=7 5 3 4 16 17 -5 8 10 -10 18 -9 13 -13 15 -7 -3 -2 19 20 26 22 -22 -24 -25 -26 27 -1 29 -28
right_child=1 2 -4 6 -6 14 -8 11 9 -11 -12 12 -14 -15 -16 -17 -18 -19 -20 -21 21 -23 23 24 25 -27 28 -29 -30 -31
leaf_value=0.0028038503829247801 -0.0081715341467372225 -0.15737939020260608 -0.012039884456142796 -0.0006354260013581017 -0.23330548431670273 -0.0049772834045910671 0.02367347187502793 0.0046740812278628458 -0.0083854072791989549 0.0020962329302557925 0.0018908761223263241 0.00019452681415372451 0.015482192886011856 -0.10566685538274209 0.011249590965576404 0.030861076359353961 0.025986075997482573 0.028548392930215875 -0.00091760534074944921 0.0025720356096688348 -0.0010524179989512036 -0.0036202679244544639 0.0013798528818724815 0.0037533379717936111 -0.0085102533325444249 7.5713768013010662e-05 5.622519099259616e-05 -0.00393022458024139 0.0023232035726509122 -0.0013191372128198203
leaf_weight=95 20 25 22 22 22 33 249 603 24 47 631 23 22 24 312 42 68 2934 21 66 27 26 46 23 21 29 3816 23 35 309
leaf_count=95 20 25 22 22 22 33 249 603 24 47 631 23 22 24 312 42 68 2934 21 66 27 26 46 23 21 29 3816 23 35 309
internal_value=0.0029234 0.00667698 0.00211765 0.00364767 -0.00313043 0.00723376 0.00652399 0.000542717 0.000258065 -0.0100282 0.000399381 0.0027619 -0.0035942 -0.00902128 0.00407235 -0.0016 0.00111828 0.00764794 1.23433e-05 6.37735e-05 -3.59548e-05 -0.00409302 -0.00131507 0.00127731 -0.0029589 -0.008 0.000127163 0.00461017 2.98023e-10 -6.78785e-05
internal_weight=9660 3749 408 386 115 3341 271 5911 5239 71 5168 672 69 47 387 75 93 2954 4537 4516 4450 172 146 119 73 50 4278 118 4160 4125
internal_count=9660 3749 408 386 115 3341 271 5911 5239 71 5168 672 69 47 387 75 93 2954 4537 4516 4450 172 146 119 73 50 4278 118 4160 4125
is_linear=0
shrinkage=0.08


Tree=56
num_leaves=31
num_cat=0
split_feature=39 6 1 7 6 7 23 23 7 33 4 4 27 8 17 33 4 1 27 6 6 13 27 33 33 31 8 27 23 31
split_gain=13.2229 1.61607 0.530381 1.00252 0.851264 0.468712 0.989725 0.911859 1.04685 0.473469 0.411124 1.14965 0.898298 1.13669 1.00043 0.914209 0.922592 0.738951 0.875767 0.757053 0.943924 0.685452 0.583333 0.540185 1.40803 0.780872 1.01553 0.722119 0.629895 0.886682
threshold=90.483414407376756 0.76320403382708191 20.500000000000004 17.371195000000004 0.26519764949288638 17.066759166666667 17.363700000000005 18.478250000000003 16.750035000000004 -0.49455000000000021 46.500000000000007 44.500000000000007 14.000100000000002 0.18957856102186957 14.411800000000001 0.44275000000000025 54.500000000000007 22.500000000000004 17.791300000000003 0.98887804737507146 0.86379130480005573 16.191350000000003 13.884750000000002 -0.16099999999999956 -0.13794999999999999 15.593050000000002 0.19401623174879171 15.816150000000002 14.784150000000002 14.444800000000003
decision_type=2 2 2 2 2 2 2 2 2 2 2 2 2 2 2 2 2 2 2 2 2 2 2 2 2 2 2 2 2 2
left_child=10 2 -2 -4 -5 6 -3 8 -8 -9 11 17 13 -12 -14 23 -17 18 19 20 21 -1 -15 -16 -25 26 -26 28 29 -28
right_child=1 5 3 4 -6 -7 7 9 -10 -11 12 -13 14 22 15 16 -18 -19 -20 -21 -22 -23 -24 24 25 -27 27 -29 -30 -31
leaf_value=3.7856713285151163e-05 0.026358180302147011 0.0051955886030795977 0.021872649870627328 0.046417331737359784 -0.0096322955284138343 0.032818535213849774 -0.0091080652158452638 -0.0018768852943960863 -0.13593832971851746 0.0032356852363924094 -0.0013096096842347184 0.0099019926904695462 0.00065936156754380884 0.0012424802495294069 0.00093258607346710458 -3.3810427705299315e-05 -0.0057345508021717749 0.0073793393999933132 -0.0078664787351938985 0.0081258613032980757 -0.0055201294175033881 0.0030091680229341632 -0.0046434083929397752 -0.0056972542189107547 0.0014695430853500519 0.0015431707693424077 -0.00045604963022013154 -0.0033053434295944109 -0.00053074184192926041 -0.0021535761587020675
leaf_weight=3695 2922 231 191 29 21 219 27 20 20 29 26 200 218 21 372 40 31 141 48 174 29 345 27 21 87 167 39 28 185 57
leaf_count=3695 2922 231 191 29 21 219 27 20 20 29 26 200 218 21 372 40 31 141 48 174 29 345 27 21 87 167 39 28 185 57
internal_value=0.00284886 0.00659801 0.00729181 0.00368465 -0.0064 0.00257875 0.000660551 -0.00616667 -0.0141277 0.00146939 0.000512183 0.000867012 -0.000733889 -0.0092973 -0.000224899 -0.00126972 -0.0100282 0.000599278 0.000412025 0.000533585 0.000312608 0.000415842 -0.002 -0.000619247 -0.00213699 -0.00137833 -0.00331313 -0.00546278 -0.00424199 -0.0095
internal_weight=9660 3709 3163 241 50 546 327 96 47 49 5951 4632 1319 74 1245 1027 71 4432 4291 4243 4069 4040 48 956 584 563 396 309 281 96
internal_count=9660 3709 3163 241 50 546 327 96 47 49 5951 4632 1319 74 1245 1027 71 4432 4291 4243 4069 4040 48 956 584 563 396 309 281 96
is_linear=0
shrinkage=0.08


Tree=57
num_leaves=31
num_cat=0
split_feature=39 1 7 29 1 29 7 31 5 7 39 15 29 25 39 6 17 33 4 6 27 8 23 29 31 19 39 19 1 8
split_gain=13.2104 1.47522 2.60015 1.09684 0.839753 0.852101 0.757564 0.746602 0.667589 1.02126 1.80198 0.780386 0.777369 1.62512 0.823688 0.616474 0.453269 0.662148 1.3193 0.45735 0.490513 0.644505 0.618369 0.505881 0.453801 0.448324 1.13855 0.642857 0.507518 0.572955
threshold=89.913267591553748 20.500000000000004 17.953845833333336 15.045750000000002 21.500000000000004 17.423700000000004 16.71883166666667 17.207200000000004 16.376710000000006 16.13090166666667 84.231375289660832 16.158800000000003 16.455400000000004 16.681500000000003 85.910548744368967 2.0387000609981727 14.148300000000001 -0.53129999999999977 31.500000000000004 1.4517547595371616 14.750550000000002 0.17855953710801839 14.344400000000002 13.884750000000002 14.917400000000002 14.543600000000001 78.725937581696925 14.4777 20.500000000000004 0.26289886892946618
decision_type=2 2 2 2 2 2 2 2 2 2 2 2 2 2 2 2 2 2 2 2 2 2 2 2 2 2 2 2 2 2
left_child=8 6 3 -3 5 -5 7 -2 11 10 -10 15 13 -11 -14 16 17 18 -1 20 23 -22 -23 -18 -25 26 -24 -28 29 -27
right_child=1 2 -4 4 -6 -7 -8 -9 9 12 -12 -13 14 -15 -16 -17 19 -19 -20 -21 21 22 25 24 -26 28 27 -29 -30 -31
leaf_value=-0.0018288064788556976 0.002977850461312805 -0.055127064610856057 -0.013362569764549928 0.0085665932591070301 0.020607111451714538 -0.2582320526811146 0.025006016244494732 -0.012570362068518411 0.0002204413416547478 0.00067268451364373312 -0.01250597021306211 0.0035988992099208958 -0.0016601939157820935 -0.0018437547116655485 0.0072076426090218262 0.0037427832696520329 -0.0050890110954368495 -5.7895451060753961e-05 0.0017673859089760492 -0.0045489553497716669 -0.0029291658417063783 -0.0084501146262191112 0.007948846065002773 0.0002978871893957127 0.006044673904504758 0.00024170659208208001 -0.0010721555798283277 -0.0034793870567267006 0.0061735146634028576 -0.00061168563696896916
leaf_weight=26 227 36 22 85 253 20 3162 20 29 51 23 405 37 21 88 87 29 700 21 27 28 23 27 1237 125 1981 28 28 253 561
leaf_count=26 227 36 22 85 253 20 3162 20 29 51 23 405 37 21 88 87 29 700 21 27 28 23 27 1237 125 1981 28 28 253 561
internal_value=0.00288199 0.00653595 0.00203846 0.003533 0.00487151 -0.00114286 0.00708478 0.00281781 0.000486718 -0.00356626 -0.0135385 0.000667383 -0.00093401 -0.00755556 0.00288 0.000403011 0.000288968 -0.00153146 -0.0107234 0.000601795 0.000666667 7.92082e-05 0.000195795 0.00190367 0.00212629 0.000300209 -0.00549398 -0.012 0.000472272 0.00013218
internal_weight=9660 3825 416 394 358 105 3409 247 5835 249 52 5586 197 72 125 5181 5094 747 47 4347 4320 2929 2901 1391 1362 2878 83 56 2795 2542
internal_count=9660 3825 416 394 358 105 3409 247 5835 249 52 5586 197 72 125 5181 5094 747 47 4347 4320 2929 2901 1391 1362 2878 83 56 2795 2542
is_linear=0
shrinkage=0.08


Tree=58
num_leaves=31
num_cat=0
split_feature=39 1 7 19 25 6 13 1 6 4 2 25 4 23 39 4 19 17 7 31 21 33 15 5 8 8 15 23 4 6
split_gain=11.8672 1.35576 2.60605 0.900554 0.936643 0.604928 0.702881 0.49362 0.438367 1.89322 0.356088 1.00579 1.5101 0.797802 0.604468 0.834456 0.579925 0.811821 1.1654 0.649271 0.561609 0.455108 0.612556 0.722013 0.493174 0.948187 0.949669 0.617505 0.549704 0.572024
threshold=90.483414407376756 20.500000000000004 17.953845833333336 17.846600000000006 17.079750000000004 0.86379130480005573 16.158800000000003 21.500000000000004 1.0693335098317929 22.500000000000004 1.5000000000000002 16.681500000000003 30.500000000000004 16.639900000000001 80.481511253499136 33.500000000000007 14.642450000000002 16.322600000000005 16.494065833333337 16.191350000000003 14.934950000000002 -0.22989999999999974 14.378900000000002 14.665543333333334 0.18957856102186957 0.34381080402099057 15.000850000000002 14.214150000000002 48.500000000000007 0.18724470759856474
decision_type=2 2 2 2 2 2 2 2 2 2 2 2 2 2 2 2 2 2 2 2 2 2 2 2 2 2 2 2 2 2
left_child=10 5 3 7 -5 6 -2 -3 9 -7 14 -12 13 -13 21 -16 -17 18 19 20 -18 -1 -23 24 -24 26 27 -26 -29 -30
right_child=1 2 -4 4 -6 8 -8 -9 -10 -11 11 12 -14 -15 15 16 17 -19 -20 -21 -22 22 23 -25 25 -27 -28 28 29 -31
leaf_value=0.0017376584004506848 -0.0025015570576179726 0.0017110747042356569 -0.012293564183385992 0.0048367641642689365 -0.150748756590324 -0.0044913201057815667 0.023005534944935277 0.02068820459912241 0.0089646798874810814 0.023282648601728392 8.8798592237744928e-05 -0.00034335241897381409 0.00034265047779928837 -0.013550904429456907 0.0064102499725986256 0.0075183787012055138 0.00057189754805873395 0.0039328803765880374 -0.24580735300314874 0.0036018745874076665 -0.0077991730415268613 0.00037751344631157174 0.00040265184698108847 -0.0020656659264980657 -0.0052530862007454868 0.00077170754571644323 -0.0090931698223457817 -0.00019206835110262296 -0.0019838573975287351 0.001117030331998357
leaf_weight=312 21 105 22 21 20 22 2912 235 310 41 3941 21 71 39 369 53 35 114 29 52 22 252 231 29 23 88 22 200 28 20
leaf_count=312 21 105 22 21 20 22 2912 235 310 41 3941 21 71 39 369 53 35 114 29 52 22 252 231 29 23 88 22 200 28 20
internal_value=0.00287371 0.00642545 0.00204467 0.00359055 -0.00760976 0.00695947 0.00734538 0.00494118 0.00392493 -0.00215873 0.000660057 0.000239686 -0.00665649 -0.016 0.00157105 0.00348961 0.000393443 -0.00120635 -0.00533333 -0.00154128 -0.0074386 0.000497926 -0.000421052 -0.00173479 -0.00115033 -0.00291863 -0.0051058 -0.00380812 -0.00264516 -0.0103333
internal_weight=9660 3709 403 381 41 3306 2933 340 373 63 5951 4072 131 60 1879 674 305 252 138 109 57 1205 893 641 612 381 293 271 248 48
internal_count=9660 3709 403 381 41 3306 2933 340 373 63 5951 4072 131 60 1879 674 305 252 138 109 57 1205 893 641 612 381 293 271 248 48
is_linear=0
shrinkage=0.08


Tree=59
num_leaves=31
num_cat=0
split_feature=39 6 13 2 39 25 4 19 7 1 7 27 5 21 1 6 5 15 23 5 4 5 19 13 15 27 23 1 23 23
split_gain=11.7044 1.13744 0.527146 0.51757 0.669539 0.583133 1.10735 1.09827 0.723443 0.505107 0.693647 0.578293 0.565994 0.496275 0.471372 0.516077 0.620205 0.44838 0.430891 0.416148 0.798559 0.858071 0.788897 0.403265 0.728838 0.623608 0.794948 0.590493 2.1256 0.574437
threshold=90.602500866761829 0.86379130480005573 16.158800000000003 1.5000000000000002 80.481511253499136 16.681500000000003 30.500000000000004 17.207200000000004 16.71883166666667 20.500000000000004 17.371195000000004 17.265850000000004 17.021863333333339 16.001000000000001 20.500000000000004 0.76320403382708191 15.54934666666667 14.000100000000002 15.294250000000002 14.630543333333335 24.500000000000004 14.648050000000003 14.593050000000002 15.195600000000001 15.523850000000001 15.355800000000002 15.249300000000002 19.500000000000004 14.851500000000001 15.373050000000001
decision_type=2 2 2 2 2 2 2 2 2 2 2 2 2 2 2 2 2 2 2 2 2 2 2 2 2 2 2 2 2 2
left_child=3 2 -2 4 19 13 7 8 -7 -4 12 -12 -11 14 23 -16 -17 -3 -15 -1 21 22 -21 24 27 26 -26 -5 -29 -25
right_child=1 17 9 5 -6 6 -8 -9 -10 10 11 -13 -14 18 15 16 -18 -19 -20 20 -22 -23 -24 29 25 -27 -28 28 -30 -31
leaf_value=0.00034385412189664782 -0.0019905606454624978 -0.060076054611142987 0.021165092149340411 -3.6094653053448358e-05 0.0038782635697037489 -0.005625516548041022 0.0015587855543577988 -0.022499779469604179 0.0030997564023168725 -0.0041707506572943734 0.012008023077177504 -0.010830259643717716 0.019203397440619083 -0.0027162654535352682 0.006065142520451444 0.024597582362371622 -0.1481651227433457 0.005756552562726577 0.0030410088959496977 -0.0015901807088137489 9.5735949284640929e-05 0.0019395984769707978 -0.0023187539658296773 0.0014543099179044762 -0.0015134485638172469 0.00082437820896762192 -0.0027303490759707318 0.00055521845132935335 -0.0060258148861392878 -9.1291005100315709e-05
leaf_weight=886 26 35 2895 1324 674 24 77 20 23 23 23 27 161 20 268 22 21 497 309 31 237 23 28 553 20 23 21 22 23 1324
leaf_count=886 26 35 2895 1324 674 24 77 20 23 23 23 27 161 20 268 22 21 497 309 31 237 23 28 553 20 23 21 22 23 1324
internal_value=0.00291511 0.00645945 0.00703645 0.000727273 0.0018265 0.000222765 -0.00477778 -0.0122985 -0.00561702 0.00713071 0.00355556 -0.0048 0.00582609 0.000405064 0.00013477 0.00311254 -0.00502326 0.00303759 0.00337994 0.000697096 -0.00178056 -0.00858537 -0.0136949 -0.000145015 -0.00115562 -0.0095 -0.0154146 -0.000765522 -0.00977778 0.000626532
internal_weight=9660 3687 3155 5973 1879 4094 144 67 47 3129 234 50 184 3950 3621 311 43 532 329 1205 319 82 59 3310 1433 64 41 1369 45 1877
internal_count=9660 3687 3155 5973 1879 4094 144 67 47 3129 234 50 184 3950 3621 311 43 532 329 1205 319 82 59 3310 1433 64 41 1369 45 1877
is_linear=0
shrinkage=0.08


Tree=60
num_leaves=31
num_cat=0
split_feature=21 6 29 31 23 8 1 7 1 21 8 21 1 25 29 33 31 4 4 6 19 33 4 21 31 5 21 39 4 1
split_gain=11.9451 1.56011 0.650606 0.738205 0.773036 0.641799 0.450596 0.545764 0.637136 0.411539 0.403416 0.403111 0.609091 0.787638 0.684989 1.22587 0.641487 0.598331 0.707754 0.9721 0.93737 0.580351 0.672003 0.580149 0.910944 0.913846 0.591252 0.645378 0.566687 0.922329
threshold=16.681500000000003 0.51441968357290035 16.566100000000002 16.322600000000005 17.207200000000004 1.7064975938968319 20.500000000000004 17.384650000000004 21.500000000000004 16.787500000000005 0.23483386580813245 14.362500000000002 7.5000000000000009 16.681500000000003 16.226550000000003 -1.0000000180025095e-35 16.535050000000002 17.500000000000004 24.500000000000004 0.19220317920232663 15.195600000000001 0.51410000000000011 47.500000000000007 15.763450000000002 15.816150000000002 16.178590000000003 15.656950000000002 84.966557449882785 13.500000000000002 8.5000000000000018
decision_type=2 2 2 2 2 2 2 2 2 2 2 2 2 2 2 2 2 2 2 2 2 2 2 2 2 2 2 2 2 2
left_child=5 6 3 -3 -5 11 -2 8 10 -4 -8 28 13 16 -15 -16 17 -13 19 -19 -21 -20 -23 24 -14 26 27 -26 29 -1
right_child=1 2 9 4 -6 -7 7 -9 -10 -11 -12 12 23 14 15 -17 -18 18 21 20 -22 22 -24 -25 25 -27 -28 -29 -30 -31
leaf_value=8.5033982159294903e-05 0.019471884777393315 0.0012631437186133726 -0.1112303004381964 4.692603502477133e-05 -0.069776400912659894 0.0056894611037072501 0.012684956191677895 -0.0059428003988084297 0.020573342216812739 0.0083439412827317934 -0.043990599189899914 0.00060408135083306488 0.00041965240328231608 0.0025268550462458155 -0.00026437778306510711 -0.0075990466633137519 0.004544804536089667 0.00031686304685276957 1.8868457512626389e-05 -0.0049403247849206825 -0.0033953199075659082 -0.0011763587706829972 -0.0046533891821537929 0.0043624225454805907 -0.0012317447811306822 0.0066443596996615421 0.0010667253607495183 -0.0077154213454837355 5.037546755845039e-05 -0.0019362469428710863
leaf_weight=153 2793 75 22 27 22 259 27 27 150 477 29 414 2362 22 41 23 97 54 824 21 74 46 20 460 30 22 27 21 920 121
leaf_count=153 2793 75 22 27 22 259 27 27 150 477 29 414 2362 22 41 23 97 54 824 21 74 46 20 460 30 22 27 21 920 121
internal_value=0.00289855 0.00650918 0.00286356 -0.00232258 -0.00995918 0.000706705 0.00725975 0.00387983 0.00528155 0.0041523 -0.002 0.000531294 0.000874068 -0.000361858 -0.00781395 -0.012 5.16132e-05 -0.000368892 -0.00139365 -0.00649664 -0.0113684 -0.000539326 -0.00775758 0.00156605 0.0010788 -0.0064 -0.0104615 -0.0155294 -0.000777219 -0.0039708
internal_weight=9660 3649 623 124 49 6011 3026 233 206 499 56 5752 4558 1636 86 64 1550 1453 1039 149 95 890 66 2922 2462 100 78 51 1194 274
internal_count=9660 3649 623 124 49 6011 3026 233 206 499 56 5752 4558 1636 86 64 1550 1453 1039 149 95 890 66 2922 2462 100 78 51 1194 274
is_linear=0
shrinkage=0.08


Tree=61
num_leaves=31
num_cat=0
split_feature=5 6 4 6 6 25 13 2 7 4 1 5 15 2 23 29 17 21 25 6 8 4 17 21 39 27 31 25 31 33
split_gain=11.811 1.07046 0.953168 1.19869 1.97037 0.583357 0.690484 1.14208 0.76598 0.863704 0.557975 0.572718 0.525871 0.514607 0.823203 0.587013 0.547701 0.547563 0.531683 0.61935 0.795374 0.9 0.589631 0.564757 0.548956 0.536532 0.725094 0.736103 1.41229 0.709636
threshold=16.940416666666671 0.51441968357290035 22.500000000000004 1.0693335098317929 0.86379130480005573 18.478250000000003 16.191350000000003 1.0000000180025095e-35 16.880144166666671 29.500000000000004 20.500000000000004 16.376710000000006 13.917650000000002 5.5000000000000009 14.615850000000002 16.455400000000004 15.965100000000001 16.191350000000003 15.586 0.17927676352843239 0.20208199304251817 24.500000000000004 15.883650000000001 14.016500000000002 85.331429661058039 14.750550000000002 15.123600000000001 15.330900000000002 15.088900000000002 -0.22989999999999974
decision_type=2 2 2 2 2 2 2 2 2 2 2 2 2 2 2 2 2 2 2 2 2 2 2 2 2 2 2 2 2 2
left_child=5 -2 3 4 -3 6 8 -8 10 -10 11 12 -1 15 -15 16 18 -17 22 20 21 -20 23 -14 25 -25 27 28 29 -27
right_child=1 2 -4 -5 -6 -7 7 -9 9 -11 -12 -13 13 14 -16 17 -18 -19 19 -21 -22 -23 -24 24 -26 26 -28 -29 -30 -31
leaf_value=0.00059454253488966499 0.017914133995201951 0.00048570268695442967 0.01053534008293497 0.0059124786893787777 -0.0049008473277679758 -0.00052710142744020973 -0.0039335532214232099 0.0028088144337884637 -2.8423523498499056e-06 -0.057111299726315144 0.0036562221579177104 -0.0017248355327753621 -0.0049840223501926607 -7.7807443042987085e-05 -0.0017656271032793292 -0.0027378024050933249 0.0029374396851942074 0.00082388321582150929 -0.011434315739517897 -0.00015838171112958016 -1.0270822628835053e-05 -0.00089234903180621648 -0.0030354987499678862 0.00050233591149670528 0.0021881448917222715 0.00050170122460357393 0.00045952218468825543 0.0015822650035918651 -0.0053683051941561038 -0.0011912753113000564
leaf_weight=141 2953 41 365 59 24 37 26 783 42 22 555 36 39 843 38 27 230 30 20 676 53 20 25 972 268 78 890 61 23 283
leaf_count=141 2953 41 365 59 24 37 26 783 42 22 555 36 39 843 38 27 230 30 20 676 53 20 25 972 268 78 890 61 23 283
internal_value=0.00279917 0.00655898 0.00309202 -0.00296774 -0.0104615 0.000717916 0.000777868 0.00295674 0.00044974 -0.00825 0.000554635 0.000274353 0.000351071 0.000202797 -0.00153462 0.00061705 0.000743266 -0.0074386 0.000488263 -0.00136281 -0.00748387 -0.016 0.00102766 0.00114461 0.00128932 0.000891201 -0.000149812 -0.00278652 -0.00408333 -0.00285873
internal_weight=9660 3442 489 124 65 6218 6181 809 5372 64 5308 4753 4717 4576 881 3695 3638 57 3408 769 93 40 2639 2614 2575 2307 1335 445 384 361
internal_count=9660 3442 489 124 65 6218 6181 809 5372 64 5308 4753 4717 4576 881 3695 3638 57 3408 769 93 40 2639 2614 2575 2307 1335 445 384 361
is_linear=0
shrinkage=0.08


Tree=62
num_leaves=31
num_cat=0
split_feature=39 6 2 31 1 15 4 33 8 33 6 1 7 2 23 4 25 31 19 8 5 6 8 13 6 31 31 8 33 6
split_gain=10.8389 1.31661 0.570796 0.552999 0.535472 0.547416 0.567722 0.828502 0.7 0.550219 0.505876 0.496849 1.25985 0.46167 0.754065 0.823693 0.618767 0.52487 0.539185 0.54256 0.664482 1.01073 1.99792 0.629439 0.612864 0.730549 0.541897 0.617824 0.774807 0.511467
threshold=89.913267591553748 0.86379130480005573 1.0000000180025095e-35 16.535050000000002 22.500000000000004 13.917650000000002 1.0000000180025095e-35 0.034500000000000426 0.22581295225325829 0.82059999999999989 0.22123173875917676 19.500000000000004 17.450372500000004 1.5000000000000002 16.639900000000001 30.500000000000004 16.681500000000003 15.294250000000002 14.716850000000003 0.22847824698293387 15.715203333333337 0.20658945453753499 0.20687788878947019 16.158800000000003 0.24063582096088601 15.4565 15.621500000000003 0.25361907767569841 0.46274999999999983 0.39350567118165908
decision_type=2 2 2 2 2 2 2 2 2 2 2 2 2 2 2 2 2 2 2 2 2 2 2 2 2 2 2 2 2 2
left_child=4 3 -3 10 5 -1 7 8 -7 13 -2 -5 -13 -8 17 16 -16 29 -19 20 24 22 -22 -23 -20 -26 -21 -28 -29 -15
right_child=1 2 -4 11 -6 6 9 -9 -10 -11 -12 12 -14 14 15 -17 -18 18 19 26 21 23 -24 -25 25 -27 27 28 -30 -31
leaf_value=0.00078616619505798998 -0.0073837609450400658 -0.00090426123789934384 0.0063716513310770441 0.016568641405389672 0.0046140800390832249 -0.0016470865038517273 0.0003484942585073378 0.003632818125998792 -0.0052723895222224083 -0.0019964981874445479 0.0069877465101015092 0.010559640884626447 -0.0069005070865199511 -0.00028142659660220236 -0.00091074800878692623 0.00077993349103010797 -0.0036961894096859604 -0.0012388154985602084 0.00086678272618370233 0.0033318818372192311 0.0023252313622807107 0.00023691789845812987 -0.0044369998599187253 -0.0018101291239933299 -0.0033230910719702711 0.00064943633000214245 0.0030558931131048207 0.00016331450165691427 -0.0063987946632730946 0.0025845146188230184
leaf_weight=162 22 22 525 2794 195 36 1640 36 20 37 60 381 21 1566 21 45 30 20 805 312 38 187 37 23 37 64 104 304 31 85
leaf_count=162 22 22 525 2794 195 36 1640 36 20 37 60 381 21 1566 21 45 30 20 805 312 38 187 37 23 37 64 104 304 31 85
internal_value=0.00276605 0.00607582 0.00244241 0.00668212 0.000596401 0.000453901 0.000318365 -0.00591304 -0.012 0.000424805 0.000195122 0.00684856 0.00421891 0.000492055 -2.15662e-06 -0.007 -0.0139608 0.000183781 0.0010683 0.00120288 0.000141058 -0.00322807 -0.0112 -0.000380952 0.00120088 -0.00467327 0.00288682 0.00107517 -0.000597015 -0.000867353
internal_weight=9660 3825 547 3278 5835 5640 5478 92 56 5386 82 3196 402 5349 3709 96 51 3613 1962 1942 1191 285 75 210 906 101 751 439 335 1651
internal_count=9660 3825 547 3278 5835 5640 5478 92 56 5386 82 3196 402 5349 3709 96 51 3613 1962 1942 1191 285 75 210 906 101 751 439 335 1651
is_linear=0
shrinkage=0.08


Tree=63
num_leaves=31
num_cat=0
split_feature=7 8 8 21 7 7 7 1 5 5 5 19 29 7 21 5 1 6 1 27 31 13 15 33 21 5 19 6 15 25
split_gain=10.5453 0.905544 0.860274 0.730599 0.697111 0.464613 2.15868 0.800753 1.80674 0.569435 0.73614 0.456131 0.946189 0.404147 0.403972 0.607292 1.0428 0.386301 0.356433 0.389691 0.572861 0.353284 0.36525 0.331831 0.282788 0.620995 0.764021 0.61594 0.534361 0.514881
threshold=16.71883166666667 0.96992659237771972 1.6252186225111298 19.274100000000001 17.049680833333337 18.079632500000006 17.953845833333336 2.5000000000000004 18.142023333333338 16.369123333333338 16.259070000000005 14.968750000000002 14.883000000000001 17.023110000000003 17.693600000000004 16.907426666666669 3.5000000000000004 0.51441968357290035 20.500000000000004 17.117000000000004 16.9785 16.892300000000002 16.929950000000002 -0.76014999999999933 16.535050000000002 16.376710000000006 16.455400000000004 0.31083398291248526 16.121200000000005 16.455400000000004
decision_type=2 2 2 2 2 2 2 2 2 2 2 2 2 2 2 2 2 2 2 2 2 2 2 2 2 2 2 2 2 2
left_child=2 4 3 14 13 6 7 8 9 10 -3 12 -4 23 15 21 -17 18 19 -15 -21 22 24 -2 25 29 27 -27 -26 -1
right_child=1 5 11 -5 -6 -7 -8 -9 -10 -11 -12 -13 -14 17 -16 16 -18 -19 -20 20 -22 -23 -24 -25 28 26 -28 -29 -30 -31
leaf_value=7.2526152116051041e-05 -0.0011671116776371092 0.0018701570280751749 0.0047595180793629094 -0.0064193316592146285 0.021945327143182852 0.10205316722679697 -0.014290773008127261 0.0097352669134648882 -0.0027136752495875989 0.0096935038510913805 -0.042720250699717306 0.010554458579918583 -0.022510205679141838 0.012115503418232833 0.0042032251269193948 -0.0078942585979306819 0.002672481071133926 -0.0328186513427043 -0.0030960154985907838 0.0090835820315140845 -0.0035587010593505397 0.0045839036932623263 -0.003612384498364314 0.010019556152607833 -0.0041332920343407457 -0.00064655728921925941 0.0013802537907113056 -0.0021184053171336894 0.0080514964376570478 0.0040364314923588742
leaf_weight=5139 20 42 54 27 1773 132 31 455 25 65 27 293 26 193 45 26 36 20 32 49 27 76 29 721 33 38 27 25 79 95
leaf_count=5139 20 42 54 27 1773 132 31 455 25 65 27 293 26 193 45 26 36 20 32 49 27 76 29 721 33 38 27 25 79 95
internal_value=0.00267495 0.00609524 0.000632275 0.000387665 0.00675838 0.00367568 0.0027907 0.00383062 -0.0010566 0.00262687 -0.00243478 0.00435389 -0.001 0.00513748 0.000450425 0.000389791 -0.00748387 0.00276636 0.00348173 0.00443123 -0.000421052 0.000477892 0.000402562 0.00616464 0.000450331 0.000366642 -0.00622222 -0.0110476 0.00442857 0.000479939
internal_weight=9660 3612 6048 5675 2835 777 645 614 159 134 69 373 80 1062 5648 5603 62 321 301 269 76 5541 5465 741 5436 5324 90 63 112 5234
internal_count=9660 3612 6048 5675 2835 777 645 614 159 134 69 373 80 1062 5648 5603 62 321 301 269 76 5541 5465 741 5436 5324 90 63 112 5234
is_linear=0
shrinkage=0.08


Tree=64
num_leaves=31
num_cat=0
split_feature=21 6 1 7 4 6 33 6 8 7 39 29 4 5 1 31 1 31 29 33 33 17 21 33 29 19 29 8 8 4
split_gain=10.595 1.38994 0.638202 0.758351 0.614409 1.22791 1.15248 0.861847 0.580629 0.536458 0.91726 0.47884 0.467132 0.438472 0.348671 0.523241 0.775758 0.411554 0.538526 1.15522 0.968033 0.767455 0.59281 1.42857 0.616776 0.746611 0.551186 0.512563 0.516951 0.860992
threshold=16.717400000000001 0.51441968357290035 19.500000000000004 17.450372500000004 30.500000000000004 1.0693335098317929 -0.44760000000000039 0.86379130480005573 1.7064975938968319 16.395680833333341 96.381184902766819 17.403550000000006 25.500000000000004 17.014256666666672 22.500000000000004 17.501900000000003 10.500000000000002 16.535050000000002 15.816150000000002 -0.69159999999999922 0.20124999999999996 16.566100000000002 16.029150000000005 0.30360000000000126 16.158800000000003 16.045950000000005 15.896950000000002 0.1959718753780384 0.25361907767569841 6.5000000000000009
decision_type=2 2 2 2 2 2 2 2 2 2 2 2 2 2 2 2 2 2 2 2 2 2 2 2 2 2 2 2 2 2
left_child=8 2 -2 13 5 6 -3 -8 14 10 -6 -10 -7 -4 15 17 -17 18 -1 -20 27 22 24 -24 25 26 -22 -21 -29 -30
right_child=1 4 3 -5 9 12 7 -9 11 -11 -12 -13 -14 -15 -16 16 -18 -19 19 20 21 -23 23 -25 -26 -27 -28 28 29 -31
leaf_value=0.00011783152446010897 0.015223448491794035 -0.010717401576713107 -0.00051938869296223563 -0.0052052046789481214 0.00054138439398548194 0.018823961849030697 0.00099696658911633683 -0.0026625150453573904 0.0055598260295004233 0.023825320473467568 -0.017118773947836143 -0.0031503016136855745 -0.0051777915592046498 0.011470803201955971 0.0034309253487343765 -0.0030396856264320077 0.0037895416290454165 0.0020544610111362959 -0.0048316266585674405 -0.0010696049272931978 -0.0027314917953026223 0.012206940033421603 -0.0061256700255369794 -0.0012242837281112565 0.0050833113652403077 -0.0028310670159699663 0.0016776752776417572 0.00080709139403674357 -0.00098057074673580887 4.6414419301461349e-05
leaf_weight=4603 2586 23 57 21 46 138 43 25 244 284 20 30 30 296 177 20 24 265 28 20 25 21 20 36 20 23 28 266 23 218
leaf_count=4603 2586 23 57 21 46 138 43 25 244 284 20 30 30 296 177 20 24 265 28 20 25 21 20 36 20 23 28 266 23 218
internal_value=0.00263354 0.0060947 0.00681081 0.00372193 0.00261412 -0.000339768 -0.00782418 -0.00258823 0.000605484 0.0048 -0.00169697 0.00420438 0.00371429 0.00460057 0.000435964 0.000326241 -0.00836364 0.000394568 0.000241606 -0.00178022 -0.00114286 -0.00633526 -0.00831579 -0.0148571 -0.0045 -0.00778947 -0.00256604 0.00056167 0.0010572 -0.00162656
internal_weight=9660 3569 2960 374 609 259 91 68 6091 350 66 274 168 353 5817 5640 44 5596 5331 728 700 173 152 56 96 76 53 527 507 241
internal_count=9660 3569 2960 374 609 259 91 68 6091 350 66 274 168 353 5817 5640 44 5596 5331 728 700 173 152 56 96 76 53 527 507 241
is_linear=0
shrinkage=0.08


Tree=65
num_leaves=31
num_cat=0
split_feature=13 7 5 19 31 7 1 7 27 27 27 1 4 7 39 1 4 19 13 6 31 31 21 21 15 33 23 19 21 1
split_gain=9.95028 1.2451 1.31283 0.743494 0.712363 0.610905 0.609598 1.55295 0.564987 0.530062 0.582453 0.490224 0.475592 0.456633 0.453452 0.340762 0.33245 0.314881 0.309498 0.312947 0.896761 1.32255 0.688744 0.553164 2.31543 0.381475 0.36196 1.4621 0.444819 0.541659
threshold=16.681500000000003 17.045894166666667 17.462610000000005 16.180450000000004 17.207200000000004 17.023110000000003 20.500000000000004 17.953845833333336 16.775850000000002 17.117000000000004 17.403550000000006 22.500000000000004 15.500000000000002 16.316574166666673 90.90483909241523 21.500000000000004 50.500000000000007 16.824400000000001 9.6461500000000004 0.98887804737507146 16.661800000000003 17.110850000000003 17.403550000000006 16.639900000000001 16.852650000000001 -0.9933499999999994 16.639900000000001 16.269450000000003 15.896950000000002 8.5000000000000018
decision_type=2 2 2 2 2 2 2 2 2 2 2 2 2 2 2 2 2 2 2 2 2 2 2 2 2 2 2 2 2 2
left_child=11 2 3 12 -4 -5 14 15 -7 16 -11 18 -2 -14 17 -8 -10 -3 -1 22 -21 -22 23 24 25 -20 28 -28 -27 -30
right_child=1 6 4 5 -6 8 7 -9 9 10 -12 -13 13 -15 -16 -17 -18 -19 19 20 21 -23 -24 -25 -26 26 27 -29 29 -31
leaf_value=-0.039990716714621281 0.0073348946804989738 -0.050010772107462062 0.0029830092172058171 0.008000115781055684 -0.0025201236296580848 -0.0043247146287487253 -0.00029831092899803012 -0.014032330099746131 0.010946331549114632 -0.0038988435801368022 0.0090553127086260461 0.0039653221505849476 0.00011235609050330906 -0.045167656272836407 0.019144452172110391 0.01633807008819221 -0.028932358618822891 0.0022639513401895312 -0.002199912362484565 0.005124130720214044 -0.060964449617104066 0.0006607971167942073 -0.15705259848702241 0.0069753279375973486 -0.014341341965965237 3.4738365461615091e-05 -0.086253265106822283 0.003864856630471078 0.00011848224289449646 0.005123834491462499
leaf_weight=24 34 20 25 1013 29 27 32 22 106 28 25 201 39 30 2054 117 20 28 22 170 23 70 22 160 21 4640 21 29 413 195
leaf_count=24 34 20 25 1013 29 27 32 22 106 28 25 201 39 30 2054 117 20 28 22 170 23 70 22 160 21 4640 21 29 413 195
internal_value=0.00253416 0.00582954 0.00393023 0.00442965 -0.0082963 0.00498113 0.00697932 0.00238597 0.00100971 0.00263687 -0.00407547 0.000533689 -0.00209709 -0.00591304 0.007353 0.00531544 0.00546032 -0.000333333 0.000399312 0.000436917 0.00313308 -0.0031828 0.000308528 0.000365025 0.000226175 0.000330827 0.000374481 -0.0064 0.000439025 0.00247368
internal_weight=9660 3649 1376 1322 54 1219 2273 171 206 179 53 6011 103 69 2102 149 126 48 5810 5786 263 93 5523 5501 5341 5320 5298 50 5248 608
internal_count=9660 3649 1376 1322 54 1219 2273 171 206 179 53 6011 103 69 2102 149 126 48 5810 5786 263 93 5523 5501 5341 5320 5298 50 5248 608
is_linear=0
shrinkage=0.08


Tree=66
num_leaves=31
num_cat=0
split_feature=7 39 8 2 1 21 6 4 19 19 29 1 4 27 21 19 2 29 4 7 39 4 39 33 29 4 4 15 6 6
split_gain=8.8098 1.50689 1.35668 0.935321 1.98942 0.720575 0.701899 0.95116 1.37061 0.684343 0.692078 0.422906 0.512049 0.782609 0.413749 0.55361 1.20935 0.344675 0.439196 0.421619 0.56913 0.56895 0.676368 0.77512 0.338194 0.336165 0.734619 0.330007 0.383345 0.565535
threshold=16.71883166666667 93.256932608717065 1.6795587907055991 3.5000000000000004 20.500000000000004 19.274100000000001 0.76320403382708191 22.500000000000004 18.825550000000003 14.683200000000001 14.514900000000003 17.500000000000004 52.500000000000007 17.008900000000004 17.693600000000004 17.344800000000003 2.5000000000000004 16.787500000000005 39.500000000000007 17.057277500000005 92.48993968194705 6.5000000000000009 92.060630276994956 -0.27589999999999909 16.717400000000001 43.500000000000007 37.500000000000007 17.911800000000003 0.98887804737507146 0.76320403382708191
decision_type=2 2 2 2 2 2 2 2 2 2 2 2 2 2 2 2 2 2 2 2 2 2 2 2 2 2 2 2 2 2
left_child=2 3 5 11 -5 14 -3 8 -8 10 -4 24 17 -14 15 27 -17 -13 19 20 21 -19 23 -23 25 26 -2 28 29 -1
right_child=1 6 9 4 -6 -7 7 -9 -10 -11 -12 12 13 -15 -16 16 -18 18 -20 -21 -22 22 -24 -25 -26 -27 -28 -29 -30 -31
leaf_value=9.2291028580654134e-05 0.0053388879469932985 0.034883186738113164 0.0038201202179544225 0.0031339200252623405 -0.085609111840204852 -0.0055065593108280554 -0.0035435352451962695 0.031939417195967601 0.04858218926778423 0.0089290993041853048 -0.030320925849973333 0.0089883957233784142 0.0062514614412643998 -0.0041721065333214713 0.0034847351308555214 -0.0026945448224680703 0.0036521858663600905 0.004152393999538562 0.0070171139060632524 0.013733489244393443 0.012814251950402509 -0.0057797328216450975 -0.003548908517772158 0.0049876469131605906 0.0073601065185712857 0.0076318803743023814 -0.076786343568724671 -0.0018834311067981696 0.0012477088429190509 -0.0022247298335182006
leaf_weight=5292 99 1699 28 58 26 27 32 160 25 296 22 72 23 23 45 21 22 20 77 49 29 32 33 44 1028 61 22 30 195 70
leaf_count=5292 99 1699 28 58 26 27 32 160 25 296 22 72 23 23 45 21 22 20 77 49 29 32 33 44 1028 61 22 30 195 70
internal_value=0.00245963 0.00558583 0.000592593 0.00384906 -0.00438095 0.00029744 0.00712317 0.00283871 -0.00603509 0.00545665 -0.0032 0.00427792 0.00202985 -0.00591304 0.000359472 0.000298402 -0.00874419 0.00305618 0.00180282 -0.000115942 -0.00212658 -0.0044031 -0.0066789 -0.00252632 0.00502479 0.00184615 -0.000595041 0.000367997 0.000413173 0.000286461
internal_weight=9660 3612 6048 1696 84 5702 1916 217 57 346 50 1612 402 46 5675 5630 43 356 284 207 158 129 109 76 1210 182 121 5587 5557 5362
internal_count=9660 3612 6048 1696 84 5702 1916 217 57 346 50 1612 402 46 5675 5630 43 356 284 207 158 129 109 76 1210 182 121 5587 5557 5362
is_linear=0
shrinkage=0.08


Tree=67
num_leaves=31
num_cat=0
split_feature=7 31 8 8 21 13 7 17 7 4 13 19 29 27 31 1 23 1 8 27 15 29 33 19 39 39 21 27 7 21
split_gain=9.13956 1.34031 1.15822 0.745265 0.712842 0.684677 0.516944 1.51514 2.18111 0.925209 0.47168 0.457145 0.725098 0.434688 0.539678 1.41346 0.369278 0.331707 0.443608 0.449419 0.419981 0.400678 0.394561 0.315182 0.299654 0.713934 0.311087 0.809672 0.572311 0.976979
threshold=16.71883166666667 17.110850000000003 1.6795587907055991 0.96992659237771972 19.274100000000001 15.444000000000001 18.079632500000006 17.955650000000002 17.222990833333338 50.500000000000007 19.662150000000004 15.088900000000002 14.968750000000002 17.955650000000002 17.207200000000004 2.5000000000000004 16.824400000000001 17.500000000000004 0.39477492758985461 16.787500000000005 17.423700000000004 16.817100000000003 -0.80299999999999805 17.846600000000006 99.819194672000052 93.6848825792013 14.362500000000002 14.750550000000002 14.526564166666668 14.043850000000001
decision_type=2 2 2 2 2 2 2 2 2 2 2 2 2 2 2 2 2 2 2 2 2 2 2 2 2 2 2 2 2 2
left_child=2 5 4 -3 10 -2 7 9 -9 -5 13 12 -4 14 16 -16 24 22 19 -19 21 -21 -7 -13 25 26 28 -28 -1 -30
right_child=1 3 11 6 -6 17 -8 8 -10 -11 -12 23 -14 -15 15 -17 -18 18 -20 20 -22 -23 -24 -25 -26 -27 27 -29 29 -31
leaf_value=-2.6617745053827621e-06 -0.019752016316964355 0.030513826444407539 0.0015298246916275427 0.016568554039235194 -0.0050660345659618604 -0.01186569539479271 0.088348826856491772 -0.0054004023845236051 0.029274619026121995 -0.015414398354464136 -0.0032702317985967102 0.010039927886496743 -0.022079972521400322 0.0040581249015047595 -0.0021421010098063671 0.0027379751900515714 0.0030302475004355769 -0.0036234384062175796 0.0057088804047686582 -0.0022294584425956322 -0.0011596375760601436 0.0044295527150622384 0.0060292379684125296 -0.00031390528341523546 0.0062400007402272665 -0.0022723461620145521 0.0011207794421176343 -2.6084470556410159e-06 0.0017703955425759658 -0.0028407563094735499
leaf_weight=987 22 1630 51 186 27 34 132 29 31 30 26 248 24 47 24 26 59 27 155 28 31 163 1114 23 32 27 1043 3226 56 122
leaf_count=987 22 1630 51 186 27 34 132 29 31 30 26 248 24 47 24 26 59 27 155 28 31 163 1114 23 32 27 1043 3226 56 122
internal_value=0.00240166 0.00558583 0.0005 0.00694014 0.000227289 0.00383227 0.00388235 0.00191304 -0.00933333 0.00503704 0.000288987 0.00499422 -0.000533333 0.000338467 0.000274188 -0.008 0.000348703 0.00403093 0.00205941 -3.21282e-05 0.00115315 0.00255497 0.00472474 0.00652399 0.000281085 0.000235855 0.000300332 0.000616538 -0.000858369 -0.00503371
internal_weight=9660 3612 6048 2038 5702 1574 408 276 60 216 5675 346 75 5649 5602 50 5552 1552 404 249 222 191 1148 271 5493 5461 5434 4269 1165 178
internal_count=9660 3612 6048 2038 5702 1574 408 276 60 216 5675 346 75 5649 5602 50 5552 1552 404 249 222 191 1148 271 5493 5461 5434 4269 1165 178
is_linear=0
shrinkage=0.08


Tree=68
num_leaves=31
num_cat=0
split_feature=7 7 8 27 8 31 1 31 1 4 23 23 19 4 5 29 7 7 1 29 6 4 29 29 17 8 4 4 19 8
split_gain=8.34711 1.45465 1.35668 0.749619 1.65434 0.533099 1.70277 0.522435 0.486498 0.797361 0.485597 0.462019 0.454748 0.78 0.391547 0.368729 0.397192 0.606739 0.695597 1.29146 1.18519 0.47079 0.544282 0.447164 0.465897 0.43919 0.401912 0.372024 0.356767 0.330016
threshold=16.71883166666667 18.067215000000001 1.6795587907055991 19.011950000000002 1.4128903161117352 17.207200000000004 2.5000000000000004 17.110850000000003 20.500000000000004 49.500000000000007 16.824400000000001 16.867950000000004 14.683200000000001 26.500000000000004 18.239940000000004 15.725800000000001 17.049680833333337 16.860710833333339 19.500000000000004 16.938100000000002 0.22843801201026429 4.5000000000000009 17.325350000000004 16.741850000000003 17.117000000000004 0.21401177417981529 22.500000000000004 38.500000000000007 17.752500000000001 0.17719932039404676
decision_type=2 2 2 2 2 2 2 2 2 2 2 2 2 2 2 2 2 2 2 2 2 2 2 2 2 2 2 2 2 2
left_child=2 3 5 7 -5 10 -7 15 14 11 28 -10 13 -4 -9 -2 17 -17 23 -20 -21 22 -18 24 26 27 -19 -25 29 -1
right_child=1 -3 12 4 -6 6 -8 8 9 -11 -12 -13 -14 -15 -16 16 21 18 19 20 -22 -23 -24 25 -26 -27 -28 -29 -30 -31
leaf_value=-0.00032750413394874625 -0.0029996694128636646 0.085957160612599864 0.0029081224961738151 -0.0076899842869270251 0.023910493370879991 -0.002754522546908307 0.0020225651124377935 0.015756173098737444 -0.0065545206307475821 -0.0104500419507189 0.0022098967306759944 0.024143875609165224 0.0074115771289307488 -0.021236923491952418 -0.00055535382090876508 0.0093503645051500536 0.0029975099867536547 -0.0085278709747296285 0.004528235048351089 0.00031196372293875656 -0.020714155750361875 0.0065621877904208951 -0.046036558303833866 -0.0029614682019973772 -0.0030774656531583587 0.0043584691690026038 0.0088316016626958944 0.0024097476538872797 -0.0014618174794176974 9.8888514851916653e-05
leaf_weight=156 22 1027 26 21 36 30 56 796 24 25 90 92 296 24 33 152 41 20 52 27 27 543 20 20 24 543 39 28 29 5341
leaf_count=156 22 1027 26 21 36 30 56 796 24 25 90 92 296 24 33 152 41 20 52 27 27 543 20 20 24 543 39 28 29 5341
internal_value=0.00240994 0.00545293 0.000592593 0.00444101 -0.00463158 0.00029744 -0.00595349 0.00464557 0.00610309 0.00175887 0.000393163 0.00455172 0.00545665 -0.0016 0.00684198 0.00373813 0.00388542 0.00284979 0.00194872 -0.00407547 -0.0127407 0.00548344 -0.00118033 0.00289614 -0.00260241 0.00366836 0.00122034 -0.00366667 0.000298227 0.000344916
internal_weight=9660 3612 6048 2585 57 5702 86 2528 970 141 5616 116 346 50 829 1558 1536 932 780 106 54 604 61 674 83 591 59 48 5526 5497
internal_count=9660 3612 6048 2585 57 5702 86 2528 970 141 5616 116 346 50 829 1558 1536 932 780 106 54 604 61 674 83 591 59 48 5526 5497
is_linear=0
shrinkage=0.08


Tree=69
num_leaves=31
num_cat=0
split_feature=21 7 5 8 39 19 17 7 29 1 4 23 17 31 8 8 15 23 6 15 7 27 27 6 13 33 4 6 8 33
split_gain=7.83917 1.89687 2.27552 1.0065 0.623537 0.952381 1.00087 0.49758 0.591787 0.444582 0.796793 0.379272 0.909458 0.668558 0.472862 0.618495 0.529473 0.628571 0.875758 0.441459 0.440429 0.4192 0.691652 0.818182 0.504645 0.53525 0.684 0.525067 0.33144 0.763926
threshold=16.717400000000001 17.222990833333338 18.496380000000006 1.6795587907055991 99.819194672000052 17.191450000000007 18.087200000000003 16.395680833333341 15.656950000000002 20.500000000000004 49.500000000000007 17.955650000000002 16.852650000000001 17.117000000000004 0.39477492758985461 0.370621053769919 17.456700000000001 17.110850000000003 0.25619465051499757 16.072750000000003 17.044309166666668 17.306200000000004 17.403550000000006 0.22732955444594261 16.964700000000004 -0.3010000000000001 46.500000000000007 0.21983759049236898 0.24266856732989675 -0.18979999999999994
decision_type=2 2 2 2 2 2 2 2 2 2 2 2 2 2 2 2 2 2 2 2 2 2 2 2 2 2 2 2 2 2
left_child=3 2 4 -1 11 -6 -7 -5 -9 -3 -11 13 -13 14 15 16 20 18 -18 -16 21 24 23 -23 -2 -26 27 -27 -22 -30
right_child=1 9 -4 7 5 6 -8 8 -10 10 -12 12 -14 -15 19 -17 17 -19 -20 -21 28 22 -24 -25 25 26 -28 -29 29 -31
leaf_value=8.2158720899200708e-05 0.0070766698864021026 0.036545653828962153 -0.0028480310483989602 0.0050642970128711396 0.041446538449285156 -0.072579768647215492 0.0011242997867469467 -0.0032442496838764939 0.0012893730301500722 0.023218057199268817 -0.013345243147793574 -0.0027952205598997461 0.0030947796754020908 0.012095509196283511 -0.048145828767587398 -0.00048911933955508424 -0.0020198445536656986 0.015126413675926358 0.0060575479864094549 0.0071785938801440779 0.0090543311563951075 0.0012161614653536604 0.0059402814517133633 -0.0029531854238024698 0.0037227444989842685 -0.0027345724794907585 -0.017149987858381472 0.0082082845686041132 -0.0024121492845176995 0.0038277287221265511
leaf_weight=5790 166 1395 21 209 28 20 22 20 72 77 20 33 58 580 27 28 33 22 22 330 363 22 31 22 101 39 23 28 26 32
leaf_count=5790 166 1395 21 209 28 20 22 20 72 77 20 33 58 580 27 28 33 22 22 330 363 22 31 22 101 39 23 28 26 32
internal_value=0.00231056 0.00528776 0.0037246 0.000566081 0.00399222 -0.00342857 -0.0110476 0.00507641 0.000173913 0.00746381 0.0022268 0.00425378 -0.000791208 0.00449604 0.0034981 0.00257203 0.00292473 -0.00342857 -0.008 0.00598319 0.00349824 0.0017037 -0.00373333 -0.0101818 0.00284594 4.18851e-05 -0.00444444 -0.000358209 0.00533967 -0.000275862
internal_weight=9660 3569 2077 6091 2056 70 42 301 92 1492 97 1986 91 1895 1315 958 930 77 55 357 853 432 75 44 357 191 90 67 421 58
internal_count=9660 3569 2077 6091 2056 70 42 301 92 1492 97 1986 91 1895 1315 958 930 77 55 357 853 432 75 44 357 191 90 67 421 58
is_linear=0
shrinkage=0.08


Tree=70
num_leaves=31
num_cat=0
split_feature=21 7 19 6 8 7 27 31 1 5 19 1 4 13 5 23 15 1 8 4 33 15 31 25 29 4 33 39 25 23
split_gain=7.7904 1.75846 0.937222 1.46462 0.804059 0.737712 0.639733 0.632966 0.482524 0.739796 0.4249 0.61166 0.692063 0.397226 0.705069 0.344959 0.327386 0.358372 0.322131 0.953619 0.41089 0.305143 1.18976 0.384201 0.525164 0.853626 0.680788 0.677352 0.488677 0.452335
threshold=16.717400000000001 17.642290833333337 17.846600000000006 1.0693335098317929 1.6795587907055991 15.707450833333334 16.247550000000004 17.117000000000004 22.500000000000004 18.15946666666667 15.088900000000002 21.500000000000004 24.500000000000004 16.681500000000003 17.001466666666669 17.955650000000002 16.180450000000004 5.5000000000000009 0.17719932039404676 8.5000000000000018 0.16524999999999948 17.363700000000005 16.817100000000003 16.121200000000005 15.816150000000002 53.500000000000007 -0.37300000000000016 86.814028891712738 16.093650000000004 15.557500000000003
decision_type=2 2 2 2 2 2 2 2 2 2 2 2 2 2 2 2 2 2 2 2 2 2 2 2 2 2 2 2 2 2
left_child=4 2 5 -4 18 -2 -5 16 -3 -10 11 12 -6 14 -9 -15 -7 -18 19 -1 -21 23 -23 24 28 26 -26 -27 -20 -28
right_child=1 8 3 6 10 7 -8 13 9 -11 -12 -13 -14 15 -16 -17 17 -19 21 20 -22 22 -24 -25 25 27 29 -29 -30 -31
leaf_value=-0.0053151908853499878 -0.00082824516581077041 0.070682554442723242 -0.0058875731925078336 -0.0032954977668496997 0.0035404745932161408 -0.0015905341754019287 0.0025564301228557813 0.011585684625792106 -0.012277623695970154 0.017905788337842225 0.0042465373591608103 0.026715638584654283 -0.022241922711191783 0.013739716837566474 -0.0061292617779855696 -0.0023338949553140986 0.0081924558376671886 0.0046073813741247197 0.00010054383767486361 0.0007355119788444907 -0.0015896347386682845 0.00093788521477891737 -0.0015399148474351187 0.0010254162750564537 -0.0026468564128784662 -0.0057051114945952273 -0.00087136988629615863 -0.0053242858421461208 -0.0014484840844883732 0.0014377194944765264
leaf_weight=25 38 1214 31 22 20 32 84 34 20 29 228 30 23 661 28 22 113 1241 4457 103 28 53 23 670 31 21 135 20 20 204
leaf_count=25 38 1214 31 22 20 32 84 34 20 29 228 30 23 661 28 22 113 1241 4457 103 28 53 23 670 31 21 135 20 20 204
internal_value=0.00225259 0.00522051 0.00390633 -0.00251095 0.000513545 0.00431166 0.00196226 0.00450868 0.00761995 -0.000163265 0.00454485 -0.000767123 -0.00688372 0.00638926 0.000258065 0.00694583 0.00349784 0.00368685 0.000303973 -0.00328205 -0.000549618 0.000403266 -0.00463158 0.000472113 0.00022586 -0.00251095 -0.0012973 -0.0134634 0.000477105 -0.000259587
internal_weight=9660 3569 2306 137 6091 2169 106 2131 1263 49 301 73 43 745 62 683 1386 1354 5790 156 131 5634 76 5558 4888 411 370 41 4477 339
internal_count=9660 3569 2306 137 6091 2169 106 2131 1263 49 301 73 43 745 62 683 1386 1354 5790 156 131 5634 76 5558 4888 411 370 41 4477 339
is_linear=0
shrinkage=0.08


Tree=71
num_leaves=31
num_cat=0
split_feature=21 39 13 21 15 39 6 6 1 33 15 27 2 2 21 8 4 8 7 29 25 8 25 15 17 39 15 8 8 6
split_gain=7.51182 1.30555 1.12539 1.08849 0.76536 1.15167 0.574853 0.746382 0.502102 0.50362 1.05844 0.595486 0.496209 0.901037 0.622619 0.557118 0.548605 0.43822 0.695817 0.777857 0.514872 0.537155 0.737627 1.28 0.437134 0.958044 0.462019 0.436694 0.544451 0.411437
threshold=17.149950000000004 93.04431705794282 16.191350000000003 16.867950000000004 17.456700000000001 91.855899446134316 0.76320403382708191 1.0693335098317929 20.500000000000004 0.71485000000000032 15.798950000000003 15.284800000000002 2.5000000000000004 1.5000000000000002 14.000100000000002 0.21052302891130778 43.500000000000007 0.44266255623950329 17.042732500000003 16.938100000000002 17.273000000000003 0.21596356623690652 17.403550000000006 17.363700000000005 17.079750000000004 92.674550882683249 17.117000000000004 0.2307432419469391 0.19775194289623474 0.19991516733044593
decision_type=2 2 2 2 2 2 2 2 2 2 2 2 2 2 2 2 2 2 2 2 2 2 2 2 2 2 2 2 2 2
left_child=2 4 3 8 -2 -6 -3 -8 9 -1 11 -11 13 15 -14 16 -4 18 19 -16 -20 -22 23 -23 -17 29 -27 28 -10 -26
right_child=1 6 12 -5 5 -7 7 -9 27 10 -12 -13 14 -15 17 24 -18 -19 20 -21 21 22 -24 -25 25 26 -28 -29 -30 -31
leaf_value=5.5635974075959295e-05 0.0037195494674606379 0.037592995203284546 -0.0046472916775147158 -0.054675086882029586 0.00045198012490548726 -0.0089546172481555636 -0.0029838340380928309 0.0082076401370492422 0.001972453354844131 -0.00066691574443071252 -0.0039697278867057203 0.0021238359244511035 -0.020474395168622858 -0.0047075204279440376 0.00042838328428814869 0.0028183996794889556 0.0027210939152970647 0.0064296492095154067 0.0059148223968429701 -0.063739788933513869 -0.0010935094641521643 0.0078503243057288542 0.0059945540459565815 -0.0045429266725594188 -0.00095996593785145265 -0.0020134161236435807 -0.0030714666505478228 0.0035897620479638267 -0.0050801269053904977 0.0031993361916167872
leaf_weight=4712 278 1547 24 22 26 27 29 199 47 36 22 28 23 32 126 715 25 402 392 24 33 25 68 25 25 32 20 472 35 189
leaf_count=4712 278 1547 24 22 26 27 29 199 47 36 22 28 23 32 126 715 25 402 392 24 33 25 68 25 25 32 20 472 35 189
internal_value=0.00210352 0.00632859 0.000925603 0.000303685 0.00171601 -0.00709434 0.00718873 0.0034386 0.000376682 0.000113381 -0.00595349 -0.00075 0.00245872 0.00122034 0.00363506 0.00163107 -0.00669388 0.00390868 0.00268975 -0.00213333 0.0040221 5.29804e-05 0.00257627 -0.0048 0.00204689 -0.000721804 -0.0104615 0.00265704 -0.00273171 0.00164486
internal_weight=9660 2106 7554 5374 331 53 1775 228 5352 4798 86 64 2180 1062 1118 1030 49 1095 693 150 543 151 118 50 981 266 52 554 82 214
internal_count=9660 2106 7554 5374 331 53 1775 228 5352 4798 86 64 2180 1062 1118 1030 49 1095 693 150 543 151 118 50 981 266 52 554 82 214
is_linear=0
shrinkage=0.08


Tree=72
num_leaves=31
num_cat=0
split_feature=21 13 39 6 6 27 29 8 39 2 27 17 8 39 4 15 6 17 39 27 19 4 1 21 4 27 39 6 8 15
split_gain=7.4692 1.30412 1.12911 0.586598 0.746382 0.488284 0.632675 0.486687 0.452174 0.354586 0.481573 0.522022 0.449559 0.569649 0.971645 0.461982 0.480208 0.392299 0.46997 0.470975 0.635912 0.909689 0.345081 0.610966 0.842864 0.604574 0.653506 0.648212 0.859899 0.603419
threshold=17.133600000000005 16.191350000000003 93.288199601477999 0.76320403382708191 1.0693335098317929 17.656400000000001 17.752500000000001 0.21358172930527666 91.902935878722488 2.5000000000000004 17.094800000000003 17.488600000000002 0.44266255623950329 88.469004412892858 28.500000000000004 17.456700000000001 0.24381278274331858 17.079750000000004 92.875203410140287 16.929950000000002 16.892300000000002 23.500000000000004 7.5000000000000009 15.763450000000002 1.0000000180025095e-35 14.4777 76.755573263971868 0.21645223347815792 1.0368215307608737 14.197750000000001
decision_type=2 2 2 2 2 2 2 2 2 2 2 2 2 2 2 2 2 2 2 2 2 2 2 2 2 2 2 2 2 2
left_child=1 22 7 -4 -5 9 8 -2 -7 17 11 12 13 14 -11 -15 -17 -3 19 -19 21 -21 25 -24 -25 26 27 28 29 -1
right_child=2 5 3 4 -6 6 -8 -9 -10 10 -12 -13 -14 15 -16 16 -18 18 -20 20 -22 -23 23 24 -26 -27 -28 -29 -30 -31
leaf_value=-0.00070607035536256386 -0.0017798194775541438 0.0022280728168925703 0.034973935174688532 -0.0027451273150453314 0.0075510289260852697 -0.018067441577463823 -0.44477346928650507 0.0017322845097070955 0.01275189641862489 -0.0017950307959879836 0.0072400139431613303 -0.0012335659297779374 0.0056085903994801982 0.0033968356597682756 0.001126419711569392 -0.0015424111486867997 0.010153098305674369 0.0073907519687354817 -0.0023769773393415464 -0.0060626737560965042 0.0027306681411886518 0.00088889934641033755 8.6293554229237098e-05 -0.0023507386237856583 0.0043271994061123784 -0.00027412615622462224 0.00030343717643225779 0.00042656490437411064 -0.0021913659824839356 0.00077846711663336402
leaf_weight=134 24 761 1522 29 199 20 20 344 26 20 365 31 235 346 22 29 22 45 44 32 108 44 3042 20 336 1234 428 77 25 76
leaf_count=134 24 761 1522 29 199 20 20 344 26 20 365 31 235 346 22 29 22 45 44 32 108 44 3042 20 336 1234 428 77 25 76
internal_value=0.00217805 0.000999205 0.00637583 0.00722286 0.0034386 0.00265438 -0.00412121 0.00234783 0.00104348 0.00286692 0.00388785 0.00266667 0.00313353 0.00162187 -0.00723809 0.00255919 -0.00454902 0.00181045 -0.000791208 0.000663756 -0.00113043 -0.00673684 0.000330603 0.000819306 0.00395506 -0.000510638 0.0012973 -0.00148718 -0.00357447 -0.00190476
internal_weight=9660 7542 2118 1750 228 2170 66 368 46 2104 1070 705 674 439 42 397 51 1034 273 229 184 76 5372 3398 356 1974 740 312 235 210
internal_count=9660 7542 2118 1750 228 2170 66 368 46 2104 1070 705 674 439 42 397 51 1034 273 229 184 76 5372 3398 356 1974 740 312 235 210
is_linear=0
shrinkage=0.08


Tree=73
num_leaves=31
num_cat=0
split_feature=31 7 19 25 39 31 2 6 7 21 1 4 13 5 27 2 8 31 7 4 31 27 33 7 29 6 7 8 15 31
split_gain=7.2655 1.15535 1.88794 1.40996 1.05802 0.801682 0.688441 0.657027 0.573779 0.519697 0.509812 1.24615 0.502412 0.464007 1.01384 0.49057 0.582993 0.802867 0.723961 0.911651 0.531562 0.590156 0.859138 0.520542 0.575772 0.759277 1.18528 0.675434 0.615393 0.59476
threshold=17.056050000000003 17.377270833333338 18.556400000000004 18.410200000000007 87.513050095089469 16.455400000000004 4.5000000000000009 0.98887804737507146 16.880144166666671 15.851650000000001 22.500000000000004 46.500000000000007 15.330900000000002 16.259070000000005 15.621500000000003 1.5000000000000002 0.21499776308325633 16.929950000000002 17.023110000000003 12.500000000000002 16.413050000000002 16.535050000000002 0.11284999999999991 16.983622500000006 16.455400000000004 0.22034220230857529 16.660232500000003 1.8203419758873591 16.852650000000001 16.892300000000002
decision_type=2 2 2 2 2 2 2 2 2 2 2 2 2 2 2 2 2 2 2 2 2 2 2 2 2 2 2 2 2 2
left_child=4 2 6 -4 5 8 -2 -7 -1 -8 -3 -12 -6 -14 -15 16 17 -16 23 -20 21 22 -17 24 -18 26 -26 29 -28 -27
right_child=1 10 3 -5 12 7 9 -9 -10 -11 11 -13 13 14 15 20 18 -19 19 -21 -22 -23 -24 -25 25 27 28 -29 -30 -31
leaf_value=7.9591101694609389e-05 0.0069522838068244832 0.039621878112566761 0.00057711843287908528 -0.0062846225707979889 -0.010818729728693402 -0.013010421593765869 0.0022987428044651953 0.0010642781985826877 -0.0052314834951481858 -0.0054718378367530395 0.025246268022115645 -0.010901475143577852 0.0042279588382594943 -0.0046928474717657064 -0.00061481838894270383 7.9457835592194011e-05 0.002520953707947365 -0.0023649481079417362 -0.0031665019194990185 0.00021083510423792448 0.0049004914541206672 0.0036996481059688021 -0.0020313628936450192 0.0036484987434903709 -0.0056404592074939591 0.0047672601952935901 0.0046803792026062262 -0.0053652722419551572 -0.0038852570600266942 -0.00091838144826721232
leaf_weight=5083 897 1293 23 20 38 23 20 20 30 22 45 20 211 26 72 81 206 21 30 99 738 67 26 246 28 133 38 20 39 45
leaf_count=5083 897 1293 23 20 38 23 20 20 30 22 45 20 211 26 72 81 206 21 30 99 738 67 26 246 28 133 38 20 39 45
internal_value=0.00213665 0.00601709 0.00392668 -0.0124651 0.000896175 0.00027308 0.00467732 -0.0106047 0.000364561 -0.00533333 0.00752872 0.000615385 0.00238078 0.00254374 0.00215144 0.00236739 0.0011218 -0.00490323 0.00175566 -0.00378295 0.00370175 -0.000275862 -0.00396262 0.00270199 0.00124165 -0.000976897 -0.00647619 0.00193939 -0.00135065 0.00350562
internal_weight=9660 2340 982 43 7320 5156 939 43 5113 42 1358 65 2164 2126 1915 1889 977 93 884 129 912 174 107 755 509 303 105 198 77 178
internal_count=9660 2340 982 43 7320 5156 939 43 5113 42 1358 65 2164 2126 1915 1889 977 93 884 129 912 174 107 755 509 303 105 198 77 178
is_linear=0
shrinkage=0.08


Tree=74
num_leaves=31
num_cat=0
split_feature=31 21 15 4 15 4 6 4 2 23 8 5 7 17 15 6 8 7 15 19 27 29 25 31 17 17 33 4 8 23
split_gain=7.35884 1.1724 1.04333 1.03736 0.909098 0.82786 0.585345 0.396967 1.13333 0.379668 0.456121 0.380267 0.754298 0.729721 1.51786 0.983022 1.46765 0.625 0.494958 0.460975 0.938274 0.399954 1.00867 0.356299 0.350661 0.484848 0.318028 1.04964 0.61294 0.651885
threshold=17.056050000000003 17.268550000000001 17.344800000000003 19.500000000000004 16.158800000000003 47.500000000000007 0.7185068884176794 21.500000000000004 3.5000000000000004 17.363700000000005 1.7243483700346605 15.712903333333335 15.715777500000002 15.557500000000003 15.736050000000002 0.20572989243422568 0.20886375679608246 15.704860833333335 15.479500000000003 15.896950000000002 15.692450000000003 16.489300000000004 16.269450000000003 17.042850000000005 15.725800000000001 15.816150000000002 0.20690000000000011 47.500000000000007 0.22847824698293387 15.019750000000002
decision_type=2 2 2 2 2 2 2 2 2 2 2 2 2 2 2 2 2 2 2 2 2 2 2 2 2 2 2 2 2 2
left_child=4 2 -2 -4 9 -5 -3 8 -8 10 11 26 13 14 17 16 -15 -13 -17 24 -21 -22 -23 -6 -14 -26 -1 -28 -29 -30
right_child=1 6 3 5 23 -7 7 -9 -10 -11 -12 12 19 15 -16 18 -18 -19 -20 20 21 22 -24 -25 25 -27 27 28 29 -31
leaf_value=1.0821086380457898e-05 0.0039234455156532053 0.03351255244092062 -0.042154397613750429 0.0073453225212458256 0.0020050647007500946 -0.0011797107531959258 -0.0035787484509576411 0.0069825236617079905 0.070031916474283668 -0.10061222679041149 0.0035041022331235273 -0.00079136520101853584 0.0035016189482651719 0.0026746242526082447 -0.0039537216226664664 -0.0018079272699103182 -0.0037902692101842773 0.0060730538015232394 0.0010184654671386178 -0.0027016838744462692 0.0020433726708310599 -0.0065043407440487644 0.015848637304857957 -0.0015950096358730826 -0.001132451907165602 0.0039346846095853743 0.00087092567265862925 -0.0023825271639323392 0.0023379418701059999 -0.00052776585428060136
leaf_weight=3425 546 1456 29 63 2024 24 30 158 34 22 102 20 93 20 28 22 27 20 124 22 89 27 20 35 22 44 915 137 49 33
leaf_count=3425 546 1456 29 63 2024 24 30 158 34 22 102 20 93 20 28 22 27 20 124 22 89 27 20 35 22 44 915 137 49 33
internal_value=0.0021118 0.00601709 0.00316616 -0.00372414 0.000863388 0.000643678 0.00714184 0.00331532 -0.002 0.000305646 0.000349685 0.000244501 -0.00168858 -0.00487356 -0.012 -0.00236269 -0.0124255 -0.002 0.000876713 0.000933754 -0.00212658 0.000352941 -0.00561702 0.00228849 0.00397484 -0.000484848 0.000489581 0.00165079 -0.0033242 0.00214634
internal_weight=9660 2340 662 116 7320 87 1678 222 64 5261 5239 5137 578 261 68 193 47 40 146 317 158 136 47 2059 159 66 4559 1134 219 82
internal_count=9660 2340 662 116 7320 87 1678 222 64 5261 5239 5137 578 261 68 193 47 40 146 317 158 136 47 2059 159 66 4559 1134 219 82
is_linear=0
shrinkage=0.08


Tree=75
num_leaves=31
num_cat=0
split_feature=31 13 5 7 1 15 1 4 13 17 2 15 6 39 5 19 15 4 6 27 1 6 39 6 4 15 31 27 15 33
split_gain=7.34284 1.29722 0.794839 0.70163 2.00404 0.825 0.595056 0.645448 0.457305 0.472015 0.5312 0.390941 0.51388 0.470451 0.847112 1.31484 0.632438 0.5547 0.506725 0.417535 0.924397 0.49172 0.625951 0.490005 0.828634 0.713399 0.942857 0.514885 0.602245 1.29089
threshold=17.056050000000003 16.681500000000003 17.011506666666673 17.384650000000004 3.5000000000000004 18.197700000000005 22.500000000000004 46.500000000000007 16.535050000000002 16.717400000000001 3.5000000000000004 18.894150000000003 0.42851600854263022 87.009243681298301 15.389376666666669 15.373050000000001 14.917400000000002 31.500000000000004 0.81197606220729701 17.117000000000004 17.500000000000004 0.22688235361366041 91.446981558200221 0.31083398291248526 36.500000000000007 15.798950000000003 16.305350000000004 16.824400000000001 16.852650000000001 0.037950000000000379
decision_type=2 2 2 2 2 2 2 2 2 2 2 2 2 2 2 2 2 2 2 2 2 2 2 2 2 2 2 2 2 2
left_child=2 8 11 4 5 -3 -5 -8 9 10 -2 12 19 14 -14 -16 -15 18 -17 23 21 -21 -23 27 25 -25 -27 28 -1 -30
right_child=1 3 -4 6 -6 -7 7 -9 -10 -11 -12 -13 13 16 15 17 -18 -19 -20 20 -22 22 -24 24 -26 26 -28 -29 29 -31
leaf_value=0.00010746461190486608 0.002718894172526562 -0.0009162484888222426 0.0033225805319510148 0.049253965278163045 0.006931893300403804 -0.0054955528890573181 0.020916317220742491 -0.010000278128667913 -0.0026474284757521424 0.010158383940866522 -0.00068644199040721889 -0.00056179088722324588 0.0020187566901490612 -0.0019939211480187909 -0.16459843267634097 -0.075223342644708646 0.0082690114682732376 0.0080462866101702873 0.0017525626058554435 0.0015723526371128605 -0.0043835515474242512 0.0053206458225603642 -0.003239572970887227 0.00022796203621617224 -0.0052497309257881642 -0.0039562886290500461 0.0039643545752229966 0.004254945942011301 4.9549033904852378e-05 -0.0043259882063823142
leaf_weight=5236 51 24 840 1256 810 20 37 20 39 46 37 35 185 38 39 22 255 40 37 58 20 22 39 78 35 27 28 188 74 24
leaf_count=5236 51 24 840 1256 810 20 37 20 39 46 37 35 185 38 39 22 255 40 37 58 20 22 39 78 35 27 28 188 74 24
internal_value=0.0019793 0.00588034 0.000732241 0.00641255 0.00462763 -0.012 0.0075735 -0.000421052 -0.000786127 0.00143284 -0.002 0.000432099 0.00047789 0.00267532 0.00056966 -0.00417391 0.00499659 0.000727273 -0.00420339 0.000245669 -0.00408633 -0.00141176 -0.00642623 0.000351494 -0.00390476 -0.00102256 -0.008 0.000480985 0.000335958 -0.00587755
internal_weight=9660 2340 7320 2167 854 44 1313 57 173 134 88 6480 6445 616 323 138 293 99 59 5829 139 119 61 5690 168 133 55 5522 5334 98
internal_count=9660 2340 7320 2167 854 44 1313 57 173 134 88 6480 6445 616 323 138 293 99 59 5829 139 119 61 5690 168 133 55 5522 5334 98
is_linear=0
shrinkage=0.08


Tree=76
num_leaves=31
num_cat=0
split_feature=39 7 23 21 19 7 8 31 33 17 33 19 21 27 15 39 6 4 1 1 15 23 15 6 15 8 31 29 33 27
split_gain=6.50303 2.01175 1.5789 0.962118 0.966058 0.800251 0.820471 0.771189 1.11364 0.629693 0.610756 0.62286 0.610594 0.565763 0.525504 0.684401 0.494141 1.10882 0.612568 0.595238 0.419091 0.855598 0.38623 0.344465 0.524246 1.56181 0.538734 0.777103 0.763125 0.565391
threshold=92.324632450654533 17.384650000000004 19.787800000000001 17.110850000000003 18.825550000000003 17.276123333333334 1.6795587907055991 17.363700000000005 0.22569999999999982 16.741850000000003 -0.19340000000000043 17.005200000000006 17.273000000000003 15.896950000000002 17.325350000000004 93.256932608717065 0.21604155368298164 52.500000000000007 20.500000000000004 21.500000000000004 17.008900000000004 16.892300000000002 17.306200000000004 0.86379130480005573 16.867950000000004 0.28827197848899128 16.535050000000002 16.413050000000002 0.26439999999999936 16.287150000000004
decision_type=2 2 2 2 2 2 2 2 2 2 2 2 2 2 2 2 2 2 2 2 2 2 2 2 2 2 2 2 2 2
left_child=5 2 3 4 7 6 9 -2 -9 12 -7 -12 23 -11 -5 -16 17 20 -18 -20 -15 -22 -23 24 26 -26 27 -1 29 -29
right_child=1 -3 -4 14 -6 10 -8 8 -10 13 11 -13 -14 16 15 -17 18 -19 19 -21 21 22 -24 -25 25 -27 -28 28 -30 -31
leaf_value=6.5740322312106005e-05 0.0030633700175161688 0.037088580004040465 -0.0046470114235330415 0.013091079288201848 -0.0012243836659330779 0.0054331028428832072 0.003156046540007494 0.003917101224220924 -0.0031181702459022634 -0.0012624794577238902 -0.003532177864757876 0.0010007695707461098 -0.0039015094179655624 0.003666987962582649 -0.0053898236552899293 0.0020933143378981242 0.0035924855928797972 -0.0012659530471600977 -0.0040050218530728997 0.0017501979411902503 -0.004385395283111675 0.0054745345838398884 -0.0019922406590178036 0.0020029867550766032 0.0028203186598554203 -0.0053115929347640209 0.0051891858300234196 0.0035180374655250845 -0.0057514450725710143 -0.002001679785706765
leaf_weight=5094 594 1326 21 497 20 45 348 22 22 22 37 25 35 141 26 102 599 33 21 21 24 47 22 186 37 27 141 50 28 47
leaf_count=5094 594 1326 21 497 20 45 348 22 22 22 37 25 35 141 26 102 599 33 21 21 24 47 22 186 37 27 141 50 28 47
internal_value=0.00192961 0.00532319 0.00309202 0.00344817 0.00131307 0.000660029 0.000766142 0.0018558 -0.00836364 0.00056578 -0.00620561 -0.0113548 0.000248007 0.00249462 0.005696 0.001125 0.00280176 -8.98873e-05 0.00400624 -0.00533333 0.00184615 -0.00232258 0.0022029 0.000313726 0.00019764 -0.007 0.000283582 0.000151754 -0.00608 -0.00272165
internal_weight=9660 2630 1304 1283 658 7030 6923 638 44 6575 107 62 5645 930 625 128 908 267 641 42 234 93 69 5610 5424 64 5360 5219 125 97
internal_count=9660 2630 1304 1283 658 7030 6923 638 44 6575 107 62 5645 930 625 128 908 267 641 42 234 93 69 5610 5424 64 5360 5219 125 97
is_linear=0
shrinkage=0.08


Tree=77
num_leaves=31
num_cat=0
split_feature=31 21 27 39 31 25 4 7 29 33 17 29 25 29 5 33 27 7 33 6 6 15 4 17 33 1 29 29 2 17
split_gain=6.31539 1.27486 1.10218 0.889158 0.853985 0.650799 1.23683 0.872449 0.636602 0.822043 0.657027 0.545219 0.704112 0.534113 0.633584 0.86255 0.523271 1.05334 0.517678 0.727403 0.505493 1.0998 0.691735 0.518947 0.564331 0.46354 0.460099 0.702178 0.45863 0.735376
threshold=17.268550000000001 17.005200000000006 16.603000000000005 92.875203410140287 16.403200000000002 17.268550000000001 51.500000000000007 17.050946666666672 17.306200000000004 -0.29839999999999905 17.008900000000004 17.381450000000005 16.9785 17.079750000000004 16.376710000000006 -0.46119999999999978 19.274100000000001 17.222990833333338 -1.0000000180025095e-35 1.0693335098317929 0.24323923604218073 17.456700000000001 27.500000000000004 16.775850000000002 -0.14599999999999988 12.500000000000002 17.265850000000004 16.900950000000005 1.5000000000000002 17.488600000000002
decision_type=2 2 2 2 2 2 2 2 2 2 2 2 2 2 2 2 2 2 2 2 2 2 2 2 2 2 2 2 2 2
left_child=4 3 -3 26 13 8 20 -8 28 10 -10 12 -11 14 -1 -16 -4 -18 -17 -20 21 22 25 24 -22 -7 27 -2 29 -6
right_child=1 2 16 -5 5 6 7 -9 9 11 -12 -13 -14 -15 15 18 17 -19 19 -21 23 -23 -24 -25 -26 -27 -28 -29 -30 -31
leaf_value=9.3083922597897551e-05 0.0015374019051322206 -0.001569559856957535 0.026331735831097661 -0.0028687166262301388 0.0029519972099198324 0.0018228591654958315 0.00027296262411417361 -0.0023753380736775791 0.0042125181858615954 0.0042700850280516589 -0.021880357655761226 0.0035930655556446751 -0.0022749165043994134 0.012756194260144125 -0.00058365084180934284 0.002117377407286289 -0.0064842098564999989 0.022428874326991873 -0.0013428864703845026 0.0034289087923594971 -0.0047413242352141345 -0.0030767691495548113 0.0035295192980947078 0.004685533451844903 0.010988386498947981 -0.004846939269544194 0.006882729775701194 -0.0046394823348499519 0.0051226237564880117 -0.0016528860117098702
leaf_weight=5510 43 20 1590 37 614 29 33 31 20 50 23 174 29 57 33 49 21 51 48 34 23 30 78 190 24 38 73 28 641 39
leaf_count=5510 43 20 1590 37 614 29 33 31 20 50 23 174 29 57 33 49 21 51 48 34 23 30 78 190 24 38 73 28 641 39
internal_value=0.0017971 0.00598175 0.00666825 -0.00039779 0.00079723 0.00219167 -0.000403361 -0.01075 0.00296855 -0.000378378 -0.0106047 0.00135968 -0.0041519 0.000294539 0.000217131 -0.00468293 0.0068929 0.000222223 -0.00177099 -0.00565854 0.00120388 -0.00205714 0.000827586 0.00361181 -0.00391489 -0.00513433 0.00244444 -0.00214084 0.00373416 0.00224196
internal_weight=9660 1863 1682 181 7797 2066 476 64 1590 296 43 253 79 5731 5674 164 1662 72 131 82 412 175 145 237 47 67 144 71 1294 653
internal_count=9660 1863 1682 181 7797 2066 476 64 1590 296 43 253 79 5731 5674 164 1662 72 131 82 412 175 145 237 47 67 144 71 1294 653
is_linear=0
shrinkage=0.08


Tree=78
num_leaves=31
num_cat=0
split_feature=7 15 7 8 8 17 31 6 4 25 21 1 8 39 29 6 25 2 19 13 19 7 39 33 4 15 15 8 13 8
split_gain=6.08888 1.2281 0.862721 0.59965 1.01211 1.59961 1.17427 1.65135 1.86154 0.914286 0.851624 0.57972 0.569428 0.554813 0.514138 1.03704 0.488908 0.775758 0.482218 0.447482 0.433155 0.409756 0.401115 0.393921 1.06572 0.563552 0.78652 0.545122 0.458219 0.873038
threshold=18.067215000000001 16.158800000000003 17.222990833333338 1.9044126933116312 0.93875597961729362 17.071750000000005 17.117000000000004 1.857673035320681 16.500000000000004 17.456700000000001 17.117000000000004 19.500000000000004 1.6272946002717763 95.808319218008066 17.344800000000003 0.98887804737507146 16.824400000000001 1.5000000000000002 17.501900000000003 17.531950000000005 16.9785 17.384650000000004 92.674550882683249 0.20690000000000011 53.500000000000007 15.883650000000001 16.072750000000003 0.21178511592015617 13.950650000000001 0.20042072911948874
decision_type=2 2 2 2 2 2 2 2 2 2 2 2 2 2 2 2 2 2 2 2 2 2 2 2 2 2 2 2 2 2
left_child=1 2 12 4 10 14 16 8 -8 -10 -3 22 23 -14 19 -16 17 -7 -13 -6 -18 -9 -12 28 25 -25 -27 -26 29 -1
right_child=-2 3 -4 -5 5 6 7 21 9 -11 11 18 13 -15 15 -17 20 -19 -20 -21 -22 -23 -24 24 27 26 -28 -29 -30 -31
leaf_value=0.00031076685293201329 0.050805805217865443 0.001398303626553241 -0.0017969255133130338 0.0095377716369576086 0.0017353785871173173 -0.0052837866585580262 0.002564953057345803 -0.02069338579650374 -0.021502931976636722 -0.0025589359813834923 0.003350333544729139 0.0063454049970901004 0.0037988764984605424 -0.01115773337367594 -0.001795948657741615 0.0020328774397455375 -0.0019935434564057647 0.00082113706487626538 -0.0021618219845996106 -0.00046024011386882685 0.0029204624825129267 0.020284037767813953 0.015058733646664635 0.00048862704292318892 -0.0044576886968882463 -0.0015363939377478087 0.006053061016667559 -5.1634996459817702e-05 -1.7021982964295899e-05 -0.0069955773259931199
leaf_weight=45 1027 1641 30 298 287 20 20 20 21 24 137 110 168 20 21 27 36 24 21 20 66 21 448 1110 58 22 21 72 3792 33
leaf_count=45 1027 1641 30 298 287 20 20 20 21 24 137 110 168 20 21 27 36 24 21 20 66 21 448 1110 58 22 21 72 3792 33
internal_value=0.00163147 0.000938724 0.000195122 0.00216309 0.00181916 -0.0010939 -0.00596825 -0.0123774 -0.0203077 -0.0293333 0.00256937 0.00487151 0.000271111 0.00459574 0.0023662 -0.00533333 -0.00131507 -0.00836364 6.1069e-05 0.00357003 0.00172549 0.000195122 0.00594872 0.000113332 0.00132814 0.00210234 -0.00688372 -0.00553846 -0.000289405 -0.00635897
internal_weight=9660 8633 5371 3262 2964 607 252 106 65 45 2357 716 5341 188 355 48 146 44 131 307 102 41 585 5153 1283 1153 43 130 3870 78
internal_count=9660 8633 5371 3262 2964 607 252 106 65 45 2357 716 5341 188 355 48 146 44 131 307 102 41 585 5153 1283 1153 43 130 3870 78
is_linear=0
shrinkage=0.08


Tree=79
num_leaves=31
num_cat=0
split_feature=7 21 2 17 25 4 1 19 13 7 8 23 21 6 15 1 31 21 23 1 25 21 6 21 19 8 39 15 6 1
split_gain=6.08185 1.14635 0.928259 0.935753 0.69666 0.977455 1.42408 1.20562 1.1006 0.739311 0.59355 0.775758 0.707912 0.809401 0.677352 0.511609 0.492835 0.561157 0.685794 1.48295 0.788479 0.503544 0.789926 0.800041 0.474902 0.855813 0.871373 0.715464 0.465098 0.609537
threshold=18.067215000000001 16.535050000000002 4.5000000000000009 17.207200000000004 17.207200000000004 49.500000000000007 20.500000000000004 17.042850000000005 16.938100000000002 17.870240833333337 0.21401177417981529 16.9785 18.314050000000005 2.1556601781526621 18.158950000000001 20.500000000000004 16.9785 17.189100000000007 16.929950000000002 16.500000000000004 16.929950000000002 17.228650000000005 0.28954053125244267 17.363700000000005 14.543600000000001 1.2322522648951775 77.673735303568606 17.117000000000004 0.21719654254977197 12.500000000000002
decision_type=2 2 2 2 2 2 2 2 2 2 2 2 2 2 2 2 2 2 2 2 2 2 2 2 2 2 2 2 2 2
left_child=1 15 4 -4 16 9 7 8 -7 10 11 -6 28 14 -14 -1 21 18 19 -18 -21 -3 23 -23 25 -17 -27 -26 29 -12
right_child=-2 2 3 -5 5 6 -8 -9 -10 -11 12 -13 13 -15 -16 24 17 -19 -20 20 -22 22 -24 -25 27 26 -28 -29 -30 -31
leaf_value=-1.1411160761961227e-06 0.046741340800436147 0.0027309414735784527 -0.01415736106785106 0.00126867173457065 -0.0025623189683545845 0.0032147084892290428 -0.016976816737431837 0.012735513952171212 -0.0018113857265343325 0.011458695646165985 0.0030613651979422237 0.0035430022357296875 -4.7138341631976779e-05 0.0037158164299372237 -0.0026915888770956886 -0.13856759727785542 0.0036939672796113365 0.014433942520897927 0.004054641759033575 0.00036141000331479765 -0.0037610887055118587 -0.0020493686742534072 0.0021340118033596716 0.0037156659912159842 0.0043164606636561156 -0.060272447286710891 0.0082483000513632401 -0.0057042301127785168 0.0028954893201461906 -0.0022155514145617556
leaf_weight=5173 1027 804 32 30 20 20 26 44 28 100 37 24 21 25 20 29 108 453 359 23 26 25 61 21 503 40 69 21 421 70
leaf_count=5173 1027 804 32 30 20 20 26 44 28 100 37 24 21 25 20 29 108 453 359 23 26 25 61 21 503 40 69 21 421 70
internal_value=0.00155694 0.00086459 0.00219585 -0.00748387 0.0024152 0.000523365 -0.00623729 -0.00156522 -0.0103333 0.00160434 0.000601881 -0.00836364 0.00126599 -0.00654545 -0.0134634 0.000226221 0.0032766 0.00453251 0.00272868 -0.00168153 -0.0132245 0.00194072 -0.00321495 -0.0111304 0.00232024 -0.00185507 0.0013945 0.00341985 0.00224242 -0.00246729
internal_weight=9660 8633 2798 62 2736 856 118 92 48 738 638 44 594 66 41 5835 1880 969 516 157 49 911 107 46 662 138 109 524 528 107
internal_count=9660 8633 2798 62 2736 856 118 92 48 738 638 44 594 66 41 5835 1880 969 516 157 49 911 107 46 662 138 109 524 528 107
is_linear=0
shrinkage=0.08


Tree=80
num_leaves=31
num_cat=0
split_feature=7 1 39 15 8 5 6 13 27 39 23 17 4 6 6 31 21 7 17 19 21 13 23 13 7 33 29 8 19 31
split_gain=5.85753 1.71955 0.901335 1.15575 0.916042 1.2918 0.808173 0.773553 1.01435 0.731744 0.927318 0.848529 0.887772 1.38857 0.551233 1.32508 0.673434 0.520083 0.502811 0.444646 1.58065 0.901744 0.70281 0.579186 0.476878 0.512253 0.461263 0.519038 0.421921 0.379427
threshold=17.870240833333337 18.500000000000004 92.324632450654533 17.273000000000003 1.347420269793419 18.239940000000004 0.40372952699674519 16.681500000000003 16.9785 95.098422538888414 16.287150000000004 17.071750000000005 42.500000000000007 0.24323923604218073 0.98887804737507146 17.791300000000003 19.437050000000003 15.893655000000001 17.117000000000004 17.325350000000004 17.268550000000001 17.110850000000003 17.005200000000006 16.824400000000001 17.276123333333334 -0.11190000000000032 17.265850000000004 1.6795587907055991 17.189100000000007 17.071750000000005
decision_type=2 2 2 2 2 2 2 2 2 2 2 2 2 2 2 2 2 2 2 2 2 2 2 2 2 2 2 2 2 2
left_child=2 -2 14 7 5 9 -3 8 -4 11 -11 29 13 -13 15 19 -16 -9 -10 22 21 -21 24 -24 26 -26 27 28 -1 -5
right_child=1 6 3 4 -6 -7 -8 17 18 10 -12 12 -14 -15 16 -17 -18 -19 -20 20 -22 -23 23 -25 25 -27 -28 -29 -30 -31
leaf_value=3.3267395449727135e-05 0.043002033536401141 -0.015311813283697963 0.0060907829917676683 0.0021741683503075332 0.0073295279474777045 -0.0023161139021208089 0.0012789665661928054 -0.00030170875780546744 -0.16256589155569828 -0.0049368377951549943 0.0071323394036160725 -0.0054373066496244248 0.002307970611304454 -0.0019815568432567667 0.003370380422181718 -0.002068376357932175 -0.0005918596836469029 0.0067837950568043325 -0.00070934126308693337 0.0040623245964330956 -0.0050993476432717464 -0.0044548638495230152 -0.0012701801810084412 0.0027826082908821571 0.00025053919596594625 -0.0028952455994814929 0.0031139098990699597 0.0014705442488287465 -0.003320441519192978 -0.001054309900372172
leaf_weight=5713 1116 20 74 62 112 21 32 20 23 21 74 25 32 35 395 29 37 919 22 103 23 20 34 330 22 23 85 179 33 26
leaf_count=5713 1116 20 74 62 112 21 32 20 23 21 74 25 32 35 395 29 37 919 22 103 23 20 34 330 22 23 85 179 33 26
internal_value=0.00152381 0.00683562 0.000793217 0.00259754 -0.00101961 -0.00335135 -0.00738461 0.00399244 -0.00208403 -0.00189091 0.00378947 -0.00488889 -0.0102609 -0.016 0.000416738 0.000235366 0.00318519 0.00476251 -0.0115556 0.000310739 -0.00405479 -0.000455284 0.000410033 0.00382418 0.00020479 -0.008 0.000266223 0.000182279 5.01221e-05 0.000727273
internal_weight=9660 1168 8492 1466 408 296 52 1058 119 275 95 180 92 60 7026 6594 432 939 45 6565 146 123 6419 364 6055 45 6010 5925 5746 88
internal_count=9660 1168 8492 1466 408 296 52 1058 119 275 95 180 92 60 7026 6594 432 939 45 6565 146 123 6419 364 6055 45 6010 5925 5746 88
is_linear=0
shrinkage=0.08


Tree=81
num_leaves=31
num_cat=0
split_feature=7 1 21 19 31 2 29 39 29 1 31 6 15 8 8 25 6 31 15 6 21 33 13 21 8 15 39 8 8 25
split_gain=5.87581 1.05592 1.0526 0.784802 1.59783 0.906501 0.635901 0.630162 0.851103 0.588643 0.666872 0.647593 0.567768 0.512458 0.666393 0.504136 0.556549 0.700182 0.497316 0.704599 0.731219 0.929112 1.10347 0.528002 0.452525 0.439574 0.388867 0.373852 0.623527 0.492308
threshold=17.870240833333337 18.500000000000004 16.717400000000001 18.556400000000004 18.120150000000006 4.5000000000000009 16.603000000000005 93.6848825792013 16.108650000000004 20.500000000000004 17.911800000000003 0.93886982703169042 17.343850000000003 0.2307432419469391 0.19775194289623474 19.662150000000004 0.98887804737507146 17.791300000000003 17.306200000000004 0.24323923604218073 16.938100000000002 -0.26560000000000089 16.9785 17.110850000000003 0.25265285549247862 17.384900000000005 95.808319218008066 1.5116892427919055 0.38094037760049554 16.322600000000005
decision_type=2 2 2 2 2 2 2 2 2 2 2 2 2 2 2 2 2 2 2 2 2 2 2 2 2 2 2 2 2 2
left_child=2 26 9 5 6 7 -5 15 -9 10 11 12 -1 14 -11 16 17 18 -4 20 24 -22 -23 -21 -20 27 -2 28 -15 -30
right_child=1 -3 3 4 -6 -7 -8 8 -10 13 -12 -13 -14 25 -16 -17 -18 -19 19 23 21 22 -24 -25 -26 -27 -28 -29 29 -31
leaf_value=-4.5485638555868048e-06 -0.00065960072701263671 -0.0096277018370599897 0.0018555393125593632 -0.001007942764587543 -0.0034595536532469428 -0.0041094790691363278 0.0057652088110785654 -0.0052829214729862659 0.010364433308611318 0.0045736153652778787 -0.0023352006233212058 0.0029265382182319063 -0.00089383013033328559 0.0048188854558900776 -0.0095916534167710971 -0.0051411894027299995 0.012352236966248781 -0.0015043543462482547 -0.0012413991789890556 0.0041436183466282261 0.0026878051314451969 -0.0011011034642488535 -0.0040867138523973147 -0.0015292186173072673 0.0027789981899456495 -0.0028528949326050864 0.039561870853489153 0.0096009434186771977 -0.0010844924742095538 0.011531664928699418
leaf_weight=5165 21 52 1164 22 23 35 47 21 628 47 33 175 29 172 37 22 139 24 45 92 21 37 21 28 32 36 1095 163 195 39
leaf_count=5165 21 52 1164 22 23 35 47 21 628 47 33 175 29 172 37 22 139 24 45 92 21 37 21 28 32 36 1095 163 195 39
internal_value=0.00151553 0.00683562 0.000783797 0.00220242 -0.00504348 0.00249112 0.00104348 0.00268778 0.00479507 0.000224594 -5.62752e-05 1.34106e-05 -0.000147863 0.00242671 -0.00342857 0.00184615 0.00201123 0.00155191 0.00177778 -0.00127536 -0.00482051 -0.0102278 -0.0154483 0.00333333 0.000727273 0.00323967 0.00735484 0.00378207 0.00248276 -0.000205128
internal_weight=9660 1168 8492 2401 92 2309 69 2274 649 6091 5402 5369 5194 689 84 1625 1603 1464 1440 276 156 79 58 120 77 605 1116 569 406 234
internal_count=9660 1168 8492 2401 92 2309 69 2274 649 6091 5402 5369 5194 689 84 1625 1603 1464 1440 276 156 79 58 120 77 605 1116 569 406 234
is_linear=0
shrinkage=0.08


Tree=82
num_leaves=31
num_cat=0
split_feature=7 1 21 15 8 19 31 2 17 21 25 19 25 1 25 4 17 23 17 8 1 13 6 8 4 25 39 4 5 5
split_gain=5.79795 1.04298 0.892664 1.01985 1.04645 1.02069 0.669527 1.38199 1.25662 0.830055 0.75454 0.957293 1.23419 0.644987 0.640086 0.690106 0.635868 0.68715 0.554113 0.764195 0.498459 0.483525 0.482424 0.48216 0.82451 0.463976 0.437623 0.608768 0.41759 0.447867
threshold=17.870240833333337 18.500000000000004 16.900950000000005 17.381450000000005 1.7113343486372252 17.155700000000007 17.149950000000004 3.5000000000000004 18.314050000000005 17.462750000000003 17.488600000000002 16.824400000000001 17.268550000000001 20.500000000000004 17.488600000000002 31.500000000000004 17.110850000000003 17.384900000000005 16.9785 0.2253436277457809 10.500000000000002 17.079750000000004 0.93886982703169042 1.8203419758873591 21.500000000000004 16.824400000000001 92.875203410140287 23.500000000000004 17.001466666666669 16.979273333333335
decision_type=2 2 2 2 2 2 2 2 2 2 2 2 2 2 2 2 2 2 2 2 2 2 2 2 2 2 2 2 2 2
left_child=2 -2 13 5 6 14 10 8 -8 -9 11 -5 -13 22 -4 -16 17 18 21 -20 -21 28 23 -1 -25 -18 -24 -28 29 -7
right_child=1 -3 3 4 -6 16 7 9 -10 -11 -12 12 -14 -15 15 -17 25 -19 19 20 -22 -23 26 24 -26 -27 27 -29 -30 -31
leaf_value=-1.3126739750600321e-06 0.036396921185209978 -0.0088574856900952188 0.005817540206406107 0.0029725575900693612 0.011604801384797589 0.012284698714255195 -0.0024209717352635207 -0.0021670616880576582 -0.0013771693449992114 0.021952342099421884 0.00045581721613182838 -0.00019908915480420239 -0.0046652073475911887 0.0032591268423836236 -0.0077745511558525576 0.0037915708948281284 -0.00087337838336154407 -0.015874082514679842 -0.0042120993654759225 -0.0038868180405693372 0.0066825540169238211 -0.0026937680977544344 0.0075037782939075572 0.0068498938586851509 -0.0031303902882339617 0.0051260618881132534 0.027096942387745217 -0.0017567915734343002 0.0035157344928899706 -0.0020736863597210758
leaf_weight=5648 1116 52 929 28 73 25 21 30 22 31 58 50 29 736 27 39 29 29 20 20 37 24 187 30 34 169 23 39 84 21
leaf_count=5648 1116 52 929 28 73 25 21 30 22 31 58 50 29 736 27 39 29 29 20 20 37 24 187 30 34 169 23 39 84 21
internal_value=0.0014824 0.00676712 0.000755535 0.00233983 -0.00159064 0.00326497 -0.00389591 -0.00892308 -0.019907 -0.00118033 -0.000727272 -0.00471028 -0.00921519 0.000330895 0.00470352 -0.00290909 0.000139738 -0.00246154 -0.00100433 -0.00654545 -0.00182456 0.00176623 5.50246e-05 -9.52378e-05 -0.007 0.00355556 0.00350201 -0.00232258 0.00369231 -0.00243478
internal_weight=9660 1168 8492 1795 342 1453 269 104 43 61 165 107 79 6697 995 66 458 260 231 77 57 154 5961 5712 64 198 249 62 130 46
internal_count=9660 1168 8492 1795 342 1453 269 104 43 61 165 107 79 6697 995 66 458 260 231 77 57 154 5961 5712 64 198 249 62 130 46
is_linear=0
shrinkage=0.08


Tree=83
num_leaves=31
num_cat=0
split_feature=7 39 7 8 15 7 29 31 33 6 6 29 29 31 39 31 33 4 13 25 4 6 15 15 29 21 7 7 29 21
split_gain=5.6631 1.18697 0.758608 0.891615 0.747933 0.74351 0.836604 1.44283 0.732783 0.731519 0.926045 0.836682 1.24707 1.46267 0.678788 0.616709 0.726261 0.631654 0.6125 0.592995 0.877119 0.566606 0.531754 1.15928 1.07817 0.459207 0.44585 0.672943 0.440527 0.568095
threshold=18.067215000000001 91.486677044661903 17.276123333333334 1.6795587907055991 17.228650000000005 17.56838083333334 17.576750000000004 17.207200000000004 -0.18979999999999994 0.24323923604218073 0.20263486149693824 16.9785 16.929950000000002 17.042850000000005 94.957857014911056 16.750600000000002 -0.037300000000000104 8.5000000000000018 17.576750000000004 16.741850000000003 31.500000000000004 0.2134483879491422 16.892300000000002 16.775850000000002 16.287150000000004 19.315350000000006 16.395680833333341 16.750035000000004 17.306200000000004 16.750600000000002
decision_type=2 2 2 2 2 2 2 2 2 2 2 2 2 2 2 2 2 2 2 2 2 2 2 2 2 2 2 2 2 2
left_child=1 2 3 25 15 6 9 -8 -4 10 -6 12 13 -12 -9 16 -3 -18 -7 20 -11 -13 23 24 -19 -1 -5 -28 -17 -30
right_child=-2 4 8 26 5 18 7 14 -10 19 11 21 -14 -15 -16 28 17 22 -20 -21 -22 -23 -24 -25 -26 -27 27 -29 29 -31
leaf_value=4.5723012380250527e-05 0.033485167490393056 0.005970022634068776 0.0036987883041641623 0.002918733079488642 0.0022339380614668472 -0.0022879945886391923 0.0045767626896204847 -0.0015304975422311346 -0.0024746214039188127 0.034863657381091102 0.0026659918175153817 -0.0019799268551906214 -0.0018298873967670774 -0.0033692841995844386 -0.0026973841232942851 0.0055722701215655439 0.016606893536925536 -0.02695732396374332 0.031903680088802767 0.0036162865103501808 -0.0045253156920851047 0.0025701006437978719 0.0014064485591160031 -0.0060711614656075372 0.007262182666854986 -0.001364978889223096 -0.0033049880215778715 0.0016442307510010959 -0.13145804990578383 0.0010655428236944326
leaf_weight=6017 1027 60 31 215 59 55 27 20 32 23 42 26 22 20 22 1008 24 28 121 206 36 57 44 21 25 20 32 55 27 258
leaf_count=6017 1027 60 31 215 59 55 27 20 32 23 42 26 22 20 22 1008 24 28 121 206 36 57 44 21 25 20 32 55 27 258
internal_value=0.00144928 0.000781189 0.000227429 0.000314245 0.00237024 0.000282609 -0.00114286 -0.0093913 -0.00850794 1.62936e-05 -0.00332743 -0.00637126 -0.012 -0.00619355 -0.0186667 0.00339799 -0.000712871 -0.00383099 0.00481818 0.00286792 -0.00420339 -0.000674698 -0.00623729 -0.0103784 -0.00407547 0.000102038 0.00455629 -0.000275862 0.00404022 0.00126316
internal_weight=9660 8633 6402 6339 2231 736 560 69 63 491 226 167 84 62 42 1495 202 142 176 265 59 83 118 74 53 6037 302 87 1293 285
internal_count=9660 8633 6402 6339 2231 736 560 69 63 491 226 167 84 62 42 1495 202 142 176 265 59 83 118 74 53 6037 302 87 1293 285
is_linear=0
shrinkage=0.08


Tree=84
num_leaves=31
num_cat=0
split_feature=39 6 8 7 33 4 1 6 7 31 39 1 29 4 4 7 29 6 33 31 7 1 7 1 15 8 13 6 5 23
split_gain=5.88281 1.08521 0.663618 0.849523 0.919347 0.692815 0.871311 0.969393 0.658034 1.06162 0.806409 0.637535 1.32182 0.632963 0.45191 0.440698 0.891286 1.3458 0.835718 0.84735 0.58858 0.579947 0.886129 0.577857 0.537288 0.661248 0.511757 0.48408 1.06246 0.561693
threshold=93.697389376305679 0.98887804737507146 1.6795587907055991 16.895345833333334 0.18250000000000013 1.0000000180025095e-35 5.5000000000000009 0.19830533148476495 17.384650000000004 17.993150000000004 110.84529575396795 18.500000000000004 17.576750000000004 1.5000000000000002 19.500000000000004 16.660232500000003 16.455400000000004 0.22167110709116863 -0.25830000000000014 16.322600000000005 16.860710833333339 17.500000000000004 16.895345833333334 3.5000000000000004 17.306200000000004 0.21264450830246548 17.531950000000005 0.40372952699674519 17.462610000000005 17.403550000000006
decision_type=2 2 2 2 2 2 2 2 2 2 2 2 2 2 2 2 2 2 2 2 2 2 2 2 2 2 2 2 2 2
left_child=2 11 5 -4 -5 6 -1 -8 9 10 -3 -2 -13 -7 -14 16 -15 23 19 -19 -17 22 -22 -18 -24 -26 27 29 -29 -23
right_child=1 8 3 4 -6 13 7 -9 -10 -11 -12 12 14 15 -16 20 17 18 -20 -21 21 26 24 -25 25 -27 -28 28 -30 -31
leaf_value=-0.0015381116975589023 0.021940493736241819 0.0029755993328331068 0.0025679943555657531 4.2478370732116808e-05 -0.0019691827048507219 0.0048457981783130754 -0.0048582234866843274 0.0020511509741014456 0.022827076609553104 -0.0013016820882318981 -0.0043106555482394591 0.0064194958446259958 -0.014941006762425104 4.3074001649275844e-05 0.0011404467343427594 0.0075327575078345532 -0.0022111273046720838 0.0042875924537330917 0.00077348101592892616 -0.0051386075692544395 -0.0031330990551270642 7.0572119841896645e-06 0.0024508165723584291 -0.0052751246257475119 -0.0011458819614665382 1.7275736291035265e-05 0.012122122436587876 -0.028551828570411834 0.0014647036515390397 -0.0060522900383319948
leaf_weight=32 1392 150 368 89 22 106 29 69 100 26 35 178 21 5153 23 124 29 22 128 25 34 267 889 24 21 183 32 38 23 28
leaf_count=32 1392 150 368 89 22 106 29 69 100 26 35 178 21 5153 23 124 29 22 128 25 34 267 889 24 21 183 32 38 23 28
internal_value=0.00142443 0.00538182 0.000439561 0.00332359 -0.00281081 0.000249173 -0.00553846 -0.00179592 0.00105466 -0.00147867 0.000648649 0.00621561 0.00223423 0.000354758 -0.0101818 0.000262109 -8.77157e-05 -0.00498246 -0.0016 -0.0107234 0.00141062 0.000976898 0.0018953 -0.0161509 0.00229094 -0.00141176 -0.00169072 -0.0025618 -0.00904918 -0.00122034
internal_weight=9660 1925 7735 479 111 7256 130 98 311 211 185 1614 222 7126 44 7020 5381 228 175 47 1639 1515 1127 53 1093 204 388 356 61 295
internal_count=9660 1925 7735 479 111 7256 130 98 311 211 185 1614 222 7126 44 7020 5381 228 175 47 1639 1515 1127 53 1093 204 388 356 61 295
is_linear=0
shrinkage=0.08


Tree=85
num_leaves=31
num_cat=0
split_feature=7 39 15 7 5 7 29 33 21 5 17 39 6 19 21 39 13 39 4 39 13 15 33 29 33 21 29 19 4 4
split_gain=5.63964 0.781853 1.06887 1.0365 1.61243 1.28806 0.851474 0.624026 0.558622 0.808896 1.61818 1.38478 0.689251 0.547183 0.540128 0.8 0.539426 1.0118 0.458766 0.769031 0.443293 0.601138 0.644031 0.643282 0.741129 1.24844 0.929644 1.48921 0.775494 0.685714
threshold=18.067215000000001 92.324632450654533 17.191450000000007 17.064230833333337 17.462610000000005 17.000222500000003 17.008900000000004 0.22569999999999982 17.268550000000001 16.979273333333335 17.071750000000005 91.286024517204865 1.857673035320681 17.117000000000004 16.817100000000003 96.533441563167813 17.191450000000007 94.534529121617581 49.500000000000007 94.745513351030397 14.362500000000002 14.066000000000001 -0.29839999999999905 14.148300000000001 0.16524999999999948 14.411800000000001 14.510650000000002 14.444800000000003 19.500000000000004 47.500000000000007
decision_type=2 2 2 2 2 2 2 2 2 2 2 2 2 2 2 2 2 2 2 2 2 2 2 2 2 2 2 2 2 2
left_child=1 8 13 4 5 -4 7 -7 12 -10 11 -11 20 14 15 -3 17 -5 -15 -20 21 -1 -23 -24 25 26 27 28 -25 -30
right_child=-2 2 3 16 -6 6 -8 -9 9 10 -12 -13 -14 18 -16 -17 -18 -19 19 -21 -22 22 23 24 -26 -27 -28 -29 29 -31
leaf_value=0.00027547395388316043 0.029051114592262197 -0.019453049904308874 0.0032201127550154601 0.0023558988506656377 -0.0014980176060782721 -0.0047656321551389413 0.0005992409400964922 -0.00049785626183466341 0.0030261464607183619 -0.00056503741209772737 5.9172368882946875e-05 -0.0036457833814154674 0.0047833222514142796 0.0027114919921766524 0.0085051601789407488 0.0048181261887370484 0.005896612224076149 -0.0040426068351939216 0.0024450378472161511 -0.045381283125797117 0.00011776840939453574 -0.0042000029965278893 4.784849708822277e-05 -0.0028557766630609971 -2.3174677974793641e-05 -0.0067418450505320627 0.00069618127490958027 -0.0067694436871946363 0.00086893559142385188 -0.0025927003738119548
leaf_weight=400 1027 45 144 52 38 35 27 20 71 20 54 26 211 267 584 36 248 27 57 23 5497 24 358 38 183 21 27 30 40 30
leaf_count=400 1027 45 144 52 38 35 27 20 71 20 54 26 211 267 584 36 248 27 57 23 5497 24 358 38 183 21 27 30 40 30
internal_value=0.00138302 0.000716321 0.00231067 -0.000392555 -0.00412121 -0.00155752 -0.00956098 -0.0152727 0.000352774 -0.00416374 -0.0088 -0.0198261 0.000465374 0.00388933 0.00523308 -0.000888889 0.00261774 -0.00313924 0.00131412 -0.004 0.000322503 -0.00110513 -0.00243941 -0.00201375 -0.00435772 -0.00791398 -0.00557576 -0.00823188 -0.00385185 0.00114286
internal_weight=9660 8633 1603 591 264 226 82 55 7030 171 100 46 6859 1012 665 81 327 79 347 80 6648 1151 751 727 369 186 165 138 108 70
internal_count=9660 8633 1603 591 264 226 82 55 7030 171 100 46 6859 1012 665 81 327 79 347 80 6648 1151 751 727 369 186 165 138 108 70
is_linear=0
shrinkage=0.08


Tree=86
num_leaves=31
num_cat=0
split_feature=7 8 19 31 21 39 1 25 25 21 21 1 29 29 7 29 2 39 27 4 33 7 4 1 6 19 27 19 29 17
split_gain=5.58975 0.794509 0.759934 1.08 0.855407 1.06118 0.890397 0.71926 1.40052 0.644094 0.6075 0.730489 0.520279 0.423784 0.366861 0.722421 1.51363 0.589747 0.573413 0.639557 1.04435 0.453757 0.343661 0.774735 0.538277 0.472868 0.540895 0.525176 0.604662 0.777351
threshold=18.067215000000001 1.6795587907055991 18.556400000000004 18.120150000000006 19.274100000000001 93.697389376305679 19.500000000000004 17.207200000000004 17.384900000000005 17.149950000000004 18.825550000000003 10.500000000000002 17.265850000000004 16.787500000000005 16.097125833333337 15.656950000000002 3.5000000000000004 92.48993968194705 16.489300000000004 40.500000000000007 0.03729999999999923 16.750035000000004 1.0000000180025095e-35 5.5000000000000009 0.19699822056170338 17.403550000000006 16.775850000000002 17.325350000000004 17.343850000000003 17.149950000000004
decision_type=2 2 2 2 2 2 2 2 2 2 2 2 2 2 2 2 2 2 2 2 2 2 2 2 2 2 2 2 2 2
left_child=1 2 4 10 5 22 9 13 -9 12 11 -4 -7 -8 -3 16 -16 18 -17 20 21 -20 23 -1 -25 27 -27 -24 29 -29
right_child=-2 14 3 -5 -6 6 7 8 -10 -11 -12 -13 -14 -15 15 17 -18 -19 19 -21 -22 -23 25 24 -26 26 -28 28 -30 -31
leaf_value=-0.0017604040938896382 0.026727025424881107 0.003429592321743221 0.01336889074872687 -0.0028113532253610132 -0.0015688400693714499 0.0032011212095145085 -0.0030396889638445597 -0.0027004575808930288 0.0035764881741530575 0.012892732824180651 0.0093660364253138843 -0.00045952142514494318 -0.0015393721521858614 0.005386472340893551 0.00082505396672418298 0.0038777009371124271 -0.086754444609480855 0.0092710175082574755 -0.003365006983325201 0.0074703331294898173 -0.0027454800574886929 0.00031553581031519714 7.9766526883506424e-05 -0.0048275493278676787 0.0016304637852830415 -0.004649070371878135 0.0040485479894536843 -0.0040395291908006375 0.0012796417105327407 0.00018818437828532043
leaf_weight=32 1027 237 21 25 31 104 25 31 41 382 27 27 53 49 27 42 20 170 21 47 21 37 6811 27 71 30 152 20 29 23
leaf_count=32 1027 237 21 25 31 104 25 31 41 382 27 27 53 49 27 42 20 170 21 47 21 37 6811 27 71 30 152 20 29 23
internal_value=0.00140787 0.000744122 0.000530271 -0.0064 0.000617874 0.000670051 0.00367883 -0.00186301 -0.00755556 0.00517996 -0.0016 -0.007 0.000866242 0.00367568 0.00349839 0.00197403 -0.00731915 0.00326627 -9.52378e-05 -0.00279365 -0.00718987 -0.00165517 0.0003836 -0.00369231 -0.000163265 0.000458599 0.00448352 0.000352172 -0.00644444 -0.0124651
internal_weight=9660 8633 8011 100 7911 7880 685 146 72 539 75 48 157 74 622 385 47 338 168 126 79 58 7195 130 98 7065 182 6883 72 43
internal_count=9660 8633 8011 100 7911 7880 685 146 72 539 75 48 157 74 622 385 47 338 168 126 79 58 7195 130 98 7065 182 6883 72 43
is_linear=0
shrinkage=0.08


Tree=87
num_leaves=31
num_cat=0
split_feature=7 8 19 31 39 29 5 6 1 33 4 6 2 15 21 5 6 39 39 8 17 17 8 33 13 19 15 27 25 31
split_gain=5.51688 0.828428 0.83254 1.03467 0.885038 0.551066 0.792462 0.56529 0.535762 0.644235 0.606313 0.667191 0.515949 0.339887 1.46174 1.22506 1.15043 0.584477 0.691772 0.617667 0.970645 0.502256 0.451921 0.450439 0.438015 0.406135 0.68491 0.794292 0.761552 0.426358
threshold=18.067215000000001 1.7064975938968319 18.556400000000004 18.120150000000006 93.697389376305679 17.207200000000004 18.034690000000005 1.5332096715139489 7.5000000000000009 0.40644999999999959 51.500000000000007 0.22316791723775856 2.5000000000000004 17.325350000000004 17.149950000000004 17.374596666666672 0.25865100968715726 91.486677044661903 91.222674871002326 0.22998470774017118 17.155700000000007 17.268550000000001 0.21499776308325633 -0.32829999999999954 17.363700000000005 16.929950000000002 16.900950000000005 16.938100000000002 16.9785 17.501900000000003
decision_type=2 2 2 2 2 2 2 2 2 2 2 2 2 2 2 2 2 2 2 2 2 2 2 2 2 2 2 2 2 2
left_child=1 2 4 12 13 7 8 -6 -7 10 11 -10 -4 17 16 -16 21 18 25 -20 -21 22 -15 -19 -25 26 29 28 -28 -1
right_child=-2 -3 3 -5 5 6 -8 -9 9 -11 -12 -13 -14 14 15 -17 -18 23 19 20 -22 -23 -24 24 -26 -27 27 -29 -30 -31
leaf_value=5.996219289776187e-05 0.024588863390890482 0.0031889375291252581 -0.00041942082653348612 -0.0025864449673321088 0.0095197347652960611 -0.0024094035665600069 0.027826573555913964 -0.0036250882596935486 -0.0024486255888871125 0.011172163321209658 -0.0076647438860467047 0.0052404444609545743 0.0014889867792586906 -0.0015290664514078249 -0.0044357936064001258 -0.00054065603191413576 0.0036520184001075967 0.0036668477759219109 0.0081747272817459266 -0.0010032910195831221 -0.0038198847757085698 -0.0021741772087129707 3.5495163166094762e-05 0.0012291670111160685 -0.0033585145687302798 0.0025020168899018607 -0.000379763408326369 0.002301659665495827 -0.010952729905001304 -0.00043402526722088143
leaf_weight=5558 1027 584 38 25 383 38 81 52 26 55 24 40 41 29 25 29 109 166 35 71 23 20 109 763 23 167 21 22 22 54
leaf_count=5558 1027 584 38 25 383 38 81 52 26 55 24 40 41 29 25 29 109 166 35 71 23 20 109 763 23 167 21 22 22 54
internal_value=0.00136646 0.000707055 0.000495963 -0.00661538 0.00058905 0.00330758 0.000424243 0.00505747 -0.0024918 -0.000275862 -0.00444444 -0.000484848 -0.00212658 0.000326801 -0.00221807 -0.0142222 0.000209738 0.000444766 0.000151348 -0.00564341 -0.00902128 -0.0041519 -0.00243478 0.00228571 0.00148601 0.000279261 0.000164876 -0.008 -0.0143256 0.000259444
internal_weight=9660 8633 8049 104 7945 699 264 435 183 145 90 66 79 7246 321 54 267 6925 5973 129 94 158 138 952 786 5844 5677 65 43 5612
internal_count=9660 8633 8049 104 7945 699 264 435 183 145 90 66 79 7246 321 54 267 6925 5973 129 94 158 138 952 786 5844 5677 65 43 5612
is_linear=0
shrinkage=0.08


Tree=88
num_leaves=31
num_cat=0
split_feature=7 39 19 7 31 15 21 1 23 7 4 33 25 6 21 21 19 21 39 1 8 17 13 27 19 31 1 8 29 5
split_gain=5.51019 0.736155 1.47717 1.58025 2.04455 0.727455 1.00222 1.0318 1.39363 0.416181 0.696418 0.449949 0.728766 0.418698 0.708211 0.459369 0.481373 0.548 0.848926 0.387206 1.19255 0.371548 0.395804 0.838163 0.588891 1.11793 1.26572 0.365174 0.364492 0.332113
threshold=18.067215000000001 93.256932608717065 18.556400000000004 17.222990833333338 16.964700000000004 16.787500000000005 17.265850000000004 13.500000000000002 16.787500000000005 17.222990833333338 5.5000000000000009 -0.19340000000000043 17.079750000000004 0.98887804737507146 17.501900000000003 19.315350000000006 14.716850000000003 14.230700000000001 77.920064829145943 17.500000000000004 0.2438246116805112 16.964700000000004 17.189100000000007 17.656400000000001 17.117000000000004 17.133600000000005 20.500000000000004 1.6221720995523956 16.741850000000003 17.118003333333338
decision_type=2 2 2 2 2 2 2 2 2 2 2 2 2 2 2 2 2 2 2 2 2 2 2 2 2 2 2 2 2 2
left_child=1 9 5 4 -4 6 7 8 -3 13 -11 -12 27 14 29 16 17 -15 -19 -2 -21 -7 23 24 -23 -26 -27 -13 -9 -1
right_child=19 2 3 -5 -6 21 -8 28 -10 10 11 12 -14 15 -16 -17 -18 18 -20 20 -22 22 -24 -25 25 26 -28 -29 -30 -31
leaf_value=6.1883289806558217e-05 0.022621754319619356 -6.4994979256862619e-05 -0.00016487591906857521 0.014027008930893901 -0.003785927916932766 0.0072587041903140557 0.0086525536406010951 -0.0093466373577630168 -0.10110538404249785 -0.0013010722268609271 0.0028113286064931388 -0.00010203854450272991 -0.0048822160648634419 0.0009087708796968304 -0.0038450253270346704 -0.00042000396990762363 0.0086376199165045953 -0.061794691993029824 0.0017256886073780682 -0.020175086494074037 0.024873021024352227 0.0091176598953802961 0.0053424217561089697 -0.0054289707537151215 0.012552576664859309 -0.0049263682234156527 0.0073823489737216003 0.004200771748745483 0.0062973301775117807 0.0073273438675140424
leaf_weight=6819 958 29 34 27 20 325 63 21 21 23 79 27 36 45 33 34 295 26 48 21 48 95 305 21 34 26 20 34 38 55
leaf_count=6819 958 29 34 27 20 325 63 21 21 23 79 27 36 45 33 34 295 26 48 21 48 95 305 21 34 26 20 34 38 55
internal_value=0.00129193 0.00063292 0.00258758 -0.00780247 -0.0157037 0.00343086 -0.00130233 -0.00594495 -0.0144 0.00035372 -0.00325628 -0.00154545 -0.00519588 0.000451394 0.000297669 0.00282143 0.00355556 -0.000739495 -0.00497297 0.00683155 0.00104348 0.00441647 0.0030499 0.000244898 0.00205714 -0.003 -0.0111304 0.000131148 0.00122034 0.000353797
internal_weight=9660 8633 1079 81 54 998 172 109 50 7554 199 176 97 7355 6907 448 414 119 74 1027 69 826 501 196 175 80 46 61 59 6874
internal_count=9660 8633 1079 81 54 998 172 109 50 7554 199 176 97 7355 6907 448 414 119 74 1027 69 826 501 196 175 80 46 61 59 6874
is_linear=0
shrinkage=0.08


Tree=89
num_leaves=31
num_cat=0
split_feature=7 39 19 7 31 21 19 6 31 8 19 7 31 21 7 7 29 23 8 27 23 4 15 33 1 6 33 4 8 33
split_gain=5.61623 0.65969 1.37229 1.40485 1.45433 0.774582 0.683967 0.646273 0.504412 0.486771 0.607588 0.473177 0.942308 0.463408 0.459588 0.822946 0.390993 0.758792 0.588931 0.781431 0.486594 0.586424 0.932401 0.425317 0.660872 0.584791 0.495953 1.02861 0.543498 0.449308
threshold=18.067215000000001 93.5682431018584 18.556400000000004 17.222990833333338 16.892300000000002 19.122800000000002 16.365600000000004 0.55190453256635519 15.699150000000001 1.4908229100475816 18.894150000000003 17.953845833333336 17.955650000000002 17.531950000000005 15.760182500000001 15.53871166666667 13.950650000000001 14.413900000000002 0.44266255623950329 14.461300000000001 13.950650000000001 29.500000000000004 14.09895 -0.52325000000000077 3.5000000000000004 0.26683729502386688 0.23059999999999994 53.500000000000007 0.22847824698293387 0.41205000000000075
decision_type=2 2 2 2 2 2 2 2 2 2 2 2 2 2 2 2 2 2 2 2 2 2 2 2 2 2 2 2 2 2
left_child=1 7 5 4 -4 6 8 13 -3 10 14 -8 -13 16 15 -9 17 18 19 20 -1 22 -22 24 25 -18 -25 -28 29 -29
right_child=-2 2 3 -5 -6 -7 11 9 -10 -11 -12 12 -14 -15 -16 -17 23 -19 -20 -21 21 -23 -24 26 -26 -27 27 28 -30 -31
leaf_value=-0.0032580717885128856 0.020631912637671234 0.0027833804996878183 -0.00019432926009504091 0.012742830016867242 -0.0034830536835781085 -0.0041278644061478863 0.0068795327891148748 0.00050346490641480933 -0.00090634617332046045 0.0037187710712202767 -0.0015081680656577245 -0.0059116142451378978 0.032052501170015596 -0.003980929912102537 0.0034408129241809307 -0.12662575986545474 0.00097628923352252595 -0.0019490923071625206 0.00016952440761204096 -0.0061757047894342885 -0.0035828610702616339 0.0015110638310756436 0.0019296783619738187 -4.647265069961699e-05 0.0022273306940745062 -0.0024065540048084201 0.00070971043335722739 -0.00096869594017464657 0.00014751604026233317 -0.0049445993879443017
leaf_weight=25 1027 40 32 25 20 20 725 182 28 319 25 26 26 20 227 30 43 27 35 22 22 58 26 4972 339 20 1156 52 58 33
leaf_count=25 1027 40 32 25 20 20 725 182 28 319 25 26 26 20 227 30 43 27 35 22 22 58 26 4972 339 20 1156 52 58 33
internal_value=0.00131677 0.000651454 0.00264968 -0.00758442 -0.0150769 0.00356069 0.00392899 0.000406709 -0.00376471 0.00258493 0.000931035 0.00460232 -0.00276923 0.000159815 0.00162187 -0.0010566 0.000195122 -0.00316279 -0.0013617 -0.00350327 -0.00116031 0.00120755 -0.00533333 0.000303312 0.00282587 -0.00469841 0.000141605 0.00153349 -0.00486713 -0.00894118
internal_weight=9660 8633 942 77 52 865 845 7691 68 783 464 777 52 6908 439 212 6888 215 188 153 131 106 48 6673 402 63 6271 1299 143 85
internal_count=9660 8633 942 77 52 865 845 7691 68 783 464 777 52 6908 439 212 6888 215 188 153 131 106 48 6673 402 63 6271 1299 143 85
is_linear=0
shrinkage=0.08


Tree=90
num_leaves=31
num_cat=0
split_feature=7 39 6 29 39 6 31 6 7 4 19 7 6 21 7 4 27 4 5 17 19 19 31 1 8 39 39 27 19 5
split_gain=5.49372 0.729191 0.900894 0.753463 1.22893 0.949069 0.818182 0.661643 0.574219 0.735882 1.06895 0.654183 0.558977 0.601132 0.583643 0.991894 0.534865 0.456522 0.445312 0.426723 0.4167 0.735126 0.563333 0.387206 1.19255 0.371427 0.970613 0.806344 0.66163 0.514542
threshold=18.067215000000001 93.256932608717065 0.76320403382708191 17.207200000000004 95.098422538888414 0.21749295170193214 17.265850000000004 1.0693335098317929 17.061702500000006 20.500000000000004 17.191450000000007 16.097125833333337 1.857673035320681 19.437050000000003 17.222990833333338 5.5000000000000009 16.892300000000002 33.500000000000007 17.40947666666667 19.122800000000002 17.005200000000006 16.413050000000002 16.824400000000001 17.500000000000004 0.2438246116805112 85.331429661058039 85.166394316659094 16.717400000000001 15.625350000000003 15.712903333333335
decision_type=2 2 2 2 2 2 2 2 2 2 2 2 2 2 2 2 2 2 2 2 2 2 2 2 2 2 2 2 2 2
left_child=1 12 3 -3 5 6 -5 -4 9 -9 17 -12 14 19 25 -16 -7 -11 20 -14 21 -17 -23 -2 -25 26 27 -1 -28 -27
right_child=23 2 7 4 -6 16 -8 8 -10 10 11 -13 13 -15 15 18 -18 -19 -20 -21 -22 22 -24 24 -26 29 28 -29 -30 -31
leaf_value=1.8270811618193618e-05 0.019161460963036062 0.0070685988846677719 -0.001587472722468154 -0.00094254654689996775 0.013546115376957685 -0.0035546223987095223 -0.0032591282146749228 0.0095953783659511998 0.011561385500461796 -0.0053578022994863672 -0.00036246310062218202 -0.0029366078366243466 0.0043203054269423096 -0.0006889495543011717 -0.0011932686366560603 0.0033957381128832094 0.00072810846261456242 0.033796630385651165 -0.0054438804232209452 -0.17855654073153684 0.0047850351984124089 -0.0021931903115379068 -7.0734417470671291e-05 -0.02021163258556186 0.02123262633139035 0.0020110192751726305 0.0010033837703518635 -0.003047942076339516 -0.0026080309667027251 0.0003057734865121626
leaf_weight=4415 958 462 38 22 145 20 22 66 93 42 22 21 257 33 23 34 99 27 24 24 44 20 30 21 48 368 26 20 30 2206
leaf_count=4415 958 462 38 22 145 20 22 66 93 42 22 21 257 33 23 34 99 27 24 24 44 20 30 21 48 368 26 20 30 2206
internal_value=0.00130021 0.000642187 0.00258758 0.00405195 0.000987013 -0.00377914 -0.0138182 -0.00106149 0.000324724 -0.00233708 -0.00628571 -0.016186 0.000364311 0.00366879 0.000220995 -0.00434286 -6.72266e-05 -0.000115942 -0.002 0.00486833 -0.000125 -0.00342857 -0.0096 0.00683155 0.00104348 0.000334041 -0.000105099 2.70578e-05 -0.0105714 0.00110023
internal_weight=9660 8633 1079 770 308 163 44 309 271 178 112 43 7554 314 7240 175 119 69 152 281 128 84 50 1027 69 7065 4491 4435 56 2574
internal_count=9660 8633 1079 770 308 163 44 309 271 178 112 43 7554 314 7240 175 119 69 152 281 128 84 50 1027 69 7065 4491 4435 56 2574
is_linear=0
shrinkage=0.08


Tree=91
num_leaves=31
num_cat=0
split_feature=7 39 19 7 31 29 29 8 6 6 29 6 31 1 19 2 7 4 31 33 4 21 4 4 13 4 19 17 4 19
split_gain=5.76692 0.775513 1.12836 1.22378 1.73077 0.674506 0.510876 0.741711 1.09484 1.11429 0.485126 0.478128 0.687891 0.732199 1.80802 0.512086 0.728092 1.12671 0.843247 0.650233 0.543254 0.458127 0.44654 0.98 0.433371 0.413466 0.525189 0.410053 0.780824 0.836991
threshold=18.067215000000001 93.5682431018584 18.556400000000004 17.222990833333338 16.892300000000002 16.287150000000004 17.207200000000004 0.42129676932388405 0.24445759297225314 0.1991848608462288 17.783000000000005 0.55190453256635519 17.911800000000003 19.500000000000004 16.029150000000005 3.5000000000000004 15.53871166666667 39.500000000000007 16.9785 -0.59589999999999932 11.500000000000002 17.531950000000005 30.500000000000004 18.500000000000004 17.531950000000005 12.500000000000002 15.736050000000002 13.917650000000002 31.500000000000004 14.153300000000002
decision_type=2 2 2 2 2 2 2 2 2 2 2 2 2 2 2 2 2 2 2 2 2 2 2 2 2 2 2 2 2 2
left_child=1 11 5 4 -4 25 -7 8 9 -8 -10 21 15 14 -14 19 -17 18 20 22 -18 24 23 -13 27 -3 -27 28 29 -1
right_child=-2 2 3 -5 -6 6 7 -9 10 -11 -12 12 13 -15 -16 16 17 -19 -20 -21 -22 -23 -24 -25 -26 26 -28 -29 -30 -31
leaf_value=0.0013078051125696845 0.017490226788325562 0.029589576137049291 -1.7110550844184614e-05 0.010798492775480907 -0.0029802738398194638 0.0079036096656732134 0.0026050188625299877 0.0071317743398237833 0.0049209457315134561 -0.0042828736003026266 -0.0046589119715790359 0.016403576659524296 -0.0036575525979796178 0.0031720590437032976 0.0031801243473891195 0.0016393126485022306 -0.00040414696426901287 0.0079813994385451066 0.0019827581002367094 0.0069718808530093539 -0.12275086563264771 -0.0036869173980553262 0.0016048512381119861 -0.072689044672441319 0.0083157996716441938 8.7829499507142695e-05 -0.0055845189630014773 4.0870838515289836e-05 0.00053354530486657097 -0.0030006752771885789
leaf_weight=32 1027 27 32 25 20 431 21 212 53 39 23 25 23 48 58 87 24 32 31 363 21 20 46 25 63 31 28 6696 51 46
leaf_count=32 1027 27 32 25 20 431 21 212 53 39 23 25 23 48 58 87 24 32 31 363 21 20 46 25 63 31 28 6696 51 46
internal_value=0.00124224 0.000568053 0.00273461 -0.00654545 -0.0135385 0.00356069 0.00430295 0.00202299 -0.00258823 -0.0106667 0.00378947 0.000302692 0.00217625 -0.00316279 -0.00780247 0.00322936 -0.000205128 -0.00459259 -0.00989474 0.00468845 -0.0168889 9.03303e-05 -0.00116667 -0.0064 0.000125436 -0.00316279 -0.00691525 6.44692e-05 -0.0044031 -0.0094359
internal_weight=9660 8633 942 77 52 865 779 348 136 60 76 7691 783 129 81 654 195 108 76 459 45 6908 96 50 6888 86 59 6825 129 78
internal_count=9660 8633 942 77 52 865 779 348 136 60 76 7691 783 129 81 654 195 108 76 459 45 6908 96 50 6888 86 59 6825 129 78
is_linear=0
shrinkage=0.08


Tree=92
num_leaves=31
num_cat=0
split_feature=7 39 6 39 31 4 4 29 21 21 29 39 7 33 13 6 21 7 23 7 8 19 21 29 13 17 1 8 6 33
split_gain=5.65946 0.670968 0.983946 0.623777 0.899429 1.21805 0.705861 0.844389 0.746914 0.695402 0.544374 0.940254 0.769929 0.9375 0.607067 0.531698 0.696027 0.46298 0.41511 0.402957 0.692083 0.5187 0.60126 0.536892 0.469925 0.558331 0.387206 1.19255 0.355163 0.335678
threshold=18.067215000000001 93.5682431018584 0.76320403382708191 94.419249078742538 17.752500000000001 27.500000000000004 14.500000000000002 16.852650000000001 15.479500000000003 17.110850000000003 17.207200000000004 95.170744452578887 17.371195000000004 0.075950000000000642 16.750600000000002 0.55190453256635519 17.501900000000003 17.000222500000003 16.964700000000004 17.198359166666673 1.3044247879792621 14.716850000000003 19.315350000000006 14.230700000000001 14.197750000000001 14.411800000000001 17.500000000000004 0.2438246116805112 1.9295945405208808 -0.065700000000000522
decision_type=2 2 2 2 2 2 2 2 2 2 2 2 2 2 2 2 2 2 2 2 2 2 2 2 2 2 2 2 2 2
left_child=1 15 10 -4 6 -6 -5 8 -8 -10 14 12 18 -14 17 16 -1 -3 -12 21 -21 23 -23 -17 -25 -26 -2 -28 -9 -27
right_child=26 2 3 4 5 -7 7 28 9 -11 11 -13 13 -15 -16 19 -18 -19 -20 20 -22 22 -24 24 25 29 27 -29 -30 -31
leaf_value=3.9543637809020893e-05 0.016229325942927062 -0.0012777566769662917 0.018508462912174853 0.038276818112012057 -0.0019717139615513255 0.0081082241950596393 6.5873140213912635e-05 -0.00091900851957868901 -0.027325187921864752 -0.0008559876222712495 -0.00087529354720320036 0.013683970153474998 -0.00059711343910359325 -0.0051350347287048527 0.0076296665295452742 0.0024452068021455007 -0.0034130307968445691 0.0049610186158144673 0.0064512701120685917 -0.042921386599218535 0.00057896760743037022 0.0053395358577239165 -0.00066107941860737149 -0.00050104543698202477 0.0039280968769618623 -0.15076824288429785 -0.019993920121783051 0.01813479808181313 0.0094607799855290012 0.0014187801596853566
leaf_weight=6881 958 21 40 48 24 22 27 37 25 29 33 138 40 24 327 49 27 26 40 20 59 488 34 38 44 28 21 48 41 23
leaf_count=6881 958 21 40 48 24 22 27 37 25 29 33 138 40 24 327 49 27 26 40 20 59 488 34 38 44 28 21 48 41 23
internal_value=0.00121739 0.00054952 0.00256476 -0.00128328 -0.00275099 -0.0128696 -0.000502415 -0.00306918 -0.00879012 -0.0142222 0.004302 0.0016 -0.00309489 -0.0095 0.00628877 0.000302692 7.87496e-05 -0.00221277 0.00252055 0.00227842 -0.00313924 0.00288636 0.00416858 -0.000791208 -0.00342857 -0.000421052 0.00683155 0.00104348 0.0028718 -0.00611765
internal_weight=9660 8633 942 293 253 46 207 159 81 54 649 275 137 64 374 7691 6908 47 73 783 79 704 522 182 133 95 1027 69 78 51
internal_count=9660 8633 942 293 253 46 207 159 81 54 649 275 137 64 374 7691 6908 47 73 783 79 704 522 182 133 95 1027 69 78 51
is_linear=0
shrinkage=0.08


Tree=93
num_leaves=31
num_cat=0
split_feature=7 39 19 13 8 6 29 25 6 7 15 31 33 21 19 6 27 21 4 33 25 33 33 29 27 23 17 31 23 15
split_gain=5.59287 0.829698 0.591693 0.671126 0.966311 1.35891 1.13867 0.511698 0.500707 0.665364 0.472413 0.447109 0.625 0.360221 1.33333 0.340103 0.333017 0.390745 0.362665 0.465805 0.455274 0.484431 0.388181 0.507692 0.351162 0.651316 0.333635 0.314692 0.636359 0.376833
threshold=18.067215000000001 93.256932608717065 17.117000000000004 17.149950000000004 0.23817478687176727 1.1051669709546303 17.273000000000003 14.576500000000001 0.55190453256635519 17.656566666666674 17.381450000000005 19.886300000000002 -0.18449999999999986 18.731750000000002 18.825550000000003 1.2556854237668438 20.384450000000005 14.284200000000002 39.500000000000007 -0.19700000000000004 18.158950000000001 -0.26264999999999977 0.41205000000000075 15.373050000000001 14.260600000000002 14.4777 17.008900000000004 13.884750000000002 14.131850000000002 13.917650000000002
decision_type=2 2 2 2 2 2 2 2 2 2 2 2 2 2 2 2 2 2 2 2 2 2 2 2 2 2 2 2 2 2
left_child=1 8 7 4 6 -6 -4 -3 9 27 -9 16 -13 -5 -15 -12 17 24 19 20 21 26 -21 -24 -10 -26 -19 28 -1 -29
right_child=-2 2 3 13 5 -7 -8 10 11 -11 15 12 -14 14 -16 -17 -18 18 -20 22 -22 -23 23 -25 25 -27 -28 29 -30 -31
leaf_value=0.00078257349824772189 0.014731687694436868 -0.0045572728091229607 0.0041214426996680755 0.0028883129805793205 0.0027496145079294603 -0.012787873633494247 -0.0051560656883080577 0.0070192932287823778 -0.00042609905357783877 -0.0016248858072904619 -0.002830963985950979 0.0040978230934708331 -0.001508421732843342 -0.0041366467862633625 0.0059702349757941066 0.0015943018617900738 -0.0040720778140331607 0.0045043885024018916 0.0066740759627631034 0.0075164194049924665 -0.012013327857877596 -0.00092127821432905438 0.017922475644412277 -0.0051431829659415096 0.0038076108815523848 -0.060444470804489073 -0.0068278979280140461 0.00050494518722672276 -0.0011993181641172836 3.2903117927944834e-05
leaf_weight=47 1027 20 32 298 100 29 37 457 35 22 31 20 20 21 28 26 21 102 187 176 20 22 22 30 44 32 32 119 34 6569
leaf_count=47 1027 20 32 298 100 29 37 457 35 22 31 20 20 21 28 26 21 102 187 176 20 22 22 30 44 32 32 119 34 6569
internal_value=0.00125052 0.000586587 0.00266172 0.00080734 -0.00290909 0.00117829 -0.0105507 0.00455431 0.000290178 7.18601e-05 0.0050428 0.00223329 -0.006 0.00292795 -0.00342857 -0.00182456 0.0026888 0.00298576 0.00380372 0.00245545 -0.000636363 0.000820513 0.00484211 -0.00123077 -0.00136937 0.00168421 0.00262687 0.000117004 -0.00483951 0.000177034
internal_weight=9660 8633 1079 545 198 129 69 534 7554 6791 514 763 40 347 49 57 723 702 591 404 176 156 228 52 111 76 134 6769 81 6688
internal_count=9660 8633 1079 545 198 129 69 534 7554 6791 514 763 40 347 49 57 723 702 591 404 176 156 228 52 111 76 134 6769 81 6688
is_linear=0
shrinkage=0.08


Tree=94
num_leaves=31
num_cat=0
split_feature=7 13 4 25 4 23 1 8 6 31 7 31 21 15 8 21 8 6 27 23 8 31 13 1 8 13 6 1 17 21
split_gain=5.43783 0.718721 0.792994 0.806111 2.02762 0.77611 0.656587 0.867131 0.782397 0.920458 1.18519 0.603021 0.56573 0.774677 0.737955 0.668182 0.484346 0.477736 0.536029 0.46237 0.412942 0.575777 0.485541 0.376854 1.19255 0.376736 1.11323 0.592661 0.371661 0.363539
threshold=18.067215000000001 16.824400000000001 1.0000000180025095e-35 18.642900000000001 22.500000000000004 19.886300000000002 19.500000000000004 1.6272946002717763 0.27101768935776094 16.964700000000004 17.377270833333338 17.056050000000003 17.363700000000005 17.207200000000004 0.24330763928915569 17.149950000000004 0.34064491142499004 1.857673035320681 19.011950000000002 16.639900000000001 1.1357085163796257 16.817100000000003 17.191450000000007 17.500000000000004 0.2438246116805112 13.917650000000002 0.22843801201026429 12.500000000000002 17.149950000000004 17.079750000000004
decision_type=2 2 2 2 2 2 2 2 2 2 2 2 2 2 2 2 2 2 2 2 2 2 2 2 2 2 2 2 2 2
left_child=1 17 -3 5 -5 6 11 8 12 28 -11 16 13 14 -8 -15 19 25 -19 -4 -18 22 -22 -2 -25 26 -1 -28 -10 -9
right_child=23 2 3 4 -6 -7 7 29 9 10 -12 -13 -14 15 -16 -17 20 18 -20 -21 21 -23 -24 24 -26 -27 27 -29 -30 -31
leaf_value=0.00012417275086443858 0.013752444851938037 -0.0029433670055260723 -0.00061343835996210743 -0.0021589786755767657 0.0025066923568007392 -0.0027021725804204167 0.0034046181622408079 0.0014125085869345073 -0.0026044868740899563 -0.0025528246312272245 -0.0040531808880636027 0.0038836578340603039 0.012012632094945226 -0.00012790975688313657 -0.0028053281407058308 -0.0059685234643926666 0.0062732673084357126 0.0046273979730451914 -0.002015263867559766 0.00060531176453401745 -0.0054367516013317449 0.0049270017048167235 0.00031884389622034709 -0.019572941527595162 0.015505479219713153 3.1702741637678328e-05 -0.0043544972089882093 -0.0011308110721037058 0.0034835432204128811 0.0057782361794233147
leaf_weight=100 958 29 21 24 57 24 65 87 21 27 27 677 44 33 22 27 231 204 36 608 20 59 23 21 48 6015 23 24 20 85
leaf_count=100 958 29 21 24 57 24 65 87 21 27 27 677 44 33 22 27 231 204 36 608 20 59 23 21 48 6015 23 24 20 85
internal_value=0.00125052 0.000595853 0.00183236 0.00200545 -0.00582716 0.00230457 0.00246829 -0.000209607 -0.00290909 -0.0088421 -0.0157037 0.0032166 4.18851e-05 -0.00234014 0.00248276 -0.00933333 0.00192931 0.000164949 0.00366667 0.000623212 0.0043964 0.000156863 -0.00688372 0.00675365 0.00104348 2.85625e-05 -0.00397279 -0.0141277 0.000195122 0.00427907
internal_weight=9660 8633 2231 2202 81 2121 2097 458 286 95 54 1639 191 147 87 60 962 6402 240 629 333 102 43 1027 69 6162 147 47 41 172
internal_count=9660 8633 2231 2202 81 2121 2097 458 286 95 54 1639 191 147 87 60 962 6402 240 629 333 102 43 1027 69 6162 147 47 41 172
is_linear=0
shrinkage=0.08


Tree=95
num_leaves=31
num_cat=0
split_feature=7 39 7 6 6 4 1 21 29 7 23 19 13 4 5 33 13 6 5 17 21 21 1 25 29 31 31 6 13 19
split_gain=4.87962 0.74163 0.871012 0.721703 0.624213 0.539428 0.995599 0.777351 0.599716 0.665131 0.552787 0.47856 0.466075 0.361414 0.759232 1.0275 0.744868 0.623624 0.506685 0.496323 0.352344 0.532952 0.445908 0.334311 0.331073 0.657838 0.705882 0.314136 0.498621 0.496915
threshold=18.067215000000001 93.5682431018584 17.749400000000005 0.27101768935776094 0.42851600854263022 12.500000000000002 3.5000000000000004 18.120150000000006 16.867950000000004 17.953845833333336 17.110850000000003 15.586 16.750600000000002 43.500000000000007 15.54934666666667 -1.0000000180025095e-35 14.593050000000002 0.7185068884176794 16.216796666666671 14.230700000000001 17.619150000000001 17.955650000000002 22.500000000000004 14.543600000000001 17.207200000000004 17.423700000000004 17.265850000000004 0.39350567118165908 17.531950000000005 15.692450000000003
decision_type=2 2 2 2 2 2 2 2 2 2 2 2 2 2 2 2 2 2 2 2 2 2 2 2 2 2 2 2 2 2
left_child=1 2 4 12 27 -5 7 -7 10 -10 -8 13 -3 14 16 18 17 -6 -16 -19 -13 -22 -23 -15 -14 26 -26 28 -1 -29
right_child=-2 3 -4 5 11 6 8 -9 9 -11 -12 20 24 23 15 -17 -18 19 -20 -21 21 22 -24 -25 25 -27 -28 29 -30 -31
leaf_value=1.2757875576213897e-05 0.012652249263782949 -0.00085387392001900293 -0.0011198117980787188 0.013521541084325293 -0.0013370876608575972 -0.00028831936778492425 -5.5705834282741005e-05 -0.0024356192985465746 0.0047945886398547957 -0.0048488605854956884 -0.027909048185347844 0.0066110152777721764 0.0069781666207518701 -4.8235127706626363e-05 -0.096523087294419607 -0.075320170454148669 0.0054965617849458397 0.0016866212210223735 0.0080770495124226176 -0.00055544420335311862 -0.0014327688496495511 0.0046626463635689713 -0.00087868013797682599 0.0060246960914929308 0.003526367677243849 0.022171164097094048 -0.004427741974052074 -0.0013118015713826812 0.0094927450151117664 -7.5708508149888935e-05
leaf_weight=6700 1027 32 30 100 25 23 76 20 179 30 35 416 256 31 29 24 79 30 20 34 20 67 20 57 68 89 34 20 51 38
leaf_count=6700 1027 32 30 100 25 23 76 20 179 30 35 416 256 31 29 24 79 30 20 34 20 67 20 57 68 89 34 20 51 38
internal_value=0.00115114 0.000530986 0.000271486 0.00264968 0.000324762 0.000397408 -0.00103581 -0.0124651 0.0005 0.00302392 -0.00425225 0.0023662 0.00482672 -2.43158e-05 -0.00162656 -0.00843836 0.00133333 -0.00368539 -0.00179592 0.0005 0.00386998 -0.000224299 0.00248276 0.00436364 0.00549441 0.00297382 -0.00141176 6.93203e-05 0.000119686 -0.0057931
internal_weight=9660 8633 7691 942 7661 463 363 43 320 209 111 852 479 329 241 73 168 89 49 64 523 107 87 88 447 191 102 6809 6751 58
internal_count=9660 8633 7691 942 7661 463 363 43 320 209 111 852 479 329 241 73 168 89 49 64 523 107 87 88 447 191 102 6809 6751 58
is_linear=0
shrinkage=0.08


Tree=96
num_leaves=31
num_cat=0
split_feature=31 7 8 6 25 25 13 1 1 4 39 29 4 19 25 21 27 23 19 39 19 13 13 15 8 8 8 19 19 21
split_gain=4.50282 1.86798 0.784849 0.670828 0.680309 0.688711 0.626087 0.48096 2.03322 2.65846 0.455576 1.33759 0.432143 0.395024 1.60874 0.740533 0.409228 0.619565 1.06765 0.37239 0.4 0.359446 0.333213 0.321879 0.615127 0.717804 0.797446 0.516035 0.977401 1.23952
threshold=17.501900000000003 17.91895833333334 0.96992659237771972 0.42851600854263022 14.576500000000001 14.230700000000001 14.312950000000003 4.5000000000000009 3.5000000000000004 25.500000000000004 94.419249078742538 17.531950000000005 31.500000000000004 18.449000000000002 19.274100000000001 19.315350000000006 17.273000000000003 16.824400000000001 16.929950000000002 76.128873974285639 15.851650000000001 13.818850000000003 16.750600000000002 17.325350000000004 0.21401177417981529 0.23287527216473966 0.23684175548650863 16.817100000000003 16.9785 16.938100000000002
decision_type=2 2 2 2 2 2 2 2 2 2 2 2 2 2 2 2 2 2 2 2 2 2 2 2 2 2 2 2 2 2
left_child=1 3 7 10 5 -5 -7 8 -2 -10 23 22 -8 15 -15 16 17 -4 -19 20 -6 -21 -12 -1 -25 -26 -27 -28 29 -29
right_child=2 -3 13 4 19 6 12 -9 9 -11 11 -13 -14 14 -16 -17 -18 18 -20 21 -22 -23 -24 24 25 26 27 28 -30 -31
leaf_value=4.3378194566500535e-05 0.014856164293383359 -0.010545967267565315 0.0043635009054559908 0.00030933867030701631 -0.0096256326830957816 -0.025781471732106601 0.01597404295520469 0.011640069322680233 -0.038275854389868871 0.019174261433417644 0.0015513529732526798 -0.013712593263544908 -0.0030885007449994342 -0.0011342937719893854 0.0031063951208759096 -0.0038765524662017375 0.005990303938463626 -0.022061380514672005 0.0071494416512464876 -0.041212027001085144 0.013955536837622002 0.0033717983155960689 0.0047410935616258674 -0.001511071907038889 0.0019370886691558609 -0.014599937738345115 0.0021009599958519759 -0.0001164144073518597 0.0021665524179503761 -0.00183678859398872
leaf_weight=6702 148 20 38 107 20 24 24 894 26 24 33 20 21 39 42 21 185 20 34 23 20 704 173 30 81 21 27 41 78 20
leaf_count=6702 148 20 38 107 20 24 24 894 26 24 33 20 21 39 42 21 185 20 34 23 20 704 173 30 81 21 27 41 78 20
internal_value=0.00115114 0.000419099 0.00522638 0.000478884 0.00248568 -0.002 -0.00823188 0.00631502 0.00274747 -0.0112 0.000216994 0.00375221 -0.00266667 0.00208971 -0.0028642 0.00343624 0.0045343 0.000173913 -0.00533333 0.00351499 -0.004 0.00392847 0.0056699 0.000102857 -0.0024698 -0.00125373 -0.00397861 -0.00212048 -0.00408633 -0.0116721
internal_weight=9660 8189 1471 8169 943 176 69 1092 198 50 7226 226 45 379 81 298 277 92 54 767 40 727 206 7000 298 268 187 166 139 61
internal_count=9660 8189 1471 8169 943 176 69 1092 198 50 7226 226 45 379 81 298 277 92 54 767 40 727 206 7000 298 268 187 166 139 61
is_linear=0
shrinkage=0.08


Tree=97
num_leaves=31
num_cat=0
split_feature=31 6 8 19 17 8 23 39 29 21 1 29 39 5 1 1 4 1 8 23 23 1 23 31 29 29 8 33 29 29
split_gain=4.68211 0.812206 0.568288 0.506841 1.5125 1.225 0.504087 0.448572 1.08304 0.458775 0.414626 1.38833 0.390261 1.04155 0.333721 1.43806 2.08333 0.314324 0.441048 0.716267 1.33275 0.508191 0.403143 0.740927 0.299448 0.442821 2.08137 0.757514 0.652281 0.418495
threshold=17.501900000000003 0.55190453256635519 1.080942558763023 18.449000000000002 18.642900000000001 1.437646543541456 19.437050000000003 94.419249078742538 17.531950000000005 17.619150000000001 18.500000000000004 17.791300000000003 110.84529575396795 17.634876666666671 4.5000000000000009 3.5000000000000004 19.500000000000004 10.500000000000002 1.4908229100475816 14.642450000000002 14.284200000000002 21.500000000000004 17.363700000000005 16.824400000000001 17.531950000000005 17.306200000000004 1.6221720995523956 -0.29199999999999887 17.325350000000004 16.9785
decision_type=2 2 2 2 2 2 2 2 2 2 2 2 2 2 2 2 2 2 2 2 2 2 2 2 2 2 2 2 2 2
left_child=1 7 10 6 5 -5 -4 9 -9 24 14 -12 17 -14 15 -2 -17 22 19 20 -19 -21 -3 -24 25 29 27 -27 -29 -1
right_child=2 12 3 4 -6 -7 -8 8 -10 -11 11 -13 13 -15 -16 16 -18 18 -20 21 -22 -23 23 -25 -26 26 -28 28 -30 -31
leaf_value=5.4332151462060937e-06 0.010451576179209497 0.0046165660583171349 0.0051662431045718469 -0.0036966721703578071 0.013819465450773838 0.0025425648654822906 -0.0026045413517175411 0.0042304388050526985 -0.0038145600811829053 -0.0023682454283166753 0.0079492611934624709 -0.018983282815587473 -0.027642058490298847 0.0026871041539157968 0.010708863776865769 -0.04004181984566145 0.0075874578627654942 0.0011474085464555036 0.0044847302835662652 0.0018852190593543266 -0.056847834489057711 -0.0018580900631033914 0.012432161849789951 -0.0082689503300943205 0.0035873069615913323 -0.0031674472940641609 -0.0032948133826158498 -0.00088404287302782801 0.0016822181071907121 0.0014840046558554877
leaf_weight=6201 163 322 256 20 40 20 20 215 23 20 51 24 23 22 827 20 30 29 203 121 23 58 30 32 65 31 20 25 165 561
leaf_count=6201 163 322 256 20 40 20 20 215 23 20 51 24 23 22 827 20 30 29 203 121 23 58 30 32 65 31 20 25 165 561
internal_value=0.00123395 0.000487483 0.00538953 0.00260674 -0.003 -0.014 0.00423188 0.000214033 0.00363025 9.93231e-05 0.00627803 0.000533334 0.00280881 -0.00444444 0.00669231 0.00386854 -0.008 0.00320782 0.00173272 -0.000658008 -0.00892308 0.00174302 0.004875 -0.00103226 0.00013356 8.33931e-05 -0.00328631 -0.00104977 0.000842106 0.00020349
internal_weight=9660 8189 1471 356 80 40 276 7326 238 7088 1115 75 863 45 1040 213 50 818 434 231 52 179 384 62 7068 7003 241 221 190 6762
internal_count=9660 8189 1471 356 80 40 276 7326 238 7088 1115 75 863 45 1040 213 50 818 434 231 52 179 384 62 7068 7003 241 221 190 6762
is_linear=0
shrinkage=0.08


Tree=98
num_leaves=31
num_cat=0
split_feature=7 1 6 23 39 27 39 29 33 13 2 29 6 1 7 29 8 13 6 1 21 25 1 8 25 39 31 29 8 13
split_gain=4.39114 1.15499 0.575807 1.0168 0.901346 0.724406 1.25051 0.814838 0.662284 0.601286 0.596349 0.56448 0.550456 0.476407 0.896485 0.346322 0.58072 0.340817 0.602892 0.421503 0.864338 0.462615 0.332559 0.880216 0.330867 0.328326 0.42771 0.70138 0.657027 0.294696
threshold=17.870240833333337 18.500000000000004 0.55190453256635519 17.344800000000003 93.6848825792013 18.314050000000005 96.744425792580628 15.479500000000003 -0.16415000000000021 16.750600000000002 1.5000000000000002 16.9785 0.42851600854263022 7.5000000000000009 16.842852500000003 17.531950000000005 0.42129676932388405 17.325350000000004 0.29217317706166751 14.500000000000002 16.9785 16.964700000000004 4.5000000000000009 0.24454748392443929 17.576750000000004 78.188689079996266 15.523850000000001 14.260600000000002 1.437646543541456 17.993150000000004
decision_type=2 2 2 2 2 2 2 2 2 2 2 2 2 2 2 2 2 2 2 2 2 2 2 2 2 2 2 2 2 2
left_child=2 22 4 25 17 7 10 -5 -6 11 -7 -10 -3 14 -9 -11 -17 24 19 -19 21 -21 23 -2 -1 26 27 -4 -29 -25
right_child=1 12 3 5 8 6 -8 13 9 15 -12 -13 -14 -15 -16 16 -18 18 -20 20 -22 -23 -24 29 -26 -27 -28 28 -30 -31
leaf_value=4.7975406417284405e-06 -0.031044833747184555 -0.01450081141754099 0.0014895581145640635 -0.0015976899590733912 -0.00092305748275456627 0.0037285182778696623 -0.0013749875707029324 0.0050793565839671907 -0.0019379870969722659 0.0044172250324795923 -0.0025868203563793163 0.0060912151697851647 0.00064046462425177211 0.0076610453786264713 -0.0082680112848251639 -0.0035242291519397713 0.0093865932650624255 0.0048821757677955571 -0.0036859393056266941 -0.0026110447376305923 0.0063325928865317271 0.0015743634551683438 0.0098521546747164738 0.00063687943730724643 -0.00086376201630629823 0.0033418148095934884 0.0022683612079591612 0.00064252503673892941 -0.023424932391784354 0.011693724667436775
leaf_weight=6620 27 25 30 36 30 24 26 37 29 394 34 26 27 75 21 21 20 103 23 24 82 22 840 116 29 686 57 20 23 133
leaf_count=6620 27 25 30 36 30 24 26 37 29 394 34 26 27 75 21 21 20 103 23 24 82 22 840 116 29 686 57 20 23 133
internal_value=0.00120911 0.00580822 0.000576543 0.00231244 0.000326553 -0.00211858 -0.00819048 0.000899409 0.00353846 0.0042449 -0.00165517 -0.00363636 -0.00584615 0.00378947 -0.00165517 0.00524138 -0.0017561 8.46012e-05 0.00296063 0.00419048 0.001125 -0.00765217 0.00635125 0.00394203 -2.52667e-05 0.00368627 2.98023e-10 -0.00405479 -0.0106047 0.00542972
internal_weight=9660 1168 8492 1069 7423 253 84 169 520 490 58 55 52 133 58 435 41 6903 254 231 128 46 1116 276 6649 816 130 73 43 249
internal_count=9660 1168 8492 1069 7423 253 84 169 520 490 58 55 52 133 58 435 41 6903 254 231 128 46 1116 276 6649 816 130 73 43 249
is_linear=0
shrinkage=0.08


Tree=99
num_leaves=31
num_cat=0
split_feature=31 6 19 7 21 15 19 25 5 21 17 5 27 39 25 19 13 31 29 6 19 27 27 17 4 31 5 27 13 1
split_gain=3.68668 0.937368 0.75228 1.73664 0.720724 0.519108 0.730238 0.617434 0.64 0.536751 1.33583 0.525865 0.769694 1.00392 0.689665 0.853863 1.11582 1.79117 0.929072 0.752083 0.684262 1.20119 0.771565 0.622222 0.590091 0.468456 1.69633 0.78739 1.40248 0.690929
threshold=17.384900000000005 0.55190453256635519 18.556400000000004 17.222990833333338 19.315350000000006 17.343850000000003 16.817100000000003 17.110850000000003 17.06487666666667 17.344800000000003 17.343850000000003 17.014256666666672 17.117000000000004 91.222674871002326 17.403550000000006 17.189100000000007 17.042850000000005 16.938100000000002 16.717400000000001 0.22893442851871695 17.149950000000004 17.230950000000004 17.343850000000003 17.149950000000004 5.5000000000000009 16.403200000000002 16.376710000000006 16.566100000000002 16.413050000000002 11.500000000000002
decision_type=2 2 2 2 2 2 2 2 2 2 2 2 2 2 2 2 2 2 2 2 2 2 2 2 2 2 2 2 2 2
left_child=1 5 4 -4 -2 11 -7 8 -8 10 -9 12 25 -14 15 18 24 -18 -13 -16 21 -15 -23 -19 -17 26 -1 28 -28 -27
right_child=2 -3 3 -5 -6 6 7 9 -10 -11 -12 14 13 20 19 16 17 23 -20 -21 -22 22 -24 -25 -26 29 27 -29 -30 -31
leaf_value=1.6773137220527648e-05 0.0058401053476140417 0.0017596759178024148 -0.00097773278854493707 0.010438125142545558 -0.0024133655879132973 0.0017619641626131983 -0.0021307908887482087 -0.00013369865698171669 -0.014718557383477727 0.004665360730321845 -0.0045408956729098152 -0.00039045280812758558 0.002470278554605933 -0.0069966108082427005 -0.004565322945919251 -0.0018744348391697429 -0.0078138730568697232 0.010599652861214878 0.0034835752361325558 0.00059581600842003777 8.2693296141332366e-05 0.0012262700929219336 -0.0029653970089664841 -0.0014582635308437121 0.0034665084561530312 0.0034888481253423278 -0.0013924480094581035 0.0046320488357893099 -0.00031628584483884463 -7.698422892253225e-05
leaf_weight=5135 1486 841 31 86 24 45 25 159 20 25 20 27 45 24 32 23 26 28 503 48 31 22 31 35 171 324 31 23 28 311
leaf_count=5135 1486 841 31 86 24 45 25 159 20 25 20 27 45 24 32 23 26 28 503 48 31 22 31 35 171 324 31 23 28 311
internal_value=0.00113458 0.000431222 0.00460725 -0.00157265 0.00508609 0.000135707 -0.00315646 -0.00485141 -0.0133333 -0.00298039 -0.00451397 0.000276022 6.66141e-06 -0.00559477 0.00208735 0.00278475 -0.000763251 -0.00817977 0.00467925 -0.005 -0.00977778 -0.0138182 -0.00709434 -0.000888889 0.00263918 0.00015311 -9.66069e-05 -0.0115122 -0.0164068 0.00220472
internal_weight=9660 8033 1627 117 1510 7192 294 249 45 204 179 6898 6005 153 893 813 283 89 530 80 108 77 53 63 194 5852 5217 82 59 635
internal_count=9660 8033 1627 117 1510 7192 294 249 45 204 179 6898 6005 153 893 813 283 89 530 80 108 77 53 63 194 5852 5217 82 59 635
is_linear=0
shrinkage=0.08


Tree=100
num_leaves=31
num_cat=0
split_feature=7 6 5 13 7 5 31 33 1 8 8 29 39 4 31 21 31 25 15 29 6 39 21 29 29 6 1 25 23 31
split_gain=3.57783 0.621995 1.58565 0.666094 1.44764 0.916454 0.640203 0.567518 0.505554 0.655136 0.773359 0.429467 0.711589 0.677954 0.773571 0.725452 0.979604 0.720588 0.709238 1.03908 0.482905 0.663248 0.461099 0.47597 0.450887 0.541991 1.31529 1.40493 0.677289 0.464121
threshold=18.067215000000001 1.9295945405208808 18.496380000000006 17.325350000000004 17.91895833333334 17.634876666666671 17.501900000000003 -0.15179999999999969 19.500000000000004 1.9611396132952359 0.34381080402099057 17.306200000000004 93.256932608717065 6.5000000000000009 17.343850000000003 17.273000000000003 16.9785 16.9785 16.867950000000004 17.343850000000003 0.98887804737507146 78.00108712343075 17.403550000000006 17.110850000000003 16.929950000000002 0.2249516063308746 17.500000000000004 17.343850000000003 17.117000000000004 16.775850000000002
decision_type=2 2 2 2 2 2 2 2 2 2 2 2 2 2 2 2 2 2 2 2 2 2 2 2 2 2 2 2 2 2
left_child=1 2 3 4 5 6 11 8 -5 10 -10 12 20 17 15 18 -17 -13 19 -15 22 -22 23 24 -1 26 27 28 -26 -27
right_child=-2 -3 -4 7 -6 -7 -8 -9 9 -11 -12 13 -14 14 -16 16 -18 -19 -20 -21 21 -23 -24 -25 25 29 -28 -29 -30 -31
leaf_value=2.9329836082306229e-05 0.0082127436836685781 0.0020217161853352842 -0.00089221705510642707 0.0020899578286760275 -0.0055607487403228776 -0.00049035368636638854 0.0044345950468082634 0.010627141120590947 2.972176956272195e-05 0.020030135582673133 -0.0036134734888228154 -2.9590376362279778e-05 0.0023095058246509555 -0.0024708241806440474 -0.003689341369407934 -0.0017854320047176475 0.0028149193972793053 -0.0021596243296729983 0.0037879204806499597 0.0018003023779640625 -0.008366742983134284 0.0079063617789602372 -0.0017871957433206341 0.0027836969028826354 0.0018993157895178464 -0.00032001633057150377 -0.0041385542339156603 -0.0042560604522353272 -0.01026298502320583 0.0012108648670212563
leaf_weight=6008 1027 426 22 323 23 24 123 163 48 25 33 34 403 21 20 22 26 34 128 83 20 97 32 172 78 60 30 22 27 106
leaf_count=6008 1027 426 22 323 23 24 123 163 48 25 33 34 403 21 20 22 26 34 128 83 20 97 32 172 78 60 30 22 27 106
internal_value=0.00104348 0.000512453 0.000357744 0.000415394 0.000213881 0.000274769 0.000324411 0.003 0.00147319 -0.00332075 -0.00681481 0.000229557 0.000368533 -0.00243478 -0.0008 0.000285715 -0.00866667 -0.00964706 0.00213793 -0.00276923 0.000170776 0.00526496 7.95718e-05 0.000126711 1.39002e-05 -0.00289783 -0.00626752 -0.00270866 0.00114286 0.000289157
internal_weight=9660 8633 8207 8185 7593 7570 7546 592 429 106 81 7423 7055 368 300 280 48 68 232 104 6652 117 6535 6503 6331 323 157 127 105 166
internal_count=9660 8633 8207 8185 7593 7570 7546 592 429 106 81 7423 7055 368 300 280 48 68 232 104 6652 117 6535 6503 6331 323 157 127 105 166
is_linear=0
shrinkage=0.08


Tree=101
num_leaves=31
num_cat=0
split_feature=7 1 6 23 29 8 6 21 31 21 19 31 7 17 4 33 8 17 31 4 13 17 33 31 8 19 13 29 27 8
split_gain=3.61854 0.981611 0.980136 0.564146 1.19736 0.962001 0.830242 0.589398 0.826771 0.879699 0.98873 0.824574 0.886888 0.44871 0.912936 0.421882 0.867857 0.421491 0.51238 0.478974 0.419948 0.384004 0.375471 0.298847 0.311072 0.542481 0.289474 0.268736 0.692195 0.833333
threshold=17.749400000000005 18.500000000000004 0.27272974107015518 18.087200000000003 18.356750000000002 1.3740552445117997 0.55190453256635519 17.071750000000005 16.9785 17.230950000000004 17.325350000000004 17.273000000000003 17.045894166666667 17.071750000000005 4.5000000000000009 -0.12605000000000108 0.26111587645566259 17.079750000000004 16.929950000000002 26.500000000000004 16.750600000000002 16.852650000000001 7.9585000000000017 18.197700000000005 1.6221720995523956 17.887500000000003 17.955650000000002 17.110850000000003 17.273000000000003 0.23029984528646588
decision_type=2 2 2 2 2 2 2 2 2 2 2 2 2 2 2 2 2 2 2 2 2 2 2 2 2 2 2 2 2 2
left_child=3 23 -3 6 21 -6 7 11 9 17 -11 27 -13 20 -15 16 -16 18 19 -9 -10 -5 -8 24 -2 -26 -23 -1 -29 -30
right_child=1 2 -4 4 5 -7 22 8 13 10 -12 12 -14 14 15 -17 -18 -19 -20 -21 -22 26 -24 -25 25 -27 -28 28 29 -31
leaf_value=1.2242124937354363e-07 0.0049101681825862425 -0.015539804093593471 0.0010710161659046541 -0.0024485006306837883 -0.00078435413348664483 -0.00056140688391927921 0.0015272526108504772 -0.0024927787217493779 -0.0013957057222248035 -2.1736242525783391e-05 -0.0016762707905073606 -0.00029278149918646369 -0.0028562431950506341 -0.0023172957341605778 -0.00324202539837057 0.0035616825712808564 0.005728685613642817 0.0029964798996928439 0.0079703899415093423 0.00033953753889329316 0.0071351111906084097 0.0071139608876137185 -0.091021934724758224 0.020819850813783489 -7.0833972929088508e-05 0.0035069742653780623 -0.00010964328793977311 0.0030539812375759041 0.0067630818005946303 -0.0018296195714895269
leaf_weight=6217 765 21 43 33 27 28 879 36 39 33 23 39 34 21 40 126 30 57 24 35 326 44 20 321 21 32 32 254 20 40
leaf_count=6217 765 21 43 33 27 28 879 36 39 33 23 39 34 21 40 126 30 57 24 35 326 44 20 321 21 32 32 254 20 40
internal_value=0.0010352 0.00514048 -0.0045 0.000451224 -0.00419512 -0.0138182 0.000543109 0.000263998 0.00232911 -0.002 -0.0105714 1.69597e-05 -0.00843836 0.00387629 0.000995392 0.00269388 -0.00228571 0.0011579 -0.00210526 -0.00552113 0.00558904 0.000660551 0.00283871 0.00568218 0.00487042 -0.0010566 0.00378947 0.000111469 0.0023949 -0.00533333
internal_weight=9660 1203 64 8457 164 55 8293 7394 790 208 56 6604 73 582 217 196 70 152 95 71 365 109 899 1139 818 53 76 6531 314 60
internal_count=9660 1203 64 8457 164 55 8293 7394 790 208 56 6604 73 582 217 196 70 152 95 71 365 109 899 1139 818 53 76 6531 314 60
is_linear=0
shrinkage=0.08


Tree=102
num_leaves=31
num_cat=0
split_feature=5 7 7 6 7 5 29 29 39 33 6 21 25 4 8 33 1 6 19 1 31 33 19 25 19 21 15 27 31 19
split_gain=3.46378 1.79448 1.27809 0.951452 0.599924 0.69652 0.678783 0.674483 0.597594 0.477034 0.741288 0.741429 0.465996 0.514676 0.982591 0.596591 0.591122 0.592796 0.465231 0.412335 0.521379 0.393559 0.364824 0.702587 0.625834 0.601177 0.435796 0.444992 0.842062 0.36
threshold=17.911243333333335 17.222990833333338 17.91895833333334 1.3488920956860124 17.048420833333335 17.634876666666671 17.846600000000006 17.656400000000001 94.924958700788707 -3.0739500000000004 0.55190453256635519 19.274100000000001 17.079750000000004 19.500000000000004 0.67300804801402048 -0.44760000000000039 17.500000000000004 0.24124270199166753 16.900950000000005 18.500000000000004 17.783000000000005 4.5333999999999994 17.191450000000007 16.741850000000003 17.381450000000005 17.071750000000005 16.900950000000005 16.322600000000005 16.093650000000004 15.550500000000001
decision_type=2 2 2 2 2 2 2 2 2 2 2 2 2 2 2 2 2 2 2 2 2 2 2 2 2 2 2 2 2 2
left_child=2 3 4 -2 5 6 7 9 12 29 -11 21 22 15 -15 -14 18 -18 -17 -3 -21 -12 23 26 25 -24 27 28 -6 -1
right_child=1 19 -4 -5 8 -7 -8 -9 -10 10 11 -13 13 14 -16 16 17 -19 -20 20 -22 -23 24 -25 -26 -27 -28 -29 -30 -31
leaf_value=-0.060980460034642157 -0.0019753066627298892 0.0074362332290430844 -0.0040748489246250439 0.00012152345591634639 0.0027586051838331561 -0.0011271731187459751 0.0056911765104807575 -0.0013591030751807153 0.0099897111416825495 5.1467962408256794e-07 0.0022562294694127832 -0.00067618943964440053 0.0060529414318968994 0.0012115467095620788 -0.0020037279926105544 -0.0011575775724511487 -0.0076481343902499634 -0.0026346655437873819 0.0048853595693071862 0.0016394441316423696 -0.0088503687973498085 -0.043249613251460331 0.00022138586820846394 0.0032248515033173452 0.0020478499378944444 -0.0019080034115219774 -0.0073176528924510298 0.0043913558931247092 -0.00097778988939656287 5.6842169133681441e-05
leaf_weight=20 20 1139 35 21 21 33 91 22 149 6449 620 26 20 205 40 21 20 33 38 21 29 29 53 286 79 34 20 35 26 25
leaf_count=20 20 1139 35 21 21 33 91 22 149 6449 620 26 20 205 40 21 20 33 38 21 29 29 53 286 79 34 20 35 26 25
internal_value=0.000977226 0.00494309 0.000398577 -0.0115122 0.00046218 0.000202324 0.000254875 0.000167988 0.00222222 0.000210908 0.000262774 0.00278519 0.00146939 -0.000700265 0.00146939 -0.00472727 -0.007 -0.0131321 -0.00149153 0.00551051 -0.0016 0.00331587 0.00294585 0.00428866 -0.000192771 -0.00487356 -0.00141176 0.00117073 -0.00391489 -0.008
internal_weight=9660 1230 8430 41 8395 7315 7282 7191 1080 7169 7124 675 931 377 245 132 112 53 59 1189 50 649 554 388 166 87 102 82 47 45
internal_count=9660 1230 8430 41 8395 7315 7282 7191 1080 7169 7124 675 931 377 245 132 112 53 59 1189 50 649 554 388 166 87 102 82 47 45
is_linear=0
shrinkage=0.08


Tree=103
num_leaves=31
num_cat=0
split_feature=7 8 31 8 5 7 17 2 6 31 4 1 1 1 13 33 15 4 4 5 29 19 33 27 19 33 4 4 33 27
split_gain=3.45748 0.678236 0.622742 1.30347 0.550441 1.20044 1.09227 1.29925 0.635843 0.524179 0.322162 0.492807 2.81667 0.571667 0.349046 0.31877 0.666683 1.15415 0.845724 1.10172 1.05834 0.549274 0.434622 0.966907 0.38511 0.488495 0.315848 1.66903 0.827196 0.615078
threshold=17.642290833333337 1.6221720995523956 18.120150000000006 1.6795587907055991 17.634876666666671 17.222990833333338 18.825550000000003 1.5000000000000002 0.55190453256635519 17.532950000000003 19.500000000000004 4.5000000000000009 3.5000000000000004 18.500000000000004 17.207200000000004 -0.19340000000000043 17.501900000000003 29.500000000000004 30.500000000000004 16.259070000000005 16.964700000000004 14.510650000000002 0.41205000000000075 17.501900000000003 17.955650000000002 0.48395000000000016 46.500000000000007 44.500000000000007 0.62049999999999905 14.000100000000002
decision_type=2 2 2 2 2 2 2 2 2 2 2 2 2 2 2 2 2 2 2 2 2 2 2 2 2 2 2 2 2 2
left_child=4 10 3 -3 8 6 7 -6 9 26 11 12 -2 -13 -12 16 18 -18 19 21 -21 -10 -17 24 25 -24 27 -1 29 -28
right_child=1 2 -4 -5 5 -7 -8 -9 15 -11 14 13 -14 -15 -16 22 17 -19 -20 20 -22 -23 23 -25 -26 -27 28 -29 -30 -31
leaf_value=2.5167122510018777e-05 0.0080743977975817182 -0.004206459694170969 0.027830315278366324 0.0018603139102173572 -0.0001749107200996064 0.0016446278996039294 0.0013211324785098644 -0.0016690364931886436 -0.011206481883663008 0.0043443020716890067 -0.0005952431485851576 0.0068171303379807495 -0.036503611741611611 -0.013874209098421216 0.0069520422653062044 0.0041515376999535589 0.024046913155627569 -0.0038687650922661246 0.0059381523741540345 -0.0081566155315009915 0.0017861950788412304 0.0062465388200550536 -0.016122876333670981 -0.03795496601983829 -0.0025176952943893722 0.0036802005749834773 -0.0017286144185859251 0.0088888939474419323 -0.0011775041488780022 -4.8030974418860446e-05
leaf_weight=5409 60 37 38 55 26 42 28 28 26 74 20 280 20 20 744 358 37 36 121 22 21 80 20 20 20 149 64 238 34 1533
leaf_count=5409 60 37 38 55 26 42 28 28 26 74 20 280 20 20 744 358 37 36 121 22 21 80 20 20 20 149 64 238 34 1533
internal_value=0.000977226 0.00486028 -0.000615384 -0.00417391 0.000387312 -0.00490323 -0.0105366 -0.0171852 0.000466715 0.000219804 0.00548252 0.00357895 -0.002 0.00506667 0.00642932 0.00246154 0.000536443 -0.00624657 0.00237037 -0.00166443 -0.0124651 0.00271698 0.0036261 0.000727273 0.00249735 0.00373965 0.00015169 0.000434921 -0.000828939 -0.000566061
internal_weight=9660 1274 130 92 8386 124 82 54 8262 7352 1144 380 80 300 764 910 343 73 270 149 43 106 567 209 189 169 7278 5647 1631 1597
internal_count=9660 1274 130 92 8386 124 82 54 8262 7352 1144 380 80 300 764 910 343 73 270 149 43 106 567 209 189 169 7278 5647 1631 1597
is_linear=0
shrinkage=0.08


Tree=104
num_leaves=31
num_cat=0
split_feature=13 15 17 19 21 7 39 6 31 29 5 7 33 23 2 31 1 7 2 15 33 39 8 4 2 4 4 21 21 19
split_gain=2.3558 0.942557 0.83091 1.32784 0.789105 0.663102 0.642451 0.600214 0.836735 0.637939 0.516923 0.507013 0.620078 0.57447 0.490593 0.483737 0.474647 1.30059 0.63903 0.421948 0.404675 0.396905 0.693969 0.877079 1.05446 0.482951 0.564331 0.312126 0.622071 0.310978
threshold=17.325350000000004 18.410200000000007 18.825550000000003 18.275250000000003 19.274100000000001 17.91895833333334 98.954322463543676 0.40372952699674519 17.955650000000002 17.363700000000005 18.121896666666668 18.079632500000006 -0.58400000000000041 17.993150000000004 1.5000000000000002 17.532950000000003 18.500000000000004 17.91895833333334 2.5000000000000004 16.045950000000005 7.9585000000000017 91.486677044661903 0.63810059983439527 30.500000000000004 2.5000000000000004 51.500000000000007 54.500000000000007 16.824400000000001 16.741850000000003 18.449000000000002
decision_type=2 2 2 2 2 2 2 2 2 2 2 2 2 2 2 2 2 2 2 2 2 2 2 2 2 2 2 2 2 2
left_child=5 4 3 10 6 7 16 15 20 -10 11 12 -3 -13 -11 -1 27 18 -18 -16 21 22 23 24 -9 -24 -27 28 -2 -29
right_child=1 2 -4 -5 -6 -7 -8 8 9 14 -12 13 -14 -15 19 -17 17 -19 -20 -21 -22 -23 25 -25 -26 26 -28 29 -30 -31
leaf_value=1.7553001554626077e-06 0.0036985770547062007 -0.016995767965234523 0.0044774470326840281 -0.0029180569678727577 -0.00055628491242332189 -0.0041994918730389593 0.016509359032324224 -0.00068592663677595369 0.0030235374167013008 3.6693149256069177e-05 0.0060502517314860007 -0.001097288705898895 0.0096119738547847076 0.0017825672046545269 -0.00093391474015448077 0.0088745308038128967 -0.0013649049634112962 -0.012478653551552327 0.0022564815707170577 -0.00093210081661564831 -0.077576894843529656 0.0067484595303184507 0.0017156298134484245 0.013341916697478527 -0.13604301945298222 -0.0024783799342988958 0.0038588205622272875 0.0053672864266910382 -0.0025486901349988638 0.00021109880899171271
leaf_weight=6910 36 23 83 21 21 28 318 50 43 37 32 39 51 37 22 49 29 21 155 28 20 233 385 30 24 23 24 765 26 97
leaf_count=6910 36 23 83 21 21 28 318 50 43 37 32 39 51 37 22 49 29 21 155 28 20 233 385 30 24 23 24 765 26 97
internal_value=0.000877847 0.00353022 -0.000671328 -0.00342857 0.00434877 0.000289401 0.00457222 0.00033308 0.00225462 -0.00369231 -0.00123077 -0.0032 0.00151351 -0.00778947 -0.00763218 7.9322e-05 0.00367759 0.000195122 0.00234783 -0.0128 0.00323447 0.00352666 0.00232836 -0.00353846 -0.00821622 0.00374074 -0.00391489 0.00445022 -0.00103226 0.00484455
internal_weight=9660 1754 286 203 1468 7906 1447 7878 919 130 182 150 74 76 87 6959 1129 205 184 50 789 769 536 104 74 432 47 924 62 862
internal_count=9660 1754 286 203 1468 7906 1447 7878 919 130 182 150 74 76 87 6959 1129 205 184 50 789 769 536 104 74 432 47 924 62 862
is_linear=0
shrinkage=0.08


Tree=105
num_leaves=31
num_cat=0
split_feature=23 7 7 5 17 39 6 31 8 6 6 7 7 15 1 19 29 31 21 23 13 21 23 13 33 13 1 21 13 19
split_gain=2.78568 1.18252 0.599729 1.76458 0.917112 0.573481 0.45323 0.500267 0.451009 0.767287 0.585838 0.617301 0.774482 1.09941 0.807674 0.865605 0.448773 0.44299 0.561504 0.589464 0.53972 0.388431 0.355278 1.11273 1.39683 1.0032 0.661802 0.62213 0.507967 1.0436
threshold=17.532950000000003 17.953845833333336 17.198359166666673 17.634876666666671 18.825550000000003 98.743610121024417 0.42851600854263022 17.532950000000003 0.23029984528646588 0.27441155743386619 0.20768376499348987 18.074944166666672 18.087015833333336 18.449000000000002 5.5000000000000009 18.120150000000006 18.410200000000007 19.533250000000006 17.619150000000001 17.363700000000005 16.824400000000001 19.274100000000001 17.403550000000006 17.189100000000007 -0.26560000000000089 17.230950000000004 15.500000000000002 16.867950000000004 17.056050000000003 17.307350000000003
decision_type=2 2 2 2 2 2 2 2 2 2 2 2 2 2 2 2 2 2 2 2 2 2 2 2 2 2 2 2 2 2
left_child=1 6 3 -2 -5 8 7 22 -4 10 -10 -12 14 16 -13 -16 -14 18 19 -8 -20 -22 25 -24 26 28 -25 -27 -1 -30
right_child=2 -3 5 4 -6 -7 17 -9 9 -11 11 12 13 -15 15 -17 -18 -19 20 -21 21 -23 23 24 -26 27 -28 -29 29 -31
leaf_value=1.8228461021177724e-05 0.0014259020827904866 -0.0040779372438411792 0.0062640664618953679 -0.0023881229199332167 0.00038729134046914068 0.011629209889245158 0.0025844598019192401 0.0042641444661898282 0.0024309353296758022 0.0048732218931353223 0.0062350511852724468 -0.029125561050243595 0.0055202483485535751 -0.0027529126246470565 0.0034163672894029135 -0.0049472999519856444 -0.0031396907110870097 -0.00044490134505335719 -0.0023327365165898527 -0.049676389468483698 0.0082908750396642888 -0.00058694724638822177 0.0057547461043905056 0.0064492712338355788 -0.0048555576807213308 -0.0010100442285326595 -0.00125670045436756 0.0044474752792701818 -2.2981415912691663e-05 -0.0025126122690551055
leaf_weight=6470 160 21 209 34 22 381 787 70 76 212 72 26 103 20 64 37 23 39 32 30 37 20 37 42 28 37 34 256 224 57
leaf_count=6470 160 21 209 34 22 381 787 70 76 212 72 26 103 20 64 37 23 39 32 30 37 20 37 42 28 37 34 256 224 57
internal_value=0.000861284 0.000292909 0.00410841 0.000222223 -0.012 0.00479477 0.000341464 0.000126809 0.00362945 0.00256556 0.000589074 -0.000811594 -0.00254945 0.00142466 -0.00711811 -0.00388119 0.00419048 0.00198942 0.00234879 0.00300612 -0.00368539 0.000982456 6.1239e-05 -0.00391489 -0.00815385 0.000140829 -0.00252632 0.00472355 -5.80652e-05 -0.0033879
internal_weight=9660 8221 1439 216 56 1223 8200 7255 842 633 421 345 273 146 127 101 126 945 906 817 89 57 7185 141 104 7044 76 293 6751 281
internal_count=9660 8221 1439 216 56 1223 8200 7255 842 633 421 345 273 146 127 101 126 945 906 817 89 57 7185 141 104 7044 76 293 6751 281
is_linear=0
shrinkage=0.08


Tree=106
num_leaves=31
num_cat=0
split_feature=23 7 15 21 17 33 39 6 31 29 4 13 1 4 4 21 15 33 4 6 8 15 4 5 23 19 29 33 6 2
split_gain=2.70364 0.753826 0.62634 0.739824 0.657178 0.900484 0.446703 0.646792 0.528648 0.435885 0.724638 0.414079 0.368203 0.916431 0.57152 0.362984 0.804905 0.337389 1.12517 0.741046 1.07409 0.76497 0.668825 0.602548 0.917309 0.732251 0.966519 0.550478 0.788913 1.31361
threshold=17.576750000000004 17.953845833333336 18.410200000000007 20.055950000000003 18.731750000000002 -0.48870000000000141 110.84529575396795 0.55190453256635519 19.533250000000006 18.042600000000004 22.500000000000004 17.911800000000003 18.500000000000004 8.5000000000000018 45.500000000000007 17.619150000000001 16.824400000000001 0.20690000000000011 53.500000000000007 0.2138275227286236 0.19306714410363984 17.265850000000004 55.500000000000007 17.031573333333338 14.593050000000002 15.490150000000002 16.455400000000004 0.14759999999999887 0.20687163398061767 2.5000000000000004
decision_type=2 2 2 2 2 2 2 2 2 2 2 2 2 2 2 2 2 2 2 2 2 2 2 2 2 2 2 2 2 2
left_child=1 6 3 12 5 -4 7 17 15 -7 -11 -12 -2 -14 -15 -9 -17 27 19 21 -21 -19 23 24 -20 -26 -27 -1 -29 -30
right_child=2 -3 4 -5 -6 9 -8 8 -10 10 11 -13 13 14 -16 16 -18 18 22 20 -22 -23 -24 -25 25 26 -28 28 29 -31
leaf_value=9.4218599734788454e-06 0.0054653706529947501 -0.0037517022643339453 -0.0031682559251406525 -0.0020831764709030019 0.0048334010612250018 0.0043537523754321643 -0.00082476858109854616 0.0024091649524710401 -0.00048873183024106389 -0.0035719563797483845 -0.0004653698238265322 0.0070580917396937774 -0.013655146447688917 0.0032403663603701076 -0.0010196333967582589 -0.0017334768291804199 0.0074343053377606385 0.0022720195994794874 0.0004221025780326809 -0.001651069810495745 0.00019908450509051049 -0.001441983859116078 0.00062993484372643352 0.0015604838602111732 -0.0055023598576311832 -0.00058062727674580759 -0.0045441849897460123 6.5135613973229671e-05 -0.0024983273952680308 5.4536700074671872e-05
leaf_weight=4955 1032 21 22 23 70 79 33 710 38 23 21 25 22 84 20 32 46 789 34 38 854 20 58 22 20 38 23 239 144 125
leaf_count=4955 1032 21 22 23 70 79 33 710 38 23 21 25 22 84 20 32 46 789 34 38 854 20 58 22 20 38 23 239 144 125
internal_value=0.000836439 0.000280617 0.00405911 0.00481626 0.000333334 -0.00235294 0.000319299 0.00035675 0.00247942 -0.000108108 -0.00475362 0.00104348 0.00509845 0.00101587 0.00415385 0.00292386 -0.00225641 0.000118495 0.00103797 0.00169783 0.000107624 0.00345117 -0.00471795 -0.00776642 -0.010087 -0.014716 -0.0103607 -0.000200622 -0.00270866 -0.0056803
internal_weight=9660 8239 1421 1181 240 170 8218 8185 826 148 69 46 1158 126 104 788 78 7359 1896 1701 892 809 195 137 115 81 61 5463 508 269
internal_count=9660 8239 1421 1181 240 170 8218 8185 826 148 69 46 1158 126 104 788 78 7359 1896 1701 892 809 195 137 115 81 61 5463 508 269
is_linear=0
shrinkage=0.08


Tree=107
num_leaves=31
num_cat=0
split_feature=7 13 33 19 31 8 33 21 6 4 29 23 15 5 6 8 5 27 6 23 15 39 1 8 19 2 21 5 31 31
split_gain=2.53492 1.00749 0.830641 0.622051 0.99062 1.00202 0.57237 0.537668 0.483681 0.862072 0.408225 0.376675 0.372402 0.52828 0.369422 0.907048 1.51794 0.350083 0.703943 0.370117 0.56828 0.325225 0.310835 0.642714 0.768498 0.63881 1.08844 0.62476 0.612688 1.55769
threshold=17.556717500000001 17.149950000000004 -1.0000000180025095e-35 18.517300000000002 16.964700000000004 1.437646543541456 -0.64520000000000077 18.197700000000005 0.98887804737507146 20.500000000000004 17.172400000000007 13.818850000000003 18.410200000000007 18.064196666666668 1.1051669709546303 1.2322522648951775 16.216796666666671 19.011950000000002 2.4447367355058018 14.750550000000002 14.543600000000001 97.399673206092061 21.500000000000004 0.23123526847977824 17.071750000000005 4.5000000000000009 15.523850000000001 17.366530000000008 17.265850000000004 17.501900000000003
decision_type=2 2 2 2 2 2 2 2 2 2 2 2 2 2 2 2 2 2 2 2 2 2 2 2 2 2 2 2 2 2
left_child=3 2 -2 8 6 -6 -5 12 11 -10 -4 -1 -3 -14 -11 16 -16 19 -19 20 -17 -15 27 24 -24 -25 -27 -13 -29 -30
right_child=1 7 10 4 5 -7 -8 -9 9 14 -12 22 13 21 15 17 -18 18 -20 -21 -22 -23 23 25 -26 26 -28 28 29 -31
leaf_value=-0.001454619992318391 -0.0022978192789512163 0.0026824490020748212 0.0038143365298815247 -0.00022415207421986702 -0.0019424939095213259 0.00083343457227700202 0.0034493228168895411 0.012635687581447428 0.010921472120852717 0.014805947546790271 -0.0015783364062767822 1.9809668670160023e-05 -0.0020253853066817288 -0.0029370343236097781 0.0017028827322303176 0.0011655818441700572 -0.010453194903259475 0.0066690396259204299 -0.033724702585549035 0.0028730898473240487 -0.00073503968547198109 0.0035612487307879926 -0.0037424873176253107 0.0026530145083487377 0.008617712785075211 -0.0065917139209436884 0.010574539720527229 0.0048703863738754705 -0.0039377014999650104 0.0020957884497920984
leaf_weight=28 27 753 41 23 31 20 44 340 180 38 35 7025 26 41 36 45 38 23 20 177 38 81 47 342 20 32 36 21 26 26
leaf_count=28 27 753 41 23 31 20 44 340 180 38 35 7025 26 41 36 45 38 23 20 177 38 81 47 342 20 32 36 21 26 26
internal_value=0.000728779 0.00395238 -0.00365049 0.000207793 -0.00555932 -0.0139608 0.000835821 0.0045834 0.000290803 0.0024874 0.000631579 0.000118901 0.00356049 -0.000108108 0.000481928 -0.000275862 -0.00821622 0.00166337 -0.00502326 0.00276923 -0.00163855 0.00209836 0.000153136 0.00212998 -0.00513433 0.00331707 -0.00376471 2.02877e-05 -0.00734247 -0.012
internal_weight=9660 1344 103 8316 118 51 67 1241 8198 595 76 7603 901 148 415 377 74 303 43 260 83 122 7575 477 67 410 68 7098 73 52
internal_count=9660 1344 103 8316 118 51 67 1241 8198 595 76 7603 901 148 415 377 74 303 43 260 83 122 7575 477 67 410 68 7098 73 52
is_linear=0
shrinkage=0.08


Tree=108
num_leaves=31
num_cat=0
split_feature=23 15 7 19 4 17 8 8 21 1 17 8 8 4 6 19 27 1 7 8 8 25 31 33 4 31 8 4 19 4
split_gain=2.35897 0.887839 0.752147 0.628892 0.743176 0.587778 0.758419 0.585366 0.652497 0.446325 0.552926 0.612728 0.484642 0.433775 0.429654 0.790021 0.445484 0.483541 0.414815 0.394468 0.596686 0.75694 0.828427 0.762104 0.415361 0.393193 0.341614 0.57731 0.634428 0.343704
threshold=17.532950000000003 18.410200000000007 17.953845833333336 18.449000000000002 10.500000000000002 18.356750000000002 1.3341716577832046 1.1357085163796257 18.410200000000007 21.500000000000004 17.133600000000005 0.22010635616849264 2.7065355653279477 22.500000000000004 0.93886982703169042 13.950650000000001 17.693600000000004 10.500000000000002 17.276123333333334 1.5476236408825896 0.50334151308427566 14.344400000000002 16.403200000000002 -1.0000000180025095e-35 25.500000000000004 14.851500000000001 1.7653954276964994 20.500000000000004 16.900950000000005 10.500000000000002
decision_type=2 2 2 2 2 2 2 2 2 2 2 2 2 2 2 2 2 2 2 2 2 2 2 2 2 2 2 2 2 2
left_child=2 3 9 -2 -5 6 13 -6 -9 14 11 -11 19 -3 26 -16 -17 -18 -7 20 -13 -22 23 24 -23 -25 -1 29 -29 -28
right_child=1 5 -4 4 7 18 -8 8 -10 10 -12 12 -14 -15 15 16 17 -19 -20 -21 21 22 -24 25 -26 -27 27 28 -30 -31
leaf_value=8.9672964962944055e-06 0.0042938231974543658 -0.0038988705202277697 -0.0033252991706851018 -0.010345435235769829 0.0045094070083980453 -0.00013751385420468449 -0.00041314545148961616 -0.0036336085482181896 1.712657942311384e-05 -0.0037009756213585328 0.0082748236734169495 0.0012034882564458053 -0.001168505393751312 0.0042590864713426121 -0.071374146696826068 0.003561974902978634 0.004487217915379314 -0.03765759553184142 0.0059714894204148097 0.0064980312216048174 0.0031963070784385423 0.0044097952924890289 0.0055847535920389825 -0.061953486470516454 -0.012483803616336435 -0.28137752122313631 -0.00038376560154074007 -0.00031205353292598504 -0.0037185335674236337 0.0054303461742090898
leaf_weight=7022 1054 39 21 22 82 27 22 20 21 32 117 118 23 89 32 338 27 32 63 150 50 35 25 24 27 23 25 48 23 29
leaf_count=7022 1054 39 21 22 82 27 22 20 21 32 117 118 23 89 32 338 27 32 63 150 50 35 25 24 27 23 25 48 23 29
internal_value=0.00078675 0.00377484 0.000263715 0.00466389 -0.000275862 -0.000666666 -0.00373333 0.00214634 -0.00565854 0.000302439 0.00235897 0.00121499 0.00193684 -0.001375 0.000133052 0.00259207 0.00356675 -0.00284746 0.00444444 0.00251327 0.000847682 -0.002 -0.00513433 -0.00814679 -0.00232258 -0.0158298 -1.45513e-05 -0.00416 -0.00890141 0.00207407
internal_weight=9660 1439 8221 1199 145 240 150 123 41 8200 624 507 475 128 7576 429 397 59 90 452 302 184 134 109 62 47 7147 125 71 54
internal_count=9660 1439 8221 1199 145 240 150 123 41 8200 624 507 475 128 7576 429 397 59 90 452 302 184 134 109 62 47 7147 125 71 54
is_linear=0
shrinkage=0.08


end of trees

feature_importances:
rolling_mean_60min=248
minute_of_hour=243
rolling_std_15min=240
hour_of_day=235
lag_5=230
rolling_std_60min=218
lag_10=213
cpu_memory_ratio=205
cpu_rate_of_change=173
lag_9=158
lag_4=152
lag_2=146
lag_1=137
lag_8=134
rolling_mean_15min=126
lag_3=121
lag_6=112
lag_7=100
day_of_week=79

parameters:
[boosting: gbdt]
[objective: quantile]
[metric: quantile]
[tree_learner: serial]
[device_type: cpu]
[data_sample_strategy: bagging]
[data: ]
[valid: ]
[num_iterations: 300]
[learning_rate: 0.08]
[num_leaves: 31]
[num_threads: 0]
[seed: 0]
[deterministic: 0]
[force_col_wise: 0]
[force_row_wise: 0]
[histogram_pool_size: -1]
[max_depth: -1]
[min_data_in_leaf: 20]
[min_sum_hessian_in_leaf: 0.001]
[bagging_fraction: 1]
[pos_bagging_fraction: 1]
[neg_bagging_fraction: 1]
[bagging_freq: 0]
[bagging_seed: 3]
[bagging_by_query: 0]
[feature_fraction: 1]
[feature_fraction_bynode: 1]
[feature_fraction_seed: 2]
[extra_trees: 0]
[extra_seed: 6]
[early_stopping_round: 0]
[early_stopping_min_delta: 0]
[first_metric_only: 0]
[max_delta_step: 0]
[lambda_l1: 0]
[lambda_l2: 0]
[linear_lambda: 0]
[min_gain_to_split: 0]
[drop_rate: 0.1]
[max_drop: 50]
[skip_drop: 0.5]
[xgboost_dart_mode: 0]
[uniform_drop: 0]
[drop_seed: 4]
[top_rate: 0.2]
[other_rate: 0.1]
[min_data_per_group: 100]
[max_cat_threshold: 32]
[cat_l2: 10]
[cat_smooth: 10]
[max_cat_to_onehot: 4]
[top_k: 20]
[monotone_constraints: ]
[monotone_constraints_method: basic]
[monotone_penalty: 0]
[feature_contri: ]
[forcedsplits_filename: ]
[refit_decay_rate: 0.9]
[cegb_tradeoff: 1]
[cegb_penalty_split: 0]
[cegb_penalty_feature_lazy: ]
[cegb_penalty_feature_coupled: ]
[path_smooth: 0]
[interaction_constraints: ]
[verbosity: -1]
[saved_feature_importance_type: 0]
[use_quantized_grad: 0]
[num_grad_quant_bins: 4]
[quant_train_renew_leaf: 0]
[stochastic_rounding: 1]
[linear_tree: 0]
[max_bin: 255]
[max_bin_by_feature: ]
[min_data_in_bin: 3]
[bin_construct_sample_cnt: 200000]
[data_random_seed: 1]
[is_enable_sparse: 1]
[enable_bundle: 1]
[use_missing: 1]
[zero_as_missing: 0]
[feature_pre_filter: 1]
[pre_partition: 0]
[two_round: 0]
[header: 0]
[label_column: ]
[weight_column: ]
[group_column: ]
[ignore_column: ]
[categorical_feature: ]
[forcedbins_filename: ]
[precise_float_parser: 0]
[parser_config_file: ]
[objective_seed: 5]
[num_class: 1]
[is_unbalance: 0]
[scale_pos_weight: 1]
[sigmoid: 1]
[boost_from_average: 1]
[reg_sqrt: 0]
[alpha: 0.1]
[fair_c: 1]
[poisson_max_delta_step: 0.7]
[tweedie_variance_power: 1.5]
[lambdarank_truncation_level: 30]
[lambdarank_norm: 1]
[label_gain: ]
[lambdarank_position_bias_regularization: 0]
[eval_at: ]
[multi_error_top_k: 1]
[auc_mu_weights: ]
[num_machines: 1]
[local_listen_port: 12400]
[time_out: 120]
[machine_list_filename: ]
[machines: ]
[gpu_platform_id: -1]
[gpu_device_id: -1]
[gpu_device_id_list: ]
[gpu_use_dp: 0]
[num_gpu: 1]

end of parameters

pandas_categorical:[]
