tree
version=v4
num_class=1
num_tree_per_iteration=1
label_index=0
max_feature_idx=39
objective=quantile
feature_names=memory_usage hour_of_day day_of_week is_weekend minute_of_hour rolling_mean_15min rolling_std_15min rolling_mean_60min rolling_std_60min cpu_rolling_mean_15 cpu_rolling_std_15 cpu_rolling_mean_60 cpu_rolling_std_60 lag_1 cpu_lag_1 lag_2 cpu_lag_2 lag_3 cpu_lag_3 lag_4 cpu_lag_4 lag_5 cpu_lag_5 lag_6 cpu_lag_6 lag_7 cpu_lag_7 lag_8 cpu_lag_8 lag_9 cpu_lag_9 lag_10 cpu_lag_10 cpu_rate_of_change mem_rolling_mean_15min mem_rolling_std_15min mem_rolling_mean_60min mem_rolling_std_60min memory_rate_of_change cpu_memory_ratio
feature_infos=none [0:23] [0:6] [0:1] [0:59] [12.713253333333332:20.64556] [0.11936804829063676:5.1160506000606745] [13.838043333333333:19.012756666666668] [0.15992769668406179:3.9627939168457789] [12.713253333333332:20.64556] [0.11936804829063676:5.1160506000606745] [13.838043333333333:19.012756666666668] [0.15992769668406179:3.9627939168457789] [5.5949999999999998:25.998100000000001] [5.5949999999999998:25.998100000000001] [5.5949999999999998:25.998100000000001] [5.5949999999999998:25.998100000000001] [5.5949999999999998:25.998100000000001] [5.5949999999999998:25.998100000000001] [5.5949999999999998:25.998100000000001] [5.5949999999999998:25.998100000000001] [5.5949999999999998:25.998100000000001] [5.5949999999999998:25.998100000000001] [5.5949999999999998:25.998100000000001] [5.5949999999999998:25.998100000000001] [5.5949999999999998:25.998100000000001] [5.5949999999999998:25.998100000000001] [5.5949999999999998:25.998100000000001] [5.5949999999999998:25.998100000000001] [5.5949999999999998:25.998100000000001] [5.5949999999999998:25.998100000000001] [5.5949999999999998:25.998100000000001] [5.5949999999999998:25.998100000000001] [-9.5115000000000016:16.128799999999998] none none none none none [30.424143390842065:141.37085295611283]
tree_sizes=2606 2796 2794 2786 2810 2805 2814 2803 2813 2808 2795 2808 2829 2841 2826 2836 2846 2836 2851 2857 2855 2870 2854 2861 2838 2851 2817 2871 2826 2850 2841 2839 2842 2857 2867 2851 2843 2835 2832 2854 2835 2849 2860 2852 2863 2873 2866 2818 2853 2851 2874 2851 2812 2895 2807 2811 2861 2862 2846 2797 2849 2871 2826 2840 2847 2818 2814 2860 2831 2820 2854 2831 2857 2833 2835 2834 2838 2830 2830 2829 2890 2865 2826 2842 2825 2850 2817 2838 2827 2834 2844 2795 2835 2866 2803 2838 2847 2863 2856 2794 2804 2842 2867 2841 2853 2844 2823 2834 2846 2824 2864 2825 2799 2838 2815 2843 2846 2802 2831 2839 2835 2818 2840 2780 2831 2836 2826 2866 2837 2809 2830 2846 2818 2815 2870 2846 2828 2829 2814 2847 2838 2837 2814 2821 2875 2824 2842 2832 2842 2875 2821 2860 2837 2859 2822 2830 2869 2844 2828 2791 2812 2822 2836 2842 2820 2808 2830 2812 2792 2828 2857 2806 2829 2840 2852 2805 2858 2874 2819 2830 2806 2849 2850 2883 2828 2819 2801 2865 2820 2799 2799 2854 2806 2838 2822 2877 2884 2825 2897 2826 2773 2832 2859 2824 2853 2850 2845 2841 2786 2847 2808 2814 2800 2808 2839 2839 2803 2858 2832 2855 2865 2884 2826 2833 2840 2807 2826 2867 2861 2871 2818 2847 2845 2880 2879 2837 2825 2836 2807 2853 2855 2850 2853 2844 2862 2856 2837 2836 2819 2862 2861 2867 2852 2877 2855 2881 2869 2856 2852 2844 2874 2847 2848 2829 2827 2827 2817 2844 2857 2857 2843 2845 2876 2836 2843 2845 2840 2871 2825 2830 2868 2835 2857 2873 2890 2868 2872 2836 2869 2844 2810 2825 2830 2853 2871 2828 2841

Tree=0
num_leaves=31
num_cat=0
split_feature=39 31 31 4 1 4 8 21 7 13 39 39 7 27 5 6 17 21 2 8 1 4 8 19 4 39 4 4 4 1
split_gain=1853.79 55.3022 28.3782 14.5161 10.6175 12.764 10.3675 7.6102 5.28938 4.94365 4.44832 4.17157 4.08918 3.67185 3.17323 2.89063 2.67044 2.60825 2.43201 4.01905 2.32721 3.22788 4.78576 2.0837 2.51298 2.31259 1.86837 3.46599 2.56733 1.79802
threshold=86.197117530195129 15.736050000000002 15.621500000000003 26.500000000000004 22.500000000000004 20.500000000000004 1.8732654209796946 15.763450000000002 16.245385000000002 15.662100000000001 84.366503075766715 85.367862504796832 15.3993175 16.852650000000001 15.124386666666668 0.24646578683215883 16.191350000000003 15.896950000000002 4.5000000000000009 1.0368215307608737 20.500000000000004 49.500000000000007 1.7243483700346605 15.699150000000001 14.500000000000002 85.138389966621062 24.500000000000004 44.500000000000007 49.500000000000007 5.5000000000000009
decision_type=2 2 2 2 2 2 2 2 2 2 2 2 2 2 2 2 2 2 2 2 2 2 2 2 2 2 2 2 2 2
left_child=2 3 4 9 10 -6 7 23 -5 -2 13 16 -3 -1 -7 -13 -9 -14 20 -20 -19 -22 -23 25 -25 -4 -26 -28 -29 -12
right_child=1 12 6 8 5 14 -8 11 -10 -11 29 15 17 -15 -16 -17 -18 18 19 -21 21 22 -24 24 26 -27 27 28 -30 -31
leaf_value=15.667051696777344 15.75763168334961 15.765467681884765 15.742107696533203 15.730427703857423 15.678899688720703 15.821591644287109 15.808163757324218 15.74790771484375 15.855275726318359 15.81131576538086 15.745107727050781 15.767779693603515 15.778211669921875 15.731887702941895 15.677519683837891 15.753787689208984 15.76485969543457 15.864859771728515 15.780067749023438 15.742107696533203 15.858315734863281 15.750867691040039 15.879563751220703 15.745027694702149 15.764007682800292 15.750619735717773 15.742347717285156 15.765467681884765 15.745107727050781 15.745107727050781
leaf_weight=3637 50 22 264 91 55 38 34 92 21 67 69 42 98 20 20 20 36 3818 38 21 383 35 37 40 26 103 39 21 25 398
leaf_count=3637 50 22 264 91 55 38 34 92 21 67 69 42 98 20 20 20 36 3818 38 21 383 35 37 40 26 103 39 21 25 398
internal_value=15.7588 15.795 15.7248 15.7566 15.7223 15.7465 15.7393 15.7372 15.736 15.7763 15.7217 15.7509 15.7969 15.7207 15.7727 15.7679 15.7426 15.7971 15.7974 15.7813 15.7976 15.7922 15.7767 15.7322 15.7401 15.7289 15.7463 15.7405 15.7554 15.729
internal_weight=9660 4681 4979 229 4237 113 742 708 112 117 4124 190 4452 3657 58 62 128 4430 4332 59 4273 455 72 518 151 367 111 85 46 467
internal_count=9660 4681 4979 229 4237 113 742 708 112 117 4124 190 4452 3657 58 62 128 4430 4332 59 4273 455 72 518 151 367 111 85 46 467
is_linear=0
shrinkage=1


Tree=1
num_leaves=31
num_cat=0
split_feature=39 31 31 4 1 4 39 31 27 21 13 27 5 17 39 13 2 21 17 33 19 4 4 39 23 1 4 8 4 4
split_gain=1797.35 54.7225 34.926 11.4709 10.3577 12.2061 10.294 7.13683 6.09909 5.39092 5.06409 3.9079 3.72622 4.25 3.70558 3.66649 3.8443 3.42388 3.16667 2.74678 2.71453 3.05327 4.62352 2.85533 2.56851 2.42519 2.40117 4.69376 2.17553 5.51303
threshold=86.197117530195129 15.935150000000002 15.550500000000001 26.500000000000004 22.500000000000004 20.500000000000004 75.143283985082761 15.662100000000001 16.093650000000004 15.798950000000003 15.550500000000001 17.071750000000005 15.703710000000003 15.408500000000002 84.559542770203691 15.935150000000002 4.5000000000000009 15.851650000000001 14.867400000000002 -0.48299999999999871 15.699150000000001 44.500000000000007 46.500000000000007 85.331429661058039 15.515000000000002 20.500000000000004 49.500000000000007 1.7243483700346605 27.500000000000004 14.500000000000002
decision_type=2 2 2 2 2 2 2 2 2 2 2 2 2 2 2 2 2 2 2 2 2 2 2 2 2 2 2 2 2 2
left_child=2 3 4 10 11 -6 -4 8 -5 20 -2 14 13 -11 -1 -3 25 -9 -7 -14 23 28 -23 -8 -25 -17 -27 -28 29 -22
right_child=1 15 6 7 5 18 9 17 -10 12 -12 -13 19 -15 -16 16 -18 -19 -20 -21 21 22 -24 24 -26 26 27 -29 -30 -31
leaf_value=-0.084500152587890662 -0.00083280181884767043 0.017767022705078121 0.093527044677734428 -0.034954220581054754 -0.073599999999999999 0.066132638549804737 -0.014724151611328154 -0.0072142379760742874 0.040639817810058577 -0.0047030395507812271 0.036994604492187479 -0.010779837036132847 0.0061612854003906398 0.013849612426757859 -0.012688604736328131 0.10005117797851569 0.012291349792480446 0.013595184326171933 -0.059697561645507879 -0.015912634277343757 -0.012682202148437512 0.014802548217773506 -0.0099285949707031314 -0.0015296051025390511 -0.0076175567626953012 0.091462762451171922 -0.0015494415283203011 0.12711491088867191 -0.012467803955078125 0.002351370239257875
leaf_weight=3624 50 155 38 75 53 32 426 24 26 34 105 22 22 34 234 3736 24 38 25 87 51 21 45 52 71 377 35 36 61 47
leaf_count=3624 50 155 38 75 53 32 426 24 26 34 105 22 22 34 234 3736 24 38 25 87 51 21 45 52 71 377 35 36 61 47
internal_value=0.000223602 0.0358129 -0.0332356 0.00377358 -0.0365714 -0.0123636 -0.0197776 -0.0110429 -0.0241584 -0.021409 0.0193548 -0.0372577 -0.00881356 0.00588235 -0.0374495 0.0381481 0.0385932 0.0103226 0.0133333 -0.0179817 -0.0242894 -0.0168889 -0.00242424 -0.0273224 -0.0165854 0.0387763 0.0332143 0.0197183 -0.0228931 -0.0155102
internal_weight=9660 4681 4979 318 3990 110 989 163 101 951 155 3880 177 68 3858 4363 4208 62 57 109 774 225 66 549 123 4184 448 71 159 98
internal_count=9660 4681 4979 318 3990 110 989 163 101 951 155 3880 177 68 3858 4363 4208 62 57 109 774 225 66 549 123 4184 448 71 159 98
is_linear=0
shrinkage=0.08


Tree=2
num_leaves=31
num_cat=0
split_feature=39 31 31 1 4 39 4 21 13 13 21 5 2 39 31 25 13 17 7 19 4 4 27 21 4 4 33 27 2 5
split_gain=1724.42 57.1948 39.1188 11.1742 12.0019 10.2256 9.96565 7.33442 7.31133 5.96262 5.35483 4.82714 5.22786 3.66537 5.47447 3.65563 3.14941 3.14195 2.70697 2.172 2.88405 4.26572 2.67886 2.72817 2.44817 5.52658 2.16011 2.23866 1.78091 1.7645
threshold=86.197117530195129 15.935150000000002 15.408500000000002 22.500000000000004 20.500000000000004 75.143283985082761 26.500000000000004 15.851650000000001 17.724500000000003 15.662100000000001 15.656950000000002 16.335296666666672 4.5000000000000009 85.512778219071365 15.883650000000001 16.226550000000003 15.176350000000001 14.867400000000002 15.769224166666667 15.699150000000001 14.500000000000002 18.500000000000004 15.330900000000002 15.490150000000002 44.500000000000007 46.500000000000007 -0.45184999999999936 15.320300000000001 4.5000000000000009 14.926676666666667
decision_type=2 2 2 2 2 2 2 2 2 2 2 2 2 2 2 2 2 2 2 2 2 2 2 2 2 2 2 2 2 2
left_child=2 6 3 15 -5 -4 9 -8 -9 28 16 -3 18 26 -15 29 -7 -6 -13 22 -21 -22 23 -18 -23 -26 -12 -28 -2 -1
right_child=1 11 5 4 17 10 7 8 -10 -11 13 12 -14 14 -16 -17 19 -19 -20 20 21 24 -24 -25 25 -27 27 -29 -30 -31
leaf_value=-0.093500104370117187 0.010635615966796906 0.022057728759765638 0.085384999511718726 -0.074611948120117122 0.064822053710937549 -0.047134699096679639 -0.014637893920898506 0.012507569580078126 -0.043837875610351629 0.04211121411132808 -0.00023871826171870225 0.014597706787109388 0.0067090176391601374 -0.0041685835571288977 0.011896813049316392 -0.04342107830810555 -0.019635184326171853 -0.053541751831054682 0.095079157714843779 -0.011747658325195261 0.013323236816406308 -0.01151039581298832 -0.011444135131835936 0.00041153198242191994 0.010698346191406359 -0.0089839289550781836 -0.0025907080078124522 -0.010691131103515659 -0.010783931274414158 -0.026044125976562499
leaf_weight=2437 41 466 39 46 31 107 89 53 21 85 51 28 26 86 30 28 76 22 3843 48 21 92 466 30 23 54 53 249 29 990
leaf_count=2437 41 466 39 46 31 107 89 53 21 85 51 28 26 86 30 28 76 22 3843 48 21 92 466 30 23 54 53 249 29 990
internal_value=0.000662526 0.0355223 -0.0321109 -0.036601 -0.010101 -0.0209123 0.0027673 -0.0110429 0.00756757 0.0172903 -0.0220491 0.0379097 0.0388299 -0.0150959 -0.00275862 -0.0373603 -0.0256052 0.0158491 0.03907 -0.0239012 -0.017479 -0.0130526 -0.0265734 -0.0150943 -0.0172781 -0.00675325 -0.0191501 -0.0217219 0 -0.0375956
internal_weight=9660 4681 4979 3554 99 1425 318 163 74 155 1386 4363 3897 469 116 3455 917 53 3871 810 238 190 572 106 169 77 353 302 70 3427
internal_count=9660 4681 4979 3554 99 1425 318 163 74 155 1386 4363 3897 469 116 3455 917 53 3871 810 238 190 572 106 169 77 353 302 70 3427
is_linear=0
shrinkage=0.08


Tree=3
num_leaves=31
num_cat=0
split_feature=39 31 31 1 4 4 39 7 13 21 6 21 2 17 5 19 33 39 15 21 29 23 39 19 39 7 1 7 8 13
split_gain=1670.34 50.6875 47.4712 11.004 12.0019 9.90388 8.37049 8.30127 7.7108 6.53127 4.77508 4.60134 4.14533 3.14195 2.99598 2.95749 2.80692 2.76311 2.74046 2.55971 3.1562 2.93483 2.44112 3.10585 2.34946 2.30709 2.24199 2.50581 3.64176 2.13802
threshold=86.197117530195129 15.935150000000002 15.408500000000002 22.500000000000004 20.500000000000004 13.500000000000002 75.143283985082761 15.53871166666667 16.158800000000003 15.426750000000002 2.983717609755606 15.586 4.5000000000000009 14.867400000000002 15.492223333333337 15.662100000000001 0.068900000000000197 88.04431708513151 15.479500000000003 15.798950000000003 15.621500000000003 15.330900000000002 83.16612244064099 15.373050000000001 94.316475832971861 15.721529166666668 20.500000000000004 16.175352500000006 1.4128903161117352 15.692450000000003
decision_type=2 2 2 2 2 2 2 2 2 2 2 2 2 2 2 2 2 2 2 2 2 2 2 2 2 2 2 2 2 2
left_child=2 5 3 10 -5 18 -4 17 -3 15 14 -9 26 -6 -1 -8 -17 -7 -2 22 21 -21 -11 -24 -13 -16 27 28 -10 -22
right_child=1 8 6 4 13 7 9 11 12 19 -12 24 -14 -15 25 16 -18 -19 -20 20 29 -23 23 -25 -26 -27 -28 -29 -30 -31
leaf_value=-0.075508087353515663 -0.00062450671874998427 0.01609850547851565 0.07855419955078119 -0.068642992270507797 0.059636289414062564 -0.0017868697314453641 -0.024325042919921883 -0.0078287856250000235 0.011568741845703129 -0.025035162548828111 0.0013327075976562242 0.011235240253906226 0.010771320397949183 -0.049258411684570264 -0.01268508930664055 -0.0018375141796873606 -0.018814861694335862 -0.090850819316406303 0.034006294033203092 -0.0039933097021483382 -0.016019769204101662 0.0022704821044921175 -0.0027049640625000392 -0.0076086061523437821 -0.016970860209960963 -0.0011940283325195366 0.078475443994140623 0.08784086708984376 0.025050531845703147 -0.0015888293847656598
leaf_weight=3318 20 297 39 46 31 29 261 39 31 41 22 89 22 22 95 39 33 47 73 23 82 49 148 657 21 20 417 3524 72 53
leaf_count=3318 20 297 39 46 31 29 261 39 31 41 22 89 22 22 95 39 33 47 73 23 82 49 148 657 21 20 417 3524 72 53
internal_value=0.000803313 0.0351122 -0.0314521 -0.0363984 -0.010101 0.00427673 -0.0191158 -0.0048 0.0373596 -0.0201443 -0.037152 0.0061745 0.0382686 0.0158491 -0.03739 -0.0299099 -0.0155556 -0.0263158 0.0262366 -0.017056 -0.00908213 0.00444444 -0.0190071 -0.0180373 0.0145455 -0.0246957 0.038457 0.0390957 0.0267961 -0.0162963
internal_weight=9660 4681 4979 3554 99 318 1425 225 4363 1386 3455 149 4066 53 3433 333 72 76 93 1053 207 72 846 805 110 115 4044 3627 103 135
internal_count=9660 4681 4979 3554 99 318 1425 225 4363 1386 3455 149 4066 53 3433 333 72 76 93 1053 207 72 846 805 110 115 4044 3627 103 135
is_linear=0
shrinkage=0.08


Tree=4
num_leaves=31
num_cat=0
split_feature=39 31 31 21 1 4 4 39 7 5 21 21 7 39 2 17 27 21 39 15 4 27 19 4 39 4 1 27 13 23
split_gain=1584.8 53.4965 50.1481 12.9476 10.2452 12.0019 9.71448 7.74002 7.24009 6.63325 5.7795 5.07843 3.73752 3.61601 3.585 3.14195 2.88931 2.82269 2.76311 2.39284 2.30374 2.05587 2.46352 2.74146 1.99987 2.17953 3.42921 1.94988 2.42515 2.1315
threshold=86.197117530195129 15.935150000000002 15.408500000000002 16.403200000000002 22.500000000000004 20.500000000000004 13.500000000000002 75.143283985082761 15.53871166666667 14.926676666666667 15.294250000000002 15.736050000000002 15.760182500000001 85.331429661058039 4.5000000000000009 14.867400000000002 16.158800000000003 15.935150000000002 88.04431708513151 15.479500000000003 26.500000000000004 15.000850000000002 15.557500000000003 14.500000000000002 87.399401373575856 37.500000000000007 16.500000000000004 15.320300000000001 15.320300000000001 15.213850000000003
decision_type=2 2 2 2 2 2 2 2 2 2 2 2 2 2 2 2 2 2 2 2 2 2 2 2 2 2 2 2 2 2
left_child=2 6 4 24 9 -6 19 -4 18 -1 -9 -10 -5 27 -14 -7 20 -15 -8 -2 21 -11 -23 -24 -3 -26 -27 29 -29 -12
right_child=1 3 7 12 5 15 8 10 11 16 13 -13 14 17 -16 -17 -18 -19 -20 -21 -22 22 23 -25 25 26 -28 28 -30 -31
leaf_value=-0.079979449032226604 -0.00057454618124992858 0.010920876112890596 0.072269863586718663 0.011727242079687557 -0.063151552888867146 0.054865386260937614 -0.0016439201529297521 -0.026009157284179737 -0.0069205308707032034 -0.013631924007812444 -0.014354843807617215 0.011829036182519488 0.083485564275390514 -0.0038585226113281123 0.011369613850585837 -0.04531773874980459 -0.016048493419433568 0.010840284966796787 -0.083582753771093796 0.031285790510546863 -0.017919948910156195 -0.017415205990234457 -0.016967580501953138 -0.00080444598046867097 0.016999083728515531 0.014924939364843794 -0.00077866574414059647 -0.023182591732421969 -0.0072574694179688495 -6.1131153808560162e-05
leaf_weight=2442 20 124 39 20 46 31 29 191 57 56 39 92 3724 241 21 22 24 31 47 73 539 305 42 47 289 150 35 89 729 66
leaf_count=2442 20 124 39 20 46 31 29 191 57 56 39 92 3724 241 21 22 24 31 47 73 539 305 42 47 289 150 35 89 729 66
internal_value=0.00102692 0.0344456 -0.0303916 0.0367545 -0.0354755 -0.010101 0.0027673 -0.0177123 -0.00622222 -0.0362026 -0.0187013 0.00402685 0.0384914 -0.016636 0.0386756 0.0158491 -0.0307601 -0.00852941 -0.0263158 0.0245161 -0.0314257 -0.0272 -0.0292386 -0.0175281 0.0258194 0.0281857 0.0214054 -0.0190249 -0.0203423 -0.0087619
internal_weight=9660 4681 4979 4363 3554 99 318 1425 225 3455 1386 149 3765 1195 3745 53 1013 272 76 93 989 450 394 89 598 474 185 923 818 105
internal_count=9660 4681 4979 4363 3554 99 318 1425 225 3455 1386 149 3765 1195 3745 53 1013 272 76 93 989 450 394 89 598 474 185 923 818 105
is_linear=0
shrinkage=0.08


Tree=5
num_leaves=31
num_cat=0
split_feature=39 31 31 21 21 1 4 39 8 8 17 6 4 13 5 6 39 17 19 31 6 13 17 13 1 7 4 1 4 4
split_gain=1522.78 55.3679 53.8995 13.6239 9.9141 9.21232 10.0171 6.66348 6.04839 5.43326 5.0174 4.301 4.28134 6.00453 3.47136 3.43911 3.2201 4.76743 2.80893 2.49498 2.44939 2.75745 2.41606 2.36988 2.32946 4.54542 3.25 2.24657 2.18107 2.4846
threshold=86.197117530195129 16.269450000000003 15.262250000000002 15.816150000000002 15.621500000000003 22.500000000000004 20.500000000000004 89.664491083934266 1.7064975938968319 0.84338032758635817 16.226550000000003 2.983717609755606 34.500000000000007 17.363700000000005 14.926676666666667 0.7185068884176794 85.138389966621062 16.322600000000005 15.593050000000002 15.763450000000002 0.22409846899926769 15.935150000000002 14.784150000000002 15.662100000000001 2.5000000000000004 17.129069166666671 16.500000000000004 3.5000000000000004 37.500000000000007 22.500000000000004
decision_type=2 2 2 2 2 2 2 2 2 2 2 2 2 2 2 2 2 2 2 2 2 2 2 2 2 2 2 2 2 2
left_child=2 3 5 8 10 11 -7 -3 9 -2 18 14 23 27 -1 -9 17 -6 20 28 -4 -22 -8 -5 25 26 -17 -14 29 -18
right_child=1 7 4 12 16 6 22 15 -10 -11 -12 -13 13 -15 -16 24 19 -19 -20 -21 21 -23 -24 -25 -26 -27 -28 -29 -30 -31
leaf_value=-0.073581093109648499 -0.0010697878688203843 0.013936954951203119 -0.010646356659453033 0.008480320248710883 -0.0068659848674609949 -0.063043467048871094 0.050972142298539039 0.079838640520077886 0.025990874047046902 -0.062564163254562571 0.0085974035602734492 0.0015533930794139651 0.012376602619234376 -0.031437204961593676 -0.019446730599882757 0.074397172125288902 -0.0057218270817187286 0.061200341150171769 -0.0073418680324998323 0.0025970959505077929 -0.018097387077550806 -0.0032902154216601785 -0.040312314767007681 0.016519748408234419 0.070819723778476493 0.15049461586187476 -0.010909345319765862 0.0065792237631171705 -0.007135723545488375 0.0014370599100780623
leaf_weight=2418 117 275 460 80 378 40 26 3257 31 38 22 20 86 26 605 26 52 41 427 82 270 24 21 238 320 42 26 119 60 33
leaf_count=2418 117 275 460 80 378 40 26 3257 31 38 22 20 86 26 605 26 52 41 427 82 270 24 21 238 320 42 26 119 60 33
internal_value=0.000952381 0.0337107 -0.0298454 0.013551 -0.0190157 -0.0362428 -0.0105747 0.0374658 -0.00516129 -0.0116129 -0.0233084 -0.0369767 0.0198907 0.0116017 -0.0372213 0.0383656 -0.0110217 -0.015179 -0.0240135 -0.00334802 -0.0269496 -0.0326531 0.0144681 0.0259119 0.0314976 0.0204255 0.00461538 0.0161951 -0.00965517 -0.00141176
internal_weight=9660 4681 4979 735 1849 3130 87 3946 186 155 1203 3043 549 231 3023 3671 646 419 1181 227 754 294 47 318 414 94 52 205 145 85
internal_count=9660 4681 4979 735 1849 3130 87 3946 186 155 1203 3043 549 231 3023 3671 646 419 1181 227 754 294 47 318 414 94 52 205 145 85
is_linear=0
shrinkage=0.08


Tree=6
num_leaves=31
num_cat=0
split_feature=39 31 31 7 1 4 21 21 6 5 17 4 4 1 7 33 4 1 21 39 39 39 5 21 31 33 17 4 39 7
split_gain=1476.59 57.6808 56.3314 13.3455 8.95726 10.0171 8.46735 8.24438 6.28902 4.92207 4.67102 4.39534 4.31128 4.27171 5.36389 3.88295 3.47424 3.39167 3.06994 3.03816 3.01558 3.56834 2.64075 2.60632 2.49498 2.45243 2.41606 2.3929 2.38174 2.35243
threshold=86.197117530195129 15.262250000000002 16.365600000000004 14.784903333333336 22.500000000000004 20.500000000000004 15.851650000000001 15.621500000000003 0.7185068884176794 14.926676666666667 16.226550000000003 29.500000000000004 16.500000000000004 3.5000000000000004 17.222990833333338 0.6037499999999999 13.500000000000002 1.5000000000000002 16.455400000000004 83.16612244064099 85.138389966621062 75.143283985082761 15.357210000000002 15.294250000000002 15.763450000000002 -0.76014999999999933 14.784150000000002 26.500000000000004 83.500815206629625 16.820480000000003
decision_type=2 2 2 2 2 2 2 2 2 2 2 2 2 2 2 2 2 2 2 2 2 2 2 2 2 2 2 2 2 2
left_child=1 4 3 -2 9 -6 12 10 18 -1 19 -8 -5 14 16 -14 -10 -13 -4 -3 21 -9 -23 -21 -22 -11 -7 -27 -25 -18
right_child=2 7 8 6 5 26 11 20 13 25 -12 17 15 -15 -16 -17 29 -19 -20 23 24 22 -24 28 -26 27 -28 -29 -30 -31
leaf_value=-0.067694605660876594 -0.081087014813338243 -0.015899003554743701 0.014218688993513241 0.025493507452095443 -0.057999989684961409 0.046894370914655779 0.015198168535575719 0.061592247207767348 0.060820047483537823 -0.011259729437048378 0.007909611275451596 0.015203920336729482 0.00046559099076333156 0.062501157100221583 0.14006706136343269 -0.013209218022908545 -0.035191619945871791 0.0066028246586616038 0.073451549278471764 -0.015115327867243735 -0.003810715572689105 0.0013071132084594695 -0.0072532691737670517 -0.0028174980830444696 0.0023893282744671751 -0.015006804022009277 -0.037087329585647096 -0.021674617845251449 -0.0065556745427124957 0.0051237543144114286
leaf_weight=2431 38 337 111 42 40 26 315 27 24 26 22 88 90 337 40 33 23 250 3254 153 145 27 365 52 82 260 21 326 639 36
leaf_count=2431 38 337 111 42 40 26 315 27 24 26 22 88 90 337 40 33 23 250 3254 153 145 27 365 52 82 260 21 326 639 36
internal_value=0.00106004 -0.0292669 0.0333177 0.0147664 -0.035885 -0.0105747 0.0169193 -0.0180638 0.0374693 -0.0366086 -0.0219784 0.0210107 0.000727273 0.0286957 0.015935 -0.00682927 0.00433735 0.0146746 0.0386686 -0.0226588 -0.010774 -0.0147971 -0.0167347 -0.0200948 -0.00334802 -0.0301961 0.0144681 -0.0312628 -0.0180029 -0.00610169
internal_weight=9660 4979 4681 856 3130 87 818 1849 3825 3043 1203 653 165 460 123 123 83 338 3365 1181 646 419 392 844 227 612 47 586 691 59
internal_count=9660 4979 4681 856 3130 87 818 1849 3825 3043 1203 653 165 460 123 123 83 338 3365 1181 646 419 392 844 227 612 47 586 691 59
is_linear=0
shrinkage=0.08


Tree=7
num_leaves=31
num_cat=0
split_feature=39 21 31 7 21 8 6 4 39 39 1 7 4 31 1 4 4 21 7 39 25 39 1 1 39 6 5 13 13 6
split_gain=1412.48 80.0003 40.6346 13.343 12.1844 10.0285 6.79107 5.45526 5.45214 5.34382 5.2741 5.32563 4.96032 4.88981 4.40755 6.56364 3.20517 3.12522 3.05374 2.90498 3.28085 3.23769 2.85749 2.9104 2.72702 2.70226 2.5384 2.65746 2.52836 2.44088
threshold=87.009243681298301 15.213850000000003 16.403200000000002 15.238179166666669 15.621500000000003 1.7064975938968319 0.7185068884176794 21.500000000000004 82.137574322253542 85.512778219071365 3.5000000000000004 18.123570000000004 11.500000000000002 15.763450000000002 22.500000000000004 20.500000000000004 13.500000000000002 15.851650000000001 16.312594166666671 75.143283985082761 15.851650000000001 82.629689599621045 20.500000000000004 21.500000000000004 83.16612244064099 2.983717609755606 15.357210000000002 15.355800000000002 15.965100000000001 0.32025476947183068
decision_type=2 2 2 2 2 2 2 2 2 2 2 2 2 2 2 2 2 2 2 2 2 2 2 2 2 2 2 2 2 2
left_child=1 5 3 12 24 8 22 -5 14 19 11 16 -2 18 -1 -16 -8 -11 -9 -6 21 -21 -4 -24 -3 -7 -23 -28 -22 -19
right_child=2 4 6 7 9 25 10 13 -10 17 -12 -13 -14 -15 15 -17 -18 29 -20 20 28 26 23 -25 -26 -27 27 -29 -30 -31
leaf_value=-0.059951080054686086 0.019045481707167085 -0.012448718944025786 0.067391404340100394 0.0197621854966183 0.056664867431146036 -0.04938307163183453 0.055954443684854811 -0.0093063506566618062 -0.013788354680717277 -0.002713561799439219 0.05875857202243822 0.13691368314869409 -0.073251845245263361 0.009575818470456951 -0.05598797360342616 0.030210768629178517 -0.0059704848557436208 0.0089514352206749945 0.085649228795342369 -0.037177113928260327 -0.015460287423463654 0.00395347840041552 0.027171287479748969 0.066135291996350529 -0.0073566487838422744 0.094857759839235889 -0.011823280967413155 -0.0023026659455298673 -0.0034207376691627188 -0.0047059480473148341
leaf_weight=2596 21 385 3065 232 29 33 22 49 278 128 329 35 42 358 36 30 62 114 21 26 114 31 74 196 944 21 49 279 37 24
leaf_count=2596 21 385 3065 232 29 33 22 49 278 128 329 35 42 358 36 30 62 114 21 26 114 31 74 196 944 21 49 279 37 24
internal_value=0.00142443 -0.0271789 0.0341411 0.0167635 -0.0154444 -0.0356446 0.0374623 0.0201212 -0.0362721 -0.00784597 0.0282143 0.0137815 -0.0184127 0.0147664 -0.0373854 -0.0169697 0.00285714 0.00150376 -0.00457143 -0.0122478 -0.0135821 -0.00966234 0.0387046 0.0308148 -0.0201956 -0.00148148 -0.00768802 -0.0097561 -0.0235762 0.00985507
internal_weight=9660 5154 4506 723 2160 2994 3783 660 2940 831 448 119 63 428 2662 66 84 266 70 565 536 385 3335 270 1329 54 359 328 151 138
internal_count=9660 5154 4506 723 2160 2994 3783 660 2940 831 448 119 63 428 2662 66 84 266 70 565 536 385 3335 270 1329 54 359 328 151 138
is_linear=0
shrinkage=0.08


Tree=8
num_leaves=31
num_cat=0
split_feature=39 39 31 8 5 7 21 39 7 6 4 1 1 7 4 15 4 27 4 25 29 33 4 31 21 31 6 8 39 23
split_gain=1357.74 85.6609 44.4711 18.2777 12.1458 11.9609 9.74603 9.54859 4.90452 4.65479 4.51339 4.34878 3.98222 5.55319 3.88547 5.19842 3.34155 3.41377 2.9703 2.94714 2.80146 3.30961 2.89052 2.62784 2.50798 2.49118 2.36132 2.39723 2.28688 2.16229
threshold=87.009243681298301 83.16612244064099 16.489300000000004 1.8732654209796946 14.740463333333334 15.150900000000002 15.621500000000003 88.991842909234137 16.842852500000003 0.7185068884176794 13.500000000000002 22.500000000000004 2.5000000000000004 17.222990833333338 20.500000000000004 18.120150000000006 45.500000000000007 14.934950000000002 16.500000000000004 15.851650000000001 15.490150000000002 -0.11069999999999956 42.500000000000007 15.883650000000001 15.692450000000003 16.929950000000002 0.1913205608397521 1.0368215307608737 84.597606935303943 15.523850000000001
decision_type=2 2 2 2 2 2 2 2 2 2 2 2 2 2 2 2 2 2 2 2 2 2 2 2 2 2 2 2 2 2
left_child=1 3 5 4 11 10 16 25 26 -9 -2 -1 13 18 -7 29 17 -3 -11 23 28 -22 -23 24 -8 -4 27 -6 -19 -16
right_child=2 6 7 -5 8 14 19 9 -10 12 -12 -13 -14 -15 15 -17 -18 20 -20 -21 21 22 -24 -25 -26 -27 -28 -29 -30 -31
leaf_value=-0.060107004758709622 0.011553825592468741 0.0032152859816150683 0.010806991703910284 0.07713928831867975 -0.013417935267644126 0.017543208120031295 0.00014397515237803306 0.062184112988986157 0.053963724545443487 0.055366288232658718 -0.071324877111143437 -0.051508935715152124 0.055453367546385551 0.12274060253488443 -0.00012065733979000015 -0.019674431416777053 -0.0084535796467752541 -0.0087220416941661948 -0.0080291863993153349 -0.0067994899926684125 -6.1769148580310691e-05 -0.0075808369072028368 0.00065730889223992507 0.0054793104901850855 -0.0030072707185284744 -0.0017022502776131887 -0.020664581544506434 0.0060429509912357559 -0.0044411491453381306 0.0094584929386356004
leaf_weight=2295 21 27 34 31 156 245 155 3242 20 25 34 39 312 36 39 29 266 265 33 143 125 271 42 122 291 36 798 21 87 420
leaf_count=2295 21 27 34 31 156 245 155 3242 20 25 34 39 312 36 39 29 266 265 33 143 125 271 42 122 291 36 798 21 87 420
internal_value=0.00153209 -0.0265114 0.0336085 -0.0340476 -0.034617 0.0163452 -0.0123969 0.0372673 -0.0272161 0.0378289 -0.0196364 -0.0377721 0.0297537 0.0153191 0.019045 0.014918 -0.0171745 -0.0146389 0 -0.00511955 -0.0155949 -0.0113242 -0.0157188 -0.00253521 -0.00538117 0.008 -0.0280205 -0.019661 -0.0209091 0.0169935
internal_weight=9660 5154 4506 3360 3329 788 1794 3718 995 3648 55 2334 406 94 733 488 1083 817 58 711 790 438 313 568 446 70 975 177 352 459
internal_count=9660 5154 4506 3360 3329 788 1794 3718 995 3648 55 2334 406 94 733 488 1083 817 58 711 790 438 313 568 446 70 975 177 352 459
is_linear=0
shrinkage=0.08


Tree=9
num_leaves=31
num_cat=0
split_feature=39 31 31 21 7 39 1 4 13 31 17 6 39 17 4 27 6 1 7 39 4 4 31 25 15 17 7 4 31 39
split_gain=1303 96.1505 50.5659 13.9551 10.9179 10.1436 8.96492 7.49939 6.62049 4.90917 4.64969 4.37159 4.01982 5.91995 3.95584 6.85023 3.84364 3.62158 5.30899 3.21785 3.25046 7.96781 3.02776 2.93855 2.53146 2.46136 2.42923 2.37474 2.21972 2.21173
threshold=87.009243681298301 15.123600000000001 16.489300000000004 15.621500000000003 14.889894166666668 90.082109352462723 22.500000000000004 20.500000000000004 15.390450000000003 16.892300000000002 16.226550000000003 0.7185068884176794 84.048395410286062 16.108650000000004 17.500000000000004 15.284800000000002 0.24063582096088601 2.5000000000000004 18.123570000000004 83.114735817755658 45.500000000000007 44.500000000000007 15.000850000000002 15.883650000000001 17.993150000000004 14.784150000000002 15.716931666666669 8.5000000000000018 15.816150000000002 79.263186083397571
decision_type=2 2 2 2 2 2 2 2 2 2 2 2 2 2 2 2 2 2 2 2 2 2 2 2 2 2 2 2 2 2
left_child=1 6 4 10 -2 9 8 -8 -1 -4 19 -7 13 -5 16 -16 27 18 -13 -3 21 28 -10 -14 -17 -9 -25 -6 -21 -15
right_child=2 3 5 12 14 11 7 25 22 -11 -12 17 23 29 15 24 -18 -19 -20 20 -22 -23 -24 26 -26 -27 -28 -29 -30 -31
leaf_value=-0.050042401897544123 -0.063033915839758661 -0.011226492021569855 0.017253859067686648 -0.014400451779718253 -0.00019662778022762949 0.060241457924476549 -0.047388220857939985 0.039609492594043727 -0.0081976721841977001 -0.0015660702554040995 0.008463256463812031 0.0017486049709253848 1.3014678832377059e-05 0.053886662592550184 -0.023934293973437378 0.0080154642637373999 0.032583544438131898 0.052147822462401336 0.11614134029400788 -0.006104871535444545 -0.0078137441419781333 0.017152906252999145 -0.012987774956320593 -0.009413085895794069 -0.012403679730985929 -0.031253447215835312 -0.00052589583940886085 0.010912842286178944 -0.0075151470245198486 -0.022961905387112652
leaf_weight=2613 40 474 88 122 38 3181 38 24 45 51 24 54 510 25 23 478 132 309 35 732 262 20 52 53 26 20 63 51 53 24
leaf_count=2613 40 474 88 122 38 3181 38 24 45 51 24 54 510 25 23 478 132 309 35 732 262 20 52 53 26 20 63 51 53 24
internal_value=0.001706 -0.0257664 0.0331292 -0.0138865 0.0147208 0.0370307 -0.0358166 -0.0097561 -0.0366052 0.0158273 -0.0182748 0.0378541 -0.00526976 -0.0161404 0.0168984 0.0131309 0.0258824 0.0299497 0.0157303 -0.0188189 -0.0163824 -0.0138634 -0.0160825 -0.00230032 0.0150794 0.0127273 -0.0137931 0.0130337 -0.0151338 0.00734694
internal_weight=9660 5154 4506 2362 788 3718 2792 82 2710 139 1565 3579 797 171 748 527 221 398 89 1541 1067 805 97 626 504 44 116 89 785 49
internal_count=9660 5154 4506 2362 788 3718 2792 82 2710 139 1565 3579 797 171 748 527 221 398 89 1541 1067 805 97 626 504 44 116 89 785 49
is_linear=0
shrinkage=0.08


Tree=10
num_leaves=31
num_cat=0
split_feature=39 31 31 21 39 7 1 17 4 15 39 6 6 1 7 8 21 6 29 23 23 4 4 8 1 7 39 7 19 39
split_gain=1245.43 92.3153 57.1302 17.0752 11.5764 9.97293 9.63135 5.94634 5.92551 5.0855 4.39649 3.98075 3.97179 3.6737 5.30899 3.41857 4.7761 3.38422 2.84408 2.91402 3.18825 2.79897 4.14848 2.76091 2.71909 2.668 2.51385 2.75953 2.38639 3.26816
threshold=86.848286640302959 14.883000000000001 16.489300000000004 15.4565 90.282761879919747 14.784903333333336 22.500000000000004 16.158800000000003 20.500000000000004 15.851650000000001 85.331429661058039 0.59930516951358925 0.7185068884176794 3.5000000000000004 18.123570000000004 1.7064975938968319 15.515000000000002 0.22985846179200145 15.330900000000002 14.968750000000002 14.642450000000002 49.500000000000007 44.500000000000007 1.1357085163796257 10.500000000000002 15.092484166666667 90.709624302829681 16.031502500000006 15.816150000000002 79.084284507426403
decision_type=2 2 2 2 2 2 2 2 2 2 2 2 2 2 2 2 2 2 2 2 2 2 2 2 2 2 2 2 2 2
left_child=1 6 5 7 11 -2 9 17 -8 -1 25 -4 -6 14 -14 16 -7 18 19 20 -3 22 -20 26 -25 -5 -18 -28 -27 -30
right_child=2 3 4 10 12 15 8 -9 -10 -11 -12 -13 13 -15 -16 -17 23 -19 21 -21 -22 -23 -24 24 -26 28 27 -29 29 -31
leaf_value=-0.051295052226209351 -0.059931771415351422 -0.014519005473279663 0.0141070278278184 -0.10548400891299622 0.055422141290518423 -0.010930853280930321 -0.04814471335401109 0.012921783122344835 0.026203574983274081 -0.010809383844428311 -0.00048382417225610651 -0.00033517990371819908 0.0016087165732514563 0.047975996665409186 0.10685003307048732 0.018079281045615687 0.0064432759711890242 -0.01448016039822413 -0.0061557683622190497 -0.012286601128420713 -0.0053734946715360363 -0.01047656926569502 0.0060386658303653463 0.0059996971191762331 -0.016646019858630439 -0.0043813659652743552 0.011602730642926957 0.057208713667676533 0.04957572958514618 -0.0040082419546448736
leaf_weight=2299 35 63 122 26 3154 34 33 21 39 25 405 51 54 304 35 129 395 418 297 388 108 62 33 101 33 678 24 61 27 206
leaf_count=2299 35 63 122 26 3154 34 33 21 39 25 405 51 54 304 35 129 395 418 297 388 108 62 33 101 33 678 24 61 27 206
internal_value=0.00187164 -0.0251326 0.0324272 -0.0150805 0.0366237 0.013202 -0.0365943 -0.021295 -0.00777778 -0.0374871 -0.00864382 0.0164162 0.0376092 0.0300254 0.0157303 0.0150837 0.012716 -0.021943 -0.019306 -0.0229696 -0.014269 -0.0140816 -0.0111515 0.0143322 0.0041791 -0.0116542 0.0171667 0.0296471 -0.010933 -0.0039485
internal_weight=9660 5128 4532 2732 3720 812 2396 1390 72 2324 1342 173 3547 393 89 777 648 1369 951 559 171 392 330 614 134 937 480 85 911 233
internal_count=9660 5128 4532 2732 3720 812 2396 1390 72 2324 1342 173 3547 393 89 777 648 1369 951 559 171 392 330 614 134 937 480 85 911 233
is_linear=0
shrinkage=0.08


Tree=11
num_leaves=31
num_cat=0
split_feature=39 21 5 39 7 21 7 4 39 1 7 8 4 19 39 15 4 25 6 8 39 4 4 5 23 7 6 6 6 7
split_gain=1187.04 96.4377 56.9496 11.702 10.4238 10.0769 9.9537 6.76509 6.17895 5.17218 4.8409 4.71396 4.65817 4.58594 4.43756 5.09044 3.70555 3.06125 2.66531 2.54631 2.52747 4.39371 7.09836 3.52677 2.30817 2.68851 2.70374 2.66594 2.39758 2.26569
threshold=87.009243681298301 15.123600000000001 16.740530000000003 80.392332352407124 16.494065833333337 15.621500000000003 15.139452500000003 13.500000000000002 88.991842909234137 22.500000000000004 15.776860833333336 2.7120227097824601 16.500000000000004 16.287150000000004 83.980423686892763 15.586 20.500000000000004 15.883650000000001 0.26973543281706808 1.7064975938968319 83.114735817755658 45.500000000000007 44.500000000000007 15.110590000000002 15.621500000000003 16.386511666666667 0.86379130480005573 0.21433437131324515 0.21719654254977197 15.716931666666669
decision_type=2 2 2 2 2 2 2 2 2 2 2 2 2 2 2 2 2 2 2 2 2 2 2 2 2 2 2 2 2 2
left_child=1 3 6 9 11 20 7 -2 -6 10 -1 12 -4 24 15 -7 -11 -16 -15 -5 -3 22 23 -22 -8 28 27 -27 -26 -19
right_child=2 5 4 19 8 14 13 -9 -10 16 -12 -13 -14 18 17 -17 -18 29 -20 -21 21 -23 -24 -25 25 26 -28 -29 -30 -31
leaf_value=-0.050175380543229835 0.0093579817081690213 -0.0077436297042895322 0.072546560206954075 -0.014429633010206545 -0.00069798878617888249 -0.01881270274094618 0.00019324425526107803 -0.059760686738256082 0.050988369987277057 -0.044293136285690198 -0.017571255186439601 0.067917338617539263 -0.016244980337314984 0.0084624495041455815 0.00013655273806094216 -0.00013264245380014471 0.0044694080811709114 -0.008339355144857806 0.02873920014460566 0.0078059231548877504 0.0046834223714495235 -0.0063505190693642537 0.015620081810218666 -0.005172840271945347 0.0047892153578806074 0.0055197213496421685 0.029240160976480072 -0.0025077237627229468 0.0094558695674187027 -0.00041118150415371703
leaf_weight=2150 22 423 20 567 28 107 100 37 3425 29 26 22 39 251 527 74 32 58 177 20 31 263 20 762 92 25 29 71 168 65
leaf_count=2150 22 423 20 567 28 107 100 37 3425 29 26 22 39 251 527 74 32 58 177 20 31 263 20 762 92 25 29 71 168 65
internal_value=0.00205383 -0.0241676 0.0320462 -0.0341076 0.0367629 -0.0121202 0.0148971 -0.0169492 0.0374283 -0.0367456 -0.0373897 0.00839506 -0.00338983 0.0169551 -0.00505415 -0.0161326 -0.0137705 -0.00196923 0.0229907 -0.0240545 -0.0160374 -0.0139777 -0.0110701 -0.0122573 0.0116289 0.0144416 0.0048 -0.00166667 0.0190769 -0.0133333
internal_weight=9660 5154 4506 2824 3534 2330 972 59 3453 2237 2176 81 59 913 831 181 61 650 428 587 1499 1076 813 793 485 385 125 96 260 123
internal_count=9660 5154 4506 2824 3534 2330 972 59 3453 2237 2176 81 59 913 831 181 61 650 428 587 1499 1076 813 793 485 385 125 96 260 123
is_linear=0
shrinkage=0.08


Tree=12
num_leaves=31
num_cat=0
split_feature=39 21 5 21 7 7 1 15 21 4 7 4 39 1 8 8 39 2 1 31 29 7 13 7 4 6 39 7 19 4
split_gain=1101.07 100.558 62.7055 11.7867 9.97038 9.78139 7.95126 8.09834 6.15381 5.91532 5.16575 5.11454 5.02169 4.50074 6.09554 3.72308 3.59926 3.59095 6.54933 3.09316 3.72122 2.77022 2.73284 2.64179 2.60572 2.53406 2.31906 2.68569 2.34033 2.23697
threshold=86.848286640302959 14.883000000000001 16.819813333333336 15.4565 15.139452500000003 16.494065833333337 22.500000000000004 15.883650000000001 16.775850000000002 13.500000000000002 15.083865000000003 20.500000000000004 88.991842909234137 4.5000000000000009 0.24955724639976332 1.7064975938968319 79.979879934856555 2.5000000000000004 20.500000000000004 15.763450000000002 17.656400000000001 15.083865000000003 15.725800000000001 16.860710833333339 18.500000000000004 0.20527846266152436 83.307775512192634 15.379579166666669 15.390450000000003 14.500000000000002
decision_type=2 2 2 2 2 2 2 2 2 2 2 2 2 2 2 2 2 2 2 2 2 2 2 2 2 2 2 2 2 2
left_child=1 6 4 13 9 15 7 16 23 -2 -5 -8 -7 21 -15 24 -1 18 -14 26 22 -3 25 -6 -4 -21 29 28 -28 -12
right_child=2 3 5 10 8 12 11 -9 -10 -11 19 -13 17 14 -16 -17 -18 -19 -20 20 -22 -23 -24 -25 -26 -27 27 -29 -30 -31
leaf_value=-0.048809360353677674 0.0086093431715154618 0.0054855806880749472 0.048297775452084864 -0.09180085384179662 0.007080732714734808 -0.00064214968328457189 -0.041103931540716232 0.014350243324589656 0.038173338474232425 -0.054979831799195578 -0.013638101207895801 0.006896119402361762 0.023253294528919922 -0.0069551590723351351 -0.0027537828777100515 0.060503332930295813 -0.017141050795968057 0.071205259860951178 -0.0014093539738144045 0.0033303274183638367 -0.012635936168818845 -0.016183782420227999 0.005014652924432355 0.00044638253133697956 -0.018147035189023768 -0.0032796699132018148 0.0026311622876480103 -0.0033578075891153958 -0.0038147096805793979 -0.0057594638984143388
leaf_weight=2003 22 21 21 40 750 24 30 21 155 37 33 43 866 784 210 20 329 2479 25 70 28 316 116 102 31 151 64 752 41 76
leaf_count=2003 22 21 21 40 750 24 30 21 155 37 33 43 866 784 210 20 329 2479 25 70 28 316 116 102 31 151 64 752 41 76
internal_value=0.00189648 -0.0234945 0.0306267 -0.0128793 0.0136585 0.0358454 -0.0353174 -0.0361241 0.0155313 -0.0183051 -0.00767323 -0.00931507 0.0364643 -0.0182419 -0.0155332 0.00666667 -0.0365695 0.036724 0.0323681 -0.00682194 -0.000547945 -0.0262315 0.00178042 0.0128638 -0.00461538 -0.00343891 -0.00919255 -0.00779463 0.00419048 -0.0201835
internal_weight=9660 5128 4532 2702 1066 3466 2426 2353 1007 59 1371 73 3394 1331 994 72 2332 3370 891 1331 365 337 337 852 52 221 966 857 105 109
internal_count=9660 5128 4532 2702 1066 3466 2426 2353 1007 59 1371 73 3394 1331 994 72 2332 3370 891 1331 365 337 337 852 52 221 966 857 105 109
is_linear=0
shrinkage=0.08


Tree=13
num_leaves=31
num_cat=0
split_feature=39 21 5 13 7 7 17 1 21 39 4 4 21 1 39 39 8 7 4 6 39 33 31 8 27 39 25 23 7 23
split_gain=1040.36 104.93 60.5666 11.1484 10.3594 8.77621 8.48853 7.98842 5.88683 5.47276 5.12256 5.11454 4.60658 4.06812 3.85734 3.8278 3.71571 3.49496 2.72394 2.59641 2.58746 2.44666 2.38634 2.79153 2.47348 2.74591 2.48562 2.42666 2.35793 2.39127
threshold=87.009243681298301 14.883000000000001 16.819813333333336 15.390450000000003 15.139452500000003 16.494065833333337 15.763450000000002 22.500000000000004 16.775850000000002 93.256932608717065 13.500000000000002 20.500000000000004 15.621500000000003 4.5000000000000009 88.991842909234137 79.843392714282814 1.7064975938968319 16.031502500000006 18.500000000000004 0.19439670213020852 82.137574322253542 0.54750000000000043 15.763450000000002 0.21690531570802721 15.550500000000001 83.500815206629625 15.851650000000001 15.515000000000002 16.860710833333339 15.621500000000003
decision_type=2 2 2 2 2 2 2 2 2 2 2 2 2 2 2 2 2 2 2 2 2 2 2 2 2 2 2 2 2 2
left_child=1 6 4 13 10 16 7 15 28 14 -2 -9 -5 20 -7 -1 18 19 -4 -15 -3 -21 24 -24 25 -14 -27 -25 29 -6
right_child=2 3 5 12 8 9 -8 11 -10 -11 -12 -13 22 17 -16 -17 -18 -19 -20 21 -22 -23 23 27 -26 26 -28 -29 -30 -31
leaf_value=-0.044904611525383442 0.0079205957177942571 -0.02260797344873083 0.044433953415918097 -0.0035340834970266147 0.0031686710251620552 -0.00059077770862188568 0.0096881446516538725 -0.037815617017458933 0.035119471396293706 0.089516865195122086 -0.050581445255259892 0.0063444298501727303 -0.0071482756498011217 -0.0043030034008171474 0.016924854697075206 -0.015769766732290549 0.055663066295872171 0.043474666705741356 -0.016695272373901844 -0.0086276379458842464 -0.0076580299567773841 -0.0031214002423446629 0.0069092488776541219 -0.0060483023259519089 -0.0044964394664685874 0.0019391623732062158 -0.0065084731771070641 0.002270409778853164 0.00041067192883005533 0.0072211266601030387
leaf_weight=1997 22 147 21 937 110 24 22 30 155 1919 37 43 21 243 1451 334 20 25 29 498 176 68 80 49 240 96 26 122 102 616
leaf_count=1997 22 147 21 937 110 24 22 30 155 1919 37 43 21 243 1451 334 20 25 29 498 176 68 80 49 240 96 26 122 102 616
internal_value=0.00173085 -0.0228172 0.0298091 -0.0120528 0.0128983 0.0348961 -0.0349217 -0.0353744 0.0148525 0.0354744 -0.019661 -0.00931507 -0.00766391 -0.0180121 0.0318102 -0.0361905 0.00685714 -0.01506 -0.0048 -0.0159703 -0.0256347 -0.0189399 -0.00239748 0.00366534 -0.00637076 0.00195804 0.00655738 -0.00210526 0.0121739 0.0137741
internal_weight=9660 5154 4506 2728 1042 3464 2426 2404 983 3394 59 73 1571 1157 1475 2331 70 834 50 809 323 566 634 251 383 143 122 171 828 726
internal_count=9660 5154 4506 2728 1042 3464 2426 2404 983 3394 59 73 1571 1157 1475 2331 70 834 50 809 323 566 634 251 383 143 122 171 828 726
is_linear=0
shrinkage=0.08


Tree=14
num_leaves=31
num_cat=0
split_feature=39 31 5 21 7 1 7 1 6 13 39 4 4 1 21 7 21 5 1 7 17 21 8 6 23 39 39 1 33 4
split_gain=968.324 111.092 60.4224 13.1584 10.3182 10.6427 9.52292 7.81589 7.2109 5.58912 5.57513 5.40948 5.32504 4.82174 4.29232 4.23157 2.96202 3.12649 2.76464 2.68624 2.60831 2.60962 3.29141 2.9523 2.82857 2.42348 2.40865 2.4553 2.44462 2.38433
threshold=87.009243681298301 14.867400000000002 16.819813333333336 15.4565 17.377270833333338 3.5000000000000004 14.889894166666668 22.500000000000004 1.4517547595371616 16.001000000000001 80.026372593657584 20.500000000000004 16.500000000000004 4.5000000000000009 16.817100000000003 15.083865000000003 15.851650000000001 16.403270000000003 22.500000000000004 17.02900416666667 15.780700000000001 14.708300000000003 0.24955724639976332 0.23133056084196241 14.968750000000002 82.426590090121877 82.525013145595366 7.5000000000000009 0.39524999999999993 1.0000000180025095e-35
decision_type=2 2 2 2 2 2 2 2 2 2 2 2 2 2 2 2 2 2 2 2 2 2 2 2 2 2 2 2 2 2
left_child=1 7 6 9 5 12 -2 10 -7 13 -1 -9 -4 25 -8 -5 26 29 -10 -14 21 -15 -23 24 -24 -3 -17 28 -28 -18
right_child=2 3 4 15 -6 8 14 11 18 -11 -12 -13 19 20 -16 16 17 -19 -20 -21 -22 22 23 -25 -26 -27 27 -29 -30 -31
leaf_value=-0.04093626604085273 -0.041911472598706326 -0.020671621838500728 0.096360947942957575 -0.089350832788106085 0.092019517444356047 0.019010008785171239 0.0054223640152525829 -0.034436121498180941 0.01217282077597389 0.0089178936724684382 -0.012740455357470353 0.023740775608643218 -0.030553475899390465 -0.026819824803991994 0.032354420503124572 -0.01079948999936434 -0.0087172321986667359 -0.019340925341534927 -0.00451453958856149 0.00029817125780226664 -0.00032379010031107213 -0.0059760480533066129 0.0063597763514830772 -0.010642396967129316 -0.0032400844483889556 -0.0066689694943268306 0.00056989597574201415 -0.0028875497396511208 -0.0046593816497495768 0.00563492563801141
leaf_weight=2033 43 185 35 27 1427 1873 855 33 54 25 269 39 21 60 144 37 20 52 25 29 87 721 35 61 77 163 235 754 35 206
leaf_count=2033 43 185 35 27 1427 1873 855 33 54 25 269 39 21 60 144 37 20 52 25 29 87 721 35 61 77 163 235 754 35 206
internal_value=0.00154865 -0.0221343 0.0286374 -0.0112806 0.0337182 0.0300638 0.0117466 -0.0348441 0.0312705 -0.0166902 -0.035656 -0.00888889 0.00235294 -0.017365 0.0133333 -0.00568082 -0.00504854 0.00230216 0.00759494 -0.0144 -0.0146398 -0.0158491 -0.0147651 -0.00485549 0.00285714 -0.0255172 -0.00697455 -0.00625 0.000296296 0.00637168
internal_weight=9660 5154 4506 2780 3464 2037 1042 2374 1952 1414 2302 72 85 1389 999 1366 1339 278 79 50 1041 954 894 173 112 348 1061 1024 270 226
internal_count=9660 5154 4506 2780 3464 2037 1042 2374 1952 1414 2302 72 85 1389 999 1366 1339 278 79 50 1041 954 894 173 112 348 1061 1024 270 226
is_linear=0
shrinkage=0.08


Tree=15
num_leaves=31
num_cat=0
split_feature=39 31 5 39 7 17 1 7 4 1 1 4 15 31 21 31 1 13 7 21 21 4 4 1 6 13 21 25 39 27
split_gain=911.266 114.163 59.2069 15.8968 12.9255 9.70414 8.44139 7.96924 5.83681 5.47131 5.22581 5.21401 4.84534 4.54057 4.30788 4.13896 3.91625 3.74414 3.56492 3.51778 3.38933 2.96856 2.96267 5.60647 4.09724 3.09325 2.77631 2.47498 2.33737 2.31681
threshold=86.848286640302959 14.716850000000003 16.819813333333336 82.99211482875414 17.749400000000005 16.108650000000004 3.5000000000000004 14.847939166666668 11.500000000000002 22.500000000000004 4.5000000000000009 20.500000000000004 15.284800000000002 17.056050000000003 15.444000000000001 16.817100000000003 22.500000000000004 16.661800000000003 16.494065833333337 14.683200000000001 16.403200000000002 45.500000000000007 29.500000000000004 1.5000000000000002 0.45913699295475036 17.384900000000005 15.515000000000002 15.408500000000002 80.845024030206517 14.934950000000002
decision_type=2 2 2 2 2 2 2 2 2 2 2 2 2 2 2 2 2 2 2 2 2 2 2 2 2 2 2 2 2 2
left_child=1 9 7 5 6 10 8 -2 -4 12 -3 -11 28 18 21 22 -6 -15 -8 -12 -17 29 24 -24 -9 -25 -21 -23 -1 -5
right_child=2 3 4 14 16 -7 13 15 -10 11 19 -13 -14 17 -16 20 -18 -19 -20 26 -22 27 23 25 -26 -27 -28 -29 -30 -31
leaf_value=-0.037661364757584581 -0.042001191878212225 -0.017153580574952726 0.12046791124223433 0.0057631228991795068 0.087873898431620037 0.039545899318241026 -0.0038896091730791227 0.0047608977913168359 -0.0076899801197984627 -0.041581694919284193 -0.019269335948990829 0.021841513559951693 -0.0053287825405020327 0.0063553510670034544 -0.0017250022996235259 0.0055615581653427172 0.01983951593315993 0.032530729680995595 0.013078310670449013 -0.0051971173111429892 0.031031462689988985 -0.0086209627098087788 0.009073259990082079 0.0013463156507891939 0.022037912912679758 -0.028739476501380069 -0.01477254480830041 -0.005889713620183059 -0.013624812500506209 -0.0042353283830040313
leaf_weight=2007 40 292 24 25 1169 53 21 309 72 26 115 29 33 32 1238 29 25 879 1244 628 104 88 124 318 115 27 44 68 46 436
leaf_count=2007 40 292 24 25 1169 53 21 309 72 26 115 29 33 32 1238 29 25 879 1244 628 104 88 124 318 115 27 44 68 46 436
internal_value=0.00138302 -0.0217161 0.0275199 -0.0116103 0.0325909 -0.0190813 0.0290493 0.0110319 0.00583333 -0.035815 -0.0207229 -0.0109091 -0.0364717 0.0300735 -0.00705121 0.0123977 0.03933 0.0343798 0.0269723 -0.0173316 0.0255639 -0.0125122 0.0104367 0.00605544 0.015283 0.000811594 -0.015119 -0.0220513 -0.0369605 -0.00928416
internal_weight=9660 5128 4532 2987 3466 1132 2272 1066 96 2141 1079 55 2086 2176 1855 1026 1194 911 1265 787 133 617 893 469 424 345 672 156 2053 461
internal_count=9660 5128 4532 2987 3466 1132 2272 1066 96 2141 1079 55 2086 2176 1855 1026 1194 911 1265 787 133 617 893 469 424 345 672 156 2053 461
is_linear=0
shrinkage=0.08


Tree=16
num_leaves=31
num_cat=0
split_feature=39 31 27 39 13 21 13 6 7 39 39 39 29 33 5 17 27 21 1 19 5 6 7 5 39 33 19 4 27 7
split_gain=841.243 119.823 58.838 20.731 13.5836 7.17575 5.67437 5.58611 5.56503 5.03459 4.92854 6.41041 3.79595 3.73292 3.41042 3.30502 3.1052 3.60387 3.03902 2.96872 2.84756 2.81982 2.99013 4.37065 2.78422 2.70563 2.7023 2.66057 2.58415 2.34436
threshold=86.848286640302959 14.750550000000002 16.603000000000005 92.746329022586579 15.390450000000003 17.110850000000003 16.787500000000005 0.1917760917632044 14.847939166666668 80.026372593657584 70.575856059946418 81.945894062284438 17.752500000000001 -0.10349999999999947 15.078396666666668 15.490150000000002 14.952100000000002 15.000850000000002 4.5000000000000009 16.269450000000003 14.887590000000003 0.76320403382708191 17.222990833333338 18.142023333333338 84.173463381329739 0.18650000000000058 15.557500000000003 26.500000000000004 15.262250000000002 14.442580833333336
decision_type=2 2 2 2 2 2 2 2 2 2 2 2 2 2 2 2 2 2 2 2 2 2 2 2 2 2 2 2 2 2
left_child=1 9 8 6 7 12 25 13 -2 20 -9 14 27 -3 -12 24 17 -13 -8 -10 -1 -7 23 -23 26 -4 -6 -5 -26 -11
right_child=2 4 3 5 15 21 18 10 19 29 11 16 -14 -15 -16 -17 -18 -19 -20 -21 -22 22 -24 -25 28 -27 -28 -29 -30 -31
leaf_value=-0.035024432139477854 -0.037460276579224829 -0.010967942957413542 0.0046819282017497698 0.018718438324993088 -0.0059331927871896541 0.071179985092246628 0.003640569781575067 0.037586222123758263 0.0017104326518483505 0.0041777955339478015 -0.010449201919085454 -0.0040842192590996263 -0.0033234356027364242 -0.0023334996359747609 -0.02461069948829845 -0.0010507137273251743 -0.0063010781471375312 0.0052355891120095775 0.013003800764859932 0.00951875553408911 -0.018521106070355842 0.057213865614696435 0.062855126228685804 -0.01762843454681871 0.0023244349276544795 0.0096533585425083862 -0.00021542393094478029 0.011991807639187897 -0.0032584254790656076 -0.013647773607128216
leaf_weight=2003 39 58 176 161 269 1607 28 24 438 20 247 22 20 305 137 974 545 46 1094 421 27 63 118 23 52 132 64 212 189 146
leaf_count=2003 39 58 176 161 269 1607 28 24 438 20 247 22 20 305 137 974 545 46 1094 421 27 63 118 23 52 132 64 212 189 146
internal_value=0.00124224 -0.0209516 0.0263548 0.0308861 -0.0103683 0.0357532 0.0233846 -0.0161272 0.00801782 -0.035082 -0.0191577 -0.0200201 0.0259542 -0.00760331 -0.028125 -0.00521964 -0.0149429 0.00117647 0.026025 0.00935972 -0.0361773 0.0378796 0.0290196 0.0176744 -0.0100348 0.0137662 -0.0147748 0.0277748 -0.00348548 -0.0216867
internal_weight=9660 5128 4532 3634 2932 2204 1430 1384 898 2196 1021 997 393 363 384 1548 613 68 1122 859 2030 1811 204 86 574 308 333 373 241 166
internal_count=9660 5128 4532 3634 2932 2204 1430 1384 898 2196 1021 997 393 363 384 1548 613 68 1122 859 2030 1811 204 86 574 308 333 373 241 166
is_linear=0
shrinkage=0.08


Tree=17
num_leaves=31
num_cat=0
split_feature=39 31 39 31 7 13 1 6 6 13 13 7 39 39 4 7 1 33 21 19 29 39 31 5 5 13 31 7 1 39
split_gain=782.227 112.446 67.5911 26.9896 12.914 10.16 6.61344 5.946 5.26761 5.15318 4.64078 3.82851 3.80043 5.36384 3.73373 3.64589 6.44792 3.54493 3.53199 3.21838 3.15672 3.38136 3.08482 2.7106 2.40134 2.24444 2.52167 2.446 2.36862 2.23366
threshold=86.197117530195129 14.750550000000002 90.90483909241523 17.110850000000003 15.600404166666669 15.390450000000003 20.500000000000004 0.7185068884176794 0.1917760917632044 20.384450000000005 16.775850000000002 15.150900000000002 70.575856059946418 81.945894062284438 26.500000000000004 17.56838083333334 6.5000000000000009 0.034500000000000426 17.056050000000003 15.213850000000003 14.784150000000002 80.845024030206517 16.892300000000002 15.085303333333334 15.078396666666668 15.444000000000001 15.213850000000003 16.436558333333338 13.500000000000002 93.256932608717065
decision_type=2 2 2 2 2 2 2 2 2 2 2 2 2 2 2 2 2 2 2 2 2 2 2 2 2 2 2 2 2 2
left_child=1 6 10 4 14 8 20 18 17 -6 22 -8 -10 24 -4 16 -9 -3 29 -7 21 -1 25 -15 -14 28 -27 -28 -2 -5
right_child=2 5 3 7 9 19 11 15 12 -11 -12 -13 13 23 -16 -17 -18 -19 -20 -21 -22 -23 -24 -25 -26 26 27 -29 -30 -31
leaf_value=-0.037502476347616491 -0.010382473513967767 -0.0081611363991824244 0.01162006136969353 0.013447311727749139 0.011963496703671125 -0.0060798843892918347 -0.019105958668150579 -0.0092907659497002016 0.034579324353857716 -0.0040867676222868 0.008937188385458655 0.015998573953941601 -0.0096132657655586227 -3.887575667569365e-05 -0.03814108861304305 0.067005445952522683 0.035596666680183943 -0.0010513720080328427 0.065485586284866878 -0.0017390057103366986 -0.01345447219722587 -0.0059280782071328983 -0.0054891946521834715 -0.0058785625727880847 -0.022641843529234509 0.01548932359375982 0.003582002495995482 -0.0012826328395530596 0.0021067522601949662 0.004680901793037151
leaf_weight=1795 33 123 20 153 1439 150 180 44 24 24 198 22 247 76 36 104 107 239 1605 1274 169 29 52 514 137 31 633 141 24 37
leaf_count=1795 33 123 20 153 1439 150 180 44 24 24 198 22 247 76 36 104 107 239 1605 1274 169 29 52 514 137 31 633 141 24 37
internal_value=0.00122567 -0.0208476 0.0247041 0.03007 0.0219882 -0.0101724 -0.0343872 0.0360585 -0.0151176 0.0234313 0.00748201 -0.0205941 -0.0181162 -0.0188912 -0.0157143 0.0246275 0.0166887 -0.00685083 0.0376825 -0.00544944 -0.0357852 -0.0367544 0.00507659 -0.0141017 -0.02625 0.0062181 0.00730435 0.00640827 -0.00912281 0.0273684
internal_weight=9660 4979 4681 3569 1519 2784 2195 2050 1360 1463 1112 202 998 974 56 255 151 362 1795 1424 1993 1824 914 590 384 862 805 774 57 190
internal_count=9660 4979 4681 3569 1519 2784 2195 2050 1360 1463 1112 202 998 974 56 255 151 362 1795 1424 1993 1824 914 590 384 862 805 774 57 190
is_linear=0
shrinkage=0.08


Tree=18
num_leaves=31
num_cat=0
split_feature=39 31 31 39 13 23 39 5 21 1 7 6 21 19 7 6 1 4 21 19 15 8 31 6 7 1 39 33 4 5
split_gain=717.489 114.959 54.2885 18.8848 12.9153 10.0791 8.39011 6.52935 5.94292 5.1563 4.51842 3.93535 3.57302 3.2403 2.94952 3.03786 3.2118 2.9246 5.44188 2.95177 2.73719 2.55119 2.51984 2.48756 3.11414 3.81446 2.29711 2.16776 2.30526 2.14775
threshold=87.009243681298301 14.683200000000001 16.892300000000002 93.288199601477999 15.390450000000003 16.566100000000002 89.913267591553748 14.20667880952381 17.189100000000007 2.5000000000000004 15.083865000000003 0.65826741301574809 14.750550000000002 15.213850000000003 16.175352500000006 0.20306586990973829 3.5000000000000004 17.500000000000004 17.423700000000004 16.269450000000003 15.249300000000002 0.21264450830246548 15.000850000000002 0.76320403382708191 17.56838083333334 3.5000000000000004 84.597606935303943 0.036499999999999318 47.500000000000007 15.389376666666669
decision_type=2 2 2 2 2 2 2 2 2 2 2 2 2 2 2 2 2 2 2 2 2 2 2 2 2 2 2 2 2 2
left_child=1 7 5 6 9 10 -4 -1 -5 21 -2 -9 -11 26 15 16 -14 -7 19 -19 22 -3 -18 -10 25 -25 -6 -22 -29 -17
right_child=2 4 3 8 13 17 -8 11 23 12 -12 -13 14 -15 -16 29 20 18 -20 -21 27 -23 -24 24 -26 -27 -28 28 -30 -31
leaf_value=-0.045078297526916486 -0.025829358879077662 -0.0077601556900455653 -0.0051455910671951701 0.015711003866426269 -0.0068138010937188655 0.012490584447845947 0.012371526789529241 -0.015010179240783685 0.063470768923093029 -0.013498813997167219 0.0035645863926160358 -0.02039091177561261 -0.00847662108763899 -0.0013855183860103182 0.023046545796777524 -0.0046811669606709929 -0.0021557022439381512 -0.00093669242788024581 -0.011268385988395409 0.0095875351088372442 -0.0059870104924748804 -0.019840150396910162 0.0030030122834469354 -0.016760958077409641 0.068084982200149122 0.035854727641546021 0.0023049493178723423 -0.00033638395903096808 -0.0069620176379302737 -0.0079494555190247947
leaf_weight=1138 47 46 48 214 133 253 1000 876 1484 211 702 66 50 1419 22 430 127 46 33 513 62 142 81 24 92 50 21 113 25 192
leaf_count=1138 47 46 48 214 133 253 1000 876 1484 211 702 66 50 1419 22 430 127 46 33 513 62 142 81 24 92 50 21 113 25 192
internal_value=0.00144928 -0.0189367 0.024767 0.0312637 -0.00910865 0.0128984 0.0226718 -0.0334615 0.0360944 -0.0144171 0.00614152 -0.028535 -0.0126428 -0.00404323 -0.0108167 -0.0114074 -0.00646288 0.0188876 0.0158108 0.0176744 -0.00411765 -0.0268085 0.00230769 0.0377212 0.0284337 0.0162162 -0.0150649 -0.0108 -0.00521739 -0.0150482
internal_weight=9660 5154 4506 2912 3074 1594 1048 2080 1864 1501 749 942 1313 1573 1102 1080 458 845 592 559 408 188 208 1650 166 74 154 200 138 622
internal_count=9660 5154 4506 2912 3074 1594 1048 2080 1864 1501 749 942 1313 1573 1102 1080 458 845 592 559 408 188 208 1650 166 74 154 200 138 622
is_linear=0
shrinkage=0.08


Tree=19
num_leaves=31
num_cat=0
split_feature=39 31 31 23 6 13 7 5 21 6 1 7 29 13 21 6 17 39 25 8 39 29 1 13 13 39 21 5 29 39
split_gain=657.532 120.341 59.0307 15.4118 13.3234 11.9428 7.41785 6.4911 5.67936 4.78145 4.76974 4.41628 4.06344 4.05596 3.87699 3.82962 3.16022 3.10904 2.99172 2.85917 2.83882 4.32967 2.54127 2.52466 2.42849 2.75194 2.2567 2.45524 2.22915 2.19096
threshold=87.009243681298301 14.683200000000001 17.117000000000004 16.603000000000005 0.7185068884176794 15.408500000000002 17.656566666666674 14.20667880952381 17.325350000000004 0.23408787458331928 2.5000000000000004 14.784903333333336 18.120150000000006 20.384450000000005 15.294250000000002 0.65826741301574809 16.750600000000002 91.286024517204865 17.488600000000002 1.8732654209796946 82.525013145595366 15.105100000000002 21.500000000000004 14.784150000000002 16.108650000000004 81.396138763479414 15.798950000000003 15.407906666666671 15.656950000000002 85.512778219071365
decision_type=2 2 2 2 2 2 2 2 2 2 2 2 2 2 2 2 2 2 2 2 2 2 2 2 2 2 2 2 2 2
left_child=1 7 3 11 8 9 10 -1 -4 14 -6 -2 -12 17 22 -9 20 18 -5 -13 -11 -22 -3 -24 25 -7 27 28 -16 -27
right_child=2 5 4 13 6 24 -8 15 -10 16 12 19 -14 -15 26 -17 -18 -19 -20 -21 21 -23 23 -25 -26 29 -28 -29 -30 -31
leaf_value=-0.041472033724763123 -0.030421848803568425 -0.0065350937044732407 0.015793981160038585 0.0087541958747453918 -0.0071508100969208503 -0.017829966826623009 0.062638183624137297 -0.013809364901520951 0.059222472383076909 -0.018220557769574982 0.029784880942829092 0.0028855576961743169 -0.003824580276622953 -0.0034982539634214049 0.00013450181578853916 -0.018759638833563626 0.028765259990830429 0.010239414158670286 -0.0017713101432900657 0.0098973706519142023 0.0027348936033722991 -0.0070571501326109854 -0.0043690371106700357 0.0064972018747825192 0.0031503638645416741 -0.002033440778269622 0.0046302336153367209 -0.0071214896576090323 -0.0068939536799890533 0.00048803356064638595
leaf_weight=1138 35 693 419 356 59 25 91 876 1348 229 105 692 34 22 236 66 23 1235 28 82 30 162 27 34 115 1086 24 87 28 275
leaf_count=1138 35 693 419 356 59 25 91 876 1348 229 105 692 34 22 236 66 23 1235 28 82 30 162 27 34 115 1086 24 87 28 275
internal_value=0.00118427 -0.0183314 0.0235064 0.0151184 0.0335019 -0.00827586 0.0175779 -0.0331923 0.0361064 -0.0131469 0.00888889 0.00608158 0.0169784 0.0195734 -0.0103809 -0.0282803 -0.0201802 0.0200371 0.01375 0.0073385 -0.0217577 -0.0145833 -0.013687 0.00196721 -0.00317122 -0.00409812 -0.00373333 -0.00535613 -0.00151515 -0.00361499
internal_weight=9660 5154 4506 2450 2056 3074 289 2080 1767 1573 198 809 139 1641 1129 942 444 1619 384 774 421 192 754 61 1501 1386 375 351 264 1361
internal_count=9660 5154 4506 2450 2056 3074 289 2080 1767 1573 198 809 139 1641 1129 942 444 1619 384 774 421 192 754 61 1501 1386 375 351 264 1361
is_linear=0
shrinkage=0.08


Tree=20
num_leaves=31
num_cat=0
split_feature=39 21 7 39 7 15 4 39 39 13 31 6 13 1 39 31 5 1 1 25 7 1 29 7 39 13 21 21 7 7
split_gain=610.651 141.547 41.9861 13.0408 12.5674 9.77029 8.34783 8.20699 7.92087 5.12116 4.81475 5.51127 4.85235 4.25964 6.40787 3.24856 2.92516 2.88205 2.8626 2.7394 2.64923 2.58867 2.58398 2.6505 2.53262 2.53241 2.46176 3.31506 2.47475 2.44975
threshold=89.196301853201206 14.750550000000002 18.067215000000001 85.331429661058039 15.716931666666669 15.426750000000002 11.500000000000002 90.90483909241523 78.00108712343075 15.593050000000002 17.155700000000007 0.31083398291248526 20.384450000000005 4.5000000000000009 82.525013145595366 14.683200000000001 15.357210000000002 22.500000000000004 3.5000000000000004 15.123600000000001 15.33121666666667 22.500000000000004 15.621500000000003 15.694793333333335 93.07775914585234 16.681500000000003 16.403200000000002 15.763450000000002 17.02900416666667 16.494065833333337
decision_type=2 2 2 2 2 2 2 2 2 2 2 2 2 2 2 2 2 2 2 2 2 2 2 2 2 2 2 2 2 2
left_child=1 5 4 9 6 8 -2 -6 17 13 12 -12 -9 14 -3 19 -17 -1 -13 -15 -18 -10 -11 -24 -20 -8 27 -5 -28 -29
right_child=2 3 -4 26 7 -7 25 10 21 22 11 18 -14 15 -16 16 20 -19 24 -21 -22 -23 23 -25 -26 -27 28 29 -30 -31
leaf_value=-0.040802281280688392 0.037402773205925256 -0.013142249392277847 0.060095281542427589 -0.0021031669639368289 0.0050746137220360763 0.0073792909256266623 -0.0028383967005356681 0.009659517423085618 -0.011714299102954016 -0.0024454951150310934 0.020678361779618373 -0.00030347900528909121 -0.0035553537292170746 -0.013205377359890918 -0.0028957897894206041 -0.0019713357068771131 -0.009607248806758336 -0.032104710989936225 0.0045973226186183068 0.00041324877320306544 -0.0035108561554832818 -0.0051667299532421399 -0.0032722045871377502 0.0013944480271600669 0.029474269527442375 -0.037950999933713661 -0.004607311643772931 0.003462715922334496 0.0052278629570426463 -0.0015791397569722677
leaf_weight=1100 23 229 1027 302 334 32 34 1556 1039 437 628 43 27 71 167 487 42 23 66 21 745 35 46 208 156 35 90 548 20 89
leaf_count=1100 23 229 1027 302 334 32 34 1556 1039 437 628 43 27 71 167 487 42 23 66 21 745 35 46 208 156 35 90 548 20 89
internal_value=0.00102692 -0.0156273 0.0253194 -0.0055968 0.0203997 -0.0313863 -0.00869565 0.0213523 -0.0320255 -0.00878924 0.0229402 0.0276372 0.0202906 -0.0110783 -0.0183838 -0.00896047 -0.00791209 -0.0367231 0.0179623 -0.0234783 -0.0109276 -0.0271136 -0.00295224 0.00346457 0.0216216 -0.0226087 0.00186845 0.00319489 -0.00945455 0.00646782
internal_weight=9660 5731 3929 3502 2902 2229 92 2810 2197 2453 2476 893 1583 1762 396 1366 1274 1123 265 92 787 1074 691 254 222 69 1049 939 110 637
internal_count=9660 5731 3929 3502 2902 2229 92 2810 2197 2453 2476 893 1583 1762 396 1366 1274 1123 265 92 787 1074 691 254 222 69 1049 939 110 637
is_linear=0
shrinkage=0.08


Tree=21
num_leaves=31
num_cat=0
split_feature=39 21 7 39 2 31 7 7 29 21 1 7 13 39 21 21 39 13 21 13 29 27 6 1 31 31 31 1 6 8
split_gain=537.292 124.111 52.4269 13.6399 12.6729 10.063 8.26441 6.61686 5.44987 5.07927 4.95211 5.38054 5.12915 4.66333 4.58031 3.61917 3.44467 3.42178 3.23467 2.98446 2.97982 2.79802 2.77777 2.82021 2.64199 2.72654 2.60425 2.27236 2.23452 2.2275
threshold=88.991842909234137 14.683200000000001 18.067215000000001 83.16612244064099 5.5000000000000009 17.056050000000003 15.471437500000002 15.121065833333335 18.731750000000002 17.155700000000007 3.5000000000000004 16.25670666666667 14.510650000000002 82.525013145595366 15.621500000000003 16.403200000000002 77.382816327445269 20.384450000000005 16.226550000000003 17.230950000000004 17.005200000000006 14.708300000000003 0.29217317706166751 3.5000000000000004 14.514900000000003 15.330900000000002 15.935150000000002 22.500000000000004 0.16543343503931554 0.21557456051323395
decision_type=2 2 2 2 2 2 2 2 2 2 2 2 2 2 2 2 2 2 2 2 2 2 2 2 2 2 2 2 2 2
left_child=1 4 5 10 6 7 16 -2 9 -7 13 12 -12 -3 -5 18 -1 19 -16 20 -9 27 -11 -24 -14 28 -21 29 -26 -18
right_child=2 3 -4 14 -6 8 -8 17 -10 22 11 -13 24 -15 15 -17 21 -19 -20 26 -22 -23 23 -25 25 -27 -28 -29 -30 -31
leaf_value=-0.034418057884678603 -0.023926846410220221 -0.013140285934234868 0.055287659019033417 -0.0019728199917722123 -0.037538098778233289 0.0095683770087028105 0.012432063225083709 0.0054528382956308971 -0.0005374428013868737 0.02052939280846772 -0.0096517536357614373 0.053844073330180042 -0.0094298760752019456 0.0011303961992213374 0.00028768592010038676 -0.0050445029918216736 -0.0086832880441531299 -0.00980262649391264 0.0061327434041496074 0.0025311806003156792 0.0086474996321300075 -0.011767471781163011 -0.0002792006848659412 0.022466184589119392 0.0018070242771636913 -0.0061291211600735095 0.011464788842596647 0.0069821342761240144 -0.0026156138931464311 -0.015091586771397374
leaf_weight=219 42 201 1027 1087 981 422 27 787 52 518 112 27 42 37 939 129 400 23 161 41 547 305 31 156 45 182 317 26 626 151
leaf_count=219 42 201 1027 1087 981 422 27 787 52 518 112 27 42 37 939 129 400 23 161 41 547 305 31 156 45 182 317 26 626 151
internal_value=0.000886128 -0.0148499 0.0235074 -0.0057971 -0.0302513 0.0180654 -0.0244681 0.0142288 0.0237829 0.0249512 -0.0124528 -0.010058 -0.011003 -0.0228571 -0.00214162 0.00120423 -0.0255404 0.0149971 0.00269091 0.0154137 0.0136732 -0.0233107 0.0291064 0.0207487 -0.00898324 -0.00801876 0.0218994 -0.0200347 -0.00566319 -0.0211252
internal_weight=9660 5697 3963 3588 2109 2936 1128 1757 1179 1127 1272 1034 1007 238 2316 1229 1101 1715 1100 1692 1334 882 705 187 895 853 358 577 671 551
internal_count=9660 5697 3963 3588 2109 2936 1128 1757 1179 1127 1272 1034 1007 238 2316 1229 1101 1715 1100 1692 1334 882 705 187 895 853 358 577 671 551
is_linear=0
shrinkage=0.08


Tree=22
num_leaves=31
num_cat=0
split_feature=39 31 7 39 13 29 4 39 5 8 7 1 39 4 39 13 7 29 6 7 6 21 4 1 6 39 8 5 15 13
split_gain=501.444 120.814 54.7458 13.6675 11.9842 9.4253 10.0031 6.60253 7.14984 5.65301 5.14577 4.8825 5.6223 4.00945 3.57352 3.46184 4.70647 3.15229 3.07655 3.53544 2.95242 2.63123 2.8602 2.62166 2.61649 2.35534 2.30009 2.28969 2.28827 2.21009
threshold=89.196301853201206 14.683200000000001 18.067215000000001 77.382816327445269 15.408500000000002 16.603000000000005 26.500000000000004 93.887166428019768 18.496380000000006 1.7064975938968319 15.760182500000001 4.5000000000000009 82.426590090121877 28.500000000000004 85.512778219071365 17.325350000000004 17.129069166666671 18.825550000000003 0.20572989243422568 16.031502500000006 0.23702015940509177 17.155700000000007 33.500000000000007 20.500000000000004 1.3488920956860124 91.486677044661903 0.25044152161473282 15.365283333333336 17.268550000000001 16.108650000000004
decision_type=2 2 2 2 2 2 2 2 2 2 2 2 2 2 2 2 2 2 2 2 2 2 2 2 2 2 2 2 2 2
left_child=1 3 5 23 11 6 20 15 17 13 -8 12 -3 -5 29 16 -7 21 -13 24 -2 22 -9 -1 -20 -18 -24 -14 -12 -6
right_child=2 4 -4 9 14 7 10 8 -10 -11 28 18 27 -15 -16 -17 25 -19 19 -21 -22 -23 26 -25 -26 -27 -28 -29 -30 -31
leaf_value=-0.036283076222654247 -0.0014963820299416853 -0.012463042604854948 0.050864646297510772 -0.0079886250006208567 -0.0017278500808204456 0.007698547050498235 -0.026955471464568604 0.018477168238318173 -0.0023262609655687072 0.0055236860718576967 0.0025829637055554146 -0.0017741094476100016 -0.00010987501400009592 -0.011772946066732289 0.00098641428954636011 0.010889142532358278 -0.0059139794096623177 -0.0057517948020716862 -0.0039013318326165348 0.033957309796103917 0.024772169923435571 0.021066966920899974 -0.0012926532034467186 -0.02318400440310164 -0.041559708023882112 0.0027940342472925297 0.0043321747685760668 -0.010386280964411939 -0.0059282792745767665 0.0028251590487302991
leaf_weight=912 33 208 1027 551 1111 1267 45 102 46 23 149 540 113 578 845 327 35 20 575 23 142 526 31 30 66 106 40 64 33 92
leaf_count=912 33 208 1027 551 1111 1267 45 102 46 23 149 540 113 578 845 327 35 20 575 23 142 526 31 30 66 106 40 64 33 92
internal_value=0.000944099 -0.0141476 0.0229575 -0.0294556 -0.00533407 0.0173398 0.00597015 0.019168 0.0253595 -0.0236111 -0.00511013 -0.0105475 -0.0183896 -0.024411 -0.00128906 0.016438 0.0147159 0.0273157 -0.00803987 -0.0116867 0.0203429 0.0282117 0.0196532 -0.036603 -0.0127925 0.000851064 0.00732394 -0.0079096 0.000879121 -0.00408978
internal_weight=9660 5731 3929 2094 3637 2902 402 2500 765 1152 227 1589 385 1129 2048 1735 1408 719 1204 664 175 699 173 942 641 141 71 177 182 1203
internal_count=9660 5731 3929 2094 3637 2902 402 2500 765 1152 227 1589 385 1129 2048 1735 1408 719 1204 664 175 699 173 942 641 141 71 177 182 1203
is_linear=0
shrinkage=0.08


Tree=23
num_leaves=31
num_cat=0
split_feature=39 31 7 39 13 7 39 4 5 8 2 21 4 13 4 1 39 39 39 6 7 13 1 7 29 1 15 17 33 33
split_gain=457.08 115.278 61.2999 13.7477 9.96284 9.00554 7.09002 7.01449 6.02504 5.37652 4.98675 4.64235 4.61253 4.51165 3.58439 3.41275 4.21414 3.33782 3.07589 3.2359 3.07219 3.03558 3.02657 2.70252 2.70173 2.64404 2.49585 3.53732 2.36795 2.28584
threshold=89.196301853201206 14.683200000000001 18.067215000000001 77.382816327445269 15.408500000000002 15.716931666666669 93.887166428019768 11.500000000000002 18.496380000000006 1.7064975938968319 5.5000000000000009 17.110850000000003 26.500000000000004 16.717400000000001 28.500000000000004 4.5000000000000009 82.525013145595366 85.512778219071365 76.934746726836622 0.20572989243422568 17.450372500000004 17.456700000000001 20.500000000000004 16.321236666666671 17.071750000000005 18.500000000000004 17.325350000000004 16.750600000000002 -0.12605000000000108 1.0000000180025095e-35
decision_type=2 2 2 2 2 2 2 2 2 2 2 2 2 2 2 2 2 2 2 2 2 2 2 2 2 2 2 2 2 2
left_child=1 3 5 22 10 7 13 -2 11 14 15 12 -8 23 -5 16 -3 -6 -17 29 21 26 -1 -7 -25 -13 -15 -28 -27 -20
right_child=2 4 -4 9 17 6 8 -9 -10 -11 -12 25 -14 20 -16 18 -18 -19 19 -21 -22 -23 -24 24 -26 28 27 -29 -30 -31
leaf_value=-0.033380430124841924 0.031992550691925886 -0.0089051036503091305 0.0467954745937098 -0.0073495350005711654 -0.0013730351379629723 0.0089946890722524125 0.018541849875496438 -0.024799033747403172 -0.002140160088323313 0.0050817911861091147 -0.076203917907026478 0.020139793868476943 0.00038288298168964729 0.007456131140135938 -0.010831110381393642 0.020924791784876506 -0.002446087493695188 0.00090750114638268539 -0.0044538480845751852 -0.0048656983405563634 0.0015228450991945409 0.01271172057118946 -0.021329284050853447 -0.0013766714675463732 0.0067185953616234429 0.0032048571899593982 0.0089397744108342184 0.0026283753230084985 0.018850137668467822 7.1751994421447311e-05
leaf_weight=912 23 200 1027 551 1203 91 91 69 46 23 34 382 101 1098 578 32 161 845 179 622 126 162 30 165 66 36 48 220 178 361
leaf_count=912 23 200 1027 551 1203 91 91 69 46 23 34 382 101 1098 578 32 161 845 179 622 126 162 30 165 66 36 48 220 178 361
internal_value=0.000861284 -0.0135474 0.0218783 -0.0285005 -0.00493814 0.0159338 0.0167402 -0.00869565 0.0229257 -0.0226389 -0.00969163 0.0245685 0.01375 0.0141296 -0.023419 -0.00902894 -0.0158449 -0.00125 -0.00696817 -0.007642 0.0158162 0.0168063 -0.0356688 0.00546584 0.000865801 0.0280537 0.0155783 0.00865672 0.0209346 -0.00311111
internal_weight=9660 5731 3929 2094 3637 2902 2810 92 834 1152 1589 788 192 1976 1129 1555 361 2048 1194 1162 1654 1528 942 322 231 596 1366 268 214 540
internal_count=9660 5731 3929 2094 3637 2902 2810 92 834 1152 1589 788 192 1976 1129 1555 361 2048 1194 1162 1654 1528 942 322 231 596 1366 268 214 540
is_linear=0
shrinkage=0.08


Tree=24
num_leaves=31
num_cat=0
split_feature=39 21 7 39 31 31 6 15 1 7 5 7 21 31 21 39 39 15 29 31 15 23 8 39 4 4 39 25 17 4
split_gain=419.433 102.996 65.2515 15.5984 13.0988 7.13895 5.96041 5.40091 5.16734 8.0009 5.43935 5.15069 5.02085 4.36601 3.78975 3.4955 3.32262 3.08175 2.93519 2.76432 2.73938 2.58496 3.32842 2.5839 2.57165 2.56202 2.48937 3.05176 2.87288 2.47947
threshold=89.196301853201206 14.543600000000001 18.067215000000001 81.945894062284438 14.260600000000002 17.172400000000007 0.28954053125244267 15.426750000000002 4.5000000000000009 15.53871166666667 15.370150000000002 15.121065833333335 15.763450000000002 17.531950000000005 16.403200000000002 93.168025594518625 110.84529575396795 17.228650000000005 18.120150000000006 14.683200000000001 14.708300000000003 14.968750000000002 0.2307432419469391 78.905111044561679 31.500000000000004 40.500000000000007 91.286024517204865 16.775850000000002 17.149950000000004 7.5000000000000009
decision_type=2 2 2 2 2 2 2 2 2 2 2 2 2 2 2 2 2 2 2 2 2 2 2 2 2 2 2 2 2 2
left_child=1 4 5 8 20 11 13 23 -3 10 19 24 21 17 -14 -8 26 -7 -17 -10 -1 22 -5 -6 -2 -20 28 -28 -13 -21
right_child=2 3 -4 12 7 6 15 -9 9 -11 -12 16 14 -15 -16 18 -18 -19 25 29 -22 -23 -24 -25 -26 -27 27 -29 -30 -31
leaf_value=-0.030709995714854586 0.0039692267607210141 -0.0099681126609657156 0.04305183662621289 -0.0065160809809614766 -0.01234186451305419 0.013096762240358543 -0.00027144647721286222 0.013564883289731853 -0.0055733810608573006 0.033766796908819001 -0.042929154507421005 0.0031449438957905328 0.0018621299580316021 0.042061897072500756 -0.0047924559873501948 0.023699842014005698 -0.0040105290768904919 0.00649949556250661 -0.0088931406384011782 -0.0087535680005566968 -0.015085309731501156 -0.0017238736703012593 0.0056040541417200981 -0.0080000742508838131 -0.02966817925517283 0.02569220437603633 0.01165453214643378 0.0061818314263936717 0.0072370053334437044 -0.0015592393859627407
leaf_weight=958 22 223 1027 34 438 367 99 20 418 40 44 402 766 145 151 151 28 82 32 66 22 1887 59 266 20 20 263 1165 106 339
leaf_count=958 22 223 1027 34 438 367 99 20 418 40 44 402 766 145 151 151 28 82 32 66 22 1887 59 266 20 20 263 1165 106 339
internal_value=0.00113458 -0.0126679 0.0212675 -0.00569158 -0.0291549 0.0151344 0.0210714 -0.0209945 -0.0136637 -0.0109813 -0.0125952 0.0124826 -0.00258198 0.0257239 0.00231189 0.0119205 0.0130754 0.0218263 0.017931 -0.01113 -0.0351837 -0.00484848 0.00817204 -0.0221591 -0.0152381 0.00153846 0.0134711 0.0151821 0.00866142 -0.00641975
internal_weight=9660 5731 3929 4027 1704 2902 896 724 1130 907 867 2006 2897 594 917 302 1964 449 203 823 980 1980 93 704 42 52 1936 1428 508 405
internal_count=9660 5731 3929 4027 1704 2902 896 724 1130 907 867 2006 2897 594 917 302 1964 449 203 823 980 1980 93 704 42 52 1936 1428 508 405
is_linear=0
shrinkage=0.08


Tree=25
num_leaves=31
num_cat=0
split_feature=39 21 7 39 39 31 1 6 7 1 1 7 5 31 39 33 13 4 15 39 31 8 4 29 39 15 5 33 4 7
split_gain=384.97 101.524 70.9716 16.8938 10.0363 7.15855 6.67188 5.96596 4.16294 4.13561 3.98796 7.41203 4.22146 4.43131 3.62467 3.51731 3.33134 3.26739 3.17978 3.1089 3.08362 3.02507 2.8065 5.58809 5.48862 4.42522 4.21072 3.13582 2.79571 2.79034
threshold=89.196301853201206 14.4777 18.067215000000001 81.945894062284438 78.745241551140623 17.268550000000001 20.500000000000004 0.28295359129099712 15.121065833333335 1.5000000000000002 4.5000000000000009 15.642015833333334 15.382703333333337 14.514900000000003 94.515768925961012 -0.29839999999999905 14.867400000000002 49.500000000000007 15.656950000000002 85.331429661058039 14.230700000000001 1.347420269793419 26.500000000000004 16.628950000000003 93.90184832027272 17.268550000000001 16.335296666666672 0.26110000000000083 7.5000000000000009 14.536960000000002
decision_type=2 2 2 2 2 2 2 2 2 2 2 2 2 2 2 2 2 2 2 2 2 2 2 2 2 2 2 2 2 2
left_child=1 4 5 10 6 8 20 14 -2 -5 -3 12 13 15 -7 -12 -6 19 -19 -11 -1 -20 24 25 26 -24 -10 -25 -15 -8
right_child=2 3 -4 9 16 7 29 -9 22 17 11 -13 -14 28 -16 -17 -18 18 21 -21 -22 -23 23 27 -26 -27 -28 -29 -30 -31
leaf_value=-0.028882764705127215 -0.016844380180666932 -0.0091671725380048485 0.03960768969611593 0.0019099889973031737 -0.0090778809118506852 0.011456023142535798 -0.020765026746462214 0.0097842985036064086 0.0257052388415039 -0.0013483875609745155 0.00022794233914673613 0.04057531311068132 -0.03949482214682732 -0.0072819096654333747 0.025937796051084375 -0.0085718790379512196 0.001145078283135348 -0.0046674680686142975 0.00092962689067931591 0.0007963792648352097 -0.013776099996509857 -0.011042888002052536 0.0012506507350762775 0.0069085061901205339 0.019806739596884029 -0.011052506715252193 0.004586281133315424 0.0024668408263579522 -0.0024199281605287127 0.019823230591955295
leaf_weight=880 42 247 1027 321 185 246 45 268 67 1479 50 36 45 101 207 257 42 258 148 670 322 22 158 802 175 38 723 176 599 24
leaf_count=880 42 247 1027 321 185 246 45 268 67 1479 50 36 45 101 207 257 42 258 148 670 322 22 158 802 175 38 723 176 599 24
internal_value=0.00100207 -0.0122213 0.0202902 -0.00588708 -0.0301202 0.0138939 -0.0328875 0.0208044 0.0116094 -0.00245687 -0.0133333 -0.01125 -0.0124715 -0.0114002 0.0264018 -0.0194137 -0.0146256 -0.00352348 -0.00990654 -0.00225221 -0.0342762 -0.00141176 0.0120991 0.00947189 0.0152953 -0.00285714 0.0124557 0.0119427 -0.00788571 -0.00869565
internal_weight=9660 5731 3929 4233 1498 2902 1271 721 2181 2898 1335 1088 1052 1007 453 307 227 2577 428 2149 1202 170 2139 1174 965 196 790 978 700 69
internal_count=9660 5731 3929 4233 1498 2902 1271 721 2181 2898 1335 1088 1052 1007 453 307 227 2577 428 2149 1202 170 2139 1174 965 196 790 978 700 69
is_linear=0
shrinkage=0.08


Tree=26
num_leaves=31
num_cat=0
split_feature=39 21 7 39 31 31 15 21 5 7 4 21 8 6 31 1 7 5 25 4 39 29 1 31 19 21 8 15 17 39
split_gain=355.034 102.821 74.0776 15.7211 10.2016 6.06879 5.92898 5.56045 4.63303 4.55079 5.43441 4.2211 3.7445 3.58837 3.46496 3.73295 3.09578 5.53069 2.93754 2.85321 4.69491 3.6428 3.05375 2.72561 2.78978 2.62398 2.37693 2.35411 2.3212 2.2749
threshold=89.913267591553748 14.461300000000001 18.067215000000001 81.945894062284438 14.18125 17.325350000000004 15.426750000000002 17.005200000000006 18.496380000000006 15.53871166666667 14.500000000000002 15.763450000000002 1.7243483700346605 0.29934151911072543 14.411800000000001 4.5000000000000009 15.53871166666667 15.382703333333337 17.155700000000007 29.500000000000004 94.112832549685535 16.681500000000003 1.5000000000000002 16.413050000000002 16.9785 17.531950000000005 0.20778568378296108 17.325350000000004 16.775850000000002 78.636758680604913
decision_type=2 2 2 2 2 2 2 2 2 2 2 2 2 2 2 2 2 2 2 2 2 2 2 2 2 2 2 2 2 2
left_child=1 4 5 12 -1 9 29 -7 25 10 -2 -5 14 -13 -3 26 17 -17 19 20 23 22 -21 -11 -25 27 -16 -9 -23 -6
right_child=2 3 -4 11 6 7 -8 8 -10 18 -12 13 -14 -15 15 16 -18 -19 -20 21 -22 28 -24 24 -26 -27 -28 -29 -30 -31
leaf_value=-0.026842559788482705 0.025736631975292357 -0.009462673520325638 0.03643907452042669 -0.0012919900411490915 -0.016190340687399357 0.00073960718279977302 0.0086839212063393491 0.011176123659795962 -0.0022530703766648233 0.029324357144364939 -0.023152128208116806 0.0018613453881098252 0.028690489560088395 -0.0027831354811164032 -0.0037891699487036593 -0.0037816398508837071 0.021918377189346926 -0.036335236375081195 0.0036346898490813829 0.0079234663760027503 0.016576759188048129 0.010045583204862965 -0.0020229064860066617 0.0039580119504202572 0.006792686718838468 0.035182201014687567 -0.010244599404809946 0.0018937371438980221 0.0065901753592301302 -0.0080707622700271035
leaf_weight=826 20 161 1027 1985 402 84 24 249 47 36 42 784 21 231 62 896 21 38 651 25 131 67 118 306 284 189 157 41 508 227
leaf_count=826 20 161 1027 1985 402 84 24 249 47 36 42 784 21 231 62 896 21 38 651 25 131 67 118 306 284 189 157 41 508 227
internal_value=0.000811594 -0.0116058 0.0197542 -0.00541781 -0.029831 0.0130093 -0.0223583 0.0200656 0.0231179 0.011042 -0.0103226 -0.00218667 -0.0125664 0.00200985 -0.0130936 -0.0115843 -0.00942408 -0.0101071 0.0116651 0.0136407 0.0170674 0.0100279 -0.0013986 0.0141853 0.0128814 0.0254697 -0.0210046 0.0206897 0.0128696 -0.0238474
internal_weight=9660 5835 3825 4356 1479 2798 653 610 526 2188 62 3000 1356 1015 1335 1174 955 934 2126 1475 757 718 143 626 590 479 219 290 575 629
internal_count=9660 5835 3825 4356 1479 2798 653 610 526 2188 62 3000 1356 1015 1335 1174 955 934 2126 1475 757 718 143 626 590 479 219 290 575 629
is_linear=0
shrinkage=0.08


Tree=27
num_leaves=31
num_cat=0
split_feature=39 21 7 13 31 1 7 21 31 39 31 13 4 31 21 8 17 13 6 5 23 39 1 7 21 1 15 33 19 4
split_gain=327.401 95.4193 79.5718 14.7845 11.3843 5.56912 6.84856 4.95326 4.04574 3.89515 4.04718 3.76185 3.71127 4.84378 3.6222 3.58294 3.57647 3.46843 3.37173 3.33697 3.18203 2.98066 2.91738 2.79703 2.92185 2.76003 3.43594 2.5578 2.55423 2.5248
threshold=89.913267591553748 14.461300000000001 18.067215000000001 15.355800000000002 14.312950000000003 1.0000000180025095e-35 15.716931666666669 13.818850000000003 14.411800000000001 92.674550882683249 16.403200000000002 16.717400000000001 26.500000000000004 16.852650000000001 17.462750000000003 0.25834708569991754 16.938100000000002 16.287150000000004 0.23075856749914891 18.142023333333338 19.979150000000001 78.745241551140623 20.500000000000004 14.889894166666668 15.763450000000002 12.500000000000002 15.557500000000003 -0.76014999999999933 17.189100000000007 46.500000000000007
decision_type=2 2 2 2 2 2 2 2 2 2 2 2 2 2 2 2 2 2 2 2 2 2 2 2 2 2 2 2 2 2
left_child=1 4 5 8 21 -2 17 -6 -3 10 -8 15 19 28 16 -12 -15 -7 29 -11 -16 22 -1 -5 27 -20 -27 -25 -14 -10
right_child=2 3 -4 23 7 6 9 -9 18 12 11 -13 13 14 20 -17 -18 -19 25 -21 -22 -23 -24 24 -26 26 -28 -29 -30 -31
leaf_value=-0.024424738745638452 0.042031626398356253 -0.0084153980549355363 0.033523948558792538 -0.060129442393635206 0.006580088904119279 0.0042256772851463611 0.02742396547867287 -0.0091384360414915027 -0.0018970892442535358 0.011728631376675196 0.002630100288023698 0.0043170255123804683 0.0062533805233857724 0.009133554470539736 0.018129279525648058 -0.0024820313781526693 0.0042123628865292067 -0.025121956177695921 -0.0094228301554821325 -0.015881622864358746 -0.0024020906266063948 -0.0087138113931029444 -0.011564347123909328 0.0075146003065312073 0.0013183435387620079 -0.0052047326361319788 0.0062000603826702161 -0.00094048593285954495 -0.0038212231192369475 -0.0047841384318772382
leaf_weight=933 75 162 1027 34 28 24 49 445 1098 555 60 1186 59 178 118 115 255 41 258 20 20 40 33 29 959 159 35 1322 43 300
leaf_count=933 75 162 1027 34 28 24 49 445 1098 555 60 1186 59 178 118 115 255 41 258 20 20 40 33 29 959 159 35 1322 43 300
internal_value=0.00089441 -0.01103 0.019085 -0.00506887 -0.0285869 0.0120944 0.011502 -0.018351 -0.0100994 0.0121294 0.00924823 0.00843497 0.0153846 0.0113522 0.0142207 -0.00251429 0.0106236 -0.0141538 -0.00903784 0.0201043 0.0255072 -0.0333996 -0.0342857 -0.000750853 -0.000415584 -0.0150442 -0.00783505 -0.00281273 -0.00470588 -0.00709585
internal_weight=9660 5835 3825 4356 1479 2798 2723 473 2012 2658 1410 1361 1248 673 571 175 433 65 1850 575 138 1006 966 2344 2310 452 194 1351 102 1398
internal_count=9660 5835 3825 4356 1479 2798 2723 473 2012 2658 1410 1361 1248 673 571 175 433 65 1850 575 138 1006 966 2344 2310 452 194 1351 102 1398
is_linear=0
shrinkage=0.08


Tree=28
num_leaves=31
num_cat=0
split_feature=13 39 7 39 31 15 7 1 5 15 21 1 5 7 39 4 31 7 15 21 29 33 5 17 39 5 31 13 21 5
split_gain=307.312 94.698 79.378 14.602 12.6371 7.93255 6.28091 5.05041 4.72211 4.51688 3.62011 3.29268 3.29244 4.23543 4.05668 4.82207 4.78304 4.25435 3.15212 3.14314 3.04073 3.00093 2.94932 2.9228 2.79498 2.77973 2.76937 2.69871 2.34069 2.33068
threshold=16.603000000000005 78.547036005725758 18.067215000000001 81.945894062284438 14.260600000000002 16.108650000000004 15.716931666666669 1.0000000180025095e-35 15.389376666666669 16.717400000000001 15.971400000000001 13.500000000000002 18.133976666666673 17.56838083333334 94.419249078742538 31.500000000000004 16.787500000000005 17.450372500000004 17.207200000000004 17.462750000000003 14.4777 0.15639999999999968 16.345600000000005 16.938100000000002 92.674550882683249 16.975230000000007 19.315350000000006 17.008900000000004 17.306200000000004 16.259070000000005
decision_type=2 2 2 2 2 2 2 2 2 2 2 2 2 2 2 2 2 2 2 2 2 2 2 2 2 2 2 2 2 2
left_child=1 4 6 8 20 11 9 -8 -3 -2 -5 -6 14 -14 17 -16 -17 18 24 21 -1 -18 -12 -23 29 -20 -4 -27 -19 -9
right_child=2 3 26 10 5 -7 7 12 -10 -11 22 -13 13 -15 15 16 19 28 25 -21 -22 23 -24 -25 -26 27 -28 -29 -30 -31
leaf_value=-0.022717272216182992 0.0031598492667150426 -0.0041960877208461513 0.030842032674089241 -0.00093467484256876793 -0.010455787727810773 0.02385457905076848 0.041896872566137659 0.027067612975260148 -0.032852473028688961 -0.02654283025468324 0.002638868359526043 -0.0050793254271934533 -0.0031255455769148457 0.016172698540444373 0.01552641119017892 -0.0058793616538318364 0.014407684141135633 0.00056627419539125869 0.0097822306205185335 0.016856094809987496 -0.018297332926027112 0.0091936046180778417 -0.00148599298397329 -0.0014069797253088722 0.0087821920301038858 -0.00065951736413069281 0.025149850524852298 0.0048760893476979565 -0.0037983743323374598 0.0044313951430291357
leaf_weight=870 35 1309 996 2299 310 22 62 32 47 34 472 148 58 44 265 31 23 95 83 49 79 36 342 49 448 212 31 214 39 926
leaf_count=870 35 1309 996 2299 310 22 62 32 47 34 472 148 58 44 265 31 23 95 83 49 79 36 342 49 448 212 31 214 39 926
internal_value=0.000910973 -0.0104849 0.0187772 -0.00475274 -0.0284115 -0.0178333 0.0116563 0.0122731 -0.0116814 -0.0121739 -0.00173466 -0.0200873 0.0117358 -0.00235294 0.0123102 0.0191611 0.0093617 0.0107955 0.0117598 0.0150318 -0.0337619 0.00740741 0.00285012 0.000470588 0.0137127 0.00636542 0.037741 0.00375587 -0.00298507 0.0112735
internal_weight=9660 5898 3762 4469 1429 480 2735 2666 1356 69 3113 458 2604 102 2502 453 188 2049 1915 157 949 108 814 85 1406 509 1027 426 134 958
internal_count=9660 5898 3762 4469 1429 480 2735 2666 1356 69 3113 458 2604 102 2502 453 188 2049 1915 157 949 108 814 85 1406 509 1027 426 134 958
is_linear=0
shrinkage=0.08


Tree=29
num_leaves=31
num_cat=0
split_feature=13 21 7 39 39 1 7 13 5 1 17 15 25 21 5 27 7 31 31 21 29 31 15 7 5 17 4 29 31 4
split_gain=279.098 94.2245 83.1644 11.5444 9.69343 6.22493 5.15481 5.33522 7.25 7.14968 6.85096 4.01262 3.44474 3.42449 3.52766 3.00928 4.36524 3.00838 2.90016 2.79641 3.50633 2.66052 2.57596 2.38322 2.30409 2.40231 2.31253 2.70645 3.04575 2.99301
threshold=16.603000000000005 14.444800000000003 18.067215000000001 81.945894062284438 77.382816327445269 20.500000000000004 15.716931666666669 17.344800000000003 18.496380000000006 5.5000000000000009 17.887500000000003 16.717400000000001 17.155700000000007 15.444000000000001 15.357210000000002 15.373050000000001 16.25670666666667 16.029150000000005 14.444800000000003 17.155700000000007 17.363700000000005 19.315350000000006 14.968750000000002 15.139452500000003 15.085303333333334 15.045750000000002 53.500000000000007 15.284800000000002 15.523850000000001 44.500000000000007
decision_type=2 2 2 2 2 2 2 2 2 2 2 2 2 2 2 2 2 2 2 2 2 2 2 2 2 2 2 2 2 2
left_child=1 4 6 15 5 -1 11 12 9 -9 -11 -2 17 24 -15 18 -17 -8 -3 -19 -21 -4 -6 -16 -5 -26 27 -27 -29 -30
right_child=2 3 21 13 22 -7 7 8 -10 10 -12 -13 -14 14 23 16 -18 19 -20 20 -22 -23 -24 -25 25 26 -28 28 29 -31
leaf_value=-0.020923794128458441 0.0029070613253777823 -0.0067927053108698485 0.028374670060161977 0.0025864259572165337 -0.0092704957225106452 0.001729808199544891 0.060190007255460788 0.044973260787837435 -0.003721856172718958 0.0087040652721836406 -0.0036101553682595976 -0.024419403834308542 0.0021135021550563239 0.0046898560735827745 -0.045383703574139247 -0.023483235714765342 0.011127572269148374 0.004020908244524151 -0.0028603707239983579 0.0084369320780527356 -0.0019665629896033466 0.023137862482864195 0.0029495478420754752 -6.0222139894250407e-05 -0.013541904623524701 -0.0031072276271439138 -0.0056117237491241671 0.0010620431160982236 -0.0059693939799858242 0.0075027561736109053
leaf_weight=892 35 215 996 107 443 33 23 164 45 373 43 34 611 99 20 104 25 968 1068 385 54 31 34 1966 56 237 93 388 98 20
leaf_count=892 35 215 996 107 443 33 23 164 45 373 43 34 611 99 20 104 25 968 1068 385 54 31 34 1966 56 237 93 388 98 20
internal_value=0.000836439 -0.0100237 0.0178628 -0.00437722 -0.0281312 -0.0329081 0.010574 0.0111328 0.0176 0.02 0.0144231 -0.0110145 0.00915238 -0.00163424 0.000211031 -0.0103683 -0.0220155 0.0113007 -0.00919719 0.0108316 0.0161276 0.0372736 -0.0188679 -0.000523666 -0.00548549 -0.00681614 -0.00574163 -0.00425303 -0.000948617 -0.0122034
internal_weight=9660 5898 3762 4496 1402 925 2735 2666 625 580 416 69 2041 3084 2085 1412 129 1430 1283 1407 439 1027 477 1986 999 892 836 743 506 118
internal_count=9660 5898 3762 4496 1402 925 2735 2666 625 580 416 69 2041 3084 2085 1412 129 1430 1283 1407 439 1027 477 1986 999 892 836 743 506 118
is_linear=0
shrinkage=0.08


Tree=30
num_leaves=31
num_cat=0
split_feature=39 21 7 31 13 15 7 13 5 1 17 4 4 5 31 39 15 29 33 8 4 31 8 21 23 6 4 31 7 5
split_gain=261.928 92.1959 82.437 12.3139 11.3162 5.97321 4.81516 5.12388 5.5595 6.48078 6.31251 3.86975 3.83087 3.49955 4.62235 3.99038 3.44306 3.10292 2.93914 3.31843 2.91901 3.37733 2.88363 2.76811 4.14984 2.75714 2.74612 2.66052 2.5868 2.43067
threshold=90.90483909241523 14.444800000000003 18.067215000000001 14.18125 15.231050000000002 14.968750000000002 15.716931666666669 17.344800000000003 18.496380000000006 5.5000000000000009 17.887500000000003 28.500000000000004 35.500000000000007 15.448230000000001 14.708300000000003 81.305600427919529 17.191450000000007 14.481250000000001 0.23059999999999994 0.19704768187955354 14.500000000000002 14.4777 0.96992659237771972 15.763450000000002 14.934950000000002 0.29934151911072543 16.500000000000004 19.315350000000006 17.450372500000004 16.99394666666667
decision_type=2 2 2 2 2 2 2 2 2 2 2 2 2 2 2 2 2 2 2 2 2 2 2 2 2 2 2 2 2 2
left_child=1 3 6 17 11 -5 22 16 9 -9 28 18 -13 14 -14 -16 -8 -1 19 20 -3 -22 -2 24 -6 -25 -27 -4 -11 -18
right_child=2 4 27 5 23 -7 7 8 -10 10 -12 12 13 -15 15 -17 29 -19 -20 -21 21 -23 -24 25 -26 26 -28 -29 -30 -31
leaf_value=-0.019249890598181735 0.0036570008211405992 -0.0027652578644789118 0.026104696455348915 -0.0097124863065020869 0.0086142611163842996 0.0050185868837107255 0.005241240792649933 0.041564054851848484 -0.0027374723778680731 0.0086951235603022776 -0.0035775879722830697 -0.0079850347152496687 -0.0049513587616606715 -0.025440633689782003 0.0020797812833801997 -0.00326326164634537 0.0072480319197579489 -0.015564141466579997 0.00081410206030533064 -0.0048766535659467538 -0.0027392598048878369 0.0034091478166924107 -0.018534336872337603 0.0015694709572474609 -0.00088830056067621397 0.0024764075031544052 -0.0032044347727750735 0.021286833484234931 -0.00055171063645190091 0.00061669618621039033
leaf_weight=758 28 125 996 543 30 45 1370 157 43 312 38 212 288 49 150 205 88 65 258 345 27 87 38 949 1657 90 208 31 43 425
leaf_count=758 28 125 996 543 30 45 1370 157 43 312 38 212 288 49 150 205 88 65 258 345 27 87 38 949 1657 90 208 31 43 425
internal_value=0.000935818 -0.00914792 0.0181451 -0.027073 -0.00374359 -0.0182313 0.010417 0.0109855 0.0174705 0.0196364 0.0141476 -0.00884307 -0.0124779 -0.00959538 -0.00802488 -0.00191549 0.00894318 -0.03339 -0.00494062 -0.00808219 -0.00083682 0.00842105 -0.0109091 -0.00070893 -0.00282158 0.00214916 -0.00456376 0.0372736 0.0174648 0.00335283
internal_weight=9660 6091 3569 1411 4680 588 2542 2476 593 550 393 1746 904 692 643 355 1883 823 842 584 239 114 66 2934 1687 1247 298 1027 355 513
internal_count=9660 6091 3569 1411 4680 588 2542 2476 593 550 393 1746 904 692 643 355 1883 823 842 584 239 114 66 2934 1687 1247 298 1027 355 513
is_linear=0
shrinkage=0.08


Tree=31
num_leaves=31
num_cat=0
split_feature=39 21 7 13 1 21 39 2 7 39 5 27 7 31 5 31 7 39 21 27 19 17 15 33 15 13 6 4 25 13
split_gain=241.445 88.2831 81.7137 14.5385 10.8824 4.83793 4.65768 7.14443 4.06908 4.01587 3.97146 3.97018 3.52464 3.09211 2.95661 4.8716 4.025 3.55294 3.11644 3.09734 2.92948 3.56806 2.80063 3.39912 2.73806 2.60357 2.56702 2.61268 2.5184 2.35889
threshold=90.90483909241523 14.312950000000003 18.067215000000001 15.036200000000003 18.500000000000004 17.155700000000007 95.577759132257981 3.5000000000000004 17.749400000000005 78.745241551140623 18.496380000000006 14.413900000000002 14.349810833333335 19.315350000000006 15.110590000000002 14.800550000000003 15.769224166666667 76.666394362879871 14.683200000000001 15.123600000000001 17.343850000000003 17.133600000000005 17.207200000000004 0.36114999999999947 15.550500000000001 14.153300000000002 0.59930516951358925 5.5000000000000009 17.532950000000003 14.510650000000002
decision_type=2 2 2 2 2 2 2 2 2 2 2 2 2 2 2 2 2 2 2 2 2 2 2 2 2 2 2 2 2 2
left_child=1 4 5 14 9 22 8 10 20 -1 -8 -5 -6 -4 15 17 -16 -3 -17 29 -7 -22 -2 28 26 -11 27 -13 -24 -20
right_child=2 3 13 11 12 6 7 -9 -10 25 -12 24 -14 -15 16 18 -18 -19 19 -21 21 -23 23 -25 -26 -27 -28 -29 -30 -31
leaf_value=-0.017709899350327164 0.0040958824634967075 -0.019911250672123446 0.024016320738921026 0.0067771451106710861 -0.013604034578998565 0.0076328039013208128 0.0052852304020689191 0.034647187374914096 -0.0077881461518903451 -0.015085318778481707 -0.010435736294963931 -0.0054186794421350725 0.0073764695060957314 0.019583886805496036 -0.022512516886343051 -0.0089610511755594761 0.0035832008656973358 -0.0036493269851552413 -0.0028341525589095796 -0.006562283672877243 -0.0055143538809807073 0.0056472791279927039 0.0013037455215152249 -0.004833993254281666 0.00014785535717251719 0.0040617753528663057 -0.015428696921888091 -0.00063125673158914708 0.0081933597745180008 0.0027790606835053212
leaf_weight=984 1125 48 996 37 30 515 61 179 44 21 24 140 46 31 94 49 35 1082 39 61 51 61 379 55 1911 24 72 1186 48 232
leaf_count=984 1125 48 996 37 30 515 61 179 44 21 24 140 46 31 94 49 35 1082 39 61 51 61 379 55 1911 24 72 1186 48 232
internal_value=0.000927536 -0.0087539 0.0174503 -0.00421982 -0.0292127 0.0097561 0.0143316 0.0233333 0.0107899 -0.0313703 0.00423529 -0.00119546 0 0.0364946 -0.0103902 -0.00939775 -0.0220155 -0.0120354 -0.0015748 0.00120482 0.0124402 0.000714286 0.00709396 0.0019917 -0.00148685 -0.008 -0.0041774 -0.00337858 0.00440281 0.00487085
internal_weight=9660 6091 3569 4986 1105 2542 935 264 671 1029 85 3346 76 1027 1640 1511 129 1130 381 332 627 112 1607 482 3309 45 1398 1326 427 271
internal_count=9660 6091 3569 4986 1105 2542 935 264 671 1029 85 3346 76 1027 1640 1511 129 1130 381 332 627 112 1607 482 3309 45 1398 1326 427 271
is_linear=0
shrinkage=0.08


Tree=32
num_leaves=31
num_cat=0
split_feature=7 39 39 31 1 15 39 19 31 15 29 1 6 6 5 13 1 31 39 1 6 1 6 21 5 4 7 17 17 29
split_gain=223.274 125.069 33.3191 18.5661 18.4842 7.18345 5.03469 4.88198 4.03055 3.93563 3.55583 3.33865 3.02635 2.93908 2.86675 3.67658 3.49337 3.3373 2.76917 2.65416 3.47733 3.25064 2.8644 2.49442 2.46402 2.331 2.28877 2.45148 2.25335 2.12201
threshold=17.749400000000005 78.547036005725758 86.814028891712738 14.362500000000002 18.500000000000004 16.108650000000004 81.945894062284438 16.817100000000003 15.557500000000003 17.325350000000004 14.197750000000001 21.500000000000004 0.34845930962210131 1.2556854237668438 18.142023333333338 17.172400000000007 3.5000000000000004 16.938100000000002 92.48993968194705 13.500000000000002 0.23702015940509177 21.500000000000004 0.22688235361366041 14.312950000000003 15.897186666666668 16.500000000000004 17.08887416666667 16.628950000000003 14.000100000000002 17.273000000000003
decision_type=2 2 2 2 2 2 2 2 2 2 2 2 2 2 2 2 2 2 2 2 2 2 2 2 2 2 2 2 2 2
left_child=1 3 6 10 12 19 8 -4 -3 11 23 18 -2 25 15 -11 -17 -18 26 20 28 22 -21 -1 -8 -14 27 -9 -5 -20
right_child=4 2 7 5 -6 -7 24 9 -10 14 -12 -13 13 -15 -16 16 17 -19 29 21 -22 -23 -24 -25 -26 -27 -28 -29 -30 -31
leaf_value=-0.016293107402300961 0.022095015079807469 -0.0029797284710759444 0.0010343403824391829 0.001600878391352154 -0.0038684391159088706 0.03396094114267726 -0.00061700169721760293 -0.0057940977507973911 -0.029845366828554348 -0.00079486560641527147 -0.013645097148394712 0.01381165399622745 0.042952752244670052 0.037425930634744871 -0.0032206914204729741 0.055803707266329924 -0.0028440559815459212 0.0083961175928695293 0.0060344432759605127 -0.0013425108521580853 -0.035909936265290127 -0.028544258832270516 0.0060357771533372786 -0.0044608249693177983 -0.0096701774159368634 7.4765353906798283e-05 -0.0021931611195364553 0.0037529417172206081 -0.0060140935324760397 0.0031853120717795494
leaf_weight=618 1026 1318 1316 33 64 33 2197 31 47 235 390 128 26 47 52 27 50 90 526 67 62 36 22 48 88 40 77 657 137 172
leaf_count=618 1026 1318 1316 33 64 33 2197 31 47 235 390 128 26 47 52 27 50 90 526 67 62 36 22 48 88 40 77 657 137 172
internal_value=0.000836439 -0.00375074 0.000667522 -0.0251729 0.033084 -0.0102564 -0.00462466 0.00641476 -0.00846886 0.00886064 -0.0306818 0.0107354 0.0354346 0.0230088 0.00229075 0.00457711 0.0136527 0.00857143 0.0096514 -0.0135574 -0.0186207 -0.00416 0.00404494 -0.0342342 -0.00232823 0.0121212 0.0063268 0.0077907 -0.0127059 0.0132951
internal_weight=9660 8457 7011 1446 1203 390 3650 3361 1365 2045 1056 1591 1139 113 454 402 167 140 1463 357 232 125 89 666 2285 66 765 688 170 698
internal_count=9660 8457 7011 1446 1203 390 3650 3361 1365 2045 1056 1591 1139 113 454 402 167 140 1463 357 232 125 89 666 2285 66 765 688 170 698
is_linear=0
shrinkage=0.08


Tree=33
num_leaves=31
num_cat=0
split_feature=7 39 39 1 31 15 13 15 39 7 25 29 29 31 31 19 7 13 5 4 1 33 17 39 4 4 27 21 21 27
split_gain=217.567 113.686 28.2551 18.3083 17.6763 6.94545 6.90973 4.53393 4.51538 4.09418 3.87065 3.7709 3.5122 3.003 2.81826 2.95318 2.76384 2.4659 2.44894 2.81272 4.35913 3.62677 3.44961 2.76407 2.50321 3.33668 2.40329 3.02305 2.40312 3.31512
threshold=17.749400000000005 78.547036005725758 90.90483909241523 18.500000000000004 14.230700000000001 16.322600000000005 15.373050000000001 17.191450000000007 94.745513351030397 15.71881416666667 16.681500000000003 19.437050000000003 14.4777 17.155700000000007 15.045750000000002 15.195600000000001 17.08887416666667 14.481250000000001 15.407906666666671 48.500000000000007 21.500000000000004 0.20124999999999996 15.557500000000003 82.342848926901326 44.500000000000007 46.500000000000007 18.410200000000007 17.384900000000005 14.284200000000002 14.066000000000001
decision_type=2 2 2 2 2 2 2 2 2 2 2 2 2 2 2 2 2 2 2 2 2 2 2 2 2 2 2 2 2 2
left_child=1 4 6 8 12 28 10 13 -2 -9 17 -10 -1 16 -8 -16 -4 -3 19 21 -21 24 -23 -20 -19 -26 27 -11 -6 -30
right_child=3 2 7 -5 5 -7 14 9 11 26 -12 -13 -14 -15 15 -17 -18 18 23 20 -22 22 -24 -25 25 -27 -28 -29 29 -31
leaf_value=-0.014989658810116852 0.00134475436037377 -0.0041186315363411549 0.0037791706493962352 -0.0035589639866361721 -0.013902351525730126 0.033966253715608165 0.0042810032050716986 -0.017621132482986041 0.02121076535439002 0.0013063512382487374 -0.025916988962704935 0.018247130951292549 -0.012645890530547774 0.0070112515197740775 -0.0023300362649715111 5.4138278266577799e-05 -0.0015576515083429855 -0.0019662868963612823 -0.023593682160046824 -0.0045495428429050836 0.0091916473671557249 0.0025958693670432354 -0.012307919258537794 -0.0032064266483571658 0.012594900241165021 -0.0017577267622285574 -0.0079777708976737933 0.011195221849471438 0.00033008540439681154 -0.0056163715586761498
leaf_weight=841 25 409 1023 64 164 31 89 24 1084 536 26 30 78 555 137 2277 87 845 22 256 23 311 27 153 25 36 37 113 74 258
leaf_count=841 25 409 1023 64 164 31 89 24 1084 536 26 30 78 555 137 2277 87 845 22 256 23 311 27 153 25 36 37 113 74 258
internal_value=0.00105176 -0.00347641 0.000735986 0.0328845 -0.0239004 -0.0122201 -0.00289905 0.00783158 0.0352239 0.00247887 -0.00624473 0.0359785 -0.0305985 0.0101141 -4.79425e-05 -0.00056338 0.00771171 -0.00586616 -0.00452297 -0.00349311 -0.0107527 -0.00186495 0.0052071 -0.0134857 -0.00450331 0.0111475 0.00361516 0.00474576 -0.0145161 -0.0106024
internal_weight=9660 8457 7011 1203 1446 527 4636 2375 1139 710 2133 1114 919 1665 2503 2414 1110 2107 1698 1523 279 1244 338 175 906 61 686 649 496 332
internal_count=9660 8457 7011 1203 1446 527 4636 2375 1139 710 2133 1114 919 1665 2503 2414 1110 2107 1698 1523 279 1244 338 175 906 61 686 649 496 332
is_linear=0
shrinkage=0.08


Tree=34
num_leaves=31
num_cat=0
split_feature=7 39 39 1 19 13 29 31 31 39 7 21 25 1 17 13 5 13 7 5 33 21 5 1 7 29 13 27 25 4
split_gain=192.423 110.185 29.7621 15.5117 13.2275 5.69731 5.167 5.11501 4.39289 3.93189 3.69399 3.63094 3.55556 4.27747 3.61466 2.92839 2.8096 2.54476 2.82436 2.17124 2.33519 2.18749 4.83465 2.20428 2.16864 2.45184 2.09594 2.45779 2.84144 2.00989
threshold=17.749400000000005 77.545404689802055 85.512778219071365 18.500000000000004 16.093650000000004 14.481250000000001 16.603000000000005 14.230700000000001 15.971400000000001 94.745513351030397 18.989953333333336 14.230700000000001 18.605250000000002 21.500000000000004 16.108650000000004 15.965100000000001 14.623970000000002 17.363700000000005 17.556717500000001 16.051233333333339 -0.69159999999999922 15.408500000000002 15.357210000000002 1.0000000180025095e-35 14.962695833333337 14.260600000000002 13.950650000000001 14.09895 14.09895 18.500000000000004
decision_type=2 2 2 2 2 2 2 2 2 2 2 2 2 2 2 2 2 2 2 2 2 2 2 2 2 2 2 2 2 2
left_child=1 4 5 9 7 11 24 -1 19 -2 -11 -3 13 14 -8 -10 26 18 -16 20 -7 23 -23 -22 29 -26 -13 28 -28 -4
right_child=3 2 6 -5 -6 8 12 -9 15 10 -12 16 -14 -15 17 -17 -18 -19 -20 -21 21 22 -24 -25 25 -27 27 -29 -30 -31
leaf_value=-0.013790486105307451 0.0012371740115438002 -0.015027839680998198 0.0039340447471422381 -0.0032742468677054151 0.022586752913556298 0.0028680634977911977 0.0098836422086242236 -0.013587328586834318 -0.016016227434649224 0.021846647615774942 0.0057506087974155667 -0.0057966795828289716 -0.0034888465384962332 0.01033522822010724 0.0026370765994624891 0.017167634471048032 -0.0059633813299187471 0.0052610015186047576 -0.0021120733286076644 -0.023177952875300178 -0.0040403395127488299 0.0031632920017433718 -0.00050378880440277391 -0.0015336711467310237 0.025993290170569738 0.00048580592789861045 -0.0023184438911700057 -0.0031116045142061213 0.0037896170430023091 -0.021550786275843878
leaf_weight=839 25 101 20 64 38 66 41 190 92 1083 31 51 62 219 1742 22 132 308 77 21 45 92 904 1797 36 1170 49 260 54 29
leaf_count=839 25 101 20 64 38 66 41 190 92 1083 31 51 62 219 1742 22 132 308 77 21 45 92 904 1797 36 1170 49 260 54 29
internal_value=0.000886128 -0.00337235 9.7429e-05 0.0308229 -0.0274039 -0.00499186 0.00516199 -0.0291156 -0.00354064 0.0329763 0.0336804 -0.0118083 0.00730094 0.00779221 0.00671587 -0.0189474 -0.00923077 0.00626234 0.00512369 -0.00294017 -0.00275482 -0.00310078 -8.03213e-05 -0.00473398 0.000988048 0.00165837 -0.00599034 -0.00385675 0.00660194 -0.0155102
internal_weight=9660 8457 7390 1203 1067 3686 3704 1029 3039 1139 1114 647 2449 2387 2168 114 546 2127 1819 2925 2904 2838 996 1842 1255 1206 414 363 103 49
internal_count=9660 8457 7390 1203 1067 3686 3704 1029 3039 1139 1114 647 2449 2387 2168 114 546 2127 1819 2925 2904 2838 996 1842 1255 1206 414 363 103 49
is_linear=0
shrinkage=0.08


Tree=35
num_leaves=31
num_cat=0
split_feature=7 39 39 39 31 13 15 29 1 7 15 25 5 21 1 6 39 21 39 7 13 4 33 19 1 19 17 6 4 29
split_gain=188.814 90.5493 21.1831 15.8058 14.6947 5.98559 5.6981 4.42238 4.36842 3.67307 3.15688 3.39525 2.90945 2.86272 2.5961 2.91115 2.54963 2.76854 2.50474 3.04211 2.40286 3.07181 3.01069 3.38203 2.92332 2.75863 2.61922 2.50998 2.37808 2.32454
threshold=17.749400000000005 78.547036005725758 90.90483909241523 95.170744452578887 14.344400000000002 15.284800000000002 16.322600000000005 15.725800000000001 18.500000000000004 18.989953333333336 17.191450000000007 18.605250000000002 14.873796666666669 17.462750000000003 21.500000000000004 0.26973543281706808 78.188689079996266 14.09895 92.48993968194705 16.991082500000005 14.510650000000002 48.500000000000007 0.17240000000000058 14.784150000000002 21.500000000000004 14.510650000000002 15.557500000000003 0.17687687884893552 44.500000000000007 14.197750000000001
decision_type=2 2 2 2 2 2 2 2 2 2 2 2 2 2 2 2 2 2 2 2 2 2 2 2 2 2 2 2 2 2
left_child=1 4 5 -2 29 7 12 20 9 -5 14 13 16 -12 18 -16 17 -6 -4 -20 27 22 23 -22 25 -23 -24 -3 -25 -1
right_child=3 2 10 8 6 -7 -8 -9 -10 -11 11 -13 -14 -15 15 -17 -18 -19 19 -21 21 24 26 28 -26 -27 -28 -29 -30 -31
leaf_value=-0.012687247216882866 -0.0029344808657687338 0.0010448323053004315 0.0017733193042019479 0.02009891580651299 -0.020233948015865481 -7.1322304279917146e-05 0.029442013185274903 -0.0102875329747215 0.0024487778344895617 0.0052905600936222191 0.0008981719636651065 -0.0046030018594646546 -0.05569361537219493 0.011105794183400235 0.013442264868696725 0.0034369133896467474 -0.0039975112890206785 0.0003334823319768532 0.0076900413641911311 0.0028173560741578288 0.00012745308269387578 0.00066037494955097033 0.002483338649829392 -0.0038857417685466801 0.0085790092695216917 -0.0057741688087027399 -0.0076307738268536702 -0.0041257580375678058 0.010182606096761618 -0.010251077783289162
leaf_weight=664 60 66 733 1082 40 2812 31 88 30 31 564 43 47 103 80 55 119 166 275 522 387 39 323 308 23 191 39 340 20 379
leaf_count=664 60 66 733 1082 40 2812 31 88 30 31 564 43 47 103 80 55 119 166 275 522 387 39 323 308 23 191 39 340 20 379
internal_value=0.0010352 -0.00318316 0.000576237 0.0306899 -0.0214108 -0.00257118 -0.00843672 -0.00614035 0.0327909 0.0336029 0.00672 0.00225352 -0.0111828 0.00365817 0.00862462 0.0192593 -0.00849231 -0.0031068 0.00768627 0.0107905 -0.00525346 -0.00360902 -0.00174559 -0.00475524 -0.0115415 -0.0142609 0.0041989 -0.0106404 -0.0107317 -0.0264238
internal_weight=9660 8457 7011 1203 1446 4636 403 1824 1143 1113 2375 710 372 667 1665 135 325 206 1530 797 1736 1330 1077 715 253 230 362 406 328 1043
internal_count=9660 8457 7011 1203 1446 4636 403 1824 1143 1113 2375 710 372 667 1665 135 325 206 1530 797 1736 1330 1077 715 253 230 362 406 328 1043
is_linear=0
shrinkage=0.08


Tree=36
num_leaves=31
num_cat=0
split_feature=39 39 13 7 17 39 21 4 13 13 5 1 7 29 4 25 13 31 8 6 21 4 21 7 31 39 17 33 6 1
split_gain=150.355 86.1919 19.8017 17.349 12.4572 5.40049 5.30667 4.55431 4.38337 4.16538 4.00123 3.97282 3.67059 3.42801 3.05385 3.04466 2.8234 2.80297 2.70292 2.62621 2.47758 2.31884 2.2942 3.22839 2.2114 2.12239 2.0964 1.92618 2.37289 3.3824
threshold=95.577759132257981 77.545404689802055 15.621500000000003 17.656566666666674 16.108650000000004 96.744425792580628 14.230700000000001 11.500000000000002 16.717400000000001 15.515000000000002 15.739640000000001 18.500000000000004 17.556717500000001 13.851850000000002 34.500000000000007 18.356750000000002 13.917650000000002 18.197700000000005 1.9365192813644305 0.15647221563590064 15.557500000000003 48.500000000000007 15.4565 15.71881416666667 14.230700000000001 82.342848926901326 17.273000000000003 0.10649999999999961 0.18584131736081785 15.500000000000002
decision_type=2 2 2 2 2 2 2 2 2 2 2 2 2 2 2 2 2 2 2 2 2 2 2 2 2 2 2 2 2 2
left_child=1 4 6 5 11 -2 14 -7 19 -9 13 -1 22 -8 -3 17 -15 -5 21 -4 24 -14 -10 -24 -18 -12 -6 -22 29 -29
right_child=3 2 8 15 26 7 10 9 12 -11 25 -13 18 16 -16 -17 20 -19 -20 -21 27 -23 23 -25 -26 -27 -28 28 -30 -31
leaf_value=-0.01167226743953222 0.010453276951447351 -0.0034800215659728908 0.0039397316771869837 0.012058965188476236 0.030935854416508448 0.040350243503272341 0.0081270243864021551 0.013343496728947173 0.029402128112996594 -0.0041240367656179442 -0.02565619621040206 -0.0033357936976298676 -0.0011573474385954796 -0.0079414543910355916 -0.021957032172199149 0.0088349356474606115 0.0035743038291882814 0.044250890237304365 0.022694011400921282 6.7192074348838558e-05 -0.0023369623245752535 -0.0062982142197867573 -0.029877250974461731 0.0028743679454254333 -0.0016405415933972733 -0.0035035587245937452 -0.0063480785889933602 0.0060671703970450611 0.0002742770722827004 -0.00084731939343704707
leaf_weight=970 68 65 27 641 21 45 21 29 43 127 34 56 115 32 58 222 40 289 21 1597 166 23 21 1979 2475 91 20 35 295 34
leaf_count=970 68 65 27 641 21 45 21 29 43 127 34 56 115 32 58 222 40 289 21 1597 166 23 21 1979 2475 91 20 35 295 34
internal_value=0.000654244 -0.00349071 -0.000334635 0.0246868 -0.0247048 0.00639405 -0.00482965 -0.000199005 0.00359645 -0.00666667 -0.00420726 -0.0264327 0.00592189 -0.00364106 -0.0211382 0.0289583 -0.0038609 0.0309677 -0.00578616 0.00044335 -0.00361248 -0.00985507 0.00683309 0.00644 -0.00466004 -0.01824 0.0185366 0.00135849 0.00461538 0.017971
internal_weight=9660 8239 7172 1421 1067 269 3346 201 3826 156 3223 1026 2202 3098 123 1152 3077 930 159 1624 3045 138 2043 2000 2515 125 41 530 364 69
internal_count=9660 8239 7172 1421 1067 269 3346 201 3826 156 3223 1026 2202 3098 123 1152 3077 930 159 1624 3045 138 2043 2000 2515 125 41 530 364 69
is_linear=0
shrinkage=0.08


Tree=37
num_leaves=31
num_cat=0
split_feature=7 39 19 39 15 13 21 31 39 1 23 25 8 15 21 2 39 8 15 7 5 7 6 13 29 39 8 31 8 21
split_gain=145.192 83.824 17.6675 12.8588 10.9678 5.29701 4.4072 3.70535 3.69933 3.25285 3.08979 2.94014 2.92685 2.84107 2.70987 2.6702 2.5978 2.55725 3.77655 2.2813 2.25992 2.24389 3.10437 3.38302 2.35466 2.23218 2.12812 2.11324 2.10641 2.44052
threshold=17.749400000000005 77.673735303568606 16.269450000000003 95.170744452578887 14.867400000000002 14.593050000000002 14.115350000000001 14.18125 86.651168642462395 18.500000000000004 13.917650000000002 18.356750000000002 1.9365192813644305 17.191450000000007 15.523850000000001 5.5000000000000009 92.48993968194705 1.0106477066210111 18.449000000000002 15.893655000000001 17.385310000000004 16.983622500000006 0.21023358323421429 17.343850000000003 16.900950000000005 98.11092931967957 1.5116892427919055 17.576750000000004 0.20342214233213385 14.284200000000002
decision_type=2 2 2 2 2 2 2 2 2 2 2 2 2 2 2 2 2 2 2 2 2 2 2 2 2 2 2 2 2 2
left_child=1 4 5 -2 7 6 -3 15 14 11 -9 25 13 16 -4 -1 -10 18 27 -16 -14 -18 -23 24 -24 -5 -8 -15 29 -12
right_child=3 2 8 9 -6 -7 26 10 12 -11 28 -13 20 17 19 -17 21 -19 -20 -21 -22 22 23 -25 -26 -27 -28 -29 -30 -31
leaf_value=-0.0080196571096016103 -0.002656116181937378 -0.01516784966557907 0.004610025579701969 0.011094247973398126 0.0060227408080345416 -0.00043700128981569722 -0.0027084753418799325 0.0044674913072798011 0.0018054391413350856 0.0018168108977350528 -0.0069732546425547073 0.008128140795663796 0.0098832344683145845 0.00022622368898481682 -0.027317857174167414 -0.010738486044369609 0.0067375021006492375 -0.0029815609514250241 0.034406998869583844 -0.0072299344145645966 -0.00079728986300779073 0.006814158031648674 0.0024011702892488529 0.0088483217358813707 -0.0010932230379604845 0.030886305037883803 0.0046790556430929085 0.016808581168012041 -0.012421814973407877 0.0040288288015799621
leaf_weight=144 60 53 20 423 59 3617 787 24 1142 30 76 214 186 469 25 626 177 143 28 26 46 152 104 77 244 476 26 22 154 30
leaf_count=144 60 53 20 423 59 3617 787 24 1142 30 76 214 186 469 25 626 177 143 28 26 46 152 104 77 244 476 26 22 154 30
internal_value=0.000761905 -0.00293721 0.000163399 0.0267664 -0.0233962 -0.00297122 -0.00859122 -0.0252751 0.00507515 0.0286614 -0.0174648 0.0293621 0.00553405 0.00475371 -0.0129577 -0.0281558 0.00632911 0.000241692 0.00285164 -0.0227451 0.0141379 0.00997347 0.00755633 0.00404706 0.000689655 0.0313682 -0.00713407 0.001222 -0.02 -0.0113208
internal_weight=9660 8457 7344 1203 1113 4483 866 1054 2861 1143 284 1113 2790 2558 71 770 1896 662 519 51 232 754 577 425 348 899 813 491 260 106
internal_count=9660 8457 7344 1203 1113 4483 866 1054 2861 1143 284 1113 2790 2558 71 770 1896 662 519 51 232 754 577 425 348 899 813 491 260 106
is_linear=0
shrinkage=0.08


Tree=38
num_leaves=31
num_cat=0
split_feature=7 39 19 39 15 13 39 21 39 1 19 15 1 7 25 39 7 8 19 7 31 7 19 27 33 29 5 29 19 15
split_gain=127.313 64.9949 15.7871 10.0431 9.13542 4.76428 3.58549 3.55632 3.1677 2.99398 2.61576 2.54395 2.4205 2.46795 2.26594 2.56782 3.20681 3.03486 2.68058 2.54232 4.40572 2.2449 2.20567 2.21084 2.15727 1.98393 1.93437 1.91876 1.89226 1.81783
threshold=17.749400000000005 77.673735303568606 16.269450000000003 95.170744452578887 14.817800000000002 14.548600000000002 86.651168642462395 14.09895 98.954322463543676 21.500000000000004 18.314050000000005 18.314050000000005 15.500000000000002 18.989953333333336 16.750600000000002 91.486677044661903 16.13090166666667 1.3298875691590841 16.681500000000003 16.590805000000003 16.269450000000003 16.908366666666669 16.900950000000005 17.462750000000003 0.073799999999998547 13.884750000000002 16.259070000000005 17.071750000000005 16.226550000000003 16.628950000000003
decision_type=2 2 2 2 2 2 2 2 2 2 2 2 2 2 2 2 2 2 2 2 2 2 2 2 2 2 2 2 2 2
left_child=1 4 5 -2 -1 7 26 -3 12 14 -10 22 13 -5 15 17 -17 18 21 -16 -21 -8 24 -24 -11 -9 -4 -6 -7 -22
right_child=3 2 6 8 27 28 9 25 10 11 -12 -13 -14 -15 19 16 -18 -19 -20 20 29 -23 23 -25 -26 -27 -28 -29 -30 -31
leaf_value=-0.0098794071608200792 -0.0024436268873823507 -0.013954421692332773 0.00017130436669404503 0.010206708135526413 -0.0002257645595383906 -0.00032409444829198722 0.0029745646388855108 0.0032830328996597304 0.039541019880094834 0.0066073328109713713 0.018279257877007921 -0.0076455663974948612 0.0069826785945107869 -0.00090834886485296812 -0.011724308705724412 -0.0071437990892093241 0.0080164215759390353 0.0050306970099038041 -0.0033098667623050917 0.05894079749509501 0.010167496791190729 -0.0056045923886738078 0.013381095919569078 0.0023044728264866878 -0.0043624938815614205 -0.0025072361849218794 -0.018734276485653966 0.011770155370532364 -0.0056938331782308187 0.0011617637625309385
leaf_weight=1049 60 47 33 634 43 3625 150 21 260 36 72 25 155 22 62 22 237 92 79 21 51 20 133 46 37 723 38 21 67 1779
leaf_count=1049 60 47 33 634 43 3625 150 21 260 36 72 25 155 22 62 22 237 92 79 21 51 20 133 46 37 723 38 21 67 1779
internal_value=0.000886128 -0.00257775 0.000152505 0.0252369 -0.020593 -0.00281062 0.00479553 -0.00844501 0.0269116 0.00524731 0.033494 0.0131408 0.024217 0.0263415 0.00437724 0.00866667 0.0146718 0.00410557 -0.000481928 0.00303189 0.00356564 0.00517647 0.0155556 0.0203352 0.00383562 -0.00709677 -0.0129577 0.00875 -0.00160347 0.00314754
internal_weight=9660 8457 7344 1203 1113 4483 2861 791 1143 2790 332 277 811 656 2513 600 259 341 249 1913 1851 170 252 179 73 744 71 64 3692 1830
internal_count=9660 8457 7344 1203 1113 4483 2861 791 1143 2790 332 277 811 656 2513 600 259 341 249 1913 1851 170 252 179 73 744 71 64 3692 1830
is_linear=0
shrinkage=0.08


Tree=39
num_leaves=31
num_cat=0
split_feature=13 39 7 39 17 31 1 17 29 31 39 15 4 29 13 7 6 8 31 29 33 25 21 29 4 39 4 1 4 7
split_gain=101.237 57.3074 13.8129 10.0957 9.98605 7.398 4.98418 4.84748 4.67389 4.3186 3.40099 3.28525 2.78409 2.75041 3.4272 2.33981 3.09185 2.43349 2.36948 2.54263 2.31633 2.37047 2.20672 3.07992 2.54389 3.90583 3.80303 2.31383 3.98374 3.08934
threshold=17.344800000000003 77.545404689802055 17.656566666666674 83.16612244064099 14.642450000000002 18.197700000000005 11.500000000000002 17.791300000000003 19.437050000000003 15.625350000000003 92.48993968194705 17.268550000000001 12.500000000000002 13.851850000000002 13.950650000000001 16.991082500000005 0.21023358323421429 0.21052302891130778 17.619150000000001 16.900950000000005 0.63905000000000023 17.008900000000004 17.273000000000003 17.005200000000006 13.500000000000002 91.446981558200221 16.500000000000004 1.5000000000000002 43.500000000000007 15.74930416666667
decision_type=2 2 2 2 2 2 2 2 2 2 2 2 2 2 2 2 2 2 2 2 2 2 2 2 2 2 2 2 2 2
left_child=1 4 7 9 -1 6 -4 -2 -7 13 22 15 -9 -3 -15 20 17 -17 19 -18 21 -12 23 27 25 -25 -26 28 29 -5
right_child=2 3 5 10 -6 8 -8 12 -10 -11 11 -13 -14 14 -16 16 18 -19 -20 -21 -22 -23 -24 24 26 -27 -28 -29 -30 -31
leaf_value=-0.0090890545879544499 0.0046399232227278733 0.0057921144788650736 0.011022749302337615 0.0063351045386823299 0.0014772272080583804 0.03507663302488169 0.0064240643069499014 0.062986354730044242 0.0033801735875331929 -0.016699914794139233 0.0086393314979625307 -0.0013599948349448711 -0.0066442582007302069 -0.0065982452597312148 -0.0012681569702142782 0.010341464865183525 0.0031327133047621206 0.0030934792518812061 0.009418755871361385 -0.0013832076851178954 0.0032794432246255668 0.00086902076547275449 -0.0039338400396829341 0.0028888447888066084 0.034886646948820897 -0.002002064890841382 0.0030463621637682081 -0.00027369400309822822 0.0099558943561814314 -0.0019356131522405918
leaf_weight=986 417 21 494 82 78 298 348 22 31 95 136 204 88 73 2098 36 98 101 29 255 86 38 127 46 35 79 319 2653 104 183
leaf_count=986 417 21 494 82 78 298 348 22 31 95 136 204 88 73 2098 36 98 101 29 255 86 38 127 46 35 79 319 2653 104 183
internal_value=0.000687371 -0.0030947 0.0184217 -0.00042911 -0.0203759 0.0232622 0.0192874 0.00766603 0.0334347 -0.00477481 0.00172631 0.00590031 -0.00727273 -0.00405109 -0.0043298 0.00826701 0.00516378 0.0154745 0.00146597 -0.000339943 0.0144615 0.0197701 0.000595369 0.000971151 0.00693111 -0.00288 0.0103955 2.64725e-05 0.00596206 0.000754717
internal_weight=9660 7962 1698 6898 1064 1171 842 527 329 2287 4611 983 110 2192 2171 779 519 137 382 353 260 174 3628 3501 479 125 354 3022 369 265
internal_count=9660 7962 1698 6898 1064 1171 842 527 329 2287 4611 983 110 2192 2171 779 519 137 382 353 260 174 3628 3501 479 125 354 3022 369 265
is_linear=0
shrinkage=0.08


Tree=40
num_leaves=31
num_cat=0
split_feature=13 39 7 39 17 39 1 17 31 27 31 13 4 31 39 15 7 6 33 8 39 7 7 8 31 5 8 29 21 1
split_gain=85.1765 53.2025 12.9834 10.2297 9.2185 8.26215 4.67866 4.4762 4.37129 3.03494 2.87307 2.75164 2.72308 2.65563 2.43238 3.71119 2.82213 3.07536 2.7539 2.42828 2.3832 2.27157 2.19958 2.15805 1.99524 3.00682 2.97885 1.96587 2.59592 2.24678
threshold=17.230950000000004 77.545404689802055 17.656566666666674 98.954322463543676 14.642450000000002 82.99211482875414 11.500000000000002 17.791300000000003 15.662100000000001 18.478250000000003 18.120150000000006 13.950650000000001 12.500000000000002 17.230950000000004 92.48993968194705 17.230950000000004 16.992947500000003 0.20941192443366338 0.63905000000000023 0.22439409565161031 96.381184902766819 17.377270833333338 18.989953333333336 1.6252186225111298 14.197750000000001 14.123373333333335 0.20042072911948874 17.005200000000006 17.228650000000005 1.5000000000000002
decision_type=2 2 2 2 2 2 2 2 2 2 2 2 2 2 2 2 2 2 2 2 2 2 2 2 2 2 2 2 2 2
left_child=1 4 7 6 24 8 22 13 11 -5 20 -3 -9 -2 27 16 18 19 -16 -18 -8 -15 -4 -19 -1 26 -26 29 -29 -7
right_child=2 5 3 9 -6 14 10 12 -10 -11 -12 -13 -14 21 15 -17 17 23 -20 -21 -22 -23 -24 -25 25 -27 -28 28 -30 -31
leaf_value=-0.0083619302209180547 0.001840586694734725 -0.0057644750065878724 0.010140929358150572 0.032270502382891093 0.0012417949814459916 0.0016251358743437549 -0.0014809479857613894 0.057947446351640793 -0.019815784015549696 0.019997981663324255 0.010530970342034608 -0.0011650268480086368 -0.0058598956686770976 0.0088468268000950444 0.0062522027939263579 -0.001580449030880402 0.0083721476087595201 -0.00037597424878924816 0.0022263878317764353 0.0016690669779316637 0.0056522167991127506 0.001698784607407049 -0.0026796562487534461 0.017924755473378299 0.005092818723661594 -0.009910592835633239 -0.012482433167664482 0.0025404663163300259 -0.0020608562428633091 -0.00031631349445149226
leaf_weight=766 445 76 473 299 77 375 36 24 74 35 56 2033 91 140 165 175 59 292 89 54 265 39 22 29 37 160 23 447 97 2707
leaf_count=766 445 76 473 299 77 375 36 24 74 35 56 2033 91 140 165 175 59 292 89 54 265 39 22 29 37 160 23 447 97 2707
internal_value=0.000463768 -0.00328378 0.0155221 0.0207083 -0.0199059 -0.000635492 0.0160563 0.00719892 -0.00467247 0.0325749 0.00907563 -0.0040019 -0.00730435 0.00987179 0.00132769 0.00514484 0.0077907 0.00387097 0.0144882 0.0152212 0.00598007 0.0181006 0.0210909 -0.000124611 -0.0219878 -0.0152727 0 0.000419195 0.00485294 -0.0003634
internal_weight=9660 7735 1925 1186 1063 6672 852 739 2183 334 357 2109 115 624 4489 863 688 434 254 113 301 179 495 321 986 220 60 3626 544 3082
internal_count=9660 7735 1925 1186 1063 6672 852 739 2183 334 357 2109 115 624 4489 863 688 434 254 113 301 179 495 321 986 220 60 3626 544 3082
is_linear=0
shrinkage=0.08


Tree=41
num_leaves=31
num_cat=0
split_feature=39 13 21 7 31 13 25 4 27 8 7 1 15 1 13 31 7 29 31 7 1 6 2 39 15 4 4 33 7 13
split_gain=72.5928 43.8603 11.2765 8.43683 8.52175 7.03768 4.52802 3.92907 3.41791 3.10753 3.95418 2.9034 2.70252 2.57722 2.51896 2.45004 2.21884 3.14816 2.21593 2.60182 2.19255 2.18753 2.18638 2.15761 2.15698 2.05503 13.217 4.52145 3.9801 2.90995
threshold=95.577759132257981 14.510650000000002 14.214150000000002 17.222990833333338 18.243650000000006 16.681500000000003 18.314050000000005 11.500000000000002 14.000100000000002 1.9611396132952359 17.384650000000004 20.500000000000004 17.325350000000004 4.5000000000000009 15.213850000000003 14.09895 16.175352500000006 16.775850000000002 16.741850000000003 15.836133333333335 6.5000000000000009 0.24993673512371281 5.5000000000000009 78.379009905497512 18.410200000000007 14.500000000000002 15.500000000000002 0.24155000000000018 15.706007500000002 15.284800000000002
decision_type=2 2 2 2 2 2 2 2 2 2 2 2 2 2 2 2 2 2 2 2 2 2 2 2 2 2 2 2 2 2
left_child=1 2 11 7 20 18 -6 13 15 10 12 -1 -7 -2 -9 -4 -14 -18 22 -20 21 -5 25 -17 -22 27 -27 -3 -29 -28
right_child=3 5 8 4 6 9 -8 14 -10 -11 -12 -13 16 -15 -16 23 17 -19 19 -21 24 -23 -24 -25 -26 26 29 28 -30 -31
leaf_value=-0.0076929758032446222 0.071675720578747368 -0.0017465521694268204 -0.0081918013691759488 0.0076970771918450963 0.029688862192259934 0.0020910508604525548 0.0167773198869898 0.014809924658410125 -0.0031497278704425468 0.0085884842159040884 -0.0019082283088734187 0.004972089091308334 -0.020318856500558695 0.0020405657676187162 -0.0025849511414884319 0.002484319973122524 0.0082775003104015362 -0.001449328391234701 -0.014466536758411764 -0.001626763702761309 0.0076970771918450963 0.014284852640119822 -0.0099172191520624162 -0.0019541920998378259 0.002471220851668079 0.023616194637455196 -0.0014649852855949065 0.0037706757517454292 -0.0032137289329932628 0.00035225472281638306
leaf_weight=854 30 799 24 130 262 1596 41 27 629 183 180 26 20 23 140 59 48 264 39 197 501 156 60 30 111 68 1135 134 67 1827
leaf_count=854 30 799 24 130 262 1596 41 27 629 183 180 26 20 23 140 59 48 264 39 197 501 156 60 30 111 68 1135 134 67 1827
internal_value=0.000612836 -0.00226727 -0.0140567 0.0173118 0.01995 0.000622639 0.0315512 0.00290909 -0.00679245 0.00420777 0.00333966 -0.0201818 0.00439834 0.0218868 -0.00311377 0.0060177 -0.00216867 -0.000512821 -0.00127601 -0.00881356 0.0160356 0.0218182 -0.000841076 0.0121348 0.0133333 -0.000615385 0.000422442 -0.00376 0.00696517 -0.000378123
internal_weight=9660 8239 1622 1421 1201 6617 303 220 742 2291 2108 880 1928 53 167 113 332 312 4326 236 898 286 4090 89 612 4030 3030 1000 201 2962
internal_count=9660 8239 1622 1421 1201 6617 303 220 742 2291 2108 880 1928 53 167 113 332 312 4326 236 898 286 4090 89 612 4030 3030 1000 201 2962
is_linear=0
shrinkage=0.08


Tree=42
num_leaves=31
num_cat=0
split_feature=39 13 21 7 39 13 17 4 8 7 25 27 19 25 1 7 15 7 21 15 27 27 31 29 6 13 29 7 4 4
split_gain=68.753 39.5958 10.3389 8.55438 7.52147 5.98945 4.65341 3.35029 3.16927 2.82428 2.80333 2.75827 2.7103 2.71904 2.68709 2.48016 2.48788 2.45332 2.42677 2.33725 2.26689 2.1645 2.08317 2.19304 3.53971 2.08146 2.95206 2.53466 2.30005 8.71472
threshold=95.808319218008066 14.510650000000002 14.214150000000002 17.222990833333338 99.376019035475707 16.681500000000003 18.314050000000005 11.500000000000002 1.9611396132952359 17.450372500000004 18.197700000000005 14.082400000000002 18.275250000000003 17.008900000000004 20.500000000000004 16.031502500000006 16.603000000000005 17.953845833333336 18.087200000000003 14.153300000000002 13.950650000000001 17.172400000000007 16.741850000000003 17.005200000000006 0.23075856749914891 15.284800000000002 15.515000000000002 15.95080416666667 14.500000000000002 16.500000000000004
decision_type=2 2 2 2 2 2 2 2 2 2 2 2 2 2 2 2 2 2 2 2 2 2 2 2 2 2 2 2 2 2
left_child=1 2 14 7 10 22 18 -2 9 15 17 -4 13 -9 19 16 -7 -5 -6 20 -1 -15 25 24 -24 26 27 -3 -27 -30
right_child=3 5 11 4 6 8 -8 12 -10 -11 -12 -13 -14 21 -16 -17 -18 -19 -20 -21 -22 -23 23 -25 -26 28 -28 -29 29 -31
leaf_value=-0.00073281590725144958 0.046513906224334392 -0.0004667912701970778 0.00027477007256564433 0.024165699854733019 0.011404644776065708 0.00093015043269495834 0.013710024506861204 -0.0011999920266217857 0.0077344962330030851 -0.0017070805822842771 0.0043524924129818036 -0.0035687155650357739 -0.013142451680550379 0.012378390084456611 0.004574321964003758 0.0015901804102557548 -0.024557386074886268 0.0070813110164974092 0.030537782757894833 -0.0083306646507248418 -0.0070775377389850295 0.0010538572234541732 0.0052501078724131386 0.00056695212531849399 -0.008846515101519686 -0.00091588243170384945 -0.0061573652282758927 -0.0043805022499407899 0.014825046121572996 0.00020688711361259494
leaf_weight=66 49 1420 193 75 51 26 51 76 187 167 276 549 42 22 26 1903 23 545 197 384 404 20 29 103 106 616 144 28 83 1799
leaf_count=66 49 1420 193 75 51 26 51 76 187 167 276 549 42 22 26 1903 23 545 197 384 404 20 29 103 106 616 144 28 83 1799
internal_value=0.000670807 -0.0021124 -0.0133169 0.017037 0.0196485 0.000627073 0.0306355 0.00210526 0.00392021 0.00303917 0.0159821 -0.00636119 -0.0035 0.00271186 -0.0191818 0.00389344 -0.0138776 0.0189677 0.0351613 -0.0199532 -0.0161702 0.0190476 -0.00112754 -0.00840336 -0.0151111 -0.000704156 -0.00296482 -0.00187845 0.000736589 0.0021254
internal_weight=9660 8256 1622 1404 1195 6634 299 209 2306 2119 896 742 160 118 880 1952 49 620 248 854 470 42 4328 238 135 4090 1592 1448 2498 1882
internal_count=9660 8256 1622 1404 1195 6634 299 209 2306 2119 896 742 160 118 880 1952 49 620 248 854 470 42 4328 238 135 4090 1592 1448 2498 1882
is_linear=0
shrinkage=0.08


Tree=43
num_leaves=31
num_cat=0
split_feature=13 2 7 39 2 31 39 7 6 21 17 1 13 5 15 5 5 23 27 6 33 4 33 7 17 19 25 8 4 5
split_gain=62.973 35.0061 9.06644 9.9942 6.86346 5.84764 5.52658 5.50235 3.77815 3.43134 3.33442 3.25191 3.18259 4.82183 2.76418 2.53293 2.44943 2.3808 2.32695 2.3612 2.34282 2.2268 2.11893 2.41479 2.46161 2.08753 2.06829 2.86458 2.04961 1.96915
threshold=17.344800000000003 5.5000000000000009 17.656566666666674 98.954322463543676 1.0000000180025095e-35 15.158250000000002 77.545404689802055 18.716592500000004 2.0387000609981727 18.087200000000003 17.791300000000003 14.500000000000002 14.312950000000003 14.20667880952381 14.230700000000001 14.127790000000003 14.112356666666669 15.662100000000001 15.142850000000001 0.15647221563590064 -0.60720000000000052 36.500000000000007 -0.69159999999999922 18.115520000000004 17.955650000000002 14.284200000000002 14.115350000000001 0.20435853158354197 26.500000000000004 14.665543333333334
decision_type=2 2 2 2 2 2 2 2 2 2 2 2 2 2 2 2 2 2 2 2 2 2 2 2 2 2 2 2 2 2
left_child=1 4 10 11 5 12 -3 9 17 -5 -2 22 13 14 26 16 -8 -6 -19 -20 -21 -10 -4 -24 -25 -17 27 -1 -27 -14
right_child=2 6 3 7 8 -7 15 -9 21 -11 -12 -13 29 -15 -16 25 -18 18 19 20 -22 -23 23 24 -26 28 -28 -29 -30 -31
leaf_value=0.003357068060330164 0.0035787956455172322 -0.0068622549694639188 0.0098990942784502062 0.0093152039018676198 -0.0004288954713912574 -0.045956667633751495 -0.0021714470662182353 -0.0010621869508378268 0.015632489159185924 0.02809476013726311 -0.0033739470245735957 0.0017651776465632452 -0.000603406298388478 -0.010804686225893931 -0.0056832564186598232 -0.0012970607591266513 0.0017804298965938871 0.005180242522033183 0.0055296796442038951 0.003859720547841903 0.00027917041107116346 0.0012491365897105311 0.0072417979395316932 0.0034405377375364313 -0.00087929350322355046 -0.005610727389103687 0.0045254021286064731 -0.0053992208291254685 -0.020536682157847822 -0.0079229606583427169
leaf_weight=25 417 763 24 73 2109 39 39 27 114 234 110 209 1063 121 53 107 57 24 30 107 3039 103 497 33 74 29 44 28 28 40
leaf_count=25 417 763 24 73 2109 39 39 27 114 234 110 209 1063 121 53 107 57 24 30 107 3039 103 497 33 74 29 44 28 28 40
internal_value=0.000571429 -0.00241145 0.0145583 0.0184799 -0.000374694 -0.00535032 -0.0162268 0.0301796 0.000897575 0.0332248 0.0058444 0.0138112 -0.00448326 -0.0122509 -0.00266667 -0.00615385 0.00416667 0.000474666 0.00185 0.00166247 0.00144946 0.0112442 0.0166879 0.0157616 0.00485981 -0.0121951 0.00536082 -0.00528302 -0.0245614 -0.0025748
internal_weight=9660 7962 1698 1171 6939 1413 1023 334 5526 307 527 837 1374 271 150 260 96 5309 3200 3176 3146 217 628 604 107 164 97 53 57 1103
internal_count=9660 7962 1698 1171 6939 1413 1023 334 5526 307 527 837 1374 271 150 260 96 5309 3200 3176 3146 217 628 604 107 164 97 53 57 1103
is_linear=0
shrinkage=0.08


Tree=44
num_leaves=31
num_cat=0
split_feature=13 2 31 6 7 39 31 31 13 21 6 29 31 33 21 27 4 15 4 4 4 4 31 1 39 39 4 23 13 33
split_gain=53.3093 34.1676 10.3713 11.032 5.89498 5.69384 4.69122 4.56119 3.61049 3.38707 3.17838 2.95852 2.51587 2.47429 2.45424 2.43077 2.40198 2.33307 2.26249 9.61835 4.05977 3.7842 3.42982 3.40771 3.06828 3.02484 2.77001 2.45577 2.45001 2.21366
threshold=17.344800000000003 5.5000000000000009 18.243650000000006 0.32972266717947313 15.502865000000002 77.545404689802055 16.305350000000004 16.001000000000001 14.510650000000002 14.593050000000002 0.18538231707904668 18.197700000000005 14.817800000000002 0.55884999999999974 15.019750000000002 14.952100000000002 32.500000000000007 14.934950000000002 43.500000000000007 46.500000000000007 44.500000000000007 41.500000000000007 15.593050000000002 1.5000000000000002 94.210711831371881 82.921696123318682 40.500000000000007 15.593050000000002 14.883000000000001 0.36899999999999894
decision_type=2 2 2 2 2 2 2 2 2 2 2 2 2 2 2 2 2 2 2 2 2 2 2 2 2 2 2 2 2 2
left_child=1 4 7 11 6 -3 8 16 10 -6 -1 -4 -11 -7 -14 -16 -2 -12 21 20 -20 26 -23 -21 -22 -25 28 -27 -17 -28
right_child=2 5 3 -5 9 13 -8 -9 -10 12 17 -13 14 -15 15 18 -18 -19 19 23 24 22 -24 25 -26 27 29 -29 -30 -31
leaf_value=0.00014345062849372426 0.0023220516001491377 -0.0063132745719067882 0.025847179326281947 0.0038456745299835404 0.019848801295407555 -0.00040358186832690991 -0.01915449161778035 0.0049737415678640677 -0.00029489781771587789 0.01781628934357599 -0.0044966945421529656 0.0062176448959284873 -0.0070761411255212186 -0.0074885056859713478 0.0086743908272153194 0.0099839180823906304 -0.012713767010011737 0.0020751539690914457 0.0022825837508179347 0.0082765720048227822 0.022173795674901343 0.0047647353582323153 -0.0047551801209271358 0.0041865423401878845 -0.0004357064069913008 -0.0041778532124012455 0.013753080859950728 -1.2728681443263669e-06 -2.5656668538260873e-05 0.002766737011487237
leaf_weight=180 34 763 199 90 44 211 44 1284 2215 39 415 48 33 49 44 23 43 37 71 78 118 22 98 27 22 122 27 633 2601 46
leaf_count=180 34 763 199 90 44 211 44 1284 2215 39 415 48 33 49 44 23 43 37 71 78 118 22 98 27 22 122 27 633 2601 46
internal_value=0.000322981 -0.0024215 0.013192 0.0257567 -0.000409281 -0.0160704 -0.00316845 0.0100808 -0.00276783 0.00156126 -0.00810127 0.0344939 0.00131868 -0.00584615 0.0011198 0.00130214 -0.00883117 -0.0116814 0.00109053 0.00422035 0.0195261 -9.93965e-05 -0.014 0.000465116 0.0274286 -0.00112532 0.000519095 -0.00206623 9.14634e-05 0.0158904
internal_weight=9660 7962 1698 337 6939 1023 2891 1361 2847 4048 632 247 4004 260 3965 3932 77 452 3888 1071 211 2817 120 860 140 782 2697 755 2624 73
internal_count=9660 7962 1698 337 6939 1023 2891 1361 2847 4048 632 247 4004 260 3965 3932 77 452 3888 1071 211 2817 120 860 140 782 2697 755 2624 73
is_linear=0
shrinkage=0.08


Tree=45
num_leaves=31
num_cat=0
split_feature=39 2 21 19 13 39 19 4 4 29 2 21 33 4 4 33 27 4 23 19 13 6 5 21 5 4 4 33 31 15
split_gain=49.4551 33.8488 9.36111 9.97597 6.35959 5.71263 4.45773 3.05837 3.85962 2.87175 2.93802 2.79002 2.54525 2.49617 14.7444 3.10281 2.59598 2.53863 2.4523 2.3677 2.75657 2.2816 2.23987 2.15785 3.70996 2.69896 2.62583 2.17757 2.11047 2.08113
threshold=95.577759132257981 5.5000000000000009 18.243650000000006 18.275250000000003 15.355800000000002 77.545404689802055 18.894150000000003 28.500000000000004 30.500000000000004 14.18125 1.0000000180025095e-35 14.917400000000002 -0.3162000000000002 14.500000000000002 15.500000000000002 -0.60720000000000052 15.213850000000003 19.500000000000004 15.373050000000001 16.413050000000002 18.478250000000003 0.34845930962210131 14.127790000000003 14.716850000000003 14.887590000000003 38.500000000000007 32.500000000000007 -0.06609999999999959 14.4777 18.275250000000003
decision_type=2 2 2 2 2 2 2 2 2 2 2 2 2 2 2 2 2 2 2 2 2 2 2 2 2 2 2 2 2 2
left_child=1 4 6 21 7 -3 19 28 -9 -6 -11 -12 -10 15 -15 -13 -17 -16 -18 -2 29 -4 -7 25 -25 -14 -26 -28 -1 -21
right_child=2 5 3 -5 9 22 -8 8 12 10 11 13 23 14 17 16 18 -19 -20 20 -22 -23 -24 24 26 -27 27 -29 -30 -31
leaf_value=-0.0029156863591585846 -0.0013372442924847407 -0.0058273191360806468 0.023779404980179494 0.0039837175184291593 0.021367113951280034 0.00051232125070619359 -0.014933087500619707 -0.0066749821055991278 0.00077260916047940499 -0.049202407539225564 0.0088480153794415622 0.0035778406061541547 -0.0062947672040625947 0.029331312912582917 -0.00075018958027825986 0.0036486634554999853 -0.0050887218075921226 0.00073743927625336881 -0.00085275809915685841 0.0060170114099024376 0.0085409216502850428 0.018355601810830961 -0.004416953973668143 0.0022119880787354875 0.0071390899229750457 -0.0029198008839449586 0.0014376351898132357 -0.0028330052171359199 0.00038275702764984488 0.0017612614889250722
leaf_weight=242 57 764 211 117 44 96 22 93 134 21 49 87 114 77 310 36 51 3134 936 644 109 36 164 139 21 363 76 342 946 225
leaf_count=242 57 764 211 117 44 96 22 93 134 21 49 87 114 77 310 36 51 3134 936 644 109 36 164 139 21 363 76 342 946 225
internal_value=0.000207039 -0.00217017 0.0139901 0.0250549 -0.000238392 -0.0157813 0.0101798 -0.00353036 -0.00624025 0.00147524 0.00128483 0.0014188 -0.00501262 0.00121788 0.00226072 -0.00209009 -0.00332356 0.00148664 -0.00409321 0.0109372 0.0118609 0.03417 -0.00553846 -0.00633175 -0.00304498 -0.0103145 -0.00665148 -0.00803828 -0.000606061 0.0103567
internal_weight=9660 8239 1421 364 7215 1024 1057 2470 1282 4745 4701 4680 1189 4631 3521 1110 1023 3444 987 1035 978 247 260 1055 578 477 439 418 1188 869
internal_count=9660 8239 1421 364 7215 1024 1057 2470 1282 4745 4701 4680 1189 4631 3521 1110 1023 3444 987 1035 978 247 260 1055 578 477 439 418 1188 869
is_linear=0
shrinkage=0.08


Tree=46
num_leaves=31
num_cat=0
split_feature=39 39 31 6 19 13 2 21 21 21 31 39 7 33 39 7 39 4 4 4 1 1 21 4 15 4 6 6 33 4
split_gain=42.1422 21.0615 10.1243 10.1947 5.36398 4.9413 3.92869 3.58178 2.94516 2.35913 2.2657 2.63176 2.46141 2.52223 2.94639 2.22517 2.10695 2.07014 6.14561 10.9474 4.25262 3.58202 3.29973 2.73187 4.56116 3.25439 2.53477 2.53011 2.29073 2.07789
threshold=95.577759132257981 77.545404689802055 18.243650000000006 0.32972266717947313 16.365600000000004 16.717400000000001 2.5000000000000004 18.120150000000006 17.071750000000005 15.523850000000001 15.621500000000003 99.819194672000052 18.008190833333341 -0.60720000000000052 96.699292568247472 15.71881416666667 116.63213639678013 48.500000000000007 44.500000000000007 45.500000000000007 1.5000000000000002 1.0000000180025095e-35 14.230700000000001 41.500000000000007 14.708300000000003 40.500000000000007 0.3044761156952463 0.15479912121725928 -0.16519999999999954 55.500000000000007
decision_type=2 2 2 2 2 2 2 2 2 2 2 2 2 2 2 2 2 2 2 2 2 2 2 2 2 2 2 2 2 2
left_child=1 4 6 7 -1 8 -2 -4 17 -7 -8 12 -12 -14 -15 -11 -13 18 23 -20 21 -19 -22 25 -25 27 -21 -3 -24 -30
right_child=2 5 3 -5 -6 9 10 -9 -10 15 11 16 13 14 -16 -17 -18 20 19 26 22 -23 28 24 -26 -27 -28 -29 29 -31
leaf_value=-0.0049911068256700735 -0.0010788299840152149 0.0045191124082055011 0.0041986169726581576 0.00086463977791623853 0.020889562701589311 0.021033304841637488 -0.0071336162897331695 0.022099903534489443 -0.0065545627807215116 -0.019520907761402525 0.014528813350605532 0.023260704324268602 0.0062004934467309175 -0.0034626196534159703 0.0035359983143061413 0.0010363255037842123 0.00066003525817706079 -0.0020395418434752343 0.018576559101713672 0.00093501015752195827 -0.010206325893976497 0.12540936967533831 0.00027764144680830327 -0.0080391645748764517 -0.0020088521978782127 0.0036710302736815237 -0.0068867793862166593 -0.00042315186240884375 -0.0039191204373209129 -0.00037390469573331589
leaf_weight=1035 102 77 50 79 32 46 26 197 100 20 136 87 50 22 649 2136 23 49 86 231 27 48 223 37 192 92 24 3199 399 186
leaf_count=1035 102 77 50 79 32 46 26 197 100 20 136 87 50 22 649 2136 23 49 86 231 27 48 223 37 192 92 24 3199 399 186
internal_value=0.00042236 -0.00177206 0.0131457 0.0255215 -0.0122587 -0.000211935 0.00946119 0.0335223 -0.00160966 0.00294278 0.010997 0.0116236 0.0101284 0.0082663 0.00697466 0.0025603 0.0232727 -0.0013306 -0.000528187 0.00973607 -0.00472103 0.011134 -0.00656287 -0.00150125 -0.00995633 -0.000926366 0.00141176 -0.0013431 -0.00564356 -0.0082735
internal_weight=9660 8239 1421 326 1067 7172 1095 247 4970 2202 993 967 857 721 671 2156 110 4870 3938 341 932 97 835 3597 229 3368 255 3276 808 585
internal_count=9660 8239 1421 326 1067 7172 1095 247 4970 2202 993 967 857 721 671 2156 110 4870 3938 341 932 97 835 3597 229 3368 255 3276 808 585
is_linear=0
shrinkage=0.08


Tree=47
num_leaves=31
num_cat=0
split_feature=7 2 39 21 19 13 27 1 5 7 15 7 39 15 4 23 23 7 1 27 4 1 21 8 19 8 4 31 15 23
split_gain=36.7332 17.3128 16.5002 5.30292 4.6817 4.68863 3.85128 3.45004 3.32321 4.9399 3.30757 3.15839 2.83677 2.52224 2.45829 2.4033 2.39971 2.35454 2.20501 2.19032 2.11468 2.03579 2.19434 2.84721 2 1.99606 2.16543 1.9744 1.94317 1.86537
threshold=17.642290833333337 5.5000000000000009 98.954322463543676 18.158950000000001 16.892300000000002 14.284200000000002 13.950650000000001 7.5000000000000009 16.259070000000005 15.836133333333335 14.18125 18.716592500000004 96.699292568247472 14.153300000000002 17.500000000000004 14.046700000000003 18.894150000000003 18.067215000000001 21.500000000000004 15.320300000000001 35.500000000000007 3.5000000000000004 14.413900000000002 0.5471141559193089 14.131850000000002 0.23684175548650863 14.500000000000002 14.131850000000002 14.260600000000002 17.993150000000004
decision_type=2 2 2 2 2 2 2 2 2 2 2 2 2 2 2 2 2 2 2 2 2 2 2 2 2 2 2 2 2 2
left_child=1 4 12 -4 5 10 7 24 -6 -10 15 -5 -2 -9 -12 -1 18 -14 -11 21 -18 22 23 -8 28 -19 29 -25 -3 -27
right_child=2 6 3 11 8 -7 19 13 9 16 14 -13 17 -15 -16 -17 20 25 -20 -21 -22 -23 -24 27 -26 26 -28 -29 -30 -31
leaf_value=0.0026341321904897086 -0.00033976557340025692 0.0024298894963058616 0.0066837405152796242 0.021679423053434163 0.019131608569894071 -0.00015273835856248754 0.0012593176802442941 0.0028366238713059032 -0.018465797828747198 0.0012370761940965736 -0.0019938029645728507 0.012409862770155655 0.015713132592784122 -0.0036191020417081178 -0.0075430590346906717 -0.0022790283795859523 0.0066940184461572018 0.004935985707967063 0.0068389747556058464 -0.049385555550802138 -0.0053996033206342988 -0.0045918182796164334 0.0033935893342423641 -0.003393148200992542 -0.0093416898696843022 -0.002639997778031926 0.0040263128661661082 -0.011205020295715826 -0.0071315675163256742 0.0034619555384091429
leaf_weight=39 169 29 91 226 73 5291 39 73 30 1442 50 20 76 36 122 91 20 317 162 35 36 622 29 58 49 46 267 40 20 62
leaf_count=39 169 29 91 226 73 5291 39 73 30 1442 50 20 76 36 122 91 20 317 162 35 36 622 29 58 49 46 267 40 20 62
internal_value=0.000530021 -0.0013928 0.0131868 0.028368 -3.26264e-05 -0.00116574 -0.0111068 -0.00135266 0.00356211 0.00284024 -0.0108609 0.0344715 0.00772679 0.00844037 -0.0181395 -0.00123077 0.00342169 0.00979167 0.00399002 -0.0135601 -0.0128571 -0.0126904 -0.00481928 -0.00905109 -0.0122449 0.0083237 0.00437333 -0.0163265 -0.000816327 -0.00518519
internal_weight=9660 8386 1274 337 7356 5593 1030 207 1763 1690 302 246 937 109 172 130 1660 768 1604 823 56 788 166 137 98 692 375 98 49 108
internal_count=9660 8386 1274 337 7356 5593 1030 207 1763 1690 302 246 937 109 172 130 1660 768 1604 823 56 788 166 137 98 692 375 98 49 108
is_linear=0
shrinkage=0.08


Tree=48
num_leaves=31
num_cat=0
split_feature=7 39 39 21 19 17 5 23 39 27 6 31 29 21 4 19 1 4 27 8 1 39 7 6 13 15 33 19 25 8
split_gain=33.9676 16.6878 15.0456 5.1069 3.40562 3.36101 3.14542 2.66564 2.41283 2.26988 3.1996 2.92946 2.24613 2.30612 2.75612 2.48949 2.17881 2.7212 4.16608 2.60703 2.28604 2.17302 2.13581 2.03135 2.08847 2.18339 1.95541 1.93332 1.88656 1.86344
threshold=17.642290833333337 77.673735303568606 98.954322463543676 18.158950000000001 16.892300000000002 14.642450000000002 19.41397666666667 20.578700000000001 96.699292568247472 13.950650000000001 0.24063582096088601 14.214150000000002 13.851850000000002 14.593050000000002 26.500000000000004 14.413900000000002 3.5000000000000004 14.500000000000002 14.901200000000001 0.18781611751209631 7.5000000000000009 84.414627055929188 18.067215000000001 2.5606975924117372 16.681500000000003 17.325350000000004 0.55884999999999974 14.378900000000002 14.066000000000001 0.23684175548650863
decision_type=2 2 2 2 2 2 2 2 2 2 2 2 2 2 2 2 2 2 2 2 2 2 2 2 2 2 2 2 2 2
left_child=1 5 8 -4 12 9 -5 23 -2 11 27 28 21 14 16 -15 -14 18 19 -18 -19 -3 -10 24 -6 -26 -16 -11 -1 -24
right_child=2 4 3 6 7 -7 -8 -9 22 10 -12 -13 13 15 26 -17 17 20 -20 -21 -22 -23 29 -25 25 -27 -28 -29 -30 -31
leaf_value=-0.0079663253255078809 -0.00031258432752821362 0.0087259480615384175 0.006149041274057368 0.02025122419404312 -0.0017798712315685351 0.0013122374913801594 0.011542383738930085 -0.0060640673276355986 0.014456081985361493 -0.0042244728172471466 -0.012052231697511075 0.0023009330469865577 0.005071346959761627 0.0022145776428598653 -0.0031037252606606102 -0.00014323075751136117 -0.0010838995497909566 -0.0031665353627991521 0.0025004190891835523 -0.0062362343959270561 0.0026738299766249441 -0.00036150316091067226 0.0045411068513297442 0.016229692567786742 0.0020171028686948489 -0.001039976253719459 -0.0095235353822540961 -0.0012031147530632326 -0.0012730324714650011 0.0023923090541319424
leaf_weight=25 169 24 91 219 128 88 27 24 76 621 121 21 47 144 423 4489 70 35 30 89 125 21 317 72 1179 340 33 118 119 375
leaf_count=25 169 24 91 219 128 88 27 24 76 621 121 21 47 144 423 4489 70 35 30 89 125 21 317 72 1179 340 33 118 119 375
internal_value=0.000513458 -0.00133556 0.0126845 0.027181 6.04977e-05 -0.0104582 0.0331707 0.003144 0.00747065 -0.0117463 -0.0133953 -0.00315152 -0.000911392 -0.00105743 -0.00488263 -0.000353982 0 -0.00217765 -0.00867725 -0.0138365 0.0055 0.0168889 0.009375 0.00351367 0.00293868 0.00376564 -0.00912281 -0.0114208 -0.00722222 0.00797688
internal_weight=9660 8386 1274 337 7273 1113 246 1743 937 1025 860 165 5530 5485 852 4633 396 349 189 159 160 45 768 1719 1647 1519 456 739 144 692
internal_count=9660 8386 1274 337 7273 1113 246 1743 937 1025 860 165 5530 5485 852 4633 396 349 189 159 160 45 768 1719 1647 1519 456 739 144 692
is_linear=0
shrinkage=0.08


Tree=49
num_leaves=31
num_cat=0
split_feature=7 39 39 19 17 19 1 39 6 1 29 39 23 7 31 21 13 4 15 1 8 21 19 6 4 8 31 5 17 21
split_gain=29.8051 15.9676 14.1274 5.43181 2.98568 2.68954 2.67589 3.14971 2.62076 3.10185 2.21339 2.17302 2.14617 2.66822 2.0208 2.00265 1.90666 1.86946 1.85849 1.81508 1.94355 1.81453 2.20599 2.20467 2.82965 2.56391 2.32179 1.9988 2.19379 1.77094
threshold=17.642290833333337 99.204186518737444 77.673735303568606 18.275250000000003 14.642450000000002 16.892300000000002 11.500000000000002 98.11092931967957 0.26683729502386688 12.500000000000002 13.851850000000002 84.414627055929188 14.543600000000001 15.642015833333334 14.378900000000002 18.158950000000001 14.548600000000002 12.500000000000002 18.410200000000007 21.500000000000004 0.24028468717416576 14.593050000000002 14.413900000000002 0.23075856749914891 48.500000000000007 1.4421042757918003 14.750550000000002 14.362393333333335 14.543600000000001 14.230700000000001
decision_type=2 2 2 2 2 2 2 2 2 2 2 2 2 2 2 2 2 2 2 2 2 2 2 2 2 2 2 2 2 2
left_child=2 6 4 15 8 10 -2 17 14 -10 11 -4 -7 -14 16 -3 -1 -8 -19 -15 -21 23 27 24 26 -25 -12 -23 -29 -16
right_child=1 3 5 -5 -6 12 7 -9 9 -11 21 -13 13 19 29 -17 -18 18 -20 20 -22 22 -24 25 -26 -27 -28 28 -30 -31
leaf_value=-0.003886514991867358 0.0042437143266165836 0.0060339016376209998 0.0080278722166153213 0.0076812587147685463 0.0012072584920697694 0.015420718865869959 -0.0026517663230310974 0.006377974678559468 -0.014214651220291473 -0.0064268255245836774 0.00041030923553961432 -0.00033258290803786397 -0.015194467392229143 0.00085292731032097894 -0.0072320131644025313 0.018250285639232828 0.0010648440908988732 0.0020685464096490591 -0.0030938365292306003 0.011824430348922306 0.0024990292240568124 -0.0039398225668956857 -0.00013177229691038405 -0.0065380815784551773 -0.0035164143262045402 0.0011570206064389055 -0.0059238959634365079 0.0037859187481421941 0.0022244127973465311 0.0059728791887390291
leaf_weight=843 532 27 24 75 88 33 71 96 64 39 491 21 35 1496 21 206 35 229 38 56 123 23 4489 143 153 38 27 38 83 23
leaf_count=843 532 27 24 75 88 33 71 96 64 39 491 21 35 1496 21 206 35 229 38 56 123 23 4489 143 153 38 27 38 83 23
internal_value=0.000530021 0.0119309 -0.001202 0.0277922 -0.00959569 8.24969e-05 0.00687371 0.00221198 -0.0108098 -0.0229126 -0.000781193 0.0168889 0.00282272 0.00243275 -0.0094577 0.0338197 -0.0102961 -0.00142012 0.00164794 0.00288955 0.0105028 -0.000926162 -0.00030218 -0.00431925 -0.00220566 -0.0121547 0.000617761 0.00944444 0.0135537 0.00727273
internal_weight=9660 1274 8386 308 1113 7273 966 434 1025 103 5530 45 1743 1710 922 233 878 338 267 1675 179 5485 4633 852 671 181 518 144 121 44
internal_count=9660 1274 8386 308 1113 7273 966 434 1025 103 5530 45 1743 1710 922 233 878 338 267 1675 179 5485 4633 852 671 181 518 144 121 44
is_linear=0
shrinkage=0.08


Tree=50
num_leaves=31
num_cat=0
split_feature=39 39 21 19 19 17 29 31 13 5 15 27 1 6 13 4 4 31 7 33 7 4 4 4 8 4 4 4 8 4
split_gain=26.4928 12.9268 9.94304 8.28231 3.29708 2.86551 2.8014 2.54805 2.39918 2.87412 2.24141 2.49216 2.7439 2.57406 2.17318 2.16138 15.5342 3.38247 3.12118 2.4555 1.94118 1.93366 3.94986 4.18557 3.11658 2.54066 2.36975 2.29544 2.24678 2.13099
threshold=95.808319218008066 77.673735303568606 18.243650000000006 18.275250000000003 18.894150000000003 14.642450000000002 13.851850000000002 18.120150000000006 15.284800000000002 15.448230000000001 14.153300000000002 13.950650000000001 7.5000000000000009 0.16261959186921124 13.884750000000002 14.500000000000002 15.500000000000002 15.000850000000002 14.839730833333336 -0.64520000000000077 17.91895833333334 48.500000000000007 44.500000000000007 45.500000000000007 1.4421042757918003 28.500000000000004 30.500000000000004 31.500000000000004 0.21868388881915662 14.500000000000002
decision_type=2 2 2 2 2 2 2 2 2 2 2 2 2 2 2 2 2 2 2 2 2 2 2 2 2 2 2 2 2 2
left_child=1 5 4 7 -2 10 -3 -4 9 14 11 12 -1 -13 -8 17 -17 -10 -18 -19 -20 22 25 -24 28 29 -27 -28 -23 -16
right_child=2 6 3 -5 -6 -7 8 -9 15 -11 -12 13 -14 -15 21 16 18 19 20 -21 -22 24 23 -25 -26 26 27 -29 -30 -31
leaf_value=-0.0043460314145137603 0.0036756576457761983 0.010680528009308219 0.008686703513669727 0.0024560264916286202 -0.013978910000850817 0.0011106778127042106 -0.0058409186982854066 0.01686494842249715 0.0089120565757698951 -0.0084654759649041011 -0.0042432788940575958 0.0012844251812283148 0.0030224577586680824 -0.0035755937925179638 -0.00092491442721922114 0.026708519046003049 -0.064970692410175918 0.0041777614389597777 0.00041231963127117414 -0.0010016300532652168 -0.0097328459493544982 -0.0014758989469001449 0.01632513653816119 0.0019838587447098635 0.022234155037283473 -0.0063277914645703962 0.0031040409669598999 -0.0016651640453294904 -0.0049223191774109406 0.0013220669084644499
leaf_weight=41 1019 52 35 117 21 88 32 212 46 86 477 46 41 420 522 86 22 68 3604 1097 33 236 29 97 25 65 47 390 131 475
leaf_count=41 1019 52 35 117 21 88 32 212 46 86 477 46 41 420 522 86 22 68 3604 1097 33 236 29 97 25 65 47 390 131 475
internal_value=0.000438923 -0.00128876 0.0105983 0.021978 0.00661538 -0.00930818 -3.91992e-05 0.0302834 -0.00017487 -0.00241686 -0.0104976 -0.0070073 0.00585366 -0.00927039 -0.00181552 0.00079096 0.00174099 -0.00214699 0.00095108 -0.00298712 0.0011328 -0.00148736 -0.000270769 0.0133333 -0.00653061 -0.00141428 -0.00605578 -0.00393593 -0.00839237 0.000922768
internal_weight=9660 8256 1404 364 1040 1113 7143 247 7091 2135 1025 548 82 466 2049 4956 3745 1211 3659 1165 3637 2017 1625 126 392 1499 502 437 367 997
internal_count=9660 8256 1404 364 1040 1113 7143 247 7091 2135 1025 548 82 466 2049 4956 3745 1211 3659 1165 3637 2017 1625 126 392 1499 502 437 367 997
is_linear=0
shrinkage=0.08


Tree=51
num_leaves=31
num_cat=0
split_feature=7 39 2 19 27 2 8 33 6 4 13 39 1 15 25 31 27 8 19 4 23 31 25 8 6 19 6 8 33 13
split_gain=24.1428 14.3554 12.2634 5.46401 3.6637 3.32213 4.14064 3.78728 2.88898 4.7415 2.99243 2.87224 2.44679 2.52224 2.33633 2.11511 2.07585 2.74905 2.88043 2.09907 2.04291 1.97682 1.87445 2.71154 2.10533 2.91871 1.86096 1.85859 2.37823 1.9813
threshold=17.642290833333337 99.204186518737444 5.5000000000000009 18.275250000000003 13.950650000000001 2.5000000000000004 0.82605504124130669 -0.52325000000000077 2.0387000609981727 18.500000000000004 19.886300000000002 91.855899446134316 7.5000000000000009 14.153300000000002 16.964700000000004 14.131850000000002 17.911800000000003 1.9365192813644305 18.087200000000003 8.5000000000000018 14.481250000000001 14.153300000000002 16.775850000000002 1.5116892427919055 0.2080663931355983 16.700900000000004 0.25703647690540665 0.23742725676970511 0.11069999999999959 17.042850000000005
decision_type=2 2 2 2 2 2 2 2 2 2 2 2 2 2 2 2 2 2 2 2 2 2 2 2 2 2 2 2 2 2
left_child=2 16 5 -3 12 6 7 -1 -7 -10 -11 -9 15 -14 -13 -4 17 18 -2 -18 21 -6 23 -8 -25 -26 -20 29 -29 -16
right_child=1 3 4 -5 20 8 22 11 9 10 -12 14 13 -15 27 -17 19 -19 26 -21 -22 -23 -24 24 25 -27 -28 28 -30 -31
leaf_value=0.0031950676646182786 -0.001767799977337461 0.01394538979426926 -0.0061028848626776266 0.006772705405925024 -0.0036962806641165002 0.00040430336018467018 -0.0033379603302176974 -0.00060006094066899606 0.027294237854296882 0.0069472052320236344 -0.0066518064862349036 0.0035974523847060878 0.0027806611379746471 -0.0025010217020570735 0.0060999990701192533 0.00033470851664333171 -0.0011522666787500669 0.034905651958029867 -0.00025854171913906041 0.004237604907496007 -0.014216485825823497 -0.0011665444811150393 -0.0040361633993670409 0.014530033464841665 -0.00050154274706187612 0.0086064776775762655 0.0074761476097711466 0.0028748977093573558 -0.0048351231166031995 -0.0011317825164059059
leaf_weight=180 195 233 57 75 471 2862 447 2754 36 126 22 308 73 36 56 41 94 24 58 551 83 269 210 23 149 37 44 54 69 23
leaf_count=180 195 233 57 75 471 2862 447 2754 36 126 22 308 73 36 56 41 94 24 58 551 83 269 210 23 149 37 44 54 69 23
internal_value=0.000414079 0.010675 -0.00114477 0.0257143 -0.00932039 0 -0.00142923 -0.00018583 0.00202232 0.0117391 0.00540541 -0.000808824 0.000193237 0.00844037 0.00470588 -0.00897959 0.00587992 0.000623053 -0.00148148 0.00849612 -0.0117132 -0.0103784 -0.00637413 -0.00426829 0.00325359 0.000430108 0.00941176 -0.0019802 -0.00813008 0.00759494
internal_weight=9660 1274 8386 308 1030 7356 4310 3444 3046 184 148 3264 207 109 510 98 966 321 297 645 823 740 866 656 209 186 102 202 123 79
internal_count=9660 1274 8386 308 1030 7356 4310 3444 3046 184 148 3264 207 109 510 98 966 321 297 645 823 740 866 656 209 186 102 202 123 79
is_linear=0
shrinkage=0.08


Tree=52
num_leaves=31
num_cat=0
split_feature=39 39 21 19 25 29 19 15 31 23 25 6 4 7 8 21 6 6 25 13 7 21 5 33 33 23 25 6 8 33
split_gain=20.1842 10.3008 9.49936 6.62555 3.10849 2.78281 2.61103 2.50857 2.39717 3.31156 2.25628 2.09358 1.96376 1.89247 1.86042 2.74411 2.49618 1.85874 2.03891 3.37843 2.33222 2.34195 2.26624 1.97991 2.46951 2.058 1.85862 2.58351 1.89544 1.89149
threshold=94.419249078742538 77.673735303568606 18.243650000000006 18.275250000000003 15.4565 13.851850000000002 16.867950000000004 14.153300000000002 14.148300000000001 14.043850000000001 14.09895 0.28780375698079025 53.500000000000007 14.137149166666669 1.080942558763023 20.384450000000005 0.27101768935776094 0.18724470759856474 16.852650000000001 17.172400000000007 18.008190833333341 17.056050000000003 16.950363333333339 -0.58400000000000041 0.31620000000000031 18.087200000000003 14.444800000000003 0.1913205608397521 0.20342214233213385 0.032849999999999831
decision_type=2 2 2 2 2 2 2 2 2 2 2 2 2 2 2 2 2 2 2 2 2 2 2 2 2 2 2 2 2 2
left_child=1 6 4 11 -2 -3 7 8 10 -10 -1 -4 26 -14 16 -16 -5 -6 -19 22 21 -21 -20 -22 -25 -26 28 -28 -9 -29
right_child=2 5 3 14 17 -7 -8 12 9 -11 -12 -13 13 -15 15 -17 -18 18 19 20 23 -23 -24 24 25 -27 27 29 -30 -31
leaf_value=-0.0040310883740218625 -0.0090198918744944477 0.009146210053319663 0.015380032250891419 -0.0014354084536415711 0.0078912694298711016 -9.3316399323271077e-05 0.017609827222482579 -0.0032842664146997438 0.0034562244321365656 -0.0010960915593644671 -0.0003458335820809566 0.0097433201260676578 -0.0056825571592133885 0.004476383491633271 -0.0062225132357018251 0.0098456679346920605 0.059656620796594381 0.00529923009988579 0.013581626566997186 -0.0090130316899347928 0.0044692590872401185 0.010938245180609556 -0.0020930522630328596 0.00015902709417702 0.0053872619031830032 0.0081948239864811975 0.0045993690053342815 -0.00078547298418641276 -0.0064284826216114508 -0.008526912029221876
leaf_weight=211 41 49 190 27 59 6821 29 175 53 136 160 58 33 31 40 26 25 124 22 20 61 170 161 561 66 26 30 86 134 35
leaf_count=211 41 49 190 27 59 6821 29 175 53 136 160 58 33 31 40 26 25 124 22 20 61 170 161 561 66 26 30 86 134 35
internal_value=0.000298137 -0.00137793 0.00827668 0.0196721 0.00509535 -0.000221252 -0.00851752 -0.00915129 -0.00542857 0.00190476 -0.00916442 0.0270968 -0.0131298 0 0.0040678 -0.00484848 0.0153846 0.00579528 0.00511974 0.00401104 0.0060177 0.0138947 -0.00590164 0.00392157 0.002634 0.0147826 -0.0149565 -0.00768212 -0.0185113 -0.0128926
internal_weight=9660 7983 1677 366 1311 6870 1113 1084 560 189 371 248 524 64 118 66 52 1270 1211 1087 904 190 183 714 653 92 460 151 309 121
internal_count=9660 7983 1677 366 1311 6870 1113 1084 560 189 371 248 524 64 118 66 52 1270 1211 1087 904 190 183 714 653 92 460 151 309 121
is_linear=0
shrinkage=0.08


Tree=53
num_leaves=31
num_cat=0
split_feature=39 39 21 19 31 6 6 27 19 15 13 5 29 17 29 13 23 21 6 39 27 33 4 4 1 33 39 31 29 13
split_gain=19.2614 9.11645 9.01544 6.83162 3.07399 2.49739 2.43938 2.11539 2.01108 2.00823 2.23316 2.82327 2.82128 2.0267 1.90555 1.81948 2.57565 2.14481 2.21748 2.97875 2.85462 2.62803 2.51375 20.7487 3.68875 3.56911 2.07449 2.27364 1.86397 1.80645
threshold=94.419249078742538 77.673735303568606 18.243650000000006 18.275250000000003 14.647350000000001 3.2096536544786503 0.28780375698079025 13.950650000000001 13.950650000000001 18.410200000000007 17.155700000000007 17.029060000000005 17.656400000000001 17.207200000000004 13.851850000000002 13.950650000000001 14.153300000000002 13.983600000000001 0.29934151911072543 81.305600427919529 15.045750000000002 -0.41205000000000064 14.500000000000002 15.500000000000002 22.500000000000004 0.24155000000000018 91.286024517204865 16.628950000000003 14.784150000000002 16.750600000000002
decision_type=2 2 2 2 2 2 2 2 2 2 2 2 2 2 2 2 2 2 2 2 2 2 2 2 2 2 2 2 2 2
left_child=1 5 4 6 -2 7 -4 8 -1 10 11 -6 -12 -13 -3 16 -16 -17 21 -20 28 -19 25 -24 -25 -23 -22 -28 -21 -29
right_child=2 14 3 -5 9 -7 -8 -9 -10 -11 12 13 -14 -15 15 17 -18 18 19 20 26 22 23 24 -26 -27 27 29 -30 -31
leaf_value=0.0016414098027608759 -0.013265387898466301 0.0084145132490540675 0.014149629670820047 0.0010345754683162057 0.003023684978735446 0.024981975638840765 0.0089638545159822763 -0.0026713567660654291 -0.002150210283479055 -0.00066772264221043548 0.0099596259746145676 -0.00062547523425095621 0.0031246788474817325 -0.0079731365786309995 -0.0062078820904635278 0.0038636757995843141 0.00031296989674800102 0.0014750977049271796 -0.0088477552449087692 -0.0007906853299959949 -0.0019952446739813466 -0.0016562263159231351 0.022266921208310891 -0.00014568024805640788 0.044073856004065562 0.001090330025819739 0.021154323099167413 -0.0073347952627491964 0.0059498446042560715 0.00053153264176074798
leaf_weight=37 24 49 190 118 106 20 58 926 130 184 142 134 696 25 35 48 41 593 129 31 439 980 92 3695 87 306 39 31 54 221
leaf_count=37 24 49 190 118 106 20 58 926 130 184 142 134 696 25 35 48 41 593 129 31 439 980 92 3695 87 306 39 31 54 221
internal_value=0.000339545 -0.00129776 0.00813357 0.019235 0.00503432 -0.00801438 0.0267742 -0.00852699 -0.000239521 0.00556333 0.00685403 0.00045283 0.00887828 -0.00628931 -0.000209607 -0.000322533 -0.0126316 -0.00018384 -0.000304614 -0.00389831 -0.00211043 0.000285069 -0.000294574 0.000722767 -0.000190375 -0.00335925 -0.00372603 0.00151203 0.0117647 -0.00126984
internal_weight=9660 7983 1677 366 1311 1113 248 1093 167 1287 1103 265 838 159 6870 6821 76 6745 6697 944 815 5753 5160 3874 3782 1286 730 291 85 252
internal_count=9660 7983 1677 366 1311 1113 248 1093 167 1287 1103 265 838 159 6870 6821 76 6745 6697 944 815 5753 5160 3874 3782 1286 730 291 85 252
is_linear=0
shrinkage=0.08


Tree=54
num_leaves=31
num_cat=0
split_feature=39 13 7 21 27 31 31 19 13 4 15 39 25 7 29 8 25 6 5 39 27 39 33 25 5 17 19 23 31 4
split_gain=18.6027 9.59976 8.28688 4.61928 3.52245 3.06798 3.1185 3.63246 2.62999 2.62531 2.26044 2.06739 1.87934 1.84995 2.95951 1.83959 1.73723 1.72408 1.56105 3.01785 1.4677 1.86746 1.40211 2.34507 2.14434 1.56862 1.51254 3.22088 1.39636 1.39001
threshold=98.954322463543676 14.593050000000002 17.656566666666674 18.158950000000001 17.911800000000003 14.18125 15.320300000000001 15.692450000000003 15.656950000000002 10.500000000000002 15.736050000000002 101.58591570643874 18.042600000000004 18.115520000000004 18.087200000000003 3.5134649833721672 18.556400000000004 0.18538231707904668 14.20667880952381 78.099510178904254 13.950650000000001 78.188689079996266 0.033050000000000253 14.4777 14.176256666666669 14.046700000000003 14.09895 14.395400000000002 14.09895 8.5000000000000018
decision_type=2 2 2 2 2 2 2 2 2 2 2 2 2 2 2 2 2 2 2 2 2 2 2 2 2 2 2 2 2 2
left_child=1 5 9 12 15 18 20 -8 -6 -2 -11 -5 -4 17 -15 16 28 -10 19 22 21 -7 23 24 25 26 27 -1 -3 -19
right_child=2 4 3 11 8 6 7 -9 13 10 -12 -13 -14 14 -16 -17 -18 29 -20 -21 -22 -23 -24 -25 -26 -27 -28 -29 -30 -31
leaf_value=-0.0050037284101122738 0.054801325095401414 0.0061478795850629809 0.0047161460731445009 0.013691415198006497 -0.0067407674430988605 0.0030274204407782436 -0.039488605753775941 0.0031663060643606399 0.007288119055782403 0.0064035491367828001 -0.0032861759504189082 0.0086081295387799624 -0.0031577488244357711 0.0036742651327224961 -0.0028655218995670851 0.023463304781660099 -0.0041968273161681682 -0.0014033418148156329 -0.0065309795787101875 0.0023253408063399661 -0.00077880567090062415 -0.0011491534463410602 -0.0047473320818719597 0.0023016006537460499 0.0020622482262324126 -0.0022080853302007598 -0.0068960305911404873 0.0017165860426411684 7.9415820808321767e-05 0.0032268210665961305
leaf_weight=39 25 44 61 211 24 44 51 26 34 27 103 35 29 43 40 26 60 79 70 35 921 38 228 48 43 237 107 20 6373 539
leaf_count=39 25 44 61 211 24 44 51 26 34 27 103 35 29 43 40 26 60 79 70 35 921 38 228 48 43 237 107 20 6373 539
internal_value=0.000389234 -0.000423165 0.0155601 0.022619 0.000903332 -0.00547457 -0.00266667 -0.0181818 0.00606061 0.000258065 -0.00430769 0.0282927 0.00711111 0.00691156 -0.00433735 0.000301399 0.000216149 0.00834356 -0.00914148 -0.00808454 -0.00147557 0.00878049 -0.00919668 -0.00680162 -0.00860987 -0.0104218 -0.0163855 -0.00610169 0.000342839 0.00737864
internal_weight=9660 9169 491 336 7262 1907 1080 77 759 155 130 246 90 735 83 6503 6477 652 827 757 1003 82 722 494 446 403 166 59 6417 618
internal_count=9660 9169 491 336 7262 1907 1080 77 759 155 130 246 90 735 83 6503 6477 652 827 757 1003 82 722 494 446 403 166 59 6417 618
is_linear=0
shrinkage=0.08


Tree=55
num_leaves=31
num_cat=0
split_feature=39 13 31 6 21 4 6 31 31 33 31 7 4 31 29 39 8 5 31 15 33 21 17 33 6 8 29 4 27 5
split_gain=12.2743 6.29211 5.07842 4.42494 4.49488 2.52002 3.43214 2.22462 3.07441 2.89378 2.17016 2.01597 2.00013 1.96311 1.92625 1.84759 3.61898 3.68513 3.2441 2.25342 2.35437 2.05734 2.05156 2.8654 2.535 2.18847 2.01144 2.26491 1.93865 1.80637
threshold=96.533441563167813 14.593050000000002 18.042600000000004 0.3044761156952463 18.120150000000006 16.500000000000004 1.2556854237668438 14.148300000000001 15.320300000000001 1.0753499999999996 14.09895 17.91895833333334 8.5000000000000018 14.647350000000001 18.243650000000006 92.674550882683249 0.20922725948229401 16.998970000000003 17.071750000000005 17.423700000000004 -0.037899999999998706 17.531950000000005 16.938100000000002 0.037950000000000379 0.28115023839833947 0.29664409134195246 17.306200000000004 52.500000000000007 16.9785 14.197136666666669
decision_type=2 2 2 2 2 2 2 2 2 2 2 2 2 2 2 2 2 2 2 2 2 2 2 2 2 2 2 2 2 2
left_child=1 7 13 4 12 -5 -7 29 -9 -10 -3 15 -4 -2 -13 -12 -17 28 26 21 -21 22 -20 25 -25 -24 -19 -28 -18 -1
right_child=2 10 3 5 -6 6 -8 8 9 -11 11 14 -14 -15 -16 16 17 18 19 20 -22 -23 23 24 -26 -27 27 -29 -30 -31
leaf_value=-0.0022810013983641398 -0.01106902671863196 0.0081225101103688507 -0.0020162068309255688 0.019607379634349515 0.0097509683072422599 -0.010472695570811794 0.0088229829317006646 -0.00049248743132963564 -0.033945245154285146 0.012632968489938747 -4.2807492250034332e-05 -0.0042458790751783229 0.0043689321684603046 0.0020503896855390735 0.0026720079549593834 0.0066949374914028678 0.0037204512714467341 -0.0020151850004967286 0.002915762529652568 0.005077421399163882 -0.0054780326255814771 0.0058248700740746529 0.0070261946399116934 -0.0035864705298956777 0.0023010978784635937 -0.00034088373751771427 0.0068308947654648483 -0.0046631063243168574 0.0065295193436483599 -0.0040870213360399534
leaf_weight=663 21 64 38 29 241 42 30 1095 57 20 5330 57 184 737 24 48 155 151 155 32 33 64 41 100 20 38 51 20 50 70
leaf_count=663 21 64 38 29 241 42 30 1095 57 20 5330 57 184 737 24 48 155 151 155 32 33 64 41 100 20 38 51 20 50 70
internal_value=0.000281573 -0.000853922 0.00744327 0.0131915 0.0165011 -0.0019802 -0.01 -0.00489239 -0.00273038 -0.0181818 0.000341987 0.000194693 0.00828829 0.00316623 -0.0123457 0.000356234 0.00359081 0.00246154 -0.000283688 0.00339545 -0.0104615 0.00555024 0.00316384 -0.00221106 -0.01 0.00962025 -0.00828829 0.0028169 0.0119024 -0.00834925
internal_weight=9660 8338 1322 564 463 101 72 1905 1172 77 6433 6369 222 758 81 6288 958 910 705 483 65 418 354 199 120 79 222 71 205 733
internal_count=9660 8338 1322 564 463 101 72 1905 1172 77 6433 6369 222 758 81 6288 958 910 705 483 65 418 354 199 120 79 222 71 205 733
is_linear=0
shrinkage=0.08


Tree=56
num_leaves=31
num_cat=0
split_feature=39 15 7 31 27 21 27 21 31 33 39 19 4 5 5 31 8 25 33 31 23 27 7 4 4 7 33 6 23 39
split_gain=11.9312 6.4142 5.7284 3.24857 2.85069 2.81731 2.29379 2.16718 4.07568 2.13515 2.65398 3.62068 3.48214 2.41677 2.10457 2.568 2.06118 2.57116 2.17569 2.81844 2.83103 2.1961 2.5765 2.39143 15.9446 2.27632 2.16663 2.39021 2.45121 2.12798
threshold=98.954322463543676 15.550500000000001 17.656566666666674 14.18125 15.586 18.158950000000001 18.197700000000005 15.390450000000003 15.625350000000003 -0.72444999999999904 84.366503075766715 15.557500000000003 26.500000000000004 15.066910000000002 18.109816666666671 15.780700000000001 3.5134649833721672 18.731750000000002 -0.48870000000000141 15.142850000000001 15.195600000000001 15.069850000000001 15.238179166666669 14.500000000000002 15.500000000000002 18.115520000000004 0.24140000000000142 0.21259144877582467 16.867950000000004 82.525013145595366
decision_type=2 2 2 2 2 2 2 2 2 2 2 2 2 2 2 2 2 2 2 2 2 2 2 2 2 2 2 2 2 2
left_child=1 3 14 -1 7 -4 16 8 9 -5 11 13 -12 -11 15 -2 17 18 -3 20 -20 -21 -23 26 -25 29 -24 28 -28 -26
right_child=2 6 5 4 -6 -7 -8 -9 -10 10 12 -13 -14 -15 -16 -17 -18 -19 19 21 -22 22 23 24 25 -27 27 -29 -30 -31
leaf_value=-0.0020985212864950142 -0.0055578572467081247 0.0025863330291073794 0.0031933581128194533 0.0020753980102072235 -0.00248484169818056 0.010315435223440942 0.0037148328105972438 0.00092245567430097712 -0.014221710562845118 -2.6839841299022284e-05 0.00056764460232457733 0.0046766814252468692 -0.014821960785557878 -0.0020654191786077547 -0.0040857387711847083 0.006374004643465412 0.021644601037077393 -0.0059332702042036089 -0.00026663707794611469 0.0052848320880044498 0.0083302331727500706 -0.0084908746212542501 -0.0015121133114826791 0.030845136106057113 0.003755493034355766 -0.0032707224221395848 -0.0028022526342138575 -7.1778852825303828e-05 0.006485624813351052 0.00014857075163135391
leaf_weight=855 42 470 90 34 463 246 382 513 59 1689 30 77 26 384 33 80 25 39 36 22 50 32 750 71 25 38 23 178 32 2866
leaf_count=855 42 470 90 34 463 246 382 513 59 1689 30 77 26 384 33 80 25 39 36 22 50 32 750 71 25 38 23 178 32 2866
internal_value=0.0003147 -0.000335914 0.0124644 -0.00267312 -0.00152672 0.0183333 0.00157968 -0.00056899 -0.00161809 -0.00107143 -0.00137806 -0.000930233 -0.0185714 -0.00156295 -0.000258065 0.00459016 0.00109083 0.000967185 0.00114087 0.000552995 0.0148837 0.000247709 0.000109589 0.000291238 0.00141333 0.000505292 -0.00313327 0.00360515 0.0181818 0.000760982
internal_weight=9660 9169 491 4130 3275 336 5039 2812 2299 2240 2206 2150 56 2073 155 122 4657 4632 4593 4123 86 4037 4015 3983 3000 2929 983 233 55 2891
internal_count=9660 9169 491 4130 3275 336 5039 2812 2299 2240 2206 2150 56 2073 155 122 4657 4632 4593 4123 86 4037 4015 3983 3000 2929 983 233 55 2891
is_linear=0
shrinkage=0.08


Tree=57
num_leaves=31
num_cat=0
split_feature=39 6 13 4 21 27 31 5 8 7 1 23 23 5 27 21 15 7 5 4 4 6 31 5 19 39 25 7 4 29
split_gain=10.8555 6.05808 5.62783 4.63444 2.88867 2.12311 2.12141 2.83781 3.09409 2.94025 2.16004 2.09379 1.96786 1.93409 2.88514 1.89018 2.70497 1.85656 2.68601 1.92256 18.3845 2.28402 1.72223 1.63966 1.63289 2.30406 2.23481 2.93387 1.93191 2.2807
threshold=98.954322463543676 0.27964170613353562 15.262250000000002 10.500000000000002 18.158950000000001 18.197700000000005 14.18125 15.357210000000002 1.7064975938968319 15.361690000000003 3.5000000000000004 15.656950000000002 19.315350000000006 15.319050000000002 15.444000000000001 20.384450000000005 18.275250000000003 14.889894166666668 15.523313333333336 14.500000000000002 15.500000000000002 0.57419832856915154 15.515000000000002 18.239940000000004 15.195600000000001 83.500815206629625 16.365600000000004 15.385054166666668 33.500000000000007 15.373050000000001
decision_type=2 2 2 2 2 2 2 2 2 2 2 2 2 2 2 2 2 2 2 2 2 2 2 2 2 2 2 2 2 2
left_child=2 4 6 -3 -2 17 -1 8 13 -9 -11 -12 -7 14 22 16 -5 18 -4 21 -21 -19 -8 24 26 28 27 -22 -26 -30
right_child=1 3 5 15 -6 12 7 9 -10 10 11 -13 -14 -15 -16 -17 -18 19 -20 20 23 -23 -24 -25 25 -27 -28 -29 29 -31
leaf_value=-0.0019306395835754131 0.0026610807318645869 0.064408027577980531 0.00018102135271988118 0.0009511885216579685 0.010990789699711456 0.0041738218195473565 -0.00014757263577479308 -0.011352108624386972 0.021057045629593391 -0.011121779409008711 -0.0025529313302509139 0.0078725430205943778 -0.0059299495426186864 0.0030622603529626958 -0.0054505237493820856 0.011398361666948915 -0.0054239317763510545 -0.00070566252854369798 -0.05677097406993447 0.023520715486307183 -0.00015376569869644642 0.0038745405659912535 -0.017992334857552236 -0.0031900701819381539 0.0001594363139837185 0.00019399866870898564 0.0023550374306549318 -0.0054962528153153301 0.0012185870140169186 0.0059539926659080327
leaf_weight=855 64 40 32 111 178 352 1841 55 28 38 231 31 38 78 44 26 72 1254 28 98 105 129 26 24 116 3524 24 65 77 76
leaf_count=855 64 40 32 111 178 352 1841 55 28 38 231 31 38 78 44 26 72 1254 28 98 105 129 26 24 116 3524 24 65 77 76
internal_value=0.000223602 0.0118126 -0.00039699 0.00305221 0.0208264 0.00106361 -0.00308646 -0.00185497 -0.0006941 -0.0084507 -0.00533333 -0.00274809 0.00676923 -0.00106586 -0.00156986 -0.00172249 -0.00459016 0.000662824 -0.0133333 0.000815732 0.00168411 -0.00176428 -0.00109266 0.000847669 0.000973163 0.00133931 -0.00618557 -0.00941176 0.00847584 0.0143791
internal_weight=9660 491 9169 249 242 5942 3227 2372 2017 355 300 262 390 1989 1911 209 183 5552 60 5492 4109 1383 1867 4011 3987 3793 194 170 269 153
internal_count=9660 491 9169 249 242 5942 3227 2372 2017 355 300 262 390 1989 1911 209 183 5552 60 5492 4109 1383 1867 4011 3987 3793 194 170 269 153
is_linear=0
shrinkage=0.08


Tree=58
num_leaves=31
num_cat=0
split_feature=39 6 39 31 1 7 29 21 4 31 27 5 7 13 15 39 27 21 21 19 6 31 23 33 27 7 8 5 25 31
split_gain=10.4 5.83483 4.93063 2.83092 4.8142 4.98549 2.84472 2.75914 2.67332 2.41241 1.87679 2.51256 2.18609 1.94486 1.87628 1.94586 1.83231 2.03612 1.68123 2.15575 2.00719 1.66762 1.61292 1.80598 1.54498 1.50943 1.50583 1.74032 1.64812 1.55248
threshold=98.954322463543676 0.27964170613353562 80.929852741001369 14.968750000000002 4.5000000000000009 15.53871166666667 14.046700000000003 18.158950000000001 10.500000000000002 15.231050000000002 13.950650000000001 14.154896666666668 14.121997500000001 15.036200000000003 14.260600000000002 75.859977836541731 18.197700000000005 18.120150000000006 20.384450000000005 19.886300000000002 2.1556601781526621 14.576500000000001 14.09895 0.36224999999999957 14.066000000000001 17.222990833333338 1.4421042757918003 14.857710000000003 15.000850000000002 14.750550000000002
decision_type=2 2 2 2 2 2 2 2 2 2 2 2 2 2 2 2 2 2 2 2 2 2 2 2 2 2 2 2 2 2
left_child=2 7 3 6 -5 9 14 -2 -3 -6 11 -8 24 26 22 -16 -4 -18 19 20 25 -15 23 -1 -12 -10 27 28 -14 -29
right_child=1 8 16 4 5 -7 10 -9 18 -11 12 -13 13 21 15 -17 17 -19 -20 -21 -22 -23 -24 -25 -26 -27 -28 29 -30 -31
leaf_value=0.0011021572780943246 0.0024481942733153516 0.059255385371742193 0.00011615214194591772 -0.022112228944962738 -0.0017029672709250577 0.016662125984861973 0.0013958126135730708 0.010111526523734539 -0.004922071788188021 -0.018680178621261662 0.00063636782414192797 -0.0058507063579044429 -0.00070449479850019257 -8.3562269885391064e-05 0.0041279398431938574 -0.0052299213764204922 0.0040555705552628753 -0.00061110818558972823 0.010486492733593025 -0.0092542273266892749 0.0054147789041957143 0.0040175155269787412 -0.0019854586675589303 -0.0046245059238446372 -0.0048614910865390475 0.0044666355359476032 0.010655524860775999 -0.0065917253847457861 0.0029011219970537638 -0.0020405420445896993
leaf_weight=129 64 40 6285 51 52 43 145 178 65 47 29 35 1276 25 30 117 287 103 26 26 35 46 190 28 97 57 30 35 50 39
leaf_count=129 64 40 6285 51 52 43 145 178 65 47 29 35 1276 25 30 117 287 103 26 26 35 46 190 28 97 57 30 35 50 39
internal_value=0.000306418 0.0116497 -0.000301014 -0.00333601 -0.0126425 -0.00507042 -0.00255541 0.0204959 0.00305221 -0.0149495 -0.00108467 0.00666667 -0.00194222 -0.0010926 -0.00793522 -0.0155102 0.000832959 0.00615385 -0.000574163 -0.00327869 0.000254777 0.011831 -0.00472622 0.00127389 -0.0120635 -0.00459016 -0.00173427 -0.00211429 -0.00144796 -0.0140541
internal_weight=9660 491 9169 2494 193 142 2301 242 249 99 1807 180 1627 1501 494 147 6675 390 209 183 157 71 347 157 126 122 1430 1400 1326 74
internal_count=9660 491 9169 2494 193 142 2301 242 249 99 1807 180 1627 1501 494 147 6675 390 209 183 157 71 347 157 126 122 1430 1400 1326 74
is_linear=0
shrinkage=0.08


Tree=59
num_leaves=31
num_cat=0
split_feature=29 39 31 5 31 6 17 4 7 7 31 23 21 25 17 21 8 31 6 31 25 4 33 27 15 19 39 31 21 6
split_gain=7.40006 4.24002 3.49455 3.4819 2.95566 2.82806 2.67442 2.5319 2.24868 2.98384 3.19271 2.36545 2.06996 1.96373 1.88571 1.83739 2.19301 1.83492 2.25981 1.82903 1.94346 2.19735 1.82697 1.76579 1.7492 1.83656 1.72696 2.13163 1.86907 1.72023
threshold=16.9785 98.954322463543676 14.18125 18.142023333333338 17.791300000000003 0.18683393109149551 16.817100000000003 5.5000000000000009 15.716931666666669 17.041145000000004 16.892300000000002 16.900950000000005 18.243650000000006 18.042600000000004 17.008900000000004 20.384450000000005 1.0106477066210111 15.390450000000003 0.27964170613353562 16.824400000000001 16.750600000000002 45.500000000000007 0.48299999999999882 13.950650000000001 16.867950000000004 17.230950000000004 92.469820051822623 16.9785 17.071750000000005 0.23517769407889241
decision_type=2 2 2 2 2 2 2 2 2 2 2 2 2 2 2 2 2 2 2 2 2 2 2 2 2 2 2 2 2 2
left_child=2 5 -1 12 23 -2 -6 -7 -9 17 11 -11 13 29 -13 16 -5 -10 24 -20 -21 -22 -14 -4 25 -19 28 -28 -12 -3
right_child=1 3 4 15 6 7 -8 8 9 10 26 14 22 -15 -16 -17 -18 18 19 20 21 -23 -24 -25 -26 -27 27 -29 -30 -31
leaf_value=-0.0017306216713681977 0.0038457137356181195 0.0070120977612481289 0.0012443905010625399 0.0076489376152483147 -0.011851974408202751 -0.0013075438089548187 -9.1965424625612969e-05 -0.0111739199896396 0.055442405182221537 0.001168823534032697 0.0070971834807434676 -0.0057055776425607978 0.0093026044018358796 -0.004702233187894791 -0.001524936463125215 0.008075649434460104 -0.0051752368620881844 -0.00079398034264244188 -0.0028639305626235513 0.0072166391782626958 0.0018122632418103991 -0.0032700965259651583 0.0071388540386402612 -0.00010639879347237979 0.0068915119822713679 0.0043749184177582379 -0.0036774014448062078 0.0012843737624606889 -0.00026447434511055689 0.0022496605216804255
leaf_weight=886 124 25 122 33 23 244 20 40 24 54 103 54 101 26 56 20 45 73 62 36 97 22 90 5979 152 38 23 986 47 55
leaf_count=886 124 25 122 33 23 244 20 40 24 54 103 54 101 26 56 20 45 73 62 36 97 22 90 5979 152 38 23 986 47 55
internal_value=0.000182195 0.00380228 -0.00117212 0.011443 -0.000494792 0.0024519 -0.0213953 0.0017622 0.00276379 0.0031746 0.00117914 -0.00926829 0.0157576 0.00679245 -0.016 -0.00163265 -0.00717949 0.0084127 0.00733333 0.00129032 0.00593548 0.0010084 0.020733 -0.000347484 0.0123194 0.00468468 0.00265746 0.0014668 0.0106667 0.013
internal_weight=9660 2630 7030 395 6144 2235 43 2111 1867 1827 1323 164 297 106 110 98 78 504 480 217 155 119 191 6101 263 111 1159 1009 150 80
internal_count=9660 2630 7030 395 6144 2235 43 2111 1867 1827 1323 164 297 106 110 98 78 504 480 217 155 119 191 6101 263 111 1159 1009 150 80
is_linear=0
shrinkage=0.08


Tree=60
num_leaves=31
num_cat=0
split_feature=39 2 2 31 27 4 17 2 21 29 21 13 27 7 4 21 33 39 39 29 27 21 29 23 25 4 5 1 7 4
split_gain=6.60542 4.27123 3.80254 3.39754 2.5803 2.9353 3.09429 2.3849 3.73278 3.35016 2.97878 2.92241 2.63282 2.28173 2.29489 3.01698 2.38961 2.23945 1.88878 1.88388 1.87997 1.86602 1.86369 2.18729 1.94932 1.8368 1.83397 1.6703 1.66828 1.64876
threshold=98.954322463543676 5.5000000000000009 2.5000000000000004 14.615850000000002 14.066000000000001 45.500000000000007 14.131850000000002 2.5000000000000004 17.423700000000004 14.260600000000002 17.042850000000005 16.817100000000003 17.191450000000007 18.716592500000004 26.500000000000004 18.120150000000006 0.40195000000000031 82.525013145595366 76.487220900015117 14.131850000000002 16.964700000000004 13.884750000000002 18.087200000000003 17.993150000000004 17.993150000000004 46.500000000000007 14.134390000000002 20.500000000000004 14.649417500000002 1.0000000180025095e-35
decision_type=2 2 2 2 2 2 2 2 2 2 2 2 2 2 2 2 2 2 2 2 2 2 2 2 2 2 2 2 2 2
left_child=1 7 -2 4 5 18 19 8 10 -9 12 -12 -1 14 -4 16 -16 -11 -3 -7 -10 -6 23 -17 -25 -13 -20 -14 -5 -19
right_child=2 3 13 28 21 6 -8 9 20 17 11 25 27 -15 15 22 -18 29 26 -21 -22 -23 -24 24 -26 -27 -28 -29 -30 -31
leaf_value=-0.00015561766727998361 -0.0018567204183968045 -0.00059717795807870291 0.010724748956932758 -0.010193846476339844 -0.0047560363484238626 -0.0034764327982203724 0.0013902192872403418 0.025087627561761538 -0.0074784266080275335 0.0018153350333066955 -0.0017294982749334054 0.0052647863736478943 -0.0020731470395188014 -0.0052949169779935804 -0.0052121899125023678 0.010934704407791429 0.0024276978023279128 -0.0041116959341050575 0.0024325904777690254 -0.0070578106126988876 -0.00068153566711764318 -0.0017259112654274135 0.0077512369604868072 0.0053343665086734403 -0.00093250538609908069 -0.0011975007142243045 3.4806377444311922e-05 -0.010238185940744273 -0.042011317590325774 0.0004128980662508752
leaf_weight=3657 72 130 176 23 47 44 30 32 56 173 56 158 183 27 35 42 54 67 108 31 60 501 28 27 30 48 83 20 30 3632
leaf_count=3657 72 130 176 23 47 44 30 32 56 173 56 158 183 27 35 42 54 67 108 31 60 501 28 27 30 48 83 20 30 3632
internal_value=0.000165631 -0.000318464 0.0092057 -0.00518014 -0.00410678 0.00056338 -0.0110476 0.000294768 -0.00101935 0.00172131 -0.000621058 0.00763359 -0.00118135 0.0121241 0.0136735 0.00814815 -0.00314607 0.00150826 0.00436137 -0.0197333 -0.0151724 -0.00773723 0.016063 0.0109091 0.000701754 0.0120388 0.00942408 -0.0100493 -0.0249057 0.00109219
internal_weight=9660 9169 491 1027 974 426 105 8142 4238 3904 4122 262 3860 419 392 216 89 3872 321 75 116 548 127 99 57 206 191 203 53 3699
internal_count=9660 9169 491 1027 974 426 105 8142 4238 3904 4122 262 3860 419 392 216 89 3872 321 75 116 548 127 99 57 206 191 203 53 3699
is_linear=0
shrinkage=0.08


Tree=61
num_leaves=31
num_cat=0
split_feature=39 13 6 27 21 6 17 29 21 4 4 21 4 4 21 19 8 8 27 27 4 4 4 4 15 7 15 33 4 13
split_gain=6.88268 4.11601 3.82278 2.28038 2.82954 2.88168 2.30804 3.17007 2.60448 2.15677 2.03344 1.81637 1.87298 1.80986 1.68123 1.69816 1.68104 1.97887 1.75681 1.82718 1.67167 12.4469 5.27708 6.56279 2.59744 3.00148 3.35595 2.73671 2.58461 4.20821
threshold=98.954322463543676 14.543600000000001 0.27964170613353562 14.066000000000001 14.197750000000001 0.2130382985919996 14.260600000000002 14.395400000000002 14.312950000000003 47.500000000000007 44.500000000000007 18.120150000000006 28.500000000000004 10.500000000000002 20.384450000000005 18.042600000000004 1.6272946002717763 0.57247871437415354 14.708300000000003 14.378900000000002 43.500000000000007 46.500000000000007 44.500000000000007 45.500000000000007 15.725800000000001 16.860710833333339 16.817100000000003 0.37955000000000011 41.500000000000007 17.363700000000005
decision_type=2 2 2 2 2 2 2 2 2 2 2 2 2 2 2 2 2 2 2 2 2 2 2 2 2 2 2 2 2 2
left_child=1 3 11 4 9 -6 7 8 -5 10 -1 12 -2 -4 15 -15 17 -8 19 -19 28 22 -22 -24 27 -26 -27 -23 -3 -30
right_child=2 20 13 6 5 -7 16 -9 -10 -11 -12 -13 -14 14 -16 -17 -18 18 -20 -21 21 24 23 -25 25 26 -28 -29 29 -31
leaf_value=-0.00069029630187678493 0.0085493363683906403 3.8525397964122019e-05 0.053301241500795841 -0.0029348530452426758 0.0023621946024396578 -0.00095179846373852686 -0.00042287700982974742 -0.011899757543625355 0.00066046962321259178 -0.0053585046609282471 0.014316541761539412 0.0077959439135742064 -0.0024685356921871461 0.00073411029669799175 0.0082100868572253204 -0.003320437716338347 0.017549065323479739 -0.0064874250986329688 -0.010650099982030242 0.0011170218117786846 0.00063982773449431816 -0.00087879458244628957 0.021722448238049027 0.0032063247329762847 0.0026523781171204773 -0.0074667361904326417 0.0003500025304015253 -0.0058674205670675404 -0.0038417493722077722 0.0020222264099936638
leaf_weight=206 23 5179 40 304 122 72 572 85 106 71 20 181 38 112 26 71 20 43 50 52 124 591 125 110 326 98 573 53 205 62
leaf_count=206 23 5179 40 304 122 72 572 85 106 71 20 181 38 112 26 71 20 43 50 52 124 591 125 110 326 98 573 53 205 62
internal_value=0.000140787 -0.000353365 0.00936864 -0.00387696 0.000733198 0.00824742 -0.00571429 -0.00993939 -0.00702439 -0.00417508 -0.000353982 0.0165289 0.00459016 0.00240964 -0.000574163 -0.00327869 -0.00287653 -0.00351464 -0.0118621 -0.00547368 0.000461993 0.00244 0.0159331 0.0229787 -0.000511883 0.00204614 -0.00101341 -0.00447205 -0.000264414 -0.00794007
internal_weight=9660 9169 491 1723 491 194 1232 495 410 297 226 242 61 249 209 183 737 717 145 95 7446 2000 359 235 1641 997 671 644 5446 267
internal_count=9660 9169 491 1723 491 194 1232 495 410 297 226 242 61 249 209 183 737 717 145 95 7446 2000 359 235 1641 997 671 644 5446 267
is_linear=0
shrinkage=0.08


Tree=62
num_leaves=31
num_cat=0
split_feature=13 39 8 2 31 8 21 19 4 5 27 4 6 13 19 1 21 8 7 19 21 29 4 4 33 33 25 15 17 6
split_gain=6.77839 3.65113 3.27797 3.0943 3.29469 2.24453 1.89967 1.92947 1.8881 2.63662 1.81826 2.38455 2.51678 1.99812 1.88317 1.77203 2.52916 2.22125 1.77067 1.63413 2.78074 1.92625 1.84788 3.51931 2.41897 2.71092 2.59584 2.0785 1.97648 1.81318
threshold=17.306200000000004 98.954322463543676 0.96992659237771972 5.5000000000000009 15.294250000000002 1.462533759336071 12.978900000000001 17.656400000000001 41.500000000000007 18.239940000000004 16.700900000000004 32.500000000000007 1.1051669709546303 18.478250000000003 18.605250000000002 5.5000000000000009 18.087200000000003 0.2560719989406165 18.123570000000004 14.09895 14.329500000000001 14.131850000000002 46.500000000000007 44.500000000000007 0.23059999999999994 0.49335000000000134 14.395400000000002 14.329500000000001 14.131850000000002 0.18908854602035305
decision_type=2 2 2 2 2 2 2 2 2 2 2 2 2 2 2 2 2 2 2 2 2 2 2 2 2 2 2 2 2 2
left_child=3 8 15 6 19 -4 -1 -8 9 10 11 12 -2 14 18 17 -17 -3 -12 20 -5 29 23 24 26 -26 27 -21 -24 -22
right_child=1 2 5 4 -6 -7 7 -9 -10 -11 13 -13 -14 -15 -16 16 -18 -19 -20 22 21 -23 28 -25 25 -27 -28 -29 -30 -31
leaf_value=0.0087901181334970602 -0.0074733661477507955 0.0037251675717786272 -0.0025517177111160552 -0.00097559860068869859 -0.035711771182086807 0.00419146018136928 -1.0358807454124986e-05 -0.0033095976339825484 0.0026349276023603352 -0.0097129560718505568 0.00060773953849150078 -0.0084339119937252606 0.009355748295869333 0.006257163930593777 0.0040466741755037106 -0.00099774325298398027 0.0042577743100092394 0.022980421542221734 -0.0029019799274416871 -0.0036131496988718228 0.00069277683228882833 0.0044180449350815819 -0.0067015961454097803 0.016772012579480418 0.0020162780639644494 -0.0056007055059133391 0.0022247546372162219 -0.0064019435437973017 -0.0015568862289568842 -0.00055590082573758086
leaf_weight=39 20 33 87 367 39 45 6664 128 423 23 718 22 34 66 24 56 150 58 47 214 28 37 62 20 66 25 29 31 44 61
leaf_count=39 20 33 87 367 39 45 6664 128 423 23 718 22 34 66 24 56 150 58 47 214 28 37 62 20 66 25 29 31 44 61
internal_value=0.000231884 0.00465116 0.0110956 -0.000784314 -0.00488759 0.000606061 -0.000169814 -0.000270907 0.00264343 0.00067086 0.0013319 -0.0105263 -0.00148148 0.00238596 0.00126743 0.0157576 0.0116505 0.0250549 0.000575163 -0.00398374 -0.000730223 0.00952381 -0.00725051 -0.00467532 -0.00646575 0.00483516 -0.010219 -0.012898 -0.0166038 0.00314607
internal_weight=9660 1806 429 7854 1023 132 6831 6792 1377 954 931 76 54 855 789 297 206 91 765 984 493 126 491 385 365 91 274 245 106 89
internal_count=9660 1806 429 7854 1023 132 6831 6792 1377 954 931 76 54 855 789 297 206 91 765 984 493 126 491 385 365 91 274 245 106 89
is_linear=0
shrinkage=0.08


Tree=63
num_leaves=31
num_cat=0
split_feature=13 39 8 2 31 27 4 17 5 39 7 8 27 25 1 4 1 5 21 19 25 39 23 8 29 15 1 6 15 25
split_gain=6.35224 2.95626 3.18666 2.80883 3.41119 1.85925 2.84112 3.09429 1.88705 2.23898 1.79207 1.731 1.68043 1.99278 1.61872 1.53382 1.76467 1.84744 1.48056 1.47367 1.46562 1.46043 2.42701 2.0333 1.45227 1.84758 1.43813 2.10257 1.43667 1.42014
threshold=17.306200000000004 99.587003264888509 0.96992659237771972 5.5000000000000009 14.615850000000002 14.066000000000001 45.500000000000007 14.131850000000002 14.149816666666668 76.487220900015117 14.649417500000002 1.462533759336071 16.700900000000004 16.717400000000001 1.5000000000000002 8.5000000000000018 3.5000000000000004 18.08566333333334 12.978900000000001 17.656400000000001 16.852650000000001 92.060630276994956 17.993150000000004 0.23684175548650863 14.395400000000002 14.153300000000002 6.5000000000000009 0.3044761156952463 14.329500000000001 13.917650000000002
decision_type=2 2 2 2 2 2 2 2 2 2 2 2 2 2 2 2 2 2 2 2 2 2 2 2 2 2 2 2 2 2
left_child=3 12 26 18 5 6 8 -8 9 28 -6 -4 -2 -14 -15 21 17 -17 -1 -20 -18 -16 23 -23 25 -7 -3 -28 -5 -27
right_child=1 2 11 4 10 24 7 -9 -10 -11 -12 -13 13 14 15 16 20 -19 19 -21 -22 22 -24 -25 -26 29 27 -29 -30 -31
leaf_value=0.0080869086828172961 -0.0030744849987371483 0.013464767439555488 -0.0022906382523377291 0.0006893127109626107 -0.0061830939944316297 -0.0009021846663158328 -0.0043936965964212508 0.0018089815103212459 -0.0055910641405196772 0.0017933415566759692 -0.036263778434781034 0.0038606517843249579 0.0092045223295839657 0.0048936278721788537 0.0065027233520153519 0.0069060866743498655 -0.0034597687434640536 -0.006055311462814501 -9.5301028577665649e-06 -0.0030448298232639104 0.0020243266164983709 0.00010749058839380155 0.0011136413659777135 -0.0049961024523361179 -0.0054146848771830496 -0.0035914118541967356 0.003749970093947752 -0.0023203396573330793 -0.0048009736066261868 -0.0016132311478925488
leaf_weight=39 87 82 80 86 22 318 75 30 59 148 30 38 36 93 20 34 49 52 6664 128 936 30 80 52 45 24 117 20 28 158
leaf_count=39 87 82 80 86 22 318 75 30 59 148 30 38 36 93 20 34 49 52 6664 128 936 30 80 52 45 24 117 20 28 158
internal_value=0.000240166 0.00451827 0.011276 -0.00074357 -0.00465298 -0.00358393 0.000375587 -0.0110476 0.00411215 0.0070229 -0.0246154 0.000677966 0.00296801 0.00364689 0.00315007 0.00239425 0.00354809 -0.00744186 -0.000158103 -0.00024735 0.00450761 -0.0043956 -0.00691358 -0.0165854 -0.0066789 -0.00544 0.0169863 0.0119708 -0.00140351 -0.0118681
internal_weight=9660 1806 337 7854 1023 971 426 105 321 262 52 118 1469 1382 1346 1253 1071 86 6831 6792 985 182 162 82 545 500 219 137 114 182
internal_count=9660 1806 337 7854 1023 971 426 105 321 262 52 118 1469 1382 1346 1253 1071 86 6831 6792 985 182 162 82 545 500 219 137 114 182
is_linear=0
shrinkage=0.08


Tree=64
num_leaves=31
num_cat=0
split_feature=39 8 21 25 4 13 29 6 8 33 4 4 33 29 31 4 8 6 8 7 4 4 1 8 4 21 8 39 15 23
split_gain=4.96876 3.07451 2.98544 3.32536 2.30211 2.52932 2.24419 2.49553 2.5453 2.09006 2.23537 19.4231 2.04786 2.02307 3.06797 2.66984 1.96321 3.55126 2.34353 2.48786 1.89553 2.5441 2.57076 2.07296 3.76573 1.8375 1.80866 1.76382 1.80291 1.97778
threshold=92.674550882683249 0.20922725948229401 18.356750000000002 18.158950000000001 40.500000000000007 20.213250000000006 14.046700000000003 0.29934151911072543 2.7065355653279477 -0.69159999999999922 14.500000000000002 15.500000000000002 0.24155000000000018 17.133600000000005 16.929950000000002 37.500000000000007 0.84338032758635817 0.98887804737507146 1.0545599125608096 15.776860833333336 16.500000000000004 18.500000000000004 22.500000000000004 1.4421042757918003 27.500000000000004 16.964700000000004 0.370621053769919 80.481511253499136 14.260600000000002 14.148300000000001
decision_type=2 2 2 2 2 2 2 2 2 2 2 2 2 2 2 2 2 2 2 2 2 2 2 2 2 2 2 2 2 2
left_child=6 -2 -3 -4 5 -5 27 9 16 25 12 -12 -11 20 -15 -16 17 -9 19 -18 -13 -22 -23 24 -24 -8 -14 28 29 -1
right_child=1 2 3 4 -6 -7 7 8 -10 10 11 13 26 14 15 -17 18 -19 -20 -21 21 22 23 -25 -26 -27 -28 -29 -30 -31
leaf_value=0.00026163239008113236 0.0050574688085360722 0.00059545565255277207 0.0066056716918484427 -0.0073076164234223027 0.008691720013351301 0.011042165928352717 0.0056462516174667597 -0.00094387041522622892 0.023078167131041313 -0.0011686905952311122 0.019487348208432849 0.0058331125348944114 0.001623218802444768 -0.00076498467954337461 0.0022795178138008509 0.015177374357630526 -0.018833456663127919 0.0087695308999281001 -0.0017502038460681035 0.003418167965678265 -0.0025299426225762998 -8.5609826280546032e-05 0.19203717635165787 0.039798069145606976 -0.074580982287427211 -0.0050339741831430728 -0.0026691941575442968 0.0058366531048382343 -0.0027962676401816111 -0.0014777420543801156
leaf_weight=186 54 2019 202 56 24 20 60 317 20 1189 106 75 214 95 35 45 81 65 458 21 185 3657 25 21 22 20 42 34 150 162
leaf_count=186 54 2019 202 56 24 20 60 317 20 1189 106 75 214 95 35 45 81 65 458 21 185 3657 25 21 22 20 42 34 150 162
internal_value=0.000173913 0.00335158 0.00291254 0.0103311 -0.0016 -0.00842105 -0.000862045 -0.00046794 -0.00424116 0.000158867 -2.10121e-05 0.000900141 -0.00274048 3.84615e-05 0.00845714 0.02 -0.00484076 -0.000418848 -0.00785714 -0.0188235 -0.000331242 -0.00057289 -0.000118121 0.0152941 0.00595745 0.013 0.00375 -0.00586466 -0.00706827 -0.00390805
internal_weight=9660 2375 2321 302 100 76 7285 6753 962 5791 5711 4266 1445 4160 175 80 942 382 560 102 3985 3910 3725 68 47 80 256 532 498 348
internal_count=9660 2375 2321 302 100 76 7285 6753 962 5791 5711 4266 1445 4160 175 80 942 382 560 102 3985 3910 3725 68 47 80 256 532 498 348
is_linear=0
shrinkage=0.08


Tree=65
num_leaves=31
num_cat=0
split_feature=29 39 7 4 6 31 31 17 1 7 7 31 5 33 1 27 29 39 8 8 31 29 21 25 7 1 5 39 19 27
split_gain=4.05519 2.40407 2.63773 2.4585 2.27751 2.22927 2.03955 2.19878 1.71753 1.82591 2.79088 2.54549 1.734 2.43246 1.87948 1.72813 1.69377 1.68306 1.95925 2.9658 2.53036 1.67258 1.6679 2.29904 1.61344 1.86081 2.03518 1.54957 1.41851 1.39282
threshold=16.9785 99.819194672000052 17.656566666666674 5.5000000000000009 0.19262051261116542 14.18125 17.791300000000003 16.741850000000003 1.0000000180025095e-35 15.716931666666669 17.041145000000004 16.938100000000002 17.096790000000002 -0.080499999999998892 5.5000000000000009 17.307350000000003 17.325350000000004 92.24959166802833 1.0545599125608096 0.78757042244178999 21.067900000000005 16.938100000000002 18.042600000000004 17.887500000000003 18.716592500000004 6.5000000000000009 18.10177666666667 97.842033181935662 17.488600000000002 14.046700000000003
decision_type=2 2 2 2 2 2 2 2 2 2 2 2 2 2 2 2 2 2 2 2 2 2 2 2 2 2 2 2 2 2
left_child=5 3 16 -2 -5 29 21 -8 27 -10 12 -12 14 15 -11 -14 -3 -13 19 -19 22 -7 23 -20 25 -4 -27 -6 -15 -1
right_child=1 2 24 4 8 6 7 -9 9 10 11 17 13 28 -16 -17 -18 18 20 -21 -22 -23 -24 -25 -26 26 -28 -29 -30 -31
leaf_value=-0.00010194607513923871 -0.00093318354395620416 0.0027403903523703834 0.012776835745242038 0.0035042109813858248 0.0082052207784639106 4.7076114672961471e-06 -0.01031653766144899 -0.0010376881519354698 -0.0098813436101316664 -0.0067934750056070923 -0.002020613640907669 0.0037559415170613877 -0.002919638375892646 -0.00055899834345957806 0.0036671811917408093 0.012432034998944488 -0.0084341513208967458 0.00052692920031716995 -0.0030194517250320984 0.010931365959502273 0.015935407153773725 -0.0035048076356923728 -0.006316813894367215 0.0035076099747462309 -0.0026335721587295779 0.0047348178289399814 -0.00043906882507357639 0.0033061825723896734 -0.0066690516361533978 -0.0012956436909779257
leaf_weight=319 269 26 74 175 22 5951 21 22 39 21 192 101 20 46 354 38 30 854 44 39 21 150 37 32 20 85 46 24 21 567
leaf_count=319 269 26 74 175 22 5951 21 22 39 21 192 101 20 46 354 38 30 854 44 39 21 150 37 32 20 85 46 24 21 567
internal_value=0.000149068 0.0028289 0.00982206 0.00199234 0.00292308 -0.000853485 -0.0003125 -0.0176744 0.00212073 0.00174287 0.00210989 0.000181818 0.0072 -0.00096 0.00992 0.0110345 -0.00571429 0.00163121 0.000662123 0.00201568 -0.00835821 -0.000190133 -0.0130973 -0.00631579 0.0136889 0.0158049 0.0100763 0.0173913 -0.0113433 -0.00460497
internal_weight=9660 2630 281 2349 2080 7030 6144 43 1905 1859 1820 1320 500 125 375 58 56 1128 1027 893 134 6101 113 76 225 205 131 46 67 886
internal_count=9660 2630 281 2349 2080 7030 6144 43 1905 1859 1820 1320 500 125 375 58 56 1128 1027 893 134 6101 113 76 225 205 131 46 67 886
is_linear=0
shrinkage=0.08


Tree=66
num_leaves=31
num_cat=0
split_feature=13 7 39 31 5 23 39 25 8 1 8 4 4 33 23 23 4 4 4 4 31 13 8 29 6 7 39 4 19 29
split_gain=4.09388 2.41758 2.56181 2.72004 2.61226 2.55362 2.23089 1.89905 1.85148 2.05541 1.94025 2.2963 2.41682 2.03655 1.80915 1.87573 2.57798 1.79744 1.79538 1.80199 1.74917 2.32109 1.70047 2.6171 1.75643 1.66542 2.01937 1.58542 1.54596 1.54218
threshold=17.456700000000001 18.716592500000004 98.11092931967957 15.736050000000002 18.10177666666667 18.356750000000002 98.743610121024417 14.046700000000003 2.7065355653279477 11.500000000000002 0.2323171153389697 14.500000000000002 27.500000000000004 -0.58400000000000041 13.917650000000002 14.066000000000001 24.500000000000004 40.500000000000007 16.500000000000004 32.500000000000007 17.791300000000003 18.478250000000003 0.34381080402099057 16.867950000000004 0.18724470759856474 18.115520000000004 98.743610121024417 21.500000000000004 14.197750000000001 13.884750000000002
decision_type=2 2 2 2 2 2 2 2 2 2 2 2 2 2 2 2 2 2 2 2 2 2 2 2 2 2 2 2 2 2
left_child=7 2 8 -4 5 -5 -7 14 9 22 13 -12 -13 -11 -1 16 -16 -3 -15 -20 -6 25 24 27 -2 26 -22 -24 -18 -17
right_child=1 17 3 4 20 6 -8 -9 -10 10 11 12 -14 18 15 29 28 -19 19 -21 21 -23 23 -25 -26 -27 -28 -29 -30 -31
leaf_value=-0.0062856901731137785 0.0087337437194236148 -0.011021018659225206 -0.0051985314063887249 0.0053546505299101451 -0.0015236475260662985 -0.0074158872716679983 0.0032107655293998508 -3.9501830397767889e-05 0.018762724807833992 0.0048204784323618811 -0.0034912262187987153 0.0035177840941386764 -0.0023370932766738407 0.0078786801503699169 -0.0027818270882896457 -0.0046674574921654255 0.0040648163680502593 0.0064247041135547531 -0.0046346262177605979 0.00042566462271622643 0.0060062142800597941 0.017149132540266978 0.0085843503302842801 0.0071347035942827125 -4.8338530561409243e-05 -0.0031576846876660626 -0.00012758543365336549 -0.0080720501408012534 0.00029657080444202679 -0.0010848675735300618
leaf_weight=45 20 37 27 321 38 20 21 7567 30 27 85 68 146 23 55 42 36 27 22 41 38 39 22 108 248 27 92 23 32 333
leaf_count=45 20 37 27 321 38 20 21 7567 30 27 85 68 146 23 55 42 36 27 22 41 38 39 22 108 248 27 92 23 32 333
internal_value=0.000207039 0.00397419 0.00462988 0.00853933 0.00966443 0.0139227 -0.00487805 -0.000512947 0.00180765 0.00110444 -0.00291262 -0.00628763 -0.00186916 0.0060177 -0.00508287 -0.00369478 0.00487805 -0.01125 0 -0.00698413 0.00307692 0.00612245 0.00503563 0.0117647 0.00119403 0.00178344 0.00553846 -0.00444444 0.0152941 -0.00650667
internal_weight=9660 1550 1486 623 596 362 41 8110 863 833 412 299 214 113 543 498 123 64 86 63 234 196 421 153 268 157 130 45 68 375
internal_count=9660 1550 1486 623 596 362 41 8110 863 833 412 299 214 113 543 498 123 64 86 63 234 196 421 153 268 157 130 45 68 375
is_linear=0
shrinkage=0.08


Tree=67
num_leaves=31
num_cat=0
split_feature=13 6 6 4 4 4 1 4 1 4 4 4 29 27 4 4 21 33 33 33 4 31 7 23 7 31 39 23 5 17
split_gain=3.27939 3.03267 2.37741 2.04999 15.003 4.76802 3.65817 2.91277 5.89869 2.80509 3.53665 14.8694 2.67786 2.54529 2.48393 4.74649 2.73728 2.44448 2.37294 2.05662 2.20344 2.02591 4.33032 2.02235 2.00299 2.57869 2.41873 2.14209 2.00031 2.91868
threshold=16.817100000000003 0.29934151911072543 0.28572286090623111 46.500000000000007 44.500000000000007 45.500000000000007 1.5000000000000002 50.500000000000007 1.0000000180025095e-35 28.500000000000004 14.500000000000002 15.500000000000002 14.000100000000002 16.9785 35.500000000000007 34.500000000000007 16.603000000000005 0.25550000000000056 0.34154999999999985 0.37955000000000011 54.500000000000007 15.294250000000002 15.121065833333335 16.9785 15.716931666666669 15.249300000000002 99.819194672000052 18.605250000000002 16.701816666666669 16.750600000000002
decision_type=2 2 2 2 2 2 2 2 2 2 2 2 2 2 2 2 2 2 2 2 2 2 2 2 2 2 2 2 2 2
left_child=1 2 3 4 9 -6 7 -5 -9 10 13 -12 -13 23 15 16 -11 -14 -19 -8 -21 -3 -23 -1 -2 -26 -27 -28 29 -24
right_child=24 21 -4 6 5 -7 19 8 -10 14 11 12 17 -15 -16 -17 -18 18 -20 20 -22 22 28 -25 25 26 27 -29 -30 -31
leaf_value=-0.00054765060702095531 -0.0068574272250410927 -2.5356754461114405e-06 0.0031667487758913638 -0.004955258378498968 0.015894373611039753 0.0031044788355831798 -0.0010013476146957601 -0.0012753504737939637 0.13985046916775359 -0.00083912725519425641 0.018143583961516468 -0.0035353781204261739 8.2499271143774422e-05 -0.0022083637717263118 -0.00017059797256429476 -0.010329987653392578 -0.004277697611837823 0.0058649093632833172 0.0013418986436910529 -0.0004312043039843161 -0.00784961065692329 -0.03394337361023908 -0.0018156379821830627 0.0055655920150508107 0.043307677390116907 0.00044483688320539727 0.0043338819549225607 -0.0013794126588720702 -0.0027660884930347154 0.0079173694347591094
leaf_weight=1297 56 316 69 45 95 98 975 45 51 475 89 79 819 48 792 85 44 77 161 59 51 58 284 20 35 2918 263 48 161 47
leaf_count=1297 56 316 69 45 95 98 975 45 51 475 89 79 819 48 792 85 44 77 161 59 51 58 284 20 35 2918 263 48 161 47
internal_value=0.00010766 -0.000958991 -0.000263062 -0.000451434 0.000392438 0.0221762 -0.0033279 0.00879433 0.0166667 -0.000662318 0.000895753 0.00401633 0.0015493 -0.00190476 -0.00355301 -0.00741722 -0.00454721 0.00261116 0.0097479 -0.00490323 -0.0152727 -0.00535797 -0.00829091 -0.00124525 0.00214458 0.00240196 0.00216785 0.0088746 -0.00585366 -0.00229607
internal_weight=9660 6340 5474 5405 4179 193 1226 141 96 3986 2590 1225 1136 1365 1396 604 519 1057 238 1085 110 866 550 1317 3320 3264 3229 311 492 331
internal_count=9660 6340 5474 5405 4179 193 1226 141 96 3986 2590 1225 1136 1365 1396 604 519 1057 238 1085 110 866 550 1317 3320 3264 3229 311 492 331
is_linear=0
shrinkage=0.08


Tree=68
num_leaves=31
num_cat=0
split_feature=7 21 31 39 13 29 1 29 1 13 4 4 1 33 4 15 1 1 7 4 4 4 4 4 13 27 21 19 6 6
split_gain=2.95821 5.46732 2.93799 2.14961 2.02473 1.93452 1.92956 1.82158 1.91771 1.93393 1.71049 10.0098 4.05509 3.11135 2.65403 2.58971 3.37091 1.72387 1.70182 1.65821 2.84035 8.47467 3.98061 2.44745 2.37341 2.92325 1.72688 1.6693 1.8443 2.43732
threshold=15.694793333333335 16.852650000000001 16.413050000000002 99.819194672000052 13.917650000000002 16.287150000000004 21.500000000000004 19.662150000000004 6.5000000000000009 17.911800000000003 16.500000000000004 14.500000000000002 2.5000000000000004 0.26110000000000083 15.500000000000002 16.661800000000003 22.500000000000004 1.5000000000000002 14.134939166666669 10.500000000000002 16.500000000000004 14.500000000000002 15.500000000000002 19.500000000000004 15.176350000000001 15.593050000000002 15.515000000000002 16.929950000000002 0.19520982906432963 0.45913699295475036
decision_type=2 2 2 2 2 2 2 2 2 2 2 2 2 2 2 2 2 2 2 2 2 2 2 2 2 2 2 2 2 2
left_child=1 2 4 19 18 -4 7 8 9 -5 11 12 13 17 -13 16 -12 -6 -1 24 21 27 -23 -22 -2 -26 -27 -21 -29 -30
right_child=3 -3 5 6 10 -7 -8 -9 -10 -11 15 14 -14 -15 -16 -17 -18 -19 -20 20 23 22 -24 -25 25 26 -28 28 29 -31
leaf_value=-0.00056128458955043928 -0.011353073378428107 -0.01148325060999909 -0.020580240618289308 0.0022204985479199026 -0.00035609504754816615 -0.0035739645849544388 -0.0040077712993880259 -0.0091672222188867638 0.001529769766266611 0.017109085726994808 -0.00040978843049209956 0.016692097244595205 -0.00084370233449504895 0.019266862021734568 0.0055370466672542305 -0.010389737815849287 0.03482597025448065 0.060189445305902894 -0.0054795361221938064 -0.00126342180539325 -0.0016895517941571826 0.023112205213238896 0.0045474912946014004 0.00047044050048839381 0.0027221906155757837 0.005204503767927378 -0.00077467814110946168 0.0024448173136339337 -0.0009084536005255473 0.018004103446505725
leaf_weight=96 36 51 28 42 55 24 33 21 181 70 2796 67 915 32 64 25 70 21 58 183 263 85 75 3333 62 35 787 24 105 23
leaf_count=96 36 51 28 42 55 24 33 21 181 70 2796 67 915 32 64 25 70 21 58 183 263 85 75 3333 62 35 787 24 105 23
internal_value=0.000149068 -0.0014133 -0.00110092 0.00140351 -0.000866873 -0.02 0.0074928 0.00942675 0.011058 0.0192857 -0.000524104 0.00207972 -0.00058651 0.0140741 0.0229008 -0.00156347 -0.00133985 0.00526316 -0.00987013 0.00098184 0.00167196 0.00735354 0.0225 0.000889878 -0.00208696 -0.00126697 -0.00253041 0.000119403 0.00631579 0.0025
internal_weight=9660 4302 4251 5358 4199 52 347 314 293 112 4045 1154 1023 108 131 2891 2866 76 154 5011 4091 495 160 3596 920 884 822 335 152 128
internal_count=9660 4302 4251 5358 4199 52 347 314 293 112 4045 1154 1023 108 131 2891 2866 76 154 5011 4091 495 160 3596 920 884 822 335 152 128
is_linear=0
shrinkage=0.08


Tree=69
num_leaves=31
num_cat=0
split_feature=25 7 31 21 17 8 13 6 25 21 39 1 4 13 23 7 31 8 6 21 27 8 7 27 4 4 4 33 4 4
split_gain=2.77662 5.56787 2.16083 2.03009 2.02044 2.01266 4.49291 2.409 1.99151 1.90837 1.87448 2.14801 4.41076 2.08187 2.31837 2.31134 1.79618 1.92069 1.97237 1.77778 1.69216 1.99972 1.87005 1.67828 1.57606 8.86607 3.62329 2.65859 2.26892 2.00876
threshold=15.523850000000001 15.139452500000003 15.069850000000001 14.260600000000002 14.016500000000002 1.0106477066210111 18.731750000000002 0.28780375698079025 17.384900000000005 15.4565 98.11092931967957 22.500000000000004 19.500000000000004 17.488600000000002 18.410200000000007 18.115520000000004 21.448650000000004 1.6252186225111298 0.45913699295475036 18.120150000000006 15.4565 1.8732654209796946 17.384650000000004 16.817100000000003 46.500000000000007 44.500000000000007 45.500000000000007 -0.14599999999999988 55.500000000000007 54.500000000000007
decision_type=2 2 2 2 2 2 2 2 2 2 2 2 2 2 2 2 2 2 2 2 2 2 2 2 2 2 2 2 2 2
left_child=24 9 8 -4 -5 6 10 20 -3 -2 11 -6 -13 -12 15 -15 17 -9 23 -16 -7 -22 -23 -19 25 -1 -27 -26 29 -29
right_child=1 2 3 4 5 7 -8 16 -10 -11 13 12 -14 14 19 -17 -18 18 -20 -21 21 22 -24 -25 27 26 -28 28 -30 -31
leaf_value=-0.00040542012237700933 -0.0013522035491155293 0.010647373566330316 0.020048464299581355 0.018288365541272923 0.00017688636175265061 0.0045956218153268228 0.036433449224202268 -0.0029673402205969523 -0.0077988765407462782 -0.028343118410555236 -0.016141524662699424 -0.0011929155980458007 0.25798258129661777 0.0033218305175459761 -0.0062560183570815296 -0.003374162050348275 0.0051934563716893936 0.0005367790770031888 0.00062216788012541718 0.005094413329608756 -0.00046521289165553983 0.00089392261813841861 0.012944052165383369 -0.0081074714021983144 0.00016326503569061401 0.013693080782903592 0.001111705630249844 -0.0025021710169947655 7.3235543644045728e-05 -0.0086863848893253253
leaf_weight=3042 21 53 28 22 3676 26 41 278 21 45 24 50 35 398 25 27 34 20 148 20 401 108 42 21 329 73 73 347 158 74
leaf_count=3042 21 53 28 22 3676 26 41 278 21 45 24 50 35 398 25 27 34 20 148 20 401 108 42 21 329 73 73 347 158 74
internal_value=0.000115942 0.00127965 0.00155693 0.00137168 0.00126019 0.00116115 0.00193669 -0.0019295 0.0151351 -0.0218182 0.00168273 0.00107418 0.0136471 0.00631579 0.00748936 0.00931765 -0.00598802 -0.00728051 -0.0010582 -0.00977778 0.00159445 0.000653358 0.00853333 -0.0165854 -0.00146484 -0.000627353 0.0186301 -0.00440529 -0.00766839 -0.0107363
internal_weight=9660 5564 5498 5424 5396 5374 4296 1078 74 66 4255 3761 85 494 470 425 501 467 189 45 577 551 150 41 4096 3188 146 908 579 421
internal_count=9660 5564 5498 5424 5396 5374 4296 1078 74 66 4255 3761 85 494 470 425 501 467 189 45 577 551 150 41 4096 3188 146 908 579 421
is_linear=0
shrinkage=0.08


Tree=70
num_leaves=31
num_cat=0
split_feature=29 31 17 13 33 4 4 4 21 4 4 33 17 21 25 6 39 25 29 6 21 1 4 17 27 5 1 33 4 6
split_gain=2.27626 2.3587 2.52083 2.04128 1.59812 4.31496 5.9073 2.9887 3.08571 1.6227 13.2541 2.23698 1.82152 2.13808 1.98192 1.83294 2.53735 2.02164 2.57955 2.90039 1.84626 1.83286 1.79663 1.7006 2.32578 1.60509 2.52526 1.59801 1.70188 1.90023
threshold=16.9785 17.693600000000004 16.741850000000003 13.950650000000001 0.25550000000000056 31.500000000000004 35.500000000000007 54.500000000000007 15.557500000000003 44.500000000000007 46.500000000000007 -0.16099999999999956 13.917650000000002 13.950650000000001 14.043850000000001 0.29934151911072543 82.921696123318682 14.883000000000001 16.247550000000004 1.0693335098317929 15.656950000000002 20.500000000000004 55.500000000000007 14.901200000000001 15.249300000000002 14.136576666666668 1.5000000000000002 0.34154999999999985 5.5000000000000009 0.25703647690540665
decision_type=2 2 2 2 2 2 2 2 2 2 2 2 2 2 2 2 2 2 2 2 2 2 2 2 2 2 2 2 2 2
left_child=1 3 -3 -1 9 27 -7 -8 -9 12 -11 25 13 -5 -14 -16 20 -18 -19 -20 21 -17 -13 -24 -25 -12 -27 -6 29 -29
right_child=-2 2 -4 4 5 6 7 8 -10 10 11 22 14 -15 15 16 17 18 19 -21 -22 -23 23 24 -26 26 -28 28 -30 -31
leaf_value=-0.0021000463267930058 0.00064893247764729266 -0.0087165701082459173 -0.00064055825888218007 -0.0041677010723068977 0.0032463135073471962 -0.00809138512513158 0.0010227691798299077 -0.0067431328567668916 0.001919504690694751 0.01149863709305528 -0.0033076674018917632 -0.0022510666736471306 -0.0017483259143371299 0.0055834768854059295 -0.00021772205150156766 -0.007742962307579049 -0.0046136576285613273 0.0016965077670192841 -0.0022404074299397793 0.0070797279977077212 -0.022208215246173779 0.0042814847967159158 0.0042537345797931895 -0.0055424174994510621 0.00026107279958395682 0.0072255328147005568 0.00072965877568790919 0.0018929156905245748 0.0004855050159606833 0.034038491887255592
leaf_weight=263 2630 24 24 26 219 75 387 70 42 118 45 463 189 59 3260 84 22 148 98 38 35 33 76 29 143 48 455 51 478 28
leaf_count=263 2630 24 24 26 219 75 387 70 42 118 45 463 189 59 3260 84 22 148 98 38 35 33 76 29 143 48 455 51 478 28
internal_value=9.10973e-05 -0.000660028 -0.0183333 -0.000538528 -0.000267897 0.00219259 -0.0030662 8.01603e-05 -0.0114286 -0.000886571 0.00148148 -0.000921366 -0.00170341 0.00988235 -0.00195546 -0.00154922 -0.00628821 -0.0020915 -0.00028169 -0.00823529 -0.0147368 -0.00991453 -0.00388186 0.0016129 -0.0027907 0.00291971 0.00421471 0.00608247 0.0038061 0.0146835
internal_weight=9660 7030 48 6982 6719 1350 574 499 112 5369 1377 1259 3992 85 3907 3718 458 306 284 136 152 117 711 248 172 548 503 776 557 79
internal_count=9660 7030 48 6982 6719 1350 574 499 112 5369 1377 1259 3992 85 3907 3718 458 306 284 136 152 117 711 248 172 548 503 776 557 79
is_linear=0
shrinkage=0.08


Tree=71
num_leaves=31
num_cat=0
split_feature=25 7 7 4 4 4 33 6 25 4 15 4 15 4 4 4 19 1 4 27 4 23 33 33 23 33 5 21 33 1
split_gain=2.38425 3.77346 1.80831 1.57606 7.41704 3.31507 2.29204 1.91906 1.66171 1.91075 3.31563 3.80891 2.26069 1.94314 7.11459 2.22299 2.7665 2.45292 2.17047 2.08432 1.95597 1.74536 1.71244 1.70964 1.65898 2.42341 1.58979 1.55729 1.57952 1.49331
threshold=15.523850000000001 14.962695833333337 14.649417500000002 46.500000000000007 44.500000000000007 45.500000000000007 0.26439999999999936 0.1991848608462288 14.046700000000003 26.500000000000004 14.115350000000001 24.500000000000004 15.330900000000002 35.500000000000007 34.500000000000007 30.500000000000004 15.195600000000001 6.5000000000000009 36.500000000000007 15.625350000000003 28.500000000000004 14.510650000000002 -0.032849999999999817 0.12080000000000092 13.950650000000001 -0.29199999999999887 15.124386666666668 14.016500000000002 -0.16519999999999954 22.500000000000004
decision_type=2 2 2 2 2 2 2 2 2 2 2 2 2 2 2 2 2 2 2 2 2 2 2 2 2 2 2 2 2 2
left_child=3 2 -2 4 8 -6 29 -7 24 10 27 -12 21 14 15 17 -17 26 23 -18 -19 -13 -22 -15 -1 -26 -11 -10 -29 -5
right_child=1 -3 -4 6 5 7 -8 -9 9 13 11 12 -14 18 -16 16 19 20 -20 -21 22 -23 -24 -25 25 -27 -28 28 -30 -31
leaf_value=-0.0045784627197821238 -0.00098568686061511817 0.00034367399371966202 -0.041613360684923537 -0.00067964546151856099 0.011850670922981549 0.0028700557704825513 -0.0035824442095494648 -0.0010716440819305718 -0.00031927834898240806 -0.0032275713948403963 -0.00034481611988624651 0.0010214751220161133 -0.00011411711814957926 0.0051120904195826001 -0.012436269834712448 -0.00067515527397816306 0.0056924291363010587 0.0022322584107057255 -0.00040887786911426361 -0.00012702845369879867 -0.0082519729452603489 0.0084693862485220005 -0.0010740113626639669 0.00037505462961547666 -0.0030400720987010742 -0.00037344690363482868 -0.01030267549372418 0.0013788902930483716 0.005364515720634273 0.021730964000789756
leaf_weight=54 22 5514 28 731 73 34 148 39 35 46 1323 27 26 28 62 178 27 83 431 20 34 53 54 41 71 289 26 52 82 29
leaf_count=54 22 5514 28 731 73 34 148 39 35 46 1323 27 26 28 62 178 27 83 431 20 34 53 54 41 71 289 26 52 82 29
internal_value=0 0.00107836 -0.0208 -0.00146484 -0.000627353 0.0169863 -0.00440529 0.00493151 -0.00147272 -0.000730594 0.00100125 -0.000251924 0.0143396 -0.00341748 -0.00679245 -0.0034188 0.00231111 -0.00872428 0.00016 0.0195745 -0.00350877 0.021 -0.0118182 0.0133333 -0.00618357 -0.00422222 -0.0211111 0.0115976 0.0155224 -0.00263158
internal_weight=9660 5564 50 4096 3188 146 908 73 3042 2628 1598 1429 106 1030 530 468 225 243 500 47 171 80 88 69 414 360 72 169 134 760
internal_count=9660 5564 50 4096 3188 146 908 73 3042 2628 1598 1429 106 1030 530 468 225 243 500 47 171 80 88 69 414 360 72 169 134 760
is_linear=0
shrinkage=0.08


Tree=72
num_leaves=31
num_cat=0
split_feature=17 7 27 31 6 33 15 33 2 39 25 23 31 1 8 8 8 5 29 4 21 4 1 6 1 17 17 31 7 27
split_gain=2.02873 3.07648 1.97961 2.59283 1.82243 2.22872 1.88925 1.76993 1.68878 2.48113 2.19177 2.16 2.01706 2.04352 2.56243 2.59623 2.56085 1.94051 3.83076 1.9327 1.80214 1.7245 3.69746 2.23855 2.67817 1.83097 1.65835 1.62614 2.46163 2.3625
threshold=15.320300000000001 15.099390833333336 15.045750000000002 14.851500000000001 0.27101768935776094 -0.76014999999999933 14.642450000000002 -0.59589999999999932 3.5000000000000004 82.525013145595366 15.262250000000002 15.045750000000002 18.042600000000004 6.5000000000000009 1.0368215307608737 1.2698807497509568 0.73712317044747688 17.085110000000004 16.750600000000002 20.500000000000004 15.490150000000002 46.500000000000007 22.500000000000004 0.17223462679431001 20.500000000000004 15.490150000000002 17.783000000000005 15.294250000000002 15.121065833333335 15.971400000000001
decision_type=2 2 2 2 2 2 2 2 2 2 2 2 2 2 2 2 2 2 2 2 2 2 2 2 2 2 2 2 2 2
left_child=4 7 -3 -4 -1 6 -6 -2 10 20 11 -5 13 14 16 -16 -11 -12 -19 -20 -10 23 25 -15 -25 -23 -26 -7 -29 -30
right_child=1 2 3 8 5 27 -8 -9 9 12 17 -13 -14 21 15 -17 -18 18 19 -21 -22 22 -24 24 26 -27 -28 28 29 -31
leaf_value=-0.000172537320686601 -0.032126877120970648 0.0044382170302294096 0.012187048594025071 0.00060559181486766536 -0.00082524989323957249 -0.0015619519959976459 0.010301741787392587 -0.0042921767369235655 0.003044755283050904 0.0015407736717475019 0.00011019091754775445 -0.0057515539242567115 0.0020124050472344378 0.0040299171751095033 -0.013438996286580435 -9.3692069455642016e-07 0.0081139025534483263 0.0081503999421758521 -0.004320460243773994 -0.00066147272841817536 -0.003102716994143009 -0.0048952682757008861 -0.10969144086780794 -0.00062138675800554215 0.0044462875222473029 -0.00020149145116960199 -0.0040922046464962137 -0.021930999851071106 -0.0088486545688451195 0.0036547987734719812
leaf_weight=2940 23 74 55 24 35 241 23 66 75 311 3253 25 591 66 20 86 55 40 83 266 21 48 20 682 163 205 21 36 70 42
leaf_count=2940 23 74 55 24 35 241 23 66 75 311 3253 25 591 66 20 86 55 40 83 266 21 48 20 682 163 205 21 36 70 42
internal_value=-1.65631e-05 0.000835326 0.00104787 0.000890344 -0.00159433 -0.00635347 0.00827586 -0.0139326 0.000733278 0.00240271 -0.000335952 -0.0171429 0.00186949 0.00045319 0.00491525 -0.00603774 0.00808743 -0.00010983 -0.00544987 -0.00813754 0.015 -0.00129461 -0.00688645 0.000343348 -0.00073903 -0.00426877 0.00782609 -0.0085347 -0.0151351 -0.00928571
internal_weight=9660 6273 6184 6110 3387 447 58 89 6055 2364 3691 49 2268 1677 472 106 366 3642 389 349 96 1205 273 932 866 253 184 389 148 112
internal_count=9660 6273 6184 6110 3387 447 58 89 6055 2364 3691 49 2268 1677 472 106 366 3642 389 349 96 1205 273 932 866 253 184 389 148 112
is_linear=0
shrinkage=0.08


Tree=73
num_leaves=31
num_cat=0
split_feature=15 6 1 39 31 25 4 8 8 6 8 7 31 4 23 4 1 4 7 2 2 13 31 39 29 33 8 19 7 15
split_gain=2.0441 1.76549 2.40809 2.06394 2.54498 2.2871 1.76439 1.75486 2.05409 3.57467 3.28262 2.82191 1.82015 2.05364 1.80957 1.79027 3.19231 2.23175 2.28705 2.03343 2.49593 2.028 1.84783 2.75238 1.75031 1.68057 1.67464 1.64762 1.61744 2.1608
threshold=15.550500000000001 0.22732955444594261 5.5000000000000009 79.353180645170312 14.642450000000002 15.330900000000002 6.5000000000000009 3.5134649833721672 0.93875597961729362 0.51441968357290035 1.8732654209796946 15.238179166666669 18.158950000000001 10.500000000000002 15.625350000000003 47.500000000000007 22.500000000000004 40.500000000000007 18.716592500000004 2.5000000000000004 1.5000000000000002 16.191350000000003 16.535050000000002 93.04431705794282 15.883650000000001 0.23139999999999986 0.2560719989406165 15.523850000000001 15.760182500000001 16.824400000000001
decision_type=2 2 2 2 2 2 2 2 2 2 2 2 2 2 2 2 2 2 2 2 2 2 2 2 2 2 2 2 2 2
left_child=1 -1 3 4 -3 6 -5 8 9 12 11 27 -2 -14 -11 17 -17 18 19 20 21 -13 -19 -24 -22 26 -15 -10 -12 -30
right_child=7 2 -4 5 -6 -7 -8 -9 10 14 28 15 13 25 -16 16 -18 22 -20 -21 24 -23 23 -25 -26 -27 -28 -29 29 -31
leaf_value=-4.9109206034074764e-05 0.00013698550325727865 -0.002610683089098629 -0.00028357754777005086 0.032643862920807579 -0.022236520378780114 -0.0040641294589990199 -0.00022787967565307099 0.017195289874744901 -0.00073187064136490674 -0.00025454424455617186 0.008064244002927979 0.0032021594327343904 -0.0016688714067433353 0.0055329082132129772 0.0071773921113467056 -0.00094304903526108317 -0.078196948296671065 0.012923909257012554 -0.010316133756010686 0.00034987521365458462 -0.005912678359265797 -0.0011118576516125245 -0.0015874795824174727 0.013712796105704684 -0.020351671045607703 0.0016594300740334234 -0.00025920127818267245 -0.01065380055992975 -0.0047899126498521126 0.0027377619700980917
leaf_weight=3025 3713 112 758 20 35 93 119 29 23 44 37 25 61 82 205 113 30 23 37 338 30 125 42 28 23 136 21 34 91 208
leaf_count=3025 3713 112 758 20 35 93 119 29 23 44 37 25 61 82 205 113 30 23 37 338 30 125 42 28 23 136 21 34 91 208
internal_value=4.96894e-05 -0.00128784 -0.00397537 -0.00918206 -0.0165986 -0.00448276 0.00201439 0.0010622 0.000958128 0.0017832 -0.00195526 -0.0045465 0.00120608 0.0072 0.0110843 -0.00334152 -0.0114685 -0.00160954 -0.00346021 -0.00214418 -0.00847291 -0.0032 0.00989247 0.00342857 -0.0233962 0.0105439 0.0182524 -0.0217544 0.0047619 0.00280936
internal_weight=9660 4162 1137 379 147 232 139 5498 5469 4262 1207 871 4013 300 249 814 143 671 578 541 203 150 93 70 53 239 103 57 336 299
internal_count=9660 4162 1137 379 147 232 139 5498 5469 4262 1207 871 4013 300 249 814 143 671 578 541 203 150 93 70 53 239 103 57 336 299
is_linear=0
shrinkage=0.08


Tree=74
num_leaves=31
num_cat=0
split_feature=29 31 17 4 4 4 39 33 13 6 1 23 31 7 33 4 13 19 7 13 33 33 17 15 17 15 6 6 33 27
split_gain=1.71911 2.39965 2.22952 1.74862 2.30564 6.70996 3.08979 2.58649 2.27359 2.25109 3.11191 2.92922 2.41503 2.85433 2.25853 2.10397 2.04114 3.08105 1.95786 1.95195 1.83441 1.70669 1.67176 2.21902 2.81089 2.66807 2.47659 1.62295 1.79247 1.52634
threshold=16.9785 17.791300000000003 16.817100000000003 5.5000000000000009 16.500000000000004 14.500000000000002 91.085371989747856 0.11284999999999991 14.214150000000002 0.28115023839833947 3.5000000000000004 17.133600000000005 18.087200000000003 17.041145000000004 0.41205000000000075 20.500000000000004 16.247550000000004 17.207200000000004 16.981100833333336 16.900950000000005 -0.20684999999999928 0.31620000000000031 17.133600000000005 18.243650000000006 20.055950000000003 17.846600000000006 0.40372952699674519 0.1844015871226162 -0.60720000000000052 17.846600000000006
decision_type=2 2 2 2 2 2 2 2 2 2 2 2 2 2 2 2 2 2 2 2 2 2 2 2 2 2 2 2 2 2
left_child=1 -1 -3 -2 5 6 -5 20 -6 12 15 14 13 18 29 -11 -13 -18 19 -10 -8 -7 -19 25 -25 26 -24 -15 -29 -12
right_child=3 2 -4 4 8 21 7 -9 9 10 11 16 -14 27 -16 -17 17 22 -20 -21 -22 -23 23 24 -26 -27 -28 28 -30 -31
leaf_value=-0.00011664526958028887 -0.00058086340430804737 -0.0062039826407871606 -0.00029446538872392126 0.0075394831987205179 0.021804219875936254 0.020714792028362582 0.00020905720552235607 0.0011400776094208709 -0.0020460274845260076 -0.01158310786093324 -0.0022483312457674742 -0.0025996180220452915 0.0026754561114380238 0.0040381295500725401 -0.0047093113685173198 -0.0050256795231231879 0.0096964250615263845 -0.0085435488585086719 0.0046476125045626301 0.0034805786003398965 -0.0029630273132349315 0.0055900966719843841 -0.0040990579855372288 -0.0033781392787087584 0.0021675268976508733 0.0082411395824118477 0.001813860229003268 0.0040334391638700137 -0.00091858498360750216 0.003021917351068808
leaf_weight=6987 284 23 20 27 20 71 92 145 39 24 129 27 242 50 29 79 60 20 125 72 93 39 20 38 20 57 36 31 741 20
leaf_count=6987 284 23 20 27 20 71 92 145 39 24 129 27 242 50 29 79 60 20 125 72 93 39 20 38 20 57 36 31 741 20
internal_value=-4.14079e-05 -0.000694168 -0.0195349 0.00170342 0.00242114 0.00745182 0.00212885 0 0.00117084 0.000882195 -0.00336315 -0.000526316 0.00270769 0.0010586 -0.00853933 -0.0159223 0.00460432 0.00685259 0.00881356 0.00108108 -0.00627027 0.0247273 0.00188482 0.00444444 -0.00827586 0.0109735 -0.00142857 -0.00116788 -0.00207254 -0.00456376
internal_weight=9660 7030 43 2630 2346 467 357 330 1879 1859 559 456 1300 1058 178 103 278 251 236 111 185 110 191 171 58 113 56 822 772 149
internal_count=9660 7030 43 2630 2346 467 357 330 1879 1859 559 456 1300 1058 178 103 278 251 236 111 185 110 191 171 58 113 56 822 772 149
is_linear=0
shrinkage=0.08


Tree=75
num_leaves=31
num_cat=0
split_feature=31 7 5 6 23 25 15 33 21 29 39 7 17 6 17 5 7 8 31 33 27 39 8 8 13 8 8 19 27 1
split_gain=1.71537 3.03964 3.49947 2.33822 3.32206 2.75728 2.31082 2.29497 2.27424 2.71349 2.70272 2.31813 3.50613 1.86845 1.89221 1.78402 1.75697 1.72558 1.6728 2.53972 2.30349 1.77086 1.82153 2.25499 1.6369 1.61942 1.59876 1.6123 1.4822 1.45502
threshold=17.172400000000007 15.893655000000001 16.560026666666669 0.22778764544137692 17.110850000000003 18.042600000000004 17.189100000000007 0.18250000000000013 17.403550000000006 17.501900000000003 88.664219202478435 17.050946666666672 16.9785 0.24445759297225314 16.824400000000001 17.042096666666669 16.997299166666672 0.25265285549247862 17.887500000000003 0.55884999999999974 17.056050000000003 92.957041365105837 0.89181108688505106 0.57247871437415354 13.950650000000001 1.1357085163796257 0.1901233924908981 14.09895 17.619150000000001 1.0000000180025095e-35
decision_type=2 2 2 2 2 2 2 2 2 2 2 2 2 2 2 2 2 2 2 2 2 2 2 2 2 2 2 2 2 2
left_child=8 -2 -3 5 6 16 7 25 9 24 -10 12 -12 -9 -15 -6 -4 -18 19 20 -17 -22 23 -23 26 -5 27 -1 -20 -30
right_child=1 2 3 4 15 -7 -8 13 10 -11 11 -13 -14 14 -16 18 17 -19 28 -21 21 22 -24 -25 -26 -27 -28 -29 29 -31
leaf_value=0.0029330275182979904 -0.0087817218828197957 0.01766848162089673 0.0052708146599431413 0.00276936562131624 0.0067555885397467819 -0.001097184222579557 -0.010279639235094038 -0.0049452643023147405 -0.010598958571034985 0.0056509997373100874 -0.0020972019837095959 -0.0013180627540705814 0.0063314620716806757 -0.0029753136555422089 0.0019796579165640084 -0.0039520984049525509 0.0022912848665028207 -0.00071311137534564746 0.018544916111468978 0.0065154038173002964 0.015525165333175295 -0.0011007401221019108 -0.0036608211869304341 0.01113507060831438 -5.3978502081264426e-05 -0.0018665876240959278 -0.0021983965522388614 -0.0025292175360170431 0.0066990773219816899 0.00069555200628087729
leaf_weight=38 57 52 56 69 41 174 36 34 29 114 42 45 69 39 51 36 286 85 21 40 20 188 46 20 7055 37 188 36 29 627
leaf_count=38 57 52 56 69 41 174 36 34 29 114 42 45 69 39 51 36 286 85 21 40 20 188 46 20 7055 37 188 36 29 627
internal_value=1.65631e-05 0.00207436 0.00259688 0.00204651 0.00017991 0.00618968 -0.00781955 -0.00486957 -0.000535714 -0.000317588 -0.0092973 -0.00512821 0.00108108 -0.0122581 -0.00622222 0.00217228 0.00964871 0.00765499 0.00151899 -0.00297143 -0.00541935 -0.00291971 -0.00472441 -0.00153846 -0.000508405 0.00377358 -0.00671756 0.00324324 0.00384047 0.00317073
internal_weight=9660 2044 1987 1935 1334 601 266 230 7616 7431 185 156 111 124 90 1068 427 371 1027 350 310 274 254 208 7317 106 262 74 677 656
internal_count=9660 2044 1987 1935 1334 601 266 230 7616 7431 185 156 111 124 90 1068 427 371 1027 350 310 274 254 208 7317 106 262 74 677 656
is_linear=0
shrinkage=0.08


Tree=76
num_leaves=31
num_cat=0
split_feature=8 6 4 1 13 4 8 31 1 33 39 33 1 25 13 7 6 4 8 31 6 33 17 4 23 31 8 23 5 21
split_gain=1.94963 1.70789 2.98063 6.29359 4.28792 2.78185 2.57245 2.37798 2.30215 3.65549 2.61016 2.24641 2.13187 3.02997 1.96364 2.24877 1.74793 1.6766 1.97377 2.07522 1.64265 2.80333 2.39025 1.61651 2.79113 1.81883 1.76765 1.78752 1.57993 2.37413
threshold=3.5134649833721672 0.29934151911072543 16.500000000000004 3.5000000000000004 19.315350000000006 14.500000000000002 0.30052281858943791 18.158950000000001 2.5000000000000004 0.26439999999999936 85.910548744368967 -0.69159999999999922 9.5000000000000018 16.029150000000005 16.867950000000004 17.042732500000003 0.98887804737507146 55.500000000000007 0.370621053769919 20.578700000000001 0.57419832856915154 -0.11730000000000017 15.625350000000003 36.500000000000007 17.325350000000004 15.621500000000003 1.2322522648951775 17.403550000000006 15.423630000000001 16.180450000000004
decision_type=2 2 2 2 2 2 2 2 2 2 2 2 2 2 2 2 2 2 2 2 2 2 2 2 2 2 2 2 2 2
left_child=1 7 4 14 5 8 -5 11 9 10 -3 -1 13 -8 15 20 -15 18 -14 23 21 -4 -22 26 -25 -26 -20 -28 -10 -30
right_child=-2 2 3 6 -6 -7 12 -9 28 -11 -12 -13 17 16 -16 -17 -18 -19 19 -21 22 -23 -24 24 25 -27 27 -29 29 -31
leaf_value=0.0019680005515151323 0.015034703431003606 -0.0096776886334831152 -0.0036481212285995215 -0.0031021635846394703 0.050412188231061354 0.011069303349844973 -0.0035161710398995184 0.0016104183597182953 -0.0074020440003749856 0.015936923014870673 0.0048385531734049889 1.403769828982604e-06 0.0068670925594922494 0.00066751128872994064 -0.012816272927002501 0.0045592923640670338 0.011494591440952889 0.0075504537701056055 -0.0017343347561242695 0.0037725043605897212 -0.010529167085540721 0.0010200597358906549 -0.029217946692840117 -0.00065967108832282412 -0.015471632605031829 -0.0031437492283794199 0.00027771530475774854 0.013473784932230899 0.0028175736066042133 -0.0013482580813533218
leaf_weight=112 37 47 20 141 27 52 25 302 48 65 61 7621 31 59 55 26 84 23 105 44 56 30 33 183 22 87 105 20 35 104
leaf_count=112 37 47 20 141 27 52 25 302 48 65 61 7621 31 59 55 26 84 23 105 44 56 30 33 183 22 87 105 20 35 104
internal_value=4.96894e-05 -2.07835e-05 -0.00241814 -0.00456049 0.00318907 0.00116505 -0.00167922 0.000453018 -0.00133333 0.00531792 -0.0037037 0.000181042 0.000101523 0.00809524 -0.0167273 -0.0123636 0.0125874 -0.00206452 -0.00288107 -0.0039576 -0.0164029 -0.0048 -0.0229213 -0.00536398 -0.00931507 -0.0194495 -0.000347826 0.00608 -0.00748663 -0.00316547
internal_weight=9660 9623 1588 1149 439 412 929 8035 360 173 108 7733 788 168 220 165 143 620 597 566 139 50 89 522 292 109 230 125 187 139
internal_count=9660 9623 1588 1149 439 412 929 8035 360 173 108 7733 788 168 220 165 143 620 597 566 139 50 89 522 292 109 230 125 187 139
is_linear=0
shrinkage=0.08


Tree=77
num_leaves=31
num_cat=0
split_feature=17 5 7 19 39 25 19 13 13 4 13 15 6 25 27 33 23 13 5 27 17 13 33 29 23 8 33 7 39 4
split_gain=1.78832 1.8151 2.46864 2.02441 2.201 1.93174 2.25389 2.24803 1.74096 4.46778 1.71021 1.80753 1.65422 1.55768 1.42816 3.34797 1.85624 1.70718 2.3755 2.96364 1.65407 1.9338 1.7238 1.54912 1.7472 1.38353 1.51983 1.97045 1.3655 1.36111
threshold=15.490150000000002 15.403950000000002 15.53871166666667 15.692450000000003 84.414627055929188 15.593050000000002 15.780700000000001 15.523850000000001 15.656950000000002 26.500000000000004 13.950650000000001 15.935150000000002 4.1392035428181444 15.816150000000002 15.625350000000003 -0.80299999999999805 15.176350000000001 16.717400000000001 16.99394666666667 18.197700000000005 16.001000000000001 15.971400000000001 -0.33314999999999889 15.586 15.971400000000001 1.7064975938968319 -0.72444999999999904 14.536960000000002 85.56851503225387 34.500000000000007
decision_type=2 2 2 2 2 2 2 2 2 2 2 2 2 2 2 2 2 2 2 2 2 2 2 2 2 2 2 2 2 2
left_child=1 10 3 4 -3 6 7 29 -7 -10 -1 13 14 25 15 -2 -17 18 -16 -20 21 22 -18 -23 -25 26 27 -12 -6 -4
right_child=12 2 5 -5 28 8 -8 -9 9 -11 11 -13 -14 -15 17 16 20 -19 19 -21 -22 23 -24 24 -26 -27 -28 -29 -30 -31
leaf_value=-0.00071037266064905686 -0.0066323593974271945 -0.005803025703896552 0.0068617081266251038 -0.0079947990328208367 0.0027887777991883666 -0.0010392662743461756 -0.0041994385905709921 -0.003968586979847046 0.0098855240943650103 -0.00055569047968532462 -0.001232737270893267 -0.0057477599212272428 0.046410013669031684 0.0020211486276924973 -0.00025603773145377318 -0.0010435206282293308 0.0057778911704753711 0.00024710051955992188 -0.0022195345616814422 0.0018141938901773359 0.0056930194427121704 -0.0056821832416275699 0.0011044247088993586 0.002410393414299179 -0.0034352748854279726 0.003062264832342905 -0.00011905141074379344 0.0057823171666131403 -0.00054903293580977675 -0.0016980595174484847
leaf_weight=249 33 96 25 48 32 83 40 48 34 49 20 20 20 27 1379 74 42 3441 108 26 59 24 441 24 22 36 3079 24 37 20
leaf_count=249 33 96 25 48 32 83 40 48 34 49 20 20 20 27 1379 74 42 3441 108 26 59 24 441 24 22 36 3079 24 37 20
internal_value=0.000124224 -0.00117973 -0.005625 -0.0122066 -0.008 -0.000936455 -0.0081203 -0.00129032 0.00481928 0.013012 -0.000520984 -2.49532e-05 0.00103285 0.000125549 0.000951877 0.00428373 0.00548105 0.000468308 -0.00177132 -0.0119403 0.0069281 0.00556962 0.0073706 -0.00685714 0.00173913 -3.79867e-05 -0.000217739 0.0145455 0.00289855 0.0115556
internal_weight=9660 3967 512 213 165 299 133 93 166 83 3455 3206 5693 3186 5673 719 686 4954 1513 134 612 553 483 70 46 3159 3123 44 69 45
internal_count=9660 3967 512 213 165 299 133 93 166 83 3455 3206 5693 3186 5673 719 686 4954 1513 134 612 553 483 70 46 3159 3123 44 69 45
is_linear=0
shrinkage=0.08


Tree=78
num_leaves=31
num_cat=0
split_feature=25 7 7 29 21 31 6 17 31 4 21 27 21 15 19 31 6 8 6 4 15 17 15 21 21 4 1 2 39 6
split_gain=1.48592 2.27617 2.36688 1.7165 1.89366 2.88677 1.68209 1.60631 1.97889 1.6481 1.47056 2.14769 1.89538 1.67633 1.87092 2.11448 2.16537 2.02405 1.76193 1.84235 2.27826 1.80079 1.75697 1.6699 1.94094 1.64352 1.71432 1.48555 2.04967 1.37782
threshold=15.523850000000001 14.962695833333337 14.649417500000002 15.725800000000001 15.294250000000002 15.523850000000001 2.6389273930594825 15.355800000000002 17.133600000000005 48.500000000000007 15.330900000000002 14.784150000000002 14.481250000000001 14.18125 14.000100000000002 14.115350000000001 0.23133056084196241 0.21824063181094058 0.22366045169840096 5.5000000000000009 14.043850000000001 14.153300000000002 14.444800000000003 14.284200000000002 14.197750000000001 5.5000000000000009 10.500000000000002 5.5000000000000009 76.576399801107129 1.4517547595371616
decision_type=2 2 2 2 2 2 2 2 2 2 2 2 2 2 2 2 2 2 2 2 2 2 2 2 2 2 2 2 2 2
left_child=3 2 -2 6 5 -5 10 -6 9 -9 11 12 13 18 15 16 22 -16 27 -20 -21 -22 -15 24 -19 26 -14 28 -1 -12
right_child=1 -3 -4 4 7 -7 -8 8 -10 -11 29 -13 25 14 17 -17 -18 23 19 20 21 -23 -24 -25 -26 -27 -28 -29 -30 -31
leaf_value=0.0030419608872501412 0.00031058213588309514 0.00018238247779606809 -0.032491322814850607 0.0033428195917326775 -0.0048486586793802643 -0.0056807872205440193 -0.0072644138905069155 -0.0023596905235578449 0.011045605927353605 -0.0070038222090806103 0.00067869408525197625 -0.0013236670422962504 0.0047970780573857756 -0.0048512230248320522 0.00019443526286622159 -0.0070146694150547972 0.0017732042682145988 -0.0016366146859109422 0.0034098337883711593 -0.005333873775860809 -0.0011213634783258898 0.0039180254097747995 0.00042057063160370943 -0.0058737282121118992 0.0054169022721001171 0.00088848996795135807 -0.0036840721479597959 4.5038522725349142e-05 0.0010949332667449596 -0.0053524975464969773
leaf_weight=30 22 5514 28 49 39 30 36 124 20 24 641 889 26 34 365 34 20 98 22 69 29 27 20 88 20 709 53 507 72 21
leaf_count=30 22 5514 28 49 39 30 36 124 20 24 641 889 26 34 365 34 20 98 22 69 29 27 20 88 20 709 53 507 72 21
internal_value=0.000140787 0.000992092 -0.016 -0.00101563 -0.00699301 0.0035443 -0.000566929 -0.0110145 -0.00761905 -0.0108108 -0.000402756 -0.00113111 0.000197931 -0.0015331 -0.00441826 -0.0140741 -0.00648649 -0.00259194 0.0010582 -0.00680272 -0.01056 0.00142857 -0.0148148 -0.00893204 -0.00271186 0.00335025 -0.00759494 0.00295567 0.0117647 0.00302115
internal_weight=9660 5564 50 4096 286 79 3810 207 168 148 3774 3112 2223 1435 679 108 74 571 756 147 125 56 54 206 118 788 79 609 102 662
internal_count=9660 5564 50 4096 286 79 3810 207 168 148 3774 3112 2223 1435 679 108 74 571 756 147 125 56 54 206 118 788 79 609 102 662
is_linear=0
shrinkage=0.08


Tree=79
num_leaves=31
num_cat=0
split_feature=13 39 25 4 25 15 21 7 15 5 1 6 39 19 29 29 31 4 19 39 19 19 15 21 31 25 29 7 8 6
split_gain=1.31428 1.49429 1.47522 2.21351 1.6791 1.62731 1.56864 1.50233 1.72397 1.49188 2.30348 2.76812 2.07217 1.47383 2.01941 2.4616 1.52381 1.4632 1.98888 2.75624 1.41534 1.45441 1.60117 2.21712 1.35324 2.00564 1.35281 1.3179 1.68178 2.08333
threshold=17.343850000000003 97.638118011755765 18.087200000000003 40.500000000000007 18.120150000000006 16.867950000000004 18.356750000000002 18.082992500000003 18.087200000000003 18.077616666666671 5.5000000000000009 0.26519764949288638 97.842033181935662 18.478250000000003 18.042600000000004 17.955650000000002 18.087200000000003 10.500000000000002 16.867950000000004 93.6848825792013 20.213250000000006 17.656400000000001 16.741850000000003 17.191450000000007 17.189100000000007 17.501900000000003 17.911800000000003 18.123570000000004 0.24794906856227689 0.22451676806660581
decision_type=2 2 2 2 2 2 2 2 2 2 2 2 2 2 2 2 2 2 2 2 2 2 2 2 2 2 2 2 2 2
left_child=1 20 5 -4 -5 -2 9 -8 -9 10 12 17 26 14 15 -11 -15 -12 -19 -20 21 -1 -23 -24 -13 -26 -7 28 29 -16
right_child=2 -3 3 4 -6 6 7 8 -10 13 11 24 -14 16 27 -17 -18 18 19 -21 -22 22 23 -25 25 -27 -28 -29 -30 -31
leaf_value=-2.4186546614402005e-05 -0.00064184155142044119 -0.0026719263128634906 -0.0014471987159656407 -0.0022091509628505437 0.0025962962874800156 -0.00086531387952959449 0.0057277648442371288 0.0044439754501181027 -0.001635624638116866 -0.00092282149043285242 -0.0040172124910007765 -0.0033225461272073176 0.014522581151773295 -0.00061852678085742244 0.0016695349236218249 0.004794270680829698 0.007659213468666195 -0.0052658143212354963 0.0065099052501996369 0.0025133454302363133 0.011107344049155046 0.001743520551783888 -0.00098717102405728959 -0.011179288709085427 0.0084892399254061952 -0.0029839127838309312 0.0081322272917336135 -0.0027771812897626094 0.0030367976684212293 -0.0043498916833375747
leaf_weight=7730 171 71 362 26 138 33 77 55 24 117 44 74 31 32 27 33 24 23 72 169 26 29 36 47 29 24 21 24 43 48
leaf_count=7730 171 71 362 26 138 33 77 55 24 117 44 74 31 32 27 33 24 23 72 169 26 29 36 47 29 24 21 24 43 48
internal_value=0.00015735 -0.000277113 0.00216153 -0.00136882 0.00634146 0.00371548 0.00492188 0.0123077 0.00455696 0.00359447 0.00630769 0.00395402 0.0183529 -0.00045977 -0.00273973 0.00373333 0.0114286 0.00805195 0.010303 0.0124481 -0.000172852 -0.000234634 -0.00928571 -0.0149398 -0.00598425 0.00377358 0.00888889 -0.00957746 -0.00610169 -0.0133333
internal_weight=9660 7939 1721 526 164 1195 1024 156 79 868 520 435 85 348 292 150 56 308 264 241 7868 7842 112 83 127 53 54 142 118 75
internal_count=9660 7939 1721 526 164 1195 1024 156 79 868 520 435 85 348 292 150 56 308 264 241 7868 7842 112 83 127 53 54 142 118 75
is_linear=0
shrinkage=0.08


Tree=80
num_leaves=31
num_cat=0
split_feature=4 4 4 4 33 33 4 33 1 33 19 6 33 21 13 21 15 19 23 6 31 6 19 21 4 4 4 8 6 4
split_gain=1.34602 19.5813 5.47826 3.77445 3.74528 3.42298 2.8942 5.48213 2.78817 2.43152 2.65152 1.90255 1.72912 2.25992 2.69688 2.49338 2.39347 2.33804 2.20982 2.09088 2.91635 2.21219 2.07518 2.54101 2.48956 2.31249 2.81661 2.29477 2.18939 2.01113
threshold=16.500000000000004 14.500000000000002 15.500000000000002 20.500000000000004 0.24140000000000142 -0.60720000000000052 21.500000000000004 0.34154999999999985 2.5000000000000004 0.65899999999999992 17.230950000000004 0.29934151911072543 0.034449999999999655 14.230700000000001 14.444800000000003 13.917650000000002 14.543600000000001 14.615850000000002 14.444800000000003 0.57419832856915154 18.243650000000006 0.2080663931355983 14.510650000000002 15.444000000000001 53.500000000000007 40.500000000000007 27.500000000000004 0.21052302891130778 0.1844015871226162 24.500000000000004
decision_type=2 2 2 2 2 2 2 2 2 2 2 2 2 2 2 2 2 2 2 2 2 2 2 2 2 2 2 2 2 2
left_child=1 4 -3 11 5 -1 7 -5 -6 -10 -11 -2 19 15 16 -14 18 -18 -15 20 21 -8 28 24 25 26 29 -25 -16 -24
right_child=3 2 -4 6 8 -7 12 -9 9 10 -12 -13 13 14 22 -17 17 -19 -20 -21 -22 -23 23 27 -26 -27 -28 -29 -30 -31
leaf_value=0.0015286651646439964 -0.0016272164800685118 0.016865052998840609 0.0040520662026429476 0.012727421127804917 0.013083060861320064 -0.00095513739679802261 -0.00019271244936930999 0.0011217248121300827 0.0011942600890024835 -0.002521421594114628 0.0037663195908524474 -0.0072474955893554243 0.0014845505804477455 0.00080453674368484939 0.0055477479605092837 -0.0036990557700825378 -0.0011207739661433182 0.0048793756535087593 -0.0050649595731820799 -0.0011638957638251668 0.0062590735253988325 0.00075800985358142725 -0.0071634223247278332 0.0013733268331318981 -0.0044900719261808317 0.0012862359371170128 -0.0039676530408846843 -0.00046216174230195861 0.00013619592280910808 0.0030056589619699993
leaf_weight=145 521 161 161 48 100 1671 1189 113 422 56 21 123 41 143 22 195 22 56 41 435 33 1700 28 228 95 156 168 1470 44 52
leaf_count=145 521 161 161 48 100 1671 1189 113 422 56 21 123 41 143 22 195 22 56 41 435 33 1700 28 228 95 156 168 1470 44 52
internal_value=9.10973e-05 0.00159299 0.0201242 -0.000502672 -0.000877847 -0.00268722 9.55566e-05 0.0106832 0.00460768 0.00216433 -0.0109091 -0.0063354 -0.000183066 -0.00166606 -0.000966337 -0.00915254 0.00671756 0.0184615 0.00173913 0.00103664 0.00180698 0.00153686 -0.00185594 -0.00227583 -0.00729459 -0.00455446 -0.00935484 -0.000800942 0.0121212 0.003
internal_weight=9660 2737 322 6923 2415 1816 6279 161 599 499 77 644 6118 2761 2525 236 262 78 184 3357 2922 2889 2263 2197 499 404 248 1698 66 80
internal_count=9660 2737 322 6923 2415 1816 6279 161 599 499 77 644 6118 2761 2525 236 262 78 184 3357 2922 2889 2263 2197 499 404 248 1698 66 80
is_linear=0
shrinkage=0.08


Tree=81
num_leaves=31
num_cat=0
split_feature=4 4 4 33 4 4 6 6 8 33 33 4 4 25 13 39 27 21 15 8 17 21 17 8 1 4 17 17 25 29
split_gain=1.37617 18.235 9.0559 2.65709 2.56377 3.92721 2.17579 2.14967 2.1008 2.05123 1.93163 3.77416 7.97075 1.99727 4.16725 2.51958 1.93349 1.87453 1.85108 2.24682 1.747 2.34724 2.32144 2.15388 1.72234 1.5254 1.42831 2.57403 2.22244 1.41713
threshold=46.500000000000007 44.500000000000007 45.500000000000007 -0.15179999999999969 55.500000000000007 54.500000000000007 0.1844015871226162 0.15479912121725928 1.6252186225111298 -0.13794999999999999 0.23059999999999994 31.500000000000004 35.500000000000007 18.087200000000003 17.172400000000007 97.638118011755765 17.887500000000003 17.488600000000002 14.043850000000001 1.8732654209796946 15.490150000000002 15.426750000000002 15.621500000000003 0.21018042554720365 9.5000000000000018 15.500000000000002 14.000100000000002 14.046700000000003 13.884750000000002 14.543600000000001
decision_type=2 2 2 2 2 2 2 2 2 2 2 2 2 2 2 2 2 2 2 2 2 2 2 2 2 2 2 2 2 2
left_child=1 7 -3 -2 5 9 -4 -1 -6 -5 26 13 -13 14 15 18 -15 -8 -12 29 -11 -22 -23 -24 -25 -21 28 -28 -9 -20
right_child=3 2 6 4 8 -7 17 10 -10 20 11 12 -14 16 -16 -17 -18 -19 19 25 21 22 23 24 -26 -27 27 -29 -30 -31
leaf_value=0.0033223060752932553 0.00028549112793967878 0.016880564252520856 0.0039464019486651122 -0.011286339474329452 -3.8800162354135637e-06 -0.0059428065600832984 -0.00077247477579440733 -0.0042392023646507229 0.010568651732968136 -0.0017266915970705554 0.0054964256328344872 -0.0069372971690145136 0.0006188576080973007 0.002483198711622947 0.0045856481461225944 -0.0061818198642763639 -0.0054006957318583201 0.0088531665779629527 -0.00041140247749353874 0.0065331227447057924 0.0037953561276378878 0.0032075449180304361 -0.004005995604531876 0.0016829863592921158 -0.0016037989820557642 0.0014123484318469082 -0.0046300794674446165 -0.00028620000315406459 0.0013590553915162219 0.0013854782467775807
leaf_weight=121 769 161 22 21 352 158 108 20 25 331 52 134 311 36 151 36 53 31 171 21 33 26 41 142 195 24 92 5062 183 778
leaf_count=121 769 161 22 21 352 158 108 20 25 331 52 134 311 36 151 36 53 31 171 21 33 26 41 142 195 24 92 5062 183 778
internal_value=0 0.000502181 0.0191304 -0.00181558 -0.00398792 -0.00620908 0.00571429 -0.000325742 0.00159151 -0.00390368 -0.000505334 0.00178834 -0.00458427 0.00393343 0.00476886 0.00303142 -0.00764045 0.00201439 0.00374761 0.00297787 -0.00322917 9.15332e-05 -0.00158416 -0.0031746 -0.00106825 0.0204444 -0.0012619 -0.00152115 0.0053202 0.00214963
internal_weight=9660 7567 322 2093 1324 947 161 7245 377 789 7124 1767 445 1322 1233 1082 89 139 1046 994 768 437 404 378 337 45 5357 5154 203 949
internal_count=9660 7567 322 2093 1324 947 161 7245 377 789 7124 1767 445 1322 1233 1082 89 139 1046 994 768 437 404 378 337 45 5357 5154 203 949
is_linear=0
shrinkage=0.08


Tree=82
num_leaves=31
num_cat=0
split_feature=8 8 8 31 33 4 13 4 8 1 4 4 19 23 27 23 7 7 23 19 31 13 31 33 25 31 15 17 15 23
split_gain=1.30775 3.2412 2.41021 2.40883 2.13181 1.79746 1.50439 1.44314 2.51198 1.46245 2.36631 2.42972 2.9697 2.28477 2.26941 2.20781 1.99515 2.28614 1.53743 1.85975 1.9862 1.73611 1.57053 1.45491 1.63797 1.84447 2.29052 1.44999 1.6028 2.05842
threshold=1.7064975938968319 0.84338032758635817 0.78757042244178999 21.645750000000003 -0.58400000000000041 55.500000000000007 17.724500000000003 48.500000000000007 1.6241160063881381 2.5000000000000004 35.500000000000007 16.500000000000004 18.120150000000006 18.605250000000002 15.320300000000001 18.197700000000005 14.839730833333336 17.56838083333334 17.079750000000004 15.444000000000001 15.284800000000002 14.708300000000003 15.4565 0.29750000000000038 16.322600000000005 15.320300000000001 14.378900000000002 14.576500000000001 14.510650000000002 14.411800000000001
decision_type=2 2 2 2 2 2 2 2 2 2 2 2 2 2 2 2 2 2 2 2 2 2 2 2 2 2 2 2 2 2
left_child=1 2 4 7 -1 -2 -4 9 -9 10 11 12 14 15 -3 16 27 18 19 20 21 -18 -22 24 25 26 -12 28 29 -11
right_child=5 3 6 -5 -6 -7 -8 8 -10 13 23 -13 -14 -15 -16 -17 17 -19 -20 -21 22 -23 -24 -25 -26 -27 -28 -29 -30 -31
leaf_value=0.00087318403837784338 0.00038144793955211757 0.0016713762869933646 0.00023165589940241205 0.015326018752492843 2.1708911130104981e-05 0.0097231595943307533 0.008297910236059778 -0.0015886420782285882 -0.0082966249582295867 3.6821187974496183e-05 0.0028518840406171367 -0.0075938974570108541 0.031708940217626776 -0.0030353170092419644 -0.014114805255086084 0.0030159828641506438 0.0012883510920713803 -0.0016129864745573741 0.0085932640041367844 -0.00044163867942927483 0.0048543641651053807 -0.0055126114918596873 0.0038144458028245508 -0.0020971305928352991 -0.0026560248132705055 0.0088752761715585396 -0.0040000012090700924 -0.0076007491482144472 0.0022237681214608072 -0.0099734023245652281
leaf_weight=362 549 35 28 20 7185 43 48 217 25 66 22 192 27 57 37 22 32 93 64 214 24 40 38 23 21 31 29 47 34 35
leaf_count=362 549 35 28 20 7185 43 48 217 25 66 22 192 27 57 37 22 32 93 64 214 24 40 38 23 21 31 29 47 34 35
internal_value=0.000140787 -9.70446e-05 0.000561459 -0.00357093 0.000418709 0.00378378 0.0147368 -0.00395789 -0.00958678 -0.00280642 -0.00661871 -0.0105842 -0.00040404 -0.00073107 -0.00888889 0.000507757 -0.000291121 0.00229703 0.00485437 0.00275862 0.0101493 0.00111111 0.0206452 0.00253968 0.00660194 0.0117073 0.00235294 -0.00747253 -0.00325926 -0.00831683
internal_weight=9660 9068 7623 1445 7547 592 76 1425 242 1183 417 291 99 766 72 709 687 505 412 348 134 72 62 126 103 82 51 182 135 101
internal_count=9660 9068 7623 1445 7547 592 76 1425 242 1183 417 291 99 766 72 709 687 505 412 348 134 72 62 126 103 82 51 182 135 101
is_linear=0
shrinkage=0.08


Tree=83
num_leaves=31
num_cat=0
split_feature=7 6 21 13 1 27 21 39 29 39 7 19 27 21 23 33 8 33 5 7 29 7 5 5 19 17 29 31 17 19
split_gain=1.26834 1.84122 1.60878 1.12853 1.87327 1.74419 1.76178 2.57249 2.19906 1.99436 1.91631 1.78794 2.20408 1.6632 2.32828 2.10598 1.80125 1.63981 1.63851 1.53061 1.45394 2.8748 2.03442 1.53268 2.60884 1.56553 2.47428 2.35116 2.30334 1.47931
threshold=14.117314166666668 0.18094136971606634 9.6461500000000004 14.131850000000002 1.0000000180025095e-35 14.543600000000001 15.123600000000001 81.570690149153407 15.019750000000002 84.559542770203691 16.245385000000002 14.867400000000002 15.692450000000003 14.642450000000002 14.615850000000002 -0.037300000000000104 0.20778568378296108 -0.068999999999999936 14.619583333333336 15.371062500000003 14.016500000000002 14.129437500000002 14.10133666666667 14.127790000000003 14.016500000000002 14.593050000000002 14.260600000000002 14.329500000000001 14.115350000000001 14.131850000000002
decision_type=2 2 2 2 2 2 2 2 2 2 2 2 2 2 2 2 2 2 2 2 2 2 2 2 2 2 2 2 2 2
left_child=1 -1 -2 4 -4 13 11 10 9 -9 17 -7 18 14 -5 16 -16 -8 -13 -11 21 -6 -22 29 -25 26 -26 28 -28 -24
right_child=2 -3 3 5 20 6 7 8 -10 19 -12 12 -14 -15 15 -17 -18 -19 -20 -21 22 -23 23 24 25 -27 27 -29 -30 -31
leaf_value=0.0021218865007277543 0.0087937401191655346 -0.0043404872059980447 -0.004547971115326419 0.00047960418265859063 0.00015509374043958248 -0.00010114675352753011 -0.011486287597184201 0.0041218099413849532 9.20888890860283e-05 -0.0038330558415705695 0.009875848338475492 0.0023835425725484073 0.0053010104515014691 0.001985434634912906 0.00096931195430016714 -0.0087513724238175421 -0.0054831036080611288 -0.00094365531716036346 -0.0022908300954750872 0.0099203351236096179 -0.0047717423179820173 -0.0041136485569371927 0.002830973121783984 -0.0037037617358570431 0.00086103318350367892 0.0047526936414107011 -0.0084941830959225223 -0.012565865952922479 0.0035670367997973074 -8.0554998771020798e-06
leaf_weight=23 22 95 53 618 92 709 52 69 6423 21 21 25 39 261 69 27 28 30 378 28 31 83 87 46 107 45 36 33 31 78
leaf_count=23 22 95 53 618 92 709 52 69 6423 21 21 25 39 261 69 27 28 30 378 28 31 83 87 46 107 45 36 33 31 78
internal_value=0.00010766 -0.00813559 0.0002096 0.000159664 -0.00288089 0.000409184 5.13149e-06 0.000505719 0.000703256 0.0115254 -0.0120388 -0.00288445 -0.00687783 0.00354935 0.00161725 -0.0083871 -0.0028866 -0.017561 -0.00863524 -0.000816327 -0.00173393 -0.008 0.00048583 0.00181425 -0.00161074 0.0015873 -0.00135266 -0.0104 -0.00179104 0.008
internal_weight=9660 118 9542 9520 722 8798 7795 6644 6541 118 103 1151 442 1003 742 124 97 82 403 49 669 175 494 463 298 252 207 100 67 165
internal_count=9660 118 9542 9520 722 8798 7795 6644 6541 118 103 1151 442 1003 742 124 97 82 403 49 669 175 494 463 298 252 207 100 67 165
is_linear=0
shrinkage=0.08


Tree=84
num_leaves=31
num_cat=0
split_feature=8 8 8 31 15 4 21 39 15 1 1 4 1 4 6 31 33 15 33 13 4 4 4 4 1 17 21 13 21 4
split_gain=1.09898 2.9975 2.41735 2.01844 2.53066 2.08389 1.94015 2.46803 2.20145 1.84958 6.90509 4.54945 8.16667 1.79291 1.77273 1.75232 1.64499 1.6369 1.575 1.50439 1.49356 4.4508 8.45676 5.19068 2.88244 2.31435 2.22527 2.38187 1.83163 1.62903
threshold=0.84338032758635817 1.7064975938968319 0.78757042244178999 15.523850000000001 16.824400000000001 43.500000000000007 16.775850000000002 93.90184832027272 17.117000000000004 2.5000000000000004 1.5000000000000002 51.500000000000007 1.0000000180025095e-35 27.500000000000004 0.81197606220729701 21.645750000000003 -0.60720000000000052 17.008900000000004 -0.2012499999999999 17.724500000000003 10.500000000000002 16.500000000000004 14.500000000000002 15.500000000000002 21.500000000000004 18.275250000000003 14.917400000000002 16.9785 18.042600000000004 9.5000000000000018
decision_type=2 2 2 2 2 2 2 2 2 2 2 2 2 2 2 2 2 2 2 2 2 2 2 2 2 2 2 2 2 2
left_child=2 15 9 -3 -5 6 -6 -8 -9 10 11 -1 -13 -10 -12 -2 -11 -7 -19 -4 25 22 -22 -24 -23 28 -26 -28 29 -18
right_child=1 3 19 4 5 17 7 8 13 16 14 12 -14 -15 -16 -17 20 18 -20 -21 21 24 23 -25 26 -27 27 -29 -30 -31
leaf_value=-0.00042404562827726979 -0.00079245415796407319 0.0047537596243775225 0.00023488491094909137 -0.0013561866083461637 0.0079184281118531881 0.013873356052431802 -0.0031141495641929849 0.014611330161490771 0.00644334226270928 0.00094840643747829746 0.12612816982468858 -0.0014089340958385321 0.14185011242409865 -0.0080282277808468912 0.034338752628754889 0.014092570141166477 -0.00034473002218504689 0.0090286394438707871 7.1209254352169184e-05 0.0076267103060480681 -0.00012659168733762273 -0.00018389156492332859 0.014576551084416352 0.0037001736905826733 -0.001563178667462779 0.0077991884454795017 0.013048614283912272 0.00025466786756567217 -0.0025438335934916266 -0.002930219787802031
leaf_weight=421 1425 129 28 210 26 21 71 22 37 276 39 42 56 20 27 20 1025 20 36 48 445 4651 118 118 35 28 52 39 67 108
leaf_count=421 1425 129 28 210 26 21 71 22 37 276 39 42 56 20 27 20 1025 20 36 48 445 4651 118 118 35 28 52 39 67 108
internal_value=9.93789e-05 -0.0015513 0.00054047 0.00324324 0.000777538 0.00616601 0.00136364 -0.00213333 0.00759494 0.000397509 0.00471795 0.0016185 0.0171429 -0.000701754 0.0290909 -0.00351557 3.44729e-05 0.0171429 0.01 0.0147368 -0.000215375 0.000351777 0.00640235 0.0186441 -0.000510781 -0.00273616 0.0114286 0.018022 -0.00326667 -0.00250662
internal_weight=9660 2037 7623 592 463 253 176 150 79 7547 585 519 98 57 66 1445 6962 77 56 76 6686 5458 681 236 4777 1228 126 91 1200 1133
internal_count=9660 2037 7623 592 463 253 176 150 79 7547 585 519 98 57 66 1445 6962 77 56 76 6686 5458 681 236 4777 1228 126 91 1200 1133
is_linear=0
shrinkage=0.08


Tree=85
num_leaves=31
num_cat=0
split_feature=7 17 19 4 21 27 8 31 17 13 6 33 33 21 27 33 6 23 25 1 19 5 23 21 15 33 23 4 4 4
split_gain=1.01168 1.78543 1.51227 2.62566 1.7836 1.52134 1.78571 1.58939 1.49872 1.3516 1.52427 3.08694 1.9436 1.70981 2.69019 1.98116 1.8871 1.61155 1.78189 1.73751 1.76877 1.49822 1.49434 1.98 1.66667 1.48963 1.65421 1.48467 3.75132 9.01022
threshold=18.716592500000004 18.042600000000004 18.556400000000004 16.500000000000004 19.122800000000002 18.087200000000003 1.4128903161117352 17.384900000000005 20.213250000000006 18.478250000000003 0.29934151911072543 -0.14919999999999864 -0.20684999999999928 14.378900000000002 14.411800000000001 0.45545000000000085 0.32972266717947313 18.478250000000003 17.911800000000003 3.5000000000000004 16.305350000000004 14.362393333333335 18.356750000000002 16.365600000000004 17.911800000000003 -0.76014999999999933 18.478250000000003 10.500000000000002 16.500000000000004 14.500000000000002
decision_type=2 2 2 2 2 2 2 2 2 2 2 2 2 2 2 2 2 2 2 2 2 2 2 2 2 2 2 2 2 2
left_child=2 -2 4 -4 8 7 -7 -5 9 10 25 12 17 15 -15 21 -16 18 19 20 -12 -13 23 -11 -24 -1 27 -27 29 -29
right_child=1 -3 3 5 -6 6 -8 -9 -10 22 11 13 -14 14 16 -17 -18 -19 -20 -21 -22 -23 24 -25 -26 26 -28 28 -30 -31
leaf_value=0.0054198323121579508 0.0038612430853811473 -0.0041947629735766155 0.0292367795435176 -7.515154034720695e-06 -0.0041346239907180402 -0.0076519521435562867 0.00082488356667454355 0.0042965595426595372 0.0071424204851381033 -0.0038191042803003938 -0.0050309768797087177 0.0014797727207910328 -0.0066271333796484554 0.0049338373015650914 -0.0035264373771408944 -0.0093470082642362236 0.00035607768256788573 0.0045522222620911637 -0.0059384089021327219 -0.00018382620380265281 -0.017284694234165912 -0.0065244406883601868 -0.0018418302284493393 0.010789162343261865 0.0034811669150579404 -0.00039250227741248977 -0.0029726850258381889 -6.0429417220788653e-05 1.6212740012804263e-05 0.0073758564811584647
leaf_weight=47 26 38 48 54 56 28 28 32 24 24 76 32 69 61 74 27 568 29 29 239 24 34 30 75 30 1456 45 508 5589 260
leaf_count=47 26 38 48 54 56 28 28 32 24 24 76 32 69 61 74 27 568 29 29 239 24 34 30 75 30 1456 45 508 5589 260
internal_value=2.48447e-05 -0.01 9.17049e-05 0.00715789 -5.10313e-05 0.00169014 -0.00857143 0.00837209 3.42246e-05 -1.71563e-05 -0.000143995 -0.00272583 -0.007897 0.000301508 0.00165007 -0.00989247 0.000124611 -0.00574307 -0.00717391 -0.00554572 -0.0144 -0.00242424 0.0072956 0.0133333 -0.00266667 0.000268185 0.000183253 0.000271343 0.000799119 0.00604167
internal_weight=9660 64 9596 190 9406 142 56 86 9350 9326 9167 1262 466 796 703 93 642 397 368 339 100 66 159 99 60 7905 7858 7813 6357 768
internal_count=9660 64 9596 190 9406 142 56 86 9350 9326 9167 1262 466 796 703 93 642 397 368 339 100 66 159 99 60 7905 7858 7813 6357 768
is_linear=0
shrinkage=0.08


Tree=86
num_leaves=31
num_cat=0
split_feature=8 8 8 8 6 13 17 13 33 33 6 6 6 39 6 8 15 4 5 31 1 1 4 1 6 21 27 31 19 25
split_gain=1.14223 1.4105 2.09539 2.02729 1.82377 1.97103 2.45639 1.80385 1.88163 1.90829 1.78486 2.67347 1.71529 1.68883 1.75013 2.42582 1.81098 2.26039 1.67952 1.84924 1.67422 5.74021 3.64286 7.19728 2.64815 1.63221 2.07693 2.19049 2.01149 2.02698
threshold=3.5134649833721672 0.84338032758635817 0.78757042244178999 1.4128903161117352 2.0387000609981727 13.950650000000001 14.043850000000001 19.979150000000001 -0.59589999999999932 -0.17240000000000053 0.59930516951358925 0.19348796689615422 1.3488920956860124 77.673735303568606 0.18815176773732298 1.7653954276964994 14.312950000000003 37.500000000000007 16.38808666666667 14.901200000000001 2.5000000000000004 1.5000000000000002 51.500000000000007 1.0000000180025095e-35 0.81197606220729701 16.741850000000003 19.122800000000002 16.681500000000003 16.269450000000003 16.180450000000004
decision_type=2 2 2 2 2 2 2 2 2 2 2 2 2 2 2 2 2 2 2 2 2 2 2 2 2 2 2 2 2 2
left_child=1 2 20 4 5 -3 -7 8 -8 10 11 -10 -12 14 -5 16 17 -16 19 -6 21 22 -1 -24 -23 28 27 -27 -15 -30
right_child=-2 3 -4 13 18 6 7 -9 9 -11 12 -13 -14 25 15 -17 -18 -19 -20 -21 -22 24 23 -25 -26 26 -28 -29 29 -31
leaf_value=-0.00037386312271678437 0.012165310960435818 -0.0052187210338887268 0.0050587639745050695 0.0029086062243786162 0.0003740767418565838 0.0016964721518323955 -0.0069522994410135654 0.010785565184038148 -0.0041280553718124223 -0.0019499668370490041 -0.011128110769470255 0.0033745605808747571 0.0024672842104517655 0.00027165897821433303 -0.0043564882288330865 0.0028019197974942503 -0.011213843703801274 0.0016017562390828032 -0.0015774422914898167 0.010948002447815313 -4.7461544930627044e-07 0.11606931642090644 -0.0017284343715024165 0.13050080641096956 0.03112216058005032 -0.0039351983588005622 0.0013687766291795357 -0.00035730966191522385 -0.00067486016915907499 0.005634377514393947
leaf_weight=421 37 26 76 23 27 40 79 23 23 446 31 78 22 393 35 28 34 20 20 22 6962 39 42 56 27 45 51 396 42 96
leaf_count=421 37 26 76 23 27 40 79 23 23 446 31 78 22 393 35 28 34 20 20 22 6962 39 42 56 27 45 51 396 42 96
internal_value=2.48447e-05 -2.9097e-05 0.000467008 -0.00192 -0.00492234 -0.00604167 -0.00528302 -0.00638177 -0.00712813 -0.0056 0.00207792 0.00831683 -0.00981132 0.000240757 -0.008 -0.0119658 -0.018427 -0.00945455 0.00753623 0.0155102 0.000333908 0.00444444 0.0016185 0.0155102 0.0266667 0.00136852 -0.00195122 -0.00371882 0.00444444 0.0127536
internal_weight=9660 9623 7623 2000 837 768 742 702 679 600 154 101 53 1163 140 117 89 55 69 49 7547 585 519 98 66 1023 492 441 531 138
internal_count=9660 9623 7623 2000 837 768 742 702 679 600 154 101 53 1163 140 117 89 55 69 49 7547 585 519 98 66 1023 492 441 531 138
is_linear=0
shrinkage=0.08


Tree=87
num_leaves=31
num_cat=0
split_feature=7 17 25 27 4 4 33 13 27 8 8 31 7 5 27 17 29 23 1 7 13 21 39 19 15 33 17 5 21 6
split_gain=1.01837 1.78543 0.981693 1.72941 1.01813 2.21571 1.41567 1.70815 0.997064 0.955073 2.60506 1.86927 3.40711 3.1159 3.07275 2.05238 2.28974 2.04845 1.87894 1.79267 1.75456 1.72299 1.56532 1.48618 1.46634 2.11554 1.42005 1.41312 2.34541 2.16816
threshold=18.716592500000004 18.042600000000004 20.213250000000006 19.274100000000001 1.0000000180025095e-35 1.5000000000000002 0.034500000000000426 15.176350000000001 15.213850000000003 0.84338032758635817 0.78757042244178999 15.490150000000002 14.649417500000002 15.480710000000002 15.176350000000001 14.576500000000001 14.576500000000001 17.911800000000003 21.500000000000004 15.893655000000001 17.887500000000003 14.066000000000001 84.790918516634491 13.950650000000001 15.142850000000001 0.036499999999999318 18.642900000000001 16.335296666666672 18.087200000000003 0.22778764544137692
decision_type=2 2 2 2 2 2 2 2 2 2 2 2 2 2 2 2 2 2 2 2 2 2 2 2 2 2 2 2 2 2
left_child=2 -2 4 -4 6 -6 8 -8 -1 10 26 12 15 19 -15 -11 -17 18 23 -13 -12 -16 -23 -14 -20 -26 -7 -24 29 -29
right_child=1 -3 3 -5 5 9 7 -9 -10 11 20 13 17 14 21 16 -18 -19 24 -21 -22 22 27 -25 25 -27 -28 28 -30 -31
leaf_value=-0.0023762745592358671 0.0034953598887976513 -0.0037031845887266004 -0.0017596633249756621 0.004577617736712938 0.0034890060391671797 3.3176174496674098e-05 -0.00587371677757389 0.0023134991450669416 -0.0054080200683214487 -0.00030922271553556868 0.0012357772455177951 -0.013427445401290469 -0.0060870022925604422 0.0078451867600700352 0.01794122832142719 -0.011743906341906864 -0.00074074523089244341 -0.0073307399559800505 0.028140312991569161 -0.00081564962003660929 0.0070596540417841424 -0.0039456901200306763 0.0010172561355321363 0.0010099358254913682 0.00731180718037777 -0.0019321652186080486 0.0093760414524328446 0.00031805261282386255 0.002591922640082487 -0.0013001544198041871
leaf_weight=38 26 38 34 30 160 7259 22 39 60 170 34 38 25 34 20 30 28 22 30 36 38 126 195 337 26 21 29 165 108 442
leaf_count=38 26 38 34 30 160 7259 22 39 60 170 34 38 25 34 20 30 28 22 30 36 38 126 195 337 26 21 29 165 108 442
internal_value=5.7971e-05 -0.01 0.000125052 0.01 5.87495e-05 0.000166436 -0.00628931 0.00327869 -0.0122449 4.34169e-06 0.000413043 -0.001619 0.0016836 -0.00357388 -0.00249541 -0.00631579 -0.0193103 0.00563991 0.00683371 -0.0194595 0.0155556 -0.00325758 -0.00370656 0.00441989 0.0181818 0.0093617 0.000263447 -0.00254945 -0.0041958 -0.0061285
internal_weight=9660 64 9596 64 9532 9373 159 61 98 9213 7360 1853 689 1164 1090 228 58 461 439 74 72 1056 1036 362 77 47 7288 910 715 607
internal_count=9660 64 9596 64 9532 9373 159 61 98 9213 7360 1853 689 1164 1090 228 58 461 439 74 72 1056 1036 362 77 47 7288 910 715 607
is_linear=0
shrinkage=0.08


Tree=88
num_leaves=31
num_cat=0
split_feature=8 8 13 8 29 6 31 6 4 4 8 33 1 1 6 4 1 27 33 15 21 13 19 23 4 27 23 21 13 27
split_gain=1.14089 1.08603 1.95048 1.71875 1.86765 1.80407 1.86185 2.36703 2.08681 2.05066 1.98795 1.72003 1.44239 3.7765 3.9375 3.48433 7.19728 1.41147 1.40743 1.39921 1.80585 2.51293 2.02226 1.85513 1.88326 2.02289 1.83701 2.5533 2.5307 2.58023
threshold=3.5134649833721672 0.84338032758635817 19.315350000000006 1.4128903161117352 19.533250000000006 2.0387000609981727 18.356750000000002 0.57419832856915154 12.500000000000002 30.500000000000004 1.2322522648951775 0.36114999999999947 2.5000000000000004 1.5000000000000002 0.81197606220729701 51.500000000000007 1.0000000180025095e-35 17.955650000000002 -0.62795000000000012 14.378900000000002 16.741850000000003 17.191450000000007 14.043850000000001 16.817100000000003 40.500000000000007 17.462750000000003 15.426750000000002 15.444000000000001 15.656950000000002 16.247550000000004
decision_type=2 2 2 2 2 2 2 2 2 2 2 2 2 2 2 2 2 2 2 2 2 2 2 2 2 2 2 2 2 2
left_child=1 2 12 4 5 6 7 10 -9 -10 11 -3 13 15 -15 -1 -17 -8 -14 -5 22 23 -21 -22 25 -25 27 -24 -28 -30
right_child=-2 3 -4 19 -6 -7 17 8 9 -11 -12 -13 18 14 -16 16 -18 -19 -20 20 21 -23 26 24 -26 -27 28 -29 29 -31
leaf_value=-0.0003144110989576632 0.011296098437185265 0.00092914095945204164 0.027882304417451566 -0.0012415665868248027 -0.0060998607186343182 0.0027805262668036336 -0.0012295150056495885 0.015453369963011171 -0.016722203311289548 -0.0017652960304502586 -0.0018905631447421456 -0.0022127882010759947 0.001007068220825218 0.11091272844161658 0.00022204360055233963 -0.0015928137157419542 0.12005808780413232 0.007234246102805173 -4.0595994740186828e-05 -0.0060306954378617659 -0.0034625863826623516 0.00074281097495202178 0.0018502542298335812 -0.0002476792897385849 0.00093698773851429 -0.0088085802980111799 -0.0038900137020750946 0.0058627929104246588 0.004568342624646107 -0.00025959977579617546
leaf_weight=425 37 175 21 167 39 67 20 22 87 121 245 24 236 36 28 42 56 37 6779 34 68 225 161 91 76 21 63 24 104 129
leaf_count=425 37 175 21 167 39 67 20 22 87 121 245 24 236 36 28 42 56 37 6779 34 68 225 161 91 76 21 63 24 104 129
internal_value=3.31263e-05 -2.07835e-05 0.000414535 -0.00168 -0.00444444 -0.00360902 -0.0047606 -0.00593472 -0.0125217 -0.015 -0.00252252 0.00341709 0.000347277 0.00415673 0.0225 0.00191205 0.0155102 0.00912281 2.85103e-05 0.000309544 0.00144578 -0.002079 0.00473786 -0.0075 -0.00340426 -0.01 0.00607069 0.0123243 0.00216216 0.00600858
internal_weight=9660 9623 7623 2000 837 798 731 674 230 208 444 199 7602 587 64 523 98 57 7015 1163 996 481 515 256 188 112 481 185 296 233
internal_count=9660 9623 7623 2000 837 798 731 674 230 208 444 199 7602 587 64 523 98 57 7015 1163 996 481 515 256 188 112 481 185 296 233
is_linear=0
shrinkage=0.08


Tree=89
num_leaves=31
num_cat=0
split_feature=21 8 1 1 4 1 6 8 1 4 15 6 4 13 33 27 33 33 15 15 29 31 23 21 25 1 5 29 39 8
split_gain=1.212 1.1648 2.2783 5.12519 3.66991 6.58503 2.95135 1.69409 1.50664 2.74812 1.68306 1.67028 1.54259 1.47548 2.31188 1.74268 1.6114 1.43834 1.83014 2.23321 2.00193 1.43147 1.40744 2.43562 1.38212 1.48805 3.1784 2.28978 1.54465 1.87532
threshold=9.6461500000000004 0.84338032758635817 2.5000000000000004 1.5000000000000002 51.500000000000007 1.0000000180025095e-35 0.81197606220729701 1.4128903161117352 21.500000000000004 49.500000000000007 14.510650000000002 2.0387000609981727 29.500000000000004 19.787800000000001 -0.64520000000000077 19.011950000000002 0.34480000000000027 0.22569999999999982 14.378900000000002 14.548600000000002 14.413900000000002 18.120150000000006 16.180450000000004 16.158800000000003 17.846600000000006 11.500000000000002 17.077503333333336 16.144550000000006 96.744425792580628 1.9365192813644305
decision_type=2 2 2 2 2 2 2 2 2 2 2 2 2 2 2 2 2 2 2 2 2 2 2 2 2 2 2 2 2 2
left_child=-1 2 3 4 21 -6 -5 8 11 10 -10 13 -13 14 -3 16 -16 18 20 -20 -9 22 23 -2 25 27 28 -19 29 -27
right_child=1 7 -4 6 5 -7 -8 17 9 -11 -12 12 -14 -15 15 -17 -18 24 19 -21 -22 -23 -24 -25 -26 26 -28 -29 -30 -31
leaf_value=0.0039115096714397168 -0.00028925821104110129 -0.0097181667015819075 6.5392264765762324e-07 0.097725672900299113 -0.0014653886184825638 0.11045344077980175 0.02003183637596578 -0.0012117173584321251 -0.0088268780265472919 -0.085676316453332721 -0.00030927477261329274 0.011735609545009922 9.1020778893025075e-05 0.016049314677220254 -0.00010137913589758796 -0.0084886717019779217 -0.0018884581262321376 -0.00043870912616370109 0.003172136908538974 -9.2433618314373688e-05 -0.0080459516053990408 0.0023354641648137432 -0.0024749690854946496 0.0052516075352445311 0.0097393986871773565 5.5428717331693636e-05 -0.0086401245585943798 0.004411898979039393 -0.0027875702285157901 0.01380238097903856
leaf_weight=25 229 57 7026 39 42 56 35 74 23 20 70 20 34 23 443 31 113 55 30 721 39 30 140 26 41 72 29 61 23 33
leaf_count=25 229 57 7026 39 42 56 35 74 23 20 70 20 34 23 443 31 113 55 30 721 39 30 140 26 41 72 29 61 23 33
internal_value=8.28157e-06 -3.73638e-05 0.000414535 0.00515913 0.00237094 0.0163265 0.0248649 -0.0017495 -0.00450839 -0.0130973 -0.00731183 -0.00316227 0.0103704 -0.00425787 -0.00496894 -0.0034753 -0.00244604 0.000203735 -0.00148148 -5.32623e-05 -0.0109735 -0.000847059 -0.00212658 0.00141176 0.00484076 0.00278388 -0.00229299 0.00965517 0.003125 0.0072381
internal_weight=9660 9635 7623 597 523 98 74 2012 834 113 93 721 54 667 644 587 556 1178 864 751 113 425 395 255 314 273 157 116 128 105
internal_count=9660 9635 7623 597 523 98 74 2012 834 113 93 721 54 667 644 587 556 1178 864 751 113 425 395 255 314 273 157 116 128 105
is_linear=0
shrinkage=0.08


Tree=90
num_leaves=31
num_cat=0
split_feature=21 17 13 25 19 17 21 4 4 1 33 4 1 33 4 4 33 2 15 29 7 23 8 1 15 13 23 17 15 29
split_gain=1.26563 2.32787 1.39302 1.03848 2.00321 1.51909 1.14502 1.05242 25.121 2.53003 2.15503 2.10057 3.86014 2.04767 3.88908 6.04355 1.81682 1.69355 1.58955 1.47592 1.67105 1.35488 1.8994 2.68146 2.16132 1.58411 2.4652 1.81947 1.7493 1.7648
threshold=13.818850000000003 14.043850000000001 15.249300000000002 13.818850000000003 16.867950000000004 12.978900000000001 15.158250000000002 44.500000000000007 45.500000000000007 1.5000000000000002 -0.76014999999999933 50.500000000000007 1.0000000180025095e-35 0.24140000000000142 31.500000000000004 35.500000000000007 0.34480000000000027 2.5000000000000004 18.120150000000006 18.087200000000003 18.088358333333336 13.983600000000001 0.20182077877148677 16.500000000000004 15.213850000000003 17.172400000000007 17.752500000000001 17.005200000000006 18.158950000000001 17.887500000000003
decision_type=2 2 2 2 2 2 2 2 2 2 2 2 2 2 2 2 2 2 2 2 2 2 2 2 2 2 2 2 2 2
left_child=1 -1 -3 4 6 -5 -2 13 -9 11 -11 -10 -13 -7 16 18 -15 -14 -16 20 -12 -18 23 24 -23 27 -27 -24 29 -28
right_child=3 2 -4 5 -6 7 -8 8 9 10 19 12 17 14 15 -17 21 -19 -20 -21 -22 22 25 -25 -26 26 28 -29 -30 -31
leaf_value=-0.0052948063471785645 -0.0032046564192859252 0.0068861072687120385 0.0015449263795238723 0.010998271369078055 0.0054567423515360499 -0.00020919474684887973 -0.0090160696724828435 0.015155362287106443 -0.0013367646619889229 0.0050427467856374621 -0.00038779625093923189 -0.00013610997104663626 0.043605193245901147 0.0018671577986927447 -0.009423089496843744 0.00047407714929988744 -0.0049072338295894011 0.094457121921618356 -0.0004394926470664018 -0.00096830571930894393 0.0038673282584503 0.0036452263705642452 0.00018848044242560037 -0.0013983196727260605 0.0090746053875039225 0.010123312121009179 -0.0023758891475408462 -0.0025541842944053882 -0.0017373814761336348 0.0030553928169751998
leaf_weight=23 33 31 33 37 24 5390 21 157 69 31 1834 55 27 395 103 291 24 35 22 110 55 59 495 32 24 39 24 87 35 65
leaf_count=23 33 31 33 37 24 5390 21 157 69 31 1834 55 27 395 103 291 24 35 22 110 55 59 495 32 24 39 24 87 35 65
internal_value=4.96894e-05 0.00965517 0.0175 -3.76058e-05 -0.00923077 3.79147e-05 -0.0177778 -2.53753e-05 0.00143279 -0.000758123 -0.00157635 0.00817204 0.0147009 -0.000513761 0.0019115 -0.00480769 0.00409695 0.0283871 -0.01952 -0.00190095 -0.00137639 0.00208145 0.00260465 0.0121739 0.019759 0.00112752 0.00809816 -0.000824742 0.00258065 0.00853933
internal_weight=9660 87 64 9573 78 9495 54 9458 2373 2216 2030 186 117 7085 1695 416 1279 62 125 1999 1889 884 860 115 83 745 163 582 124 89
internal_count=9660 87 64 9573 78 9495 54 9458 2373 2216 2030 186 117 7085 1695 416 1279 62 125 1999 1889 884 860 115 83 745 163 582 124 89
is_linear=0
shrinkage=0.08


Tree=91
num_leaves=31
num_cat=0
split_feature=7 4 17 1 31 6 2 4 13 4 23 31 17 23 13 21 31 27 7 15 2 6 29 15 6 33 33 1 6 27
split_gain=1.0167 1.52252 1.1072 1.40192 0.942308 0.868405 2.15493 1.64126 2.67058 2.6399 2.50788 2.15614 2.02467 2.01419 1.94531 1.72566 1.65557 1.63063 1.78438 2.30799 1.60615 1.89779 1.68998 1.70793 1.90505 1.498 1.75008 1.47492 1.46812 1.44444
threshold=18.716592500000004 40.500000000000007 20.055950000000003 22.500000000000004 17.265850000000004 0.29934151911072543 5.5000000000000009 16.500000000000004 19.437050000000003 20.500000000000004 16.108650000000004 15.390450000000003 14.543600000000001 14.411800000000001 14.615850000000002 14.642450000000002 17.207200000000004 15.213850000000003 16.031502500000006 15.656950000000002 2.5000000000000004 2.0387000609981727 15.557500000000003 16.9785 0.45913699295475036 -1.0000000180025095e-35 0.42685000000000001 8.5000000000000018 2.2890016687121642 18.197700000000005
decision_type=2 2 2 2 2 2 2 2 2 2 2 2 2 2 2 2 2 2 2 2 2 2 2 2 2 2 2 2 2 2
left_child=2 -2 5 4 -4 -1 7 8 20 10 -9 13 28 -11 -14 -15 -12 -16 19 -19 -7 22 -22 -24 -25 -8 -27 29 -13 -20
right_child=1 -3 3 -5 -6 6 25 9 -10 11 16 12 14 15 17 -17 -18 18 27 -21 21 -23 23 24 -26 26 -28 -29 -30 -31
leaf_value=6.5434696867896488e-05 -0.0064476371438004776 0.0057821436157556149 0.00037627833074537875 -0.0047865248424895411 0.010089356968543796 -0.00028445948624238325 -0.011266780241981777 -0.0088295271712320305 0.036413548142924843 0.0040736352162065968 0.00068343292429517532 -0.0082400588759294641 0.0031795964732952344 -0.0079482710096023361 0.0019644131025332713 0.0012452724523602399 -0.0069227404397366856 -0.0003077000469379243 -2.1785151552649041e-05 -0.0064432282978964398 0.0041240098490143854 0.016988034189873533 -0.0056923753661983056 -0.0017617094325217408 0.015590955780086518 0.0022003300096152148 -0.0047741908096796239 -0.00096295523847672376 -0.0012755066785365443 0.0062524684096541706
leaf_weight=8005 37 27 26 20 26 210 62 33 20 46 49 20 34 34 36 121 27 54 156 57 27 26 52 27 37 30 28 276 21 36
leaf_count=8005 37 27 26 20 26 210 62 33 20 46 49 20 34 34 36 121 27 54 156 57 27 26 52 27 37 30 28 276 21 36
internal_value=4.96894e-05 -0.01 0.000116715 0.01 0.0169231 4.19992e-05 -0.00171165 -0.000829164 0.00350877 -0.00256 -0.0143119 -0.00112233 -0.00324638 0.00616915 -0.00215716 0.00180645 -0.00631579 -0.00318699 -0.00421416 -0.0133333 0.00200528 0.00781065 0.0041958 0 0.00875 -0.012 -0.00275862 -0.00205128 -0.0204878 0.00333333
internal_weight=9660 64 9596 72 52 9524 1519 1399 399 1000 109 891 690 201 649 155 76 615 579 111 379 169 143 116 64 120 58 468 41 192
internal_count=9660 64 9596 72 52 9524 1519 1399 399 1000 109 891 690 201 649 155 76 615 579 111 379 169 143 116 64 120 58 468 41 192
is_linear=0
shrinkage=0.08


Tree=92
num_leaves=31
num_cat=0
split_feature=17 21 27 23 5 19 23 17 23 23 2 25 17 31 31 21 7 6 33 17 39 21 29 29 29 21 33 4 27 31
split_gain=0.914189 1.29214 1.01137 0.962492 1.31792 1.19133 1.3795 1.0818 1.76839 1.04997 1.49221 1.02273 1.00278 0.933838 0.896367 1.91228 1.5936 1.17536 1.52899 1.28 1.152 1.11678 2.00454 1.76171 2.53784 2.39303 1.37129 3.67391 1.21374 1.1376
threshold=20.055950000000003 19.886300000000002 17.079750000000004 19.979150000000001 18.142023333333338 18.556400000000004 17.955650000000002 17.955650000000002 17.846600000000006 13.851850000000002 1.5000000000000002 16.938100000000002 18.243650000000006 14.197750000000001 18.197700000000005 16.929950000000002 18.074944166666672 0.21150066245845126 0.15639999999999968 17.955650000000002 100.90483903803786 17.993150000000004 17.955650000000002 18.042600000000004 17.993150000000004 18.410200000000007 -0.36499999999999927 27.500000000000004 18.314050000000005 16.566100000000002
decision_type=2 2 2 2 2 2 2 2 2 2 2 2 2 2 2 2 2 2 2 2 2 2 2 2 2 2 2 2 2 2
left_child=1 3 -2 4 5 9 11 8 -6 10 -1 -7 -9 -12 21 -16 -17 19 -19 -18 -20 22 -11 24 26 28 27 -23 -25 -24
right_child=2 -3 -4 -5 7 6 -8 12 -10 14 13 -13 -14 -15 15 16 17 18 20 -21 -22 23 29 25 -26 -27 -28 -29 -30 -31
leaf_value=-0.0035418425704656898 -0.00044155496708526699 -0.0021857948557675402 0.0024886457993228816 0.001435516121467515 -0.0043909562958373274 0.0030924055296311791 -0.00054757347552737202 -0.0037980046828057822 0.0028593103562144506 -7.6665802644981799e-06 -0.0049862448638521078 0.0097522451113879072 -0.0020377701109441661 0.0012624256902680031 -0.0015313757472131329 0.0064163701631079562 0.0052291671664531237 0.0040431887420427871 -0.0018278853103608128 0.00070432769083083712 0.0030748782574858071 0.00030391120567202279 0.023715258195581512 -0.0032479792666259754 0.0065738019695027105 0.0027266828791331931 0.000693381650485776 -0.0048899980925480695 -8.6156404179860147e-06 0.0012508758515411954
leaf_weight=23 23 57 54 43 23 36 41 32 28 8159 36 30 40 30 55 65 25 47 100 25 25 23 24 115 20 22 121 23 37 278
leaf_count=23 23 57 54 43 23 36 41 32 28 8159 36 30 40 30 55 65 25 47 100 25 25 23 24 115 20 22 121 23 37 278
internal_value=0.000149068 7.93071e-05 0.00883117 0.000151165 9.70157e-05 0.000205128 0.00859813 -0.00813008 0.000784314 0.000108073 -0.00853933 0.0157576 -0.0144444 -0.00242424 0.000192056 0.00421053 0.00682927 0.0036036 0.000465116 0.0144 -0.00416 3.6273e-05 0.000222196 -0.00432133 0.00106952 -0.0101149 -0.00215569 -0.013913 -0.0136842 0.00662252
internal_weight=9660 9583 77 9526 9483 9360 107 123 51 9253 89 66 72 66 9164 342 287 222 172 50 125 8822 8461 361 187 174 167 46 152 302
internal_count=9660 9583 77 9526 9483 9360 107 123 51 9253 89 66 72 66 9164 342 287 222 172 50 125 8822 8461 361 187 174 167 46 152 302
is_linear=0
shrinkage=0.08


Tree=93
num_leaves=31
num_cat=0
split_feature=29 31 13 25 31 27 29 4 4 33 6 17 19 4 6 1 33 21 23 13 7 21 8 23 6 21 5 33 4 4
split_gain=0.920997 1.66807 0.910323 0.882486 0.927132 1.01747 0.941379 0.926574 21.838 1.94948 1.86886 1.52519 2.39822 1.47914 2.14178 1.36768 1.39389 1.42253 2.10209 2.01876 2.54012 1.44223 1.69937 2.08439 2.28995 1.34361 1.33537 1.33473 2.58074 5.80627
threshold=21.067900000000005 21.645750000000003 17.325350000000004 20.578700000000001 19.122800000000002 17.110850000000003 19.886300000000002 44.500000000000007 45.500000000000007 -0.03689999999999926 0.15479912121725928 14.082400000000002 14.09895 46.500000000000007 0.1844015871226162 1.5000000000000002 -0.76014999999999933 16.929950000000002 17.207200000000004 15.479500000000003 15.3993175 15.390450000000003 0.38094037760049554 17.005200000000006 0.22409846899926769 15.780700000000001 15.689923333333336 0.24140000000000142 31.500000000000004 35.500000000000007
decision_type=2 2 2 2 2 2 2 2 2 2 2 2 2 2 2 2 2 2 2 2 2 2 2 2 2 2 2 2 2 2
left_child=1 3 -2 4 6 -6 7 10 -9 11 -1 12 -10 14 -11 -13 -17 19 -19 20 -18 -21 23 24 25 26 -23 -12 -29 -30
right_child=2 -3 -4 -5 5 -7 -8 8 9 13 27 15 -14 -15 -16 16 17 18 -20 21 -22 22 -24 -25 -26 -27 -28 28 29 -31
leaf_value=0.0029338487722232287 -0.0012242181642079686 0.0095089416043731487 -0.0070167626666213321 -0.0019012756010576481 -0.0031263945734845322 -4.4329251232042564e-05 0.0037748907401631017 0.013712880430935286 0.00034150322533733402 0.0032651064981405399 -0.00019205842904199244 0.0039167642155346983 -0.0063475521066030183 -0.0007459888573382045 6.5125797870422276e-05 0.0049664873684670853 0.00042757182096437419 0.0067569584896324392 0.00024415313687427444 -0.0036984677795062738 0.0034085364287076915 0.00063774127862174627 -0.0029358445473377515 -0.0036636933206057164 0.0024219974682281988 0.0017786160382544836 -0.0025534966897515689 0.00077789636493861278 -0.0059523467135237955 0.00056193226752100146
leaf_weight=121 27 25 20 35 26 46 21 151 33 21 5297 80 35 1061 125 33 229 83 163 47 20 38 79 48 51 34 29 1269 128 285
leaf_count=121 27 25 20 35 26 46 21 151 33 21 5297 80 35 1061 125 33 229 83 163 47 20 38 79 48 51 34 29 1269 128 285
internal_value=0.00010766 0.00016228 -0.0110638 0.000108469 0.000154925 -0.00888889 0.000223605 0.000186047 0.00155932 -0.000452694 -0.000270423 0.00215569 -0.00941176 -0.00261806 0.00493151 0.00299786 0.00206089 0.00141291 0.00650407 -0.000765217 0.00465863 -0.00490798 -0.00272401 0.0012 0.00578947 -0.00118812 -0.00776119 -0.000441324 0.001522 -0.00397094
internal_weight=9660 9613 47 9588 9553 72 9481 9460 2360 2209 7100 1002 68 1207 146 934 854 821 246 575 249 326 279 200 152 101 67 6979 1682 413
internal_count=9660 9613 47 9588 9553 72 9481 9460 2360 2209 7100 1002 68 1207 146 934 854 821 246 575 249 326 279 200 152 101 67 6979 1682 413
is_linear=0
shrinkage=0.08


Tree=94
num_leaves=31
num_cat=0
split_feature=6 39 4 4 5 39 13 5 17 25 17 25 19 31 1 7 13 19 39 5 1 1 31 15 25 5 29 6 7 23
split_gain=0.826683 2.04634 1.561 1.90328 1.83418 1.31965 1.29678 1.32718 1.6254 2.02807 2.05897 1.28712 1.21723 1.1269 1.24732 1.76297 1.07073 2.33425 1.15428 1.56195 1.48869 1.36337 1.32432 1.39005 2.79455 1.96598 1.39937 1.44288 1.43747 2.21488
threshold=2.0387000609981727 111.90157633549987 36.500000000000007 39.500000000000007 15.480710000000002 86.371125142081979 20.213250000000006 18.142023333333338 18.681650000000001 18.642900000000001 17.955650000000002 13.818850000000003 19.122800000000002 14.153300000000002 22.500000000000004 16.842852500000003 13.884750000000002 14.481250000000001 75.322729334841071 14.127790000000003 2.5000000000000004 11.500000000000002 13.851850000000002 14.260600000000002 14.260600000000002 14.116770000000004 14.131850000000002 0.17532358215255758 14.129437500000002 14.09895
decision_type=2 2 2 2 2 2 2 2 2 2 2 2 2 2 2 2 2 2 2 2 2 2 2 2 2 2 2 2 2 2
left_child=6 2 4 -4 5 -2 7 11 9 10 -9 -1 13 -5 15 -15 17 -13 21 20 -20 -18 -22 24 26 -25 28 -28 -24 -30
right_child=1 -3 3 12 -6 -7 -8 8 -10 -11 -12 16 -14 14 -16 -17 18 -19 19 -21 22 -23 23 25 -26 -27 27 -29 29 -31
leaf_value=-0.0030604219226408702 0.001588023811701973 -0.0030565035286960552 -0.0028151394294582133 -0.0074952170773786263 0.0093882009558700474 -0.0054676674275989968 0.015647438667060528 0.0029262520827305141 0.0012851524443250638 -0.0044967803842919808 -0.003253658978198075 -0.0023308567189192077 0.0092116515435843385 0.0030633179624842909 -0.0042287473482082302 -0.0010536085567090937 -0.003035172665360051 0.0069405575511981964 0.0030099988520231593 4.0832625131770328e-07 -0.0061628366648683658 0.00021868038888364083 0.0009609300884866912 -0.0058575531073712028 0.0053895124181268274 0.00071914075256344749 -0.00010814025968265639 0.0019188131523308982 -0.0047064050654922343 0.00013368424450227679
leaf_weight=33 40 35 39 20 109 29 28 27 30 20 49 74 22 57 33 23 37 22 28 8493 27 28 101 34 28 31 34 81 20 28
leaf_count=33 40 35 39 20 109 29 28 27 30 20 49 74 22 57 33 23 37 22 28 8493 27 28 101 34 28 31 34 81 20 28
internal_value=0.00010766 0.00363636 0.00537634 0.000412371 0.0107865 0.00057971 -4.75521e-05 -9.9729e-05 -0.00825397 -0.0133333 -0.00736842 1.31883e-05 0.0043871 0.00150376 0.00460177 0.01 7.05934e-05 -0.00833333 0.000160535 0.000238069 0.00504854 -0.0104615 0.00375 0.00504202 0.00739726 -0.00553846 0.00484848 0.0114783 -0.000268456 -0.0116667
internal_weight=9660 407 372 194 178 69 9253 9225 126 96 76 9099 155 133 113 80 9066 96 8970 8905 412 65 384 357 292 65 264 115 149 48
internal_count=9660 407 372 194 178 69 9253 9225 126 96 76 9099 155 133 113 80 9066 96 8970 8905 412 65 384 357 292 65 264 115 149 48
is_linear=0
shrinkage=0.08


Tree=95
num_leaves=31
num_cat=0
split_feature=29 31 4 4 29 29 31 25 7 7 13 29 4 39 1 7 4 4 6 5 17 1 8 15 27 19 19 5 25 13
split_gain=1.19954 1.20685 0.880574 6.35008 1.35109 2.93144 1.60039 2.27989 2.2734 1.70985 1.8181 1.58701 1.35388 2.04487 1.56679 1.39878 1.28487 20.5938 1.66245 1.4359 1.31931 1.59997 1.56079 2.88673 1.6525 1.54553 2.2513 1.55582 1.50841 1.44769
threshold=21.067900000000005 21.645750000000003 55.500000000000007 54.500000000000007 15.523850000000001 15.426750000000002 15.593050000000002 15.662100000000001 16.895345833333334 17.017814166666671 17.042850000000005 18.042600000000004 56.500000000000007 76.487220900015117 13.500000000000002 14.192219166666668 44.500000000000007 45.500000000000007 0.15479912121725928 16.907426666666669 14.115350000000001 1.0000000180025095e-35 0.26899382325967519 17.791300000000003 14.514900000000003 15.557500000000003 15.851650000000001 15.685330000000002 17.576750000000004 14.016500000000002
decision_type=2 2 2 2 2 2 2 2 2 2 2 2 2 2 2 2 2 2 2 2 2 2 2 2 2 2 2 2 2 2
left_child=1 2 3 16 5 12 -6 -8 -9 10 -10 -11 14 -14 -4 -15 18 19 -1 -18 29 -22 24 28 -23 -26 27 -27 -24 -19
right_child=-2 -3 4 -5 6 -7 7 8 9 11 -12 -13 13 15 -16 -17 17 20 -20 -21 21 22 23 -25 25 26 -28 -29 -30 -31
leaf_value=0.002753782145246362 -0.0036034425511772385 0.0080112941525365498 0.0011712408789821894 -0.0057763010848204035 0.0040013313253045623 -0.0063984144546572709 -0.0031622393439415929 0.0076972318014108514 -0.0089285000589339348 0.0020699593804170036 0.0011806781240844089 -0.0014830906476790062 0.0046516077419420298 -0.0087665181721295945 0.006258835831831391 -0.00041186045139554042 0.0083543910420738852 0.00043714238744698266 -9.2239899321313609e-05 0.020427357387778927 0.0039775442886603686 0.001448371278312024 -0.0010558408496680726 0.0076809028192053579 -0.0010545580873727546 0.003024701962221741 1.4399198845325145e-05 0.0013738517618045877 -0.005479539790497796 -0.0026407755301070777
leaf_weight=121 47 25 42 160 33 28 21 66 21 147 26 30 36 24 25 145 100 34 7076 56 54 106 361 28 294 37 374 43 20 80
leaf_count=121 47 25 42 160 33 28 21 66 21 147 26 30 36 24 25 145 100 34 7076 56 54 106 361 28 294 37 374 43 20 80
internal_value=-1.65631e-05 4.57714e-05 0 -0.000205725 0.00285714 -0.00106667 0.00627907 0.00450161 0.00634483 0.0025 -0.0110638 0.00610169 0.00147059 -0.0017561 0.0113433 -0.00544379 8.19672e-05 0.00214241 -0.000372377 0.0297436 -0.000866527 -0.00015186 -0.000728424 -0.00479218 0.0012178 -0.000106952 0.00281938 0.015 -0.00661417 -0.00912281
internal_weight=9660 9613 9588 8944 644 300 344 311 290 224 47 177 272 205 67 169 8784 1587 7197 156 1431 1317 1263 409 854 748 454 80 381 114
internal_count=9660 9613 9588 8944 644 300 344 311 290 224 47 177 272 205 67 169 8784 1587 7197 156 1431 1317 1263 409 854 748 454 80 381 114
is_linear=0
shrinkage=0.08


Tree=96
num_leaves=31
num_cat=0
split_feature=29 21 21 23 29 13 15 23 21 29 31 25 25 15 19 25 39 27 13 27 4 19 21 4 4 33 21 39 13 29
split_gain=0.906038 1.11379 1.03038 2.21488 1.30686 0.910323 0.826071 1.29194 1.3125 1.19031 2.54419 1.32565 1.31038 2.59848 1.61182 2.45421 1.9935 1.44129 1.42118 1.3241 1.09221 1.72174 1.05637 2.46136 1.05361 0.984392 0.96296 2.52728 2.1793 1.8713
threshold=21.067900000000005 21.645750000000003 19.886300000000002 18.410200000000007 20.055950000000003 17.325350000000004 15.550500000000001 16.001000000000001 17.094800000000003 16.226550000000003 16.191350000000003 15.965100000000001 15.656950000000002 15.408500000000002 15.851650000000001 15.557500000000003 83.787383992455787 15.593050000000002 15.625350000000003 15.390450000000003 13.500000000000002 15.490150000000002 15.896950000000002 30.500000000000004 34.500000000000007 -0.11069999999999956 15.390450000000003 84.366503075766715 15.798950000000003 15.798950000000003
decision_type=2 2 2 2 2 2 2 2 2 2 2 2 2 2 2 2 2 2 2 2 2 2 2 2 2 2 2 2 2 2
left_child=1 2 4 -4 6 -2 7 9 25 10 11 12 14 -14 15 22 -16 19 24 -15 -17 -22 26 -24 -18 -9 27 29 -28 -1
right_child=5 -3 3 -5 -6 -7 -8 8 -10 -11 -12 -13 13 17 16 20 18 -19 -20 -21 21 -23 23 -25 -26 -27 28 -29 -30 -31
leaf_value=-9.1014557211082091e-05 -0.00090478695467709257 0.0043407152524667933 -0.0048864842686263191 0.00033544462633116722 0.01006986101835281 -0.0065870184087138744 0.0001288237430557615 -0.0059263192593383002 0.0072829170120162698 0.0049381255091530815 -0.020656066780372982 0.0023358265671756585 -0.007068066655579415 -0.00029373404206943119 0.00072963980623285351 0.0049542014875848398 -0.0040970459049461993 -0.0035143086585431148 -0.00075819564752990234 0.00623326945980196 -0.0034200901461910859 0.0037210980875258316 -0.0063214614904742918 0.00078636573077154996 -0.0064962596128630423 -0.00051532713110518107 0.00029020205634914474 -0.0072276722857071716 0.0030035013734176631 0.0054334485971185842
leaf_weight=3050 27 27 20 28 23 20 5369 54 28 39 27 20 48 20 31 22 24 43 20 21 23 32 24 20 25 30 424 77 24 20
leaf_count=3050 27 27 20 28 23 20 5369 54 28 39 27 20 48 20 31 22 24 43 20 21 23 32 24 20 25 30 424 77 24 20
internal_value=1.65631e-05 7.07375e-05 2.50365e-05 -0.0116667 8.3875e-05 -0.0110638 3.7835e-05 -0.00081042 -0.00928571 -0.000575112 -0.000710889 -0.000544355 -0.00064843 -0.00848485 -0.000377358 -0.000107643 -0.0104 0 -0.017971 0.0107317 0.014026 0.008 -0.000406705 -0.0127273 -0.0253061 -0.0142857 -0.000255911 -0.000749921 0.00321429 -0.000390879
internal_weight=9660 9613 9586 48 9538 47 9515 4146 112 4034 3995 3968 3948 132 3816 3716 100 84 69 41 77 55 3639 44 49 84 3595 3147 448 3070
internal_count=9660 9613 9586 48 9538 47 9515 4146 112 4034 3995 3968 3948 132 3816 3716 100 84 69 41 77 55 3639 44 49 84 3595 3147 448 3070
is_linear=0
shrinkage=0.08


Tree=97
num_leaves=31
num_cat=0
split_feature=25 19 8 21 8 23 4 1 1 4 1 6 31 19 21 21 19 33 5 39 6 19 21 1 25 31 17 29 6 33
split_gain=0.841562 1.18104 1.11561 1.04677 0.917363 1.7407 1.46399 1.33279 5.77864 3.16431 5.30697 2.31345 1.38101 1.37089 3.17003 2.65228 1.90705 1.43367 1.3241 1.29947 1.32453 2.50091 1.64514 1.40057 1.49144 1.81191 3.49171 1.95322 1.71687 1.48734
threshold=13.818850000000003 16.867950000000004 3.5134649833721672 15.158250000000002 0.89181108688505106 18.681650000000001 58.500000000000007 2.5000000000000004 1.5000000000000002 51.500000000000007 1.0000000180025095e-35 0.81197606220729701 18.120150000000006 16.045950000000005 16.158800000000003 15.816150000000002 16.226550000000003 1.0000000180025095e-35 15.778950000000002 101.58591570643874 0.7185068884176794 15.550500000000001 13.818850000000003 4.5000000000000009 17.993150000000004 15.195600000000001 14.411800000000001 16.269450000000003 0.22688235361366041 -0.52325000000000077
decision_type=2 2 2 2 2 2 2 2 2 2 2 2 2 2 2 2 2 2 2 2 2 2 2 2 2 2 2 2 2 2
left_child=1 3 4 -1 5 7 -6 8 9 12 -11 -10 13 15 -15 17 -16 -2 -13 20 22 -22 -9 24 25 26 28 -27 -24 -25
right_child=2 -3 -4 -5 6 -7 -8 19 11 10 -12 18 -14 14 16 -17 -18 -19 -20 -21 21 -23 23 29 -26 27 -28 -29 -30 -31
leaf_value=-0.0018505488633766731 0.00041043786118351023 0.0038767420858402345 0.011261779095251114 -0.0078215626523311238 -0.00022488424350655122 0.013391526083276659 0.0052223904133774117 0.0032549676678388551 0.089932138499419237 -0.0016514296542822393 0.093877448281447187 -0.0039385351531289817 0.0016469227312612134 -0.0033040746320909878 -0.0039439799938386956 0.0036138770972830516 3.0845549031823796e-05 -0.0018514552045783717 0.028702968224899053 -0.0042702257459208684 -0.0032597232529056443 0.0061578028299982181 0.00025255246055877478 0.00085983766214880574 -0.005421606224166169 0.0014311294836703325 -0.0050305097347813901 -0.00097317117646525733 -0.0023627323474563868 -8.4854601021788762e-06
leaf_weight=38 118 28 32 21 1875 20 30 22 39 42 56 20 31 27 22 26 109 93 21 28 25 101 166 368 38 176 129 143 24 5792
leaf_count=38 118 28 32 21 1875 20 30 22 39 42 56 20 31 27 22 26 109 93 21 28 25 101 166 368 38 176 129 143 24 5792
internal_value=1.65631e-05 -0.00781609 8.77468e-05 -0.0142373 3.77319e-05 0.000429544 -0.00153281 0.000367647 0.00397351 0.000916031 0.0138776 0.024 -0.00206573 -0.00334177 -0.00911392 0.000506329 -0.00396947 -0.00246445 0.0107317 5.70451e-05 0.000126002 0.00825397 -2.33304e-05 -9.3622e-05 -0.0035503 -0.00263323 -0.00689655 0.00163009 0 0.000285714
internal_weight=9660 87 9573 59 9541 7636 1905 7616 604 524 98 80 426 395 158 237 131 211 41 7012 6984 126 6858 6836 676 638 319 319 190 6160
internal_count=9660 87 9573 59 9541 7636 1905 7616 604 524 98 80 426 395 158 237 131 211 41 7012 6984 126 6858 6836 676 638 319 319 190 6160
is_linear=0
shrinkage=0.08


Tree=98
num_leaves=31
num_cat=0
split_feature=4 4 4 6 33 4 4 25 13 39 25 6 6 19 6 8 4 4 21 27 8 13 1 1 23 19 27 8 39 31
split_gain=0.971024 14.0019 7.15528 2.36472 1.69192 3.17829 4.49535 1.78904 2.49062 2.55852 1.99239 3.64806 3.05545 2.04153 1.83617 1.68231 1.64442 3.7682 1.61758 1.50096 1.42622 1.42581 1.41857 4.01786 1.39808 1.35087 1.37619 1.33888 3.71852 2.29173
threshold=46.500000000000007 44.500000000000007 45.500000000000007 0.1844015871226162 0.24140000000000142 31.500000000000004 35.500000000000007 18.087200000000003 17.172400000000007 97.638118011755765 16.867950000000004 0.21645223347815792 0.26442810917261822 14.593050000000002 0.24646578683215883 1.1357085163796257 55.500000000000007 54.500000000000007 16.144550000000006 17.008900000000004 1.7064975938968319 15.426750000000002 1.5000000000000002 1.0000000180025095e-35 16.929950000000002 17.008900000000004 16.741850000000003 0.20182077877148677 83.886622708610005 14.230700000000001
decision_type=2 2 2 2 2 2 2 2 2 2 2 2 2 2 2 2 2 2 2 2 2 2 2 2 2 2 2 2 2 2
left_child=1 4 18 -4 -1 7 15 8 9 10 12 19 14 -14 24 -7 17 -2 21 -12 22 -3 23 -18 27 26 -13 28 29 -6
right_child=16 2 3 -5 5 6 -8 -9 -10 -11 11 25 13 -15 -16 -17 20 -19 -20 -21 -22 -23 -24 -25 -26 -27 -28 -29 -30 -31
leaf_value=-0.00016294667872479351 -0.00025963520427644936 0.0074023389237951424 0.0030600761216387439 0.0002834761664355767 0.0044062514680511099 -0.0078233613884535914 0.0002523590830196554 -0.0019900490752385734 0.0032736609332818037 -0.004712775341230469 0.004514448337321824 0.00040857143800025145 -0.00058711546014222904 0.0047661849120696331 -0.0015402096000961764 -0.00038738899064497904 -0.00073983323635587797 -0.0049507974334183306 0.018484243512248356 -3.3852988283626926e-05 0.0086865450117775828 0.0054897520925246118 -6.4174863853452285e-05 0.12366408248829729 0.0067243134399657834 -0.00027711110025393284 -0.0040227339155708818 8.2475507954171698e-05 0.0079498412885349971 -0.00045629493879786767
leaf_weight=5512 1288 62 22 139 34 100 299 88 149 36 33 24 29 142 57 30 28 161 70 21 43 29 545 28 30 70 60 351 51 129
leaf_count=5512 1288 62 22 139 34 100 299 88 149 36 33 24 29 142 57 30 28 161 70 21 43 29 545 28 30 70 60 351 51 129
internal_value=-9.93789e-05 0.000322453 0.016646 0.0047205 -0.000403037 0.00177726 -0.0041958 0.00374233 0.00453947 0.0031865 0.00391853 -0.00307692 0.00568651 0.0152047 0.00319018 -0.0166154 -0.00162446 -0.00311939 0.0285714 0.0148148 0.00173913 0.0215385 0.000732113 0.0128571 0.0045042 -0.00935065 -0.0161905 0.00361062 0.00859813 0.00269939
internal_weight=9660 7567 322 161 7245 1733 429 1304 1216 1067 1031 208 823 171 652 130 2093 1449 161 54 644 91 601 56 595 154 84 565 214 163
internal_count=9660 7567 322 161 7245 1733 429 1304 1216 1067 1031 208 823 171 652 130 2093 1449 161 54 644 91 601 56 595 154 84 565 214 163
is_linear=0
shrinkage=0.08


Tree=99
num_leaves=31
num_cat=0
split_feature=17 25 25 25 17 39 17 31 29 4 4 31 27 19 25 19 21 17 7 27 27 21 5 23 6 19 7 31 29 4
split_gain=0.960096 1.33579 1.45562 1.16976 1.14581 1.12 1.46116 0.980007 1.14408 1.66783 3.60027 1.46 2.0068 1.44879 2.33168 1.38778 1.35281 1.31688 1.31217 1.21848 1.79393 2.23697 1.89425 1.70801 1.58006 2.0696 1.52264 1.51988 1.36737 1.46434
threshold=20.055950000000003 18.731750000000002 20.213250000000006 21.645750000000003 20.808800000000002 89.480151770091638 17.656400000000001 19.787800000000001 17.955650000000002 13.500000000000002 18.500000000000004 15.390450000000003 17.656400000000001 18.158950000000001 18.042600000000004 18.042600000000004 17.955650000000002 17.993150000000004 18.080305833333338 17.846600000000006 17.911800000000003 17.911800000000003 18.096416666666673 17.911800000000003 0.2504971024279477 17.993150000000004 18.084327500000004 17.993150000000004 18.356750000000002 45.500000000000007
decision_type=2 2 2 2 2 2 2 2 2 2 2 2 2 2 2 2 2 2 2 2 2 2 2 2 2 2 2 2 2 2
left_child=1 7 5 -4 -2 -3 -7 8 -1 13 15 -12 -13 14 18 -11 -16 -18 -10 23 27 -22 28 -14 -24 -26 -25 -21 29 -23
right_child=4 2 3 -5 -6 6 -8 -9 9 10 11 12 19 -15 16 -17 17 -19 -20 20 21 22 24 26 25 -27 -28 -29 -30 -31
leaf_value=-3.1871979413722332e-05 0.0040824550135980077 -0.0095951200271112928 0.0053244353872634069 -0.0028617427473051293 0.00027042998149312325 0.00041817867020824909 -0.0056536235736274424 -0.0020031720694288426 -0.0015754294385033063 0.0036112871803993586 0.038616431837820923 -0.0041059229804454849 -0.0004513095330796091 -0.0021440348644246399 0.0019898925327295558 0.018008149753596853 -0.00029658966179141544 -0.0055663820872570114 0.0043087332598562966 -0.0029034619295973132 0.0031620835162701156 0.0053570276265736535 -0.0021703638596689244 0.0076642660840019515 -0.0026476212335785477 0.0093927157900071737 0.00044748640569792998 0.0019953822289554067 -0.0038644143183331893 -0.0016428972974688351
leaf_weight=8623 24 20 29 25 53 23 27 50 21 37 20 27 30 68 24 31 22 20 34 48 118 51 52 23 23 25 25 37 20 30
leaf_count=8623 24 20 29 25 53 23 27 50 21 37 20 27 30 68 24 31 22 20 34 48 118 51 52 23 23 25 25 37 20 30
internal_value=-6.62526e-05 -0.000137744 -0.0083871 0.00148148 0.00883117 -0.016 -0.0096 -2.96014e-05 2.97587e-05 0.00295165 0.00502513 0.00279773 0.00196464 -0.00359788 0.00165289 0.0223529 -0.00848485 -0.0171429 0.0138182 0.00315353 0.00138614 0.00413793 -0.000995025 0.0123077 -0.0088 0.00166667 0.0216667 -0.00894118 0.00673267 0.011358
internal_weight=9660 9583 124 54 77 70 50 9459 9409 786 597 529 509 189 121 68 66 42 55 482 404 319 201 78 100 48 48 85 101 81
internal_count=9660 9583 124 54 77 70 50 9459 9409 786 597 529 509 189 121 68 66 42 55 482 404 319 201 78 100 48 48 85 101 81
is_linear=0
shrinkage=0.08


Tree=100
num_leaves=31
num_cat=0
split_feature=15 4 13 5 1 29 33 7 23 8 25 33 39 13 5 39 17 7 29 17 25 21 33 39 39 6 33 17 4 1
split_gain=0.882225 1.38462 0.835185 1.71641 2.52439 1.56291 2.69236 2.86372 2.22459 1.8293 1.58244 1.28223 1.59006 1.12428 1.13747 1.40406 1.43488 1.24576 1.07025 1.06541 1.52469 1.331 1.26951 1.28638 1.21753 1.20957 1.99027 1.40019 1.31605 1.15299
threshold=20.384450000000005 34.500000000000007 14.131850000000002 14.20667880952381 20.500000000000004 14.046700000000003 0.065850000000001088 14.134939166666669 14.18125 0.17719932039404676 13.950650000000001 -0.1033999999999997 76.3667750061622 13.884750000000002 14.136576666666668 78.00108712343075 14.115350000000001 14.195489166666668 14.197750000000001 14.000100000000002 14.09895 14.000100000000002 -0.1033999999999997 76.934746726836622 76.845295938851038 0.15647221563590064 0.23139999999999986 14.046700000000003 24.500000000000004 7.5000000000000009
decision_type=2 2 2 2 2 2 2 2 2 2 2 2 2 2 2 2 2 2 2 2 2 2 2 2 2 2 2 2 2 2
left_child=2 -2 3 5 18 6 11 -8 9 -7 -10 -1 -13 -11 -15 16 -16 -18 -5 20 21 -4 23 -22 -23 26 29 28 -27 -21
right_child=1 -3 19 4 -6 8 7 -9 10 13 -12 12 -14 14 15 -17 17 -19 -20 25 22 24 -24 -25 -26 27 -28 -29 -30 -31
leaf_value=-0.0019876669965208293 0.014788210584647174 -3.7630425966170835e-05 -0.0031245968624301667 -0.00045349143911039392 0.0080634877771183257 -0.0028620960194461987 -0.00048483106249790352 -0.0047367951113155013 -0.0010735499915898571 -0.00031005091781523221 0.0029794520275163452 0.0035993569141204063 -8.4648262247242199e-05 0.0012269776152814417 -0.0068118163654740729 0.0041243377996568855 0.0028267549719644337 -0.0028523037674845855 -0.010177481887208302 -0.0034151777424118279 0.0018405344859901617 0.0055450773282076683 0.0047377599949827241 -0.0017813589475211701 -0.0032365138911386992 -0.0047829566026729962 0.0048394523798219779 -1.2409729938553937e-05 -0.0010942929757298714 0.00060495077012618032
leaf_weight=27 25 40 25 23 39 23 117 48 22 42 53 26 21 162 31 22 32 27 56 47 35 20 33 34 22 30 25 8373 47 133
leaf_count=27 25 40 25 23 39 23 117 48 22 42 53 26 21 162 31 22 32 27 56 47 35 20 33 34 22 30 25 8373 47 133
internal_value=-5.7971e-05 0.00923077 -0.000120896 -0.00264591 -0.0115254 -0.00104135 -0.00619247 -0.0118788 0.00193237 -0.000825959 0.0144 0.00648649 0.0144681 0.000759494 0.00262774 -0.00357143 -0.008 -0.000677966 -0.0197468 9.9728e-05 0.00639053 -0.00298507 0.012549 0.00637681 0.00571429 -2.3108e-05 0.00604878 -0.000170414 -0.0109091 0.00311111
internal_weight=9660 65 9595 771 118 653 239 165 414 339 75 74 47 316 274 112 90 59 79 8824 169 67 102 69 42 8655 205 8450 77 180
internal_count=9660 65 9595 771 118 653 239 165 414 339 75 74 47 316 274 112 90 59 79 8824 169 67 102 69 42 8655 205 8450 77 180
is_linear=0
shrinkage=0.08


Tree=101
num_leaves=31
num_cat=0
split_feature=25 7 29 5 31 17 17 25 5 27 4 4 6 7 15 25 13 1 1 23 33 23 6 39 17 27 4 27 21 6
split_gain=0.84318 2.24724 1.74082 1.63695 1.60961 1.98232 1.81319 1.71329 1.39686 1.82381 1.4658 13.168 1.56262 1.821 3.7107 1.76597 3.19749 1.63133 1.70651 2.8 1.6356 2.34538 1.5287 1.38828 2.1413 1.66886 1.65288 1.48616 1.38559 1.38434
threshold=15.550500000000001 14.962695833333337 15.725800000000001 16.051233333333339 15.390450000000003 14.016500000000002 15.515000000000002 17.384900000000005 15.523313333333336 15.4565 44.500000000000007 45.500000000000007 0.16121937818297077 16.860710833333339 16.824400000000001 16.180450000000004 15.965100000000001 7.5000000000000009 19.500000000000004 17.207200000000004 0.22569999999999982 18.243650000000006 0.15647221563590064 83.500815206629625 15.408500000000002 15.320300000000001 29.500000000000004 15.142850000000001 15.284800000000002 0.2039109987932638
decision_type=2 2 2 2 2 2 2 2 2 2 2 2 2 2 2 2 2 2 2 2 2 2 2 2 2 2 2 2 2 2
left_child=2 3 -1 -2 6 -6 28 -8 -7 29 22 -12 -13 15 -15 16 -14 20 -19 -20 21 -16 -11 25 -25 27 -27 -4 -3 -10
right_child=1 4 23 -5 5 8 7 -9 9 10 11 12 13 14 17 -17 -18 18 19 -21 -22 -23 -24 24 -26 26 -28 -29 -30 -31
leaf_value=-6.4891984226278507e-05 -0.0011210091540319667 0.0018141350698915204 -0.0018390157080749247 -0.028449484961204308 0.0080416994138796122 -0.0043123629592862756 0.0033171123487746711 -0.0057262610590068166 0.005464868562539138 0.0082847250909357222 0.015124414242984585 -0.0029350199081778785 0.0015700805034420285 -0.0052584477168217351 0.0037568644722952627 0.0057750192933207246 -0.0045674712598049892 -0.00065593871499544318 0.0073805551504301549 -0.0027522585770660157 -0.00035145953361180203 -0.0014755389202889546 -9.5172492211617062e-05 -0.0042919759297119246 -0.0009448557020884607 -0.0070810684212516154 0.00062009565032369093 0.0041457950728870686 -0.0020899523703073442 0.0018704000059111081
leaf_weight=3863 26 70 22 22 24 85 110 20 28 21 80 34 127 106 101 155 51 426 35 35 44 24 3692 55 151 22 23 26 87 95
leaf_count=3863 26 70 22 22 24 85 110 20 28 21 80 34 127 106 101 155 51 426 35 35 44 24 3692 55 151 22 23 26 87 95
internal_value=-8.28157e-05 0.000567479 -0.000941855 -0.0166667 0.000719266 0.000395119 0.00655052 0.0135385 0.000287994 0.000459042 0.000219023 0.00262726 0.000421793 0.000942029 -0.00119326 0.00588589 0.000449438 0.00102256 -0.00129032 0.0102857 0.00781065 0.01248 -0.000570967 -0.00682274 -0.0104854 0.00129032 -0.00977778 0.0116667 0.000764331 0.0100813
internal_weight=9660 5498 4162 48 5450 5163 287 130 5139 5054 4931 1218 1138 1104 771 333 178 665 496 70 169 125 3713 299 206 93 45 48 157 123
internal_count=9660 5498 4162 48 5450 5163 287 130 5139 5054 4931 1218 1138 1104 771 333 178 665 496 70 169 125 3713 299 206 93 45 48 157 123
is_linear=0
shrinkage=0.08


Tree=102
num_leaves=31
num_cat=0
split_feature=25 17 8 1 27 19 39 4 4 13 4 4 13 33 4 27 13 5 13 29 7 19 33 13 6 6 4 4 33 17
split_gain=0.818587 1.63518 1.13192 1.09468 1.3417 1.08444 2.27337 0.992843 17.9847 1.63596 1.61697 4.11419 2.40812 1.9761 1.59856 1.56329 2.81845 1.73441 1.50803 1.50541 1.39612 1.60147 1.36011 1.96366 1.83959 2.2664 1.6137 2.98721 2.67046 1.97328
threshold=13.818850000000003 14.09895 3.5134649833721672 21.500000000000004 14.548600000000002 13.851850000000002 76.961935416193953 44.500000000000007 45.500000000000007 16.045950000000005 26.500000000000004 24.500000000000004 18.681650000000001 0.23139999999999986 11.500000000000002 14.043850000000001 14.481250000000001 18.104456666666671 15.426750000000002 13.851850000000002 14.619045833333336 14.148300000000001 0.03729999999999923 14.016500000000002 0.18584131736081785 0.57419832856915154 40.500000000000007 41.500000000000007 0.36429999999999924 17.268550000000001
decision_type=2 2 2 2 2 2 2 2 2 2 2 2 2 2 2 2 2 2 2 2 2 2 2 2 2 2 2 2 2 2
left_child=1 -1 5 4 -3 6 -2 10 9 18 11 12 13 -7 -14 -15 20 -18 -9 -12 21 -17 23 -21 -25 -26 -24 28 -28 -29
right_child=2 3 -4 -5 -6 7 -8 8 -10 -11 19 -13 14 15 -16 16 17 -19 -20 22 -22 -23 26 24 25 -27 27 29 -30 -31
leaf_value=-0.0032485645893795836 -0.0050479772961456604 0.0037510348068263968 0.01038502883805407 -0.0031026876875920096 -0.0014147547829934126 -0.00021499463814052435 0.00049983543356674437 0.0067842353597855976 -7.5299550205940594e-05 0.015638823018600333 0.0016581771462215046 0.0026468852583006706 0.027005550670026537 0.0013814190531731185 0.00029786081364790106 -0.0013186707774464424 0.0012269458168586312 -0.0018620833828761362 0.004917955296948549 0.0034932306192389717 -0.003662479685463751 0.0025109458609058779 -0.0012167651436043058 -0.0029185722871575594 0.00032179717063314685 -0.0015253227677112591 0.0067358491819363309 -0.0027083826597230141 0.00030276590226947065 0.0030276467740145562
leaf_weight=26 36 21 32 20 20 2934 65 62 2214 70 25 320 26 43 31 40 737 22 27 23 50 45 910 149 1217 215 56 103 87 34
leaf_count=26 36 21 32 20 20 2934 65 62 2214 70 25 320 26 43 31 40 737 22 27 23 50 45 910 149 1217 215 56 103 87 34
internal_value=-9.10973e-05 -0.00781609 -2.08921e-05 -0.000655738 0.00682927 -7.12714e-05 -0.00831683 1.69492e-05 0.00143279 0.0274214 -0.000458469 0.000527307 -0.000183299 -0.000423663 0.0161404 0.00277481 0.00205817 0.00395257 0.0202247 -0.00194395 -0.00859259 -0.00235294 -0.00211883 -0.000598504 -0.000936116 -5.58659e-05 -0.00416807 0.00114286 0.00923077 -0.00729927
internal_weight=9660 87 9573 61 41 9541 101 9440 2373 159 7067 4248 3928 3871 57 937 894 759 89 2819 135 85 2794 1604 1581 1432 1190 280 143 137
internal_count=9660 87 9573 61 41 9541 101 9440 2373 159 7067 4248 3928 3871 57 937 894 759 89 2819 135 85 2794 1604 1581 1432 1190 280 143 137
is_linear=0
shrinkage=0.08


Tree=103
num_leaves=31
num_cat=0
split_feature=4 4 13 6 1 8 2 13 7 17 33 4 1 4 4 8 33 1 29 33 17 19 2 39 13 21 27 8 6 23
split_gain=0.735542 20.3661 3.68137 1.69047 2.39665 2.27945 2.16477 1.941 1.6197 1.90041 1.63782 1.63996 1.59982 2.88133 3.46376 2.91494 1.52067 1.58047 2.2177 2.20754 2.82311 2.17504 1.64291 1.5859 1.53174 3.12426 1.82602 1.59067 1.53207 2.61182
threshold=14.500000000000002 15.500000000000002 19.315350000000006 0.29934151911072543 3.5000000000000004 0.30052281858943791 4.5000000000000009 16.867950000000004 17.064230833333337 16.566100000000002 -0.15179999999999969 33.500000000000007 22.500000000000004 20.500000000000004 27.500000000000004 1.6272946002717763 0.24140000000000142 14.500000000000002 17.955650000000002 -0.26439999999999925 14.510650000000002 14.510650000000002 3.5000000000000004 75.680532486783406 14.4777 15.479500000000003 14.043850000000001 1.9044126933116312 0.21645223347815792 16.964700000000004
decision_type=2 2 2 2 2 2 2 2 2 2 2 2 2 2 2 2 2 2 2 2 2 2 2 2 2 2 2 2 2 2
left_child=2 -2 16 12 7 -6 -7 8 9 10 11 -5 -3 -14 -15 -16 17 23 19 -19 -21 -22 -23 -1 26 -26 -18 28 29 -27
right_child=1 3 -4 4 5 6 -8 -9 -10 -11 -12 -13 13 14 15 -17 24 18 -20 20 21 22 -24 -25 25 27 -28 -29 -30 -31
leaf_value=-0.0057882700748587016 0.013137712329995849 2.7832724296175117e-05 0.033893563088240909 -0.012853850287850719 -0.00174098043342795 0.00031598602200659797 -0.0010215013395863083 -0.0082038525795853443 0.0055640617831517148 -0.021207562569982345 0.00013853589849460946 -0.00032351290050975479 -0.0071774410552001202 0.28507042583664172 -0.053208914876510249 0.04997822825328832 0.0011732386227727432 0.00024047900400404388 -0.0055114952778146176 -0.0042569007866822516 0.001967912221940509 -0.0028940988132335121 0.00042938795751787498 -3.8598474991289321e-05 0.0028574209259392093 -0.00014956459998657578 -0.00206135489921067 0.0045244967095260337 -0.00068581746632929714 0.0053237451775456184
leaf_weight=33 161 5774 24 29 146 714 105 60 24 20 74 22 25 36 35 20 28 184 37 47 27 246 94 1129 89 76 86 22 256 37
leaf_count=33 161 5774 24 29 146 714 105 60 24 20 74 22 25 36 35 20 28 184 37 47 27 246 94 1129 89 76 86 22 256 37
internal_value=3.31263e-05 0.000436163 -0.00117598 -0.000203275 -0.00294807 -0.00120207 0.00043956 -0.0103057 -0.00591716 -0.00910345 -0.00544 -0.0164706 0.000353141 0.00965517 0.0162637 0.00363636 -0.00148892 -0.00264886 -0.00585827 -0.00468227 -0.00792271 -0.00555858 -0.00729412 -0.000895009 0.0020202 0.004 -0.00631579 0.000920716 -0.000325203 0.00743363
internal_weight=9660 7245 2415 7084 1194 965 819 229 169 145 125 51 5890 116 91 55 2391 1797 635 598 414 367 340 1162 594 480 114 391 369 113
internal_count=9660 7245 2415 7084 1194 965 819 229 169 145 125 51 5890 116 91 55 2391 1797 635 598 414 367 340 1162 594 480 114 391 369 113
is_linear=0
shrinkage=0.08


Tree=104
num_leaves=31
num_cat=0
split_feature=21 19 39 29 23 25 17 7 25 29 1 7 7 4 31 39 25 6 15 17 8 33 39 7 21 8 39 21 31 6
split_gain=1.00552 2.49376 1.09866 0.959079 0.84303 1.30292 1.23519 1.18238 0.996323 1.02346 0.910692 1.73767 2.28121 2.12832 1.91981 2.24227 1.70033 1.62934 1.92981 1.60241 1.41886 2.69551 2.918 2.19779 1.86401 1.89093 2.16634 4.88576 2.26229 1.97991
threshold=13.818850000000003 12.978900000000001 76.961935416193953 21.067900000000005 19.979150000000001 20.578700000000001 9.6461500000000004 17.556717500000001 13.818850000000003 12.978900000000001 18.500000000000004 17.749400000000005 17.055370833333338 53.500000000000007 17.501900000000003 93.04431705794282 17.456700000000001 0.45913699295475036 17.110850000000003 17.273000000000003 0.370621053769919 0.54750000000000043 78.905111044561679 16.908366666666669 14.934950000000002 0.34064491142499004 84.366503075766715 15.763450000000002 16.824400000000001 0.22167110709116863
decision_type=2 2 2 2 2 2 2 2 2 2 2 2 2 2 2 2 2 2 2 2 2 2 2 2 2 2 2 2 2 2
left_child=1 -1 -3 4 5 6 -2 -6 -8 -10 -11 12 16 14 15 17 20 18 -14 -17 21 22 -12 -22 -24 26 -26 29 -29 -28
right_child=3 2 -4 -5 7 -7 8 -9 9 10 11 -13 13 -15 -16 19 -18 -19 -20 -21 23 -23 24 -25 25 -27 27 28 -30 -31
leaf_value=-0.0042408628922248684 0.0088725161970059224 0.0058978717222445453 0.00057632795356511225 -0.0030081972547336025 0.00028608799689351373 -0.0018917354274678643 -0.0016808061563405375 0.005443623427854192 0.0091534002305823491 6.4104626331698008e-05 0.0038035404193347234 -0.0079271802637921954 0.0080939729927497692 0.017527686927740264 0.0095282526710877852 0.0006361802014421869 0.0016255060892594031 -0.0010769963086002577 0.0016918814985632481 -0.003984536149644384 -0.00090774012475186799 0.0043849149490851856 -0.0024615672066867944 -0.0082156911284644706 0.0014404826957506601 0.0046068074113175331 -0.0062500554714998201 0.0028089447637608344 -0.0021985286507944578 -0.00074899744334288698
leaf_weight=22 20 28 37 45 41 28 66 24 29 7697 46 53 22 29 44 53 71 24 27 56 436 39 211 47 188 25 59 58 114 21
leaf_count=22 20 28 37 45 41 28 66 24 29 7697 46 53 22 29 44 53 71 24 27 56 436 39 211 47 188 25 59 58 114 21
internal_value=0.000173913 0.00873563 0.0166154 9.61036e-05 0.000151134 8.87668e-05 0.000139905 0.00923077 9.77164e-05 0.000166863 0.000120172 -0.00160197 -0.00112102 0.00580392 0.00318584 -0.00043956 -0.00246388 0.010411 0.0187755 -0.00770642 -0.00315113 -0.000998686 -0.00210526 -0.00654244 -0.00343195 -0.000602151 -0.00181818 -0.00666667 0.000930233 -0.023
internal_weight=9660 87 65 9573 9528 9463 9435 65 9415 9349 9320 1623 1570 255 226 182 1315 73 49 109 1244 761 722 483 676 465 440 252 172 80
internal_count=9660 87 65 9573 9528 9463 9435 65 9415 9349 9320 1623 1570 255 226 182 1315 73 49 109 1244 761 722 483 676 465 440 252 172 80
is_linear=0
shrinkage=0.08


Tree=105
num_leaves=31
num_cat=0
split_feature=21 33 17 13 21 1 8 4 33 1 8 8 8 33 33 1 39 4 29 33 6 29 7 7 4 33 23 8 31 29
split_gain=0.799077 0.750925 1.63912 2.40325 2.01416 1.75505 2.0677 1.57112 1.42485 1.58574 1.39244 2.05372 1.95346 1.2225 1.12201 1.08642 1.67043 2.57521 1.57773 1.66014 2.45285 1.95625 2.07731 1.9578 1.91521 1.83991 1.67478 1.52927 1.40649 2.39676
threshold=9.6461500000000004 0.6037499999999999 14.260600000000002 14.615850000000002 14.344400000000002 13.500000000000002 1.3588370419617404 21.500000000000004 0.63905000000000023 8.5000000000000018 0.25965866832446266 0.22847824698293387 0.2164078678256092 0.57665000000000088 2.4188999999999994 18.500000000000004 100.1098417612298 10.500000000000002 13.950650000000001 -0.2189999999999985 0.26332345798295392 15.971400000000001 14.839730833333336 17.556717500000001 23.500000000000004 -0.16415000000000021 17.576750000000004 0.1959718753780384 17.501900000000003 17.501900000000003
decision_type=2 2 2 2 2 2 2 2 2 2 2 2 2 2 2 2 2 2 2 2 2 2 2 2 2 2 2 2 2 2
left_child=-1 13 4 7 -3 6 8 -4 -5 -10 11 12 -7 15 -9 16 -2 -18 -17 20 24 22 -22 26 -20 -21 -23 -26 -27 -30
right_child=1 2 3 5 -6 10 -8 14 9 -11 -12 -13 -14 -15 -16 18 17 -19 19 25 21 23 -24 -25 27 28 -28 -29 29 -31
leaf_value=0.0029163790686087053 5.9740413417301851e-05 -0.0091457467629928145 -0.00052155131195704026 -0.0040931819201875897 -0.00013099170521627457 0.0023833073518330396 0.0019843562097179301 0.0081525890304110504 -0.00029361691370226594 -0.0025772560938941069 -0.0012670402034410699 0.0034193059064131148 -0.0036167791898282075 0.0049587445299674468 0.00035468306639955925 0.0034128211455308846 0.017402484462459997 0.00049485028069426559 -0.00021144012270866598 -0.0047481714006787001 0.0010255896548277122 -0.00026769265207178707 -0.0081474150315785469 -0.0046981552277119932 -0.0030145276706760884 -0.00093889737920697773 0.0023339276303462951 0.0045824001450301922 0.0072080501334805544 -0.0031523498503517543
leaf_weight=25 7280 24 24 33 27 22 27 20 148 54 79 39 20 57 21 40 20 109 126 71 26 106 48 27 20 896 35 135 58 43
leaf_count=25 7280 24 24 33 27 22 27 20 148 54 79 39 20 57 21 40 20 109 126 71 26 106 48 27 20 896 35 135 58 43
internal_value=0.000115942 7.88791e-05 -0.00282528 -0.0013963 -0.0164706 -0.0036019 -0.00763359 0.0129231 -0.0100426 -0.00752475 0.003 0.0103704 -0.00190476 0.000250632 0.022439 0.000176991 0.000588473 0.0096124 -0.00169221 -0.00208674 0.00160612 -0.00429752 -0.0151351 0.00047619 0.00669039 -0.00389513 0.00425532 0.0126452 -0.00300903 0.00594059
internal_weight=9660 9635 538 487 51 422 262 65 235 202 160 81 42 9097 41 9040 7409 129 1631 1591 523 242 74 168 281 1068 141 155 997 101
internal_count=9660 9635 538 487 51 422 262 65 235 202 160 81 42 9097 41 9040 7409 129 1631 1591 523 242 74 168 281 1068 141 155 997 101
is_linear=0
shrinkage=0.08


Tree=106
num_leaves=31
num_cat=0
split_feature=25 19 8 21 19 23 21 17 21 5 13 19 23 5 23 31 27 2 29 29 31 19 33 13 39 23 25 19 6 1
split_gain=0.864856 1.18104 1.09941 1.04677 0.926027 2.5 1.41056 1.30155 0.97387 1.53237 1.52973 1.8994 1.77281 1.63445 2.10928 1.34143 1.28533 1.23311 1.15063 1.23743 1.00027 0.98873 0.973519 1.91351 1.73077 1.43946 1.37138 1.17533 1.96607 2.26234
threshold=13.818850000000003 16.867950000000004 3.5134649833721672 15.158250000000002 12.978900000000001 16.365600000000004 13.818850000000003 12.978900000000001 13.884750000000002 14.127790000000003 14.046700000000003 14.510650000000002 13.851850000000002 14.214653333333334 14.131850000000002 13.818850000000003 14.043850000000001 2.5000000000000004 14.082400000000002 14.284200000000002 14.214150000000002 14.131850000000002 -0.099150000000000724 14.09895 77.20364286458053 13.884750000000002 14.413900000000002 14.043850000000001 0.20608449699311834 8.5000000000000018
decision_type=2 2 2 2 2 2 2 2 2 2 2 2 2 2 2 2 2 2 2 2 2 2 2 2 2 2 2 2 2 2
left_child=1 3 4 -1 5 -2 -6 -8 16 22 11 13 -12 14 18 -14 -9 -13 21 -20 -16 -11 26 25 -25 -24 27 -10 29 -29
right_child=2 -3 -4 -5 6 -7 7 8 9 10 12 17 15 -15 20 -17 -18 -19 19 -21 -22 -23 23 24 -26 -27 -28 28 -30 -31
leaf_value=-0.00090914375714213236 -0.0058787229399762707 0.0034543557217837418 0.0092351100315623564 -0.0073413776574733445 0.0013680845131902686 0.01387358480169624 0.0087190708853445639 0.0018787371039583434 0.00071038327940890159 -0.0033096479038711379 -0.0042421630023462597 0.0010855477445073803 0.006883196642934024 -0.010578228109196175 0.00093270202200542937 1.4681685285538038e-05 -0.0029553546888431014 -0.0019601776350664578 0.0017281138542011832 -0.0032652638920369981 -0.00059913233487343123 -0.0026780001642924844 -0.0030284952548300481 0.0033870093646287103 0.00080301425164357458 0.000624181014290599 0.0042840864161776439 -0.0044557751265065807 -0.0076501935589590175 0.0016664577629653366
leaf_weight=38 20 28 32 21 56 20 23 21 68 33 28 22 31 23 32 8576 38 36 36 40 30 23 20 20 32 196 20 35 28 34
leaf_count=38 20 28 32 21 56 20 23 21 68 33 28 22 31 23 32 8576 38 36 36 40 30 23 20 20 32 196 20 35 28 34
internal_value=0.000124224 -0.00781609 0.000196386 -0.0142373 0.000146735 -0.012 0.000197874 0.000122816 7.64169e-05 0.00014098 -8.97868e-05 -0.00596364 9.72785e-05 -0.00940092 -0.00701031 0.000162658 -0.0101695 0.00689655 -0.0127273 -0.00631579 0.00516129 -0.0214286 0.00467991 0.00776119 0.0215385 0.00444444 0.000216216 -0.00218182 -0.00783505 -0.00057971
internal_weight=9660 87 9573 59 9541 40 9501 9445 9422 9363 8910 275 8635 217 194 8607 59 58 132 76 62 56 453 268 52 216 185 165 97 69
internal_count=9660 87 9573 59 9541 40 9501 9445 9422 9363 8910 275 8635 217 194 8607 59 58 132 76 62 56 453 268 52 216 185 165 97 69
is_linear=0
shrinkage=0.08


Tree=107
num_leaves=31
num_cat=0
split_feature=4 4 4 13 4 4 33 7 8 1 13 2 33 29 1 5 1 39 17 33 1 6 33 29 29 27 8 19 7 21
split_gain=0.826608 14.2053 4.96894 3.58037 3.12464 2.80435 4.71075 1.94715 2.28211 1.63428 1.96157 1.91985 1.85083 1.54304 1.34679 2.33161 1.45664 1.49729 1.3417 1.27462 1.73778 2.61525 1.86555 1.6422 1.61866 1.8751 1.46202 1.38948 1.36258 1.33349
threshold=16.500000000000004 14.500000000000002 15.500000000000002 19.315350000000006 20.500000000000004 21.500000000000004 0.40644999999999959 15.667507500000001 0.24707989090117086 16.500000000000004 18.042600000000004 2.5000000000000004 -0.64520000000000077 17.911800000000003 12.500000000000002 15.35311666666667 8.5000000000000018 84.559542770203691 16.700900000000004 0.24140000000000142 13.500000000000002 0.34845930962210131 0.64520000000000099 17.008900000000004 16.566100000000002 15.294250000000002 0.63810059983439527 18.275250000000003 16.997299166666672 16.287150000000004
decision_type=2 2 2 2 2 2 2 2 2 2 2 2 2 2 2 2 2 2 2 2 2 2 2 2 2 2 2 2 2 2
left_child=1 3 -3 9 -2 6 -6 -8 -9 19 11 -11 -13 14 16 -16 17 -4 -17 27 21 22 23 26 25 -23 29 -1 -22 -21
right_child=4 2 13 -5 5 -7 7 8 -10 10 -12 12 -14 -15 15 18 -18 -19 -20 20 28 24 -24 -25 -26 -27 -28 -29 -30 -31
leaf_value=-2.6414481287844182e-05 -0.0017471477730040875 0.012075613205593215 0.0048822342233529525 0.031290842674802304 0.0073987439805377163 -2.5893934730447653e-06 -0.0039100169190961513 0.0066559638796736924 -0.0022889317316595738 -0.0023078749411818934 -0.0050480938253838308 0.0055884762705335333 -0.00013351109623215506 0.0047313780789521335 -0.0050967287092711193 0.0025814729407819927 0.0071292752457713963 -0.0023679238227709478 -0.0034783955408309451 0.00057916956205858125 0.0011328499256097757 0.0054742671917674107 -0.0016270902278387213 -0.0016553660223684119 0.016756059125225563 -0.0031259022441344087 -0.00086617622994026536 -0.0028095889092614357 0.007198112982867713 0.003682843310763957
leaf_weight=1270 644 161 23 24 70 6118 34 29 28 309 21 23 283 20 22 21 25 30 20 111 53 24 40 58 26 31 37 52 21 32
leaf_count=1270 644 161 23 24 70 6118 34 29 28 309 21 23 283 20 22 21 25 30 20 111 53 24 40 58 26 31 37 52 21 32
internal_value=0.000182195 0.00135915 0.0171429 -0.000745342 -0.000283114 0.000261188 0.0106832 -0.00131868 0.0077193 -0.00105395 -0.0045283 -0.00370732 0.000784314 0.00720497 0.00425532 -0.00444444 0.0112821 0.00377358 0.00682927 0.000205128 0.00397229 0.00167131 -0.00201439 0.000672269 0.014321 0.00654545 0.00444444 -0.00102874 0.0151351 0.00811189
internal_weight=9660 2737 322 2415 6923 6279 161 91 57 2391 636 615 306 161 141 63 78 53 41 1755 433 359 278 238 81 55 180 1322 74 143
internal_count=9660 2737 322 2415 6923 6279 161 91 57 2391 636 615 306 161 141 63 78 53 41 1755 433 359 278 238 81 55 180 1322 74 143
is_linear=0
shrinkage=0.08


Tree=108
num_leaves=31
num_cat=0
split_feature=27 17 19 25 19 39 23 13 7 31 19 17 4 19 13 15 13 23 23 19 29 7 29 17 39 5 21 1 25 5
split_gain=0.862823 2.25003 2.44804 1.42952 2.68458 2.71897 3.28914 2.24505 2.07361 2.07778 1.85046 1.88184 1.84877 1.75634 1.47531 1.97959 1.43849 1.54625 2.60327 2.26051 2.2936 2.28363 2.62645 1.88542 1.68198 1.88965 1.6726 1.7193 1.59488 1.68135
threshold=14.543600000000001 13.818850000000003 16.867950000000004 15.550500000000001 15.851650000000001 83.689232823875855 15.692450000000003 16.269450000000003 15.083865000000003 15.426750000000002 15.390450000000003 17.094800000000003 22.500000000000004 15.699150000000001 14.968750000000002 15.390450000000003 15.330900000000002 16.029150000000005 15.780700000000001 15.656950000000002 15.780700000000001 15.711184166666667 15.656950000000002 15.4565 84.966557449882785 15.731303333333335 15.586 8.5000000000000018 15.971400000000001 16.178590000000003
decision_type=2 2 2 2 2 2 2 2 2 2 2 2 2 2 2 2 2 2 2 2 2 2 2 2 2 2 2 2 2 2
left_child=1 -1 -3 4 7 -6 -7 -2 -5 10 -10 12 13 -12 -11 -16 -17 18 19 24 21 -21 -23 -20 -18 -26 -25 -28 -19 -30
right_child=3 2 -4 8 5 6 -8 -9 9 14 11 -13 -14 -15 15 16 17 28 23 20 -22 22 -24 26 25 -27 27 -29 29 -31
leaf_value=-0.0022555217799629193 -0.00024643233639864092 0.00020914160971386765 0.0061066283317671123 -0.013828243248747469 0.0032595177474041039 -0.0041353950674572109 0.00054014103040010751 0.003085913924636188 2.9953053972917589e-05 0.0013255194576869656 -0.0041300689548243955 -0.0089129571875257337 0.0047869978885462672 0.0020068027522580677 -0.0036038240581360271 -0.0063813716016449008 -0.0022566698484394721 -0.0022342764019261099 -0.00082909861357592261 0.0055349709182939931 -0.00010301154751232388 -0.0038643033233427106 0.0031151930136313413 0.0023065885828816592 0.0013631798894181203 -0.0042184556635223207 0.0041142611656499644 0.00045077337250717166 0.0032309259486636675 -1.6763141303499652e-06
leaf_weight=46 2245 1669 34 42 34 103 48 24 159 42 32 21 87 25 76 36 156 76 21 61 147 44 23 27 107 29 57 57 25 4107
leaf_count=46 2245 1669 34 42 34 103 48 24 159 42 32 21 87 25 76 36 156 76 21 61 147 44 23 27 107 29 57 57 25 4107
internal_value=0.000198758 0.00180675 0.00227833 -0.000156744 -0.00176039 -0.011027 -0.0156291 -0.00100485 0.000564413 0.000701754 0.00691358 0.0128485 0.0161111 0.00491228 0.000306423 0.000182214 0.000378041 0.000494227 0.00389575 0.00134039 0.00654545 0.014375 0.0041791 0.0128395 -0.00356164 0.00294118 0.0161702 0.0119298 -9.5057e-05 0.000116167
internal_weight=9660 1749 1703 7911 2454 185 151 2269 5457 5415 324 165 144 57 5091 5049 4973 4937 729 567 275 128 67 162 292 136 141 114 4208 4132
internal_count=9660 1749 1703 7911 2454 185 151 2269 5457 5415 324 165 144 57 5091 5049 4973 4937 729 567 275 128 67 162 292 136 141 114 4208 4132
is_linear=0
shrinkage=0.08


Tree=109
num_leaves=31
num_cat=0
split_feature=39 13 15 25 8 39 25 29 1 7 13 4 6 7 6 17 4 39 31 17 13 19 5 39 8 6 27 33 39 6
split_gain=1.00747 1.28607 1.13426 1.34392 1.02612 0.840753 0.78173 1.55601 2.39461 1.86252 1.61516 1.61485 1.51515 1.46763 1.81975 1.51816 1.75362 1.20296 0.946032 1.77778 1.37143 0.82604 1.92081 1.81421 2.03916 1.92513 1.7375 2.28359 1.61887 1.99934
threshold=75.143283985082761 12.978900000000001 12.978900000000001 15.763450000000002 3.5134649833721672 70.575856059946418 18.356750000000002 17.993150000000004 10.500000000000002 17.953845833333336 17.071750000000005 42.500000000000007 0.59930516951358925 18.079632500000006 1.2556854237668438 18.087200000000003 30.500000000000004 97.842033181935662 18.731750000000002 17.325350000000004 16.892300000000002 17.911800000000003 18.07493666666667 91.286024517204865 0.24875086881612732 0.18223575076661538 18.042600000000004 0.036899999999999274 109.91435503037329 0.23184165306653989
decision_type=2 2 2 2 2 2 2 2 2 2 2 2 2 2 2 2 2 2 2 2 2 2 2 2 2 2 2 2 2 2
left_child=1 -1 3 -2 6 -3 18 8 11 10 -9 12 -8 -11 15 16 -15 -10 21 20 -20 22 26 -23 25 -25 -4 -28 29 -26
right_child=2 5 4 -5 -6 -7 7 9 17 13 -12 -13 -14 14 -16 -17 -18 -19 19 -21 -22 23 -24 24 28 -27 27 -29 -30 -31
leaf_value=0.0058304576123678229 -0.004726069382833771 -0.00091624597109898789 2.0162648630446257e-05 0.00012563232020568194 0.0086336612412569024 0.00056428881508956868 -0.0023987477931946446 0.00026356101041542958 -0.0049080962569598083 0.0068465232402017762 -0.0044314239797225239 0.0072092147933028629 0.0054698331543656309 -0.0016802852884885055 0.0076471915993022322 -0.0044013912686692433 0.0045747655336538171 -8.711990576273366e-05 -0.0018717236728770814 -0.003390386595604724 0.015748406257335434 -0.0062848462133058549 -0.0017006147728594102 0.0041605353205775939 -0.0012959983021588073 -0.00026198346412911635 -0.0001440889065582951 0.0070296945431583425 -0.0013260663694066466 0.0037277269301497994
leaf_weight=22 23 31 8031 21 29 34 30 38 56 28 35 20 25 25 20 38 23 22 28 24 20 28 176 20 59 384 53 48 23 246
leaf_count=22 23 31 8031 21 29 34 30 38 56 28 35 20 25 25 20 38 23 22 28 24 20 28 176 20 59 384 53 48 23 246
internal_value=0.000165631 0.00873563 8.77468e-05 -0.0127273 0.00014692 0.00307692 0.000101053 -0.00355556 -0.0096732 0.000966184 -0.00931507 0.000533333 -0.00654545 0.00656716 0.00226415 -0.0027907 0.00666667 -0.0194872 0.000245077 -0.00888889 0 0.0003176 8.66635e-05 0.00284211 0.00360656 -0.00019802 0.000265617 0.0106931 0.00829268 0.00983607
internal_weight=9660 87 9573 44 9529 65 9500 360 153 207 73 75 55 134 106 86 48 78 9140 72 48 9068 8308 760 732 404 8132 101 328 305
internal_count=9660 87 9573 44 9529 65 9500 360 153 207 73 75 55 134 106 86 48 78 9140 72 48 9068 8308 760 732 404 8132 101 328 305
is_linear=0
shrinkage=0.08


Tree=110
num_leaves=31
num_cat=0
split_feature=21 29 13 27 21 31 31 13 5 5 25 19 39 23 7 31 13 15 23 23 21 6 25 17 23 23 31 8 13 8
split_gain=1.19381 0.919002 0.910323 0.847061 2.1022 2.23019 1.62159 1.76965 2.15513 1.36509 1.35339 2.72137 2.4246 3.2377 2.05964 1.94145 1.67236 1.44484 1.39716 1.38124 1.36279 1.34127 1.28789 1.30058 2.54523 1.47759 1.07227 1.10303 2.1277 1.72542
threshold=9.6461500000000004 21.067900000000005 17.325350000000004 14.543600000000001 14.642450000000002 14.750550000000002 14.312950000000003 14.851500000000001 14.634903333333336 14.65351666666667 15.550500000000001 15.851650000000001 83.689232823875855 15.692450000000003 15.083865000000003 15.069850000000001 16.269450000000003 14.378900000000002 15.896950000000002 15.036200000000003 14.260600000000002 2.8672400861295499 14.312950000000003 14.510650000000002 14.543600000000001 14.576500000000001 21.448650000000004 1.0368215307608737 19.315350000000006 1.0545599125608096
decision_type=2 2 2 2 2 2 2 2 2 2 2 2 2 2 2 2 2 2 2 2 2 2 2 2 2 2 2 2 2 2
left_child=-1 3 -3 4 5 -2 -6 8 22 -10 11 16 -13 -14 -12 21 17 -5 -15 -17 -19 -16 -8 25 -25 -24 27 28 -21 -29
right_child=1 2 -4 10 6 -7 7 -9 9 -11 14 12 13 18 15 19 -18 20 -20 26 -22 -23 23 24 -26 -27 -28 29 -30 -31
leaf_value=0.0012476530821567166 0.00010418253916220976 -0.00064100448610247438 -0.0051293247512907668 -0.0039570411360642767 -0.0092905815849630355 -0.0063853870876675956 -0.00034142945543415239 0.0024080150429126946 -0.0029160150115953342 0.0020725223108659921 -0.012647921347877756 0.0031428776168989717 -0.0038142420940286571 0.005182999879973664 0.0034687959244195099 0.0054281156396604044 0.0028374277987749251 0.0038899749391458015 -0.0017493432691567535 0.00013990581859786745 -0.00021177915559263737 -0.002038199731405399 0.0063035214922989267 -0.0043546053303815313 0.0037902044176526318 0.0017056925211282703 0.0067880875835237475 -0.0084525290383311354 0.01823037358669467 -0.00022207545288551955
leaf_weight=25 1422 27 20 103 21 35 20 82 26 23 42 33 102 21 42 21 24 20 27 4213 2120 21 26 28 37 20 27 21 28 983
leaf_count=25 1422 27 20 103 21 35 20 82 26 23 42 33 102 21 42 21 24 20 27 4213 2120 21 26 28 37 20 27 21 28 983
internal_value=0.000140787 9.54852e-05 -0.0110638 0.000150188 0.00174713 0.00052162 0.00805654 0.00977099 0.00533333 -0.00897959 -0.000203874 -0.00176327 -0.0111475 -0.0154667 0.00050389 0.00064227 -0.00100573 -0.00123049 0.00166667 0.000476101 -0.000785047 0.0146032 0.010687 0.0140541 0.00676923 0.0243478 0.000394537 0.000312679 0.000877152 -0.00207171
internal_weight=9660 9635 47 9588 1740 1457 283 262 180 49 7848 2450 183 150 5398 5356 2267 2243 48 5293 2140 63 131 111 65 46 5272 5245 4241 1004
internal_count=9660 9635 47 9588 1740 1457 283 262 180 49 7848 2450 183 150 5398 5356 2267 2243 48 5293 2140 63 131 111 65 46 5272 5245 4241 1004
is_linear=0
shrinkage=0.08


Tree=111
num_leaves=31
num_cat=0
split_feature=4 4 4 13 4 4 33 7 8 39 7 19 8 21 8 15 39 23 31 8 8 33 1 13 2 13 29 27 17 1
split_gain=0.843112 11.7922 4.96894 4.02147 2.08336 2.15459 2.50554 1.7973 1.89301 1.5044 1.88789 1.60087 1.44145 1.42172 1.27196 1.62694 1.66096 2.64903 2.31136 1.94622 1.58841 1.32395 1.22343 1.88694 1.66057 1.58912 1.39075 1.49913 1.83681 1.72245
threshold=16.500000000000004 14.500000000000002 15.500000000000002 18.894150000000003 20.500000000000004 21.500000000000004 0.40644999999999959 15.667507500000001 0.24707989090117086 79.979879934856555 15.712914166666668 15.662100000000001 0.23742725676970511 18.556400000000004 0.26111587645566259 14.344400000000002 97.638118011755765 17.576750000000004 17.071750000000005 0.34381080402099057 0.25489929305110259 -0.18979999999999994 16.500000000000004 18.042600000000004 2.5000000000000004 15.284800000000002 14.378900000000002 14.800550000000003 14.4777 19.500000000000004
decision_type=2 2 2 2 2 2 2 2 2 2 2 2 2 2 2 2 2 2 2 2 2 2 2 2 2 2 2 2 2 2
left_child=1 3 9 13 14 6 12 -8 -9 -3 11 -11 -6 22 20 -16 17 18 19 -17 -2 -21 -1 24 26 -26 -24 28 -28 -29
right_child=4 2 -4 -5 5 -7 7 8 -10 10 -12 -13 -14 -15 15 16 -18 -19 -20 21 -22 -23 23 -25 25 -27 27 29 -30 -31
leaf_value=2.6110478612224596e-05 -0.0011758364288087363 0.012549044628170804 0.0021586454048923543 0.025436447103918739 0.0034377755717628134 -2.9861320991457773e-05 -0.0037262418218890758 0.0061585306767686634 -0.0021040093145154514 0.0070524953582977905 0.014284837728231707 -0.0011338210372112913 0.008985094554136026 -0.0040473194988240382 -0.0043911319689328822 -0.0076579937093140416 -0.0029211485092815793 0.0036640179148731988 -0.0067396308994258905 -0.00290622685882596 0.0055411536135804339 0.0017090363476080484 -0.0030330070807640655 -0.0046210532376737487 0.0039571891549130813 -3.8186779057411969e-05 -0.0017790034701992852 -0.0010793208989973381 0.0016732541531266777 -0.0079782620463189607
leaf_weight=1731 384 36 161 29 37 6118 34 29 28 20 83 22 33 27 23 31 21 24 29 41 20 71 23 20 30 271 24 98 72 90
leaf_count=1731 384 36 161 29 37 6118 34 29 28 20 83 22 33 27 23 31 21 24 29 41 20 71 23 20 30 271 24 98 72 90
internal_value=8.28157e-05 0.00127147 0.0156522 -0.000645963 -0.000387115 5.7334e-05 0.00919255 0.00043956 0.00912281 0.0255901 0.02144 0.00761905 0.0205714 -0.00100587 -0.0047205 -0.00933333 -0.00718894 -0.00489796 -0.00837209 -0.0041958 -0.0019802 0.000714286 -0.000796948 -0.00382166 -0.00302632 0.00119601 -0.00716612 -0.0056338 0.0025 -0.00978723
internal_weight=9660 2737 322 2415 6923 6279 161 91 57 161 125 42 70 2386 644 240 217 196 172 143 404 112 2359 628 608 301 307 284 96 188
internal_count=9660 2737 322 2415 6923 6279 161 91 57 161 125 42 70 2386 644 240 217 196 172 143 404 112 2359 628 608 301 307 284 96 188
is_linear=0
shrinkage=0.08


Tree=112
num_leaves=31
num_cat=0
split_feature=21 31 25 7 4 29 1 5 6 39 27 13 4 29 25 6 5 5 1 17 31 25 27 39 19 6 8 7 27 8
split_gain=1.20061 0.799598 1.47512 1.81504 1.75594 1.52576 1.47392 1.32505 1.74939 2.04311 1.56028 1.37982 1.60199 1.63314 1.42145 1.47 1.48199 1.40892 1.31478 1.2524 1.22592 2.27109 1.85607 1.54508 1.21795 0.950085 0.901833 1.39518 0.819766 0.718336
threshold=9.6461500000000004 14.09895 14.444800000000003 14.202604166666667 36.500000000000007 13.917650000000002 14.500000000000002 14.190023333333334 0.23646656362918361 75.680532486783406 14.197750000000001 14.362500000000002 49.500000000000007 14.344400000000002 14.230700000000001 0.20572989243422568 14.136610000000003 14.116770000000004 6.5000000000000009 14.066000000000001 14.153300000000002 14.510650000000002 13.983600000000001 76.487220900015117 14.153300000000002 0.18391943834379784 0.19259584216999115 14.137149166666669 14.082400000000002 0.84338032758635817
decision_type=2 2 2 2 2 2 2 2 2 2 2 2 2 2 2 2 2 2 2 2 2 2 2 2 2 2 2 2 2 2
left_child=-1 2 5 -4 18 -2 7 8 9 -7 -9 12 13 14 15 16 17 -11 -5 -15 21 22 -3 26 -8 -16 -24 -28 -14 -22
right_child=1 20 3 4 -6 6 24 10 -10 11 -12 -13 28 19 25 -17 -18 -19 -20 -21 29 -23 23 -25 -26 -27 27 -29 -30 -31
leaf_value=0.0011502297412636154 -0.0047770526868185928 0.0038354036352787092 0.0032098713917046951 -0.00014351099265169865 -0.0021815239565775358 -0.004880794037997376 6.208609461218373e-05 -0.0058105580391807623 0.0021566666242780743 -0.0016830242652083882 0.00059270221662139028 0.0030588137309712237 -0.0037469125406759929 0.00075851637709156705 0.0020123308727494306 0.0029667460783468868 -0.0079150623867835883 0.00047866218853343412 0.0093122016352091917 0.0033622208671714305 6.5114766109530822e-05 -0.0045632419164209634 0.0015566177852198849 -0.0050817265351314235 -0.00511176290131715 0.00014697384734091657 -0.0039560651476032403 0.00072450939667604078 0.00044960330721039555 -0.00018691929347482982
leaf_weight=25 33 22 47 22 25 50 38 29 33 33 30 43 31 20 23 25 22 20 31 31 6968 20 25 83 27 24 20 21 20 1819
leaf_count=25 33 22 47 22 25 50 38 29 33 33 30 43 31 20 23 25 22 20 31 31 6968 20 25 83 27 24 20 21 20 1819
internal_value=9.10973e-05 4.56668e-05 0.00273973 0.01056 0.00307692 0.000902256 0.00200401 0.00368664 0.00544 0.00374269 -0.00745763 0.00630137 0.00401606 0.00727273 0.0029932 -0.0024 -0.008 -0.000754717 0.0113208 0.0196078 -0.000151481 -0.00649215 -0.00350877 -0.00671141 -0.00923077 0.0144681 0.00242424 -0.00487805 -0.00862745 -1.36565e-05
internal_weight=9660 9635 657 125 78 532 499 434 375 342 59 292 249 198 147 100 75 53 53 51 8978 191 171 149 65 47 66 41 51 8787
internal_count=9660 9635 657 125 78 532 499 434 375 342 59 292 249 198 147 100 75 53 53 51 8978 191 171 149 65 47 66 41 51 8787
is_linear=0
shrinkage=0.08


Tree=113
num_leaves=31
num_cat=0
split_feature=7 17 23 6 21 25 21 27 17 19 31 23 15 17 39 39 7 8 8 29 7 39 25 13 23 31 8 33 39 29
split_gain=0.865101 1.71031 1.30697 1.60415 1.34551 1.31181 1.11664 0.920805 2.14811 1.87726 1.63627 1.66199 1.93502 2.418 1.67967 2.00888 2.10666 1.65617 1.6035 1.81836 1.44694 1.43184 2.0545 2.29218 1.85831 1.80564 1.72154 1.63853 2.05884 1.79824
threshold=14.122820000000001 14.461300000000001 14.230700000000001 0.21645223347815792 14.043850000000001 13.917650000000002 9.6461500000000004 14.543600000000001 13.818850000000003 16.867950000000004 15.490150000000002 14.153300000000002 14.18125 14.082400000000002 78.928221430515393 77.920064829145943 14.124692500000002 1.4421042757918003 0.84338032758635817 14.043850000000001 14.127230833333334 78.188689079996266 14.230700000000001 14.230700000000001 14.378900000000002 14.716850000000003 0.29664409134195246 0.23139999999999986 77.20364286458053 13.950650000000001
decision_type=2 2 2 2 2 2 2 2 2 2 2 2 2 2 2 2 2 2 2 2 2 2 2 2 2 2 2 2 2 2
left_child=1 2 5 4 -4 -1 -2 8 -8 10 11 12 14 20 15 16 -10 21 19 -15 -14 22 27 -24 -25 26 -23 28 29 -13
right_child=6 -3 3 -5 -6 -7 7 -9 9 -11 -12 17 13 18 -16 -17 -18 -19 -20 -21 -22 25 23 24 -26 -27 -28 -29 -30 -31
leaf_value=-0.0034518173419846223 0.0022373557007372823 -0.0075927178790819033 -0.00074515921559410009 0.00054297229883168538 -0.0028181004370793519 0.00068260100239058374 -0.0048162646143376266 -3.9505133539563531e-05 0.0020566552348292078 0.0070386643645022678 -0.0069500751252840592 -0.0022558807773617674 -0.0028257322926260996 -0.0065535559123028261 0.0032540407158821692 -0.0008379651267304667 0.00043055976313368662 0.0062579353661789839 -0.0042091198918523531 -0.00070058883344060519 0.00059598391448481894 0.00013293315713070798 0.0046215037313644559 -0.0018284314612182584 0.0028337131143115358 0.0014681247007388265 -0.0043916485130128533 0.0047102177628681827 -0.0052070221479924329 0.00081357881856703785
leaf_weight=21 22 31 20 30 43 167 33 7882 39 31 23 32 27 30 32 87 213 26 20 55 64 242 32 27 52 127 69 21 27 135
leaf_count=21 22 31 20 30 43 167 33 7882 39 31 23 32 27 30 32 87 213 26 20 55 64 242 32 27 52 127 69 21 27 135
internal_value=4.14079e-05 -0.00410256 -0.00213523 -0.00989247 -0.0171429 0.00170213 0.000179718 0.000137251 0.00199446 0.00246634 0.00202899 0.00238762 -0.000917108 -0.00734694 0.00247978 0.000825959 0.00444444 0.00475949 -0.015619 -0.0108235 0.0021978 0.00408377 0.00809816 0.0169369 0.00962025 0.00109589 -0.0021865 0.00353488 0.00123711 0.0045509
internal_weight=9660 312 281 93 63 188 9348 9326 1444 1411 1380 1357 567 196 371 339 252 790 105 85 91 764 326 111 79 438 311 215 194 167
internal_count=9660 312 281 93 63 188 9348 9326 1444 1411 1380 1357 567 196 371 339 252 790 105 85 91 764 326 111 79 438 311 215 194 167
is_linear=0
shrinkage=0.08


Tree=114
num_leaves=31
num_cat=0
split_feature=39 13 39 15 39 31 31 7 21 21 27 1 39 23 5 31 7 13 5 39 17 7 39 21 7 4 15 39 23 29
split_gain=1.24174 1.14849 1.07197 0.888691 0.762558 0.815133 1.4026 2.47729 1.46667 1.26816 1.88498 1.76545 0.821525 1.06025 0.932065 1.50025 0.752903 0.695433 1.68321 3.16672 1.90889 1.65509 1.97715 1.92526 3.04573 2.13279 1.65371 2.1164 1.52835 1.46176
threshold=75.143283985082761 12.978900000000001 70.575856059946418 9.6461500000000004 75.322729334841071 14.000100000000002 13.950650000000001 14.134939166666669 14.043850000000001 14.066000000000001 13.917650000000002 10.500000000000002 75.859977836541731 14.043850000000001 14.136576666666668 13.818850000000003 14.124692500000002 14.153300000000002 14.621776666666669 77.545404689802055 14.800550000000003 14.133285000000003 77.20364286458053 14.514900000000003 14.622327500000003 8.5000000000000018 14.4777 78.725937581696925 14.593050000000002 13.950650000000001
decision_type=2 2 2 2 2 2 2 2 2 2 2 2 2 2 2 2 2 2 2 2 2 2 2 2 2 2 2 2 2 2
left_child=1 -1 -3 -2 -5 6 9 -8 -9 10 -6 16 -11 -14 -15 -16 -12 -7 20 -20 21 -19 -23 24 25 -24 -22 -28 -26 -21
right_child=3 2 -4 4 5 17 7 8 -10 12 11 -13 13 14 15 -17 -18 18 19 29 26 22 23 -25 28 -27 27 -29 -30 -31
leaf_value=0.0049729327195856855 -0.0044309634451906279 -0.00018795051540934082 0.0006818815920968291 -0.0029094791521383457 -0.0047739451627780488 -0.00023547050195261933 0.0026029501052921944 0.00037084613134915403 -0.0023000035213815552 0.0013258612013350303 -0.00049657490971668496 -0.0040565848363893053 -0.0014063480653316418 0.00446130494748374 0.0057032649046436746 -0.00093432256755257017 0.0016841858089146201 -0.00053611985608355891 -0.013750445991941264 0.0070172035127350797 -0.0050282607560600927 0.0016534047243283113 0.0033762914555363465 0.001768793076026327 0.0045120487002883181 -0.0028220171431020446 0.0025206071721586907 -0.0032419428371644444 0.0002247478094641764 -3.445316702539003e-05
leaf_weight=22 23 31 34 27 20 610 39 20 24 26 21 32 44 28 38 26 26 183 20 21 26 125 23 257 39 139 27 36 32 7641
leaf_count=22 23 31 34 27 20 610 39 20 24 26 21 32 44 28 38 26 26 183 20 21 26 125 23 257 39 139 27 36 32 7641
internal_value=0.000140787 0.00965517 0.00430769 5.43194e-05 9.21466e-05 0.000130211 0.00395349 0.013012 0 0.0010728 -0.00606061 -0.000506329 0.0054321 0.00294118 0.00782609 0.0025 0.0093617 -1.30733e-05 0.000172716 -0.000208279 0.00347238 0.00471178 0.00669919 0.00440816 -0.000858369 -0.00691358 -0.00764045 -0.000634921 0.0129577 -0.000125294
internal_weight=9660 87 65 9573 9550 9523 344 83 44 261 99 79 162 136 92 64 47 9179 8569 7682 887 798 615 490 233 162 89 63 71 7662
internal_count=9660 87 65 9573 9550 9523 344 83 44 261 99 79 162 136 92 64 47 9179 8569 7682 887 798 615 490 233 162 89 63 71 7662
is_linear=0
shrinkage=0.08


Tree=115
num_leaves=31
num_cat=0
split_feature=8 4 4 8 1 1 1 2 4 39 7 8 4 4 33 4 6 4 39 4 33 17 31 7 17 15 19 25 15 13
split_gain=0.808185 0.746497 3.408 1.68141 1.12196 2.13025 1.93393 1.20417 1.11266 1.22872 2.70652 1.05897 0.936509 11.4293 6.03139 2.08962 1.80027 1.49925 2.70117 2.3901 2.12008 1.83901 1.99091 1.92939 1.82359 1.7814 1.62376 1.55438 1.98097 2.6393
threshold=3.5134649833721672 55.500000000000007 54.500000000000007 1.7653954276964994 4.5000000000000009 1.0000000180025095e-35 1.5000000000000002 1.5000000000000002 56.500000000000007 76.487220900015117 14.470196666666668 0.26899382325967519 46.500000000000007 44.500000000000007 0.16105000000000128 45.500000000000007 0.195607954095216 41.500000000000007 76.576399801107129 40.500000000000007 0.36429999999999924 15.249300000000002 15.515000000000002 15.396004166666669 16.929950000000002 16.892300000000002 18.042600000000004 18.158950000000001 17.911800000000003 16.929950000000002
decision_type=2 2 2 2 2 2 2 2 2 2 2 2 2 2 2 2 2 2 2 2 2 2 2 2 2 2 2 2 2 2
left_child=1 2 12 4 5 -3 -7 -8 -6 -10 -11 -9 13 17 -15 -16 -17 19 -19 27 -21 -20 23 -23 25 -24 -26 28 -1 -30
right_child=-2 3 -4 -5 8 6 7 11 9 10 -12 -13 -14 14 15 16 -18 18 21 20 -22 22 24 -25 26 -27 -28 -29 29 -31
leaf_value=-4.5923616246739131e-05 0.004167890664919867 -0.00087374350422614105 -0.0044732684442401194 0.010701200146110352 0.0011326857509984479 0.11415929124006845 0.0020669769072158319 -0.0017116503213988211 0.0032047817450137472 -0.008115308752151976 -0.00031373988096618179 0.0027153137659399816 -0.00027146156248718966 0.0096528231873551813 0.009854937866930839 0.0031908630306716648 -0.00088114059201259919 0.00085905573999909277 -0.0035211542795445896 0.0058535181474218233 0.00075912444602558085 -6.9306750201292293e-06 -0.0010454543436009089 0.0064752573266426338 0.00055081136805256391 -0.006528109454750677 -0.0041861118445638114 -0.0010976418296431234 -0.0041988986779982439 0.00098690713371127011
leaf_weight=5763 37 28 161 27 120 28 20 29 23 20 315 31 1288 148 36 41 97 37 128 69 92 35 91 22 116 31 23 351 22 431
leaf_count=5763 37 28 161 27 120 28 20 29 23 20 315 31 1288 148 36 41 97 37 128 69 92 35 91 22 116 31 23 351 22 431
internal_value=9.10973e-05 4.57238e-05 -0.000142507 0.00268331 0.0018241 0.00823529 0.0133333 0.007 0 -0.00223464 -0.00346269 0.00133333 6.80195e-05 0.000408868 0.0151553 0.00505747 0.00057971 -0.000249619 -0.00455487 5.9453e-05 0.00968944 -0.00627803 -0.00301887 0.0105263 -0.00597701 -0.0131148 0.00028777 -0.000176641 0.00011583 0.00520971
internal_weight=9660 9623 8982 641 614 136 108 80 478 358 335 60 8821 7533 322 174 138 7211 483 6728 161 446 318 57 261 122 139 6567 6216 453
internal_count=9660 9623 8982 641 614 136 108 80 478 358 335 60 8821 7533 322 174 138 7211 483 6728 161 446 318 57 261 122 139 6567 6216 453
is_linear=0
shrinkage=0.08


Tree=116
num_leaves=31
num_cat=0
split_feature=39 13 6 4 4 4 21 4 4 6 13 33 39 25 25 7 25 8 25 29 5 39 39 6 29 17 17 5 27 29
split_gain=0.811581 1.04751 1.06813 0.750285 9.62232 6.6125 1.91677 1.68774 1.66303 1.72084 1.79247 2.77197 1.43791 1.38712 1.53061 1.34642 1.25915 1.34726 1.27173 2.25134 1.29606 1.72623 1.32112 1.23616 1.2231 2.33055 1.76049 1.89851 1.63961 1.75238
threshold=75.143283985082761 14.883000000000001 2.1556601781526621 46.500000000000007 44.500000000000007 45.500000000000007 16.144550000000006 55.500000000000007 54.500000000000007 0.98887804737507146 17.079750000000004 0.20690000000000011 84.048395410286062 18.120150000000006 18.314050000000005 18.716592500000004 17.887500000000003 0.22797017837904751 17.306200000000004 17.005200000000006 17.034490000000002 92.875203410140287 91.902935878722488 0.2138275227286236 15.523850000000001 14.883000000000001 17.094800000000003 17.029060000000005 14.952100000000002 15.426750000000002
decision_type=2 2 2 2 2 2 2 2 2 2 2 2 2 2 2 2 2 2 2 2 2 2 2 2 2 2 2 2 2 2
left_child=1 2 -1 4 15 6 12 8 9 13 11 -11 -6 16 -15 -2 18 -18 20 -20 21 -5 -22 -7 25 -9 -26 -28 -27 -30
right_child=3 -3 -4 7 5 23 -8 24 -10 10 -12 -13 -14 14 -16 -17 17 -19 19 -21 22 -23 -24 -25 26 28 27 -29 29 -31
leaf_value=0.00032973784650721429 -2.1024978975532351e-05 -0.0011911762615288523 0.0059577992978380933 -0.00024138542273277608 0.0052619213982968913 0.0022681121974117958 0.013307622172066829 0.00041385552651213687 -0.0038341136759492403 -0.0058716603855512514 0.00035155266508439808 0.00089001867800938324 0.00049268587228866066 0.0039961042173231928 0.00064058248399007317 -0.0035988706376517145 0.00031800419931656167 -0.0045040687385841235 0.0063960068628276193 0.00027850369020796959 0.00094584698744043299 0.0020687785471847067 -0.0019264499740137353 -0.00084490493145352732 0.0024606392120321628 -0.0039299556811279498 -0.0023849617882007123 0.0012224025238512582 0.00018993401277910492 -0.0060385749502448504
leaf_weight=35 7139 22 30 835 68 79 70 154 160 51 37 26 22 21 28 41 20 39 20 64 24 27 85 81 174 22 25 141 92 28
leaf_count=35 7139 22 30 835 68 79 70 154 160 51 37 26 22 21 28 41 20 39 20 64 24 27 85 81 174 22 25 141 92 28
internal_value=0.000124224 0.00781609 0.0129231 5.43194e-05 0.000426667 0.014 0.0255 -0.00129281 -0.00281141 -0.00184808 -0.0112281 -0.0181818 0.0177778 -0.000928633 0.0122449 -0.000178273 -0.00150808 -0.0128814 -0.000872038 0.00857143 -0.00168898 -0.000649652 -0.00990826 0.0025 0.00213836 -0.00162162 0.00541176 -0.000481928 -0.00901408 -0.00533333
internal_weight=9660 87 65 9573 7500 320 160 2073 1437 1277 114 77 90 1163 49 7180 1114 59 1055 84 971 862 109 160 636 296 340 166 142 120
internal_count=9660 87 65 9573 7500 320 160 2073 1437 1277 114 77 90 1163 49 7180 1114 59 1055 84 971 862 109 160 636 296 340 166 142 120
is_linear=0
shrinkage=0.08


Tree=117
num_leaves=31
num_cat=0
split_feature=19 23 23 29 5 17 15 4 15 27 27 29 27 13 6 33 8 7 7 25 29 27 4 15 17 23 25 15 17 29
split_gain=0.762546 0.857524 1.6211 1.16667 0.903823 2.19297 1.22395 1.12037 2.05169 1.20889 0.992555 1.84837 2.27997 1.36337 1.24446 1.62506 1.24077 2.07031 1.8722 1.10745 1.0933 0.96014 0.9 0.83947 0.827204 0.786647 0.678991 2.06578 1.65307 1.66413
threshold=20.213250000000006 19.979150000000001 19.122800000000002 19.533250000000006 18.142023333333338 18.681650000000001 20.384450000000005 44.500000000000007 18.158950000000001 18.087200000000003 18.197700000000005 14.284200000000002 18.605250000000002 16.9785 0.21150066245845126 0.23139999999999986 0.24266856732989675 17.91895833333334 18.088358333333336 17.993150000000004 18.087200000000003 18.410200000000007 32.500000000000007 19.274100000000001 12.978900000000001 20.384450000000005 18.356750000000002 18.556400000000004 17.993150000000004 17.993150000000004
decision_type=2 2 2 2 2 2 2 2 2 2 2 2 2 2 2 2 2 2 2 2 2 2 2 2 2 2 2 2 2 2
left_child=1 2 4 -3 6 7 10 8 -6 -9 23 -12 14 -14 20 16 19 -18 -19 -16 -13 -17 -4 24 -1 -2 27 -26 29 -28
right_child=25 3 22 -5 5 -7 -8 9 -10 -11 11 12 13 -15 15 21 17 18 -20 -21 -22 -23 -24 -25 26 -27 28 -29 -30 -31
leaf_value=0.00069498328986433938 0.0017653480667227939 0.0027115286549839368 -0.0010815380438715749 -0.0014921407213557814 -0.00690137210615859 0.0072270192471739847 0.0068308571256930862 -0.002351760794518327 -0.00030415675035058601 0.0062871907382110242 0.028894266776598981 0.0018886937403492254 0.00014682525836278161 -0.0054544761228137876 0.0086226220828081075 0.0013631243812733374 0.0074548291720421388 -0.0010862701133672204 0.0046112538574919881 0.0021366489237456677 -0.0047276971949754909 -0.0015701018954879943 -0.0061412557530524485 -0.0029444851616155176 2.0851268185424488e-05 -0.0010889463957533963 -0.0018089408558104481 0.0049301144857909667 -0.0024542235816619497 0.0021251124889971607
leaf_weight=30 47 32 20 24 28 21 20 26 26 28 20 34 28 37 32 30 21 29 30 34 22 29 20 30 8727 24 60 27 81 43
leaf_count=30 47 32 20 24 28 21 20 26 26 28 20 34 28 37 32 30 21 29 30 34 22 29 20 30 8727 24 60 27 81 43
internal_value=0.000190476 0.000129315 7.13312e-05 0.01 0.00013905 -0.00651163 0.000230671 -0.0111111 -0.0192593 -0.00296296 0.000188356 0.00439306 0.00294479 -0.0104615 0.00628352 0.00917073 0.0136986 0.007 -0.000677966 0.0218182 -0.00428571 -0.0020339 -0.016 2.66726e-05 7.13649e-05 0.0084507 2.68516e-05 0.000127942 -0.00478261 0.00194175
internal_weight=9660 9589 9533 56 9493 129 9364 108 54 54 9344 346 326 65 261 205 146 80 59 66 56 59 40 8998 8968 71 8938 8754 184 103
internal_count=9660 9589 9533 56 9493 129 9364 108 54 54 9344 346 326 65 261 205 146 80 59 66 56 59 40 8998 8968 71 8938 8754 184 103
is_linear=0
shrinkage=0.08


Tree=118
num_leaves=31
num_cat=0
split_feature=17 7 13 5 27 13 21 21 8 29 19 4 21 21 29 4 21 15 19 33 27 13 33 5 39 15 39 31 7 4
split_gain=0.714638 1.10895 1.57506 0.694459 1.41382 1.36344 1.21118 1.44 1.10048 0.9 0.891607 0.991375 0.925546 0.920578 1.53634 2.41604 0.885614 0.723361 1.06604 0.794317 0.65387 2.1461 4.14517 2.44656 1.75364 1.34982 1.49665 1.84605 2.06951 1.51822
threshold=20.055950000000003 18.008190833333341 18.120150000000006 18.142023333333338 19.886300000000002 18.243650000000006 18.120150000000006 17.887500000000003 1.0368215307608737 20.578700000000001 18.681650000000001 18.500000000000004 18.825550000000003 18.478250000000003 18.087200000000003 35.500000000000007 17.724500000000003 20.213250000000006 12.978900000000001 -4.6574999999999998 14.543600000000001 14.851500000000001 -0.18449999999999986 14.65351666666667 81.945894062284438 14.514900000000003 80.481511253499136 14.647350000000001 14.637755833333335 29.500000000000004
decision_type=2 2 2 2 2 2 2 2 2 2 2 2 2 2 2 2 2 2 2 2 2 2 2 2 2 2 2 2 2 2
left_child=3 2 -2 10 5 6 7 -5 -7 -6 12 -12 13 17 15 -15 -13 18 -1 -20 21 24 23 -23 -21 26 27 28 29 -22
right_child=1 -3 -4 4 9 8 -8 -9 -10 -11 11 16 -14 14 -16 -17 -18 -19 19 20 25 22 -24 -25 -26 -27 -28 -29 -30 -31
leaf_value=-0.0014954009779259536 0.0020244524384978035 0.0055462922172203836 -0.0049912498590541079 -0.006690064156325946 0.0016880045623967987 0.0032348099013869104 -0.0045065925758251526 0.0013799423357406227 -0.0019576322975095196 -0.00085963163048788263 0.022870410311861919 -0.0011574495332293822 -0.0014944731415613432 -0.001430546376140569 0.0061315457752250781 0.0039318930218368566 0.00060365919670005044 0.0052481440925005529 0.005506379392198113 8.8166417191075654e-05 -5.8183182258844114e-05 0.0017609023003801383 0.0069888345758272411 -0.0033929543513832529 -0.008475610237192583 -7.9660169022588433e-06 0.00028813896978341802 -0.006567901001481218 0.0045499074546899009 -0.0030046479160723296
leaf_weight=34 29 20 28 25 20 26 29 20 25 20 20 36 54 31 26 29 23 22 20 1552 80 63 48 27 22 7060 98 70 27 76
leaf_count=34 29 20 28 25 20 26 29 20 25 20 20 36 54 31 26 29 23 22 20 1552 80 63 48 27 22 7060 98 70 27 76
internal_value=0.000115942 0.00779221 0.00210526 5.42628e-05 -0.00509091 -0.00928 -0.0162162 -0.008 0.000784314 0.008 0.000144404 0.00860759 7.28129e-05 0.000133549 0.00837209 0.00133333 0.00338983 5.65279e-05 2.17936e-05 7.43738e-05 3.94607e-05 0.0014486 0.0110145 0.000888889 0.000609911 -0.000286061 -0.00512821 -0.00837945 -0.00415301 -0.00769231
internal_weight=9660 77 57 9583 165 125 74 45 51 40 9418 79 9339 9285 86 60 59 9199 9177 9143 9123 1712 138 90 1574 7411 351 253 183 156
internal_count=9660 77 57 9583 165 125 74 45 51 40 9418 79 9339 9285 86 60 59 9199 9177 9143 9123 1712 138 90 1574 7411 351 253 183 156
is_linear=0
shrinkage=0.08


Tree=119
num_leaves=31
num_cat=0
split_feature=8 29 29 1 33 15 6 5 8 19 6 31 13 6 4 29 31 15 13 17 29 31 31 31 4 2 29 39 5 21
split_gain=0.805918 0.684021 0.90699 1.20431 1.08828 2.06044 1.36827 0.972314 1.48523 1.13168 1.04402 1.80767 2.14824 2.26394 1.541 1.37143 0.945108 0.926901 1.56296 1.41453 0.913501 1.55598 2.41738 2.13844 1.84227 1.40867 1.74987 1.61276 1.52438 1.41077
threshold=3.5134649833721672 21.067900000000005 18.478250000000003 16.500000000000004 0.075950000000000642 17.911800000000003 0.26519764949288638 18.104456666666671 0.22998470774017118 17.846600000000006 0.24850743490345825 17.911800000000003 18.243650000000006 0.28295359129099712 35.500000000000007 17.993150000000004 19.662150000000004 19.011950000000002 17.273000000000003 19.979150000000001 17.911800000000003 18.517300000000002 18.314050000000005 17.993150000000004 28.500000000000004 1.5000000000000002 18.197700000000005 97.638118011755765 18.08566333333334 17.911800000000003
decision_type=2 2 2 2 2 2 2 2 2 2 2 2 2 2 2 2 2 2 2 2 2 2 2 2 2 2 2 2 2 2
left_child=1 2 7 4 6 -6 -4 17 -9 -10 15 14 13 -13 -12 -11 -8 19 -19 20 21 22 23 -1 -25 -22 -27 29 -29 -28
right_child=-2 -3 3 -5 5 -7 16 8 9 10 11 12 -14 -15 -16 -17 -18 18 -20 -21 25 -23 -24 24 -26 26 27 28 -30 -31
leaf_value=2.2200242332885977e-05 0.0033922171593522422 -0.0015259428367357941 -0.0033159975582917412 -0.0012244584995980291 0.00062828111780774518 0.011075909286358012 0.0032187314526282763 -0.0013559473829036506 -0.0020759397121273082 0.0015228546237044326 -0.0016016302574632846 0.0041165351964320964 0.005662443844175016 -0.0019625227646579901 0.00030487958406951067 -0.0015865223980442522 -0.00075034245433229789 -0.0048111699241425044 -0.00019458591490661092 0.0073603344322296493 0.0036655702389004575 -0.0020871744549211257 0.0036442436557689462 -0.0037140718440610955 8.751456503517829e-05 0.0011498350668935587 0.00033916153342829604 0.0060230851620700319 -0.0020272947849852585 -0.0048653476217758399
leaf_weight=8190 37 45 24 49 35 30 53 49 43 28 21 31 38 33 40 42 21 20 43 21 26 71 50 69 44 355 29 36 37 50
leaf_count=8190 37 45 24 49 35 30 53 49 43 28 21 31 38 33 40 42 21 20 43 21 26 71 50 69 44 355 29 36 37 50
internal_value=0.00010766 6.23506e-05 0.000108582 0.00528302 0.00858896 0.0166154 0.00326531 -8.54153e-06 -0.00430769 -0.00202899 0.000171674 0.00368098 0.0101961 0.00125 -0.00721311 -0.008 0.00864865 0.000146002 -0.00952381 0.000213856 0.000165234 -3.79867e-05 6.22531e-05 -4.33578e-05 -0.0109735 0.00337711 0.00244576 -0.00473684 0.00383562 -0.0126582
internal_weight=9660 9623 9578 212 163 65 98 9366 325 276 233 163 102 64 61 70 74 9041 63 8978 8957 8424 8353 8303 113 533 507 152 73 79
internal_count=9660 9623 9578 212 163 65 98 9366 325 276 233 163 102 64 61 70 74 9041 63 8978 8957 8424 8353 8303 113 533 507 152 73 79
is_linear=0
shrinkage=0.08


Tree=120
num_leaves=31
num_cat=0
split_feature=4 4 8 33 33 33 31 25 5 1 33 6 6 4 1 39 13 15 7 13 4 4 4 4 6 1 4 4 8 33
split_gain=0.71195 1.86993 1.37823 2.09552 1.21796 1.8751 1.04206 1.75086 1.83548 1.30561 1.30451 0.731363 1.57509 1.91961 3.11388 2.46949 2.10051 1.89267 1.37352 2.37146 1.29229 2.48952 5.88969 4.22032 2.44869 1.8119 1.87929 3.91852 2.64838 1.77857
threshold=1.0000000180025095e-35 1.5000000000000002 1.2965424702835662 0.25550000000000056 0.37955000000000011 0.51410000000000011 17.071750000000005 15.662100000000001 15.384750000000002 11.500000000000002 0.034500000000000426 0.29934151911072543 0.32972266717947313 16.500000000000004 3.5000000000000004 76.382272559095867 19.437050000000003 14.197750000000001 15.769224166666667 16.900950000000005 10.500000000000002 16.500000000000004 14.500000000000002 15.500000000000002 0.29217317706166751 22.500000000000004 20.500000000000004 27.500000000000004 1.4421042757918003 0.034449999999999655
decision_type=2 2 2 2 2 2 2 2 2 2 2 2 2 2 2 2 2 2 2 2 2 2 2 2 2 2 2 2 2 2
left_child=6 2 3 -2 -5 -6 7 8 9 -1 -9 20 -13 15 17 -14 -17 -15 -19 -20 -3 22 -22 -24 25 29 -27 -28 -29 -23
right_child=1 11 -4 4 5 -7 -8 10 -10 -11 -12 12 13 14 -16 16 -18 18 19 -21 21 24 23 -25 -26 26 27 28 -30 -31
leaf_value=0.0017787097133546582 0.01004354313345175 -0.00026166813194834049 0.011188853046643174 -0.0014451266046764033 0.0069192804778680289 -0.00098335634314764778 -0.0032670619943972667 -0.0034834270631876052 -0.0052801208516218166 -0.0055217691956754326 0.0028753900961812208 -0.0015399355466405495 -0.0059911747644348168 0.0016939225278274962 -3.700281472617917e-05 0.00083547974091231943 0.020810659378648923 -0.012419537839381007 -4.1360276994169e-05 -0.0074307920582870682 1.7666591471510174e-05 0.00016296165595150569 0.0096977289207183046 0.0018477634444165859 0.0013557266939790225 -0.0066567204048411099 0.26243684778521359 -0.04879751833436103 0.023279089365057928 -0.00030337296689793904
leaf_weight=32 30 1211 27 41 25 38 30 22 28 25 24 149 22 20 856 325 26 63 74 47 523 3057 132 131 63 20 36 25 29 2529
leaf_count=32 30 1211 27 41 25 38 30 22 28 25 24 149 22 20 856 325 26 63 74 47 523 3057 132 131 63 20 36 25 29 2529
internal_value=5.7971e-05 0.000147384 0.00869565 0.00537313 0 0.00698413 -0.00521739 -0.0021374 -0.00894118 -0.000701754 0.0104348 0 -0.00156764 -0.000753664 -0.00249057 0.00418231 0.00581197 -0.0113725 -0.013913 -0.00892562 0.000319752 0.000763942 0.00498728 0.0147529 0.000187533 1.40449e-05 0.0101818 0.0151111 0.00148148 -0.00018618
internal_weight=9660 9499 161 134 104 63 161 131 85 57 46 9338 1582 1433 1060 373 351 204 184 121 7756 6545 786 263 5759 5696 110 90 54 5586
internal_count=9660 9499 161 134 104 63 161 131 85 57 46 9338 1582 1433 1060 373 351 204 184 121 7756 6545 786 263 5759 5696 110 90 54 5586
is_linear=0
shrinkage=0.08


Tree=121
num_leaves=31
num_cat=0
split_feature=4 4 8 8 23 6 27 1 1 8 8 5 29 8 15 6 33 13 33 4 4 27 8 15 23 27 33 27 6 19
split_gain=0.692369 2.35218 1.25543 1.10891 2.77448 1.44241 1.28699 0.969776 2.83393 0.947022 1.05993 1.225 0.97821 0.843695 1.47 1.00192 1.0803 0.813808 0.797428 1.58488 5.27273 1.76338 1.55815 1.4731 1.4067 1.3335 1.23321 2.25146 1.78004 2.27701
threshold=55.500000000000007 54.500000000000007 1.7064975938968319 1.3588370419617404 15.4565 0.18268492235880457 14.214150000000002 1.5000000000000002 1.0000000180025095e-35 1.3341716577832046 0.20594419360233868 14.634903333333336 17.403550000000006 0.57247871437415354 15.625350000000003 0.21683218376363675 0.14759999999999887 15.523850000000001 0.25550000000000056 31.500000000000004 35.500000000000007 14.148300000000001 1.1357085163796257 14.481250000000001 14.148300000000001 14.043850000000001 0.037950000000000379 18.197700000000005 0.20527846266152436 17.042850000000005
decision_type=2 2 2 2 2 2 2 2 2 2 2 2 2 2 2 2 2 2 2 2 2 2 2 2 2 2 2 2 2 2
left_child=1 18 3 5 -5 6 -2 8 -7 10 11 -3 17 15 -15 16 -9 -12 26 25 22 24 -21 -23 -22 -20 -1 28 29 -28
right_child=2 9 -4 4 -6 7 -8 13 -10 -11 12 -13 -14 14 -16 -17 -18 -19 19 20 21 23 -24 -25 -26 -27 27 -29 -30 -31
leaf_value=4.5898748094259649e-05 0.00043283432633629105 -0.004365365067992997 0.0065687947256969897 0.0011500205660319551 -0.009629509750963194 -0.00039791611834097298 -0.0025589369780491468 0.0024965966545955356 0.10500136067487596 -0.0078797296052636051 -0.0030180526808705112 -0.0084295987441137046 -0.0043193829920559782 -0.0010669848038237007 0.0061994633754089536 -0.00036040231378713371 -0.0010010836925211208 0.0017855685347938533 0.0016919039619558874 -0.0072737119495104707 -3.4382317040240195e-05 0.0025701823141230308 6.6458978617802699e-05 0.00041212912631515052 -0.0053767500217318798 0.0004467558069316624 -0.00015363846186716045 0.0030937893701519672 -0.00084666400510712946 0.0036015853124958144
leaf_weight=4961 24 20 43 22 26 20 44 118 28 25 29 20 31 20 30 248 21 36 73 95 33 55 28 528 24 1188 679 113 1010 68
leaf_count=4961 24 20 43 22 26 20 44 118 28 25 29 20 31 20 30 248 21 36 73 95 33 55 28 528 24 1188 679 113 1010 68
internal_value=7.45342e-05 -0.000106477 0.0026087 0.00166389 -0.01 0.00267631 -0.00823529 0.00420619 0.015 -0.00968944 -0.00705882 -0.018 -0.0025 0.00302059 0.0128 0.00175711 0.00719424 0.00307692 6.77583e-05 0.00146245 -0.00141547 0.0015 -0.0165854 0.00281304 -0.0119298 0.00320381 -0.000345484 -0.00209626 -0.00280023 0.000160643
internal_weight=9660 9016 644 601 48 553 68 485 48 161 136 40 96 437 50 387 139 65 8855 2024 763 640 123 583 57 1261 6831 1870 1757 747
internal_count=9660 9016 644 601 48 553 68 485 48 161 136 40 96 437 50 387 139 65 8855 2024 763 640 123 583 57 1261 6831 1870 1757 747
is_linear=0
shrinkage=0.08


Tree=122
num_leaves=31
num_cat=0
split_feature=39 4 15 19 31 27 5 15 7 39 25 1 19 5 7 7 7 13 1 23 23 5 29 33 27 29 7 21 31 15
split_gain=0.63376 0.975426 0.886801 0.626832 0.587062 0.829188 2.20937 1.62718 1.37504 1.6 1.16667 1.07848 0.910038 0.81337 1.58824 1.02668 1.69808 0.668473 1.38835 1.98171 1.73708 1.35554 1.38603 1.71905 1.35342 2.04953 1.89026 1.56244 2.59654 1.5772
threshold=75.143283985082761 25.500000000000004 9.6461500000000004 14.716850000000003 14.000100000000002 14.214150000000002 14.138806666666669 14.131850000000002 14.125302500000002 76.3667750061622 14.197750000000001 8.5000000000000018 14.362500000000002 14.125583333333337 14.195489166666668 14.839730833333336 16.097125833333337 14.153300000000002 1.0000000180025095e-35 14.18125 14.214150000000002 14.136576666666668 14.000100000000002 -0.033750000000000384 14.543600000000001 14.148300000000001 14.649417500000002 14.934950000000002 14.883000000000001 14.968750000000002
decision_type=2 2 2 2 2 2 2 2 2 2 2 2 2 2 2 2 2 2 2 2 2 2 2 2 2 2 2 2 2 2
left_child=1 -1 -2 -3 5 6 7 10 9 -9 12 -8 -4 -7 -15 -16 -17 18 -6 21 -21 -20 -23 -24 26 -26 -19 28 -27 -29
right_child=2 3 4 -5 17 13 11 8 -10 -11 -12 -13 -14 14 15 16 -18 24 19 20 -22 22 23 -25 25 27 -28 29 -30 -31
leaf_value=-0.00024300374726252016 -0.0041379149710198248 9.3172135850210226e-05 -0.0038122856221863089 0.0074809825375393756 -0.0028705954605021591 -0.0012790671205452498 -0.00020463041658956628 -0.0030419274134605703 0.002468100665574582 0.0022429589669245333 0.0027018792640265588 -0.0088320254020698031 0.0004017860883107005 0.0034923124734827127 -0.0024582654482806277 0.0073061951260950768 -0.0053202392658720041 0.00017365300364218683 -8.2582061181852854e-05 0.0031730062232820447 9.6337868322677876e-05 -0.0052925574076083141 0.0021308738500822955 -0.0015112668892151503 0.0042014003896363762 -0.00017906935944559166 0.0013769488886683234 0.0014526649368255561 -0.0025666840580186091 -1.188631482676783e-05
leaf_weight=35 23 28 32 24 49 36 39 20 34 20 21 29 22 34 27 21 20 731 240 41 107 41 20 120 21 654 112 215 211 6633
leaf_count=35 23 28 32 24 49 36 39 20 34 20 21 29 22 34 27 21 20 731 240 41 107 41 20 120 21 654 112 215 211 6633
internal_value=9.93789e-05 0.00689655 3.76058e-05 0.0138462 7.53927e-05 0.00326761 0.000184332 0.00563758 0.0140541 0.004 -0.00266667 -0.0117647 -0.00888889 0.00811594 0.0117647 0.00470588 0.0126829 -4.78521e-05 -0.002589 -0.00147627 0.00648649 -0.00427553 -0.00950276 -0.00571429 0.000135245 -0.000196535 0.00317912 -0.000264489 -0.00346821 0.000140187
internal_weight=9660 87 9573 52 9550 355 217 149 74 40 75 68 54 138 102 68 41 9195 618 569 148 421 181 140 8577 7734 843 7713 865 6848
internal_count=9660 87 9573 52 9550 355 217 149 74 40 75 68 54 138 102 68 41 9195 618 569 148 421 181 140 8577 7734 843 7713 865 6848
is_linear=0
shrinkage=0.08


Tree=123
num_leaves=31
num_cat=0
split_feature=21 17 23 39 13 6 31 17 25 17 4 6 29 7 25 5 27 8 31 39 21 39 1 21 6 4 13 1 4 7
split_gain=0.81333 1.3319 0.939461 0.923011 0.868752 1.1896 1.73804 0.743251 2.12388 1.7276 1.31689 0.960162 2.1691 0.716367 1.68889 1.40253 1.89586 1.60851 1.2872 1.19188 2.11593 1.16239 1.33043 0.81 0.786047 2.10396 2.2133 1.83825 1.56494 1.68715
threshold=13.818850000000003 14.043850000000001 13.851850000000002 76.845295938851038 14.716850000000003 0.20225504466154273 14.153300000000002 13.917650000000002 14.09895 13.851850000000002 17.500000000000004 0.22451676806660581 14.329500000000001 14.1233725 13.884750000000002 14.127790000000003 14.344400000000002 1.5457098130203328 14.362500000000002 76.845295938851038 14.284200000000002 76.3667750061622 5.5000000000000009 14.066000000000001 0.29934151911072543 16.500000000000004 19.662150000000004 2.5000000000000004 30.500000000000004 16.947876666666669
decision_type=2 2 2 2 2 2 2 2 2 2 2 2 2 2 2 2 2 2 2 2 2 2 2 2 2 2 2 2 2 2
left_child=1 -1 4 -3 5 -2 -7 8 9 -4 -10 -12 -13 15 18 19 17 -17 -15 21 -21 22 -9 -24 -16 26 -26 28 29 -27
right_child=2 3 7 -5 -6 6 -8 13 10 -11 11 12 -14 14 24 16 -18 -19 -20 20 -22 -23 23 -25 25 27 -28 -29 -30 -31
leaf_value=-0.0033079468165034599 -0.0038192501418766512 0.0050311783958527203 -0.004864958695581123 0.00076271199982521406 -0.0018871762042033426 -0.0044931294969814675 0.0020362845946243625 -0.0046866268521229418 0.0014753389269989725 0.00019540466172941252 -0.0012939547238836014 0.0029828495176943194 -0.00026014733598429986 0.0026166792010477026 4.5607002936876029e-05 -0.0046187383461214889 0.0017898213296113142 0.0004264511491297185 0.00042936902737537256 -0.0020662338391058198 0.0011839928360579677 0.0011272244309672886 0.0032208271160742187 -0.0015314464459896726 0.00021525376776480699 -0.015693950225909675 0.01945173922259727 -0.00021806950923220826 -0.00060983298987423492 -0.00022159628253689333
leaf_weight=23 22 20 29 44 25 20 21 23 33 35 26 21 29 37 7562 81 28 24 40 26 23 36 25 20 365 68 21 829 64 40
leaf_count=23 22 20 29 44 25 20 21 23 33 35 26 21 29 37 7562 81 28 24 40 26 23 36 25 20 365 68 21 829 64 40
internal_value=0.000115942 0.00781609 4.59626e-05 0.01375 -0.00818182 -0.0031746 0.00487805 0.000122298 0.00531792 -0.00625 0.0121101 0.00631579 0.0128 2.57732e-05 0.000150676 -0.00391608 -0.00992481 -0.0148571 0.0119481 0.00130719 -0.00897959 0.00615385 0 0.008 4.91675e-05 -0.00170151 0.00331606 -0.00363636 -0.0111628 -0.017037
internal_weight=9660 87 9573 64 88 63 41 9485 173 64 109 76 50 9312 9026 286 133 105 77 153 49 104 68 45 8949 1387 386 1001 172 108
internal_count=9660 87 9573 64 88 63 41 9485 173 64 109 76 50 9312 9026 286 133 105 77 153 49 104 68 45 8949 1387 386 1001 172 108
is_linear=0
shrinkage=0.08


Tree=124
num_leaves=31
num_cat=0
split_feature=19 23 39 7 21 21 6 23 21 29 4 7 15 23 31 19 7 5 4 15 31 13 8 13 19 33 7 29 39 23
split_gain=0.624133 1.93356 1.78534 1.48442 1.15652 2.08467 1.62882 1.32611 1.12005 1.08971 1.00397 1.20874 0.997253 0.961541 0.910488 1.0578 0.884891 2.12487 1.3641 1.27473 1.56056 1.16667 1.02887 0.871604 0.853665 1.89708 1.52344 1.4043 1.52422 2.30035
threshold=17.911800000000003 14.543600000000001 91.286024517204865 18.110825000000002 18.197700000000005 18.087200000000003 0.25865100968715726 17.752500000000001 19.886300000000002 18.556400000000004 40.500000000000007 18.710550000000001 18.042600000000004 19.979150000000001 18.275250000000003 18.605250000000002 18.090704166666672 18.07493666666667 20.500000000000004 18.275250000000003 18.275250000000003 18.087200000000003 0.24875086881612732 17.993150000000004 18.158950000000001 0.36114999999999947 18.071590833333335 18.197700000000005 97.842033181935662 17.993150000000004
decision_type=2 2 2 2 2 2 2 2 2 2 2 2 2 2 2 2 2 2 2 2 2 2 2 2 2 2 2 2 2 2
left_child=3 -2 -3 8 5 9 23 -6 13 14 11 -9 -5 16 15 24 17 -1 -19 20 22 -18 -20 -7 25 26 -4 28 29 -28
right_child=1 2 4 12 7 6 -8 10 -10 -11 -12 -13 -14 -15 -16 -17 21 18 19 -21 -22 -23 -24 -25 -26 -27 27 -29 -30 -31
leaf_value=1.0805681545349444e-05 0.014400299274328888 -0.0026276963886104456 0.0048636420250414859 -0.0037506917748285672 0.0042360654418774858 -0.0025720022371214669 0.00066656097061468245 0.00029596291958327469 -0.0016444141588081607 0.0050925055393743436 0.0021520390056258519 -0.0045607834486185083 -0.00096382467044378475 0.0032900334871324333 -0.0010929999523204971 -0.0016747889358774159 0.00091319092304956943 -0.004851218694942077 -0.0051974114731297054 0.0019907359263083889 0.00028016665237217352 0.0058943083314700571 -0.0021218234665019509 -0.0031348246110059108 0.0010695447590222784 0.0041511121329617139 -0.0026981304236136337 -0.0053338987729867424 -0.0028464899739788054 0.0037104777975756065
leaf_weight=8336 22 46 34 26 25 24 22 184 27 36 61 25 28 26 36 36 32 40 29 31 40 24 21 38 177 20 35 26 78 75
leaf_count=8336 22 46 34 26 25 24 22 184 27 36 61 25 28 26 36 36 32 40 29 31 40 24 21 38 177 20 35 26 78 75
internal_value=0.00010766 0.002 0.00147239 -0.000110855 0.00223176 0.000313972 -0.0114286 0.00637288 -2.78875e-05 0.00209765 0.00474074 0.00210526 -0.0133333 2.33127e-05 0.00116054 0.002079 -2.33836e-05 -8.94433e-05 -0.00919255 -0.00495868 -0.00977778 0.01 -0.0192 -0.0180645 0.00314607 0.000298507 -0.0016129 -0.00411215 -0.00170213 0.00436364
internal_weight=9660 1000 978 8660 932 637 84 295 8606 553 270 209 54 8579 517 481 8553 8497 161 121 90 56 50 62 445 268 248 214 188 110
internal_count=9660 1000 978 8660 932 637 84 295 8606 553 270 209 54 8579 517 481 8553 8497 161 121 90 56 50 62 445 268 248 214 188 110
is_linear=0
shrinkage=0.08


Tree=125
num_leaves=31
num_cat=0
split_feature=4 4 4 19 21 23 13 4 4 33 8 13 13 7 8 1 1 6 8 25 19 33 2 33 5 29 21 27 33 27
split_gain=0.674859 9.28181 3.38199 2.37827 2.10831 2.07531 3.28079 1.90405 1.69527 2.44032 1.72524 1.6933 1.59993 1.58678 1.55181 1.25043 3.70735 3.188 3.11882 1.85749 1.56473 1.52829 2.15999 1.33236 1.25751 1.19311 1.18563 1.10474 1.77908 1.71745
threshold=16.500000000000004 14.500000000000002 15.500000000000002 18.894150000000003 18.605250000000002 14.543600000000001 15.736050000000002 20.500000000000004 21.500000000000004 0.40644999999999959 0.23742725676970511 15.355800000000002 18.556400000000004 15.667507500000001 0.24707989090117086 2.5000000000000004 1.5000000000000002 0.81197606220729701 1.5855685391679926 14.153300000000002 18.356750000000002 0.65899999999999992 3.5000000000000004 0.62230000000000019 15.778950000000002 17.911800000000003 17.403550000000006 14.043850000000001 0.16420000000000015 14.153300000000002
decision_type=2 2 2 2 2 2 2 2 2 2 2 2 2 2 2 2 2 2 2 2 2 2 2 2 2 2 2 2 2 2
left_child=1 3 5 4 15 -3 11 -2 9 10 -9 -7 -10 -11 -15 16 18 -18 19 -1 21 23 -23 27 -20 26 -4 28 -17 -29
right_child=7 2 25 -5 -6 6 -8 8 12 13 -12 -13 -14 14 -16 20 17 -19 24 -21 -22 22 -24 -25 -26 -27 -28 29 -30 -31
leaf_value=0.0028007610239566818 -0.0012035389640712424 0.010682965701610101 0.00172204597980965 0.036720024173287701 -0.0049264199953411494 0.0062500737327975744 0.013901203927614745 0.0031990088616353773 7.6671482968748712e-06 -0.0033074870174385753 0.0075283049976182783 -0.001927215062440979 -0.0010864961527327921 0.0056540720167367912 -0.001937491158461313 2.1048683950084525e-05 0.085965377740893842 0.0016606009466204341 0.0020020365155439634 -0.003519799313557712 -0.0049294294909496732 -0.0021286748929728104 0.00042386125869526837 0.0044020948321406199 0.0013678845432087883 0.0027765022422077835 -0.0036825590852117784 -0.0026783704840867982 0.0016466029755136447 -7.7676673483466634e-05
leaf_weight=21 644 33 115 25 22 27 75 37 5978 34 33 26 140 29 28 57 38 42 28 111 36 41 29 20 37 20 26 91 24 1793
leaf_count=21 644 33 115 25 22 27 75 37 5978 34 33 26 140 29 28 57 38 42 28 111 36 41 29 20 37 20 26 91 24 1793
internal_value=9.10973e-05 0.00115455 0.013913 -0.000546584 -0.000803347 0.0221118 0.0175 -0.000329337 9.55566e-05 0.00819876 0.0194286 0.00226415 -0.000117686 -0.00043956 0.0077193 -0.000574324 0.00447653 0.019 -0.00142132 -0.00848485 -0.00124342 -0.000953771 -0.0125714 -0.000544081 0.0129231 0.00571429 0.00312057 -0.000753181 0.00839506 -0.0011465
internal_weight=9660 2737 322 2415 2390 161 128 6923 6279 161 70 53 6118 91 57 2368 277 80 197 132 2091 2055 70 1985 65 161 141 1965 81 1884
internal_count=9660 2737 322 2415 2390 161 128 6923 6279 161 70 53 6118 91 57 2368 277 80 197 132 2091 2055 70 1985 65 161 141 1965 81 1884
is_linear=0
shrinkage=0.08


Tree=126
num_leaves=31
num_cat=0
split_feature=29 7 27 8 23 15 5 7 13 39 7 33 4 13 13 29 33 15 33 27 8 39 27 6 21 5 6 5 1 29
split_gain=0.729342 1.50697 1.34726 0.912023 0.971518 1.86778 1.46443 1.54822 1.69194 1.42179 1.54313 1.65344 1.34957 1.28765 2.65932 1.28187 1.06443 1.84091 1.25358 1.15201 1.49264 1.58169 1.37847 1.92481 1.50497 1.62127 2.02017 1.84243 2.48694 1.57721
threshold=17.887500000000003 18.100093333333337 18.243650000000006 1.9814129932576601 16.817100000000003 16.158800000000003 17.198476666666668 17.02900416666667 17.071750000000005 96.699292568247472 18.074944166666672 -0.72444999999999904 13.500000000000002 17.846600000000006 18.120150000000006 18.243650000000006 0.63905000000000023 18.120150000000006 0.52219999999999989 17.846600000000006 0.24330763928915569 97.842033181935662 17.911800000000003 0.22167110709116863 17.955650000000002 18.099103333333336 0.26049885565119302 18.069570000000002 11.500000000000002 17.955650000000002
decision_type=2 2 2 2 2 2 2 2 2 2 2 2 2 2 2 2 2 2 2 2 2 2 2 2 2 2 2 2 2 2
left_child=1 -1 -3 4 5 -2 -6 -8 -9 15 12 -12 -11 -14 -15 -10 18 -18 19 20 -13 -22 23 -21 29 27 -27 -26 -29 -24
right_child=3 2 -4 -5 6 -7 7 8 9 10 11 16 13 14 -16 -17 17 -19 -20 22 21 -23 24 -25 25 26 -28 28 -30 -31
leaf_value=-8.6209644240398121e-06 0.0012497579471417452 -0.0028623408688196149 0.00089314556042182855 0.0075843019525379416 0.0060602097871785077 -0.0094566298545129962 -0.0014428922226979069 0.0070032502367450887 -0.003280388008788293 -0.0027172882992002202 0.0039660549725816455 -4.6733347491425548e-05 -0.0001892996328604113 0.010525436382891655 0.00046379318108648706 0.00013677105549248837 0.0036321888467844587 -0.00092572507229220951 -0.0028938086782287088 0.00017932091089676306 0.0013510437888812987 0.0064356683547791248 -0.0034163170420421808 -0.0028750440482396299 -0.00062746629334355932 -0.001908808094989638 0.00052940208470317882 0.0045202546116303215 -0.00045288153436786162 0.0026470966607797662
leaf_weight=8513 25 39 20 22 31 20 42 24 33 29 20 40 21 41 33 37 22 22 35 36 22 24 35 76 49 67 55 47 42 138
leaf_count=8513 25 39 20 22 31 20 42 24 33 29 20 40 21 41 33 37 22 22 35 36 22 24 35 76 49 67 55 47 42 138
internal_value=0.00010766 -0.000139991 -0.0128814 0.00205882 0.00172608 -0.00977778 0.0022331 0.00169697 0.00236287 0.00181818 0.00271663 0.00131507 0.0109677 0.0155789 0.0205405 -0.00914286 0.000676056 0.0127273 -0.00012012 0.000697306 0.00930233 0.0191304 -0.00066055 -0.00857143 0.00138568 -0.00246154 -0.00918033 0.00347826 0.0103371 0.00716763
internal_weight=9660 8572 59 1088 1066 45 1021 990 948 924 854 730 124 95 74 70 710 44 666 631 86 46 545 112 433 260 122 138 89 173
internal_count=9660 8572 59 1088 1066 45 1021 990 948 924 854 730 124 95 74 70 710 44 666 631 86 46 545 112 433 260 122 138 89 173
is_linear=0
shrinkage=0.08


Tree=127
num_leaves=31
num_cat=0
split_feature=31 23 31 25 21 21 6 19 17 6 6 15 31 5 1 1 4 4 17 19 25 29 4 6 6 4 15 8 31 7
split_gain=0.682019 1.39961 1.66737 0.807124 1.43156 0.712481 1.20103 1.09472 1.03213 0.653643 1.06978 1.61397 0.930867 1.36111 0.698702 1.77286 4.46929 7.09037 1.81581 1.80282 2.56906 1.92822 1.59266 2.44745 2.12203 1.20434 1.50806 1.19895 2.42408 2.66591
threshold=19.979150000000001 18.087200000000003 21.067900000000005 21.645750000000003 21.645750000000003 19.787800000000001 4.1392035428181444 12.978900000000001 12.978900000000001 3.2096536544786503 2.8672400861295499 16.144550000000006 13.818850000000003 14.129996666666669 11.500000000000002 10.500000000000002 29.500000000000004 20.500000000000004 18.681650000000001 15.692450000000003 16.824400000000001 14.817800000000002 1.0000000180025095e-35 0.20460335445175018 0.23133056084196241 1.5000000000000002 15.426750000000002 0.370621053769919 15.490150000000002 14.649417500000002
decision_type=2 2 2 2 2 2 2 2 2 2 2 2 2 2 2 2 2 2 2 2 2 2 2 2 2 2 2 2 2 2
left_child=3 -2 -3 4 5 6 7 -1 -9 10 12 -12 13 -10 15 18 17 19 -14 21 -21 -17 23 -16 -25 26 -24 -27 29 -29
right_child=1 2 -4 -5 -6 -7 -8 8 9 -11 11 -13 14 -15 22 16 -18 -19 -20 20 -22 -23 25 24 -26 27 -28 28 -30 -31
leaf_value=-0.0010896315580640704 -0.00079358523524035722 -0.002593019090635096 0.0048831042036323428 -0.0026711818078729264 0.0043015361906725506 -0.0014784485006212834 0.034665718075534077 0.0075948750570519509 -0.0021966110698781452 0.0078345061918111015 0.00021783982020053826 -0.005046718116402644 1.6965579236085658e-05 0.0051214457250459587 -0.0061880622222110302 0.00091416616720607635 -0.0003122159108202993 0.28416695261734165 0.0091546418059579079 0.0053383637560706632 0.00035045543751436979 -0.0052253139075639863 -0.0008856960731326069 0.00076917863398008992 -0.0043660116669310871 1.266804842714464e-07 0.0078160581688197801 -0.0018279575151785821 -0.0012677950933326087 0.0014582528655471805
leaf_weight=39 40 21 22 20 21 43 25 24 20 38 29 24 4463 25 24 37 158 63 39 25 46 34 26 23 28 3372 50 124 605 152
leaf_count=39 40 21 22 20 21 43 25 24 20 38 29 24 4463 25 24 37 158 63 39 25 46 34 26 23 28 3372 50 124 605 152
internal_value=-8.28157e-06 -0.00722892 0.0027907 5.42968e-05 8.78937e-05 4.19463e-05 8.84863e-05 4.22476e-05 9.75713e-05 5.52897e-05 1.28109e-05 -0.0113208 7.7303e-05 0.0115556 2.15773e-05 0.000682425 0.00606061 0.0138537 0.000248778 0.00394366 0.0129577 -0.00507042 -0.000708447 -0.0122667 -0.00235294 -0.000508201 0.00947368 -0.000686574 -0.00331442 0.00289855
internal_weight=9660 83 43 9577 9557 9536 9493 9468 9429 9405 9367 53 9314 45 9269 4865 363 205 4502 142 71 71 4404 75 51 4329 76 4253 881 276
internal_count=9660 83 43 9577 9557 9536 9493 9468 9429 9405 9367 53 9314 45 9269 4865 363 205 4502 142 71 71 4404 75 51 4329 76 4253 881 276
is_linear=0
shrinkage=0.08


Tree=128
num_leaves=31
num_cat=0
split_feature=5 17 31 29 27 4 23 15 21 8 5 23 6 13 7 33 31 15 6 8 31 1 21 15 4 21 17 33 19 6
split_gain=0.630031 1.91874 1.92466 1.55909 1.18039 1.01225 1.49724 1.12741 0.990149 1.26411 0.692286 0.761063 1.77242 1.4779 1.17189 1.66181 0.730743 1.97067 1.96388 1.49113 1.50048 1.31139 1.15343 0.92803 0.769231 0.763678 1.54362 1.76523 1.40663 1.29815
threshold=18.142023333333338 18.681650000000001 17.403550000000006 19.979150000000001 19.886300000000002 48.500000000000007 18.275250000000003 18.197700000000005 19.979150000000001 3.5134649833721672 18.133976666666673 18.478250000000003 0.2504971024279477 18.605250000000002 16.175352500000006 -0.52325000000000077 18.275250000000003 17.911800000000003 0.25703647690540665 0.49197340289098257 18.478250000000003 3.5000000000000004 16.824400000000001 17.133600000000005 40.500000000000007 17.993150000000004 18.410200000000007 0.19765000000000035 18.158950000000001 0.24511183328034655
decision_type=2 2 2 2 2 2 2 2 2 2 2 2 2 2 2 2 2 2 2 2 2 2 2 2 2 2 2 2 2 2
left_child=8 4 -3 -4 5 6 7 -2 9 10 11 16 -13 14 -14 -16 25 18 -18 20 24 -20 -23 -24 -19 28 -27 -28 -1 -30
right_child=1 2 3 -5 -6 -7 -8 -9 -10 -11 -12 12 13 -15 15 -17 17 19 21 -21 -22 22 23 -25 -26 26 27 -29 29 -31
leaf_value=7.7691892741427182e-07 -0.0037642225232383452 -0.00099098378394273817 0.0084127887512070749 -0.0015675416977364875 0.00053433917738914265 -0.0006614689258657336 -0.0048425939362195438 0.00039610087395857362 -0.00083495950926703699 0.0074610650145243082 0.0033069987957264858 -0.0037194257725300874 -0.0044262009050478925 -0.001286171803349987 0.0048465039574377049 -0.00023933898277789467 -0.0014673305645195001 0.0024535036233262987 0.0071763498964429575 0.0064344851588570865 -0.00064759914856594492 -0.0015327453197210162 0.0084972930294607354 -0.001368529806195511 1.4306453311263567e-05 -0.00099062828450968265 0.0048909260999198522 -0.00050522142152715339 0.0044230999847277982 0.00017311719089263989
leaf_weight=8341 29 24 35 20 29 29 27 20 31 33 29 26 26 21 28 48 37 52 21 30 38 37 20 24 20 313 54 29 64 125
leaf_count=8341 29 24 35 20 29 29 27 20 31 33 29 26 26 21 28 48 37 52 21 30 38 37 20 24 20 313 54 29 64 125
internal_value=-1.65631e-05 -0.00431925 0.00556962 0.0138182 -0.0101493 -0.0140952 -0.0189474 -0.0106122 8.04488e-05 0.000127443 7.24715e-05 3.421e-05 -0.00563758 -0.00162602 0.00235294 0.00736842 0.000126018 0.00415771 -0.00258993 0.0108571 0.00654545 0.00313725 -0.00148148 0.00727273 0.0133333 0 -0.00343434 0.00626506 0.000159437 0.00698413
internal_weight=9660 213 79 55 134 105 76 49 9447 9416 9383 9354 149 123 102 76 9205 279 139 140 110 102 81 44 72 8926 396 83 8530 189
internal_count=9660 213 79 55 134 105 76 49 9447 9416 9383 9354 149 123 102 76 9205 279 139 140 110 102 81 44 72 8926 396 83 8530 189
is_linear=0
shrinkage=0.08


Tree=129
num_leaves=31
num_cat=0
split_feature=5 21 31 17 25 15 19 4 5 1 39 33 31 29 31 4 4 33 7 8 19 31 19 1 25 5 6 33 7 31
split_gain=0.67737 1.39943 1.63941 1.58404 1.93608 1.84986 1.59625 1.43803 1.32906 1.22721 1.0721 0.990327 0.92234 0.91395 2.12572 2.04011 3.9147 2.0774 1.69426 2.57895 2.42517 2.26528 1.49246 1.80483 1.74383 1.78759 1.19899 1.18885 1.38135 1.08048
threshold=18.112516666666671 17.228650000000005 21.645750000000003 17.955650000000002 17.993150000000004 18.556400000000004 18.158950000000001 17.500000000000004 19.41397666666667 9.5000000000000018 97.842033181935662 0.31620000000000031 18.042600000000004 17.911800000000003 18.517300000000002 14.500000000000002 17.500000000000004 0.48299999999999882 18.123570000000004 0.25265285549247862 15.4565 18.197700000000005 18.087200000000003 14.500000000000002 18.087200000000003 18.077616666666671 0.22732955444594261 0.32200000000000101 16.13090166666667 18.314050000000005
decision_type=2 2 2 2 2 2 2 2 2 2 2 2 2 2 2 2 2 2 2 2 2 2 2 2 2 2 2 2 2 2
left_child=13 -2 3 4 -3 9 -6 -7 -9 10 -5 -12 -11 14 29 22 -17 18 19 21 -21 -18 23 24 25 -15 -23 28 -16 -1
right_child=1 2 -4 5 6 7 -8 8 -10 12 11 -13 -14 15 27 16 17 -19 -20 20 -22 26 -24 -25 -26 -27 -28 -29 -30 -31
leaf_value=-1.8061898148857836e-05 -0.00073235488389997269 0.0080479332456742728 0.0038194327672451322 0.0023366307134858742 0.0005479077282308254 0.018895872923391722 -0.0017032985038193261 0.00016494221821716337 -0.0049845527139397916 -0.0031887225990325876 -0.0022844939879902884 -0.00014788124946932157 -0.0022290557315542969 0.0070946660933118725 -0.0036726436851790825 0.0078028201167626319 -0.00024721154394853785 -0.002759225494836386 -0.0029868859363092783 -0.0019589251202404511 0.0047547721966101622 0.0029010966588491273 -0.002059689885789453 -0.0019147509076420021 -0.00093736966658724446 0.0010113019853170613 0.00010146406891720972 -0.0025581556051741928 0.0019281937399460959 0.0026938344146785198
leaf_weight=8431 23 28 20 39 35 21 23 31 20 20 42 22 27 20 20 55 209 54 28 22 143 20 77 34 35 27 23 22 36 53
leaf_count=8431 23 28 20 39 35 21 23 31 20 20 42 22 27 20 20 55 209 54 28 22 143 20 77 34 35 27 23 22 36 53
internal_value=-8.28157e-05 -0.00353276 -0.00219512 -0.00363636 0.0055814 -0.00720721 -0.00275862 0.00333333 -0.00392157 -0.0122667 -0.00737864 -0.01375 -0.0229787 4.72661e-05 -0.000186872 0.00273092 0.00519856 0.00296593 0.00476404 0.00604317 0.0138182 0.000952381 -0.00435233 0.00137931 0.00780488 0.0178723 0.0176744 -0.0133333 -0.00714286 -6.60066e-05
internal_weight=9660 351 328 308 86 222 58 72 51 150 103 64 47 9309 8562 747 554 499 445 417 165 252 193 116 82 47 43 78 56 8484
internal_count=9660 351 328 308 86 222 58 72 51 150 103 64 47 9309 8562 747 554 499 445 417 165 252 193 116 82 47 43 78 56 8484
is_linear=0
shrinkage=0.08


Tree=130
num_leaves=31
num_cat=0
split_feature=31 29 23 27 7 8 19 27 8 6 33 33 6 21 17 6 31 25 8 8 7 27 21 1 6 19 19 13 31 39
split_gain=0.78387 0.999136 0.988107 2.12589 1.4881 1.57336 1.41608 1.24839 1.02042 0.957173 1.97469 2.00539 1.82751 1.64005 2.72222 1.29323 1.68896 1.28552 1.6642 1.70114 2.36577 1.54098 1.4521 1.29847 1.15648 1.95471 2.41289 1.76731 1.3998 2.36346
threshold=19.662150000000004 19.315350000000006 18.478250000000003 17.887500000000003 17.556717500000001 0.25489929305110259 17.265850000000004 19.979150000000001 0.23643006285172372 0.29934151911072543 0.26110000000000083 0.32834999999999953 0.32972266717947313 17.363700000000005 18.605250000000002 1.0693335098317929 17.363700000000005 18.275250000000003 0.63810059983439527 1.462533759336071 16.820480000000003 16.001000000000001 14.901200000000001 3.5000000000000004 0.27272974107015518 18.314050000000005 16.938100000000002 17.993150000000004 16.144550000000006 91.446981558200221
decision_type=2 2 2 2 2 2 2 2 2 2 2 2 2 2 2 2 2 2 2 2 2 2 2 2 2 2 2 2 2 2
left_child=1 2 7 6 -5 8 -4 9 -6 24 13 -12 -13 -11 15 -15 -17 18 23 20 21 22 -20 -14 -1 26 28 -28 -26 -30
right_child=-2 -3 3 4 5 -7 -8 -9 -10 10 11 12 17 14 -16 16 -18 -19 19 -21 -22 -23 -24 -25 25 -27 27 -29 29 -31
leaf_value=1.2893004201259829e-05 -0.00026559599254937893 0.00083970625955203109 -0.00032288797323872133 -0.009703409954291687 -0.00038654468651515115 6.4067386507105084e-05 0.0029057767022823101 0.024066056499050886 -0.0043587515703706007 -0.0004378841777681686 0.0010190981951929245 -0.0034556584737441653 0.030985511513633244 -0.0038736075810849968 0.0115220316685609 -0.0034884787222699744 0.01344638057873155 0.0011615643168065048 -0.0040246804331516726 0.0017063991115061584 0.001054329367112814 -0.011966242301293449 0.0013331739409261445 0.00020389125701399281 0.00037759031337031957 0.005827980395683028 -0.00078672324415123289 0.0038506118259292068 0.0087739274925704089 0.0014367722605899758
leaf_weight=7535 102 73 33 21 23 34 45 20 27 770 45 32 23 78 24 35 20 27 21 75 31 29 30 74 96 27 160 33 48 69
leaf_count=7535 102 73 33 21 23 34 45 20 27 770 45 32 23 78 24 35 20 27 21 75 31 29 30 74 96 27 160 33 48 69
internal_value=-8.28157e-05 -8.36995e-06 -8.01265e-05 -0.00590164 -0.0133333 -0.00857143 0.00410256 3.44012e-05 -0.0176 -8.61883e-06 -0.00200913 0.0027907 0.000701754 -0.00401294 -0.011465 -0.0159398 -0.00654545 0.00258065 0.000989399 -0.00344086 -0.00972973 -0.017 -0.00862745 0.00948454 0.000321285 0.0043418 0.00295567 -0.00352332 0.00882629 0.0147009
internal_weight=9660 9558 9485 183 105 84 78 9302 50 9282 1314 387 342 927 157 133 55 310 283 186 111 80 51 97 7968 433 406 193 213 117
internal_count=9660 9558 9485 183 105 84 78 9302 50 9282 1314 387 342 927 157 133 55 310 283 186 111 80 51 97 7968 433 406 193 213 117
is_linear=0
shrinkage=0.08


Tree=131
num_leaves=31
num_cat=0
split_feature=31 25 39 29 8 1 15 39 27 8 5 39 5 31 31 7 29 17 29 31 31 8 29 4 15 5 27 25 1 33
split_gain=0.78387 0.952748 0.962704 0.942683 1.37776 1.45073 0.975305 1.96037 1.25982 1.02265 0.98693 1.33822 1.04827 1.03507 0.949145 1.46659 1.92465 1.72401 1.81731 1.31517 1.1742 1.3216 1.00068 1.93441 1.59338 1.24857 1.28654 1.02054 1.60718 1.60444
threshold=19.662150000000004 19.122800000000002 94.112832549685535 18.410200000000007 0.2394805331106267 19.500000000000004 19.011950000000002 92.060630276994956 19.979150000000001 1.6035382669580101 18.142023333333338 98.743610121024417 18.133976666666673 18.731750000000002 18.275250000000003 18.074944166666672 17.846600000000006 17.993150000000004 17.993150000000004 18.478250000000003 17.955650000000002 0.21726942562209445 18.197700000000005 32.500000000000007 18.042600000000004 18.107136666666673 18.314050000000005 17.783000000000005 7.5000000000000009 0.06900000000000174
decision_type=2 2 2 2 2 2 2 2 2 2 2 2 2 2 2 2 2 2 2 2 2 2 2 2 2 2 2 2 2 2
left_child=3 2 -2 6 -5 -6 8 -8 10 -9 12 -12 13 14 20 19 -17 -18 -19 -16 22 -22 24 -24 -1 26 27 29 -29 -26
right_child=1 -3 -4 4 5 -7 7 9 -10 -11 11 -13 -14 -15 15 16 17 18 -20 -21 21 -23 23 -25 25 -27 -28 28 -30 -31
leaf_value=-1.1367511135489394e-05 -0.00021713989126290301 0.00047117965627975879 -0.0037310583716845258 -0.0013695957182690676 0.0015313358112474162 -0.0035520778345823345 -0.0074617990275091016 0.00047999101325132189 0.014633574317482214 -0.0029244278571906078 0.00011645621210959689 -0.0034522856617579122 0.0029854682528007003 -0.0073456204447956705 0.0019964651677773304 -0.001086882779196543 0.0032994151429214468 -0.0023801118245880561 0.00018572589759003222 0.0058946227609325778 0.0027114894154759385 -0.00049682229813384992 0.001134562588211452 -0.006768248197023468 0.0098727720812101447 -0.00040904446646962357 0.003800139521728738 -0.004238592181348224 0.0011847726150415383 -5.1480377713417626e-05
leaf_weight=8207 38 44 20 55 168 40 22 57 20 21 33 31 24 24 31 26 84 28 24 21 22 361 32 25 25 24 24 32 77 20
leaf_count=8207 38 44 20 55 168 40 22 57 20 21 33 31 24 24 31 26 84 28 24 21 22 361 32 25 25 24 24 32 77 20
internal_value=-8.28157e-05 -0.00705882 -0.0137931 -8.36995e-06 0.00471483 0.00769231 -0.000142012 -0.008 -5.65525e-05 -0.00205128 -0.000100272 -0.01 -3.07321e-05 -7.48322e-05 -3.08948e-05 0.00523364 0.00148148 0.00529412 -0.00615385 0.0169231 -0.00015821 -0.00449086 3.77983e-05 -0.0105263 0.000109407 0.00712871 0.0094382 0.00675325 0.00256881 0.0168889
internal_weight=9660 102 58 9558 263 208 9295 100 9195 78 9175 64 9111 9087 9063 214 162 136 52 52 8849 383 8466 57 8409 202 178 154 109 45
internal_count=9660 102 58 9558 263 208 9295 100 9195 78 9175 64 9111 9087 9063 214 162 136 52 52 8849 383 8466 57 8409 202 178 154 109 45
is_linear=0
shrinkage=0.08


Tree=132
num_leaves=31
num_cat=0
split_feature=5 17 13 7 29 13 27 15 19 19 17 39 21 27 21 33 21 1 29 6 17 5 6 8 21 7 7 7 5 8
split_gain=1.02421 1.63334 1.33278 1.32263 1.64296 1.50457 1.53077 1.30727 1.16381 2.49792 1.49381 1.17902 1.01587 1.0133 0.735843 0.975508 0.86415 1.31804 2.01664 0.9 0.761461 2.32174 1.60066 1.48823 1.29622 2.68686 1.65029 2.06524 1.61538 1.41346
threshold=18.10177666666667 17.619150000000001 17.791300000000003 18.716592500000004 18.478250000000003 17.993150000000004 18.356750000000002 17.993150000000004 18.158950000000001 18.042600000000004 18.197700000000005 99.587003264888509 18.197700000000005 17.911800000000003 19.886300000000002 -4.6574999999999998 18.449000000000002 9.5000000000000018 17.955650000000002 1.4517547595371616 17.955650000000002 18.088356666666673 0.18391943834379784 0.24875086881612732 18.197700000000005 18.082317500000006 18.088358333333336 18.084327500000004 18.082983333333338 0.24028468717416576
decision_type=2 2 2 2 2 2 2 2 2 2 2 2 2 2 2 2 2 2 2 2 2 2 2 2 2 2 2 2 2 2
left_child=14 -2 -3 4 5 6 12 -6 9 10 11 -7 -4 -10 15 -1 20 -18 19 -19 21 -17 -22 -23 26 -26 27 28 -24 -30
right_child=1 2 3 -5 7 8 -8 -9 13 -11 -12 -13 -14 -15 -16 16 17 18 -20 -21 22 23 24 -25 25 -27 -28 -29 29 -31
leaf_value=0.0017674932628966645 -0.00067252486975633019 0.0013276328591072684 -0.0030125254872693575 -0.0031008806929253298 -0.00018807756407227317 -0.0026760234312033049 0.00081976328794581838 0.0041888062449349662 0.0011263448692486122 0.005468301193471632 0.0030650377858555088 0.00013850303976369106 -0.00059099904210569321 -0.0010120618457895602 -0.0013234369842444948 -1.0082176974037793e-05 0.0032944912541168492 -0.0015300863897668648 0.0012888278109970486 -5.147857338037909e-05 0.003736221431300635 0.0015059824389892641 1.66699413398419e-05 0.0057838358222002742 0.00075360245625489598 -0.003696854336412514 0.00055169102071474187 -0.0022265550063895034 -0.00046012342166562803 -0.0041961618032603102
leaf_weight=31 39 35 36 42 23 42 33 38 29 33 27 25 28 56 34 8421 51 20 27 20 29 30 210 22 22 39 124 44 26 24
leaf_count=31 39 35 36 42 23 42 33 38 29 33 27 25 28 56 34 8421 51 20 27 20 29 30 210 22 22 39 124 44 26 24
internal_value=-0.000207039 -0.00378601 -0.00241611 -0.00368932 -0.00216216 -0.00453074 -0.0127835 0.00983607 -0.000754717 0.00409449 -0.00255319 -0.00895522 -0.02 -0.008 -1.74406e-05 2.62582e-05 -2.19563e-05 0.00677966 -0.000597015 -0.012 -0.000111222 7.08132e-05 -0.0030888 0.0169231 -0.00417178 -0.015082 -0.00261682 -0.00578947 -0.00307692 -0.016
internal_weight=9660 486 447 412 370 309 97 61 212 127 94 67 64 85 9174 9140 9109 118 67 40 8991 8473 518 52 489 61 428 304 260 50
internal_count=9660 486 447 412 370 309 97 61 212 127 94 67 64 85 9174 9140 9109 118 67 40 8991 8473 518 52 489 61 428 304 260 50
is_linear=0
shrinkage=0.08


Tree=133
num_leaves=31
num_cat=0
split_feature=5 17 1 13 23 13 29 23 6 19 4 4 5 2 5 19 39 39 4 6 8 15 7 33 39 4 13 7 8 31
split_gain=1.08867 1.72116 1.57125 1.22592 1.21733 1.01104 2.23747 0.936643 0.701891 0.866624 1.07324 0.901236 0.840679 2.29564 2.03759 1.56802 1.45455 1.37592 1.33333 1.23455 1.45974 1.10573 0.951579 1.99938 1.36617 1.28457 1.83316 1.93752 1.34027 1.16506
threshold=18.142023333333338 18.681650000000001 3.5000000000000004 18.197700000000005 18.197700000000005 21.645750000000003 19.437050000000003 18.158950000000001 4.1392035428181444 13.851850000000002 43.500000000000007 30.500000000000004 14.20667880952381 5.5000000000000009 14.176256666666669 14.016500000000002 77.382816327445269 76.487220900015117 19.500000000000004 0.21749295170193214 0.21499776308325633 14.115350000000001 14.536960000000002 0.58620000000000083 78.725937581696925 4.5000000000000009 14.312950000000003 14.195489166666668 0.34064491142499004 14.708300000000003
decision_type=2 2 2 2 2 2 2 2 2 2 2 2 2 2 2 2 2 2 2 2 2 2 2 2 2 2 2 2 2 2
left_child=8 2 7 4 -4 6 -3 -2 9 10 11 -1 14 22 -11 -16 -15 -17 -18 20 21 -19 23 25 -24 -14 28 -28 -27 -29
right_child=1 5 3 -5 -6 -7 -8 -9 -10 12 -12 -13 13 16 15 17 18 19 -20 -21 -22 -23 24 -25 -26 26 27 29 -30 -31
leaf_value=-0.0017237782663998757 -0.00029611241990807003 0.0040744872084667351 -0.0029351007698357988 0.001611914159874317 0.0022446262782254678 -0.0022835027977855305 -0.0013899781764735053 -0.0053690514610113382 0.017490798385011316 5.1223883970763498e-05 -0.0026446744464190884 0.0012271383071874454 0.0040957988535588186 -0.010533959266453294 -0.0011055292380628145 0.0022345336665242142 0.004071750729652308 0.0017759064969247618 -0.018701267870162255 0.0026561305535535242 0.0052799488040816559 -0.0017907076260738819 0.0010781459048166654 0.0032925420428554023 -2.4542268446765549e-05 -0.0038502951805779164 0.0058464269960615666 -0.0022463038067259333 -0.012391510863564293 0.0011990443578075371
leaf_weight=52 20 35 45 22 26 20 24 21 36 940 23 28 25 28 23 37 21 23 28 22 24 26 229 20 7594 57 20 141 20 30
leaf_count=52 20 35 45 22 26 20 24 21 36 940 23 28 25 28 23 37 21 23 28 22 24 26 229 20 7594 57 20 141 20 30
internal_value=-0.000165631 -0.0058216 -0.0113433 -0.0055914 -0.0107042 0.0035443 0.00881356 -0.0243902 -3.81073e-05 -8.07566e-05 -0.00737864 -0.003 0 -0.000277609 0.00208219 0.0105806 -0.014026 0.0139394 -0.00571429 0.00884211 0.00383562 -0.00408163 -0.000147493 -0.00447284 2.55656e-05 -0.00614334 -0.00776119 -0.00356021 -0.0181818 -0.00631579
internal_weight=9660 213 134 93 71 79 59 41 9447 9411 103 80 9308 8213 1095 155 77 132 49 95 73 49 8136 313 7823 293 268 191 77 171
internal_count=9660 213 134 93 71 79 59 41 9447 9411 103 80 9308 8213 1095 155 77 132 49 95 73 49 8136 313 7823 293 268 191 77 171
is_linear=0
shrinkage=0.08


Tree=134
num_leaves=31
num_cat=0
split_feature=23 23 5 7 27 2 6 5 4 21 29 4 4 17 39 8 23 7 7 23 33 25 15 33 4 4 33 25 1 8
split_gain=1.73454 0.875372 1.37494 1.26042 1.33333 1.39922 1.51309 1.17216 1.16667 0.833335 0.781252 0.765718 13.5972 1.78537 1.83805 1.58548 1.59091 1.34916 1.32061 2.60815 1.77927 1.74851 1.42072 1.31631 2.00486 3.56023 1.72065 1.68335 1.73519 1.60638
threshold=21.448650000000004 19.979150000000001 18.142023333333338 18.710550000000001 17.993150000000004 3.5000000000000004 0.31083398291248526 18.239940000000004 37.500000000000007 19.979150000000001 19.662150000000004 44.500000000000007 45.500000000000007 15.699150000000001 79.648449811590822 1.9365192813644305 17.228650000000005 18.087015833333336 17.953845833333336 17.887500000000003 -0.76014999999999933 17.344800000000003 17.993150000000004 0.26110000000000083 31.500000000000004 35.500000000000007 0.36114999999999947 18.120150000000006 2.5000000000000004 0.20182077877148677
decision_type=2 2 2 2 2 2 2 2 2 2 2 2 2 2 2 2 2 2 2 2 2 2 2 2 2 2 2 2 2 2
left_child=1 2 9 4 7 -6 -7 -4 -3 10 11 23 13 14 -13 17 -17 18 20 22 -14 -22 -20 -1 26 -26 -25 28 -27 -28
right_child=-2 8 3 -5 5 6 -8 -9 -10 -11 -12 12 15 -15 -16 16 -18 -19 19 -21 21 -23 -24 24 25 27 29 -29 -30 -31
leaf_value=-0.00013515641401887991 -0.00034753138572767738 0.0099472854017608366 -0.0017448160401877999 -0.0042775047590234297 -0.00025573563539410315 -0.0029101912726567035 0.010035884357409373 -0.00031220889610835914 -9.6120213754602453e-06 -0.0014658574797195457 0.0021424369139112541 0.0065407323591790602 0.0045324300976010076 0.012099008751868326 0.0027926219324585591 0.0090185174900358333 -0.0036717759414875671 0.0015427363579654241 -0.016711074700699841 -5.4201465617325083e-05 -0.00025337796304711449 0.0015408636062618087 -0.0011057873397059836 0.0012343449176657373 -0.0037460788928883916 -0.0051789604832390528 0.001846877577435322 0.001957014702985589 0.00057371144769341248 -1.6085458700842991e-05
leaf_weight=5436 41 21 21 25 32 20 23 39 21 30 32 38 30 68 44 55 22 92 21 93 1779 70 22 349 116 27 124 20 210 739
leaf_count=5436 41 21 21 25 32 20 23 39 21 30 32 38 30 68 44 55 22 92 21 93 1779 70 22 349 116 27 124 20 210 739
internal_value=-0.000165631 -9.5644e-05 -0.000146184 -0.0075 -0.00444444 0.00266667 0.012093 -0.0133333 0.0114286 -2.12382e-05 2.13061e-05 -2.13789e-05 0.00123393 0.0245333 0.0165854 -0.0003663 0.0109091 -0.000778358 -0.00121092 -0.00882353 -0.000659925 -0.000973499 -0.0251163 -0.000438684 0.00158991 -0.00353887 0.00316832 0.00171206 -0.000168776 0.00125145
internal_weight=9660 9619 9577 160 135 75 43 60 42 9417 9387 9355 2334 150 82 2184 77 2107 2015 136 1879 1849 43 7021 1585 373 1212 257 237 863
internal_count=9660 9619 9577 160 135 75 43 60 42 9417 9387 9355 2334 150 82 2184 77 2107 2015 136 1879 1849 43 7021 1585 373 1212 257 237 863
is_linear=0
shrinkage=0.08


Tree=135
num_leaves=31
num_cat=0
split_feature=23 29 23 25 25 6 31 7 17 39 39 31 17 29 6 6 5 5 8 39 7 1 15 13 31 19 19 4 7 27
split_gain=1.72057 0.717698 0.837526 0.874598 1.40743 0.672863 1.3118 1.93253 2.3907 2.18721 2.3445 3.90008 3.35405 2.2417 2.09372 1.87333 1.80187 2.71942 2.86995 2.61995 2.30248 2.60683 2.15007 2.13809 2.10106 1.75772 1.9744 1.67659 1.53195 1.44547
threshold=21.448650000000004 21.067900000000005 19.979150000000001 20.578700000000001 19.787800000000001 0.29934151911072543 14.784150000000002 16.25670666666667 18.825550000000003 77.673735303568606 79.111473196783734 16.455400000000004 15.213850000000003 16.305350000000004 0.45913699295475036 0.40372952699674519 17.198476666666668 17.462610000000005 1.0368215307608737 92.324632450654533 16.842852500000003 10.500000000000002 14.593050000000002 16.892300000000002 17.344800000000003 17.576750000000004 14.968750000000002 10.500000000000002 16.660232500000003 16.489300000000004
decision_type=2 2 2 2 2 2 2 2 2 2 2 2 2 2 2 2 2 2 2 2 2 2 2 2 2 2 2 2 2 2
left_child=1 2 3 4 5 -1 25 8 9 -8 -11 12 15 -13 -9 -12 19 -18 -19 20 21 28 -21 -20 -22 26 -7 -28 -16 -14
right_child=-2 -3 -4 -5 -6 6 7 14 -10 10 11 13 29 -15 16 -17 17 18 23 22 24 -23 -24 -25 -26 -27 27 -29 -30 -31
leaf_value=2.0936971907090653e-05 -0.00031972887486944048 -0.00057014289946693002 0.0032466201973755915 -0.0010540782818830507 0.00427867817544751 0.0001719089341828095 -0.0086081500623459567 -0.0010381490702120288 -0.0017553383352070994 0.0045545419928504317 -0.0086260610687418204 -0.014001176405471299 0.00053343521255918343 -0.0016692889428750845 0.0041116941176082382 -0.00012158569764125105 -0.0028599418194363581 0.0090139534855188681 0.00091285822227206383 -0.0011979745879871473 -0.0010288421181004993 0.012195833902993201 0.0068444319514586027 -0.0018178172411955984 0.0081322033464709884 -0.0056747995923534947 0.00032743307542418168 0.013360733057919348 -0.0011999263806154658 -0.0053395886269531449
leaf_weight=8040 41 34 37 28 26 178 54 218 22 22 35 26 178 53 22 39 58 65 21 20 81 30 96 89 22 22 20 36 25 22
leaf_count=8040 41 34 37 28 26 178 54 218 22 22 35 26 178 53 22 39 58 65 21 20 81 30 96 89 22 22 20 36 25 22
internal_value=-0.000231884 -0.000162179 -0.000121022 -0.000167574 -0.00012605 -0.000176954 -0.00176066 -0.00287145 -0.00700665 -0.00568765 -0.00352 -0.00509915 -0.000583942 -0.0207595 -0.000374833 -0.0151351 0.00234405 -0.00291845 0.00205714 0.00648649 0.000444444 0.0109091 0.0158621 -0.00581818 -0.00737864 0.0034375 0.00547009 0.0185714 -0.000851064 0.0048
internal_weight=9660 9619 9585 9548 9520 9494 1454 1198 451 429 375 353 274 79 747 74 529 233 175 296 180 77 116 110 103 256 234 56 47 200
internal_count=9660 9619 9585 9548 9520 9494 1454 1198 451 429 375 353 274 79 747 74 529 233 175 296 180 77 116 110 103 256 234 56 47 200
is_linear=0
shrinkage=0.08


Tree=136
num_leaves=31
num_cat=0
split_feature=23 25 4 4 17 7 6 21 29 29 33 7 23 21 27 31 29 29 31 8 29 21 5 21 29 39 19 27 39 21
split_gain=1.71534 0.978976 0.847934 1.6265 0.824755 1.52693 1.37699 1.31719 1.4131 1.99231 0.963561 1.52215 1.33974 1.95939 1.76459 1.45783 1.27536 1.27199 1.70455 1.2582 1.23166 1.37534 1.18666 1.14104 1.13827 1.60627 1.11364 1.10341 1.0423 1.00586
threshold=21.448650000000004 13.818850000000003 22.500000000000004 41.500000000000007 17.955650000000002 15.760182500000001 0.18538231707904668 18.825550000000003 19.315350000000006 21.448650000000004 -0.58400000000000041 18.078626666666672 18.243650000000006 18.478250000000003 17.993150000000004 17.846600000000006 17.993150000000004 18.197700000000005 17.887500000000003 0.71704800698465154 17.993150000000004 17.791300000000003 18.069570000000002 17.071750000000005 17.993150000000004 97.842033181935662 18.356750000000002 18.042600000000004 100.90483903803786 18.120150000000006
decision_type=2 2 2 2 2 2 2 2 2 2 2 2 2 2 2 2 2 2 2 2 2 2 2 2 2 2 2 2 2 2
left_child=1 2 -1 -4 7 -6 -7 8 -3 -10 11 22 13 14 17 -16 -15 19 -19 20 21 -12 -8 -21 27 -26 -20 -14 -27 -17
right_child=-2 4 3 -5 5 6 10 -9 9 -11 12 -13 24 16 15 29 -18 18 26 23 -22 -23 -24 -25 25 28 -28 -29 -30 -31
leaf_value=-0.0012762413406190375 -0.00029415056487977156 1.9415896718584237e-05 0.00052751970812053633 -0.003267517112113154 -0.0031657976607805693 0.0029803142698509076 0.0033647826678099334 -0.0018445919454774895 0.0099286596195784678 -0.00060922491417613855 0.0028749506605464602 0.0026093916499237936 -0.00069724604660450498 0.00011215866220041449 0.0027313281171507243 0.00014708037404261631 0.0065820585341174369 -0.0061511213505555419 0.0010981414052832861 -0.00032432295783792143 0.0021689256788710054 -0.002781217499084505 -0.0016515573195007959 -0.0041680926378720078 0.0026331260367922485 -0.004378928227569503 -0.00081795698196486912 -0.008059858757133824 0.00044224189509293414 -0.0014592737560525392
leaf_weight=31 41 8559 29 20 26 43 38 38 33 23 23 41 35 22 48 197 24 22 22 21 37 37 29 25 24 30 22 34 21 65
leaf_count=31 41 8559 29 20 26 43 38 38 33 23 23 41 35 22 48 197 24 22 22 21 37 37 29 25 24 30 22 34 21 65
internal_value=-0.000256729 -0.00018713 -0.009 -0.00244898 -0.000113219 -0.00243792 -0.00186047 0.000124812 0.000190366 0.0128571 -0.00259486 0.00444444 -0.00366714 -0.0019115 -0.00331407 0.000516129 0.013913 -0.00899522 -0.0181818 -0.00475524 0.000412371 -0.00666667 -0.00298507 -0.0156522 -0.0105556 -0.00373333 -0.00909091 -0.017971 -0.0117647 -0.00183206
internal_weight=9660 9619 80 49 9539 886 860 8653 8615 56 817 108 709 565 519 310 46 209 66 143 97 60 67 46 144 75 44 69 51 262
internal_count=9660 9619 80 49 9539 886 860 8653 8615 56 817 108 709 565 519 310 46 209 66 143 97 60 67 46 144 75 44 69 51 262
is_linear=0
shrinkage=0.08


Tree=137
num_leaves=31
num_cat=0
split_feature=23 33 21 7 7 29 31 8 5 39 39 33 25 13 13 4 8 1 8 27 5 19 5 33 5 7 21 4 13 7
split_gain=1.33141 0.76946 2.21486 2.40183 1.51517 1.0538 1.13031 1.30956 0.976795 0.916048 0.947699 0.685324 1.1029 2.17128 2.29178 1.56673 1.39848 1.26128 1.97816 1.23205 1.56 1.04219 1.6609 0.978766 1.01586 0.977778 1.60556 0.933333 0.705696 0.785366
threshold=21.448650000000004 -0.9933499999999994 15.523850000000001 14.536960000000002 15.562901666666667 16.269450000000003 17.230950000000004 1.0545599125608096 17.790056666666668 75.143283985082761 75.322729334841071 0.6037499999999999 14.148300000000001 15.142850000000001 15.320300000000001 6.5000000000000009 0.28827197848899128 14.500000000000002 1.3298875691590841 15.625350000000003 16.975230000000007 18.120150000000006 17.037036666666669 0.57665000000000088 15.745600000000003 14.536960000000002 15.069850000000001 29.500000000000004 18.681650000000001 18.123570000000004
decision_type=2 2 2 2 2 2 2 2 2 2 2 2 2 2 2 2 2 2 2 2 2 2 2 2 2 2 2 2 2 2
left_child=1 2 3 -1 -4 -6 7 -7 -8 -3 -11 23 -13 25 -15 16 -16 18 19 -17 -21 22 -22 28 -25 -14 -27 -24 29 -12
right_child=-2 9 4 -5 5 6 8 -9 -10 10 11 12 13 14 15 17 -18 -19 -20 20 21 -23 27 24 -26 26 -28 -29 -30 -31
leaf_value=-0.00081347179400566468 -0.00027061851968937848 0.0009352343853277034 -0.010555590960559798 0.0063974757962809298 0.0021709585355827697 -0.00061750292820377699 0.008490366599966279 -0.0072201063593972494 -0.0010333633974474311 -0.003099328090735938 7.8761925611559046e-06 -0.0036909877118200996 0.001748117477975697 -0.0028960830021052433 -8.8527732081900012e-05 0.00032775082535628996 0.012895592812225232 0.0002636645222364109 0.0015946736192204015 -0.0065869518157597893 0.00053289715727530048 9.9103929192523316e-05 -0.0060592659163421561 0.0040891271052703364 -9.026876230137759e-05 -0.0016539956008152501 0.0034327703874861728 -0.00083993153245728533 0.0025094920364034578 -0.00051530113425883432
leaf_weight=21 41 40 26 37 29 22 20 30 23 26 8606 37 20 26 32 26 27 115 21 30 20 24 21 37 20 30 60 35 43 115
leaf_count=21 41 40 26 37 29 22 20 30 23 26 8606 37 20 26 32 26 27 115 21 30 20 24 21 37 20 30 60 35 43 115
internal_value=-0.000248447 -0.00018713 -0.005 0.00827586 -0.0101333 -0.00645161 -0.0105263 -0.0184615 -0.000930233 -8.07566e-05 -0.000132323 -8.98876e-05 -0.00290076 -0.00188912 -0.00477454 -0.00307692 0.00881356 -0.00547945 -0.00971751 -0.0128205 -0.016 -0.0112 -0.0157895 7.70888e-05 0.0105263 0.008 0.00444444 -0.0228571 9.12825e-06 -4.12797e-05
internal_weight=9660 9619 208 58 150 124 95 52 43 9411 9371 9345 524 487 377 351 59 292 177 156 130 100 76 8821 57 110 90 56 8764 8721
internal_count=9660 9619 208 58 150 124 95 52 43 9411 9371 9345 524 487 377 351 59 292 177 156 130 100 76 8821 57 110 90 56 8764 8721
is_linear=0
shrinkage=0.08


Tree=138
num_leaves=31
num_cat=0
split_feature=23 23 17 39 5 4 5 6 5 21 21 33 25 21 7 33 33 31 7 15 5 7 6 7 8 8 6 5 23 39
split_gain=1.31918 0.899543 1.1198 1.47253 1.2186 1.45494 1.73799 1.6271 2.55411 1.5127 1.39009 2.09603 1.37309 1.20905 1.06021 1.04921 1.08432 1.23868 2.50213 1.4833 1.71344 1.00773 1.80426 1.58517 1.34022 1.05313 1.15152 1.0027 0.9732 0.945703
threshold=21.448650000000004 19.979150000000001 17.955650000000002 91.902935878722488 18.082983333333338 6.5000000000000009 18.10177666666667 0.23246749511638579 18.109816666666671 17.791300000000003 18.356750000000002 0.48299999999999882 18.275250000000003 19.886300000000002 18.354005833333336 -4.6574999999999998 -0.9933499999999994 15.4565 15.121065833333335 16.191350000000003 16.907426666666669 18.074944166666672 0.27441155743386619 18.088358333333336 1.1683528646594907 0.22628109289399398 0.245903857081512 18.088356666666673 18.087200000000003 97.045132696872585
decision_type=2 2 2 2 2 2 2 2 2 2 2 2 2 2 2 2 2 2 2 2 2 2 2 2 2 2 2 2 2 2
left_child=1 2 13 -4 10 6 -6 8 28 -9 11 12 21 14 15 -1 17 18 -17 -19 -21 22 -5 25 -24 -23 -27 -11 -7 -29
right_child=-2 -3 3 4 5 7 -8 9 -10 27 -12 -13 -14 -15 -16 16 -18 19 -20 20 -22 23 24 -25 -26 26 -28 29 -30 -31
leaf_value=0.0038055835055288869 -0.00024896903811423956 0.0013250545420405047 -0.0039168741617891809 0.0045103229174378616 -0.0025593501945627394 0.0038069025134186063 -0.0001247690501313059 0.001747147227064687 -0.00070345752762605688 -0.0029479337837398133 0.0023498441664280278 -0.002450960021648001 -0.0026323009684298881 -0.0014691834467456034 0.0031701571514457785 -0.00074839405048521713 7.6453349146277104e-06 -0.0072117949530606041 0.012041696025751421 0.0055669795638931419 -0.0022372620356789241 0.0021259991790293499 -0.0010022500168517467 0.0019008190486820809 0.0026656103338089567 -0.003557410182329477 -3.2672182236126446e-05 0.00056770040942751617 9.224963971689704e-05 -0.0010658594982382397
leaf_weight=24 41 42 48 33 31 43 30 32 46 31 49 24 47 25 34 27 8507 28 20 22 24 22 31 56 21 33 24 29 35 201
leaf_count=24 41 42 48 33 31 43 30 32 46 31 49 24 47 25 34 27 8507 28 20 22 24 22 31 56 21 33 24 29 35 201
internal_value=-0.0003147 -0.000253665 -0.000304897 -0.0030485 -0.00224939 -0.00485356 -0.0163934 -0.00316547 0.00451613 -0.00641638 0.00141176 -0.000687285 0.00134831 -3.21433e-05 1.84204e-05 -3.69857e-05 -8.34492e-05 -0.00760331 0.00255319 -0.0140541 -0.00521739 0.004 0.0108235 -0.000296296 0.00153846 -0.00759494 -0.0133333 -0.00842912 0.0133333 -0.0066087
internal_weight=9660 9619 9577 866 818 478 61 417 124 293 340 291 267 8711 8686 8652 8628 121 47 74 46 220 85 135 52 79 57 261 78 230
internal_count=9660 9619 9577 866 818 478 61 417 124 293 340 291 267 8711 8686 8652 8628 121 47 74 46 220 85 135 52 79 57 261 78 230
is_linear=0
shrinkage=0.08


Tree=139
num_leaves=31
num_cat=0
split_feature=21 8 13 15 17 21 1 29 13 33 33 29 23 8 27 19 25 21 31 19 5 33 25 23 6 39 15 6 39 6
split_gain=1.03186 1.40197 1.79653 1.09665 1.35828 1.12441 0.974159 0.859228 1.69224 0.943845 2.08 0.841863 1.00077 1.54316 0.731103 1.80487 1.49097 1.40416 1.76006 1.4131 1.75844 1.60952 1.49113 1.47 1.40899 2.74571 1.24756 1.23953 1.21606 1.46283
threshold=18.681650000000001 1.9044126933116312 20.384450000000005 19.122800000000002 18.556400000000004 16.852650000000001 20.500000000000004 13.851850000000002 16.750600000000002 0.14759999999999887 -0.22139999999999913 13.917650000000002 14.214150000000002 0.19624244981891506 14.543600000000001 16.900950000000005 13.818850000000003 14.642450000000002 14.750550000000002 14.444800000000003 14.621776666666669 0.16420000000000015 14.510650000000002 14.593050000000002 0.22034220230857529 79.648449811590822 14.514900000000003 0.19220317920232663 77.20364286458053 0.1660777846506479
decision_type=2 2 2 2 2 2 2 2 2 2 2 2 2 2 2 2 2 2 2 2 2 2 2 2 2 2 2 2 2 2
left_child=3 2 6 7 5 -5 -2 8 9 10 -1 12 13 -9 15 16 -13 18 28 23 21 -21 -23 -19 25 -22 -16 -27 -18 -30
right_child=1 -3 -4 4 -6 -7 -8 11 -10 -11 -12 14 -14 -15 26 -17 17 19 -20 20 24 22 -24 -25 -26 27 -28 -29 29 -31
leaf_value=-0.002620304765381434 -0.0012573907397150207 -0.00096024869839837377 0.0067840201221680734 0.0049509588327635613 -0.002925762472412359 -0.00050243604771409882 0.0013748914845120909 -5.3626649752089864e-05 0.01915694207305748 -0.00063616015939331309 0.0032065159158067048 -0.00041513522545329808 0.00016825646562040219 -0.0038963156242441243 -0.0011153004485696982 0.0040508700979935957 0.00025031392586058134 0.00078323170258919105 -0.0064348140191196283 0.0044555883444596135 -0.0068050550943411286 -0.0022122650432169167 0.0033266001536857459 0.0055705593067578718 0.0006084575126864422 0.0036350476998758554 -2.2861806710352541e-05 -0.0013859471634846442 -0.0022455586495954095 -4.0626819591835785e-05
leaf_weight=27 87 28 24 26 26 20 26 25 20 33 29 28 34 24 342 21 718 30 30 28 25 20 22 20 33 23 7305 22 63 501
leaf_count=27 87 28 24 26 26 20 26 25 20 33 29 28 34 24 342 21 718 30 30 28 25 20 22 20 33 23 7305 22 63 501
internal_value=-0.000273292 -0.00654545 -0.00321168 -0.000164297 -0.01 -0.00173913 -0.00743363 -8.91436e-05 0.00697248 0.00224719 0.00857143 -0.000171784 -0.00819277 -0.0155102 -9.96642e-05 0.00146465 0.00115163 0.00148534 0.000487805 0.00735426 0.00393064 0.0137143 0.00380952 0.0192 -0.00271845 -0.00914286 -0.000423696 0.00266667 0.000936037 -0.00184397
internal_weight=9660 165 137 9495 72 46 113 9423 109 89 56 9314 83 49 9231 1584 1563 1535 1312 223 173 70 42 50 103 70 7647 45 1282 564
internal_count=9660 165 137 9495 72 46 113 9423 109 89 56 9314 83 49 9231 1584 1563 1535 1312 223 173 70 42 50 103 70 7647 45 1282 564
is_linear=0
shrinkage=0.08


Tree=140
num_leaves=31
num_cat=0
split_feature=23 23 19 4 4 19 5 21 7 27 17 39 6 39 21 8 15 31 25 6 15 19 29 15 4 39 25 4 33 33
split_gain=1.17534 0.680769 1.83392 1.40239 1.24422 1.15115 0.61538 1.59623 1.3522 2.28504 1.71798 1.34354 2.48452 1.87089 1.88368 1.26749 1.18288 1.28754 1.18072 1.15558 1.1474 1.0464 1.64869 1.00962 1.14872 0.989069 0.952525 0.859091 0.847156 1.68069
threshold=21.645750000000003 13.851850000000002 17.384900000000005 22.500000000000004 42.500000000000007 9.6461500000000004 14.127790000000003 13.917650000000002 14.125302500000002 14.395400000000002 13.950650000000001 76.487220900015117 0.18094136971606634 76.755573263971868 13.950650000000001 0.44266255623950329 15.557500000000003 14.615850000000002 14.153300000000002 0.2138275227286236 14.197750000000001 14.115350000000001 14.000100000000002 14.284200000000002 33.500000000000007 76.845295938851038 14.514900000000003 19.500000000000004 -0.099150000000000724 0.065850000000001088
decision_type=2 2 2 2 2 2 2 2 2 2 2 2 2 2 2 2 2 2 2 2 2 2 2 2 2 2 2 2 2 2
left_child=1 2 3 -1 -5 -3 7 20 9 10 -8 12 -10 14 -13 23 17 -17 -16 21 27 22 -12 24 -14 -15 28 -7 -9 -30
right_child=-2 5 -4 4 -6 6 8 26 11 -11 19 13 15 25 18 16 -18 -19 -20 -21 -22 -23 -24 -25 -26 -27 -28 -29 29 -31
leaf_value=-0.0030839228104628091 -0.0001995444504849786 0.01143081707756707 0.0079829878524738263 0.00046776415069970767 -0.00068454615734481195 0.00069997977144325323 0.00036830333186685496 -8.6981085141175644e-05 0.0024726203797768419 0.003862041723413796 -0.0041027138173717502 0.0018750159558057079 -0.00011542139756656411 0.0011549904225516628 -0.00030240633795429515 -0.00032873964568373991 0.00088211651116537843 -0.0069813516305670476 -0.006212511291080745 -0.00015567892730331323 -0.0036836281847502051 -0.0068414679081425338 -0.00011536444939423518 0.00098189510782738416 0.0017181440547409466 -3.3185884149418143e-05 0.0018885317571685789 -0.00049389024771308244 0.0021718308458966362 0.00018039210039297871
leaf_weight=32 35 22 24 33 25 22 27 154 40 32 22 20 35 21 25 38 26 23 29 31 29 42 35 40 30 8487 24 20 67 170
leaf_count=32 35 22 24 33 25 22 27 154 40 32 22 20 35 21 25 38 26 23 29 31 29 42 35 40 30 8487 24 20 67 170
internal_value=-0.000223602 -0.00017039 -0.00631579 -0.0115556 -0.00413793 -9.67301e-05 -0.000139108 0.00263374 -0.000288793 -0.00698413 -0.0109554 -0.000145224 0.00586207 -0.000307621 -0.012973 0.00208333 -0.00505747 -0.0111475 -0.0207407 -0.0147692 -0.0084507 -0.0189899 -0.0119298 0.008 0.00184615 -0.000197461 0.00453012 0 0.00358056 0.00658228
internal_weight=9660 9625 114 90 58 9511 9489 486 9003 189 157 8814 232 8582 74 192 87 61 54 130 71 99 57 105 65 8508 415 42 391 237
internal_count=9660 9625 114 90 58 9511 9489 486 9003 189 157 8814 232 8582 74 192 87 61 54 130 71 99 57 105 65 8508 415 42 391 237
is_linear=0
shrinkage=0.08


Tree=141
num_leaves=31
num_cat=0
split_feature=33 29 29 7 4 31 25 39 39 6 8 23 8 31 13 13 19 21 6 4 4 4 33 8 23 15 33 4 39 29
split_gain=0.852676 1.48997 2.87303 1.51112 1.03842 1.04098 1.14129 0.919206 0.945106 0.9 0.821868 1.60408 1.36571 1.05108 1.39327 1.568 1.28762 1.73178 0.92803 0.910632 4.27346 9.10838 2.0916 1.9735 1.96335 1.55074 1.47895 1.39245 2.93932 1.97244
threshold=-0.9933499999999994 18.642900000000001 17.501900000000003 17.042732500000003 39.500000000000007 15.355800000000002 16.180450000000004 75.143283985082761 75.322729334841071 0.2491486984069326 1.9763996019670673 17.783000000000005 1.9611396132952359 15.557500000000003 17.307350000000003 17.094800000000003 16.287150000000004 16.750600000000002 0.2491486984069326 48.500000000000007 44.500000000000007 45.500000000000007 -0.15044999999999928 1.6221720995523956 16.158800000000003 14.09895 0.13225000000000001 41.500000000000007 76.3667750061622 14.230700000000001
decision_type=2 2 2 2 2 2 2 2 2 2 2 2 2 2 2 2 2 2 2 2 2 2 2 2 2 2 2 2 2 2
left_child=1 2 3 4 5 -1 -7 9 -9 -2 12 13 19 -12 15 16 -15 -18 -16 20 27 24 23 25 26 -21 -22 -10 -29 -30
right_child=7 -3 -4 -5 -6 6 -8 8 10 -11 11 -13 -14 14 18 -17 17 -19 -20 22 21 -23 -24 -25 -26 -27 -28 28 29 -31
leaf_value=-6.9062375857527065e-05 0.00027842010280998864 0.010701634338557113 -0.0045415500722629076 0.00051497964085854163 0.0048776296414871469 -0.0082274586218210287 -0.00094236293779118799 -0.0028639247629576657 6.8249370461614949e-06 0.0031720661403637253 0.010181473854466532 -0.0048234343456007881 0.01339237521132091 -0.0028439820849257558 0.010420658994117957 -0.0089090574763508821 0.0026579174742559532 -0.00018396896081526392 -9.3499347677692416e-05 0.0026243445508931985 0.0046869241208932523 0.00014798444040991398 -0.00050899703752463668 -0.0029182325565374613 0.011463824877329927 0.00036473589200355152 -0.00035043483973950628 0.001892021142481326 -0.0026069078367414989 -0.00046402748388587158
leaf_weight=49 20 22 24 25 23 28 45 26 6371 20 26 22 36 30 20 25 23 47 24 21 66 458 1147 24 66 485 23 21 32 411
leaf_count=49 20 22 24 25 23 28 45 26 6371 20 26 22 36 30 20 25 23 47 24 21 66 458 1147 24 66 485 23 21 32 411
internal_value=-0.000215321 -0.00518519 -0.00742268 -0.00376471 -0.00689655 -0.00983607 -0.0158904 -0.000101652 -0.000153126 0.012 -0.000110898 -0.00497696 4.36634e-06 -0.00266667 -0.00497041 -0.00928 -0.0048 0.00114286 0.00727273 -5.69863e-05 0.000322234 0.00672104 -0.0017412 0.00241509 0.0234839 0.00347826 0.0157303 -0.000251646 -0.00448276 -0.00586907
internal_weight=9660 216 194 170 145 122 73 9444 9404 40 9378 217 9161 195 169 125 100 70 44 9125 7448 613 1677 530 155 506 89 6835 464 443
internal_count=9660 216 194 170 145 122 73 9444 9404 40 9378 217 9161 195 169 125 100 70 44 9125 7448 613 1677 530 155 506 89 6835 464 443
is_linear=0
shrinkage=0.08


Tree=142
num_leaves=31
num_cat=0
split_feature=17 21 7 6 6 1 29 17 27 7 39 5 21 27 4 33 17 23 39 33 4 27 33 21 31 39 15 8 4 29
split_gain=0.681235 1.54733 1.34507 1.09686 0.94478 0.922243 1.85952 1.47542 1.43958 1.37089 2.26668 1.88638 1.44247 1.44237 1.40726 1.34147 1.1687 1.14268 1.6875 1.13309 1.22246 1.00575 0.888013 0.873215 1.43458 1.13895 2.59651 0.907705 1.42065 0.812324
threshold=17.955650000000002 19.886300000000002 18.354005833333336 0.18538231707904668 0.17382690307669285 9.5000000000000018 19.533250000000006 18.894150000000003 20.384450000000005 18.084327500000004 96.381184902766819 18.104456666666671 17.955650000000002 17.724500000000003 53.500000000000007 0.24140000000000142 18.275250000000003 18.275250000000003 98.11092931967957 -0.32829999999999954 53.500000000000007 18.087200000000003 0.56344999999999967 18.478250000000003 18.356750000000002 97.399673206092061 17.955650000000002 0.49197340289098257 36.500000000000007 16.9785
decision_type=2 2 2 2 2 2 2 2 2 2 2 2 2 2 2 2 2 2 2 2 2 2 2 2 2 2 2 2 2 2
left_child=1 2 29 4 -2 6 7 17 9 10 13 12 -11 -7 15 -12 -13 19 21 -5 23 -19 -17 24 25 -21 -27 28 -28 -1
right_child=3 -3 -4 5 -6 8 -8 -9 -10 11 14 16 -14 -15 -16 22 -18 18 -20 20 -22 -23 -24 -25 -26 26 27 -29 -30 -31
leaf_value=-4.6560558525357008e-05 -4.5041527391163074e-05 -0.0020114274597257519 0.0036385193288587915 0.0050121800534353158 0.008533001298625038 -0.00023210981470825231 -0.0047919171756008443 0.012870668102067669 0.00040322427916024141 0.00029697865722695839 0.001396547116488307 -0.0025933608125620821 -0.0010453104220482601 -0.0045114690519827147 -0.0034301307048166052 -0.00064713428546880891 -0.00065578126062860065 0.0017777171458746466 -0.0045994140190731515 -0.0019614888671844709 0.0016331739316656525 -0.00057290498059160201 0.00025794161034355058 0.00070524679287643722 -0.0023506643586927111 0.0063422045307009968 0.0015804066454566624 -0.0019618970571603713 -0.0028294332927805499 0.00019434169997111894
leaf_weight=6931 21 32 36 33 22 38 20 37 22 32 129 21 71 26 22 28 25 29 30 55 34 21 30 21 23 42 29 28 22 1750
leaf_count=6931 21 32 36 33 22 38 20 37 22 32 129 21 71 26 22 28 25 29 30 55 34 21 30 21 23 42 29 28 22 1750
internal_value=-0.00015735 5.94354e-05 0.000123896 -0.0022393 0.0102326 -0.00285714 -0.000188679 0.000990099 -0.00540541 -0.0064455 -0.00307692 -0.0126174 -0.00660194 -0.01625 0.000956938 0.00320856 -0.026087 -0.000544959 -0.009 0.00181185 0 0 -0.00689655 -0.00218182 -0.0038191 -0.00136364 0.00297521 -0.00556962 0.000784314 5.99009e-05
internal_weight=9660 8749 8717 911 43 868 424 404 444 422 273 149 103 64 209 187 46 367 80 287 254 50 58 220 199 176 121 79 51 8681
internal_count=9660 8749 8717 911 43 868 424 404 444 422 273 149 103 64 209 187 46 367 80 287 254 50 58 220 199 176 121 79 51 8681
is_linear=0
shrinkage=0.08


Tree=143
num_leaves=31
num_cat=0
split_feature=13 4 31 29 4 23 7 17 17 6 6 7 13 15 4 4 23 13 13 31 4 1 4 5 29 29 17 4 1 17
split_gain=0.911715 2.23251 1.25343 1.49259 1.61226 1.16751 1.63427 1.31066 1.27544 1.20998 1.04 1.03252 0.700011 1.52551 0.638762 8.98343 2.17494 2.74156 1.58223 1.22138 0.894986 1.35118 6.64323 2.41382 2.63377 1.26445 2.34978 1.71306 1.26771 1.25949
threshold=18.605250000000002 17.500000000000004 18.120150000000006 17.403550000000006 35.500000000000007 20.213250000000006 18.123570000000004 17.783000000000005 17.887500000000003 0.28295359129099712 0.2504971024279477 17.044309166666668 18.478250000000003 17.911800000000003 14.500000000000002 15.500000000000002 14.543600000000001 16.191350000000003 15.355800000000002 18.478250000000003 20.500000000000004 22.500000000000004 26.500000000000004 15.600183333333336 16.365600000000004 17.955650000000002 17.325350000000004 18.500000000000004 8.5000000000000018 17.149950000000004
decision_type=2 2 2 2 2 2 2 2 2 2 2 2 2 2 2 2 2 2 2 2 2 2 2 2 2 2 2 2 2 2
left_child=5 11 3 4 -3 6 12 -7 -8 10 -10 -2 14 -14 19 16 -16 18 -18 -1 25 -22 -23 -24 -25 26 29 -27 -28 -17
right_child=1 2 -4 -5 -6 7 8 -9 9 -11 -12 -13 13 -15 15 20 17 -19 -20 -21 21 22 23 24 -26 27 28 -29 -30 -31
leaf_value=-0.00012138279127583474 -0.0009737367901773553 -0.0013254927755258451 0.00050883050407094291 -0.0022910610558543 0.00036205750027079375 7.2231010332757253e-05 0.0026294008533264447 0.00092939588921836958 -0.00069129112056543819 -0.0034890409663142917 0.0018152584047925302 0.010400128076066722 -0.00018664878633970261 0.0044554734280933418 0.0092950015451269512 -0.00077034259910661266 0.0064966053356454272 0.010928900035389972 -0.00084178775087224273 -0.00081360167346190338 -3.7921515460936917e-06 0.23523916266924561 0.01984343472460651 -0.042463114667977919 0.00019881506978805419 0.0024623587228695953 -0.012037775922021866 -0.00066804353203110624 -0.0017914340933252505 0.0052769039862019442
leaf_weight=2303 26 43 27 31 37 29 26 20 40 27 25 27 26 35 33 619 27 63 32 26 5797 36 38 33 77 38 27 27 44 21
leaf_count=2303 26 43 27 31 37 29 26 20 40 27 25 27 26 35 33 619 27 63 32 26 5797 36 38 33 77 38 27 27 44 21
internal_value=-0.000182195 -0.00565445 -0.0110145 -0.0147748 -0.009 -7.18133e-05 -0.000135881 0.0122449 -0.00949153 -0.013913 -0.008 0.00830189 -1.72006e-05 0.00852459 -7.35851e-05 0.0003125 0.0193548 0.0144262 0.0020339 -0.00121941 -0.000124316 0.000207323 0.00695652 -0.000540541 -0.00654545 -0.00268041 -0.00365682 0.008 -0.0174648 -0.002125
internal_weight=9660 191 138 111 80 9469 9420 49 118 92 65 53 9302 61 9241 6912 155 122 59 2329 6757 5981 184 148 110 776 711 65 71 640
internal_count=9660 191 138 111 80 9469 9420 49 118 92 65 53 9302 61 9241 6912 155 122 59 2329 6757 5981 184 148 110 776 711 65 71 640
is_linear=0
shrinkage=0.08


Tree=144
num_leaves=31
num_cat=0
split_feature=29 29 21 21 15 21 23 39 13 27 19 15 15 5 1 31 6 23 23 33 15 6 15 4 39 6 1 31 17 17
split_gain=0.884498 1.21317 0.895308 0.921143 1.10769 0.976884 1.02857 2.37665 1.10745 0.884553 0.853003 0.843066 1.13032 0.790226 0.750969 0.745407 0.701402 1.66455 1.40578 1.2537 1.3532 1.454 1.86378 2.31799 2.13539 1.80983 1.7324 1.48395 1.76924 1.40711
threshold=21.067900000000005 20.055950000000003 21.645750000000003 19.787800000000001 19.011950000000002 19.315350000000006 18.478250000000003 97.638118011755765 18.356750000000002 20.213250000000006 18.197700000000005 20.213250000000006 19.011950000000002 18.142023333333338 5.5000000000000009 18.087200000000003 0.3044761156952463 17.791300000000003 17.724500000000003 -0.13220000000000007 17.911800000000003 1.9295945405208808 16.852650000000001 32.500000000000007 82.921696123318682 2.5606975924117372 20.500000000000004 15.656950000000002 16.365600000000004 16.938100000000002
decision_type=2 2 2 2 2 2 2 2 2 2 2 2 2 2 2 2 2 2 2 2 2 2 2 2 2 2 2 2 2 2
left_child=1 2 3 5 -5 6 9 10 -9 11 14 12 13 16 -8 -15 -1 18 19 20 21 22 23 24 -18 -23 -27 -26 -29 -24
right_child=-2 -3 -4 4 -6 -7 7 8 -10 -11 -12 -13 -14 15 -16 -17 17 -19 -20 -21 -22 25 29 -25 27 26 -28 28 -30 -31
leaf_value=3.1827793475400767e-05 -0.0011046981710319415 0.0029765891468895235 0.00073015674141572616 -0.0025074374649678077 0.00023050794995597813 0.0019757548920622979 0.0067441580980323584 -0.00073856124740530056 -0.0044659740800545933 0.012391502434829534 -0.0017951514824684977 0.000620359697592292 -0.0014309017816222535 -0.0016916019172775521 5.4722342434345706e-05 -0.00036234175202196187 -0.0065359183639095162 -0.0031349289982611594 0.0074417629146060447 7.2599130783999042e-05 0.0076362223544164465 0.0015013442209483685 -0.00026514225980520226 0.00093786396611989181 0.00030989518732553732 -0.0029022034916579287 0.00044086577039685436 -0.0037285976250466036 0.00040317813960399462 -0.010636701954944386
leaf_weight=7976 47 30 23 32 20 21 24 32 34 23 21 30 37 32 62 39 78 75 20 655 22 28 34 63 34 25 38 29 33 43
leaf_count=7976 47 30 23 32 20 21 24 32 34 23 21 30 37 32 62 39 78 75 20 655 22 28 34 63 34 25 38 29 33 43
internal_value=-0.000115942 -6.24155e-05 -0.0001127 -0.000150628 -0.0107692 -9.25536e-05 -0.000130705 -0.00624277 -0.0181818 -1.71784e-05 0.0011215 -5.59681e-05 -9.93413e-05 -4.33651e-05 0.00465116 -0.0084507 2.18508e-05 -0.00180119 -0.00101633 -0.00140481 -0.00477752 -0.00582716 -0.00840764 -0.00489451 -0.00965517 0.00307692 -0.00444444 -0.00166667 -0.00903226 -0.0192208
internal_weight=9660 9613 9583 9560 52 9508 9487 173 66 9314 107 9291 9261 9224 86 71 9153 1177 1102 1082 427 405 314 237 174 91 63 96 62 77
internal_count=9660 9613 9583 9560 52 9508 9487 173 66 9314 107 9291 9261 9224 86 71 9153 1177 1102 1082 427 405 314 237 174 91 63 96 62 77
is_linear=0
shrinkage=0.08


Tree=145
num_leaves=31
num_cat=0
split_feature=21 19 39 33 21 33 7 33 15 15 25 17 7 23 17 7 17 6 33 21 13 19 7 29 27 29 17 31 8 23
split_gain=1.05076 2.67372 0.758752 0.715127 1.93476 1.40402 1.31254 1.82492 0.787096 1.11596 1.28862 0.971708 1.04053 0.853333 0.730748 0.743307 1.25567 0.93754 0.891983 2.42518 1.65992 1.69796 1.66309 1.54515 1.32964 1.83253 1.65953 1.0923 1.08249 2.15628
threshold=13.818850000000003 14.197750000000001 76.961935416193953 -1.2842499999999999 15.4565 -1.7411999999999999 16.436558333333338 -3.0739500000000004 20.384450000000005 19.787800000000001 20.213250000000006 19.011950000000002 16.494065833333337 18.120150000000006 18.642900000000001 18.123570000000004 17.887500000000003 0.28295359129099712 -0.51724999999999965 18.120150000000006 14.543600000000001 14.4777 14.198415000000001 14.543600000000001 15.390450000000003 15.490150000000002 15.355800000000002 14.968750000000002 0.24583324521204766 17.423700000000004
decision_type=2 2 2 2 2 2 2 2 2 2 2 2 2 2 2 2 2 2 2 2 2 2 2 2 2 2 2 2 2 2
left_child=1 -1 -3 4 -2 6 -6 -8 9 10 11 14 -13 -12 15 18 -17 -18 19 20 -5 22 -22 -23 26 -26 27 -25 -27 -30
right_child=3 2 -4 8 5 -7 7 -9 -10 -11 13 12 -14 -15 -16 16 17 -19 -20 -21 21 23 -24 24 25 28 -28 -29 29 -31
leaf_value=-0.00034208658614602426 0.0013543115128207717 0.0065292338367696351 0.00018378171541272081 -0.0011163176083935867 -0.0087538694389078849 -0.0062806157071709379 -0.001488395205087727 0.0041836609745622864 0.001340329816716661 -0.0037651804458241145 -0.00021480366170187893 -0.0018661207964014181 -0.00012401062756566716 0.0011297736868762342 0.0057815443745408857 0.0026654427414887038 -0.00044489881564018673 -0.0028407837365898559 -2.0025002839503259e-05 0.0057857424999417616 6.5766038697319119e-05 -0.0050927176620274399 0.0038644677406024642 0.0039645143083857446 -0.0022191165371761201 0.0012490032807649244 0.0030224380210751179 -0.00028272043532915351 0.001457493551763207 -0.0012154707096323136
leaf_weight=37 36 21 29 35 36 28 32 34 46 27 20 21 29 30 22 28 68 25 8496 22 21 20 23 22 37 168 27 36 107 77
leaf_count=37 36 21 29 35 36 28 32 34 46 27 20 21 29 30 22 28 68 25 8496 22 21 20 23 22 37 168 27 36 107 77
internal_value=-1.65631e-05 0.00873563 0.0208 -9.61036e-05 -0.0053012 -0.00984615 -0.0054902 0.00121212 -4.25215e-06 -5.55496e-05 -8.57082e-06 -7.75528e-05 -0.0112 0.0128 -1.73273e-05 -5.21059e-05 -0.00628099 -0.0107527 3.07997e-05 0.00302521 0.00202443 0.00312268 0.0181818 0.00178138 0.00270042 0.000719794 0.0117647 0.00413793 0.0025 -0.00173913
internal_weight=9660 87 50 9573 166 130 102 66 9407 9361 9334 9284 50 50 9234 9212 121 93 9091 595 573 538 44 494 474 389 85 58 352 184
internal_count=9660 87 50 9573 166 130 102 66 9407 9361 9334 9284 50 50 9234 9212 121 93 9091 595 573 538 44 494 474 389 85 58 352 184
is_linear=0
shrinkage=0.08


Tree=146
num_leaves=31
num_cat=0
split_feature=33 1 19 39 33 4 1 6 17 5 13 21 19 23 29 4 8 8 4 33 4 1 7 23 4 4 25 6 33 31
split_gain=0.72019 1.50195 1.69084 2.01185 1.33701 1.26518 1.19551 1.0119 0.846454 1.71459 0.979592 0.74795 1.54103 0.917881 0.860299 0.764695 1.10236 0.738462 0.725071 1.13747 1.27407 1.21212 0.912918 1.33275 0.718397 1.73394 1.72337 1.58568 1.33125 1.96538
threshold=0.6037499999999999 15.500000000000002 14.716850000000003 85.910548744368967 0.62230000000000019 6.5000000000000009 2.5000000000000004 0.26683729502386688 16.180450000000004 16.99394666666667 17.501900000000003 13.818850000000003 15.158250000000002 13.851850000000002 12.978900000000001 22.500000000000004 0.22439409565161031 0.20243491169579556 47.500000000000007 0.71485000000000032 28.500000000000004 6.5000000000000009 17.000222500000003 16.247550000000004 55.500000000000007 54.500000000000007 16.929950000000002 0.27272974107015518 0.25550000000000056 14.115350000000001
decision_type=2 2 2 2 2 2 2 2 2 2 2 2 2 2 2 2 2 2 2 2 2 2 2 2 2 2 2 2 2 2
left_child=11 4 -3 -4 -2 6 -6 -5 -9 -10 -11 12 -1 15 -15 -13 -17 -7 19 21 22 -19 23 -21 25 28 -27 -26 -16 -30
right_child=1 2 3 7 5 17 -8 8 9 10 -12 13 -14 14 24 16 -18 18 -20 20 -22 -23 -24 -25 27 26 -28 -29 29 -31
leaf_value=-4.227878582696576e-07 -0.0036004215990777765 -0.0013777215010854604 0.0069359632500939489 0.0034987404090202289 0.029352909504542737 0.00063944178762881171 -0.00068099288708083354 -0.0023733742271750203 0.011677544547297032 -0.0040773185577944564 0.00075573874739859553 -0.0024937805400679735 0.0025917471146221518 0.0032815709668295766 -7.0321091626865945e-05 0.0023127106966260415 -0.003209209894841223 0.0023432852507238523 -0.0025843009583066136 -0.001284188861527582 -0.00012880527816719223 -0.0010112669237501849 -0.0001472585157026174 -0.0068929169215135744 0.00011442150587718913 -0.0017805709745752551 -0.0069188484593341575 0.0014983111054621646 0.001911605185906211 0.00018069293552798628
leaf_weight=47 34 22 21 57 24 20 29 21 23 28 21 30 28 35 6674 20 29 33 34 23 77 22 22 29 554 109 26 73 58 1437
leaf_count=47 34 22 21 57 24 20 29 21 23 28 21 30 28 35 6674 20 29 33 34 23 77 22 22 29 554 109 26 73 58 1437
internal_value=-0.000124224 -0.00296296 0.0026943 0.00538012 -0.00610951 -0.00447284 0.00679245 0.00213333 -0.00301075 0.00111111 -0.00734694 4.38596e-05 0.008 -2.21117e-05 5.35356e-05 -0.00860759 -0.00244898 -0.00676923 -0.008 -0.00621359 -0.00980132 0.00363636 -0.0172973 -0.0230769 4.47878e-06 -0.000192678 -0.00918519 0.00261563 -4.4069e-05 0.00211371
internal_weight=9660 540 193 171 347 313 53 150 93 72 49 9120 75 9045 8966 79 49 260 240 206 151 55 74 52 8931 8304 135 627 8169 1495
internal_count=9660 540 193 171 347 313 53 150 93 72 49 9120 75 9045 8966 79 49 260 240 206 151 55 74 52 8931 8304 135 627 8169 1495
is_linear=0
shrinkage=0.08


Tree=147
num_leaves=31
num_cat=0
split_feature=39 21 7 5 4 19 15 4 7 19 1 21 5 6 7 29 7 5 17 27 33 7 23 31 31 5 5 21 1 19
split_gain=0.663442 1.07011 1.88492 0.90532 0.689774 0.667927 2.26179 1.25497 1.77159 1.97043 1.88288 1.68242 1.14405 0.945006 0.884211 1.875 0.840373 1.18528 0.808206 2.31072 2.32593 1.92728 1.7203 1.61423 1.46647 1.45281 1.42029 2.36915 1.53854 1.74654
threshold=75.143283985082761 15.294250000000002 14.571320000000002 14.092543333333335 17.500000000000004 14.046700000000003 13.950650000000001 48.500000000000007 14.123925833333336 14.000100000000002 7.5000000000000009 14.066000000000001 14.154896666666668 0.17532358215255758 14.123925833333336 14.131850000000002 14.129437500000002 14.168676666666668 15.490150000000002 15.550500000000001 -0.80299999999999805 15.139452500000003 15.736050000000002 15.883650000000001 14.851500000000001 15.589050000000002 15.403950000000002 15.515000000000002 16.500000000000004 15.142850000000001
decision_type=2 2 2 2 2 2 2 2 2 2 2 2 2 2 2 2 2 2 2 2 2 2 2 2 2 2 2 2 2 2
left_child=1 2 -1 4 -2 6 14 8 13 10 -10 -12 -11 -8 -5 -16 -9 -18 26 20 -20 -21 -22 25 -23 -24 -7 28 29 -28
right_child=3 -3 -4 5 -6 18 7 16 9 12 11 -13 -14 -15 15 -17 17 -19 19 21 22 24 23 -25 -26 -27 27 -29 -30 -31
leaf_value=5.7680713425298794e-05 0.0013013024313963228 -0.00032438302628946759 0.0098807672242263323 0.0039771132825985947 -0.0029955286485735398 -4.7822036935798452e-05 8.893414461851989e-05 0.0032100271991908616 -0.0018686614931746703 0.0029607430773808119 -0.006464966567251409 0.0018325686867210322 -0.00077333747521365123 -0.0036095946881565056 -0.00013872432445062089 0.0014313155062237114 -0.0021065080360085633 0.0018317181672674822 -0.0033131772958628859 -0.011947044478975925 0.00040986541591870207 0.011852745304223049 0.0053699392742711897 0.0040812102249961416 -1.2518821762768084e-05 0.00029731437845271103 0.004675742640001204 -6.4991528620623743e-05 -0.0035772498124633503 -0.0030165282870710541
leaf_weight=36 21 30 21 35 40 2881 23 34 81 60 24 62 24 60 40 20 22 20 23 29 320 29 20 40 5092 75 20 294 93 91
leaf_count=36 21 30 21 35 40 2881 23 34 81 60 24 62 24 60 40 20 22 20 23 29 320 29 20 40 5092 75 20 294 93 91
internal_value=-5.7971e-05 0.00689655 0.0133333 -0.000121174 -0.00983607 -5.8873e-05 0.00277228 0.000195122 -0.00191617 0.00143426 -0.00359281 0.00465116 0.0114286 -0.0120482 0.0138947 0.008 0.00947368 0.00190476 -0.000217609 0.000369581 0.00569038 -0.000124272 0.00694505 0.0145185 -7.81097e-06 0.00884211 -0.00119562 -0.00514056 -0.0117647 -0.00540541
internal_weight=9660 87 57 9573 61 9512 505 410 334 251 167 86 84 83 95 60 76 42 9007 5628 478 5150 455 135 5121 95 3379 498 204 111
internal_count=9660 87 57 9573 61 9512 505 410 334 251 167 86 84 83 95 60 76 42 9007 5628 478 5150 455 135 5121 95 3379 498 204 111
is_linear=0
shrinkage=0.08


Tree=148
num_leaves=31
num_cat=0
split_feature=33 29 29 7 29 21 4 39 7 4 1 31 33 4 6 1 6 8 4 21 6 8 4 7 33 33 33 31 13 13
split_gain=0.661736 1.11076 2.18472 1.30336 1.19622 1.17188 1.70733 0.898731 0.672377 1.81085 0.66393 1.97499 1.66728 1.16088 3.18218 2.12605 2.57732 1.90546 1.85095 1.7922 1.45001 1.39436 1.35681 1.49718 1.32919 1.70901 2.06242 2.28317 2.34868 2.23462
threshold=-0.9933499999999994 18.517300000000002 17.501900000000003 15.371062500000003 15.249300000000002 17.265850000000004 34.500000000000007 75.143283985082761 18.716592500000004 40.500000000000007 2.5000000000000004 18.197700000000005 -0.76014999999999933 17.500000000000004 0.57419832856915154 1.5000000000000002 0.81197606220729701 1.5855685391679926 10.500000000000002 16.489300000000004 0.23461511155498113 1.6795587907055991 51.500000000000007 17.068655833333334 0.54750000000000043 0.32834999999999953 -0.032849999999999817 16.403200000000002 16.121200000000005 16.603000000000005
decision_type=2 2 2 2 2 2 2 2 2 2 2 2 2 2 2 2 2 2 2 2 2 2 2 2 2 2 2 2 2 2
left_child=1 2 3 -1 -5 6 -6 -2 10 -10 11 13 -12 15 20 17 -17 18 -9 -16 21 24 23 -22 25 26 29 28 -28 -15
right_child=7 -3 -4 4 5 -7 -8 8 9 -11 12 -13 -14 14 19 16 -18 -19 -20 -21 22 -23 -24 -25 -26 -27 27 -29 -30 -31
leaf_value=-0.00092288664744472732 0.00081439473678109661 0.006906691815821802 -0.0039132929715148639 0.0048389572160012764 -0.0019796539049795571 0.0028841446551007266 0.00076111712087580943 -0.0030702531756977435 -0.0029853715279027429 0.0026282731807398818 0.0020613851996189683 0.003807200926337231 -3.6157617391197051e-05 0.00089369451901227142 -0.002112809705974428 0.091650962720252097 0.00097780592553846184 0.0018534709266648263 0.00055218536302518832 -0.014768604624754716 0.0011681791860825542 -0.0016725885935275641 0.0050544570707845085 -0.001152024802270546 -0.0055952515245349587 0.0049321661820398788 -0.0015847005920110746 0.0042668778527578865 -0.0069609268909513848 -0.0022548736193317609
leaf_weight=52 40 23 23 22 41 32 23 92 36 27 76 70 8108 158 70 34 52 80 56 24 158 47 31 44 20 41 109 23 21 27
leaf_count=52 40 23 23 22 41 32 23 92 36 27 76 70 8108 158 70 34 52 80 56 24 158 47 31 44 20 41 109 23 21 27
internal_value=-6.62526e-05 -0.00444444 -0.00642487 -0.00329412 0.00135593 -0.0025 -0.00875 3.38839e-05 -1.7014e-05 -0.00825397 3.85398e-05 0.00183232 -0.000215054 0.00099356 -0.000672704 0.00509554 0.015814 0.00105263 -0.00432432 -0.0144681 0.00123711 -0.00143498 0.00635193 0.0039604 0.000100251 0.00116095 -0.000710059 -0.0075817 -0.0116923 0.00497297
internal_weight=9660 216 193 170 118 96 64 9444 9404 63 9341 1157 8184 1087 773 314 86 228 148 94 679 446 233 202 399 379 338 153 130 185
internal_count=9660 216 193 170 118 96 64 9444 9404 63 9341 1157 8184 1087 773 314 86 228 148 94 679 446 233 202 399 379 338 153 130 185
is_linear=0
shrinkage=0.08


Tree=149
num_leaves=31
num_cat=0
split_feature=15 29 31 25 15 15 6 29 19 31 6 19 19 17 8 29 39 25 33 2 17 17 27 17 23 23 6 33 4 21
split_gain=1.18589 0.683158 0.995115 1.77936 1.07969 1.24039 1.07613 1.57688 1.32339 1.04104 1.26022 1.02564 0.922815 1.70638 1.60303 0.774968 1.08666 0.858397 1.05844 0.917397 0.767737 1.3241 0.948285 1.1229 1.0665 1.14689 1.20534 1.53258 2.22196 1.99463
threshold=22.248450000000002 21.934550000000005 21.448650000000004 21.645750000000003 20.384450000000005 19.122800000000002 2.0387000609981727 16.900950000000005 17.576750000000004 13.818850000000003 1.5332096715139489 17.363700000000005 15.851650000000001 16.938100000000002 1.3588370419617404 16.628950000000003 76.382272559095867 15.490150000000002 0.040200000000000465 2.5000000000000004 18.642900000000001 19.011950000000002 18.605250000000002 17.887500000000003 18.681650000000001 18.478250000000003 0.3044761156952463 -0.37945000000000023 48.500000000000007 17.325350000000004
decision_type=2 2 2 2 2 2 2 2 2 2 2 2 2 2 2 2 2 2 2 2 2 2 2 2 2 2 2 2 2 2
left_child=1 2 3 4 5 6 9 8 15 -1 20 12 14 -14 -12 16 -8 18 -18 -19 22 -22 24 -24 25 26 -11 28 -28 -29
right_child=-2 -3 -4 -5 -6 -7 7 -9 -10 10 11 -13 13 -15 -16 -17 17 19 -20 -21 21 -23 23 -25 -26 -27 27 29 -30 -31
leaf_value=0.0029066764316274174 -0.00052046185875695981 -0.00076408837846344115 0.0019596999587849951 -0.0037409077309892781 0.001968925870689091 -0.0015174614997042113 -0.00068112227879758792 0.00079373436435503208 -0.0027334089753409787 2.8163405955439204e-05 -0.0054946317896085615 -0.0018886898584551659 0.0042750665232594541 -0.00336856783975918 0.0011882773489868014 -0.00095391981569690641 0.00039553757906681143 0.00031481251614337683 -0.00085035405267049665 0.015321452889321848 0.0079539886561676102 -0.00020773277648032719 0.0017685779436901329 -0.0040719553149381228 0.0048520359862520481 -0.00073522171075481426 -0.002243492051200988 7.7055918977464452e-05 0.00045976850221386202 -0.0018354958047999048
leaf_weight=36 25 29 31 20 34 57 26 112 27 7957 24 27 25 21 20 22 32 21 26 22 21 20 22 35 24 84 160 557 28 115
leaf_count=36 25 29 31 20 34 57 26 112 27 7957 24 27 25 21 20 22 32 21 26 22 21 20 22 35 24 84 160 557 28 115
internal_value=-0.000198758 -0.000153607 -0.000116594 -0.000162924 -0.00011303 -0.000163848 -9.29839e-05 0.00472222 0 -0.000244115 -0.000297593 -0.00854701 -0.00444444 0.00347826 -0.0127273 0.00295302 0.00535433 0.00910891 0.00275862 0.0176744 -0.000190624 0.0107317 -0.000240481 -0.0105263 -0.00017479 -0.0002202 -0.000131564 -0.00297674 -0.0093617 -0.00119048
internal_weight=9660 9635 9606 9575 9555 9521 9464 288 176 9176 9140 117 90 46 44 149 127 101 58 43 9023 41 8982 57 8925 8901 8817 860 188 672
internal_count=9660 9635 9606 9575 9555 9521 9464 288 176 9176 9140 117 90 46 44 149 127 101 58 43 9023 41 8982 57 8925 8901 8817 860 188 672
is_linear=0
shrinkage=0.08


Tree=150
num_leaves=31
num_cat=0
split_feature=15 25 25 25 15 19 13 33 19 13 13 31 21 17 6 4 2 1 8 1 23 19 5 19 1 33 21 2 23 6
split_gain=1.19381 0.658793 0.749612 0.98748 0.902866 0.823567 0.702671 0.573066 1.30768 1.56575 1.50339 1.48612 1.40741 1.12 1.90742 0.991616 1.11189 0.927465 0.99151 0.97971 0.825309 1.72321 0.914502 0.820985 0.923117 0.740513 0.653285 1.625 0.796857 0.625
threshold=22.248450000000002 22.248450000000002 20.213250000000006 19.533250000000006 20.384450000000005 20.213250000000006 17.265850000000004 0.6037499999999999 14.411800000000001 15.142850000000001 15.320300000000001 15.625350000000003 14.329500000000001 15.195600000000001 0.26683729502386688 6.5000000000000009 2.5000000000000004 14.500000000000002 1.2322522648951775 11.500000000000002 16.900950000000005 17.071750000000005 16.403270000000003 17.501900000000003 3.5000000000000004 0.78565000000000051 13.818850000000003 3.5000000000000004 12.978900000000001 0.28572286090623111
decision_type=2 2 2 2 2 2 2 2 2 2 2 2 2 2 2 2 2 2 2 2 2 2 2 2 2 2 2 2 2 2
left_child=1 2 3 4 5 7 -4 26 12 11 -11 13 -9 14 -10 16 -12 18 19 23 22 -22 -19 24 -17 -26 27 -1 -28 -29
right_child=-2 -3 6 -5 -6 -7 -8 8 9 10 15 -13 -14 -15 -16 17 -18 20 -20 -21 21 -23 -24 -25 25 -27 28 29 -30 -31
leaf_value=0.0010111923867189888 -0.00047882491005651673 -0.0013929799368929707 0.0030767341082523106 -0.0022166700558506136 0.0028885143756482278 0.0077687525621823288 -5.5557827615899671e-05 -0.0077151589040786919 -0.00049756038656752818 -0.0030988672720700097 -0.0012089571681741518 0.0046364957059935822 -0.00010355694119049019 -0.0026960844073551727 0.0037461344090300485 -0.0067921202377257831 0.0063698102308644882 0.0021007335622905288 0.00037056974833404865 -0.0014506908008360142 0.0060903518108213466 -0.00052940393995740468 -0.0040493903712120272 -0.0018312734344382874 -0.0027987191865658191 0.001191303356435114 -0.0011393860855720562 0.00070541432281629574 -1.6907510726582587e-06 -0.00091476250533951032
leaf_weight=25 25 24 21 36 28 25 20 23 29 24 22 39 28 20 21 26 36 22 22 23 27 38 20 39 26 24 20 20 8887 20
leaf_count=25 25 24 21 36 28 25 20 23 29 24 22 39 28 20 21 26 36 22 22 23 27 38 20 39 26 24 20 20 8887 20
internal_value=-0.000140787 -9.54852e-05 -6.24285e-05 -0.000108673 -5.87372e-05 -0.000100989 0.0107317 -0.000139226 -0.00275049 -0.00139738 -0.00401146 0.00697248 -0.014902 0 0.0064 -0.00258462 0.00689655 -0.00464419 -0.0085 -0.0110145 0.0011215 0.00676923 -0.00761905 -0.008 -0.00315789 0.0032 8.91663e-06 0.008 -4.93993e-05 -0.002
internal_weight=9660 9635 9611 9570 9534 9506 41 9481 509 458 349 109 51 70 50 325 58 267 160 138 107 65 42 115 76 50 8972 65 8907 40
internal_count=9660 9635 9611 9570 9534 9506 41 9481 509 458 349 109 51 70 50 325 58 267 160 138 107 65 42 115 76 50 8972 65 8907 40
is_linear=0
shrinkage=0.08


Tree=151
num_leaves=31
num_cat=0
split_feature=15 15 21 19 19 15 39 5 7 27 27 4 8 23 6 21 31 39 8 39 29 29 6 31 29 33 6 19 33 27
split_gain=1.19041 0.798584 1.01529 1.52301 1.11909 1.65792 0.925942 0.681411 2.59037 1.43574 1.82362 1.15675 1.42201 1.20933 1.14405 1.13297 1.76543 1.60303 1.40525 1.0987 1.11764 0.968535 1.33378 1.22911 1.14218 2.19444 1.55988 1.2113 1.56353 1.2486
threshold=22.248450000000002 9.6461500000000004 13.818850000000003 14.260600000000002 21.934550000000005 20.808800000000002 70.575856059946418 18.10177666666667 17.198359166666673 17.846600000000006 17.783000000000005 42.500000000000007 0.24875086881612732 18.158950000000001 0.32025476947183068 17.993150000000004 18.087200000000003 97.638118011755765 0.22998470774017118 97.842033181935662 18.410200000000007 17.955650000000002 0.18484562425502007 16.566100000000002 18.197700000000005 -0.040300000000000218 0.27101768935776094 18.120150000000006 0.44275000000000025 17.911800000000003
decision_type=2 2 2 2 2 2 2 2 2 2 2 2 2 2 2 2 2 2 2 2 2 2 2 2 2 2 2 2 2 2
left_child=1 -1 3 -3 5 6 -4 21 -9 10 -10 15 -13 14 -14 16 17 -11 -17 -20 -21 -8 -23 -24 27 26 -26 28 29 -25
right_child=-2 2 4 -5 -6 -7 7 8 9 11 -12 12 13 -15 -16 18 -18 -19 19 20 -22 22 23 24 25 -27 -28 -29 -30 -31
leaf_value=-0.0002035105961130057 -0.00044051891725189308 -8.6641966254887855e-05 -0.00036453444129065817 0.00073852300118730345 -0.00064729853989952345 0.0047535806059460133 -2.5122989647172745e-05 -0.00086375465592183789 -0.00045137855107299176 -0.00010314859837379231 0.0021518942255559638 -0.0019767883063630622 0.0018873352840145686 0.0012303172513166772 -0.00078247748305727784 -0.0026215440121154644 -0.0011492735541936839 0.0077737022970160302 0.0011837969759206147 -0.0013813080573285674 9.1988210946141184e-05 0.0032690095019103182 0.0092443345064091176 -3.7528506405664077e-05 -0.0030042280704543601 0.00039024585772835964 0.00043195374100243102 0.0032395414501567646 -0.0016847715596833269 0.0013830658629359505
leaf_weight=25 25 37 38 45 22 22 8437 26 25 22 27 31 35 30 21 33 36 33 40 58 20 31 32 84 65 145 32 37 33 113
leaf_count=25 25 37 38 45 22 22 8437 26 25 22 27 31 35 30 21 33 36 33 40 58 20 31 32 84 65 145 32 37 33 113
internal_value=-0.000165631 -0.000120394 -8.32466e-05 0.00878049 -0.00015953 -0.00011782 -0.000168705 -0.000118569 -0.00320366 -0.0016545 0.0107692 -0.00345404 0.00307692 0.00837209 0.00142857 -0.00661157 0.00043956 0.00945455 -0.0108609 -0.00677966 -0.0123077 3.108e-05 0.00321678 0.00229205 0.00133595 -0.00264463 -0.0119588 0.00494382 0.00278261 0.00548223
internal_weight=9660 9635 9610 82 9528 9506 9484 9446 437 411 52 359 117 86 56 242 91 55 151 118 78 9009 572 541 509 242 97 267 230 197
internal_count=9660 9635 9610 82 9528 9506 9484 9446 437 411 52 359 117 86 56 242 91 55 151 118 78 9009 572 541 509 242 97 267 230 197
is_linear=0
shrinkage=0.08


Tree=152
num_leaves=31
num_cat=0
split_feature=23 7 21 25 5 13 15 21 6 21 33 21 17 25 1 1 8 6 4 39 8 8 27 1 7 15 2 15 1 1
split_gain=1.57734 0.584474 1.0181 0.721007 1.29644 0.685003 0.818342 0.966218 0.806388 0.809825 0.711803 1.45379 1.57143 1.39812 1.12844 1.81823 1.39694 1.56345 1.21078 0.932937 0.904292 0.879779 0.878493 1.75401 0.756734 1.27504 0.706486 1.225 0.948474 0.694444
threshold=21.645750000000003 18.716592500000004 18.042600000000004 21.645750000000003 19.160346666666666 20.808800000000002 20.578700000000001 19.979150000000001 4.1392035428181444 19.315350000000006 0.6037499999999999 14.444800000000003 14.09895 18.158950000000001 15.500000000000002 8.5000000000000018 0.370621053769919 0.23748694086082808 6.5000000000000009 101.17047253305888 0.25965866832446266 0.23123526847977824 16.144550000000006 21.500000000000004 18.123570000000004 17.911800000000003 3.5000000000000004 15.798950000000003 4.5000000000000009 10.500000000000002
decision_type=2 2 2 2 2 2 2 2 2 2 2 2 2 2 2 2 2 2 2 2 2 2 2 2 2 2 2 2 2 2
left_child=1 3 -3 4 5 6 7 8 9 10 24 12 -12 14 15 18 17 -17 -13 26 21 -16 -22 -24 -1 -26 28 -28 -20 -27
right_child=-2 2 -4 -5 -6 -7 -8 -9 -10 -11 11 13 -14 -15 20 16 -18 -19 19 -21 22 -23 23 -25 25 29 27 -29 -30 -31
leaf_value=1.7277158545141446e-05 -0.00040527740387176438 0.0020841922599808527 -0.0018641055440809851 -0.0010575138868065893 0.0061334603455840409 -0.00080469682987825307 0.0010071083633387446 -0.0007196794603224532 0.027480283349509308 0.0043288111120957495 -0.0024579838032774862 0.0085372538124853757 5.4921630899897881e-05 -0.0010973903781956551 0.0017707058038888591 -0.00075896194983300809 0.0003319192319658271 -0.0041378991170436304 -0.001987017256553827 -0.0029400711964166961 -0.0012864452084501465 0.004255246514073008 -0.0024890834413560017 0.0096700811278158487 -0.00081048214454625621 -0.0016712511664573526 -0.00023840060627009052 0.0042187118920355713 0.0010633924036812913 0.0029924525300415897
leaf_weight=8821 35 23 37 22 28 36 25 31 20 20 28 30 22 27 35 36 28 34 46 26 24 31 37 20 21 20 20 20 32 25
leaf_count=8821 35 23 37 22 28 36 25 31 20 20 28 30 22 27 35 36 28 34 46 26 24 31 37 20 21 20 20 20 32 25
internal_value=-0.000190476 -0.000128831 -0.008 -7.94564e-05 -4.61071e-05 -9.66894e-05 -5.48581e-05 -9.30823e-05 -4.66943e-05 -8.08253e-05 -0.000115102 -0.00306452 -0.016 -0.00161435 -0.000477327 -0.00352941 -0.0122449 -0.0182857 0.00137931 -0.00166667 0.00517007 0.0121212 -0.000493827 0.00491228 4.95105e-05 -0.00848485 0.00135593 0.01 -0.00307692 -0.000888889
internal_weight=9660 9625 60 9565 9543 9515 9479 9454 9423 9403 9383 496 50 446 419 272 98 70 174 144 147 66 81 57 8887 66 118 40 78 45
internal_count=9660 9625 60 9565 9543 9515 9479 9454 9423 9403 9383 496 50 446 419 272 98 70 174 144 147 66 81 57 8887 66 118 40 78 45
is_linear=0
shrinkage=0.08


Tree=153
num_leaves=31
num_cat=0
split_feature=23 29 29 27 19 4 23 27 31 5 17 1 5 27 5 33 33 4 4 21 19 13 23 29 17 33 33 33 27 1
split_gain=1.57426 1.04079 0.893402 0.642628 1.19835 1.17424 0.558196 2.0322 1.913 1.74753 1.42363 1.35976 0.726917 1.25365 1.01145 0.704402 1.23812 0.690302 7.15747 1.95904 2.2774 1.34864 1.08969 1.07318 1.357 1.29312 1.27812 1.47556 1.39602 1.32449
threshold=21.645750000000003 21.067900000000005 20.213250000000006 13.818850000000003 14.000100000000002 34.500000000000007 18.478250000000003 17.846600000000006 17.911800000000003 17.090176666666668 18.731750000000002 10.500000000000002 18.142023333333338 17.993150000000004 18.496380000000006 -0.53129999999999977 -0.2189999999999985 14.500000000000002 15.500000000000002 16.929950000000002 14.968750000000002 16.191350000000003 15.355800000000002 18.158950000000001 17.846600000000006 -0.089550000000000005 -0.60720000000000052 -0.55495000000000061 15.123600000000001 16.500000000000004
decision_type=2 2 2 2 2 2 2 2 2 2 2 2 2 2 2 2 2 2 2 2 2 2 2 2 2 2 2 2 2 2
left_child=1 2 3 4 -1 -6 12 9 11 -8 15 -9 17 14 -14 -10 -17 23 19 20 -19 22 -22 26 -25 -26 28 -28 -5 -29
right_child=-2 -3 -4 6 5 -7 7 8 10 -11 -12 -13 13 -15 -16 16 -18 18 -20 -21 21 -23 -24 24 25 -27 27 29 -30 -31
leaf_value=0.00034307408511324411 -0.00037285521156206871 -0.00072195281018494484 0.0042745542850124709 -0.001771765649153494 -3.4179994891445634e-05 -0.0047034062747556508 -0.00012855733489487876 -0.0010077165580190694 0.00021969609115217282 0.0049059138606952499 0.0013420118268696513 -0.0033108867159833723 -0.0013818087310431793 7.9606187636045437e-05 -9.3266200183279578e-05 -0.004167096178103691 -4.5270232986638349e-05 0.0091147746970868578 1.828797640285984e-05 0.014111860120511608 0.0025919570830289728 0.0085438169431624553 -0.00081255987614497376 -0.0080990986907511341 -0.003563815388757803 0.00014427029491741904 -0.0045676692461623959 2.033404728251753e-05 0.0017017426336751384 -0.0008823449445257126
leaf_weight=21 35 34 23 26 37 27 22 20 26 28 20 23 28 49 24 27 29 33 6697 37 27 28 31 20 31 41 22 1548 96 550
leaf_count=21 35 34 23 26 37 27 22 20 26 28 20 23 28 49 24 27 29 33 6697 37 27 28 31 20 31 41 22 1548 96 550
internal_value=-0.000207039 -0.000145455 -9.59233e-05 -0.000133779 -0.00705882 -0.0125 -7.17073e-05 -0.00430769 -0.00910345 0.0096 -0.00313725 -0.0232558 1.72265e-05 -0.00673267 -0.0153846 -0.00780488 -0.0128571 9.14335e-05 0.000496133 0.0174359 0.012437 0.0055814 -0.00137931 -0.00109683 -0.00956522 -0.00444444 -0.000749331 -0.00120755 0.00721311 -0.00099142
internal_weight=9660 9625 9591 9568 85 64 9483 195 145 50 102 43 9288 101 52 82 56 9187 6853 156 119 86 58 2334 92 72 2242 2120 122 2098
internal_count=9660 9625 9591 9568 85 64 9483 195 145 50 102 43 9288 101 52 82 56 9187 6853 156 119 86 58 2334 92 72 2242 2120 122 2098
is_linear=0
shrinkage=0.08


Tree=154
num_leaves=31
num_cat=0
split_feature=25 33 19 39 23 29 33 8 8 17 17 7 25 19 39 19 6 13 19 19 21 29 21 33 19 31 21 1 2 15
split_gain=1.5581 1.38784 2.85836 1.28907 0.805039 0.700216 1.10313 0.965274 1.84199 1.95488 2.52468 1.16364 1.13426 1.02261 0.794016 0.847033 0.691011 1.06614 1.7765 1.05194 0.910983 0.885117 0.946941 0.767316 1.38037 1.36308 0.765096 0.98661 0.695817 0.658112
threshold=19.533250000000006 -0.15179999999999969 18.410200000000007 93.288199601477999 21.448650000000004 18.410200000000007 0.41205000000000075 0.2394805331106267 0.70052164681273965 17.955650000000002 17.363700000000005 18.100093333333337 17.955650000000002 16.661800000000003 109.91435503037329 17.273000000000003 2.1556601781526621 17.149950000000004 17.791300000000003 16.247550000000004 16.029150000000005 15.426750000000002 14.153300000000002 -0.8807500000000007 17.619150000000001 16.929950000000002 15.699150000000001 10.500000000000002 1.5000000000000002 17.071750000000005
decision_type=2 2 2 2 2 2 2 2 2 2 2 2 2 2 2 2 2 2 2 2 2 2 2 2 2 2 2 2 2 2
left_child=4 3 -3 -2 5 14 7 12 11 10 13 -9 -7 -10 16 -16 23 18 19 20 21 22 -18 24 25 26 27 -1 -28 -19
right_child=1 2 -4 -5 -6 6 -8 8 9 -11 -12 -13 -14 -15 15 -17 17 29 -20 -21 -22 -23 -24 -25 -26 -27 28 -29 -30 -31
leaf_value=-0.0031922213010201262 -0.0027389164422058345 0.0050388167542953968 -0.00053786890516363431 -0.00047533028435438497 -0.001283808091699683 -0.002050916472188078 -0.00079426581095759735 0.0041136906800548446 0.00068714479015795859 -0.001417906098795072 0.0099444664129455882 8.1460321195834235e-05 0.0023769443977153062 -0.0048149747937276293 0.00031784571227433389 -0.0012330640771546796 -0.0017337870464475458 0.00012936014471023327 -0.0026575586991418733 0.0037332245440961031 -0.0033436425248508784 0.00067659595029653016 0.0017571584187479061 -2.124781258459052e-06 -0.0026625697071972353 0.004215813904755521 -0.00018372253785884141 0.00050100107770859384 -0.010038845226189893 0.0030792818053878082
leaf_weight=22 27 24 31 26 20 30 38 44 25 33 22 20 24 23 23 30 20 31 21 46 20 21 33 8848 27 25 22 21 24 39
leaf_count=22 27 24 31 26 20 30 38 44 25 33 22 20 24 23 23 30 20 31 21 46 20 21 33 8848 27 25 22 21 24 39
internal_value=-7.45342e-05 -0.00962963 -0.000727273 -0.0188679 3.35008e-05 6.71423e-05 0.00416988 0.00633484 0.00934132 0.00271845 0.0102857 0.02 -0.00296296 0 -4.74496e-05 -0.00981132 8.67679e-06 0.004329 0.000745342 0.004 -0.000851064 0.00324324 -0.00226415 -0.000102347 -0.00595745 -0.00210526 -0.00674157 0.000930233 -0.013913 0.0125714
internal_weight=9660 108 55 53 9552 9532 259 221 167 103 70 64 54 48 9273 53 9220 231 161 140 94 74 53 8989 141 114 89 43 46 70
internal_count=9660 108 55 53 9552 9532 259 221 167 103 70 64 54 48 9273 53 9220 231 161 140 94 74 53 8989 141 114 89 43 46 70
is_linear=0
shrinkage=0.08


Tree=155
num_leaves=31
num_cat=0
split_feature=29 13 23 29 4 1 25 13 21 7 15 6 7 15 13 21 29 4 33 29 19 7 1 29 5 25 6 33 39 6
split_gain=1.7063 1.10074 0.758233 0.816137 1.4576 1.45405 1.79315 0.812152 0.656601 0.633557 2.06079 1.73997 1.26234 1.64223 1.57049 1.5849 1.2132 1.33333 1.15327 1.10736 0.859866 0.651473 1.73661 1.58594 1.87086 1.38913 1.25842 1.1046 1.0774 1.42189
threshold=20.808800000000002 17.325350000000004 21.448650000000004 18.556400000000004 44.500000000000007 16.500000000000004 19.533250000000006 21.934550000000005 17.911800000000003 18.123570000000004 18.449000000000002 0.28295359129099712 18.093720833333339 17.955650000000002 18.243650000000006 18.158950000000001 17.993150000000004 28.500000000000004 0.037950000000000379 18.120150000000006 17.993150000000004 18.071590833333335 4.5000000000000009 17.911800000000003 18.096390000000003 18.087200000000003 0.18391943834379784 0.46274999999999983 97.045132696872585 0.28780375698079025
decision_type=2 2 2 2 2 2 2 2 2 2 2 2 2 2 2 2 2 2 2 2 2 2 2 2 2 2 2 2 2 2
left_child=2 -2 3 7 5 6 8 9 -5 12 11 19 21 16 15 18 -14 -18 -15 20 -11 23 25 -1 27 -23 -24 -25 -28 -30
right_child=1 -3 -4 4 -6 -7 -8 -9 -10 10 -12 -13 13 14 -16 -17 17 -19 -20 -21 -22 22 26 24 -26 -27 28 -29 29 -31
leaf_value=-1.6887174055568722e-06 -0.00048601826344977893 -0.0051516766622907544 -0.0001239134792606933 0.00069970392769008077 0.0073251485226674615 -0.0046811155170771454 -0.0019415440502001502 -0.00058100425847527502 0.0020210804890265876 -0.00069364020042499423 0.0015683200248832918 -0.0028635989299624497 0.0001424414654459838 -0.0013400117546215995 0.0016397522147757115 -0.0020286547198165297 0.0085593154877467732 0.0013139524508999046 0.0017941507124658075 -0.00083661893350210907 0.0053602547615605543 -0.0012976064236585217 0.0037049162141057934 0.0028609936638873991 -0.0010618261919597672 -0.0071664749261307753 -0.0014333432182516504 -0.00057226264810083193 1.7317375035759142e-05 -0.0027893978256517469
leaf_weight=8341 32 21 27 30 36 28 21 25 31 32 23 20 25 40 34 40 24 24 39 21 21 33 24 96 33 21 65 20 412 21
leaf_count=8341 32 21 27 30 36 28 21 25 31 32 23 20 25 40 34 40 24 24 39 21 21 33 24 96 33 21 65 20 412 21
internal_value=-2.48447e-05 -0.0143396 5.41272e-05 9.1858e-05 0.0060274 0.00145455 0.00682927 0 0.0137705 3.82612e-05 -0.00581197 -0.0110638 0.000111924 0.0060177 0.00130719 -0.00302521 0.0158904 0.0233333 0.0035443 -0.00540541 0.000754717 -3.52967e-05 -0.00263889 0.000141343 0.00832215 -0.0162963 -0.00122605 0.0131034 -0.00208835 -0.000646651
internal_weight=9660 53 9607 9580 146 110 82 9434 61 9409 117 94 9292 226 153 119 73 48 79 74 53 9066 576 8490 149 54 522 116 498 433
internal_count=9660 53 9607 9580 146 110 82 9434 61 9409 117 94 9292 226 153 119 73 48 79 74 53 9066 576 8490 149 54 522 116 498 433
is_linear=0
shrinkage=0.08


Tree=156
num_leaves=31
num_cat=0
split_feature=23 29 31 25 29 33 29 4 23 15 13 6 5 8 4 27 6 27 29 6 6 19 19 13 1 17 19 21 17 33
split_gain=1.37001 0.731025 0.723523 0.925232 1.46331 1.68758 1.04865 0.818669 0.689954 0.648214 0.590231 1.02036 0.914973 0.679867 1.92917 2.02498 2.24681 2.06722 1.40762 1.57133 1.27099 1.31961 1.78974 1.73699 1.28254 1.39185 1.27291 1.42917 1.19263 1.29159
threshold=21.448650000000004 21.934550000000005 21.645750000000003 19.533250000000006 19.315350000000006 0.20124999999999996 18.731750000000002 21.500000000000004 22.535450000000004 17.094800000000003 21.934550000000005 3.2096536544786503 15.897186666666668 0.93875597961729362 58.500000000000007 17.172400000000007 0.25454858282809079 17.273000000000003 16.900950000000005 2.0387000609981727 0.25358425208377938 14.000100000000002 14.917400000000002 15.088900000000002 22.500000000000004 18.642900000000001 14.510650000000002 14.576500000000001 17.993150000000004 -1.0000000180025095e-35
decision_type=2 2 2 2 2 2 2 2 2 2 2 2 2 2 2 2 2 2 2 2 2 2 2 2 2 2 2 2 2 2
left_child=1 2 3 4 6 -6 10 -5 -2 -9 11 13 -13 20 15 -15 28 -18 -19 -20 -1 -22 23 26 25 -24 -23 -28 29 -17
right_child=8 -3 -4 7 5 -7 -8 9 -10 -11 -12 12 -14 14 -16 16 17 18 19 -21 21 22 24 -25 -26 -27 27 -29 -30 -31
leaf_value=-2.88512667406593e-05 -0.00024869707150500632 -0.0011655455630781831 0.00413227309731667 0.0034082868244952637 0.0059911648244637666 -0.00045163804146056922 -0.0028840971421034566 -0.00027974819258965057 -0.00047307260064883395 -0.0015850115170840695 -0.00049221865070308017 3.6495894413519636e-05 0.010862054167344298 -7.1481557999817375e-05 0.0023106823809959567 0.0051496097423502363 -0.0067516151506092116 -0.005319748634672692 -0.00044550196686031994 0.0043696057804872629 0.0038531546897354473 0.00019151068327069254 0.00015257151272308534 -0.0067725878805477181 0.0067989971938979465 0.0074043540807120682 -0.003269930267847272 -3.4307736104963735e-05 -0.00064639584600129757 -0.00064689821532141426
leaf_weight=6074 21 22 22 22 29 20 29 20 20 28 21 33 29 1311 30 34 25 53 125 22 33 46 1372 24 49 28 20 28 24 46
leaf_count=6074 21 22 22 22 29 20 29 20 20 28 21 33 29 1311 30 34 25 53 125 22 33 46 1372 24 49 28 20 28 24 46
internal_value=-4.14079e-05 2.07922e-05 5.41836e-05 2.08877e-05 8.83745e-05 0.0138776 1.69205e-05 -0.00914286 -0.0146341 -0.015 6.3647e-05 9.35573e-05 0.0103226 2.56849e-05 -0.00143713 -0.00180488 -0.00741641 -0.0119111 -0.0092 -0.00517007 0.000344019 0.00235 0.00201659 -0.00745763 0.00278813 0.00234286 -0.00255319 -0.0116667 0.00230769 0.007
internal_weight=9660 9619 9597 9575 9505 49 9456 70 41 48 9427 9406 62 9344 1670 1640 329 225 200 147 7674 1600 1567 118 1449 1400 94 48 104 80
internal_count=9660 9619 9597 9575 9505 49 9456 70 41 48 9427 9406 62 9344 1670 1640 329 225 200 147 7674 1600 1567 118 1449 1400 94 48 104 80
is_linear=0
shrinkage=0.08


Tree=157
num_leaves=31
num_cat=0
split_feature=23 7 31 23 6 29 13 23 4 13 13 27 17 6 5 19 8 6 2 27 17 8 17 33 33 27 6 33 33 25
split_gain=1.22326 1.31593 0.752711 1.43642 0.776998 1.29425 1.81938 1.34063 1.48276 1.10638 1.4481 1.0471 1.29727 1.13635 1.30914 1.60821 0.972518 2.12835 1.95701 2.11592 1.98367 1.42902 1.37158 1.25181 1.27663 1.03746 1.01844 1.16296 2.05342 2.07686
threshold=20.578700000000001 17.556717500000001 19.979150000000001 18.087200000000003 2.0387000609981727 16.900950000000005 19.979150000000001 17.008900000000004 36.500000000000007 17.133600000000005 14.214150000000002 16.144550000000006 16.403200000000002 2.2890016687121642 14.740463333333334 14.329500000000001 0.93875597961729362 0.65826741301574809 3.5000000000000004 17.265850000000004 18.314050000000005 1.0368215307608737 14.000100000000002 0.23139999999999986 0.53004999999999936 15.656950000000002 0.25358425208377938 0.075199999999998837 -0.14919999999999864 18.275250000000003
decision_type=2 2 2 2 2 2 2 2 2 2 2 2 2 2 2 2 2 2 2 2 2 2 2 2 2 2 2 2 2 2
left_child=2 -2 4 -4 16 7 9 11 -9 10 -7 13 -13 -6 15 -15 26 22 19 23 -21 -20 -18 -19 -25 -23 -1 28 29 -28
right_child=1 -3 3 -5 5 6 -8 8 -10 -11 -12 12 -14 14 -16 -17 17 18 21 20 -22 25 -24 24 -26 -27 27 -29 -30 -31
leaf_value=-2.6543165401378134e-05 -0.0011333445579710143 6.3757672424458176e-06 -0.0008033443255330042 0.0012580442289574735 0.0010992167597869695 0.028231011008251129 -0.0004754660587857984 0.0003925514130523311 -0.0075316938430145799 0.0091478383677915075 6.6447489862326846e-05 0.00015895523622702968 0.0090726098692988453 -0.0020567465433767749 -0.0024949753996371272 0.00033030811812380991 0.0014795875155243011 -0.00028006673723581345 0.0055122004744988119 -0.0062114859385604864 0.00018963438330303007 -0.0032262764906401033 -8.7554539860263964e-05 0.0028686217918416903 -7.0703762094410653e-05 -0.0072540013058294056 0.0001859646410530047 -6.1187413720915635e-05 0.001411485334381979 -0.0030767115907046616
leaf_weight=6074 32 27 40 26 20 23 22 31 26 31 55 25 21 24 22 26 38 128 20 49 21 32 1112 26 21 69 586 683 312 38
leaf_count=6074 32 27 40 26 20 23 22 31 26 31 55 25 21 24 22 26 38 128 20 49 21 32 1112 26 21 69 586 683 312 38
internal_value=-4.14079e-05 -0.0115254 2.91636e-05 -0.00848485 8.80965e-05 0.00392638 0.0100763 -0.000205128 -0.0105263 0.0143119 0.00923077 0.00405797 0.013913 -0.000869565 -0.00555556 0.0016 -4.77793e-05 -0.00189974 -0.00721311 -0.00310204 -0.0148571 -0.0155372 -0.000208696 0.0016 0.012766 -0.0194059 0.000317171 0.00210006 0.00393162 0.00128205
internal_weight=9660 59 9601 66 9535 326 131 195 57 109 78 138 46 92 72 50 9209 1516 366 245 70 121 1150 175 47 101 7693 1619 936 624
internal_count=9660 59 9601 66 9535 326 131 195 57 109 78 138 46 92 72 50 9209 1516 366 245 70 121 1150 175 47 101 7693 1619 936 624
is_linear=0
shrinkage=0.08


Tree=158
num_leaves=31
num_cat=0
split_feature=31 27 21 39 19 1 31 19 39 8 7 29 25 29 33 6 8 33 4 6 7 33 13 17 5 25 31 39 8 6
split_gain=1.09876 0.956768 0.740613 1.33333 0.831474 1.89097 1.0708 0.927677 0.995381 0.802057 1.50127 2.38669 1.58092 1.75362 1.71027 1.47659 1.38692 2.07474 1.47417 0.768002 0.767655 1.35301 2.51488 1.79312 1.77161 1.3449 1.5742 2.48785 1.31147 1.17983
threshold=19.979150000000001 18.042600000000004 12.978900000000001 83.886622708610005 13.917650000000002 10.500000000000002 14.197750000000001 13.884750000000002 79.648449811590822 1.9763996019670673 15.776860833333336 16.867950000000004 17.462750000000003 17.532950000000003 -0.22880000000000053 0.25178008375374289 1.9365192813644305 0.15179999999999974 17.500000000000004 0.51441968357290035 14.123925833333336 -0.2954999999999996 14.329500000000001 14.066000000000001 14.214653333333334 13.884750000000002 14.131850000000002 77.545404689802055 1.5116892427919055 0.19307184721126019
decision_type=2 2 2 2 2 2 2 2 2 2 2 2 2 2 2 2 2 2 2 2 2 2 2 2 2 2 2 2 2 2
left_child=2 -2 3 -1 5 6 -4 8 -7 16 19 -12 13 14 -13 -16 20 18 -18 -11 21 23 24 -6 28 26 -22 -28 29 -23
right_child=1 -3 4 -5 9 7 -8 -9 -10 10 11 12 -14 -15 15 -17 17 -19 -20 -21 25 22 -24 -25 -26 -27 27 -29 -30 -31
leaf_value=0.00078345837270497041 -0.00085222457953221926 -0.00012114810930512477 0.00030398122286591446 -0.00037685253370099757 -3.1698435387994552e-05 6.1526470287418539e-05 -0.0015417951574112009 0.0044377604605902836 0.0036448015099703923 -0.0012362259071329617 -0.0066739444541917695 0.0062798868308786386 0.0056969763576188368 -0.0072147627735671448 0.00064361494157708424 -0.0044428026821658759 -0.0010099763850195131 0.016120920797085603 0.0083659081600495708 0.002809287571924841 0.0021881012288030633 8.6331787219648962e-05 0.0044476394241112164 -0.0057680230657125263 -0.0092724617738090837 6.6998292510334071e-07 -0.0035332390702112805 0.0010549390469086007 0.00083751118992736906 -0.0012026331439368221
leaf_weight=24 32 51 52 24 31 42 36 21 23 21 51 24 26 23 21 24 23 21 21 20 28 115 24 29 22 8659 20 33 35 84
leaf_count=24 32 51 52 24 31 42 36 21 23 21 51 24 26 23 21 24 23 21 21 20 28 115 24 29 22 8659 20 33 35 84
internal_value=8.28157e-06 -0.00915663 8.77101e-05 0.01 3.77794e-05 0.00551724 -0.00272727 0.0139535 0.00923077 -6.41368e-05 -0.00495238 -0.00828402 -0.0020339 -0.00695652 -0.00057971 -0.00977778 4.81137e-05 0.0116923 0.00181818 0.00878049 -3.52423e-05 -0.00376471 -0.00142857 -0.0146667 -0.00375 0.00010984 0.0103704 0.00226415 -0.0017094 -0.00422111
internal_weight=9660 83 9577 48 9529 174 88 86 65 9355 210 169 118 92 69 45 9145 65 44 41 9080 340 280 60 256 8740 81 53 234 199
internal_count=9660 83 9577 48 9529 174 88 86 65 9355 210 169 118 92 69 45 9145 65 44 41 9080 340 280 60 256 8740 81 53 234 199
is_linear=0
shrinkage=0.08


Tree=159
num_leaves=31
num_cat=0
split_feature=23 13 13 19 23 27 27 5 5 25 29 25 17 17 29 7 7 6 7 19 33 6 13 19 39 23 7 15 8 8
split_gain=1.2268 0.770814 1.65968 1.63659 1.53382 1.5237 1.35432 1.30383 1.37313 1.21337 1.15799 1.16829 1.33926 1.20041 1.02408 1.27357 1.48405 1.52532 1.71306 1.10408 1.03659 1.08222 1.51629 0.953553 0.948595 1.3616 1.15467 1.04853 0.931769 0.887507
threshold=20.578700000000001 14.153300000000002 14.230700000000001 14.329500000000001 14.09895 14.260600000000002 14.09895 14.190023333333334 14.184003333333335 14.230700000000001 16.287150000000004 14.230700000000001 14.543600000000001 14.066000000000001 14.016500000000002 14.023385833333336 14.123925833333336 0.17284784269643982 14.129437500000002 14.230700000000001 0.22775000000000215 0.18770359887820501 14.09895 9.6461500000000004 78.099510178904254 14.197750000000001 14.134939166666669 14.197750000000001 0.22581295225325829 0.24190332129118255
decision_type=2 2 2 2 2 2 2 2 2 2 2 2 2 2 2 2 2 2 2 2 2 2 2 2 2 2 2 2 2 2
left_child=1 7 3 5 -5 6 9 8 14 -3 11 13 -13 -9 19 -16 -17 18 -18 24 21 -19 29 -4 25 26 27 -1 -22 -23
right_child=-2 2 23 4 -6 -7 -8 10 -10 -11 -12 12 -14 -15 15 16 17 20 -20 -21 28 22 -24 -25 -26 -27 -28 -29 -30 -31
leaf_value=0.0017460068456606592 -0.0003817104739471233 0.0030947707080127883 0.0089756969236151462 0.0019185891764550433 -0.002296855063647598 0.0020424449646065314 -0.0018577727776842323 0.002142646616173778 0.0014142260912948501 0.00050659553835828318 0.00016655161940803964 -0.0077972996769338464 -0.00060332539547857777 -0.00047637573982953544 0.0016375082466352354 -0.0004678055887724497 0.00042974124096858193 0.0020239398538164722 -0.0046305352541163814 0.0025228612097580338 0.0015880359687742639 -0.0041980671030898975 0.0029658169988557147 7.8469809183445713e-06 -0.0011579794597074056 0.0025208619889693297 -0.0031273267099376769 -0.0035292303957285753 0.00046683502908592803 0.0004105628338173517
leaf_weight=34 59 25 21 26 23 40 29 22 20 23 36 41 25 53 23 132 27 39 38 26 54 50 30 8560 36 21 34 45 34 34
leaf_count=34 59 25 21 26 23 40 29 22 20 23 36 41 25 53 23 132 27 39 38 26 54 50 30 8560 36 21 34 45 34 34
internal_value=-2.48447e-05 4.58286e-05 0.000269807 0.00819277 -0.00408163 0.0133333 0.00675325 -0.00224824 -0.000649926 0.015 -0.00836158 -0.0116312 -0.0193939 -0.0048 -0.00127854 0.000780911 -0.000182648 0.00287582 -0.008 -0.00612245 0.00580913 0.00183007 -0.00210526 0.000116537 -0.00847059 -0.00537313 -0.00884956 -0.0035443 0.0127273 -0.00761905
internal_weight=9660 9601 8747 166 49 117 77 854 677 48 177 141 66 75 657 461 438 306 65 196 241 153 114 8581 170 134 113 79 88 84
internal_count=9660 9601 8747 166 49 117 77 854 677 48 177 141 66 75 657 461 438 306 65 196 241 153 114 8581 170 134 113 79 88 84
is_linear=0
shrinkage=0.08


Tree=160
num_leaves=31
num_cat=0
split_feature=29 19 27 4 13 31 1 31 25 2 29 1 1 7 13 21 25 5 13 29 21 21 8 19 4 4 33 33 33 13
split_gain=1.05007 0.726024 0.80092 1.91265 0.708032 1.34664 2.70756 1.25841 1.43142 1.25447 0.922965 1.82038 1.71944 1.14207 1.52217 1.88929 1.46261 2.06042 1.341 1.33413 1.30617 1.17376 1.05897 1.0077 0.854598 2.25372 1.33636 0.837198 1.53596 1.02374
threshold=20.808800000000002 22.248450000000002 19.979150000000001 38.500000000000007 14.153300000000002 14.481250000000001 10.500000000000002 14.411800000000001 14.046700000000003 2.5000000000000004 14.016500000000002 1.0000000180025095e-35 2.5000000000000004 14.123925833333336 14.066000000000001 14.131850000000002 14.214150000000002 14.136576666666668 13.983600000000001 14.378900000000002 14.046700000000003 14.131850000000002 0.19445415536182017 14.09895 28.500000000000004 12.500000000000002 0.16524999999999948 -0.1033999999999997 0.032849999999999831 13.983600000000001
decision_type=2 2 2 2 2 2 2 2 2 2 2 2 2 2 2 2 2 2 2 2 2 2 2 2 2 2 2 2 2 2
left_child=1 2 4 -4 5 7 9 10 -9 -7 27 -12 -13 14 24 -16 17 21 -19 -20 -18 22 -15 -23 25 -14 -26 -1 -29 -30
right_child=-2 -3 3 -5 -6 6 -8 8 -10 -11 11 12 13 16 15 -17 20 18 19 -21 -22 23 -24 -25 26 -27 -28 28 29 -31
leaf_value=-0.0060059715617128973 -0.00071018107577032203 -0.00058263409824355961 0.016543790592313885 -0.0002014769406652306 1.8626235053957886e-05 -0.00038796308706274375 0.00030461679019751388 -0.0002497973477456128 0.0021176126472848013 -0.0050091960566915365 -0.00226144312316535 0.0020005699685178512 0.00011684969134392986 0.0010866887636933598 -0.00054480786457901333 -0.0057329850160218144 0.00011226132742528705 -0.0060972854325341786 -0.0023769773828813357 0.00079445083779987162 0.0044639756282474257 0.0023486649532553374 -0.0024505013563732802 0.000330467964530925 0.0037033789928749175 -0.0012541944429982977 -0.0022580122028504237 0.001550006781463793 -0.0003205408905603946 -0.0026255327741353087
leaf_weight=33 53 22 21 32 8678 26 66 21 20 33 38 66 21 29 24 21 36 24 35 28 45 21 31 25 24 20 20 29 80 38
leaf_count=33 53 22 21 32 8678 26 66 21 20 33 38 66 21 29 24 21 36 24 35 28 45 21 31 25 24 20 20 29 80 38
internal_value=-9.10973e-05 -2.91454e-05 4.17319e-06 0.00981132 -5.03567e-05 -0.00224824 -0.00992 -0.000932785 0.0126829 -0.0223729 -0.00174419 0 0.0013617 -0.000594059 -0.00676923 -0.0186667 0.00233577 -0.00145078 -0.0105747 -0.00444444 0.011358 0.00603774 -0.00133333 0.0156522 -0.000470588 -0.00878049 0.00727273 -0.00666667 -0.00408163 -0.00813559
internal_weight=9660 9607 9585 53 9532 854 125 729 41 59 688 508 470 404 130 45 274 193 87 63 81 106 60 46 85 41 44 180 147 118
internal_count=9660 9607 9585 53 9532 854 125 729 41 59 688 508 470 404 130 45 274 193 87 63 81 106 60 46 85 41 44 180 147 118
is_linear=0
shrinkage=0.08


Tree=161
num_leaves=31
num_cat=0
split_feature=31 8 1 23 15 23 27 27 31 13 33 33 15 8 19 1 5 1 1 29 2 6 6 33 29 4 15 31 19 5
split_gain=0.989021 1.40802 1.68 1.3651 1.4867 0.752792 1.80977 1.43147 0.750512 1.57616 1.65222 1.82943 2.17474 1.75 1.87532 1.45301 1.44246 1.8055 1.24993 0.896023 1.3199 1.2593 2.82445 1.14966 1.02628 1.31581 1.43675 1.00695 0.900999 0.880435
threshold=19.122800000000002 1.7243483700346605 18.500000000000004 19.886300000000002 17.110850000000003 19.662150000000004 18.087200000000003 20.213250000000006 18.158950000000001 18.478250000000003 -0.18979999999999994 0.44275000000000025 18.120150000000006 0.2323171153389697 17.911800000000003 2.5000000000000004 18.091030000000003 7.5000000000000009 11.500000000000002 18.410200000000007 2.5000000000000004 0.26817128885476071 0.24774810559511065 -0.040300000000000218 18.243650000000006 43.500000000000007 17.846600000000006 17.955650000000002 17.724500000000003 18.066890000000004
decision_type=2 2 2 2 2 2 2 2 2 2 2 2 2 2 2 2 2 2 2 2 2 2 2 2 2 2 2 2 2 2
left_child=5 2 3 4 -2 7 -7 8 19 10 -10 15 13 -13 -15 -12 29 -18 -19 24 -21 22 23 -22 -1 26 -26 -28 -23 -17
right_child=1 -3 -4 -5 -6 6 -8 -9 9 -11 11 12 -14 14 -16 16 17 18 -20 20 21 28 -24 -25 25 -27 27 -29 -30 -31
leaf_value=-1.5231714778138894e-05 -0.00023618198315141116 -0.002824205375469404 0.0017345889638333035 0.00024435324224455715 -0.0031149768288182144 0.00033994355986919798 -0.0027657808013117346 0.0085369016983116806 -0.0015102621819698926 0.0040813372420315372 0.0061040978617215563 -0.0010492814149904461 -0.0013120637870412111 -0.00052830798126478839 0.0044871425477816728 0.00048052097672723448 -0.0021982661598468666 0.00019429212365082549 -0.00058958781414816027 -0.0039998409807350298 -0.0018233412756396205 0.0016390174196639863 -0.0019445980087112959 0.0077839949411827548 0.0059088711498436908 -0.0069406104822550673 -0.0014578844396908152 8.3002222813490791e-05 0.0041338985847402653 0.0030087065125785272
leaf_weight=8775 26 28 30 24 25 37 29 21 48 24 28 21 31 33 30 46 24 29 32 23 21 21 25 28 20 31 25 27 52 46
leaf_count=8775 26 28 30 24 25 37 29 21 48 24 28 21 31 33 30 46 24 29 32 23 21 21 25 28 20 31 25 27 52 46
internal_value=-6.62526e-05 -0.00691729 -0.00266667 -0.00906667 -0.0164706 2.93902e-05 -0.00848485 8.87855e-05 4.23729e-05 0.00346939 0.00217391 0.00425 -0.00382609 0.00285714 0.00952381 0.00878049 0.00610169 -0.00141176 0.00590164 -0.000106101 0.00564706 0.00843537 0.00108108 0.0122449 -0.000216265 -0.00815534 -0.00222222 -0.00923077 0.0158904 0.0130435
internal_weight=9660 133 105 75 51 9527 66 9461 9440 392 368 320 115 84 63 205 177 85 61 9048 170 147 74 49 8878 103 72 52 73 92
internal_count=9660 133 105 75 51 9527 66 9461 9440 392 368 320 115 84 63 205 177 85 61 9048 170 147 74 49 8878 103 72 52 73 92
is_linear=0
shrinkage=0.08


Tree=162
num_leaves=31
num_cat=0
split_feature=29 13 4 4 23 27 19 13 33 1 7 23 29 33 25 39 21 23 1 4 15 13 33 17 17 1 39 25 39 21
split_gain=1.35309 0.773697 0.547035 10.6182 2.38615 1.82758 1.57359 1.88245 1.55209 1.58505 1.35941 1.2209 1.7832 1.31808 1.20662 3.07101 1.97128 1.28324 2.0695 2.16333 1.68873 1.59849 2.36013 1.49364 1.29167 1.29428 1.38135 1.21628 1.05834 1.01546
threshold=20.808800000000002 17.325350000000004 44.500000000000007 45.500000000000007 16.158800000000003 14.153300000000002 14.09895 14.197750000000001 0.13225000000000001 14.500000000000002 14.128334166666669 14.000100000000002 14.197750000000001 0.26439999999999936 18.120150000000006 97.267536175815465 17.955650000000002 17.381450000000005 6.5000000000000009 53.500000000000007 17.079750000000004 17.079750000000004 -0.72444999999999904 18.042600000000004 17.008900000000004 17.500000000000004 93.168025594518625 17.911800000000003 77.382816327445269 17.071750000000005
decision_type=2 2 2 2 2 2 2 2 2 2 2 2 2 2 2 2 2 2 2 2 2 2 2 2 2 2 2 2 2 2
left_child=2 -2 -1 4 8 11 7 10 9 -4 -7 28 -13 -14 17 -16 -17 21 19 -19 -20 22 -8 -22 -23 -26 -27 -25 -5 -24
right_child=1 -3 3 5 -6 6 14 -9 -10 -11 -12 12 13 -15 15 16 -18 18 20 -21 23 24 29 27 25 26 -28 -29 -30 -31
leaf_value=-4.4971047379362973e-05 -0.00039418644147694694 -0.0044115966355181514 0.0057158244661160039 -0.0049810948814314315 0.010725400006059118 0.0032441194887763915 0.0040068974389320996 0.0053580443721828888 -0.00030614146760854055 0.00041733276691587664 -0.0017991919242184196 0.00021780586183417939 -0.0037702015279479895 0.00015352134528470173 -0.0010722705660941756 0.00047241027749464595 0.0029845977295497052 -0.0004849293348786432 -0.0033527232198592573 0.0011725628790654242 -0.00031296580744935912 0.0038292263872102693 -5.6535471124732339e-05 -0.00021294893618687639 -0.0041047711751177477 0.010652370795974945 -0.0017895428751626241 -0.0032524307824716913 -0.00036933398875603984 -0.0013275474639169716
leaf_weight=7209 32 21 45 21 66 21 22 21 23 23 20 110 34 20 35 29 33 37 28 33 87 90 1341 27 40 21 24 32 22 93
leaf_count=7209 32 21 45 21 66 21 22 21 23 23 20 110 34 20 35 29 33 37 28 33 87 90 1341 27 40 21 24 32 22 93
internal_value=-8.28157e-05 -0.0128302 -1.24909e-05 0.0010342 0.0211465 -0.000374833 0.000353982 0.0129032 0.0127473 0.0188235 0.00292683 -0.00753623 -0.00439024 -0.0162963 -4.0568e-05 0.00865979 0.0193548 -0.000490667 -0.00590164 0.00571429 -0.0105747 0.000318823 -0.000549451 -0.00712329 0.00754286 0.000470588 0.00977778 -0.0169492 -0.0195349 -0.000948396
internal_weight=9660 53 9607 2398 157 2241 2034 62 91 68 41 207 164 54 1972 97 62 1875 244 70 174 1631 1456 146 175 85 45 59 43 1434
internal_count=9660 53 9607 2398 157 2241 2034 62 91 68 41 207 164 54 1972 97 62 1875 244 70 174 1631 1456 146 175 85 45 59 43 1434
is_linear=0
shrinkage=0.08


Tree=163
num_leaves=31
num_cat=0
split_feature=23 13 15 6 19 19 7 21 29 17 6 25 25 4 4 8 29 17 1 13 27 17 33 39 6 1 8 8 5 29
split_gain=0.738664 0.702671 0.642237 1.83492 0.753815 1.43673 1.33374 1.29019 0.823047 1.57636 0.776992 1.17418 2.21976 0.61767 1.66563 1.56798 1.13959 2.0526 1.82104 1.33117 1.13777 1.52959 1.23737 1.11327 1.14973 1.01689 0.859986 1.30012 1.225 0.831271
threshold=21.448650000000004 17.325350000000004 20.384450000000005 2.0387000609981727 13.851850000000002 13.884750000000002 14.1233725 12.978900000000001 14.750550000000002 14.197750000000001 3.4076744968234549 20.213250000000006 19.533250000000006 55.500000000000007 54.500000000000007 1.7064975938968319 15.523850000000001 15.586 7.5000000000000009 15.699150000000001 15.249300000000002 14.901200000000001 0.16105000000000128 88.349917953507813 0.24774810559511065 7.5000000000000009 1.3341716577832046 0.20594419360233868 14.634903333333336 17.403550000000006
decision_type=2 2 2 2 2 2 2 2 2 2 2 2 2 2 2 2 2 2 2 2 2 2 2 2 2 2 2 2 2 2
left_child=2 -2 4 -4 6 -6 -1 -7 9 -8 11 12 13 14 -9 16 17 20 23 -20 21 22 -15 -18 -25 -23 27 28 -16 -29
right_child=1 -3 3 -5 5 7 8 10 -10 -11 -12 -13 -14 15 26 -17 18 -19 19 -21 -22 25 -24 24 -26 -27 -28 29 -30 -31
leaf_value=-0.0034938097423332691 -2.132489744674615e-05 -0.0059259853720467961 0.0032820053091126766 -0.00013399285377047932 0.0019657615705479261 0.0019927695083975295 -0.00058617131770347445 -1.0276326744218522e-05 -0.00029562592118793419 0.0023774261895675155 -0.0031169792306720012 0.00039314911143158328 -0.0039094308117541485 0.0010817798223711605 -0.0031593805485529459 0.0045812099865069908 0.0056007999706336169 -0.0041155146972961633 0.0050140093402121265 -0.00032160127736140964 0.0017502324940961956 -3.9562210868382412e-05 -0.0013389801671097245 -8.9058245993101076e-06 0.011604573305545216 -0.0039036099014191452 -0.0036418171401948031 0.00091278426341546038 -0.0074173425418703684 -0.0032653926915722311
leaf_weight=21 20 21 20 36 34 28 25 8504 32 30 32 42 22 120 20 37 26 49 20 186 39 20 29 44 35 29 23 65 20 31
leaf_count=21 20 21 20 36 34 28 25 8504 32 30 32 42 22 120 20 37 26 49 20 186 39 20 29 44 35 29 23 65 20 31
internal_value=-1.65631e-05 -0.0107317 2.91091e-05 0.00857143 -2.09139e-05 5.49974e-05 -0.00666667 -4.24583e-06 -0.00229885 0.00363636 -5.53604e-05 -1.28191e-05 -7.29692e-05 -1.29074e-05 -0.000189311 0.00239748 0.00140704 -0.00223776 0.00475884 0.00038835 0.000843882 -0.00161616 0.00241611 0.0133333 0.00860759 -0.0138776 -0.00830189 -0.00588235 -0.018 -0.000833333
internal_weight=9660 41 9619 56 9563 9455 108 9421 87 55 9393 9361 9319 9297 8663 634 597 286 311 206 237 198 149 105 79 49 159 136 40 96
internal_count=9660 41 9619 56 9563 9455 108 9421 87 55 9393 9361 9319 9297 8663 634 597 286 311 206 237 198 149 105 79 49 159 136 40 96
is_linear=0
shrinkage=0.08


Tree=164
num_leaves=31
num_cat=0
split_feature=31 27 1 29 8 33 15 6 15 19 19 5 5 15 21 31 29 33 33 19 31 25 15 29 7 33 31 5 33 15
split_gain=0.981861 1.42865 1.78513 1.34963 1.69326 0.615295 0.798315 0.801692 0.689124 1.6041 2.72648 1.18286 0.905581 1.44963 1.57786 1.46571 0.956687 0.914299 1.42629 0.837486 0.785163 1.86495 2.76245 2.19813 1.91005 1.56226 1.70929 1.61476 1.47965 2.37532
threshold=19.122800000000002 18.042600000000004 18.500000000000004 19.533250000000006 1.6221720995523956 -4.6574999999999998 9.6461500000000004 4.1392035428181444 13.917650000000002 14.016500000000002 14.395400000000002 14.136610000000003 14.103580000000003 14.284200000000002 14.260600000000002 13.950650000000001 14.043850000000001 1.9915500000000004 4.5333999999999994 13.851850000000002 14.09895 14.312950000000003 14.593050000000002 13.950650000000001 15.083865000000003 0.29645000000000016 13.884750000000002 14.197136666666669 -0.19835000000000044 14.329500000000001
decision_type=2 2 2 2 2 2 2 2 2 2 2 2 2 2 2 2 2 2 2 2 2 2 2 2 2 2 2 2 2 2
left_child=5 2 -2 -3 -5 -1 -7 8 9 19 11 -11 13 14 15 -10 -17 20 -19 -8 21 23 28 -14 -24 26 -25 -28 -23 -30
right_child=1 3 -4 4 -6 6 7 -9 12 10 -12 -13 17 -15 -16 16 -18 18 -20 -21 -22 22 24 25 -26 -27 27 -29 29 -31
leaf_value=0.00055560048601734026 -0.0046316881485651612 0.0003616971825170623 -2.0885013574059029e-05 -0.002243107040742558 0.00027875591930694556 -0.0018752288960040887 1.553079903487742e-05 0.027736946135312478 -0.0011115764215665536 -0.00063409685809467931 0.00061282999369964846 -0.0057564725516066773 -0.003084524096971819 -0.0016976625671534862 -0.0053458603069179841 0.0069144755056174748 5.7631413233281135e-05 -0.003458017820020416 0.0021620154173099594 0.0041164544226496959 -2.5955585543613326e-05 0.0036436937358004687 -0.0047151864480642304 -0.0041776708244735516 0.004515195852708871 0.0010232433359948345 0.00028787661016295375 -0.0073651591505286976 -0.0021160625201087414 0.0035674709481275358
leaf_weight=33 24 34 26 22 27 20 21 20 21 36 39 26 35 31 21 21 25 46 24 43 8599 29 21 37 27 33 197 22 28 72
leaf_count=33 24 34 26 22 27 20 21 20 21 36 39 26 35 31 21 21 25 46 24 43 8599 29 21 37 27 33 197 22 28 72
internal_value=-9.10973e-05 -0.00691729 -0.0176 -0.000481928 -0.00897959 4.19859e-06 -3.37055e-05 0 -3.38481e-05 0.00509091 -0.00118812 -0.0116129 -0.000124879 -0.00705882 -0.00181818 0.0041791 0.0121739 -3.48964e-05 -0.00914286 0.015 3.51648e-05 0.00311377 0.00971751 -0.000493827 -0.00666667 0.00179931 -0.0003125 0.00237443 0.015814 0.0112
internal_weight=9660 133 50 83 49 9527 9494 9474 9454 165 101 62 9289 119 88 67 46 9170 70 64 9100 501 177 324 48 289 256 219 129 100
internal_count=9660 133 50 83 49 9527 9494 9474 9454 165 101 62 9289 119 88 67 46 9170 70 64 9100 501 177 324 48 289 256 219 129 100
is_linear=0
shrinkage=0.08


Tree=165
num_leaves=31
num_cat=0
split_feature=23 6 13 31 29 31 19 5 5 33 17 13 5 15 6 27 25 27 27 29 2 15 4 4 39 31 23 31 31 27
split_gain=0.638356 1.34696 1.22091 0.955586 1.575 1.5001 0.889955 1.49094 1.3692 1.23225 1.60375 1.4452 1.12177 2.14482 1.21839 2.40007 1.18018 1.09825 1.29167 2.05074 1.32965 1.11648 1.02552 3.00569 2.05505 2.32816 2.30849 2.17346 2.17386 1.8965
threshold=18.478250000000003 0.25791720907669763 19.274100000000001 17.273000000000003 17.110850000000003 17.911800000000003 17.149950000000004 17.062836666666673 17.052223333333338 -0.26560000000000089 16.938100000000002 17.071750000000005 17.462610000000005 17.306200000000004 0.22778764544137692 16.900950000000005 17.071750000000005 18.120150000000006 17.381450000000005 16.9785 2.5000000000000004 16.892300000000002 35.500000000000007 34.500000000000007 93.697389376305679 16.9785 16.9785 17.325350000000004 17.149950000000004 17.791300000000003
decision_type=2 2 2 2 2 2 2 2 2 2 2 2 2 2 2 2 2 2 2 2 2 2 2 2 2 2 2 2 2 2
left_child=6 -2 3 4 -3 -5 7 8 17 -10 -11 -12 14 -14 15 -9 -17 18 -1 21 -21 -20 23 -8 25 26 -24 28 -26 -29
right_child=1 2 -4 5 -6 -7 22 12 9 10 11 -13 13 -15 -16 16 -18 -19 19 20 -22 -23 24 -25 27 -27 -28 29 -30 -31
leaf_value=-2.449630603663877e-05 -0.0025788514505379113 -9.3415274120900457e-06 -0.0016404881611533995 -0.00091543491404536329 0.0051686429574090203 0.00026245285079241399 5.9209161845217297e-05 -0.0054771815573988651 0.0060844246684352756 0.005755373072455541 0.0010404169818025366 -0.0027604571139707447 0.0012596262013957471 -0.0017050576407636698 -0.0015887095515503802 0.0034916288133004514 -0.00038680610824314953 0.0036755550052754416 -0.0071419912522435423 -0.0030357371256953059 0.005262430618712983 -0.001906311395683531 0.0020384595119824667 -0.0030223452873747191 -0.00046292198113818018 0.0060989514360247198 -0.0018581209485026306 0.0046889270646330774 -0.0058649873350350391 3.6199600905604257e-05
leaf_weight=6771 34 36 50 32 20 90 1101 29 34 30 43 21 38 22 251 45 61 34 33 22 29 40 66 60 57 109 37 74 25 366
leaf_count=6771 34 36 50 32 20 90 1101 29 34 30 43 21 38 22 251 45 61 34 33 22 29 40 66 60 57 109 37 74 25 366
internal_value=-7.45342e-05 -0.00396947 -0.00175439 0.00134831 0.01 -0.00262295 3.40498e-05 -0.00035719 -7.36857e-05 0.008125 0.00340426 -0.00375 -0.00484305 0.00533333 -0.00642487 -0.000296296 0.00528302 -0.000225141 -0.000295867 -0.0083871 0.00392157 -0.0169863 0.00158311 0.000103359 0.00392371 0.010566 0.00194175 0.00122605 -0.0107317 0.00345455
internal_weight=9660 262 228 178 56 122 9398 7503 7057 128 94 64 446 60 386 135 106 6929 6895 124 51 73 1895 1161 734 212 103 522 82 440
internal_count=9660 262 228 178 56 122 9398 7503 7057 128 94 64 446 60 386 135 106 6929 6895 124 51 73 1895 1161 734 212 103 522 82 440
is_linear=0
shrinkage=0.08


Tree=166
num_leaves=31
num_cat=0
split_feature=23 25 27 23 31 19 39 4 33 7 25 4 23 33 23 31 39 15 17 25 23 6 8 13 6 5 39 19 39 8
split_gain=1.0107 0.550091 1.24454 1.13197 2.62145 1.6938 2.44415 1.27682 1.33993 1.08092 0.966782 2.20019 1.69954 1.35949 1.73169 1.2609 1.22705 1.03377 1.16667 0.937866 0.936107 1.72841 1.54118 1.76278 1.15578 1.29379 1.4831 0.880449 0.834096 0.911384
threshold=21.448650000000004 14.046700000000003 14.148300000000001 14.260600000000002 14.115350000000001 14.131850000000002 77.920064829145943 14.500000000000002 0.29645000000000016 14.1233725 14.153300000000002 29.500000000000004 13.917650000000002 -0.13140000000000016 14.329500000000001 14.000100000000002 78.188689079996266 14.115350000000001 14.016500000000002 13.950650000000001 14.000100000000002 0.17849896722546155 0.18244084608836278 14.000100000000002 0.20424385750989243 14.134390000000002 78.379009905497512 14.066000000000001 77.920064829145943 0.24190332129118255
decision_type=2 2 2 2 2 2 2 2 2 2 2 2 2 2 2 2 2 2 2 2 2 2 2 2 2 2 2 2 2 2
left_child=1 2 3 5 9 6 -1 -7 19 -5 11 12 -3 14 -14 -13 -15 27 -19 -9 21 -12 -23 -24 -25 -26 -27 -17 29 -4
right_child=-2 10 28 4 -6 7 -8 8 -10 -11 20 15 13 16 -16 17 -18 18 -20 -21 -22 22 23 24 25 26 -28 -29 -30 -31
leaf_value=0.007840255471570785 -0.00041183755113195276 0.0037033907626798169 0.00016599185706184016 -0.0031598851992314537 -0.0024364818671288192 -0.0072288287296017016 -0.00018015528488149357 -0.0029277005289988266 0.00080270034834164508 0.00019042681985581567 -0.0049260448745104667 -0.0020619136193215583 -0.0040709789042863067 0.0025699717357633746 0.0029899147921131687 -0.0008195678823871333 5.2318168851073209e-05 -0.0014766645306042393 0.0043666790395052151 0.000565763298686619 3.4098490411338391e-06 0.0011847428790443359 0.00026506706425095673 -0.0049979767640054721 0.00010701833715401677 -0.0028544070023986024 -3.6447911830919112e-05 0.0001256916591415802 0.0011073798927259304 -0.0012120924189110128
leaf_weight=20 41 21 144 20 60 33 31 24 20 43 20 31 31 55 20 29 26 21 21 29 8592 21 40 21 21 26 29 47 65 58
leaf_count=20 41 21 144 20 60 33 31 24 20 43 20 31 31 55 20 29 26 21 21 29 8592 21 40 21 21 26 29 47 65 58
internal_value=-0.000149068 -9.5644e-05 -0.00255941 -0.00628571 -0.0120325 -0.00178344 0.0101961 -0.00754717 -0.00164384 -0.000634921 5.29101e-05 0.00450331 0.0112418 0.00787879 -0.00235294 -0.00241611 0.014321 0.00135593 0.0114286 -0.00830189 -0.000100342 -0.0058427 -0.00303797 -0.00613139 -0.0119588 -0.00736842 -0.0138182 -0.00421053 0.00134831 -0.00118812
internal_weight=9660 9619 547 280 123 157 51 106 73 63 9072 302 153 132 51 149 81 118 42 53 8770 178 158 137 97 76 55 76 267 202
internal_count=9660 9619 547 280 123 157 51 106 73 63 9072 302 153 132 51 149 81 118 42 53 8770 178 158 137 97 76 55 76 267 202
is_linear=0
shrinkage=0.08


Tree=167
num_leaves=31
num_cat=0
split_feature=23 4 4 25 4 39 4 17 29 39 27 7 6 27 27 33 1 23 29 8 29 31 17 1 33 15 15 21 27 21
split_gain=1.02679 0.494135 10.1866 2.45664 1.71139 2.26869 2.12618 2.00561 1.84956 1.44482 1.82875 1.43522 1.39898 1.37161 1.29231 1.27033 1.23183 1.10411 2.59926 1.09091 1.83384 1.0776 1.90086 1.37619 1.24288 1.78478 1.24278 1.43128 1.17216 1.01494
threshold=21.448650000000004 44.500000000000007 45.500000000000007 16.247550000000004 41.500000000000007 76.576399801107129 40.500000000000007 15.249300000000002 18.275250000000003 89.913267591553748 14.444800000000003 16.991082500000005 0.15479912121725928 20.213250000000006 19.315350000000006 0.13225000000000001 14.500000000000002 14.716850000000003 14.411800000000001 0.19306714410363984 14.543600000000001 15.515000000000002 16.929950000000002 15.500000000000002 -0.32829999999999954 16.929950000000002 16.929950000000002 16.247550000000004 15.780700000000001 14.817800000000002
decision_type=2 2 2 2 2 2 2 2 2 2 2 2 2 2 2 2 2 2 2 2 2 2 2 2 2 2 2 2 2 2
left_child=1 4 3 15 6 -6 12 17 21 10 -8 -11 19 14 -14 16 -3 18 -7 20 -1 23 26 -9 -24 -26 27 28 -23 -19
right_child=-2 2 -4 -5 5 7 9 8 -10 11 -12 -13 13 -15 -16 -17 -18 29 -20 -21 -22 22 24 -25 25 -27 -28 -29 -30 -31
leaf_value=-0.0015253159976421672 -0.00037889054704152162 0.004814392147421671 -5.0732121569652126e-05 0.0091307772374821638 0.00084739468234886319 -0.0032869996021945981 -0.00020060166171695926 -0.00012012543522871511 -0.0039731470949800497 -0.0019504812146547579 0.0044115715577520828 0.0040625769791043358 -3.8134739058648391e-05 0.003143936352878427 -0.0029333080994483397 -0.00012438071593841473 0.00050693756547701694 -0.0045978294226520691 0.0016866870159260828 0.00016284395370561811 0.0058398328369257515 0.00047927957387216224 -0.0012782533665360062 0.0048909378985689499 -0.0014133207979205053 0.0024353524792762472 -0.0063577035733700885 0.00081178091691498373 -0.0040152695062650422 -0.003396539714246174
leaf_weight=23 41 44 2250 69 37 30 24 35 22 21 68 43 6409 23 36 26 21 27 31 50 37 21 34 21 20 62 28 28 39 40
leaf_count=23 41 44 2250 69 37 30 24 35 22 21 68 43 6409 23 36 26 21 27 31 50 37 21 34 21 20 62 28 28 39 40
internal_value=-4.96894e-05 4.15844e-06 0.000995851 0.0205 -0.000327369 -0.00496842 0 -0.00657534 -0.00309677 0.00923077 0.0156522 0 -0.000218912 -0.000371058 -0.000440652 0.0118681 0.0178462 -0.015 -0.00721311 0.00872727 0.016 -0.00138889 -0.0037931 0.00857143 0.00344828 0.00878049 -0.0110345 -0.00636364 -0.0133333 -0.0220896
internal_weight=9660 9619 2410 160 7209 475 6734 438 310 156 92 64 6578 6468 6445 91 65 128 61 110 60 288 232 56 116 82 116 88 60 67
internal_count=9660 9619 2410 160 7209 475 6734 438 310 156 92 64 6578 6468 6445 91 65 128 61 110 60 288 232 56 116 82 116 88 60 67
is_linear=0
shrinkage=0.08


Tree=168
num_leaves=31
num_cat=0
split_feature=23 15 31 23 1 33 8 6 6 31 27 7 8 39 1 33 4 4 2 6 33 17 17 31 6 27 1 31 15 29
split_gain=0.861724 0.491641 0.569144 0.925314 1.4472 0.933373 0.997233 1.59236 1.31082 0.821766 1.22606 0.921929 0.77054 0.791696 0.595238 0.570954 2.02807 2.49931 1.5011 1.5515 1.4196 1.41346 0.715505 0.596861 1.84615 1.36306 0.625 0.576855 2.27842 2.00455
threshold=21.645750000000003 9.6461500000000004 13.983600000000001 14.082400000000002 21.500000000000004 -0.2313999999999998 0.1901233924908981 0.23583569248655592 0.19483767174598932 13.884750000000002 14.153300000000002 14.122820000000001 0.18781611751209631 76.3667750061622 11.500000000000002 0.8744500000000005 35.500000000000007 6.5000000000000009 2.5000000000000004 1.4517547595371616 0.82059999999999989 16.455400000000004 16.900950000000005 14.043850000000001 0.17284784269643982 14.115350000000001 6.5000000000000009 14.09895 14.378900000000002 13.950650000000001
decision_type=2 2 2 2 2 2 2 2 2 2 2 2 2 2 2 2 2 2 2 2 2 2 2 2 2 2 2 2 2 2
left_child=1 -1 3 5 9 -3 -7 8 -8 10 -5 -11 -13 -14 -12 20 17 -17 21 22 23 -19 -20 24 -4 26 -26 28 29 -25
right_child=-2 2 15 4 -6 6 7 -9 -10 11 14 12 13 -15 -16 16 -18 18 19 -21 -22 -23 -24 27 25 -27 -28 -29 -30 -31
leaf_value=-0.0014870664520159949 -0.00063079447813748854 0.0010803825801008315 0.0015921968929802689 -0.004506607066316946 0.0060836625948640947 0.00085927633943711618 0.0015000841350932604 0.00082235553350713537 -0.0019652698060895089 -0.0020006883427285517 0.0044460391030031587 -0.0001398211371414959 -2.6113830013940742e-05 0.0026121732683716914 -0.0038135246841488881 0.026274158903345609 0.0019437547067545325 -0.001086242577086125 7.9760662060053274e-05 0.0048036394458253542 -0.0029845968580789872 -0.0028203174078132065 -0.0032847716638977433 -0.0030779537034607784 -0.0011497097184039263 -0.0031907772298949769 0.0002723460207934636 -1.4745279304406723e-05 0.0045986123782556379 0.00034779935561843448
leaf_weight=25 35 20 26 33 20 40 23 30 39 23 21 31 20 29 21 29 43 26 20 23 21 24 21 30 20 38 20 8738 39 132
leaf_count=25 35 20 26 33 20 40 23 30 39 23 21 31 20 29 21 29 43 26 20 23 21 24 21 30 20 38 20 8738 39 132
internal_value=-4.14079e-05 4.15584e-06 3.33333e-05 0.0032 -0.00040404 0.00789474 0.00545455 0.000869565 -0.00645161 -0.00269663 -0.00906667 0.00194175 0.006 0.0122449 0 -8.64865e-05 0.00430108 -0.00027972 -0.00561404 0.0025 -0.000176523 -0.016 -0.00682927 -0.000128276 -0.00615385 -0.0123077 -0.002 -5.81721e-05 0.0041791 0
internal_weight=9660 9625 9600 350 198 152 132 92 62 178 75 103 80 49 42 9250 186 143 114 64 9064 50 41 9043 104 78 40 8939 201 162
internal_count=9660 9625 9600 350 198 152 132 92 62 178 75 103 80 49 42 9250 186 143 114 64 9064 50 41 9043 104 78 40 8939 201 162
is_linear=0
shrinkage=0.08


Tree=169
num_leaves=31
num_cat=0
split_feature=25 8 8 29 21 8 13 31 29 4 33 27 29 29 23 31 8 4 8 1 33 15 21 7 17 33 23 23 25 8
split_gain=0.938375 1.28447 1.49179 1.52229 1.815 1.05319 1.61201 0.821444 1.18877 1.15238 0.960004 0.956809 0.971811 1.07388 0.742424 0.569217 1.70333 1.34877 1.07767 1.90909 2.58563 2.47298 0.822378 0.791985 0.930909 0.987662 0.802252 0.80772 0.724087 1.90821
threshold=18.517300000000002 1.9365192813644305 1.6113745576726044 19.533250000000006 19.437050000000003 0.24955724639976332 16.867950000000004 18.825550000000003 19.315350000000006 46.500000000000007 -0.2189999999999985 19.979150000000001 18.731750000000002 18.556400000000004 18.042600000000004 18.275250000000003 0.44266255623950329 36.500000000000007 0.25265285549247862 14.500000000000002 0.44275000000000025 17.911800000000003 18.410200000000007 18.123570000000004 17.955650000000002 0.040200000000000465 19.979150000000001 18.825550000000003 18.449000000000002 0.24330763928915569
decision_type=2 2 2 2 2 2 2 2 2 2 2 2 2 2 2 2 2 2 2 2 2 2 2 2 2 2 2 2 2 2
left_child=7 2 3 4 5 -2 -7 8 11 10 -9 12 13 15 -8 23 18 -18 19 20 21 -17 -23 26 -25 -26 27 28 -1 -30
right_child=1 -3 -4 -5 -6 6 14 9 -10 -11 -12 -13 -14 -15 -16 16 17 -19 -20 -21 -22 22 -24 24 25 -27 -28 -29 29 -31
leaf_value=-7.1322699645293145e-06 0.00074503573447231024 -0.0026860152260056226 0.0010299788254718579 -0.0014255866707809162 0.0053155810274682124 0.00019040456067905608 -0.0028445634394815046 -1.2762596958282301e-05 0.0064812331712832362 0.00017201146654102217 -0.003729301419876947 0.0078977118982942324 -0.0033044165076523769 0.0018769783734535394 -9.9013538977885674e-05 -0.0017713566493850407 0.0015577221678333331 0.0059161005312657264 -0.0025237202006113081 0.0016524332146811106 -0.00099059475439531751 0.0027987034241071739 0.0013776432023105657 0.00019426916141043193 -0.00068224965934660987 -0.0020769208239647696 0.0037264558382156567 -0.0025200400550299661 -0.00044024066138590004 0.0034690869129832438
leaf_weight=8808 21 32 39 34 20 24 30 23 35 24 33 21 21 39 25 21 49 20 33 42 39 30 22 25 35 20 20 25 24 26
leaf_count=8808 21 32 39 34 20 24 30 23 35 24 33 21 21 39 25 21 49 20 33 42 39 30 22 25 35 20 20 25 24 26
internal_value=-4.96894e-05 -0.00515556 -0.0026943 -0.00623377 -0.002 -0.0064 -0.0106329 7.20721e-05 0.000141101 -0.008 -0.0142857 8.58369e-05 4.73169e-05 8.62255e-05 -0.0181818 3.03063e-05 0.00375 0.0144928 -0.000213904 0.0025974 -0.00285714 0.0060274 0.0153846 -7.56985e-05 -0.008 -0.0138182 -4.49287e-06 -4.05268e-05 0 0.0096
internal_weight=9660 225 193 154 120 100 79 9435 9355 80 56 9320 9299 9278 55 9239 256 69 187 154 112 73 52 8983 80 55 8903 8883 8858 50
internal_count=9660 225 193 154 120 100 79 9435 9355 80 56 9320 9299 9278 55 9239 256 69 187 154 112 73 52 8983 80 55 8903 8883 8858 50
is_linear=0
shrinkage=0.08


Tree=170
num_leaves=31
num_cat=0
split_feature=23 21 21 2 27 29 29 27 1 19 39 7 39 39 29 4 21 17 33 19 25 21 1 31 27 29 15 4 19 29
split_gain=0.57229 0.494563 0.892505 1.58838 0.624566 2.25203 2.34674 1.28587 2.08055 1.5328 1.72284 1.20833 2.00049 1.47859 1.07016 1.02816 2.06227 0.780314 1.31297 1.23855 1.24098 1.01671 2.23525 1.3075 1.93939 1.32291 1.21487 1.19104 1.13064 2.42317
threshold=21.645750000000003 21.645750000000003 19.886300000000002 3.5000000000000004 18.243650000000006 14.284200000000002 17.273000000000003 18.449000000000002 2.5000000000000004 17.911800000000003 98.532625891611616 18.088358333333336 97.842033181935662 97.638118011755765 18.042600000000004 44.500000000000007 17.993150000000004 17.955650000000002 -4.6574999999999998 19.122800000000002 18.517300000000002 18.120150000000006 3.5000000000000004 18.158950000000001 17.791300000000003 19.122800000000002 18.087200000000003 25.500000000000004 17.955650000000002 17.783000000000005
decision_type=2 2 2 2 2 2 2 2 2 2 2 2 2 2 2 2 2 2 2 2 2 2 2 2 2 2 2 2 2 2
left_child=1 2 4 -4 17 -6 -7 8 -8 -10 14 12 15 -13 -11 16 -9 18 -1 20 -19 23 -23 25 -25 -20 28 -28 29 -24
right_child=-2 -3 3 -5 5 6 7 11 9 10 -12 13 -14 -15 -16 -17 -18 19 21 -21 -22 22 26 24 -26 -27 27 -29 -30 -31
leaf_value=0.0052946130942234503 -0.00059556328474087651 0.00094758051943415471 -0.0017046186918142326 0.00026789751659848097 0.012265382578532354 -0.0044223666333670052 0.0068138323794593707 -0.0060472666830472125 0.0010842964193943771 0.0041741820302287633 -0.0014673192163357385 -0.0016068377106046227 -0.001608465444882654 0.0023979091046373922 -0.00032817396349088312 0.0036627850123042548 0.0034910124582971493 -0.00028862907363418343 -9.890897088098427e-06 0.00073417904737993922 -0.0027116048859423358 0.0042084438683883717 0.0014331043944065414 2.6422050577679101e-05 -0.0023901154029935868 0.021290883311914116 0.00059442362761416231 -0.0012394349095939106 0.0032527872281150395 -0.0014997706064333728
leaf_weight=23 35 25 23 24 21 36 21 27 51 44 21 25 43 44 25 21 26 515 8225 25 31 35 29 64 44 23 24 37 47 26
leaf_count=23 35 25 23 24 21 36 21 27 51 44 21 25 43 44 25 21 26 515 8225 25 31 35 29 64 44 23 24 37 47 26
internal_value=-7.45342e-05 -3.74026e-05 -6.66667e-05 -0.0110638 -1.25615e-05 0.00306173 0.00166667 0.00367816 0.00888889 0.00539007 -0.000888889 -0.000860215 -0.00581197 0.00753623 0.00521739 0.00216216 -0.00377358 -0.000148666 4.19727e-05 -0.00301226 -0.00380952 -9.35235e-06 0.00565657 -0.000143609 -0.00888889 -2.9098e-05 0.00171779 -0.00721311 0.00705882 -0.000727273
internal_weight=9660 9625 9600 47 9553 405 384 348 162 141 90 186 117 69 69 74 53 9148 8577 571 546 8554 198 8356 108 8248 163 61 102 55
internal_count=9660 9625 9600 47 9553 405 384 348 162 141 90 186 117 69 69 74 53 9148 8577 571 546 8554 198 8356 108 8248 163 61 102 55
is_linear=0
shrinkage=0.08


Tree=171
num_leaves=31
num_cat=0
split_feature=7 4 4 4 23 13 8 15 19 21 23 29 13 23 1 19 17 25 19 27 33 29 13 19 8 13 25 33 4 7
split_gain=0.978524 2.21121 0.524643 6.90324 1.75834 2.75364 1.85507 1.44583 1.38006 1.46144 1.14926 1.08685 1.82455 1.64472 1.65583 0.826821 1.29844 1.24538 1.30909 3.1688 0.954493 1.60934 2.46362 3.34908 1.5232 1.62214 1.1927 1.16139 1.43025 1.11422
threshold=18.716592500000004 40.500000000000007 14.500000000000002 15.500000000000002 14.4777 16.191350000000003 0.23684175548650863 18.681650000000001 18.894150000000003 18.605250000000002 15.355800000000002 18.314050000000005 17.363700000000005 18.042600000000004 15.500000000000002 14.043850000000001 14.043850000000001 14.046700000000003 14.131850000000002 14.148300000000001 0.24140000000000142 14.148300000000001 14.4777 15.213850000000003 0.21557456051323395 16.900950000000005 18.087200000000003 0.36899999999999894 4.5000000000000009 15.600404166666669
decision_type=2 2 2 2 2 2 2 2 2 2 2 2 2 2 2 2 2 2 2 2 2 2 2 2 2 2 2 2 2 2
left_child=2 -2 8 4 -4 10 -7 -5 9 15 -6 12 -9 14 -14 16 -1 18 -17 -20 -19 -22 -23 -24 -25 27 -27 -26 -29 -30
right_child=1 -3 3 7 5 6 -8 11 -10 -11 -12 -13 13 -15 -16 17 -18 20 19 -21 21 22 23 24 25 26 -28 28 29 -31
leaf_value=0.0048810092703901378 -0.0008748337081257773 0.0021476450475395835 0.0084031518452212604 1.5186076779230007e-05 0.0035074007964405497 0.0072233457552118808 0.01307772338326231 -0.0020930722669778848 0.026333472481439343 -0.0045552414923989209 -0.0004989246295943417 0.00037735090984597264 0.001179364190901424 -0.00076709669261731505 -0.0033200896895516506 -0.0032220310312508359 0.0003213372605331699 -0.00031291974214681773 -0.0066449301764002653 0.0024468321819659878 0.0019355576088699422 -0.0051502382477684704 0.0029654243385840574 0.001704991786859864 1.564828565662424e-05 0.00031846497084387694 -0.0025240889606234873 0.0008410425359826945 -0.00010666256894566573 -0.0022491583048517326
leaf_weight=20 37 27 29 6915 31 23 46 22 25 22 32 20 20 27 27 24 98 1628 41 25 23 45 66 75 66 101 25 37 21 62
leaf_count=20 37 27 29 6915 31 23 46 22 25 22 32 20 20 27 27 24 98 1628 41 25 23 45 66 75 66 101 25 37 21 62
internal_value=-0.000140787 -0.01 -7.50313e-05 0.000266963 0.016646 0.0127273 0.0237681 -0.000108093 -0.00109817 -0.00129466 0.000634921 -0.00896552 -0.0125 -0.00648649 0.00255319 -0.0011031 0.00542373 -0.00144707 -0.0106667 -0.00484848 -0.00106096 0.00191939 0.000963855 0.00273731 -0.000103359 -0.0025641 0.00444444 -0.00731183 -0.012 -0.0178313
internal_weight=9660 64 9596 7192 161 132 69 7031 2404 2379 63 116 96 74 47 2357 118 2239 90 66 2149 521 498 453 387 312 126 186 120 83
internal_count=9660 64 9596 7192 161 132 69 7031 2404 2379 63 116 96 74 47 2357 118 2239 90 66 2149 521 498 453 387 312 126 186 120 83
is_linear=0
shrinkage=0.08


Tree=172
num_leaves=31
num_cat=0
split_feature=7 4 19 27 21 17 13 15 15 27 29 29 23 23 27 27 15 17 25 31 21 33 17 31 39 17 27 15 6 13
split_gain=1.00001 2.21121 0.579397 2.19128 0.693576 0.944056 0.788134 0.721353 0.957603 0.719617 0.734989 0.87202 0.608813 0.80206 0.827228 0.989441 1.7094 1.09402 1.11124 1.15476 1.641 1.58837 1.29335 1.57344 0.967798 0.893746 0.886154 0.782609 0.773382 1.25624
threshold=18.716592500000004 40.500000000000007 20.384450000000005 19.274100000000001 19.886300000000002 17.110850000000003 20.578700000000001 20.384450000000005 19.274100000000001 21.448650000000004 20.808800000000002 19.662150000000004 13.851850000000002 14.046700000000003 13.884750000000002 14.362500000000002 14.18125 13.884750000000002 14.413900000000002 14.066000000000001 14.131850000000002 0.23139999999999986 14.09895 14.411800000000001 76.666394362879871 14.066000000000001 14.4777 14.066000000000001 0.15647221563590064 15.662100000000001
decision_type=2 2 2 2 2 2 2 2 2 2 2 2 2 2 2 2 2 2 2 2 2 2 2 2 2 2 2 2 2 2
left_child=2 -2 4 -4 6 -6 7 8 9 10 11 12 -1 14 -14 17 26 -16 19 21 24 25 23 -22 -21 -19 -17 -27 29 -15
right_child=1 -3 3 -5 5 -7 -8 -9 -10 -11 -12 -13 13 28 15 16 -18 18 -20 20 22 -23 -24 -25 -26 27 -28 -29 -30 -31
leaf_value=-0.00036406014522000874 -0.00080484701147582889 0.0019758334437364054 -0.00015984109707169126 0.0071480391306812411 -0.002237951251766148 8.776051291391696e-05 -0.0020178755138729799 0.0034450822243548632 -0.0022428577946566009 0.0053861894228363384 -0.00064071323512280285 0.00096875393550106999 0.00043295649338482179 0.00025166860414316261 0.0021203250993192314 0.0033032958685342353 -0.0018323933490809452 -0.0029421676454646929 -0.0022945133404026308 -0.00033318688323134892 -0.0030230508264885714 0.0024595376414702488 0.00074924706277776918 0.0010943408174117052 -0.0040633930937259777 0.0014716973796495836 0.0016113414827556482 -6.5743594548450803e-06 -1.3928948242778461e-05 0.004861519488578523
leaf_weight=95 37 27 38 24 22 30 32 22 38 22 22 23 38 177 24 40 25 22 37 29 36 20 40 31 27 23 25 23 8577 34
leaf_count=95 37 27 38 24 22 30 32 22 38 22 22 23 38 177 24 40 25 22 37 29 36 20 40 31 27 23 25 23 8577 34
internal_value=-3.31263e-05 -0.01 3.33472e-05 0.00774194 -1.6782e-05 -0.00923077 3.37482e-05 7.61905e-05 4.24268e-05 9.37167e-05 5.9778e-05 9.41579e-05 5.5776e-05 0.00012137 0.00345455 0.00238806 0.00977778 0.00025641 -0.00111111 0.000796813 -0.00319018 0.00818182 0.00261682 -0.0041791 -0.0142857 0.00235294 0.0166154 0.00869565 -4.55166e-05 0.00473934
internal_weight=9660 64 9596 62 9534 52 9482 9450 9428 9390 9368 9346 9323 9228 440 402 90 312 288 251 163 88 107 67 56 68 65 46 8788 211
internal_count=9660 64 9596 62 9534 52 9482 9450 9428 9390 9368 9346 9323 9228 440 402 90 312 288 251 163 88 107 67 56 68 65 46 8788 211
is_linear=0
shrinkage=0.08


Tree=173
num_leaves=31
num_cat=0
split_feature=7 4 25 25 25 31 27 29 7 25 5 7 5 27 5 5 15 5 15 13 33 27 23 13 39 23 23 8 4 23
split_gain=1.2498 1.79744 1.1348 0.596812 0.826611 1.14585 2.45951 1.15986 1.41628 1.69439 1.24848 1.70937 1.3417 1.13947 0.771915 0.728015 0.78062 1.24372 0.935594 0.703815 0.792088 0.728513 1.52974 1.42706 1.17993 0.961814 0.930132 1.18642 2.42562 1.72153
threshold=18.716592500000004 40.500000000000007 22.248450000000002 20.213250000000006 18.356750000000002 17.791300000000003 16.305350000000004 17.993150000000004 18.089694166666671 18.449000000000002 18.117856666666672 18.088358333333336 18.496380000000006 17.887500000000003 17.790056666666668 18.496380000000006 19.274100000000001 17.28925666666667 18.556400000000004 19.787800000000001 -4.6574999999999998 18.243650000000006 17.307350000000003 17.724500000000003 91.037791783372541 18.681650000000001 17.993150000000004 0.23540509187572478 16.500000000000004 17.846600000000006
decision_type=2 2 2 2 2 2 2 2 2 2 2 2 2 2 2 2 2 2 2 2 2 2 2 2 2 2 2 2 2 2
left_child=2 -2 3 4 15 6 -6 8 9 -7 11 13 -12 -9 -8 16 18 -18 19 20 -1 25 24 -24 -23 -22 27 -25 -29 -30
right_child=1 -3 -4 -5 5 7 14 10 -10 -11 12 -13 -14 -15 -16 -17 17 -19 -20 -21 21 22 23 26 -26 -27 -28 28 29 -31
leaf_value=0.0030998244750832528 -0.00074045925055770572 0.0018177667682374478 -0.00095969334310083807 0.00058658284474361728 0.0023324342442703028 -0.0061513444982354316 -0.0055637368796980979 0.0040446395184298468 0.00036788311231163108 -5.4142186417607267e-05 -0.0030170734314324934 -0.00065141098205259598 0.00014843579756515624 0.0039172050859960453 -0.0012471134629043945 4.0093970014538627e-05 -2.4750958392019129e-05 -0.0039113289710422808 0.0022895278712549328 -0.0012190194527640587 -1.1026660198751869e-05 0.00031575101385698188 -0.0049251252183603357 0.0022416941700754479 0.0107784510346724 0.00406982198625343 0.0013191203700677078 -0.0026022492894396975 0.0024245546148472384 -0.00042618388212204653
leaf_weight=20 37 27 22 42 20 26 26 21 32 25 21 24 20 26 35 41 34 21 38 36 8739 26 29 54 20 38 79 22 23 36
leaf_count=20 37 27 22 42 20 26 26 21 32 25 21 24 20 26 35 41 34 21 38 36 8739 26 29 54 20 38 79 22 23 36
internal_value=-0.00010766 -0.01125 -3.33472e-05 8.35596e-06 -3.35711e-05 -0.00434783 -0.0123457 -0.00102564 -0.00819277 -0.0164706 0.00428571 0.0107042 -0.00682927 0.0195745 -0.0203279 9.50735e-05 4.77482e-05 -0.00945455 0.000104803 5.262e-05 9.68523e-05 6.17692e-05 0.00401384 0.00148148 0.0173913 -6.83605e-05 0.00373832 -0.000296296 -0.00641975 0.0020339
internal_weight=9660 64 9596 9574 9532 276 81 195 83 51 112 71 41 47 61 9256 9215 55 9160 9122 9086 9066 289 243 46 8777 214 135 81 59
internal_count=9660 64 9596 9574 9532 276 81 195 83 51 112 71 41 47 61 9256 9215 55 9160 9122 9086 9066 289 243 46 8777 214 135 81 59
is_linear=0
shrinkage=0.08


Tree=174
num_leaves=31
num_cat=0
split_feature=25 23 27 13 7 21 19 21 27 21 39 21 27 4 8 25 8 6 4 39 8 13 29 29 8 25 8 31 13 39
split_gain=1.23914 0.528359 0.651659 1.71905 0.683525 1.62284 0.651373 1.84891 1.6045 1.06582 2.07813 0.692281 1.01452 0.9 0.680173 1.23679 1.11639 0.844421 1.25742 1.51515 0.888889 0.804293 0.682071 1.21158 1.34781 1.76333 1.47945 1.12354 1.50957 1.62412
threshold=22.535450000000004 21.645750000000003 20.055950000000003 16.750600000000002 18.716592500000004 18.042600000000004 13.851850000000002 14.593050000000002 14.260600000000002 13.818850000000003 76.961935416193953 13.884750000000002 14.043850000000001 27.500000000000004 1.9763996019670673 20.213250000000006 1.9611396132952359 0.29934151911072543 31.500000000000004 93.887166428019768 2.0728989231270289 16.900950000000005 14.260600000000002 14.411800000000001 0.84338032758635817 14.312950000000003 0.21446372889353557 14.548600000000002 14.230700000000001 77.382816327445269
decision_type=2 2 2 2 2 2 2 2 2 2 2 2 2 2 2 2 2 2 2 2 2 2 2 2 2 2 2 2 2 2
left_child=1 2 4 -4 6 -6 7 8 -1 10 -8 12 -11 -14 15 16 22 18 -16 -20 -19 -22 -13 24 26 -26 27 28 29 -24
right_child=-2 -3 3 -5 5 -7 9 -9 -10 11 -12 14 13 -15 17 -17 -18 20 19 -21 21 -23 23 -25 25 -27 -28 -29 -30 -31
leaf_value=-0.0023560732521944773 -0.00058211914941871609 -0.00043429168685932496 -0.00075312250682912918 0.0029417848333275743 0.0013580601047458174 -0.0008553861579672173 0.0041374836099625154 0.0028357501828750742 -5.9315952343723667e-05 0.00097131332577134806 -9.8570889082125751e-05 0.00010108125622018349 -0.0029221444993962108 -0.00056794961557962156 -0.00098113351539893764 0.0028493541222597684 0.0075912107854580312 -0.0023077428895268782 0.0069645144863751795 -0.0030283419124829437 -0.0015708261589119843 0.00018488677649713736 0.00015859918762558322 -2.7568283137213711e-06 0.0022093018873520975 -0.0037240922380960485 -0.0024919801946103348 -0.0016526727073173219 0.0038683632715665797 -0.0042124806758036468
leaf_weight=43 20 30 21 35 22 30 26 34 34 21 34 912 20 20 51 20 32 24 32 22 39 33 71 7834 30 20 49 53 27 21
leaf_count=43 20 30 21 35 22 30 26 34 34 21 34 912 20 20 51 20 32 24 32 22 39 33 71 7834 30 20 49 53 27 21
internal_value=-0.00010766 -6.639e-05 -3.32986e-05 0.00857143 -8.37346e-05 -0.00923077 -3.36771e-05 -0.00612613 -0.012987 3.83346e-05 0.0106667 -3.00075e-05 -0.00852459 -0.016 2.589e-05 0.000127908 8.39872e-05 -0.00457711 0.000380952 0.00888889 -0.01 -0.00555556 3.10525e-05 -0.000202344 -0.00546125 0.0064 -0.0081448 -0.00465116 -0.000336134 -0.00521739
internal_weight=9660 9640 9610 56 9554 52 9502 111 77 9391 60 9331 61 40 9270 9069 9049 201 105 54 96 72 9017 8105 271 50 221 172 119 92
internal_count=9660 9640 9610 56 9554 52 9502 111 77 9391 60 9331 61 40 9270 9069 9049 201 105 54 96 72 9017 8105 271 50 221 172 119 92
is_linear=0
shrinkage=0.08


Tree=175
num_leaves=31
num_cat=0
split_feature=7 4 25 4 4 33 6 19 19 23 15 6 4 39 17 23 19 4 33 33 7 6 17 29 33 8 6 8 29 21
split_gain=1.5274 2.09516 1.12648 0.572857 5.93357 4.15299 1.94595 2.06618 1.92857 1.75325 1.5013 1.09394 1.02055 2.23521 1.63544 1.71631 1.53281 1.44013 1.46941 1.39158 1.3667 1.27339 1.13552 2.43534 1.42949 2.02324 1.6 1.20712 1.00997 2.17828
threshold=18.716592500000004 40.500000000000007 22.248450000000002 46.500000000000007 44.500000000000007 0.13225000000000001 0.1844015871226162 17.155700000000007 17.783000000000005 15.736050000000002 15.284800000000002 0.18724470759856474 41.500000000000007 76.3667750061622 15.249300000000002 14.968750000000002 18.042600000000004 40.500000000000007 0.36429999999999924 0.4478999999999998 15.391745833333337 0.15479912121725928 17.172400000000007 16.929950000000002 -0.11069999999999956 0.21178511592015617 0.23748694086082808 0.25265285549247862 14.230700000000001 14.411800000000001
decision_type=2 2 2 2 2 2 2 2 2 2 2 2 2 2 2 2 2 2 2 2 2 2 2 2 2 2 2 2 2 2
left_child=2 -2 3 4 12 9 -7 -8 -9 10 11 -6 17 -14 15 28 22 21 -19 -20 -21 -1 23 24 25 -16 -27 -26 -15 -30
right_child=1 -3 -4 -5 5 6 7 8 -10 -11 -12 -13 13 14 16 -17 -18 18 19 20 -22 -23 -24 -25 27 26 -28 -29 29 -31
leaf_value=0.0020301395583506121 -0.00086177428521210691 0.0015637006183987978 -0.00083634834369931358 -0.00013894937530764651 0.0020716727729216443 0.0034900642900593938 -0.00027250963143004013 0.0065702247309323523 -0.0002747583524359243 0.0096455113892994857 -0.00036988877976021687 0.0061998061315684085 0.00087689629623348257 -0.0020253365400608203 -0.0010458718814103918 -0.00589193268390801 -0.002130327238996017 0.0039294862951125258 -0.0027916883752706666 0.0032180055749251582 -0.0001682247210393939 -2.6933215248590159e-05 0.00073841938769973585 -0.0043639480804995405 0.00044448079246890872 0.0031667132397885213 6.8143183207567404e-05 -0.0013069959856937886 0.0033648132272644203 -0.0024288084717881023
leaf_weight=109 37 27 22 2070 22 25 118 21 21 55 22 33 24 32 27 47 25 68 21 20 49 6445 82 36 49 36 24 31 21 41
leaf_count=109 37 27 22 2070 22 25 118 21 21 55 22 33 24 32 27 47 25 68 21 20 49 6445 82 36 49 36 24 31 21 41
internal_value=-0.000182195 -0.0125 -0.000100042 -5.84917e-05 0.000266525 0.0109779 0.00324324 0 0.0152381 0.0218182 0.014026 0.0210909 -0.000205927 -0.00378947 -0.00505543 -0.0121986 -0.00180645 4.76758e-05 0.00759494 0.000888889 0.00637681 -0.000134269 -0.000140351 -0.00334975 0.000718563 0.00781609 0.016 -0.007 -0.00595745 0
internal_weight=9660 64 9596 9574 7504 317 185 160 42 132 77 55 7187 475 451 141 310 6712 158 90 69 6554 285 203 167 87 60 80 94 62
internal_count=9660 64 9596 9574 7504 317 185 160 42 132 77 55 7187 475 451 141 310 6712 158 90 69 6554 285 203 167 87 60 80 94 62
is_linear=0
shrinkage=0.08


Tree=176
num_leaves=31
num_cat=0
split_feature=23 7 29 25 19 4 4 33 19 7 5 25 15 5 1 13 33 29 7 33 4 4 33 25 7 17 25 1 39 29
split_gain=1.18467 0.586946 1.0181 0.722676 0.671292 0.498045 4.18891 3.74157 1.58941 1.61413 1.54162 1.23946 1.2338 1.34392 1.17035 0.978997 1.46517 0.969368 0.892803 0.800907 2.3446 2.62302 2.17576 1.72295 2.18094 1.68666 2.02915 1.47621 1.72838 1.41228
threshold=21.645750000000003 18.716592500000004 18.087200000000003 21.645750000000003 21.448650000000004 46.500000000000007 44.500000000000007 0.10649999999999961 17.155700000000007 18.074944166666672 15.897186666666668 16.824400000000001 15.479500000000003 16.301343333333339 14.500000000000002 18.478250000000003 -0.76014999999999933 15.213850000000003 14.117314166666668 0.26110000000000083 31.500000000000004 35.500000000000007 0.36114999999999947 15.320300000000001 14.621234166666669 18.158950000000001 17.911800000000003 2.5000000000000004 93.5682431018584 17.993150000000004
decision_type=2 2 2 2 2 2 2 2 2 2 2 2 2 2 2 2 2 2 2 2 2 2 2 2 2 2 2 2 2 2
left_child=1 3 -3 4 5 6 19 10 11 -10 14 12 17 -14 -8 16 -7 -9 -18 -1 22 -22 29 24 -23 27 -27 28 -24 -21
right_child=-2 2 -4 -5 -6 15 7 8 9 -11 -12 -13 13 -15 -16 -17 18 -19 -20 20 21 23 25 -25 -26 26 -28 -29 -30 -31
leaf_value=-6.7992457051957447e-05 -0.00039331637804707498 0.0014386045689269622 -0.00079283234239511556 -0.00046864174996926524 0.0021891871686328559 0.0050389232246465096 0.0041434937941120607 0.00059762298841050667 0.0055978697147924094 0.0010025992448562703 0.0092038231586931835 -0.0018615945787070131 0.0073340826528334449 -1.5880966638803785e-05 -0.00038214419471543692 -0.0007161758516525652 -0.0029323979624463446 -0.001073118399073394 -0.00010560037699477221 0.0010255567005593492 -0.0030252334234566547 -0.00062420371644201112 0.0046878582513878086 -0.00053505094444830095 0.0052172656824512843 -0.0030263310988820537 7.6581421165258231e-05 1.9799087721423802e-05 -0.0013616646344118521 0.0034070153444844208
leaf_weight=5519 35 23 37 22 24 33 45 57 24 22 48 25 23 21 23 27 29 27 1975 329 117 42 87 185 47 24 22 707 40 21
leaf_count=5519 35 23 37 22 24 33 45 57 24 22 48 25 23 21 23 27 29 27 1975 329 117 42 87 185 47 24 22 707 40 21
internal_value=-0.000165631 -0.000112208 -0.008 -6.27287e-05 -2.93409e-05 -6.30318e-05 0.000241449 0.00926984 0.00261307 0.0156522 0.0206897 -0.00130719 0.001875 0.0127273 0.0129412 -0.00116279 -0.000962199 -0.00380952 -0.00123752 -0.000156863 0.00140654 -0.00398977 0.00312195 0.000291971 0.0094382 0.001 -0.013913 0.00182254 0.00976378 0.00845714
internal_weight=9660 9625 60 9565 9543 9519 7455 315 199 46 116 153 128 44 68 2064 2037 84 2004 7140 1621 391 1230 274 89 880 46 834 127 350
internal_count=9660 9625 60 9565 9543 9519 7455 315 199 46 116 153 128 44 68 2064 2037 84 2004 7140 1621 391 1230 274 89 880 46 834 127 350
is_linear=0
shrinkage=0.08


Tree=177
num_leaves=31
num_cat=0
split_feature=5 7 4 1 33 15 15 29 15 15 19 21 39 25 17 17 21 6 25 27 19 23 7 31 5 29 4 4 33 19
split_gain=1.35049 0.890979 2.1497 1.39608 0.900556 0.869458 1.35838 1.61333 0.819401 0.800631 0.735456 0.741067 0.69845 1.35387 0.96795 1.63246 0.738025 0.688095 0.932073 0.97507 0.682449 1.17513 0.682469 1.08696 1.08053 0.63307 0.609316 4.2761 3.09298 1.79425
threshold=18.142023333333338 17.02900416666667 16.500000000000004 3.5000000000000004 -0.72444999999999904 19.011950000000002 19.662150000000004 16.700900000000004 18.642900000000001 9.6461500000000004 20.213250000000006 19.886300000000002 70.575856059946418 16.322600000000005 19.979150000000001 19.011950000000002 18.642900000000001 0.31083398291248526 17.955650000000002 18.894150000000003 18.556400000000004 17.955650000000002 18.123570000000004 18.042600000000004 18.096390000000003 18.042600000000004 46.500000000000007 44.500000000000007 0.10949999999999972 17.155700000000007
decision_type=2 2 2 2 2 2 2 2 2 2 2 2 2 2 2 2 2 2 2 2 2 2 2 2 2 2 2 2 2 2
left_child=5 -2 -3 -4 -5 8 -7 -8 9 -1 11 12 13 -11 15 16 20 -6 -19 -20 22 -22 26 25 -25 -24 27 -14 -29 -30
right_child=1 2 3 4 17 6 7 -9 -10 10 -12 -13 14 -15 -16 -17 -18 18 19 -21 21 -23 23 24 -26 -27 -28 28 29 -31
leaf_value=-0.0012374572156210206 -0.00030724196917105931 0.018035386990460013 -0.0014158581249265013 -0.0014320134245586758 -0.0014477492788682867 -0.0041579626198371498 -0.0007818109926407146 0.010972558651612445 0.0023385052561908991 0.00012661349543293453 0.011887196941672685 -0.00028452952646958353 -6.1429581118943589e-06 -0.002055438096372768 0.0017364413367067756 -0.0062434458145449413 0.00073772370243929686 0.0038112757026536317 -0.00065888178352025762 0.0017693303150268492 0.00098757627895906808 -0.00063731861754519066 -0.00022323941868933163 0.0049947334084593821 -0.00031551083519929082 -0.0019120813339976906 -0.00016566318375623723 0.0044957672938670612 -4.022228376307169e-05 0.0050372610157137388
leaf_weight=25 22 20 44 22 21 22 30 20 25 22 22 27 6716 21 21 22 34 33 21 30 31 32 24 22 24 22 1989 110 148 38
leaf_count=25 22 20 44 22 21 22 30 20 25 22 22 27 6716 21 21 22 34 33 21 30 31 32 24 22 24 22 1989 110 148 38
internal_value=-0.000273292 -0.00657277 -0.00481675 -0.0077193 -0.00346457 -0.000131259 -0.00888889 -0.0016 -6.4e-05 -0.000102674 -6.43432e-05 -9.88928e-05 -6.03708e-05 -0.0102326 -1.29969e-05 -5.21059e-05 0 -0.000380952 0.00285714 -0.00392157 -4.36872e-05 0.00825397 -0.000101177 -0.00695652 0.00173913 -0.0156522 -3.11077e-05 0.000319452 0.00972973 0.00344086
internal_weight=9660 213 191 171 127 9447 72 50 9375 9350 9325 9303 9276 43 9233 9212 9190 105 84 51 9156 63 9093 92 46 46 9001 7012 296 186
internal_count=9660 213 191 171 127 9447 72 50 9375 9350 9325 9303 9276 43 9233 9212 9190 105 84 51 9156 63 9093 92 46 46 9001 7012 296 186
is_linear=0
shrinkage=0.08


Tree=178
num_leaves=31
num_cat=0
split_feature=5 17 6 4 31 31 15 23 29 15 21 21 27 21 29 1 31 25 29 15 17 19 33 29 27 17 33 27 39 33
split_gain=1.85594 1.20846 1.20769 1.65335 1.10629 1.32987 0.866098 1.36643 0.841558 0.803047 0.568862 0.770276 1.05437 0.88658 0.877922 0.888961 0.521055 1.61302 1.86232 1.76007 1.6385 1.99859 1.95956 1.43118 1.27059 1.2297 1.39675 1.38219 1.46666 1.21907
threshold=18.142023333333338 17.172400000000007 0.29217317706166751 44.500000000000007 17.724500000000003 19.662150000000004 19.011950000000002 17.363700000000005 18.120150000000006 9.6461500000000004 19.886300000000002 18.478250000000003 17.955650000000002 18.605250000000002 18.087200000000003 14.500000000000002 14.09895 14.444800000000003 13.917650000000002 14.510650000000002 14.046700000000003 14.09895 0.13175000000000117 14.131850000000002 16.867950000000004 14.082400000000002 0.033050000000000253 13.917650000000002 76.755573263971868 -0.19835000000000044
decision_type=2 2 2 2 2 2 2 2 2 2 2 2 2 2 2 2 2 2 2 2 2 2 2 2 2 2 2 2 2 2
left_child=6 -2 -3 4 -4 8 9 -8 -6 -1 11 16 14 -14 15 -13 17 18 -11 29 21 23 -23 -20 -21 -22 27 -27 -29 -19
right_child=1 2 3 -5 5 -7 7 -9 -10 10 -12 12 13 -15 -16 -17 -18 19 20 24 25 22 -24 -25 -26 26 -28 28 -30 -31
leaf_value=-0.0011384606383714414 -0.00041860530389115525 -0.0014590555571530218 -0.00072891462369938152 0.003616837910641948 -0.001809145569644528 -0.00044472888954004473 -2.4660630938626582e-05 -0.0019191122205862144 0.00024240529254512922 -0.0033020272003452078 -0.00024794860711203627 -0.00027821453740358495 0.00037432716559600011 -0.0022827436767850883 0.0032016368043056788 0.0092531238564447452 -2.3454884994578153e-05 0.0053978456521429057 0.0022612027461262584 -0.00042685498581001012 0.0014586665857127912 -0.0028785577870073099 0.00055193523274013503 -7.8664389265554744e-05 0.0050923640850800214 -0.002503263705982306 -0.00033711464694142991 0.00027932139517275803 0.0039858444159125385 0.0029546604939476142
leaf_weight=25 22 29 35 37 20 35 47 25 35 33 28 35 22 20 22 20 8553 20 31 34 26 89 35 24 20 20 116 133 26 43
leaf_count=25 22 29 35 37 20 35 47 25 35 33 28 35 22 20 22 20 8553 20 31 34 26 89 35 24 20 20 116 133 26 43
internal_value=-0.0003147 -0.00769953 -0.00565445 -0.00296296 -0.00736 -0.00266667 -0.000148195 -0.00888889 0.00509091 -8.10667e-05 -4.27807e-05 -8.58185e-06 0.00638655 -0.00380952 0.0119481 0.00654545 -9.12746e-05 0.00209231 0.000225141 0.0105983 0.00144 -0.00469274 -0.0103226 0.008 0 0.00485981 0.00338983 0.00782123 0.0103145 0.0196825
internal_weight=9660 213 191 162 125 90 9447 72 55 9375 9350 9322 119 42 77 55 9203 650 533 117 500 179 124 55 54 321 295 179 159 63
internal_count=9660 213 191 162 125 90 9447 72 55 9375 9350 9322 119 42 77 55 9203 650 533 117 500 179 124 55 54 321 295 179 159 63
is_linear=0
shrinkage=0.08


Tree=179
num_leaves=31
num_cat=0
split_feature=5 17 6 8 13 23 39 31 15 29 15 13 15 7 25 25 31 33 13 7 5 29 1 8 8 17 29 29 33 23
split_gain=1.66406 1.26012 1.27591 1.09865 0.801223 0.784395 0.672411 0.851215 0.654404 0.627862 0.919041 0.94578 1.69 0.575228 2.25194 1.54779 1.66855 1.29635 1.60303 1.63968 1.60032 1.24397 1.99633 1.26858 1.5254 1.16684 1.10885 1.03034 0.956643 1.38135
threshold=18.142023333333338 17.172400000000007 0.29217317706166751 1.080942558763023 17.791300000000003 20.578700000000001 98.532625891611616 18.642900000000001 9.6461500000000004 19.662150000000004 19.011950000000002 17.343850000000003 19.886300000000002 14.123925833333336 13.851850000000002 13.884750000000002 14.131850000000002 -0.2954999999999996 14.329500000000001 13.848510833333334 14.116770000000004 14.043850000000001 8.5000000000000018 0.19861217915960236 0.1959718753780384 14.09895 14.230700000000001 14.260600000000002 -0.11379999999999944 14.18125
decision_type=2 2 2 2 2 2 2 2 2 2 2 2 2 2 2 2 2 2 2 2 2 2 2 2 2 2 2 2 2 2
left_child=5 -2 -3 -4 -5 8 -6 -8 -1 10 13 -12 -13 14 -10 16 -15 20 19 -19 -16 22 -21 24 27 -22 -25 -23 -18 -30
right_child=1 2 3 4 6 -7 7 -9 9 -11 11 12 -14 15 17 -17 28 18 -20 21 25 23 -24 26 -26 -27 -28 -29 29 -31
leaf_value=-0.001176908412609805 -0.00038511687957978327 -0.0013423311125808368 0.00080248180885803325 0.0013191170973017564 -0.0018760097531963992 -0.00057961088256433871 -0.00062134587123978239 1.3126328159529521e-05 -0.0031315538084868422 0.0010553490990031378 -0.00091520811403228213 -0.0034939318883644432 0.002660874553438788 0.0020592907337353239 0.00050525843842706307 -4.5601332013234245e-06 -0.0013672939214561097 0.00089384231768541156 0.0055444251476266969 -0.00043130820229933422 -0.00057944498142930461 -2.8461289067962527e-05 0.0020701684292684774 -0.0041465309845268904 0.002052636094072682 -0.0041107478912249459 -0.0017402787445629287 -0.0031243600240493663 -0.00052136167026766605 0.0075985601279766968
leaf_weight=24 22 29 39 28 31 20 38 26 21 33 23 20 25 32 25 8813 24 28 27 29 22 72 37 24 21 23 26 33 24 21
leaf_count=24 22 29 39 28 31 20 38 26 21 33 23 20 25 32 25 8813 24 28 27 29 22 72 37 24 21 23 26 33 24 21
internal_value=-0.000331263 -0.00732394 -0.0052356 -0.00246914 -0.00617886 -0.0001736 -0.00968421 -0.005 -0.000140023 -0.000106349 -0.000145144 -0.00941176 -0.00266667 -7.74027e-05 -0.00309278 5.38479e-05 0.00990099 -0.00163488 0.000673401 -0.00118519 -0.0114286 -0.00330579 0.00606061 -0.00681818 -0.00253968 -0.0204444 -0.0176 -0.00647619 0.00289855 0.00977778
internal_weight=9660 213 191 162 123 9447 95 64 9427 9403 9370 68 45 9302 388 8914 101 367 297 270 70 242 66 176 126 45 50 105 69 45
internal_count=9660 213 191 162 123 9447 95 64 9427 9403 9370 68 45 9302 388 8914 101 367 297 270 70 242 66 176 126 45 50 105 69 45
is_linear=0
shrinkage=0.08


Tree=180
num_leaves=31
num_cat=0
split_feature=5 15 4 23 8 17 2 21 33 23 31 7 5 39 1 4 8 21 23 15 31 23 31 15 39 27 33 29 13 5
split_gain=1.06017 1.40101 2.85151 2.38477 1.17305 0.80445 2.13865 0.727343 0.742719 0.689307 0.522225 0.865214 1.59617 1.81914 2.46723 1.57111 2.29128 1.9053 1.82889 1.65958 3.69758 1.65206 2.35081 1.5801 1.56948 1.49492 1.35256 1.84091 1.27443 1.55353
threshold=18.142023333333338 18.120150000000006 40.500000000000007 18.243650000000006 0.60351550076944338 18.825550000000003 3.5000000000000004 20.384450000000005 -0.16099999999999956 16.938100000000002 14.09895 14.536960000000002 14.588936666666669 77.382816327445269 20.500000000000004 17.500000000000004 1.3012435212034055 14.461300000000001 14.344400000000002 14.230700000000001 14.260600000000002 14.197750000000001 14.214150000000002 14.411800000000001 78.00108712343075 14.09895 0.32945000000000052 14.312950000000003 14.214150000000002 14.154896666666668
decision_type=2 2 2 2 2 2 2 2 2 2 2 2 2 2 2 2 2 2 2 2 2 2 2 2 2 2 2 2 2 2
left_child=5 2 -2 -4 -3 10 9 8 -6 -7 -1 15 -13 14 -14 16 17 -12 21 25 -21 28 -23 -22 -15 -20 27 -24 -17 -30
right_child=1 4 3 -5 7 6 -8 -9 -10 -11 11 12 13 24 -16 18 -18 -19 19 20 23 22 26 -25 -26 -27 -28 -29 29 -31
leaf_value=0.00011093731974398224 -0.00339468688605578 0.0032632923330820065 -0.00033286441043003381 0.0016991062229074316 -0.0021292448510601505 -0.00025789883449846231 -0.0035275401025288036 0.00019622938825420989 -2.6417691181563896e-05 0.0065103942847679263 9.527281729319271e-05 0.00067671518644758072 -0.0055202280453289631 0.004824614886562841 0.00070645693718148547 -0.00080787643650609203 -0.0060292531358255991 0.0033140827634926496 -0.0012122803649091908 0.0020861728284560853 0.00093462445268016842 0.0047165564735000484 -0.010538806580306074 -0.003784297581076288 -1.1369759039254746e-05 -0.0045944025016427048 0.0021927413701954635 0.0021911431779624737 0.002797340390090284 -0.0008300609061612363
leaf_weight=659 32 21 39 24 29 26 31 29 39 21 166 142 37 27 29 226 39 53 37 23 31 29 22 59 7656 26 20 22 32 34
leaf_count=659 32 21 39 24 29 26 31 29 39 21 166 142 37 27 29 226 39 53 37 23 31 29 22 59 7656 26 20 22 32 34
internal_value=-0.000240166 -0.0058216 -0.0130526 -0.0031746 0 -0.000114322 -0.00820513 -0.00371134 -0.00823529 0.00255319 -4.69634e-05 -0.000211251 4.56216e-05 -0.000108401 -0.0133333 -0.0026862 0.00248062 0.0056621 -0.00506239 -0.0118182 -0.0060177 -0.00197403 0.00731183 -0.0133333 5.2063e-06 -0.0222222 -0.00125 -0.00909091 -0.00493151 0.00484848
internal_weight=9660 213 95 63 118 9447 78 97 68 47 9369 8710 7891 7749 66 819 258 219 561 176 113 385 93 90 7683 63 64 44 292 66
internal_count=9660 213 95 63 118 9447 78 97 68 47 9369 8710 7891 7749 66 819 258 219 561 176 113 385 93 90 7683 63 64 44 292 66
is_linear=0
shrinkage=0.08


Tree=181
num_leaves=31
num_cat=0
split_feature=5 8 6 8 6 31 33 6 6 2 31 21 25 6 7 33 33 33 23 13 23 8 39 15 29 8 7 29 17 15
split_gain=0.954846 1.19833 1.16242 0.983197 0.783293 0.840107 1.16698 0.544472 1.46547 1.37072 1.20227 1.3549 1.90582 1.08535 1.54301 1.69564 4.5308 1.51667 2.44446 1.10791 1.7127 1.13869 1.10767 1.99884 1.07765 2.12309 2.04324 1.54856 3.29804 1.75362
threshold=18.142023333333338 1.8203419758873591 0.29217317706166751 1.0106477066210111 1.4517547595371616 17.955650000000002 -0.06564999999999975 0.3044761156952463 0.32025476947183068 5.5000000000000009 14.000100000000002 14.153300000000002 15.355800000000002 0.27272974107015518 15.38140416666667 -0.30695000000000133 0.040200000000000465 -0.15044999999999928 17.191450000000007 16.741850000000003 15.883650000000001 0.73712317044747688 96.699292568247472 17.191450000000007 15.515000000000002 0.33255441448800133 14.847939166666668 16.929950000000002 15.557500000000003 16.639900000000001
decision_type=2 2 2 2 2 2 2 2 2 2 2 2 2 2 2 2 2 2 2 2 2 2 2 2 2 2 2 2 2 2
left_child=7 2 -2 -4 -5 -6 -7 13 -9 24 -11 -12 -13 -1 -15 22 17 18 -17 20 -18 -22 23 -16 -10 27 -27 28 -26 -30
right_child=1 -3 3 4 5 6 -8 8 9 10 11 12 -14 14 15 16 19 -19 -20 -21 21 -23 -24 -25 25 26 -28 -29 29 -31
leaf_value=-1.0919382376073372e-06 -0.00097853018404862272 -0.0025432974454912484 0.003009564258742188 -0.00097614022692198437 -0.00037516970930852268 0.0012814109560434872 -0.00010552786353912325 -0.001620911406006158 0.00020547743175541199 0.00022298702213070955 -0.0025685794837984588 0.0024293872392929928 -0.013055798730641754 0.00079466112479209983 -0.00029215955674686709 -0.0010762542770936534 -0.0029844595125139506 0.0048519606835102994 0.0078378026327709446 -0.00061098196706694814 0.0024930662116477722 -4.8085076404618124e-05 0.00023353078042191556 -0.0061631613209451076 -0.0062997453506759629 -0.020360184135783471 3.1466546967280353e-05 -0.0027395191935889328 0.0019613464665124525 -0.0033731811133088743
leaf_weight=7566 29 26 36 46 29 24 23 68 364 22 31 28 29 52 57 32 23 69 27 130 27 20 23 21 20 21 728 41 23 25
leaf_count=7566 29 26 36 46 29 24 23 68 364 22 31 28 29 52 57 32 23 69 27 130 27 20 23 21 20 21 728 41 23 25
internal_value=-0.000149068 -0.00544601 -0.00320856 -0.000506329 -0.00393443 0.00105263 0.00765957 -2.9639e-05 -0.00148571 -0.000900901 -0.00945455 -0.0136364 -0.00631579 0.000223686 0.00390852 0.002331 0.00512195 0.016875 0.00745763 -0.0024 0.00571429 0.0144681 -0.00673267 -0.0112821 -0.000130933 -0.00167832 -0.000160214 -0.0121101 -0.00470588 0.00666667
internal_weight=9660 213 187 158 122 76 47 9447 1400 1332 110 88 57 8047 481 429 328 128 59 200 70 47 101 78 1222 858 749 109 68 48
internal_count=9660 213 187 158 122 76 47 9447 1400 1332 110 88 57 8047 481 429 328 128 59 200 70 47 101 78 1222 858 749 109 68 48
is_linear=0
shrinkage=0.08


Tree=182
num_leaves=31
num_cat=0
split_feature=8 4 8 15 39 33 4 4 27 21 33 8 27 31 23 21 29 29 31 21 23 29 8 29 39 8 21 15 8 7
split_gain=0.638428 1.55278 1.36509 1.11345 0.94062 1.1857 3.13074 1.04054 1.2455 0.968992 1.32657 1.23439 0.860039 1.22249 1.09577 0.835485 1.62865 1.31115 1.13412 1.13351 0.809492 0.920805 0.779276 2.50488 2.43832 1.77439 0.836116 0.832261 1.70773 1.75784
threshold=1.2322522648951775 58.500000000000007 1.2698807497509568 19.979150000000001 114.56171770222015 0.25550000000000056 54.500000000000007 1.5000000000000002 14.153300000000002 18.449000000000002 0.30360000000000126 1.6795587907055991 18.605250000000002 17.887500000000003 18.681650000000001 16.566100000000002 15.763450000000002 16.929950000000002 17.456700000000001 14.851500000000001 18.478250000000003 17.911800000000003 1.0545599125608096 16.824400000000001 85.367862504796832 1.1357085163796257 16.287150000000004 13.917650000000002 0.18100723234993835 14.274292500000003
decision_type=2 2 2 2 2 2 2 2 2 2 2 2 2 2 2 2 2 2 2 2 2 2 2 2 2 2 2 2 2 2
left_child=3 2 -2 12 5 -4 7 -7 -9 10 11 -10 14 -14 20 16 19 -17 -19 -12 22 -22 27 24 -24 -25 -26 28 -1 -30
right_child=1 -3 4 -5 -6 6 -8 8 9 -11 15 -13 13 -15 -16 17 -18 18 -20 -21 21 -23 23 25 26 -27 -28 -29 29 -31
leaf_value=0.004183631443181568 -0.0011476643825301381 0.0025169071072058103 -0.00018632241986978217 0.0046033873869062349 -0.0018077280248033391 0.0084560817246818239 -0.0040823545976228816 0.00088867196140100194 0.0046556631117556438 0.0010207364236045891 -0.0070246034612158328 -0.00021870588868324602 0.00036158962561728459 -0.0024639029537809167 0.0032493926209355094 -0.0050992808614591925 0.0012975758131005932 0.0010427327626422313 -0.00050979624898133129 0.00019798107501642904 -0.0017733958492416946 0.00013160314157204312 0.00079956162359167142 0.010203190870848004 -0.00015905028277529709 0.00025656151594091628 -0.0058068425790611397 2.5176287466166516e-06 -0.00056341157329868 0.0038782813197979493
leaf_weight=20 38 28 1170 22 27 22 28 36 28 32 21 25 27 24 32 31 36 27 29 40 38 35 22 37 27 25 22 7602 89 20
leaf_count=20 38 28 1170 22 27 22 28 36 28 32 21 25 27 24 32 31 36 27 29 40 38 35 22 37 27 25 22 7602 89 20
internal_value=-8.28157e-05 -0.00153276 -0.00186164 0.000208903 -0.00149485 -0.00123279 0.0028169 0.00501529 0.00380328 0.00193309 0.000168776 0.0113208 0.000159601 -0.0101961 0.000225875 -0.00304348 0.00206186 -0.00873563 -0.00142857 -0.00590164 0.00016631 -0.00821918 0.000244151 0.00631579 -0.00394366 0.0180645 -0.0138776 0.000139697 0.00651163 0.00256881
internal_weight=9660 1618 1590 8042 1552 1525 355 327 305 269 237 53 8020 51 7969 184 97 87 56 61 7937 73 7864 133 71 62 49 7731 129 109
internal_count=9660 1618 1590 8042 1552 1525 355 327 305 269 237 53 8020 51 7969 184 97 87 56 61 7937 73 7864 133 71 62 49 7731 129 109
is_linear=0
shrinkage=0.08


Tree=183
num_leaves=31
num_cat=0
split_feature=15 23 13 19 5 27 13 23 17 33 23 8 29 5 39 39 19 21 13 15 19 6 33 39 17 19 8 31 29 39
split_gain=0.797225 0.833216 1.8405 1.0939 1.0088 0.981267 0.874268 1.5091 0.83167 1.20628 0.469811 0.896824 1.46005 0.721674 0.581254 0.628806 1.225 0.806983 0.727131 0.505253 2.1744 1.4178 2.08162 1.32476 2.37143 2.27013 2.07423 1.91523 2.14765 1.52464
threshold=9.6461500000000004 20.578700000000001 18.478250000000003 20.578700000000001 18.142023333333338 20.055950000000003 18.243650000000006 18.275250000000003 18.275250000000003 0.075950000000000642 13.851850000000002 0.19704768187955354 16.093650000000004 13.960590000000002 113.15279981972377 104.8075035083877 17.042850000000005 19.886300000000002 19.315350000000006 15.523850000000001 15.408500000000002 0.76320403382708191 -0.10949999999999969 83.980423686892763 17.207200000000004 15.550500000000001 0.93875597961729362 15.515000000000002 15.294250000000002 84.559542770203691
decision_type=2 2 2 2 2 2 2 2 2 2 2 2 2 2 2 2 2 2 2 2 2 2 2 2 2 2 2 2 2 2
left_child=-1 3 -3 4 10 6 8 -8 9 -6 11 -2 -13 -12 15 17 -17 18 19 20 21 -15 -23 24 25 27 -27 28 -21 -25
right_child=1 2 -4 -5 5 -7 7 -9 -10 -11 13 12 -14 14 -16 16 -18 -19 -20 23 -22 22 -24 29 -26 26 -28 -29 -30 -31
leaf_value=-0.00081022061534270057 0.00032626026257062793 9.2923954300090371e-05 -0.0023631154111438948 0.0017342483741262526 9.202555266341506e-05 0.0002711711476410983 0.00021439500936594415 -0.0020131761727168397 -0.0039723633937742879 -0.0016688467689431263 0.00046726461309098966 -0.0014082893902070738 0.00055121884012478974 5.5205888328515582e-05 0.00058835085216060181 0.00061074544244164029 -0.0046130209870234749 -0.00051721463069341665 0.001570758577459941 -0.0010443222149956455 -0.00057249253289086259 -0.0045335972927539108 8.7280232264390641e-05 -0.0012424636627690689 -0.0080251256488995185 0.0065588032912728524 2.4218723109115105e-05 -0.0083405103070442986 0.0025162679712404669 5.7241528471365657e-05
leaf_weight=25 23 37 21 39 24 23 28 31 21 26 22 55 28 3153 21 20 20 20 34 120 683 39 62 173 21 59 28 30 114 4660
leaf_count=25 23 37 21 39 24 23 28 31 21 26 22 55 28 3153 21 20 20 20 34 120 683 39 62 173 21 59 28 30 114 4660
internal_value=-0.000132505 -9.54852e-05 -0.00965517 -3.75901e-05 -9.22625e-05 -0.00653595 -0.00923077 -0.0020339 -0.0152113 -0.0096 1.27864e-05 -0.00528302 -0.00915663 7.32838e-05 3.88895e-05 8.66176e-06 -0.01 5.21966e-05 8.7184e-05 4.37541e-05 -0.000640081 0.000221266 -0.00910891 0.000560999 0.00516129 0.00672365 0.017931 0.0030303 0.00547009 0.000206911
internal_weight=9660 9635 58 9577 9538 153 130 59 71 50 9385 106 83 9279 9257 9236 40 9196 9176 9142 3937 3254 101 5205 372 351 87 264 234 4833
internal_count=9660 9635 58 9577 9538 153 130 59 71 50 9385 106 83 9279 9257 9236 40 9196 9176 9142 3937 3254 101 5205 372 351 87 264 234 4833
is_linear=0
shrinkage=0.08


Tree=184
num_leaves=31
num_cat=0
split_feature=29 21 21 2 29 5 29 6 25 29 31 29 31 1 21 29 6 5 6 31 39 29 4 33 8 39 25 23 17 19
split_gain=0.790779 0.813523 1.01921 2.24319 1.20954 0.745395 1.01834 1.25725 1.21236 0.842977 0.711451 0.62015 0.447445 1.03339 2.20376 1.20993 0.998179 1.88781 1.82198 1.42628 1.08434 0.988733 1.4751 1.60727 1.20405 1.33929 1.66247 1.57279 1.3486 1.0684
threshold=20.808800000000002 21.645750000000003 19.787800000000001 3.5000000000000004 19.662150000000004 18.142023333333338 17.887500000000003 0.29217317706166751 17.955650000000002 17.783000000000005 19.787800000000001 18.731750000000002 14.09895 21.500000000000004 14.461300000000001 13.917650000000002 0.23583569248655592 14.214653333333334 0.22732955444594261 14.046700000000003 76.666394362879871 14.115350000000001 36.500000000000007 -0.13789999999999922 0.89181108688505106 76.382272559095867 14.153300000000002 14.046700000000003 14.131850000000002 14.000100000000002
decision_type=2 2 2 2 2 2 2 2 2 2 2 2 2 2 2 2 2 2 2 2 2 2 2 2 2 2 2 2 2 2
left_child=1 2 4 -4 5 11 9 -8 -9 -7 -2 12 13 14 15 -1 18 -18 19 21 -21 22 29 -24 25 26 28 -27 -23 -17
right_child=10 -3 3 -5 -6 6 7 8 -10 -11 -12 -13 -14 -15 -16 16 17 -19 -20 20 -22 24 23 -25 -26 27 -28 -29 -30 -31
leaf_value=-0.00250135564273414 -5.6149599768389183e-05 0.00075365199582478227 -0.0017072072900290892 0.00037903432429502003 0.00096453269547112084 -0.00085493450744195348 -0.00091760078037367526 0.0027441107946870602 -6.7295322008078525e-05 -0.0027404300196556619 -0.0019773953297817569 -0.0021301305741339149 -1.2228594904684087e-05 0.0020080588692494672 -0.0048817039708186627 -0.0025575044549481164 0.0015650194015414344 -0.0036723463468403138 -0.0023373980118125814 0.0024948424927123368 4.0687276523954098e-07 -0.0029547474550328445 0.0023594574299817595 0.00018010854807656073 0.00017565870003494411 0.0014050962274534129 -0.0031960184301262017 -0.00062272890157188954 0.0013791320464228108 0.00036482615204604942
leaf_weight=32 29 25 29 26 35 26 21 21 33 20 24 33 8694 28 36 28 53 24 26 49 31 27 32 47 29 35 31 49 26 61
leaf_count=32 29 25 29 26 35 26 21 21 33 20 24 33 8694 28 36 28 53 24 26 49 31 27 32 47 29 35 31 49 26 61
internal_value=-6.62526e-05 -1.24909e-05 -5.00939e-05 -0.0109091 1.25958e-05 -4.21408e-05 -0.00628099 -0.000533333 0.00592593 -0.0156522 -0.00981132 3.84164e-05 7.71043e-05 0.0021118 0.00142857 0.00262069 0.00350365 0.0119481 0.00212314 0.00332584 0.013 0.00120548 0.00571429 0.0136709 -0.00263959 -0.0052381 -0.012381 0.00190476 -0.00377358 -0.00134831
internal_weight=9660 9607 9582 55 9527 9492 121 75 54 46 53 9371 9338 644 616 580 548 77 471 445 80 365 168 79 197 168 84 84 53 89
internal_count=9660 9607 9582 55 9527 9492 121 75 54 46 53 9371 9338 644 616 580 548 77 471 445 80 365 168 79 197 168 84 84 53 89
is_linear=0
shrinkage=0.08


Tree=185
num_leaves=31
num_cat=0
split_feature=15 31 6 33 4 4 33 2 33 27 17 29 5 6 1 27 7 7 5 6 15 7 25 29 23 19 39 1 39 8
split_gain=0.813036 0.751742 0.917765 0.803112 1.41336 1.8175 1.37814 0.982692 0.943801 0.915895 0.794948 0.703247 0.690434 1.70216 1.31879 1.29998 1.05979 0.949563 0.745739 0.704465 0.747682 0.996099 0.679755 1.46798 1.25907 1.50849 1.53915 1.4711 1.40802 1.44
threshold=9.6461500000000004 14.000100000000002 0.16543343503931554 0.8744500000000005 28.500000000000004 6.5000000000000009 1.9915500000000004 3.5000000000000004 0.82059999999999989 16.852650000000001 16.775850000000002 16.892300000000002 14.20667880952381 0.23517769407889241 11.500000000000002 16.867950000000004 14.124692500000002 14.121170833333336 14.136576666666668 0.2138275227286236 14.043850000000001 14.131361666666669 13.950650000000001 13.851850000000002 14.481250000000001 13.950650000000001 77.545404689802055 12.500000000000002 76.3667750061622 0.18838494072592207
decision_type=2 2 2 2 2 2 2 2 2 2 2 2 2 2 2 2 2 2 2 2 2 2 2 2 2 2 2 2 2 2
left_child=-1 2 -2 8 5 -5 11 10 22 -8 -7 -6 13 14 16 -14 17 -4 -16 20 -18 -22 24 -24 25 -3 27 28 -27 -30
right_child=1 3 12 4 6 7 9 -9 -10 -11 -12 -13 15 -15 18 -17 19 -19 -20 -21 21 -23 23 -25 -26 26 -28 -29 29 -31
leaf_value=-0.00077572571205877241 -0.0018968725729739332 -0.0040707190907411928 0.00066490512348806876 0.022974935582997489 0.00058888062469925734 -0.0030369884940637348 0.00016047083525677408 0.00024019444571628414 -0.0027184383973849436 -0.00024595453645872569 -0.0054817198184575486 0.0052730962361839315 -0.0010124876636501056 0.0014201606919647248 -7.9250616798205449e-05 0.0051826076836793793 -0.00030152958522826622 -0.0015776929711822164 -0.0029428881507691787 0.00075572790318979345 0.0037561160418268002 4.8780381756614592e-05 0.0014836187501076382 -1.9957576004685506e-05 -0.00029127011596756345 0.0015521777590025466 0.0020023440308824547 -0.006527053707323276 -0.0020713493147329841 0.00020834865278473557
leaf_weight=25 25 24 23 29 20 21 29 28 21 21 20 22 46 54 42 28 20 38 22 22 20 27 56 8782 47 26 57 20 20 25
leaf_count=25 25 24 23 29 20 21 29 28 21 21 20 22 46 54 42 28 20 38 22 22 20 27 56 8782 47 26 57 20 20 25
internal_value=8.28157e-06 4.56668e-05 0.00359673 -9.49504e-05 0.00505263 -0.00163265 0.0121739 -0.00869565 -0.000202688 0.0032 -0.0165854 0.0228571 0.00467836 0.00656716 0.00336449 -0.00216216 0.00746667 -0.000655738 -0.00625 0.0130337 0.00895522 0.0144681 -0.00016341 -5.43109e-05 -0.00456621 -0.00139535 0.00162162 -0.00483516 0.00056338 -0.008
internal_weight=9660 9635 367 9268 190 98 92 69 9078 50 41 42 342 268 214 74 150 61 64 89 67 47 9057 8838 219 172 148 91 71 45
internal_count=9660 9635 367 9268 190 98 92 69 9078 50 41 42 342 268 214 74 150 61 64 89 67 47 9057 8838 219 172 148 91 71 45
is_linear=0
shrinkage=0.08


Tree=186
num_leaves=31
num_cat=0
split_feature=15 31 1 27 31 6 21 27 6 19 25 4 33 23 21 8 19 8 21 23 19 31 15 7 4 4 39 39 31 39
split_gain=0.810235 0.659037 0.876982 1.19289 0.873129 1.21518 1.01586 0.835228 1.04767 1.26881 1.225 1.12111 1.3996 0.755521 1.55559 1.08706 0.923594 0.872033 0.792118 1.58384 0.717324 2.09072 1.58306 1.08744 2.18611 2.10893 1.24459 2.30739 1.67031 1.225
threshold=9.6461500000000004 13.983600000000001 2.5000000000000004 14.000100000000002 13.950650000000001 0.17767665559803225 14.09895 13.851850000000002 0.21063226104643937 14.09895 14.09895 36.500000000000007 -0.13220000000000007 13.884750000000002 14.066000000000001 0.1959718753780384 12.978900000000001 0.71704800698465154 13.884750000000002 14.260600000000002 14.260600000000002 15.490150000000002 14.615850000000002 14.536960000000002 17.500000000000004 14.500000000000002 78.745241551140623 77.20364286458053 14.131850000000002 76.3667750061622
decision_type=2 2 2 2 2 2 2 2 2 2 2 2 2 2 2 2 2 2 2 2 2 2 2 2 2 2 2 2 2 2
left_child=-1 2 3 -2 5 -4 -6 -7 9 -9 -11 12 -10 14 -3 -16 -15 -17 19 -18 21 22 -20 24 25 -22 27 28 -26 -30
right_child=1 13 4 -5 6 7 -8 8 11 10 -12 -13 -14 16 15 17 18 -19 20 -21 23 -23 -24 -25 26 -27 -28 -29 29 -31
leaf_value=-0.00071366765509395691 -0.00016953743663137289 0.0010871909518056101 -0.0029769444435272874 0.001701518816894918 0.0007062331672500477 -0.0043368945997829655 -0.00020624148641189776 -0.0022988027053466452 0.0044848942695220016 0.0021369523375074097 -0.0012457675515544508 -0.0007156054593455963 0.0012050269464270969 0.00038431587931697208 0.00020812550499663018 -0.0033639518291469273 -0.0013866521916263963 -0.00023179157230430292 0.00016550450223562052 0.00050865786099272723 -6.5431198423624432e-05 -0.015683561550381454 0.0033973547469511802 -1.7199436048542793e-06 -0.0019155310340284615 0.0058318854141327136 0.00016855125636197954 -0.0038123395137607476 -0.0013950744931000259 0.0019580199677340462
leaf_weight=25 23 25 32 35 37 21 20 35 28 20 20 40 39 33 24 30 44 38 652 36 103 22 27 7987 34 20 58 112 20 20
leaf_count=25 23 25 32 35 37 21 20 35 28 20 20 40 39 33 24 30 44 38 652 36 103 22 27 7987 34 20 58 112 20 20
internal_value=-1.65631e-05 2.07577e-05 0.00342857 0.0124138 0.00164384 -0.000510638 0.0105263 0.0017734 0.00351648 -0.00373333 0.006 0.00859813 0.0149254 -0.000107701 -0.00649573 -0.0113043 -2.6178e-05 -0.0164706 -7.4439e-05 -0.008 -4.41745e-06 0.00245364 0.00324006 -0.000210678 -0.00446866 0.00422764 -0.00885246 -0.012043 -0.00108108 0.01
internal_weight=9660 9635 350 58 292 235 57 203 182 75 40 107 67 9285 117 92 9168 68 9135 80 9055 701 679 8354 367 123 244 186 74 40
internal_count=9660 9635 350 58 292 235 57 203 182 75 40 107 67 9285 117 92 9168 68 9135 80 9055 701 679 8354 367 123 244 186 74 40
is_linear=0
shrinkage=0.08


Tree=187
num_leaves=31
num_cat=0
split_feature=23 17 21 31 39 19 21 23 5 17 15 23 7 39 33 21 23 6 2 27 15 15 29 33 19 6 21 25 23 21
split_gain=0.571465 1.44397 2.14343 1.01461 1.67348 0.838951 2.55543 1.88284 2.12818 2.05816 1.73622 1.55571 1.42579 1.3268 1.08939 0.951111 1.78315 1.89314 1.64959 1.66953 1.58967 1.658 1.48236 1.48081 1.98166 1.94141 1.73232 1.62137 1.61239 2.15212
threshold=13.851850000000002 17.071750000000005 16.455400000000004 14.082400000000002 77.20364286458053 14.444800000000003 14.576500000000001 14.593050000000002 14.656810000000002 14.716850000000003 14.750550000000002 14.817800000000002 14.784903333333336 77.20364286458053 -0.22139999999999913 15.123600000000001 15.000850000000002 0.19991516733044593 1.0000000180025095e-35 15.019750000000002 14.708300000000003 15.373050000000001 15.294250000000002 -0.29839999999999905 14.642450000000002 0.16782984678484039 14.510650000000002 14.510650000000002 14.716850000000003 14.642450000000002
decision_type=2 2 2 2 2 2 2 2 2 2 2 2 2 2 2 2 2 2 2 2 2 2 2 2 2 2 2 2 2 2
left_child=1 2 3 -1 -5 6 7 8 10 11 12 13 -2 -9 -8 16 22 -18 -17 -20 -19 -22 23 24 26 27 -7 -25 29 -29
right_child=5 -3 -4 4 -6 15 14 9 -10 -11 -12 -13 -14 -15 -16 18 17 20 19 -21 21 -23 -24 25 -26 -27 -28 28 -30 -31
leaf_value=0.00047242689141647532 4.8389164421678286e-05 0.013521666462713995 -0.0015324110181256856 -0.0061223903049462793 0.00021549652379924567 0.0033122751203772793 0.004607089207947581 0.00068610214366756847 -0.0047067069242363859 0.00067289120424163685 0.0037911533619460159 -0.0083955570278109095 0.00040717760221717472 -0.0055529657449143602 0.00033994963625104901 -0.0066334933300309729 -0.0042924430869962296 0.0025811653764775855 0.0011865726192827708 4.9423409396354149e-06 -0.0024572326990097084 0.00054964624480433597 0.0023256927074615419 0.0026896540842099624 0.0037970900653509433 -0.00059496603177095159 -0.00067340920679193061 -0.0010695351816323751 -0.0081540207330495912 0.0029920568243072408
leaf_weight=28 999 21 21 20 24 29 53 21 23 22 21 20 70 29 130 35 69 32 166 6487 132 79 43 40 45 842 52 53 22 32
leaf_count=28 999 21 21 20 24 29 53 21 23 22 21 20 70 29 130 35 69 32 166 6487 132 79 43 40 45 842 52 53 22 32
internal_value=1.65631e-05 -0.00561404 -0.00989247 -0.00333333 -0.0109091 8.38047e-05 0.00190202 0.000564315 0.0014735 -0.0104348 0.00198165 -0.0171429 0.00153414 -0.0096 0.0107104 -0.000225545 -0.00206803 -0.0074359 0.000179426 0.000270555 -0.00411523 -0.00663507 -0.000621762 -0.00118386 0.00698413 -0.00222447 -0.000493827 0.0062585 0.0011215 0.00611765
internal_weight=9660 114 93 72 44 9546 1388 1205 1113 92 1090 70 1069 50 183 8158 1470 312 6688 6653 243 211 1158 1115 126 989 81 147 107 85
internal_count=9660 114 93 72 44 9546 1388 1205 1113 92 1090 70 1069 50 183 8158 1470 312 6688 6653 243 211 1158 1115 126 989 81 147 107 85
is_linear=0
shrinkage=0.08


Tree=188
num_leaves=31
num_cat=0
split_feature=23 19 13 19 31 39 19 21 23 25 2 31 27 17 29 23 39 33 17 7 5 6 15 6 33 5 17 23 8 27
split_gain=0.563091 1.15804 1.51166 1.13374 1.13049 1.39652 0.492275 1.50649 1.58502 2.21089 1.49816 1.41773 1.2266 1.24327 1.16771 1.81979 1.0756 1.01941 0.893889 1.05247 1.17528 1.10642 0.856703 1.62785 1.09138 1.84871 1.6067 1.59147 1.34813 1.34127
threshold=13.851850000000002 17.384900000000005 15.390450000000003 9.6461500000000004 14.046700000000003 77.20364286458053 14.444800000000003 14.543600000000001 14.593050000000002 14.817800000000002 2.5000000000000004 14.934950000000002 13.950650000000001 14.230700000000001 14.481250000000001 14.197750000000001 77.20364286458053 -1.0000000180025095e-35 14.800550000000003 14.349810833333335 14.595320000000003 0.19040201162742235 14.153300000000002 0.16261959186921124 0.040200000000000465 14.112356666666669 14.18125 14.043850000000001 0.93875597961729362 14.153300000000002
decision_type=2 2 2 2 2 2 2 2 2 2 2 2 2 2 2 2 2 2 2 2 2 2 2 2 2 2 2 2 2 2
left_child=1 2 4 -2 -1 -6 7 8 11 16 18 14 13 -8 22 17 -10 -16 19 -9 -21 -22 24 -24 25 -5 28 -28 29 -26
right_child=3 -3 -4 6 5 -7 12 10 9 -11 -12 -13 -14 -15 15 -17 -18 -19 -20 20 21 -23 23 -25 26 -27 27 -29 -30 -31
leaf_value=0.00043463274010314024 0.0031017244191467344 0.0072114027411586791 -0.001105365452289675 0.0020719151271041624 -0.004142214744561841 0.00019825680189534012 -0.0047632736930816582 3.6257247231503697e-05 -0.0001529395079143825 0.00059767203705234811 -0.00033327088115150618 -0.01155289287458487 -2.247627314119427e-05 -6.3656636135078765e-05 0.00049274359928688229 0.0058697738011269963 -0.0052996934520319885 -0.001967577645616956 -0.00016330578126058981 0.00480699367608068 0.00048750991071329965 0.0042385220713117636 -0.0023997369400264291 -1.9487450046682397e-05 -0.00025266005858632924 0.00016299918491554876 0.00013965923788575196 -0.0038655496530083868 0.0026340438759661568 0.0021130190181145991
leaf_weight=22 22 24 21 76 25 22 20 31 20 22 40 20 8101 37 20 20 37 23 29 29 31 39 39 395 112 248 31 50 22 32
leaf_count=22 22 24 21 76 25 22 20 31 20 22 40 20 8101 37 20 20 37 23 29 29 31 39 39 395 112 248 31 50 22 32
internal_value=-2.48447e-05 -0.00561404 -0.00977778 4.19024e-05 -0.00405797 -0.0110638 0 0.00140556 0.000308483 -0.0106329 0.0078392 0.00110294 -0.000235352 -0.0119298 0.00149813 0.0120635 -0.0189474 0.0027907 0.0113208 0.0141538 0.0181818 0.0125714 0.000835821 -0.00184332 0.00287215 0.00592593 -0.0011336 -0.0103704 0.00337349 0.000555556
internal_weight=9660 114 90 9546 69 47 9524 1366 1167 79 199 1088 8158 57 1068 63 57 43 159 130 99 70 1005 434 571 324 247 81 166 144
internal_count=9660 114 90 9546 69 47 9524 1366 1167 79 199 1088 8158 57 1068 63 57 43 159 130 99 70 1005 434 571 324 247 81 166 144
is_linear=0
shrinkage=0.08


Tree=189
num_leaves=31
num_cat=0
split_feature=19 17 21 19 4 8 29 4 7 4 8 15 21 6 19 15 31 31 39 33 6 21 23 31 15 7 21 13 8 27
split_gain=0.604222 1.50977 1.93731 1.60439 1.98936 0.841629 1.67608 1.15818 2.24728 1.07076 1.25514 1.00605 0.832976 1.22501 0.785293 0.952043 1.68709 1.61781 1.58169 1.37076 1.66679 1.30969 1.23354 1.23033 1.14132 1.25002 1.12179 1.63695 1.0744 1.02616
threshold=14.260600000000002 13.851850000000002 14.09895 14.214150000000002 23.500000000000004 1.347420269793419 14.593050000000002 6.5000000000000009 14.129437500000002 10.500000000000002 1.7243483700346605 14.593050000000002 12.978900000000001 4.1392035428181444 13.851850000000002 13.950650000000001 14.115350000000001 14.444800000000003 76.487220900015117 0.23059999999999994 0.21645223347815792 14.082400000000002 14.344400000000002 14.18125 14.197750000000001 14.122820000000001 14.153300000000002 14.153300000000002 0.20594419360233868 13.950650000000001
decision_type=2 2 2 2 2 2 2 2 2 2 2 2 2 2 2 2 2 2 2 2 2 2 2 2 2 2 2 2 2 2
left_child=1 2 -1 5 -5 6 7 8 -3 -7 -11 14 -2 -14 -9 26 19 18 22 20 21 24 23 -18 -17 -26 -16 -28 -22 -20
right_child=12 3 -4 4 -6 9 -8 11 -10 10 -12 -13 13 -15 15 16 17 -19 29 -21 28 -23 -24 -25 25 -27 27 -29 -30 -31
leaf_value=-0.00016702496269601852 0.0013118657764620424 -0.00064452560184541602 0.0032075154131442217 0.0060946730128823394 0.00022364235296151947 -0.0036199210033984741 0.0041775800976505909 -0.00075957128440009571 0.0044224341819942481 -0.0007235962751960301 0.00093520797772185917 -0.0027439137769874121 -2.3019257760736879e-05 -0.0044519550002544862 -0.00012763033082549669 0.00017105591071626237 -0.0021547201944089522 9.6955397334284041e-05 -8.1547349220301166e-06 0.0024050545067562721 0.0032314564180396135 0.00045490443985372057 0.0002912147007435806 0.0027532351932152465 0.0016114216501438251 -0.0027608854419298012 0.003958627109106487 0.00075613335654075794 8.8098831621152837e-05 -0.0021622523882628285
leaf_weight=26 25 48 38 22 46 25 20 41 47 71 22 24 8548 20 56 56 23 53 26 31 21 89 21 20 21 44 22 26 27 101
leaf_count=26 25 48 38 22 46 25 20 41 47 71 22 24 8548 20 56 56 23 53 26 31 21 89 21 20 21 44 22 26 27 101
internal_value=4.14079e-05 0.00183693 0.01375 0.00107677 0.0129412 0.000213904 0.00112607 0.00055207 0.00884211 -0.00610169 -0.00215054 -0.000569801 -0.000181543 -0.00022409 0 0.000690738 -0.000675422 -0.00557377 -0.00900524 0.00346021 0.00155039 -0.00152381 0.00125 -0.00651163 -0.00694215 -0.0141538 0.00769231 0.0166667 0.015 -0.0141732
internal_weight=9660 1067 64 1003 68 935 817 797 95 118 93 702 8593 8568 678 637 533 244 191 289 258 210 64 43 121 65 104 48 48 127
internal_count=9660 1067 64 1003 68 935 817 797 95 118 93 702 8593 8568 678 637 533 244 191 289 258 210 64 43 121 65 104 48 48 127
is_linear=0
shrinkage=0.08


Tree=190
num_leaves=31
num_cat=0
split_feature=15 17 27 19 23 6 5 19 39 23 15 15 13 4 4 27 23 31 23 21 15 1 33 25 5 7 4 8 23 17
split_gain=0.810235 0.542939 1.58501 1.74736 2.09921 1.58085 0.900577 0.550892 1.67348 1.65089 0.629111 1.92184 1.83535 1.30854 1.232 2.19059 1.18345 1.7485 2.69507 2.56392 1.52445 1.21212 0.988142 1.6896 1.1928 1.28337 1.85603 1.42065 1.39729 1.25825
threshold=9.6461500000000004 13.917650000000002 15.656950000000002 14.153300000000002 14.395400000000002 0.22451676806660581 14.125583333333337 13.851850000000002 76.755573263971868 14.395400000000002 14.153300000000002 14.131850000000002 13.950650000000001 36.500000000000007 15.500000000000002 14.09895 14.043850000000001 14.066000000000001 13.917650000000002 14.09895 14.329500000000001 12.500000000000002 0.32945000000000052 14.131850000000002 14.112356666666669 14.150915833333334 35.500000000000007 1.347420269793419 14.510650000000002 14.230700000000001
decision_type=2 2 2 2 2 2 2 2 2 2 2 2 2 2 2 2 2 2 2 2 2 2 2 2 2 2 2 2 2 2
left_child=-1 2 3 5 6 -2 -5 8 -3 -10 11 12 14 -13 -9 -16 17 20 19 -19 -12 -21 24 -24 -14 26 -26 28 29 -27
right_child=1 7 -4 4 -6 -7 -8 10 9 -11 16 13 22 -15 15 -17 -18 18 -20 21 -22 -23 23 -25 25 27 -28 -29 -30 -31
leaf_value=-0.00019368550536739805 -0.00033793339304665436 -0.0018594724845218025 0.0068470112240709112 -0.00045574774815548835 -0.0078237955946701739 0.001958805999693496 0.00064570173077882487 0.0010960794207558423 -0.00090463647636916276 0.0063844931373503756 -0.00068707996337124654 0.00043005020622594259 0.0012468366248683082 0.0036760233996837857 -0.004582941259422455 -0.0015752201282404599 -6.9900638789022195e-06 0.0010475480888158728 -0.0051018585582951201 4.1415369133659399e-05 0.0016599225361477465 -0.0036088044560989374 1.1501891239902307e-05 0.0047465767998866679 -0.001348120084943929 0.00024739493183403741 0.00013817659043866115 -0.0055682898050909554 0.0052372928864377853 -0.00015846820919378503
leaf_weight=25 39 33 27 33 21 36 30 20 28 27 34 46 90 24 21 51 8463 20 36 20 37 24 37 26 135 81 106 26 23 41
leaf_count=25 39 33 27 33 21 36 30 20 28 27 34 46 90 24 21 51 8463 20 36 20 37 24 37 26 135 81 106 26 23 41
internal_value=-1.65631e-05 2.07577e-05 0.00430108 0.00125786 -0.00666667 0.0101333 0.000634921 -6.34988e-05 -0.00636364 0.00218182 -4.27305e-06 0.00225585 0.000913242 0.0148571 -0.00956522 -0.0144444 -0.00019458 -0.00678363 -0.0136 -0.00375 0.0028169 -0.0145455 0.00261947 0.0120635 0.00143426 -0.00038835 -0.00414938 0.00491228 0.008 0.00459016
internal_weight=9660 9635 186 159 84 75 63 9449 88 55 9361 727 657 70 92 72 8634 171 100 64 71 44 565 63 502 412 241 171 145 122
internal_count=9660 9635 186 159 84 75 63 9449 88 55 9361 727 657 70 92 72 8634 171 100 64 71 44 565 63 502 412 241 171 145 122
is_linear=0
shrinkage=0.08


Tree=191
num_leaves=31
num_cat=0
split_feature=15 4 4 4 33 4 25 33 21 7 21 33 5 2 6 33 4 25 15 17 1 1 6 39 29 19 19 6 27 8
split_gain=0.806507 0.495645 2.83088 4.28623 1.49405 2.00493 1.58407 1.52416 1.82703 3.03707 2.8493 1.69377 1.61345 1.94415 1.70847 1.57166 1.64584 1.39709 1.76069 1.39286 1.36205 1.69144 1.32108 1.82371 2.23047 1.96281 1.37248 1.6539 1.14369 1.1234
threshold=9.6461500000000004 48.500000000000007 44.500000000000007 45.500000000000007 -0.19835000000000044 50.500000000000007 16.775850000000002 0.037950000000000379 16.867950000000004 16.395680833333341 17.071750000000005 -0.075950000000000614 14.143193333333336 4.5000000000000009 0.19307184721126019 0.23059999999999994 54.500000000000007 16.247550000000004 15.262250000000002 16.413050000000002 7.5000000000000009 15.500000000000002 0.1689365947196301 83.886622708610005 15.320300000000001 15.142850000000001 14.784150000000002 0.21186027971735374 15.330900000000002 1.0106477066210111
decision_type=2 2 2 2 2 2 2 2 2 2 2 2 2 2 2 2 2 2 2 2 2 2 2 2 2 2 2 2 2 2
left_child=-1 2 -2 17 22 6 19 8 9 12 -10 -12 -7 14 -14 -9 -17 18 -4 20 28 -22 -3 24 25 26 27 -24 -6 -18
right_child=1 4 3 -5 5 7 -8 15 10 -11 11 -13 13 -15 -16 16 29 -19 -20 -21 21 -23 23 -25 -26 -27 -28 -29 -30 -31
leaf_value=-0.00017819066493814263 -2.2097826931144483e-05 -0.00071102545073856052 0.0035949356588371017 0.00014427625999758221 -0.00015494492534969594 0.001922800226747441 -0.0028193785293588293 0.00074040528166165133 0.0059182923060922127 -0.0039941769816769579 0.0045006434002644374 -0.0044236816973041472 -0.0030088423780372867 -0.0015725402942567256 0.0011810959161425673 0.00055248587427968231 -0.00096135906706976474 0.0067722536188479414 -0.00026648255526872332 0.0024776520461431062 0.00049788093794838066 -0.005765922572641813 0.0032063062040688095 -8.9208471671682333e-05 0.0041451612971817303 -0.001759356570862778 0.0020672587703055001 -0.00032978446536745308 -0.0075335494273527101 -0.0046697835762746819
leaf_weight=25 7227 28 59 483 36 34 78 287 31 51 26 30 56 61 87 167 157 70 32 26 56 43 48 268 44 30 24 39 21 36
leaf_count=25 7227 28 59 483 36 34 78 287 31 51 26 30 56 61 87 167 157 70 32 26 56 43 48 268 44 30 24 39 21 36
internal_value=-4.96894e-05 -1.24546e-05 0.000259179 0.00534161 -0.00122449 -0.00265004 -0.00892308 -0.00105572 -0.00510638 -0.00816609 0.00505747 -0.00571429 -0.00436975 -0.00705882 -0.00195804 0.0012983 -0.00222222 0.016646 0.0101099 -0.00483516 -0.00769231 -0.0020202 0.00257796 0.00362031 0.00972973 0.0048227 0.00972973 0.00505747 -0.0175439 -0.00725389
internal_weight=9660 9635 7871 644 1764 1283 260 1023 376 289 87 56 238 204 143 647 360 161 91 182 156 99 481 453 185 141 111 87 57 193
internal_count=9660 9635 7871 644 1764 1283 260 1023 376 289 87 56 238 204 143 647 360 161 91 182 156 99 481 453 185 141 111 87 57 193
is_linear=0
shrinkage=0.08


Tree=192
num_leaves=31
num_cat=0
split_feature=15 5 25 33 27 31 25 15 29 27 15 15 25 5 31 23 7 7 13 27 6 33 17 27 19 19 23 4 5 4
split_gain=0.810235 0.472309 1.302 2.27451 1.12232 0.661282 1.44856 2.30543 1.84852 1.67114 1.60656 2.24787 1.4632 1.21742 1.16733 1.77778 0.90405 0.901235 1.20492 1.36689 0.867594 0.818669 0.854747 1.66588 1.19967 1.00571 0.952024 0.756952 0.702538 1.34436
threshold=9.6461500000000004 14.103580000000003 14.230700000000001 0.040200000000000465 14.09895 14.09895 14.312950000000003 14.510650000000002 13.950650000000001 16.867950000000004 14.344400000000002 14.260600000000002 13.884750000000002 14.197136666666669 13.884750000000002 14.082400000000002 14.129437500000002 14.121170833333336 14.344400000000002 14.131850000000002 0.19262051261116542 -0.3953000000000006 14.260600000000002 14.082400000000002 14.115350000000001 14.395400000000002 14.197750000000001 25.500000000000004 14.127790000000003 49.500000000000007
decision_type=2 2 2 2 2 2 2 2 2 2 2 2 2 2 2 2 2 2 2 2 2 2 2 2 2 2 2 2 2 2
left_child=-1 2 3 -2 -5 6 8 10 20 27 11 -8 -10 14 15 -14 -12 18 19 -7 -3 -16 23 26 -24 -25 -23 -9 29 -19
right_child=1 5 -4 4 -6 17 7 9 12 -11 16 -13 13 -15 21 -17 -18 28 -20 -21 -22 22 24 25 -26 -27 -28 -29 -30 -31
leaf_value=-0.00016393541174295479 0.0015536217402470954 -0.0055312515122529502 -0.00046203775998677088 -0.0027543049325906566 -0.00011452682044264861 -9.0684437765062848e-05 0.0029464393063889818 -0.0012027583492732674 0.00058598346408601288 0.0051063863793831387 0.0015288965594105264 -0.002430315387770463 0.0002672397707176799 -0.0043489169461400938 0.00068504898390372656 -0.007853406612237563 0.0044755875133085255 0.00048135013063358659 0.00064761770469303316 -0.0056587498933967596 -0.00050002208306651138 -0.00014329912497146324 -0.00013406005422424982 -0.0034891660417961392 0.0026738434823184321 -2.8855342238642835e-06 0.0019903238040632943 -0.00038451557643824684 -9.2443447661594299e-06 -0.0009056726297022522
leaf_weight=25 68 20 41 23 25 42 39 25 30 25 27 22 20 34 28 25 34 121 27 41 23 43 40 28 33 22 26 27 8653 23
leaf_count=25 68 20 41 23 25 42 39 25 30 25 27 22 20 34 28 25 34 121 27 41 23 43 40 28 33 22 26 27 8653 23
internal_value=-1.65631e-05 2.07577e-05 -0.00433121 0 -0.0133333 9.28466e-05 0.00273205 0.00824121 -0.000215054 -0.0025974 0.015082 0.00590164 0.00182371 0.000133779 0.00196226 -0.00977778 0.0242623 -7.63444e-05 -0.00727273 -0.0120482 -0.015814 0.00436364 0.0025 -0.00168067 0.00931507 -0.0128 0.00637681 -0.0107692 1.3641e-05 0.00555556
internal_weight=9660 9635 157 116 48 9478 571 199 372 77 122 61 329 299 265 45 61 8907 110 83 43 220 192 119 73 50 69 52 8797 144
internal_count=9660 9635 157 116 48 9478 571 199 372 77 122 61 329 299 265 45 61 8907 110 83 43 220 192 119 73 50 69 52 8797 144
is_linear=0
shrinkage=0.08


Tree=193
num_leaves=31
num_cat=0
split_feature=15 19 19 19 7 4 1 13 33 4 4 4 1 27 23 17 21 17 19 19 4 2 6 8 4 33 8 4 4 21
split_gain=0.811168 0.665421 1.27772 1.17998 1.5873 1.82828 0.834997 1.20275 0.47127 1.53934 2.31048 1.49157 1.31612 1.47 1.37639 1.65835 1.2586 1.21623 1.61793 1.43314 1.36094 1.27541 1.35271 1.17467 1.14126 1.43939 1.04924 1.04178 2.33138 1.24835
threshold=9.6461500000000004 9.6461500000000004 13.851850000000002 13.917650000000002 14.1233725 23.500000000000004 5.5000000000000009 14.344400000000002 0.25550000000000056 31.500000000000004 40.500000000000007 54.500000000000007 9.5000000000000018 14.917400000000002 16.852650000000001 15.763450000000002 17.117000000000004 18.087200000000003 18.042600000000004 17.846600000000006 30.500000000000004 1.5000000000000002 0.26519764949288638 0.22039645393880636 29.500000000000004 0.26439999999999936 1.0106477066210111 30.500000000000004 29.500000000000004 13.917650000000002
decision_type=2 2 2 2 2 2 2 2 2 2 2 2 2 2 2 2 2 2 2 2 2 2 2 2 2 2 2 2 2 2
left_child=-1 -2 6 4 -4 -6 -3 -8 27 17 12 -12 13 -11 15 23 -15 18 20 -19 24 -22 -23 -14 25 -10 -13 28 29 -5
right_child=1 2 3 8 5 -7 7 -9 9 10 11 26 14 16 -16 -17 -18 19 -20 -21 21 22 -24 -25 -26 -27 -28 -29 -30 -31
leaf_value=-0.00015082057880363208 0.00088898300005602949 -0.00073417931644641503 0.0027153168016862141 -0.00033326747645318733 0.0030430456089941063 -0.00029123208089821162 0.0012227376759051368 -0.00052242368954466653 0.0032714894564537644 3.4121177789643299e-05 0.00024369043056232442 -0.0004988559073046872 0.00052487991973777077 -0.0083899209101790002 -0.0027975456701506119 0.0005113693100413741 -0.00046730606611930628 -0.0033118766272136214 0.0037086051923790821 -1.7244995515568462e-05 -0.0002208102802976697 0.0025879028067050313 0.0041317837167113682 -0.0044937243403441584 -0.0042177208206456386 0.00015505677630088145 -0.0039043583774252964 4.6426184014407572e-05 -0.0022342393651943837 -6.8685180727214861e-05
leaf_weight=25 24 20 21 70 29 34 29 38 39 25 504 149 23 52 56 39 23 21 50 52 30 56 23 21 23 937 33 3520 135 3559
leaf_count=25 24 20 21 70 29 34 29 38 39 25 504 149 23 52 56 39 23 21 50 52 30 56 23 21 23 937 33 3520 135 3559
internal_value=-8.28157e-06 2.90607e-05 -4.1619e-06 8.39983e-05 0.00952381 0.0031746 -0.00965517 -0.00537313 0 0.00103896 -0.00142703 0.000932945 -0.00820084 -0.0152 -0.00316547 0.00337349 -0.0208 0.00289196 0.00352332 -0.00712329 0.00288809 0.0113761 0.0167089 -0.00727273 0.00196196 0.00237705 -0.00527473 -0.000307523 -0.00123273 -0.000848719
internal_weight=9660 9635 9611 9524 84 63 87 67 9440 2156 925 686 239 100 139 83 75 1231 1158 73 1108 109 79 44 999 976 182 7284 3764 3629
internal_count=9660 9635 9611 9524 84 63 87 67 9440 2156 925 686 239 100 139 83 75 1231 1158 73 1108 109 79 44 999 976 182 7284 3764 3629
is_linear=0
shrinkage=0.08


Tree=194
num_leaves=31
num_cat=0
split_feature=15 15 31 33 27 5 19 5 7 8 31 19 21 13 6 6 29 29 39 1 27 7 27 27 29 21 29 31 21 1
split_gain=0.801859 0.513763 1.23363 1.66417 1.61549 3.09678 1.51271 2.04868 1.41215 1.65651 2.02023 1.68623 1.1497 1.12149 1.29168 1.59637 1.68768 1.20988 1.91251 1.96232 1.42857 1.49113 1.2 1.11594 1.05494 1.821 1.61738 1.94376 1.52106 1.38135
threshold=9.6461500000000004 15.523850000000001 15.523850000000001 -0.11069999999999956 15.4565 15.674236666666669 15.557500000000003 15.710096666666669 15.083865000000003 0.20644902317012534 15.330900000000002 15.294250000000002 16.775850000000002 16.900950000000005 1.3488920956860124 0.25287953648533773 15.692450000000003 15.284800000000002 84.048395410286062 8.5000000000000018 15.557500000000003 15.706007500000002 15.426750000000002 15.390450000000003 17.110850000000003 16.180450000000004 16.226550000000003 16.226550000000003 15.851650000000001 13.500000000000002
decision_type=2 2 2 2 2 2 2 2 2 2 2 2 2 2 2 2 2 2 2 2 2 2 2 2 2 2 2 2 2 2
left_child=-1 24 3 8 6 -6 -4 -8 -3 10 -10 23 -13 14 15 17 -17 22 -19 -20 -21 -22 -5 -11 25 26 27 -2 -26 -27
right_child=1 2 4 13 5 -7 7 -9 9 11 -12 12 -14 -15 -16 16 -18 18 19 20 21 -23 -24 -25 28 29 -28 -29 -30 -31
leaf_value=-0.00013875493249940974 -5.7983912313801514e-05 -0.0046547806466474386 -0.00037038389172522557 -0.0047686273372871566 -0.0015637277438312937 3.9739096018820423e-06 0.0079523294502372721 0.00051895759520554914 0.0022947146676348495 0.00088576100639485848 -0.0030633037170626665 0.0030698243289656092 -0.00031598570184577569 0.0010596214754939126 -0.0012337516108570413 0.0033627454470610018 -0.00058277457410198968 0.0029844878359239148 0.0024374380354288405 -0.0067244493865797495 0.0024875788917722731 -0.0094379542514440116 -3.7301944670602439e-05 -0.0041515364357864824 -0.00040988491142996964 -0.0030417636418294336 0.0031948331584138855 -0.015717780230879868 0.0048008324381132181 -0.00033398612853744678
leaf_weight=25 3921 20 49 30 87 4725 30 54 22 23 40 128 20 29 31 47 22 64 26 30 20 22 24 21 23 24 24 27 31 21
leaf_count=25 3921 20 49 30 87 4725 30 54 22 23 40 128 20 29 31 47 22 64 26 30 20 22 24 21 23 24 24 27 31 21
internal_value=-9.10973e-05 -5.39699e-05 0.000445723 0.0038126 2.42669e-05 -0.000216126 0.0087218 0.0152381 0.00846715 0.0100787 -0.00129032 0.01375 0.0178378 0.000115942 -0.00126582 0.000421053 0.0110145 -0.00296296 0.000493827 -0.00653061 -0.0133333 -0.00380952 -0.0133333 0 -0.00073692 -0.000886234 -0.000704935 -0.0008308 0.0103704 -0.0168889
internal_weight=9660 9635 5564 619 4945 4812 133 84 274 254 62 192 148 345 316 285 69 216 162 98 72 42 54 44 4071 4017 3972 3948 54 45
internal_count=9660 9635 5564 619 4945 4812 133 84 274 254 62 192 148 345 316 285 69 216 162 98 72 42 54 44 4071 4017 3972 3948 54 45
is_linear=0
shrinkage=0.08


Tree=195
num_leaves=31
num_cat=0
split_feature=25 1 19 23 21 4 13 39 29 21 6 19 19 4 31 31 5 25 21 19 29 29 23 39 6 23 4 6 1 39
split_gain=1.25522 0.809491 0.570175 1.48747 1.21668 1.04356 0.95308 1.57435 0.561855 1.06713 0.668536 1.35032 1.37911 1.52381 0.884553 0.714512 0.611729 0.545534 0.675446 1.48103 1.05537 0.788653 0.644609 0.889131 0.570949 1.30334 0.925972 0.754723 2.37403 3.4255
threshold=12.978900000000001 21.500000000000004 13.851850000000002 16.852650000000001 12.978900000000001 42.500000000000007 15.158250000000002 76.961935416193953 21.067900000000005 21.067900000000005 2.8672400861295499 17.363700000000005 16.900950000000005 27.500000000000004 20.808800000000002 13.818850000000003 14.138806666666669 19.979150000000001 19.122800000000002 18.478250000000003 19.315350000000006 18.731750000000002 18.825550000000003 113.15279981972377 1.9295945405208808 14.543600000000001 27.500000000000004 1.4517547595371616 19.500000000000004 92.324632450654533
decision_type=2 2 2 2 2 2 2 2 2 2 2 2 2 2 2 2 2 2 2 2 2 2 2 2 2 2 2 2 2 2
left_child=1 -1 3 5 -4 6 7 -2 9 10 14 12 13 -12 15 16 -6 18 20 -20 21 22 23 24 27 -26 -27 -17 29 -29
right_child=2 -3 4 -5 8 -7 -8 -9 -10 -11 11 -13 -14 -15 -16 17 -18 -19 19 -21 -22 -23 -24 -25 25 26 -28 28 -30 -31
leaf_value=-0.0001046445798942841 -0.00086593937171635109 -0.00084634514414190683 0.0011627681324573303 0.0098965872131370255 -0.00043604597474988793 -0.00051454803367683159 -0.0032486565399025835 0.0025724711619612606 -0.0009210139306708243 0.00029191663870051346 -0.002535122259684215 -0.0060684250286831797 0.0036766674630078454 0.00090015359569520117 0.00057586618860312906 -1.0797255439456422e-05 0.0035519955004369307 0.0010868473310043213 -0.0025877182734683401 4.1846474554176892e-05 0.0034122484680537469 -0.0017113201776525245 -0.0043583157474284921 0.00038012418580848364 0.0064125613852873192 0.0010260372339274682 -0.00056375355392972897 -0.0051193978595588871 -0.020309638590966159 0.0043732542618707274
leaf_weight=29 26 21 25 21 20 22 20 21 44 34 21 21 20 21 23 8883 23 30 27 25 24 20 31 23 23 29 51 26 29 27
leaf_count=29 26 21 25 21 20 22 20 21 44 34 21 21 20 21 23 8883 23 30 27 25 24 20 31 23 23 29 51 26 29 27
internal_value=-0.00015735 -0.0128 -9.15713e-05 -0.00581818 -2.52632e-05 -0.0103371 -0.00537313 0.000851064 -7.17678e-05 -2.96893e-05 -8.08769e-05 -0.00722892 -0.00129032 -0.00952381 -1.71784e-05 -5.59681e-05 0.0102326 -0.000103806 -0.000138859 -0.00923077 -8.72791e-05 -0.000131262 -9.64701e-05 -5.71994e-05 -9.70446e-05 0.00582524 0.001 -0.000165086 -0.00780488 0.00226415
internal_weight=9660 50 9610 110 9500 89 67 47 9475 9431 9397 83 62 42 9314 9291 43 9248 9218 52 9166 9142 9122 9091 9068 103 80 8965 82 53
internal_count=9660 50 9610 110 9500 89 67 47 9475 9431 9397 83 62 42 9314 9291 43 9248 9218 52 9166 9142 9122 9091 9068 103 80 8965 82 53
is_linear=0
shrinkage=0.08


Tree=196
num_leaves=31
num_cat=0
split_feature=25 1 13 33 7 4 25 25 39 2 25 5 33 25 29 31 21 4 33 5 6 25 19 31 27 31 13 5 7 21
split_gain=1.25193 0.809491 0.575159 0.591585 0.549993 1.0411 0.723066 0.782343 0.738564 0.76776 0.651403 0.60202 0.876923 2.44286 1.49118 1.37619 0.588269 1.52988 1.0751 0.948536 0.819753 1.00833 0.69114 0.661227 0.806751 0.742421 0.702671 0.631439 1.41661 1.4699
threshold=12.978900000000001 21.500000000000004 9.6461500000000004 4.5333999999999994 18.716592500000004 40.500000000000007 22.248450000000002 20.213250000000006 75.143283985082761 2.5000000000000004 14.413900000000002 14.103580000000003 0.065850000000001088 14.230700000000001 13.950650000000001 14.066000000000001 13.884750000000002 30.500000000000004 -0.075950000000000614 14.134390000000002 2.983717609755606 16.867950000000004 13.818850000000003 13.818850000000003 20.384450000000005 19.533250000000006 17.149950000000004 14.127790000000003 14.122820000000001 13.950650000000001
decision_type=2 2 2 2 2 2 2 2 2 2 2 2 2 2 2 2 2 2 2 2 2 2 2 2 2 2 2 2 2 2
left_child=1 -1 -2 4 6 -6 7 8 9 -4 -11 12 13 15 -14 -10 17 19 -19 -13 22 -22 -18 -24 25 27 -27 -25 -29 -30
right_child=2 -3 3 -5 5 -7 -8 -9 11 10 -12 16 14 -15 -16 -17 20 18 -20 -21 21 -23 23 24 -26 26 -28 28 29 -31
leaf_value=-9.6273013502639062e-05 -0.0010129488142283094 -0.00077863753261055992 0.0010697466818606926 0.0005181627819504797 -0.00066234803181203011 0.0013360970304819376 -0.00052968948254459745 0.00058903306459171748 -5.7687872848788403e-05 0.00061116362291627983 -0.0029555503000455018 -5.2481418893535196e-05 0.00028336453005344708 -0.0019268632353766435 -0.0016239031680672868 0.0035080316651047382 -0.0013252129502976117 -0.00042737799315744951 0.0040080048913571885 -0.0019586431298095875 0.0010111465112920826 0.0040173361733469191 0.0017592153877386352 0.00019456759587669126 -0.00055891469337780112 0.00053726801828346993 -1.387200415905454e-06 -0.00088639508839349901 0.00043333055867577741 -1.5153159954763851e-05
leaf_weight=29 21 21 21 21 37 27 22 39 35 23 24 21 20 20 34 21 36 27 26 34 20 40 38 309 25 21 20 125 56 8447
leaf_count=29 21 21 21 21 37 27 22 39 35 23 24 21 20 20 34 21 36 27 26 34 20 40 38 309 25 21 20 125 56 8447
internal_value=-0.000173913 -0.0128 -0.000108221 -7.92575e-05 -0.000108696 -0.0075 -5.89226e-05 -2.53111e-05 -7.2011e-05 0.00823529 0.00255319 -0.000132267 -0.00553846 0 -0.0133333 0.00857143 -5.62466e-05 -0.00592593 0.00377358 -0.0152727 1.31334e-05 0.00933333 -4.84742e-05 -4.42429e-06 -4.88726e-05 -8.91067e-06 0.0107317 -5.81851e-05 -0.000185443 -6.11549e-05
internal_weight=9660 50 9610 9589 9568 64 9504 9482 9443 68 47 9375 130 76 54 56 9245 108 53 55 9137 60 9077 9041 9003 8978 41 8937 8628 8503
internal_count=9660 50 9610 9589 9568 64 9504 9482 9443 68 47 9375 130 76 54 56 9245 108 53 55 9137 60 9077 9041 9003 8978 41 8937 8628 8503
is_linear=0
shrinkage=0.08


Tree=197
num_leaves=31
num_cat=0
split_feature=25 4 4 17 7 27 29 13 7 15 13 19 31 19 15 8 27 29 13 33 29 23 6 39 8 21 21 8 13 29
split_gain=0.830919 1.06282 1.18666 0.725184 0.525721 1.33579 1.14725 2.76752 2.00974 1.84571 2.05714 1.70667 1.57143 1.57003 1.55816 1.49272 1.30561 1.41153 1.10571 1.33958 1.13512 1.06778 0.996177 2.36381 1.05384 1.54114 1.52384 1.14469 0.974294 1.64126
threshold=13.818850000000003 42.500000000000007 19.500000000000004 9.6461500000000004 18.078626666666672 17.993150000000004 17.846600000000006 18.449000000000002 17.953845833333336 17.501900000000003 17.133600000000005 15.4565 18.042600000000004 18.356750000000002 17.887500000000003 0.24955724639976332 16.964700000000004 18.356750000000002 18.449000000000002 -0.2012499999999999 18.042600000000004 18.314050000000005 0.27441155743386619 98.353452428746863 0.24875086881612732 18.158950000000001 17.955650000000002 0.22998470774017118 18.120150000000006 17.911800000000003
decision_type=2 2 2 2 2 2 2 2 2 2 2 2 2 2 2 2 2 2 2 2 2 2 2 2 2 2 2 2 2 2
left_child=1 2 -1 -2 6 18 8 9 -5 10 11 -8 -10 14 -11 -15 -13 -18 19 20 -6 -20 24 -24 26 -26 27 -21 -7 -30
right_child=3 -3 -4 4 5 28 7 -9 12 13 -12 16 -14 15 -16 -17 17 -19 21 22 -22 -23 23 -25 25 -27 -28 -29 29 -31
leaf_value=-0.00038335411222988113 0.00011046951799393413 -0.001261475807483805 0.00015510739624453152 9.7690964332741713e-06 -0.00097584914064754004 -5.5809026573001578e-05 -0.00098518115495451744 -0.0021675469985751763 -0.01144808222832296 0.0043251315608989673 -0.0025418381029982131 -0.00033843210071680122 -0.00030769639217595571 -0.0018576361240690176 0.0013435495755264525 0.00057581432124706564 0.0062026900007143126 0.00019119696040917233 0.0098645050969965106 0.0040664730901237081 -0.0028014631763515754 -0.0003693648099218194 0.00031335943336884497 -0.0016416713936982319 -0.0032546796586666459 0.0046624260162447233 -0.00068190986315798342 -0.0010927883178467825 -0.00034530117639519631 0.00060865560734569613
leaf_weight=29 22 20 38 8212 29 333 20 35 28 38 42 24 22 21 118 30 21 55 20 28 46 25 22 23 20 26 106 24 73 110
leaf_count=29 22 20 38 8212 29 333 20 35 28 38 42 24 22 21 118 30 21 55 20 28 46 25 22 23 20 26 106 24 73 110
internal_value=-3.31263e-05 -0.00781609 -0.00298507 3.76058e-05 4.18804e-06 -0.00185311 0.000193861 0.00435644 -9.68289e-06 0.00639566 0 0.00533333 -0.016 0.011401 0.0153846 -0.000784314 0.0096 0.0147368 -0.00552846 -0.00716049 -0.0165333 0.00622222 -0.00433735 -0.0151111 -0.00196078 0.00869565 -0.00506329 0.00615385 0.000775194 0.00546448
internal_weight=9660 87 67 9573 9551 885 8666 404 8262 369 162 120 50 207 156 51 100 76 369 324 75 45 249 45 204 46 158 52 516 183
internal_count=9660 87 67 9573 9551 885 8666 404 8262 369 162 120 50 207 156 51 100 76 369 324 75 45 249 45 204 46 158 52 516 183
is_linear=0
shrinkage=0.08


Tree=198
num_leaves=31
num_cat=0
split_feature=25 25 4 4 29 27 21 23 7 31 21 25 33 25 19 27 39 31 31 15 33 27 6 23 29 4 29 4 31 6
split_gain=0.806507 0.650089 0.696732 1.18666 0.580219 0.663167 1.68418 0.61483 0.691675 1.2103 0.98648 0.969351 0.579614 0.719119 0.648139 0.594703 1.0229 1.40942 1.34661 0.982588 2.01026 1.0574 1.62804 0.941277 0.957704 2.32174 1.83522 1.61581 1.43357 2.38022
threshold=22.248450000000002 13.818850000000003 42.500000000000007 19.500000000000004 9.6461500000000004 20.808800000000002 21.067900000000005 20.213250000000006 18.716592500000004 20.808800000000002 18.042600000000004 19.979150000000001 -4.6574999999999998 19.274100000000001 12.978900000000001 18.197700000000005 98.353452428746863 18.243650000000006 17.911800000000003 17.846600000000006 -0.16415000000000021 18.449000000000002 0.21871697942429766 18.681650000000001 17.325350000000004 10.500000000000002 17.343850000000003 15.500000000000002 15.294250000000002 0.31083398291248526
decision_type=2 2 2 2 2 2 2 2 2 2 2 2 2 2 2 2 2 2 2 2 2 2 2 2 2 2 2 2 2 2
left_child=1 2 3 -1 -3 6 7 8 9 11 -10 12 -6 14 -14 23 17 19 -18 20 -17 22 -21 24 -16 -26 -27 -28 -29 -30
right_child=-2 4 -4 -5 5 -7 -8 -9 10 -11 -12 -13 13 -15 15 16 18 -19 -20 21 -22 -23 -24 -25 25 26 27 28 29 -31
leaf_value=-0.00035268578325144519 -0.00037117183715395185 0.002210224479701566 -0.0011605577428849755 0.00014269880454499174 0.00041073064781286915 -0.00068671000981609606 0.00089470507974425577 0.00024360015630861653 0.0010893244941541981 0.00014147478833905324 -0.00079404287414220676 0.0014950771332684098 -0.0010469843926554745 -0.0022438610466775089 1.336136944260602e-05 -0.003305877104387065 0.00057496726766530064 0.0023926603538328094 -0.00047197832785769836 -0.00053459995065225036 0.00075915079570819442 -3.4243616122466845e-05 0.0035405841381364669 0.0025874946925861764 -0.0014496657006378656 -0.0022244388366607381 0.0015301223421241162 0.021900612550447108 3.7773481329850256e-06 -0.0011221242086381267
leaf_weight=29 25 21 20 38 28 38 25 33 22 25 30 21 31 22 7639 26 32 25 69 37 39 56 64 33 240 26 109 20 719 118
leaf_count=29 25 21 20 38 28 38 25 33 22 25 30 21 31 22 7639 26 32 25 69 37 39 56 64 33 240 26 109 20 719 118
internal_value=-4.96894e-05 -1.24546e-05 -0.00689655 -0.00298507 5.02723e-05 2.0993e-05 6.32311e-05 8.45309e-06 -2.96893e-05 2.13242e-05 -0.00923077 -2.56575e-05 -6.4288e-05 -9.88716e-05 -6.46343e-05 -2.59403e-05 0.00321839 0.0059919 -0.00356436 0.00396396 -0.00430769 0.00738854 0.0122772 -0.00015274 -0.000202908 -0.00227273 -0.000564516 0 -0.00116686 -0.00167264
internal_weight=9660 9635 87 67 9548 9527 9489 9464 9431 9379 52 9354 9333 9305 9283 9252 348 247 101 222 65 157 101 8904 8871 1232 992 966 857 837
internal_count=9660 9635 87 67 9548 9527 9489 9464 9431 9379 52 9354 9333 9305 9283 9252 348 247 101 222 65 157 101 8904 8871 1232 992 966 857 837
is_linear=0
shrinkage=0.08


Tree=199
num_leaves=31
num_cat=0
split_feature=25 25 1 17 6 23 31 39 23 33 21 8 4 4 6 25 31 13 6 6 6 8 29 33 15 1 7 19 1 6
split_gain=0.804646 0.719381 0.729097 0.595241 0.699706 0.542891 1.52913 1.47181 0.685335 1.52113 1.6 0.917397 0.570122 4.22224 2.36526 1.77164 1.44055 1.33492 0.96 1.23599 0.850225 0.821018 2.09516 1.02339 0.810126 1.59152 2.22619 1.5005 1.37901 1.09394
threshold=22.248450000000002 12.978900000000001 21.500000000000004 12.978900000000001 3.4076744968234549 13.851850000000002 14.082400000000002 77.382816327445269 13.917650000000002 0.065850000000001088 14.197750000000001 0.19999328062402463 44.500000000000007 45.500000000000007 0.22070349802433556 15.4565 20.384450000000005 14.593050000000002 0.24191971650061408 0.28780375698079025 0.15479912121725928 0.19306714410363984 14.543600000000001 -0.074599999999998431 13.983600000000001 3.5000000000000004 14.120073333333336 13.950650000000001 13.500000000000002 0.23300949548883429
decision_type=2 2 2 2 2 2 2 2 2 2 2 2 2 2 2 2 2 2 2 2 2 2 2 2 2 2 2 2 2 2
left_child=1 2 -1 -3 5 6 -5 -8 9 11 -11 -7 16 14 15 17 20 -14 -16 -20 21 22 -10 -23 25 29 -27 -28 -29 -22
right_child=-2 3 -4 4 -6 8 7 -9 12 10 -12 -13 13 -15 18 -17 -18 -19 19 -21 24 23 -24 -25 -26 26 27 28 -30 -31
leaf_value=-8.113652274346351e-05 -0.00034147809018151068 0.00032410514230846844 -0.00074017102606489978 0.00098027396282809312 0.018266406077420499 0.0020965387847033412 -0.0032913310328250133 -3.8773943803036561e-05 -0.00074851378473567826 -0.0018825018288263352 0.00019769836943162034 0.0010275827999964805 0.0015239193113261963 1.2230071434800039e-05 0.0072380294426253045 0.0056104949107175627 -0.0031739333578915565 -0.0011664114864919383 0.0023882462938968276 0.0054641950576792908 0.0023505906554650837 0.0010975674893921904 0.0048231220500935023 -0.0027044774640384616 -2.6647644532573622e-05 0.0028252290844343266 0.00012453301399830251 -0.0021747275047496119 -0.0051739340848018147 -0.0011847873187169711
leaf_weight=29 25 42 21 24 36 22 23 30 27 20 20 21 24 2188 25 33 24 21 29 21 33 21 37 36 6640 22 32 78 34 22
leaf_count=29 25 42 21 24 36 22 23 30 27 20 20 21 24 2188 25 33 24 21 29 21 33 21 37 36 6640 22 32 78 34 22
internal_value=-6.62526e-05 -2.90607e-05 -0.0096 2.08659e-05 -2.09578e-05 -6.31114e-05 -0.00675325 -0.0143396 -8.48356e-06 0.00722892 -0.004 0.0176744 -7.27506e-05 0.00100812 0.0138562 0.00410256 -0.000433914 -0.00622222 0.024 0.0176 -0.000366657 0.00628099 0.0125 -0.000701754 -0.000483894 -0.00524887 -0.00915663 -0.0127778 -0.0171429 0.00654545
internal_weight=9660 9635 50 9585 9543 9507 77 53 9430 83 40 43 9347 2341 153 78 7006 45 75 50 6982 121 64 57 6861 221 166 144 112 55
internal_count=9660 9635 50 9585 9543 9507 77 53 9430 83 40 43 9347 2341 153 78 7006 45 75 50 6982 121 64 57 6861 221 166 144 112 55
is_linear=0
shrinkage=0.08


Tree=200
num_leaves=31
num_cat=0
split_feature=25 23 27 13 4 15 25 15 21 21 15 6 6 17 29 7 29 25 15 19 8 31 4 33 39 31 4 33 31 31
split_gain=0.80837 0.719979 1.55291 2.17425 1.12158 0.705683 1.52143 1.6045 1.43478 1.38386 1.71961 1.70851 3.02609 1.32202 1.36802 1.52912 1.31298 1.30055 1.27419 1.34451 1.55974 1.34301 1.23051 1.16456 2.17779 1.10592 1.0915 1.08943 1.27637 1.06522
threshold=22.248450000000002 13.851850000000002 16.852650000000001 15.105100000000002 19.500000000000004 14.18125 13.884750000000002 14.043850000000001 13.950650000000001 14.131850000000002 14.066000000000001 0.19520982906432963 0.17595156259965689 14.260600000000002 14.153300000000002 14.131361666666669 14.153300000000002 14.000100000000002 14.131850000000002 13.917650000000002 0.18781611751209631 14.413900000000002 28.500000000000004 0.16420000000000015 79.111473196783734 14.09895 49.500000000000007 -0.22989999999999974 14.09895 14.066000000000001
decision_type=2 2 2 2 2 2 2 2 2 2 2 2 2 2 2 2 2 2 2 2 2 2 2 2 2 2 2 2 2 2
left_child=1 2 3 4 -1 6 7 -3 13 10 11 12 29 14 -8 -16 25 -11 19 -19 -21 27 -12 -23 -25 -13 -24 -22 -29 -10
right_child=-2 5 -4 -5 -6 -7 8 -9 9 17 22 16 -14 -15 15 -17 -18 18 -20 20 21 23 26 24 -26 -27 -28 28 -30 -31
leaf_value=-0.0024756028418300249 -0.00031415984296700116 -3.6242317814227934e-05 0.011768040154288145 -0.0008309851310592365 8.7333834996599084e-05 -1.4126875943176742e-05 -0.00045365386822894039 0.0010353583115245613 0.0010972068274880088 -0.00053999599697760912 -0.0032294502245356683 0.00060722769708291939 -0.0057961168760722612 0.0020700540521154664 0.00070475189860118802 -0.0016440322907312322 -6.8393771969681437e-05 0.001803184256921213 0.0010286902348174466 0.0015402591904438623 0.00031163084520485995 -0.00018542085900520534 0.00052946692897450022 0.0021112741593842087 -0.0013026995137431642 0.0044795795158156437 -0.0021981035670233951 -0.0045173613161804838 -0.00012581954920349859 -0.00064284809783970336
leaf_weight=20 25 34 21 22 51 8650 33 43 23 79 37 21 45 33 27 20 38 43 51 55 33 37 31 21 22 20 23 30 49 23
leaf_count=20 25 34 21 22 51 8650 33 43 23 79 37 21 45 33 27 20 38 43 51 55 33 37 31 21 22 20 23 30 49 23
internal_value=-3.31263e-05 4.15153e-06 -0.00631579 -0.0107527 -0.00394366 7.98235e-05 0.00225029 0.012987 0.00120907 -0.000176211 -0.00475096 0 -0.00747253 0.00955752 0.004 0.012766 0.00860759 0.00266667 0.00480938 0.00275862 0.00048583 -0.00291667 -0.0136264 0.005 0.0139535 0.0185366 -0.00592593 -0.00857143 -0.0136709 0.00695652
internal_weight=9660 9635 114 93 71 9521 871 77 794 681 261 170 91 113 80 47 79 420 341 290 247 192 91 80 43 41 54 112 79 46
internal_count=9660 9635 114 93 71 9521 871 77 794 681 261 170 91 113 80 47 79 420 341 290 247 192 91 80 43 41 54 112 79 46
is_linear=0
shrinkage=0.08


Tree=201
num_leaves=31
num_cat=0
split_feature=23 19 17 25 33 33 7 13 19 19 4 13 5 1 6 1 29 15 33 13 25 23 23 19 39 6 29 8 25 31
split_gain=0.850357 1.46503 1.71147 0.804582 0.675176 0.9 0.510255 1.16142 2.04708 1.74001 1.68752 1.64981 1.44817 1.97589 1.64925 1.21009 1.17405 1.16747 1.14999 1.74326 1.13315 1.61 1.521 1.27914 1.05721 1.20785 1.70541 1.26654 1.25451 1.24805
threshold=13.851850000000002 17.008900000000004 15.019750000000002 22.248450000000002 0.09850000000000049 -0.1033999999999997 18.078626666666672 17.791300000000003 17.656400000000001 18.275250000000003 28.500000000000004 17.462750000000003 18.096390000000003 7.5000000000000009 0.27772696270039399 19.500000000000004 17.488600000000002 17.993150000000004 -0.58400000000000041 18.605250000000002 15.515000000000002 17.133600000000005 18.042600000000004 17.911800000000003 97.399673206092061 0.27101768935776094 18.158950000000001 0.22628109289399398 18.042600000000004 18.042600000000004
decision_type=2 2 2 2 2 2 2 2 2 2 2 2 2 2 2 2 2 2 2 2 2 2 2 2 2 2 2 2 2 2
left_child=1 2 4 6 5 -1 7 8 -2 11 -11 15 13 14 -9 -10 -12 -14 19 -8 -15 -22 -23 -24 25 26 27 -20 -28 -29
right_child=3 -3 -4 -5 -6 -7 18 12 9 10 16 -13 17 20 -16 -17 -18 -19 24 -21 21 22 23 -25 -26 -27 28 29 -30 -31
leaf_value=8.9754104161912096e-05 1.5115169542809781e-05 0.0020867539701873738 -0.0023273835055056223 -0.00028902705552951601 0.0010820049455756476 -0.0030030714210010955 0.0030404236160097753 0.004632854859968916 -0.0061380554089015505 0.0039954631246138204 -0.0014560225130236405 8.2294266625524415e-05 -0.0021059695373631371 0.00063858439666333313 0.0036520342661316364 -0.0019029110387519667 0.00051038861172486355 1.6823764840978584e-05 0.0031314307252631578 -0.00036188008446501384 -0.0021649752340617569 0.0006692085038557139 0.0016912867543567246 -0.0038490530098516731 -5.0934627224847876e-05 0.00050594216562274143 -0.0025709864049468932 -0.0011627227396871832 -0.0053158527395805776 0.0019834734241196373
leaf_weight=20 8039 32 21 25 21 20 31 34 38 25 27 27 31 31 67 36 25 81 21 26 33 87 25 36 626 35 41 55 22 22
leaf_count=20 8039 32 21 25 21 20 31 34 38 25 27 27 31 31 67 36 25 81 21 26 33 87 25 36 626 35 41 55 22 22
internal_value=-0.000149068 -0.00701754 -0.0126829 -6.70438e-05 -0.00590164 -0.012 -2.94087e-05 0.000157371 -5.35475e-05 -0.00853933 0.000519481 -0.0154455 0.00423529 0.00702875 0.0162376 -0.0216216 -0.00769231 -0.00357143 -0.00186576 0.00912281 0.00264151 0.000220994 0.00378378 -0.00590164 -0.00262774 -0.0077551 -0.0106832 -0.00408163 -0.0209524 -0.00883117
internal_weight=9660 114 82 9546 61 40 9521 8642 8217 178 77 101 425 313 101 74 52 112 879 57 212 181 148 61 822 196 161 98 63 77
internal_count=9660 114 82 9546 61 40 9521 8642 8217 178 77 101 425 313 101 74 52 112 879 57 212 181 148 61 822 196 161 98 63 77
is_linear=0
shrinkage=0.08


Tree=202
num_leaves=31
num_cat=0
split_feature=23 19 17 4 25 25 29 21 21 29 17 7 39 7 15 39 5 8 33 33 15 27 6 6 31 33 5 19 25 27
split_gain=0.852409 1.0039 1.8852 0.993236 0.805523 0.731064 0.653685 1.80572 0.775956 0.990542 0.66571 0.638183 1.11739 1.59736 1.20226 1.16336 2.11413 2.57846 1.00604 1.11503 0.999475 1.34895 2.97259 1.18543 1.9739 1.02725 0.999011 1.80767 2.06118 1.39195
threshold=13.851850000000002 17.008900000000004 15.019750000000002 25.500000000000004 22.248450000000002 21.067900000000005 20.808800000000002 21.067900000000005 19.787800000000001 19.315350000000006 17.155700000000007 18.078626666666672 95.808319218008066 17.91895833333334 19.011950000000002 97.638118011755765 18.058843333333339 0.5471141559193089 -1.0000000180025095e-35 0.48299999999999882 17.110850000000003 17.993150000000004 0.245903857081512 0.23408787458331928 18.243650000000006 0.037950000000000379 17.462610000000005 17.656400000000001 16.775850000000002 17.155700000000007
decision_type=2 2 2 2 2 2 2 2 2 2 2 2 2 2 2 2 2 2 2 2 2 2 2 2 2 2 2 2 2 2
left_child=1 2 3 -1 5 6 7 8 9 11 -11 12 13 14 26 16 18 -18 -14 -20 -17 23 -23 -22 25 -25 27 -2 -29 -30
right_child=4 -3 -4 -5 -6 -7 -8 -9 -10 10 -12 -13 15 -15 -16 20 17 -19 19 -21 21 22 -24 24 -26 -27 -28 28 29 -31
leaf_value=-0.0010658900003758021 8.6333037540953224e-06 0.0019198136525723443 -0.0021411928250651613 0.00018075523598326982 -0.000265904891087132 0.00086925010462366001 -0.0011286368855181195 0.0007313646686846198 -0.0022171985088999691 0.0038327871837022087 0.00010562032954112511 -0.00010633565491261266 0.0041961054995329049 -0.0070436651500318708 -0.00426778546720243 -0.0017231604646394771 -0.0012818657756665174 0.0027075239311278665 -0.00040177919042392322 0.0062028403320138637 -0.0012735069095495533 0.0017648986494648966 -0.0007491489687956232 0.0029189633629155766 0.0059455847104860028 4.6536890567239202e-06 0.00059313121732685659 0.00043219080547544312 -0.0059192039102563855 -0.001830104284553471
leaf_weight=22 7841 32 21 39 25 22 38 20 32 22 21 848 43 35 30 65 47 21 28 46 21 29 49 35 22 62 64 21 21 38
leaf_count=22 7841 32 21 39 25 22 38 20 32 22 21 848 43 35 30 65 47 21 28 46 21 29 49 35 22 62 64 21 21 38
internal_value=-0.000140787 -0.00701754 -0.0117073 -0.00459016 -5.86633e-05 -2.10062e-05 -5.47426e-05 -1.26836e-05 -6.35526e-05 -2.12562e-05 0.012093 -7.68738e-05 0.000131486 -8.9441e-05 -1.49719e-05 0.00393162 0.00886486 -0.00235294 0.0153846 0.00972973 0.000706714 0.00330275 -0.00512821 0.008 0.0110924 0.00618557 4.50845e-05 -3.53491e-05 -0.012 -0.019661
internal_weight=9660 114 82 61 9546 9521 9499 9461 9441 9409 43 9366 8518 8050 8015 468 185 68 117 74 283 218 78 140 119 97 7985 7921 80 59
internal_count=9660 114 82 61 9546 9521 9499 9461 9441 9409 43 9366 8518 8050 8015 468 185 68 117 74 283 218 78 140 119 97 7985 7921 80 59
is_linear=0
shrinkage=0.08


Tree=203
num_leaves=31
num_cat=0
split_feature=25 23 27 17 4 4 23 13 8 13 33 6 23 6 17 15 8 31 17 4 15 15 19 13 21 19 39 7 6 15
split_gain=0.800004 0.713153 1.61333 0.548723 0.594282 6.30162 2.37056 2.77999 1.63043 1.143 1.0789 1.2122 1.44673 1.14337 1.48857 1.2004 1.06755 1.47033 2.34482 1.75425 2.15574 2.67959 2.25552 1.93256 1.53877 1.39076 1.33461 2.0141 2.35918 1.51822
threshold=22.248450000000002 12.978900000000001 16.852650000000001 12.978900000000001 14.500000000000002 15.500000000000002 14.4777 16.191350000000003 0.23684175548650863 15.355800000000002 -0.62795000000000012 0.23347874739412655 18.556400000000004 1.2556854237668438 18.449000000000002 16.247550000000004 0.19861217915960236 16.929950000000002 17.306200000000004 9.5000000000000018 15.444000000000001 15.249300000000002 15.515000000000002 14.395400000000002 16.775850000000002 16.717400000000001 91.222674871002326 17.064230833333337 0.25178008375374289 18.243650000000006
decision_type=2 2 2 2 2 2 2 2 2 2 2 2 2 2 2 2 2 2 2 2 2 2 2 2 2 2 2 2 2 2
left_child=1 2 -1 -3 10 6 -6 9 -9 -8 -5 -12 13 14 16 -15 -13 18 19 20 21 23 -22 -18 -21 -24 -19 28 -28 -29
right_child=-2 3 -4 4 5 -7 7 8 -10 -11 11 12 -14 15 -16 -17 17 26 -20 24 22 -23 25 -25 -26 -27 27 29 -30 -31
leaf_value=-0.0010356114375042579 -0.00024463249980016143 0.00013219482883044975 0.014708416634598223 0.00063687579975493238 0.0087446372422363087 -4.4408840043530519e-06 0.003976154027455223 0.006670025889458771 0.011686379013067879 -0.00050594859987654675 -2.3444577104072553e-05 -0.0022437966438602786 0.0071143343226603411 -0.00043958680775659789 0.0055657182446796584 -0.0012004743052139589 -0.005625278595220635 0.0013256077272448153 0.0049974572011595346 -0.0030454082578705056 0.0054999134612977235 -0.0091168980698745367 -0.00021275796104347933 0.0013846985356772733 -0.0058888198196621038 0.0030741267166759199 -0.0069877296231868518 -6.5481166661811581e-05 -0.00087914032416506419 -0.0016353825194099158
leaf_weight=30 25 46 20 125 28 6990 30 23 46 33 1486 22 23 20 21 36 23 22 27 70 24 25 71 49 23 46 35 143 63 35
leaf_count=30 25 46 20 125 28 6990 30 23 46 33 1486 22 23 20 21 36 23 22 27 70 24 25 71 49 23 46 35 143 63 35
internal_value=-0.00010766 -7.0576e-05 -0.0096 -2.08659e-05 -6.28997e-05 0.000302098 0.016 0.0115152 0.0226087 -0.000634921 -0.0011553 -0.00155477 -0.00411311 -0.00471523 -0.00383405 -0.0157143 -0.00448378 -0.00390244 -0.000446927 -0.00229607 0.00134454 -0.00783505 0.00765957 0 -0.0116129 0.00307692 -0.00805369 -0.00956522 -0.0187755 -0.00449438
internal_weight=9660 9635 50 9585 9539 7150 160 132 69 63 2389 2264 778 755 699 56 678 656 358 331 238 97 141 72 93 117 298 276 98 178
internal_count=9660 9635 50 9585 9539 7150 160 132 69 63 2389 2264 778 755 699 56 678 656 358 331 238 97 141 72 93 117 298 276 98 178
is_linear=0
shrinkage=0.08


Tree=204
num_leaves=31
num_cat=0
split_feature=25 19 19 23 17 5 33 8 33 5 8 7 19 27 5 4 39 33 21 15 7 31 29 19 23 27 27 7 23 17
split_gain=0.806507 0.492136 0.898699 0.812535 0.76447 0.613791 1.40618 1.62751 1.02296 1.1504 1.01611 0.987574 1.53554 1.05513 1.488 0.968048 1.5489 1.86157 1.20149 1.09336 1.07467 1.18257 0.777351 0.775758 0.680214 1.45257 1.72207 1.42139 1.35147 2.57772
threshold=22.248450000000002 19.979150000000001 22.248450000000002 12.978900000000001 18.894150000000003 18.096390000000003 -0.64520000000000077 0.22357233039056149 -0.48870000000000141 18.099103333333336 0.24121532617081695 18.106130833333335 17.887500000000003 17.993150000000004 18.128603333333334 35.500000000000007 97.842033181935662 0.36114999999999947 17.887500000000003 18.478250000000003 18.07695166666667 18.197700000000005 18.042600000000004 17.993150000000004 15.662100000000001 15.045750000000002 14.148300000000001 15.139452500000003 15.971400000000001 15.625350000000003
decision_type=2 2 2 2 2 2 2 2 2 2 2 2 2 2 2 2 2 2 2 2 2 2 2 2 2 2 2 2 2 2
left_child=1 3 4 -1 -3 24 23 -8 -9 10 -10 15 -13 -14 -15 19 18 22 -17 20 -11 -22 -18 -7 -5 26 -26 -27 29 -29
right_child=-2 2 -4 5 -6 6 7 8 9 11 -12 12 13 14 -16 16 17 -19 -20 -21 21 -23 -24 -25 25 27 -28 28 -30 -31
leaf_value=-0.0009527625225038605 -0.0002250618998161258 2.9548223822075669e-05 -0.00051410792195198955 -4.1760932358201332e-05 0.0015956821190636107 -0.00096507432688738956 -0.00058094351181281923 0.0016570224941830248 9.2630111218454665e-05 -0.00080608517506163934 -0.0021808509634632855 -0.0015186848796005848 0.0021900345462273663 -0.0019873027135062669 3.1934669976578789e-05 -9.4483464451116113e-05 -0.0032142090223914012 0.00059631902730671981 0.0044403861121267594 -0.00076869189631409538 0.0061200987480327738 0.00023846729808866486 -0.00029026878140527403 -0.00015617976768780295 3.0946547347028288e-05 -0.0056082540045741779 0.0030570440881726312 8.3018429358077124e-05 2.3592476209017834e-05 0.0020127279118444365
leaf_weight=44 25 25 20 4556 29 20 36 21 21 20 33 24 33 26 41 29 23 21 33 22 47 29 20 24 40 38 27 319 3832 182
leaf_count=44 25 25 20 4556 29 20 36 21 21 20 33 24 33 26 41 29 23 21 33 22 47 29 20 24 40 38 27 319 3832 182
internal_value=-4.96894e-05 -1.24546e-05 0.00648649 -6.27549e-05 0.0118519 -1.2609e-05 -0.00267686 -0.00141962 -9.02935e-05 -0.000947867 -0.0118519 0.000652174 -0.00516129 -0.0008 -0.00656716 0.00360656 -0.00126984 -0.01 0.00774194 0.00881356 0.0125 0.0168421 -0.0195349 -0.0163636 0.000142317 0.000847228 0.0125373 0.000668039 0.000803139 0.00471058
internal_weight=9660 9635 74 9561 54 9517 523 479 443 422 54 368 124 100 67 244 126 64 62 118 96 76 43 44 8994 4438 67 4371 4333 501
internal_count=9660 9635 74 9561 54 9517 523 479 443 422 54 368 124 100 67 244 126 64 62 118 96 76 43 44 8994 4438 67 4371 4333 501
is_linear=0
shrinkage=0.08


Tree=205
num_leaves=31
num_cat=0
split_feature=19 21 31 31 1 23 33 33 5 27 33 15 21 33 6 6 25 7 8 19 23 13 5 7 8 5 21 21 23 33
split_gain=0.616577 1.12166 0.907647 1.75097 1.63256 0.893762 0.961198 1.18265 0.800435 1.63063 1.15727 2.20376 2.1351 1.61071 1.06571 1.23919 0.973715 1.52391 0.978997 0.861569 0.828959 0.882576 0.863789 0.721711 0.702671 0.692496 0.671299 1.86778 0.964541 0.625
threshold=18.556400000000004 19.886300000000002 16.867950000000004 17.384900000000005 18.500000000000004 17.955650000000002 0.080549999999998803 -0.29199999999999887 18.096390000000003 18.556400000000004 0.32200000000000101 17.993150000000004 18.158950000000001 0.24155000000000018 0.28780375698079025 0.27623286932212782 18.478250000000003 18.079632500000006 0.22268823414373259 17.911800000000003 18.275250000000003 18.042600000000004 18.104456666666671 18.084327500000004 0.24266856732989675 18.093710000000005 18.556400000000004 18.825550000000003 12.978900000000001 0.36429999999999924
decision_type=2 2 2 2 2 2 2 2 2 2 2 2 2 2 2 2 2 2 2 2 2 2 2 2 2 2 2 2 2 2
left_child=1 8 4 -4 -2 -5 7 -7 25 10 13 -12 -13 14 15 16 17 -10 -19 -11 21 22 -20 -16 -22 26 28 -28 -1 -8
right_child=2 -3 3 5 -6 6 29 -9 9 19 11 12 -14 -15 23 -17 -18 18 20 -21 24 -23 -24 -25 -26 -27 27 -29 -30 -31
leaf_value=-0.0013695978599497494 -5.1987319697843762e-05 -0.00044751383646172375 -0.0069549727229406243 0.0037254692743596252 0.0032596938668035592 0.00017393894925987752 0.0013328905044035367 -0.0035300143915560512 -0.0019986419872637384 -5.278916901545472e-06 0.0023128621566110043 0.00086291968502635538 -0.00071859003696914667 -0.0026449079361825058 -0.00039139248443689214 0.0041070281159028355 0.0030613670822158667 -0.0024524236128056032 -0.0023320270721882254 0.0020305078960339527 0.0006764600043709379 0.0003904866351595615 0.0003453574442670515 -0.00055504021164608729 -0.0012401000999918211 0.0013025503060279675 0.0024140231684690152 -0.00042635058141001994 2.30543249386983e-06 -0.00076332363967708268
leaf_weight=21 32 37 28 31 29 25 20 21 32 26 27 26 36 21 35 20 20 20 21 25 20 51 31 39 21 29 20 25 8851 20
leaf_count=21 32 37 28 31 29 25 20 21 32 26 27 26 36 21 35 20 20 20 21 25 20 51 31 39 21 29 20 25 8851 20
internal_value=-5.7971e-05 -0.000152316 0.00427184 0.000827586 0.012459 0.00512821 0.000930233 -0.00695652 -9.76957e-05 -0.0033121 -0.00495238 0.00314607 -0.00516129 -0.00712991 -0.00567742 -0.00305085 -0.00481481 -0.00653061 -0.00341463 0.0101961 -0.00111111 0.00271845 -0.00461538 -0.0140541 -0.0107317 7.15404e-05 3.14007e-05 0.00977778 -1.80343e-05 0.01
internal_weight=9660 9454 206 145 61 117 86 46 9417 471 420 89 62 331 310 236 216 196 164 51 144 103 52 74 41 8946 8917 45 8872 40
internal_count=9660 9454 206 145 61 117 86 46 9417 471 420 89 62 331 310 236 216 196 164 51 144 103 52 74 41 8946 8917 45 8872 40
is_linear=0
shrinkage=0.08


Tree=206
num_leaves=31
num_cat=0
split_feature=25 33 19 4 33 4 31 31 29 6 7 15 19 19 31 33 33 33 5 23 1 29 39 6 25 19 5 19 39 7
split_gain=0.642646 0.978184 1.65926 1.75044 0.912519 0.876064 1.27799 1.44352 2.18821 1.86825 1.07112 1.03779 0.99925 1.09394 0.937601 1.42141 1.27556 0.891299 1.17974 2.21877 1.71424 1.3174 0.753463 0.715925 0.626842 1.72471 2.21846 2.06098 3.09816 1.75762
threshold=18.087200000000003 -0.36229999999999934 18.894150000000003 27.500000000000004 -0.45184999999999936 40.500000000000007 18.642900000000001 17.955650000000002 18.158950000000001 0.21482485665727827 18.078626666666672 18.517300000000002 17.993150000000004 17.693600000000004 18.120150000000006 0.075950000000000642 0.20124999999999996 0.43799999999999978 18.107136666666673 18.042600000000004 10.500000000000002 17.993150000000004 96.744425792580628 0.31083398291248526 15.586 15.408500000000002 15.722116666666668 15.851650000000001 83.689232823875855 16.097125833333337
decision_type=2 2 2 2 2 2 2 2 2 2 2 2 2 2 2 2 2 2 2 2 2 2 2 2 2 2 2 2 2 2
left_child=24 2 3 23 22 6 7 8 9 -3 -9 12 13 -11 15 -12 -16 18 20 -20 -7 -22 -5 -2 25 -1 27 -27 -29 -28
right_child=1 5 -4 4 -6 17 -8 10 -10 11 14 -13 -14 -15 16 -17 -18 -19 19 -21 21 -23 -24 -25 -26 26 29 28 -30 -31
leaf_value=1.4749431486578147e-05 0.00036838830614527752 0.0043635970380674393 0.00041303507364673923 -0.0029612180512602038 -0.0027936457004028624 0.0041638470057232266 0.00030208872059546367 0.00037185139596687124 -0.0023150977538975328 0.00048686115580295566 -0.0024167034609497763 -0.00029499539956248102 0.0013491216911134529 -0.0018530751416162162 0.0011517376599377372 -0.0010805025306615335 -0.0035688698378648098 0.00081098499696253157 -0.0023457451874520532 0.00036014124426884562 -0.0049660516168428615 0.00050503374253821679 -0.00030057815180668969 -0.0010458935507470812 5.7249764205096197e-05 -0.00031351740957248354 0.00074686951505633205 0.00084009231073231658 -0.0032960356920266067 -0.00067141360032337612
leaf_weight=3402 23 23 30 22 20 44 27 32 35 33 32 22 23 22 26 21 38 25 21 30 22 36 20 20 4736 575 102 36 117 45
leaf_count=3402 23 23 30 22 20 44 27 32 35 33 32 22 23 22 26 21 38 25 21 30 22 36 20 20 4736 575 102 36 117 45
internal_value=-9.93789e-05 -0.00253478 -0.00859259 -0.0133333 -0.0219355 -0.0009375 -0.00335329 -0.00482085 0.000506329 0.00552846 -0.0104698 0.0008 0.00512821 -0.000727273 -0.0140171 -0.0218868 -0.0075 0.00359551 0.00130719 -0.00862745 0.00627451 -0.00275862 -0.0152381 -0.000930233 7.54466e-05 -0.000626607 -0.00379429 -0.0056044 -0.0138562 0.00517007
internal_weight=9660 647 135 105 62 512 334 307 158 123 149 100 78 55 117 53 64 178 153 51 102 58 42 43 9013 4277 875 728 153 147
internal_count=9660 647 135 105 62 512 334 307 158 123 149 100 78 55 117 53 64 178 153 51 102 58 42 43 9013 4277 875 728 153 147
is_linear=0
shrinkage=0.08


Tree=207
num_leaves=31
num_cat=0
split_feature=17 25 31 25 29 7 8 29 29 17 23 19 21 39 1 5 39 23 1 13 4 15 19 21 23 21 6 33 31 6
split_gain=0.724995 0.580185 1.58523 1.63857 1.13766 1.12879 1.48737 1.44292 1.05502 1.17841 0.831649 0.958919 0.705942 1.20044 0.767226 0.704614 0.946502 0.588727 0.852455 0.758587 0.565714 0.488876 1.21802 1.61218 2.15286 1.7329 1.50374 2.6799 2.82409 2.35918
threshold=12.978900000000001 18.356750000000002 17.791300000000003 19.979150000000001 17.993150000000004 17.02900416666667 0.23684175548650863 20.808800000000002 17.911800000000003 17.993150000000004 17.955650000000002 18.158950000000001 13.818850000000003 84.231375289660832 14.500000000000002 17.082570000000004 96.744425792580628 13.851850000000002 8.5000000000000018 14.131850000000002 33.500000000000007 15.550500000000001 15.408500000000002 15.763450000000002 16.029150000000005 15.662100000000001 0.22070349802433556 0.034449999999999655 15.656950000000002 0.27101768935776094
decision_type=2 2 2 2 2 2 2 2 2 2 2 2 2 2 2 2 2 2 2 2 2 2 2 2 2 2 2 2 2 2
left_child=20 12 3 15 8 -6 -7 10 9 -4 -8 -12 13 14 -2 -3 -17 18 -14 -20 -1 22 -19 24 25 26 -24 28 -28 -29
right_child=1 2 4 -5 5 6 7 -9 -10 -11 11 -13 17 -15 -16 16 -18 21 19 -21 -22 -23 23 -25 -26 -27 27 29 -30 -31
leaf_value=0.0018089100539863522 0.00024594400667723451 -0.0003415208787170343 0.00056128533924663774 0.00016664064953772595 -0.00016704064652600436 -0.00086601667170526752 0.00030676943426541928 -0.00057970047885490315 -0.0022570204438163446 -0.001381828714267499 0.0048915721832193523 0.00026358246719752285 0.00015540201429743662 -0.0007972422089389397 0.00085441520189831976 -0.0037180088829597935 -0.00049572125494137256 4.1919527126310644e-06 -0.0007912716051777835 -0.0019216396315820817 -4.4824823484148625e-05 4.3921093683820801e-05 -0.0014180023389370434 0.00030995199729751734 -0.0088216899139098356 -0.0025336562047346689 0.0029885748812559145 0.00016010382990657489 -0.00066394793924303027 -0.0074400394450115925
leaf_weight=28 22 21 39 31 21 33 32 24 28 23 24 35 31 28 29 21 31 3269 26 27 22 5082 287 168 23 52 85 63 20 35
leaf_count=28 22 21 39 31 21 33 32 24 28 23 24 35 31 28 29 21 31 3269 26 27 22 5082 287 168 23 52 85 63 20 35
internal_value=-8.28157e-06 -5.82726e-05 -0.00319559 -0.0115385 0.00015444 0.00402367 0.00648649 0.0107826 -0.00711111 -0.00129032 0.0153846 0.0210169 6.48859e-05 0.00759494 0.014902 -0.0180822 -0.0230769 0 -0.00666667 -0.0128302 0.0096 6.16469e-05 -0.0005997 -0.00354707 -0.00559292 -0.00457565 -0.00310204 0.00216749 0.0110476 -0.00734694
internal_weight=9660 9610 363 104 259 169 148 115 90 62 91 59 9247 79 51 73 52 9168 84 53 50 9084 4002 733 565 542 490 203 105 98
internal_count=9660 9610 363 104 259 169 148 115 90 62 91 59 9247 79 51 73 52 9168 84 53 50 9084 4002 733 565 542 490 203 105 98
is_linear=0
shrinkage=0.08


Tree=208
num_leaves=31
num_cat=0
split_feature=25 33 4 4 1 1 8 8 8 5 21 13 39 39 7 19 27 17 8 8 17 17 1 6 39 8 13 7 17 29
split_gain=0.724995 0.916364 0.545246 1.30861 0.998254 3.20822 0.985221 0.882316 0.86008 1.00571 0.912397 0.915751 0.777999 0.842133 1.76182 1.21753 1.77521 1.4913 1.08576 1.359 1.24053 1.107 0.925641 0.90469 1.37567 1.09197 0.922507 0.9 0.857143 0.767226
threshold=12.978900000000001 -1.0000000180025095e-35 55.500000000000007 54.500000000000007 1.5000000000000002 1.0000000180025095e-35 1.2965424702835662 1.7064975938968319 0.21264450830246548 14.628350000000003 16.9785 15.523850000000001 98.954322463543676 76.487220900015117 14.143480833333335 14.510650000000002 15.045750000000002 14.952100000000002 1.3588370419617404 0.27520924284777398 15.284800000000002 15.523850000000001 10.500000000000002 0.22222076110703093 85.331429661058039 0.23540509187572478 17.423700000000004 14.63271916666667 14.4777 16.929950000000002
decision_type=2 2 2 2 2 2 2 2 2 2 2 2 2 2 2 2 2 2 2 2 2 2 2 2 2 2 2 2 2 2
left_child=1 -1 3 -2 5 -4 8 12 9 -5 11 -10 13 -6 -15 28 17 27 19 20 -18 -22 -21 24 -23 -25 -27 -17 -16 -26
right_child=2 -3 4 6 7 -7 -8 -9 10 -11 -12 -13 -14 14 15 16 18 -19 -20 22 21 23 -24 25 29 26 -28 -29 -30 -31
leaf_value=-0.00039441292970991525 1.9156712685486356e-06 0.00013128657828815449 -0.00036124124637979096 -0.00028777160693614688 0.0023178103043199629 0.097050291957574905 -0.0019676264729465488 0.0029412735133553269 -0.0025851171948121985 -0.0058029655944295657 -0.001691914256319791 0.0022457409631742565 0.0024823642990705252 -0.0019179435271270506 4.7042549262243938e-05 -0.0025905346590221257 0.0024371258492817561 -0.0032511642631084213 -0.0071574628448269097 0.0007286058578159782 -0.0040738147703540048 -0.0003224093812885087 0.0040053386026602314 0.00026580479730931473 0.0027423117346003778 -0.00018804372173619299 -0.0044734503268674076 0.00046948284949472453 0.0092801027804294729 0.00053731114324136794
leaf_weight=22 8812 28 25 22 32 28 26 41 23 28 30 30 20 31 21 20 22 23 30 39 25 33 26 78 29 28 25 20 21 22
leaf_count=22 8812 28 25 22 32 28 26 41 23 28 30 30 20 31 21 20 22 23 30 39 25 33 26 78 29 28 25 20 21 22
internal_value=8.28157e-06 -0.0096 5.82726e-05 -0.000102553 0.00231612 0.0128302 -0.0072956 0.00136519 -0.00451128 -0.0128 0.000481928 0.00679245 0.000513761 -7.61905e-05 -0.000892495 0.00034632 -0.000952381 -0.0133333 0.00123249 0.00256881 0 -0.00166667 0.0129231 0.000186047 0.00666667 -0.00396947 -0.0128302 -0.004 0.0133333 0.014902
internal_weight=9660 50 9610 8971 639 53 159 586 133 50 83 53 545 525 493 462 420 63 357 327 262 240 65 215 84 131 53 40 42 51
internal_count=9660 50 9610 8971 639 53 159 586 133 50 83 53 545 525 493 462 420 63 357 327 262 240 65 215 84 131 53 40 42 51
is_linear=0
shrinkage=0.08


Tree=209
num_leaves=31
num_cat=0
split_feature=25 33 4 4 6 25 13 4 27 4 33 5 27 6 39 6 31 17 13 13 21 19 33 23 25 39 6 39 21 21
split_gain=0.730003 0.916364 0.613669 4.05283 1.66847 1.41442 1.81085 1.32177 2.1093 1.54286 1.54721 1.38831 2.05639 1.38581 1.36012 1.29059 1.15742 1.53398 1.10198 0.989324 1.50556 2.2331 1.50764 1.28836 1.38966 2.02139 1.79169 2.62507 1.38634 1.50576
threshold=12.978900000000001 -1.0000000180025095e-35 44.500000000000007 45.500000000000007 0.22070349802433556 15.4565 14.593050000000002 41.500000000000007 18.605250000000002 40.500000000000007 0.36429999999999924 14.118983333333334 14.615850000000002 0.15479912121725928 77.20364286458053 0.24191971650061408 14.642450000000002 15.249300000000002 18.478250000000003 17.008900000000004 17.056050000000003 17.008900000000004 -0.72444999999999904 16.817100000000003 18.120150000000006 91.085371989747856 0.27623286932212782 97.267536175815465 16.852650000000001 17.079750000000004
decision_type=2 2 2 2 2 2 2 2 2 2 2 2 2 2 2 2 2 2 2 2 2 2 2 2 2 2 2 2 2 2
left_child=1 -1 7 4 5 6 -4 9 11 13 -11 -9 14 -2 -13 -6 -14 -18 19 20 22 -22 -5 -21 25 -25 27 -26 -27 -30
right_child=2 -3 3 18 15 -7 -8 8 -10 10 -12 12 16 -15 -16 -17 17 -19 -20 23 21 -23 -24 24 26 28 -28 -29 29 -31
leaf_value=-0.00036285989533325848 0.0013165285260738813 0.00012078365202512486 0.0017595031599613265 0.0041876962220224103 0.0066482538751185417 0.0051960020275427614 -0.00093198825847196076 0.0008065302182856726 -0.0023988632850884531 0.0033686783484444052 0.00012750659235074123 -7.0901702254531074e-05 0.001442377892327258 -2.6386073858617465e-05 -0.0030592478925312605 0.0032308715371559063 -0.0027841672227933855 -0.00012538311296722782 -0.00079110973447427569 0.0037426557945184416 1.2626770191559444e-05 -0.0046188000454282022 -1.8614145630309053e-05 0.0034105830158844695 -0.00054554061404175512 -0.0046397468395286976 -0.00038468569747848849 0.0033413254165755293 0.0021045804118190858 -0.00015851365447701936
leaf_weight=22 110 28 27 24 25 33 21 21 31 69 90 35 30 6459 23 54 50 290 29 31 43 35 1578 21 22 41 26 42 79 271
leaf_count=22 110 28 27 24 25 33 21 21 31 69 90 35 30 6459 23 54 50 290 29 31 43 35 1578 21 22 41 26 42 79 271
internal_value=4.14079e-05 -0.0096 9.15713e-05 0.001199 0.0135 0.0054321 -0.00333333 -0.000277469 -0.00433333 1.18906e-05 0.00779874 -0.00293987 -0.00392523 -0.000176587 -0.017931 0.0217722 -0.00172973 -0.00305882 0.000321142 0.000524175 -0.000428571 -0.0112821 9.98752e-05 0.0035272 0.0025498 0.000582524 0.0115556 0.01875 -0.000716113 0.000914286
internal_weight=9660 50 9610 2402 160 81 48 7208 480 6728 159 449 428 6569 58 79 370 340 2242 2213 1680 78 1602 533 502 412 90 64 391 350
internal_count=9660 50 9610 2402 160 81 48 7208 480 6728 159 449 428 6569 58 79 370 340 2242 2213 1680 78 1602 533 502 412 90 64 391 350
is_linear=0
shrinkage=0.08


Tree=210
num_leaves=31
num_cat=0
split_feature=6 17 27 33 8 5 13 27 15 8 33 8 5 31 27 6 39 31 33 39 21 15 4 8 15 5 25 19 13 6
split_gain=0.511424 1.221 2.59259 2.03255 1.38939 3.15202 2.2297 0.9 0.74311 0.559654 1.26384 2.0119 1.27618 3.38882 1.92892 1.32915 1.27752 2.29256 2.04067 2.11914 1.78646 1.4945 1.73505 1.61819 1.35976 1.35385 1.67589 1.24444 1.54286 1.25952
threshold=0.15647221563590064 14.09895 14.284200000000002 0.23139999999999986 0.19306714410363984 14.619583333333336 15.593050000000002 16.403200000000002 15.373050000000001 0.20594419360233868 0.49335000000000134 0.20135109186199582 14.621776666666669 14.510650000000002 14.800550000000003 0.16446345362481243 82.99211482875414 15.330900000000002 0.20690000000000011 83.980423686892763 15.408500000000002 15.444000000000001 37.500000000000007 0.1959718753780384 15.294250000000002 15.600183333333336 15.656950000000002 15.490150000000002 15.195600000000001 0.20658945453753499
decision_type=2 2 2 2 2 2 2 2 2 2 2 2 2 2 2 2 2 2 2 2 2 2 2 2 2 2 2 2 2 2
left_child=1 -1 -3 4 5 -4 8 -8 -6 10 12 -12 13 14 -2 -14 17 -17 19 21 -21 23 -23 -18 -19 -22 -27 28 -20 -29
right_child=9 2 3 -5 6 -7 7 -9 -10 -11 11 -13 15 -15 -16 16 18 24 27 20 25 22 -24 -25 -26 26 -28 29 -30 -31
leaf_value=-0.0032452510734228925 -3.6447739694054352e-05 0.0042417924293684448 -0.0015188277945168949 0.0038489706037073291 -0.001131546298124988 0.0042563362019581068 0.0032148169910448132 -0.00045663673167794627 -0.004553910393320564 2.159306504495362e-05 0.0013738299311767577 -0.0014224356073022193 -0.0020728454460543591 0.0025604686742612872 -0.0021896525679100166 -0.0010402200940785634 0.0030366821496338047 -0.0038991077995346045 0.0034827102448200266 -0.005944689238595942 0.00059810371485809807 0.0020818325530581206 0.0035712215313314743 -0.0021719269451187986 -0.0059095486738712571 -0.0030339088919519954 -0.00047004848146841026 0.0049997823283141687 -0.00092300871710946806 0.0003676559252470213
leaf_weight=24 708 21 30 25 37 36 20 20 21 7211 84 28 58 208 36 491 25 20 21 28 37 41 22 49 23 93 138 42 35 28
leaf_count=24 708 21 30 25 37 36 20 20 21 7211 84 28 58 208 36 491 25 20 21 28 37 41 22 49 23 93 138 42 35 28
internal_value=6.62526e-05 0.00376068 0.00571429 0.00275132 -0.000487805 0.00848485 -0.00653061 0.008 -0.0165517 -2.54615e-05 -0.0011377 0.00714286 -0.0015787 0.000588235 -0.00193548 -0.00337098 -0.00274474 -0.00554307 -7.15564e-05 -0.00267898 -0.00648649 0.00554745 0.0146032 -0.00216216 -0.0232558 -0.00447761 -0.00675325 0.00888889 0 0.016
internal_weight=9660 234 210 189 164 66 98 40 58 9426 2215 112 2103 952 744 1151 1093 534 559 433 296 137 63 74 43 268 231 126 56 70
internal_count=9660 234 210 189 164 66 98 40 58 9426 2215 112 2103 952 744 1151 1093 534 559 433 296 137 63 74 43 268 231 126 56 70
is_linear=0
shrinkage=0.08


Tree=211
num_leaves=31
num_cat=0
split_feature=25 4 8 8 19 27 25 23 7 29 17 31 25 23 4 21 19 6 19 29 6 33 23 6 6 29 33 4 6 39
split_gain=0.497261 1.69916 1.75065 2.00907 1.65114 1.51417 1.24279 1.71877 1.41176 1.22923 1.22017 0.948366 0.812556 2.36815 2.22345 1.42643 1.29477 1.5837 1.82021 1.3496 1.2543 1.21212 0.975068 1.72841 1.36375 1.43208 0.999237 1.19043 0.936144 0.788506
threshold=14.046700000000003 33.500000000000007 0.18781611751209631 0.19903913482227262 14.09895 13.917650000000002 13.983600000000001 14.481250000000001 14.133285000000003 13.917650000000002 14.153300000000002 14.647350000000001 14.153300000000002 14.000100000000002 16.500000000000004 14.214150000000002 14.312950000000003 0.20852180175346877 14.046700000000003 14.09895 0.20225504466154273 0.13175000000000117 14.000100000000002 0.17849896722546155 0.19307184721126019 14.066000000000001 0.18970000000000023 21.500000000000004 0.25619465051499757 76.961935416193953
decision_type=2 2 2 2 2 2 2 2 2 2 2 2 2 2 2 2 2 2 2 2 2 2 2 2 2 2 2 2 2 2
left_child=1 5 29 4 -4 -1 7 -7 10 -5 -8 -11 13 20 15 -15 17 18 -16 -20 21 -2 23 -14 -25 -26 27 -27 -29 -3
right_child=12 2 3 9 -6 6 8 -9 -10 11 -12 -13 22 14 16 -17 -18 -19 19 -21 -22 -23 -24 24 25 26 -28 28 -30 -31
leaf_value=-0.0015129428311743708 0.0026786100045367079 6.9368542651773171e-05 0.0031109076870559707 -0.0032580552575160481 0.00030195838719578207 0.00029032297680721799 0.00027748752032742631 -0.00059035968163087202 -0.001636877980090219 0.00051542473197343955 -0.0039443796697426594 -0.00021930403171637635 -0.0037573069555367766 0.0014970604476303607 -0.0014924827500149718 0.00011020454524981461 -0.0064372502050687079 0.0014446297729195123 -0.0012991764164178221 0.0017128849804007018 0.0024426864388699698 -0.0015086017526802209 1.1399399500717777e-05 0.00066901916192847472 -0.0022662408621818742 -0.0010236576826486044 0.0022687585787409857 -0.00107981822425522 0.00072592341047666769 -0.0011523173138826338
leaf_weight=23 20 28 33 21 29 150 30 27 51 89 21 22 20 36 26 38 38 26 25 23 46 24 8626 27 36 22 28 22 23 30
leaf_count=23 20 28 33 21 29 150 30 27 51 89 21 22 20 36 26 38 38 26 25 23 46 24 8626 27 36 22 28 22 23 30
internal_value=1.65631e-05 -0.00231047 0.00253968 0.00618557 0.0180645 -0.00635762 -0.00473118 -0.000677966 -0.0117647 0.000606061 -0.00235294 0.00396396 0.000158137 0.00423841 -0.000377358 0.0108108 -0.00637681 -0.0016 -0.00756757 0.00166667 0.0151111 0.00545455 1.81736e-05 -0.0058427 -0.00303797 -0.00641221 -0.00126316 -0.00656716 0.000888889 -0.00965517
internal_weight=9660 554 252 194 62 302 279 177 102 132 51 111 9106 302 212 74 138 100 74 48 90 44 8804 178 158 131 95 67 45 58
internal_count=9660 554 252 194 62 302 279 177 102 132 51 111 9106 302 212 74 138 100 74 48 90 44 8804 178 158 131 95 67 45 58
is_linear=0
shrinkage=0.08


Tree=212
num_leaves=31
num_cat=0
split_feature=4 6 2 8 4 8 13 23 5 27 1 25 13 1 1 21 23 6 8 33 23 19 17 21 6 31 7 15 33 6
split_gain=0.555132 1.4454 1.31083 1.1006 0.965685 0.837897 0.8587 2.05214 1.74383 1.20536 0.79085 1.08507 1.05465 0.960008 1.3936 0.924825 1.39979 1.20444 1.50454 1.03125 0.848485 1.28333 1.18681 0.937729 1.23077 0.771075 1.74603 0.707143 0.696257 1.36958
threshold=55.500000000000007 0.26817128885476071 3.5000000000000004 0.2560719989406165 54.500000000000007 1.347420269793419 15.523850000000001 16.365600000000004 14.628350000000003 16.9785 11.500000000000002 14.131850000000002 14.901200000000001 1.0000000180025095e-35 2.5000000000000004 14.395400000000002 14.543600000000001 0.23184165306653989 0.19401623174879171 0.037950000000000379 17.155700000000007 17.955650000000002 17.228650000000005 15.763450000000002 0.21983759049236898 16.852650000000001 15.607566666666669 15.557500000000003 0.25550000000000056 0.16261959186921124
decision_type=2 2 2 2 2 2 2 2 2 2 2 2 2 2 2 2 2 2 2 2 2 2 2 2 2 2 2 2 2 2
left_child=4 10 -3 -4 28 6 8 -8 -6 -9 11 -2 -13 -14 -15 -12 -17 18 -18 -19 22 -22 23 24 -16 26 27 -20 -1 -30
right_child=1 2 3 -5 5 -7 7 9 -10 -11 15 12 13 14 20 16 17 19 25 -21 21 -23 -24 -25 -26 -27 -28 -29 29 -31
leaf_value=-2.8579126563101909e-05 0.0024804389398316576 0.0032549192450193232 0.0031167692719542119 -0.0022570480337060416 0.0010360415308197446 -0.0033764983389582425 0.0026981790367432978 -0.0032341264175960306 -0.0047401945273367121 0.00016517818713282395 -0.0053047551497146369 -0.00072176385319295384 -0.00055472549223338778 0.023208900292206919 0.0019697292413732724 0.0050407607591601792 -0.0054649437615177732 -0.0029336398728484168 0.00017495353592948961 -0.00075831240735567461 0.0042367615043563947 1.2980563752762464e-05 -0.00857998176000308 0.0020529675622674402 -0.0038976665618513096 0.0018502807783090703 -0.0015775965364969126 0.0017356003487502391 0.0017804745357026519 7.2164935456697776e-05
leaf_weight=6831 32 52 20 28 29 24 20 21 36 31 22 57 20 25 26 22 20 32 35 22 20 22 21 39 26 48 35 20 40 1984
leaf_count=6831 32 52 20 28 29 24 20 21 36 31 22 57 20 25 26 22 20 32 35 22 20 22 21 39 26 48 35 20 40 1984
internal_value=9.10973e-05 0.00236025 0.0112 0.00166667 -7.09849e-05 -0.00621118 -0.00379562 0.00222222 -0.0104615 -0.00615385 0.000735294 0.00361111 0.001875 0.00462312 0.00648045 -0.0025 -0.00102564 -0.00301887 0.000506329 -0.0133333 0.00363636 0.0133333 0 0.00395604 -0.00307692 0.00347826 -0.000888889 0.008 4.0655e-05 0.00134387
internal_weight=9660 644 100 48 9016 161 137 72 65 52 544 288 256 199 179 256 234 212 158 54 154 42 112 91 52 138 90 55 8855 2024
internal_count=9660 644 100 48 9016 161 137 72 65 52 544 288 256 199 179 256 234 212 158 54 154 42 112 91 52 138 90 55 8855 2024
is_linear=0
shrinkage=0.08


Tree=213
num_leaves=31
num_cat=0
split_feature=5 17 27 13 27 27 29 19 25 17 13 19 4 21 23 19 13 4 19 4 4 25 19 8 13 29 7 17 27 17
split_gain=0.62733 1.47788 1.42888 1.67495 1.16053 1.36609 1.35941 1.22987 1.5669 1.36044 1.24838 1.14971 1.29618 1.60476 0.963333 1.72513 0.708344 0.692063 0.667082 1.72418 2.60526 1.67952 1.40765 1.03907 1.06783 1.01185 0.988531 0.800833 0.699543 0.653772
threshold=18.104456666666671 17.172400000000007 19.533250000000006 18.642900000000001 17.846600000000006 17.783000000000005 17.273000000000003 18.042600000000004 17.911800000000003 18.197700000000005 17.993150000000004 18.120150000000006 21.500000000000004 17.993150000000004 18.314050000000005 17.911800000000003 17.993150000000004 38.500000000000007 18.158950000000001 10.500000000000002 17.500000000000004 17.791300000000003 18.243650000000006 0.24875086881612732 17.008900000000004 17.381450000000005 18.082317500000006 18.087200000000003 17.993150000000004 17.993150000000004
decision_type=2 2 2 2 2 2 2 2 2 2 2 2 2 2 2 2 2 2 2 2 2 2 2 2 2 2 2 2 2 2
left_child=18 -2 4 -4 5 6 -3 9 16 14 -11 -10 -13 -14 15 -6 -9 -15 -1 21 -21 -20 -22 26 25 -25 -24 -26 -23 -28
right_child=1 2 3 -5 7 -7 -8 8 11 10 -12 12 13 17 -16 -17 -18 -19 19 20 22 28 23 24 27 -27 29 -29 -30 -31
leaf_value=3.2040365758234659e-06 -0.00076628001308790775 0.0013956677687123431 0.00065247238678793455 -0.00055805697288519702 -0.0021944849540876986 0.002553224925281654 -0.00073929579038235717 0.00149707751113624 0.0018138484022212254 -0.0055366398094624002 0.0013342148813219978 0.00032889276807381409 -3.0518352100443733e-05 -0.0018405119934362803 -0.0021863158185396968 0.00033446274094686148 0.00034346037523192764 -0.00016541063886734263 0.0016486339589046395 0.011603217402821855 0.0036435299925562958 -0.0049350710658868022 -0.0050470899443888582 -0.0014616559958594167 0.00018271294995003017 0.00010848046264335665 -0.00070968031407971923 0.003998630813195945 -0.0002466596091218776 0.0026769538856026998
leaf_weight=8879 23 20 34 20 24 25 21 22 32 20 27 22 36 20 30 26 23 23 20 36 31 29 29 21 50 20 25 30 20 22
leaf_count=8879 23 20 34 20 24 25 21 22 32 20 27 22 36 20 30 26 23 23 20 36 31 29 29 21 50 20 25 30 20 22
internal_value=6.62526e-05 -0.00285714 -0.00178824 0.0103704 -0.00355795 0.00606061 -0.00292683 -0.00563934 -0.00134831 -0.0116535 -0.000851064 -0.00571429 -0.00990099 -0.0146835 -0.018 -0.0112 0.0115556 -0.0251163 0.000208424 0.00372372 0.00666667 -0.00753623 0.00350877 0.00101523 0.00561983 -0.00487805 -0.00631579 0.011 -0.0155102 0.000851064
internal_weight=9660 448 425 54 371 66 41 305 178 127 47 133 101 79 80 50 45 43 9212 333 264 69 228 197 121 41 76 80 49 47
internal_count=9660 448 425 54 371 66 41 305 178 127 47 133 101 79 80 50 45 43 9212 333 264 69 228 197 121 41 76 80 49 47
is_linear=0
shrinkage=0.08


Tree=214
num_leaves=31
num_cat=0
split_feature=23 15 15 23 5 21 8 4 15 23 15 6 27 27 6 4 33 13 31 33 4 8 21 31 15 5 15 1 27 4
split_gain=0.583484 0.807925 1.34946 0.77363 0.976961 1.09322 2.42234 1.7949 0.958067 1.78135 0.625532 0.619086 1.61668 1.21088 1.6827 1.42664 1.06549 1.12457 1.52111 0.899533 1.0083 0.876587 0.731708 0.68946 0.58737 1.19877 0.677162 2.30233 1.53947 1.11628
threshold=21.645750000000003 22.248450000000002 20.384450000000005 19.979150000000001 18.142023333333338 17.265850000000004 1.3012435212034055 37.500000000000007 19.011950000000002 16.9785 18.158950000000001 1.9295945405208808 19.274100000000001 17.381450000000005 2.8672400861295499 14.500000000000002 0.71485000000000032 15.523850000000001 15.490150000000002 -0.80299999999999805 45.500000000000007 1.3740552445117997 18.894150000000003 13.818850000000003 13.851850000000002 14.138806666666669 14.000100000000002 3.5000000000000004 14.043850000000001 41.500000000000007
decision_type=2 2 2 2 2 2 2 2 2 2 2 2 2 2 2 2 2 2 2 2 2 2 2 2 2 2 2 2 2 2
left_child=1 2 3 4 8 -6 7 10 11 -10 -7 22 13 14 16 -16 17 18 -13 -17 -21 -19 23 -1 25 -25 27 28 -26 -29
right_child=-2 -3 -4 -5 5 6 -8 -9 9 -11 -12 12 -14 -15 15 19 -18 21 -20 20 -22 -23 -24 24 26 -27 -28 29 -30 -31
leaf_value=0.0015217711745128071 -0.0002211915689632349 -0.00070117301532818038 0.0009164930260671866 0.00038170082094552527 -0.00084449042488301987 -0.007871523987927986 0.0005005917689612716 8.9812153558312957e-05 0.0005459963170209648 -0.0053023506764534999 -0.00062386328868257123 0.001471817367563375 0.0016670914585636609 -0.0023446342728756521 -0.0027088185318450541 -0.00021214628160286963 -2.6976205130608833e-05 0.0001089956354170596 -0.0019030653903347884 0.0041996981082828453 -0.0016181753507112262 0.0013602002184136097 -0.0012962342808572204 0.00028080732936139444 0.00015616902022067336 -0.0031114928065933611 -3.467772070351316e-06 -0.00058381192583269127 0.0038370408457381443 0.00053348773734938958
leaf_weight=36 35 20 36 39 20 20 32 38 24 21 27 25 30 39 32 20 23 20 20 34 23 36 22 34 26 28 8678 129 50 43
leaf_count=36 35 20 36 39 20 20 32 38 24 21 27 25 30 39 32 20 23 20 20 34 23 36 22 34 26 28 8678 129 50 43
internal_value=2.48447e-05 6.23377e-05 9.57834e-05 3.76215e-05 -8.39454e-06 -0.00671533 -0.00376068 -0.0108235 8.94283e-05 -0.0115556 -0.0212766 0.000145486 0.00370861 0.00176471 0.0039485 -0.00330275 0.0103226 0.0138614 0.00444444 0.0025974 0.0077193 0.0214286 2.65311e-05 6.20567e-05 1.78015e-05 -0.00774194 7.17006e-05 0.00419355 0.0157895 -0.000930233
internal_weight=9660 9625 9605 9569 9530 137 117 85 9393 45 47 9348 302 272 233 109 124 101 45 77 57 56 9046 9024 8988 62 8926 248 76 172
internal_count=9660 9625 9605 9569 9530 137 117 85 9393 45 47 9348 302 272 233 109 124 101 45 77 57 56 9046 9024 8988 62 8926 248 76 172
is_linear=0
shrinkage=0.08


Tree=215
num_leaves=31
num_cat=0
split_feature=17 27 29 29 23 13 8 4 17 39 29 6 27 15 13 23 31 17 31 29 39 13 7 4 25 1 5 33 39 4
split_gain=0.452179 0.503887 1.68317 2.74004 1.9348 1.51155 1.46787 1.71299 1.52319 1.20183 0.994391 1.25216 1.15936 0.914634 1.01185 0.799731 1.15201 0.908791 1.66775 1.22819 0.981554 2.0513 1.08621 0.991576 1.41703 1.2429 0.958119 0.883272 0.877598 0.864712
threshold=22.535450000000004 18.243650000000006 14.284200000000002 17.230950000000004 18.042600000000004 18.410200000000007 0.22145127534139916 20.500000000000004 18.275250000000003 98.743610121024417 18.731750000000002 0.245903857081512 18.410200000000007 17.791300000000003 16.9785 19.315350000000006 17.094800000000003 18.087200000000003 18.410200000000007 19.122800000000002 92.831701507168574 17.724500000000003 18.074944166666672 35.500000000000007 18.120150000000006 6.5000000000000009 18.15946666666667 -4.6574999999999998 70.575856059946418 35.500000000000007
decision_type=2 2 2 2 2 2 2 2 2 2 2 2 2 2 2 2 2 2 2 2 2 2 2 2 2 2 2 2 2 2
left_child=1 15 -3 -4 6 13 -5 8 -8 10 11 -9 -13 14 -6 17 -17 19 20 26 -19 -22 29 24 -24 -25 27 -1 -29 -23
right_child=-2 2 3 4 5 -7 7 9 -10 -11 -12 12 -14 -15 -16 16 -18 18 -20 -21 21 22 23 25 -26 -27 -28 28 -30 -31
leaf_value=0.00052706513007535702 -0.0016143041857627338 0.007886576926726719 -0.0026359059541316301 0.0028079481721411527 0.00072105692420677771 -0.00010629077309147305 -0.0013947084589401016 -0.00073305104486777852 -0.00013745958041084806 -0.0054485197772169156 -0.00014589186278641365 0.005257949127943533 0.00014200285399908807 0.0013979913352650186 -0.0023619752610512992 0.0013840407903566642 -0.00017673884462496403 -0.0012886462960156565 -0.0017934854337062233 0.002031304424684919 0.0010410229049503529 -4.2974752268278851e-05 0.0014449332899002343 0.00012143431353848655 -0.0010625140210076722 -0.00032058647580328169 -0.00115997715049744 -0.00090847485012204745 -2.4192714505488765e-07 0.0027895804047247453
leaf_weight=23 20 21 38 27 21 43 21 36 37 23 20 22 43 82 20 26 20 25 31 40 25 46 52 30 38 53 26 23 8701 27
leaf_count=23 20 21 38 27 21 43 21 36 37 23 20 22 43 82 20 26 20 25 31 40 25 46 52 30 38 53 26 23 8701 27
internal_value=1.65631e-05 4.14938e-05 0.00264317 0.00157044 0.0035443 0.0101205 -0.00122271 -0.00356436 -0.0151724 0.00111111 0.00429752 0.00752475 0.0141538 0.0146341 0.00487805 -8.7089e-05 0.0104348 -0.000140044 -0.00428135 1.36162e-05 -0.00243243 -0.00103321 -0.00325203 -0.0067052 -0.000888889 -0.013012 -5.01539e-05 -4.573e-06 -4.58505e-05 0.00493151
internal_weight=9660 9640 454 433 395 166 229 202 58 144 121 101 65 123 41 9186 46 9140 327 8813 296 271 246 173 90 83 8773 8747 8724 73
internal_count=9660 9640 454 433 395 166 229 202 58 144 121 101 65 123 41 9186 46 9140 327 8813 296 271 246 173 90 83 8773 8747 8724 73
is_linear=0
shrinkage=0.08


Tree=216
num_leaves=31
num_cat=0
split_feature=23 19 29 6 13 15 13 4 21 29 33 23 31 39 21 17 17 6 31 27 39 33 1 15 15 5 7 27 39 17
split_gain=0.576009 0.54661 1.29498 0.746968 2.09698 1.15913 1.34008 0.747096 0.746814 0.75 0.72 0.63444 1.2163 1.53064 0.567325 2.27943 1.70184 1.92917 1.575 1.50112 1.65907 1.74495 1.43353 1.91255 1.24313 1.38705 1.84091 1.11364 1.051 0.928902
threshold=21.645750000000003 20.578700000000001 17.993150000000004 2.8672400861295499 17.791300000000003 17.363700000000005 14.230700000000001 14.500000000000002 13.818850000000003 14.329500000000001 -0.068999999999999936 13.851850000000002 14.082400000000002 77.20364286458053 14.046700000000003 14.4777 14.260600000000002 0.22939114300188604 14.153300000000002 14.260600000000002 77.20364286458053 0.080549999999998803 7.5000000000000009 14.066000000000001 13.917650000000002 14.143193333333336 14.784903333333336 14.378900000000002 76.128873974285639 14.395400000000002
decision_type=2 2 2 2 2 2 2 2 2 2 2 2 2 2 2 2 2 2 2 2 2 2 2 2 2 2 2 2 2 2
left_child=1 3 -3 8 5 6 -5 -8 9 -1 -9 12 -10 -14 15 16 17 19 -19 20 21 -13 29 -24 25 28 -27 -17 -16 -18
right_child=-2 2 -4 4 -6 -7 7 10 11 -11 -12 14 13 -15 24 27 22 18 -20 -21 -22 -23 23 -25 -26 26 -28 -29 -30 -31
leaf_value=5.4073034026629329e-05 -9.3263013368982683e-05 -1.4704803907079623e-05 0.0076708763496111491 -0.00015716250223064777 0.0054191411018430814 0.00037303550112469 -0.0050294366287550931 -0.00070170384507036939 0.00043593276864008603 0.0010333265457766316 -0.00045892169212422121 -0.00017857193258720373 -0.0047720031951295283 -7.8308693792621399e-05 0.00010366521000541695 -0.005774215422001845 0.0035962730360780881 0.0012484457323883192 -8.1936367420851756e-05 -0.0009238112156321421 -0.0030238127266159153 0.0012027841432836084 0.0015140954424861519 -0.004313840435196923 5.9831006537081069e-06 -0.0029274888616897246 0.0042053553102196876 -0.00031351630968167398 0.003579340680654468 0.0019097525185077303
leaf_weight=24 35 26 20 32 26 33 21 25 24 24 25 168 20 23 28 22 27 36 20 38 41 26 20 22 8736 22 22 22 31 21
leaf_count=24 35 26 20 32 26 33 21 25 24 24 25 168 20 23 28 22 27 36 20 38 41 26 20 22 8736 22 22 22 31 21
internal_value=-4.14079e-05 -4.15584e-06 0.00869565 -4.59338e-05 -0.0054321 -0.00941176 -0.0135922 -0.0197183 4.6724e-05 0.01 -0.0144 -4.2694e-06 -0.00776119 -0.015814 5.16018e-05 -0.00267819 -0.000859189 -0.00352584 0.01 -0.00630037 -0.00391489 -0.000824742 0.00888889 -0.00190476 0.000194592 0.00893204 -0.00181818 -0.02 0.0169492 0.0183333
internal_weight=9660 9625 46 9579 162 136 103 71 9417 48 50 9369 67 43 9302 463 419 329 56 273 235 194 90 42 8839 103 44 44 59 48
internal_count=9660 9625 46 9579 162 136 103 71 9417 48 50 9369 67 43 9302 463 419 329 56 273 235 194 90 42 8839 103 44 44 59 48
is_linear=0
shrinkage=0.08


Tree=217
num_leaves=31
num_cat=0
split_feature=23 13 23 21 13 15 15 15 8 6 19 23 7 6 27 1 23 21 33 31 13 23 5 27 23 19 4 8 23 6
split_gain=0.717797 1.09031 1.03958 0.812591 0.997488 0.572272 0.982907 0.963095 0.66571 0.490016 1.15829 1.70319 1.15006 0.969939 0.9577 0.885306 1.73427 1.45163 0.777934 0.741521 0.699518 0.780147 0.81075 0.526267 1.53916 1.34195 1.11143 2.78075 1.39945 1.12325
threshold=20.578700000000001 18.642900000000001 19.979150000000001 21.448650000000004 20.808800000000002 20.384450000000005 19.274100000000001 18.825550000000003 1.080942558763023 2.8672400861295499 14.230700000000001 15.490150000000002 16.842852500000003 1.9295945405208808 19.274100000000001 20.500000000000004 15.523850000000001 15.557500000000003 0.14599999999999994 14.593050000000002 18.825550000000003 18.642900000000001 18.239940000000004 18.243650000000006 18.042600000000004 17.955650000000002 25.500000000000004 0.2394805331106267 17.911800000000003 0.24850743490345825
decision_type=2 2 2 2 2 2 2 2 2 2 2 2 2 2 2 2 2 2 2 2 2 2 2 2 2 2 2 2 2 2
left_child=2 -2 3 4 5 6 7 9 -8 13 -11 -12 -13 14 20 17 19 -15 -19 -17 21 22 23 -1 26 -26 27 -25 -28 -29
right_child=1 -3 -4 -5 -6 -7 8 -9 -10 10 11 12 -14 15 -16 16 -18 18 -20 -21 -22 -23 -24 24 25 -27 28 29 -30 -31
leaf_value=-6.0586877697943468e-06 -1.233970116402361e-05 -0.0026395950921546786 0.0018101713535139652 0.00055639073173580306 -0.0012194777083612252 0.00045011559724748905 -0.00014305139459139582 0.0005822181176205277 -0.0039872096648333865 -0.0010242769552910858 0.0046690090907439696 -0.0049715707327392519 0.00010618352629037986 0.0015989277621031306 -0.0013032744667540186 0.00084677244990778895 0.0038819434839527391 -0.00036900670531508694 7.7077263321996268e-05 -0.0040543884697207492 -0.001486536118949573 0.0018359855420466431 -0.0004839548110538772 0.0019584414873909852 3.9305137598262263e-05 0.0041892944696169821 0.0010986788317670459 -0.0035585125654914408 -0.0012135264611544017 -0.00045083894602129251
leaf_weight=8728 39 20 24 25 36 28 21 21 22 30 38 34 30 34 26 20 37 39 23 21 29 32 25 37 31 39 76 22 45 28
leaf_count=8728 39 20 24 25 36 28 21 21 22 30 38 34 30 34 26 20 37 39 23 21 29 32 25 37 31 39 76 22 45 28
internal_value=-1.65631e-05 -0.00881356 3.74961e-05 -4.17667e-06 -4.1876e-05 8.40689e-06 -2.52951e-05 2.96453e-05 -0.012093 -8.48896e-06 -0.00484848 -0.000784314 -0.00875 6.02669e-05 -5.26431e-05 0.00597701 0.0123077 0.000833333 -0.00645161 0.00097561 -8.79894e-06 3.08948e-05 -1.32876e-05 2.66489e-05 0.00345324 0.0137143 0 -0.00689655 0.00495868 -0.0192
internal_weight=9660 59 9601 9577 9552 9516 9488 9445 43 9424 132 102 64 9292 9118 174 78 96 62 41 9092 9063 9031 9006 278 70 208 87 121 50
internal_count=9660 59 9601 9577 9552 9516 9488 9445 43 9424 132 102 64 9292 9118 174 78 96 62 41 9092 9063 9031 9006 278 70 208 87 121 50
is_linear=0
shrinkage=0.08


Tree=218
num_leaves=31
num_cat=0
split_feature=13 25 19 13 33 33 7 8 15 4 27 4 19 13 15 27 25 27 31 21 33 1 13 4 4 33 2 33 21 29
split_gain=0.530849 0.619357 0.992922 0.587914 0.575124 0.867499 0.701711 1.17647 1.07759 0.530058 2.34674 1.80549 1.50253 1.63919 1.43694 2.9272 1.9798 1.90313 1.47213 2.32584 1.24405 1.37531 1.3757 1.24017 1.95731 2.31405 2.95868 1.75753 1.35391 1.80154
threshold=21.934550000000005 12.978900000000001 16.929950000000002 9.6461500000000004 -1.7411999999999999 -1.2842499999999999 16.895345833333334 1.4908229100475816 16.867950000000004 4.5000000000000009 18.356750000000002 5.5000000000000009 14.284200000000002 14.131850000000002 15.4565 15.816150000000002 15.593050000000002 15.586 16.144550000000006 15.625350000000003 -0.2012499999999999 3.5000000000000004 16.938100000000002 6.5000000000000009 10.500000000000002 0.16105000000000128 2.5000000000000004 0.18250000000000013 16.867950000000004 16.964700000000004
decision_type=2 2 2 2 2 2 2 2 2 2 2 2 2 2 2 2 2 2 2 2 2 2 2 2 2 2 2 2 2 2
left_child=1 2 -1 -3 6 -6 7 8 -5 10 12 20 13 -7 17 16 -16 -14 19 -17 -11 -22 -23 27 25 28 -27 -13 29 -25
right_child=-2 3 -4 4 5 9 -8 -9 -10 11 -12 23 14 -15 15 18 -18 -19 -20 -21 21 22 -24 24 -26 26 -28 -29 -30 -31
leaf_value=-0.00060718634146482485 -0.00034222335050102968 -0.00080675497373931652 0.00018618450310711409 0.00092686585963150489 -0.0023056093603065621 7.5494204927508698e-05 0.0010763262756833568 0.00053722804175031062 -0.0063576116676896536 0.00029111133066749061 0.0070605838367566775 0.0090571358649685872 -0.0015094851463062753 0.0045685047814895087 7.7747912014274336e-05 0.00040753928109822369 0.0035654343489083828 -0.0069832776552053132 5.0981823347626689e-05 -0.0049183341084048492 0.0025262563244814375 -0.0019967519113637876 -0.0036548169648460771 -6.2665200910174697e-05 1.8414188281354883e-05 -0.0055905230537152311 -0.00025128174146907159 0.0003410159225168741 -0.0014970609982819384 0.0031885744597910559
leaf_weight=27 30 21 22 29 35 53 25 36 20 21 24 21 195 47 33 21 48 33 307 25 20 95 22 332 7686 51 68 139 154 20
leaf_count=27 30 21 22 29 35 53 25 36 20 21 24 21 195 47 33 21 48 33 307 25 20 95 22 332 7686 51 68 139 154 20
internal_value=-4.14079e-05 -8.30737e-06 -0.00897959 3.75744e-05 6.69456e-05 0 0.00581818 0.00235294 -0.00571429 4.67339e-05 0.00203562 -0.00013443 0.00125984 0.0104 -0.000120846 0.00258065 0.0162963 -0.00526316 -0.000566572 -0.013913 -0.00860759 -0.0113869 -0.0147009 2.361e-05 -0.000110697 -0.004416 -0.0144538 0.007 -0.00205534 0.000681818
internal_weight=9660 9630 49 9581 9560 9450 110 85 49 9415 786 8629 762 100 662 434 81 228 353 46 158 137 117 8471 8311 625 119 160 506 352
internal_count=9660 9630 49 9581 9560 9450 110 85 49 9415 786 8629 762 100 662 434 81 228 353 46 158 137 117 8471 8311 625 119 160 506 352
is_linear=0
shrinkage=0.08


Tree=219
num_leaves=31
num_cat=0
split_feature=13 15 15 19 31 23 13 13 4 13 8 39 6 33 15 1 1 23 17 6 17 5 2 21 27 23 17 25 31 5
split_gain=0.53749 0.565901 0.759548 0.708393 1.35387 0.714812 0.94478 0.896111 1.12197 0.815047 0.636708 0.586377 0.42203 1.14845 1.30558 1.43404 2.24592 1.79487 0.769231 0.641667 0.825 0.625 0.436005 1.67675 1.65385 1.50479 1.49978 1.89194 1.62744 1.59825
threshold=21.934550000000005 20.384450000000005 22.248450000000002 12.978900000000001 14.716850000000003 20.578700000000001 17.071750000000005 18.681650000000001 17.500000000000004 18.605250000000002 1.3588370419617404 99.819194672000052 0.15647221563590064 0.23139999999999986 14.115350000000001 8.5000000000000018 11.500000000000002 14.576500000000001 15.045750000000002 0.14829257700588225 15.523850000000001 15.370150000000002 2.5000000000000004 17.423700000000004 17.191450000000007 18.275250000000003 16.817100000000003 16.741850000000003 17.381450000000005 14.190023333333334
decision_type=2 2 2 2 2 2 2 2 2 2 2 2 2 2 2 2 2 2 2 2 2 2 2 2 2 2 2 2 2 2
left_child=1 3 -3 4 -1 7 -7 9 -9 12 11 -10 13 14 -5 18 -17 -18 -16 21 -21 -19 23 24 26 -25 29 -28 -29 -14
right_child=-2 2 -4 5 -6 6 -8 8 10 -11 -12 -13 22 -15 15 16 17 19 -20 20 -22 -23 -24 25 -26 -27 27 28 -30 -31
leaf_value=-0.0021310118917847376 -0.00031484548246098144 0.0013070911409036512 -3.1812658570089528e-05 0.0032673616458136225 4.625570412727598e-05 4.915693159873058e-05 -0.0022045955754339277 0.0049615945476436706 0.00012207915907509916 -0.00045436004989340972 0.00041383132390407698 -0.0013690863644961837 0.00087607693050735242 0.0015597570722205489 -0.0043430847570518696 0.0072102400767889213 0.00029932163283291402 -0.00041638020444935365 -0.00043611066490939265 -0.0018392488963826991 0.0029533866521989438 -0.0037364408347675495 3.2770434347213496e-05 -0.0032954251415507939 -0.00094999574395330914 0.0013559137385403374 0.001708722610554787 0.0006532882401934615 -0.0042803055250828946 -0.00010495858271951875
leaf_weight=21 30 33 20 23 22 21 22 32 25 25 21 21 106 32 32 23 20 20 20 24 20 20 5042 80 230 26 101 378 35 3135
leaf_count=21 30 33 20 23 22 21 22 32 25 25 21 21 106 32 32 23 20 20 20 24 20 20 5042 80 230 26 101 378 35 3135
internal_value=2.48447e-05 5.81516e-05 0.00830189 1.253e-05 -0.0102326 5.87372e-05 -0.0102326 0.000105363 0.00767677 2.55537e-05 0.00179104 -0.00347826 6.40547e-05 0.0034188 0.00118812 -0.00111732 0.00346457 -0.00153846 -0.0123077 -0.00666667 0 -0.014 -2.18986e-05 -0.000635541 -0.000371393 -0.010566 3.19574e-05 0.00404669 0.00164649 -0.000604752
internal_weight=9660 9630 53 9577 43 9534 43 9491 99 9392 67 46 9367 234 202 179 127 104 52 84 44 40 9133 4091 3985 106 3755 514 413 3241
internal_count=9660 9630 53 9577 43 9534 43 9491 99 9392 67 46 9367 234 202 179 127 104 52 84 44 40 9133 4091 3985 106 3755 514 413 3241
is_linear=0
shrinkage=0.08


Tree=220
num_leaves=31
num_cat=0
split_feature=25 29 27 27 21 13 23 5 25 13 6 13 25 23 19 39 1 4 29 29 19 8 25 21 33 8 1 31 19 6
split_gain=0.500028 0.868088 1.31073 1.6176 0.951607 0.996633 0.851841 0.905131 1.1097 1.82183 0.828311 0.806057 0.719907 1.0741 0.583633 0.96334 0.623377 0.631169 0.484432 0.546278 0.455364 0.43299 1.66948 2.26603 1.50693 1.437 1.0531 0.811922 0.520559 0.814869
threshold=22.248450000000002 9.6461500000000004 20.808800000000002 20.055950000000003 21.067900000000005 20.578700000000001 19.979150000000001 18.142023333333338 18.478250000000003 18.243650000000006 2.2890016687121642 17.911800000000003 19.011950000000002 17.752500000000001 13.851850000000002 76.961935416193953 8.5000000000000018 28.500000000000004 19.315350000000006 18.681650000000001 13.884750000000002 1.9763996019670673 16.180450000000004 16.700900000000004 -0.22880000000000053 1.9365192813644305 19.500000000000004 17.307350000000003 18.642900000000001 1.857673035320681
decision_type=2 2 2 2 2 2 2 2 2 2 2 2 2 2 2 2 2 2 2 2 2 2 2 2 2 2 2 2 2 2
left_child=1 -1 3 4 5 6 7 12 9 11 -7 -9 14 -14 15 -3 -17 -18 19 20 -16 25 -23 -24 -25 28 -27 -26 29 -22
right_child=-2 2 -4 -5 -6 10 -8 8 -10 -11 -12 -13 13 -15 18 16 17 -19 -20 -21 21 22 23 24 27 26 -28 -29 -30 -31
leaf_value=0.00032978988198848922 -0.00019846297245464938 -0.0010471891881778106 -0.00043888681766517833 0.00043394104201453841 0.0027461833694802352 -0.00028415087225482696 0.0004142840120425717 -0.00016662918341012301 -0.00072156927675806062 0.00049796461324945083 -0.0044871591432803374 -0.001435399969344644 -0.00064195466151346643 0.0012313671863928022 0.00056071651032674197 -0.00055366154804474381 -0.00012858497127858472 0.0035405562047402129 0.0023470731639966404 -0.00060762928598109053 5.0814070178262227e-06 -0.0030118741234440448 0.0030755531315830352 0.0057800793522133631 -0.0022823539206243029 0.0022821528324618611 0.015736889394177781 -0.00034569197189995295 -0.00028583565842474459 0.00020928119900020191
leaf_weight=23 25 37 38 22 26 23 35 27 26 32 20 29 21 20 34 22 22 20 32 23 8679 35 38 33 48 29 20 29 50 142
leaf_count=23 25 37 38 22 26 23 35 27 26 32 20 29 21 20 34 22 22 20 32 23 8679 35 38 33 48 29 20 29 50 142
internal_value=9.93789e-05 0.000128697 9.15522e-05 0.000150407 0.000100503 5.87865e-05 0.000113888 6.77392e-05 -0.00701754 -0.00272727 -0.012093 -0.0114286 0.000154275 0.0107317 0.000107608 -0.00594059 0 0.00571429 0.000174064 0.000139738 0.000170734 0.000136219 -0.00371585 0 -0.00581818 0.000215247 0.0138776 -0.0119481 0.000139781 0.00018592
internal_weight=9660 9635 9612 9574 9552 9526 9483 9448 114 88 43 56 9334 41 9293 101 64 42 9192 9160 9137 9103 183 148 110 8920 49 77 8871 8821
internal_count=9660 9635 9612 9574 9552 9526 9483 9448 114 88 43 56 9334 41 9293 101 64 42 9192 9160 9137 9103 183 148 110 8920 49 77 8871 8821
is_linear=0
shrinkage=0.08


Tree=221
num_leaves=31
num_cat=0
split_feature=25 25 29 21 17 23 15 19 31 4 21 21 25 6 21 25 33 25 33 27 4 17 39 15 7 7 27 39 17 19
split_gain=0.504436 0.711155 0.799037 1.09719 0.999319 1.03371 0.520734 0.583993 0.93679 0.684473 0.549417 0.596637 0.74634 1.09797 0.516313 0.512614 1.09664 1.3632 1.36532 2.37165 1.53164 1.48676 1.30912 0.92652 1.75808 0.594816 0.518012 0.513569 1.41324 0.453147
threshold=22.248450000000002 21.067900000000005 20.808800000000002 21.067900000000005 20.808800000000002 20.213250000000006 20.384450000000005 13.851850000000002 14.312950000000003 30.500000000000004 19.787800000000001 19.011950000000002 12.978900000000001 3.2096536544786503 14.148300000000001 18.356750000000002 -0.53129999999999977 18.410200000000007 -0.037899999999998706 17.791300000000003 27.500000000000004 17.791300000000003 97.045132696872585 18.517300000000002 16.880144166666671 18.089694166666671 19.122800000000002 103.98477376843518 16.817100000000003 13.884750000000002
decision_type=2 2 2 2 2 2 2 2 2 2 2 2 2 2 2 2 2 2 2 2 2 2 2 2 2 2 2 2 2 2
left_child=1 2 3 4 5 6 7 8 14 -10 11 12 -9 15 -1 23 -17 -18 20 -20 -19 -21 -22 26 -25 -23 27 29 -29 -14
right_child=-2 -3 -4 -5 -6 -7 -8 10 9 -11 -12 -13 13 -15 -16 16 17 18 19 21 22 25 -24 24 -26 -27 -28 28 -30 -31
leaf_value=-9.1625785968005866e-05 -0.00018258593465816375 0.00072255915331567169 -0.00090740319982316462 0.00048113233502505181 -0.0019952462238032355 0.00015048381816043843 0.00023572930326302811 -0.0010461088064359103 -0.00021539925890976975 0.0017794566647729938 -0.001774018660228478 0.00015002075176518304 0.00051585918950060262 0.0064539882512615063 -0.0011550011990657083 -0.0010882064990491358 -0.002218352847760059 0.0019025394404977192 0.0023586428597393194 -0.0033929022575593139 -0.0011858977928393699 0.00030378961910813021 0.0025619187369443353 -8.206947005916732e-05 0.001813015841602237 -0.0036431329052891218 0.0010112935885999263 0.0011776869220253162 -0.001521948795711694 6.9974992956645109e-06
leaf_weight=26 25 22 39 27 31 34 30 22 25 27 23 26 34 32 23 21 39 29 30 20 26 22 29 36 30 25 23 21 20 8843
leaf_count=26 25 22 39 27 31 34 30 22 25 27 23 26 34 32 23 21 39 29 30 20 26 22 29 36 30 25 23 21 20 8843
internal_value=0.000149068 0.000178516 0.000145636 0.000192187 0.000146643 0.000193359 0.00014343 0.00011003 -0.00594059 0.00153846 0.000175382 0.000205832 0.000172006 0.000206897 -0.0138776 0.000155709 -0.00348548 -0.00181818 0.00110497 -0.00536082 0.00857143 -0.0137313 0.000727273 0.000253136 0.00969697 -0.00595745 0.000183425 0.000152501 -0.00878049 0.000193759
internal_weight=9660 9635 9613 9574 9547 9516 9482 9452 101 52 9351 9328 9302 9280 49 9248 241 220 181 97 84 67 55 9007 66 47 8941 8918 41 8877
internal_count=9660 9635 9613 9574 9547 9516 9482 9452 101 52 9351 9328 9302 9280 49 9248 241 220 181 97 84 67 55 9007 66 47 8941 8918 41 8877
is_linear=0
shrinkage=0.08


Tree=222
num_leaves=31
num_cat=0
split_feature=15 13 17 23 4 4 8 39 19 7 23 4 4 13 17 21 6 31 19 6 33 31 4 17 19 7 27 5 5 23
split_gain=0.636909 1.20536 0.757147 0.892988 1.26075 1.3244 1.79413 1.45541 0.678704 0.667191 0.625 0.591319 1.23102 0.611933 0.538859 0.662787 1.10833 1.34615 1.56608 0.622459 1.54737 1.11447 1.0901 0.969532 0.917355 1.61794 0.64756 1.33492 0.539104 0.404466
threshold=20.384450000000005 19.979150000000001 19.787800000000001 18.642900000000001 43.500000000000007 35.500000000000007 1.2698807497509568 92.469820051822623 13.851850000000002 16.660232500000003 18.556400000000004 43.500000000000007 30.500000000000004 14.344400000000002 18.642900000000001 12.978900000000001 2.983717609755606 17.501900000000003 17.094800000000003 1.857673035320681 -0.13140000000000016 15.523850000000001 48.500000000000007 15.965100000000001 16.900950000000005 15.776860833333336 18.605250000000002 18.099103333333336 18.239940000000004 13.818850000000003
decision_type=2 2 2 2 2 2 2 2 2 2 2 2 2 2 2 2 2 2 2 2 2 2 2 2 2 2 2 2 2 2
left_child=2 -2 3 8 5 6 -5 -7 11 -4 -11 12 13 -1 15 -10 19 18 -18 26 21 -21 24 -23 25 -22 28 -28 29 -17
right_child=1 -3 9 4 -6 7 -8 -9 14 10 -12 -13 -14 -15 -16 16 17 -19 -20 20 22 23 -24 -25 -26 -27 27 -29 -30 -31
leaf_value=-1.8691699526414141e-05 0.00044209542016353964 -0.00010179910457026154 -0.0010673040053499961 -4.4708711547514216e-06 0.0021152590689246156 -0.0029439611683336865 0.0020990208059214412 0.0001386708665854286 0.0019946084118112142 0.0039357854572942587 -0.0028305925353701868 -0.00083543694574260028 0.00062743676781252589 -0.0032972805016187579 0.00040504718904372795 -0.00054538964815463941 -0.00038694893980164126 0.0013364887504137358 -0.031176166007806073 0.00094083454882593293 0.00017376555226846334 -0.0016474625035966994 0.001973945214335515 -1.6946292662680664e-05 0.00091732809171958258 -0.0026168808333889614 -0.0035875866802187774 0.00017035786160974454 -0.0011267754907589734 5.3018216894429313e-06
leaf_weight=23 36 29 26 33 21 22 25 20 24 20 20 22 27 24 37 31 32 20 22 20 38 23 23 33 32 21 36 20 23 8877
leaf_count=23 36 29 26 33 21 22 25 20 24 20 20 22 27 24 37 31 32 20 22 20 38 23 23 33 32 21 36 20 23 8877
internal_value=0.00010766 0.008 5.41949e-05 0.000113338 0.00694215 0.0032 0.0110345 -0.00761905 2.55102e-05 -0.00848485 -0.002 -0.00666667 -0.00324324 -0.0110638 9.45017e-05 5.60647e-05 2.16193e-05 -0.00972973 -0.0162963 0.000100251 0.00463158 -0.00421053 0.0105263 -0.01 0.00659341 0.000677966 4.45087e-06 -0.00857143 5.82242e-05 8.98069e-05
internal_weight=9660 65 9595 9529 121 100 58 42 9408 66 40 96 74 47 9312 9275 9251 74 54 9177 190 76 114 56 91 59 8987 56 8931 8908
internal_count=9660 65 9595 9529 121 100 58 42 9408 66 40 96 74 47 9312 9275 9251 74 54 9177 190 76 114 56 91 59 8987 56 8931 8908
is_linear=0
shrinkage=0.08


Tree=223
num_leaves=31
num_cat=0
split_feature=15 13 15 19 6 6 27 8 15 17 15 33 27 8 4 4 4 27 29 19 25 21 19 4 1 19 6 15 39 6
split_gain=0.635573 1.20536 0.733231 0.717656 0.944224 0.721 1.7458 2.04848 1.35576 1.16352 0.886358 0.765856 1.33374 1.0888 0.742109 0.719653 1.21232 0.769068 0.589687 0.563333 0.496304 0.945158 1.95075 1.86746 1.32789 1.20041 0.753195 0.708387 0.688923 0.578377
threshold=20.384450000000005 19.979150000000001 19.437050000000003 21.448650000000004 2.983717609755606 2.1556601781526621 17.381450000000005 1.6241160063881381 16.681500000000003 14.800550000000003 18.825550000000003 -0.9933499999999994 17.501900000000003 0.84338032758635817 19.500000000000004 43.500000000000007 14.500000000000002 16.787500000000005 14.543600000000001 19.437050000000003 18.356750000000002 17.887500000000003 17.993150000000004 30.500000000000004 3.5000000000000004 18.087200000000003 0.86379130480005573 18.517300000000002 97.267536175815465 1.857673035320681
decision_type=2 2 2 2 2 2 2 2 2 2 2 2 2 2 2 2 2 2 2 2 2 2 2 2 2 2 2 2 2 2
left_child=2 -2 3 4 5 10 8 -8 9 18 11 12 13 14 -1 16 -6 -18 -7 -4 27 24 23 -23 -22 26 -26 29 -25 -13
right_child=1 -3 19 -5 15 6 7 -9 -10 -11 -12 20 -14 -15 -16 -17 17 -19 -20 -21 21 22 -24 28 25 -27 -28 -29 -30 -31
leaf_value=-0.00024350518987837689 0.00040672778655050481 -9.3655176204663352e-05 -0.00044741902732063464 0.0046937458024537198 -0.00024556812374271431 0.00015692704344331788 5.8992365625130107e-05 -0.0021156714525972123 0.00055102939179832336 -0.00028463395991934704 0.00028721251334218323 5.8009904758904445e-06 -0.0022611842234940126 -0.001099924912800816 0.0033687879848554305 -0.0035409265260753389 0.0027870885739685039 -0.001398070287633857 0.0043292067269612034 -0.0019994094693204546 -0.0029688400392767281 -0.00097374111172371164 -0.00055071668127908428 0.00028777040454514236 -0.0011751188115121636 0.00052357608453746708 6.4572877782040906e-05 0.0025266814929846503 0.0023655335018494838 0.00017572613318762365
leaf_weight=26 36 29 30 22 33 23 33 22 38 39 28 8766 21 40 21 29 27 32 20 20 20 38 66 21 31 22 22 22 23 60
leaf_count=26 36 29 30 22 33 23 33 22 38 39 28 8766 21 40 21 29 27 32 20 20 20 38 66 21 31 22 22 22 23 60
internal_value=0.000115942 0.008 6.25326e-05 0.000113148 7.98068e-05 0.000170177 0.00525714 -0.00654545 0.0106667 0.00487805 7.36968e-05 3.04381e-05 -0.00666667 -0.00229885 0.00595745 -0.00694215 -0.00347826 0.00338983 0.0139535 -0.0096 0.000109999 -0.00345679 0.000540541 0.00878049 -0.00968421 -0.0048 -0.0113208 0.000207957 0.02 0.000172218
internal_weight=9660 65 9595 9545 9523 9402 175 55 120 82 9227 9199 108 87 47 121 92 59 43 50 9091 243 148 82 95 75 53 8848 44 8826
internal_count=9660 65 9595 9545 9523 9402 175 55 120 82 9227 9199 108 87 47 121 92 59 43 50 9091 243 148 82 95 75 53 8848 44 8826
is_linear=0
shrinkage=0.08


Tree=224
num_leaves=31
num_cat=0
split_feature=15 27 31 23 6 8 33 13 13 39 6 21 29 33 17 5 5 31 7 23 19 17 8 17 27 25 39 39 6 6
split_gain=0.562047 1.70703 1.69798 1.64763 2.16295 1.3259 2.15723 1.29301 2.05699 1.93301 1.57552 1.73443 1.53212 1.5249 1.4596 3.0582 1.31594 1.25011 1.23911 1.1479 1.51231 1.12183 1.03813 0.996809 1.85583 0.98482 0.970274 1.36111 0.965379 0.911227
threshold=15.490150000000002 14.901200000000001 14.344400000000002 15.816150000000002 0.21106807676570202 1.7653954276964994 -0.14919999999999864 15.213850000000003 14.851500000000001 83.886622708610005 0.17687687884893552 16.775850000000002 15.320300000000001 0.24155000000000018 15.479500000000003 15.403950000000002 15.523313333333336 15.320300000000001 15.738191666666667 15.320300000000001 15.373050000000001 15.490150000000002 0.20886375679608246 15.355800000000002 15.896950000000002 15.625350000000003 92.831701507168574 88.469004412892858 0.20768376499348987 3.2096536544786503
decision_type=2 2 2 2 2 2 2 2 2 2 2 2 2 2 2 2 2 2 2 2 2 2 2 2 2 2 2 2 2 2
left_child=3 2 -2 25 -5 6 21 8 -3 10 -9 12 14 -10 15 17 19 -12 22 -11 -21 -6 -14 24 -18 -1 27 -4 -27 -25
right_child=1 7 26 4 5 -7 -8 9 13 16 11 -13 18 -15 -16 -17 23 -19 -20 20 -22 -23 -24 29 -26 28 -28 -29 -30 -31
leaf_value=-1.3411037859611952e-06 -0.0019732457856939333 0.0061899387415036249 0.0005315022241782685 -0.0055898156897745115 -0.0031857000275097394 -0.0013234569905775117 0.00286582230677638 -0.0034886819043402541 -0.0047762122155869235 6.9417627707650808e-05 -0.0037489359280806411 -0.0026335824808656127 0.0021128776829426243 -0.00051377205879482807 0.0030778679563354672 -0.0036804483371602713 -0.00011979743827495782 0.0034241441579003153 4.0345797722380896e-05 -0.00023388244563506079 -0.005273454259572645 -0.0001141473007638183 0.0038042477053515712 2.2973730153665883e-05 0.0056443474968378383 0.0015091855506935304 0.0012378661767165511 -0.00015064966755687692 -0.0020440847518320739 -0.0014669680833850408
leaf_weight=3673 24 31 25 28 30 28 49 32 37 26 22 21 48 38 24 21 31 32 31 21 26 41 75 5030 22 26 21 20 92 35
leaf_count=3673 24 31 25 28 30 28 49 32 37 26 22 21 48 38 24 21 31 32 31 21 26 41 75 5030 22 26 21 20 92 35
internal_value=0.000115942 0.000625329 0.0115556 -0.000615074 -0.00818182 -0.00432432 -0.000666667 0.000449759 -0.00830189 0.000618519 0.00679739 0.00875912 0.0105929 -0.0154667 0.00282828 -0.00266667 0.000254286 0.00740741 0.0155844 -0.010411 -0.0178723 -0.00957746 0.019187 0.000406409 0.0113208 -0.000263783 0.0181818 0.0115556 -0.00745763 0.000292201
internal_weight=9660 5693 90 3967 176 148 120 5603 106 5497 306 274 253 75 99 75 5191 54 154 73 47 71 123 5118 53 3791 66 45 118 5065
internal_count=9660 5693 90 3967 176 148 120 5603 106 5497 306 274 253 75 99 75 5191 54 154 73 47 71 123 5118 53 3791 66 45 118 5065
is_linear=0
shrinkage=0.08


Tree=225
num_leaves=31
num_cat=0
split_feature=19 27 27 17 23 5 21 27 17 25 27 4 25 6 21 33 23 1 29 6 27 19 17 19 7 29 5 1 15 7
split_gain=0.541661 0.70825 1.73062 0.952778 0.53023 0.728121 0.789903 0.987138 1.63865 0.606982 1.72826 1.03238 1.43803 2.41429 1.48605 1.33015 1.07791 0.931373 2.27367 0.928928 1.2422 0.886525 0.886506 1.68982 0.969317 0.802448 1.40076 0.753463 0.723513 0.707445
threshold=21.934550000000005 20.055950000000003 20.808800000000002 17.172400000000007 21.067900000000005 18.142023333333338 17.887500000000003 18.449000000000002 18.243650000000006 14.046700000000003 13.917650000000002 35.500000000000007 13.983600000000001 0.21150066245845126 14.148300000000001 0.12080000000000092 14.066000000000001 4.5000000000000009 14.082400000000002 0.19609252504977664 14.09895 14.131850000000002 14.230700000000001 14.09895 14.127230833333334 14.09895 14.149816666666668 6.5000000000000009 20.055950000000003 13.848510833333334
decision_type=2 2 2 2 2 2 2 2 2 2 2 2 2 2 2 2 2 2 2 2 2 2 2 2 2 2 2 2 2 2
left_child=1 4 -3 -4 5 9 -7 8 -8 10 -1 12 17 14 -14 22 -17 18 -12 20 -19 -18 23 27 -25 -21 -27 -13 29 -11
right_child=-2 2 3 -5 -6 6 7 -9 -10 28 11 15 13 -15 -16 16 21 19 -20 25 -22 -23 -24 24 -26 26 -28 -29 -30 -31
leaf_value=-0.0012244660856064371 -0.00018363600156845906 0.00055989414842429143 -0.00063007257811335652 0.00036146302158485355 0.00011457839187471563 -0.00086601419458190779 -0.00012220921487340774 -0.0019014269312546616 0.0014402237857487421 0.00049381861904919334 -0.00065987813565271836 0.00035582213035056042 -0.0042194710963519809 -0.0019923327486023367 0.00020541706759189538 0.00086586125113555571 -0.0001101344228258938 -0.0051864960331720056 0.0032157255625338624 0.00027322109132505546 0.00057021290489757349 -0.00071044930704800891 0.0010674924407075537 0.00027044533267016389 -0.0020122013320600729 -0.0031452359085489688 -4.1988483692421143e-05 0.00088089044405506914 0.0020144038021362577 1.0614207399868291e-05
leaf_weight=38 30 23 21 24 23 39 39 33 29 22 22 20 41 32 39 31 20 20 32 34 38 27 40 21 25 20 24 22 27 8804
leaf_count=38 30 23 21 24 23 39 39 33 29 22 22 20 41 32 39 31 20 20 32 34 38 27 40 21 25 20 24 22 27 8804
internal_value=6.62526e-05 9.96885e-05 0.00823529 -0.000888889 4.18323e-05 1.25799e-05 -0.00571429 -0.0019802 0.00352941 9.78828e-05 -0.00249084 -0.00125984 -0.00423841 -0.0114286 -0.004 0.0031068 -0.00512821 0 0.00888889 -0.00352941 0.00413793 -0.012766 0.008125 0.00363636 -0.00695652 -0.00923077 -0.0163636 0.0152381 0.00025754 0.000217539
internal_weight=9660 9630 68 45 9562 9539 140 101 68 9399 546 508 302 112 80 206 78 190 54 136 58 47 128 88 46 78 44 42 8853 8826
internal_count=9660 9630 68 45 9562 9539 140 101 68 9399 546 508 302 112 80 206 78 190 54 136 58 47 128 88 46 78 44 42 8853 8826
is_linear=0
shrinkage=0.08


Tree=226
num_leaves=31
num_cat=0
split_feature=19 27 13 13 31 15 13 4 19 5 7 13 5 6 7 23 8 25 33 25 25 21 1 8 4 8 33 2 13 4
split_gain=0.542498 0.592845 1.15169 1.88388 1.46812 1.225 0.68092 1.00595 0.896057 1.15516 1.20555 1.31212 1.25338 1.15936 1.3483 1.08563 1.98555 0.708344 0.623504 1.27254 1.22582 1.45869 1.18637 1.91665 1.4336 1.59043 1.51391 1.33675 2.43814 1.91621
threshold=21.934550000000005 18.243650000000006 16.108650000000004 16.9785 17.791300000000003 15.390450000000003 17.783000000000005 40.500000000000007 17.791300000000003 18.066890000000004 18.093720833333339 18.042600000000004 18.096390000000003 0.25287953648533773 18.710550000000001 18.042600000000004 0.23540509187572478 18.197700000000005 0.23139999999999986 18.517300000000002 13.851850000000002 14.000100000000002 10.500000000000002 1.8732654209796946 53.500000000000007 0.27520924284777398 0.31620000000000031 1.5000000000000002 14.000100000000002 22.500000000000004
decision_type=2 2 2 2 2 2 2 2 2 2 2 2 2 2 2 2 2 2 2 2 2 2 2 2 2 2 2 2 2 2
left_child=1 18 5 4 -4 -3 7 -5 -8 -10 11 15 -12 -14 -15 16 -11 -13 19 20 21 -1 23 -20 26 -26 -24 29 -29 -28
right_child=-2 2 3 6 -6 -7 8 -9 9 10 12 17 13 14 -16 -17 -18 -19 22 -21 -22 -23 24 -25 25 -27 27 28 -30 -31
leaf_value=-0.00094818590628449335 -0.00016894512144290276 0.00081500348044720287 0.00054741340794009833 -0.0063298937446786855 0.00060979651594607277 -0.0011102693308340861 0.0050400880635098136 0.00016839459274564205 -0.00096096018342350931 0.0018935473798990189 0.0016508136180425482 -0.00040984994531839902 -0.00061958445856475925 0.0052915854288238511 -8.1738806830458085e-05 0.0014372792065424278 -0.0011949936717816456 -0.0016444299990060075 -0.0001011748674234525 -0.0010572227343953954 -1.1255068137216995e-05 -1.3212665725177431e-05 0.0017113948938655456 0.0046755910291091142 7.5137611534046298e-05 -0.0041272873069929262 -0.0028566060471541732 0.0018071504072514699 0.0001520846169309209 0.00029112713887798238
leaf_weight=24 30 20 21 32 20 20 31 24 38 35 21 23 21 33 25 29 32 22 1024 81 6815 54 236 33 68 48 98 59 514 129
leaf_count=24 30 20 21 32 20 20 31 24 38 35 21 23 21 33 25 29 32 22 1024 81 6815 54 236 33 68 48 98 59 514 129
internal_value=7.45342e-05 0.000107996 0.00295302 0.00422604 0.0204878 -0.01 0.00240437 -0.00571429 0.00387097 0.00243728 0.00448133 -0.000283688 0.0112 0.00658228 0.0124138 0.005 -0.000597015 -0.0115556 -3.04911e-05 -0.000401491 -0.000284346 -0.0102564 0.00114079 -0.000794702 0.00291667 -0.00551724 0.003861 0.0022 0.00425829 -0.00299559
internal_weight=9660 9630 447 407 41 40 366 56 310 279 241 141 100 79 58 96 67 45 9183 6974 6893 78 2209 1057 1152 116 1036 800 573 227
internal_count=9660 9630 447 407 41 40 366 56 310 279 241 141 100 79 58 96 67 45 9183 6974 6893 78 2209 1057 1152 116 1036 800 573 227
is_linear=0
shrinkage=0.08


Tree=227
num_leaves=31
num_cat=0
split_feature=21 27 39 39 5 33 15 1 33 33 5 19 17 5 6 31 25 19 29 17 17 6 15 15 21 23 7 25 31 23
split_gain=0.800001 0.817963 1.22662 1.06293 0.84302 1.19684 0.847168 0.891372 0.838864 1.18347 0.694692 0.667095 0.864583 0.556821 1.43871 1.32234 1.27963 2.2378 1.20598 1.38709 0.678529 1.83093 0.764 1.12419 0.95087 0.635527 0.993506 0.604787 1.51973 2.14299
threshold=22.535450000000004 20.055950000000003 91.037791783372541 97.399673206092061 18.142023333333338 -0.64520000000000077 18.120150000000006 8.5000000000000018 0.48299999999999882 -0.089550000000000005 18.133976666666673 9.6461500000000004 19.787800000000001 18.104456666666671 0.21719654254977197 17.993150000000004 18.197700000000005 17.993150000000004 18.243650000000006 18.120150000000006 18.605250000000002 1.3488920956860124 18.894150000000003 18.605250000000002 16.852650000000001 18.642900000000001 16.842852500000003 14.066000000000001 14.362500000000002 13.917650000000002
decision_type=2 2 2 2 2 2 2 2 2 2 2 2 2 2 2 2 2 2 2 2 2 2 2 2 2 2 2 2 2 2
left_child=1 4 -3 -4 10 -6 7 -7 9 -8 11 -1 13 20 -15 18 17 -17 19 -16 22 -22 23 25 -24 27 -27 28 29 -13
right_child=-2 2 3 -5 5 6 8 -9 -10 -11 -12 12 -14 14 15 16 -18 -19 -20 -21 21 -23 24 -25 -26 26 -28 -29 -30 -31
leaf_value=0.0011269129128280043 -0.0006030156714660962 -0.00044859837345846644 0.0019676900317445243 2.4317827127902094e-05 -0.001827356830231679 -4.8147860486551511e-05 -5.9364700446593593e-05 -0.0014926654280994001 -0.00019940822738874432 0.0025550417129559834 0.00099084863127274058 -0.004569127851713972 -0.00078564362683778202 -0.0011252393910231718 -0.0020017195043226365 -0.00023584673469571272 -0.00022557858230953798 0.001615235118165117 0.00049187926381250697 -0.00039444740032905655 0.0054852227537850245 -1.6283576203477425e-05 0.00073942951413954463 0.0014672260715181552 -0.0023391672002367157 -2.4955623977831465e-05 0.0025368815080702234 1.3265260932726619e-05 -0.00023584043432443025 7.9078760033013404e-05
leaf_weight=24 20 20 28 21 26 37 20 28 23 23 29 21 35 37 21 26 27 51 21 22 23 29 23 22 25 34 22 8394 156 372
leaf_count=24 20 20 28 21 26 37 20 28 23 23 29 21 35 37 21 26 27 51 21 22 23 29 23 22 25 34 22 8394 156 372
internal_value=-1.65631e-05 1.65975e-05 0.00869565 0.0155102 -4.59722e-05 -0.00585987 -0.00274809 -0.00923077 0.00363636 0.0102326 5.09879e-05 1.27864e-05 -2.13652e-05 2.57345e-05 -0.00409756 -0.000952381 0.00461538 0.00987013 -0.01 -0.0176744 0.000118408 0.00923077 6.61594e-05 0.000119721 -0.01 7.5564e-05 0.00857143 2.23639e-05 -0.00255009 0.000101781
internal_weight=9660 9640 69 49 9571 157 131 65 66 43 9414 9385 9361 9326 205 168 104 77 64 43 9121 52 9069 9021 48 8999 56 8943 549 393
internal_count=9660 9640 69 49 9571 157 131 65 66 43 9414 9385 9361 9326 205 168 104 77 64 43 9121 52 9069 9021 48 8999 56 8943 549 393
is_linear=0
shrinkage=0.08


Tree=228
num_leaves=31
num_cat=0
split_feature=23 23 21 23 5 6 21 39 17 27 27 31 17 25 31 13 8 17 23 27 15 2 17 33 8 23 17 27 6 19
split_gain=0.708368 1.25625 0.870325 0.973965 0.992274 0.912945 0.932951 1.43822 1.01095 1.51779 1.38777 0.963124 1.69274 1.73095 1.24361 1.21 1.09832 0.95087 0.623277 0.7302 1.40977 1.8988 1.21585 1.11485 0.988521 1.13359 0.882353 0.820145 0.605894 1.07241
threshold=20.578700000000001 22.248450000000002 20.808800000000002 19.979150000000001 18.104456666666671 0.21645223347815792 17.228650000000005 96.381184902766819 18.556400000000004 18.478250000000003 18.556400000000004 17.887500000000003 18.197700000000005 18.275250000000003 18.243650000000006 18.197700000000005 0.24875086881612732 18.042600000000004 19.122800000000002 18.243650000000006 18.042600000000004 3.5000000000000004 18.517300000000002 0.12080000000000092 0.22894849331611244 17.993150000000004 16.741850000000003 18.517300000000002 0.15647221563590064 15.557500000000003
decision_type=2 2 2 2 2 2 2 2 2 2 2 2 2 2 2 2 2 2 2 2 2 2 2 2 2 2 2 2 2 2
left_child=2 -2 3 4 18 -6 -7 -8 10 -10 11 15 13 14 17 -9 -16 -13 19 28 21 26 24 -22 -23 27 -21 -26 29 -1
right_child=1 -3 -4 -5 5 6 7 8 9 -11 -12 12 -14 -15 16 -17 -18 -19 -20 20 23 22 -24 -25 25 -27 -28 -29 -30 -31
leaf_value=0.00010028138736750236 -0.00038248260409872614 2.8804092018503979e-05 0.00048924181393147134 0.0017408371139734414 -0.00060688252211974717 -0.00028600784869553308 0.00042888684775306275 -0.00012382752126882223 5.0558974214709453e-06 -0.0048242447461680623 0.0027079728464732967 0.00024141743825708772 0.00124791684524169 -0.003106743332285191 -0.00043846227840873555 -0.0026839203226231233 6.6966994597095217e-05 -4.4296031647661492e-05 -0.00048636097145951854 2.5458826628010912e-06 0.00057487351004603226 0.0025734934519184094 0.0041980631981263627 0.0014098622897918745 -0.0027411946765721496 0.00040638986464486493 0.0026635963838252509 -0.00060897918042343232 -6.5625959356907518e-06 0.0034247534306436479
leaf_weight=182 34 25 35 21 42 25 22 25 24 22 22 25 38 30 27 20 34 23 26 20 38 26 21 35 37 24 34 29 8649 45
leaf_count=182 34 25 35 21 42 25 22 25 24 22 22 25 38 30 27 20 34 23 26 20 38 26 21 35 37 24 34 29 8649 45
internal_value=-7.45342e-05 -0.00881356 -2.08312e-05 -6.69036e-05 -0.000104767 -0.00411609 -0.00272997 -0.00153846 -0.00303448 -0.013913 -0.000983607 -0.00288288 -0.000225989 -0.00431655 0.000366972 -0.0133333 -0.00721311 0.01 6.10954e-05 9.62801e-05 0.00424242 0.000628272 -0.00437956 0.0136986 -0.00758621 -0.0115556 0.0133333 -0.0169697 -2.70392e-05 0.00405286
internal_weight=9660 59 9601 9566 9545 379 337 312 290 46 244 222 177 139 109 45 61 48 9166 9140 264 191 137 73 116 90 54 66 8876 227
internal_count=9660 59 9601 9566 9545 379 337 312 290 46 244 222 177 139 109 45 61 48 9166 9140 264 191 137 73 116 90 54 66 8876 227
is_linear=0
shrinkage=0.08


Tree=229
num_leaves=31
num_cat=0
split_feature=21 21 17 31 33 33 21 7 29 23 19 1 21 29 2 7 29 8 19 4 13 13 13 21 17 13 33 31 17 33
split_gain=0.795034 0.755856 0.673276 0.846858 0.536278 0.910639 1.66178 1.09854 0.73125 0.497768 1.85128 1.1171 1.84113 0.733372 1.29924 1.47659 0.467757 1.4269 0.515131 1.18277 1.26876 1.93539 1.90817 0.593939 0.493367 0.540036 0.569714 1.57406 1.10074 0.61117
threshold=22.535450000000004 21.067900000000005 19.787800000000001 16.964700000000004 -4.6574999999999998 -1.2842499999999999 15.294250000000002 16.780026666666668 16.180450000000004 18.642900000000001 19.315350000000006 19.500000000000004 17.693600000000004 18.731750000000002 1.5000000000000002 16.321236666666671 18.556400000000004 0.26111587645566259 18.449000000000002 47.500000000000007 18.158950000000001 17.911800000000003 17.783000000000005 17.911800000000003 18.642900000000001 12.978900000000001 1.3094000000000012 16.938100000000002 16.191350000000003 0.75955000000000006
decision_type=2 2 2 2 2 2 2 2 2 2 2 2 2 2 2 2 2 2 2 2 2 2 2 2 2 2 2 2 2 2
left_child=1 2 4 -4 -1 6 -6 8 -8 13 11 12 -11 16 -15 -16 18 -18 24 20 21 22 -20 -23 25 -7 29 28 -28 -27
right_child=-2 -3 3 -5 5 9 7 -9 -10 10 -12 -13 -14 14 15 -17 17 -19 19 -21 -22 23 -24 -25 -26 26 27 -29 -30 -31
leaf_value=0.00064906477385278554 -0.00055904478614209551 0.00044030526261053639 5.7204530040877444e-05 -0.0010219540980469333 0.00032563428507756956 -0.00074594476236214294 -0.0048981622598039112 -8.5691619789258764e-05 -0.0081145286137379452 -0.0027663204286696441 -0.00049613438733842941 0.0034307747157558311 0.003583536638695648 -0.00028046574231296975 0.00050646980366060741 -0.00036140454437195047 -0.00015882759644171075 0.0036463099124024725 -0.00020577259047939835 -0.0059063940193605901 0.00089326879043625238 -0.00015551398010366313 0.0054138308520094826 -0.0024887505165629878 0.0001582504332100143 5.6489502443923812e-06 0.00035957774078731574 -0.00010964595864535908 0.0071706240128014548 -0.00025576627056210553
leaf_weight=30 20 27 35 37 31 30 32 38 20 23 20 23 32 21 20 36 23 20 32 22 25 20 20 24 32 8773 32 20 21 121
leaf_count=30 20 27 35 37 31 30 32 38 20 23 20 23 32 21 20 36 23 20 32 22 25 20 20 24 32 8773 32 20 21 121
internal_value=-6.62526e-05 -3.3195e-05 -7.07375e-05 -0.00777778 -1.25773e-05 -4.62622e-05 -0.00694215 -0.0124444 -0.02 4.25985e-05 0.00571429 0.0112821 0.00509091 -1.72191e-05 -0.00779221 -0.00142857 4.77482e-05 0.00837209 8.7222e-06 -0.00475524 -0.00165289 -0.00583333 0.00461538 -0.0181818 8.41732e-05 4.89052e-05 8.47552e-05 0.00712329 0.0143396 2.69845e-05
internal_weight=9660 9640 9613 72 9541 9511 121 90 52 9390 98 78 55 9292 77 56 9215 43 9172 143 121 96 52 44 9029 8997 8967 73 53 8894
internal_count=9660 9640 9613 72 9541 9511 121 90 52 9390 98 78 55 9292 77 56 9215 43 9172 143 121 96 52 44 9029 8997 8967 73 53 8894
is_linear=0
shrinkage=0.08


Tree=230
num_leaves=31
num_cat=0
split_feature=23 33 21 6 33 1 17 17 7 27 15 31 5 33 23 17 4 31 8 7 5 23 33 8 33 6 1 23 13 19
split_gain=1.0241 0.672903 1.32276 1.64921 1.42282 1.69272 1.71844 1.57881 1.27082 1.79928 1.19172 1.68098 1.62243 1.16911 1.13518 1.55217 1.51871 2.31364 0.959389 1.36564 1.88809 1.4848 1.14354 1.27037 1.07692 1.07654 1.29949 1.42956 1.0719 0.93776
threshold=21.448650000000004 -0.41205000000000064 19.979150000000001 0.27441155743386619 -0.72444999999999904 17.500000000000004 17.501900000000003 15.036200000000003 15.53871166666667 16.322600000000005 18.478250000000003 15.4565 16.740530000000003 -0.40254999999999969 17.207200000000004 17.724500000000003 37.500000000000007 16.269450000000003 0.1973654158692548 17.023110000000003 16.988936666666671 17.005200000000006 -0.60720000000000052 0.25489929305110259 -0.72444999999999904 0.17849896722546155 7.5000000000000009 14.901200000000001 16.787500000000005 15.692450000000003
decision_type=2 2 2 2 2 2 2 2 2 2 2 2 2 2 2 2 2 2 2 2 2 2 2 2 2 2 2 2 2 2
left_child=1 2 3 18 5 10 8 -6 -7 -10 11 -5 -13 -3 16 -16 17 -9 25 20 21 28 23 24 -21 -1 -27 -28 29 -20
right_child=-2 13 -4 4 7 6 -8 14 9 -11 -12 12 -14 -15 15 -17 -18 -19 19 22 -22 -23 -24 -25 -26 26 27 -29 -30 -31
leaf_value=-0.0016232474993675085 -0.00027645708273126956 -0.0039005983305420958 0.00079299106807226847 0.00012895344276024899 -0.0012200958634457494 -4.2347351737817007e-05 -0.00086757767547496201 -0.0028034985740368512 0.003955245836996895 0.0005467925930270212 0.0010726531414675833 -0.0095430628981299035 -0.00023120542369071018 -9.5603209985029029e-06 -0.0062705738245514911 -0.00010163865067340794 0.00074695141281665655 0.0033804318861439244 0.00071399880815597788 5.9134184472497966e-05 0.0078402140273684043 -0.003747510418398292 -0.00093328911236312706 -0.0010273705159966084 0.0035676852974012262 -0.0031173210987891766 0.0024519355674487999 -0.00089488897512566721 0.0044970310319169468 -0.00024180311409566002
leaf_weight=20 41 35 27 34 28 23 32 24 20 41 25 33 53 8373 35 34 23 23 272 24 37 24 148 27 39 21 35 39 21 49
leaf_count=20 41 35 27 34 28 23 32 24 20 41 25 33 53 8373 35 34 23 23 272 24 37 24 148 27 39 21 35 39 21 49
internal_value=-6.62526e-05 -1.24753e-05 0.00175062 0.00135135 -0.00261682 0.0010728 0.00827586 -0.00838323 0.0142857 0.0203279 -0.00468966 -0.008 -0.0139535 -0.000266413 -0.00489209 -0.0121739 0.00228571 -0.00595745 0.00359788 0.00480499 0.00764268 0.00590164 0 0.00711111 0.0133333 -0.00313043 0.000421053 0.00540541 0.00725146 0.00610592
internal_weight=9660 9619 1211 1184 428 261 116 167 84 61 145 120 86 8408 139 69 70 47 756 641 403 366 238 90 63 115 95 74 342 321
internal_count=9660 9619 1211 1184 428 261 116 167 84 61 145 120 86 8408 139 69 70 47 756 641 403 366 238 90 63 115 95 74 342 321
is_linear=0
shrinkage=0.08


Tree=231
num_leaves=31
num_cat=0
split_feature=23 31 23 4 4 4 33 4 8 6 15 25 25 23 6 7 25 31 5 15 1 4 33 5 13 1 15 6 29 13
split_gain=1.2127 1.13953 0.670427 0.632343 5.49581 2.85973 3.37033 1.60247 1.65631 1.48929 1.46267 1.42846 1.45457 1.74293 1.464 1.46003 1.36982 1.70712 1.32873 1.32135 1.66102 1.22352 2.69185 1.90964 2.67317 1.2816 1.14478 1.129 1.39684 1.43653
threshold=20.578700000000001 17.273000000000003 19.979150000000001 35.500000000000007 34.500000000000007 36.500000000000007 0.11284999999999991 33.500000000000007 0.1973654158692548 0.27964170613353562 16.681500000000003 14.046700000000003 13.983600000000001 14.481250000000001 0.21150066245845126 14.134939166666669 14.284200000000002 14.395400000000002 14.20667880952381 17.955650000000002 10.500000000000002 38.500000000000007 -0.040200000000000451 17.366530000000008 15.851650000000001 5.5000000000000009 14.043850000000001 0.21645223347815792 14.000100000000002 14.153300000000002
decision_type=2 2 2 2 2 2 2 2 2 2 2 2 2 2 2 2 2 2 2 2 2 2 2 2 2 2 2 2 2 2
left_child=2 -2 3 4 7 6 10 11 -9 -8 -5 12 13 -1 15 26 17 27 -19 20 -10 22 23 24 25 -7 -14 28 -13 -30
right_child=1 -3 -4 5 -6 21 9 8 19 -11 -12 16 14 -15 -16 -17 -18 18 -20 -21 -22 -23 -24 -25 -26 -27 -28 -29 29 -31
leaf_value=0.00018348464937048448 2.9834433115780714e-05 -0.00057802495059448237 0.0015829363395965857 0.007375328947241187 -0.0036017365968886851 -0.00014854037183766877 -0.00083623394076369094 -0.00017963010409872027 0.00035382400311135599 0.0039500210705243431 0.0054035482798975923 -0.0016383503223717354 0.0026603597389848943 -0.00057055827091915038 -0.0014370103789180888 -0.0027099902331549687 -3.0776819046423042e-05 0.0018561307524194604 0.00076449430990756186 -0.00035140190834667353 0.0013750504302852563 4.6746851447636574e-05 -0.0035707666892024295 0.002021660746162013 -0.0022779632072496272 0.0015238028899251077 -0.0037745423095749686 0.00076626834290387084 -0.00041121304425622895 0.00140572464638538
leaf_weight=154 20 39 24 42 161 28 73 23 59 26 20 31 22 33 32 27 4846 33 32 20 59 3337 88 40 85 68 29 66 84 59
leaf_count=154 20 39 24 42 161 28 73 23 59 26 20 31 22 33 32 27 4846 33 32 20 59 3337 88 40 85 68 29 66 84 59
internal_value=-9.10973e-05 -0.0115254 -2.08312e-05 -5.42968e-05 -0.000582322 0.000745994 0.0111801 -0.000164022 0.00770186 0.0020202 0.0258065 -0.000396476 -0.00579125 -0.00149733 -0.0130909 -0.00717949 -8.54203e-05 0.00511475 0.0166154 0.0110145 0.0142373 0.000285244 -0.00453074 0.000180995 -0.00331492 0.00583333 0.000784314 0.002 -0.00137931 0.00195804
internal_weight=9660 59 9601 9577 5770 3807 161 5609 161 99 62 5448 297 187 110 78 5151 305 65 138 118 3646 309 221 181 96 51 240 174 143
internal_count=9660 59 9601 9577 5770 3807 161 5609 161 99 62 5448 297 187 110 78 5151 305 65 138 118 3646 309 221 181 96 51 240 174 143
is_linear=0
shrinkage=0.08


Tree=232
num_leaves=31
num_cat=0
split_feature=23 19 23 17 23 33 4 4 6 13 27 4 31 17 6 25 21 23 31 25 7 15 17 4 29 7 39 21 6 6
split_gain=1.2268 1.43958 0.667777 0.622842 0.778138 0.595448 1.53325 1.42134 0.94994 1.25528 0.893654 1.21211 1.14286 1.18528 0.6412 1.13465 0.661154 0.575109 0.907277 0.796344 1.57117 1.96485 0.689954 0.572746 1.59129 1.56467 1.2448 1.92712 1.02051 1.48203
threshold=20.578700000000001 20.578700000000001 22.248450000000002 12.978900000000001 16.900950000000005 0.75955000000000006 30.500000000000004 5.5000000000000009 0.25539810706865779 15.515000000000002 16.403200000000002 34.500000000000007 16.964700000000004 17.155700000000007 2.983717609755606 17.071750000000005 13.818850000000003 13.851850000000002 14.082400000000002 13.884750000000002 14.122820000000001 14.197750000000001 14.197750000000001 55.500000000000007 18.042600000000004 18.086337500000006 76.487220900015117 14.481250000000001 0.18815176773732298 0.20424385750989243
decision_type=2 2 2 2 2 2 2 2 2 2 2 2 2 2 2 2 2 2 2 2 2 2 2 2 2 2 2 2 2 2
left_child=1 3 -2 4 -1 14 7 -7 -9 -10 11 -8 -12 -14 16 -16 -5 18 -18 20 -19 -22 -20 -21 25 26 -25 -28 -29 -30
right_child=2 -3 -4 5 -6 6 10 8 9 -11 12 -13 13 -15 15 -17 17 19 22 23 21 -23 -24 24 -26 -27 27 28 29 -31
leaf_value=0.00070815460271504097 -0.0004185093162197262 0.0014584647682070796 -8.9848829259722154e-05 0.00018478216120612956 -8.2090974791526613e-06 0.010911039803702637 0.00077332854474292394 0.00015627345147265715 -0.00039316680991120735 -0.0044789880344333708 0.0016096918936221983 -0.00046191131819284692 -0.00036454502320793837 0.0043435929829480817 -0.0020632989105367019 0.00032458149308325804 0.00065731696672770572 -0.00071646197485698338 -0.00015516784834460396 -7.6144060983551755e-06 0.0021169631425418346 -0.00070531537022631595 -0.0022713833603084767 0.002630270916467481 -0.00036024144647726078 0.0069884677785793771 -0.0016943064272307139 -0.00073221490005693113 0.002774185834331604 0.00020436538936380088
leaf_weight=26 34 39 25 45 23 27 23 23 36 62 21 27 22 20 50 28 23 22 20 8353 44 23 21 35 32 21 71 45 71 348
leaf_count=26 34 39 25 45 23 27 23 23 36 62 21 27 22 20 50 28 23 22 20 8353 44 23 21 35 32 21 71 45 71 348
internal_value=-2.48447e-05 4.58286e-05 -0.0115254 -1.67329e-05 0.00897959 -6.30716e-05 -0.00383142 -0.00918919 -0.0128926 -0.0163265 0.00318584 -0.0048 0.00952381 0.00190476 4.32339e-05 -0.00717949 0.000104644 5.69613e-05 -0.0075 0.000110314 0.00764045 0.0137313 -0.0146341 3.56506e-05 0.0023756 0.00331641 0.00252632 0.00157009 0.00344828 0.0046778
internal_weight=9660 9601 59 9562 49 9513 261 148 121 98 113 50 63 42 9252 78 9174 9129 64 9065 89 67 41 8976 623 591 570 535 464 419
internal_count=9660 9601 59 9562 49 9513 261 148 121 98 113 50 63 42 9252 78 9174 9129 64 9065 89 67 41 8976 623 591 570 535 464 419
is_linear=0
shrinkage=0.08


Tree=233
num_leaves=31
num_cat=0
split_feature=23 15 19 27 17 33 33 17 15 17 15 6 23 7 33 29 17 8 13 23 7 5 5 25 33 4 31 13 29 21
split_gain=1.03083 0.815397 0.85874 1.54258 1.66307 0.872361 0.867253 0.73373 0.698518 1.2103 1.06357 0.975514 0.867423 1.21795 1.05239 0.911124 1.08649 0.81542 0.726397 0.618027 0.551417 1.4954 1.75896 1.27401 1.81191 1.85129 1.46507 1.27174 1.26319 1.67488
threshold=21.448650000000004 9.6461500000000004 18.556400000000004 17.911800000000003 17.783000000000005 0.040200000000000465 -0.49455000000000021 18.087200000000003 18.894150000000003 12.978900000000001 20.384450000000005 3.4076744968234549 18.642900000000001 17.064230833333337 -3.0739500000000004 18.731750000000002 16.938100000000002 1.080942558763023 12.978900000000001 18.556400000000004 14.470196666666668 14.190023333333334 14.184003333333335 14.413900000000002 -0.36499999999999927 9.5000000000000018 14.593050000000002 14.593050000000002 14.115350000000001 14.131850000000002
decision_type=2 2 2 2 2 2 2 2 2 2 2 2 2 2 2 2 2 2 2 2 2 2 2 2 2 2 2 2 2 2
left_child=1 -1 8 4 -4 6 -5 -7 9 -3 17 12 14 -14 -11 18 -17 -10 -16 20 21 22 -20 24 -22 26 -26 -27 29 -23
right_child=-2 2 3 5 -6 7 -8 -9 10 11 -12 -13 13 -15 15 16 -18 -19 19 -21 23 28 -24 -25 25 27 -28 -29 -30 -31
leaf_value=-0.00042225449296438454 -0.00019718309302533044 0.00071620413567586639 -8.9344110160709538e-05 0.00034830816673434131 0.0019049570466334843 0.00035691637106396003 -0.0015847037400625653 -0.00015979531081953269 -5.7408508107243959e-05 0.00040689166034127314 0.00026481729706063107 -0.0010940627112384505 -2.6169736702712499e-05 0.0034641784759574536 -0.00073930929571950797 0.00010916250021111296 -0.00093102711917801171 -0.0025477718304210838 -1.6622589953527722e-05 -0.00056646726903991868 -0.00033798144876918458 0.0013479665744434044 0.0027633529412563009 7.0499356169762e-06 0.00034564619108927273 0.00041340406126153087 -0.005057238388480414 0.0033673586807382349 -0.00066719651999818557 -0.00027059357245754259
leaf_weight=25 41 25 33 23 56 21 24 24 20 29 27 31 38 27 22 29 32 23 896 26 30 31 33 7552 32 171 22 52 225 40
leaf_count=25 41 25 33 23 56 21 24 24 20 29 27 31 38 27 22 29 32 23 896 26 30 31 33 7552 32 171 22 52 225 40
internal_value=-2.48447e-05 2.91091e-05 6.67084e-05 0.00552486 0.0130337 -0.00173913 -0.0093617 0.00622222 -3.8245e-05 2.14064e-05 -0.008 -2.57566e-05 2.15355e-05 0.00923077 -4.33745e-05 -9.13739e-05 -0.00983607 -0.015814 -2.62812e-05 8.78156e-06 4.40335e-05 -0.00153469 4.30571e-05 0.000290113 0.00534202 0.00736462 -0.00592593 0.010583 -0.00648649 0.0028169
internal_weight=9660 9619 9594 181 89 92 47 45 9413 9343 70 9318 9287 65 9222 9193 61 43 9132 9110 9084 1225 929 7859 307 277 54 223 296 71
internal_count=9660 9619 9594 181 89 92 47 45 9413 9343 70 9318 9287 65 9222 9193 61 43 9132 9110 9084 1225 929 7859 307 277 54 223 296 71
is_linear=0
shrinkage=0.08


Tree=234
num_leaves=31
num_cat=0
split_feature=23 15 15 25 21 15 33 25 19 7 8 8 15 39 17 25 1 21 5 4 4 23 8 8 19 4 33 33 33 19
split_gain=0.739807 0.816338 1.37711 0.750005 1.33333 0.53169 0.616652 0.6654 0.742401 1.0481 1.76597 1.70969 0.885891 0.860119 0.816072 0.642641 1.19393 1.04221 0.556936 0.510149 4.82913 2.31347 1.91062 2.23253 1.7217 1.49027 1.41709 1.51714 1.29061 1.17047
threshold=21.448650000000004 21.934550000000005 20.578700000000001 20.213250000000006 17.955650000000002 9.6461500000000004 -4.6574999999999998 19.533250000000006 18.556400000000004 18.089694166666671 1.437646543541456 1.1357085163796257 19.274100000000001 97.267536175815465 12.978900000000001 13.818850000000003 13.500000000000002 19.274100000000001 14.092543333333335 14.500000000000002 15.500000000000002 14.4777 0.24028468717416576 0.39477492758985461 18.356750000000002 7.5000000000000009 -0.62795000000000012 -0.55495000000000061 -0.44760000000000039 17.955650000000002
decision_type=2 2 2 2 2 2 2 2 2 2 2 2 2 2 2 2 2 2 2 2 2 2 2 2 2 2 2 2 2 2
left_child=1 2 3 5 -5 -1 -7 8 12 10 11 13 14 -10 -8 16 -16 18 -17 24 21 -21 -23 -24 25 26 -20 -28 -29 -30
right_child=-2 -3 -4 4 -6 6 7 -9 9 -11 -12 -13 -14 -15 15 17 -18 -19 19 20 -22 22 23 -25 -26 -27 27 28 29 -31
leaf_value=-0.00038847413352726789 -0.00018140844558331537 -0.00032454055503734481 0.0010846082014662529 -5.2299422813035792e-05 0.00089974891017675419 0.0009305540936571788 0.00016323068369217709 -0.00041549029022853291 0.0023206862977505692 0.0045371176598825967 0.0090170503338265467 -0.0045957272870671773 -0.0011901091236551763 -0.00035347890770339065 -0.00013985709404281012 -0.00053104106874073413 7.1267482455468216e-05 -0.0007511497849694138 0.0026166436327490316 0.0092751827022007662 7.3501633687556021e-06 0.0004647406021109646 0.0098392027844838026 0.0016036495251211848 -0.0025396837736710153 -0.00025592933081028944 -0.001779749047518635 0.0014940795292714881 -1.9051765225626128e-05 0.00060939272624523251
leaf_weight=23 41 25 26 24 24 26 25 24 21 25 25 25 28 27 31 55 34 24 50 25 6671 65 23 38 34 1048 26 39 1042 66
leaf_count=23 41 25 26 24 24 26 25 24 21 25 25 25 28 27 31 55 34 24 50 25 6671 65 23 38 34 1048 26 39 1042 66
internal_value=-8.28157e-06 3.74259e-05 7.50469e-05 2.50836e-05 0.01 -2.52101e-05 4.21186e-06 -2.95639e-05 4.23415e-06 0.00617886 0.00244898 -0.00383562 -7.72201e-05 0.005 -3.44234e-05 -7.3347e-05 -0.008 -1.738e-05 2.61381e-05 7.45042e-05 0.000422164 0.0145695 0.0101587 0.0203279 -0.000954447 -0.000686922 0.00121014 0.000647911 0.00108108 0.000577617
internal_weight=9660 9619 9594 9568 48 9520 9497 9471 9447 123 98 73 9324 48 9296 9271 65 9206 9182 9127 6822 151 126 61 2305 2271 1223 1173 1147 1108
internal_count=9660 9619 9594 9568 48 9520 9497 9471 9447 123 98 73 9324 48 9296 9271 65 9206 9182 9127 6822 151 126 61 2305 2271 1223 1173 1147 1108
is_linear=0
shrinkage=0.08


Tree=235
num_leaves=31
num_cat=0
split_feature=23 15 15 25 1 17 21 5 31 19 15 19 25 39 31 6 23 23 33 21 4 23 39 29 1 1 5 8 4 1
split_gain=0.739807 0.816338 0.968645 0.544073 1.30054 0.761775 0.577254 0.621685 1.48148 0.846916 1.79483 1.05861 1.04061 1.6677 1.45307 1.2396 1.12581 1.40882 1.42058 1.18528 1.125 0.875175 2.02915 1.07586 1.00045 0.859524 0.810001 0.75894 0.546678 1.2057
threshold=21.448650000000004 21.934550000000005 20.384450000000005 13.818850000000003 13.500000000000002 14.800550000000003 21.067900000000005 18.096390000000003 17.693600000000004 17.846600000000006 17.791300000000003 17.791300000000003 18.087200000000003 99.587003264888509 18.275250000000003 0.21645223347815792 17.955650000000002 18.158950000000001 0.27590000000000098 17.955650000000002 33.500000000000007 17.955650000000002 97.842033181935662 18.120150000000006 5.5000000000000009 6.5000000000000009 18.093710000000005 0.2560719989406165 55.500000000000007 1.5000000000000002
decision_type=2 2 2 2 2 2 2 2 2 2 2 2 2 2 2 2 2 2 2 2 2 2 2 2 2 2 2 2 2 2
left_child=1 2 3 4 -1 -6 7 26 -9 10 -10 -12 15 14 21 -11 25 18 19 -18 -19 22 -14 24 -23 -17 28 -15 -5 -30
right_child=-2 -3 -4 6 5 -7 -8 8 9 12 11 -13 13 27 -16 16 17 20 -20 -21 -22 23 -24 -25 -26 -27 -28 -29 29 -31
leaf_value=-0.00012866852651939099 -0.00016689576993655919 -0.00029857731063430036 0.00089305672379524025 2.792586303002054e-07 0.00070916250411187317 -0.00033851257909759623 0.00020655000272796543 -0.0063995600269670661 7.5456116893235506e-05 -0.00032353002632220298 -0.0029441945476445142 -9.8147186962904706e-05 0.0005725494367193562 -2.1209576195815317e-05 -0.0017040451300815108 0.0033260665240915444 -0.0021940721698260291 0.00010483526557493406 -0.00095734382810064745 0.00050444449703974221 0.0013130339767310772 -0.00066828403698906416 -0.0010746960450894961 0.0010773011305434466 5.2551060981329556e-05 7.0101108884443872e-05 0.00076633130725113575 0.0025592382667016978 0.0073856086604405392 0.00010013088181224816
leaf_weight=31 41 25 31 8336 23 25 21 20 29 35 28 26 22 21 24 28 22 36 20 20 36 20 24 20 38 20 30 23 45 540
leaf_count=31 41 25 31 8336 23 25 21 20 29 35 28 26 22 21 24 28 22 36 20 20 36 20 24 20 38 20 30 23 45 540
internal_value=-8.28157e-06 3.74259e-05 7.50469e-05 2.92795e-05 -0.00658228 0.00166667 8.43526e-05 5.49509e-05 -0.00265625 -0.00178862 -0.00915663 -0.0177778 -0.000293399 -0.00458333 -0.00864865 0.0035023 0.00615385 0.00238806 -0.00645161 0.00190476 0.01 -0.00516129 -0.013913 0 -0.00551724 0.0166667 0.000210032 0.00909091 0.000165901 0.00252991
internal_weight=9660 9619 9594 9563 79 48 9484 9463 512 492 83 54 409 192 148 217 182 134 62 42 72 124 46 78 58 48 8951 44 8921 585
internal_count=9660 9619 9594 9563 79 48 9484 9463 512 492 83 54 409 192 148 217 182 134 62 42 72 124 46 78 58 48 8951 44 8921 585
is_linear=0
shrinkage=0.08


Tree=236
num_leaves=31
num_cat=0
split_feature=23 25 19 17 17 6 39 27 7 6 15 17 19 23 5 39 29 5 15 6 1 1 19 1 21 33 31 15 6 29
split_gain=0.74095 0.625735 1.83948 0.895459 0.579993 1.28323 1.15304 1.6933 0.857175 1.07961 0.841154 0.638044 3.68335 1.88234 1.32391 0.991837 1.21342 1.42238 1.12984 2.36885 1.34069 1.30486 0.910996 2.15176 1.60215 1.70313 1.57472 2.45014 1.31066 1.23616
threshold=21.448650000000004 13.818850000000003 16.938100000000002 14.800550000000003 13.917650000000002 0.21563802280612135 78.379009905497512 15.763450000000002 14.129437500000002 0.18538231707904668 14.329500000000001 14.260600000000002 14.642450000000002 14.615850000000002 14.112356666666669 78.636758680604913 14.153300000000002 14.20667880952381 14.378900000000002 0.20083479446006675 6.5000000000000009 14.500000000000002 14.115350000000001 5.5000000000000009 14.329500000000001 -0.13789999999999922 14.284200000000002 14.284200000000002 0.17767665559803225 14.510650000000002
decision_type=2 2 2 2 2 2 2 2 2 2 2 2 2 2 2 2 2 2 2 2 2 2 2 2 2 2 2 2 2 2
left_child=1 2 3 -1 5 8 10 -8 9 -3 -7 12 13 15 -13 18 -17 -18 21 -20 -21 -6 23 -16 25 -24 27 -27 -25 -28
right_child=-2 4 -4 -5 11 6 7 -9 -10 -11 -12 14 -14 -15 22 16 17 -19 19 20 -22 -23 24 28 -26 26 29 -29 -30 -31
leaf_value=-4.4178198291433549e-05 -0.00015354410834163447 0.00031491459912970756 0.001540091373559136 -0.0019807265992542256 -6.5002183066837919e-05 0.00024270053090958755 -0.0065775133431750276 0.0021301798672743646 -0.0012898358039495151 -0.00046175801573809848 0.00094775950487331791 0.00081079665296527996 -0.007595497102213784 -0.0045804003852664725 -0.001173177340908751 -5.208091491084588e-06 0.0029286748448475921 0.00039121716054523858 0.0019514761520213143 -0.00059583803228512977 7.7707012873275979e-05 -0.00087108984373799106 0.001850006525748853 0.0020422239764387486 6.9504627761318714e-06 0.00043215663408126661 -0.0016530412302505227 0.003737642762256712 -6.8357694002330047e-05 0.0020660373893532837
leaf_weight=39 41 21 21 20 506 26 26 27 28 33 24 53 20 24 71 67 27 20 61 34 27 62 57 20 8054 72 25 22 94 38
leaf_count=39 41 21 21 20 506 26 26 27 28 33 24 53 20 24 71 67 27 20 61 34 27 62 57 20 8054 72 25 22 94 38
internal_value=0 4.57428e-05 -0.007 -0.0142373 0.000104833 0.00454054 0.0104854 0.00226415 -0.00292683 0.00296296 0.0192 1.7105e-05 -0.00207547 -0.00125604 0.000225723 -0.000597015 0.00631579 0.0161702 -0.00173913 0.0052459 -0.00590164 -0.00323944 0.000146693 -0.00540541 0.000270924 0.0071028 0.00280255 0.0093617 0.00140351 -0.00698413
internal_weight=9660 9619 80 59 9539 185 103 53 82 54 50 9354 848 828 8506 804 114 47 690 122 61 568 8453 185 8268 214 157 94 114 63
internal_count=9660 9619 80 59 9539 185 103 53 82 54 50 9354 848 828 8506 804 114 47 690 122 61 568 8453 185 8268 214 157 94 114 63
is_linear=0
shrinkage=0.08


Tree=237
num_leaves=31
num_cat=0
split_feature=23 25 25 4 27 25 7 39 15 15 17 13 1 13 29 33 39 13 25 33 21 5 1 15 25 6 5 29 13 17
split_gain=0.74095 0.691326 0.618393 1.20712 0.89966 0.68681 1.14433 0.583891 0.811839 1.38528 1.27536 0.987715 1.93512 1.33376 1.35402 1.27509 1.37286 1.12929 2.49857 1.7398 1.11485 1.07302 1.04487 1.45744 1.36432 1.10025 1.01551 0.885352 0.818714 1.17995
threshold=21.448650000000004 21.067900000000005 13.818850000000003 22.500000000000004 14.344400000000002 13.884750000000002 14.134939166666669 52.453235168824172 13.884750000000002 13.917650000000002 14.197750000000001 14.153300000000002 1.0000000180025095e-35 14.230700000000001 14.043850000000001 -0.19835000000000044 76.576399801107129 14.284200000000002 14.395400000000002 -0.099150000000000724 13.851850000000002 14.20667880952381 2.5000000000000004 14.284200000000002 13.917650000000002 0.18815176773732298 14.20667880952381 13.884750000000002 14.115350000000001 14.115350000000001
decision_type=2 2 2 2 2 2 2 2 2 2 2 2 2 2 2 2 2 2 2 2 2 2 2 2 2 2 2 2 2 2
left_child=1 2 3 -1 -5 6 -4 -7 -9 10 -10 12 21 14 -13 -16 -17 18 19 -15 -14 -11 23 25 -24 -22 -18 -26 -29 -30
right_child=-2 -3 5 4 -6 7 -8 8 9 11 -12 13 20 17 15 16 26 -19 -20 -21 22 -23 24 -25 27 -27 -28 28 29 -31
leaf_value=-0.00012054221225071161 -0.00014126057967416727 0.00028282502774814591 9.31265664254255e-05 -0.00019305062768459891 0.00071525689361038756 0.00035193754008545854 0.0013015663803361121 -0.00020262785046746502 0.0020291896534372 -0.0003142627738545656 0.00033474798318216869 0.0025431611452292201 0.00017591921639137809 -0.0017850090632652638 0.0013077729713485554 -0.003583970575257567 0.0033701389310462561 1.0003023861600013e-05 -0.0068895107665320407 0.00356184730864058 -0.00026179655338289367 -0.0072915959618214997 -0.0034058292760070687 -0.00036698005986153249 0.0010436981904939557 0.00066433100220713475 -0.00039987060903690975 -7.1031432289601066e-05 0.00020698626825733869 -0.0021957518613512405
leaf_weight=31 41 36 38 28 21 21 23 124 24 36 22 35 23 20 26 20 24 8335 28 26 20 20 26 29 21 48 26 435 21 32
leaf_count=31 41 36 38 28 21 21 23 124 24 36 22 35 23 20 26 20 24 8335 28 26 20 20 26 29 21 48 26 435 21 32
internal_value=0 4.57428e-05 4.17406e-06 -0.007 0.000816327 6.3138e-05 0.00852459 8.47278e-06 -2.12292e-05 6.45369e-05 0.013913 -4.32386e-06 -0.0028692 0.000234192 0.00824427 0.00333333 -0.00228571 0.000109407 -0.00972973 0.00173913 -0.00164885 -0.0171429 -0.00227848 0.00536082 -0.00366355 0.0117647 0.0048 -0.00275049 -0.00344262 -0.0128302
internal_weight=9660 9619 9583 80 49 9503 61 9442 9421 9297 46 9251 711 8540 131 96 70 8409 74 46 655 56 632 97 535 68 50 509 488 53
internal_count=9660 9619 9583 80 49 9503 61 9442 9421 9297 46 9251 711 8540 131 96 70 8409 74 46 655 56 632 97 535 68 50 509 488 53
is_linear=0
shrinkage=0.08


Tree=238
num_leaves=31
num_cat=0
split_feature=23 25 19 29 25 25 7 15 15 17 5 31 25 4 5 17 6 31 17 21 8 29 6 19 27 25 21 5 7 8
split_gain=0.747827 0.826114 1.04719 0.980392 0.676706 0.677277 1.14433 0.591346 1.36987 1.27536 0.90773 1.46277 1.28106 1.00575 0.651462 2.45065 0.962616 1.4816 0.91618 1.03045 0.820116 0.64035 1.63745 1.56521 1.7087 1.61897 1.01065 1.85328 1.27834 2.01394
threshold=21.448650000000004 13.818850000000003 16.365600000000004 14.230700000000001 21.067900000000005 13.884750000000002 14.134939166666669 13.884750000000002 13.917650000000002 14.197750000000001 14.114563333333335 14.153300000000002 14.131850000000002 33.500000000000007 14.114563333333335 14.284200000000002 0.1660777846506479 14.362500000000002 14.09895 14.131850000000002 0.19861217915960236 14.066000000000001 0.16354336833380526 14.000100000000002 14.131850000000002 14.260600000000002 14.09895 14.143193333333336 14.853110833333336 0.21969386369127972
decision_type=2 2 2 2 2 2 2 2 2 2 2 2 2 2 2 2 2 2 2 2 2 2 2 2 2 2 2 2 2 2
left_child=1 2 3 -1 5 6 -3 10 9 -9 -7 12 -12 -13 15 16 -10 18 19 20 -18 22 -16 24 -24 -26 27 -25 29 -28
right_child=-2 4 -4 -5 -6 7 -8 8 14 -11 11 13 -14 -15 21 -17 17 -19 -20 -21 -22 -23 23 26 25 -27 28 -29 -30 -31
leaf_value=-2.5238203592721222e-05 -0.00012995973330021116 8.5676441111459667e-05 3.289456080068476e-05 -0.00028365268188849767 0.00026019902552825157 5.9401418644995375e-05 0.0011974410699092176 0.0018668544811622923 -0.0022597048602816016 0.00030796814452763502 -0.0045983540279877387 -0.0003481527600618506 -0.00010615719408235691 0.00072158347755532756 0.0013229386535937948 0.00095613910902542904 0.00077105552520308153 -0.0010681181804758921 -0.0013335935285593338 -0.00056556661543183395 -0.00014326492362037868 4.1710160178354273e-06 -0.0036910857376997799 7.7695737762013557e-05 0.00087595001073758282 -0.00033361116588110918 0.00029540394578248197 0.0022556622326612799 0.0031277941511487486 -0.0012242093965255663
leaf_weight=27 41 38 29 24 36 33 23 24 21 22 23 29 21 21 30 37 33 25 31 21 28 8697 37 59 22 23 81 55 27 42
leaf_count=27 41 38 29 24 36 33 23 24 21 22 23 29 21 21 30 37 33 25 31 21 28 8697 37 59 22 23 81 55 27 42
internal_value=4.96894e-05 9.5644e-05 -0.008 -0.014902 0.000163539 0.000122067 0.00852459 6.77822e-05 0.000141707 0.013913 -0.00535433 -0.0093617 -0.02 0 7.33628e-05 -0.0044898 -0.00880503 -0.00637681 -0.00247788 0.00195122 0.00721311 0.000171939 0.00340426 0.00184971 -0.00780488 0.00266667 0.00484848 0.0105263 0.000533333 -0.00292683
internal_weight=9660 9619 80 51 9539 9503 61 9442 9315 46 127 94 44 50 9269 196 159 138 113 82 61 9073 376 346 82 45 264 114 150 123
internal_count=9660 9619 80 51 9539 9503 61 9442 9315 46 127 94 44 50 9269 196 159 138 113 82 61 9073 376 346 82 45 264 114 150 123
is_linear=0
shrinkage=0.08


Tree=239
num_leaves=31
num_cat=0
split_feature=23 25 19 29 25 39 21 21 33 8 33 25 13 6 25 4 4 6 15 2 8 17 17 6 15 13 25 13 23 27
split_gain=0.739807 0.814275 1.04719 0.980392 0.683984 0.579102 0.530948 1.21379 0.662861 0.763618 0.710373 2.23005 1.7342 1.34635 2.16394 1.27122 1.96154 1.37447 1.21939 2.98807 2.56655 2.28957 2.24022 1.90401 1.225 1.21 1.15354 1.50498 1.95489 1.64035
threshold=21.448650000000004 13.818850000000003 16.365600000000004 14.230700000000001 21.067900000000005 52.453235168824172 21.067900000000005 19.886300000000002 2.4188999999999994 1.0368215307608737 0.26110000000000083 13.917650000000002 13.917650000000002 0.1814829670586581 14.09895 33.500000000000007 37.500000000000007 0.93886982703169042 14.576500000000001 1.0000000180025095e-35 0.20042072911948874 14.510650000000002 13.983600000000001 0.23461511155498113 15.426750000000002 16.639900000000001 18.120150000000006 16.852650000000001 15.249300000000002 16.929950000000002
decision_type=2 2 2 2 2 2 2 2 2 2 2 2 2 2 2 2 2 2 2 2 2 2 2 2 2 2 2 2 2 2
left_child=1 2 3 -1 5 -3 7 8 10 -10 12 -12 -7 14 -13 18 -17 26 22 21 24 -20 -15 -24 -21 -19 27 28 -18 -29
right_child=-2 4 -4 -5 -6 6 -8 -9 9 -11 11 13 -14 15 -16 16 17 25 19 20 -22 -23 23 -25 -26 -27 -28 29 -30 -31
leaf_value=-2.3219147305439947e-05 -0.00011956295463619426 0.00024729140815665573 3.026299593670956e-05 -0.00026096046733741217 0.00023938310348597724 -0.0029852741450527276 0.0002805482384979996 -0.0015741083404191159 0.00083136296786840097 -0.00081559446481605847 0.0020855345694498341 -0.00031649455853695942 -1.0253855160868852e-05 -0.00043196151683432048 0.0017434392024011913 -0.0027952207991343413 -0.00074222989873803154 0.00051886886630398972 0.00094035597583975062 0.0047467677127554708 0.00010359949887131848 -0.0051083408739891921 0.00079559909239300451 0.0026432406431466404 0.010563961744226446 0.001948724501726673 0.00033977362397308753 -0.003659277112903112 0.00093748588975486771 -0.0002198179984526405
leaf_weight=27 41 21 29 24 36 36 23 25 24 41 29 31 7278 38 152 139 149 25 20 20 830 33 96 29 20 20 33 32 244 115
leaf_count=27 41 21 29 24 36 36 23 25 24 41 29 31 7278 38 152 139 149 25 20 20 830 33 96 29 20 20 33 32 244 115
internal_value=-8.28157e-06 3.74259e-05 -0.008 -0.014902 0.000104833 6.3138e-05 3.37482e-05 4.22878e-06 5.08798e-05 -0.008 0.000106735 0.00142092 -0.00026251 0.00110563 0.00765027 0.000455779 -0.00206077 -0.00012945 0.00220994 0.00108342 0.0022069 -0.0173585 0.00858896 0.01376 0.022 0.0133333 -0.00118674 -0.00207407 0.000508906 -0.00897959
internal_weight=9660 9619 80 51 9539 9503 9482 9459 9434 65 9369 2055 7314 2026 183 1843 757 618 1086 923 870 53 163 125 40 45 573 540 393 147
internal_count=9660 9619 80 51 9539 9503 9482 9459 9434 65 9369 2055 7314 2026 183 1843 757 618 1086 923 870 53 163 125 40 45 573 540 393 147
is_linear=0
shrinkage=0.08


Tree=240
num_leaves=31
num_cat=0
split_feature=23 25 13 1 13 21 15 8 19 1 19 21 4 13 1 29 4 31 17 21 27 31 21 6 25 29 5 13 7 13
split_gain=0.497881 0.690287 0.471607 1.36425 1.09024 1.04117 1.08865 1.53523 1.31531 1.29873 1.766 1.00312 3.12213 1.42049 1.47717 0.82629 0.804103 0.786442 1.35729 1.19099 1.27201 1.08783 1.05681 2.01546 1.53274 1.11978 2.2335 1.28577 1.59325 1.31556
threshold=21.448650000000004 21.067900000000005 14.153300000000002 1.0000000180025095e-35 14.016500000000002 13.818850000000003 13.917650000000002 0.19201495402215982 14.642450000000002 2.5000000000000004 14.043850000000001 13.917650000000002 30.500000000000004 14.230700000000001 13.500000000000002 19.886300000000002 12.500000000000002 18.158950000000001 18.275250000000003 17.955650000000002 18.556400000000004 17.955650000000002 18.042600000000004 0.21834937182795863 17.887500000000003 18.120150000000006 18.082983333333338 18.197700000000005 18.090704166666672 17.846600000000006
decision_type=2 2 2 2 2 2 2 2 2 2 2 2 2 2 2 2 2 2 2 2 2 2 2 2 2 2 2 2 2 2
left_child=1 2 3 4 -1 -5 7 -7 9 10 -8 12 16 14 -13 17 -4 21 -19 -20 -21 -15 25 -24 -25 27 -27 29 -29 -23
right_child=-2 -3 11 5 -6 6 8 -9 -10 -11 -12 13 -14 15 -16 -17 -18 18 19 20 -22 22 23 24 -26 26 -28 28 -30 -31
leaf_value=-7.1959449114444856e-06 -0.00010999791826520778 0.00022023245520706782 -0.00050695306152903185 0.00029748809910977057 -0.0019667197567137863 0.0032396561182076768 -0.00010788816679308867 -0.00033533952407410083 -0.0026543119193577526 -7.5742318553864149e-05 0.0011596054959496626 0.001273624347622615 0.00016996672725483108 1.4208567663303028e-05 -0.0018622906327714617 -0.00019708430772766406 -0.0019878592223594184 5.2485242135560385e-05 -0.00035405417099042323 0.002540924363703425 0.00018836575148256429 0.0002157002528163332 -0.0058177093752512119 0.00054772962319631806 -0.00057250920240377919 0.0055242031046122972 -0.00024445827672565202 -0.00018171724214511187 0.0071637455185560844 -0.0013561179901228116
leaf_weight=29 41 36 25 28 36 25 27 43 38 556 70 122 54 7600 28 53 27 386 24 21 20 38 32 28 66 35 36 43 22 71
leaf_count=29 41 36 25 28 36 25 27 43 38 556 70 122 54 7600 28 53 27 386 24 21 20 38 32 28 66 35 36 43 22 71
internal_value=1.65631e-05 5.40597e-05 1.25222e-05 -0.00178404 -0.0129231 -0.000864041 -0.00142292 0.00823529 -0.00237337 -0.00153139 0.00701031 0.000187836 -0.00754717 0.000282899 0.008 0.000146313 -0.0215385 0.000208976 0.00345898 0.0141538 0.022439 2.5091e-05 -0.00420485 -0.0101587 -0.00425532 -0.00114286 0.00732394 -0.0045977 0.00430769 -0.00990826
internal_weight=9660 9619 9583 852 65 787 759 68 691 653 97 8731 106 8625 150 8475 52 8422 451 65 41 7971 371 126 94 245 71 174 65 109
internal_count=9660 9619 9583 852 65 787 759 68 691 653 97 8731 106 8625 150 8475 52 8422 451 65 41 7971 371 126 94 245 71 174 65 109
is_linear=0
shrinkage=0.08


Tree=241
num_leaves=31
num_cat=0
split_feature=17 7 23 23 29 25 39 27 25 15 21 23 5 29 5 13 7 31 1 27 15 19 15 15 39 8 19 1 7 23
split_gain=0.561575 1.28109 1.10572 1.2524 0.971361 0.652225 1.17835 0.797285 1.01739 0.952614 0.686481 0.580906 0.535232 1.0918 0.527246 0.850189 0.68633 0.594832 1.19668 1.05511 1.44387 1.44104 1.56848 1.56019 1.18965 1.05402 1.01677 0.992299 0.87931 0.794487
threshold=19.122800000000002 16.245385000000002 17.071750000000005 18.556400000000004 18.517300000000002 19.979150000000001 93.37900982393144 19.787800000000001 17.887500000000003 20.384450000000005 12.978900000000001 19.979150000000001 14.092543333333335 13.950650000000001 18.142023333333338 18.243650000000006 18.103780833333335 18.158950000000001 3.5000000000000004 18.197700000000005 18.120150000000006 17.955650000000002 16.700900000000004 17.887500000000003 98.11092931967957 0.23817478687176727 17.846600000000006 14.500000000000002 18.090704166666672 17.993150000000004
decision_type=2 2 2 2 2 2 2 2 2 2 2 2 2 2 2 2 2 2 2 2 2 2 2 2 2 2 2 2 2 2
left_child=5 -2 -3 -4 -5 7 -7 9 -9 10 -1 12 13 -12 17 16 -16 -14 26 20 21 22 -20 -24 -23 -25 -19 28 -26 -28
right_child=1 2 3 4 -6 6 -8 8 -10 -11 11 -13 14 -15 15 -17 -18 18 19 -21 -22 24 23 25 27 -27 29 -29 -30 -31
leaf_value=0.00016787122074916284 -0.00011382830786374143 -0.0017242604057338441 0.0046353577615155924 -0.00079287643213575619 0.00021023842416596495 -0.00013289352296624201 0.0030373121500366553 3.6654154552024924e-05 -0.00036034606297221218 0.0017785307079300594 0.0005489639964311266 0.0016970917381132723 -1.6497601372122971e-07 -0.00060046809899503726 -0.00016191005435146623 4.767155848739435e-05 -0.0010723266730596492 -0.00023549446688051035 0.00033258253054071932 0.0012992998092769882 -0.0021289127220201465 -0.00083357075086212264 -0.0025608812574012063 -0.00042383173049941546 -7.1551339325566228e-05 0.0011889341175279355 0.00025135103487741619 0.0021770154934057473 0.00074082129016787238 0.0053634237994344856
leaf_weight=36 31 21 28 21 32 31 23 26 20 21 24 21 8796 44 32 30 34 23 29 39 48 24 49 22 34 24 29 21 24 23
leaf_count=36 31 21 28 21 32 31 23 26 20 21 24 21 8796 44 32 30 34 23 29 39 48 24 49 22 34 24 29 21 24 23
internal_value=4.96894e-05 -0.00511278 -0.000784314 0.00345679 -0.00377358 0.000121759 0.00888889 7.1783e-05 -0.0104348 0.000123051 8.50521e-05 4.26894e-05 1.28356e-05 -0.00705882 6.46482e-05 -0.00583333 -0.0109091 0.000126293 0.00318766 0.00101911 -0.000727273 0.00193833 -0.00387097 -0.00884211 0.00893204 0.00173913 0.0122667 0.0136709 0.00827586 0.0184615
internal_weight=9660 133 102 81 53 9527 54 9473 46 9427 9406 9370 9349 68 9281 96 66 9185 389 314 275 227 124 95 103 46 75 79 58 52
internal_count=9660 133 102 81 53 9527 54 9473 46 9427 9406 9370 9349 68 9281 96 66 9185 389 314 275 227 124 95 103 46 75 79 58 52
is_linear=0
shrinkage=0.08


Tree=242
num_leaves=31
num_cat=0
split_feature=23 15 21 21 15 17 1 33 33 8 8 23 23 21 7 13 1 23 5 15 29 6 4 13 29 21 7 13 15 1
split_gain=1.02679 0.81258 0.530832 1.13004 0.994965 0.822776 0.982692 0.804038 0.630165 1.93882 2.04737 1.12734 1.03124 1.64205 1.19357 1.01076 2.23809 1.43289 1.66302 2.16487 1.00198 0.984057 0.937279 0.824916 0.728172 0.611154 0.583303 1.29453 1.33192 2.41192
threshold=21.448650000000004 21.934550000000005 21.067900000000005 19.886300000000002 19.979150000000001 19.011950000000002 10.500000000000002 -4.6574999999999998 -0.9933499999999994 1.7113343486372252 0.89181108688505106 18.642900000000001 18.478250000000003 17.993150000000004 18.082992500000003 18.243650000000006 17.500000000000004 18.158950000000001 18.072250000000004 18.042600000000004 17.887500000000003 0.26973543281706808 30.500000000000004 17.532950000000003 20.808800000000002 17.911800000000003 18.086337500000006 17.846600000000006 17.955650000000002 10.500000000000002
decision_type=2 2 2 2 2 2 2 2 2 2 2 2 2 2 2 2 2 2 2 2 2 2 2 2 2 2 2 2 2 2
left_child=1 2 3 4 5 7 -7 -1 9 10 23 12 15 14 -14 24 17 21 -19 -20 -21 -17 -12 -9 26 -13 -10 -28 29 -29
right_child=-2 -3 -4 -5 -6 6 -8 8 11 -11 22 25 13 -15 -16 16 -18 18 19 20 -22 -23 -24 -25 -26 -27 27 28 -30 -31
leaf_value=0.0019451674918082064 -0.00021719780491423536 -0.00036451035309397638 0.00018370290516756427 -9.2035852968024305e-05 0.00087799621184828428 0.00030629860440853921 -0.0004572905519776782 0.0021102909232219246 1.3095478087521429e-05 0.00056116565944307694 -0.014968254018138012 0.00017105143908089816 -0.00032694250434218476 6.0247408007967352e-05 -0.0013840448845306242 0.00038232645813280898 -0.0015664924776359612 0.0028513508778976872 -0.0035575533712867012 -0.00025340208175379076 0.0023767105418869504 0.0037688572050242897 -0.0005108166333938868 -0.00032060371817607349 -0.0011122215779079171 0.0029590411490716664 0.00021225065448419401 0.00063008597333194419 -0.00054973400259115122 -0.00038850023879803079
leaf_weight=25 41 25 30 32 36 28 41 27 8482 23 24 34 24 25 31 41 20 38 41 22 24 32 25 33 22 22 62 92 217 41
leaf_count=25 41 25 30 32 36 28 41 27 8482 23 24 34 24 25 31 41 20 38 41 22 24 32 25 33 22 22 62 92 217 41
internal_value=-4.96894e-05 4.15844e-06 4.16927e-05 8.3647e-06 5.87495e-05 8.4246e-06 -0.00869565 7.21332e-05 3.40353e-05 -0.00545455 -0.00990826 0.00011219 4.34122e-05 -0.009 -0.0167273 0.000122619 0.00550459 0.00808081 0.00288 -0.00321839 0.00869565 0.0169863 -0.0220408 0 -8.97263e-06 0.0114286 2.69845e-05 -0.00291262 -0.0048 0.00150376
internal_weight=9660 9619 9594 9564 9532 9496 69 9427 9402 132 109 9270 9214 80 55 9134 218 198 125 87 46 73 49 60 8916 56 8894 412 350 133
internal_count=9660 9619 9594 9564 9532 9496 69 9427 9402 132 109 9270 9214 80 55 9134 218 198 125 87 46 73 49 60 8916 56 8894 412 350 133
is_linear=0
shrinkage=0.08


Tree=243
num_leaves=31
num_cat=0
split_feature=17 4 25 25 33 21 39 6 7 5 17 17 4 4 31 15 29 4 19 1 25 5 29 33 31 21 19 27 27 25
split_gain=0.827346 0.785179 0.668744 1.02299 0.572024 0.561631 2.35384 1.30971 0.556672 1.39912 2.02759 1.85982 1.09625 2.23461 1.93866 1.98104 1.81899 2.01899 2.05128 1.6 1.53042 2.59282 2.06478 1.71949 1.39133 1.44048 1.44009 1.36912 2.35269 1.29727
threshold=19.122800000000002 39.500000000000007 19.787800000000001 17.042850000000005 -0.64520000000000077 13.818850000000003 82.137574322253542 0.55190453256635519 14.470196666666668 14.595320000000003 14.510650000000002 14.800550000000003 16.500000000000004 14.500000000000002 14.230700000000001 14.395400000000002 14.312950000000003 1.5000000000000002 14.197750000000001 6.5000000000000009 14.312950000000003 14.20667880952381 14.214150000000002 0.32945000000000052 14.082400000000002 14.046700000000003 14.016500000000002 14.230700000000001 14.066000000000001 14.153300000000002
decision_type=2 2 2 2 2 2 2 2 2 2 2 2 2 2 2 2 2 2 2 2 2 2 2 2 2 2 2 2 2 2
left_child=5 2 3 -2 -5 6 7 -1 12 10 -10 -12 13 16 20 -16 17 -7 -19 -15 21 23 24 29 25 -22 -26 28 -18 -14
right_child=1 -3 -4 4 -6 8 -8 -9 9 -11 11 -13 14 19 15 -17 27 18 -20 -21 22 -23 -24 -25 26 -27 -28 -29 -30 -31
leaf_value=0.00012611682167325001 -0.0003615092417667398 2.0980089964766081e-05 -0.00027071644614295564 0.0074132588028184903 -0.00015411172490914282 0.0031746305205155069 -0.0010045746127187271 0.0010027476363580945 4.2404919453247205e-05 4.1203385649168927e-06 0.0034394035860103147 -0.00013582393212161037 -2.9377328610280528e-06 0.0049812290404103975 -0.00016976109493867852 -0.0039360510017658612 -1.7028570232042741e-05 -0.00035575733644165552 0.00085478667828169823 0.00063451098695765039 -0.00022807425464833387 -0.0028303278698663804 0.003440044571343961 0.0023723485954920422 -0.0026251540269466036 0.0021738654468796883 9.0437528240556726e-05 0.00040999738596717353 -0.0079999962233793555 -0.00052538301694326605
leaf_weight=22 34 26 25 20 28 23 28 25 203 7939 68 31 279 20 233 45 25 156 39 20 42 29 28 26 26 42 33 32 24 89
leaf_count=22 34 26 25 20 28 23 28 25 203 7939 68 31 279 20 233 45 25 156 39 20 42 29 28 26 26 42 33 32 24 89
internal_value=-4.96894e-05 -0.00631579 -0.00934579 -0.00585366 0.00166667 3.77873e-05 0.00693333 0.0178723 -1.69276e-05 0.00021842 0.00556291 0.0149495 -0.0016185 0.00224189 -0.00311927 -0.00863309 -0.000133779 0.00366972 0.00102564 0.02 -0.000538721 -0.00312057 0.00584795 -0.00142132 0.00195804 0.00857143 -0.00745763 -0.0103704 -0.0187755 -0.00282609
internal_weight=9660 133 107 82 48 9527 75 47 9452 8241 302 99 1211 339 872 278 299 218 195 40 594 423 171 394 143 84 59 81 49 368
internal_count=9660 133 107 82 48 9527 75 47 9452 8241 302 99 1211 339 872 278 299 218 195 40 594 423 171 394 143 84 59 81 49 368
is_linear=0
shrinkage=0.08


Tree=244
num_leaves=31
num_cat=0
split_feature=23 15 6 33 33 25 23 7 15 17 23 2 39 17 25 27 31 5 7 31 33 39 6 39 5 8 4 7 6 25
split_gain=0.742094 0.807093 0.772926 0.702671 0.453558 1.4066 1.9536 2.55697 2.02822 1.25573 2.05943 1.03534 0.876652 0.814738 1.10399 1.97185 0.716275 1.05281 2.53333 0.971462 0.718696 1.34074 1.06909 0.989138 2.19357 1.74671 1.75138 1.60265 1.39722 1.25021
threshold=21.448650000000004 22.248450000000002 4.1392035428181444 0.10949999999999972 0.68959999999999966 14.148300000000001 16.455400000000004 16.860710833333339 15.896950000000002 14.867400000000002 15.557500000000003 2.5000000000000004 105.69358289454279 16.775850000000002 17.042850000000005 17.783000000000005 19.533250000000006 17.105343333333337 17.556717500000001 19.122800000000002 0.26110000000000083 77.382816327445269 0.2039109987932638 78.725937581696925 14.20667880952381 0.21726942562209445 34.500000000000007 14.134939166666669 0.1814829670586581 14.066000000000001
decision_type=2 2 2 2 2 2 2 2 2 2 2 2 2 2 2 2 2 2 2 2 2 2 2 2 2 2 2 2 2 2
left_child=1 2 4 -2 12 -6 8 11 9 -7 -11 -8 16 -9 -15 -16 19 -18 -19 20 -1 22 -22 25 -25 27 -27 29 -26 -23
right_child=3 -3 -4 -5 5 6 7 13 -10 10 -12 -13 -14 14 15 -17 17 18 -20 -21 21 23 -24 24 28 26 -28 -29 -30 -31
leaf_value=-1.6078002130086588e-05 -0.00021261468939286489 -0.00040999906909945595 0.010362963822911268 -1.2278913670726865e-05 -0.00039593180416510167 0.0021662108817544381 -0.0036010320843601561 0.00033010022518283223 0.0019264895994950848 -0.0019613612977198614 0.0024656331258856314 -0.0041507698842993077 0.0010289282455956084 -0.00068543098337741531 0.0078784516594089388 -0.00039883702859057736 -0.00076438367693448589 0.00081162395578076034 -4.0132067242808491e-05 -0.00051187469440549193 0.0016099678575912436 -0.00061361099674435589 0.00017100423736451375 0.0019138025948562643 0.0016217457620656718 0.00063746321615660412 -0.00089421479597206143 -0.0027947756258389234 2.3452843123124012e-05 5.1495798637262172e-05
leaf_weight=7313 21 20 32 20 28 27 21 21 49 43 25 26 28 38 22 40 20 27 30 21 30 44 25 51 125 26 21 23 1408 35
leaf_count=7313 21 20 32 20 28 27 21 21 49 43 25 26 28 38 22 40 20 27 30 21 30 44 25 51 125 26 21 23 1408 35
internal_value=8.28157e-06 5.40597e-05 8.75091e-05 -0.0107317 4.59914e-05 -0.00282353 -0.00128205 -0.00714286 0.00555556 -0.00126316 -0.00705882 -0.0229787 0.000151729 -0.000991736 -0.004 0.00258065 0.000108707 0.00779221 0.0133333 4.385e-05 8.35073e-05 0.00152125 0.0138182 0.00113099 0.00171717 -0.00510067 0.00765957 -0.0109804 0.00117417 -0.00556962
internal_weight=9660 9619 9599 41 9567 340 312 168 144 95 68 47 9227 121 100 62 9199 77 57 9122 9101 1788 55 1733 1584 149 47 102 1533 79
internal_count=9660 9619 9599 41 9567 340 312 168 144 95 68 47 9227 121 100 62 9199 77 57 9122 9101 1788 55 1733 1584 149 47 102 1533 79
is_linear=0
shrinkage=0.08


Tree=245
num_leaves=31
num_cat=0
split_feature=23 15 33 13 4 21 33 8 17 17 2 6 39 27 27 7 19 15 17 1 15 25 33 4 4 21 39 33 6 23
split_gain=0.737523 0.814458 0.702671 0.661665 1.1517 1.13887 0.631921 0.738462 0.761905 0.611563 1.24371 1.04237 2.02352 0.894821 1.35648 1.0804 1.3907 1.05554 1.4889 1.60215 0.895012 0.710715 0.657514 1.37918 1.21707 0.72951 0.585403 0.55381 1.04962 1.32391
threshold=21.448650000000004 21.934550000000005 0.10949999999999972 19.315350000000006 21.500000000000004 17.172400000000007 2.4188999999999994 1.1357085163796257 16.938100000000002 19.011950000000002 3.5000000000000004 1.6236399351961104 97.638118011755765 18.478250000000003 20.808800000000002 16.548130000000004 16.867950000000004 14.066000000000001 16.566100000000002 22.500000000000004 14.750550000000002 16.938100000000002 -0.9933499999999994 28.500000000000004 13.500000000000002 18.894150000000003 101.37520336391951 0.26110000000000083 0.18268492235880457 15.557500000000003
decision_type=2 2 2 2 2 2 2 2 2 2 2 2 2 2 2 2 2 2 2 2 2 2 2 2 2 2 2 2 2 2
left_child=1 3 -2 6 -5 -6 9 -8 -9 11 -11 22 13 15 -15 17 -17 -13 19 20 -19 -18 23 24 -1 26 27 -24 29 -29
right_child=2 -3 -4 4 5 -7 7 8 -10 10 -12 12 -14 14 -16 16 21 18 -20 -21 -22 -23 25 -25 -26 -27 -28 28 -30 -31
leaf_value=-0.0001065199562221153 -0.00019560551424149252 -0.00027362885997717968 -1.1296600577139771e-05 0.0071412591711430195 0.00060792361058048527 -0.00076225941093611028 0.0005366491049787214 -0.00054043159042294064 -9.3941932058783101e-06 1.3555561394582583e-05 -0.0017663134992571372 -5.8543417182761459e-05 0.0014115597593030316 0.00059212116442225243 -0.00014845978531383253 -0.0011132403751886956 -0.0002570040581935018 3.9085690127720341e-05 -0.00065740362739859389 -0.0022019248111156743 0.0010598805270397805 0.00089149543409320134 -1.3846422684054005e-05 0.0086284319212701632 -0.014940248593661706 -0.0001596474611164922 -0.0010189639948674767 5.3743418830052295e-05 2.7816575885921679e-05 0.0036300518150200389
leaf_weight=29 21 25 20 31 29 36 30 27 21 37 23 20 21 35 22 39 29 28 28 20 53 30 6956 23 22 22 35 154 1746 48
leaf_count=29 21 25 20 31 29 36 30 27 21 37 23 20 21 35 22 39 29 28 28 20 53 30 6956 23 22 22 35 154 1746 48
internal_value=-2.48447e-05 2.07922e-05 -0.0107317 5.83698e-05 0.00666667 0.000615385 -8.42283e-06 -0.00717949 -0.0133333 5.09554e-05 -0.008 0.000102564 0.00455385 0.00289474 0.0119298 0.000809717 -0.00571429 0.00510067 0.00775194 0.0122772 0.017284 0.0020339 -5.7554e-05 -0.00756757 -0.014902 4.46379e-06 4.0273e-05 8.08625e-05 0.0012731 0.00673267
internal_weight=9660 9619 41 9594 96 65 9498 78 48 9420 60 9360 325 304 57 247 98 149 129 101 81 59 9035 74 51 8961 8939 8904 1948 202
internal_count=9660 9619 41 9594 96 65 9498 78 48 9420 60 9360 325 304 57 247 98 149 129 101 81 59 9035 74 51 8961 8939 8904 1948 202
is_linear=0
shrinkage=0.08


Tree=246
num_leaves=31
num_cat=0
split_feature=31 5 29 17 23 31 25 25 21 21 15 6 15 4 39 25 33 33 5 15 25 1 33 33 23 13 39 33 21 29
split_gain=0.827346 1.23293 2.09273 1.13357 0.625 0.618802 1.04836 0.800424 0.964049 0.976686 0.885959 0.852139 1.29706 2.27295 1.25686 1.25205 1.06724 1.02842 1.00356 1.26197 1.02165 1.26692 1.16667 1.03896 0.94548 1.11504 0.9294 0.82158 0.502265 0.49641
threshold=19.122800000000002 16.988936666666671 21.067900000000005 17.955650000000002 17.488600000000002 18.605250000000002 17.955650000000002 21.448650000000004 21.448650000000004 19.787800000000001 9.6461500000000004 1.6236399351961104 18.314050000000005 4.5000000000000009 92.831701507168574 17.344800000000003 0.36114999999999947 -0.9933499999999994 15.204650000000003 15.390450000000003 16.938100000000002 19.500000000000004 -0.065700000000000522 -0.32849999999999907 17.307350000000003 16.365600000000004 87.399401373575856 1.9915500000000004 16.787500000000005 13.818850000000003
decision_type=2 2 2 2 2 2 2 2 2 2 2 2 2 2 2 2 2 2 2 2 2 2 2 2 2 2 2 2 2 2
left_child=5 -2 3 4 -3 7 -7 8 9 10 -1 17 13 -13 18 28 -16 24 19 -15 21 22 -20 -22 25 -12 -27 29 -14 -19
right_child=1 2 -4 -5 -6 6 -8 -9 -10 -11 11 12 15 14 16 -17 -18 27 20 -21 23 -23 -24 -25 -26 26 -28 -29 -30 -31
leaf_value=-0.0010137219636339979 -0.0035227532828277929 0.00012904710774286343 -0.00081033514918601665 -1.4244476644762472e-05 0.0031697259325747496 -0.00029394122918823483 0.00055623818824145131 -0.00053918232144965826 0.0046386252368114354 -0.0014282118823057033 -0.0089778796408847231 -0.00054754664474693021 0.00019053020071936545 7.2548182220515407e-05 0.0018988021338556395 -0.0021557639765208592 0.007231950507877798 0.0010937672400880417 -0.00023714875968124715 0.0026244080818296567 0.012101692917949266 -0.0053697117978111922 0.0067426111668144988 6.8697164003594933e-06 -0.0019015635117007434 0.0086728257852508508 -0.00017433282650983984 -0.0024831981700785379 -0.00025173855117913038 1.7827304581885528e-06
leaf_weight=23 32 20 26 35 20 28 30 20 21 31 20 22 20 39 30 27 33 32 21 22 20 29 21 35 20 22 25 37 21 8878
leaf_count=23 32 20 26 35 20 28 30 20 21 31 20 22 20 39 30 27 33 32 21 22 20 29 21 35 20 22 25 37 21 8878
internal_value=-4.96894e-05 -0.00631579 -0.0019802 0.0048 0.014 3.77873e-05 0.00827586 -1.26729e-05 2.11663e-05 -1.69707e-05 2.97967e-05 6.82739e-05 0.004 0.00647059 0.00864 -0.00588235 0.0184127 -7.96989e-05 0.00534759 0.0137705 0.00126984 -0.00507042 0.00380952 0.00945455 -0.00873563 -0.0041791 0.00255319 4.47077e-06 0.00292683 5.38721e-05
internal_weight=9660 133 101 75 40 9527 58 9469 9449 9428 9397 9374 340 272 250 68 63 9034 187 61 126 71 42 55 87 67 47 8947 41 8910
internal_count=9660 133 101 75 40 9527 58 9469 9449 9428 9397 9374 340 272 250 68 63 9034 187 61 126 71 42 55 87 67 47 8947 41 8910
is_linear=0
shrinkage=0.08


Tree=247
num_leaves=31
num_cat=0
split_feature=7 19 6 13 15 5 33 17 17 8 25 23 19 31 7 4 31 33 33 1 25 31 33 1 8 39 23 25 29 33
split_gain=0.757657 1.0571 0.646597 0.942641 1.29653 1.21362 2.94912 1.39683 1.12882 0.611729 0.552273 0.536045 0.834383 0.818182 0.531984 1.77861 1.4885 1.12173 0.607082 1.49916 1.03208 2.57705 1.00655 0.977513 2.50104 1.78666 1.58851 2.25134 1.54694 0.919965
threshold=18.716592500000004 18.449000000000002 0.15647221563590064 15.662100000000001 15.330900000000002 14.619583333333336 1.0000000180025095e-35 14.444800000000003 14.09895 0.2027785737596384 18.120150000000006 21.448650000000004 20.578700000000001 17.384900000000005 18.115520000000004 21.500000000000004 18.042600000000004 0.075950000000000642 0.6037499999999999 14.500000000000002 14.148300000000001 14.851500000000001 0.63905000000000023 8.5000000000000018 0.370621053769919 101.17047253305888 15.523850000000001 16.108650000000004 16.867950000000004 0.27075000000000055
decision_type=2 2 2 2 2 2 2 2 2 2 2 2 2 2 2 2 2 2 2 2 2 2 2 2 2 2 2 2 2 2
left_child=2 10 3 4 5 7 -7 8 -1 -6 -2 12 14 -14 18 17 -17 -16 29 20 -20 -22 -23 25 -25 26 -24 -28 -29 -4
right_child=1 -3 11 -5 9 6 -8 -9 -10 -11 -12 -13 13 -15 15 16 -18 -19 19 -21 21 22 23 24 -26 -27 27 28 -30 -31
leaf_value=-0.0028235674430550973 -0.00041778494851783419 -0.00085683578705840089 -1.3473364377674102e-05 0.0038986568351679551 -8.6295447268014414e-06 -0.00029398807355505594 0.0035259392690118576 -0.0027109099272773561 0.00064309626821867027 -0.0035866937206931481 0.0013373622137810061 -0.00021817580384208668 -5.1373412008075549e-05 0.0038296633238666545 -0.00037524181939602386 -0.00080396401927998798 -1.587850495909038e-05 0.0096258807900755985 -0.0013388846040228942 0.00026455811438751196 0.0019905460667067132 -0.0018943293439936326 -0.0043978866397959846 -0.0014308416722541039 0.00053091819683686486 -0.0011892521011688474 0.0091620345560934884 -0.0013505644601687549 0.00036762794033535329 0.00010761407994195338
leaf_weight=24 24 20 7210 34 20 27 30 33 39 23 20 37 22 22 28 31 32 25 23 205 31 39 25 40 24 38 20 29 35 1450
leaf_count=24 24 20 7210 34 20 27 30 33 39 23 20 37 22 22 28 31 32 25 23 205 31 39 25 40 24 38 20 29 35 1450
internal_value=-7.45342e-05 -0.00875 -1.66736e-05 0.00417391 0.00204082 0.0054902 0.0147368 0 0.00698413 -0.0102326 -0.00181818 -0.000119581 -8.14664e-05 0.0109091 -0.000133549 -0.00551724 -0.0146032 0.00528302 -6.54379e-05 -0.00275049 -0.00631579 -0.00498221 -0.00768 -0.00549763 -0.01375 -0.00190476 0.00330275 0.00857143 0.00125 9.23788e-05
internal_weight=9660 64 9596 230 196 153 57 96 63 43 44 9366 9329 44 9285 116 63 53 9169 509 304 281 250 211 64 147 109 84 64 8660
internal_count=9660 64 9596 230 196 153 57 96 63 43 44 9366 9329 44 9285 116 63 53 9169 509 304 281 250 211 64 147 109 84 64 8660
is_linear=0
shrinkage=0.08


Tree=248
num_leaves=31
num_cat=0
split_feature=25 27 2 4 19 19 25 7 17 17 31 6 27 13 17 19 23 13 13 25 1 1 4 4 15 8 4 13 6 23
split_gain=0.852635 0.814695 1.64103 1.3 0.882089 0.878781 0.811662 0.73249 1.69111 1.20687 1.33215 1.75826 0.81 0.635271 1.03143 0.970751 0.653962 0.520291 0.572092 1.22908 1.4464 0.616983 2.59 5.49423 2.89346 2.51969 3.62245 1.73077 1.00316 1.10345
threshold=21.645750000000003 19.787800000000001 2.5000000000000004 27.500000000000004 9.6461500000000004 12.978900000000001 20.055950000000003 18.115520000000004 17.887500000000003 18.356750000000002 18.042600000000004 0.25932568952573593 17.955650000000002 20.578700000000001 12.978900000000001 19.979150000000001 19.437050000000003 18.825550000000003 18.478250000000003 18.042600000000004 12.500000000000002 22.500000000000004 20.500000000000004 26.500000000000004 14.917400000000002 1.7064975938968319 44.500000000000007 15.621500000000003 0.20732669641664744 16.9785
decision_type=2 2 2 2 2 2 2 2 2 2 2 2 2 2 2 2 2 2 2 2 2 2 2 2 2 2 2 2 2 2
left_child=1 4 -3 -4 -1 -6 7 13 -9 10 12 -12 -10 14 -7 16 17 18 21 20 -20 -16 24 -24 -23 26 -25 -28 -26 -30
right_child=-2 2 3 -5 5 6 -8 8 9 -11 11 -13 -14 -15 15 -17 -18 -19 19 -21 -22 22 23 25 28 -27 27 -29 29 -31
leaf_value=0.0010592129110537484 -0.00016126533732943927 -0.00034115269271325135 0.0076749209251178738 -0.00069476571325054691 -0.001342110287540379 0.0023661111770314847 0.0009459426104473323 0.00099993799168430542 -0.0012026264588244828 0.00038708484582684834 0.0013485939028677763 -0.00099999496640322148 -0.0006360393659295483 -0.0019519320277502318 -8.0600061023972104e-06 0.00037259273939639571 0.0015506398615511331 -0.00043565529541936601 0.0030516853268710521 -0.00048739283613201677 -8.8483644708929892e-05 -0.010488300872354443 0.21649649375870994 0.003494943484436277 0.0015304368352430232 0.018524744745968606 -0.00081440538282848249 -0.054716242392488255 -0.0024362639300332489 0.004192970403320828
leaf_weight=23 35 26 20 32 23 24 25 33 20 35 33 20 25 40 8760 31 31 48 37 29 20 33 36 44 33 34 20 32 29 29
leaf_count=23 35 26 20 32 23 24 25 33 20 35 33 20 25 40 8760 31 31 48 37 29 20 33 36 44 33 34 20 32 29 29
internal_value=-0.00010766 -6.23377e-05 -0.00820513 0 4.1898e-06 -3.35993e-05 4.21008e-06 -3.37695e-05 -0.0053012 -0.00932331 -0.0138776 -0.00528302 -0.024 6.01504e-05 0.00010356 6.05667e-05 1.30222e-05 -2.61324e-05 1.75131e-05 0.00651163 0.0133333 -4.41989e-05 0.00358621 0.0101205 -0.00516129 0.00246154 -0.00416667 -0.0184615 0.0021978 -0.00413793
internal_weight=9660 9625 78 52 9547 9524 9501 9476 166 133 98 53 45 9310 9270 9246 9215 9184 9136 86 57 9050 290 166 124 130 96 52 91 58
internal_count=9660 9625 78 52 9547 9524 9501 9476 166 133 98 53 45 9310 9270 9246 9215 9184 9136 86 57 9050 290 166 124 130 96 52 91 58
is_linear=0
shrinkage=0.08


Tree=249
num_leaves=31
num_cat=0
split_feature=7 19 23 27 31 19 31 6 25 19 7 25 31 39 31 6 23 17 19 8 27 39 27 6 6 21 13 25 33 15
split_gain=1.22944 1.9571 0.830995 1.01961 1.76816 0.754662 1.09573 0.722729 1.20967 2.66688 1.40664 2.50634 1.2004 0.875535 1.08267 1.40076 0.593939 0.571035 0.700202 1.10738 0.801808 2.76831 0.828943 0.780814 0.956562 0.699458 0.594128 2.55525 1.39759 1.2649
threshold=18.716592500000004 18.449000000000002 19.787800000000001 17.993150000000004 18.894150000000003 19.662150000000004 16.787500000000005 2.8672400861295499 15.176350000000001 16.787500000000005 15.893655000000001 16.817100000000003 17.172400000000007 75.143283985082761 15.763450000000002 0.45913699295475036 18.042600000000004 19.787800000000001 18.642900000000001 1.1357085163796257 18.731750000000002 92.469820051822623 18.605250000000002 2.5606975924117372 2.2890016687121642 13.818850000000003 14.153300000000002 14.593050000000002 -0.16884999999999992 13.917650000000002
decision_type=2 2 2 2 2 2 2 2 2 2 2 2 2 2 2 2 2 2 2 2 2 2 2 2 2 2 2 2 2 2
left_child=2 16 5 -4 -5 7 -7 13 9 -9 -10 -12 -13 14 15 -1 -2 18 20 -20 22 -22 23 24 25 -15 27 28 -27 -30
right_child=1 -3 3 4 -6 6 -8 8 10 -11 11 12 -14 17 -16 -17 -18 -19 19 -21 21 -23 -24 -25 -26 26 -28 -29 29 -31
leaf_value=3.2236535474368115e-05 -0.00028773495654888849 -0.0011107691549315747 0.00014533912001070349 -0.0016021919768378723 -2.8848448683618246e-05 0.0021051604343239206 -0.00014057892053472189 -0.00047789768145349852 0.00015088536704510602 0.0002272884140617748 0.0017210663607741595 -0.011268771192979017 0.0042826861600393333 0.00017877601788143238 -0.0008656563339437184 0.003321361940423131 0.00039037734442146646 -0.00032654139425261522 0.00015022564878393042 -0.00055841769914778184 -0.00020215769256040517 0.0041931861612096097 -0.0025367107781815437 0.0010902889037916453 -0.000653624560084296 -0.0022131192851330183 8.6537244421691645e-06 -0.0033532645361060531 0.0012240434091389575 -3.4538369100545199e-05
leaf_weight=24 20 20 36 25 24 23 34 22 28 20 23 36 20 36 21 20 24 35 23 20 32 21 30 39 26 32 8212 37 44 653
leaf_count=24 20 20 36 25 24 23 34 22 28 20 23 36 20 36 21 20 24 35 23 20 32 21 30 39 26 32 8212 37 44 653
internal_value=-0.000198758 -0.01125 -0.000125052 -0.008 -0.0155102 -5.46735e-05 0.00912281 -0.000110006 -0.00563758 -0.0171429 -0.0011215 -0.00658228 -0.0157143 -2.14938e-05 0.00923077 0.0163636 -0.00181818 -8.65801e-05 -4.78001e-05 -0.0102326 0 0.00981132 -5.70864e-05 -1.32173e-05 -6.19469e-05 -1.77502e-05 -6.23747e-05 -0.00219321 -0.00115226 -0.000401722
internal_weight=9660 64 9596 85 49 9511 57 9454 149 42 107 79 56 9305 65 44 44 9240 9205 43 9162 53 9109 9079 9040 9014 8978 766 729 697
internal_count=9660 64 9596 85 49 9511 57 9454 149 42 107 79 56 9305 65 44 44 9240 9205 43 9162 53 9109 9079 9040 9014 8978 766 729 697
is_linear=0
shrinkage=0.08


Tree=250
num_leaves=31
num_cat=0
split_feature=29 23 29 29 21 17 33 8 19 23 13 31 2 6 23 19 13 13 19 31 17 39 1 8 21 27 27 17 27 33
split_gain=1.19607 0.728036 0.60257 0.691458 0.623674 2.05435 1.22275 1.05537 0.834576 1.12224 1.66256 0.688095 0.622414 0.541126 0.535392 0.650542 1.66315 1.59008 1.87829 1.03469 0.561728 0.480773 0.573204 0.420609 0.381818 0.375502 1.85662 2.6638 1.46435 2.01776
threshold=22.248450000000002 21.448650000000004 20.055950000000003 19.533250000000006 19.437050000000003 17.094800000000003 2.4188999999999994 1.0368215307608737 18.642900000000001 17.846600000000006 17.172400000000007 17.403550000000006 2.5000000000000004 2.0387000609981727 13.851850000000002 13.917650000000002 14.043850000000001 14.153300000000002 13.851850000000002 14.362500000000002 14.312950000000003 75.143283985082761 14.500000000000002 0.17088875911516635 14.197750000000001 14.148300000000001 14.329500000000001 14.576500000000001 14.362500000000002 0.13130000000000044
decision_type=2 2 2 2 2 2 2 2 2 2 2 2 2 2 2 2 2 2 2 2 2 2 2 2 2 2 2 2 2 2
left_child=1 2 3 4 6 -6 8 -8 14 10 -10 -7 -9 -4 20 16 -16 -18 19 -19 24 22 -17 -23 -1 -25 27 -27 29 -28
right_child=-2 -3 13 -5 5 11 7 12 9 -11 -12 -13 -14 -15 15 21 17 18 -20 -21 -22 23 -24 25 -26 26 28 -29 -30 -31
leaf_value=-0.00050235718486220545 -0.0007890285516739937 -0.00033259576242429035 -4.0294223568224654e-05 -0.00028344099325906314 -0.0013129245600381979 0.00010166743818885494 0.00072511138325275231 -0.0019368327498441573 -0.0017993068533445466 -0.0031576696510506965 0.0025659432274005669 0.0064229826283204259 -0.00022548323768717182 0.0022698231732380236 0.00025747962502208565 -0.0004871915203653998 -0.0011582826880054142 -0.001156015483498578 0.0026582401589888604 0.0015833810519123403 -0.0017134034731864744 -0.000609275709501631 0.0028032008643549488 -6.4241036046439607e-05 0.00019219389249407472 0.00017854619036732799 -0.00013172169449916283 0.0025537800058731365 1.4734921134618162e-06 -0.0032207638809251195
leaf_weight=20 25 34 20 29 21 28 24 20 21 37 29 20 29 22 28 23 29 34 37 37 39 38 29 656 22 280 47 26 7935 21
leaf_count=20 25 34 20 29 21 28 24 20 21 37 29 20 29 22 28 23 29 34 37 37 39 38 29 656 22 280 47 26 7935 21
internal_value=-0.000124224 -7.88791e-05 -3.74961e-05 -7.95062e-05 -4.19727e-05 0.00753623 -9.72413e-05 -0.010411 -1.7043e-05 -0.00781609 0 0.0166667 -0.0171429 0.00952381 5.5908e-05 0.000112798 0.00509091 0.00145985 0.00592593 -0.00169014 -0.00641975 2.20872e-05 0.00769231 -2.22148e-05 0 1.33854e-05 0.000158864 0.00627451 -7.49719e-05 -0.0117647
internal_weight=9660 9635 9601 9559 9530 69 9461 73 9388 87 50 48 49 42 9301 9220 165 137 108 71 81 9055 52 9003 42 8965 8309 306 8003 68
internal_count=9660 9635 9601 9559 9530 69 9461 73 9388 87 50 48 49 42 9301 9220 165 137 108 71 81 9055 52 9003 42 8965 8309 306 8003 68
is_linear=0
shrinkage=0.08


Tree=251
num_leaves=31
num_cat=0
split_feature=29 31 33 21 25 33 33 27 17 23 2 15 23 39 21 17 21 33 21 17 33 25 19 5 7 31 1 8 21 4
split_gain=0.881823 0.791064 0.506181 2.7 0.890572 0.604344 1.04996 0.861826 0.596828 0.916856 1.79055 1.15156 0.878508 1.04533 1.20708 0.936144 0.780488 0.741521 0.671326 1.06778 0.535192 0.533364 2.05631 2.24665 2.55001 1.89395 2.81672 1.93146 1.64453 1.31578
threshold=21.067900000000005 19.315350000000006 -3.0739500000000004 14.901200000000001 16.964700000000004 -1.7411999999999999 -1.2842499999999999 16.938100000000002 19.315350000000006 18.681650000000001 3.5000000000000004 17.110850000000003 18.478250000000003 97.638118011755765 17.993150000000004 17.993150000000004 18.556400000000004 0.24140000000000142 18.731750000000002 17.008900000000004 0.18250000000000013 15.523850000000001 15.851650000000001 15.722116666666668 15.600404166666669 15.294250000000002 6.5000000000000009 0.24028468717416576 15.213850000000003 44.500000000000007
decision_type=2 2 2 2 2 2 2 2 2 2 2 2 2 2 2 2 2 2 2 2 2 2 2 2 2 2 2 2 2 2
left_child=2 -2 3 -1 -5 7 -7 -4 9 12 11 -11 18 15 -15 -14 20 -18 21 -20 -10 22 -8 24 28 26 27 -23 -24 -28
right_child=1 -3 5 4 -6 6 8 -9 16 10 -12 -13 13 14 -16 -17 17 -19 19 -21 -22 25 23 -25 -26 -27 29 -29 -30 -31
leaf_value=0.001338657749732306 1.266044706142111e-05 -0.0014839010308187995 1.6369367840809446e-05 -0.003526279371131267 -0.00048161749023464042 -0.0028383539853251705 -1.710779616836078e-05 0.012585130718633479 -0.00031428699862104284 0.00031476740704647457 0.00349256695438541 -0.00039774119937661115 -0.00028499082174391786 -0.005189458244296361 -0.00013323273874050302 0.00022794862848058984 -0.00030218380579498215 0.00025701524462931505 -0.00087202930754166636 0.0025434874448490062 -0.00032117287374980211 0.0041056301790278124 -0.00051380468762921797 0.0034231631584928836 -0.0051376584994608978 1.2599411285521e-05 0.00088910779701066643 -0.0013469541422357167 0.00024640079681169879 0.0039674442715686813
leaf_weight=21 22 25 42 22 27 34 3840 29 21 25 30 24 22 26 21 23 21 20 20 25 20 20 20 33 50 4939 111 51 46 30
leaf_count=21 22 25 42 22 27 34 3840 29 21 25 30 24 22 26 21 23 21 20 20 25 20 20 20 33 50 4939 111 51 46 30
internal_value=-0.000132505 -0.0110638 -7.90596e-05 -0.00685714 -0.0171429 -2.93409e-05 -8.44595e-05 0.00732394 -3.39055e-05 2.5652e-05 0.00860759 -0.000816327 -4.74291e-05 -0.00782609 -0.0161702 0.000888889 -0.00682927 0.00097561 3.04845e-05 0.00977778 -0.0146341 -1.75055e-05 -0.000711958 -0.00993289 -0.0151724 0.000520287 0.00792453 -0.00507042 -0.00484848 0.0144681
internal_weight=9660 47 9613 70 49 9543 9472 71 9438 9356 79 49 9277 92 47 45 82 41 9185 45 41 9140 3989 149 116 5151 212 71 66 141
internal_count=9660 47 9613 70 49 9543 9472 71 9438 9356 79 49 9277 92 47 45 82 41 9185 45 41 9140 3989 149 116 5151 212 71 66 141
is_linear=0
shrinkage=0.08


Tree=252
num_leaves=31
num_cat=0
split_feature=5 4 23 33 27 19 1 19 25 5 21 17 7 6 17 5 23 6 23 8 6 31 29 25 1 21 2 23 39 4
split_gain=1.07279 1.08189 2.00817 1.3535 0.992498 1.01784 0.914286 0.754627 0.752172 1.3241 1.18472 0.734215 0.969697 0.798652 1.89887 0.709286 0.753356 1.28477 1.31723 1.14333 0.512305 1.96745 2.50892 2.68358 1.83775 1.72853 1.6729 1.48617 1.68979 1.32109
threshold=18.142023333333338 44.500000000000007 18.120150000000006 0.96580000000000077 18.120150000000006 20.808800000000002 9.5000000000000018 17.955650000000002 19.662150000000004 16.988936666666671 19.886300000000002 18.825550000000003 16.494065833333337 3.2096536544786503 16.403200000000002 18.133976666666673 18.478250000000003 0.28572286090623111 18.825550000000003 0.23643006285172372 0.29934151911072543 15.692450000000003 14.4777 14.411800000000001 21.500000000000004 16.628950000000003 1.5000000000000002 17.911800000000003 93.482598730382847 51.500000000000007
decision_type=2 2 2 2 2 2 2 2 2 2 2 2 2 2 2 2 2 2 2 2 2 2 2 2 2 2 2 2 2 2
left_child=8 3 -3 4 6 7 -2 -6 10 -10 11 13 -13 15 -15 16 20 19 -19 -18 -1 22 -22 -24 27 29 -26 -23 -29 -25
right_child=1 2 -4 -5 5 -7 -8 -9 9 -11 -12 12 -14 14 -16 -17 17 18 -20 -21 21 24 23 25 26 -27 -28 28 -30 -31
leaf_value=9.4034852227764529e-06 0.00022638426107192801 -0.00038790985357394447 0.0010206221337627141 0.00014567787087344186 -0.00012487712743393332 -9.9206250524446212e-05 -0.0012903102312256465 -0.00093064185789486947 -0.00057774762817246032 0.00050561379078359889 -0.00032174513696560326 -0.0005312446335244658 0.00047192693618626437 -0.00015313547409789407 0.0082829467045090165 0.001020031910122441 -0.00010091191030852543 0.0017038601276672693 -0.00033497378962977109 -0.0021771254640864869 -7.0635731234389707e-05 -8.1921872180643616e-05 0.00083594911972724624 0.00021583995033608972 -0.0003576771519352917 0.012777883170347906 -0.0044282591431286282 -0.00015455308101877563 -0.0034870006071722058 -0.0025548235692593835
leaf_weight=7917 21 39 20 21 21 21 24 46 20 21 30 33 33 25 37 29 25 26 31 35 154 580 37 217 56 22 51 22 25 21
leaf_count=7917 21 39 20 21 21 21 24 46 20 21 30 33 33 25 37 29 25 26 31 35 154 580 37 217 56 22 51 22 25 21
internal_value=-0.000207039 -0.0058216 0.00338983 -0.00935065 -0.0123308 -0.0172727 -0.00266667 -0.0220896 -8.04488e-05 0.0107317 -0.000127578 -7.67918e-05 -0.00848485 -1.71858e-05 0.00903226 -7.78547e-05 -0.000117149 -0.00649573 0.00210526 -0.0146667 -3.51571e-05 -0.0015865 0.00257206 0.00686869 -0.00414169 0.004 -0.0138318 -0.00248804 -0.0161702 0.00201681
internal_weight=9660 213 59 154 133 88 45 67 9447 41 9406 9376 66 9310 62 9248 9219 117 57 60 9102 1185 451 297 734 260 107 627 47 238
internal_count=9660 213 59 154 133 88 45 67 9447 41 9406 9376 66 9310 62 9248 9219 117 57 60 9102 1185 451 297 734 260 107 627 47 238
is_linear=0
shrinkage=0.08


Tree=253
num_leaves=31
num_cat=0
split_feature=5 33 27 21 25 5 17 7 29 8 25 8 21 25 1 19 15 39 23 6 33 23 25 39 6 6 7 13 1 23
split_gain=1.2245 1.12014 0.887554 1.60444 0.749818 1.3241 0.777527 0.899533 0.733333 0.889595 0.876423 0.692205 0.621786 0.667961 0.625 0.582012 0.533936 0.715756 0.932708 0.407074 1.88122 2.02117 2.795 1.9199 2.02846 1.41535 1.3463 1.32432 1.30948 1.60583
threshold=18.142023333333338 0.52219999999999989 17.887500000000003 17.911800000000003 19.662150000000004 16.988936666666671 18.825550000000003 16.494065833333337 17.887500000000003 1.0545599125608096 21.067900000000005 1.3044247879792621 19.274100000000001 18.731750000000002 20.500000000000004 19.979150000000001 19.886300000000002 101.85834637379911 16.489300000000004 0.19877649688353535 0.075950000000000642 17.344800000000003 17.306200000000004 93.90184832027272 0.19220317920232663 0.20263486149693824 14.129437500000002 14.082400000000002 7.5000000000000009 14.131850000000002
decision_type=2 2 2 2 2 2 2 2 2 2 2 2 2 2 2 2 2 2 2 2 2 2 2 2 2 2 2 2 2 2
left_child=4 2 3 -2 6 -6 12 -8 -4 -10 11 -11 13 15 -14 16 17 19 -19 20 21 22 -1 24 28 26 -21 -26 29 -22
right_child=1 -3 8 -5 5 -7 7 -9 9 10 -12 -13 14 -15 -16 -17 -18 18 -20 25 23 -23 -24 -25 27 -27 -28 -29 -30 -31
leaf_value=-0.00020762821000516851 -0.0012947070141660789 0.00010786372408574607 -0.0011196935577763158 0.0011598233789089818 -0.00053152781791879992 0.00046516468752088257 -0.00039910699831231968 0.00043417278129140872 2.9685401744785623e-05 -0.00063162750538225509 -2.3215029565051281e-05 -0.00014723133365293961 -0.0019695063813923498 -0.0016974661132873336 0.00012207212665288125 0.0057149245564522746 0.0029312313540009426 0.0011494649925413824 -0.00092853756714362135 -0.00058020707240075359 -0.0001613830919578163 -0.0015518658538074704 0.0068937843125073074 0.0016090643166779728 0.00012068936599170855 4.6031182348826861e-06 0.0011688429315302074 -0.001624523855729052 2.2117093370894738e-05 0.002085876165243832
leaf_weight=1585 20 36 22 25 20 21 38 33 28 23 22 37 20 24 20 21 23 24 35 28 78 102 20 99 32 6112 314 136 497 165
leaf_count=1585 20 36 22 25 20 21 38 33 28 23 22 37 20 24 20 21 23 24 35 28 78 102 20 99 32 6112 314 136 497 165
internal_value=-0.000198758 -0.00619718 -0.00881356 0.000888889 -6.35122e-05 0.0107317 -0.000110568 -0.0084507 -0.0121212 -0.00945455 -0.0136585 -0.0186667 -4.71344e-05 -4.30339e-06 -0.01 3.02017e-05 0 -3.03457e-05 -0.00881356 2.6178e-05 -0.000795873 -0.00241359 -0.00171963 0.00194638 0.000792952 0.000371862 0.00538012 -0.00714286 0.00259459 0.00740741
internal_weight=9660 213 177 45 9447 41 9406 71 132 110 82 60 9335 9295 40 9271 9250 9227 59 9168 2714 1707 1605 1007 908 6454 342 168 740 243
internal_count=9660 213 177 45 9447 41 9406 71 132 110 82 60 9335 9295 40 9271 9250 9227 59 9168 2714 1707 1605 1007 908 6454 342 168 740 243
is_linear=0
shrinkage=0.08


Tree=254
num_leaves=31
num_cat=0
split_feature=23 31 5 21 39 19 7 29 31 25 33 19 13 31 1 19 8 15 7 8 23 7 13 5 31 17 29 17 7 6
split_gain=1.17782 1.13953 0.609796 0.898636 1.11342 1.1388 0.870205 1.64035 1.24582 1.13063 0.967364 1.32 1.28333 0.812707 1.44971 1.15877 1.32626 1.09272 1.34637 1.44166 1.08965 0.706575 1.65804 0.754658 0.651201 0.633052 0.746196 0.835253 1.17347 1.92957
threshold=20.578700000000001 17.273000000000003 18.096390000000003 17.228650000000005 96.213158802538572 17.791300000000003 18.716592500000004 18.642900000000001 17.693600000000004 17.911800000000003 -0.29199999999999887 18.042600000000004 17.955650000000002 17.911800000000003 7.5000000000000009 17.955650000000002 0.25044152161473282 18.449000000000002 18.088358333333336 0.2307432419469391 18.087200000000003 18.106130833333335 18.042600000000004 18.077616666666671 18.120150000000006 18.825550000000003 19.315350000000006 18.478250000000003 18.082317500000006 0.18484562425502007
decision_type=2 2 2 2 2 2 2 2 2 2 2 2 2 2 2 2 2 2 2 2 2 2 2 2 2 2 2 2 2 2
left_child=2 -2 21 -4 -5 -6 7 8 -7 10 -10 -12 -13 14 -11 16 -15 18 24 -20 -21 25 23 -23 -17 26 27 28 -1 -30
right_child=1 -3 3 4 5 6 -8 -9 9 13 11 12 -14 15 -16 17 -18 -19 19 20 -22 22 -24 -25 -26 -27 -28 -29 29 -31
leaf_value=1.3961114265725884e-06 7.864542422659327e-05 -0.00051771901909773992 -0.00044578532596347033 0.00039923720036426857 -0.0026986431821318037 -0.00080657357263191898 -0.00035314241429318827 0.00035045879764339816 0.0018850251207757651 0.0022371733639351987 -0.00027488869248259106 0.0016941117083999302 -0.0013319510610523366 0.00021372139513189836 -0.00014156061381996211 -0.00019034717204874596 -0.0013321038765067782 -0.0023874113534752442 -0.002237665088559453 9.9507286106614862e-05 -0.00021381152129663406 0.0023530740729972876 -0.00037606820546841389 0.0037092459520573586 0.00019844084998283052 -0.0002071174465431369 0.00064144678596292695 0.00039423345322617823 0.0029387262303774263 -0.00056760721385657581
leaf_weight=8543 20 39 25 25 32 21 39 21 27 31 20 28 27 36 32 26 29 26 20 32 21 25 35 21 28 76 41 44 26 244
leaf_count=8543 20 39 25 25 32 21 39 21 27 31 20 28 27 36 32 26 29 26 20 32 21 25 35 21 28 76 41 44 26 244
internal_value=-0.000256729 -0.0115254 -0.00018748 -0.00278388 -0.00207294 -0.00290323 -0.00189655 -0.000847059 -0.0019802 -0.000939948 0.00627451 0.0016 0.008 -0.00355872 0.00444444 -0.00587156 0.00307692 -0.0096732 -0.00661417 -0.0136986 -0.00679245 -3.09221e-05 0.00740741 0.0173913 0.00296296 -9.80611e-05 -3.59631e-05 -8.58078e-05 -0.000140701 -0.00533333
internal_weight=9660 59 9601 546 521 496 464 425 404 383 102 75 55 281 63 218 65 153 127 73 53 9055 81 46 54 8974 8898 8857 8813 270
internal_count=9660 59 9601 546 521 496 464 425 404 383 102 75 55 281 63 218 65 153 127 73 53 9055 81 46 54 8974 8898 8857 8813 270
is_linear=0
shrinkage=0.08


Tree=255
num_leaves=31
num_cat=0
split_feature=5 33 7 21 27 27 19 23 23 17 7 29 29 15 29 5 17 21 39 17 33 33 33 27 1 19 4 4 1 27
split_gain=1.18426 0.91678 0.942157 1.16306 1.40617 1.51485 1.23404 1.16667 0.785234 0.626978 0.734357 1.30662 0.504328 0.768002 0.657237 0.58096 0.589681 0.837603 0.734175 0.647084 2.02755 2.50418 2.17901 0.929297 1.37655 1.80043 0.957495 0.73083 0.715505 0.66955
threshold=18.142023333333338 0.52330000000000088 18.716592500000004 17.228650000000005 17.887500000000003 19.011950000000002 18.158950000000001 20.384450000000005 20.578700000000001 18.825550000000003 16.494065833333337 15.479500000000003 19.315350000000006 16.750600000000002 18.731750000000002 18.133976666666673 18.517300000000002 17.955650000000002 109.91435503037329 18.314050000000005 -0.20684999999999928 0.24140000000000142 0.037950000000000379 18.356750000000002 10.500000000000002 17.911800000000003 23.500000000000004 27.500000000000004 9.5000000000000018 18.158950000000001
decision_type=2 2 2 2 2 2 2 2 2 2 2 2 2 2 2 2 2 2 2 2 2 2 2 2 2 2 2 2 2 2
left_child=8 2 3 -2 -5 6 -6 -7 9 12 11 -11 14 -14 15 16 18 -18 19 23 -21 22 28 29 26 -26 -25 -24 -22 -1
right_child=1 -3 -4 4 5 7 -8 -9 -10 10 -12 -13 13 -15 -16 -17 17 -19 -20 20 21 -23 27 24 25 -27 -28 -29 -30 -31
leaf_value=-2.0206946832956872e-06 -0.00056924893583243374 0.00016770544623000207 -0.00075723392548809442 0.00039361552171698124 -5.2418682463439838e-05 0.0006006166004650027 -0.0018118434006913731 -9.9894804997404662e-05 -0.00043740943808082025 2.2005826712074849e-05 0.00041600835451163223 -0.0011490963908011053 -3.8161172934820797e-05 0.021581555158648343 -0.00055888171320276573 0.0015271678450666571 -2.161743878033917e-05 0.0035587030375401696 -0.00099146392046861815 -0.00096002277261703745 0.0011305406811897001 -0.00090712257947132 0.0034332921945775751 -0.00034618290829328656 2.6342974173303446e-05 0.0063764083716621655 0.0026404110250618372 0.0018421807925571444 -0.00086254162723037103 -9.7067883928900762e-05
leaf_weight=8813 20 33 27 31 29 21 31 21 20 20 35 21 21 20 24 28 22 31 27 27 20 37 23 20 29 30 31 22 21 105
leaf_count=8813 20 33 27 31 29 21 31 21 20 20 35 21 21 20 24 28 22 31 27 27 20 37 23 20 29 30 31 22 21 105
internal_value=-0.000298137 -0.00619718 -0.00844444 -0.00601307 -0.00330827 -0.00784314 -0.016 0.00380952 -0.000165132 -0.000131537 -0.00736842 -0.0146341 -7.27195e-05 0.00878049 -0.000111708 -7.75361e-05 -0.000112335 0.00830189 -0.000160782 -0.000122031 -0.00533333 -0.00097561 0.00651163 -3.54453e-05 0.00727273 0.0155932 -0.00235294 0.0186667 -0.00682927 -0.000125589
internal_weight=9660 213 180 153 133 102 60 42 9447 9427 76 41 9351 41 9310 9286 9258 53 9205 9178 150 123 86 9028 110 59 51 45 41 8918
internal_count=9660 213 180 153 133 102 60 42 9447 9427 76 41 9351 41 9310 9286 9258 53 9205 9178 150 123 86 9028 110 59 51 45 41 8918
is_linear=0
shrinkage=0.08


Tree=256
num_leaves=31
num_cat=0
split_feature=27 25 33 33 19 4 1 19 21 25 33 29 33 6 25 17 31 7 27 39 31 27 15 6 6 21 8 39 21 23
split_gain=1.42034 1.7764 1.34708 1.24326 1.41211 1.4825 1.66348 1.05412 1.12208 0.976175 0.894287 0.82494 2.82558 1.33985 1.01801 0.948888 0.890498 0.689307 0.608009 0.587616 0.9 0.578117 0.75894 0.462241 0.554622 0.706522 0.411752 0.413709 3.00215 1.60236
threshold=18.410200000000007 17.189100000000007 -0.16099999999999956 -0.080499999999998892 17.911800000000003 41.500000000000007 11.500000000000002 17.955650000000002 17.911800000000003 17.887500000000003 0.19765000000000035 13.884750000000002 -0.22139999999999913 0.19955525346489247 14.09895 14.131850000000002 12.978900000000001 18.106130833333335 19.274100000000001 109.05899886319196 17.273000000000003 18.356750000000002 17.993150000000004 3.4076744968234549 2.983717609755606 17.008900000000004 0.17088875911516635 79.621804896020649 14.784150000000002 14.716850000000003
decision_type=2 2 2 2 2 2 2 2 2 2 2 2 2 2 2 2 2 2 2 2 2 2 2 2 2 2 2 2 2 2
left_child=11 -2 7 -4 9 6 17 8 -3 -5 -11 12 15 -14 -15 -1 -13 -6 -9 21 -21 23 -23 24 26 -26 -18 -28 29 -29
right_child=1 2 3 4 5 -7 -8 18 -10 10 -12 16 13 14 -16 -17 19 -19 -20 20 -22 22 -24 -25 25 -27 27 28 -30 -31
leaf_value=-0.0003911874639354096 0.0040846341089309139 -0.0013129543598552119 0.0037578450403769636 -0.0084671979944450013 0.00037786193963540882 -0.00034308838550963118 0.0016148812191961782 -0.0026778582317098197 0.00035414773239338614 0.00070585406199683118 -0.0001921532158547734 0.0020036267370444707 0.0031174555435367068 -0.0010524042961691294 0.00048702291501797392 -0.001018352858357332 -0.00055244689653996201 -0.00026784920221359701 -0.00028118070730442923 -5.8872632993356436e-05 -0.00066640978394488576 -0.00029479713645685023 0.0018946277989493865 -0.00043520546705963172 -0.00020742609942374203 0.0015405697867035429 3.6876261397225111e-05 -0.00028157384379902341 1.9858174729847634e-06 -0.0025251446384297084
leaf_weight=23 34 22 24 22 26 34 24 27 20 20 23 23 20 31 35 20 38 21 28 36 24 21 23 34 26 20 1878 216 6715 152
leaf_count=23 34 22 24 22 26 34 24 27 20 20 23 23 20 31 35 20 38 21 28 36 24 21 23 34 26 20 1878 216 6715 152
internal_value=-0.000339545 -0.00553846 -0.00756014 -0.00371134 -0.00611765 -0.000380952 0.00619718 -0.0152577 -0.00571429 -0.0153846 -0.00837209 -0.000158543 -0.00651163 0.00186047 -0.00363636 -0.0232558 -6.95199e-05 -0.00255319 -0.0225455 -0.000108897 -0.008 -5.69988e-05 0.00909091 -0.000101333 -6.6335e-05 0.00869565 -0.000111123 -7.58844e-05 -0.000355781 -0.0073913
internal_weight=9660 325 291 194 170 105 71 97 42 65 43 9335 129 86 66 43 9206 47 55 9183 60 9123 44 9079 9045 46 8999 8961 7083 368
internal_count=9660 325 291 194 170 105 71 97 42 65 43 9335 129 86 66 43 9206 47 55 9183 60 9123 44 9079 9045 46 8999 8961 7083 368
is_linear=0
shrinkage=0.08


Tree=257
num_leaves=31
num_cat=0
split_feature=23 31 31 25 31 23 17 29 13 33 25 23 8 31 8 33 29 6 5 33 4 29 8 21 17 17 7 25 1 25
split_gain=1.4966 1.62812 2.01905 1.04274 0.477854 1.80739 1.55536 0.928758 1.63711 1.63088 1.87219 1.5889 1.3913 1.06727 1.11286 0.944002 1.08238 1.42289 1.67532 1.30105 1.22866 0.888889 1.17821 0.819571 1.17376 1.02708 1.44529 0.802074 0.898449 0.789939
threshold=19.533250000000006 17.207200000000004 18.642900000000001 17.752500000000001 17.955650000000002 17.117000000000004 16.817100000000003 17.993150000000004 18.158950000000001 -0.22880000000000053 17.911800000000003 18.158950000000001 0.73712317044747688 17.993150000000004 0.21897506499983191 -0.16099999999999956 17.752500000000001 0.27964170613353562 18.058843333333339 0.037950000000000379 18.500000000000004 18.120150000000006 1.3341716577832046 19.437050000000003 18.605250000000002 18.449000000000002 18.123570000000004 17.911800000000003 6.5000000000000009 17.993150000000004
decision_type=2 2 2 2 2 2 2 2 2 2 2 2 2 2 2 2 2 2 2 2 2 2 2 2 2 2 2 2 2 2
left_child=4 3 -3 -2 23 21 -7 8 15 10 -9 -10 -12 -11 -15 -8 -17 18 -18 -20 29 22 -6 24 25 26 -1 -13 -29 -21
right_child=1 2 -4 -5 5 6 7 9 11 13 12 27 -14 14 -16 16 17 -19 19 20 -22 -23 -24 -25 -26 -27 -28 28 -30 -31
leaf_value=2.0029652701225586e-06 0.0024701884042958254 -0.004394723724664402 -0.0001592305299095642 -6.9798543030685778e-05 0.0020221639934266023 0.0035225073519139726 -0.0021504316834386828 0.00027959775660036713 0.0051908044784659069 -0.00035172255114090945 -0.0033295209612217037 0.00025447005379533041 -0.00026159889057055354 0.0047604756840743789 0.00015874883600389467 0.0020402734418463807 -0.0019734209873323041 -0.0016482928074458415 -0.0013811931022431167 -0.0017541596307221142 0.00087926331149930099 -0.00094560527063904944 -0.00073832502541122842 9.3746640253442596e-05 -0.00023573003907401358 0.00058833213585813844 -0.0004505482595639876 0.00082634945439480139 -0.0015453525575776438 0.0002719510871457942
leaf_weight=8500 20 23 44 21 20 26 33 27 38 36 23 28 23 23 239 26 34 27 20 20 67 27 34 44 77 41 34 21 41 23
leaf_count=8500 20 23 44 21 20 26 33 27 38 36 23 28 23 23 239 26 34 27 20 20 67 27 34 44 77 41 34 21 41 23
internal_value=-0.00026501 -0.00962963 -0.0173134 0.00292683 -0.000159129 -0.00196262 -0.000774194 -0.00144192 -0.0042328 0.00140162 -0.00931507 0.003125 -0.0191304 0.00402685 0.00580153 -0.008 -0.00608295 -0.00816754 -0.00536585 -0.00123077 0.00218182 -0.0133333 -0.00740741 1.83993e-05 -3.69857e-05 5.1312e-05 -9.37427e-06 -0.00266667 -0.00774194 -0.00837209
internal_weight=9660 108 67 41 9552 856 775 749 378 371 73 128 46 298 262 250 217 191 164 130 110 81 54 8696 8652 8575 8534 90 62 43
internal_count=9660 108 67 41 9552 856 775 749 378 371 73 128 46 298 262 250 217 191 164 130 110 81 54 8696 8652 8575 8534 90 62 43
is_linear=0
shrinkage=0.08


Tree=258
num_leaves=31
num_cat=0
split_feature=17 13 4 23 23 29 23 13 19 13 21 33 39 33 33 6 7 7 31 27 17 15 8 6 5 15 21 15 33 15
split_gain=0.98766 1.50052 1.2948 1.03865 0.873156 1.02564 0.87164 1.74603 1.34958 1.32992 1.21815 1.11691 1.04922 2.67782 0.840278 1.04769 0.728455 0.707467 1.05007 1.61413 0.922595 0.993828 0.894089 0.702671 0.700801 1.04939 1.07242 1.88015 0.949407 0.704659
threshold=18.314050000000005 16.717400000000001 8.5000000000000018 20.578700000000001 18.642900000000001 17.191450000000007 17.993150000000004 18.517300000000002 20.384450000000005 17.307350000000003 18.243650000000006 -0.20684999999999928 97.399673206092061 0.23139999999999986 0.18250000000000013 0.26049885565119302 18.078626666666672 18.123570000000004 18.042600000000004 17.955650000000002 18.197700000000005 17.955650000000002 0.23540509187572478 0.22778764544137692 18.10177666666667 18.275250000000003 18.449000000000002 18.120150000000006 0.32200000000000101 17.993150000000004
decision_type=2 2 2 2 2 2 2 2 2 2 2 2 2 2 2 2 2 2 2 2 2 2 2 2 2 2 2 2 2 2
left_child=3 -2 -3 4 17 -6 9 12 -9 -4 11 -11 16 -14 15 23 -8 20 19 -19 24 -22 -23 -13 -1 26 27 28 29 -26
right_child=1 2 6 -5 5 -7 7 8 -10 10 -12 14 13 -15 -16 -17 -18 18 -20 -21 21 22 -24 -25 25 -27 -28 -29 -30 -31
leaf_value=1.5867972493310845e-06 -0.00046440597271214302 0.010337363591150108 0.0050437027173329341 -0.00021528404922634083 -0.00019983929413740499 0.0008871605579088282 0.00040870606782036136 -0.00066142231247198421 0.00016103370612540857 -0.00332793262474965 0.00057623087105170608 0.00038233881216939383 0.0020444862933861429 -0.00017032566083742041 -0.00037320877800851805 0.0019961443755806842 -0.0013115073744026518 -3.9222765870761123e-05 8.3479371331520726e-05 -0.00065802321587469235 0.00076024149804311493 0.0035467310465037371 -0.00047323492107608444 -0.00031862119236052421 -0.00071185290154375026 -0.00073224974010997811 -0.00038670060817665332 0.0024687516902710629 0.0010408376801737517 0.00013168012368851124
leaf_weight=8768 30 23 26 29 26 39 20 31 24 30 22 20 34 24 49 22 21 22 55 24 23 27 29 21 61 53 34 23 25 25
leaf_count=8768 30 23 26 29 26 39 20 31 24 30 22 20 34 24 49 22 21 22 55 24 23 27 29 21 61 53 34 23 25 25
internal_value=-0.000223602 -0.00413098 -0.0027248 -5.61373e-05 -8.66363e-06 0.00923077 -0.00395349 0.000519481 -0.0109091 -0.00757895 -0.0102439 -0.0129577 0.00686869 0.0137931 -0.00928571 -0.0031746 -0.00292683 -7.41629e-05 -0.00673267 -0.0156522 0 0.00860759 0.00285714 -0.0107317 -7.5648e-05 -0.00452489 -0.00142857 0.00179104 -0.00252252 -0.00651163
internal_weight=9660 397 367 9263 9234 65 344 154 55 190 164 142 99 58 112 63 41 9169 101 46 9068 79 56 41 8989 221 168 134 111 86
internal_count=9660 397 367 9263 9234 65 344 154 55 190 164 142 99 58 112 63 41 9169 101 46 9068 79 56 41 8989 221 168 134 111 86
is_linear=0
shrinkage=0.08


Tree=259
num_leaves=31
num_cat=0
split_feature=27 25 21 33 27 15 15 33 29 7 29 25 13 2 23 33 25 29 13 7 8 5 21 7 17 5 13 7 27 15
split_gain=1.13232 1.08422 1.29159 0.934768 1.39347 1.10573 0.842561 1.20993 1.46006 0.935924 0.631788 0.493388 1.1377 1.24568 1.07545 0.739519 0.73692 0.465894 1.83896 1.53896 1.52059 1.10491 1.70323 1.42231 1.58242 1.30372 1.31414 1.29139 0.97788 1.35185
threshold=18.449000000000002 17.189100000000007 16.824400000000001 -0.16099999999999956 18.731750000000002 18.314050000000005 18.556400000000004 0.20124999999999996 18.356750000000002 18.082992500000003 17.846600000000006 13.851850000000002 13.917650000000002 2.5000000000000004 14.481250000000001 0.033050000000000253 13.884750000000002 14.153300000000002 15.692450000000003 14.847939166666668 0.19704768187955354 14.116770000000004 14.115350000000001 14.127230833333334 14.329500000000001 14.149816666666668 14.066000000000001 14.131361666666669 14.000100000000002 14.043850000000001
decision_type=2 2 2 2 2 2 2 2 2 2 2 2 2 2 2 2 2 2 2 2 2 2 2 2 2 2 2 2 2 2
left_child=11 -2 -3 4 -4 -6 7 8 10 -9 -5 12 -1 -14 15 -15 -13 18 19 20 -18 27 23 -23 -25 26 -24 -22 -27 -30
right_child=1 2 3 6 5 -7 -8 9 -10 -11 -12 16 13 14 -16 -17 17 -19 -20 -21 21 22 25 24 -26 28 -28 -29 29 -31
leaf_value=0.0004849563710833138 0.0034873866030312685 -0.0032832967385420632 -0.0021380886988100656 -3.4294064456901195e-05 0.0001714620210503881 -0.00046681628881245274 0.00012135689018322182 -0.0022945890171475014 -0.00018966944771662498 0.00016716362637538395 0.0040215830435482757 0.00032832322217579701 0.00040640273828081776 1.5993081621701322e-05 -0.00085522279681839565 -0.00039057049561279199 6.3805069282878442e-05 6.5609589722726017e-06 -0.0020269509274640995 0.0010436843163077469 -0.00016646535143550524 -0.0003766297261303464 -0.00015922158798460374 0.00072428586312511811 -0.000209380592455517 -0.0030269598209751794 0.0017572018471474849 -0.0011666845616063882 0.00074193158210128735 -0.0017772935458214079
leaf_weight=20 33 22 29 21 23 26 21 34 20 22 36 34 24 20 22 27 352 8453 30 33 35 31 27 65 35 22 23 37 20 63
leaf_count=20 33 22 29 21 23 26 21 34 20 22 36 34 24 20 22 27 352 8453 30 33 35 31 27 65 35 22 23 37 20 63
internal_value=-0.000207039 -0.00515679 -0.00692913 -0.00517241 -0.0123077 -0.00408163 -0.00155844 -0.00390977 0.0025974 -0.0128571 0.00912281 -5.54785e-05 -0.00530973 -0.00903226 -0.0144928 -0.00765957 8.63931e-06 -3.46846e-05 -0.00191462 -0.00113055 -0.00191549 -0.00558659 -0.00335664 0.00335878 0.008 -0.00903226 0.0016 -0.0144444 -0.0140952 -0.0101205
internal_weight=9660 287 254 232 78 49 154 133 77 56 57 9373 113 93 69 47 9260 9226 773 743 710 358 286 131 100 155 50 72 105 83
internal_count=9660 287 254 232 78 49 154 133 77 56 57 9373 113 93 69 47 9260 9226 773 743 710 358 286 131 100 155 50 72 105 83
is_linear=0
shrinkage=0.08


Tree=260
num_leaves=31
num_cat=0
split_feature=25 25 27 21 39 25 29 21 13 15 13 33 25 23 8 29 31 1 13 15 33 33 6 6 1 1 19 4 21 8
split_gain=0.800931 0.579356 0.99939 2.20417 1.46944 0.618141 0.529123 0.481361 1.23229 0.817177 0.445215 0.414577 1.4851 1.27897 1.54805 2.32546 1.56735 1.55457 1.00831 0.878709 0.683112 1.24757 1.13343 1.46385 1.08763 0.921436 1.12955 1.16258 0.958 1.09156
threshold=22.248450000000002 20.808800000000002 19.533250000000006 19.787800000000001 92.324632450654533 19.662150000000004 12.978900000000001 13.818850000000003 16.403200000000002 14.230700000000001 9.6461500000000004 -0.80299999999999805 17.911800000000003 14.312950000000003 0.89181108688505106 16.964700000000004 16.413050000000002 7.5000000000000009 17.752500000000001 20.578700000000001 -0.41205000000000064 -0.40254999999999969 0.26332345798295392 1.4517547595371616 21.500000000000004 19.500000000000004 15.593050000000002 21.500000000000004 16.852650000000001 0.32378087601957145
decision_type=2 2 2 2 2 2 2 2 2 2 2 2 2 2 2 2 2 2 2 2 2 2 2 2 2 2 2 2 2 2
left_child=1 2 5 4 -4 6 -1 8 9 -8 -9 12 13 -12 15 16 -15 -16 -19 20 22 -22 24 25 -13 26 -24 -28 -29 -30
right_child=-2 -3 3 -5 -6 -7 7 10 -10 -11 11 19 -14 14 17 -17 -18 18 -20 -21 21 -23 23 -25 -26 -27 27 28 29 -31
leaf_value=-0.00024830851411145716 -0.00014820327660970635 0.00028939191830204439 -0.000562985453017788 -0.0013247679791849975 0.00029634364975244409 0.00011164833896856407 2.9905514090060594e-05 -0.00031904314327441341 -0.00054472136377000876 0.00033971723372445696 -0.0020808677703413282 0.00015948767328524127 -0.0010830821958073501 0.00067261521284649466 -0.012566618285087686 0.0051864327499470163 -0.0014480321998345859 0.0029955209112914362 -0.00040590780228001223 0.0012492869413591734 -0.0035899095289335038 -8.3215619133625304e-06 0.00021422137246929652 0.001152190610208379 0.0030845242729149193 -0.0012368354648354086 0.00033911394248519855 -0.0028984595348444486 3.1230619733833009e-05 -0.0019099245270889755
leaf_weight=30 25 28 24 20 36 33 24 20 27 25 20 645 34 49 27 24 21 22 43 23 33 8171 39 21 38 32 39 32 35 20
leaf_count=30 25 28 24 20 36 33 24 20 27 25 20 645 34 49 27 24 21 22 43 23 33 8171 39 21 38 32 39 32 35 20
internal_value=-9.93789e-05 -6.2273e-05 -9.57635e-05 -0.009 -0.00133333 -2.0993e-05 -5.89846e-05 -2.53593e-05 0.00631579 0.0138776 -7.66937e-05 -5.12383e-05 -0.00333333 -0.000776699 0.00129032 0.00851064 0.00114286 -0.00608696 0.000615385 3.5057e-05 -4.39319e-06 -0.000234032 0.00208657 -0.00293578 0.0036896 -0.00507614 -0.00266667 -0.00634921 -0.0114943 -0.00509091
internal_weight=9660 9635 9607 80 60 9527 9494 9464 76 49 9388 9368 240 206 186 94 70 92 65 9128 9105 8204 901 218 683 197 165 126 87 55
internal_count=9660 9635 9607 80 60 9527 9494 9464 76 49 9388 9368 240 206 186 94 70 92 65 9128 9105 8204 901 218 683 197 165 126 87 55
is_linear=0
shrinkage=0.08


Tree=261
num_leaves=31
num_cat=0
split_feature=15 25 25 7 33 21 39 39 5 1 25 17 6 17 5 25 8 33 17 17 1 1 39 1 21 29 8 4 8 8
split_gain=0.833854 0.670833 0.694899 1.98841 1.05402 0.501529 1.74995 0.942925 0.801278 0.752544 0.697078 0.690647 0.877843 1.70366 1.21134 1.77956 1.12964 0.727362 0.655549 1.6282 1.06788 2.00445 1.19565 1.13568 1.18864 1.57798 1.79727 1.42496 0.979129 0.928902
threshold=21.934550000000005 22.248450000000002 19.662150000000004 16.548130000000004 -0.11379999999999944 13.818850000000003 83.886622708610005 70.575856059946418 13.960590000000002 20.500000000000004 12.978900000000001 13.917650000000002 0.22279047149827502 13.851850000000002 14.134390000000002 14.131850000000002 1.5116892427919055 3.3116000000000017 14.046700000000003 14.066000000000001 1.0000000180025095e-35 2.5000000000000004 77.20364286458053 15.500000000000002 14.461300000000001 14.148300000000001 0.21018042554720365 31.500000000000004 0.19999328062402463 0.2394805331106267
decision_type=2 2 2 2 2 2 2 2 2 2 2 2 2 2 2 2 2 2 2 2 2 2 2 2 2 2 2 2 2 2
left_child=1 2 5 -4 -5 6 9 -7 -9 -1 -10 12 14 16 15 -12 -14 18 20 -20 -13 22 -22 24 25 28 27 -27 -23 -30
right_child=-2 -3 3 4 -6 7 -8 8 10 -11 11 17 13 -15 -16 -17 -18 -19 19 -21 21 23 -24 -25 -26 26 -28 -29 29 -31
leaf_value=3.435754506611488e-05 -0.00019072196230183637 -0.00013745898548123137 0.0016011651455342956 -0.00086191320216883588 2.8280318463629328e-05 -0.00036941649785120488 -0.0010423249371396537 -0.00039421041092708721 0.00016613914425903431 0.00084123404758997824 0.00049321199784401414 -0.0066674691422927883 -0.00014698832220986447 0.0035114621808882873 -0.003522313932557353 -0.00074100474611483948 0.0038347279306538695 -0.0010540689096185929 0.004132599846424583 3.1127948062703582e-07 0.001310226093440008 0.00032948701570759907 5.1326735209045182e-06 0.00023796402318382093 -0.00078276671148387329 -0.00060706996116856261 0.00029252475480021192 -0.0023455913846410683 -0.00021241423987987675 2.948746876413111e-05
leaf_weight=28 30 24 24 24 22 38 31 20 29 26 35 21 31 23 21 29 24 41 22 8792 23 89 22 23 24 32 29 35 21 27
leaf_count=28 30 24 24 24 22 38 31 20 29 26 35 21 31 23 21 29 24 41 22 8792 23 89 22 23 24 32 29 35 21 27
internal_value=-1.65631e-05 2.49221e-05 5.82969e-05 0.008 -0.00173913 0 0.00611765 -5.50206e-05 -4.24944e-06 0.0148148 2.98094e-05 -8.54336e-06 0.00515337 0.0112821 -0.000470588 0.005 0.00363636 -9.99891e-05 -5.24017e-05 8.16882e-05 -0.00346821 -0.00233846 0.0133333 -0.00485714 -0.00638132 -0.00463519 -0.0125 -0.0197015 0.000875912 -0.00833333
internal_weight=9660 9630 9606 70 46 9536 85 9451 9413 54 9393 9364 163 78 85 64 55 9201 9160 8814 346 325 45 280 257 233 96 67 137 48
internal_count=9660 9630 9606 70 46 9536 85 9451 9413 54 9393 9364 163 78 85 64 55 9201 9160 8814 346 325 45 280 257 233 96 67 137 48
is_linear=0
shrinkage=0.08


Tree=262
num_leaves=31
num_cat=0
split_feature=15 25 7 23 25 7 17 21 19 5 39 27 31 27 39 21 39 21 5 7 25 27 7 21 4 25 27 33 27 31
split_gain=0.824546 0.663345 0.554269 1.25285 1.18576 1.32408 1.17467 1.14405 1.35301 1.95679 1.07043 0.943124 0.863698 0.72803 0.558141 0.891137 0.592268 1.82435 1.68253 3.73957 1.65657 2.0975 1.62857 1.6461 2.73052 1.34025 1.34488 1.77316 1.16704 1.98908
threshold=21.934550000000005 22.248450000000002 14.122820000000001 14.09895 14.18125 14.023385833333336 14.197750000000001 13.950650000000001 14.000100000000002 14.136576666666668 77.382816327445269 14.197750000000001 14.066000000000001 13.950650000000001 70.575856059946418 14.901200000000001 79.621804896020649 14.708300000000003 15.085303333333334 14.889894166666668 14.413900000000002 14.230700000000001 14.636555000000003 14.312950000000003 5.5000000000000009 14.750550000000002 14.593050000000002 0.20690000000000011 15.019750000000002 15.176350000000001
decision_type=2 2 2 2 2 2 2 2 2 2 2 2 2 2 2 2 2 2 2 2 2 2 2 2 2 2 2 2 2 2
left_child=1 2 3 7 10 -6 -7 -1 -9 11 12 13 -5 -10 15 -4 22 18 19 20 21 -18 -16 -24 -25 26 -22 -28 29 -19
right_child=-2 -3 14 4 5 6 -8 8 9 -11 -12 -13 -14 -15 16 -17 17 28 -20 -21 25 -23 23 24 -26 -27 27 -29 -30 -31
leaf_value=0.00040382052749336593 -0.00017546420531772356 -0.00012646226664273286 0.00080166208484136806 -0.0018342269965811652 0.0043647992175704078 0.00046497186697379788 -0.0036112693495540782 0.0010596752988375614 -6.7106278238000528e-05 -0.003639863338214653 -0.0027195607846068983 -0.0015244066021537605 4.187119133618467e-06 0.0010223996507343713 2.0674911246914008e-05 -0.0012663155192646513 -0.00037863890029612437 0.0001302606035125109 0.0002904882211532822 -0.0084383091157975796 -0.0039783000266276503 0.0042443629130514181 -7.983815122045712e-06 -0.0042838441631828771 0.0024316562104755948 1.7728764692606092e-05 -0.0021716812500831395 0.0024744507869573339 -9.6290967240975073e-06 0.00065355228632455462
leaf_weight=20 30 24 20 38 21 23 21 35 20 20 29 21 40 24 1379 26 21 437 55 27 66 34 132 22 154 57 31 21 6699 113
leaf_count=20 30 24 20 38 21 23 21 35 20 20 29 21 40 24 1379 26 21 437 55 27 66 34 132 22 154 57 31 21 6699 113
internal_value=-9.10973e-05 -4.98442e-05 -1.66563e-05 -0.00333333 -0.00790698 0.000615385 -0.00727273 0.00228571 -0.000666667 -0.00611765 -0.0130841 0.000615385 -0.00820513 0.00727273 9.46847e-05 -0.00869565 0.000138408 -0.000163999 -0.00615385 -0.0088716 -0.00556522 0.00654545 0.00149378 0.00675325 0.0118182 -0.00937143 -0.0142373 -0.00461538 9.3806e-05 0.00363636
internal_weight=9660 9630 9606 312 172 65 44 140 120 85 107 65 78 44 9294 46 9248 7561 312 257 230 55 1687 308 176 175 118 52 7249 550
internal_count=9660 9630 9606 312 172 65 44 140 120 85 107 65 78 44 9294 46 9248 7561 312 257 230 55 1687 308 176 175 118 52 7249 550
is_linear=0
shrinkage=0.08


Tree=263
num_leaves=31
num_cat=0
split_feature=15 21 17 6 8 19 25 4 5 19 8 8 13 19 31 15 13 15 33 7 15 1 4 33 1 8 13 1 21 5
split_gain=0.834891 0.417362 1.25611 1.41706 0.488778 1.28699 1.47059 1.89062 1.51503 1.18347 1.13782 1.05174 0.756045 0.548896 1.3913 0.722511 0.48867 0.503949 1.6 1.6 0.591149 0.910249 0.64142 0.610037 1.52968 1.26689 1.94817 1.16758 1.26029 1.3028
threshold=21.934550000000005 13.818850000000003 14.043850000000001 2.4447367355058018 1.9763996019670673 17.619150000000001 17.384900000000005 52.500000000000007 17.085110000000004 17.149950000000004 2.0872971760689762 1.9611396132952359 16.247550000000004 13.818850000000003 14.312950000000003 12.978900000000001 21.448650000000004 19.274100000000001 -0.075199999999998809 16.820480000000003 18.556400000000004 2.5000000000000004 34.500000000000007 0.71485000000000032 20.500000000000004 0.67300804801402048 15.523850000000001 3.5000000000000004 15.557500000000003 17.031573333333338
decision_type=2 2 2 2 2 2 2 2 2 2 2 2 2 2 2 2 2 2 2 2 2 2 2 2 2 2 2 2 2 2
left_child=1 2 -1 -4 11 6 7 8 10 -8 12 13 -6 14 -3 -15 17 20 -19 -20 23 -22 -23 -17 25 27 -27 -25 -29 -30
right_child=-2 4 3 -5 5 -7 9 -9 -10 -11 -12 -13 -14 15 -16 16 -18 18 19 -21 21 22 -24 24 -26 26 -28 28 29 -31
leaf_value=-0.00012655680023584636 -0.00016142706889240798 -0.0011231040608029731 0.00085422484870562704 0.00052602677340047427 -0.0033621306568950614 -0.0023018522845117675 -0.00022447309937817294 0.00025651752074907109 -0.003734533178915598 0.0035305548334952164 0.00035166126925020082 0.0052879039583513081 -0.00021650812228386941 0.0008133248513365743 0.00015373268910352068 5.9781784017332033e-06 0.00040211578534012917 -0.0012649853681649147 -0.0006572223158936197 0.00027069953417679926 0.0044704585686247359 -0.00023671421596134224 0.00019810125788986 0.0042687204681540435 0.0048771140044694761 0.0004031043655010791 -0.0022510988190830973 -0.0031478954161156024 0.00092137466320139081 -0.00040382565625165514
leaf_weight=22 30 23 27 37 24 25 30 23 28 21 49 34 29 22 23 8803 25 32 20 20 24 23 24 31 34 24 47 23 37 46
leaf_count=22 30 23 27 37 24 25 30 23 28 21 49 34 29 22 23 8803 25 32 20 20 24 23 24 31 34 24 47 23 37 46
internal_value=-8.28157e-06 3.32295e-05 0.0055814 0.01125 -1.67645e-05 -0.00366812 -0.00156863 -0.0054902 -0.00923077 0.0101961 -0.00470588 7.30005e-05 -0.0128302 2.15494e-05 -0.00869565 6.49702e-05 3.03918e-05 0 -0.00666667 0.004 5.26547e-05 0.00732394 0.000851064 -4.42233e-06 -0.00396694 -0.00653846 -0.0152113 -0.0020438 -0.00603774 -0.00144578
internal_weight=9660 9630 86 64 9544 229 204 153 130 51 102 9315 53 9281 46 9235 9213 9188 72 40 9116 71 47 9045 242 208 71 137 106 83
internal_count=9660 9630 86 64 9544 229 204 153 130 51 102 9315 53 9281 46 9235 9213 9188 72 40 9116 71 47 9045 242 208 71 137 106 83
is_linear=0
shrinkage=0.08


Tree=264
num_leaves=31
num_cat=0
split_feature=15 25 31 31 7 17 6 25 15 25 13 19 17 19 8 39 33 23 6 4 5 15 39 7 21 8 21 6 33 39
split_gain=0.838008 0.674175 0.499348 0.511922 1.40352 1.65541 1.3638 1.15818 1.08 1.00994 1.13556 1.17641 2.04033 1.59903 1.80214 1.33389 1.0964 1.17285 1.35052 1.25687 1.58644 1.17904 1.25926 1.11223 1.06275 2.20051 1.16584 1.06061 1.02574 1.79884
threshold=21.934550000000005 22.248450000000002 9.6461500000000004 17.955650000000002 16.860710833333339 16.566100000000002 1.3488920956860124 19.787800000000001 14.901200000000001 17.993150000000004 18.120150000000006 17.955650000000002 18.410200000000007 18.478250000000003 0.2560719989406165 98.11092931967957 -0.32829999999999954 17.887500000000003 0.21834937182795863 43.500000000000007 18.096390000000003 18.087200000000003 98.11092931967957 18.082317500000006 18.120150000000006 0.25044152161473282 17.911800000000003 0.23133056084196241 -0.48870000000000141 97.045132696872585
decision_type=2 2 2 2 2 2 2 2 2 2 2 2 2 2 2 2 2 2 2 2 2 2 2 2 2 2 2 2 2 2
left_child=1 2 -1 7 5 8 9 -4 -5 10 11 15 13 14 -13 -6 28 18 -18 20 23 -20 -23 -19 25 26 -12 -21 29 -11
right_child=-2 -3 3 4 6 -7 -8 -9 -10 16 24 12 -14 -15 -16 -17 17 19 21 27 -22 22 -24 -25 -26 -27 -28 -29 -30 -31
leaf_value=-0.00039126356395627229 -0.00014851290338100399 -0.00011682353958335056 1.24244430551812e-05 -0.0032291237350221993 8.8628033581699127e-05 -0.0020740181889885891 0.0001352915293125534 0.00078832031479691977 0.00014557637320066874 -0.0012285094292296605 0.00065353351799259942 0.00017541247296179563 -0.0029632430544856447 -0.0014698326286713837 0.0018860163136835695 -0.00053326528458441658 -0.0031385303134058517 0.0044978428194680474 0.00014878128634677524 -8.3929674601250785e-05 -0.0004406765087614417 0.00012102167339250513 -0.0011840031796668882 -9.5470604654792631e-05 0.0025145127846953131 0.00049649564753778469 -0.0030763029475772896 0.0064687354388910023 -0.0036231674709719642 0.00015926699264099398
leaf_weight=25 30 24 8659 20 40 39 65 30 30 20 20 75 23 27 21 50 20 32 43 20 87 24 27 50 38 26 31 22 21 21
leaf_count=25 30 24 8659 20 40 39 65 30 30 20 20 75 23 27 21 50 20 32 43 20 87 24 27 50 38 26 31 22 21 21
internal_value=1.65631e-05 5.81516e-05 9.16094e-05 0.000121073 -0.00170404 -0.011236 -0.000647572 0.000308436 -0.0016 -0.00162602 0.00148148 -0.00169492 0.00273973 0.00682927 0.0116667 -0.00888889 -0.00444444 -0.00258462 -0.00912281 0.000947867 -0.00213018 -0.00510638 -0.0133333 0.00585366 0.008 0.0025974 -0.00705882 0.0133333 -0.0141935 -0.00682927
internal_weight=9660 9630 9606 9581 892 89 803 8689 50 738 351 236 146 123 96 90 387 325 114 211 169 94 51 82 115 77 51 42 62 41
internal_count=9660 9630 9606 9581 892 89 803 8689 50 738 351 236 146 123 96 90 387 325 114 211 169 94 51 82 115 77 51 42 62 41
is_linear=0
shrinkage=0.08


Tree=265
num_leaves=31
num_cat=0
split_feature=23 13 17 23 29 23 23 29 5 8 29 17 8 27 13 31 4 7 7 7 8 23 6 19 33 25 23 19 23 29
split_gain=0.583484 0.692056 1.32453 2.05536 1.92595 1.60496 1.79734 1.90235 1.37949 1.62789 1.30209 1.57849 1.36147 1.32203 1.30062 1.43073 1.22625 1.33004 1.49014 1.95851 1.64497 1.16218 1.64203 1.50373 1.85938 1.15531 1.12479 1.0741 1.0342 2.17
threshold=21.645750000000003 18.275250000000003 17.955650000000002 18.197700000000005 18.894150000000003 18.243650000000006 17.993150000000004 18.410200000000007 18.080296666666673 0.25044152161473282 17.911800000000003 18.356750000000002 0.22998470774017118 18.158950000000001 18.314050000000005 18.314050000000005 57.500000000000007 18.123570000000004 18.100093333333337 18.086337500000006 0.2323171153389697 17.911800000000003 0.20496707447508877 18.158950000000001 0.075950000000000642 18.087200000000003 17.911800000000003 18.314050000000005 17.846600000000006 17.887500000000003
decision_type=2 2 2 2 2 2 2 2 2 2 2 2 2 2 2 2 2 2 2 2 2 2 2 2 2 2 2 2 2 2
left_child=1 2 3 21 5 6 16 10 -5 -10 11 -8 -12 -14 -3 -16 17 18 19 20 -4 -1 -23 -24 -25 -17 -21 -9 29 -22
right_child=-2 14 4 8 -6 -7 7 27 9 -11 12 -13 13 -15 15 25 -18 -19 -20 26 28 22 23 24 -26 -27 -28 -29 -30 -31
leaf_value=1.0602416140272907e-05 -0.00025778120892908871 0.00044800345928891261 0.0010774266803829846 0.00017285156722763874 -0.00087906473575472433 -0.002948279937150744 -0.001264572335225438 5.9750228703592255e-06 0.00011291546880755732 0.0024004102211475243 -0.00018293775172708139 0.0013296530515890482 0.0022009613364726024 0.00024318864703047895 -7.0347100103163027e-06 0.009288443791962777 -0.00045424130227445403 -0.00099552859368060346 0.0030257280987807181 -0.00056920741927342529 -0.00017081655055640967 0.00016012108741705333 -0.0015043616491723811 -0.0011627635957236749 0.0032474702388537936 1.3780167221568718e-05 -0.0036253119017399626 -0.00043246685227728678 -0.00056776184835584333 0.00088829579388601584
leaf_weight=8244 35 36 43 78 20 56 22 21 21 23 34 25 46 31 329 21 26 31 36 47 74 24 90 32 41 34 27 20 60 33
leaf_count=8244 35 36 43 78 20 56 22 21 21 23 34 25 46 31 329 21 26 31 36 47 74 24 90 32 41 34 27 20 60 33
internal_value=2.48447e-05 6.23377e-05 -8.25638e-05 0.000182392 -0.00355828 -0.00278481 -0.00152778 0.00462312 0.0104918 0.0218182 0.00860759 -0.00255319 0.0133333 0.0192208 0.0032381 0.001875 -0.00477454 -0.00353276 -0.002 -0.00394366 0 3.32108e-05 -0.00620321 -0.00907975 -0.000547945 0.0138182 -0.0151351 -0.0107317 -0.00359281 0.0011215
internal_weight=9660 9625 9205 8553 652 632 576 199 122 44 158 47 111 77 420 384 377 351 320 284 210 8431 187 163 73 55 74 41 167 107
internal_count=9660 9625 9205 8553 652 632 576 199 122 44 158 47 111 77 420 384 377 351 320 284 210 8431 187 163 73 55 74 41 167 107
is_linear=0
shrinkage=0.08


Tree=266
num_leaves=31
num_cat=0
split_feature=7 6 6 6 21 8 25 5 7 19 4 31 13 17 15 25 21 13 13 6 39 39 39 5 25 13 17 17 27 4
split_gain=0.55442 1.08457 1.35387 1.18847 1.84576 1.05523 1.14043 1.13556 1.33955 1.11178 0.90488 1.2008 0.845051 1.84891 1.20518 1.17993 1.04248 0.813266 1.17959 2.22213 1.60691 1.54635 1.26415 1.01422 1.31118 1.26758 1.01009 2.26008 1.3699 1.63831
threshold=18.082317500000006 0.18391943834379784 0.16969958527747811 0.20852180175346877 17.911800000000003 0.22357233039056149 18.087200000000003 18.08566333333334 18.089694166666671 18.042600000000004 5.5000000000000009 18.449000000000002 17.993150000000004 17.955650000000002 17.993150000000004 18.410200000000007 18.087200000000003 20.578700000000001 17.791300000000003 2.5606975924117372 97.638118011755765 99.819194672000052 96.699292568247472 18.109816666666671 17.993150000000004 17.846600000000006 17.846600000000006 17.724500000000003 17.724500000000003 28.500000000000004
decision_type=2 2 2 2 2 2 2 2 2 2 2 2 2 2 2 2 2 2 2 2 2 2 2 2 2 2 2 2 2 2
left_child=17 2 -2 4 -3 9 10 8 -8 -5 -7 -12 13 -9 -14 -15 -16 18 20 23 22 -22 26 25 -25 -20 27 -1 29 -28
right_child=1 3 -4 5 -6 6 7 12 -10 -11 11 -13 14 15 16 -17 -18 -19 19 -21 21 -23 -24 24 -26 -27 28 -29 -30 -31
leaf_value=4.2467291318359913e-06 -0.00056128013792175577 0.00017734816229875606 0.0079150925848261982 2.2788773646880147e-05 -0.0014406879793440908 0.0029256885572127092 -0.0028615802746406872 0.0012099597126430694 -0.00011064576989639364 -0.001210616813316392 0.00019845105973814725 -0.00072042340300185973 -0.00023116296411473058 -0.00052641520777925172 0.0027568303735169765 -0.0011826496044031387 3.5919415100238439e-06 -0.0010681884404013431 0.0028537465170401788 0.0052245677643998076 -0.0045620228932941129 -9.8074408461670259e-05 0.0040676823574327158 0.00068845291386949732 -0.00054947424808375449 0.00011084824765376312 -0.001515845321725351 0.0023990761263104335 -0.00089483808808523693 0.0012474407919017948
leaf_weight=8074 22 29 21 21 82 25 29 24 37 31 224 39 38 26 32 20 43 46 23 25 43 72 33 28 53 390 27 28 47 28
leaf_count=8074 22 29 21 21 82 25 29 24 37 31 224 39 38 26 32 20 43 46 23 25 43 72 33 28 53 390 27 28 47 28
internal_value=0 -0.0020996 0.0102326 -0.00285714 -0.0104505 -0.00142615 -0.000372439 -0.00433735 -0.0133333 -0.0123077 0.00305556 0.001673 -0.0010929 -0.008 0.00318584 -0.0173913 0.00906667 0.000174947 0.000229963 0.00393064 0 -0.0093913 0.000131116 0.00275304 -0.0054321 0.00435835 6.82594e-05 0.00016786 -0.00784314 0.000727273
internal_weight=9660 743 43 700 111 589 537 249 66 52 288 263 183 70 113 46 75 8917 8871 519 8352 115 8237 494 81 413 8204 8102 102 55
internal_count=9660 743 43 700 111 589 537 249 66 52 288 263 183 70 113 46 75 8917 8871 519 8352 115 8237 494 81 413 8204 8102 102 55
is_linear=0
shrinkage=0.08


Tree=267
num_leaves=31
num_cat=0
split_feature=15 27 23 13 15 19 8 25 27 15 8 13 23 21 4 29 21 13 7 19 5 27 19 21 13 8 13 29 1 33
split_gain=0.82661 0.808365 0.784384 1.01095 1.04745 1.52949 1.62315 0.961582 0.952778 0.922743 1.08079 0.978495 0.863782 0.811734 1.03068 0.72053 0.973496 1.61919 1.25545 1.19001 1.90981 2.1875 0.980583 1.85787 1.16264 0.944017 0.952778 0.863782 0.857143 0.72852
threshold=21.934550000000005 9.6461500000000004 21.448650000000004 19.011950000000002 18.478250000000003 17.488600000000002 0.24707989090117086 18.356750000000002 17.993150000000004 18.478250000000003 1.2322522648951775 19.886300000000002 18.087200000000003 19.315350000000006 39.500000000000007 18.243650000000006 17.993150000000004 18.120150000000006 18.087015833333336 18.197700000000005 18.058843333333339 17.955650000000002 17.791300000000003 17.149950000000004 16.247550000000004 0.78757042244178999 17.911800000000003 18.410200000000007 9.5000000000000018 -0.8807500000000007
decision_type=2 2 2 2 2 2 2 2 2 2 2 2 2 2 2 2 2 2 2 2 2 2 2 2 2 2 2 2 2 2
left_child=1 -1 3 4 13 -6 8 -8 -7 11 -11 -5 -9 15 -15 29 19 18 25 22 -21 28 23 24 -17 26 -18 -23 -22 -3
right_child=-2 2 -4 9 5 6 7 12 -10 10 -12 -13 -14 14 -16 16 17 -19 -20 20 21 27 -24 -25 -26 -27 -28 -29 -30 -31
leaf_value=-0.00033629126222393778 -0.00030590818851280235 -0.00037376946361490583 -0.00017688357353947028 0.00033467699690646667 0.00073776780888081819 -0.00029587470664012018 -0.00075375151802866466 -0.0014515226402089354 0.0007321640583484168 0.0085294922038266913 3.1620554761246922e-05 -0.0013213787693248946 -9.1792953074190117e-05 0.00016911955701203851 -1.4481165209190294e-07 3.1802464960222211e-05 0.00028318938670452099 0.00038231541825382463 -0.00097673081233750746 0.0059468890604307493 -0.0059542137369828652 0.0028435541863109392 -0.0010404982657641426 0.012289983457887104 -0.0012106766329037556 -0.00075893372412707551 -0.0010226342387478838 -3.922262702161561e-05 -5.352082811498349e-05 1.3205569048011513e-05
leaf_weight=25 30 133 32 21 43 24 26 26 21 25 32 31 22 23 21 30 21 30 50 26 21 26 35 20 28 20 24 22 21 8751
leaf_count=25 30 133 32 21 43 24 26 26 21 25 32 31 22 23 21 30 21 30 50 26 21 26 35 20 28 20 24 22 21 8751
internal_value=-7.45342e-05 -3.32295e-05 4.1645e-06 4.59626e-05 -4.22654e-05 -0.00641975 -0.0110924 -0.0183784 0.000888889 0.00770642 0.0147368 0 -0.0116667 6.88024e-05 0.0109091 1.72824e-05 -0.00342246 -0.00855172 -0.0128696 -0.000174672 0.00551724 0 -0.0060177 -0.00102564 -0.00827586 -0.00553846 0.000888889 0.0116667 -0.0133333 0.000162089
internal_weight=9660 9630 9605 9573 9464 162 119 74 45 109 57 52 48 9302 44 9258 374 145 115 229 116 90 113 78 58 65 45 48 42 8884
internal_count=9660 9630 9605 9573 9464 162 119 74 45 109 57 52 48 9302 44 9258 374 145 115 229 116 90 113 78 58 65 45 48 42 8884
is_linear=0
shrinkage=0.08


Tree=268
num_leaves=31
num_cat=0
split_feature=27 23 21 39 7 17 19 39 15 23 21 33 17 5 19 1 4 8 1 4 15 7 7 6 31 4 4 19 15 39
split_gain=0.811168 0.824735 0.768469 0.971942 1.47059 0.841832 0.989849 1.56943 0.913565 1.12078 0.854615 0.858545 0.768628 1.48575 0.587119 1.87659 1.32337 1.18061 1.06786 0.965143 2.75843 1.34734 1.72174 0.801695 0.983944 1.0362 1.01042 0.98661 0.735735 0.712524
threshold=9.6461500000000004 21.448650000000004 19.437050000000003 106.21669327777765 16.780026666666668 18.556400000000004 18.894150000000003 99.587003264888509 17.887500000000003 16.938100000000002 12.978900000000001 1.9915500000000004 16.817100000000003 15.34720666666667 14.066000000000001 10.500000000000002 3.5000000000000004 0.19201495402215982 9.5000000000000018 48.500000000000007 14.214150000000002 14.206946976744186 14.832655833333336 0.18584131736081785 14.000100000000002 22.500000000000004 35.500000000000007 13.950650000000001 14.411800000000001 76.755573263971868
decision_type=2 2 2 2 2 2 2 2 2 2 2 2 2 2 2 2 2 2 2 2 2 2 2 2 2 2 2 2 2 2
left_child=-1 2 5 4 -4 10 7 8 9 -7 -2 14 13 -13 15 16 -12 -17 19 21 -21 28 -23 -19 27 -26 -27 -25 -18 -16
right_child=1 -3 3 -5 -6 6 -8 -9 -10 -11 11 12 -14 -15 29 17 18 23 -20 20 -22 22 -24 24 25 26 -28 -29 -30 -31
leaf_value=-0.00030938796124615922 0.0002712315480683003 -0.00022334776466180982 0.00018057840882256925 0.0017554650776150994 -0.0004568529900640783 -0.0014805834912840509 -0.0022881308761600393 0.00030116344701056622 -0.0033711750707894339 0.00068263147131759189 0.0029616668570336914 -0.0012736519273035896 -0.0013468193552969865 0.0010301844696725482 -0.0001383071380853096 0.0034894913620061628 -0.00029164130746423212 -0.00023057265618732004 -0.0017201006260263085 0.0024707218642168981 -0.0025938929796394915 0.0014084574683248974 -0.00028191865332956924 -0.00010168626410489879 9.7687688056993246e-05 0.0010731983035802274 0.00071214079438782104 0.0010086409642380545 0.00034531626878766988 6.8516579050026394e-06
leaf_weight=25 35 37 34 25 34 23 22 25 31 32 22 24 27 25 441 23 164 26 20 31 25 32 23 21 34 23 40 22 30 8284
leaf_count=25 35 37 34 25 34 23 22 25 31 32 22 24 27 25 441 23 164 26 20 31 25 32 23 21 34 23 40 22 30 8284
internal_value=-8.28157e-06 2.90607e-05 7.50156e-05 0.00731183 0.00235294 4.20831e-06 -0.00631579 -0.00324324 -0.00837209 -0.00218182 9.38967e-05 4.71243e-05 -0.00842105 -0.00244898 0.000116618 0.00268657 -0.000806916 0.00910053 -0.00209231 -0.000918033 0.00857143 -0.00305221 0.008 0.00674699 0.00914286 0.0136082 0.0196825 -0.000930233 -0.00618557 -4.12607e-05
internal_weight=9660 9635 9598 93 68 9505 133 111 86 55 9372 9337 76 49 9261 536 347 189 325 305 56 249 55 166 140 97 63 43 194 8725
internal_count=9660 9635 9598 93 68 9505 133 111 86 55 9372 9337 76 49 9261 536 347 189 325 305 56 249 55 166 140 97 63 43 194 8725
is_linear=0
shrinkage=0.08


Tree=269
num_leaves=31
num_cat=0
split_feature=27 19 2 29 27 6 6 23 21 33 33 27 15 2 17 23 8 15 21 31 6 17 8 23 31 13 29 8 4 1
split_gain=0.812102 0.843378 1.47422 1.00063 0.815442 0.579004 1.52176 1.86368 1.16162 1.04761 1.74119 1.23606 1.07904 1.56385 1.24582 1.21957 1.193 1.18608 1.03523 1.0751 1.00784 1.36617 1.26032 2.09988 1.88886 1.97704 1.5071 1.18768 1.64327 2.2733
threshold=22.248450000000002 20.384450000000005 3.5000000000000004 20.808800000000002 9.6461500000000004 0.20852180175346877 0.20732669641664744 17.189100000000007 15.662100000000001 -0.040300000000000218 -0.1033999999999997 19.437050000000003 15.158250000000002 4.5000000000000009 15.557500000000003 17.911800000000003 0.24794906856227689 16.824400000000001 15.426750000000002 14.784150000000002 0.23075856749914891 17.423700000000004 1.7064975938968319 17.531950000000005 16.072750000000003 16.661800000000003 16.900950000000005 0.89181108688505106 27.500000000000004 2.5000000000000004
decision_type=2 2 2 2 2 2 2 2 2 2 2 2 2 2 2 2 2 2 2 2 2 2 2 2 2 2 2 2 2 2
left_child=1 3 -3 4 -1 6 -6 8 18 10 20 -11 13 -12 -14 16 -16 -18 19 -8 21 -7 27 24 -24 -26 -27 -22 29 -29
right_child=-2 2 -4 -5 5 9 7 -9 -10 11 12 -13 14 -15 15 -17 17 -19 -20 -21 22 -23 23 -25 25 26 -28 28 -30 -31
leaf_value=-0.00028463692434655742 -0.000174134571562945 -0.00011498241710825141 0.003186362193679031 -0.00086384469987265788 -2.1476623425442654e-05 0.00017380140674191579 -0.0031177120565455143 -0.0057561329940253357 0.0029726389008187938 -1.5815897794482224e-05 0.0032267549059467626 -0.00069418175715242115 -0.0022151536762042667 0.00069021078316907844 0.0038336078871938641 -0.00030253565747472065 0.0027408978832721689 -0.00093053363289214992 -0.0038272979472552039 0.0007591712412914831 7.6227860162703113e-06 0.001933916070107955 0.0015977120463399074 0.0011035463124107992 -0.0011395322097206419 -0.0014380456403770836 0.0017010153531452944 -0.0096872013245414487 -1.1075645843376947e-05 -0.00015839751715347462
leaf_weight=25 25 30 28 36 3512 649 26 20 20 3215 28 28 25 27 56 25 30 37 21 27 1157 91 36 35 32 31 38 70 212 68
leaf_count=25 25 30 28 36 3512 649 26 20 20 3215 28 28 25 27 56 25 30 37 21 27 1157 91 36 35 32 31 38 70 212 68
internal_value=0 3.73638e-05 0.00965517 -2.08834e-05 2.9347e-05 6.72551e-05 -0.000728075 -0.00982456 -0.00510638 0.000556876 0.00173782 -0.000407031 0.00842105 0.0181818 0.00531792 0.00810811 0.0113821 0.0041791 -0.00972973 -0.00377358 0.0011079 0.00356757 2.38237e-05 0.00651163 0.0020438 -0.00356436 0.00405797 -0.000716656 -0.0048 -0.0115942
internal_weight=9660 9635 58 9577 9541 9516 3626 114 94 5890 2647 3243 228 55 173 148 123 67 74 53 2419 740 1679 172 137 101 69 1507 350 138
internal_count=9660 9635 58 9577 9541 9516 3626 114 94 5890 2647 3243 228 55 173 148 123 67 74 53 2419 740 1679 172 137 101 69 1507 350 138
is_linear=0
shrinkage=0.08


Tree=270
num_leaves=31
num_cat=0
split_feature=27 27 6 6 6 23 27 33 6 39 8 39 15 33 1 6 6 21 4 27 6 13 39 1 15 17 5 25 13 23
split_gain=0.812102 0.816327 0.473308 1.49622 1.50439 2.06879 1.25899 1.32271 1.96111 1.39508 1.38794 1.34262 1.23344 1.40979 1.19939 1.42924 1.17467 1.16875 1.4072 1.5399 1.42167 1.46237 1.67086 1.61142 1.45301 1.39818 1.96563 1.50941 1.30278 1.20099
threshold=22.248450000000002 9.6461500000000004 0.19955525346489247 0.20263486149693824 0.20225504466154273 14.284200000000002 14.000100000000002 0.075950000000000642 0.19772616798077114 93.887166428019768 0.22894849331611244 92.875203410140287 17.993150000000004 0.27590000000000098 10.500000000000002 0.16543343503931554 0.18908854602035305 15.557500000000003 14.500000000000002 15.390450000000003 0.1913205608397521 14.344400000000002 79.979879934856555 11.500000000000002 14.593050000000002 14.593050000000002 14.643670000000002 14.362500000000002 14.082400000000002 14.214150000000002
decision_type=2 2 2 2 2 2 2 2 2 2 2 2 2 2 2 2 2 2 2 2 2 2 2 2 2 2 2 2 2 2
left_child=1 -1 6 4 5 -4 14 8 -8 11 -10 17 13 -11 15 -3 -15 18 25 20 21 29 -23 -24 -25 27 -27 -9 -22 -20
right_child=-2 2 3 -5 -6 -7 7 9 10 12 -12 -13 -14 16 -16 -17 -18 -19 19 -21 28 22 23 24 -26 26 -28 -29 -30 -31
leaf_value=-0.00026186597039895787 -0.00016020380583796625 0.00060469046698841567 -0.0011004450141307842 5.6112774720418201e-06 0.0050848200336122322 0.0014659085099911096 -0.00019620817138573442 -0.00036758921864830539 -0.0011203875800966047 0.0035236100610435985 -0.0031367820126756386 -0.0059822537773544585 -0.00014879338096307037 0.0093153632928056149 0.0012698001155141015 -3.4318616562956099e-05 -4.0271384279435551e-05 0.0013766465769607806 0.0001943528213725898 -0.0012060607003184032 0.0002847041070842238 0.0028249563893406561 0.0034835894825916112 -0.0031142768426191481 0.00080377407485983105 -0.0048539323478137674 -9.6222099428544541e-05 0.0022668216723434396 -0.0037487906132866299 -0.00030314856071548489
leaf_weight=25 25 21 32 6554 38 196 1586 60 55 26 32 28 36 21 35 83 23 234 92 67 27 59 45 43 39 22 38 34 50 34
leaf_count=25 25 21 32 6554 38 196 1586 60 55 26 32 28 36 21 35 83 23 234 92 67 27 59 45 43 39 22 38 34 50 34
internal_value=0 3.73638e-05 7.4922e-05 0.000434018 0.00631579 0.00385965 -0.000802867 -0.001192 -0.00255828 0.00114519 -0.0142529 9.17431e-05 0.00981132 0.016 0.00661871 0.00230769 0.00727273 0.000663507 -0.00118033 0.00105263 0.00298201 0.00538462 0.00989247 0.00472441 -0.00195122 -0.00779221 -0.0173333 -0.00170213 -0.00675325 -0.00126984
internal_weight=9660 9635 9610 6820 266 228 2790 2651 1673 978 87 872 106 70 139 104 44 844 610 456 389 312 186 127 82 154 60 94 77 126
internal_count=9660 9635 9610 6820 266 228 2790 2651 1673 978 87 872 106 70 139 104 44 844 610 456 389 312 186 127 82 154 60 94 77 126
is_linear=0
shrinkage=0.08


Tree=271
num_leaves=31
num_cat=0
split_feature=27 27 15 15 15 25 27 13 13 1 23 39 15 13 17 19 8 27 7 13 15 19 29 5 8 4 1 13 15 19
split_gain=0.815842 0.820087 0.433244 1.67205 0.70988 0.813116 0.816553 0.580291 1.59231 1.01637 1.25069 2.30299 1.59852 1.35804 1.55283 2.07964 1.1468 1.00279 1.72429 2.92908 1.7145 1.62578 1.32057 1.06377 1.08735 1.31505 1.95971 1.61571 1.76177 1.81269
threshold=22.248450000000002 9.6461500000000004 21.934550000000005 20.578700000000001 19.886300000000002 19.979150000000001 19.437050000000003 18.275250000000003 18.314050000000005 22.500000000000004 18.356750000000002 97.267536175815465 17.993150000000004 18.356750000000002 17.887500000000003 17.693600000000004 0.2394805331106267 17.791300000000003 16.836251666666673 17.133600000000005 16.852650000000001 18.197700000000005 18.356750000000002 18.15946666666667 1.6252186225111298 23.500000000000004 4.5000000000000009 17.887500000000003 18.158950000000001 17.955650000000002
decision_type=2 2 2 2 2 2 2 2 2 2 2 2 2 2 2 2 2 2 2 2 2 2 2 2 2 2 2 2 2 2
left_child=1 -1 3 4 5 7 -7 17 -9 10 13 -12 -13 -10 15 -15 -16 21 -19 20 -20 -3 -23 24 25 26 -21 28 29 -28
right_child=-2 2 -4 -5 -6 6 -8 8 9 -11 11 12 -14 14 16 -17 -18 18 19 23 -22 22 -24 -25 -26 -27 27 -29 -30 -31
leaf_value=-0.00024091669276714357 -0.00014738750137098579 3.1697891508031261e-06 -0.00016858255549692558 0.00069010509731455723 -0.00050701094434060681 1.8617610068218936e-05 0.00044489210548405824 0.00057777545682370147 -0.0030811323974144502 -0.0011312625004624977 0.00022786880241085328 -0.0027460968492174233 -3.4305009274362417e-05 0.00075815109354778094 0.0017422886271876337 -0.0016889833168528413 0.0033007211042190934 -0.00077122034612948204 3.8947980696377728e-05 -0.0021907636758447778 0.0043449426398791506 0.00025398614365371939 0.0040918429445551399 -0.00068921003766064359 0.00042318541873214598 4.4205680956110882e-06 -0.00013131145095087503 -0.00036579772278741988 -0.0024389809902331193 0.0035845946583245338
leaf_weight=25 25 8113 29 25 29 29 22 35 20 20 52 46 48 49 25 20 46 72 22 56 20 48 31 34 25 424 23 192 27 28
leaf_count=25 25 8113 29 25 29 29 22 35 20 20 52 46 48 49 25 20 46 72 22 56 20 48 31 34 25 424 23 192 27 28
internal_value=3.31263e-05 7.0576e-05 0.000108221 0.000137773 8.3717e-05 0.000121759 0.0101961 6.7539e-05 0.0032133 0.00147239 0.00261438 -0.00273973 -0.0102128 0.0075 0.0102857 0.00173913 0.0185915 -5.70488e-05 -0.00255688 -0.00155112 0.0190476 0.000224609 0.0116456 -0.00262052 -0.0020129 -0.00256 -0.00638037 -0.00355556 0.00615385 0.014902
internal_weight=9660 9635 9610 9581 9556 9527 51 9476 361 326 306 146 94 160 140 69 71 9115 923 851 42 8192 79 809 775 750 326 270 78 51
internal_count=9660 9635 9610 9581 9556 9527 51 9476 361 326 306 146 94 160 140 69 71 9115 923 851 42 8192 79 809 775 750 326 270 78 51
is_linear=0
shrinkage=0.08


Tree=272
num_leaves=31
num_cat=0
split_feature=27 33 21 25 21 33 21 21 19 23 23 21 29 1 39 17 33 25 33 6 21 5 25 17 8 21 17 8 31 25
split_gain=0.813036 0.606987 1.65586 0.616917 0.490094 0.926282 0.589797 0.659515 1.33308 2.12684 0.992456 2.13319 1.09719 1.19545 0.792929 0.789235 0.557612 1.78108 1.32497 2.24184 2.29388 2.07267 1.36158 1.44795 3.2012 2.77697 1.35675 2.04901 1.42029 1.18335
threshold=22.248450000000002 -3.0739500000000004 14.901200000000001 16.964700000000004 20.384450000000005 -0.037899999999998706 19.886300000000002 19.437050000000003 19.315350000000006 17.791300000000003 18.642900000000001 18.087200000000003 18.731750000000002 18.500000000000004 90.90483909241523 20.055950000000003 0.27075000000000055 13.917650000000002 0.11284999999999991 0.23184165306653989 17.117000000000004 17.062330000000006 14.043850000000001 14.514900000000003 0.18351524275432027 14.411800000000001 14.082400000000002 0.19445415536182017 14.214150000000002 18.087200000000003
decision_type=2 2 2 2 2 2 2 2 2 2 2 2 2 2 2 2 2 2 2 2 2 2 2 2 2 2 2 2 2 2
left_child=1 2 -1 -4 6 -6 7 8 10 -10 12 14 15 -14 -12 16 18 -18 -3 20 22 -22 -20 25 -25 26 27 -24 -28 -21
right_child=-2 4 3 -5 5 -7 -8 -9 9 -11 11 -13 13 -15 -16 -17 17 -19 19 29 21 -23 23 24 -26 -27 28 -29 -30 -31
leaf_value=0.0022751162395412195 -0.00013559650126126143 1.0596580690389601e-05 -0.0027044529604334853 -7.5403916067529053e-05 0.0024646592612018025 -4.4557438392587301e-05 -0.00030850694361504337 0.0029306002572884182 -4.778724706397952e-05 -0.0046851930180736188 0.00052232491859825812 0.0022394737909205275 -9.5627564263622847e-06 -0.0044004169055693867 -0.00023844445443970132 0.00074508448315953053 0.0010244125517624525 5.3867648102965403e-05 -0.0008531420939128509 -0.00063350614353083754 0.0053852878376332569 7.2734409783379306e-05 0.0015344044773566168 -0.0048076847391124748 -9.7066188523058379e-05 0.0024711346233289079 -7.1713403056605787e-05 -0.00035196452114206523 -0.0081072642889101591 -0.0016100362235394528
leaf_weight=22 25 5841 22 27 26 24 21 24 34 21 23 23 42 25 34 20 40 1909 60 447 35 99 22 38 545 79 46 23 23 40
leaf_count=22 25 5841 22 27 26 24 21 24 34 21 23 23 42 25 34 20 40 1909 60 447 35 99 22 38 545 79 46 23 23 40
internal_value=8.28157e-06 4.56668e-05 -0.00732394 -0.0155102 0.000100376 0.008 5.88606e-05 8.84863e-05 5.4916e-05 -0.0123636 0.00012747 0.009 5.14249e-05 -0.0101493 0.000701754 0.000125175 9.08403e-05 0.00129297 -0.0002302 -0.00238847 -0.000164948 0.00955224 -0.00172249 -0.000824742 -0.00281304 0.00518135 -0.00280702 0.008 -0.00985507 -0.00681725
internal_weight=9660 9635 71 49 9564 50 9514 9493 9469 55 9414 80 9334 67 57 9267 9247 1949 7298 1457 970 134 836 776 583 193 114 45 69 487
internal_count=9660 9635 71 49 9564 50 9514 9493 9469 55 9414 80 9334 67 57 9267 9247 1949 7298 1457 970 134 836 776 583 193 114 45 69 487
is_linear=0
shrinkage=0.08


Tree=273
num_leaves=31
num_cat=0
split_feature=27 27 21 25 25 31 13 21 17 31 31 8 7 25 4 17 23 7 7 6 31 25 4 1 4 23 15 1 29 17
split_gain=0.798864 1.49813 1.48854 0.800419 0.892859 0.799581 0.819541 1.43771 2.77969 2.43629 1.70525 1.95871 1.13698 1.11145 1.5792 1.31914 1.15876 2.07468 1.46527 2.06289 1.37923 1.10939 0.993134 1.48798 1.42113 1.57651 1.42962 1.02582 1.51007 1.22136
threshold=20.808800000000002 20.055950000000003 18.731750000000002 21.645750000000003 20.055950000000003 9.6461500000000004 14.153300000000002 14.329500000000001 14.153300000000002 13.884750000000002 15.390450000000003 0.1901233924908981 14.117314166666668 14.593050000000002 25.500000000000004 13.818850000000003 13.884750000000002 15.238179166666669 14.150915833333334 0.19772616798077114 14.593050000000002 14.4777 18.500000000000004 1.0000000180025095e-35 5.5000000000000009 14.09895 14.082400000000002 3.5000000000000004 14.411800000000001 14.411800000000001
decision_type=2 2 2 2 2 2 2 2 2 2 2 2 2 2 2 2 2 2 2 2 2 2 2 2 2 2 2 2 2 2
left_child=1 3 -2 4 5 -1 13 8 9 -8 11 -10 -9 15 -15 -7 18 20 19 -17 21 22 24 -24 26 -26 -18 28 29 -25
right_child=2 -3 -4 -5 -6 6 7 12 10 -11 -12 -13 -14 14 -16 16 17 -19 -20 -21 -22 -23 23 27 25 -27 -28 -29 -30 -31
leaf_value=-0.00056003549948343331 1.7259076358371319e-05 0.00014189385964414214 -0.00017113740470875883 -0.00038227698472240949 0.00088454296380682253 -0.002522024047724827 -0.0068572829256019928 -0.0036003048447700082 -0.0001121433585969811 3.4204351788957868e-05 -0.0012209891005181817 0.0015628176432280583 9.866009518333385e-07 -0.0017539502995465028 -0.00017760130806564688 -0.0018801090671296094 0.00073674528325497592 0.00012969172899573777 -0.0010507015088005289 0.0037641560476765791 -0.00034790419498804682 0.0007472363139753213 -0.0014868755530669376 0.00050186627703865841 3.6460327368885716e-05 0.0013559722881637982 -0.00063831498568447389 -7.0372060166192798e-05 0.0015792278861364651 -0.004402449556836956
leaf_weight=20 28 24 25 20 28 24 23 22 44 263 37 168 8112 26 38 23 34 21 21 20 21 29 26 45 76 46 39 307 29 21
leaf_count=20 28 24 25 20 28 24 23 22 44 263 37 168 8112 26 38 23 34 21 21 20 21 29 26 45 76 46 39 307 29 21
internal_value=-1.65631e-05 3.74727e-05 -0.00981132 -1.25222e-05 2.09139e-05 -2.09754e-05 1.26117e-05 0.00024455 0.00426168 -0.00111888 0.0104418 0.0132075 -1.96705e-05 -0.00236407 -0.0125 -0.00153453 -0.000949868 0 -0.01125 -0.0027907 -0.00077266 -0.000122699 -0.000834671 -0.00299065 0.00389744 0.00918033 -0.00493151 -0.00179104 0.00547368 -0.00121212
internal_weight=9660 9607 53 9583 9563 9535 9515 8669 535 286 249 212 8134 846 64 782 758 694 64 43 673 652 623 428 195 122 73 402 95 66
internal_count=9660 9607 53 9583 9563 9535 9515 8669 535 286 249 212 8134 846 64 782 758 694 64 43 673 652 623 428 195 122 73 402 95 66
is_linear=0
shrinkage=0.08


Tree=274
num_leaves=31
num_cat=0
split_feature=13 4 5 13 19 27 19 19 27 25 25 13 33 5 1 5 7 6 7 27 8 17 19 25 23 29 5 5 17 17
split_gain=0.815735 1.37867 1.19946 1.22117 1.12429 0.747492 0.804398 1.48633 0.835548 0.813743 0.638121 0.668166 1.17198 1.20897 1.36063 2.04143 1.85552 1.44 1.43121 0.896412 0.88658 0.633668 2.89263 2.42439 0.63419 2.08621 0.790329 1.4993 0.876438 1.01901
threshold=18.825550000000003 16.500000000000004 16.48323666666667 21.067900000000005 21.448650000000004 20.808800000000002 12.978900000000001 9.6461500000000004 19.437050000000003 20.578700000000001 19.122800000000002 18.275250000000003 -1.0000000180025095e-35 18.121896666666668 17.500000000000004 18.07493666666667 18.090704166666672 0.25358425208377938 18.084327500000004 17.993150000000004 0.24028468717416576 13.851850000000002 14.18125 14.230700000000001 18.517300000000002 17.094800000000003 18.096390000000003 18.093710000000005 18.478250000000003 17.955650000000002
decision_type=2 2 2 2 2 2 2 2 2 2 2 2 2 2 2 2 2 2 2 2 2 2 2 2 2 2 2 2 2 2
left_child=4 -2 -3 -4 5 6 7 -1 9 10 11 21 13 14 15 19 18 -18 20 -13 -17 22 -8 -24 26 -26 27 28 29 -23
right_child=1 2 3 -5 -6 -7 8 -9 -10 -11 -12 12 -14 -15 -16 16 17 -19 -20 -21 -22 24 23 -25 25 -27 -28 -29 -30 -31
leaf_value=5.3035100705756122e-05 0.0053562910134857594 0.00010791907475493189 -0.00044936986989966952 -1.2837908338951821e-05 0.0028790323151828548 -0.00016543451885247862 0.00091264308587319938 -0.0032208990524086544 0.00013054235087260225 -0.0028125328385449678 0.00026645651238169424 0.0013459190517045273 0.0012049479986569623 0.00034016975323112323 -0.00076522977926032356 0.0012228632247206406 0.00206688156816341 -5.7720980187667695e-05 -0.0051017058242904057 0.0029979061889990532 -0.0037448738939697534 1.8295899856468623e-06 -0.0082751982951965175 0.0016563891129479913 -0.00018592052871611032 0.0012375561340610376 -0.00015992912029162199 0.0016237647912889486 0.00019065111888977526 -0.00020663578439439334
leaf_weight=24 39 27 54 32 22 34 30 22 42 20 31 42 33 31 20 22 25 20 26 26 20 8204 26 22 29 29 337 24 65 282
leaf_count=24 39 27 54 32 22 34 30 22 42 20 31 42 33 31 20 22 25 20 26 26 20 8204 26 22 29 29 337 24 65 282
internal_value=2.48447e-05 -0.00578947 -0.0102655 -0.0148837 0.000117796 7.59013e-05 0.000118493 -0.0104348 0.000170104 0.000119607 0.00015411 0.000115967 0.00407547 0.00206897 -0.000199005 0.00198895 -0.00460177 0.008 -0.0129412 0.0129412 -0.00380952 0 0.00717949 -0.005 -6.24303e-05 0.00827586 -0.000116697 3.26531e-05 -2.33891e-05 -9.42729e-05
internal_weight=9660 152 113 86 9508 9486 9452 46 9406 9364 9344 9313 265 232 201 181 113 45 68 68 42 9048 78 48 8970 58 8912 8575 8551 8486
internal_count=9660 152 113 86 9508 9486 9452 46 9406 9364 9344 9313 265 232 201 181 113 45 68 68 42 9048 78 48 8970 58 8912 8575 8551 8486
is_linear=0
shrinkage=0.08


Tree=275
num_leaves=31
num_cat=0
split_feature=19 29 21 31 33 17 19 27 25 33 8 4 17 23 27 39 33 33 6 4 21 23 8 19 7 19 29 39 25 8
split_gain=1.20748 0.878909 0.902064 0.645931 0.613946 0.461358 1.53478 1.05445 1.51583 1.225 0.92807 0.837387 0.528618 2.15271 1.15166 1.39986 1.19439 2.64136 2.20131 1.56385 1.19392 1.18848 1.14088 1.38452 1.27967 1.14003 1.24669 1.66728 1.57695 1.01731
threshold=21.934550000000005 20.808800000000002 20.808800000000002 20.808800000000002 -0.089550000000000005 13.917650000000002 14.115350000000001 13.950650000000001 14.197750000000001 -0.099150000000000724 0.20977037836269494 36.500000000000007 14.18125 14.615850000000002 14.543600000000001 76.934746726836622 0.12080000000000092 0.22775000000000215 0.18770359887820501 37.500000000000007 13.917650000000002 14.510650000000002 0.19351697683627564 14.131850000000002 14.625055833333336 14.18125 14.344400000000002 78.547036005725758 14.344400000000002 1.4421042757918003
decision_type=2 2 2 2 2 2 2 2 2 2 2 2 2 2 2 2 2 2 2 2 2 2 2 2 2 2 2 2 2 2
left_child=1 2 3 5 -3 6 11 -8 10 -10 -9 -1 13 -7 16 -16 20 18 19 -18 -14 -20 24 -24 -19 -17 27 -27 29 -28
right_child=-2 4 -4 -5 -6 12 7 8 9 -11 -12 -13 14 -15 15 25 17 22 21 -21 -22 -23 23 -25 -26 26 28 -29 -30 -31
leaf_value=0.00057183213471866166 -0.00020886849661046371 -0.00086533770492508216 0.00013300237309806561 0.0001423781500548671 -8.7178030216250588e-05 -2.8502703903470206e-05 -0.0006341538798034208 0.00020927761025916426 -0.00024197347323465124 0.0039552768101737005 -0.0016766745812918061 3.6514910829765766e-06 0.00040994839916919546 -0.0040927445493675659 -0.00077724307195794042 0.00347508809077425 -0.0052075038648434456 -0.00196473131502259 -0.0040503999594888283 0.0029885706153218194 0.00024020106350974401 -0.0010821170204602026 -0.00016973213893621165 0.00063786527745541839 0.0035694893273448261 -0.0060096379449021955 0.00067900104186385596 -0.00018976579666812654 -9.9070445990889773e-06 0.0010950410311170345
leaf_weight=44 30 21 33 31 28 696 24 27 20 20 30 30 32 20 77 32 22 41 51 20 555 22 29 106 20 22 32 42 7483 20
leaf_count=44 30 21 33 31 28 696 24 27 20 20 30 30 32 20 77 32 22 41 51 20 555 22 29 106 20 22 32 42 7483 20
internal_value=2.48447e-05 7.47664e-05 0.000129423 8.37872e-05 -0.0106122 4.62331e-05 0.00389744 -0.00165289 0.00206186 0.014 -0.00631579 0.012973 -3.43274e-05 -0.00212291 0.000139438 -0.00017644 0.00285078 -0.00115756 -0.0107826 0.00380952 0.00497445 -0.0191781 0.0044898 0.00859259 -0.00459016 -6.81431e-05 -0.000131596 -0.01125 -3.71599e-05 0.0138462
internal_weight=9660 9630 9581 9548 49 9517 195 121 97 40 57 74 9322 716 8606 7708 898 311 115 42 587 73 196 135 61 7631 7599 64 7535 52
internal_count=9660 9630 9581 9548 49 9517 195 121 97 40 57 74 9322 716 8606 7708 898 311 115 42 587 73 196 135 61 7631 7599 64 7535 52
is_linear=0
shrinkage=0.08


Tree=276
num_leaves=31
num_cat=0
split_feature=27 23 27 31 15 1 6 4 17 5 1 29 15 25 7 7 29 21 21 4 4 39 13 6 13 2 5 21 21 17
split_gain=1.36542 2.02041 1.49688 0.801255 0.504686 1.89372 2.21435 2.3688 1.6487 2.00652 1.28525 1.09113 1.08143 1.6612 1.27679 2.06538 1.94805 1.55998 1.8164 1.83055 1.54416 1.22013 1.06056 1.71409 1.69428 1.41811 1.37728 2.01019 1.82591 1.8943
threshold=20.808800000000002 19.979150000000001 20.055950000000003 9.6461500000000004 14.046700000000003 3.5000000000000004 0.23876717499570263 23.500000000000004 14.131850000000002 14.10133666666667 7.5000000000000009 14.284200000000002 14.18125 13.884750000000002 14.636555000000003 14.198415000000001 14.312950000000003 14.413900000000002 14.131850000000002 49.500000000000007 36.500000000000007 76.3667750061622 14.153300000000002 0.19743352085769303 14.066000000000001 1.5000000000000002 14.595320000000003 14.543600000000001 14.344400000000002 14.344400000000002
decision_type=2 2 2 2 2 2 2 2 2 2 2 2 2 2 2 2 2 2 2 2 2 2 2 2 2 2 2 2 2 2
left_child=2 -2 3 -1 5 6 7 -5 9 -7 -11 -8 13 -6 15 17 -17 18 19 20 -15 -20 23 24 -14 -25 27 28 -24 -30
right_child=1 -3 -4 4 12 8 11 -9 -10 10 -12 -13 22 14 -16 16 -18 -19 21 -21 -22 -23 26 25 -26 -27 -28 -29 29 -31
leaf_value=-0.00064564765359541808 2.97016078228296e-05 -0.00049540654917606735 0.00012667504065035472 0.0058494148700224003 0.00096392713640852895 0.00042318400282226776 -0.00022828746160591607 6.0698919709096797e-05 -1.3727724972767418e-06 -0.0015425865257365956 -0.00028455497649524378 6.3777691195099348e-05 0.00053530138250117436 -0.00060792638715170713 0.00066698548944764012 -0.0012655448211988584 4.5456127924126126e-06 -0.0028421659952988423 0.0015510361281661034 -0.0040351407678916474 0.00093535714900248477 0.00018875075744908542 0.00014888301471913224 -0.0017380718915833882 -0.00021940733273773105 -0.00025984062111241715 -7.5282608014504148e-06 0.0014462002732787483 0.0017687278703493092 -0.0047260500654000741
leaf_weight=20 29 24 24 39 37 23 22 57 208 53 130 20 92 53 40 33 21 23 20 29 26 74 200 59 50 134 7929 113 20 58
leaf_count=20 29 24 24 39 37 23 22 57 208 53 130 20 92 53 40 33 21 23 20 29 26 74 200 59 50 134 7929 113 20 58
internal_value=-2.48447e-05 -0.0128302 4.57999e-05 -4.17406e-06 2.92795e-05 -0.00231884 0.0057971 0.0125 -0.00502415 -0.0100971 -0.0128962 -0.00952381 0.000173122 0.00449438 0.00263323 0.000716846 -0.0133333 0.00408889 0.00633663 -0.000740741 0.00556962 0.0144681 -4.62161e-06 -0.00441791 0.00225352 -0.00932642 0.000173077 0.00480818 0.00115108 -0.00923077
internal_weight=9660 53 9607 9583 9563 552 138 96 414 206 183 42 9011 356 319 279 54 225 202 108 79 94 8655 335 142 193 8320 391 278 78
internal_count=9660 53 9607 9583 9563 552 138 96 414 206 183 42 9011 356 319 279 54 225 202 108 79 94 8655 335 142 193 8320 391 278 78
is_linear=0
shrinkage=0.08


Tree=277
num_leaves=31
num_cat=0
split_feature=19 19 29 33 21 39 21 6 29 23 33 4 33 15 5 6 33 27 25 25 33 15 27 7 13 31 23 1 19 8
split_gain=0.840088 0.691974 1.07695 0.773244 0.658728 0.582684 0.937866 0.485638 1.5824 1.40924 1.19143 1.61962 1.37293 1.99341 2.09921 1.55556 1.25954 1.08734 2.00748 1.84965 1.93009 1.71429 1.33361 2.35543 2.15909 1.94599 1.44959 1.40328 1.43027 1.33368
threshold=21.934550000000005 20.578700000000001 20.808800000000002 -0.089550000000000005 21.067900000000005 109.91435503037329 17.344800000000003 0.20852180175346877 18.197700000000005 17.993150000000004 0.20690000000000011 53.500000000000007 0.26439999999999936 15.249300000000002 15.413790000000004 0.1991848608462288 0.32945000000000052 14.016500000000002 14.444800000000003 14.230700000000001 -0.13220000000000007 14.444800000000003 14.411800000000001 14.211713690476193 14.481250000000001 14.548600000000002 14.548600000000002 10.500000000000002 14.197750000000001 1.1683528646594907
decision_type=2 2 2 2 2 2 2 2 2 2 2 2 2 2 2 2 2 2 2 2 2 2 2 2 2 2 2 2 2 2
left_child=1 2 4 -4 5 7 -7 8 10 -10 -1 12 13 -12 -15 -16 -13 18 19 20 -9 -20 24 -24 25 -19 -25 28 -26 -29
right_child=-2 -3 3 -5 -6 6 -8 17 9 -11 11 16 -14 14 15 -17 -18 22 21 -21 -22 -23 23 26 27 -27 -28 29 -30 -31
leaf_value=-0.00010360158084466776 -0.00019155675601744803 0.0014219866165407779 -0.00082181555194736687 -0.00027196803732280726 8.8865248621345933e-05 0.0001237544203505081 -0.00096347410044216985 -0.00090765575974160128 -0.0018553549029238069 2.5156229439602386e-05 0.0027743018748492432 -0.0014526072984277505 7.3293532931160144e-05 -0.0045134820375925247 0.0053306867728055351 -0.00051399651592419103 0.00067116124766869239 0.0001743104742500634 0.0032021534907507032 -0.0051307726693812583 0.00010868474558165531 -0.00015513254118687314 -0.00065850074598749586 0.000423207230518301 0.0007251297755318831 -0.0027110613845951546 1.4360844443146449e-05 -6.596253687021658e-05 0.0030902034170502191 0.0019130624438369638
leaf_weight=2781 30 29 20 26 24 29 24 53 29 24 88 48 539 21 42 21 33 184 27 28 71 36 66 203 21 36 5052 26 28 21
leaf_count=2781 30 29 20 26 24 29 24 53 29 24 88 48 539 21 42 21 33 184 27 28 71 36 66 203 21 36 5052 26 28 21
internal_value=3.31263e-05 7.47664e-05 3.74961e-05 -0.0121739 9.62847e-05 6.29525e-05 -0.00830189 0.000109728 -0.000617761 -0.0143396 -0.000414218 0.00232323 0.0035443 0.00976744 0.000952381 0.00825397 -0.00839506 0.000560492 -0.00502326 -0.01 -0.00580645 0.00698413 0.000773461 0.000473595 0.00582278 0.00145455 0.000662226 0.0158333 0.0253061 0.00595745
internal_weight=9660 9630 9601 46 9555 9531 53 9478 3626 53 3573 792 711 172 84 63 81 5852 215 152 124 63 5637 5321 316 220 5255 96 49 47
internal_count=9660 9630 9601 46 9555 9531 53 9478 3626 53 3573 792 711 172 84 63 81 5852 215 152 124 63 5637 5321 316 220 5255 96 49 47
is_linear=0
shrinkage=0.08


Tree=278
num_leaves=31
num_cat=0
split_feature=19 19 15 15 6 15 29 31 17 19 25 19 31 25 25 7 5 23 31 21 1 1 21 4 4 4 19 6 39 29
split_gain=0.844257 0.688252 0.808783 0.870822 0.92592 1.79268 1.93638 2.00898 0.824421 1.92993 1.45455 0.808595 0.808595 0.728455 0.560173 2.38213 0.530165 0.551315 1.66542 1.3913 0.447238 2.47023 2.13625 1.79045 4.98918 2.5534 1.88741 1.95926 1.24727 1.20352
threshold=21.934550000000005 20.578700000000001 21.934550000000005 20.384450000000005 2.983717609755606 15.176350000000001 17.531950000000005 17.265850000000004 13.851850000000002 14.197750000000001 14.230700000000001 16.938100000000002 14.284200000000002 16.892300000000002 19.979150000000001 17.044309166666668 13.960590000000002 13.851850000000002 14.082400000000002 14.413900000000002 11.500000000000002 10.500000000000002 18.197700000000005 15.500000000000002 28.500000000000004 20.500000000000004 15.692450000000003 0.18908854602035305 91.640293139530755 13.851850000000002
decision_type=2 2 2 2 2 2 2 2 2 2 2 2 2 2 2 2 2 2 2 2 2 2 2 2 2 2 2 2 2 2
left_child=1 2 3 4 8 11 7 13 9 12 -11 -6 -1 -7 16 -16 -10 18 -18 -20 21 29 23 26 25 -25 27 -23 -28 -19
right_child=-2 -3 -4 -5 5 6 -8 -9 14 10 -12 -13 -14 -15 15 -17 17 20 19 -21 -22 22 -24 24 -26 -27 28 -29 -30 -31
leaf_value=4.6891072029495719e-05 -0.00017623221553598968 0.0013082276872174248 -0.00033199751386362662 0.0043826135544753697 -0.00081763819248848791 0.00035289364377547375 -0.0051508797354009065 0.025760389480680601 0.00022797655708842513 -0.0074774554049670174 0.00088196330994286145 -0.00047081771959000206 0.0026972970655059925 -0.007267637095830253 0.00090919086396311854 -6.9900916955418786e-05 0.0020573545210499588 0.00067894662574786936 -0.0013411400689361131 -2.6504681511596572e-05 -2.7900060261742967e-05 0.00065224370558304658 -0.00048665589329523586 0.0039197329536449386 7.3401853832137938e-05 0.26216162042201957 0.0037869492514524695 -0.0045961956411495206 -4.0455626015898358e-05 -5.4341432294080507e-06
leaf_weight=21 30 29 20 23 20 20 21 20 23 22 22 21 20 21 21 23 20 35 23 23 4377 24 28 32 145 54 22 30 28 4442
leaf_count=21 30 29 20 23 20 20 21 20 23 22 22 21 20 21 21 23 20 35 23 23 4377 24 28 32 145 54 22 30 28 4442
internal_value=6.62526e-05 0.000107996 7.0826e-05 0.000104373 6.69596e-05 -0.00682927 0 0.00721311 0.000156863 0.008 -0.00363636 -0.0204878 0.0204878 -0.00292683 8.55615e-05 0.00909091 4.2983e-05 1.29269e-05 -0.00727273 -0.0156522 6.50971e-05 0.000595041 0.00694215 0.00871642 0.0126407 0.027907 0 -0.0103704 0.0112 8.0411e-05
internal_weight=9660 9630 9601 9581 9558 123 82 61 9435 85 44 41 41 41 9350 44 9306 9283 66 46 9217 4840 363 335 231 86 104 54 50 4477
internal_count=9660 9630 9601 9581 9558 123 82 61 9435 85 44 41 41 41 9350 44 9306 9283 66 46 9217 4840 363 335 231 86 104 54 50 4477
is_linear=0
shrinkage=0.08


Tree=279
num_leaves=31
num_cat=0
split_feature=25 17 17 25 21 5 21 19 23 4 25 29 33 13 23 17 23 27 23 25 1 5 21 15 21 8 33 13 13 25
split_gain=0.867429 0.743646 0.884525 0.516173 0.77999 0.777034 0.45 0.58352 0.56508 0.974432 0.673797 0.49224 1.46576 1.75195 2.24413 1.58998 1.30921 1.11381 0.853558 0.738773 1.22154 1.06187 1.2803 1.20065 0.657761 2.35544 1.72962 1.18238 1.78085 1.70755
threshold=21.645750000000003 21.448650000000004 20.213250000000006 19.979150000000001 19.886300000000002 18.712656666666671 9.6461500000000004 20.055950000000003 13.851850000000002 22.500000000000004 14.461300000000001 13.917650000000002 -0.26560000000000089 14.18125 14.18125 14.131850000000002 14.115350000000001 19.011950000000002 14.514900000000003 13.917650000000002 3.5000000000000004 14.116770000000004 14.066000000000001 14.043850000000001 13.950650000000001 0.18418670692340636 -0.33314999999999889 14.18125 14.230700000000001 14.593050000000002
decision_type=2 2 2 2 2 2 2 2 2 2 2 2 2 2 2 2 2 2 2 2 2 2 2 2 2 2 2 2 2 2
left_child=1 2 3 4 5 6 -1 8 9 -8 -11 12 15 14 16 -10 -14 19 -15 20 -13 -22 -23 -24 25 -21 -27 29 -29 -26
right_child=-2 -3 -4 -5 -6 -7 7 -9 11 10 -12 17 13 18 -16 -17 -18 -19 -20 24 21 22 23 -25 27 26 -28 28 -30 -31
leaf_value=0.00013117710463269816 -0.00011696577344679327 -0.0006185004520169457 0.00030382117081948932 0.00037551845191217129 -0.00033844242941654556 0.00011903227736183908 -0.0011426948884516719 -0.00033459128787626468 -3.9916786226825705e-05 -6.9790132347122838e-05 0.0026874308575590079 0.0022666020311095281 -0.00018262430736697865 0.0019427419195496044 0.0016936338809941988 -0.00030613079576326642 -0.0038610346137340911 -0.0010820336861482361 7.5830090530644163e-05 -0.0007727246374476948 0.00075360535095946089 -0.0009083537234798911 -0.0016018048725626244 0.00032656889062792515 -3.814250436192879e-05 -0.0002234530221443265 0.00058437072644061065 0.002104006477993252 6.4104751024274268e-06 -0.0011529090965623112
leaf_weight=20 35 34 28 39 39 32 32 21 31 34 22 29 33 21 22 21 20 39 26 36 24 20 20 35 526 24 118 78 8151 50
leaf_count=20 35 34 28 39 39 32 32 21 31 34 22 29 33 21 22 21 20 39 26 36 24 20 20 35 526 24 118 78 8151 50
internal_value=0 4.57143e-05 8.75821e-05 4.60107e-05 8.39983e-06 5.48234e-05 1.26944e-05 -1.27213e-05 1.69996e-05 -0.00636364 0 7.72201e-05 -0.00413793 0.000655738 -0.00693333 -0.0153846 -0.0158491 0.000157377 0.012766 0.000215125 0.00625 0.0020202 -0.00266667 0.00363636 0.000129133 0.00494382 0.00957746 3.18001e-05 0.000277069 -0.00347222
internal_weight=9660 9625 9591 9563 9524 9485 9453 9433 9412 88 56 9324 174 122 75 52 53 9150 47 9111 128 99 75 55 8983 178 142 8805 8229 576
internal_count=9660 9625 9591 9563 9524 9485 9453 9433 9412 88 56 9324 174 122 75 52 53 9150 47 9111 128 99 75 55 8983 178 142 8805 8229 576
is_linear=0
shrinkage=0.08


Tree=280
num_leaves=31
num_cat=0
split_feature=19 31 27 13 27 13 25 15 5 29 21 6 6 6 6 1 13 31 17 33 17 15 33 1 33 23 27 33 17 27
split_gain=0.825577 0.613485 1.24717 2.2 0.748538 1.18202 0.581304 0.451589 0.57774 1.47766 0.749761 0.456868 1.25003 1.05817 1.35148 1.38563 1.88919 1.49902 1.94881 1.9263 2.00586 1.3241 1.01818 0.910421 0.785455 0.767645 0.760196 0.750272 0.74723 0.828788
threshold=21.934550000000005 13.884750000000002 14.153300000000002 14.197750000000001 14.444800000000003 16.700900000000004 9.6461500000000004 22.248450000000002 18.712656666666671 20.213250000000006 20.055950000000003 0.19877649688353535 0.19772616798077114 0.20263486149693824 0.20225504466154273 19.500000000000004 14.514900000000003 15.019750000000002 15.515000000000002 -1.0000000180025095e-35 16.9785 15.262250000000002 0.20690000000000011 22.500000000000004 -0.099150000000000724 15.490150000000002 14.344400000000002 0.18250000000000013 13.884750000000002 13.950650000000001
decision_type=2 2 2 2 2 2 2 2 2 2 2 2 2 2 2 2 2 2 2 2 2 2 2 2 2 2 2 2 2 2
left_child=1 2 3 -1 -4 -6 -3 8 10 -10 11 12 23 14 15 16 26 -18 -19 20 -20 -17 24 28 -14 -25 -13 -21 -8 -30
right_child=-2 6 4 -5 5 -7 7 -9 9 -11 -12 13 22 -15 -16 21 17 18 19 27 -22 -23 -24 25 -26 -27 -28 -29 29 -31
leaf_value=0.00010898364510296688 -0.00013521228960129862 0.00028648466528579774 0.00094769134163648523 -0.0051318079917686537 -0.00059826608548149804 0.0032237527737699169 -0.00014543251007701486 -0.00027601906373590166 0.00012247088270527228 -0.00031131393229316017 -0.00010279711780356138 -1.9623243487671972e-05 -0.00087380493450524462 5.2827602171845461e-06 0.0044527200663583956 0.0010645359492875172 0.0056416060813101864 -0.00069187295672080041 0.0028654672478619146 0.0073265888049786551 -0.0018505385393770269 -0.0026496325923554311 3.6035277418164927e-05 0.00984663874629149 -0.0042053761691359173 -0.00058894381025218932 -0.0042628629646350195 0.0029217568850053513 0.00016274243970514136 -7.2407599521397966e-05
leaf_weight=36 30 21 24 30 33 24 30 20 44 29 27 41 30 6316 38 20 25 47 35 23 30 21 22 27 25 26 20 38 83 2445
leaf_count=36 30 21 24 30 33 24 30 20 44 29 27 41 30 6316 38 20 25 47 35 23 30 21 22 27 25 26 20 38 83 2445
internal_value=-8.28157e-05 -4.15369e-05 -0.00517007 -0.0133333 0.00148148 -0.00350877 3.79627e-05 8.45487e-06 3.38911e-05 0.00712329 -2.1347e-05 1.7127e-05 -0.000863095 0.000372708 0.00473373 0.00293333 0.00509653 0.00888889 0.00624277 0.0114286 0.00184615 -0.0107317 -0.0109091 -0.000566833 -0.0167273 0.00981132 -0.00721311 0.0216393 -0.000781861 -0.000632911
internal_weight=9660 9630 147 66 81 57 9483 9462 9442 73 9369 9342 2688 6654 338 300 259 198 173 126 65 41 77 2611 55 53 61 61 2558 2528
internal_count=9660 9630 147 66 81 57 9483 9462 9442 73 9369 9342 2688 6654 338 300 259 198 173 126 65 41 77 2611 55 53 61 61 2558 2528
is_linear=0
shrinkage=0.08


Tree=281
num_leaves=31
num_cat=0
split_feature=21 33 21 25 21 19 23 7 8 4 4 29 23 29 29 33 25 25 31 8 6 6 33 6 33 25 33 6 27 15
split_gain=0.804646 0.513668 1.58231 1.0744 0.666249 0.586296 1.45394 1.24568 1.37878 1.16667 1.14683 1.09172 0.873354 0.859524 0.82672 0.628778 1.84428 1.31186 2.38235 1.34294 1.2219 1.69677 1.51906 1.20227 1.41274 1.10597 0.81497 1.67305 1.4462 2.70999
threshold=22.248450000000002 -3.0739500000000004 14.901200000000001 16.964700000000004 20.808800000000002 19.315350000000006 18.642900000000001 16.842852500000003 1.3298875691590841 36.500000000000007 16.500000000000004 18.731750000000002 16.900950000000005 19.787800000000001 18.120150000000006 0.265600000000001 13.917650000000002 14.09895 14.260600000000002 0.19351697683627564 0.1814829670586581 0.18724470759856474 0.49580000000000007 0.17767665559803225 0.37955000000000011 18.642900000000001 0.36114999999999947 0.29619263074646246 17.273000000000003 17.042850000000005
decision_type=2 2 2 2 2 2 2 2 2 2 2 2 2 2 2 2 2 2 2 2 2 2 2 2 2 2 2 2 2 2
left_child=1 2 -1 -4 5 6 11 9 -9 -8 -7 15 -13 -14 -12 -3 -17 18 -18 -20 22 -22 23 24 -19 26 27 28 29 -23
right_child=-2 4 3 -5 -6 10 7 8 -10 -11 14 12 13 -15 -16 16 17 20 19 -21 21 25 -24 -25 -26 -27 -28 -29 -30 -31
leaf_value=0.0020787926956192847 -0.00040852958151504025 -2.1315412234486074e-05 -0.0026223317299835002 -9.080517145946488e-05 0.00022216729905281341 0.008340104078270941 0.0005201436164585971 9.4921255937236988e-05 0.0012266567874215184 -0.0018329000093257263 -0.0012044172782393048 -0.0017649578432541802 -0.00013896144861931249 0.00017998848659473766 -1.5184283097369189e-06 0.00090643536707318622 0.00042040877340738804 0.0014255547649069911 -0.0049834627707735987 -0.00010046169039014785 -0.0029852552490473982 0.00029724875644923546 0.0027735922052556819 0.0030719031448008141 -0.0053974069615394882 0.00033744025040618911 -3.9811288196744956e-07 0.0008881760339664879 -0.0011449358766907382 0.0047875899172565538
leaf_weight=22 25 7302 21 27 24 21 21 26 23 21 36 26 20 28 27 43 32 56 22 46 56 266 21 22 32 20 1204 53 89 28
leaf_count=22 25 7302 21 27 24 21 21 26 23 21 36 26 20 28 27 43 32 56 22 46 56 266 21 22 32 20 1204 53 89 28
internal_value=-6.62526e-05 -2.90607e-05 -0.00685714 -0.015 2.09096e-05 -1.25773e-05 4.65264e-05 0.0101099 0.0187755 0 -0.00666667 -5.12492e-05 -0.00972973 -0.00333333 -0.0120635 2.58287e-05 0.00128643 0.000924499 -0.008 -0.0164706 0.00140769 0.000839161 0.00885496 0.00509091 0.000909091 0.0013012 0.00107317 0.0040367 0.00219321 0.00489796
internal_weight=9660 9635 70 48 9565 9541 9457 91 49 42 84 9366 74 48 63 9292 1990 1947 100 68 1847 1716 131 110 88 1660 1640 436 383 294
internal_count=9660 9635 70 48 9565 9541 9457 91 49 42 84 9366 74 48 63 9292 1990 1947 100 68 1847 1716 131 110 88 1660 1640 436 383 294
is_linear=0
shrinkage=0.08


Tree=282
num_leaves=31
num_cat=0
split_feature=21 17 17 27 13 6 8 5 33 33 19 33 21 21 33 2 23 39 27 29 8 5 4 4 25 25 13 7 7 17
split_gain=0.80837 0.738419 1.12188 1.02943 2.46272 0.549268 1.17007 2.85745 1.67993 1.34416 1.18347 0.763775 0.660071 0.521213 1.47108 1.04894 0.661443 2.78786 0.653157 0.67829 1.23271 1.2282 1.53016 1.18171 1.07298 1.61987 0.984545 1.01801 0.598524 0.773243
threshold=22.248450000000002 21.448650000000004 20.055950000000003 20.055950000000003 17.005200000000006 0.15647221563590064 0.19306714410363984 14.613023333333336 -0.032849999999999817 0.20690000000000011 15.557500000000003 1.0000000180025095e-35 14.461300000000001 18.681650000000001 -0.64520000000000077 3.5000000000000004 19.274100000000001 91.640293139530755 19.011950000000002 13.950650000000001 0.19861217915960236 14.107966666666668 32.500000000000007 46.500000000000007 14.411800000000001 16.072750000000003 13.983600000000001 14.143480833333335 14.117314166666668 14.260600000000002
decision_type=2 2 2 2 2 2 2 2 2 2 2 2 2 2 2 2 2 2 2 2 2 2 2 2 2 2 2 2 2 2
left_child=1 2 3 5 -5 6 7 12 -8 10 -10 -9 -1 16 -15 -16 18 -18 19 20 21 -7 -23 24 26 -26 -22 -28 29 -21
right_child=-2 -3 -4 4 -6 13 8 11 9 -11 -12 -13 -14 14 15 -17 17 -19 -20 28 23 22 -24 -25 25 -27 27 -29 -30 -31
leaf_value=4.7660188047942141e-05 -0.00037584721499371197 -0.0008926215521631775 0.00013990636664331645 -7.7965964741650854e-05 0.001128524244427922 0.00095634727779540189 0.00030565192842502142 0.0018463201759873016 -0.00525698849093736 0.00061718344960738137 -0.00078643505877579406 0.0038636005411910902 -0.0023525967029628704 -0.0017310810464221049 -5.0688884219880495e-05 0.00027905348523916019 0.0035033196668458545 -0.00018083593998113656 -0.0021826104708263473 -0.00012964694215952477 0.00016780949726609152 -0.0033238769925742419 0.00036280405185131316 -0.0018266515678904227 0.0017886051781471225 -0.00093825317802760828 -7.3414549027788211e-05 -0.0025516098148514743 2.5088382741955686e-06 -0.00089265311281081948
leaf_weight=34 25 34 32 28 27 30 61 21 30 20 21 26 21 21 39 30 20 27 24 59 20 38 46 29 23 20 32 23 8763 36
leaf_count=34 25 34 32 28 27 30 61 21 30 20 21 26 21 21 39 30 20 27 24 59 20 38 46 29 23 20 32 23 8763 36
internal_value=-3.31263e-05 4.15153e-06 4.58286e-05 -4.18017e-06 0.0109091 -6.72693e-05 0.00376068 0.0101961 -0.00121212 -0.00957746 -0.0164706 0.0246809 -0.00218182 -0.000163793 -0.00622222 -0.00057971 -0.000104461 0.0093617 -0.000153123 -0.000118434 -0.00413793 0.00210526 -0.00285714 -0.00897959 -0.00542373 0.00465116 -0.0112 -0.0167273 0 -0.00631579
internal_weight=9660 9635 9601 9569 55 9514 234 102 132 71 51 47 55 9280 90 69 9190 47 9143 9119 261 114 84 147 118 43 75 55 8858 95
internal_count=9660 9635 9601 9569 55 9514 234 102 132 71 51 47 55 9280 90 69 9190 47 9143 9119 261 114 84 147 118 43 75 55 8858 95
is_linear=0
shrinkage=0.08


Tree=283
num_leaves=31
num_cat=0
split_feature=23 27 17 13 23 19 17 19 39 6 39 15 33 23 33 19 7 23 29 21 13 6 17 23 33 13 6 23 6 6
split_gain=1.75736 0.585704 0.669644 1.06778 0.598522 0.848197 1.62539 0.859091 0.812466 1.20459 0.730259 0.44971 0.420758 0.845355 0.742534 0.731041 1.08 0.87593 1.70686 0.886089 0.794762 0.726494 1.33646 0.554778 1.84197 0.957107 0.59895 0.586165 1.52002 2.14961
threshold=21.448650000000004 9.6461500000000004 12.978900000000001 17.384900000000005 13.851850000000002 17.008900000000004 14.344400000000002 14.131850000000002 113.15279981972377 2.0387000609981727 109.05899886319196 17.887500000000003 -3.0739500000000004 17.110850000000003 -2.3545999999999991 19.315350000000006 17.048420833333335 18.642900000000001 17.094800000000003 19.122800000000002 19.122800000000002 2.8672400861295499 16.001000000000001 18.478250000000003 -0.53129999999999977 18.356750000000002 2.5606975924117372 17.993150000000004 0.18223575076661538 0.18968375959226322
decision_type=2 2 2 2 2 2 2 2 2 2 2 2 2 2 2 2 2 2 2 2 2 2 2 2 2 2 2 2 2 2
left_child=1 -1 3 -3 5 6 7 -4 10 -10 12 -2 13 -6 -14 17 -17 19 -19 20 21 23 -23 26 -25 -26 27 -16 -29 -30
right_child=11 2 4 -5 8 -7 -8 -9 9 -11 -12 -13 14 -15 15 16 -18 18 -20 -21 -22 22 -24 24 25 -27 -28 28 29 -31
leaf_value=-0.0002729888849034978 -0.00016263120882314296 0.00022096047946007502 0.000455423961810979 -0.00029042601557037527 4.3082519467532166e-05 0.0015772252079440819 -0.0015876814121642724 -0.00054323199230616132 0.010761288299858337 -1.9256950734813928e-05 -0.0011537413112412765 -0.00027831548954381446 0.0018344314763291437 -0.0014820101775062256 -6.947179528822289e-06 1.0957903251522794e-05 -0.00032457643597169297 -0.0010437437354735835 0.00074561802449125026 -0.00092555516535412611 0.0018614276887224436 0.00012919629839970527 -0.0016464199045631745 0.00028874684939324881 -8.2619826813470353e-05 -0.0030139367274156824 0.00027224660319703276 0.0028203319825436781 -0.0046361064535317097 8.0378722077227853e-05
leaf_weight=21 21 25 22 20 29 32 34 20 21 23 22 20 27 20 8427 30 20 25 47 23 20 20 39 27 31 21 33 26 20 494
leaf_count=21 21 25 22 20 29 32 34 20 21 23 22 20 27 20 8427 30 20 25 47 23 20 20 39 27 31 21 33 26 20 494
internal_value=-5.7971e-05 1.24753e-05 4.16753e-05 0.00977778 -4.18717e-06 -0.00592593 -0.0105263 0 6.35257e-05 0.0109091 1.27646e-05 -0.0165854 4.69133e-05 -0.00734694 8.57449e-05 4.72966e-05 -0.0096 9.94272e-05 0.00888889 3.04978e-05 6.98843e-05 3.50186e-05 -0.00881356 9.25212e-05 -0.00658228 -0.0153846 0.000151111 0.00011152 0.00266667 0.00171206
internal_weight=9660 9619 9598 45 9553 108 76 42 9445 44 9401 41 9379 49 9330 9303 50 9253 72 9181 9158 9138 59 9079 79 52 9000 8967 540 514
internal_count=9660 9619 9598 45 9553 108 76 42 9445 44 9401 41 9379 49 9330 9303 50 9253 72 9181 9158 9138 59 9079 79 52 9000 8967 540 514
is_linear=0
shrinkage=0.08


Tree=284
num_leaves=31
num_cat=0
split_feature=23 19 33 21 39 23 17 29 17 25 27 27 17 13 5 29 25 5 39 5 19 17 6 2 1 19 15 39 6 31
split_gain=0.864003 1.06668 0.815209 1.02705 0.825551 0.720937 0.711111 0.60724 1.24189 0.871081 0.795293 1.12777 0.909276 0.771429 0.693366 0.583524 0.615386 0.521383 1.5744 0.697537 0.570175 1.31651 0.73698 1.29435 1.45038 2.04106 1.26061 1.7567 0.757777 0.673558
threshold=21.645750000000003 20.578700000000001 -3.0739500000000004 17.110850000000003 109.05899886319196 20.213250000000006 17.307350000000003 19.437050000000003 18.042600000000004 19.979150000000001 20.213250000000006 19.011950000000002 12.978900000000001 17.005200000000006 18.239940000000004 12.978900000000001 12.978900000000001 18.142023333333338 98.954322463543676 18.133976666666673 18.556400000000004 17.846600000000006 1.2556854237668438 5.5000000000000009 21.500000000000004 14.615850000000002 15.490150000000002 93.37900982393144 2.0387000609981727 18.356750000000002
decision_type=2 2 2 2 2 2 2 2 2 2 2 2 2 2 2 2 2 2 2 2 2 2 2 2 2 2 2 2 2 2
left_child=1 2 3 -1 5 7 -6 9 13 10 11 12 -4 -9 15 -14 -17 19 -19 20 22 -22 29 24 26 -26 -24 28 -28 -18
right_child=-2 -3 4 -5 6 -7 -8 8 -10 -11 -12 -13 14 -15 -16 16 17 18 -20 -21 21 -23 23 -25 25 -27 27 -29 -30 -31
leaf_value=-3.6123523914000087e-05 -0.00015335856807666915 0.00017441090388885529 0.00013881490817482244 -0.0041701066720344218 -0.00085275573640913654 0.00013235021389156997 -0.00010344499175275247 -0.00012359318011760933 -0.00087067308704860127 0.00078154554170694723 0.00041015594820990485 -0.0027814455824415065 -0.0015147063121980864 0.0027723498871894494 0.00015099459748029178 0.00024737824222583528 -5.565864559713418e-06 7.7503833168748315e-05 -0.0012300375002740793 0.00071896390770376684 -0.00022443189845759549 0.0010679291993744755 0.0021203526968500341 -0.0010241089101025126 0.00019192082853855652 -0.0015136873960534558 -0.0028611390633502508 0.004568956224482292 -6.2502535661508319e-05 0.00019252611162599465
leaf_weight=37 35 46 33 23 24 22 36 28 23 23 20 27 21 20 36 26 8620 27 21 29 34 41 40 20 24 45 28 30 41 180
leaf_count=37 35 46 33 23 24 22 36 28 23 23 20 27 21 20 36 26 8620 27 21 29 34 41 40 20 24 45 28 30 41 180
internal_value=-2.48447e-05 2.07792e-05 -3.75822e-05 -0.00933333 2.10106e-05 8.03468e-05 -0.00933333 4.6625e-05 -0.00732394 0.000102498 6.42192e-05 3.00333e-05 7.74527e-05 0 3.02278e-05 -1.30053e-05 1.738e-05 -1.74292e-05 -0.00833333 2.62812e-05 -1.31825e-05 0.00693333 -7.08906e-05 -0.0045614 -0.00269231 -0.0121739 0.00201439 -0.00282828 -0.00985507 4.54545e-05
internal_weight=9660 9625 9579 60 9519 9459 60 9437 71 9366 9343 9323 9296 48 9263 9227 9206 9180 48 9132 9103 75 9028 228 208 69 139 99 69 8800
internal_count=9660 9625 9579 60 9519 9459 60 9437 71 9366 9343 9323 9296 48 9263 9227 9206 9180 48 9132 9103 75 9028 228 208 69 139 99 69 8800
is_linear=0
shrinkage=0.08


Tree=285
num_leaves=31
num_cat=0
split_feature=23 21 17 15 39 8 5 7 21 4 13 15 27 17 4 7 25 15 6 8 21 23 31 19 7 1 17 21 13 5
split_gain=0.860585 0.838926 1.13076 1.74907 0.73638 1.259 1.69407 0.6549 0.538651 1.06745 0.564549 1.33636 0.501395 1.96287 1.60949 1.58917 2.81997 1.48234 1.99684 1.86977 2.05546 1.60362 1.55807 1.5053 1.73926 1.49452 1.38619 1.35197 1.26583 1.25651
threshold=21.645750000000003 13.818850000000003 14.131850000000002 16.403200000000002 75.322729334841071 1.4128903161117352 14.129996666666669 18.989953333333336 13.884750000000002 27.500000000000004 13.818850000000003 14.260600000000002 15.320300000000001 15.262250000000002 53.500000000000007 15.139452500000003 14.968750000000002 15.000850000000002 0.24191971650061408 0.21148533823542753 15.490150000000002 15.373050000000001 15.490150000000002 15.355800000000002 15.092484166666667 6.5000000000000009 15.176350000000001 15.523850000000001 17.363700000000005 15.078396666666668
decision_type=2 2 2 2 2 2 2 2 2 2 2 2 2 2 2 2 2 2 2 2 2 2 2 2 2 2 2 2 2 2
left_child=1 2 -1 -4 5 6 -3 8 9 -6 11 -10 13 17 28 16 -14 21 19 20 23 22 -12 24 -19 29 27 -20 -15 -21
right_child=-2 4 3 -5 7 -7 -8 -9 10 -11 12 -13 15 14 -16 -17 -18 18 26 25 -22 -23 -24 -25 -26 -27 -28 -29 -30 -31
leaf_value=-0.00025103320092334513 -0.00014108988263046742 -0.0012895416560431273 0.00074122791946265923 -0.00018306868276482646 -0.0017316109296817218 -0.00039479003610118471 0.00061669023834554082 -0.00028095266225932393 -0.00075847874363859096 0.00092078671814206821 3.2730025838745294e-05 0.00052105931236177125 0.0028792820365934804 0.00067739394539387374 -0.00054461919253796516 -8.0597159492867827e-06 -0.0052823683934946786 -0.0035931651554787438 0.000225850997006134 -0.00014023453528693607 0.0041022352528942464 0.0025023835205904986 -0.0061816861143327633 -0.0036767337890259454 0.0025010005089446709 -0.00039166316556389803 0.0010123729202058485 -0.0010565543055335526 -0.00020843958911640926 -0.0071405321186635718
leaf_weight=26 35 33 31 30 27 32 32 31 33 30 2304 22 28 339 37 6021 74 49 64 22 27 28 21 32 32 83 23 21 26 67
leaf_count=26 35 33 31 30 27 32 32 31 33 30 2304 22 28 339 37 6021 74 49 64 22 27 28 21 32 32 83 23 21 26 67
internal_value=-4.96894e-05 -4.15584e-06 0.00781609 0.0137705 -7.54875e-05 -0.00701031 -0.000615385 -4.23684e-06 3.40064e-05 -0.0077193 8.12574e-05 -0.008 0.00012906 0.000944882 0.00616915 -0.000293974 -0.0101961 0.000187523 -0.00419048 -0.0074359 -0.000571429 0.000968976 0.000739785 -0.00530973 0.000493827 -0.0130233 0.00518519 0.000470588 0.00778082 -0.0202247
internal_weight=9660 9625 87 61 9538 97 65 9441 9410 57 9353 55 9298 3175 402 6123 102 2773 420 312 140 2353 2325 113 81 172 108 85 365 89
internal_count=9660 9625 87 61 9538 97 65 9441 9410 57 9353 55 9298 3175 402 6123 102 2773 420 312 140 2353 2325 113 81 172 108 85 365 89
is_linear=0
shrinkage=0.08


Tree=286
num_leaves=31
num_cat=0
split_feature=27 29 27 27 19 25 25 5 6 15 31 39 27 21 23 31 6 1 1 17 15 31 15 27 23 7 21 7 33 4
split_gain=0.578493 1.33379 1.03439 0.494583 0.528036 0.538811 0.969155 0.563687 1.065 0.765634 1.07743 0.755564 0.741521 0.654298 0.527914 0.476976 1.33587 1.25088 1.45673 1.26253 1.28362 1.2366 1.14623 1.48052 2.49291 1.40192 0.974725 2.16454 1.33419 1.14545
threshold=20.808800000000002 18.894150000000003 20.055950000000003 19.662150000000004 9.6461500000000004 20.578700000000001 19.662150000000004 18.239940000000004 1.3488920956860124 18.894150000000003 16.001000000000001 109.91435503037329 16.964700000000004 17.911800000000003 19.886300000000002 17.955650000000002 0.27964170613353562 3.5000000000000004 12.500000000000002 17.911800000000003 17.955650000000002 18.042600000000004 16.717400000000001 17.265850000000004 17.911800000000003 15.893655000000001 18.120150000000006 18.103780833333335 0.48299999999999882 20.500000000000004
decision_type=2 2 2 2 2 2 2 2 2 2 2 2 2 2 2 2 2 2 2 2 2 2 2 2 2 2 2 2 2 2
left_child=2 -2 3 4 -1 6 7 9 -9 11 -11 14 -12 -10 15 -6 17 19 26 -17 -21 -18 25 -24 -25 -23 -19 28 29 -28
right_child=1 -3 -4 -5 5 -7 -8 8 13 10 12 -13 -14 -15 -16 16 21 18 -20 20 -22 22 23 24 -26 -27 27 -29 -30 -31
leaf_value=0.00012295397211303793 3.6601294440146151e-05 -0.0002802426463392749 0.00016244316126773128 -0.00045227522559741827 9.1729471634494085e-06 -0.00024978239435839098 0.00013525278285698051 -0.00027118142691321621 3.0809995541858372e-05 -0.0012419514615582728 0.00054874131577236089 -0.00057653999532391253 -0.0014031536707446435 0.00022953201405528033 0.00019543579203812556 0.0028742821860456048 -0.0043592447672116917 -0.00054151434722427894 0.00020120088826956818 0.0017317846974478357 -0.0004898141882824803 -0.0018683691395517598 -0.003476752815608677 0.00031457932463013093 -0.00029772448515075212 0.0024636908078289822 -0.00073421053863967248 0.0017909888797200324 -0.0027214620441392869 0.00056472669670682763
leaf_weight=23 20 33 24 25 8513 30 31 26 22 23 21 27 20 27 23 31 22 168 203 23 29 20 28 44 49 32 20 44 24 35
leaf_count=23 20 33 24 25 8513 30 31 26 22 23 21 27 20 27 23 31 22 168 203 23 29 20 28 44 49 32 20 44 24 35
internal_value=3.31263e-05 -0.00830189 7.9109e-05 3.75665e-05 6.69596e-05 3.77556e-05 7.15413e-05 2.53325e-05 0.00693333 -2.97904e-05 -0.00875 2.99946e-05 -0.00097561 0.0138776 6.87581e-05 3.87722e-05 -0.00186528 6.93241e-05 -0.00145749 0.00915663 0.00153846 -0.00758974 -0.00531792 -0.00958678 -0.00473118 0.00461538 -0.00508591 0.000325203 -0.00759494 -0.000727273
internal_weight=9660 53 9607 9583 9558 9535 9505 9474 75 9399 64 9335 41 49 9308 9285 772 577 494 83 52 195 173 121 93 52 291 123 79 55
internal_count=9660 53 9607 9583 9558 9535 9505 9474 75 9399 64 9335 41 49 9308 9285 772 577 494 83 52 195 173 121 93 52 291 123 79 55
is_linear=0
shrinkage=0.08


Tree=287
num_leaves=31
num_cat=0
split_feature=23 19 39 8 4 1 19 33 5 21 27 33 21 31 23 23 8 4 39 27 8 8 4 19 8 27 7 17 8 27
split_gain=0.873152 0.773268 0.695855 1.53914 1.05382 0.960436 0.9 0.667867 0.609023 0.563433 0.785574 0.614211 0.819766 0.555642 0.497675 1.50925 1.94321 2.08052 2.59738 1.65288 1.28571 1.17208 1.09767 2.26148 1.11613 1.26315 1.4096 1.27225 1.16572 1.12952
threshold=21.645750000000003 20.578700000000001 101.37520336391951 1.3588370419617404 8.5000000000000018 15.500000000000002 17.307350000000003 -0.075950000000000614 17.462610000000005 19.886300000000002 21.448650000000004 -3.0739500000000004 14.901200000000001 20.808800000000002 17.993150000000004 17.911800000000003 1.2965424702835662 14.500000000000002 98.532625891611616 17.955650000000002 0.25361907767569841 0.23029984528646588 4.5000000000000009 17.955650000000002 0.23029984528646588 17.993150000000004 18.082317500000006 18.197700000000005 0.23287527216473966 18.087200000000003
decision_type=2 2 2 2 2 2 2 2 2 2 2 2 2 2 2 2 2 2 2 2 2 2 2 2 2 2 2 2 2 2
left_child=1 2 9 4 -4 8 -5 -3 -6 10 11 12 -1 14 15 -13 17 -17 20 -20 21 -19 23 -16 25 26 -24 29 -26 -27
right_child=-2 7 3 6 5 -7 -8 -9 -10 -11 -12 13 -14 -15 22 16 -18 18 19 -21 -22 -23 24 -25 28 27 -28 -29 -30 -31
leaf_value=0.00059533895725543578 -0.0001253254607757981 0.0012181314950532852 0.0051243844557944838 0.0086000260509307234 -0.00026800016752332568 -0.00042816336278846736 -2.8817342540321535e-05 3.5059832063950581e-05 -0.00095778999913790133 -0.00030750793287893431 0.0008615503485226839 3.3229097854814427e-06 -0.00092697313182497963 0.00019395363551225842 -0.0013074418951049438 -0.0028997323499874027 0.00021236207421466703 -0.00085534714892688158 0.0026067623542223826 -0.00047785768500091308 -0.0025562841837199813 3.4331859854148665e-05 0.0030064078714079302 0.0023326894154692469 0.0022695353941813326 -0.00023550216752113329 -0.0009814355021073595 6.8600763064665668e-05 5.5902405219825367e-05 -0.004497327235265516
leaf_weight=20 35 21 21 20 21 30 20 25 36 37 20 8437 31 28 24 37 20 22 22 23 20 28 23 37 27 27 50 24 448 26
leaf_count=20 35 21 21 20 21 30 20 25 36 37 20 8437 31 28 24 37 20 22 22 23 20 28 23 37 27 27 50 24 448 26
internal_value=4.14079e-05 8.72727e-05 3.75822e-05 -0.00540541 -0.0103704 -0.0142529 0.008 0.0104348 -0.0203509 0.000122999 0.000161805 0.000128014 -0.00862745 0.000175909 0.000142012 -2.32315e-05 -0.00744186 -0.0105263 -0.00521739 0.00977778 -0.0148571 -0.008 0.00221574 0.012459 0.001216 -0.0048 0.00273973 -0.0119481 0.00311579 -0.0188679
internal_weight=9660 9625 9579 148 108 87 40 46 57 9431 9394 9374 51 9323 9295 8609 172 152 115 45 70 50 686 61 625 150 73 77 475 53
internal_count=9660 9625 9579 148 108 87 40 46 57 9431 9394 9374 51 9323 9295 8609 172 152 115 45 70 50 686 61 625 150 73 77 475 53
is_linear=0
shrinkage=0.08


Tree=288
num_leaves=31
num_cat=0
split_feature=7 23 19 33 6 2 23 6 6 27 19 2 33 39 33 17 4 31 29 27 33 19 21 21 13 15 17 21 23 19
split_gain=0.659073 0.635154 1.27341 0.751473 0.746809 0.958515 0.81542 0.702283 1.01929 1.00429 1.17864 2.1097 1.05495 1.4041 0.903909 1.57544 0.667063 0.539213 0.609941 0.617361 0.589342 0.584936 1.17841 1.13532 0.634414 1.42632 0.890533 0.470383 0.45325 0.931701
threshold=18.989953333333336 20.578700000000001 20.578700000000001 0.10649999999999961 3.2096536544786503 3.5000000000000004 16.852650000000001 2.1556601781526621 2.2890016687121642 17.381450000000005 15.105100000000002 1.5000000000000002 0.10649999999999961 87.985045742332545 1.6094500000000009 16.817100000000003 34.500000000000007 13.818850000000003 13.818850000000003 13.818850000000003 -3.0739500000000004 18.731750000000002 18.681650000000001 18.410200000000007 18.517300000000002 17.955650000000002 17.993150000000004 17.042850000000005 13.851850000000002 14.043850000000001
decision_type=2 2 2 2 2 2 2 2 2 2 2 2 2 2 2 2 2 2 2 2 2 2 2 2 2 2 2 2 2 2
left_child=1 2 4 -3 7 6 -6 14 -9 10 11 -10 13 -12 17 -16 -7 -1 -19 -20 -21 22 24 -23 28 26 -26 -11 29 -22
right_child=-2 3 -4 -5 5 16 -8 8 9 27 12 -13 -14 -15 15 -17 -18 18 19 20 21 23 -24 -25 25 -27 -28 -29 -30 -31
leaf_value=0.001120736238994482 -0.00020056967437284356 -0.00026062802119724892 0.00065445604316387578 2.0132166582698119e-08 -0.0038114268945037113 0.0031306601555975535 -9.3914798733862876e-06 0.00036539601941882439 0.00023143455656722268 -0.00056805466690789785 6.8242765835435651e-05 -0.0011323928382347504 1.206937561285315e-05 0.0018506746177345691 0.00022301951608866944 -0.0014047757043562825 -0.0043305089342260319 0.00065180234645779934 -0.00024457648369690332 -0.00034193535700353548 0.00043845955257594939 -0.00065057007379401457 -0.00075639563953181724 0.00058194875251416534 -0.0012537817745698022 0.0012983254076067397 0.00039146980809334764 0.00044913129287593278 2.3570468752609488e-06 -0.0022453732181017473
leaf_weight=37 31 31 38 27 23 24 20 35 30 21 25 25 32 27 37 26 21 33 33 21 23 26 42 25 24 40 23 20 8807 33
leaf_count=37 31 31 38 27 23 24 20 35 30 21 25 25 32 27 37 26 21 33 33 21 23 26 42 25 24 40 23 20 8807 33
internal_value=3.31263e-05 7.062e-05 0.000121199 -0.00827586 6.29393e-05 -0.00727273 -0.015814 0.000131286 0.00465116 0.00222222 0.00546763 -0.00363636 0.0114286 0.0184615 2.60022e-05 -0.00952381 0.000888889 9.1633e-05 5.25739e-05 1.31912e-05 5.29568e-05 8.40429e-05 3.55872e-05 0.00862745 9.8324e-05 0.00689655 -0.00255319 -0.00878049 3.1592e-05 -0.00714286
internal_weight=9660 9629 9571 58 9533 88 43 9445 215 180 139 55 84 52 9230 63 45 9167 9130 9097 9064 9043 8992 51 8950 87 47 41 8863 56
internal_count=9660 9629 9571 58 9533 88 43 9445 215 180 139 55 84 52 9230 63 45 9167 9130 9097 9064 9043 8992 51 8950 87 47 41 8863 56
is_linear=0
shrinkage=0.08


Tree=289
num_leaves=31
num_cat=0
split_feature=29 1 21 27 27 23 27 13 7 4 5 25 27 33 23 17 21 39 4 23 4 5 8 21 19 1 29 8 33 29
split_gain=0.647735 1.86207 1.11339 0.78073 1.44192 0.717391 0.688566 1.43929 2.34117 1.15257 0.580034 1.96875 1.90556 1.47659 1.18528 0.437569 1.24884 0.813935 0.780874 1.824 1.37534 1.33882 1.20315 2.35691 1.3302 1.04878 1.00796 1.98525 0.954231 0.855182
threshold=13.818850000000003 21.500000000000004 14.197750000000001 20.808800000000002 20.055950000000003 19.979150000000001 18.605250000000002 17.094800000000003 18.095735833333336 33.500000000000007 14.103580000000003 14.230700000000001 14.153300000000002 0.040200000000000465 14.153300000000002 18.042600000000004 19.886300000000002 109.91435503037329 48.500000000000007 17.993150000000004 52.500000000000007 18.077616666666671 0.82605504124130669 18.410200000000007 18.410200000000007 1.5000000000000002 17.791300000000003 0.2560719989406165 0.036899999999999274 18.197700000000005
decision_type=2 2 2 2 2 2 2 2 2 2 2 2 2 2 2 2 2 2 2 2 2 2 2 2 2 2 2 2 2 2
left_child=1 2 -1 4 6 -5 10 -8 9 -9 11 12 13 14 -2 16 17 -12 22 21 -21 -20 24 28 25 -17 -27 29 -24 -28
right_child=3 -3 -4 5 -6 -7 7 8 -10 -11 15 -13 -14 -15 -16 18 -18 -19 19 20 -22 -23 23 -25 -26 26 27 -29 -30 -31
leaf_value=0.00059965815874122089 0.0017674929144793339 0.00035193583580479527 -0.00056364529116137874 -3.2060062988108484e-05 0.00020030633374233276 -0.00046576026713481157 0.0017192473604646353 -0.0060015282641798255 6.4666789221234922e-05 -0.0018019739129954361 2.1174254219147317e-06 -0.00049279230847297127 0.0007271869257666452 -0.0011614882566728113 -0.00017915304724624547 -0.00030604723318475638 -0.0016845183407151864 -0.00097936279844333283 0.00012433698524205283 -0.00046965376960969254 0.00049901929478153302 -0.0010220081514211187 -0.0015646433150735106 0.00024671528525459506 0.0030593703554274046 -0.00029356004932594714 0.00023942674206750781 0.0018347672016807337 3.8968255503846193e-06 -0.00056843402641817422
leaf_weight=21 20 29 37 22 21 24 34 22 26 23 8578 32 40 30 22 25 20 25 22 23 37 45 67 51 34 36 179 27 37 51
leaf_count=21 20 29 37 22 21 24 34 22 26 23 8578 32 40 30 22 25 20 25 22 23 37 45 67 51 34 36 179 27 37 51
internal_value=2.48447e-05 0.00689655 -0.00137931 -3.76058e-05 1.25958e-05 -0.0104348 -3.36629e-05 -0.00647619 -0.0129577 -0.024 3.82938e-05 -0.005 0 -0.00777778 0.00190476 0.000116668 -3.24713e-05 1.39486e-05 0.00214511 -0.00346457 0.00666667 -0.0125373 0.0035503 -0.00232258 0.00613636 0.0045283 0.00587031 0.00762646 -0.00923077 0.00521739
internal_weight=9660 87 58 9573 9527 46 9506 105 71 45 9401 144 112 72 42 9257 8623 8603 634 127 60 67 507 155 352 318 293 257 104 230
internal_count=9660 87 58 9573 9527 46 9506 105 71 45 9401 144 112 72 42 9257 8623 8603 634 127 60 67 507 155 352 318 293 257 104 230
is_linear=0
shrinkage=0.08


Tree=290
num_leaves=31
num_cat=0
split_feature=29 1 7 4 6 1 1 8 4 19 13 19 2 6 6 8 6 39 19 27 13 19 1 19 33 33 13 39 23 13
split_gain=0.827386 1.12644 0.735011 0.524879 1.62336 1.26247 3.96493 1.18546 0.86253 0.826563 1.86496 1.62452 1.33636 0.807994 0.994574 1.31841 1.11309 1.47436 1.37582 0.918762 1.86032 1.11848 1.86473 1.225 0.848077 2.18753 0.840259 0.815512 1.87955 1.01336
threshold=13.818850000000003 21.500000000000004 16.395680833333341 55.500000000000007 0.57419832856915154 1.0000000180025095e-35 1.5000000000000002 1.7064975938968319 54.500000000000007 17.462750000000003 15.523850000000001 15.262250000000002 1.5000000000000002 0.16446345362481243 0.20424385750989243 1.3588370419617404 0.19040201162742235 84.966557449882785 14.362500000000002 15.249300000000002 14.968750000000002 15.550500000000001 7.5000000000000009 15.294250000000002 0.036899999999999274 -0.16099999999999956 14.444800000000003 92.24959166802833 17.363700000000005 15.780700000000001
decision_type=2 2 2 2 2 2 2 2 2 2 2 2 2 2 2 2 2 2 2 2 2 2 2 2 2 2 2 2 2 2
left_child=1 2 -1 8 5 -5 -7 13 -2 10 11 -10 -12 -8 16 19 18 -18 -15 20 26 23 24 -21 25 -23 -16 29 -29 -24
right_child=3 -3 -4 4 -6 6 7 -9 9 -11 12 -13 -14 14 15 -17 17 -19 -20 21 -22 22 27 -25 -26 -27 -28 28 -30 -31
leaf_value=-0.00082283158088941382 -5.1156816988395802e-06 0.00032378096894035478 0.00065127413158819539 -0.001079447254967434 0.0011152962915932107 0.087738172513129764 -0.00063353204192978302 0.0055774552767576327 -0.00013125110156650521 -0.0031126870253677906 -0.0041639602552193365 -0.0041294631657187606 0.001132709584948799 0.0010475838467510813 -0.0025493304749742408 -0.010879503536927545 0.0010531767925719749 0.0059975250409414118 -0.0016606864605697069 -0.00060272545300712468 -0.0039032626403268014 0.0034831834412794652 0.00070434896037596673 0.0022272671906684851 0.0023428657613297332 -0.0046438752800160186 0.0010636598196890645 0.00096482141627916461 -0.00063635535941614313 -0.0062727970055999546
leaf_weight=37 8776 29 21 24 29 28 20 25 44 32 22 29 33 34 20 24 39 30 47 20 27 30 21 20 20 22 31 40 43 43
leaf_count=37 8776 29 21 24 29 28 20 25 44 32 22 29 33 34 20 24 39 30 47 20 27 30 21 20 20 22 31 40 43 43
internal_value=4.96894e-05 0.00781609 0.00137931 -2.08921e-05 0.0021978 0.00131579 0.00205479 0.00057554 -0.000179051 -0.006 -0.003125 -0.0115068 0.008 -0.000225989 0.000391389 -0.00188366 0.00586667 0.0133333 -0.000493827 -0.000593472 -0.00820513 0.00169884 -0.000547945 0.014 0.01 0.00461538 0.000784314 -0.00571429 -0.000481928 -0.0125
internal_weight=9660 87 58 9573 637 608 584 556 8936 160 128 73 55 531 511 361 150 69 81 337 78 259 219 40 72 52 51 147 83 64
internal_count=9660 87 58 9573 637 608 584 556 8936 160 128 73 55 531 511 361 150 69 81 337 78 259 219 40 72 52 51 147 83 64
is_linear=0
shrinkage=0.08


Tree=291
num_leaves=31
num_cat=0
split_feature=21 25 7 29 39 29 13 27 17 15 19 19 19 6 6 6 25 2 19 5 27 15 13 25 19 23 23 15 17 1
split_gain=0.49637 0.571318 1.21935 1.52727 0.681243 1.37744 0.665848 0.644227 0.61654 0.66068 0.625 0.608565 0.806872 0.592199 0.476528 1.24106 1.26775 1.2937 0.836804 0.585435 1.55498 1.5245 1.06038 0.584442 0.535782 1.50081 1.34627 0.994686 0.949097 0.942857
threshold=22.248450000000002 20.213250000000006 16.590805000000003 19.886300000000002 109.91435503037329 16.938100000000002 20.384450000000005 20.055950000000003 12.978900000000001 19.787800000000001 14.016500000000002 19.979150000000001 19.274100000000001 3.4076744968234549 2.1556601781526621 2.2890016687121642 16.566100000000002 2.5000000000000004 14.411800000000001 14.103580000000003 14.09895 14.153300000000002 14.153300000000002 14.230700000000001 13.917650000000002 14.395400000000002 14.016500000000002 13.851850000000002 14.214150000000002 7.5000000000000009
decision_type=2 2 2 2 2 2 2 2 2 2 2 2 2 2 2 2 2 2 2 2 2 2 2 2 2 2 2 2 2 2
left_child=1 4 -3 -4 6 -6 7 8 10 11 -1 12 13 14 19 -16 18 -18 -17 20 22 -22 -10 -20 25 26 29 -26 -28 -21
right_child=-2 2 3 -5 5 -7 -8 -9 9 -11 -12 -13 -14 -15 15 16 17 -19 23 24 21 -23 -24 -25 27 -27 28 -29 -30 -31
leaf_value=-3.1199241819024339e-06 -0.0002894552725413746 0.0010139422711125689 -0.00018670326280599171 0.00022690257278853209 -0.00098399601534623579 2.0618592652397184e-05 -0.00059296846628143385 5.6960046279215252e-05 -0.00098306754666047883 -0.0008728883801970255 0.0036561228029032833 0.0009426471087974164 -0.0022441132239735852 -0.0011661220734691825 0.00059764099141659702 -0.00040733728412419625 -0.0013523301690847233 1.2256810013724361e-05 0.00037630675113241806 8.4108023985436374e-05 0.002306922067123338 -0.00076278038903410561 -4.6500211272046955e-05 0.00013150348870368588 -0.0011710708252309133 0.0020179163775252817 5.4497888224602779e-05 3.0726067544151192e-06 -9.3938168739953197e-05 0.0021813279906286454
leaf_weight=20 25 20 20 22 24 39 31 38 40 31 20 26 20 21 25 21 20 39 20 22 37 23 27 39 43 24 29 8853 21 20
leaf_count=20 25 20 20 22 24 39 31 38 40 31 20 26 20 21 25 21 20 39 20 22 37 23 27 39 43 24 29 8853 21 20
internal_value=5.7971e-05 8.71821e-05 0.00774194 0 3.76058e-05 -0.00825397 9.25342e-05 0.000130815 8.89736e-05 4.68035e-05 0.01 8.53789e-05 5.13699e-05 8.58001e-05 0.000116092 0.00439024 0.00143885 -0.00745763 0.008 3.93916e-05 -0.00535433 0.004 -0.0137313 0.0128814 0.000115402 0.00551724 0.000869565 4.4964e-05 -0.008 0.0114286
internal_weight=9660 9635 62 42 9573 63 9510 9479 9441 9401 40 9370 9344 9324 9303 164 139 59 80 9139 127 60 67 59 9012 116 92 8896 50 42
internal_count=9660 9635 62 42 9573 63 9510 9479 9441 9401 40 9370 9344 9324 9303 164 139 59 80 9139 127 60 67 59 9012 116 92 8896 50 42
is_linear=0
shrinkage=0.08


Tree=292
num_leaves=31
num_cat=0
split_feature=25 15 31 25 5 15 29 7 7 39 29 21 7 13 4 1 1 8 8 23 29 19 4 4 33 33 19 33 39 27
split_gain=0.508385 1.38715 2.13532 1.39434 1.35511 0.986668 0.814964 0.955305 1.62963 0.705148 0.686567 1.31701 0.619898 0.588814 0.511859 1.26343 4.24969 3.7571 1.62789 1.52763 3.01193 1.81856 1.22732 1.17325 1.59757 1.15972 1.57042 1.21402 1.88218 1.14296
threshold=18.517300000000002 17.094800000000003 17.791300000000003 19.437050000000003 17.150336666666671 20.578700000000001 18.087200000000003 17.556717500000001 18.716592500000004 109.91435503037329 13.818850000000003 14.043850000000001 15.150900000000002 20.384450000000005 4.5000000000000009 1.5000000000000002 2.5000000000000004 1.6272946002717763 0.23287527216473966 17.993150000000004 17.576750000000004 17.955650000000002 5.5000000000000009 6.5000000000000009 0.18250000000000013 -0.4296499999999987 17.008900000000004 0.15044999999999933 91.723490528964177 16.9785
decision_type=2 2 2 2 2 2 2 2 2 2 2 2 2 2 2 2 2 2 2 2 2 2 2 2 2 2 2 2 2 2
left_child=5 4 3 -3 -2 9 -4 -8 -9 10 11 -1 -13 14 15 17 -17 18 -12 20 25 -21 -16 24 -24 -18 29 28 -28 -27
right_child=1 2 6 -5 -6 -7 7 8 -10 -11 13 12 -14 -15 22 16 19 -19 -20 21 -22 -23 23 -25 -26 26 27 -29 -30 -31
leaf_value=0.00036304845126011287 0.001778912264502921 -0.0022056807880768757 -0.0005943399163331265 -0.00011147258096826818 -4.5921586854618113e-05 0.00018823061767790251 -0.00012542119416380614 0.0046827906504645972 -0.0001194571186090343 -0.00079069233751056351 -0.00066522878641478661 -0.00045297294993773107 0.0001433825699730562 -0.00098828153300303248 -0.0013462065631974695 0.06546821522291936 0.00063051284197157998 0.007221156651097971 -0.0087280810621980717 -0.0012220258006163931 -0.0014394494590993646 0.0025046245538909774 0.0064242435957074665 -5.511133361011389e-06 0.0002207703935349059 6.8156412194610993e-05 0.0033263909540178814 0.0081669347543726189 -0.00097963502044052576 -0.0024684101615233089
leaf_weight=21 30 22 34 29 32 36 20 37 21 36 21 25 24 21 158 34 51 20 23 22 33 34 20 8167 137 420 21 27 23 61
leaf_count=21 30 22 34 29 32 36 20 37 21 36 21 25 24 21 158 34 51 20 23 22 33 34 20 8167 137 420 21 27 23 61
internal_value=2.48447e-05 -0.00373333 -0.00760736 -0.0211765 0.00645161 0.000114467 -0.00142857 0.00307692 0.00827586 6.38366e-05 0.000106803 0.008 0.000816327 4.73475e-05 7.76531e-05 0.00202532 0.00297521 -0.00875 -0.0218182 0.0016185 0.000503145 0.0142857 -0.000103749 2.88323e-05 0.00687898 0.00179104 0.000724638 0.011831 0.00363636 -0.000914761
internal_weight=9660 225 163 51 62 9435 112 78 58 9399 9363 70 49 9293 9272 790 726 64 44 692 636 56 8482 8324 157 603 552 71 44 481
internal_count=9660 225 163 51 62 9435 112 78 58 9399 9363 70 49 9293 9272 790 726 64 44 692 636 56 8482 8324 157 603 552 71 44 481
is_linear=0
shrinkage=0.08


Tree=293
num_leaves=31
num_cat=0
split_feature=25 15 39 1 31 5 13 33 15 31 13 31 6 39 6 25 29 23 33 17 29 13 31 31 29 19 33 5 15 6
split_gain=0.594504 1.48569 1.77727 1.67829 1.68119 1.35511 1.1837 1.44 0.993007 0.637223 0.825002 1.59354 0.729847 0.702671 0.558059 1.09394 0.873368 0.907237 0.998116 0.668846 1.06185 1.46506 1.04044 1.63334 1.01906 1.25625 1.05872 0.974972 1.1861 1.45819
threshold=18.517300000000002 17.094800000000003 93.288199601477999 16.500000000000004 18.642900000000001 17.150336666666671 18.120150000000006 0.040200000000000465 20.578700000000001 18.825550000000003 17.384900000000005 20.578700000000001 3.4076744968234549 92.831701507168574 2.983717609755606 16.700900000000004 19.315350000000006 18.605250000000002 -0.18979999999999994 18.042600000000004 18.120150000000006 17.911800000000003 18.275250000000003 18.158950000000001 18.356750000000002 18.356750000000002 0.27590000000000098 18.066890000000004 17.955650000000002 0.22843801201026429
decision_type=2 2 2 2 2 2 2 2 2 2 2 2 2 2 2 2 2 2 2 2 2 2 2 2 2 2 2 2 2 2
left_child=8 5 -3 4 6 -2 7 -4 9 12 11 -11 14 -14 16 -16 17 19 -19 20 22 24 23 -1 26 -26 -22 -23 29 -29
right_child=1 2 3 -5 -6 -7 -8 -9 -10 10 -12 -13 13 -15 15 -17 -18 18 -20 -21 21 27 -24 -25 25 -27 -28 28 -30 -31
leaf_value=2.2518208827193575e-06 0.0016365992833426192 -0.00045210442597579006 0.0001473488312822724 0.00090669044330212497 5.9275008567851727e-05 -4.2247859906296983e-05 -0.0018104876550428628 -0.00073914475441959836 0.0001731721682637044 -0.0018291833658547318 0.00018057516854526058 2.1587963781968257e-05 0.012783330880918414 0.0015245872163653473 0.00013170035043998495 -0.0086185870281363462 0.0019809215143149574 -0.00024711118114339569 2.1315464395712523e-05 5.5287031078137264e-05 -0.00070271911489555811 -0.0039180923555980482 0.00039914767071707046 -0.0027887255379731358 -7.7175016577086809e-05 0.0035963750882592651 0.00024267245497810563 0.0018981535474497946 -0.0011418763477948346 -0.00096813168424631619
leaf_weight=8159 30 32 25 23 39 32 24 20 36 31 25 22 21 20 33 22 23 34 29 559 23 26 149 30 25 34 21 21 51 41
leaf_count=8159 30 32 25 23 39 32 24 20 36 31 25 22 21 20 33 22 23 34 29 559 23 26 149 30 25 34 21 21 51 41
internal_value=-2.48447e-05 -0.00408889 -0.00809816 -0.00396947 -0.00814815 0.00645161 -0.0156522 -0.008 7.20721e-05 2.12789e-05 -0.00717949 -0.0128302 8.15363e-05 0.0107317 3.44828e-05 -0.008 8.23848e-05 4.34688e-05 -0.00952381 0.000109421 -6.52681e-05 -0.00528926 8.63516e-05 -3.41922e-05 0.00194175 0.00881356 -0.00727273 -0.0106475 -0.00743363 0
internal_weight=9660 225 163 131 108 62 69 45 9435 9399 78 53 9321 41 9280 55 9225 9202 63 9139 8580 242 8338 8189 103 59 44 139 113 62
internal_count=9660 225 163 131 108 62 69 45 9435 9399 78 53 9321 41 9280 55 9225 9202 63 9139 8580 242 8338 8189 103 59 44 139 113 62
is_linear=0
shrinkage=0.08


Tree=294
num_leaves=31
num_cat=0
split_feature=23 15 7 15 19 27 4 4 17 23 1 31 29 8 33 6 8 25 25 31 27 25 25 15 31 17 31 27 15 29
split_gain=0.953009 0.986265 0.839606 0.675484 0.647444 0.662043 0.58444 1.78987 1.44326 1.37195 1.069 0.985447 1.60591 1.51545 1.03068 0.910084 0.760011 0.653772 0.595238 0.538593 0.74434 0.787865 0.868365 1.47663 1.98623 1.02493 0.945077 1.29925 0.57883 0.548458
threshold=20.578700000000001 17.887500000000003 18.989953333333336 9.6461500000000004 20.578700000000001 21.448650000000004 1.0000000180025095e-35 1.5000000000000002 16.817100000000003 16.045950000000005 5.5000000000000009 17.005200000000006 16.001000000000001 0.21726942562209445 0.034500000000000426 0.23517769407889241 0.22039645393880636 14.593050000000002 14.543600000000001 20.808800000000002 19.787800000000001 19.979150000000001 18.517300000000002 17.155700000000007 17.791300000000003 17.955650000000002 18.731750000000002 17.071750000000005 20.384450000000005 13.818850000000003
decision_type=2 2 2 2 2 2 2 2 2 2 2 2 2 2 2 2 2 2 2 2 2 2 2 2 2 2 2 2 2 2
left_child=2 -2 3 -1 5 6 11 8 9 10 -8 12 13 17 -14 -10 18 -5 -12 20 21 22 26 -24 -25 -26 28 -28 29 -9
right_child=1 -3 -4 4 -6 -7 7 19 15 -11 16 -13 14 -15 -16 -17 -18 -19 -20 -21 -22 -23 23 24 25 -27 27 -29 -30 -31
leaf_value=-0.00062495436191696292 -0.000514674725524884 9.5234586723336183e-07 -0.00030414702254262239 -0.002132227827602833 0.00055500330566587769 0.00034098814153409762 0.0036477942613286985 0.00024122077595990278 0.008582412899620806 -0.0013837930806373322 0.00021426977558363093 -0.00070769834240991258 -0.002180445957792898 -0.0055640556065336003 0.0043456297573689542 0.002724716068869384 0.0022544108140775876 0.0004493420614934962 -0.0036263102243279379 0.00010566374079274965 -0.00044673314920657959 0.00055126226193053191 0.00091139548479553419 -0.0035422819190599596 0.0010594464994773034 -0.00064180767457344245 -0.0037973961321279858 7.4445807897802758e-05 0.00017995894987791417 -7.0142279270157818e-07
leaf_weight=24 29 30 30 25 38 24 23 55 21 22 21 37 21 31 23 30 22 22 21 30 27 32 24 26 25 28 22 23 21 8853
leaf_count=24 29 30 30 25 38 24 23 55 21 22 21 37 21 31 23 30 22 22 21 30 27 32 24 26 25 28 22 23 21 8853
internal_value=-3.31263e-05 -0.0101695 2.91636e-05 7.1048e-05 0.000104745 6.30981e-05 2.95203e-05 0.000111516 0.0085 0.00330275 0.00781609 -0.00477987 -0.00131148 -0.00820513 0.0109091 0.0196078 0.0025 0.000851064 -0.00380952 -3.49116e-05 -7.00525e-05 -3.07388e-05 -7.49146e-05 -0.00737864 -0.0126582 -0.00377358 8.91464e-06 -0.0115556 6.71968e-05 3.59228e-05
internal_weight=9660 59 9601 9571 9547 9509 9485 9326 160 109 87 159 122 78 44 51 64 47 42 9166 9136 9109 9077 103 79 53 8974 45 8929 8908
internal_count=9660 59 9601 9571 9547 9509 9485 9326 160 109 87 159 122 78 44 51 64 47 42 9166 9136 9109 9077 103 79 53 8974 45 8929 8908
is_linear=0
shrinkage=0.08


Tree=295
num_leaves=31
num_cat=0
split_feature=23 8 15 7 27 27 8 7 29 31 17 13 8 29 4 8 6 23 8 23 27 6 23 19 31 15 13 17 27 1
split_gain=0.717797 1.07525 0.672102 0.542156 0.570598 1.36749 2.40625 1.71905 1.18596 2.42283 1.82857 1.27762 1.13267 1.24644 1.37649 1.15276 1.39444 1.32527 1.14584 3.2796 1.96432 1.2152 1.59719 1.09312 1.06293 1.02894 0.964028 0.943124 1.05872 0.897173
threshold=20.578700000000001 1.6035382669580101 9.6461500000000004 18.989953333333336 17.993150000000004 17.955650000000002 0.23540509187572478 18.078626666666672 14.153300000000002 17.656400000000001 17.887500000000003 18.517300000000002 0.78757042244178999 18.243650000000006 27.500000000000004 0.25834708569991754 0.24774810559511065 18.478250000000003 0.22998470774017118 17.911800000000003 18.120150000000006 0.20904486690955218 18.158950000000001 18.120150000000006 18.042600000000004 17.993150000000004 21.448650000000004 17.172400000000007 18.605250000000002 4.5000000000000009
decision_type=2 2 2 2 2 2 2 2 2 2 2 2 2 2 2 2 2 2 2 2 2 2 2 2 2 2 2 2 2 2
left_child=2 -2 -1 4 5 26 -7 -8 -6 10 -10 12 15 14 -14 17 -17 18 19 -11 -20 -22 29 25 -13 -21 -4 -15 -29 -23
right_child=1 -3 3 -5 8 6 7 -9 9 11 -12 24 13 27 -16 16 -18 -19 20 23 21 22 -24 -25 -26 -27 -28 28 -30 -31
leaf_value=-0.00057495801296354894 3.0294980698926112e-05 -0.00054444536645718248 -6.6092341086232412e-07 -0.00027981526073915573 0.0039767008816679094 0.0016136857653886239 -0.0011824961065531169 -0.0024498759622861143 -6.1786802484675717e-06 0.0010305188967745949 -0.0032180982701705573 0.00023275250177846375 0.00015448826707881836 -0.00010081609705039796 0.0037418505629665333 2.3611652247268468e-05 -0.0024729582074965607 -0.0011250171430620525 0.00083913239229019612 0.00015450548184432479 -0.0037278298848347903 -0.0013865049035267419 0.0057583030941967192 -0.0019035343408931738 0.00046631363126451223 -0.002894036430342908 0.0012173503079243632 -0.00034101530723745554 0.00051064356239720614 8.6795568151956103e-05
leaf_weight=24 21 38 8676 30 21 32 21 35 35 47 28 21 37 21 33 23 36 31 84 30 30 26 21 30 28 35 21 21 23 101
leaf_count=24 21 38 8676 30 21 32 21 35 35 47 28 21 37 21 33 23 36 31 84 30 30 26 21 30 28 35 21 21 23 101
internal_value=-1.65631e-05 -0.00881356 3.74961e-05 7.10034e-05 0.000104745 -7.74047e-05 -0.01 -0.02 0.00220472 0.00167341 -0.0133333 0.00306785 0.00209857 0.00859259 0.016 0.000323887 -0.0101695 0.00174713 0.0029703 -0.0028169 0.00610687 0.00134831 0.00432432 -0.0113684 0.0155102 -0.00553846 2.29964e-05 0.000615385 0.00727273 0.000944882
internal_weight=9660 59 9601 9577 9547 8785 88 56 762 741 63 678 629 135 70 494 59 435 404 142 262 178 148 95 49 65 8697 65 44 127
internal_count=9660 59 9601 9577 9547 8785 88 56 762 741 63 678 629 135 70 494 59 435 404 142 262 178 148 95 49 65 8697 65 44 127
is_linear=0
shrinkage=0.08


Tree=296
num_leaves=31
num_cat=0
split_feature=25 25 21 27 19 27 25 31 4 1 1 2 6 39 4 8 33 27 39 17 25 5 6 29 7 5 39 31 4 39
split_gain=0.813036 1.13325 0.686425 2.00292 1.89832 0.729909 1.5903 0.680283 0.544393 1.44966 2.90078 1.93581 1.62971 1.00045 0.935247 1.46537 1.72223 0.85827 1.1733 0.638644 1.19069 1.42854 0.906479 0.842705 1.05185 2.42456 1.0452 1.01784 1.3036 2.1654
threshold=22.248450000000002 21.067900000000005 19.787800000000001 19.533250000000006 18.894150000000003 13.818850000000003 14.197750000000001 14.284200000000002 1.0000000180025095e-35 11.500000000000002 8.5000000000000018 2.5000000000000004 0.19877649688353535 91.640293139530755 1.5000000000000002 1.3341716577832046 0.265600000000001 16.775850000000002 86.848286640302959 18.042600000000004 16.191350000000003 16.768836666666669 3.4076744968234549 17.887500000000003 18.074944166666672 18.085676666666672 100.47987982338293 18.410200000000007 43.500000000000007 97.045132696872585
decision_type=2 2 2 2 2 2 2 2 2 2 2 2 2 2 2 2 2 2 2 2 2 2 2 2 2 2 2 2 2 2
left_child=1 2 5 4 -4 6 -1 -8 9 10 11 -7 -11 -14 15 16 -10 18 -18 22 -21 -22 -16 -23 25 -25 27 28 29 -26
right_child=-2 -3 3 -5 -6 8 7 -9 14 12 -12 -13 13 -15 19 -17 17 -19 -20 20 21 23 -24 24 26 -27 -28 -29 -30 -31
leaf_value=-0.00089685380966400888 -0.00024412771339740402 0.00057768759352676117 -0.0010825186794158981 -0.00068716911662846769 0.0037779872466536801 0.0023971790272639738 -5.8515551859272823e-05 0.00025282670378231844 0.0071880170216444134 -0.0050797334420124686 0.0033374390461372626 -0.0049535940166243369 0.00026770256921487601 -0.0019201193239614157 -5.9592574049815993e-06 0.007016436911246586 -0.00031413983126455492 -0.00059089879882037624 0.0091708169822285867 0.00014188759434020427 -0.0062679376124141588 -4.5015273600199634e-05 0.01598486929158625 0.0019810182205449679 -0.0004085363018596411 -6.4562412239013158e-05 0.0018148896542209058 -0.002632320965374788 -9.4487252744244186e-05 0.00019831460139712931
leaf_weight=36 25 22 31 21 20 25 20 23 34 20 21 36 38 20 8462 22 51 30 22 24 22 183 28 38 30 39 23 20 106 168
leaf_count=36 25 22 31 21 20 25 20 23 34 20 21 36 38 20 8462 22 51 30 22 24 22 183 28 38 30 39 23 20 106 168
internal_value=8.28157e-06 4.56668e-05 4.16103e-06 -0.00777778 0.000784314 6.28865e-05 -0.00759494 0.0027907 0.000126823 -0.0045 0.00292683 -0.00590164 -0.0123077 -0.00551724 0.000206407 0.00628931 0.00321168 -0.00194175 0.00273973 0.000100623 0.00251149 0.0018442 -8.48057e-05 0.00257002 0.0045283 0.012987 0.0026513 0.00148148 0.00263158 0.00646465
internal_weight=9660 9635 9613 72 51 9541 79 43 9462 160 82 61 78 58 9302 159 137 103 73 9143 653 629 8490 607 424 77 347 324 304 198
internal_count=9660 9635 9613 72 51 9541 79 43 9462 160 82 61 78 58 9302 159 137 103 73 9143 653 629 8490 607 424 77 347 324 304 198
is_linear=0
shrinkage=0.08


end of trees

feature_importances:
minute_of_hour=759
lag_5=567
cpu_memory_ratio=565
cpu_rate_of_change=547
rolling_std_15min=539
rolling_mean_60min=533
lag_10=516
lag_1=474
lag_6=459
rolling_std_60min=454
lag_4=451
lag_9=446
hour_of_day=436
lag_2=434
lag_3=427
lag_7=422
lag_8=412
rolling_mean_15min=381
day_of_week=88

parameters:
[boosting: gbdt]
[objective: quantile]
[metric: quantile]
[tree_learner: serial]
[device_type: cpu]
[data_sample_strategy: bagging]
[data: ]
[valid: ]
[num_iterations: 300]
[learning_rate: 0.08]
[num_leaves: 31]
[num_threads: 0]
[seed: 0]
[deterministic: 0]
[force_col_wise: 0]
[force_row_wise: 0]
[histogram_pool_size: -1]
[max_depth: -1]
[min_data_in_leaf: 20]
[min_sum_hessian_in_leaf: 0.001]
[bagging_fraction: 1]
[pos_bagging_fraction: 1]
[neg_bagging_fraction: 1]
[bagging_freq: 0]
[bagging_seed: 3]
[bagging_by_query: 0]
[feature_fraction: 1]
[feature_fraction_bynode: 1]
[feature_fraction_seed: 2]
[extra_trees: 0]
[extra_seed: 6]
[early_stopping_round: 0]
[early_stopping_min_delta: 0]
[first_metric_only: 0]
[max_delta_step: 0]
[lambda_l1: 0]
[lambda_l2: 0]
[linear_lambda: 0]
[min_gain_to_split: 0]
[drop_rate: 0.1]
[max_drop: 50]
[skip_drop: 0.5]
[xgboost_dart_mode: 0]
[uniform_drop: 0]
[drop_seed: 4]
[top_rate: 0.2]
[other_rate: 0.1]
[min_data_per_group: 100]
[max_cat_threshold: 32]
[cat_l2: 10]
[cat_smooth: 10]
[max_cat_to_onehot: 4]
[top_k: 20]
[monotone_constraints: ]
[monotone_constraints_method: basic]
[monotone_penalty: 0]
[feature_contri: ]
[forcedsplits_filename: ]
[refit_decay_rate: 0.9]
[cegb_tradeoff: 1]
[cegb_penalty_split: 0]
[cegb_penalty_feature_lazy: ]
[cegb_penalty_feature_coupled: ]
[path_smooth: 0]
[interaction_constraints: ]
[verbosity: -1]
[saved_feature_importance_type: 0]
[use_quantized_grad: 0]
[num_grad_quant_bins: 4]
[quant_train_renew_leaf: 0]
[stochastic_rounding: 1]
[linear_tree: 0]
[max_bin: 255]
[max_bin_by_feature: ]
[min_data_in_bin: 3]
[bin_construct_sample_cnt: 200000]
[data_random_seed: 1]
[is_enable_sparse: 1]
[enable_bundle: 1]
[use_missing: 1]
[zero_as_missing: 0]
[feature_pre_filter: 1]
[pre_partition: 0]
[two_round: 0]
[header: 0]
[label_column: ]
[weight_column: ]
[group_column: ]
[ignore_column: ]
[categorical_feature: ]
[forcedbins_filename: ]
[precise_float_parser: 0]
[parser_config_file: ]
[objective_seed: 5]
[num_class: 1]
[is_unbalance: 0]
[scale_pos_weight: 1]
[sigmoid: 1]
[boost_from_average: 1]
[reg_sqrt: 0]
[alpha: 0.5]
[fair_c: 1]
[poisson_max_delta_step: 0.7]
[tweedie_variance_power: 1.5]
[lambdarank_truncation_level: 30]
[lambdarank_norm: 1]
[label_gain: ]
[lambdarank_position_bias_regularization: 0]
[eval_at: ]
[multi_error_top_k: 1]
[auc_mu_weights: ]
[num_machines: 1]
[local_listen_port: 12400]
[time_out: 120]
[machine_list_filename: ]
[machines: ]
[gpu_platform_id: -1]
[gpu_device_id: -1]
[gpu_device_id_list: ]
[gpu_use_dp: 0]
[num_gpu: 1]

end of parameters

pandas_categorical:[]
