tree
version=v4
num_class=1
num_tree_per_iteration=1
label_index=0
max_feature_idx=39
objective=quantile
feature_names=memory_usage hour_of_day day_of_week is_weekend minute_of_hour rolling_mean_15min rolling_std_15min rolling_mean_60min rolling_std_60min cpu_rolling_mean_15 cpu_rolling_std_15 cpu_rolling_mean_60 cpu_rolling_std_60 lag_1 cpu_lag_1 lag_2 cpu_lag_2 lag_3 cpu_lag_3 lag_4 cpu_lag_4 lag_5 cpu_lag_5 lag_6 cpu_lag_6 lag_7 cpu_lag_7 lag_8 cpu_lag_8 lag_9 cpu_lag_9 lag_10 cpu_lag_10 cpu_rate_of_change mem_rolling_mean_15min mem_rolling_std_15min mem_rolling_mean_60min mem_rolling_std_60min memory_rate_of_change cpu_memory_ratio
feature_infos=none [0:23] [0:6] [0:1] [0:59] [12.713253333333332:20.64556] [0.11936804829063676:5.1160506000606745] [13.838043333333333:19.012756666666668] [0.15992769668406179:3.9627939168457789] [12.713253333333332:20.64556] [0.11936804829063676:5.1160506000606745] [13.838043333333333:19.012756666666668] [0.15992769668406179:3.9627939168457789] [5.5949999999999998:25.998100000000001] [5.5949999999999998:25.998100000000001] [5.5949999999999998:25.998100000000001] [5.5949999999999998:25.998100000000001] [5.5949999999999998:25.998100000000001] [5.5949999999999998:25.998100000000001] [5.5949999999999998:25.998100000000001] [5.5949999999999998:25.998100000000001] [5.5949999999999998:25.998100000000001] [5.5949999999999998:25.998100000000001] [5.5949999999999998:25.998100000000001] [5.5949999999999998:25.998100000000001] [5.5949999999999998:25.998100000000001] [5.5949999999999998:25.998100000000001] [5.5949999999999998:25.998100000000001] [5.5949999999999998:25.998100000000001] [5.5949999999999998:25.998100000000001] [5.5949999999999998:25.998100000000001] [5.5949999999999998:25.998100000000001] [5.5949999999999998:25.998100000000001] [-9.5115000000000016:16.128799999999998] none none none none none [30.424143390842065:141.37085295611283]
tree_sizes=2604 2742 2741 2751 2763 2742 2757 2774 2777 2770 2781 2792 2782 2795 2780 2795 2821 2798 2791 2820 2793 2822 2844 2846 2833 2840 2838 2832 2849 2831 2850 2871 2827 2854 2849 2830 2848 2831 2864 2830 2853 2846 2871 2854 2844 2850 2832 2855 2853 2849 2848 2872 2843 2855 2853 2877 2841 2867 2843 2880 2875 2864 2848 2903 2878 2852 2857 2874 2876 2880 2862 2856 2899 2893 2864 2887 2858 2841 2845 2868 2866 2823 2898 2862 2846 2880 2874 2832 2857 2860 2873 2871 2872 2853 2861 2879 2893 2878 2877 2850 2872 2891 2861 2899 2882 2870 2844 2886 2871 2844 2835 2844 2854 2896 2860 2895 2869 2860 2874 2847 2863 2890 2861 2870 2868 2864 2870 2860 2883 2858 2830 2857 2891 2889 2878 2869 2870 2841 2858 2860 2864 2870 2851 2859 2859 2938 2876 2865 2856 2895 2845 2864 2855 2849 2884 2864 2898 2887 2904 2886 2902 2895 2879 2869 2851 2887 2887 2868 2873 2864 2875 2872 2881 2896 2901 2841 2885 2879 2906 2904 2877 2863 2870 2892 2878 2883 2879 2833 2858 2871 2899 2850 2890 2897 2913 2867 2859 2879 2833 2861 2867 2870 2868 2897 2916 2902 2914 2888 2886 2918 2902 2864 2880 2858 2909 2872 2872 2868 2882 2908 2847 2887 2886 2860 2883 2877 2887 2872 2868 2876 2913 2875 2893 2854 2875 2894 2877 2862 2891 2874 2873 2881 2917 2912 2897 2848 2919

Tree=0
num_leaves=31
num_cat=0
split_feature=7 39 39 1 21 39 1 8 4 4 27 31 15 33 4 6 27 4 29 1 27 1 31 7 25 39 1 27 1 8
split_gain=342.446 36.7221 11.9978 5.53426 4.63804 4.28194 5.88007 4.16526 11.9064 3.3703 2.78155 2.72244 2.62132 2.56219 2.54675 2.46954 2.39891 2.24418 2.09289 1.32827 1.83364 1.21339 1.07581 1.19483 1.25526 1.46966 1.7651 1.49371 1.32064 1.06687
threshold=17.749400000000005 98.954322463543676 95.808319218008066 22.500000000000004 18.158950000000001 95.808319218008066 2.5000000000000004 0.49197340289098257 20.500000000000004 11.500000000000002 18.197700000000005 18.197700000000005 19.886300000000002 -0.58400000000000041 25.500000000000004 0.18724470759856474 17.911800000000003 31.500000000000004 18.556400000000004 13.500000000000002 18.042600000000004 16.500000000000004 18.243650000000006 18.354005833333336 18.243650000000006 98.11092931967957 9.5000000000000018 18.314050000000005 9.5000000000000018 0.25044152161473282
decision_type=2 2 2 2 2 2 2 2 2 2 2 2 2 2 2 2 2 2 2 2 2 2 2 2 2 2 2 2 2 2
left_child=3 2 -2 5 17 -1 9 8 -5 -7 11 13 -6 -4 -10 -15 -13 -3 19 20 -17 22 23 24 25 27 -27 -12 -29 -22
right_child=1 4 10 7 12 6 -8 -9 14 -11 21 16 -14 15 -16 18 -18 -19 -20 -21 29 -23 -24 -25 -26 26 -28 28 -30 -31
leaf_value=17.884619903564452 17.949887919197991 18.173677426897413 17.970820007324217 17.905779889415609 18.006243896484374 18.039643900362044 17.938619995117186 17.938619995117186 18.47360396241762 17.961156005859376 17.975651929078978 17.996576773783854 18.095755923999768 17.985312764296797 18.219243953887926 17.974043884277343 17.996579895019533 17.967925518093381 17.990139921558367 17.967603912353514 17.969855174769091 17.970820007324217 18.005595996631673 17.970820004253326 17.967603912353514 17.970820007324217 17.971144678538511 17.974039987912203 17.966959104754242 17.952143933239949
leaf_weight=7905 66 37 53 59 225 36 150 230 21 31 36 23 20 28 25 184 34 50 21 119 54 35 20 21 33 41 24 36 23 20
leaf_count=7905 66 37 53 59 225 36 150 230 21 31 36 23 20 28 25 184 34 50 21 119 54 35 20 21 33 41 24 36 23 20
internal_value=17.951 17.991 17.9824 17.9454 18.0136 17.9449 17.956 17.9554 17.9686 17.9757 17.985 17.9817 18.0193 17.9797 17.9992 17.9777 17.9982 17.9978 17.9761 17.9747 17.9779 17.9917 17.9938 17.9921 17.9941 17.997 18.0063 17.9907 17.9828 17.9673
internal_weight=9660 1203 871 8457 332 8122 217 335 105 67 805 536 245 479 46 426 57 87 398 377 258 269 234 214 193 160 65 95 59 74
internal_count=9660 1203 871 8457 332 8122 217 335 105 67 805 536 245 479 46 426 57 87 398 377 258 269 234 214 193 160 65 95 59 74
is_linear=0
shrinkage=1


Tree=1
num_leaves=31
num_cat=0
split_feature=7 39 1 21 1 4 4 13 15 13 25 6 1 8 33 7 6 4 8 6 33 7 27 15 6 8 31 7 4 7
split_gain=322.635 29.4913 11.6094 10.7944 5.71489 4.3335 16.5642 3.74768 3.29163 2.96481 3.00867 2.84444 2.36939 3.0625 1.98327 2.56441 3.08915 2.028 1.94561 1.7697 1.97767 1.94163 2.53033 1.76563 1.76313 1.60952 1.59327 1.5293 1.64541 1.48485
threshold=17.749400000000005 98.954322463543676 18.500000000000004 18.158950000000001 22.500000000000004 19.500000000000004 29.500000000000004 17.656400000000001 19.886300000000002 17.656400000000001 18.275250000000003 0.23517769407889241 2.5000000000000004 1.0106477066210111 0.12080000000000092 18.354005833333336 0.25791720907669763 25.500000000000004 1.9365192813644305 0.18724470759856474 0.037950000000000379 18.074944166666672 17.955650000000002 18.087200000000003 0.21521574294317167 0.22950323426944108 17.423700000000004 18.090704166666672 32.500000000000007 18.091710833333334
decision_type=2 2 2 2 2 2 2 2 2 2 2 2 2 2 2 2 2 2 2 2 2 2 2 2 2 2 2 2 2 2
left_child=4 2 9 -3 7 -6 11 -1 -5 -2 14 -7 13 -9 15 16 19 -18 -8 -11 21 -21 29 -19 25 -24 -14 -12 -29 -23
right_child=1 3 -4 8 5 6 18 12 -10 10 27 -13 26 -15 -16 -17 17 23 -20 20 -22 22 24 -25 -26 -27 -28 28 -30 -31
leaf_value=-0.061113525390624944 0.011074577258685849 0.025733948724134734 -0.020711301600778706 0.050364440917968809 -0.047968278276318776 0.44299165014679887 -0.098257629394531143 0.051078070555871026 0.13271550623213046 0.025635028122055419 0.01481565551757825 0.2855780782209269 -0.035219155622704362 -0.0080171307380049947 0.030551242122190913 0.0081104581127118876 0.017774462890625103 0.032483109520937574 0.015844755235273737 0.019554040564468678 0.034879547129859516 0.0034659009170892041 0.023351037666657692 0.030445084809856474 0.018276716690558203 0.005060419622498021 0.29193435323335876 0.0088472467395592745 0.018537867205794499 0.0078525512695313184
leaf_weight=7920 27 87 55 225 120 24 130 32 20 22 130 36 117 32 115 41 44 50 25 35 43 44 20 23 78 28 21 54 40 22
leaf_count=7920 27 87 55 225 120 24 130 32 20 22 130 36 117 32 115 41 44 50 25 35 43 44 20 23 78 28 21 54 40 22
internal_value=-0.000546586 0.0382178 0.0304845 0.058506 -0.00606078 0.0041791 0.0109767 -0.00648313 0.067102 0.0328824 0.0337744 0.0466667 0.00427723 0.017 0.036885 0.0344889 0.036401 0.0473846 -0.00283871 0.032 0.0302222 0.0272423 0.0240833 0.0555616 0.0307302 0.0186667 -0.00162319 0.0259286 0.0337021 0.0113939
internal_weight=9660 1203 871 332 8457 335 215 8122 245 816 789 60 202 64 565 450 409 117 155 292 270 227 192 73 126 48 138 224 94 66
internal_count=9660 1203 871 332 8457 335 215 8122 245 816 789 60 202 64 565 450 409 117 155 292 270 227 192 73 126 48 138 224 94 66
is_linear=0
shrinkage=0.08


Tree=2
num_leaves=31
num_cat=0
split_feature=7 31 39 1 1 39 1 8 4 8 4 39 19 4 25 39 33 7 33 23 6 21 19 8 15 27 31 39 33 1
split_gain=274.718 38.6845 10.7563 8.20398 4.03672 3.92869 5.39779 3.30106 9.81818 3.20034 2.9669 2.7608 2.69187 2.54848 2.48725 1.77039 1.65951 2.30083 1.68897 2.08394 2.61548 2.00119 2.05762 1.89182 1.52153 1.50716 1.38172 1.33333 1.21857 1.2937
threshold=17.749400000000005 18.197700000000005 98.532625891611616 18.500000000000004 22.500000000000004 95.808319218008066 2.5000000000000004 0.38094037760049554 20.500000000000004 0.25265285549247862 11.500000000000002 96.213158802538572 18.243650000000006 25.500000000000004 18.042600000000004 97.267536175815465 0.075950000000000642 18.088358333333336 -0.52325000000000077 18.478250000000003 0.26519764949288638 17.955650000000002 18.314050000000005 0.24266856732989675 18.042600000000004 18.314050000000005 17.955650000000002 97.638118011755765 0.24155000000000018 10.500000000000002
decision_type=2 2 2 2 2 2 2 2 2 2 2 2 2 2 2 2 2 2 2 2 2 2 2 2 2 2 2 2 2 2
left_child=4 3 9 11 5 -1 10 8 -6 -3 -7 -2 -4 -10 16 -11 18 24 -13 20 21 27 23 -23 -18 28 -27 -20 29 -16
right_child=1 2 12 -5 7 6 -8 -9 13 15 -12 14 -14 -15 25 -17 17 -19 19 -21 -22 22 -24 -25 -26 26 -28 -29 -30 -31
leaf_value=-0.05664055053710939 0.010833385853710241 0.038967640318495901 0.046335285644531439 -0.03212571290568101 -0.040911352085507245 0.081493870168410878 -0.010184495849609334 -0.011920426373793581 0.45127155002077102 0.0040554190988397656 0.0047973358984989998 0.016157703653717125 0.11372871650269474 0.2294462512137804 0.015801175784104747 0.013302017500830821 0.01553250411675397 0.036765794299965064 0.025830536363942995 0.0073733951935591336 0.022710622109584015 0.02239153464991853 0.004671415038631381 0.013279331636254317 0.033455335936937093 0.026124748158237867 0.016212823061525442 0.012414433742854168 0.022504959238508208 0.013630403076172115
leaf_weight=7905 35 35 216 48 54 36 150 237 20 22 31 45 37 24 154 27 53 60 24 25 35 49 39 24 21 32 35 24 28 135
leaf_count=7905 35 35 216 48 54 36 150 237 20 22 31 45 37 24 154 27 53 60 24 25 35 49 39 24 21 32 35 24 28 135
internal_value=-0.00101035 0.0347598 0.0577567 0.0258106 -0.00609862 -0.00645358 0.0041659 0.00250746 0.0148571 0.0329524 0.0230448 0.0276968 0.0659921 0.0429091 0.0286794 0.0197551 0.0331028 0.0403582 0.029434 0.0265455 0.0293333 0.025 0.0191429 0.0270685 0.0309189 0.0240833 0.0349851 0.0386667 0.0217792 0.0202353
internal_weight=9660 1203 337 866 8457 8122 217 335 98 84 67 818 253 44 783 49 399 134 265 220 195 160 112 73 74 384 67 48 317 289
internal_count=9660 1203 337 866 8457 8122 217 335 98 84 67 818 253 44 783 49 399 134 265 220 195 160 112 73 74 384 67 48 317 289
is_linear=0
shrinkage=0.08


Tree=3
num_leaves=31
num_cat=0
split_feature=7 39 21 1 19 1 4 4 39 31 1 8 4 39 6 5 27 4 4 7 25 29 29 8 6 2 13 5 39 21
split_gain=233.002 40.2657 11.8644 7.25244 7.07798 4.22745 3.22632 14.6298 3.13342 3.07327 2.97462 3.71004 2.10623 1.98225 1.76595 3.31202 1.73463 1.63591 2.80891 2.75493 2.05396 1.61552 1.74168 1.30615 1.284 1.65694 1.20618 1.20421 1.63969 1.15691
threshold=17.749400000000005 99.204186518737444 18.158950000000001 18.500000000000004 19.437050000000003 22.500000000000004 20.500000000000004 27.500000000000004 95.808319218008066 18.042600000000004 2.5000000000000004 1.0545599125608096 34.500000000000007 100.1098417612298 0.40372952699674519 16.335296666666672 18.314050000000005 11.500000000000002 19.500000000000004 18.090704166666672 18.087200000000003 18.243650000000006 17.993150000000004 0.2438246116805112 3.2096536544786503 3.5000000000000004 18.158950000000001 18.082983333333338 97.842033181935662 17.791300000000003
decision_type=2 2 2 2 2 2 2 2 2 2 2 2 2 2 2 2 2 2 2 2 2 2 2 2 2 2 2 2 2 2
left_child=5 3 13 9 -4 8 -7 -8 24 16 11 -10 27 -3 15 -9 17 26 19 20 -19 22 -14 -18 -1 -26 -2 28 -11 -20
right_child=1 2 4 -5 -6 6 7 14 10 12 -12 -13 21 -15 -16 -17 23 18 29 -21 -22 -23 -24 -25 25 -27 -28 -29 -30 -31
leaf_value=-0.052109306494140528 0.0036858819088305557 0.0091225534637470688 0.042628462792968946 -0.017642140390948212 0.10910900971683887 -0.042474559145568948 0.28284116689248129 -0.10002177289793479 0.064798166758609138 0.015023527178559403 -0.0093697361816404631 -0.0032735891716774291 0.021663556728697016 0.12087140332031304 -0.066163586201496399 0.061471778398513241 0.012514407066852602 0.031500966880088715 0.021772017716495205 0.035738036930722195 0.0021849992918822657 0.035803864264391964 0.0053952765555238813 0.014756515687743617 -0.027821281591796778 0.2093053659202353 0.0062697020666646853 0.01524917638848779 0.031114609878060022 0.013201611166389222
leaf_weight=7830 55 38 210 55 26 126 42 32 39 37 150 28 67 30 115 20 50 21 34 26 22 38 22 51 38 37 29 100 32 260
leaf_count=7830 55 38 210 55 26 126 42 32 39 37 150 28 67 30 115 20 50 21 34 26 22 38 22 51 38 37 29 100 32 260
internal_value=-0.00137474 0.0315677 0.0567368 0.0230567 0.0652203 -0.00606078 0.00274627 0.0088421 -0.00642404 0.024891 0.00305991 0.0170746 0.0314595 0.0272941 -0.00177246 0.0104615 0.0213431 0.0192036 0.0215317 0.036058 0.0236279 0.0392441 0.0333483 0.0308119 -0.00668438 0.00373333 0.00914286 0.0256095 0.0337391 0.0181224
internal_weight=9660 1203 304 899 236 8457 335 209 8122 844 217 67 296 68 167 52 548 447 363 69 43 127 89 101 7905 75 84 169 69 294
internal_count=9660 1203 304 899 236 8457 335 209 8122 844 217 67 296 68 167 52 548 447 363 69 43 127 89 101 7905 75 84 169 69 294
is_linear=0
shrinkage=0.08


Tree=4
num_leaves=31
num_cat=0
split_feature=7 39 21 19 39 1 4 4 39 1 8 6 33 33 8 6 5 1 17 8 6 1 25 21 19 19 31 17 33 23
split_gain=201.006 40.3567 19.1434 8.15821 5.95913 3.55099 2.78533 14.1101 2.44492 2.13129 2.35449 1.84904 1.56907 1.61773 1.83356 1.56086 3.08233 1.55448 1.70906 1.50069 1.3417 1.30777 1.18195 1.13132 1.10394 1.13379 1.09844 1.09739 3.30449 1.67462
threshold=17.749400000000005 99.204186518737444 18.158950000000001 19.787800000000001 96.010874953720105 22.500000000000004 20.500000000000004 27.500000000000004 94.515768925961012 2.5000000000000004 1.0106477066210111 0.18391943834379784 -0.58400000000000041 0.040200000000000465 0.26735583742182939 0.27272974107015518 18.109816666666671 13.500000000000002 17.887500000000003 0.25265285549247862 0.17055268971956378 16.500000000000004 18.410200000000007 18.087200000000003 18.314050000000005 18.087200000000003 17.576750000000004 18.243650000000006 0.23139999999999986 18.042600000000004
decision_type=2 2 2 2 2 2 2 2 2 2 2 2 2 2 2 2 2 2 2 2 2 2 2 2 2 2 2 2 2 2
left_child=5 4 -3 -4 -2 8 -7 -8 -1 10 -10 20 19 15 21 17 -17 18 -14 -13 -6 22 23 27 25 -20 -11 29 -29 -15
right_child=1 2 3 -5 11 6 7 -9 9 26 -12 12 13 14 -16 16 -18 -19 24 -21 -22 -23 -24 -25 -26 -27 -28 28 -30 -31
leaf_value=-0.053492472374999808 -0.0030817648457896812 0.0387725924661994 0.039218185769531434 0.099328317499864455 0.019691048622934297 -0.039076594413923547 0.26021387354108272 -0.015817578622188452 0.06300637801669659 -0.014548533166015431 -0.0030117020379432802 0.012936086881453122 0.0045349379542072151 0.031939256386240435 0.021497002166482312 0.024293580945418173 0.012824131122584346 0.011266385945533926 0.013907791620950493 0.0087710496836046446 0.099361618960469231 0.017124974205418426 0.0041853169347726687 0.023622179846976225 0.0066254474578640258 0.013646976493537582 0.010243009492328771 0.017855705667749706 0.002485415174247425 0.024127563411688022
leaf_weight=7679 69 68 216 20 20 126 42 167 38 329 34 37 49 20 63 45 44 110 128 29 21 37 21 44 47 44 42 25 23 23
leaf_count=7679 69 68 216 20 20 126 42 167 38 329 34 37 49 20 63 45 44 110 128 29 21 37 21 44 47 44 42 25 23 23
internal_value=-0.00168944 0.0289077 0.0541053 0.0648814 0.0203871 -0.00604186 0.00202985 0.00769378 -0.00637479 -0.000595939 0.012 0.0222651 0.0214043 0.0203264 0.0254375 0.0175246 0.0270562 0.0152804 0.0185672 0.0332121 0.0388293 0.0293057 0.0325128 0.0352593 0.021589 0.0245581 -0.00304043 0.0403516 0.0486667 0.0310698
internal_weight=9660 1203 304 236 899 8457 335 209 8122 443 72 830 789 723 256 467 89 378 268 66 41 193 156 135 219 172 371 91 48 43
internal_count=9660 1203 304 236 899 8457 335 209 8122 443 72 830 789 723 256 467 89 378 268 66 41 193 156 135 219 172 371 91 48 43
is_linear=0
shrinkage=0.08


Tree=5
num_leaves=31
num_cat=0
split_feature=7 39 21 19 1 1 8 4 4 39 1 31 4 4 7 8 29 5 17 8 4 31 29 17 39 29 1 39 13 8
split_gain=169.26 46.3521 21.7629 8.04545 4.43344 3.12755 2.94884 6.26702 2.37576 2.02628 1.72036 1.65701 3.85708 3.39453 2.21607 1.62334 4.375 1.60273 1.6265 1.14481 1.61397 1.01187 0.989803 0.960974 2.25979 1.5421 1.45977 1.38232 1.03772 1.09552
threshold=17.749400000000005 99.204186518737444 18.158950000000001 19.787800000000001 18.500000000000004 22.500000000000004 0.38094037760049554 20.500000000000004 25.500000000000004 93.288199601477999 2.5000000000000004 18.087200000000003 44.500000000000007 47.500000000000007 18.088358333333336 1.0106477066210111 16.191350000000003 18.077616666666671 17.993150000000004 0.24794906856227689 28.500000000000004 17.576750000000004 17.265850000000004 18.243650000000006 97.399673206092061 18.042600000000004 11.500000000000002 98.353452428746863 18.478250000000003 0.22675513659998517
decision_type=2 2 2 2 2 2 2 2 2 2 2 2 2 2 2 2 2 2 2 2 2 2 2 2 2 2 2 2 2 2
left_child=5 4 -3 -4 11 9 7 -7 -9 -1 15 23 17 -14 -15 16 -11 18 -13 20 -19 -12 -23 27 25 -25 -26 28 29 -2
right_child=1 2 3 -5 -6 6 -8 8 -10 10 21 12 13 14 -16 -17 -18 19 -20 -21 -22 22 -24 24 26 -27 -28 -29 -30 -31
leaf_value=-0.055181092163124959 0.0042642067370232753 0.035670785068903518 0.036080730907968928 0.091382052099875294 -0.017950529332991152 -0.031114351633907234 -0.022117135080976819 0.37172542278442422 0.18323881659497812 -0.021521628747993019 -0.013301056762734334 0.04108862078289327 0.033390137881221839 0.011345244329687245 0.066268569803005412 -0.0027707658749076816 0.11679033794626097 0.0096456927456547818 0.028122109285956876 0.0027526277971893689 0.022410812311997347 -0.0012000356929797818 0.11366858706252227 0.013313616126707629 0.012248176291867233 -0.0033253374134827617 0.0041960951950696509 0.0023568056507724758 0.012435959006466797 0.012964224577455736
leaf_weight=7319 70 68 216 20 55 54 237 20 24 21 647 20 20 22 24 38 24 24 29 58 29 38 35 37 68 27 37 68 45 266
leaf_count=7319 70 68 216 20 55 54 237 20 24 21 647 20 20 22 24 38 24 24 29 58 29 38 35 37 68 27 37 68 45 266
internal_value=-0.00202899 0.0260482 0.0530526 0.0645424 0.0169166 -0.00602294 0.00155224 0.0132245 0.0356364 -0.00633539 -0.00252055 0.0183507 0.0242124 0.0404848 0.0285217 0.00838554 0.0186667 0.0175 0.029551 0.0121802 0.0206792 -0.00377778 0.00515068 0.0162071 0.0213491 0.0095 0.0285714 0.0142717 0.016147 0.014619
internal_weight=9660 1203 304 236 899 8457 335 98 44 8122 803 844 226 66 46 83 45 160 49 111 53 720 73 618 169 64 105 449 381 336
internal_count=9660 1203 304 236 899 8457 335 98 44 8122 803 844 226 66 46 83 45 160 49 111 53 720 73 618 169 64 105 449 381 336
is_linear=0
shrinkage=0.08


Tree=6
num_leaves=31
num_cat=0
split_feature=7 21 39 19 1 1 8 4 7 1 4 33 7 29 15 6 33 7 29 21 7 31 21 25 17 7 23 17 31 7
split_gain=140.607 48.2653 24.8127 9.85615 3.28768 2.79306 2.77712 5.73142 2.11998 1.88417 1.7398 1.58391 2.47891 1.40534 1.923 1.38135 1.28058 1.17317 1.04986 1.82448 1.73262 1.47461 1.41869 1.23377 1.27074 1.2001 1.63714 1.81254 2.13984 1.01954
threshold=17.749400000000005 18.243650000000006 98.532625891611616 19.787800000000001 22.500000000000004 18.500000000000004 0.49197340289098257 20.500000000000004 16.031502500000006 9.5000000000000018 26.500000000000004 0.8744500000000005 16.590805000000003 18.478250000000003 17.887500000000003 0.28295359129099712 -0.76014999999999933 16.71883166666667 18.042600000000004 17.887500000000003 18.089694166666671 18.197700000000005 17.846600000000006 18.042600000000004 18.356750000000002 18.081644166666667 18.478250000000003 18.087200000000003 17.993150000000004 17.222990833333338
decision_type=2 2 2 2 2 2 2 2 2 2 2 2 2 2 2 2 2 2 2 2 2 2 2 2 2 2 2 2 2 2
left_child=4 5 9 -4 8 13 7 -6 -1 -3 -9 16 -13 18 -15 -16 17 -10 21 20 22 23 -20 25 -25 -2 27 -27 -29 -8
right_child=1 2 3 -5 6 -7 29 10 11 -11 -12 12 -14 14 15 -17 -18 -19 19 -21 -22 -23 -24 24 -26 26 -28 28 -30 -31
leaf_value=-0.13950264299808282 0.0087488555480767227 0.017531164950114166 0.033194272435331414 0.082403295530587728 -0.028514836217033802 -0.017775197798693486 -0.078677743833207622 0.33040477360209908 0.17303324940090875 -0.0013292583500782486 0.17167586872270335 0.078439529960102242 -0.0091982633178661483 0.011535258793669538 0.027146388971690753 0.023589987043634356 -0.018440561088902997 -0.010337363621853796 0.021532460897441208 0.0060204504089706101 0.0080568272402918167 0.029970390875870407 0.034736930535659002 0.0092229211721626247 0.013326724791645662 0.01638890858838361 0.0037951381013537006 0.012920812321571367 0.0077439076236609948 0.011137675436737621
leaf_weight=5131 86 36 217 23 59 49 192 26 52 33 20 25 69 29 28 23 2750 95 36 235 36 31 30 166 31 24 23 31 36 38
leaf_count=5131 86 36 217 23 59 49 192 26 52 33 20 25 69 29 28 23 2750 95 36 235 36 31 30 166 31 24 23 31 36 38
internal_value=-0.00233541 0.0232552 0.0505113 0.0626667 -0.00597564 0.0138344 0.00179104 0.0125714 -0.00629599 0.00823188 0.0337391 -0.00460314 0.00561702 0.0149112 0.025 0.0343529 -0.00493476 0.00234013 0.0138562 0.0105163 0.019451 0.016486 0.0271515 0.0151738 0.0106802 0.0196 0.0249825 0.0298022 0.0230448 -0.00313044
internal_weight=9660 1203 309 240 8457 894 335 105 8122 69 46 2991 94 845 80 51 2897 147 765 337 102 428 66 397 197 200 114 91 67 230
internal_count=9660 1203 309 240 8457 894 335 105 8122 69 46 2991 94 845 80 51 2897 147 765 337 102 428 66 397 197 200 114 91 67 230
is_linear=0
shrinkage=0.08


Tree=7
num_leaves=31
num_cat=0
split_feature=7 21 39 19 39 13 2 31 7 4 4 1 27 21 6 6 1 4 4 6 4 4 23 33 1 1 4 25 7 13
split_gain=114.694 50.6141 23.7541 8.95414 3.76844 2.10027 1.46123 2.23993 1.58113 1.4282 4.994 1.99869 1.71454 1.98475 1.51604 1.40168 1.33498 1.43576 5.5386 1.30242 2.57501 1.22508 1.49822 1.37596 1.22383 1.22342 3.72308 1.19452 1.11364 1.04574
threshold=17.749400000000005 18.243650000000006 98.532625891611616 19.787800000000001 93.37900982393144 17.791300000000003 3.5000000000000004 17.531950000000005 16.928115000000002 47.500000000000007 44.500000000000007 2.5000000000000004 18.120150000000006 18.158950000000001 0.20658945453753499 0.29217317706166751 22.500000000000004 20.500000000000004 27.500000000000004 0.20496707447508877 14.500000000000002 16.500000000000004 18.042600000000004 -0.16415000000000021 8.5000000000000018 2.5000000000000004 9.5000000000000018 17.887500000000003 18.087015833333336 18.478250000000003
decision_type=2 2 2 2 2 2 2 2 2 2 2 2 2 2 2 2 2 2 2 2 2 2 2 2 2 2 2 2 2 2
left_child=4 5 24 15 16 -2 25 -8 -9 10 12 -11 13 19 -14 -4 -1 -18 -19 20 -7 22 -16 28 -3 26 -6 -25 -23 -21
right_child=1 2 3 -5 6 9 7 8 -10 11 -12 -13 14 -15 21 -17 17 18 -20 29 -22 23 -24 27 -26 -27 -28 -29 -30 -31
leaf_value=-0.046883370401009761 0.00130053570297913 0.019873477018184319 0.030538730640504923 0.075811031888140853 0.071634629145419612 -7.0271282491768047e-05 -0.00062431283637694234 -0.0021032179737282167 0.10107747805847199 0.17587611985287296 0.02686866367587783 0.0048133903339439375 0.0044901280195183517 0.025397750697196103 0.006693567040113764 0.11741291014462064 -0.053929572171233529 0.16592566236595638 -0.020032433982378441 0.0067908873717711987 0.069940590094534197 0.0073752866421124587 0.021751998082545371 0.0024676274451069157 -0.0012229176820719089 -0.010761727334603392 -0.064274767493357768 0.012657144514630193 -0.0046713099733275342 0.010692377823453105
leaf_weight=7341 117 34 184 23 20 22 170 20 38 29 36 143 45 25 34 33 103 33 117 220 25 22 32 22 35 583 32 57 22 43
leaf_count=7341 117 34 184 23 20 22 170 20 38 29 36 143 45 25 34 33 103 33 117 220 25 22 32 22 35 583 32 57 22 43
internal_value=-0.00258385 0.0205287 0.0484401 0.0603333 -0.00587159 0.0108814 -0.000862111 0.00463158 0.0182069 0.0123861 0.0142149 0.00595349 0.0123866 0.00871642 0.017641 0.0653641 -0.00644088 -0.000727275 0.00426666 0.00696774 0.019234 0.0207831 0.0295758 0.016065 0.00707246 -0.00283465 0.00892308 0.0223797 0.00472727 0.00477566
internal_weight=9660 1203 309 240 8457 894 863 228 58 777 605 172 569 335 234 217 7594 253 150 310 47 189 66 123 69 635 52 79 44 263
internal_count=9660 1203 309 240 8457 894 863 228 58 777 605 172 569 335 234 217 7594 253 150 310 47 189 66 123 69 635 52 79 44 263
is_linear=0
shrinkage=0.08


Tree=8
num_leaves=31
num_cat=0
split_feature=7 39 21 6 39 1 1 1 8 4 25 4 4 33 27 33 7 29 31 1 6 6 6 27 27 21 7 4 1 19
split_gain=94.1601 43.3112 19.7503 8.5737 2.78418 2.06202 1.86285 1.63545 2.21474 2.11503 1.42467 2.37717 4.71256 1.16326 1.56084 1.0778 1.07234 1.13644 1.19041 1.48567 1.01015 0.995459 1.3377 0.941982 1.2496 1.07826 0.933289 1.7441 4.96181 0.897608
threshold=17.749400000000005 99.204186518737444 18.158950000000001 0.29217317706166751 92.674550882683249 7.5000000000000009 18.500000000000004 20.500000000000004 0.2394805331106267 20.500000000000004 18.087200000000003 46.500000000000007 40.500000000000007 0.24155000000000018 18.158950000000001 0.15639999999999968 16.908366666666669 16.191350000000003 16.852650000000001 2.5000000000000004 0.26181387947738893 0.245903857081512 0.21983759049236898 18.120150000000006 17.955650000000002 18.158950000000001 15.721529166666668 54.500000000000007 1.5000000000000002 17.911800000000003
decision_type=2 2 2 2 2 2 2 2 2 2 2 2 2 2 2 2 2 2 2 2 2 2 2 2 2 2 2 2 2 2
left_child=4 6 -3 -4 26 -5 10 16 9 -9 11 12 13 14 15 29 17 -6 19 -19 -20 22 -16 24 -12 -25 -1 -28 -29 -2
right_child=1 2 3 5 7 -7 -8 8 -10 -11 23 -13 -14 -15 21 -17 -18 18 20 -21 -22 -23 -24 25 -26 -27 27 28 -30 -31
leaf_value=-0.13213578353260089 0.01575285031246372 0.029705547360185273 0.028095632189264565 0.13593468825487084 -0.041511290119261392 0.0050417236563280914 -0.015196514018694356 0.0052386216494750941 -0.0019873834432205897 0.29433767435624486 0.0076300763357750089 0.003684847777386327 0.0257097875502891 -0.00080177801328286532 0.0080202535806579451 0.028906186363589163 -0.0099509468846356967 0.10470275105093588 0.32921994920417719 0.080306791000599898 -0.011563296836829091 0.0065268632747403944 0.018304876314859737 0.0098535010049423805 -0.00059838243749109267 -0.0005077173351721642 -0.034020762292366558 0.19452090361399285 -0.033081471609639548 0.010598452841292315
leaf_weight=4857 58 68 183 32 55 21 55 33 196 24 139 103 38 29 33 20 747 23 22 29 54 48 25 93 95 27 2228 30 159 136
leaf_count=4857 58 68 183 32 55 21 55 33 196 24 139 103 38 29 33 20 747 23 22 29 54 48 25 93 95 27 2228 30 159 136
internal_value=-0.00293996 0.0180017 0.0441053 0.0550508 -0.00591889 0.026717 0.00917464 -0.00231953 0.0033834 0.0172632 0.0101043 0.012898 0.0157726 0.0128596 0.01425 0.0103178 -0.00387097 0.00161748 0.00575 0.0150769 -0.000631581 0.0221887 0.0292414 0.00623729 0.00328205 0.012 -0.00650426 -0.0052197 0.00215873 0.00849484
internal_weight=9660 1203 304 236 8457 53 899 1183 253 57 844 490 387 349 320 214 930 183 128 52 76 106 58 354 234 120 7274 2417 189 194
internal_count=9660 1203 304 236 8457 53 899 1183 253 57 844 490 387 349 320 214 930 183 128 52 76 106 58 354 234 120 7274 2417 189 194
is_linear=0
shrinkage=0.08


Tree=9
num_leaves=31
num_cat=0
split_feature=7 39 21 6 7 1 8 7 6 1 8 13 25 21 4 4 29 27 33 39 6 6 6 4 4 23 29 7 5 7
split_gain=82.9267 40.9912 18.7964 11.9911 2.91186 2.30072 2.29822 1.62284 3.51215 1.57297 1.39178 1.34315 1.31717 1.2091 1.22067 3.30492 1.37309 1.14657 1.7018 1.19688 1.10208 1.67202 1.00392 0.97507 2.96359 1.28571 1.10767 0.895844 1.61694 1.45238
threshold=17.749400000000005 99.204186518737444 18.158950000000001 0.29217317706166751 16.13090166666667 20.500000000000004 1.2322522648951775 17.371195000000004 0.27441155743386619 18.500000000000004 0.20778568378296108 14.883000000000001 18.197700000000005 18.410200000000007 46.500000000000007 43.500000000000007 18.042600000000004 18.158950000000001 0.20124999999999996 97.267536175815465 0.245903857081512 0.21482485665727827 0.29217317706166751 11.500000000000002 16.500000000000004 18.197700000000005 18.356750000000002 16.860710833333339 16.335296666666672 16.836251666666673
decision_type=2 2 2 2 2 2 2 2 2 2 2 2 2 2 2 2 2 2 2 2 2 2 2 2 2 2 2 2 2 2
left_child=4 9 22 -4 -1 27 -5 10 -9 12 -7 -12 13 14 15 17 -16 23 19 -19 21 -21 -3 25 -25 -2 -26 28 -6 -30
right_child=1 2 3 6 5 7 -8 8 -10 -11 11 -13 -14 -15 16 -17 -18 18 -20 20 -22 -23 -24 24 26 -27 -28 -29 29 -31
leaf_value=-0.11126088947792255 -0.0042375583688395784 -0.0027635952749190352 0.025847981614123512 0.11854539041277001 -0.058094303643592297 0.27994833587966272 0.005177320499383479 0.11961785175845302 -0.016867073671708803 -0.013980792897198851 0.21236204484716328 -0.010104845864840313 0.0061877586201524726 0.030200957680858176 0.0091520766956563488 0.02291260214446918 -0.0032631462910587402 0.0034188151160775273 0.0010935612556402666 0.0078112366660538345 0.0074824876585288949 0.015149647124817476 0.13732209255006722 0.024905674203116433 0.012008476526337223 0.0077315156434268322 -0.0025310860440777732 -0.015178810714742219 -0.0051433142374156891 0.30288231996935028
leaf_weight=5363 50 48 183 25 275 20 28 36 28 55 22 333 268 27 74 32 53 31 41 20 32 28 20 32 95 20 41 1949 389 42
leaf_count=5363 50 48 183 25 275 20 28 36 28 55 22 333 268 27 74 32 53 31 41 20 32 28 20 32 95 20 41 1949 389 42
internal_value=-0.00304762 0.0166052 0.042 0.052678 -0.00584321 -0.00388882 0.0191698 0.00147608 0.01325 0.0080178 -0.000533335 -0.00169014 0.00887204 0.0110278 0.0102149 0.0122844 0.00333858 0.0102564 0.0156842 0.0208288 0.026 0.0336667 0.00494117 0.00678991 0.0100952 -0.00114286 0.00494117 -0.0047759 -0.00233428 0.000723896
internal_weight=9660 1203 304 236 8457 3094 53 439 64 899 375 355 844 576 549 422 127 390 152 111 80 48 68 238 168 70 136 2655 706 431
internal_count=9660 1203 304 236 8457 3094 53 439 64 899 375 355 844 576 549 422 127 390 152 111 80 48 68 238 168 70 136 2655 706 431
is_linear=0
shrinkage=0.08


Tree=10
num_leaves=31
num_cat=0
split_feature=7 39 21 6 8 39 4 2 4 31 6 6 7 6 31 39 27 4 4 6 27 21 5 5 31 21 21 8 1 29
split_gain=66.5631 30.207 13.3822 10.9964 3.86796 2.88741 2.62461 1.12583 1.13834 1.08428 1.00392 0.87399 1.92 0.87028 1.67461 1.74121 1.45121 1.14783 1.92443 0.99808 1.35313 1.84747 1.911 1.16078 0.868903 0.796763 0.840278 0.762227 1.01213 0.96729
threshold=17.749400000000005 99.204186518737444 18.158950000000001 0.29217317706166751 3.5134649833721672 87.399401373575856 18.500000000000004 3.5000000000000004 6.5000000000000009 17.791300000000003 0.29217317706166751 0.14352761051568508 15.375929166666671 0.28780375698079025 18.275250000000003 98.532625891611616 18.158950000000001 14.500000000000002 17.500000000000004 0.20658945453753499 18.410200000000007 18.087200000000003 18.088356666666673 18.10177666666667 17.724500000000003 18.087200000000003 17.911800000000003 0.22847824698293387 12.500000000000002 17.911800000000003
decision_type=2 2 2 2 2 2 2 2 2 2 2 2 2 2 2 2 2 2 2 2 2 2 2 2 2 2 2 2 2 2
left_child=4 9 10 -4 5 11 -5 -7 -9 -2 -3 12 -1 14 15 16 17 -11 -19 -18 21 22 -21 -22 -10 26 -15 28 -20 -29
right_child=1 2 3 6 -6 7 -8 8 24 13 -12 -13 -14 25 -16 -17 19 18 27 20 23 -23 -24 -25 -26 -27 -28 29 -30 -31
leaf_value=-0.17923605711804355 0.00028435869416359809 -0.0025425076529253742 0.023780143084993599 0.13183061456760842 0.011948168464820413 -0.014995821728624643 -0.0021123855984770601 0.024108510490182079 -0.0053608132003949505 -0.00070178768630221172 0.12633632514606177 -0.11339204651793097 0.18342398602713531 0.002345642330618397 0.025197660774824299 -0.00074515155112473634 0.0030517409578713879 0.022913220896247803 0.098069777335882111 0.0096267335171863304 0.0022554679754294539 0.0089018977411378965 0.011267485056929673 0.0082515708800640596 0.23855131442821154 -0.0015794875703048206 0.0140830261386113 -0.0035775270026251007 0.0034991200213891527 0.0063612287990235539
leaf_weight=48 127 48 183 20 37 2920 33 36 207 92 20 5148 27 48 35 71 45 22 39 23 58 29 33 24 34 37 24 51 29 112
leaf_count=48 127 48 183 20 37 2920 33 36 207 92 20 5148 27 48 35 71 45 22 39 23 58 29 33 24 34 37 24 51 29 112
internal_value=-0.00319669 0.0144106 0.0362105 0.0452203 -0.00570131 -0.00581473 0.0131321 -0.00392118 0.000953067 0.00703893 0.00494117 -0.00697377 0.0016 0.0081658 0.0092549 0.00830573 0.00980969 0.00660869 0.0093913 0.0150189 0.0178683 0.0249412 0.0334286 0.0105366 -0.00102905 0.00154128 0.00644444 0.00723809 0.0143529 0.00426994
internal_weight=9660 1203 304 236 8457 8420 53 3197 277 899 68 5223 75 772 663 628 557 345 253 212 167 85 56 82 241 109 72 231 68 163
internal_count=9660 1203 304 236 8457 8420 53 3197 277 899 68 5223 75 772 663 628 557 345 253 212 167 85 56 82 241 109 72 231 68 163
is_linear=0
shrinkage=0.08


Tree=11
num_leaves=31
num_cat=0
split_feature=7 39 21 6 39 4 8 4 1 6 4 21 1 33 27 33 29 31 1 4 8 4 1 6 4 4 31 8 8 5
split_gain=55.4387 26.3769 12.7021 8.79576 3.37739 2.62461 2.2491 1.11954 1.09748 2.24739 5.35332 1.84365 1.08437 0.984497 1.03186 1.8201 1.08533 0.973738 1.24959 3.2705 5.35714 3.24512 4.67308 1.01646 0.962803 2.30001 1.15335 0.944338 1.23884 1.26172
threshold=17.749400000000005 99.204186518737444 18.158950000000001 0.29217317706166751 87.399401373575856 18.500000000000004 3.5134649833721672 31.500000000000004 22.500000000000004 0.57419832856915154 20.500000000000004 16.929950000000002 18.500000000000004 0.24155000000000018 18.158950000000001 0.19765000000000035 17.791300000000003 17.343850000000003 2.5000000000000004 52.500000000000007 0.39477492758985461 6.5000000000000009 1.5000000000000002 2.983717609755606 14.500000000000002 17.500000000000004 18.275250000000003 0.25044152161473282 0.24266856732989675 18.10177666666667
decision_type=2 2 2 2 2 2 2 2 2 2 2 2 2 2 2 2 2 2 2 2 2 2 2 2 2 2 2 2 2 2
left_child=4 12 7 27 -1 -5 8 -3 17 10 -10 -12 13 14 15 24 -16 18 19 21 -21 22 -6 -19 -2 -26 -27 28 29 -4
right_child=1 2 3 5 6 -7 -8 -9 9 -11 11 -13 -14 -15 16 -17 -18 23 -20 20 -22 -23 -24 -25 25 26 -28 -29 -30 -31
leaf_value=-0.10432068279649656 -0.00060943933020799672 0.28435530569093986 0.021877731638194006 0.12128416540219977 -0.0067358610445589304 -0.0019433947505989679 0.0097058748814964554 -0.0042979538379535609 -0.01843803044150839 -0.042496814536882879 0.029465013084449102 0.24482038358223246 -0.01304998085187219 -0.00058907010906866916 0.010309438092413787 0.019205993202522812 0.0064892665591149822 -0.0033767908609352131 -0.01978112680725758 0.17972476594453413 -0.071427267235726219 -0.045997202504355593 0.10332747593796922 0.23987161267085483 0.027461889049944527 0.0044091646798362846 0.023081444343755947 0.021877731638194006 0.015429825144053382 0.012213730173350257
leaf_weight=5229 129 28 80 20 27 33 31 40 56 78 20 26 55 72 28 26 236 401 2234 21 21 264 25 24 29 303 21 55 25 23
leaf_count=5229 129 28 80 20 27 33 31 40 56 78 20 26 55 72 28 26 236 401 2234 21 21 264 25 24 29 303 21 55 25 23
internal_value=-0.00338717 0.0126816 0.0330526 0.0418305 -0.00567294 0.0131321 -0.00363817 0.00258823 -0.00384611 0.00222222 0.0100392 0.0302609 0.0057931 0.00650237 0.00733679 0.00522834 0.0113939 -0.00420816 -0.00479013 -0.000402237 0.0205714 -0.00318988 0.0150769 -0.000658825 0.00411618 0.00627762 0.00434568 0.0501421 0.046375 0.0502524
internal_weight=9660 1203 304 236 8457 53 3228 68 3197 180 102 46 899 844 772 508 264 3017 2592 358 42 316 52 425 482 353 324 183 128 103
internal_count=9660 1203 304 236 8457 53 3228 68 3197 180 102 46 899 844 772 508 264 3017 2592 358 42 316 52 425 482 353 324 183 128 103
is_linear=0
shrinkage=0.08


Tree=12
num_leaves=31
num_cat=0
split_feature=7 39 21 6 7 4 23 8 8 5 17 6 7 1 31 4 1 33 4 4 4 4 1 4 4 17 29 21 19 31
split_gain=53.2224 26.0483 14.271 8.79576 3.06529 2.62461 1.34673 0.944338 1.23884 1.26172 0.905357 0.887122 1.92 0.886868 0.882864 0.918925 5.50862 0.807354 0.787034 3.92185 0.783516 5.48462 0.773324 0.695931 4.90054 4.225 1.09295 1.20059 1.06767 1.17933
threshold=17.749400000000005 99.204186518737444 18.158950000000001 0.29217317706166751 15.715777500000002 18.500000000000004 12.978900000000001 0.25044152161473282 0.24266856732989675 18.10177666666667 17.993150000000004 0.14352761051568508 15.375929166666671 22.500000000000004 17.155700000000007 54.500000000000007 1.5000000000000002 -1.7411999999999999 20.500000000000004 27.500000000000004 45.500000000000007 44.500000000000007 1.5000000000000002 13.500000000000002 16.500000000000004 18.197700000000005 18.243650000000006 18.120150000000006 18.120150000000006 18.087200000000003
decision_type=2 2 2 2 2 2 2 2 2 2 2 2 2 2 2 2 2 2 2 2 2 2 2 2 2 2 2 2 2 2
left_child=4 20 -3 7 11 -5 -6 8 9 10 -4 12 -1 -13 15 -8 -17 -16 -15 -20 21 23 -22 28 25 -25 27 -26 29 -2
right_child=1 2 3 5 6 -7 14 -9 -10 -11 -12 13 -14 18 17 16 -18 -19 19 -21 22 -23 -24 24 26 -27 -28 -29 -30 -31
leaf_value=-0.15655151792488028 0.0029304207912193968 1.0023319841144796e-05 0.020127513107138385 0.11158143217002366 0.051833241166610443 -0.00178792317055118 -0.026196151826936215 0.020127513107138385 0.014195439132529089 0.011236631759482236 0.014524403850883006 -0.098167029515550161 0.17709572176868421 -0.12474772343173016 0.19068222897494114 0.16619238092659402 -0.025618349694407922 -0.003069835917116875 0.11250761756402607 -0.047370791815649516 0.17970359459502139 0.021365439051576111 -0.00061873415256757469 0.026952993605429704 0.0049608963937053914 0.001674833396317732 -0.001252735272242334 0.0097831048272189018 -0.0023381608662839011 0.0088042920785415518
leaf_weight=48 110 68 56 20 31 33 2548 55 25 23 24 4568 27 63 29 30 227 797 21 68 20 20 183 20 276 20 102 44 76 28
leaf_count=48 110 68 56 20 31 33 2548 55 25 23 24 4568 27 63 29 30 227 797 21 68 20 20 183 20 276 20 102 44 76 28
internal_value=-0.0034617 0.0122826 0.0325263 0.0418305 -0.00570131 0.0131321 -0.00395849 0.0501421 0.046375 0.0502524 0.055 -0.00703233 0.0016 -0.00716949 -0.00410025 -0.00477719 -0.000217901 -0.00180145 -0.0011579 0.00368539 0.00543715 0.00671264 0.00106404 0.00549112 0.00723809 0.034 0.00470142 0.007 0.00171962 0.00591304
internal_weight=9660 1203 304 236 8457 53 3662 183 128 103 80 4795 75 4720 3631 2805 257 826 152 89 899 696 203 676 462 40 422 320 214 138
internal_count=9660 1203 304 236 8457 53 3662 183 128 103 80 4795 75 4720 3631 2805 257 826 152 89 899 696 203 676 462 40 422 320 214 138
is_linear=0
shrinkage=0.08


Tree=13
num_leaves=31
num_cat=0
split_feature=7 39 21 6 4 13 8 19 5 5 1 1 19 4 5 4 1 4 6 6 4 4 19 31 23 1 25 23 13 4
split_gain=44.1966 18.0655 9.79753 6.94907 3.9651 3.66611 2.31312 1.5258 2.50714 1.17972 1.69551 1.16882 0.887458 1.05568 1.303 0.883056 3.75146 0.865457 0.805411 0.769318 0.7392 6.11257 0.992859 1.327 0.857141 0.749395 1.15187 0.827029 0.691571 0.689706
threshold=17.656566666666674 99.204186518737444 18.158950000000001 0.27964170613353562 16.500000000000004 16.072750000000003 3.5134649833721672 17.911800000000003 18.091030000000003 18.08566333333334 11.500000000000002 18.500000000000004 17.306200000000004 16.500000000000004 17.150336666666671 54.500000000000007 1.5000000000000002 14.500000000000002 0.29217317706166751 0.29217317706166751 13.500000000000002 16.500000000000004 18.120150000000006 18.087200000000003 18.120150000000006 5.5000000000000009 18.087200000000003 17.955650000000002 18.158950000000001 28.500000000000004
decision_type=2 2 2 2 2 2 2 2 2 2 2 2 2 2 2 2 2 2 2 2 2 2 2 2 2 2 2 2 2 2
left_child=5 11 18 7 -5 -1 12 8 -4 10 -9 20 15 14 17 29 -17 -14 -3 -16 22 -22 23 -2 25 26 -23 -28 -27 -7
right_child=1 2 3 4 -6 6 -8 9 -10 -11 -12 -13 13 -15 19 16 -18 -19 -20 -21 21 24 -24 -25 -26 28 27 -29 -30 -31
leaf_value=-0.088121665811532635 0.0020008802364407268 -0.0044202922850676493 0.020685670756145868 0.096406309363626125 -0.00081069087112013 -0.011054684936648877 0.011612878690749602 0.017239966519402936 0.0034037368488784359 0.018517312058567371 0.015847774531809817 -0.011683224316206229 -0.033359552515313563 -0.010931771770741942 0.043132767016704356 0.15966176257312584 -0.0086999845794545911 0.0050826254478205657 0.071203329624896533 0.094390582802480222 0.02322919073372157 0.015772354810118204 -0.002123000187185886 0.0081337188133304081 0.0024560823776489365 0.0044375743653704202 -0.0016469496399481459 0.005941184427441599 0.0095981887276290791 -0.017846480019021057
leaf_weight=5227 120 48 39 21 44 1278 30 26 21 62 24 63 76 409 26 22 177 23 22 31 38 62 73 27 230 232 34 23 29 1123
leaf_count=5227 120 48 39 21 44 1278 30 26 21 62 24 63 76 409 26 22 177 23 22 31 38 62 73 27 230 232 34 23 29 1123
internal_value=-0.00350311 0.0106107 0.0274397 0.0352067 0.0129231 -0.00557777 -0.00344288 0.0436279 0.0333333 0.0491429 0.04 0.00506122 -0.00365245 -0.000778763 0.00482051 -0.00427692 0.000844219 -0.000727275 0.00114286 0.0144561 0.00582488 0.00718518 0.00181818 0.00560544 0.0052459 0.00757895 0.0128403 0.00463158 0.00518007 -0.00470138
internal_weight=9660 1238 307 237 65 8422 3195 172 60 112 50 931 3165 565 156 2600 199 99 70 57 868 648 220 147 610 380 119 57 261 2401
internal_count=9660 1238 307 237 65 8422 3195 172 60 112 50 931 3165 565 156 2600 199 99 70 57 868 648 220 147 610 380 119 57 261 2401
is_linear=0
shrinkage=0.08


Tree=14
num_leaves=31
num_cat=0
split_feature=7 31 6 21 39 1 33 17 21 2 6 19 29 4 31 39 39 1 1 39 21 29 27 4 17 6 7 1 1 17
split_gain=40.2421 16.0281 8.66363 8.1773 3.59506 1.65771 1.59764 1.86793 1.89963 1.5495 1.54171 1.50074 1.26243 1.06509 1.02273 1.8629 1.59835 1.24996 0.994734 1.04619 0.976 1.33747 1.67408 1.36111 0.863806 0.851521 1.92 0.848614 0.810253 0.803571
threshold=17.656566666666674 18.275250000000003 0.27964170613353562 18.158950000000001 87.399401373575856 2.5000000000000004 0.080549999999998803 17.993150000000004 18.449000000000002 3.5000000000000004 3.4076744968234549 18.042600000000004 18.356750000000002 18.500000000000004 18.158950000000001 99.376019035475707 98.532625891611616 18.500000000000004 20.500000000000004 93.5682431018584 18.087200000000003 18.410200000000007 18.158950000000001 19.500000000000004 18.356750000000002 0.14352761051568508 15.375929166666671 7.5000000000000009 22.500000000000004 18.120150000000006
decision_type=2 2 2 2 2 2 2 2 2 2 2 2 2 2 2 2 2 2 2 2 2 2 2 2 2 2 2 2 2 2
left_child=4 5 3 -3 10 12 -5 11 -9 -6 25 -8 24 -4 16 -16 17 20 -11 -20 21 22 -7 -23 -2 26 -1 -24 -27 -15
right_child=1 2 13 6 9 14 7 8 -10 18 -12 -13 -14 29 15 -17 -18 -19 19 -21 -22 23 27 -25 -26 28 -28 -29 -30 -31
leaf_value=-0.13697766322596722 0.0059132622376434976 -0.0033145027195777242 0.080859598123931009 0.021009378385158213 -0.011846138848454034 0.0023515298464162324 0.01483889191380015 0.0047016852672490317 0.016446106165333006 -0.0057433643646325125 0.050355356555246589 0.020465582766395301 0.059088635098509708 0.010204688597855005 0.0064451712640532623 0.013399802072420789 -0.0016485794433337647 -0.015732894048322489 0.079339916999457097 0.0088897155541009052 -0.00019261198656642475 0.022279950069037685 0.0062761772609439409 0.0063272602371909807 0.062531602303849965 -0.086183932058328874 0.16997779729211204 0.0063723750203499296 -0.022361091141641806 -0.002068537657842171
leaf_weight=48 83 32 21 21 2906 247 60 24 23 137 21 31 23 42 62 22 127 48 45 108 144 20 35 25 30 4975 27 88 155 30
leaf_count=48 83 32 21 21 2906 247 60 24 23 137 21 31 23 42 62 22 127 48 45 108 144 20 35 25 30 4975 27 88 155 30
internal_value=-0.00350311 0.00996446 0.0266479 0.0363979 -0.00548279 0.0049979 0.0438239 0.0406957 0.0277447 -0.00336921 -0.00677536 0.0473846 0.0131765 0.00662365 0.00363814 0.012 0.0026812 0.0043888 0.00220689 0.00664052 0.00545259 0.00742168 0.00583784 0.0204444 0.00969911 -0.00686263 0.0016 0.0134634 -0.00698636 0.002
internal_weight=9660 1238 284 191 8422 954 159 138 47 3196 5226 91 136 93 818 84 734 607 290 153 559 415 370 45 113 5205 75 123 5130 72
internal_count=9660 1238 284 191 8422 954 159 138 47 3196 5226 91 136 93 818 84 734 607 290 153 559 415 370 45 113 5205 75 123 5130 72
is_linear=0
shrinkage=0.08


Tree=15
num_leaves=31
num_cat=0
split_feature=7 31 6 21 7 33 19 31 21 23 7 4 1 33 29 6 33 8 19 4 4 5 4 29 8 39 6 21 1 29
split_gain=32.2746 12.4774 7.13648 6.10862 3.98926 1.82975 1.84319 1.24675 1.1775 1.35346 1.15617 2.05751 5.31308 1.21338 1.14507 1.06362 0.933595 0.906294 1 0.879479 0.78909 0.718844 0.764133 0.705203 0.723104 0.704731 0.662804 0.659777 1.10656 0.952721
threshold=17.749400000000005 18.275250000000003 0.27964170613353562 18.158950000000001 16.25670666666667 0.080549999999998803 17.955650000000002 17.306200000000004 18.410200000000007 18.087200000000003 16.860710833333339 52.500000000000007 1.5000000000000002 -0.16099999999999956 17.693600000000004 3.4076744968234549 0.8744500000000005 0.2323171153389697 18.042600000000004 20.500000000000004 18.500000000000004 16.320016666666671 1.5000000000000002 18.556400000000004 0.93875597961729362 98.532625891611616 0.19699822056170338 18.087200000000003 17.500000000000004 17.783000000000005
decision_type=2 2 2 2 2 2 2 2 2 2 2 2 2 2 2 2 2 2 2 2 2 2 2 2 2 2 2 2 2 2
left_child=4 8 3 -3 15 -5 19 10 23 -10 11 14 -13 -14 16 -1 -6 -8 -19 -7 -4 -9 -23 24 25 27 -27 28 29 -2
right_child=1 2 20 5 7 6 17 21 9 -11 -12 12 13 -15 -16 -17 -18 18 -20 -21 -22 22 -24 -25 -26 26 -28 -29 -30 -31
leaf_value=-0.07169015288611312 0.01527167309590987 -0.002883261221347278 0.074390830274016662 0.019328628114345488 -0.019245782294661104 0.0048088612211124523 0.0091363170928547895 0.21512148723044811 0.0085006228409486 0.018369634322770886 -0.014270878613713763 0.14022614429686997 0.060046156644340834 -0.032874484936548563 0.016604625050835053 0.020271770425858111 0.047452053673167363 0.01337183709673326 0.020922675123551483 0.015908995347800315 0.0022961413336731957 0.007176076939932211 -0.0012269251419695739 0.015907203183190513 -0.0020126961793825171 0.019405400822828704 -0.00092451725130730843 0.00049200622216091707 -0.0036821082080600309 0.005913658979999941
leaf_weight=5445 26 31 21 21 575 26 33 32 27 23 1725 21 26 47 20 29 24 25 20 33 71 27 486 31 103 20 114 145 58 375
leaf_count=5445 26 31 21 21 575 26 33 32 27 23 1725 21 26 47 20 29 24 25 20 33 71 27 486 31 103 20 114 145 58 375
internal_value=-0.00370187 0.0085586 0.0233167 0.0322116 -0.0054459 0.0385823 0.0352117 -0.00309219 0.00406074 0.016 -0.00386547 -0.00115568 0.00987234 -0.000328769 -0.00283037 -0.00672854 -0.0034591 0.043282 0.0506667 0.0245424 0.00504348 0.000366971 -0.000358676 0.00337614 0.00293936 0.00381572 -0.00143284 0.00498013 0.00646623 0.0079601
internal_weight=9660 1203 281 189 8457 158 137 2983 922 50 2438 713 94 73 619 5474 599 78 45 59 92 545 513 872 841 738 134 604 459 401
internal_count=9660 1203 281 189 8457 158 137 2983 922 50 2438 713 94 73 619 5474 599 78 45 59 92 545 513 872 841 738 134 604 459 401
is_linear=0
shrinkage=0.08


Tree=16
num_leaves=31
num_cat=0
split_feature=39 31 6 21 13 33 2 17 7 8 31 1 1 39 39 4 4 19 8 23 31 13 27 1 27 5 8 33 21 7
split_gain=27.2711 9.33772 7.2285 5.03034 3.66771 1.91353 1.62082 1.50024 1.48073 1.4103 1.15069 1.08603 1.08481 1.86327 1.12944 1.04783 5.02624 1.04715 1.10455 1.0006 0.98596 0.947897 0.929914 0.857004 0.82737 0.828353 0.77071 0.746688 0.917949 0.733285
threshold=95.577759132257981 18.275250000000003 0.27964170613353562 18.158950000000001 16.072750000000003 0.080549999999998803 2.5000000000000004 17.993150000000004 18.086337500000006 2.7120227097824601 17.133600000000005 22.500000000000004 2.5000000000000004 100.69222348726362 98.532625891611616 20.500000000000004 29.500000000000004 18.042600000000004 0.23684175548650863 17.423700000000004 18.158950000000001 12.978900000000001 17.911800000000003 21.500000000000004 18.120150000000006 18.056150000000006 0.2571968413527238 0.20124999999999996 18.087200000000003 16.991082500000005
decision_type=2 2 2 2 2 2 2 2 2 2 2 2 2 2 2 2 2 2 2 2 2 2 2 2 2 2 2 2 2 2
left_child=4 6 3 -3 11 -5 -2 17 -9 10 29 21 13 22 23 -13 -17 18 -7 -11 -16 -1 -8 24 -14 -26 -24 28 -27 -6
right_child=1 2 -4 5 9 7 12 8 -10 19 -12 15 14 -15 20 16 -18 -19 -20 -21 -22 -23 26 -25 25 27 -28 -29 -30 -31
leaf_value=0.072273602175705401 -0.031919003418501485 -0.0028186816043037268 0.0053883831172594192 0.017782337865197943 -0.018325031527544357 0.016648495868231691 0.027639587432298149 0.014511241409140757 0.0030881676805038518 0.00081878834516827979 -0.0012526881290859174 -0.10077807672016519 0.0021521275353621446 0.10525366218734331 -0.0016072944760429989 0.12753289444481425 -0.031641847484773965 0.017154522809620487 0.0099094459549523839 0.16485136081063684 0.010544068745284208 -0.072138668272492434 0.093409062880783114 0.021482742629147095 0.010822387809730626 0.0057053172333102024 -0.0007954894355338924 -0.0030644559159148507 -0.001227016543116846 -0.019127539053815212
leaf_weight=33 102 32 107 21 1194 33 39 23 24 28 754 63 403 25 185 26 63 31 27 20 28 5009 27 27 24 125 56 21 61 1049
leaf_count=33 102 32 107 21 1194 33 39 23 24 28 754 63 403 25 185 26 63 31 27 20 28 5009 27 27 24 125 56 21 61 1049
internal_value=-0.00371015 0.00652498 0.0191141 0.0284398 -0.00547542 0.0342641 0.00318433 0.0308406 0.019234 -0.00327094 -0.00348882 -0.00676781 0.00414495 0.0105034 0.00307551 -0.000105265 0.00548314 0.0368352 0.0306667 0.0103333 -0.00199061 -0.00696867 0.00642623 0.00470802 0.00411356 0.00793073 0.00163855 0.00629952 0.00791398 -0.00439768
internal_weight=9660 1421 298 191 8239 159 1123 138 47 3045 2997 5194 1021 147 874 152 89 91 60 48 213 5042 122 661 634 231 83 207 186 2243
internal_count=9660 1421 298 191 8239 159 1123 138 47 3045 2997 5194 1021 147 874 152 89 91 60 48 213 5042 122 661 634 231 83 207 186 2243
is_linear=0
shrinkage=0.08


Tree=17
num_leaves=31
num_cat=0
split_feature=7 31 6 13 21 33 17 31 15 19 29 25 6 7 8 1 4 4 39 4 4 4 1 27 1 7 5 1 4 4
split_gain=23.8862 8.339 5.12665 4.16398 3.40692 1.89084 1.88217 1.35054 1.32065 1.83267 1.23899 0.964286 0.828094 1.92 0.813346 0.776659 2.95748 1.82014 0.965144 0.815108 1.13383 1.693 1.585 0.857143 0.769724 0.766572 1.60413 1.49588 0.733871 3.73618
threshold=17.749400000000005 18.275250000000003 0.28780375698079025 16.072750000000003 18.158950000000001 0.080549999999998803 17.993150000000004 17.149950000000004 18.120150000000006 17.955650000000002 17.846600000000006 17.325350000000004 0.14352761051568508 15.375929166666671 0.23643006285172372 2.5000000000000004 53.500000000000007 2.5000000000000004 98.532625891611616 28.500000000000004 14.500000000000002 16.500000000000004 22.500000000000004 16.929950000000002 22.500000000000004 16.986109166666669 16.970256666666671 9.5000000000000018 20.500000000000004 29.500000000000004
decision_type=2 2 2 2 2 2 2 2 2 2 2 2 2 2 2 2 2 2 2 2 2 2 2 2 2 2 2 2 2 2
left_child=3 -2 4 12 -3 -6 8 10 9 -7 15 -12 13 -1 -8 16 17 -5 -19 20 -17 23 25 -22 -14 26 -23 -28 -26 -30
right_child=1 2 -4 7 5 6 14 -9 -10 -11 11 -13 24 -15 -16 19 -18 18 -20 -21 21 22 -24 -25 28 -27 27 -29 29 -31
leaf_value=-0.11451314447520133 0.0041040410624024384 0.0024319251817599124 0.0038206482046020409 0.09487519553271509 0.016359750835981998 0.014078400103770329 0.0021788661840085586 -0.0005844155176896106 0.006228302285245204 0.016871975136111505 0.025364857260501843 -0.0082101054722483382 -0.065430922054880228 0.16788587920143158 0.0074587378831092732 -0.023078223109062091 0.12440204470670069 -0.030253107562235579 0.048235211584760129 -0.02074925540545074 0.0064405240604737705 -0.028658168743043978 0.20418145204655994 0.0095530330198381162 -0.092715830582552033 -0.020093460958108777 -0.015812126231694933 0.34602824366887613 0.117330262889229 -0.032038478899701489
leaf_weight=48 922 32 85 20 21 26 22 833 27 43 27 21 4999 27 25 478 36 269 20 1044 21 121 25 21 63 228 24 39 26 67
leaf_count=48 922 32 85 20 21 26 22 833 27 43 27 21 4999 27 25 478 36 269 20 1044 21 121 25 21 63 228 24 39 26 67
internal_value=-0.00385093 0.00669659 0.0187616 -0.00535131 0.0258775 0.0305366 0.0272448 -0.00309142 0.0336667 0.0395362 -0.00405681 0.00866666 -0.0067457 0.0016 0.0141277 -0.00431714 -0.000811596 -0.00333981 -0.00495502 -0.00492154 -0.00323511 -0.000484344 -0.00195881 0.0148571 -0.00686712 -0.00314563 0.00069565 0.0110476 -0.00133334 0.00318279
internal_weight=9660 1203 281 8457 196 164 143 3227 96 69 2394 48 5230 75 47 2346 345 309 289 2001 957 479 437 42 5155 412 184 63 156 93
internal_count=9660 1203 281 8457 196 164 143 3227 96 69 2394 48 5230 75 47 2346 345 309 289 2001 957 479 437 42 5155 412 184 63 156 93
is_linear=0
shrinkage=0.08


Tree=18
num_leaves=31
num_cat=0
split_feature=31 39 21 6 1 13 39 15 29 25 15 1 13 4 27 1 4 4 1 4 4 8 6 7 13 17 31 8 8 6
split_gain=22.4703 5.91861 3.83316 4.49506 2.49816 2.33366 1.54511 1.51344 1.16041 1.04219 1.03128 1.34127 1.16667 0.814881 0.788998 0.746097 0.933333 3.07692 0.728167 1.85697 1.75905 2.99142 0.729055 1.51704 0.681681 1.76346 0.855728 0.685748 1.16439 0.661939
threshold=17.306200000000004 99.204186518737444 18.158950000000001 0.27964170613353562 3.5000000000000004 16.072750000000003 90.602500866761829 18.120150000000006 17.846600000000006 17.325350000000004 17.955650000000002 13.500000000000002 17.955650000000002 15.500000000000002 17.887500000000003 22.500000000000004 20.500000000000004 27.500000000000004 2.5000000000000004 3.5000000000000004 52.500000000000007 0.25143305202697347 0.14352761051568508 15.375929166666671 17.791300000000003 17.783000000000005 18.042600000000004 0.2571968413527238 0.25361907767569841 0.1913205608397521
decision_type=2 2 2 2 2 2 2 2 2 2 2 2 2 2 2 2 2 2 2 2 2 2 2 2 2 2 2 2 2 2
left_child=5 6 -3 4 -4 15 -2 10 -7 -10 14 12 -12 -5 -6 18 -17 -18 19 -1 -21 -22 23 -20 29 26 -26 28 -27 -8
right_child=1 2 3 13 7 8 24 -9 9 -11 11 -13 -14 -15 -16 16 17 -19 22 20 21 -23 -24 -25 25 27 -28 -29 -30 -31
leaf_value=0.10642757014592434 -0.037871099642284689 -0.0027933107251962496 0.017895540390973391 0.07174201654239 0.011734636026501105 -0.011916054424794247 0.015556624172785246 0.0027127865101221672 0.01173367971106525 -0.0082659143938177398 0.0065666799765701301 0.01443240415853287 0.011077517940562984 -0.0024826245017018776 0.005549694059369779 -0.085298564135947857 0.10038219905453331 -0.020415827388332041 -0.10535209291718531 -0.070315313613000682 0.097986536999362162 -0.095470748243890416 -0.060196448290489854 0.15445500886531704 0.0084873839499287809 0.003420970981135116 0.052184965223025605 -0.00086860607517017766 0.14008152735511215 -0.00052255946013417547
leaf_weight=39 122 88 27 24 27 2645 27 26 32 25 21 21 21 56 29 63 20 52 48 522 37 48 4296 27 24 534 23 191 28 517
leaf_count=39 122 88 27 24 27 2645 27 26 32 25 21 21 21 56 29 63 20 52 48 522 37 48 4296 27 24 534 23 191 28 517
internal_value=-0.0039089 0.00413732 0.0136471 0.0186667 0.0259535 -0.00575911 0.00193179 0.0217931 -0.00385492 0.00743859 0.0256134 0.0326349 0.024381 0.003 0.0177143 -0.00675777 -0.000888891 0.00533333 -0.00691569 -0.00440867 -0.00549588 0.00517647 -0.00728621 0.000533331 0.00271428 0.0042 0.019234 0.00326162 0.00466904 0.00052941
internal_weight=9660 1806 340 252 172 7854 1466 145 2702 57 119 63 42 80 56 5152 135 72 5017 646 607 85 4371 75 1344 800 47 753 562 544
internal_count=9660 1806 340 252 172 7854 1466 145 2702 57 119 63 42 80 56 5152 135 72 5017 646 607 85 4371 75 1344 800 47 753 562 544
is_linear=0
shrinkage=0.08


Tree=19
num_leaves=31
num_cat=0
split_feature=31 39 6 21 5 33 19 4 33 6 6 19 15 8 25 4 1 4 8 15 5 5 4 4 6 6 25 19 17 31
split_gain=19.642 5.26291 2.75452 4.34634 2.27196 1.83142 1.58768 1.38404 1.23169 1.20949 1.1858 1.08191 1.25009 2.06289 1.04763 0.939663 3.15339 1.13097 1.10639 1.06523 0.901965 1.06522 0.710583 8.38516 0.705405 0.725251 0.793817 0.697128 0.677583 0.676136
threshold=17.133600000000005 99.204186518737444 0.27964170613353562 18.158950000000001 15.731303333333335 0.080549999999998803 17.149950000000004 11.500000000000002 -0.9933499999999994 0.19991516733044593 0.21719654254977197 17.911800000000003 18.087200000000003 0.23643006285172372 16.741850000000003 55.500000000000007 1.5000000000000002 29.500000000000004 0.20135109186199582 18.517300000000002 17.150336666666671 17.374596666666672 14.500000000000002 15.500000000000002 0.22939114300188604 0.2130382985919996 16.892300000000002 18.642900000000001 16.929950000000002 17.325350000000004
decision_type=2 2 2 2 2 2 2 2 2 2 2 2 2 2 2 2 2 2 2 2 2 2 2 2 2 2 2 2 2 2
left_child=4 6 3 -3 -1 -5 8 -4 -2 -7 -11 -12 13 -13 -8 17 -17 18 -6 20 -20 -22 -16 -24 25 29 -27 -25 -28 -10
right_child=1 2 7 5 15 9 14 -9 24 10 11 12 -14 -15 22 16 -18 -19 19 -21 21 -23 23 27 -26 26 28 -29 -30 -31
leaf_value=-0.057732722173344374 0.22804844585378617 -0.0039968928329400669 0.19201041462526597 0.01046894985842611 0.243706654996796 0.017471336877082057 0.082275732080765926 -0.0022840145415656821 -0.0048840419938251346 -9.2898238000289158e-05 0.0062944895786570696 0.0057443477767497387 0.0032648158059444161 0.011978449961996722 -0.00092653729153423388 0.12739435140088859 -0.011062203939716127 -0.020586449258473749 -0.013192846282252447 0.056395961251404725 0.06491072097048968 -0.0011513554289314088 0.022969968144125108 0.0029844352225787299 -0.005980038727764524 -0.0039772642714853128 0.024404381644817914 -0.0033462443018323078 0.0043757381380705625 0.0046270957137247524
leaf_weight=4978 24 46 22 23 20 21 32 112 68 21 40 20 24 23 290 24 148 1163 1136 27 23 23 23 808 369 23 23 41 21 44
leaf_count=4978 24 46 22 23 20 21 32 112 68 21 40 20 24 23 290 24 148 1163 1136 27 23 23 23 808 369 23 23 41 21 44
internal_value=-0.00396688 0.00284041 0.0117727 0.0173211 -0.00587855 0.0231628 0.00106002 0.00274627 -0.0024056 0.0199195 0.017 0.0204112 0.0266269 0.0347907 0.00272027 -0.00394384 0.00176744 -0.00435452 -0.00266233 -0.00297105 -0.00332995 0.00765217 0.00232702 0.00346789 -0.00318248 0.000938546 0.00752239 0.00217668 0.0138182 -0.003
internal_weight=9660 2118 352 218 7542 172 1766 134 572 149 128 107 67 43 1194 2564 172 2392 1229 1209 1182 46 1162 872 548 179 67 849 44 112
internal_count=9660 2118 352 218 7542 172 1766 134 572 149 128 107 67 43 1194 2564 172 2392 1229 1209 1182 46 1162 872 548 179 67 849 44 112
is_linear=0
shrinkage=0.08


Tree=20
num_leaves=31
num_cat=0
split_feature=39 31 6 19 21 4 25 7 4 5 4 1 1 4 4 21 4 4 5 5 13 8 4 4 4 39 1 1 6 7
split_gain=17.9313 4.96829 3.00005 2.06515 2.04927 1.56822 1.25754 1.22939 1.36836 1.15619 1.30667 4.22357 1.0771 1.5171 2.4518 0.938715 0.956573 2.73553 0.898898 1.40364 1.05412 0.876309 0.859091 0.747353 3.35515 0.720018 1.03523 1.62415 0.684204 1.51704
threshold=93.168025594518625 18.158950000000001 0.27964170613353562 17.306200000000004 18.158950000000001 37.500000000000007 16.867950000000004 18.103780833333335 10.500000000000002 15.729000000000001 54.500000000000007 1.5000000000000002 22.500000000000004 20.500000000000004 29.500000000000004 17.094800000000003 47.500000000000007 44.500000000000007 18.066890000000004 18.10177666666667 17.911800000000003 0.19818595773050848 26.500000000000004 15.500000000000002 14.500000000000002 98.532625891611616 11.500000000000002 10.500000000000002 0.14352761051568508 15.375929166666671
decision_type=2 2 2 2 2 2 2 2 2 2 2 2 2 2 2 2 2 2 2 2 2 2 2 2 2 2 2 2 2 2
left_child=3 6 4 9 5 -3 -2 8 -6 12 21 -12 28 -14 -15 16 17 23 -10 20 -20 -11 -9 24 -5 26 27 -8 29 -1
right_child=1 2 -4 15 7 -7 25 22 18 10 11 -13 13 14 -16 -17 -18 -19 19 -21 -22 -23 -24 -25 -26 -27 -28 -29 -30 -31
leaf_value=-0.092305307709942788 -0.0045658192659032894 -0.0042104616022450485 0.0031668327391701336 -0.011284840322024718 0.00031203270473004419 0.017266032213478222 0.0024623382821519981 0.010585840375108475 0.013132672038174316 0.21681607705570616 0.11212922419832295 -0.013373433965329766 -0.073856061231204542 0.1026414718799333 -0.014007472288013599 -0.013510917340622023 -0.019903910545021688 0.013255573533178132 0.00757326195845902 0.0031092744871798962 0.014537820643772405 -0.017419348330553849 0.0082520915305128451 -0.01399987196399707 0.010537402883628604 -0.0016661435918403223 0.00025859123235638556 0.30687948486107985 -0.053522048125062727 0.14671722592995934
leaf_weight=48 320 58 155 48 28 28 466 20 36 21 30 135 63 27 31 142 41 22 22 21 37 2074 22 100 20 212 658 35 4713 27
leaf_count=48 320 58 155 48 28 28 466 20 36 21 30 135 63 27 31 142 41 22 22 21 37 2074 22 100 20 212 658 35 4713 27
internal_value=-0.00404141 0.0024627 0.0101733 -0.00586794 0.0152353 0.00502325 0.000515669 0.019957 0.0164444 -0.0061699 -0.00467257 0.00218182 -0.00685924 0.000595039 0.00993103 -6.43451e-05 0.00308225 0.00547368 0.0202759 0.025 0.031322 -0.00521241 0.032 0.002 0.00847059 0.00156966 0.00235375 0.00509381 -0.00704762 0.000533331
internal_weight=9660 2118 427 7542 272 86 1691 186 144 7169 2260 165 4909 121 58 373 231 190 116 80 59 2095 42 168 68 1371 1159 501 4788 75
internal_count=9660 2118 427 7542 272 86 1691 186 144 7169 2260 165 4909 121 58 373 231 190 116 80 59 2095 42 168 68 1371 1159 501 4788 75
is_linear=0
shrinkage=0.08


Tree=21
num_leaves=31
num_cat=0
split_feature=39 31 6 7 33 33 7 2 33 1 4 1 4 8 19 4 7 23 33 17 4 4 31 27 13 8 13 21 7 2
split_gain=15.9953 3.83782 2.46492 2.2883 1.97579 1.44279 2.09568 1.06804 0.965783 0.931935 2.03326 6.22222 1.91826 2.85057 0.881949 0.88208 2.21136 0.818028 0.98877 0.767912 1.16188 4.08242 1.52588 1.51752 0.753555 0.7 0.651344 0.617777 0.664662 1.0759
threshold=93.168025594518625 18.158950000000001 0.25865100968715726 16.25670666666667 -1.0000000180025095e-35 0.20124999999999996 18.103780833333335 2.5000000000000004 -1.7411999999999999 2.5000000000000004 5.5000000000000009 1.5000000000000002 54.500000000000007 0.25143305202697347 17.230950000000004 54.500000000000007 16.395680833333341 17.955650000000002 -0.06564999999999975 17.079750000000004 14.500000000000002 16.500000000000004 17.005200000000006 16.900950000000005 17.993150000000004 1.4128903161117352 17.846600000000006 17.094800000000003 16.860710833333339 4.5000000000000009
decision_type=2 2 2 2 2 2 2 2 2 2 2 2 2 2 2 2 2 2 2 2 2 2 2 2 2 2 2 2 2 2
left_child=3 7 4 9 -3 -6 24 -2 25 10 11 -1 -12 -14 15 -10 -17 18 -4 20 -16 -22 -23 -24 -7 -5 -19 28 29 -9
right_child=1 2 17 8 5 6 -8 27 14 -11 12 -13 13 -15 19 16 -18 26 -20 -21 21 22 23 -25 -26 -27 -28 -29 -30 -31
leaf_value=-0.020575030548811473 -0.0058333308465861088 -0.00057779951559174317 0.041061389529086327 0.058695791989145499 0.014213524478760444 0.0069949818283013936 0.0051187042744183361 0.095362818175677697 -0.015454491334828334 -0.046480350803377916 -0.044257717762607784 0.11793371256212623 0.10302661659983414 -0.096074407173316848 -0.027025337967168505 0.10231329557700555 -0.011480101538396157 0.0089957355142212449 0.0087880046034579593 -0.010764314353185773 0.011756237381428586 -0.017927994817664359 0.018519856893207214 0.00027873422969405879 0.011820291017938545 -0.010360729216874452 -0.0025188488526701109 0.0016759795993213729 -0.016147259494110076 -0.06784332199034257
leaf_weight=42 298 48 20 21 40 73 26 34 1629 4675 565 21 27 31 62 31 101 29 68 149 29 78 20 37 35 24 88 1214 117 28
leaf_count=42 298 48 20 21 40 73 26 34 1629 4675 565 21 27 31 62 31 101 29 68 149 29 78 20 37 35 24 88 1214 117 28
internal_value=-0.00405797 0.00208498 0.00886182 -0.00578308 0.0147027 0.0186667 0.0146866 0.000373741 -0.00359835 -0.00667189 -0.00391837 0.00977778 -0.00530337 0.00855172 -0.0038427 -0.00459285 0.00169697 0.00253658 0.00836363 -0.000320002 0.00261947 0.00614634 0.000296294 0.0102456 0.00977778 0.008 -0.00184616 0.00130366 -0.0030838 0.0036129
internal_weight=9660 2118 427 7542 222 174 134 1691 2181 5361 686 63 623 58 2136 1761 132 205 88 375 226 164 135 57 108 45 117 1393 179 62
internal_count=9660 2118 427 7542 222 174 134 1691 2181 5361 686 63 623 58 2136 1761 132 205 88 375 226 164 135 57 108 45 117 1393 179 62
is_linear=0
shrinkage=0.08


Tree=22
num_leaves=31
num_cat=0
split_feature=39 31 13 6 13 33 7 33 21 23 13 7 29 4 4 4 6 7 13 27 29 5 1 39 13 21 27 6 6 1
split_gain=16.2766 3.1914 2.16927 2.00813 1.77755 1.59927 1.30388 1.79291 1.04075 0.758842 1.06151 0.75 0.730683 0.742052 2.18428 0.693259 0.63113 1.51704 0.615832 0.605497 0.588019 0.761269 0.581684 0.817682 0.843398 1.06662 0.957107 0.685315 2.38433 0.650433
threshold=92.674550882683249 18.158950000000001 12.978900000000001 0.25865100968715726 16.144550000000006 -1.0000000180025095e-35 18.106130833333335 0.20124999999999996 17.094800000000003 17.955650000000002 17.911800000000003 17.56838083333334 17.155700000000007 44.500000000000007 46.500000000000007 31.500000000000004 0.14352761051568508 15.375929166666671 17.846600000000006 17.887500000000003 17.993150000000004 18.088356666666673 11.500000000000002 98.353452428746863 16.900950000000005 17.307350000000003 16.867950000000004 0.22939114300188604 0.22070349802433556 8.5000000000000018
decision_type=2 2 2 2 2 2 2 2 2 2 2 2 2 2 2 2 2 2 2 2 2 2 2 2 2 2 2 2 2 2
left_child=2 8 -1 5 16 -3 7 -7 15 10 11 -5 19 -14 -15 -2 17 -4 -11 -6 -9 -22 23 24 -10 26 -26 28 29 -27
right_child=1 3 4 9 12 6 -8 20 22 18 -12 -13 13 14 -16 -17 -18 -19 -20 -21 21 -23 -24 -25 25 27 -28 -29 -30 -31
leaf_value=0.079819577316097248 -0.00033774957366428375 -0.00053157555434429405 -0.08120245502887713 0.030812206069361005 -0.014687186719182375 0.013925246598957795 0.0060000665771150867 0.0045514864206746778 -0.0064941963004819516 0.0081683506726702368 0.030388230388277634 -0.0056394823228117074 -0.0099712334827515188 0.010127077947029446 -0.0098905866031104277 -0.017198047077277883 -0.044327807244816962 0.13869827591983294 -0.0023173409444564967 0.022784567605036558 0.01165741273451012 0.0020614897000585321 -0.0001457716411459748 -0.0012710138749887159 0.00036095302767509427 -0.0022154071627445825 0.028227967124662509 0.0015995751161633259 0.0060873960886458434 0.043923781100060774
leaf_weight=31 247 48 48 20 1561 31 30 66 52 30 41 30 335 23 49 236 5185 27 88 26 27 20 786 166 21 54 31 275 24 52
leaf_count=31 247 48 48 20 1561 31 30 66 52 30 41 30 335 23 49 236 5185 27 88 26 27 20 786 166 21 54 31 275 24 52
internal_value=-0.00401657 0.00173473 -0.00589156 0.00796288 -0.00598181 0.0132613 0.0168276 0.0136667 0.000353908 0.00233493 0.00782417 -1.90735e-09 -0.00394785 -0.000923835 0.00644444 -0.00286543 -0.00675285 0.000533331 -0.00189831 -0.00472338 0.00899115 0.0158298 0.0014182 0.00314074 0.00473084 0.00582932 0.0166154 0.00444444 0.00923077 0.00407547
internal_weight=9660 2375 7285 431 7254 222 174 144 1944 209 91 50 1994 407 72 483 5260 75 118 1587 113 47 1461 675 509 457 52 405 130 106
internal_count=9660 2375 7285 431 7254 222 174 144 1944 209 91 50 1994 407 72 483 5260 75 118 1587 113 47 1461 675 509 457 52 405 130 106
is_linear=0
shrinkage=0.08


Tree=23
num_leaves=31
num_cat=0
split_feature=39 31 7 6 39 33 33 7 2 8 4 1 8 4 6 29 1 4 4 6 21 4 39 23 13 4 4 17 13 25
split_gain=14.2001 3.03689 2.07877 1.88583 1.66455 1.42593 1.18664 1.95647 0.900889 0.88615 1.62998 5.65129 1.8467 1.55556 1.52381 0.978494 0.876494 1.0287 1.90011 0.727914 0.655164 0.696772 0.654875 0.627815 1.26613 0.625541 1.30914 1.29633 0.615832 0.594423
threshold=92.674550882683249 18.158950000000001 15.721529166666668 0.25865100968715726 75.143283985082761 -1.0000000180025095e-35 0.20124999999999996 18.103780833333335 2.5000000000000004 0.38094037760049554 54.500000000000007 2.5000000000000004 0.33255441448800133 12.500000000000002 0.23876717499570263 17.155700000000007 22.500000000000004 20.500000000000004 27.500000000000004 3.4076744968234549 17.094800000000003 4.5000000000000009 90.082109352462723 17.955650000000002 17.911800000000003 14.500000000000002 22.500000000000004 16.867950000000004 17.846600000000006 17.008900000000004
decision_type=2 2 2 2 2 2 2 2 2 2 2 2 2 2 2 2 2 2 2 2 2 2 2 2 2 2 2 2 2 2
left_child=2 8 16 5 -4 -3 -7 -8 -2 10 12 -12 29 -14 -15 -11 -1 -18 -19 20 21 -10 -17 24 -5 -24 -27 -28 -25 -6
right_child=1 3 4 23 9 6 7 -9 19 15 11 -13 13 14 -16 22 17 18 -20 -21 -22 -23 25 28 -26 26 27 -29 -30 -31
leaf_value=-0.041567687905616144 -0.0044981085073584918 -0.00048904950999675454 0.066118638128668708 -0.0014546195858806206 -0.0092038958513101388 0.011962422792543049 0.0064605379683181649 0.0042292026062955177 0.0016926656072493429 -0.02195974045006242 0.10291356967449077 -0.012621912770470986 -0.030595303249249639 0.0024885042578129003 0.15233782263778714 -0.043071419792576011 -0.060682923688852669 0.094133165102288779 -0.0060916337750518516 0.093634466455922244 0.0012136641155196142 -0.01339087919476145 -0.017843382606098791 0.0075148826188567112 0.027957171957215567 0.033359557490685893 0.054723554470980436 -0.012994217146662037 -0.0021319536688998472 -0.015134651207030742
leaf_weight=4719 400 48 39 50 734 40 108 26 21 925 22 79 21 21 21 70 63 21 54 25 1250 248 27 30 41 24 23 52 88 370
leaf_count=4719 400 48 39 50 734 40 108 26 21 925 22 79 21 21 21 70 63 21 54 25 1250 248 27 30 41 24 23 52 88 370
internal_value=-0.00404141 0.00133052 -0.00579273 0.00740603 -0.00388139 0.0125405 0.015908 0.0122985 -1.64628e-05 -0.00414902 -0.00270032 0.0070495 -0.00354413 0.00977778 0.0186667 -0.00578769 -0.0067482 -0.00046377 0.00586666 0.000860102 0.000637259 -0.00294424 -0.000653063 0.00195215 0.00694505 0.00279365 0.00573737 0.000533331 -0.00189831 -0.00430435
internal_weight=9660 2375 7285 431 2428 222 174 134 1944 2389 1268 101 1167 63 42 1121 4857 138 75 1544 1519 269 196 209 91 126 99 75 118 1104
internal_count=9660 2375 7285 431 2428 222 174 134 1944 2389 1268 101 1167 63 42 1121 4857 138 75 1544 1519 269 196 209 91 126 99 75 118 1104
is_linear=0
shrinkage=0.08


Tree=24
num_leaves=31
num_cat=0
split_feature=31 5 39 7 27 15 13 17 4 1 4 5 39 1 4 4 4 4 8 13 7 4 5 13 8 8 5 1 27 27
split_gain=13.6024 2.48491 1.90124 1.3302 1.12781 1.2398 1.08585 1.06681 0.980204 2.32569 1.07024 1.16286 1.10612 0.780492 1.09038 1.19587 0.701331 3.47287 2.0372 1.55222 0.953277 1.11939 0.693678 0.692165 0.687093 2.15492 0.911784 1.49272 0.652115 0.613636
threshold=17.133600000000005 15.731303333333335 99.376019035475707 18.090704166666672 17.955650000000002 17.993150000000004 16.717400000000001 17.911800000000003 55.500000000000007 1.5000000000000002 28.500000000000004 17.150336666666671 93.482598730382847 22.500000000000004 20.500000000000004 27.500000000000004 14.500000000000002 15.500000000000002 0.20687788878947019 16.852650000000001 16.548130000000004 2.5000000000000004 18.133976666666673 18.731750000000002 0.33775997302777855 0.38094037760049554 17.019330000000007 10.500000000000002 17.501900000000003 18.087200000000003
decision_type=2 2 2 2 2 2 2 2 2 2 2 2 2 2 2 2 2 2 2 2 2 2 2 2 2 2 2 2 2 2
left_child=1 13 6 22 5 -5 -2 -6 10 -10 11 16 -13 28 -15 -16 20 19 -19 -18 21 -3 -4 -8 -20 -26 -27 -28 -1 -9
right_child=2 8 3 4 7 -7 23 29 9 -11 -12 12 -14 14 15 -17 17 18 24 -21 -22 -23 -24 -25 25 26 27 -29 -30 -31
leaf_value=-0.038650216598752819 -0.017891810240554275 0.077574344577210186 0.0030612854074685563 0.021893963141533582 0.024948339363010563 0.0074407031833027115 0.00099428832972439825 -0.00099124492618924342 0.092989291070366561 -0.0048915582951678891 -0.014370773357972457 0.031576369110138475 -0.00044485059776746953 -0.055828289793744545 0.086602511894105699 -0.0016868296161232422 0.01199484145918187 0.29795606129857194 -0.01528420793126287 0.0062835032778679155 -0.015084005315264229 -0.010176114285321074 -0.010257394885127016 0.13293317789119799 0.21875990832272077 -0.017441084969349277 -0.012160913015457544 0.35911390518297398 0.051098302613495322 0.029559686995580009
leaf_weight=4829 151 34 159 21 20 28 1622 22 24 148 1212 20 37 63 21 44 23 22 251 22 397 131 31 20 24 168 30 21 21 44
leaf_count=4829 151 34 159 21 20 28 1622 22 24 148 1212 20 37 63 21 44 23 22 251 22 397 131 31 20 24 168 30 21 21 44
internal_value=-0.00403313 -0.00562397 0.00163173 0.00726154 0.0133333 0.0230204 0.000611264 0.00781395 -0.00360063 0.00223256 -0.00402007 -0.00230509 0.0088421 -0.00666613 -0.000500002 0.00676923 -0.00287088 -0.000869877 -0.00272868 0.0204444 -0.00486833 0.000242422 0.00294737 0.00120828 -0.00378948 -0.000757204 -0.00325114 0.00611765 -0.00682887 0.00290909
internal_weight=9660 7542 2118 325 135 49 1793 86 2564 172 2392 1180 57 4978 128 65 1123 561 516 45 562 165 190 1642 494 243 219 51 4850 66
internal_count=9660 7542 2118 325 135 49 1793 86 2564 172 2392 1180 57 4978 128 65 1123 561 516 45 562 165 190 1642 494 243 219 51 4850 66
is_linear=0
shrinkage=0.08


Tree=25
num_leaves=31
num_cat=0
split_feature=31 39 13 17 17 31 25 13 7 15 7 5 19 1 6 33 19 4 4 1 8 4 7 27 29 4 39 8 39 33
split_gain=11.8906 2.79635 1.38478 1.40269 1.12258 1.22828 1.76783 1.70587 1.17386 0.950147 0.948396 1.36342 1.00919 0.979592 0.877607 0.867189 1.63114 0.816322 0.947277 2.23035 4.32297 2.19711 1.10239 0.872227 0.817062 0.910629 2.23538 0.801782 1.0597 0.638187
threshold=17.133600000000005 85.811310028214749 17.344800000000003 16.750600000000002 18.087200000000003 17.993150000000004 18.087200000000003 18.275250000000003 18.090704166666672 18.120150000000006 18.074944166666672 18.08566333333334 18.120150000000006 11.500000000000002 0.18624292284647795 0.52219999999999989 17.307350000000003 28.500000000000004 44.500000000000007 1.5000000000000002 0.25265285549247862 45.500000000000007 17.450372500000004 18.158950000000001 16.093650000000004 6.5000000000000009 90.082109352462723 0.84338032758635817 100.47987982338293 0.32200000000000101
decision_type=2 2 2 2 2 2 2 2 2 2 2 2 2 2 2 2 2 2 2 2 2 2 2 2 2 2 2 2 2 2
left_child=1 -1 14 -4 5 -5 7 9 -9 10 -7 13 -13 -12 -2 -16 -17 23 -19 20 -20 -21 -23 24 25 26 -3 28 -6 -8
right_child=2 17 3 4 27 6 29 8 -10 -11 11 12 -14 -15 15 16 -18 18 19 21 -22 22 -24 -25 -26 -27 -28 -29 -30 -31
leaf_value=-0.040990251883157212 0.0035923448551377956 0.00030582753889836484 0.17857811711183458 0.0012990330923570994 0.00081790014700826037 -0.0016680601094317018 -0.00029945601153110894 0.0074470845190920181 0.037612847221637588 -0.0014976977904328087 0.010831574842139334 0.0044498110531873336 -0.0017397588954338062 0.011097327215102563 -0.0038153320090871731 -0.0016858221438625373 0.10379180096760729 -0.01345851589096536 0.079630967304678141 0.007392459649962632 -0.021078234418582312 -0.01277421724183057 0.0031165176493263215 0.062452418155369289 -0.0073429202313900002 -0.0041165296347279896 0.067488342851800748 -0.0045001623811827089 0.040383373422745186 0.010255232782303168
leaf_weight=4803 27 61 28 430 371 33 120 33 25 43 21 23 37 28 562 128 37 745 31 28 42 553 25 22 1030 182 20 110 21 41
leaf_count=4803 27 61 28 430 371 33 120 33 25 43 21 23 37 28 562 128 37 745 31 28 42 553 25 22 1030 182 20 110 21 41
internal_value=-0.00396688 -0.00545426 0.00132955 0.00285044 0.00247904 0.00427818 0.00744554 0.0117531 0.0237241 0.008 0.0111549 0.0147523 0.00666666 0.0246531 -0.00142175 -0.00194773 0.00315151 -0.00341439 -0.00474157 -0.00258027 0.0106301 -0.00417162 -0.00523184 -0.00197719 -0.00224594 0.00173384 0.00879012 -0.000509962 0.00118367 0.000944097
internal_weight=9660 7542 2118 1364 1336 834 404 243 58 185 142 109 60 49 754 727 165 2739 1424 679 73 606 578 1315 1293 263 81 502 392 161
internal_count=9660 7542 2118 1364 1336 834 404 243 58 185 142 109 60 49 754 727 165 2739 1424 679 73 606 578 1315 1293 263 81 502 392 161
is_linear=0
shrinkage=0.08


Tree=26
num_leaves=31
num_cat=0
split_feature=31 31 19 33 25 25 17 4 4 19 39 4 5 4 31 1 6 1 1 8 1 4 7 8 6 1 4 4 29 4
split_gain=10.126 2.46314 1.44313 1.44023 0.806828 0.860222 0.803167 0.81226 2.18771 4.55562 0.913822 1.25714 0.833896 1.53749 1.23862 1.11113 1.06795 1.05218 0.787605 1.58581 3.71547 3.29896 0.773244 0.759857 1.06771 0.750597 0.793007 1.48205 0.719972 0.940127
threshold=17.079750000000004 15.883650000000001 17.149950000000004 -0.80299999999999805 16.867950000000004 17.230950000000004 18.087200000000003 11.500000000000002 15.500000000000002 18.197700000000005 98.743610121024417 5.5000000000000009 17.05727666666667 44.500000000000007 17.993150000000004 1.5000000000000002 0.25791720907669763 22.500000000000004 2.5000000000000004 0.75571478695027927 1.5000000000000002 53.500000000000007 18.008190833333341 0.84338032758635817 0.32025476947183068 22.500000000000004 20.500000000000004 29.500000000000004 16.322600000000005 11.500000000000002
decision_type=2 2 2 2 2 2 2 2 2 2 2 2 2 2 2 2 2 2 2 2 2 2 2 2 2 2 2 2 2 2
left_child=1 4 3 -2 18 -6 7 10 9 22 -4 -12 13 -10 17 -16 -17 -14 19 20 21 -1 -9 24 -8 -20 -27 -28 29 -3
right_child=2 28 6 -5 5 -7 23 8 12 -11 11 -13 14 -15 15 16 -18 -19 25 -21 -22 -23 -24 -25 -26 26 27 -29 -30 -31
leaf_value=-0.05109445247557283 0.1085841615442099 0.0030706967310796312 -0.0026490659514900928 -0.0030275556664545525 0.028925527042716583 -0.0047048366336633627 0.00047854323497651205 0.016333784635548475 0.0068820090216865012 0.016795979915629193 0.052521633450493911 -0.00035336741563812688 -0.0030704636610548552 0.0061232681278610892 0.019322028099598491 0.0050449013991749562 -0.0010504254074167559 0.10558385014442606 -0.035167195103760776 -0.062002432133685302 0.1086036577320265 0.08029701381213443 -0.0028266182789466079 -0.0048087816491186866 0.048550768203307636 -0.051586808578653914 0.074688934255465023 -0.0063520423327153522 -0.009186731746019916 -0.0051673195539629416
leaf_weight=225 39 138 173 649 20 53 374 20 54 21 20 35 346 32 31 152 119 24 4198 303 38 40 26 124 21 63 26 54 1717 525
leaf_count=225 39 138 173 649 20 53 374 20 54 21 20 35 346 32 31 152 119 24 4198 303 38 40 26 124 21 63 26 54 1717 525
internal_value=-0.00404969 -0.00548108 0.000637166 -0.00241861 -0.00648606 0.00186301 0.00197455 0.00324406 0.00441212 0.0182687 -0.000982458 0.008 0.00318733 0.0106046 0.00223809 0.00603973 0.00439852 -0.000864867 -0.00660926 -0.00390759 0.000184817 -0.00316981 0.00417391 -0.000601158 0.00111392 -0.00698641 -0.00128672 0.004 -0.00336135 -0.00112217
internal_weight=9660 7400 2260 688 5020 73 1572 1053 825 67 228 55 758 86 672 302 271 370 4947 606 303 265 46 519 395 4341 143 80 2380 663
internal_count=9660 7400 2260 688 5020 73 1572 1053 825 67 228 55 758 86 672 302 271 370 4947 606 303 265 46 519 395 4341 143 80 2380 663
is_linear=0
shrinkage=0.08


Tree=27
num_leaves=31
num_cat=0
split_feature=39 31 33 8 13 7 31 4 15 23 4 4 6 4 4 4 15 1 1 7 7 6 21 4 5 39 19 19 23 7
split_gain=9.48985 3.14305 1.04856 0.929448 1.76382 0.781579 0.766647 1.27411 1.548 0.826637 1.23909 1.79592 0.760505 0.679077 0.886219 2.72171 3.48444 1.94401 3.55731 0.841431 0.732768 0.823129 0.658202 0.633626 0.62754 0.610049 0.737801 0.692863 1.08129 0.670944
threshold=85.811310028214749 17.325350000000004 -2.3545999999999991 1.080942558763023 18.681650000000001 15.776860833333336 18.197700000000005 20.500000000000004 18.120150000000006 17.911800000000003 34.500000000000007 44.500000000000007 0.13750458104334617 28.500000000000004 44.500000000000007 45.500000000000007 16.750600000000002 1.5000000000000002 1.0000000180025095e-35 15.714060833333333 15.701987500000001 0.21106807676570202 17.381450000000005 35.500000000000007 16.403270000000003 98.532625891611616 16.938100000000002 17.008900000000004 16.964700000000004 18.100093333333337
decision_type=2 2 2 2 2 2 2 2 2 2 2 2 2 2 2 2 2 2 2 2 2 2 2 2 2 2 2 2 2 2
left_child=2 13 5 4 6 -1 25 -8 9 23 -11 -12 -4 19 -15 16 -16 18 -17 20 -2 -22 -19 -9 -5 26 -3 28 -28 -29
right_child=1 3 12 24 -6 -7 7 8 -10 10 11 -13 -14 14 15 17 -18 22 -20 -21 21 -23 -24 -25 -26 -27 27 29 -30 -31
leaf_value=-0.036463033921140094 -0.00037676009479535957 -0.0059401547779841151 0.0089507812215120462 0.15332950753826441 0.22251256185486654 0.083011791081311376 -0.0014154725072784073 -0.0020954807101821521 -0.0021871707246390536 0.021209155674302382 -0.0024355623528478131 0.013522815513434445 -0.034977612178891206 -0.011009186611009263 -0.003639601465248562 -0.01986302896448993 0.0070710814808709914 -0.010314629417128348 0.075552971658021523 -0.0043359560076776348 0.010515152703343527 -0.0027243028805319907 0.002221533593743631 0.0072404562919342764 -0.0016611478923823069 -0.0016536873911665417 -0.0015169222745133445 0.00078898944844556207 0.0082138245047078447 0.003650716353075012
leaf_weight=22 145 89 38 28 22 38 94 23 42 28 25 36 4790 828 20 36 25 625 33 1298 28 21 34 35 326 129 23 652 26 101
leaf_count=22 145 89 38 28 22 38 94 23 42 28 25 36 4790 828 20 36 25 625 33 1298 28 21 34 35 326 129 23 652 26 101
internal_value=-0.00403313 -0.00149539 -0.00651064 0.00129124 0.00226415 0.004 0.00188488 0.0055689 0.0093545 0.0132245 0.0180674 0.0116721 -0.00664126 -0.00300808 -0.00415241 -0.0022044 0.0168889 -0.00338462 0.0093913 -0.00178016 0.00313402 0.0115918 -0.00472231 0.0057931 -0.00235028 0.000862743 0.00160718 0.00237406 0.0115918 0.00177423
internal_weight=9660 4772 4888 1679 1325 60 1303 283 189 147 89 61 4828 3093 1601 773 45 728 69 1492 194 49 659 58 354 1020 891 802 49 753
internal_count=9660 4772 4888 1679 1325 60 1303 283 189 147 89 61 4828 3093 1601 773 45 728 69 1492 194 49 659 58 354 1020 891 802 49 753
is_linear=0
shrinkage=0.08


Tree=28
num_leaves=31
num_cat=0
split_feature=39 31 15 39 17 29 31 4 4 6 6 4 4 1 4 1 4 5 6 33 29 23 27 31 1 39 4 21 25 31
split_gain=8.50345 1.90088 1.30947 0.998904 0.774874 1.17961 1.04571 1.36576 2.643 1.90139 1.8291 0.884381 2.51476 0.821546 1.13511 0.765379 0.790742 1.01941 0.748167 0.728139 0.668523 0.639659 0.595641 0.583604 0.714261 0.536518 0.734822 0.533412 1.08881 0.905144
threshold=90.90483909241523 17.306200000000004 15.444000000000001 76.487220900015117 17.189100000000007 17.110850000000003 16.964700000000004 10.500000000000002 16.500000000000004 0.23300949548883429 0.20306586990973829 15.500000000000002 12.500000000000002 2.5000000000000004 11.500000000000002 22.500000000000004 20.500000000000004 15.579416666666669 0.14829257700588225 0.065850000000001088 19.979150000000001 17.783000000000005 14.817800000000002 18.197700000000005 1.5000000000000002 98.532625891611616 8.5000000000000018 15.656950000000002 15.965100000000001 15.965100000000001
decision_type=2 2 2 2 2 2 2 2 2 2 2 2 2 2 2 2 2 2 2 2 2 2 2 2 2 2 2 2 2 2
left_child=2 4 15 -4 5 13 11 -8 -9 10 -10 12 -7 14 -2 -1 -17 19 -5 -18 23 -15 -20 25 -25 -3 -27 -24 29 -29
right_child=1 20 3 18 -6 6 7 8 9 -11 -12 -13 -14 21 -16 16 17 -19 22 -21 -22 -23 27 24 -26 26 -28 28 -30 -31
leaf_value=-0.043219442267079841 0.08134904025374505 0.00073153208603477448 0.068380722269423044 0.029890008854138728 -0.0072198607321561714 -0.0042596094478592021 -0.015550177034785938 0.016890126529466708 -0.001661825975396864 -0.0011857611540527114 0.012609880101304401 -0.01088150085139109 0.0094326038528308922 -0.0057998621120455198 -0.011117408014139485 -0.065171735670027015 0.019462404955842498 -0.12232141771617876 0.0037966429378981392 0.072626612412566377 -0.0064164942636683554 0.01281862786762227 -0.025983672838647585 0.017459459445403613 0.0025385959689625047 0.032957909548100191 -0.0029404235596806085 -0.0064298472600119233 -0.017523314504062443 0.0022514631837380968
leaf_weight=3630 23 1074 39 22 587 46 43 22 21 74 29 169 22 808 25 48 22 23 35 20 50 23 954 30 345 22 156 307 845 146
leaf_count=3630 23 1074 39 22 587 46 43 22 21 74 29 169 22 808 25 48 22 23 35 20 50 23 954 30 345 22 156 307 845 146
internal_value=-0.00395031 -0.00084954 -0.0057672 -0.0042862 -0.00258774 -0.00150192 0.00195305 0.00639153 0.0100822 0.00554839 0.0176 -0.0015865 0.00611765 -0.00317634 0.007 -0.00669623 -0.000212391 0.00553846 -0.00450065 0.0129524 0.00111151 -0.00376414 -0.00464189 0.00139152 0.00416 0.000562298 -0.00350562 -0.00480284 -0.00374731 -0.000582783
internal_weight=9660 3569 6091 2348 1892 1305 426 189 146 124 50 237 68 879 48 3743 113 65 2309 42 1677 831 2287 1627 375 1252 178 2252 1298 453
internal_count=9660 3569 6091 2348 1892 1305 426 189 146 124 50 237 68 879 48 3743 113 65 2309 42 1677 831 2287 1627 375 1252 178 2252 1298 453
is_linear=0
shrinkage=0.08


Tree=29
num_leaves=31
num_cat=0
split_feature=39 31 8 6 8 7 8 1 8 4 4 19 23 15 5 1 1 4 4 5 27 15 6 6 33 39 1 4 8 4
split_gain=8.53044 2.50359 2.24588 1.05916 0.852715 1.01075 0.930123 1.78337 1.96923 0.776963 1.02767 0.963211 0.7621 0.93162 0.716339 0.677554 0.62164 0.720855 1.7926 0.611218 0.592312 0.797976 0.849245 0.576208 0.562165 1.00867 0.545764 2.08179 6.39027 2.69671
threshold=85.166394316659094 17.133600000000005 0.19072570058995553 3.4076744968234549 0.24121532617081695 18.095735833333336 0.93875597961729362 2.5000000000000004 0.25143305202697347 46.500000000000007 44.500000000000007 17.363700000000005 16.787500000000005 17.005200000000006 18.10177666666667 20.500000000000004 22.500000000000004 20.500000000000004 29.500000000000004 18.10177666666667 17.005200000000006 17.783000000000005 0.18968375959226322 2.983717609755606 0.12080000000000092 100.47987982338293 2.5000000000000004 50.500000000000007 0.31244708482810529 6.5000000000000009
decision_type=2 2 2 2 2 2 2 2 2 2 2 2 2 2 2 2 2 2 2 2 2 2 2 2 2 2 2 2 2 2
left_child=3 2 -2 16 9 14 7 8 -7 10 12 -12 -3 -14 23 20 -1 -18 -19 -9 -15 -22 -23 -6 -8 -26 27 29 -29 -4
right_child=1 4 26 -5 5 6 24 19 -10 -11 11 -13 13 15 -16 -17 17 18 -20 -21 21 22 -24 -25 25 -27 -28 28 -30 -31
leaf_value=-0.034425025189403873 0.03861937855850827 0.0056770740280383224 0.039286959392046551 0.056913493178730512 -0.00085449820583009828 -0.001711367637835639 -0.002741942990905692 0.0013756186793038941 0.20184701948593117 -0.0021130743880011672 0.00034695170187682193 0.011391523794967572 -0.0035974825039222641 0.0045585020334333462 -0.0041002671906676157 0.087383530688616692 -0.044119904502105955 0.071984931516754683 -0.0081763948294033637 -0.0033460343234972857 -0.0061202112749554772 0.051501091072052509 0.002357153284924844 0.12520260459656091 0.0018511968878404926 -0.0018481619579418654 -0.0069716780934189473 0.073190418679873331 -0.042919906118498691 -0.013163837585088118
leaf_weight=4452 25 22 64 20 711 20 87 37 32 160 26 23 110 34 178 31 59 24 59 58 44 39 348 32 27 20 2532 27 40 319
leaf_count=4452 25 22 64 20 711 20 87 37 32 160 26 23 110 34 178 31 59 24 59 58 44 39 348 32 27 20 2532 27 40 319
internal_value=-0.00388406 -0.00161078 -0.00307815 -0.00637018 0.00055321 -0.000811982 0.0033879 0.00778231 0.0196923 0.00251374 0.00369867 0.0148571 0.00282802 0.00229703 -0.00209338 0.00377419 -0.00645015 -0.00123944 0.00356626 0.00126316 0.00301075 0.00220881 0.00336951 -0.00100135 -0.00143284 0.00561702 -0.00327834 -0.000711113 0.0122985 -0.00298695
internal_weight=9660 5046 3007 4614 2039 1202 281 147 52 837 677 49 628 606 921 496 4594 142 83 95 465 431 387 743 134 47 2982 450 67 383
internal_count=9660 5046 3007 4614 2039 1202 281 147 52 837 677 49 628 606 921 496 4594 142 83 95 465 431 387 743 134 47 2982 450 67 383
is_linear=0
shrinkage=0.08


Tree=30
num_leaves=31
num_cat=0
split_feature=39 21 19 29 31 33 5 4 4 4 19 39 17 21 4 1 5 6 23 25 6 27 17 8 23 39 1 29 7 4
split_gain=8.44367 1.80613 1.00126 1.2277 1.56294 1.5464 1.125 1.0156 0.916219 3.32644 0.907042 0.74496 0.88695 0.780992 0.833439 0.826915 0.718562 0.782295 0.817775 0.702573 0.745654 0.867889 1.41075 0.936179 0.930853 0.876743 0.936564 0.643102 1.12533 0.672364
threshold=85.56851503225387 17.155700000000007 17.228650000000005 15.816150000000002 15.935150000000002 0.34480000000000027 15.719810000000001 1.5000000000000002 45.500000000000007 44.500000000000007 15.736050000000002 92.060630276994956 18.087200000000003 17.191450000000007 22.500000000000004 16.500000000000004 15.204650000000003 0.22034220230857529 15.656950000000002 18.087200000000003 0.18624292284647795 17.955650000000002 17.783000000000005 0.24028468717416576 18.410200000000007 99.587003264888509 13.500000000000002 15.699150000000001 15.712914166666668 4.5000000000000009
decision_type=2 2 2 2 2 2 2 2 2 2 2 2 2 2 2 2 2 2 2 2 2 2 2 2 2 2 2 2 2 2
left_child=10 2 3 4 27 6 -6 -5 9 -4 -1 -3 13 14 -13 19 -12 18 -18 20 -15 -22 -23 25 -25 26 -24 29 -29 -2
right_child=1 11 8 7 5 -7 -8 -9 -10 -11 16 12 -14 15 -16 -17 17 -19 -20 -21 21 22 23 24 -26 -27 -28 28 -30 -31
leaf_value=-0.031727886091264285 0.016890534462829083 -0.011180389544867391 0.0012043204043876343 0.024845284399811499 0.010578964259047223 -0.0016735760738106488 0.0016096582208806893 -0.0093332896137632744 -0.011521302445167443 0.007197605397057205 0.11755146649242525 -0.0064303003563637752 -0.0011980768987108819 0.013962955639219446 0.058762384559809998 -0.00055669195191286212 -0.003931116793546692 -0.016481921527639939 0.0078089149875828828 -0.00034491379010506256 0.00048575494509453727 0.083074909017014739 0.014525856324173247 -0.0022848392325135968 0.0015943597204391216 -0.00088253964396688936 0.0024503474313436967 0.0071419039120896293 -0.010557456315431858 -0.0089482265768670438
leaf_weight=4349 25 130 307 24 36 86 36 1907 107 28 20 22 546 29 32 399 140 250 38 270 400 23 33 61 22 23 20 20 27 250
leaf_count=4349 25 130 307 24 36 86 36 1907 107 28 20 22 546 29 32 399 140 250 38 270 400 23 33 61 22 23 20 20 27 250
internal_value=-0.0038675 -0.00151841 -0.00281248 -0.00345417 0.000166665 0.00668354 0.0153333 -0.00435422 0.000687781 0.00274627 -0.00624891 0.000318406 0.000723402 0.00183508 0.0112593 0.0014375 -0.00282143 -0.00351402 0.000539324 0.0028059 0.00430769 0.00368385 0.00826373 0.0055849 -0.000289159 0.012 0.0176604 -0.00303106 0.00561702 -0.00450909
internal_weight=9660 4863 2853 2411 480 158 72 1931 442 335 4797 2010 1880 1334 54 1280 448 428 178 881 611 582 182 159 83 76 53 322 47 275
internal_count=9660 4863 2853 2411 480 158 72 1931 442 335 4797 2010 1880 1334 54 1280 448 428 178 881 611 582 182 159 83 76 53 322 47 275
is_linear=0
shrinkage=0.08


Tree=31
num_leaves=31
num_cat=0
split_feature=21 6 13 27 13 6 27 6 31 19 33 17 6 6 6 15 6 6 1 1 6 31 27 33 25 39 39 29 19 6
split_gain=7.7091 2.03218 1.56711 1.06472 0.776814 0.65724 1.05113 1.96235 1.44129 1.05394 0.889474 0.616257 0.631708 0.672279 0.950753 1.09091 1.21212 0.773185 0.679559 0.61183 0.981818 0.606841 0.659375 0.606127 0.784002 0.947089 0.876587 0.570946 0.565804 1.08432
threshold=15.780700000000001 3.4076744968234549 17.344800000000003 17.133600000000005 17.363700000000005 0.23075856749914891 15.557500000000003 0.18484562425502007 15.935150000000002 17.325350000000004 0.075199999999998837 18.087200000000003 0.28780375698079025 0.21433437131324515 0.23300949548883429 18.087200000000003 0.22279047149827502 0.26519764949288638 4.5000000000000009 22.500000000000004 0.57419832856915154 18.605250000000002 17.955650000000002 0.39524999999999993 16.892300000000002 87.66285977344829 94.924958700788707 17.887500000000003 15.763450000000002 0.1965798950581138
decision_type=2 2 2 2 2 2 2 2 2 2 2 2 2 2 2 2 2 2 2 2 2 2 2 2 2 2 2 2 2 2
left_child=1 28 3 5 -4 6 7 -2 -9 23 -11 21 13 -13 15 16 -15 -16 -19 27 -21 -6 -23 -8 25 -25 -26 -7 -1 -30
right_child=2 -3 4 -5 11 19 9 8 -10 10 -12 12 -14 14 17 -17 -18 18 -20 20 -22 22 -24 24 26 -27 -28 -29 29 -31
leaf_value=-0.028793058854355659 0.0074384630292543552 0.090722004528898323 0.0049688980989050684 -0.0074379750009728567 0.0005308543379114088 -0.005724973688995323 -0.0046296748522431123 -0.0059832862731302814 0.0049679412419618534 0.0083923194174158663 -0.0019368548200207193 -0.0021422752468555802 -0.0052702055898269711 0.00036685556437817985 -0.0013460429331888315 -0.0037702662214665378 0.013685765460127888 0.11703388199672493 -0.00082230421137080708 0.050384432821169958 -0.046624186648201345 0.055550004025709032 -0.00051577456407401882 0.0035731941680242057 0.0080343125088915834 -0.0053825488939341515 -0.0060724326840049135 0.0034860118235570648 0.003311711265965423 -0.014783174679599297
leaf_weight=4458 22 27 20 752 1022 1152 807 53 31 40 36 89 185 24 163 22 20 21 37 33 22 23 26 23 24 72 21 32 81 322
leaf_count=4458 22 27 20 752 1022 1152 807 53 31 40 36 89 185 24 163 22 20 21 37 33 22 23 26 23 24 72 21 32 81 322
internal_value=-0.00395031 -0.00618331 -0.00166304 -0.00271795 0.000329296 -0.00188514 -0.00048893 0.00709434 0.00152381 -0.00127468 0.00778947 0.000137253 -0.0020107 -0.000127661 0.0017561 0.0101818 0.0174545 -0.000760183 0.00717241 -0.00315739 0.00509091 0.00126237 0.00995918 -0.00200211 0.00285714 -0.00126316 0.0115556 -0.00354054 -0.00630488 -0.00343425
internal_weight=9660 4888 4772 3120 1652 2368 1129 106 84 1023 76 1632 561 376 287 66 44 221 58 1239 55 1071 49 947 140 95 45 1184 4861 403
internal_count=9660 4888 4772 3120 1652 2368 1129 106 84 1023 76 1632 561 376 287 66 44 221 58 1239 55 1071 49 947 140 95 45 1184 4861 403
is_linear=0
shrinkage=0.08


Tree=32
num_leaves=31
num_cat=0
split_feature=31 39 6 7 21 31 8 7 19 1 4 4 17 19 1 4 1 4 8 4 4 25 8 1 17 4 1 4 4 21
split_gain=7.88118 1.66949 0.963074 1.17245 1.05468 0.95146 1.10238 1.27675 0.839683 0.807031 0.936604 1.37077 0.726528 0.710697 0.683202 2.47815 4.51339 1.75556 2.64 0.648448 6.50423 0.648067 0.618289 0.776479 0.590931 0.613316 1.77908 1.00296 1.47522 0.771811
threshold=15.699150000000001 92.674550882683249 0.21482485665727827 15.74930416666667 15.971400000000001 16.892300000000002 0.35169808135361541 17.000222500000003 15.586 22.500000000000004 20.500000000000004 29.500000000000004 14.784150000000002 17.189100000000007 2.5000000000000004 5.5000000000000009 1.5000000000000002 54.500000000000007 0.25143305202697347 13.500000000000002 15.500000000000002 16.817100000000003 0.19624244981891506 6.5000000000000009 19.886300000000002 47.500000000000007 1.5000000000000002 44.500000000000007 45.500000000000007 18.197700000000005
decision_type=2 2 2 2 2 2 2 2 2 2 2 2 2 2 2 2 2 2 2 2 2 2 2 2 2 2 2 2 2 2
left_child=9 2 3 4 22 -5 -7 -8 -6 14 -11 -12 -13 -4 15 16 -1 -17 -19 -15 -21 -16 -2 -24 25 27 -27 -3 -29 -30
right_child=1 24 13 5 8 6 7 -9 -10 10 11 12 -14 19 21 17 -18 18 -20 20 -22 -23 23 -25 -26 26 -28 28 29 -31
leaf_value=-0.0056739121230219396 0.034018087481508127 7.9587965396494471e-05 -0.0079112007274238748 -0.013408490348678952 0.00014226932057268175 -0.0018505740372122428 0.17445837978588191 -0.0028472953900661258 0.0076803398752262548 -0.035748636546287717 0.068989579462454306 0.0070271179013823362 -0.034921323914640527 -0.014550146362752352 -0.026233036441484964 -0.043444730183913115 0.12020109358559325 0.12025182981485159 -0.065283600452538768 0.015922464963364209 -0.0051007860331097445 0.0014744414109685181 0.0041191578091471694 -0.0047947921304155299 -0.010163527824168432 0.1087798589828886 -0.0038021508684406326 0.010843145375326392 -0.0022890333428939457 0.0085214347391429253
leaf_weight=34 33 1672 1498 378 21 180 24 23 24 60 25 22 39 78 3941 458 21 25 30 22 225 58 23 130 58 24 413 35 66 20
leaf_count=34 33 1672 1498 378 21 180 24 23 24 60 25 22 39 78 3941 458 21 25 30 22 225 58 23 130 58 24 413 35 66 20
internal_value=-0.00384265 -0.00161229 -0.00297556 -0.000727275 0.00412121 -0.00257851 0.00151542 0.0124255 0.0151111 -0.00618375 -0.000328769 0.00502325 -0.00144262 -0.00400658 -0.00637092 -0.00377465 0.0123636 -0.00550488 0.008 -0.000615387 0.00139271 -0.00673969 0.00146236 -0.00067974 -2.79739e-05 0.00017937 -0.00250801 0.000834354 0.00786777 0.00223256
internal_weight=9660 4947 2659 836 231 605 227 47 45 4713 146 86 61 1823 4567 568 55 513 55 325 247 3999 186 153 2288 2230 437 1793 121 86
internal_count=9660 4947 2659 836 231 605 227 47 45 4713 146 86 61 1823 4567 568 55 513 55 325 247 3999 186 153 2288 2230 437 1793 121 86
is_linear=0
shrinkage=0.08


Tree=33
num_leaves=31
num_cat=0
split_feature=21 39 19 1 4 5 31 25 31 33 6 6 29 5 6 29 23 4 1 4 4 39 1 4 39 31 5 31 27 1
split_gain=7.53654 1.36167 0.800692 0.726261 0.770893 1.00987 0.758752 0.713579 1.29753 1.53815 1.79649 1.51958 1.04714 0.630835 0.706176 0.78476 1.03886 0.591999 0.882894 0.611551 2.61295 0.871371 0.71882 1.57341 0.640122 0.594937 0.813375 0.837439 0.673121 0.672402
threshold=15.662100000000001 92.674550882683249 15.692450000000003 22.500000000000004 20.500000000000004 15.589050000000002 14.576500000000001 15.965100000000001 15.935150000000002 0.06900000000000174 0.57419832856915154 0.17849896722546155 15.621500000000003 15.277683333333336 0.21482485665727827 15.699150000000001 15.656950000000002 47.500000000000007 1.5000000000000002 14.500000000000002 15.500000000000002 101.58591570643874 22.500000000000004 28.500000000000004 101.85834637379911 18.197700000000005 18.096416666666673 18.356750000000002 16.964700000000004 12.500000000000002
decision_type=2 2 2 2 2 2 2 2 2 2 2 2 2 2 2 2 2 2 2 2 2 2 2 2 2 2 2 2 2 2
left_child=2 7 3 -1 -5 6 -6 8 11 10 -10 12 -2 -4 15 -15 -17 19 -19 24 -21 22 25 -24 -3 28 29 -28 -22 -27
right_child=1 17 13 4 5 -7 -8 -9 9 -11 -12 -13 -14 14 -16 16 -18 18 -20 20 21 -23 23 -25 -26 26 27 -29 -30 -31
leaf_value=-0.027707565749241072 -0.002713249450802009 -0.0013670082904363114 0.096188057199850033 -0.039819791958487512 -0.00085556734477847845 -0.094196445933461437 0.050046078919693947 -0.0065708999978737349 0.011004225267243928 7.8463211111769421e-05 -0.0080069564487149462 -0.0072769625587818859 0.028452755116262059 -0.017493658911574048 -0.01249161358216053 -4.9040712428909328e-05 0.035930042859015458 0.10007747026425751 -0.0034991631781772477 0.013768603597705032 0.0028266350298373345 -0.020131239099198128 0.19120878174621594 -0.0077072686428886076 0.084998764175801642 0.0013416038503515589 0.0058300077430646201 -0.00055405799981580301 -0.00065401008800385877 0.008307304331719027
leaf_weight=4015 31 539 22 54 21 27 29 2075 30 144 27 393 24 91 256 76 23 24 417 33 239 101 20 26 33 53 28 81 684 44
leaf_count=4015 31 539 22 54 21 27 29 2075 30 144 27 393 24 91 256 76 23 24 417 33 239 101 20 26 33 53 28 81 684 44
internal_value=-0.00384265 -0.00170591 -0.00617946 -0.00653353 -0.000671758 0.00446753 0.0112 -0.00291924 -0.000604008 0.00473632 0.0158596 -0.003 0.00945454 -0.00304274 -0.00369507 -1.90735e-09 0.00492929 -0.000282517 -0.00292064 0.00033599 0.00128953 0.000714732 0.00132766 0.0111304 -0.00184616 0.000928253 0.00481553 7.33926e-05 6.06698e-05 0.0101443
internal_weight=9660 5046 4614 4146 131 77 50 2724 649 201 57 448 55 468 446 190 99 2322 441 1881 1309 1276 1175 46 572 1129 206 109 923 97
internal_count=9660 5046 4614 4146 131 77 50 2724 649 201 57 448 55 468 446 190 99 2322 441 1881 1309 1276 1175 46 572 1129 206 109 923 97
is_linear=0
shrinkage=0.08


Tree=34
num_leaves=31
num_cat=0
split_feature=21 13 13 6 27 19 4 1 33 1 4 4 8 4 4 23 27 27 33 19 4 4 29 17 23 29 5 23 27 8
split_gain=7.42015 1.35295 0.792751 0.712714 0.706323 0.876473 0.705572 2.97394 0.768161 0.688266 0.814624 1.51843 0.62149 0.557727 1.86543 1.07971 0.847223 1.11459 0.706264 0.625 0.5362 4.06316 1.67348 0.533558 0.728581 1.29776 1.11853 0.567364 0.552973 0.925926
threshold=15.662100000000001 17.344800000000003 17.363700000000005 3.4076744968234549 17.191450000000007 16.9785 53.500000000000007 1.5000000000000002 -0.1033999999999997 22.500000000000004 20.500000000000004 29.500000000000004 0.19162589776512315 46.500000000000007 44.500000000000007 17.207200000000004 17.071750000000005 16.775850000000002 -0.11379999999999944 17.363700000000005 12.500000000000002 15.500000000000002 17.363700000000005 18.087200000000003 17.079750000000004 16.892300000000002 17.062836666666673 17.724500000000003 17.791300000000003 0.38094037760049554
decision_type=2 2 2 2 2 2 2 2 2 2 2 2 2 2 2 2 2 2 2 2 2 2 2 2 2 2 2 2 2 2
left_child=3 4 -3 9 5 6 8 -8 -2 -1 -11 -12 -10 14 15 20 17 -17 -19 -16 -7 22 -22 24 25 -4 -27 -26 29 -29
right_child=1 2 23 -5 -6 13 7 -9 12 10 11 -13 -14 -15 19 16 -18 18 -20 -21 21 -23 -24 -25 27 26 -28 28 -30 -31
leaf_value=-0.023709803122678039 -0.011365906446411072 0.0045876577644207188 -0.0053146609632834397 0.081320416494615883 -0.0061333859398631655 -0.0067963908812987885 0.070383655562643935 -0.0072703322285377235 0.020245299116587647 -0.032248494745341312 0.059466726791882384 -0.0037234719330034695 -0.0025674356898426889 -0.0081519718967955485 0.0011825111975912956 -0.0038168710294112073 -0.0052162542304504825 0.0023877479890137272 0.12434813179628015 0.011345710822182694 0.0064333851469911751 -0.0058431091870569272 0.0065861527634635221 -0.0010770373097139406 -0.0028964277943825233 0.18575626678225593 0.0033082659374838808 0.010671708742536755 0.00045382092330259986 -0.0014689938414035727
leaf_weight=4443 626 20 51 27 660 154 33 157 27 59 25 60 1121 147 20 27 27 22 34 20 24 272 20 562 274 27 26 54 587 54
leaf_count=4443 626 20 51 27 660 154 33 157 27 59 25 60 1121 147 20 27 27 22 34 20 24 272 20 562 274 27 26 54 587 54
internal_value=-0.00382609 -0.00170591 0.000169182 -0.00614478 -0.00262106 -0.00205346 -0.00294909 0.00168421 -0.00344532 -0.00622106 -0.00077778 0.00423529 -0.00221603 0.000239894 0.00129032 0.000137929 0.00727273 0.0112771 0.0177143 0.018 -0.00153192 0.000354428 0.0229091 -2.44667e-05 0.00102143 0.00738461 0.0161509 0.000338491 0.00155395 0.00681481
internal_weight=9660 5046 1655 4614 3391 2731 1964 190 1774 4587 144 85 1148 767 620 580 110 83 56 40 470 316 44 1635 1073 104 53 969 695 108
internal_count=9660 5046 1655 4614 3391 2731 1964 190 1774 4587 144 85 1148 767 620 580 110 83 56 40 470 316 44 1635 1073 104 53 969 695 108
is_linear=0
shrinkage=0.08


Tree=35
num_leaves=31
num_cat=0
split_feature=31 39 27 39 8 8 6 8 1 4 13 19 21 4 4 8 31 6 8 6 15 15 7 21 6 19 31 27 29 15
split_gain=7.22436 1.49122 0.590444 0.671102 0.602422 0.643749 0.814714 1.3131 1.11384 2.01349 1.15908 1.27604 0.625 0.570589 2.15246 0.779879 0.687373 0.67788 0.913737 1.22388 0.581527 0.549073 0.528197 1.71256 1.28926 0.576672 0.836237 0.498374 0.570439 0.610813
threshold=15.523850000000001 92.104947840647384 17.189100000000007 75.143283985082761 0.38094037760049554 0.35169808135361541 0.22123173875917676 0.22847824698293387 2.5000000000000004 50.500000000000007 15.725800000000001 15.692450000000003 15.586 14.500000000000002 16.500000000000004 0.19072570058995553 15.699150000000001 0.19483767174598932 0.22077569896062946 0.2039109987932638 15.593050000000002 18.681650000000001 15.562901666666667 15.816150000000002 0.59930516951358925 17.307350000000003 16.900950000000005 14.593050000000002 16.867950000000004 16.603000000000005
decision_type=2 2 2 2 2 2 2 2 2 2 2 2 2 2 2 2 2 2 2 2 2 2 2 2 2 2 2 2 2 2
left_child=21 2 3 -2 5 6 7 13 9 -9 11 12 -10 -5 -15 -16 -17 -18 19 -19 -21 -1 23 -6 -25 -24 -27 -3 -29 -30
right_child=1 27 -4 4 22 -7 -8 8 10 -11 -12 -13 -14 14 15 16 17 18 -20 20 -22 -23 25 24 -26 26 -28 28 29 -31
leaf_value=-0.027585346426417801 0.11255995332088294 0.009766422471608447 -0.008218816433745656 -0.0085115135547922452 -0.020881639749440958 0.15540003899731933 -0.0063656542692916316 -0.033789781789220319 -0.010300674236755489 0.094537191580754423 -0.0050984344012091646 0.0074773550582689875 0.0053437354325444652 0.01035434032328466 0.032077391723232845 -0.008187413684517187 -0.0066625751730390384 0.10571939946176201 -0.0069309288921292128 -0.0094613185552029442 0.0022162970627409807 0.0045696372751342154 -0.011869044664317763 0.011587048407668245 -0.0023620441023040183 -0.013432294403563645 0.012438405452357571 -0.0051509202840937397 0.16080853415212995 -0.00021558278856188037
leaf_weight=4062 27 20 361 163 74 26 765 22 20 21 129 24 20 33 25 178 110 26 42 23 34 34 663 20 21 20 21 378 35 2263
leaf_count=4062 27 20 361 163 74 26 765 22 20 21 129 24 20 33 25 178 110 26 42 23 34 34 663 20 21 20 21 378 35 2263
internal_value=-0.00380953 -0.00193242 -0.00320223 -0.00276666 -0.00290323 -0.0020277 -0.0022263 -0.000551726 0.00454237 0.016186 0.00194818 0.01075 0.002 -0.00244795 -0.0010361 -0.00252055 -0.00335109 -0.00051064 0.00352 0.00838554 0.00182456 -0.00635938 -0.00467888 0.000347824 0.0134634 -0.0055 0.00370732 -0.000581604 -0.000675637 -0.000201917
internal_weight=9660 5564 2868 2507 2480 1661 1635 870 236 43 193 64 40 634 471 438 413 235 125 83 57 4096 819 115 41 704 41 2696 2676 2298
internal_count=9660 5564 2868 2507 2480 1661 1635 870 236 43 193 64 40 634 471 438 413 235 125 83 57 4096 819 115 41 704 41 2696 2676 2298
is_linear=0
shrinkage=0.08


Tree=36
num_leaves=31
num_cat=0
split_feature=21 31 19 8 7 6 29 1 15 1 4 31 39 15 1 6 8 4 4 4 1 6 1 1 1 27 4 4 1 1
split_gain=7.46845 1.1566 0.743494 0.68113 0.708329 0.676147 0.763353 0.694815 0.654643 0.659411 0.825 0.797101 0.653992 0.648852 0.689338 0.790862 1.67738 0.634739 1.14567 4.37703 1.32326 1.03896 0.884361 0.876666 6.75322 0.884186 0.852601 2.68547 1.39569 3.07295
threshold=15.621500000000003 17.155700000000007 15.736050000000002 0.24121532617081695 18.091710833333334 0.21150066245845126 15.692450000000003 20.500000000000004 17.887500000000003 22.500000000000004 20.500000000000004 15.262250000000002 84.231375289660832 16.938100000000002 15.500000000000002 0.23133056084196241 0.23483386580813245 28.500000000000004 14.500000000000002 15.500000000000002 22.500000000000004 0.27272974107015518 5.5000000000000009 11.500000000000002 10.500000000000002 15.4565 44.500000000000007 45.500000000000007 1.5000000000000002 1.0000000180025095e-35
decision_type=2 2 2 2 2 2 2 2 2 2 2 2 2 2 2 2 2 2 2 2 2 2 2 2 2 2 2 2 2 2
left_child=2 17 8 4 13 6 -4 -7 9 -1 -11 -12 -9 -3 -15 -16 -17 18 22 21 23 -20 -2 24 25 -21 -19 -28 29 -29
right_child=1 3 5 -5 -6 7 -8 12 -10 10 11 -13 -14 14 15 16 -18 26 19 20 -22 -23 -24 -25 -26 -27 27 28 -30 -31
leaf_value=-0.023747349135725671 0.00049258668482313477 -0.0014829863223081942 -0.014956566974852922 -0.0012123013795363969 -0.00088821076200347763 -0.009388768355147627 0.0082292961455776286 0.14970027649478407 0.0064007927019338251 -0.031847501308067766 0.021360481677900691 -0.075056451873983882 -0.0047048724571046559 0.0013010676035387222 -0.0001905509895510827 0.060381847604720422 0.0051519786066287643 -0.0075674830951678283 0.010557075510043328 0.0045697942980460612 0.10238108099174842 0.0012984445503322855 -0.0060602024623469392 -0.0081582378036493611 0.32267187307795003 -0.0076860378414192066 0.0037057816818131173 -0.012539111119691384 -0.0064485395013123151 0.061784205636463731
leaf_weight=3958 230 111 39 1198 132 185 64 22 20 54 46 20 26 403 63 38 69 872 35 30 31 20 590 303 30 284 39 41 669 38
leaf_count=3958 230 111 39 1198 132 185 64 22 20 54 46 20 26 403 63 38 69 872 35 30 31 20 590 303 30 284 39 41 669 38
internal_value=-0.00372671 -0.00167777 -0.00614163 -0.000174778 0.00160784 -0.00252381 0.00287378 -0.00490987 -0.00643826 -0.00650907 -0.000666669 0.00533333 0.00366666 0.00264327 0.00372775 0.008 0.0121869 -0.00262018 -0.00145783 0.00084038 -0.000920356 0.0225455 -0.0035122 -0.00169397 0.00106977 -0.00239491 -0.00370826 -0.00179924 -0.00286631 0.00718987
internal_weight=9660 5226 4434 2014 816 336 103 233 4098 4078 120 66 48 684 573 170 107 3212 1553 733 678 55 820 647 344 314 1659 787 748 79
internal_count=9660 5226 4434 2014 816 336 103 233 4098 4078 120 66 48 684 573 170 107 3212 1553 733 678 55 820 647 344 314 1659 787 748 79
is_linear=0
shrinkage=0.08


Tree=37
num_leaves=31
num_cat=0
split_feature=39 4 4 4 1 4 29 31 31 8 8 8 5 33 21 1 4 8 8 33 25 8 7 6 4 1 4 5 15 27
split_gain=7.69752 1.12875 1.70235 11.0216 2.3931 1.99432 1.853 1.72428 1.64367 1.47829 1.42477 1.07355 0.976242 0.958865 0.939007 0.921787 1.12292 0.823129 0.815613 1.29364 0.930853 0.894089 0.840944 2.04702 0.86943 0.740566 0.801871 1.30012 0.73003 0.721095
threshold=84.173463381329739 28.500000000000004 14.500000000000002 15.500000000000002 22.500000000000004 21.500000000000004 15.036200000000003 14.510650000000002 17.005200000000006 0.34064491142499004 0.22077569896062946 0.19624244981891506 16.950363333333339 0.034500000000000426 16.817100000000003 6.5000000000000009 1.5000000000000002 0.26899382325967519 0.22581295225325829 0.18650000000000058 17.911800000000003 0.21750625741513099 16.988595833333338 0.21482485665727827 21.500000000000004 22.500000000000004 20.500000000000004 15.589050000000002 17.265850000000004 15.330900000000002
decision_type=2 2 2 2 2 2 2 2 2 2 2 2 2 2 2 2 2 2 2 2 2 2 2 2 2 2 2 2 2 2
left_child=25 2 6 9 11 -6 7 -2 -3 10 -4 -5 13 -10 29 16 17 -8 19 20 -16 -21 23 -20 -25 -1 -27 -28 -26 -13
right_child=1 8 3 4 5 -7 15 -9 12 -11 -12 14 -14 -15 18 -17 -18 -19 22 21 -22 -23 -24 24 28 26 27 -29 -30 -31
leaf_value=-0.029447530389549004 -0.0053040377480730681 -0.0065835554365320931 0.0085946120676974967 0.16532391510761821 -0.012065652763439016 0.17663063997931538 0.093668328463813927 0.06127612008160583 0.11993343353194263 0.0076951121763680266 0.014654771781306249 0.00064046808009975186 -0.0004212061937070841 -9.1208734231568731e-05 -0.0076357432461353174 -0.0037826652445398694 -0.0019316932568399475 -0.0013195263919022469 0.29285015640498885 0.0025627794950416412 0.11265605915115735 0.056255309440346152 -0.0033462136261489155 -0.0085415123115675923 -0.0081135795516359775 -0.042111411698860908 0.039428397040189793 -0.088692232448734989 0.14526898428125964 -0.0074580930823577585
leaf_weight=3793 24 1712 21 41 22 26 28 33 20 38 38 62 1205 27 61 988 327 21 32 21 22 29 425 56 35 50 44 29 22 408
leaf_count=3793 24 1712 21 41 22 26 28 33 20 38 38 62 1205 27 61 988 327 21 32 21 22 29 425 56 35 50 44 29 22 408
internal_value=-0.00356936 -0.00170474 -0.000546764 0.00147756 -0.000519812 0.017 -0.00248276 0.0116491 -0.00279083 0.0274639 0.0353898 -0.00121252 -0.000587861 0.0107234 -0.00165729 -0.00307332 0.00029787 0.0115918 0.000193455 0.00583458 -0.000289159 0.016 -0.00112281 0.00413793 -0.000920356 -0.00630439 -0.000195124 0.00515068 0.00603509 -0.00442553
internal_weight=9660 5744 2780 1359 1262 48 1421 57 2964 97 59 1214 1252 47 1173 1364 376 49 703 133 83 50 570 145 113 3916 123 73 57 470
internal_count=9660 5744 2780 1359 1262 48 1421 57 2964 97 59 1214 1252 47 1173 1364 376 49 703 133 83 50 570 145 113 3916 123 73 57 470
is_linear=0
shrinkage=0.08


Tree=38
num_leaves=31
num_cat=0
split_feature=31 13 39 39 27 4 29 15 27 17 7 6 21 19 8 15 33 17 15 39 33 1 4 33 8 31 21 8 13 5
split_gain=6.36035 0.966224 1.04063 0.856741 1.14873 1.52454 0.751211 0.897217 0.731908 0.612166 0.64534 0.846052 1.33968 1.19201 1.72174 0.790157 0.599171 0.579194 0.756176 0.699436 1.08754 0.568947 0.870773 0.874744 0.550852 0.524238 0.824894 1.05346 1.03712 0.460386
threshold=15.621500000000003 17.042850000000005 75.143283985082761 84.048395410286062 15.373050000000001 29.500000000000004 16.892300000000002 16.639900000000001 16.045950000000005 17.456700000000001 15.74930416666667 0.22034220230857529 15.971400000000001 15.763450000000002 0.22077569896062946 15.593050000000002 0.78565000000000051 14.968750000000002 16.144550000000006 84.559542770203691 0.32834999999999953 22.500000000000004 20.500000000000004 0.068900000000000197 0.5471141559193089 16.867950000000004 17.273000000000003 0.23872359616103325 16.900950000000005 16.907426666666669
decision_type=2 2 2 2 2 2 2 2 2 2 2 2 2 2 2 2 2 2 2 2 2 2 2 2 2 2 2 2 2 2
left_child=3 2 -2 8 5 17 -3 -8 21 10 11 12 13 -4 -15 -14 -12 -5 19 -19 -21 -1 -23 -24 -18 -11 27 -27 -29 -9
right_child=1 6 9 4 -6 -7 7 29 -10 25 16 -13 15 14 -16 -17 24 18 -20 20 -22 22 23 -25 -26 26 -28 28 -30 -31
leaf_value=-0.030000905771947119 0.073430956692501534 -0.0038074115140236705 -0.0034531949800027792 0.11010325636216696 -0.0076368291024285339 -0.015422306594639211 0.12954284930211452 0.063649343298187555 0.0032050337905379107 -0.0069512248519799725 -0.0059540562592902049 -0.0037895201623439892 0.00051518908449716089 -0.0038476871267405354 0.011973553767059605 0.0093065429830379871 0.065466478472665957 -0.01800754688482268 -0.0033862798478614094 0.0061804666441715658 0.0046452361192801444 -0.043765183029203389 -0.0069734779773864908 0.048962891096613816 -0.0059795265813218004 -0.0042054838861859461 -0.013105816881270691 0.023074458226817258 0.00096793952097568427 -9.5296380026199247e-05
leaf_weight=3496 33 380 283 20 583 104 29 26 38 49 1883 378 31 52 27 22 28 20 22 23 33 48 27 20 43 35 23 24 20 1860
leaf_count=3496 33 380 283 20 583 104 29 26 38 49 1883 378 31 52 27 22 28 20 22 23 33 48 27 20 43 35 23 24 20 1860
internal_value=-0.00366046 -0.00176962 -0.00273218 -0.00588904 -0.00352795 0.00136937 -0.000540307 0.000104437 -0.00641279 -0.00289303 -0.00316564 -0.00124086 0.00125301 -0.00048619 0.00820253 0.0131321 -0.00394678 0.00759322 0.00506122 0.0088421 0.0134286 -0.00652966 -0.000421055 0.00731915 0.0032676 0.00206622 0.00533333 0.00921519 0.0174545 -0.000110288
internal_weight=9660 5226 2931 4434 805 222 2295 1915 3629 2898 2747 793 415 362 79 53 1954 118 98 76 56 3591 95 47 71 151 102 79 44 1886
internal_count=9660 5226 2931 4434 805 222 2295 1915 3629 2898 2747 793 415 362 79 53 1954 118 98 76 56 3591 95 47 71 151 102 79 44 1886
is_linear=0
shrinkage=0.08


Tree=39
num_leaves=31
num_cat=0
split_feature=39 5 33 8 7 4 15 17 1 29 1 6 27 31 8 31 1 4 1 1 8 6 27 1 7 17 5 1 31 29
split_gain=6.31283 1.08674 0.992016 0.903411 1.23847 1.89 0.634243 0.762789 0.619154 0.625 0.582582 0.787339 0.575434 0.634191 0.803459 1.53829 0.55536 3.43262 4.68287 2.53147 0.529688 0.508355 0.853733 1.49345 1.60444 0.54 0.846612 0.498234 0.464638 1.00246
threshold=83.980423686892763 17.150336666666671 -0.72444999999999904 1.0368215307608737 17.066759166666667 31.500000000000004 15.490150000000002 16.750600000000002 20.500000000000004 17.344800000000003 2.5000000000000004 0.25287953648533773 17.005200000000006 16.824400000000001 0.75571478695027927 14.968750000000002 2.5000000000000004 50.500000000000007 1.0000000180025095e-35 1.5000000000000002 0.2560719989406165 0.18770359887820501 15.479500000000003 12.500000000000002 15.36862916666667 15.586 15.680743333333334 22.500000000000004 17.791300000000003 17.724500000000003
decision_type=2 2 2 2 2 2 2 2 2 2 2 2 2 2 2 2 2 2 2 2 2 2 2 2 2 2 2 2 2 2
left_child=2 12 6 4 5 -3 -1 -8 10 -10 11 -6 13 14 15 -2 17 19 -19 -17 -13 22 23 24 -18 26 -24 -14 -12 -30
right_child=1 3 -4 -5 8 -7 7 -9 9 -11 28 20 27 -15 -16 16 21 18 -20 -21 -22 -23 25 -25 -26 -27 -28 -29 29 -31
leaf_value=-0.029331676546322995 0.05410425604076112 0.082168915664618453 -0.026411678377377682 -0.0020405072511946358 -0.0015798623201554883 -0.0075701096501697767 0.041193239080311035 -0.006338968696825026 0.087652457516886106 -0.0031466778892765479 -0.0030661428588961747 0.16070501610007884 -0.0043733343273041686 -0.00070333356736513935 -0.010024522400979268 -0.025657544753182143 -0.0014424521058648083 -0.025894187896923115 0.070381574953820081 0.091868435097475276 0.038270526388632098 -0.0048449154552901146 -0.0059909397205932229 -0.00093724677631966651 0.0099180457940966447 -0.0066147285838841054 0.001275046848306489 0.03361821396524535 0.0021325860420258807 -0.00019321770837049483
leaf_weight=60 25 35 3677 399 49 25 31 38 20 20 205 21 891 907 538 164 20 21 27 21 29 1293 28 50 25 163 24 20 33 801
leaf_count=60 25 35 3677 399 49 25 31 38 20 20 205 21 891 907 538 164 20 21 27 21 29 1293 28 50 25 163 24 20 33 801
internal_value=-0.00367702 -0.00202802 -0.00621335 -0.00027856 0.000788366 0.012 0.000682169 0.00591304 0.000217316 0.01 -0.00012654 0.00573737 -0.00270714 -0.00221658 -0.00289788 -0.0021107 -0.00237909 0.00127038 0.0203333 -0.00367568 0.0128 -0.00290955 -1.90735e-09 0.00631579 0.0168889 -0.0027907 0.00430769 -0.00448738 -0.000685276 0.000153475
internal_weight=9660 5854 3806 1637 1238 60 129 69 1178 40 1138 99 4217 3306 2399 1861 1836 233 48 185 50 1603 310 95 45 215 52 911 1039 834
internal_count=9660 5854 3806 1637 1238 60 129 69 1178 40 1138 99 4217 3306 2399 1861 1836 233 48 185 50 1603 310 95 45 215 52 911 1039 834
is_linear=0
shrinkage=0.08


Tree=40
num_leaves=31
num_cat=0
split_feature=21 13 29 6 27 29 1 4 17 1 4 1 4 8 25 31 39 21 1 23 6 27 19 39 4 1 27 15 25 27
split_gain=6.06653 1.01116 0.873822 1.01929 0.693993 0.622629 0.553814 0.703812 0.616286 0.545675 2.38835 4.73389 1.23323 2.18855 0.538587 0.818144 0.795523 1.36183 1.0837 0.805411 0.557493 1.35244 0.556064 0.542105 0.915229 1.99884 0.837481 0.619955 0.645558 0.528799
threshold=15.479500000000003 17.042850000000005 15.763450000000002 0.2249516063308746 15.373050000000001 16.892300000000002 22.500000000000004 20.500000000000004 14.817800000000002 2.5000000000000004 6.5000000000000009 1.5000000000000002 52.500000000000007 0.2164078678256092 15.798950000000003 15.965100000000001 87.162316002380024 15.763450000000002 17.500000000000004 15.662100000000001 0.17849896722546155 15.426750000000002 15.662100000000001 91.486677044661903 50.500000000000007 1.5000000000000002 18.158950000000001 17.619150000000001 16.305350000000004 15.586
decision_type=2 2 2 2 2 2 2 2 2 2 2 2 2 2 2 2 2 2 2 2 2 2 2 2 2 2 2 2 2 2
left_child=2 14 6 4 -4 -3 9 -8 -9 10 11 -1 -12 -14 15 20 17 -17 19 -19 21 -2 -23 24 -16 -26 27 28 -25 -18
right_child=1 5 3 -5 -6 -7 7 8 -10 -11 12 -13 13 -15 23 16 29 18 -20 -21 -22 22 -24 26 25 -27 -28 -29 -30 -31
leaf_value=-0.0076758477140782622 0.0048390601565745138 -0.0038894913400267391 0.0042186314649417852 -0.0055729406492662928 6.9384732445691716e-05 -2.3380295486883198e-05 -0.032201899760787356 0.031160444529302254 -0.018466503137612143 -0.02429874410718753 -0.045208625994649809 0.109038260040572 0.099238962113996368 -0.049835841179724158 -0.0086467581761246592 -0.010848041218194843 0.013057726023516495 0.0066234576771011947 -0.0031101084377692097 0.0033768708976205744 -0.0045126184783654752 -0.011206309287985739 0.0018038983846250295 0.03399867403480282 0.052073563336018112 -0.0057323994077837538 0.061781197913368786 0.043069336712105319 -0.0033175606642117297 -0.0066396496262038206
leaf_weight=30 38 409 24 151 29 1915 48 37 25 3126 359 21 27 39 1035 34 27 28 23 27 798 54 38 21 39 137 23 21 1017 60
leaf_count=30 38 409 24 151 29 1915 48 37 25 3126 359 21 27 39 1035 34 27 28 23 27 798 54 38 21 39 137 23 21 1017 60
internal_value=-0.00361077 -0.00195543 -0.00603882 -0.000941178 0.00860377 -0.000667816 -0.00631897 -0.000727275 0.00490322 -0.00648973 -0.00396639 0.0123922 -0.00592941 0.00412121 -0.00283041 -0.0013984 0.00325628 0.00771428 0.0135385 0.0196364 -0.00239655 0.00246154 -0.00278261 -0.00353424 -0.00469695 0.000636362 -0.0022329 -0.00256091 -0.00283623 -0.00248276
internal_weight=9660 5744 3916 204 53 2324 3712 110 62 3602 476 51 425 66 3420 1127 199 112 78 55 928 130 92 2293 1211 176 1082 1059 1038 87
internal_count=9660 5744 3916 204 53 2324 3712 110 62 3602 476 51 425 66 3420 1127 199 112 78 55 928 130 92 2293 1211 176 1082 1059 1038 87
is_linear=0
shrinkage=0.08


Tree=41
num_leaves=31
num_cat=0
split_feature=31 39 7 4 8 21 19 4 4 39 31 31 19 15 27 23 13 1 19 8 33 19 4 15 5 7 4 15 4 29
split_gain=6.48604 1.12886 1.36816 0.856182 2.24104 0.660524 1.10326 0.941525 5.03444 0.821258 1.61689 1.85578 1.08292 1.07188 0.81721 0.764665 1.04585 0.751156 1.37009 0.859726 0.685688 0.816667 0.568864 0.521635 0.503145 0.728543 2.19341 0.694327 0.576375 0.499235
threshold=15.320300000000001 90.90483909241523 15.74930416666667 52.500000000000007 0.26735583742182939 15.798950000000003 15.763450000000002 14.500000000000002 18.500000000000004 87.399401373575856 15.935150000000002 16.180450000000004 15.523850000000001 15.593050000000002 15.408500000000002 15.656950000000002 15.586 13.500000000000002 15.523850000000001 0.20042072911948874 -0.034500000000000412 15.935150000000002 6.5000000000000009 15.625350000000003 15.050816666666668 15.136455833333336 9.5000000000000018 16.045950000000005 48.500000000000007 16.867950000000004
decision_type=2 2 2 2 2 2 2 2 2 2 2 2 2 2 2 2 2 2 2 2 2 2 2 2 2 2 2 2 2 2
left_child=24 2 5 -4 -5 6 14 -8 -9 10 23 12 -12 -14 17 20 -17 18 19 -2 21 -10 -21 -7 -1 26 -26 -27 -28 -3
right_child=1 29 3 4 -6 9 7 8 15 -11 11 -13 13 -15 -16 16 -18 -19 -20 22 -22 -23 -24 -25 25 27 28 -29 -30 -31
leaf_value=-0.059170869358885908 0.0030732125999020478 -0.0035391163471862898 -0.014462671258001216 0.051526076880737279 -0.021005446448255097 -0.0028163999903240157 -0.018248564346871395 0.010345042604852044 0.0050392919535787372 -0.0068312535350215833 0.0010080917585491877 -0.0028075972332994486 0.002991671423705614 0.0072553828418376824 -0.0070451210908884232 0.0092206686822405206 -0.00074305127628151947 -0.004677988306086173 0.0051475603426849202 0.011097555256949854 -0.0066683618710194738 -0.0085561098205245729 -0.0035229341827287416 0.0040476078013018365 0.053797361839247583 -0.015829286246787568 -0.025912132933336923 0.0011045337982168854 0.069758751154475163 -0.00035270826578435478
leaf_weight=2571 39 667 927 33 96 111 49 21 30 88 25 30 23 25 726 21 32 159 31 24 88 30 143 39 28 572 111 77 28 2816
leaf_count=2571 39 667 927 33 96 111 49 21 30 88 25 30 23 25 726 21 32 159 31 24 88 30 143 39 28 572 111 77 28 2816
internal_value=-0.00347826 -0.00195505 -0.00315412 -0.00542424 0.000682169 -0.00177163 -0.00254415 0.0020369 0.00425225 0.00138416 0.0036996 0.0114175 0.0183014 0.0253333 -0.00365063 0.000358207 0.00860377 -0.000727275 0.00212658 -0.000233012 -0.0025946 0.004 -0.00273054 -0.0016 -0.00629938 -0.00456863 0.000143711 -0.0057812 -0.00397122 -0.000994547
internal_weight=9660 6273 2790 1056 129 1734 1393 271 222 341 253 103 73 48 1122 201 53 396 237 206 148 60 167 150 3387 816 167 649 139 3483
internal_count=9660 6273 2790 1056 129 1734 1393 271 222 341 253 103 73 48 1122 201 53 396 237 206 148 60 167 150 3387 816 167 649 139 3483
is_linear=0
shrinkage=0.08


Tree=42
num_leaves=31
num_cat=0
split_feature=39 19 39 2 25 21 25 1 4 27 39 7 39 17 31 1 15 1 13 8 8 6 4 4 29 23 39 6 25 8
split_gain=6.62762 1.0816 0.836802 0.772264 0.77634 0.692418 0.654284 0.63967 0.743746 0.770407 0.529989 0.94666 0.910002 0.727345 0.838136 0.685222 0.664937 0.895553 0.728139 0.620386 1.8374 0.771621 0.57768 1.12137 3.21669 1.30998 1.1229 1.03984 1.1207 0.784927
threshold=83.980423686892763 15.523850000000001 75.859977836541731 3.5000000000000004 21.067900000000005 15.557500000000003 17.155700000000007 22.500000000000004 20.500000000000004 14.784150000000002 90.90483909241523 15.716931666666669 89.196301853201206 15.557500000000003 16.029150000000005 16.500000000000004 17.501900000000003 2.5000000000000004 16.247550000000004 0.25489929305110259 0.24794906856227689 0.26332345798295392 10.500000000000002 18.500000000000004 17.110850000000003 17.456700000000001 92.24959166802833 0.22732955444594261 17.110850000000003 1.0545599125608096
decision_type=2 2 2 2 2 2 2 2 2 2 2 2 2 2 2 2 2 2 2 2 2 2 2 2 2 2 2 2 2 2
left_child=1 7 -3 6 5 -5 10 -1 -9 -10 11 12 13 14 15 -2 17 18 -12 20 21 -13 -19 24 25 -24 -26 29 -29 -25
right_child=3 2 -4 4 -6 -7 -8 8 9 -11 16 19 -14 -15 -16 -17 -18 22 -20 -21 -22 -23 23 27 26 -27 -28 28 -30 -31
leaf_value=-0.025387361402089397 0.0017926951479088054 0.099326077836834309 -0.0065553824723259373 -0.0042135119567972626 0.0029761872303919459 8.9335204054299246e-07 -0.0051465068851008046 -0.032434540499271518 0.02468794824281316 -0.016380580852327246 -0.0062654226759479396 -0.011400460765122156 0.011885163951890052 -0.0041501130100363923 0.0039216688513737039 -0.0036608635838252051 -0.01252381636890686 -0.0034043887192527432 0.01596465997937337 -0.017078828486260522 0.041771803403848708 0.012384631736082856 -0.0056581811090736598 0.00047913852032788906 0.011437963571054047 0.01421169345102777 0.0064565765305297498 -0.0032594401406411022 0.011067820159203467 0.21123826459524825
leaf_weight=3343 136 36 325 308 21 1779 632 44 33 25 20 258 20 484 27 58 79 256 22 521 23 21 116 367 22 23 35 559 34 33
leaf_count=3343 136 36 325 308 21 1779 632 44 33 25 20 258 20 484 27 58 79 256 22 521 23 21 116 367 22 23 35 559 34 33
internal_value=-0.00336232 -0.00596112 -0.00179502 -0.0016727 -0.00044782 -0.000601823 -0.00236199 -0.00639768 -0.000156865 0.0057931 -0.00188568 -0.0029354 -0.000827588 -0.00130497 0.00249774 0.000659792 -0.000848022 -0.000468058 0.0110476 -0.00479223 -0.00190729 -0.00369893 -0.00080277 -6.0557e-05 0.00546939 -0.00109353 0.0214737 -0.00115207 -0.00327825 0.002
internal_weight=9660 3806 361 5854 2108 2087 3746 3445 102 58 3114 1548 725 705 221 194 1566 1487 42 823 302 279 1445 1189 196 139 57 993 593 400
internal_count=9660 3806 361 5854 2108 2087 3746 3445 102 58 3114 1548 725 705 221 194 1566 1487 42 823 302 279 1445 1189 196 139 57 993 593 400
is_linear=0
shrinkage=0.08


Tree=43
num_leaves=31
num_cat=0
split_feature=31 8 6 8 4 29 6 27 6 6 7 17 39 1 1 4 21 7 21 5 33 1 4 21 7 1 21 4 1 1
split_gain=6.34017 0.850418 2.16344 0.925826 2.32996 0.964301 1.20202 0.857962 0.880941 1.3109 0.964286 0.857143 0.820475 0.79129 0.768633 0.929705 0.700256 0.744673 1.11348 1.90984 0.631431 0.584858 2.98225 0.577361 0.565067 0.789216 0.559859 0.512354 0.612813 0.588285
threshold=15.294250000000002 0.38094037760049554 0.51441968357290035 0.35169808135361541 20.500000000000004 17.307350000000003 0.22778764544137692 15.373050000000001 0.18584131736081785 0.22070349802433556 15.38140416666667 15.373050000000001 84.752582464640668 2.5000000000000004 22.500000000000004 20.500000000000004 17.008900000000004 15.715777500000002 15.816150000000002 15.897186666666668 0.265600000000001 2.5000000000000004 50.500000000000007 14.043850000000001 15.3993175 5.5000000000000009 17.381450000000005 1.5000000000000002 10.500000000000002 20.500000000000004
decision_type=2 2 2 2 2 2 2 2 2 2 2 2 2 2 2 2 2 2 2 2 2 2 2 2 2 2 2 2 2 2
left_child=12 2 3 5 -5 6 7 8 10 -10 -2 -12 14 20 -1 -16 17 18 24 -20 -14 22 -9 -19 -3 -26 -23 28 -8 -29
right_child=1 16 -4 4 -6 -7 27 21 9 -11 11 -13 13 -15 15 -17 -18 23 19 -21 -22 26 -24 -25 25 -27 -28 29 -30 -31
leaf_value=-0.028334174154843909 0.00050564764254675866 -0.0097086261879464463 0.092687029477774102 -0.015833899904954526 0.14863443295141313 0.00021128102865875412 0.024546204231972405 -0.02695683683433377 -0.0026180895939029894 0.087990850667115691 0.0075963690083453907 0.0031624120639128501 -0.00034589476850725281 -0.0059860152255852873 -0.031771782994922705 0.013079928641357741 -0.001054915028787874 0.014938335070992218 0.0051590500153024686 -0.0011934418839678643 0.0080501568433630297 -0.0029466736708451662 0.047846411478153002 -0.010562322498726439 -0.0060511850343658892 0.0029865844952233255 0.00534446705772244 -0.0045808413634157129 -0.0033227874456847012 0.027275353220432442
leaf_weight=3109 42 107 23 30 34 1122 22 60 154 31 21 21 22 118 41 49 860 29 31 38 21 1390 28 959 23 28 35 1122 24 66
leaf_count=3109 42 107 23 30 34 1122 22 60 154 31 21 21 22 118 41 49 860 29 31 38 21 1390 28 959 23 28 35 1122 24 66
internal_value=-0.00331263 -0.00181587 -0.0011645 -0.00129843 0.00825 -0.00144611 -0.00219098 -0.000861955 0.00330111 0.000216214 0.0100952 0.0186667 -0.00611905 -0.000546586 -0.0063995 0.000888887 -0.00314217 -0.0043786 -0.000246698 0.00823188 0.00874418 -0.00160212 0.00472727 -0.00532794 -0.00394937 0.00298039 -0.00199298 -0.00411021 0.00417391 -0.00443098
internal_weight=9660 6300 4225 4202 64 4138 3016 1782 269 185 84 42 3360 161 3199 90 2075 1215 227 69 43 1513 88 988 158 51 1425 1234 46 1188
internal_count=9660 6300 4225 4202 64 4138 3016 1782 269 185 84 42 3360 161 3199 90 2075 1215 227 69 43 1513 88 988 158 51 1425 1234 46 1188
is_linear=0
shrinkage=0.08


Tree=44
num_leaves=31
num_cat=0
split_feature=39 39 7 29 13 31 39 21 29 21 6 21 29 6 21 1 19 39 4 8 6 29 4 4 4 4 6 1 19 1
split_gain=6.78746 0.86482 1.52208 0.85773 1.50987 0.985066 1.18123 1.5802 0.787013 0.743214 0.680488 0.650338 0.667137 0.664866 0.622175 0.779625 0.583092 0.567858 0.562812 2.69446 0.518866 0.502343 0.665063 0.645689 1.83993 2.21451 1.89118 0.868542 0.671341 1.32345
threshold=83.16612244064099 90.90483909241523 15.74930416666667 15.000850000000002 15.586 15.935150000000002 87.399401373575856 15.763450000000002 15.851650000000001 15.971400000000001 0.17849896722546155 15.4565 16.226550000000003 0.22070349802433556 15.935150000000002 8.5000000000000018 15.725800000000001 76.218052875377637 51.500000000000007 0.26735583742182939 0.13750458104334617 16.867950000000004 2.5000000000000004 47.500000000000007 44.500000000000007 45.500000000000007 0.23797781761520045 1.5000000000000002 16.892300000000002 15.500000000000002
decision_type=2 2 2 2 2 2 2 2 2 2 2 2 2 2 2 2 2 2 2 2 2 2 2 2 2 2 2 2 2 2
left_child=16 2 3 4 -2 8 7 -7 9 -5 -10 13 -13 -12 -9 -16 20 -18 -4 -20 -1 22 -3 24 -23 26 -26 -25 29 -29
right_child=1 21 18 5 -6 6 -8 14 10 -11 11 12 -14 -15 15 -17 17 -19 19 -21 -22 23 -24 27 25 -27 -28 28 -30 -31
leaf_value=0.041390242879575816 0.056581710415328175 0.0092348227405985566 -0.012413854544983118 -0.0036256627646856819 -0.0051556747939830961 -0.014470789047877436 -0.0048379000790275831 0.0081209344307469084 0.0073661500472132959 0.0036901295156969494 0.0041103281205404317 -0.00579580383467197 0.0060502424454453446 -0.0059880121170696587 0.0046167975011209266 0.00012052313420427379 0.091204949404644145 -0.0064940941479356851 0.046673728438230803 -0.019114773416476542 -0.028470771510095999 -0.00023645285109874837 -0.0035850576252344393 0.078811769150159972 0.0076035125215399291 0.00069901982250053247 0.0048295570869633991 -0.0032557750314276901 -0.0038832842953208007 0.0098809335480779387
leaf_weight=24 36 35 858 1197 31 37 72 31 20 42 20 145 20 21 22 39 36 103 37 103 3197 2135 698 24 27 96 31 49 445 29
leaf_count=24 36 35 858 1197 31 37 72 31 20 42 20 145 20 21 22 39 36 103 37 103 3197 2135 698 24 27 96 31 49 445 29
internal_value=-0.00326294 -0.00171429 -0.00278579 -0.00135257 0.00752239 -0.00170949 0.00354229 0.00812403 -0.00243004 -0.00322196 0.0019115 0.000543687 -0.00169697 0.00956097 0.0137391 0.00904918 -0.00616667 -0.00109353 -0.00527455 -0.00057143 -0.0063856 -0.00089437 -0.00276126 -0.00041185 0.000178242 0.00862337 0.0209655 -0.00288117 -0.00356406 0.00328205
internal_weight=9660 6300 2731 1733 67 1666 201 129 1465 1239 226 206 165 41 92 61 3360 139 998 140 3221 3569 733 2836 2289 154 58 547 523 78
internal_count=9660 6300 2731 1733 67 1666 201 129 1465 1239 226 206 165 41 92 61 3360 139 998 140 3221 3569 733 2836 2289 154 58 547 523 78
is_linear=0
shrinkage=0.08


Tree=45
num_leaves=31
num_cat=0
split_feature=29 13 39 1 4 6 1 1 8 4 13 4 7 5 21 19 8 27 27 7 15 27 29 23 6 27 23 5 17 6
split_gain=6.6092 0.885727 0.803803 0.96486 1.21492 0.658702 0.494307 2.35722 4.18717 8.06493 0.561927 1.0098 1.17295 0.525728 0.986466 0.4902 0.918646 0.508095 0.485426 0.632453 0.628296 0.468393 1.0687 0.702562 0.735 0.76366 0.540097 0.80583 0.498425 0.696966
threshold=15.320300000000001 17.042850000000005 84.173463381329739 22.500000000000004 20.500000000000004 0.14829257700588225 11.500000000000002 10.500000000000002 0.1959718753780384 19.500000000000004 14.883000000000001 8.5000000000000018 15.312054166666668 15.078396666666668 14.917400000000002 15.262250000000002 0.26289886892946618 14.260600000000002 16.775850000000002 16.245385000000002 16.603000000000005 17.005200000000006 17.094800000000003 17.189100000000007 1.5332096715139489 17.079750000000004 17.724500000000003 17.790056666666668 17.265850000000004 0.24063582096088601
decision_type=2 2 2 2 2 2 2 2 2 2 2 2 2 2 2 2 2 2 2 2 2 2 2 2 2 2 2 2 2 2
left_child=2 5 3 6 -5 -2 7 10 9 -9 -1 12 -12 14 -13 16 -4 -18 20 -20 -3 -21 -23 24 25 -24 -25 -28 -27 -30
right_child=1 18 15 4 -6 -7 -8 8 -10 -11 11 13 -14 -15 -16 -17 17 -19 19 21 -22 22 23 26 -26 28 27 -29 29 -31
leaf_value=-0.0636217792340706 0.0011778774104778753 0.046130469204483257 0.0037077139399087989 -0.027133700240884073 0.015343087486243677 -0.0029927135274992289 -0.028395306158287364 -0.038520847094104783 -0.035811698601830894 0.31718775593669807 0.030219562319463891 -0.049697028171529121 -0.017019818292569069 -0.013549029843934773 0.048264672229401902 -0.0014290586708516956 0.0032790578230938502 -0.009299923682475477 0.003362559901065783 0.0019391609434559059 -0.0080263405390132124 -0.004540972040631453 -0.0054957819534818091 -0.0047071717596893561 -0.0068194662663783358 0.017800321734949092 0.024406986131145048 -0.00012992643451039472 -0.0054815903812279387 0.022230004188735789
leaf_weight=1218 33 25 47 42 47 3929 1286 23 58 21 28 41 29 270 35 169 22 51 28 384 191 238 22 153 20 31 25 1147 20 27
leaf_count=1218 33 25 47 42 47 3929 1286 23 58 21 28 41 29 270 35 169 22 51 28 384 191 238 22 153 20 31 25 1147 20 27
internal_value=-0.00309731 -0.0015597 -0.00594509 -0.0063215 0.00188764 -0.00228572 -0.00656431 -0.00567847 0.00611765 0.0247273 -0.00642073 -0.00383127 0.00603509 -0.00545665 0.000421051 -0.00191004 0.002 -0.00361644 -0.000315017 5.72773e-05 -0.00392593 -0.000104501 -0.00067974 0.000138406 0.006 0.0088 -0.000392455 0.000191124 0.0125128 0.00731915
internal_weight=9660 6273 3387 3098 89 3962 3009 1723 102 44 1621 403 57 346 76 289 120 73 2311 2095 216 2067 1683 1445 120 100 1325 1172 78 47
internal_count=9660 6273 3387 3098 89 3962 3009 1723 102 44 1621 403 57 346 76 289 120 73 2311 2095 216 2067 1683 1445 120 100 1325 1172 78 47
is_linear=0
shrinkage=0.08


Tree=46
num_leaves=31
num_cat=0
split_feature=29 39 1 4 8 6 1 4 1 6 8 4 25 6 19 31 25 6 8 27 17 4 8 25 19 27 31 23 13 31
split_gain=7.09478 0.841885 0.786905 1.00406 0.641448 2.77501 0.818652 2.56061 0.822903 0.963614 0.882361 2.13301 0.772474 0.74522 0.703128 0.670192 0.803152 0.698746 0.801369 1.18884 1.34406 1.18567 0.903982 1.24236 0.659279 0.934336 1.13645 0.875279 0.598344 1.18521
threshold=15.320300000000001 84.173463381329739 22.500000000000004 20.500000000000004 0.38094037760049554 0.51441968357290035 22.500000000000004 20.500000000000004 13.500000000000002 0.15647221563590064 0.34381080402099057 20.500000000000004 18.449000000000002 2.983717609755606 16.750600000000002 16.964700000000004 16.741850000000003 0.22316791723775856 0.22998470774017118 15.4565 15.490150000000002 51.500000000000007 0.20313679096174561 15.355800000000002 16.824400000000001 16.9785 17.265850000000004 16.900950000000005 15.699150000000001 15.262250000000002
decision_type=2 2 2 2 2 2 2 2 2 2 2 2 2 2 2 2 2 2 2 2 2 2 2 2 2 2 2 2 2 2
left_child=1 2 -1 -4 5 6 8 -8 9 -2 15 -12 -10 -6 -15 17 -17 18 19 20 22 28 23 -11 -18 26 27 -26 29 -20
right_child=4 -3 3 -5 13 -7 7 -9 12 10 11 -13 -14 14 -16 16 24 -19 21 -21 -22 -23 -24 -25 25 -27 -28 -29 -30 -31
leaf_value=-0.025722829078504789 0.0058795049983190115 -0.00098862184133390995 -0.02496300422161328 0.014115640487344181 -0.003238509475453657 0.084995527994492101 -0.01458793673613549 0.1654339066412997 -0.0021573498746300357 0.065818433720566685 -0.013119634667081779 0.18321671556911098 0.0039808844012346727 0.10906557023009937 -0.001597317571442908 0.0028944598627685136 -0.0060667723648841878 -0.0052787185349149578 -0.012383387780783349 -0.0043244257051670495 0.016769914731781181 0.03434701017513999 -0.0036932728452581643 -0.009118921584294809 0.012636749742028193 2.4332265004602128e-05 -0.001659529648621012 0.0023613226169335792 -0.0021009840494982178 0.0044299928076664474
leaf_weight=3009 34 289 42 47 1965 23 33 33 1846 28 22 26 31 28 71 34 53 604 29 391 20 34 59 23 22 651 46 35 92 40
leaf_count=3009 34 289 42 47 1965 23 33 33 1846 28 22 26 31 28 71 34 53 604 29 391 20 34 59 23 22 651 46 35 92 40
internal_value=-0.00308903 -0.00603956 -0.00642479 0.000988762 -0.00149594 -0.000929439 -0.0010817 0.00775757 -0.0012233 -0.000189034 -0.000394751 0.0103333 -0.00245925 -0.00265116 0.00412121 -0.000633042 0.00113198 -0.00175758 -6.7041e-05 -0.00170442 0.00492308 0.00430769 0.00145454 0.0092549 0.000624533 0.00123077 0.00831068 0.0158596 0.00144099 0.00707246
internal_weight=9660 3387 3098 89 6273 4209 4186 66 4120 2243 2209 48 1877 2064 99 2161 841 1320 716 521 130 195 110 51 807 754 103 57 161 69
internal_count=9660 3387 3098 89 6273 4209 4186 66 4120 2243 2209 48 1877 2064 99 2161 841 1320 716 521 130 195 110 51 807 754 103 57 161 69
is_linear=0
shrinkage=0.08


Tree=47
num_leaves=31
num_cat=0
split_feature=31 7 1 4 8 4 8 8 6 6 8 27 19 4 4 33 4 7 19 39 1 5 25 21 7 27 6 4 4 33
split_gain=7.5062 0.848337 0.66805 2.34005 1.92981 0.847505 1.57506 0.583174 1.49109 1.09558 1.16883 0.859971 0.734783 1.3913 0.967457 0.824444 0.736058 0.896512 1.16202 0.679559 0.651745 0.599143 2.42793 0.66283 1.25021 0.627042 0.584523 0.690676 1.01401 0.719309
threshold=15.262250000000002 18.078626666666672 2.5000000000000004 6.5000000000000009 0.44266255623950329 53.500000000000007 0.2164078678256092 0.38094037760049554 0.51441968357290035 0.22316791723775856 0.35169808135361541 15.479500000000003 15.523850000000001 10.500000000000002 27.500000000000004 0.51410000000000011 31.500000000000004 15.379579166666669 15.294250000000002 83.689232823875855 3.5000000000000004 16.178590000000003 16.403200000000002 15.816150000000002 15.562901666666667 15.971400000000001 0.2080663931355983 44.500000000000007 49.500000000000007 -0.040200000000000451
decision_type=2 2 2 2 2 2 2 2 2 2 2 2 2 2 2 2 2 2 2 2 2 2 2 2 2 2 2 2 2 2
left_child=2 7 3 4 -1 -5 -7 8 9 11 -11 12 15 -14 -15 16 17 -2 -19 -16 -9 22 23 25 -25 -22 -13 -28 -29 -30
right_child=1 -3 -4 5 -6 6 -8 20 -10 10 -12 26 13 14 19 -17 -18 18 -20 -21 21 -23 -24 24 -26 -27 27 28 29 -31
leaf_value=0.089106553616247294 -0.001211544369968544 0.00034720332030075437 -0.022510987289826506 -0.033935114577577766 -0.00050012894904575048 0.08757065622221237 -0.038153131832043961 -0.0070876718360332741 0.073993412124552557 -0.0025453892050602586 0.12207918720992376 -0.0024536723386001896 -0.011969806989656991 0.021609358534283727 0.0042402651508319979 0.0026849490249127059 -0.0058799724090135511 0.023327039893017352 -5.3202005162702978e-05 -0.00031247206500275513 -0.0080993733411453099 -0.0034726840484803666 0.10898107319422023 0.0046825186895834902 -0.006435133184940758 0.0010245641443455511 -0.00016815294351490769 0.0056770047627715189 0.0077389908238035213 -0.008281161950981138
leaf_weight=27 83 885 2819 336 22 23 30 553 24 1720 25 952 25 32 21 24 111 29 42 37 166 1077 32 22 51 25 354 33 34 46
leaf_count=27 83 885 2819 336 22 23 30 553 24 1720 25 952 25 32 21 24 111 29 42 37 166 1077 32 22 51 25 354 33 34 46
internal_value=-0.00303106 -0.00144058 -0.00615782 -0.00325114 0.0132245 -0.00532648 0.00407547 -0.00180935 -0.00120713 -0.00134081 -0.00277364 3.07167e-05 0.00328713 0.00869565 0.0133333 0.00113495 -0.000150945 0.00342857 0.0100282 0.00717241 -0.0029325 -0.00199855 0.00118919 -0.00133334 0.00515068 -0.00381152 -0.000896408 0.00142184 0.00686725 0.002
internal_weight=9660 6403 3257 438 49 389 53 5518 3592 3568 1745 1823 404 115 90 289 265 154 71 58 1926 1373 296 264 73 191 1419 467 113 80
internal_count=9660 6403 3257 438 49 389 53 5518 3592 3568 1745 1823 404 115 90 289 265 154 71 58 1926 1373 296 264 73 191 1419 467 113 80
is_linear=0
shrinkage=0.08


Tree=48
num_leaves=31
num_cat=0
split_feature=5 39 8 7 4 27 4 39 5 8 31 17 31 21 1 4 29 33 13 13 19 39 27 29 5 8 8 8 33 27
split_gain=7.44827 1.12729 1.3461 1.53764 0.987437 3.33899 2.85372 3.40298 2.025 1.36086 0.913415 1.13702 1.7636 0.799534 0.739334 1.07692 0.683977 0.826457 0.655085 1.23455 0.646408 1.5546 0.608092 0.582271 0.863524 0.9 0.737455 1.40097 1.78977 0.599419
threshold=14.926676666666667 90.602500866761829 0.89181108688505106 15.083865000000003 16.500000000000004 15.036200000000003 14.500000000000002 84.945622159077644 15.365283333333336 0.23483386580813245 15.320300000000001 15.586 16.093650000000004 15.971400000000001 22.500000000000004 20.500000000000004 15.390450000000003 0.18970000000000023 16.413050000000002 16.247550000000004 15.557500000000003 83.594616184912368 15.662100000000001 17.423700000000004 17.001466666666669 1.6272946002717763 1.9611396132952359 1.9763996019670673 -0.34154999999999974 17.005200000000006
decision_type=2 2 2 2 2 2 2 2 2 2 2 2 2 2 2 2 2 2 2 2 2 2 2 2 2 2 2 2 2 2
left_child=14 2 3 -2 5 -5 9 8 -8 -7 -6 12 13 20 -1 -16 -11 -18 19 -3 -12 -22 -23 26 25 -25 29 -28 -29 -20
right_child=1 18 -4 4 10 6 7 -9 -10 16 11 -13 -14 -15 15 -17 17 -19 23 -21 21 22 -24 24 -26 -27 27 28 -30 -31
leaf_value=-0.04265184173243261 0.076016623863275318 -0.00063933175296142816 -0.011571766086204281 0.025936060554966445 -0.0068250831354765822 -0.0051947961073766985 0.0060553476405134019 -0.00075564971369644358 0.0088555258885198353 0.0050513131336479321 -0.0021586673147040818 -0.0052483629349017822 0.0043415381191288906 0.0030603231864450519 -0.021165084900698065 0.010486729758190476 -0.0039915915608513541 0.0020828811421259403 -0.00083188696585292368 0.043539410107284369 0.015016648066833709 -0.0048805277153939272 0.0030019309175710954 0.0084209279123393117 1.1307388580223603e-05 -0.00056359625111079424 0.0050627935540720473 0.039170078734472161 -0.0051633478775873747 -0.0025811724282383541
leaf_weight=2494 35 85 768 34 420 456 20 43 20 38 346 860 20 26 42 39 101 26 1051 29 33 128 39 20 1406 20 29 35 77 920
leaf_count=2494 35 85 768 34 420 456 20 43 20 38 346 860 20 26 42 39 101 26 1051 29 33 128 39 20 1406 20 29 35 77 920
internal_value=-0.00294824 -0.00160904 -0.00265573 -0.00179962 -0.00202299 0.000455283 -0.000727275 0.0132048 0.03 -0.00258937 -0.003 -0.00204959 0.000648647 -0.000167834 -0.00663301 0.000888887 0.00363636 0.000818896 -0.000636167 0.00533333 -0.000820515 0.0028 -0.000335331 -0.000827433 0.000409403 0.012 -0.00167424 0.00391489 -0.000142859 -0.00207408
internal_weight=9660 7085 3413 2645 2610 738 704 83 40 621 1872 1452 592 572 2575 81 165 127 3672 114 546 200 167 3558 1446 40 2112 141 112 1971
internal_count=9660 7085 3413 2645 2610 738 704 83 40 621 1872 1452 592 572 2575 81 165 127 3672 114 546 200 167 3558 1446 40 2112 141 112 1971
is_linear=0
shrinkage=0.08


Tree=49
num_leaves=31
num_cat=0
split_feature=7 39 7 21 19 6 31 4 4 23 27 39 39 8 39 19 31 33 33 33 19 4 8 17 21 6 7 39 4 4
split_gain=6.65175 1.35274 0.9146 1.27213 0.897674 1.048 1.02826 1.17837 3.03233 0.934813 1.08671 0.877715 1.07053 1.92054 1.28682 0.880539 0.950302 1.04897 1.11364 0.842552 1.23077 0.807308 2.11411 0.64056 0.605148 1.13709 1.06867 0.585764 0.49019 3.0251
threshold=14.962695833333337 90.90483909241523 15.74930416666667 15.816150000000002 15.763450000000002 0.14829257700588225 15.408500000000002 14.500000000000002 19.500000000000004 15.656950000000002 15.692450000000003 85.138389966621062 87.399401373575856 0.51618519419654196 88.565252373217774 15.523850000000001 15.851650000000001 0.20124999999999996 0.41205000000000075 -0.034500000000000412 15.965100000000001 52.500000000000007 0.26735583742182939 15.523850000000001 14.851500000000001 0.51441968357290035 15.083865000000003 83.307775512192634 46.500000000000007 44.500000000000007
decision_type=2 2 2 2 2 2 2 2 2 2 2 2 2 2 2 2 2 2 2 2 2 2 2 2 2 2 2 2 2 2
left_child=-1 2 3 4 5 -2 -6 -8 -9 19 -11 -5 13 15 -14 -13 -17 -18 -19 20 -10 -4 -23 24 -7 26 -26 -24 29 -3
right_child=1 28 21 11 6 23 7 8 9 10 -12 12 14 -15 -16 16 17 18 -20 -21 -22 22 27 -25 25 -27 -28 -29 -30 -31
leaf_value=-0.040749175580291563 0.089846272035015565 -0.00047852674021331019 -0.011446147578960919 -0.0092501440889121486 -0.013356565869896678 -0.031884734670004342 -0.01564036591968495 0.0104136673863711 0.0073731734055075757 0.00069512449774140287 0.0089300538685277882 -0.001764814396146274 -0.010477550833183625 0.010411019878309781 0.0058715222322366731 -0.0052154691801976497 0.0047389130504677784 -0.0016141508151006521 0.004436590413147477 -0.0038724936560774565 -0.0073925689464657387 0.044637822113119119 0.061233811135749557 -0.004394125646055908 0.096990547021399962 0.0030438956891272167 -0.0020844803937762231 -0.015638770598305193 -0.0019303417335446019 0.0045566930258307574
leaf_weight=2521 35 2681 1027 77 75 115 44 20 26 25 21 56 73 20 20 21 21 22 22 75 26 33 20 654 20 24 934 91 743 118
leaf_count=2521 35 2681 1027 77 75 115 44 20 26 25 21 56 73 20 20 21 21 22 22 75 26 33 20 654 20 24 934 91 743 118
internal_value=-0.00303934 -0.00179185 -0.00288463 -0.00199835 -0.0027278 -0.00342088 0.00123077 0.00381434 0.00650777 0.00309826 0.0128696 0.00260241 0.00486274 0.00879012 -0.0019785 0.00552112 0.0106046 0.0153846 0.00836363 -0.000440947 0.00738461 -0.00472075 0.000888887 -0.00369548 -0.00251052 -0.00186503 -0.0022977 -0.0043964 -0.000682102 -0.000197215
internal_weight=9660 7139 3597 2426 2094 1782 312 237 193 173 46 332 255 162 93 142 86 65 44 127 52 1171 144 1747 1093 978 954 111 3542 2799
internal_count=9660 7139 3597 2426 2094 1782 312 237 193 173 46 332 255 162 93 142 86 65 44 127 52 1171 144 1747 1093 978 954 111 3542 2799
is_linear=0
shrinkage=0.08


Tree=50
num_leaves=31
num_cat=0
split_feature=7 29 31 19 31 23 1 7 4 15 6 17 17 7 31 4 8 1 4 1 4 4 17 4 19 4 31 7 15 25
split_gain=6.58458 1.31422 0.88634 0.687678 0.628667 0.833412 1.3395 0.82806 3.07524 1.34392 0.798671 0.652408 0.810513 1.62791 0.895212 0.648443 0.622373 0.590209 0.762951 0.574497 2.23841 0.644713 0.564654 0.552221 0.516037 1.05049 1.6 0.566717 0.510652 0.990327
threshold=14.962695833333337 17.423700000000004 15.390450000000003 16.775850000000002 15.515000000000002 15.816150000000002 8.5000000000000018 15.136455833333336 13.500000000000002 15.045750000000002 0.14352761051568508 15.557500000000003 15.515000000000002 15.714060833333333 15.621500000000003 1.5000000000000002 0.20827031215425673 22.500000000000004 20.500000000000004 2.5000000000000004 6.5000000000000009 54.500000000000007 13.818850000000003 53.500000000000007 17.403550000000006 15.500000000000002 17.071750000000005 17.371195000000004 16.938100000000002 17.656400000000001
decision_type=2 2 2 2 2 2 2 2 2 2 2 2 2 2 2 2 2 2 2 2 2 2 2 2 2 2 2 2 2 2
left_child=17 4 -3 -4 5 7 -7 8 9 -2 -9 12 15 14 -14 -6 -16 19 -19 20 -1 -22 -17 -10 25 26 -5 -26 -27 -30
right_child=1 2 3 24 11 6 -8 10 23 -11 -12 -13 13 -15 16 22 -18 18 -20 -21 21 -23 -24 -25 27 28 -28 -29 29 -31
leaf_value=0.054490070123226535 0.084354008705264563 0.0020839294533178689 -0.024024218531924137 0.013189541409870371 0.0038298111483897148 0.0041088692560531407 -0.0041402001270627745 0.17297603899258865 -0.012002793250746669 0.0026171140320564818 -0.0059097125020686819 -0.0019796924084806702 -0.002430488798758984 -0.0096545165427187295 0.0055605546833156841 0.06645308813572727 0.0024402560622051399 -0.01621194406221891 0.012907720297312202 -0.037683381718798044 -0.054823376378064281 0.03299805339089687 -0.0011418872334157401 0.059658410250306007 -0.0072271765621034906 -0.0047613435974258487 -0.0042228780409399105 0.00010432015059367313 0.009760462672110292 -0.011236072912227795
leaf_weight=33 21 34 64 20 30 38 91 22 114 23 1200 3428 23 35 25 27 38 42 49 2111 256 30 450 22 119 52 20 1179 42 22
leaf_count=33 21 34 64 20 30 38 91 22 114 23 1200 3428 23 35 25 27 38 42 49 2111 256 30 450 22 119 52 20 1179 42 22
internal_value=-0.00289855 -0.00165738 0.00040206 0.00011594 -0.00222946 -0.00361071 0.00254263 -0.00417689 0.000888887 0.0192727 -0.00492308 -0.00170809 0.000662418 0.00654545 0.0124651 -0.000741619 0.0173968 -0.00641333 -8.7914e-05 -0.00665021 -0.0034859 -0.00576224 -0.00145912 -0.00505883 0.000473176 0.00482051 0.016 -4.93085e-05 0.000965515 0.00575
internal_weight=9660 7139 1552 1518 5587 1531 129 1402 180 44 1222 4056 628 121 86 507 63 2521 91 2430 319 286 477 136 1454 156 40 1298 116 64
internal_count=9660 7139 1552 1518 5587 1531 129 1402 180 44 1222 4056 628 121 86 507 63 2521 91 2430 319 286 477 136 1454 156 40 1298 116 64
is_linear=0
shrinkage=0.08


Tree=51
num_leaves=31
num_cat=0
split_feature=15 13 13 39 27 31 27 17 2 5 5 29 21 23 6 29 4 4 33 1 1 4 29 29 13 4 33 6 8 13
split_gain=7.10577 1.15348 1.15734 0.706014 0.679639 0.686128 0.583801 0.92863 0.92265 1.83508 1.00695 0.724275 0.710476 0.576376 0.492082 0.465197 0.435969 4.1736 2.18159 1.61265 2.94178 3.68906 1.40072 1.46901 0.936643 0.851091 0.782221 1.11033 1.33046 0.700206
threshold=15.105100000000002 17.042850000000005 14.197750000000001 81.396138763479414 16.775850000000002 15.408500000000002 17.005200000000006 16.964700000000004 2.5000000000000004 17.062836666666673 17.044630000000005 17.094800000000003 16.817100000000003 17.189100000000007 0.21433437131324515 14.066000000000001 46.500000000000007 44.500000000000007 0.32834999999999953 1.5000000000000002 1.0000000180025095e-35 53.500000000000007 16.455400000000004 15.736050000000002 16.824400000000001 29.500000000000004 0.14199999999999949 0.19609252504977664 0.19775194289623474 15.479500000000003
decision_type=2 2 2 2 2 2 2 2 2 2 2 2 2 2 2 2 2 2 2 2 2 2 2 2 2 2 2 2 2 2
left_child=3 2 -2 -1 14 -6 7 8 -7 10 -10 -8 -9 -11 -3 -4 17 25 22 20 -18 -22 23 -19 -24 26 -17 28 -28 -29
right_child=1 4 15 -5 5 6 11 12 9 13 -12 -13 -14 -15 -16 16 19 18 -20 -21 21 -23 24 -25 -26 -27 27 29 -30 -31
leaf_value=-0.037292688842427001 0.13244809402197161 0.0029020506769606548 0.0026188953810199395 -0.0046401604002770623 0.0033531965138517143 0.0002797576165264602 -0.0028149237257496917 0.0072087451133790933 0.10749557646971299 0.0039951501544758291 0.14451196199095251 4.4015328285987415e-05 -0.0029676678840913394 -0.0038264211493339983 -0.006432052404348655 -0.0031340555114978061 -0.015927846254285786 0.0078264381006238667 -0.00044177545843050329 -0.0058011042550448243 -0.001374641240572587 0.056811503014461744 -0.0025401320290747214 0.0066431388039279804 0.003297707888619791 -0.0041304956933882631 0.22215313578392756 -0.0040811655220408865 0.00062676148453360647 0.00040589632881697342
leaf_weight=2480 24 20 31 383 21 95 242 31 25 20 27 1454 151 31 221 1373 45 21 58 860 23 21 21 31 20 1080 30 184 141 496
leaf_count=2480 24 20 31 383 21 95 242 31 25 20 27 1454 151 31 221 1373 45 21 58 860 23 21 21 31 20 1080 30 184 141 496
internal_value=-0.00284058 -0.0014324 -0.00218704 -0.00618373 6.84155e-06 0.00046924 0.000323698 0.00315789 0.00694949 0.0121942 0.0227692 -0.000311323 -0.000967035 0.00141176 -0.0040166 -0.00228185 -0.00235059 -0.00193343 0.0110728 -0.00386934 0.00638202 0.0210909 0.0186667 0.0273846 0.00760975 -0.00252785 -0.0016331 0.000272619 0.00603509 -0.00117647
internal_weight=9660 6797 4459 2863 2338 2097 2076 380 198 103 52 1696 182 51 241 4435 4404 3455 151 949 89 44 93 52 41 3304 2224 851 171 680
internal_count=9660 6797 4459 2863 2338 2097 2076 380 198 103 52 1696 182 51 241 4435 4404 3455 151 949 89 44 93 52 41 3304 2224 851 171 680
is_linear=0
shrinkage=0.08


Tree=52
num_leaves=31
num_cat=0
split_feature=5 13 19 1 4 4 4 4 27 8 8 29 1 39 39 4 7 8 29 25 31 17 1 4 1 1 4 4 1 6
split_gain=6.7614 1.00627 0.857504 0.71868 1.07692 0.603322 3.80978 3.81318 2.7527 0.986681 0.741964 0.750257 0.592157 0.587227 0.572339 0.748851 1.63286 1.90324 0.569085 0.57331 1.00278 0.503183 0.476925 0.731325 2.64895 4.57143 0.592704 2.59929 1.83591 0.985842
threshold=14.926676666666667 17.042850000000005 15.4565 22.500000000000004 20.500000000000004 16.500000000000004 14.500000000000002 15.500000000000002 15.000850000000002 0.67300804801402048 0.34381080402099057 15.896950000000002 7.5000000000000009 75.143283985082761 83.787383992455787 6.5000000000000009 16.312594166666671 0.22308917770562225 16.867950000000004 16.750600000000002 16.964700000000004 16.681500000000003 6.5000000000000009 52.500000000000007 1.5000000000000002 1.0000000180025095e-35 46.500000000000007 44.500000000000007 10.500000000000002 0.27101768935776094
decision_type=2 2 2 2 2 2 2 2 2 2 2 2 2 2 2 2 2 2 2 2 2 2 2 2 2 2 2 2 2 2
left_child=2 5 3 -1 -5 6 8 10 9 -2 11 -8 14 -7 -10 16 17 -16 -3 20 -20 -21 23 -15 25 -25 27 -24 -29 -30
right_child=1 18 -4 4 -6 13 7 -9 12 -11 -12 -13 -14 22 15 -17 -18 -19 19 21 -22 -23 26 24 -26 -27 -28 28 29 -31
leaf_value=-0.031685296073899992 0.060550188082369935 -0.0037439657627490893 0.0020349929974263284 -0.014362452369639272 0.014311987250064757 0.11463195300397608 0.0059868254120388174 -0.00090694703185589104 -0.012562993940127512 0.00015189637103926506 0.0074196844908842353 0.01381587580443203 -0.0037526576325888927 -0.005397352094540976 -0.0048326876152455962 -0.0040191647192375658 -0.0013916034062523748 0.0099457866761240472 -0.0028049261767579626 0.089716095661727738 0.01450569464048386 -0.00013323721909690739 -0.002141613884453177 -0.031020732823249884 -0.0098172578770186428 0.11030406776913688 -0.0045716041637521325 0.00603346953217033 0.0033903525430972652 -0.0064904369948141282
leaf_weight=2470 29 388 24 42 39 22 20 86 105 27 31 33 754 954 21 139 82 26 24 37 36 1879 1420 28 125 28 677 26 61 27
leaf_count=2470 29 388 24 42 39 22 20 86 105 27 31 33 754 954 21 139 82 26 24 37 36 1879 1420 28 125 28 677 26 61 27
internal_value=-0.00287371 -0.00159774 -0.00638447 -0.00652607 0.000888887 -0.0022724 -0.00084553 0.0103529 -0.00245478 0.0148571 0.0224762 0.0282264 -0.003315 -0.00284561 -0.000707777 0.00125373 0.00564341 0.0175319 -0.000250425 0.000299593 0.008 5.84532e-05 -0.00293126 -0.00426432 0.000397788 0.0148571 -0.00224695 -0.00137679 0.0102456 0.00472727
internal_weight=9660 7085 2575 2551 81 4721 1353 170 1183 56 84 53 1127 3368 373 268 129 47 2364 1976 60 1916 3346 1135 181 56 2211 1534 114 88
internal_count=9660 7085 2575 2551 81 4721 1353 170 1183 56 84 53 1127 3368 373 268 129 47 2364 1976 60 1916 3346 1135 181 56 2211 1534 114 88
is_linear=0
shrinkage=0.08


Tree=53
num_leaves=31
num_cat=0
split_feature=15 17 29 29 31 39 21 1 4 31 23 1 27 6 21 25 39 8 4 6 39 19 4 27 8 7 31 5 23 4
split_gain=6.63002 1.15607 1.13948 0.728521 0.694197 0.717385 0.808128 0.658468 0.87787 0.56813 0.965821 1.89021 0.911595 0.631353 0.931224 0.734043 0.507271 0.696229 0.574555 0.486632 0.455486 0.838532 1.03546 0.852822 0.48906 0.595055 0.544042 0.439528 0.453133 0.41957
threshold=15.105100000000002 13.818850000000003 17.462750000000003 13.851850000000002 15.390450000000003 91.640293139530755 16.892300000000002 22.500000000000004 48.500000000000007 15.426750000000002 15.798950000000003 8.5000000000000018 15.490150000000002 0.17849896722546155 15.656950000000002 15.390450000000003 83.787383992455787 0.84338032758635817 25.500000000000004 0.15246889222746074 84.966557449882785 15.662100000000001 39.500000000000007 15.213850000000003 0.20644902317012534 15.386879166666668 15.971400000000001 15.523313333333336 15.249300000000002 28.500000000000004
decision_type=2 2 2 2 2 2 2 2 2 2 2 2 2 2 2 2 2 2 2 2 2 2 2 2 2 2 2 2 2 2
left_child=7 -2 3 -3 -4 -6 -7 16 -9 10 19 -12 13 14 15 -11 -1 18 -18 -5 21 23 -23 -15 25 -22 -26 -14 -29 -28
right_child=1 2 4 9 5 6 -8 8 -10 12 11 -13 27 20 -16 -17 17 -19 -20 -21 24 22 -24 -25 26 -27 29 28 -30 -31
leaf_value=-0.026331177747048368 0.05311766632016908 0.0011374405369286623 0.0013504622211903937 0.089186881061342246 -0.010057622318404782 0.021459808886463067 4.7444967747276536e-05 -0.012654166919835404 0.0047028164102971377 0.0027085210381387614 0.0039693914955400847 -0.010977604795942304 -0.008838614707038726 0.0027429593734192947 0.0036445108116678867 -0.0040884849959922451 0.064419529415028154 -0.018421187892172029 -0.0023575989925714749 -0.0053689718431250387 0.002538569806402748 0.0042070642637648519 0.014389074048855767 -0.00345415106764713 -0.0046853255965505327 -0.001591382394160697 0.040077466468677381 0.010415800050014065 -0.0019051923304332092 -0.0050798231123216188
leaf_weight=2650 34 31 32 21 101 35 1318 74 21 24 32 54 84 40 21 23 25 65 28 852 21 37 22 123 135 39 20 31 3646 21
leaf_count=2650 34 31 32 21 101 35 1318 74 21 24 32 54 84 40 21 23 25 65 28 852 21 37 22 123 135 39 20 31 3646 21
internal_value=-0.00289855 -0.00153833 -0.0016123 -0.00216335 0.000344547 8.80311e-05 0.000573538 -0.00612784 0.000421051 -0.00223561 -0.00399583 0.00409302 -0.00184185 0.00127756 0.00847059 0.00221276 -0.0063526 -0.00122034 0.0055849 -0.00479267 0.000209605 0.00281081 0.010983 -0.000147241 -0.00223729 0.004 -0.00436364 -0.00227812 -0.0021474 0.00370732
internal_weight=9660 6797 6763 5277 1486 1454 1353 2863 95 5246 959 86 4287 526 68 47 2768 118 53 873 458 222 59 163 236 60 176 3761 3677 41
internal_count=9660 6797 6763 5277 1486 1454 1353 2863 95 5246 959 86 4287 526 68 47 2768 118 53 873 458 222 59 163 236 60 176 3761 3677 41
is_linear=0
shrinkage=0.08


Tree=54
num_leaves=31
num_cat=0
split_feature=39 15 7 1 8 1 4 7 39 31 23 27 8 31 7 21 6 17 7 39 15 13 17 25 15 7 23 25 29 15
split_gain=6.55034 1.01405 0.788086 0.632823 0.894622 0.618761 0.90167 0.60035 0.647825 0.608162 0.545836 0.664523 1.34258 1.88225 0.508651 1.32606 1.21 0.888074 0.810758 0.778952 0.623366 0.901419 1.09536 0.589687 0.523141 0.72 0.553377 0.667712 0.952381 0.713822
threshold=82.822457407164464 15.725800000000001 18.07695166666667 12.500000000000002 1.3740552445117997 22.500000000000004 48.500000000000007 15.312054166666668 93.5682431018584 15.426750000000002 19.011950000000002 18.158950000000001 1.0368215307608737 17.911800000000003 15.714060833333333 16.158800000000003 0.25791720907669763 15.557500000000003 15.710035833333336 90.90483909241523 16.628950000000003 16.247550000000004 16.817100000000003 16.489300000000004 15.249300000000002 15.379579166666669 15.621500000000003 15.557500000000003 15.523850000000001 15.851650000000001
decision_type=2 2 2 2 2 2 2 2 2 2 2 2 2 2 2 2 2 2 2 2 2 2 2 2 2 2 2 2 2 2
left_child=1 5 7 -3 -5 -1 -7 8 -2 -9 11 14 13 -13 15 17 -17 18 24 -16 21 -21 23 -23 25 -11 -26 28 -28 -29
right_child=2 3 -4 4 -6 6 -8 9 -10 10 -12 12 -14 -15 19 16 -18 -19 -20 20 -22 22 -24 -25 26 -27 27 29 -30 -31
leaf_value=-0.020147014134977433 0.0021521509825952489 -0.013088479572317549 0.00024670520595661597 0.070823841186804015 -0.0056835490514696718 -0.011881529616610912 0.0043265910974733318 -0.0041012413345232167 -0.0825431305459879 -0.0050684941431224937 -0.018624603671144942 0.033034016871442015 -0.01095843831185714 -0.00049108934561345572 -0.0062056873270036244 0.0076863401854043792 0.00046750225257582517 -0.0018133276885891612 0.0033258023241513933 -0.015404518576002871 -0.0011788922654748315 0.0027791958627334666 -0.0023198641699885667 0.099618451532760111 -0.0016550924162504644 0.0025098844967691692 0.0010282581786835198 -0.0028539121804057543 0.0057339893327129432 0.0027881388924309641
leaf_weight=2961 201 49 920 23 33 77 21 622 34 30 84 38 59 44 1106 20 25 491 33 45 2250 20 28 23 241 45 42 44 28 23
leaf_count=2961 201 49 920 23 33 77 21 622 34 30 84 38 59 44 1106 20 25 491 33 45 2250 20 28 23 241 45 42 44 28 23
internal_value=-0.00284058 -0.00582554 -0.0013867 0.00190476 0.00771428 -0.00609088 0.000163263 -0.00174462 0.00221276 -0.00191874 -0.00160882 -0.00149299 0.00391489 0.0105366 -0.00166266 -9.39354e-05 0.0133333 -0.000712387 0.00171193 -0.00212443 -0.00130516 0.00441379 0.0100282 0.0180465 0.00083002 0.00693333 -0.000380954 0.00367883 0.00914286 -0.00202985
internal_weight=9660 3164 6496 105 56 3059 98 5576 235 5341 4719 4635 141 82 4494 1022 45 977 486 3472 2366 116 71 43 453 75 378 137 70 67
internal_count=9660 3164 6496 105 56 3059 98 5576 235 5341 4719 4635 141 82 4494 1022 45 977 486 3472 2366 116 71 43 453 75 378 137 70 67
is_linear=0
shrinkage=0.08


Tree=55
num_leaves=31
num_cat=0
split_feature=39 15 7 5 33 8 23 8 1 8 7 33 33 19 7 4 27 17 6 4 4 8 2 1 1 1 8 8 31 8
split_gain=6.67454 1.10348 0.753136 0.664669 0.606458 0.55469 0.553804 0.573826 0.977366 0.916803 0.902797 1.03926 1.00348 0.635376 0.819936 0.549028 0.973074 0.958865 0.657026 1.07106 3.04119 1.04453 1.075 1.04303 6.04742 1.12887 0.904329 1.89343 0.706971 0.748157
threshold=81.396138763479414 15.550500000000001 18.074944166666672 14.558950000000001 0.68310000000000148 1.2698807497509568 19.011950000000002 1.7064975938968319 22.500000000000004 1.1683528646594907 15.716931666666669 0.21900000000000033 -0.72444999999999904 16.750600000000002 16.302275833333336 27.500000000000004 18.158950000000001 17.911800000000003 0.21683218376363675 14.500000000000002 15.500000000000002 0.23540509187572478 1.5000000000000002 10.500000000000002 12.500000000000002 20.500000000000004 0.34381080402099057 0.25965866832446266 15.105100000000002 0.22114740689722961
decision_type=2 2 2 2 2 2 2 2 2 2 2 2 2 2 2 2 2 2 2 2 2 2 2 2 2 2 2 2 2 2
left_child=1 -1 3 -2 -4 -3 7 9 10 15 11 -9 -12 -14 -15 16 18 -18 19 21 -21 -5 -23 -22 -25 -26 27 -24 -20 -30
right_child=2 5 4 6 -6 -7 -8 8 -10 -11 12 -13 13 14 -16 -17 17 -19 28 20 23 22 26 24 25 -27 -28 -29 29 -31
leaf_value=-0.028056194698558842 0.0020043055667568616 0.0093586616601572387 2.778463611848573e-05 -0.0033638143209463595 0.00071713177243781974 -0.0025894584047326244 -0.016950998324629041 4.4718868822840293e-05 0.0031186575552985037 -0.0088978241020348445 0.066389832360224235 0.0028609088852482932 -0.0059624613613358073 0.0035940843501559008 -0.0016964008571802084 -0.0017738018237416111 0.088446609380151128 -0.000475566101498133 0.0060891065645876322 0.0068341505733867805 -0.0021811541612442894 -0.0057708659309239786 0.0014057661824667023 0.26389052288490328 -0.002235769423161716 0.1533084089206494 -0.0026754036013826431 0.013531984289113754 -0.0039634193616206138 -0.0011930951876184552
leaf_weight=2577 38 21 910 398 45 45 90 41 32 557 20 20 133 26 199 2570 20 27 62 43 185 46 41 38 199 23 37 24 311 882
leaf_count=2577 38 21 910 398 45 45 90 41 32 557 20 20 133 26 199 2570 20 27 62 43 185 46 41 38 199 23 37 24 311 882
internal_value=-0.00266667 -0.00609308 -0.00137609 -0.00170505 0.00071204 0.00412121 -0.00177158 -0.00167712 0.00100212 -0.00190811 1.82213e-05 0.00904918 -0.00143916 -0.00241341 0.000177776 -0.00155891 -0.000671235 0.0107234 -0.000905201 0.000588006 0.00331147 -0.00184616 0.00389189 0.00134831 0.00461538 -0.000432434 0.00847059 0.0141538 -0.00213546 -0.00256832
internal_weight=9660 2643 7017 6062 955 66 6024 5934 471 5463 439 61 378 358 225 4906 2336 47 2289 1034 488 546 148 445 260 222 102 65 1255 1193
internal_count=9660 2643 7017 6062 955 66 6024 5934 471 5463 439 61 378 358 225 4906 2336 47 2289 1034 488 546 148 445 260 222 102 65 1255 1193
is_linear=0
shrinkage=0.08


Tree=56
num_leaves=31
num_cat=0
split_feature=39 1 29 29 7 7 31 13 27 25 8 27 39 4 1 23 6 6 6 39 25 6 1 4 31 1 4 25 4 4
split_gain=6.73863 1.05547 0.741634 0.793645 0.701798 0.666368 1.60266 1.22699 1.12914 1.12712 0.748538 0.975011 0.75 0.747983 0.67045 1.83973 0.654971 0.651781 1.26572 0.579314 0.634787 0.553257 0.804082 2.50018 0.542212 0.696606 0.81 0.603445 0.68184 0.880525
threshold=80.758563998050235 20.500000000000004 16.9785 14.09895 15.776860833333336 15.760182500000001 15.965100000000001 15.621500000000003 16.045950000000005 16.305350000000004 0.23287527216473966 16.144550000000006 86.443447055772467 5.5000000000000009 2.5000000000000004 14.952100000000002 2.0387000609981727 0.27272974107015518 0.51441968357290035 93.6848825792013 16.144550000000006 0.28780375698079025 22.500000000000004 20.500000000000004 14.883000000000001 22.500000000000004 20.500000000000004 15.621500000000003 49.500000000000007 44.500000000000007
decision_type=2 2 2 2 2 2 2 2 2 2 2 2 2 2 2 2 2 2 2 2 2 2 2 2 2 2 2 2 2 2
left_child=1 -1 3 16 -3 6 14 -8 -7 10 12 -12 -9 17 15 -5 -2 -10 -19 20 -15 22 -4 -24 -16 27 -27 28 29 -26
right_child=2 4 21 5 -6 8 7 9 13 -11 11 -13 -14 19 24 -17 -18 18 -20 -21 -22 -23 23 -25 25 26 -28 -29 -30 -31
leaf_value=-0.034335498774425689 0.007499356690763943 -0.013051689357049128 3.3751426115180754e-05 0.04943520101226908 0.076634895379207063 -0.017335020338176025 -0.0011286618095204355 0.0041054046791285919 -0.0011766009934934254 -0.0040656953141569672 0.0041758326840573021 0.0019182536122943623 -0.00030882373232544422 0.00088281310603092729 -0.017739582672924328 -0.0011436808736087628 -2.5124785022546255e-06 0.011360115255213576 -0.0071951813004225212 0.00060134705466812009 -0.004245091395684966 -0.0022173677957351436 -0.01310210637222472 0.13433723874020595 -0.0010021024450008297 -0.00516977104997566 0.041237924434301729 -0.0024268055774444518 -0.0067566146169371092 0.002721717944852613
leaf_weight=2152 21 259 1867 40 32 322 96 20 87 24 23 22 30 97 168 145 36 26 20 236 1183 655 32 27 1015 25 20 606 256 118
leaf_count=2152 21 259 1867 40 32 322 96 20 87 24 23 22 30 97 168 145 36 26 20 236 1183 655 32 27 1015 25 20 606 256 118
internal_value=-0.00256729 -0.00619894 -0.00133795 -0.00194306 -0.00167698 -0.00205984 -0.00122086 0.00539535 -0.00316997 0.0108235 0.0147368 0.0222222 0.008 -0.00232383 -0.0018153 0.00281081 0.00743859 0.00342857 0.0111304 -0.0028285 -0.0035 -0.000251067 0.000431981 0.00962712 -0.0022029 -0.00184314 0.008 -0.00206516 -0.00114615 -0.000303621
internal_weight=9660 2443 7217 4636 291 4579 2608 215 1971 119 95 45 50 1649 2393 185 57 133 46 1516 1280 2581 1926 59 2208 2040 45 1995 1389 1133
internal_count=9660 2443 7217 4636 291 4579 2608 215 1971 119 95 45 50 1649 2393 185 57 133 46 1516 1280 2581 1926 59 2208 2040 45 1995 1389 1133
is_linear=0
shrinkage=0.08


Tree=57
num_leaves=31
num_cat=0
split_feature=5 29 7 31 13 39 39 23 21 4 31 39 4 15 8 33 29 31 15 1 4 17 31 5 29 25 21 31 31 15
split_gain=6.41388 0.794719 0.8336 0.970349 1.12281 0.90779 0.984375 0.886317 0.845414 1.26197 0.832494 1.22296 0.795091 0.866957 1.40057 0.58224 0.703021 2.07439 0.537438 0.489796 0.476401 0.867608 0.77214 0.749295 0.777482 0.889992 0.948671 0.719458 0.813127 0.502164
threshold=14.665543333333334 16.867950000000004 15.760182500000001 15.965100000000001 15.586 87.513050095089469 88.349917953507813 16.121200000000005 15.816150000000002 40.500000000000007 15.390450000000003 89.913267591553748 54.500000000000007 17.265850000000004 0.26735583742182939 0.18970000000000023 16.158800000000003 16.535050000000002 15.426750000000002 6.5000000000000009 27.500000000000004 16.226550000000003 15.408500000000002 15.357210000000002 14.817800000000002 14.750550000000002 15.490150000000002 15.019750000000002 14.851500000000001 15.176350000000001
decision_type=2 2 2 2 2 2 2 2 2 2 2 2 2 2 2 2 2 2 2 2 2 2 2 2 2 2 2 2 2 2
left_child=18 2 3 20 -5 8 -7 -4 -6 -10 -3 -12 15 14 -14 -9 17 -17 -1 -16 21 23 -22 24 -2 -26 27 28 -27 -24
right_child=1 10 7 4 5 6 -8 12 9 -11 11 -13 13 -15 19 16 -18 -19 -20 -21 22 -23 29 -25 25 26 -28 -29 -30 -31
leaf_value=-0.026637723423394266 -0.0083413875261078539 0.0025048221333673509 -0.014406103280333456 -0.0017976417212319394 -0.0018809257815104797 -0.010578415992220556 0.0052965490382816801 -0.0039097816830946722 0.0034693396755056415 0.0035312996920981235 -0.023430530512258657 -0.00025189244879725932 0.031341488044999241 -0.0068862162974409162 -0.017278286809943828 -0.011264586213496915 -0.0013001460138420422 0.006277578620838861 0.0016057093053134627 0.0056849069695720034 -0.0055872335600319683 0.0068994082013389248 0.0023647421869348578 -0.0016231185266639158 0.011217200970041112 -0.019677381963191763 0.0023392815833674042 -0.0012773364171465773 0.019654461313356381 -0.0010492857756706166
leaf_weight=2316 56 37 384 79 21 36 28 784 39 22 137 2917 29 28 24 21 255 20 23 25 644 31 48 740 20 28 35 181 37 615
leaf_count=2316 56 37 384 79 21 36 28 784 39 22 137 2917 29 28 24 21 255 20 23 25 644 31 48 740 20 28 35 181 37 615
internal_value=-0.0026087 -0.00144352 -0.00215603 -0.00129323 0.00373333 0.00789041 0.000749998 -0.00361784 0.0134634 0.0182295 -0.000468459 -0.000612969 -0.00253626 0.00407547 0.00841025 -0.00318519 -0.000162164 0.00956097 -0.00625567 0.000163263 -0.0017577 -0.000553193 -0.00279725 -0.000926164 0.00208403 0.00369435 0.00253381 0.000780486 0.008 -0.000880847
internal_weight=9660 7321 4230 2660 225 146 64 1570 82 61 3091 3054 1186 106 78 1080 296 41 2339 49 2435 1128 1307 1097 357 301 281 246 65 663
internal_count=9660 7321 4230 2660 225 146 64 1570 82 61 3091 3054 1186 106 78 1080 296 41 2339 49 2435 1128 1307 1097 357 301 281 246 65 663
is_linear=0
shrinkage=0.08


Tree=58
num_leaves=31
num_cat=0
split_feature=39 1 29 29 7 31 13 25 27 5 21 5 1 19 8 27 4 23 6 23 29 8 6 31 17 39 25 19 4 4
split_gain=6.44058 0.810919 0.744289 0.758048 0.914998 1.27078 0.937186 0.827058 0.699283 0.684712 1.00877 1.40515 0.790904 0.664866 0.660888 1.20333 0.6569 0.658442 0.629636 0.586024 0.820612 1.3801 1.22885 0.653883 1.52064 0.605795 0.543311 0.535499 0.514049 0.635053
threshold=82.137574322253542 20.500000000000004 13.851850000000002 16.867950000000004 15.760182500000001 15.935150000000002 15.621500000000003 16.305350000000004 16.108650000000004 15.357210000000002 15.4565 15.34720666666667 2.5000000000000004 16.029150000000005 0.22894849331611244 16.144550000000006 3.5000000000000004 16.775850000000002 0.1660777846506479 15.625350000000003 15.523850000000001 0.2323171153389697 0.25178008375374289 15.699150000000001 15.557500000000003 84.048395410286062 15.586 15.195600000000001 14.500000000000002 19.500000000000004
decision_type=2 2 2 2 2 2 2 2 2 2 2 2 2 2 2 2 2 2 2 2 2 2 2 2 2 2 2 2 2 2
left_child=1 -1 13 4 5 9 -7 14 -6 10 12 -12 -4 -2 26 -16 17 -10 -14 -11 27 23 -23 25 -25 -22 -8 -21 -3 -30
right_child=2 28 3 -5 8 6 7 -9 16 19 11 -13 18 -15 15 -17 -18 -19 -20 20 21 22 -24 24 -26 -27 -28 -29 29 -31
leaf_value=-0.021869919226205591 0.0018117746160157754 -0.016841770598564138 0.021649017708596612 -0.00024073296394370539 -0.013380018831941174 -0.00039737502898508137 -0.0006083535583807885 -0.0031433127612527341 0.034903344465493528 -0.0022460689052656766 0.00066758220601504531 0.004908250036347552 0.061451153283594302 -0.00023410883448010043 0.0039019151164943213 0.0024809829085297563 -0.0034313664641146043 -0.0011612848146016828 -0.0032793343603138561 0.0023390341792532817 0.004502970714716943 0.0047944608054483993 -0.0051766310703069331 0.0034571120284148326 -0.0019657561710210354 -0.002593952591781671 0.0032575362662582248 -0.0036834909182217983 0.016611299203961087 -0.0054180752296992324
leaf_weight=2509 20 95 47 3039 308 101 20 22 35 1058 51 20 21 21 30 20 1079 42 243 27 22 37 29 23 42 192 26 222 30 229
leaf_count=2509 20 95 47 3039 308 101 20 22 35 1058 51 20 21 21 30 20 1079 42 243 27 22 37 29 23 42 192 26 222 30 229
internal_value=-0.00252588 -0.0057087 -0.00118523 -0.00125045 -0.00201668 -0.00100488 0.00478539 0.00962712 -0.00357377 -0.00162832 0.00142408 0.0100282 -0.000540195 0.00956097 0.0128333 0.0192 -0.00267128 0.00446753 -0.00224243 -0.00233414 -0.000323234 0.0022029 0.0126061 -0.000258066 0.00676923 -0.00239253 0.00591304 -0.0038233 -0.0021243 -0.000277994
internal_weight=9660 2863 6797 6756 3717 2253 219 118 1464 2034 382 71 311 41 96 50 1156 77 264 1652 594 345 66 279 65 214 46 249 354 259
internal_count=9660 2863 6797 6756 3717 2253 219 118 1464 2034 382 71 311 41 96 50 1156 77 264 1652 594 345 66 279 65 214 46 249 354 259
is_linear=0
shrinkage=0.08


Tree=59
num_leaves=31
num_cat=0
split_feature=15 1 29 31 39 4 6 7 31 21 39 1 31 6 27 29 29 5 33 33 7 31 33 31 5 33 5 4 21 4
split_gain=6.65322 0.80589 0.767633 0.858864 0.897363 0.757069 0.744666 0.696659 0.813769 0.806153 1.45859 0.995517 0.93575 0.762624 0.666361 0.617574 0.719701 1.10119 1.46726 0.588005 0.724699 1.44231 0.582726 0.591196 0.8292 0.994695 1.1828 0.776519 0.557576 0.550773
threshold=14.883000000000001 22.500000000000004 16.867950000000004 15.390450000000003 88.664219202478435 45.500000000000007 2.8672400861295499 15.721529166666668 15.935150000000002 15.625350000000003 87.399401373575856 17.500000000000004 16.045950000000005 0.22939114300188604 16.108650000000004 14.284200000000002 14.883000000000001 15.078396666666668 -0.17240000000000053 0.18970000000000023 16.321236666666671 16.566100000000002 -0.76014999999999933 15.408500000000002 15.357210000000002 0.46274999999999983 15.340113333333335 25.500000000000004 16.226550000000003 55.500000000000007
decision_type=2 2 2 2 2 2 2 2 2 2 2 2 2 2 2 2 2 2 2 2 2 2 2 2 2 2 2 2 2 2
left_child=1 -1 7 -4 -5 -3 -6 8 15 -10 11 12 -11 -14 -9 -2 -17 18 -18 29 21 -21 -19 27 25 26 -25 -24 -12 -16
right_child=2 5 3 4 6 -7 -8 14 9 10 28 -13 13 -15 19 16 17 22 -20 20 -22 -23 23 24 -26 -27 -28 -29 -30 -31
leaf_value=-0.019184247808752133 0.0014620795350762995 -0.022563335286479309 0.0023972186882996339 -0.023484949185691401 -0.00023708526455404319 0.0098178827911539496 0.097446199160182892 -0.011080550356648238 -0.017743141524197033 0.0048547106123006658 -0.00811559982372035 -0.00080323408428080445 -7.0895798177016795e-05 0.0031307801073178591 -0.003359827301930904 -0.014834657380978227 0.042619178137008565 0.015145043098957586 0.00011389517873494158 -0.00216031282889438 -0.0011183489116975158 0.0037821497845516141 -0.00092414209525024213 0.00075830419073696931 -0.00059789607395425851 -0.0079478709642874859 0.0096498371669059453 -0.0058094961080212039 0.0022825042758473613 0.002116997109687394
leaf_weight=2412 32 61 36 97 2877 21 38 449 31 23 46 25 26 25 793 231 21 33 52 52 245 26 362 35 1042 20 23 426 20 80
leaf_count=2412 32 61 36 97 2877 21 38 449 31 23 46 25 26 25 793 231 21 33 52 52 245 26 362 35 1042 20 23 426 20 80
internal_value=-0.00248447 -0.00604331 -0.00124589 -0.000283466 -0.000430281 0.0017561 -0.00017839 -0.00195823 -0.00110959 0.00383673 0.0060606 0.012202 0.0168649 0.0108235 -0.00323404 -0.00153536 -0.00169265 -0.00120755 0.00843835 -0.00224749 0.000668729 0.00738461 -0.00157033 -0.00175262 -0.00057143 0.00738461 0.0126897 -0.00343147 -0.00315152 -0.00332646
internal_weight=9660 2494 7166 3048 3012 82 2915 4118 2473 196 165 99 74 51 1645 2277 2245 2014 73 1196 323 78 1941 1908 1120 78 58 788 66 873
internal_count=9660 2494 7166 3048 3012 82 2915 4118 2473 196 165 99 74 51 1645 2277 2245 2014 73 1196 323 78 1941 1908 1120 78 58 788 66 873
is_linear=0
shrinkage=0.08


Tree=60
num_leaves=31
num_cat=0
split_feature=39 29 2 1 7 4 5 4 4 33 1 1 33 1 1 4 4 6 8 31 4 4 33 33 33 25 8 8 17 33
split_gain=6.76416 1.26293 1.07638 0.77087 0.747675 0.692915 0.936643 0.606249 4.31719 2.17853 1.60139 1.22828 1.75819 0.955657 1.3793 1.73077 0.783798 0.782767 0.773039 0.721171 0.672957 0.638441 0.616351 0.595302 0.541498 0.516469 0.428693 0.625683 0.865801 0.43329
threshold=79.979879934856555 13.950650000000001 3.5000000000000004 20.500000000000004 18.074944166666672 48.500000000000007 14.628350000000003 46.500000000000007 44.500000000000007 0.32834999999999953 13.500000000000002 5.5000000000000009 -1.0000000180025095e-35 1.5000000000000002 1.0000000180025095e-35 54.500000000000007 36.500000000000007 0.14352761051568508 1.9611396132952359 17.071750000000005 35.500000000000007 34.500000000000007 -0.032950000000000472 0.68310000000000148 0.4478999999999998 16.929950000000002 0.18838494072592207 0.19162589776512315 15.426750000000002 0.14599999999999994
decision_type=2 2 2 2 2 2 2 2 2 2 2 2 2 2 2 2 2 2 2 2 2 2 2 2 2 2 2 2 2 2
left_child=3 2 -2 -1 7 -5 -7 8 16 10 11 -10 -13 14 -9 -16 17 -3 -15 -20 21 26 -22 -6 -18 -26 -19 28 -28 -29
right_child=1 4 -4 5 23 6 -8 13 9 -11 -12 12 -14 18 15 -17 24 20 19 -21 22 -23 -24 -25 25 -27 27 29 -30 -31
leaf_value=-0.03322341894658308 -0.0014618794329971205 0.11775893732347678 0.003972058759023742 -0.01824536260496484 8.1238605323665159e-05 -0.020179695085641942 0.082335032612190204 -0.010871341531919678 0.005129253009537719 -0.00034521804509791482 0.0021970546810657302 0.005122185138254293 0.005683572302175686 -0.0039548934233662233 6.1098340035436023e-05 0.091750138242099377 -0.0037715770987934334 -0.0067986130996034282 -0.0042269601469517191 0.015169507803336993 0.0014854272945570533 -0.018593631478513915 0.00029367324413602226 0.00082349150446496772 0.004001535438381376 -0.0097840438351315204 -0.0020581361354070327 -0.0016587697152944843 0.0037834701190874176 -4.1603736967889717e-05
leaf_weight=1961 27 22 22 177 910 21 20 62 35 79 66 21 20 1199 32 20 766 102 36 35 23 117 98 45 45 31 42 2309 24 1293
leaf_count=1961 27 22 22 177 910 21 20 62 35 79 66 21 20 1199 32 20 766 102 36 35 23 117 98 45 45 31 42 2309 24 1293
internal_value=-0.00235197 -0.00120947 0.0115918 -0.00627444 -0.00129387 -0.00176147 0.00760975 -0.00160198 -0.00119851 0.00973755 0.015662 0.0235789 0.0329756 -0.00308671 0.00392982 0.0135385 -0.00169458 -0.00123077 -0.00371654 0.00439436 -0.00131338 -0.00149627 0.00456198 0.00079581 -0.00391449 0.00252631 -0.00131565 -0.00117339 0.00654545 -0.00131483
internal_weight=9660 7481 49 2179 7432 218 41 6477 5093 221 142 76 41 1384 114 52 4872 4030 1270 71 4008 3887 121 955 842 76 3770 3668 66 3602
internal_count=9660 7481 49 2179 7432 218 41 6477 5093 221 142 76 41 1384 114 52 4872 4030 1270 71 4008 3887 121 955 842 76 3770 3668 66 3602
is_linear=0
shrinkage=0.08


Tree=61
num_leaves=31
num_cat=0
split_feature=39 29 2 15 7 13 4 4 33 1 33 33 31 4 1 1 4 33 5 23 6 25 8 23 6 5 8 1 21 19
split_gain=6.73944 1.2503 1.07638 0.890241 0.664059 0.554219 0.526793 4.27406 2.21444 1.61538 1.19317 1.13034 0.97507 0.662241 0.633038 0.748409 1.02889 0.562839 1.00773 0.731953 1.08619 0.857223 1.08604 0.792903 0.892344 0.864286 0.774681 0.934615 0.643991 0.829086
threshold=79.979879934856555 13.950650000000001 3.5000000000000004 16.455400000000004 18.07695166666667 17.993150000000004 46.500000000000007 44.500000000000007 0.32834999999999953 13.500000000000002 -0.60720000000000052 0.036899999999999274 16.892300000000002 41.500000000000007 1.5000000000000002 1.0000000180025095e-35 51.500000000000007 0.17240000000000058 14.610823333333336 15.656950000000002 0.16543343503931554 16.305350000000004 1.5855685391679926 16.929950000000002 0.20768376499348987 17.039556666666673 0.75571478695027927 18.500000000000004 16.566100000000002 15.593050000000002
decision_type=2 2 2 2 2 2 2 2 2 2 2 2 2 2 2 2 2 2 2 2 2 2 2 2 2 2 2 2 2 2
left_child=3 2 -2 -1 5 6 7 13 9 11 12 -9 -8 17 15 -12 -17 18 -3 20 -19 22 26 -23 25 -25 27 28 29 -21
right_child=1 4 -4 -5 -6 -7 10 8 -10 -11 14 -13 -14 -15 -16 16 -18 19 -20 21 -22 23 -24 24 -26 -27 -28 -29 -30 -31
leaf_value=-0.028424244316456439 -0.0013449290783572518 0.014715204843385479 0.0036542940583018609 0.01206998371523506 0.00027392367025952093 -0.0029231484284149133 -0.0068920227035498393 0.0065240914523676374 -0.00031025405794667799 0.0020283346616169124 -0.0097044893383784643 0.0051490535156042492 0.0037134184765438582 -0.0040614928163701658 -0.0034562831669093901 -0.0012877587610622885 0.047387322173600865 0.012323515432534144 -0.001535984205950776 0.0038348818615872434 -0.0011132740905079577 -0.0035421805938615171 0.0030942210032462681 -0.001984634454646062 0.00022358239560760115 0.010812274741892017 -0.010797921284949019 -0.0019540341918030369 0.018260373768873985 0.0003503838243354267
leaf_weight=2137 27 20 22 42 920 288 30 36 78 65 55 39 21 303 1201 20 29 31 2810 37 633 247 32 28 324 35 31 26 22 71
leaf_count=2137 27 20 22 42 920 288 30 36 78 65 55 39 21 303 1201 20 29 31 2810 37 633 247 32 28 324 35 31 26 22 71
internal_value=-0.00228572 -0.0011453 0.0115918 -0.00620101 -0.00122928 -0.00151352 -0.00135476 -0.000966313 0.00998165 0.016 -0.00274926 0.024 0.0092549 -0.00147957 -0.00321839 0.00276923 0.00995918 -0.00122752 -0.00189399 1.58188e-05 -0.00197591 0.00156623 0.00588128 7.57079e-05 0.00233592 0.0110476 0.0035508 0.00584615 0.00861538 0.00607407
internal_weight=9660 7481 49 2179 7432 6512 6224 4868 218 140 1356 75 51 4650 1305 104 49 4347 2830 1517 664 853 219 634 387 63 187 156 130 108
internal_count=9660 7481 49 2179 7432 6512 6224 4868 218 140 1356 75 51 4650 1305 104 49 4347 2830 1517 664 853 219 634 387 63 187 156 130 108
is_linear=0
shrinkage=0.08


Tree=62
num_leaves=31
num_cat=0
split_feature=39 1 7 31 27 4 7 33 8 6 23 1 4 23 21 7 19 25 6 31 23 33 33 6 21 21 33 8 23 1
split_gain=6.05635 0.7961 0.78197 1.28929 0.766658 0.828923 0.733925 0.595302 0.562212 1.32611 0.664886 0.606516 1.67719 0.689954 0.53549 1.20698 1.9824 1.70304 1.00198 0.42574 0.784669 1.2057 1.34444 0.500028 0.415885 0.408809 0.403983 0.681001 0.657027 0.63507
threshold=79.979879934856555 20.500000000000004 15.3993175 16.322600000000005 14.260600000000002 21.500000000000004 18.074944166666672 0.68310000000000148 0.38094037760049554 0.51441968357290035 14.543600000000001 22.500000000000004 20.500000000000004 16.900950000000005 15.816150000000002 15.71881416666667 16.322600000000005 16.305350000000004 0.28295359129099712 14.784150000000002 14.934950000000002 0.080549999999998803 -0.1033999999999997 0.17284784269643982 14.000100000000002 14.750550000000002 0.44275000000000025 0.20182077877148677 15.490150000000002 2.5000000000000004
decision_type=2 2 2 2 2 2 2 2 2 2 2 2 2 2 2 2 2 2 2 2 2 2 2 2 2 2 2 2 2 2
left_child=1 -1 -3 -4 5 -2 8 -8 9 10 -6 19 -13 -14 24 16 17 18 -16 -12 21 22 -21 -23 -10 -25 -22 28 -28 -29
right_child=4 2 3 -5 6 -7 7 -9 14 -11 11 12 13 -15 15 -17 -18 -19 -20 20 26 23 -24 25 -26 -27 27 29 -30 -31
leaf_value=-0.028291605885539896 0.02395334660838418 -0.016372142837158817 0.10994976098560484 -0.0068457291316699354 -0.008945080441433953 -0.0068121047569859585 5.2825623277090092e-05 0.00073569829048686537 0.00027985326053582663 0.027840248366773148 -0.0094176520088786967 -0.0099257119778005647 0.04484168884126935 0.13959008279774904 0.012325944684777225 -0.0022016585504251274 -0.0029177852867419431 -0.0013067790171116592 0.0040787838957010965 -0.00040611755178694226 -0.00091350035396522338 0.00048658162166958596 0.041990995140409701 0.0063987092314868503 -0.006108277039735213 -0.0024362235720483687 0.015976138366629655 0.020388779580024559 0.0031154863470525891 -0.00032428560186454209
leaf_weight=1961 38 173 21 24 90 45 910 45 34 36 117 48 21 20 22 1400 39 21 24 24 3454 21 36 20 517 94 20 29 23 333
leaf_count=1961 38 173 21 24 90 45 910 45 34 36 117 48 21 20 22 1400 39 21 24 24 3454 21 36 20 517 94 20 29 23 333
internal_value=-0.00226915 -0.00598073 -0.0013945 0.008 -0.00118808 0.00645783 -0.00127386 0.00079581 -0.00158063 -0.00106886 -0.0011954 -0.00105165 0.00548314 0.0173659 -0.00267185 -0.0018911 0.00633962 0.0146866 0.0233043 -0.00119108 -0.00105378 0.00389743 0.0133333 -0.000296298 -0.00480581 -0.00238597 -0.00130397 0.00108642 0.0106046 -4.42008e-05
internal_weight=9660 2179 218 45 7481 83 7398 955 6443 4386 4350 4260 89 41 2057 1506 106 67 46 4171 4054 195 60 135 551 114 3859 405 43 362
internal_count=9660 2179 218 45 7481 83 7398 955 6443 4386 4350 4260 89 41 2057 1506 106 67 46 4171 4054 195 60 135 551 114 3859 405 43 362
is_linear=0
shrinkage=0.08


Tree=63
num_leaves=31
num_cat=0
split_feature=39 7 33 15 1 29 4 4 33 7 19 15 1 21 15 33 5 5 1 4 27 4 13 6 27 29 1 8 4 4
split_gain=5.82814 0.678843 0.595302 0.527045 0.539744 0.716147 0.512945 2.71639 1.33498 1.10171 1.30231 1.28722 0.751111 0.713189 0.948888 0.710673 0.692781 0.604661 0.625412 0.548184 0.764414 0.587778 0.542374 0.527166 0.525004 0.694901 0.848014 3.38122 0.855152 3.76543
threshold=80.481511253499136 18.074944166666672 0.68310000000000148 16.455400000000004 22.500000000000004 14.481250000000001 46.500000000000007 44.500000000000007 0.32834999999999953 16.097125833333337 15.523850000000001 16.938100000000002 12.500000000000002 14.153300000000002 16.566100000000002 -0.60720000000000052 18.096416666666673 18.072250000000004 1.5000000000000002 27.500000000000004 18.158950000000001 16.500000000000004 15.444000000000001 0.1917760917632044 17.456700000000001 17.693600000000004 2.5000000000000004 0.44266255623950329 14.500000000000002 15.500000000000002
decision_type=2 2 2 2 2 2 2 2 2 2 2 2 2 2 2 2 2 2 2 2 2 2 2 2 2 2 2 2 2 2
left_child=3 6 -3 4 -1 -6 7 13 9 10 -9 -11 -12 14 -2 -8 17 18 -15 20 24 -22 -21 -24 25 26 27 -20 -28 -30
right_child=1 2 -4 -5 5 -7 15 8 -10 11 12 -13 -14 16 -16 -17 -18 -19 19 22 21 -23 23 -25 -26 -27 28 -29 29 -31
leaf_value=-0.02339628888930605 0.051058786814475621 4.8599573414821939e-05 0.00067684242724787627 0.011629204937302819 0.014230538154688286 -0.015385419638400899 0.0018951235848701253 0.00035755111923908026 -0.00022386194810579865 -0.00014098557469840285 0.0085021602687848138 0.0077219984132905423 0.0058829099633182728 -0.0038865246868838152 -0.0024402226340363474 -0.0028925845789569003 -0.012747924288478617 0.002131013493754246 0.074629808956612781 -0.003942524818025918 0.031917274574346316 0.00057350605526437564 -0.0055177284399162141 -0.00082729042092186166 -0.002301303667866403 0.0040160964968692656 -0.0016637038277081671 -0.0051915860659091529 0.0076707633137494593 -0.00038042854715733234
leaf_weight=2246 23 910 45 44 31 41 58 21 77 45 25 26 20 365 20 1299 106 32 20 382 20 25 99 1089 150 40 1236 71 78 1016
leaf_count=2246 23 910 45 44 31 41 58 21 77 45 25 26 20 365 20 1299 106 32 20 382 20 25 99 1089 150 40 1236 71 78 1016
internal_value=-0.00231056 -0.00119266 0.00079581 -0.00576461 -0.00592925 0.000888887 -0.00149204 -0.00111673 0.00770093 0.012438 0.0198788 0.00552112 0.0275556 -0.00151216 0.00874418 -0.00287104 -0.00160542 -0.00145879 -0.00153518 -0.00126077 -0.000560243 0.00977778 -0.00244586 -0.0016027 -0.000738416 -0.000458352 -0.000631146 0.00694505 -0.000927041 0.000702009
internal_weight=9660 7298 955 2362 2318 72 6343 4986 214 137 66 71 45 4772 43 1357 4729 4623 4591 4226 2656 45 1570 1188 2611 2461 2421 91 2330 1094
internal_count=9660 7298 955 2362 2318 72 6343 4986 214 137 66 71 45 4772 43 1357 4729 4623 4591 4226 2656 45 1570 1188 2611 2461 2421 91 2330 1094
is_linear=0
shrinkage=0.08


Tree=64
num_leaves=31
num_cat=0
split_feature=31 27 6 21 21 19 7 21 5 19 4 1 8 25 13 31 21 8 15 39 1 7 1 7 31 8 13 21 5 13
split_gain=6.05311 0.873155 0.706281 0.750776 0.88156 1.45775 0.629841 2.15132 0.851808 0.679547 0.592717 0.556929 0.553306 0.737326 0.7889 1.03052 0.654576 0.762508 0.739719 1.02625 0.568348 1.02699 2.01353 0.554466 0.548605 0.538138 0.522026 0.665151 0.842961 1.12671
threshold=14.784150000000002 16.681500000000003 0.29934151911072543 17.344800000000003 17.403550000000006 16.929950000000002 15.716931666666669 16.158800000000003 16.975230000000007 16.661800000000003 33.500000000000007 22.500000000000004 0.21969386369127972 16.750600000000002 16.964700000000004 17.110850000000003 17.056050000000003 0.22950323426944108 16.9785 92.060630276994956 13.500000000000002 16.986109166666669 10.500000000000002 17.049680833333337 16.938100000000002 1.462533759336071 12.978900000000001 15.557500000000003 15.897186666666668 15.490150000000002
decision_type=2 2 2 2 2 2 2 2 2 2 2 2 2 2 2 2 2 2 2 2 2 2 2 2 2 2 2 2 2 2
left_child=1 11 3 6 5 -5 7 -2 -8 -10 -3 -1 -11 14 -14 -16 17 18 19 -15 21 22 -19 -20 -25 -13 -4 -28 29 -29
right_child=2 10 26 4 -6 -7 8 -9 9 12 -12 25 13 16 15 -17 -18 20 23 -21 -22 -23 -24 24 -26 -27 27 28 -30 -31
leaf_value=-0.021718649669146117 -0.00039380581528337158 0.0033482108421665408 0.045262594167095889 0.047585135601194851 0.00012716115372213773 0.00060808703150568282 -0.0054701459053722494 0.0039821775267873975 0.0031286337873309162 -0.0013513601041840588 -0.0019032550793226253 0.012315951737400908 -0.00044265903002984729 0.0037263848326867274 0.00039078647568992816 0.0072934732496235631 -0.0026259357912657645 -0.00086435491513718154 -0.0043510254152832597 0.0019980430695272586 -0.0015301039732685546 -0.0012603524706621759 0.22918603322025152 -0.0017216054044279145 0.001603252051249737 -0.013353973542797664 -0.0055820911297277806 -0.012615156836585616 -0.0032139177337172221 0.0028568685740239064
leaf_weight=2208 2226 21 31 20 1198 47 1095 35 23 328 30 35 43 24 22 20 303 42 40 39 190 213 24 25 24 37 273 32 936 76
leaf_count=2208 2226 21 31 20 1198 47 1095 35 23 328 30 35 43 24 22 20 303 42 40 39 190 213 24 25 24 37 273 32 936 76
internal_value=-0.00225259 -0.00580352 -0.00112321 -0.000750378 0.000980235 0.00991045 -0.00121459 -0.000251218 -0.00210183 -0.000764708 0.00454902 -0.00603509 -0.000999254 -7.13597e-05 0.00705882 0.0148571 -0.000727275 0.000760063 0.00568421 0.0123175 -0.000835823 0.00146236 0.0101818 0.000988762 0.00669388 0.000888887 -0.00277745 -0.00301898 -0.00209962 0.00459259
internal_weight=9660 2331 7329 5981 1265 67 4716 2261 2455 1360 51 2280 1337 1009 85 42 924 621 152 63 469 279 66 89 49 72 1348 1317 1044 108
internal_count=9660 2331 7329 5981 1265 67 4716 2261 2455 1360 51 2280 1337 1009 85 42 924 621 152 63 469 279 66 89 49 72 1348 1317 1044 108
is_linear=0
shrinkage=0.08


Tree=65
num_leaves=31
num_cat=0
split_feature=39 2 29 13 6 7 21 29 23 33 31 29 7 25 33 13 29 1 33 1 33 13 1 39 15 29 25 33 23 1
split_gain=5.95046 0.784708 0.671951 0.611603 0.790021 0.896906 2.19729 1.41167 1.01157 0.742205 0.664293 1.29231 0.609658 0.720285 1.15314 1.33668 0.573326 0.506337 0.463605 0.775441 0.684595 0.486771 0.448555 0.861704 0.504664 0.808552 0.9165 0.439656 0.828205 0.684111
threshold=79.477161068639703 1.5000000000000002 13.950650000000001 15.4565 0.23075856749914891 15.083865000000003 15.123600000000001 15.088900000000002 15.656950000000002 0.30360000000000126 15.000850000000002 14.883000000000001 16.978027500000003 14.411800000000001 0.29200000000000076 14.647350000000001 15.896950000000002 19.500000000000004 0.29750000000000038 3.5000000000000004 0.333149999999999 16.144550000000006 3.5000000000000004 81.305600427919529 15.479500000000003 15.586 15.4565 -0.11190000000000032 17.381450000000005 7.5000000000000009
decision_type=2 2 2 2 2 2 2 2 2 2 2 2 2 2 2 2 2 2 2 2 2 2 2 2 2 2 2 2 2 2
left_child=17 12 -3 4 5 6 7 -4 16 -10 11 -5 13 14 15 -2 22 -1 -15 21 -21 -20 -7 -24 25 26 -25 29 -29 -14
right_child=1 2 3 10 -6 8 -8 -9 9 -11 -12 -13 27 18 -16 -17 -18 -19 19 20 -22 -23 23 24 -26 -27 -28 28 -30 -31
leaf_value=-0.022605211650692496 0.010166460549637458 0.0033642997344147051 -0.0058038615625134642 -0.011115767906109176 -0.0049347764515510432 -0.0076521345866307653 0.063825588101151534 0.022186152247191736 -0.0021563579831326068 0.0044535503296426488 -0.00020337408943464581 0.0070442083052909112 0.0018042946674315552 -0.0049900062426988766 -0.011184145643282534 0.00014874290477589827 0.002922244081632048 -0.0085160971700031299 -0.00050051714041856763 0.0016671012879707655 -0.007900069070695976 0.0074235467847944868 0.0029839221615620194 -0.00040254696993308409 -0.0043098499203823642 -0.003655718011032746 0.0032259118024626958 -5.3149571566431245e-05 0.01612345776400222 -0.004204772438722454
leaf_weight=1811 21 35 75 21 456 168 22 21 22 23 4243 39 38 776 50 36 22 216 24 41 181 29 35 251 177 101 39 403 35 249
leaf_count=1811 21 35 75 21 456 168 22 21 22 23 4243 39 38 776 50 36 22 216 24 41 181 29 35 251 177 101 39 403 35 249
internal_value=-0.00225259 -0.0012294 -0.000765219 -0.000832898 -0.00227762 -0.000970713 0.00555932 0.000333331 -0.00189022 0.00977778 -0.000358821 0.008 -0.00264684 -0.00378584 0.00246729 0.0102456 -0.00255233 -0.00610558 -0.00442246 -0.0016 -0.00367568 0.00709434 -0.0029157 -0.00189718 -0.00264789 -0.00104348 0.00110345 -0.000827588 0.000767121 -0.00326133
internal_weight=9660 7633 5750 5715 1412 956 118 96 838 45 4303 60 1883 1158 107 57 793 2027 1051 275 222 53 771 603 568 391 290 725 438 287
internal_count=9660 7633 5750 5715 1412 956 118 96 838 45 4303 60 1883 1158 107 57 793 2027 1051 275 222 53 771 603 568 391 290 725 438 287
is_linear=0
shrinkage=0.08


Tree=66
num_leaves=31
num_cat=0
split_feature=29 7 25 27 7 29 1 39 23 4 29 4 4 29 33 1 1 7 5 27 29 8 8 21 8 1 7 7 39 29
split_gain=5.90542 0.572066 0.674819 0.586289 0.890486 0.540086 0.534375 0.553767 0.552398 0.581669 0.534168 0.431014 6.88126 1.34463 1.4437 1.06866 1.02901 1.53247 1.30662 0.979016 0.859898 0.721379 0.713437 1.08524 1.48761 0.576333 0.615187 0.780375 1.76087 0.63369
threshold=14.867400000000002 18.067215000000001 18.517300000000002 17.791300000000003 18.082317500000006 19.662150000000004 22.500000000000004 79.621804896020649 14.784150000000002 20.500000000000004 14.548600000000002 14.500000000000002 15.500000000000002 17.230950000000004 0.065850000000001088 7.5000000000000009 1.5000000000000002 15.150900000000002 15.096766666666669 15.390450000000003 15.896950000000002 0.75571478695027927 0.21969386369127972 16.892300000000002 0.26899382325967519 6.5000000000000009 17.749400000000005 16.175352500000006 89.913267591553748 17.955650000000002
decision_type=2 2 2 2 2 2 2 2 2 2 2 2 2 2 2 2 2 2 2 2 2 2 2 2 2 2 2 2 2 2
left_child=6 2 11 4 -3 -5 7 -1 9 -8 -9 15 13 14 20 16 -2 18 -18 -19 -13 22 -21 24 -24 26 27 28 -14 -28
right_child=1 3 -4 5 -6 -7 8 10 -10 -11 -12 12 25 -15 -16 -17 17 19 -20 21 -22 -23 23 -25 -26 -27 29 -29 -30 -31
leaf_value=-0.021249950561129934 -0.0037753083949300398 0.0059635760953566184 -0.011309448183597002 -4.7460098718169825e-05 0.00039346678584921673 0.0017303138439719024 -0.03110427731538425 -0.00078593308287836731 -0.0082340092165176289 0.022634959516576424 -0.004435938836071459 0.0087530116295359076 -0.0014357008569088928 0.001218586198147699 0.0022291995458722296 -0.0023797188294987092 0.031268002654194833 -0.0099309430202567869 0.0020728218752618637 -0.0018487513758210438 0.015392621501837607 -0.0041202894738398875 0.028255302621805478 -0.00084420857608701386 0.0091704021274538524 -0.00049982607058970366 0.0024424819357297895 -0.0069108469783517468 0.0040852410060407927 -0.0021144968848482103
leaf_weight=1811 129 22 120 938 43 24 22 283 30 31 293 24 621 39 27 1020 20 63 21 55 25 64 31 53 56 3109 43 579 27 37
leaf_count=1811 129 22 120 938 43 24 22 283 30 31 293 24 621 39 27 1020 20 63 21 55 25 64 31 53 56 3109 43 579 27 37
internal_value=-0.00226087 -0.00110153 -0.00139283 0.000646541 0.008 0.000149686 -0.00563563 -0.00585505 0.000674697 0.0055849 -0.00369445 -0.00127487 -0.000884575 0.0184348 0.0246316 -0.00244445 0.000617884 0.0027989 0.0173659 0.000944097 0.0328163 0.00311969 0.00553846 0.00857143 0.014069 -0.00138768 -0.00279725 -0.00324043 -0.00133334 0.004
internal_weight=9660 7190 6163 1027 65 962 2470 2387 83 53 576 6043 4531 115 76 1512 492 363 41 322 49 259 195 140 87 4416 1307 1227 648 80
internal_count=9660 7190 6163 1027 65 962 2470 2387 83 53 576 6043 4531 115 76 1512 492 363 41 322 49 259 195 140 87 4416 1307 1227 648 80
is_linear=0
shrinkage=0.08


Tree=67
num_leaves=31
num_cat=0
split_feature=21 31 6 27 2 15 6 25 23 39 33 5 8 6 17 29 29 31 33 39 23 19 1 33 15 29 4 19 25 4
split_gain=6.03067 0.841484 0.769927 1.43577 0.688898 0.600281 0.585063 0.790503 0.794387 0.87066 0.705468 0.88067 1.13275 0.547631 1.05289 0.599719 0.680554 0.595848 0.504167 0.491791 0.792262 0.723892 0.572024 0.470711 0.60942 0.487744 0.443079 0.414193 0.90197 0.410727
threshold=15.231050000000002 14.883000000000001 0.20658945453753499 14.543600000000001 1.5000000000000002 17.501900000000003 1.2556854237668438 16.001000000000001 16.817100000000003 87.399401373575856 -0.075199999999998809 17.049690000000002 0.5620353617937015 0.26120408730639993 17.343850000000003 16.892300000000002 16.964700000000004 16.892300000000002 0.03729999999999923 81.212343223423915 14.642450000000002 15.656950000000002 4.5000000000000009 0.29750000000000038 16.180450000000004 17.381450000000005 52.500000000000007 15.621500000000003 15.736050000000002 14.500000000000002
decision_type=2 2 2 2 2 2 2 2 2 2 2 2 2 2 2 2 2 2 2 2 2 2 2 2 2 2 2 2 2 2
left_child=1 5 3 -3 6 -1 7 -2 9 -9 26 13 -13 14 15 -12 -17 -18 -19 20 -5 -21 -22 25 -25 -11 -10 -4 -29 -6
right_child=4 2 27 19 29 -7 -8 8 10 23 11 12 -14 -15 -16 16 17 18 -20 21 22 -23 -24 24 -26 -27 -28 28 -30 -31
leaf_value=-0.015062694003039246 0.0092844746495999893 0.01384092175713322 -0.0042985202059151609 -0.0063557728848545334 -0.00078887265287616712 0.0029362381166210772 -0.0097705309278526779 0.0028200439738153217 -0.003607693102297875 -0.0074469098204651939 -0.0039317333674948555 0.04846242653419891 -0.0025620940708134198 -0.0018493590311890146 0.050202260726693052 0.0115599720864481 0.0097186787044971999 0.012245063474590534 -0.0036299187434592792 -0.0049574045016411005 0.00083135486732798913 0.0012654849220288535 0.00592312102849709 0.0034936560459855872 -0.002881516562274125 0.0024928299804203688 0.00098161880484120005 -0.0060639201228859839 0.042362855323945431 1.455447554553708e-05
leaf_weight=2382 23 23 411 22 1265 20 133 35 286 400 77 25 28 83 20 38 31 20 60 151 20 22 28 20 115 26 36 64 21 3775
leaf_count=2382 23 23 411 22 1265 20 133 35 286 400 77 25 28 83 20 38 31 20 60 151 20 22 28 20 115 26 36 64 21 3775
internal_value=-0.0022029 -0.00506701 -0.00275066 0.000721803 -0.000807884 -0.00580183 -0.00234066 -0.0018322 -0.00209231 -0.00424161 -0.000272729 0.00205235 0.0116226 0.000510636 0.0024065 0.000849556 0.00381208 0.000648647 -0.003 -0.00108642 0.00457143 -0.00337572 0.0103333 -0.00500535 -0.000888891 -0.00630986 -0.00303106 -0.00461291 0.000470586 -0.000365081
internal_weight=9660 3164 762 266 6496 2402 1456 1323 1300 596 704 382 53 329 246 226 149 111 80 243 70 173 48 561 135 426 322 496 85 5040
internal_count=9660 3164 762 266 6496 2402 1456 1323 1300 596 704 382 53 329 246 226 149 111 80 243 70 173 48 561 135 426 322 496 85 5040
is_linear=0
shrinkage=0.08


Tree=68
num_leaves=31
num_cat=0
split_feature=21 39 8 7 33 25 31 8 5 2 6 21 23 7 13 6 1 19 29 5 33 33 4 29 19 1 29 4 4 17
split_gain=5.568 0.896776 0.741928 0.587377 0.66929 1.07988 0.812575 0.618077 0.594692 0.574062 0.588501 0.696514 0.763818 1.04238 1.63943 0.737011 0.534408 0.525554 0.646653 0.94319 0.98394 0.508505 0.758172 0.995197 0.5 0.459448 0.451286 0.986775 0.449123 0.528169
threshold=15.231050000000002 79.111473196783734 1.9814129932576601 15.385054166666668 0.32945000000000052 14.411800000000001 14.784150000000002 0.1901233924908981 14.621776666666669 1.5000000000000002 0.19520982906432963 17.423700000000004 17.306200000000004 16.978027500000003 17.079750000000004 0.24381278274331858 1.0000000180025095e-35 14.514900000000003 14.883000000000001 15.078396666666668 -0.036499999999999304 0.29750000000000038 16.500000000000004 16.892300000000002 16.247550000000004 22.500000000000004 14.800550000000003 44.500000000000007 52.500000000000007 17.230950000000004
decision_type=2 2 2 2 2 2 2 2 2 2 2 2 2 2 2 2 2 2 2 2 2 2 2 2 2 2 2 2 2 2
left_child=1 25 3 4 5 7 -7 -3 -8 10 -2 12 16 -14 -15 -16 24 -10 -19 20 -20 28 23 -23 -12 26 -1 -28 -18 -30
right_child=9 2 -4 -5 -6 6 8 -9 17 -11 11 -13 13 14 15 -17 21 18 19 -21 -22 22 -24 -25 -26 -27 27 -29 29 -31
leaf_value=-0.020523771678894322 -0.0075278841431497354 0.004818207735654432 0.016930306462816097 -0.0040095998397086923 -0.0062543219224597711 -0.0081699615872048055 0.0065386497364264108 0.0016891519301310313 0.00033704177690165477 -0.00013117384673169596 0.0038346151421642248 -0.0086428584365043741 -0.0036368569671864255 0.038490149794184372 0.086309317532199933 -0.0050758363522528625 -0.0033050474493951016 -0.0059407148177686529 0.030276257720667346 -0.0020175491078853196 -0.00397301462687629 -0.0006532274777283696 -0.0029014763443796047 0.0081652851141296324 -5.2576529425962129e-05 0.0030495908853636665 -0.013920569150468177 0.0026627992079800776 0.01631130031142073 -0.0063503489621257467
leaf_weight=1608 188 21 20 249 229 356 37 66 21 5040 25 119 41 29 34 35 639 107 29 234 26 33 163 29 25 37 102 22 71 25
leaf_count=1608 188 21 20 249 229 356 37 66 21 5040 25 119 41 29 34 35 639 107 29 234 26 33 163 29 25 37 102 22 71 25
internal_value=-0.00206211 -0.00481416 -0.00329749 -0.00352 -0.00274245 -0.00175697 -0.00266667 0.00671264 -0.000422909 -0.000721677 -0.00212088 -0.00150158 -0.000898174 0.00466187 0.00914286 0.00243478 -0.00166337 -0.00128537 -0.0019394 2.76798e-05 0.00945454 -0.00208334 0.00124444 0.00877419 0.0064 -0.00601018 -0.00619862 -0.00154839 -0.00310204 0.002
internal_weight=9660 3164 1395 1375 1126 897 810 87 454 6496 1456 1268 1149 139 98 69 1010 417 396 289 55 960 225 62 50 1769 1732 124 735 96
internal_count=9660 3164 1395 1375 1126 897 810 87 454 6496 1456 1268 1149 139 98 69 1010 417 396 289 55 960 225 62 50 1769 1732 124 735 96
is_linear=0
shrinkage=0.08


Tree=69
num_leaves=31
num_cat=0
split_feature=21 39 2 25 33 1 31 23 1 19 5 33 23 23 8 8 19 13 31 23 19 4 5 6 29 8 19 13 25 8
split_gain=5.06989 0.91288 0.845034 0.618038 1.00322 0.540049 1.06806 1.45455 0.493297 1.00812 0.566173 0.484031 0.793956 0.635717 0.606114 2.38062 0.863482 0.796628 0.439398 0.536941 0.419048 0.40028 0.460107 1.12283 0.393739 0.381185 0.345472 0.342835 0.435168 0.495414
threshold=15.231050000000002 79.111473196783734 1.5000000000000002 14.510650000000002 0.29200000000000076 14.500000000000002 14.642450000000002 14.543600000000001 1.0000000180025095e-35 16.322600000000005 16.970256666666671 -0.11190000000000032 16.741850000000003 16.817100000000003 0.33255441448800133 0.5471141559193089 16.964700000000004 17.042850000000005 14.800550000000003 14.312950000000003 14.593050000000002 56.500000000000007 16.259070000000005 0.81197606220729701 13.818850000000003 0.19861217915960236 17.155700000000007 15.320300000000001 15.019750000000002 0.20182077877148677
decision_type=2 2 2 2 2 2 2 2 2 2 2 2 2 2 2 2 2 2 2 2 2 2 2 2 2 2 2 2 2 2
left_child=1 18 8 4 5 6 20 -8 9 -2 21 12 -12 26 17 -16 -17 -15 -1 -20 -3 22 23 -10 -4 -7 -13 28 -26 -30
right_child=2 3 24 -5 -6 25 7 -9 10 -11 11 13 -14 14 15 16 -18 -19 19 -21 -22 -23 -24 -25 27 -27 -28 -29 29 -31
leaf_value=-0.018687729759652997 0.0010092589641662892 0.019511713237966601 0.003070932484386757 -0.0031073228381589438 -0.0073654270603781789 -0.002214066866819772 0.00039024521827819841 0.013810853464550464 0.0088695697196114962 -0.00087672355550292885 0.0030912724402353932 -0.0078168355194155083 -0.0032273697381674234 -0.0019224394375992259 0.11575496540091783 0.0023997549209219516 -0.0040693234326264561 0.012992885536177667 0.002169255341591863 -0.016766657820122054 -0.012289474397217223 0.030536907718377668 -0.0064879581388075716 -0.011499954767320056 0.00068775682958673262 0.0035395383554011396 -0.0027876683542811106 -7.2611200356973688e-05 0.00049201279178727204 -0.0030832364255411727
leaf_weight=1703 33 20 28 1110 132 39 22 22 24 23 21 74 252 161 27 39 68 35 21 45 22 23 573 58 80 28 45 4527 90 315
leaf_count=1703 33 20 28 1110 132 39 22 22 24 23 21 74 252 161 27 39 68 35 21 45 22 23 573 58 80 28 45 4527 90 315
internal_value=-0.00208696 -0.00471302 -0.000807884 -0.0031828 0.000140349 0.00454902 0.00874418 0.0174545 -0.0025055 0.00485714 -0.0028 -0.001241 -0.00389744 0.000374163 0.00218182 0.00632836 0.000971961 -0.000653063 -0.00591973 0.000484847 -0.000380954 -0.00446018 -0.00482443 0.000780486 -0.000317462 -0.000835823 -0.00463866 -0.000370313 -0.00239175 -0.00345679
internal_weight=9660 3164 6496 1395 285 153 86 44 1456 56 1400 722 273 449 330 134 107 196 1769 66 42 678 655 82 5040 67 119 5012 485 405
internal_count=9660 3164 6496 1395 285 153 86 44 1456 56 1400 722 273 449 330 134 107 196 1769 66 42 678 655 82 5040 67 119 5012 485 405
is_linear=0
shrinkage=0.08


Tree=70
num_leaves=31
num_cat=0
split_feature=31 15 15 2 1 21 17 5 7 33 1 8 31 17 1 4 29 4 25 33 4 6 29 23 23 29 19 19 19 5
split_gain=4.79779 0.74816 0.640152 0.621161 0.833985 0.830095 0.702119 0.625152 0.560605 0.764021 0.950401 0.501672 0.516043 0.658254 0.453061 0.54697 0.448626 0.80003 1.12942 1.63435 0.507365 0.468011 0.98072 0.546076 0.42482 0.393601 0.39193 0.390287 0.382562 0.591045
threshold=14.750550000000002 15.851650000000001 16.566100000000002 1.5000000000000002 1.0000000180025095e-35 15.231050000000002 16.365600000000004 14.637103333333334 14.620679166666667 0.36114999999999947 12.500000000000002 0.26564866258334657 14.952100000000002 14.968750000000002 22.500000000000004 25.500000000000004 16.892300000000002 16.500000000000004 16.817100000000003 0.14759999999999887 14.500000000000002 0.26519764949288638 17.306200000000004 16.892300000000002 17.079750000000004 16.929950000000002 17.306200000000004 14.750550000000002 15.621500000000003 15.399350000000004
decision_type=2 2 2 2 2 2 2 2 2 2 2 2 2 2 2 2 2 2 2 2 2 2 2 2 2 2 2 2 2 2
left_child=1 14 -3 4 6 11 -2 8 -6 10 -10 12 13 -5 -1 -16 -9 18 19 -18 24 22 25 -24 -20 -19 -27 -7 -14 -30
right_child=3 2 -4 5 7 27 -8 16 9 -11 -12 -13 28 -15 15 -17 17 21 20 -21 -22 -23 23 -25 -26 26 -28 -29 29 -31
leaf_value=-0.014568733717747903 0.0010547299510081456 0.0029227877585952244 -0.0011546366212685369 0.030111610253060066 -0.0019816364431422453 0.044025884172635178 -0.007249547664474847 -0.003281924486650354 0.0098940281456179752 -0.0053546304981085899 0.00061719763653088398 -0.0043172941312911266 -0.0032113351657096006 -0.0095128170972364305 -0.021888662786651806 0.010370789489520154 -0.00025510178645768824 0.044795984584496011 -0.0071560218545231539 0.008613507622955938 0.00087225950015691199 -0.0081014898264275235 0.0036507657880250873 -0.00082974935148361463 0.0031344183000573834 -0.0039704999404305023 0.00065358780249461282 -0.00013129651388928931 0.0018659712929046 -0.0027543057783114004
leaf_weight=2136 31 22 66 29 69 28 20 832 26 27 37 288 279 39 33 27 28 32 83 21 22 177 31 23 31 165 27 4964 45 22
leaf_count=2136 31 22 66 29 69 28 20 832 26 27 37 288 279 39 33 27 28 32 83 21 22 177 31 23 31 165 27 4964 45 22
internal_value=-0.00202899 -0.00523293 0.002 -0.00103688 -0.00238764 -0.000637866 0.00768627 -0.00270264 0.00206289 0.00622222 0.0110476 -0.00321368 -0.00142995 0.00494117 -0.00552277 0.00133333 -0.00321739 -0.001625 0.00281081 0.0132245 -0.000941178 -0.00342857 -0.0013813 0.00829629 -0.00308772 -0.00371429 -0.00508334 -0.000275643 -0.00268208 0.00274627
internal_weight=9660 2284 88 7376 1682 5694 51 1631 159 90 63 702 414 68 2196 60 1472 640 185 49 136 455 278 54 114 224 192 4992 346 67
internal_count=9660 2284 88 7376 1682 5694 51 1631 159 90 63 702 414 68 2196 60 1472 640 185 49 136 455 278 54 114 224 192 4992 346 67
is_linear=0
shrinkage=0.08


Tree=71
num_leaves=31
num_cat=0
split_feature=39 2 21 1 7 21 39 1 33 31 39 5 8 5 6 1 15 4 8 29 17 5 27 23 17 33 25 33 33 21
split_gain=4.93355 0.884826 0.619433 0.460378 0.517955 1.25183 1.193 0.824532 1.02806 0.645475 0.86374 0.894901 0.598522 0.501261 0.67575 0.5781 0.77336 0.702585 0.688824 0.588117 0.888339 0.915096 0.965748 0.560897 0.486102 1.38205 0.584878 1.29097 0.739353 0.618284
threshold=79.111473196783734 2.5000000000000004 17.423700000000004 19.500000000000004 15.721529166666668 16.158800000000003 87.513050095089469 18.500000000000004 -0.037899999999998706 15.965100000000001 87.513050095089469 15.722116666666668 0.22039645393880636 16.970256666666671 0.26683729502386688 13.500000000000002 16.741850000000003 53.500000000000007 0.21358172930527666 16.892300000000002 17.117000000000004 16.985176666666671 16.852650000000001 17.042850000000005 16.093650000000004 -0.11379999999999944 14.411800000000001 0.29200000000000076 0.13130000000000044 14.817800000000002
decision_type=2 2 2 2 2 2 2 2 2 2 2 2 2 2 2 2 2 2 2 2 2 2 2 2 2 2 2 2 2 2
left_child=-1 2 3 4 5 9 -7 13 -9 24 11 12 -11 -6 15 17 -17 18 -15 23 21 -21 -23 -20 26 -26 27 28 -2 -28
right_child=1 -3 -4 -5 7 6 -8 8 -10 10 -12 -13 -14 14 -16 16 -18 -19 19 20 -22 22 -24 -25 25 -27 29 -29 -30 -31
leaf_value=-0.015591502749631928 0.00088223494295513604 -0.0001579919615153778 -0.0080705039102099384 -0.0033035157383419413 -0.0062128302322519337 0.0043186877551194755 0.00014883188754349699 -0.0038324413611832008 0.11162182346616653 0.0018154093892733681 -0.0099129500499533802 -0.0024879407865710064 0.0038003996407308563 -0.0022105007443316799 -0.003401503016276165 0.0012644293464899197 -0.0023328270044018387 -0.007141641478789762 0.0018021095812749759 0.013192544194227536 -0.0011157986809919112 0.068092887786523545 0.0012261496897286604 -0.0032540697033929099 0.011215767314926134 -0.0027534743620784229 -0.0076305658696067752 -0.0073835452598651242 0.0062878425736815017 -0.00068367275937982245
leaf_weight=1841 32 4340 133 537 648 21 38 22 23 29 34 27 21 23 150 20 167 31 24 25 34 21 36 28 26 40 300 43 23 923
leaf_count=1841 32 4340 133 537 648 21 38 22 23 29 34 27 21 23 150 20 167 31 24 25 34 21 36 28 26 40 300 43 23 923
internal_value=-0.00197102 -0.00109375 -0.00204427 -0.00183144 -0.00142115 -0.000447015 0.010983 -0.00263259 0.008 -0.000897198 0.00497297 0.00966234 0.016 -0.003029 -0.0012737 0.000410756 -0.00286631 0.00317117 0.00498429 0.0067619 0.00993103 0.014439 0.0088421 -0.000307694 -0.00136698 0.00533333 -0.00170174 0.0042449 0.0123636 -0.00217825
internal_weight=9660 7819 3479 3346 2809 1557 59 1252 45 1498 111 77 50 1207 559 409 187 222 191 168 116 82 57 52 1387 66 1321 98 55 1223
internal_count=9660 7819 3479 3346 2809 1557 59 1252 45 1498 111 77 50 1207 559 409 187 222 191 168 116 82 57 52 1387 66 1321 98 55 1223
is_linear=0
shrinkage=0.08


Tree=72
num_leaves=31
num_cat=0
split_feature=21 2 6 13 8 39 19 2 23 31 29 15 29 8 29 4 4 4 4 6 23 39 19 39 7 29 5 33 6 6
split_gain=4.52635 0.692427 1.30759 0.588272 0.783809 0.854051 1.00882 0.773787 0.772764 0.762222 0.957039 0.658927 0.502502 0.50174 0.480957 0.732433 2.51449 0.870473 3.19306 0.497057 0.722501 0.46802 0.586446 0.559379 1.47422 0.418553 0.413323 0.7718 0.481321 0.521988
threshold=14.851500000000001 4.5000000000000009 0.14352761051568508 15.284800000000002 0.21499776308325633 80.845024030206517 14.642450000000002 1.5000000000000002 15.490150000000002 14.968750000000002 15.426750000000002 14.784150000000002 15.213850000000003 0.20858811637508326 14.800550000000003 14.500000000000002 16.500000000000004 44.500000000000007 45.500000000000007 0.28780375698079025 14.260600000000002 87.399401373575856 16.247550000000004 89.913267591553748 15.95080416666667 15.390450000000003 15.365283333333336 -0.03689999999999926 0.17055268971956378 0.21259144877582467
decision_type=2 2 2 2 2 2 2 2 2 2 2 2 2 2 2 2 2 2 2 2 2 2 2 2 2 2 2 2 2 2
left_child=1 2 -1 4 5 6 -2 21 13 10 -9 -11 -13 -7 19 -16 -17 -18 -19 -4 -21 22 -5 -23 -25 -15 27 -14 -28 -30
right_child=3 -3 14 7 -6 8 -8 9 -10 11 -12 12 26 25 15 16 17 18 -20 20 -22 23 -24 24 -26 -27 28 -29 29 -31
leaf_value=0.0090623214938549048 0.002899376950516651 -0.025587921636294909 -0.009717990165951278 0.010530462892757679 -0.0034795895879754417 -0.0017389011717297701 -0.0051473400280900887 0.0027019318881963588 0.0020007574024041765 0.047385006494051009 0.0055668184276274311 -0.0029806274766675765 0.00023452072455433919 0.0021668597338499432 -0.012281391282983585 0.013872260618996967 -0.0061876327272277374 0.0063314525103913381 -0.015789942854226739 0.036870758762450287 -0.0070722327250880776 -0.0084171894007590824 -0.0072053549409506782 0.0047651871982773092 -0.0012522519423413577 -0.0030482891099939185 -0.0020387405067023414 0.0014618756325764412 0.00034325547202059779 -0.00035415465164248208
leaf_weight=25 34 998 975 20 538 232 36 48 24 28 21 208 110 31 80 20 146 23 56 37 83 333 27 25 1024 22 190 36 1260 2970
leaf_count=25 34 998 975 20 538 232 36 48 24 28 21 208 110 31 80 20 146 23 56 37 83 333 27 25 1024 22 190 36 1260 2970
internal_value=-0.00187992 -0.00485633 -0.00373703 -0.000872387 -0.00276554 2.11063e-05 0.008 -0.000596827 -0.00178641 -0.00011661 0.00823188 -0.00023657 -0.000308339 -0.00294737 -0.00405634 -0.00135385 0.000816325 -0.0016 0.00516456 -0.00485845 -1.90735e-09 -0.00223373 0.00561702 -0.00250073 -0.0015939 0.00407547 -0.00013316 0.00405479 -0.000271495 -9.45646e-05
internal_weight=9660 2443 1445 7217 917 379 70 6300 309 4871 69 4802 4774 285 1420 325 245 225 79 1095 120 1429 47 1382 1049 53 4566 146 4420 4230
internal_count=9660 2443 1445 7217 917 379 70 6300 309 4871 69 4802 4774 285 1420 325 245 225 79 1095 120 1429 47 1382 1049 53 4566 146 4420 4230
is_linear=0
shrinkage=0.08


Tree=73
num_leaves=31
num_cat=0
split_feature=39 2 6 25 33 5 21 29 4 1 13 5 17 39 29 23 27 27 13 8 33 13 31 7 29 6 5 19 21 31
split_gain=4.79774 0.709319 0.886706 0.780074 1.4623 0.615751 0.604916 0.427565 0.422673 2.87871 0.421205 0.567075 1.3822 0.780801 1.09936 0.778704 0.771012 1.17071 0.708789 0.610459 0.734217 0.536371 0.787223 0.485261 0.460207 0.75 0.404135 0.593126 0.70567 0.781639
threshold=79.111473196783734 2.5000000000000004 1.5332096715139489 14.411800000000001 0.29200000000000076 14.615230000000002 14.543600000000001 13.818850000000003 51.500000000000007 1.5000000000000002 15.390450000000003 15.611050000000002 16.045950000000005 84.414627055929188 15.249300000000002 15.763450000000002 15.390450000000003 15.249300000000002 15.763450000000002 0.21596356623690652 -0.51724999999999965 15.490150000000002 15.249300000000002 15.385054166666668 15.621500000000003 0.22123173875917676 14.623970000000002 14.444800000000003 15.262250000000002 14.968750000000002
decision_type=2 2 2 2 2 2 2 2 2 2 2 2 2 2 2 2 2 2 2 2 2 2 2 2 2 2 2 2 2 2
left_child=8 2 3 4 5 -2 -5 -3 -1 -10 -9 12 13 19 -15 16 17 -16 -13 20 -12 22 -22 -24 -21 -26 -8 -28 -29 -30
right_child=1 7 -4 6 -6 -7 26 10 9 -11 11 18 -14 14 15 -17 -18 -19 -20 24 21 -23 23 -25 25 -27 27 28 29 -31
leaf_value=-0.013971802434189285 0.0090029329635273603 0.0034011642439641192 -0.014204896615947071 -0.011013811077361215 -0.0067916587522049631 0.00062177325526655361 0.00067146824612897196 -0.0015663486357634401 0.071058319264414888 -0.012741742549236044 0.0014320605168349728 -0.0070181408024842119 0.0011437014562763884 -0.0040816777808572327 -0.00010184516648782671 0.00698204570765373 -0.00064756828644602017 0.0082465909662220675 -6.2263383665373949e-05 -0.0043499491138472759 -0.0038365171184942199 -0.0031906298599344652 0.0031452265446986366 5.2928685093792533e-05 0.0058490457722311217 -0.010448000344221728 0.0032131173747800262 -0.0028010130652834577 0.0052791684309844702 -0.00082969823509473168
leaf_weight=1579 30 27 165 141 53 35 124 683 31 231 23 131 21 28 25 20 57 26 2926 157 26 94 22 25 28 21 33 584 22 2292
leaf_count=1579 30 27 165 141 53 35 124 683 31 231 23 131 21 28 25 20 57 26 2926 157 26 94 22 25 28 21 33 584 22 2292
internal_value=-0.00180538 -0.000940276 -0.00179132 -0.00150634 0.00488135 0.0129231 -0.00174218 -0.000258066 -0.00547963 -0.00250382 -0.000320892 2.20367e-05 0.00233159 0.00156522 0.00635897 0.0095 0.00681481 0.0139608 -0.000410862 -0.000323234 0.00294737 0.00110179 0.00624657 0.0124255 -0.00333981 0.00342857 -0.00150573 -0.00169499 -0.00181643 -0.00118928
internal_weight=9660 7819 3479 3314 118 65 3196 4340 1841 262 4313 3630 573 552 156 128 108 51 3057 396 190 167 73 47 206 49 3055 2931 2898 2314
internal_count=9660 7819 3479 3314 118 65 3196 4340 1841 262 4313 3630 573 552 156 128 108 51 3057 396 190 167 73 47 206 49 3055 2931 2898 2314
is_linear=0
shrinkage=0.08


Tree=74
num_leaves=31
num_cat=0
split_feature=31 6 13 8 21 5 5 27 13 4 4 4 4 1 33 1 8 23 33 23 13 4 33 31 15 15 1 25 13 25
split_gain=4.91042 0.609162 0.559782 0.532488 1.03108 0.946608 1.3141 1.47053 0.861007 0.827108 2.92747 0.813826 6.41597 1.12426 0.971827 1.12441 0.87863 0.806121 1.37798 1.76811 1.04327 1.3 0.640212 0.616198 0.795417 0.636297 0.794394 0.875589 0.60085 1.17052
threshold=14.615850000000002 0.14352761051568508 14.548600000000002 0.26899382325967519 15.656950000000002 15.703710000000003 15.480710000000002 15.444000000000001 13.917650000000002 15.500000000000002 14.500000000000002 14.500000000000002 15.500000000000002 22.500000000000004 -0.037899999999998706 14.500000000000002 0.26456157389541962 14.716850000000003 0.36114999999999947 14.642450000000002 14.593050000000002 43.500000000000007 -1.0000000180025095e-35 18.158950000000001 18.087200000000003 17.887500000000003 14.500000000000002 18.042600000000004 16.852650000000001 16.741850000000003
decision_type=2 2 2 2 2 2 2 2 2 2 2 2 2 2 2 2 2 2 2 2 2 2 2 2 2 2 2 2 2 2
left_child=1 -1 -3 11 8 6 -6 -8 -5 10 28 16 14 17 -13 -16 -2 18 19 20 21 -14 -15 -19 25 -25 27 -27 -7 -30
right_child=3 2 -4 4 5 9 7 -9 -10 -11 -12 12 13 22 15 -17 -18 23 -20 -21 -22 -23 -24 24 -26 26 -28 -29 29 -31
leaf_value=0.0024547726262045223 -0.0014308878164217853 -0.015508686714611742 -0.0023332412611579284 0.098630084504142124 -0.0020329616528701518 -0.0028678951710483448 0.084620893094921532 0.0016097423605938455 -0.0037661685361143169 -0.0015594140354142558 0.013277587026704094 0.0063368348461802062 -0.00042185619062284365 0.061342721751664157 0.0070657602642862499 0.0053359845764322832 0.012628487100504548 -0.00042666209745537517 -0.0067169650876208612 0.012122415823825687 -0.0010663915919606204 0.0059563840330798716 0.11223838478796662 -0.0020660118422771499 -0.0011028784685941002 0.011471079445304223 0.005905929584518169 -0.00056051443257681347 0.014620013818245119 -2.9719301219126097e-05
leaf_weight=37 1210 1509 481 20 50 159 23 38 660 1564 35 35 32 27 26 20 22 3045 43 35 66 20 21 42 67 29 22 30 43 249
leaf_count=37 1210 1509 481 20 50 159 23 38 660 1564 35 35 32 27 26 20 22 3045 43 35 66 20 21 42 67 29 22 30 43 249
internal_value=-0.00169772 -0.00519783 -0.00538694 -0.000768245 -0.00163605 -0.000781122 0.00641441 0.0142951 -0.00435294 -0.00117073 0.00171193 -0.000253758 0.000359549 -0.000158668 0.0226173 0.0302609 -0.00202598 -0.000328769 0.00465306 0.00820915 0.00352542 0.012 0.012 -0.000630605 0.00378947 0.00760975 0.0117531 0.00691525 -1.77403e-05 0.00213698
internal_weight=9660 2027 1990 7633 2841 2161 111 61 680 2050 486 4792 3560 3479 81 46 1232 3431 196 153 118 52 48 3235 190 123 81 59 451 292
internal_count=9660 2027 1990 7633 2841 2161 111 61 680 2050 486 4792 3560 3479 81 46 1232 3431 196 153 118 52 48 3235 190 123 81 59 451 292
is_linear=0
shrinkage=0.08


Tree=75
num_leaves=31
num_cat=0
split_feature=31 13 33 6 8 15 13 31 1 31 7 7 39 13 6 25 5 15 31 21 21 39 4 19 17 27 8 6 31 8
split_gain=4.29937 0.722966 0.682618 0.905469 0.636606 0.944557 0.781972 0.53221 1.47667 2.84097 0.679096 0.82366 1.29493 0.582753 0.713553 0.515077 0.583662 0.447404 0.655088 0.917764 0.498826 0.436421 1.21309 0.432315 0.389373 0.868592 0.633601 1.01587 0.563924 0.802174
threshold=14.708300000000003 14.867400000000002 -0.13794999999999999 1.9295945405208808 0.38094037760049554 15.523850000000001 14.647350000000001 16.535050000000002 1.5000000000000002 16.867950000000004 15.694793333333335 15.423185000000002 87.513050095089469 16.852650000000001 0.19262051261116542 16.741850000000003 16.979273333333335 18.120150000000006 17.783000000000005 17.955650000000002 19.662150000000004 79.648449811590822 44.500000000000007 14.444800000000003 17.403550000000006 17.783000000000005 0.23817478687176727 0.27623286932212782 17.488600000000002 0.26456157389541962
decision_type=2 2 2 2 2 2 2 2 2 2 2 2 2 2 2 2 2 2 2 2 2 2 2 2 2 2 2 2 2 2
left_child=1 -1 23 -4 21 -6 -7 10 9 -9 11 -8 -13 -10 -15 16 -16 -17 -19 -20 -21 22 -2 -3 28 26 -26 -28 -23 -30
right_child=4 2 3 -5 5 6 7 8 13 -11 -12 12 -14 14 15 17 -18 18 19 20 -22 24 -24 -25 25 -27 27 -29 29 -31
leaf_value=-0.011374366284931421 -0.0042307662816311251 0.00076734563051546472 0.004585870876455107 -0.00057025719735444183 -0.0052460718410279761 0.095138242367254919 -0.0021799624893015859 0.0079773203363493021 -0.003755752484274157 0.00015747994061141929 -0.0093360919210809662 0.0037897986544426971 -0.001782156663197202 0.0064100779842536553 -0.0012025946859108574 -0.0010467580855043654 0.001650083268972446 -0.0022060927638739018 0.044765233774192004 -0.0026458157965490829 0.0014179585499023439 -0.00053242053494867501 0.004946332085495676 -0.0056880668397623424 0.00069048723431562142 -2.4841011180226302e-05 0.0068237641480162359 -0.0016884184773265818 0.0013843619978038612 -0.0095127097159744614
leaf_weight=1950 58 40 29 31 461 22 77 23 298 63 424 32 25 33 37 598 39 62 31 50 26 3976 26 129 93 846 48 36 66 31
leaf_count=1950 58 40 29 31 461 22 77 23 298 63 424 32 25 33 37 598 39 62 31 50 26 3976 26 129 93 846 48 36 66 31
internal_value=-0.00178882 -0.00491602 -0.000663757 0.00666666 -0.000877959 -0.00198523 -0.00117391 -0.00135534 -0.000444446 0.00967442 -0.00341219 0.00155224 0.0088421 -0.00118569 -0.000146121 -0.000597867 0.00568421 -0.00122034 0.0024142 0.00620561 0.00147368 -0.000386102 0.00533333 -0.00326627 -0.000480379 0.000914954 0.0060113 0.0110476 -0.000830839 0.00519587
internal_weight=9660 2179 229 60 7481 2301 1840 1818 1260 86 558 134 57 1174 876 843 76 767 169 107 76 5180 84 169 5096 1023 177 84 4073 97
internal_count=9660 2179 229 60 7481 2301 1840 1818 1260 86 558 134 57 1174 876 843 76 767 169 107 76 5180 84 169 5096 1023 177 84 4073 97
is_linear=0
shrinkage=0.08


Tree=76
num_leaves=31
num_cat=0
split_feature=39 8 6 5 13 6 31 19 1 5 1 8 5 7 29 21 15 6 21 1 7 31 29 1 4 7 25 31 39 39
split_gain=4.03889 0.721772 0.793477 2.27273 0.781513 0.84562 0.75472 0.656621 0.600432 0.982328 0.500108 0.567431 0.506726 0.478649 0.475701 0.780317 0.502232 0.466716 0.442292 0.658824 0.405763 0.733332 1.42545 1.24667 4.55285 1.13051 1.08905 0.87327 0.755475 0.827547
threshold=78.905111044561679 0.33775997302777855 0.14352761051568508 15.370150000000002 15.763450000000002 2.983717609755606 14.593050000000002 14.716850000000003 22.500000000000004 15.579416666666669 13.500000000000002 2.7120227097824601 16.740530000000003 14.536960000000002 14.716850000000003 14.647350000000001 15.557500000000003 0.18223575076661538 14.395400000000002 11.500000000000002 17.037672500000003 16.305350000000004 17.042850000000005 10.500000000000002 18.500000000000004 16.436558333333338 17.228650000000005 16.535050000000002 87.399401373575856 86.371125142081979
decision_type=2 2 2 2 2 2 2 2 2 2 2 2 2 2 2 2 2 2 2 2 2 2 2 2 2 2 2 2 2 2
left_child=7 2 3 -2 5 8 18 -1 -3 -10 17 -12 -13 -8 -9 -16 -17 -6 19 -4 21 28 23 25 -25 27 -27 -23 29 -19
right_child=1 4 6 -5 10 -7 13 14 9 -11 11 12 -14 -15 15 16 -18 20 -20 -21 -22 22 -24 24 -26 26 -28 -29 -30 -31
leaf_value=-0.014400756697394624 0.10767839868360078 -0.0050968931410361653 0.059521854714656056 -0.035062296062109748 -0.0059823741587773016 0.0088570203436503878 0.0024281591061138374 -0.0057862629924980251 0.0034382499949422861 -0.013743116054201197 -0.0034661795699597489 0.040558889232056708 -0.00071430843140193347 -0.00025325500702768602 0.016743548697620729 -0.011913330961172697 0.025485464705442964 -4.9669973083588447e-05 -0.0081881102786110511 -0.015255608605022092 -0.00052590059914443333 0.0010838449406456094 -0.0023527194243395931 -0.0062505018582160333 0.23447555442773219 -0.0011591648109274125 0.0026571804041983643 0.0066212528515295337 -0.0055768208707148549 0.0050868763137796782
leaf_weight=1507 22 578 40 22 50 28 26 51 39 35 529 22 37 5056 29 36 28 56 259 28 570 39 130 20 21 141 33 35 171 22
leaf_count=1507 22 578 40 22 50 28 26 51 39 35 529 22 37 5056 29 36 28 56 259 28 570 39 130 20 21 141 33 35 171 22
internal_value=-0.00178054 -0.00103783 -0.000517882 0.0101818 -0.00214711 -0.00447059 -0.00060492 -0.00538341 -0.00505522 0.00172973 -0.00130491 -0.0032381 0.00420339 -0.000365212 -0.000222224 0.00318279 -0.00175 -0.000422362 -0.00433028 0.00141176 -0.000116319 0.00122155 0.00326491 0.00639446 0.0193171 0.00425806 0.00073563 0.0125405 -0.00221687 0.00430769
internal_weight=9660 8009 5453 44 2556 680 5409 1651 652 74 1876 588 59 5082 144 93 64 1288 327 68 1238 668 419 289 41 248 174 74 249 78
internal_count=9660 8009 5453 44 2556 680 5409 1651 652 74 1876 588 59 5082 144 93 64 1288 327 68 1238 668 419 289 41 248 174 74 249 78
is_linear=0
shrinkage=0.08


Tree=77
num_leaves=31
num_cat=0
split_feature=31 6 13 4 4 1 4 4 8 7 7 7 19 6 39 13 6 6 29 1 4 4 4 1 1 4 7 1 21 25
split_gain=4.10187 0.959779 0.84638 0.819904 6.73616 1.36588 1.3364 1.61195 0.938857 0.934366 0.972475 0.817253 0.726952 0.625 0.550339 0.637518 0.549438 0.740192 0.533889 0.516692 0.484547 5.83277 2.8227 1.66478 1.96923 2.73504 1.62074 1.71286 1.36509 0.81854
threshold=14.615850000000002 0.29934151911072543 15.000850000000002 14.500000000000002 15.500000000000002 22.500000000000004 20.500000000000004 25.500000000000004 1.6272946002717763 15.383229166666668 17.56838083333334 18.123570000000004 17.273000000000003 0.19220317920232663 97.842033181935662 17.887500000000003 0.86379130480005573 0.22646253763633681 17.955650000000002 22.500000000000004 46.500000000000007 44.500000000000007 45.500000000000007 1.5000000000000002 1.0000000180025095e-35 50.500000000000007 15.580033333333335 14.500000000000002 16.817100000000003 18.449000000000002
decision_type=2 2 2 2 2 2 2 2 2 2 2 2 2 2 2 2 2 2 2 2 2 2 2 2 2 2 2 2 2 2
left_child=2 3 19 14 9 20 -7 -8 -9 -5 12 -3 13 -11 -2 -16 17 -4 -17 -1 21 29 26 24 -22 -26 -23 28 -28 -6
right_child=1 11 16 4 5 6 7 8 -10 10 -12 -13 -14 -15 15 18 -18 -19 -20 -21 23 22 -24 -25 25 -27 27 -29 -30 -31
leaf_value=-0.010830180098929958 -0.0016260852915422922 -0.0024533558102043098 -0.00074692039549771432 0.0067494719554013118 -0.00051566622184485739 -0.012591429752386729 0.1113850829655646 -0.0059640325716266377 0.0031632307962267125 0.0049485637755011854 0.0075412869687166966 0.0016090076207303447 -0.00048823844352949259 0.0078140592369984191 0.0012820842992422002 0.0025612991060803077 -0.00067341222219469989 0.0083632399746055974 -0.0025733683731311873 0.0089084375943719648 -0.0063075222969619605 0.0091821310061592724 0.0012861645851623279 -0.0018284532198956976 -0.026246967866037113 0.10350371517018227 0.0026367466881273157 -0.00082826763832731022 0.0044965035428411642 0.001467009279463656
leaf_weight=1857 1437 1318 23 20 2826 24 25 37 20 20 20 62 21 20 42 40 85 20 50 42 65 40 119 1234 20 45 26 27 23 52
leaf_count=1857 1437 1318 23 20 2826 24 25 37 20 20 20 62 21 20 42 40 85 20 50 42 65 40 119 1234 20 45 26 27 23 52
internal_value=-0.00172257 -0.000873053 -0.00492156 -0.000451625 7.85634e-05 -0.000371811 0.00860377 0.0134634 0.00603509 0.0205148 0.0166914 -0.00278261 0.0116721 0.018 -0.00203442 0.00290909 0.001375 0.00874418 -0.000888891 -0.00534597 -0.000584322 -3.34102e-05 0.0120851 -0.00184164 0.00676923 0.0166154 0.0209655 0.0141053 0.0230204 -0.00102293
internal_weight=9660 7633 2027 6253 4684 4583 106 82 57 101 81 1380 61 40 1569 132 128 43 90 1899 4477 3113 235 1364 130 65 116 76 49 2878
internal_count=9660 7633 2027 6253 4684 4583 106 82 57 101 81 1380 61 40 1569 132 128 43 90 1899 4477 3113 235 1364 130 65 116 76 49 2878
is_linear=0
shrinkage=0.08


Tree=78
num_leaves=31
num_cat=0
split_feature=39 19 19 13 7 19 31 21 39 25 7 6 21 27 17 6 33 39 15 1 23 29 25 4 4 29 4 8 39 31
split_gain=3.60109 0.704741 0.625385 0.736337 1.03464 1.10621 1.07119 1.19189 2.06686 1.12339 1.7574 1.04219 0.988551 0.907589 1.26171 0.785707 0.700143 0.697183 0.81 0.691414 0.683667 1.75718 0.605497 0.78445 1.47233 1.17085 0.678788 0.594086 0.65314 0.75
threshold=78.905111044561679 14.708300000000003 14.066000000000001 15.408500000000002 15.714060833333333 16.603000000000005 15.851650000000001 15.625350000000003 87.513050095089469 15.557500000000003 15.703709166666668 0.2080663931355983 15.523850000000001 15.523850000000001 16.029150000000005 0.20362857550453636 0.27075000000000055 84.231375289660832 15.330900000000002 11.500000000000002 15.736050000000002 15.523850000000001 14.647350000000001 14.500000000000002 23.500000000000004 14.647350000000001 19.500000000000004 0.18781611751209631 76.3667750061622 16.365600000000004
decision_type=2 2 2 2 2 2 2 2 2 2 2 2 2 2 2 2 2 2 2 2 2 2 2 2 2 2 2 2 2 2
left_child=1 -1 19 15 6 -6 12 -8 9 11 -11 -9 13 -5 20 17 -14 22 -19 -2 -15 -22 23 -4 25 26 -25 -3 29 -29
right_child=2 27 3 4 5 -7 7 8 -10 10 -12 -13 16 14 -16 -17 -18 18 -20 -21 21 -23 -24 24 -26 -27 -28 28 -30 -31
leaf_value=-0.012813983688981906 0.036915269865280396 0.0065291305112135734 -0.0039566356256730177 0.00018652917580299716 -0.0042649126862886093 -0.00018141672487026513 -0.0097363384824978982 -0.0025722571982402117 -0.00042179530934497746 0.0011060872151005595 0.003669975502753154 0.0040796048080079953 -0.0014239031236746699 0.00017135819158142532 0.0075406961355522495 -0.00321599595425509 0.0011264657922779408 0.0023564662359450484 -0.00054768633383671362 -0.0016787009743220438 -0.0031385756790303148 0.0050853608570564377 -0.0019427063328223723 -0.001304314034214733 -0.0003074352092006317 0.0068775382289388192 0.025542627125530581 0.04937731665976422 -0.0072047300176458981 -0.0078122849010585594
leaf_weight=1488 36 25 91 354 981 3639 31 25 68 31 28 32 465 112 25 1103 56 50 50 44 21 25 479 22 196 25 20 24 90 24
leaf_count=1488 36 25 91 354 981 3639 31 25 68 31 28 32 465 112 25 1103 56 50 50 44 21 25 479 22 196 25 20 24 90 24
internal_value=-0.00173913 -0.00514113 -0.00103783 -0.00110884 -0.000655695 -0.00121212 0.00136371 0.00651163 0.00895652 0.0154483 0.0231864 0.00743859 0.000317578 0.00272626 0.00730054 -0.00242043 -0.00216507 -0.000711685 0.0056 0.006 0.00465823 0.0128696 -0.00146939 0.00103955 0.00325475 0.0134925 0.00533333 -0.000147241 -0.0022029 0.00533333
internal_weight=9660 1651 8009 7929 5893 4620 1273 215 184 116 59 57 1058 537 183 2036 521 933 100 80 158 46 833 354 263 67 42 163 138 48
internal_count=9660 1651 8009 7929 5893 4620 1273 215 184 116 59 57 1058 537 183 2036 521 933 100 80 158 46 833 354 263 67 42 163 138 48
is_linear=0
shrinkage=0.08


Tree=79
num_leaves=31
num_cat=0
split_feature=21 1 6 31 1 8 4 4 19 27 2 29 31 13 4 39 17 39 4 19 21 7 21 39 31 6 7 1 23 25
split_gain=3.84801 0.734511 0.687879 0.755128 0.684904 1.66274 2.82038 1.51086 0.831722 0.678788 0.575872 0.704878 0.551478 0.640755 0.543468 1.01023 0.49426 0.780756 0.938793 0.811697 0.74853 1.09898 1.33427 1.16344 2.04668 1.06596 1.04897 0.880668 0.812686 1.39684
threshold=14.543600000000001 22.500000000000004 0.29934151911072543 22.248450000000002 2.5000000000000004 0.71704800698465154 51.500000000000007 6.5000000000000009 14.817800000000002 14.378900000000002 2.5000000000000004 13.818850000000003 14.642450000000002 14.543600000000001 4.5000000000000009 91.486677044661903 17.384900000000005 92.324632450654533 27.500000000000004 16.938100000000002 17.381450000000005 15.721529166666668 15.883650000000001 87.513050095089469 15.621500000000003 0.22167110709116863 15.712329166666668 17.500000000000004 15.593050000000002 16.001000000000001
decision_type=2 2 2 2 2 2 2 2 2 2 2 2 2 2 2 2 2 2 2 2 2 2 2 2 2 2 2 2 2 2
left_child=1 4 16 10 5 6 7 -1 -6 -3 -4 -12 -10 -14 15 -13 20 18 -18 -20 21 22 28 24 -24 -22 27 -26 -2 -30
right_child=2 9 3 -5 8 -7 -8 -9 12 -11 11 14 13 -15 -16 -17 17 -19 19 -21 25 -23 23 -25 26 -27 -28 -29 29 -31
leaf_value=0.070615811028099426 -0.0007047888622698763 0.02652151833278529 -0.0044132481447113269 0.0064668693681495084 -0.012824189692236782 -0.013867732342303913 0.071340511888787012 -0.0098283801436779804 -0.0032364429779753396 -0.011254569870030841 0.0033399964164659408 -0.0036006518605785072 0.027732050288807552 -0.0012395040853958772 -0.0020935562174142436 0.1759308262504776 -0.0045300761023036361 8.515331824503276e-05 0.0047749025329414316 0.0010569911588079043 0.0044695126702027953 -0.0012587278285657777 -0.0069679576494876792 -0.001288639915145719 0.002823186574785998 -0.00013057933276391635 9.8079709691004793e-06 0.00078189608444923842 0.00045413679740849568 0.0021671129733213564
leaf_weight=21 2048 20 619 25 1311 152 23 87 56 22 30 26 23 34 677 25 32 1124 24 34 57 2221 31 63 58 155 26 26 571 39
leaf_count=21 2048 20 619 25 1311 152 23 87 56 22 30 26 23 34 677 25 32 1124 24 34 57 2221 31 63 58 155 26 26 571 39
internal_value=-0.00172257 -0.00511836 -0.000971813 -0.00257917 -0.00537551 -0.00178092 0.00482443 -0.000592594 -0.00608989 0.00533333 -0.00282934 -0.00135093 0.000495573 0.00603509 -0.00184616 0.00611765 -0.000625597 0.000830311 0.008 0.014069 -0.000959398 -0.00115365 -0.000117402 0.00611765 0.010156 0.00369811 0.0152727 0.019619 -0.000595939 0.00196721
internal_weight=9660 1749 7911 1402 1707 283 131 108 1424 42 1377 758 113 57 728 51 6509 1214 90 58 5295 5083 2862 204 141 212 110 84 2658 610
internal_count=9660 1749 7911 1402 1707 283 131 108 1424 42 1377 758 113 57 728 51 6509 1214 90 58 5295 5083 2862 204 141 212 110 84 2658 610
is_linear=0
shrinkage=0.08


Tree=80
num_leaves=31
num_cat=0
split_feature=13 8 21 5 5 31 15 8 6 4 8 15 25 19 21 13 31 4 8 4 1 6 8 7 33 5 19 4 4 4
split_gain=4.1713 0.604307 1.02649 0.750041 0.828222 1.06522 0.786102 0.900563 1.66546 0.992122 0.648471 0.602433 0.555125 0.978737 0.534926 0.862401 0.523202 1.10471 1.22449 0.473352 0.537084 0.470085 0.436633 0.442631 0.487013 0.785714 0.468831 0.416863 2.77648 2.11107
threshold=14.548600000000002 0.73712317044747688 16.489300000000004 18.099103333333336 18.077616666666671 18.042600000000004 17.488600000000002 1.1683528646594907 0.39350567118165908 55.500000000000007 0.67300804801402048 15.176350000000001 17.008900000000004 15.736050000000002 16.717400000000001 16.403200000000002 17.155700000000007 30.500000000000004 1.8203419758873591 16.500000000000004 6.5000000000000009 0.14352761051568508 1.4421042757918003 15.703709166666668 -0.37945000000000023 14.897940000000004 16.121200000000005 46.500000000000007 44.500000000000007 45.500000000000007
decision_type=2 2 2 2 2 2 2 2 2 2 2 2 2 2 2 2 2 2 2 2 2 2 2 2 2 2 2 2 2 2
left_child=11 10 22 4 6 -6 7 8 -4 14 27 21 13 -12 15 -9 -16 -18 -19 -10 -21 -1 -3 24 -24 -26 -27 28 -2 -30
right_child=1 2 3 -5 5 -7 -8 9 19 -11 12 -13 -14 -15 16 -17 17 18 -20 20 -22 -23 23 -25 25 26 -28 -29 29 -31
leaf_value=0.0019535369398122095 -0.00019881214246080417 -0.0088158943544173092 0.18040085788786708 -0.0030944726668502794 -0.00085050019267772677 0.0022947771999200102 -0.0013399318411903454 -0.0028305534311027832 0.0050017969687089553 0.0031047296694852876 0.0026743459660501807 0.044967538542530862 0.002220652177268855 -0.0033695911212655834 -0.0029860828277092368 0.0098994825405835148 -0.0040253993991406093 -0.0055490742830637549 0.037641416323464037 -0.0092094746841630132 0.0056947944794258284 -0.0085694640734338395 -0.0014733572379366133 -0.0032008535574847463 0.00079172011835463836 -0.0017060839682746627 0.0004636490785480884 -0.001451232636020382 0.0059332703925939825 0.00029505399848281182
leaf_weight=33 4436 420 30 214 23 23 182 32 24 29 31 37 32 42 196 26 67 29 31 35 34 1771 27 257 22 55 22 1309 93 98
leaf_count=33 4436 420 30 214 23 23 182 32 24 29 31 37 32 42 196 26 67 29 31 35 34 1771 27 257 22 55 22 1309 93 98
internal_value=-0.00170601 -0.00089935 -0.00219573 -0.000451284 0.000725359 0.0111304 5.59421e-05 0.001606 0.00760975 -0.000195124 -0.000517797 -0.005132 0.00571428 0.00186301 -0.00128084 0.0057931 -0.00255109 0.00144882 0.00933333 0.00232258 -0.00104348 -0.00533925 -0.00431383 -0.00236032 0.00152381 0.00412121 0.000311686 -0.000628034 -0.000271452 0.00917277
internal_weight=9660 7819 1778 975 761 46 715 533 123 410 6041 1841 105 73 381 58 323 127 60 93 69 1804 803 383 126 99 77 5936 4627 191
internal_count=9660 7819 1778 975 761 46 715 533 123 410 6041 1841 105 73 381 58 323 127 60 93 69 1804 803 383 126 99 77 5936 4627 191
is_linear=0
shrinkage=0.08


Tree=81
num_leaves=31
num_cat=0
split_feature=5 13 7 6 31 4 25 27 13 21 33 19 21 19 17 6 6 27 33 6 23 17 39 39 17 23 7 15 27 31
split_gain=3.61085 0.676367 0.951216 0.909568 1.16691 0.818402 0.782772 0.84895 0.904586 1.199 1.33698 1.31077 1.5625 0.759575 1.34703 0.777778 1.86667 0.704614 0.699707 0.662759 0.575504 1.03402 1.27259 1.39895 1.78467 0.625 0.524584 0.910276 0.839918 0.701348
threshold=14.20667880952381 15.408500000000002 15.703709166666668 0.20362857550453636 15.586 30.500000000000004 14.647350000000001 14.716850000000003 14.716850000000003 14.4777 0.16105000000000128 14.642450000000002 14.647350000000001 16.322600000000005 16.029150000000005 0.76320403382708191 0.25110968745351248 16.775850000000002 0.4174500000000006 0.2504971024279477 15.692450000000003 15.330900000000002 83.594616184912368 84.597606935303943 15.557500000000003 15.896950000000002 15.721529166666668 16.029150000000005 15.625350000000003 15.971400000000001
decision_type=2 2 2 2 2 2 2 2 2 2 2 2 2 2 2 2 2 2 2 2 2 2 2 2 2 2 2 2 2 2
left_child=-1 3 13 4 6 -6 7 8 9 -2 11 -11 -13 14 20 16 -16 18 26 -20 -3 -22 -23 -24 -25 -26 27 29 -29 -4
right_child=1 2 17 -5 5 -7 -8 -9 -10 10 -12 12 -14 -15 15 -17 -18 -19 19 -21 21 22 23 24 25 -27 -28 28 -30 -31
leaf_value=-0.013047521733122522 -0.0062387605301266478 -0.00010204188970378238 -0.0012845351278778611 -0.0032141448050764703 0.00031271168815851891 0.0019412402665659972 -0.0017339256810390401 -0.0061785321131335039 -0.0025440713799475302 0.11844643440181392 0.00069293264594622874 0.0050762899026108267 -0.0041500416641277677 -0.0036580610369514794 -0.0033272373040853136 0.0006835827574360302 0.0098613734604305406 -8.2175256875923722e-05 0.0024046654512452116 -0.001651327692604789 -0.0029027031802856883 0.0058126006184247968 -0.0016108194075600151 0.0037995887242446721 0.0017965201343290039 -0.0062198346871569681 -0.0033032720189030257 0.00085134209754531703 0.0049864365227619617 0.0022702200792749125
leaf_weight=1158 72 571 334 1387 31 24 604 118 93 27 124 32 32 63 20 36 28 3338 105 82 70 35 62 26 20 20 1051 35 22 40
leaf_count=1158 72 571 334 1387 31 24 604 118 93 27 124 32 32 63 20 36 28 3338 105 82 70 35 62 26 20 20 1051 35 22 40
internal_value=-0.00159835 -0.00102752 -0.000561264 -0.0021195 -0.000463269 0.0109091 -0.00103085 0.00131727 0.00315789 0.00537979 0.00837209 0.0157363 0.0095 0.00175815 0.00236036 0.012 0.0186667 -0.0010018 -0.00234392 0.00226738 0.00135323 0.00470386 0.00819632 0.0045 0.0126061 0.002 -0.00292578 -0.000575408 0.0088421 -0.0020107
internal_weight=9660 8502 5958 2544 1157 55 1102 498 380 287 215 91 64 951 888 84 48 5007 1669 187 804 233 163 128 66 40 1482 431 57 374
internal_count=9660 8502 5958 2544 1157 55 1102 498 380 287 215 91 64 951 888 84 48 5007 1669 187 804 233 163 128 66 40 1482 431 57 374
is_linear=0
shrinkage=0.08


Tree=82
num_leaves=31
num_cat=0
split_feature=2 2 5 8 1 25 39 17 4 4 4 31 19 39 13 8 33 4 4 1 7 1 7 1 1 4 23 19 21 39
split_gain=3.71755 1.04845 0.942782 0.706618 0.680777 0.696834 0.67199 0.699127 0.523792 0.497695 2.05929 0.575775 0.503974 0.539061 0.479867 0.475531 0.493997 0.466227 3.52788 0.617176 0.873659 1.71163 0.555959 0.503742 1.67332 6.13077 0.529747 0.623378 0.952609 1.07862
threshold=5.5000000000000009 2.5000000000000004 15.204650000000003 0.78757042244178999 14.500000000000002 17.423700000000004 77.830070267373216 14.082400000000002 10.500000000000002 15.500000000000002 14.500000000000002 14.708300000000003 14.510650000000002 79.621804896020649 14.344400000000002 1.4421042757918003 -0.44760000000000039 45.500000000000007 44.500000000000007 4.5000000000000009 15.092484166666667 2.5000000000000004 17.000222500000003 11.500000000000002 10.500000000000002 19.500000000000004 17.042850000000005 14.576500000000001 15.550500000000001 80.575312231781894
decision_type=2 2 2 2 2 2 2 2 2 2 2 2 2 2 2 2 2 2 2 2 2 2 2 2 2 2 2 2 2 2
left_child=1 3 -3 4 6 8 -1 -8 -6 10 -10 -11 -13 -14 -9 -5 -17 18 19 20 21 -16 -19 24 26 -26 27 -21 29 -29
right_child=-2 2 -4 15 5 -7 7 14 9 11 -12 12 13 -15 17 16 -18 22 -20 23 -22 -23 -24 -25 25 -27 -28 28 -30 -31
leaf_value=-0.013539271480569165 -0.01464964145974741 0.0059401807328890652 -7.2837505242999369e-05 -0.0088637849231430407 -0.0045241941008164026 0.053723482204099331 0.023276046432203011 -0.0062776122346609679 -0.0028041092221600273 -0.0053005251991850976 0.01169116906772317 0.00099077773206687151 0.010461270227272997 -0.0010620394100823705 0.056957400463359571 -0.00768003352822002 -0.00012810274696200915 -0.0021864292224922678 0.0046701867104019376 -0.0049399749485753829 -0.0047709748925318833 -0.013821906399176099 0.0005856298059272164 -0.0013546501161029363 -0.0022114043182010347 0.29268978321027833 -0.002422045749539289 0.00018392646351967907 6.2304677754518515e-05 0.0027697985489102011
leaf_weight=189 1030 34 4286 451 245 20 27 68 89 213 22 22 22 632 20 72 352 438 32 106 205 23 29 291 60 37 87 87 387 84
leaf_count=189 1030 34 4286 451 245 20 27 68 89 213 22 22 22 632 20 72 352 438 32 106 205 23 29 291 60 37 87 87 387 84
internal_value=-0.00151553 -0.000973351 -9.25945e-05 -0.00185615 -0.00133916 -0.00281423 -0.000479265 -4.44239e-05 -0.00305221 -0.00224 0.00281081 -0.00287064 -0.00172781 -0.00212844 -0.000221087 -0.00388572 -0.00196227 1.69652e-05 0.000738546 0.000132659 -0.00348387 0.00688372 -0.00217559 0.000920103 0.00190566 0.0117938 0.000628493 0.00139759 0.00246595 0.00743859
internal_weight=9660 8630 4320 4310 3435 1265 2170 1981 1245 1000 111 889 676 654 1954 875 424 1886 1419 1387 248 43 467 1139 848 97 751 664 558 171
internal_count=9660 8630 4320 4310 3435 1265 2170 1981 1245 1000 111 889 676 654 1954 875 424 1886 1419 1387 248 43 467 1139 848 97 751 664 558 171
is_linear=0
shrinkage=0.08


Tree=83
num_leaves=31
num_cat=0
split_feature=39 13 4 4 4 33 1 1 8 1 4 8 31 31 23 1 27 39 8 8 8 15 7 31 8 19 7 19 7 8
split_gain=3.59293 0.811303 0.877384 1.99991 1.39709 1.30662 0.837838 4.72091 3.09594 0.733725 0.725133 0.680869 0.61455 1.35542 1.11361 0.658667 0.612332 0.588942 0.56048 0.632995 0.622942 0.548949 0.499681 0.460256 0.456269 0.423978 1.11885 0.482688 0.469444 0.430445
threshold=77.673735303568606 15.408500000000002 26.500000000000004 14.500000000000002 15.500000000000002 0.13130000000000044 9.5000000000000018 11.500000000000002 0.19775194289623474 22.500000000000004 16.500000000000004 1.347420269793419 15.523850000000001 15.780700000000001 15.490150000000002 22.500000000000004 14.066000000000001 84.414627055929188 1.080942558763023 1.462533759336071 1.0545599125608096 15.557500000000003 17.276123333333334 14.260600000000002 1.6795587907055991 18.517300000000002 17.048420833333335 18.410200000000007 18.089694166666671 0.82605504124130669
decision_type=2 2 2 2 2 2 2 2 2 2 2 2 2 2 2 2 2 2 2 2 2 2 2 2 2 2 2 2 2 2
left_child=21 2 3 16 5 -5 10 8 -8 11 -6 -9 15 14 17 -4 -2 -14 20 22 25 -1 -20 -21 -23 27 -27 29 -28 -3
right_child=1 18 12 4 6 -7 7 9 -10 -11 -12 -13 13 -15 -16 -17 -18 -19 19 23 -22 24 -24 -25 -26 26 28 -29 -30 -31
leaf_value=-0.018678216938493881 0.01251105025688037 2.7004040769111571e-05 -0.0031474711157045841 0.012824933200771986 0.0018007082617090856 0.0017749970963431517 0.27817145746006516 -0.0018492428664533566 0.00029992801462544379 0.021937643316430153 -0.003258645300680393 0.0056283170762858308 0.0026794604533441958 -0.0060637263697295579 0.0020499474809823285 0.00046221875463348583 -0.0029701143098740746 -0.0051162176678721848 -0.014147002824281749 0.00081050142480556815 0.16213449436499802 0.054092206378201835 0.0004074388927715174 -0.00034404676519384235 -0.0057614273184205759 0.044365506619346018 -0.0031980385897247689 -0.0043003501290915297 0.0020954048454986901 -0.0025113071900433738
leaf_weight=1070 39 4447 1198 20 26 21 22 208 21 21 174 24 20 83 31 31 635 32 298 34 34 20 80 759 23 22 36 85 24 122
leaf_count=1070 39 4447 1198 20 26 21 22 208 21 21 174 24 20 83 31 31 635 32 298 34 34 20 80 759 23 22 36 85 24 122
internal_value=-0.00142443 -0.000867675 -0.00204451 -0.000469036 0.00317318 0.0173659 0.002 0.0047027 0.0292093 0.000537547 -0.002 -0.000758623 -0.00341219 0.00115662 0.00838554 -0.00402929 -0.00337092 0.00123077 -0.000351458 -0.00191973 3.35411e-05 -0.00569991 -0.00461376 -0.000635563 0.00316279 -4.39208e-05 0.00565853 -0.000144394 -1.90735e-09 -3.32696e-05
internal_weight=9660 8547 2606 1211 537 41 496 296 43 253 200 232 1395 166 83 1229 674 52 5941 1171 4770 1113 378 793 43 4736 82 4654 60 4569
internal_count=9660 8547 2606 1211 537 41 496 296 43 253 200 232 1395 166 83 1229 674 52 5941 1171 4770 1113 378 793 43 4736 82 4654 60 4569
is_linear=0
shrinkage=0.08


Tree=84
num_leaves=31
num_cat=0
split_feature=39 31 8 15 1 29 8 6 4 25 8 31 23 39 6 25 25 4 4 1 4 23 4 33 4 31 33 6 6 6
split_gain=3.48501 0.878684 0.856075 1.17994 0.675628 1.11547 0.606315 0.948367 0.75851 1.59543 2.10585 1.21961 1.05474 0.95877 1.48595 0.825671 0.77 0.726889 0.892598 0.910567 0.743341 0.647814 0.629225 0.622965 0.607287 0.580109 0.660312 0.557576 0.993706 0.533333
threshold=80.026372593657584 14.197750000000001 0.38094037760049554 14.481250000000001 22.500000000000004 14.4777 0.23383779047831907 0.29217317706166751 17.500000000000004 16.700900000000004 0.23587357219679639 16.787500000000005 15.699150000000001 92.24959166802833 0.25932568952573593 15.019750000000002 16.305350000000004 13.500000000000002 15.500000000000002 22.500000000000004 14.500000000000002 16.867950000000004 14.500000000000002 0.8744500000000005 5.5000000000000009 18.197700000000005 0.36224999999999957 0.19830533148476495 0.18040453244949903 0.2130382985919996
decision_type=2 2 2 2 2 2 2 2 2 2 2 2 2 2 2 2 2 2 2 2 2 2 2 2 2 2 2 2 2 2
left_child=1 -1 3 27 -3 -6 17 8 9 12 -11 -10 15 14 21 -8 -14 -5 20 -20 -19 -13 -12 -9 -17 -15 -27 28 -2 -29
right_child=2 4 -4 6 5 -7 7 23 11 10 22 13 16 25 -16 24 -18 18 19 -21 -22 -23 -24 -25 -26 26 -28 29 -30 -31
leaf_value=-0.022453627837669257 0.0019204129242444206 -0.0031804011562081543 -0.001124514820649165 -0.0015179093859264583 0.019744260625072348 -0.01500498598211099 0.0058703287297795295 -0.0021038242711988917 -0.0027711962312177625 0.013342297394756383 -0.00093951327156092425 0.0023409215067967952 0.01224284144475825 -7.8197863042345025e-05 0.0017156094153997659 -0.0080206525773155474 0.004623011997149813 -0.0010579020312726963 -0.00013935044328395845 0.10851346694790205 0.0042628183869093108 -0.00024756072236028516 0.0049153330003929097 0.052352796681545001 0.0037397767790370135 0.0051983736795568067 -0.0003744258682734526 0.0018807123399382239 -0.0022804828131298676 0.0011352219206226552
leaf_weight=874 26 1302 2285 731 24 27 23 319 402 34 261 34 22 394 33 24 28 49 2343 30 51 72 38 22 52 44 27 20 29 40
leaf_count=874 26 1302 2285 731 24 27 23 319 402 34 261 34 22 394 33 24 28 49 2343 30 51 72 38 22 52 44 27 20 29 40
internal_value=-0.00141615 -0.00419219 -0.000584423 -1.24339e-05 -0.00291501 0.00611765 -0.000195512 0.000966647 0.00183871 0.00444813 0.00136937 0.000588467 0.0113289 0.00286093 0.00869065 0.00654545 0.0208 -0.000858928 -0.000203803 -0.000515805 0.0072 0.00407547 -0.000775922 -0.00283871 0.00252631 0.00111828 0.00777465 0.008 0.00218182 0.0133333
internal_weight=9660 2227 7433 5148 1353 51 5033 1829 1488 482 333 1006 149 604 139 99 50 3204 2473 2373 100 106 299 341 76 465 71 115 55 60
internal_count=9660 2227 7433 5148 1353 51 5033 1829 1488 482 333 1006 149 604 139 99 50 3204 2473 2373 100 106 299 341 76 465 71 115 55 60
is_linear=0
shrinkage=0.08


Tree=85
num_leaves=31
num_cat=0
split_feature=39 1 27 39 6 19 7 7 1 6 2 1 4 4 1 4 33 15 23 13 19 7 31 17 6 33 4 4 19 21
split_gain=2.74751 0.864089 0.653069 0.610468 0.678372 0.665856 0.624041 0.621007 0.610054 0.989011 0.508242 0.505981 0.503565 4.58032 0.721165 0.967792 0.946753 0.654198 0.978547 0.594251 1.52834 1.24616 0.508164 1.06529 0.646859 0.968919 0.938857 0.591762 0.644702 0.695029
threshold=77.382816327445269 20.500000000000004 14.901200000000001 80.026372593657584 0.29217317706166751 14.444800000000003 15.3993175 18.123570000000004 2.5000000000000004 0.19394565686123649 5.5000000000000009 22.500000000000004 14.500000000000002 15.500000000000002 22.500000000000004 20.500000000000004 0.27590000000000098 14.510650000000002 14.593050000000002 16.700900000000004 15.896950000000002 17.059805833333339 15.408500000000002 15.593050000000002 0.19394565686123649 0.27590000000000098 30.500000000000004 20.500000000000004 15.158250000000002 16.001000000000001
decision_type=2 2 2 2 2 2 2 2 2 2 2 2 2 2 2 2 2 2 2 2 2 2 2 2 2 2 2 2 2 2
left_child=1 -1 -3 6 5 -5 8 11 9 -2 -11 -6 -7 19 17 -16 -17 18 -15 20 -14 -21 -19 27 25 -25 -27 -24 -29 -30
right_child=3 2 -4 4 7 12 -8 -9 -10 10 -12 -13 13 14 15 16 -18 22 -20 21 -22 -23 23 24 -26 26 -28 28 29 -31
leaf_value=-0.020568168060453158 0.068309465936482627 -0.0013921841790107861 0.044196416741307171 0.0013664135275492618 -0.0012459356647137969 -0.00072438925965648249 0.0016256401975881679 0.0021054592880387145 -0.003409237804944358 -0.0069308744825015535 0.0036504752152084841 -0.017898400545460224 0.0027300653681868194 -0.00034009850047158631 -0.010013255257433778 0.00089788481934469631 0.090266824708530924 -0.0018238045202513134 0.0014916136622245711 -0.00092569326177702649 0.010906403408820804 0.0043411633255922358 -0.00067982086868244101 -0.0027910412641394241 -5.4461939136619456e-05 0.1850204816158415 -0.0013862143784156076 0.0040543485185013713 0.00043175481526451688 0.0015518873076255685
leaf_weight=950 26 39 33 28 1237 1496 21 66 1093 37 28 129 29 39 23 55 22 838 36 20 22 23 53 368 2395 20 37 36 424 37
leaf_count=950 26 39 33 28 1237 1496 21 66 1093 37 28 129 29 39 23 55 22 838 36 20 22 23 53 368 2395 20 37 36 424 37
internal_value=-0.00141615 -0.00533855 0.00311111 -0.000952074 -0.000681288 -0.000307951 -0.00262241 -0.00224581 -0.00286487 0.00342857 -0.00184616 -0.00261201 -0.000365647 5.89662e-05 -0.000315767 0.0064 0.0107013 -0.000472568 0.00693333 0.0175319 0.0233725 0.0106046 -0.000604565 -0.000166174 -0.000794328 -0.00367059 0.00603509 0.00305454 0.00391147 0.00310629
internal_weight=9660 1022 72 8638 7433 6001 1205 1432 1184 91 65 1366 5973 4477 4383 100 77 4283 75 94 51 43 4208 3370 2820 425 57 550 497 461
internal_count=9660 1022 72 8638 7433 6001 1205 1432 1184 91 65 1366 5973 4477 4383 100 77 4283 75 94 51 43 4208 3370 2820 425 57 550 497 461
is_linear=0
shrinkage=0.08


Tree=86
num_leaves=31
num_cat=0
split_feature=21 15 31 6 31 1 31 31 15 4 4 7 29 13 1 1 6 1 1 31 27 8 31 7 5 1 1 4 4 21
split_gain=3.23814 0.752103 0.553516 0.722257 0.718755 0.595793 0.690909 1.22909 0.489606 0.482826 6.50341 1.58414 1.12787 0.804163 0.860115 1.43478 1.74818 0.727211 1.0994 1.50956 1.78768 1.29929 0.985721 0.758505 0.693434 0.658827 4.38929 6.88621 6.40667 1.33333
threshold=14.444800000000003 14.968750000000002 22.248450000000002 1.3488920956860124 12.978900000000001 7.5000000000000009 16.535050000000002 16.938100000000002 18.825550000000003 14.500000000000002 15.500000000000002 15.139452500000003 14.329500000000001 14.784150000000002 1.5000000000000002 2.5000000000000004 0.76320403382708191 5.5000000000000009 1.5000000000000002 16.603000000000005 17.955650000000002 0.5471141559193089 14.543600000000001 16.13090166666667 17.049690000000002 11.500000000000002 10.500000000000002 29.500000000000004 20.500000000000004 16.929950000000002
decision_type=2 2 2 2 2 2 2 2 2 2 2 2 2 2 2 2 2 2 2 2 2 2 2 2 2 2 2 2 2 2
left_child=1 -1 3 8 -5 6 -6 -8 9 12 11 -11 -2 -14 -15 16 -16 18 19 23 21 -21 -19 -12 -13 26 -24 28 -28 -30
right_child=2 -3 -4 4 5 -7 7 -9 -10 10 17 24 13 14 15 -17 -18 22 -20 20 -22 -23 25 -25 -26 -27 27 -29 29 -31
leaf_value=-0.010628744515415381 0.0046908240620357911 0.00046911075927155254 0.0071187111931428947 0.0030525243346429276 -0.0035031103905092814 -0.0088361562738746655 0.10346113173552336 -0.00080857214755687451 0.072879300844585909 0.012246505069411487 0.00025115773029570667 0.0036852757928453306 -0.0035127079183093148 -0.0094865952245514248 0.13062006284217667 -0.00065753610989105927 -0.0027215384949803773 -0.0051319162608428129 -0.0024469633586904401 0.014057585149684146 -0.00073768447949266655 0.0060158752041644349 5.1714285191323607e-06 -0.016547650302686911 0.01168517614553388 -0.00020788514005351121 -0.015701553708714937 -0.0046449989366132002 0.29625951431286518 0.45893801877549151
leaf_weight=1363 35 83 25 29 38 360 22 50 39 21 214 77 216 137 21 1517 30 243 904 33 57 23 1163 138 30 2659 25 58 30 20
leaf_count=1363 35 83 25 29 38 360 22 50 39 21 214 77 216 137 21 1517 30 243 904 33 57 23 1163 138 30 2659 25 58 30 20
internal_value=-0.00130021 -0.00479115 -0.000685661 -0.000721946 -0.00367134 -0.00442553 0.000727271 0.00533333 -0.000530561 -0.000576136 -0.000203689 0.017625 -0.00166053 -0.00191984 -0.00133725 -0.000806124 0.0123922 -0.000613618 -0.00221476 0.000946235 0.00899115 0.0191429 -9.1474e-05 -0.00163637 0.0136822 0.000212387 0.00169136 0.0154586 0.0314667 0.048
internal_weight=9660 1446 8214 8189 499 470 110 72 7690 7651 5695 128 1956 1921 1705 1568 51 5567 1369 465 113 56 4198 352 107 3955 1296 133 75 50
internal_count=9660 1446 8214 8189 499 470 110 72 7690 7651 5695 128 1956 1921 1705 1568 51 5567 1369 465 113 56 4198 352 107 3955 1296 133 75 50
is_linear=0
shrinkage=0.08


Tree=87
num_leaves=31
num_cat=0
split_feature=39 1 8 8 5 25 17 6 8 31 1 4 4 4 1 1 1 6 13 5 25 19 21 25 21 1 23 6 6 8
split_gain=2.8885 0.651779 0.53345 0.748646 1.17348 2.09797 0.771249 1.36772 0.669295 0.618509 0.974384 0.677167 0.672724 1.22305 0.663197 0.634606 2.16933 0.535883 0.812972 0.524476 0.50625 0.499696 0.899327 1.18078 0.908188 0.957031 2.10512 0.652826 0.689809 0.806901
threshold=77.382816327445269 20.500000000000004 0.84338032758635817 1.5476236408825896 15.050816666666668 14.708300000000003 16.867950000000004 0.22843801201026429 1.5855685391679926 14.708300000000003 2.5000000000000004 29.500000000000004 14.500000000000002 16.500000000000004 1.0000000180025095e-35 12.500000000000002 9.5000000000000018 1.4517547595371616 16.900950000000005 14.214653333333334 14.4777 15.490150000000002 15.4565 15.699150000000001 15.625350000000003 8.5000000000000018 15.249300000000002 0.27623286932212782 0.21683218376363675 0.22268823414373259
decision_type=2 2 2 2 2 2 2 2 2 2 2 2 2 2 2 2 2 2 2 2 2 2 2 2 2 2 2 2 2 2
left_child=1 -1 9 6 5 -5 -4 -8 -6 10 14 12 -12 -14 -2 16 -15 18 -9 -16 -3 22 -11 24 25 26 -24 28 29 -26
right_child=2 20 3 4 8 -7 7 17 -10 21 11 -13 13 15 19 -17 -18 -19 -20 -21 -22 -23 23 -25 27 -27 -28 -29 -30 -31
leaf_value=-0.018072415054383666 -0.0069755311967553552 -0.0063407283664684289 -0.0070038430745202008 -0.0022706860353098246 0.015254427934065277 0.0013349297740339416 0.15157123703499861 0.0084548169285747071 -0.00055863545293312854 -6.4356670271211843e-05 -0.0034083104281127834 -0.0055567727469933593 0.0093577576011792413 -0.0050906004735131643 0.088753913717640492 -0.0031477528595269168 0.17603716413640899 -0.013435586685556378 -0.0011843868819340409 0.00067658916704712885 0.030592575481785404 -0.00026032786135786457 -0.00027005641882178397 -0.0031717959661130323 0.00017165341189806984 0.00080945884620282752 0.0061511581739330324 0.032363187177480462 -0.00085649107005230242 0.0038767565540644097
leaf_weight=950 23 32 633 31 24 24 20 25 795 1091 225 446 28 75 22 109 28 98 132 26 40 4371 20 93 73 79 31 24 72 20
leaf_count=950 23 32 633 31 24 24 20 25 795 1091 225 446 28 75 22 109 28 98 132 26 40 4371 20 93 73 79 31 24 72 20
internal_value=-0.00131677 -0.00533855 -0.000840937 -0.00207408 -0.000402748 0.0109091 -0.00368282 -0.000145456 -0.0011624 -0.000520422 -0.00237882 -0.00308233 -0.000946238 0.002 0.00664789 -7.54736e-05 0.00442718 -0.00172549 0.00117197 0.012 0.002 -0.00020974 0.00104857 0.00423301 0.00654545 0.0116923 0.0202353 0.00300529 0.00121212 0.00576344
internal_weight=9660 1022 8638 1782 874 55 908 275 819 6856 982 911 465 240 71 212 103 255 157 48 72 5874 1503 412 319 130 51 189 165 93
internal_count=9660 1022 8638 1782 874 55 908 275 819 6856 982 911 465 240 71 212 103 255 157 48 72 5874 1503 412 319 130 51 189 165 93
is_linear=0
shrinkage=0.08


Tree=88
num_leaves=31
num_cat=0
split_feature=31 19 8 31 4 13 15 21 8 15 33 8 23 39 39 6 6 29 2 31 1 4 29 31 5 29 21 13 21 17
split_gain=2.51065 1.17826 0.506398 0.711087 0.62863 0.595109 0.821471 0.91404 0.964036 1.06416 0.544922 0.515053 0.688558 0.807202 0.889086 0.859524 1.14683 0.62234 1.2278 1.36033 0.970685 1.36825 0.535714 0.523388 1.1065 0.559867 0.930343 0.728139 0.514818 0.496769
threshold=14.197750000000001 15.390450000000003 0.89181108688505106 14.708300000000003 25.500000000000004 15.000850000000002 14.543600000000001 14.444800000000003 0.19563335689145858 14.411800000000001 -1.2842499999999999 1.4421042757918003 15.249300000000002 88.664219202478435 91.222674871002326 0.1991848608462288 0.25865100968715726 14.131850000000002 2.5000000000000004 16.867950000000004 22.500000000000004 48.500000000000007 16.700900000000004 18.042600000000004 18.096390000000003 16.824400000000001 16.964700000000004 17.189100000000007 16.750600000000002 16.700900000000004
decision_type=2 2 2 2 2 2 2 2 2 2 2 2 2 2 2 2 2 2 2 2 2 2 2 2 2 2 2 2 2 2
left_child=1 -1 3 4 5 6 7 -2 9 -9 -5 29 17 -14 15 -15 -17 -13 20 -20 -19 -22 -18 25 -25 26 -16 -28 -27 -4
right_child=2 -3 11 10 -6 -7 -8 8 -10 -11 -12 12 13 14 23 16 22 18 19 -21 21 -23 -24 24 -26 28 27 -29 -30 -31
leaf_value=-0.016652766619701085 -0.0044139000155790789 0.00076689434931654786 -0.0076181809354807419 0.0022588251942036483 -0.0043290674621058343 0.0032450037270809525 -0.0031719405543829686 0.015666107475174058 -0.0011814484045776445 0.00059954655324034574 -0.00010355131698312181 -0.0039933711295815823 -0.0032516379582420651 -0.0024548591729899949 -0.006096703336622618 0.011749404303319663 -0.0012814923267454115 -0.015513560234128379 0.0048720541607304184 -0.0081328681342493474 -0.026213956079708795 0.0096591159000857865 0.0021464869161456645 0.0016090567927140146 -0.00046318902423752662 0.0018658994692999109 0.01807615996845089 -0.00028111622689270296 -0.0031470078097012859 -0.0019847582579679444
leaf_weight=899 117 48 501 43 577 24 196 22 46 39 5866 26 261 21 40 36 28 50 34 27 31 20 20 35 53 21 22 20 254 283
leaf_count=899 117 48 501 43 577 24 196 22 46 39 5866 26 261 21 40 36 28 50 34 27 31 20 20 35 53 21 22 20 254 283
internal_value=-0.00130021 -0.00521225 -0.000875016 -0.000565658 -0.00251518 -0.000252254 -0.000952383 0.00235714 0.00770093 0.0142951 -0.000228805 -0.0020774 -0.000872875 -0.0018841 -0.000145456 0.00647619 0.0100952 0.00348936 0.00533333 0.0142951 -7.92098e-05 0.00768627 0.002 -0.00170787 0.00381818 -0.00307003 0.00273171 0.0110476 -0.0048 -0.00361225
internal_weight=9660 947 8713 6930 1021 444 420 224 107 61 5909 1783 999 811 550 105 84 188 162 61 101 51 48 445 88 357 82 42 275 784
internal_count=9660 947 8713 6930 1021 444 420 224 107 61 5909 1783 999 811 550 105 84 188 162 61 101 51 48 445 88 357 82 42 275 784
is_linear=0
shrinkage=0.08


Tree=89
num_leaves=31
num_cat=0
split_feature=2 1 8 8 31 13 27 21 6 21 7 31 8 17 39 1 5 7 25 7 4 4 4 1 8 6 1 5 39 13
split_gain=2.38363 0.999445 3.50069 0.716401 0.632678 0.785311 0.580703 0.659872 0.768325 0.996336 0.791587 2.95392 0.651983 0.580381 0.56006 0.536177 0.477291 0.471135 0.533333 0.469773 0.646958 0.783226 1.46663 0.639851 0.855591 1.71204 0.535901 0.468249 0.644665 1.23077
threshold=5.5000000000000009 2.5000000000000004 0.63810059983439527 0.89181108688505106 14.708300000000003 15.069850000000001 16.045950000000005 14.214150000000002 0.28780375698079025 18.158950000000001 16.356800000000003 16.639900000000001 1.1357085163796257 14.016500000000002 87.66285977344829 11.500000000000002 14.634903333333336 18.008190833333341 18.275250000000003 14.625055833333336 55.500000000000007 15.500000000000002 13.500000000000002 11.500000000000002 0.1948425794507109 0.1844015871226162 2.5000000000000004 15.589050000000002 84.597606935303943 15.490150000000002
decision_type=2 2 2 2 2 2 2 2 2 2 2 2 2 2 2 2 2 2 2 2 2 2 2 2 2 2 2 2 2 2
left_child=3 2 -2 4 5 16 15 -8 9 10 11 14 -12 -10 -9 -5 19 -15 -19 20 21 22 26 24 25 -21 -1 28 -17 -30
right_child=1 -3 -4 6 -6 -7 7 8 13 -11 12 -13 -14 17 -16 27 -18 18 -20 23 -22 -23 -24 -25 -26 -27 -28 -29 29 -31
leaf_value=0.055247099479511251 0.079376437895901084 -0.011485055864849136 -0.0078524198942722841 -0.0061478964209594747 -7.6277333459488526e-05 0.0028103938942546447 0.0006358267267420367 0.0014089880793966419 0.067118592432968638 0.00082486001592236918 0.1396043187328361 0.01022540137541717 -0.0014797526328334846 -0.0062306365733612703 -0.0016090981249089109 -0.00086399404157345668 -0.0048775842491015579 -0.012300693197092981 0.0029303870380329102 -0.00027117166693981122 0.055872475141070764 -0.0056889255852323939 0.013929274122411968 -0.0022205973325915384 -0.0035835862801377283 0.12301649993103626 -0.0027469871492093578 -0.0074815254719906741 -0.0010989708813669691 0.0099294182013547425
leaf_weight=25 20 850 160 280 5902 31 37 21 24 27 20 22 328 505 75 244 217 20 40 30 29 353 23 92 26 24 88 95 26 26
leaf_count=25 20 850 160 280 5902 31 37 21 24 27 20 22 328 505 75 244 217 20 40 30 29 353 23 92 26 24 88 95 26 26
internal_value=-0.00133334 -0.00497088 0.000444443 -0.000899191 -0.000526318 -0.00245629 -0.00232402 -0.00120822 -0.00156747 0.000762676 -0.000103006 0.00555932 -0.00202299 -0.00351783 -0.000500002 -0.0041848 -0.00288424 -0.0040354 0.00266666 -0.00185507 -0.00305792 -0.00374642 0.00141176 0.00176744 0.007 0.0127407 -0.00233629 -0.0022711 -0.000702705 0.00738461
internal_weight=9660 1030 180 8630 6840 938 1790 1119 1082 493 466 118 348 589 96 671 907 565 60 690 518 489 136 172 80 54 113 391 296 52
internal_count=9660 1030 180 8630 6840 938 1790 1119 1082 493 466 118 348 589 96 671 907 565 60 690 518 489 136 172 80 54 113 391 296 52
is_linear=0
shrinkage=0.08


Tree=90
num_leaves=31
num_cat=0
split_feature=21 19 8 31 19 31 13 39 6 17 25 6 17 15 1 4 21 13 31 13 1 19 23 6 31 8 7 1 23 13
split_gain=2.46481 1.02611 0.851724 0.804255 0.800476 0.747622 0.715884 0.645659 0.989663 0.690643 0.629302 0.783865 0.808654 1.20471 0.767871 0.672678 0.846431 0.616917 0.538779 0.473945 0.465631 0.930585 0.839918 0.435926 0.735252 0.626794 0.620374 0.416843 0.415532 0.86922
threshold=14.444800000000003 18.681650000000001 0.89181108688505106 14.312950000000003 15.851650000000001 14.708300000000003 16.269450000000003 78.636758680604913 0.18326397068736408 14.593050000000002 14.917400000000002 0.21871697942429766 14.952100000000002 14.593050000000002 12.500000000000002 45.500000000000007 14.708300000000003 14.647350000000001 14.131850000000002 14.750550000000002 3.5000000000000004 14.230700000000001 14.131850000000002 0.27964170613353562 18.042600000000004 1.1683528646594907 16.031502500000006 10.500000000000002 14.851500000000001 14.867400000000002
decision_type=2 2 2 2 2 2 2 2 2 2 2 2 2 2 2 2 2 2 2 2 2 2 2 2 2 2 2 2 2 2
left_child=1 18 5 4 -4 7 28 8 9 -2 11 14 13 -13 15 16 -7 -18 -1 -10 21 -20 -23 24 25 -8 -27 -26 29 -5
right_child=2 -3 3 6 -6 10 23 -9 19 -11 -12 12 -14 -15 -16 -17 17 -19 20 -21 -22 22 -24 -25 27 26 -28 -29 -30 -31
leaf_value=-0.01845978676539195 0.0053467754064710597 0.00062761478126961636 0.0040712958670841085 -0.0028774052153450543 -0.0014636205307978348 -0.0024865537830700709 0.11953951461232798 -0.0031687323759310468 -0.0016615668606591251 -0.0024913121690817658 -0.00015314499480033089 -0.0013125411978063546 -2.600452221068663e-05 0.0075966208299508391 -0.00071297802776851163 -0.002771479928259532 0.0037202933840793442 0.00017230834737237393 -0.0091243354908266423 0.0029033311314985255 -0.0048463083349011516 0.00090974088271611063 0.047228650572025153 -0.0027612317267801285 0.0014714522991972 0.0087155675791734267 -0.00090291933790972827 0.00033720177986856228 -0.0034689714137402746 0.00068065933194749848
leaf_weight=695 31 24 25 123 35 25 24 440 134 22 5487 26 40 38 191 25 27 22 112 26 558 35 22 509 21 26 301 22 572 22
leaf_count=695 31 24 25 123 35 25 24 440 134 22 5487 26 40 38 191 25 27 22 112 26 558 35 22 509 21 26 301 22 572 22
internal_value=-0.00135818 -0.00440387 -0.000822013 -0.00242857 0.00666666 -0.00040894 -0.00276543 -0.00297703 0.000638496 0.0101132 -0.00012379 0.00296447 0.00892308 0.0145 0.000827584 0.00654545 0.0103784 0.0164898 -0.00468073 -0.0025 -0.00315819 0.000520708 0.0088421 -0.00126689 0.000730963 -0.000478634 -0.0013945 0.0106046 -0.00465272 -0.000827588
internal_weight=9660 1446 8214 1680 60 6534 1620 653 213 53 5881 394 104 64 290 99 74 49 1422 160 727 169 57 903 394 351 327 43 717 145
internal_count=9660 1446 8214 1680 60 6534 1620 653 213 53 5881 394 104 64 290 99 74 49 1422 160 727 169 57 903 394 351 327 43 717 145
is_linear=0
shrinkage=0.08


Tree=91
num_leaves=31
num_cat=0
split_feature=2 21 21 29 8 8 27 31 6 13 23 1 21 19 25 29 21 13 8 5 19 31 8 5 5 21 6 13 25 19
split_gain=2.5986 0.750104 0.652642 1.02266 0.628596 0.640016 0.568417 0.993366 0.617684 1.08816 1.34632 0.748112 0.571025 0.518476 0.778643 0.715355 0.665888 0.764305 0.97507 0.668229 1.08651 0.527874 0.733678 0.742925 0.615751 0.703247 0.502811 0.487625 0.485274 0.791016
threshold=5.5000000000000009 12.978900000000001 15.213850000000003 14.214150000000002 0.73712317044747688 0.71704800698465154 14.481250000000001 14.230700000000001 0.20306586990973829 14.642450000000002 14.708300000000003 2.5000000000000004 14.867400000000002 15.490150000000002 15.355800000000002 15.662100000000001 15.4565 15.763450000000002 0.20858811637508326 15.357210000000002 15.284800000000002 15.320300000000001 0.2323171153389697 15.340113333333335 15.389376666666669 15.355800000000002 2.983717609755606 16.824400000000001 14.543600000000001 14.708300000000003
decision_type=2 2 2 2 2 2 2 2 2 2 2 2 2 2 2 2 2 2 2 2 2 2 2 2 2 2 2 2 2 2
left_child=1 27 6 26 5 13 7 -3 11 -10 -11 -9 28 15 -15 16 17 21 -19 20 -18 22 23 -5 -25 -26 -4 -1 -13 -30
right_child=-2 2 3 4 -6 -7 -8 8 9 10 -12 12 -14 14 -16 -17 19 18 -20 -21 -22 -23 -24 24 25 -27 -28 -29 29 -31
leaf_value=0.001021000702526342 -0.0090378774954726591 -0.0074518432615943101 0.0012578866604256583 0.0043665174018322804 -0.0011172243781341312 0.0025422291919632053 -0.0019851767753948299 0.04557551617499158 -0.0055784674023577983 0.015255839761463323 -0.0014222607336332783 -0.0024779168801091702 0.0012488001113501433 -0.0040139148645780068 -0.00014358764975626277 -0.0016895348712907164 0.004328050446898029 0.0017831634410176034 -0.0035071270584725589 0.00072996687871924415 0.00017788486859820284 -0.0024100723172420365 -0.0025805072316969825 -0.0024431602923598015 0.0012140513389535196 -0.0014338544373997369 0.00031219489907549213 -0.0020423869786669177 0.0015846931409817938 0.0078749511172813424
leaf_weight=26 1030 174 23 31 1502 34 1407 25 124 34 39 92 30 144 4003 61 35 21 30 292 28 163 40 78 20 22 22 20 85 25
leaf_count=26 1030 174 23 31 1502 34 1407 25 124 34 39 92 30 144 4003 61 35 21 30 292 28 163 40 78 20 22 22 20 85 25
internal_value=-0.00125052 -0.000797221 -0.000851819 -0.000462973 -0.000546127 -0.000115156 -0.0021032 -0.000101913 0.00186784 -0.00150254 0.00624657 0.00445136 0.00303448 -0.000190018 -0.000553655 0.00164677 0.00231579 9.87635e-05 0.0092549 0.00484507 0.0123175 -0.00122034 0.00163351 0.00418543 0.00133333 0.00914286 0.0115556 0.0093913 0.00150495 0.00509091
internal_weight=9660 8630 8584 6549 6504 5002 2035 628 454 197 73 257 232 4968 4147 821 760 405 51 355 63 354 191 151 120 42 45 46 202 110
internal_count=9660 8630 8584 6549 6504 5002 2035 628 454 197 73 257 232 4968 4147 821 760 405 51 355 63 354 191 151 120 42 45 46 202 110
is_linear=0
shrinkage=0.08


Tree=92
num_leaves=31
num_cat=0
split_feature=13 31 6 4 31 5 21 31 27 17 13 7 19 5 6 27 7 33 17 33 5 5 8 39 23 6 5 29 33 39
split_gain=2.28967 1.09683 1.24948 1.17924 0.803032 0.602007 1.16256 1.03227 0.98431 0.958617 0.885536 0.848152 0.615331 0.611434 1.44674 0.595783 0.521197 0.456942 0.834743 0.680131 0.49743 0.838117 0.606518 0.627389 0.908313 0.853919 0.597119 0.670635 0.547633 0.812876
threshold=15.408500000000002 14.082400000000002 0.14352761051568508 24.500000000000004 13.818850000000003 15.717510000000003 16.787500000000005 15.896950000000002 15.515000000000002 16.226550000000003 15.971400000000001 15.607566666666669 18.410200000000007 15.685330000000002 0.20985600280748418 19.979150000000001 18.354005833333336 -0.52325000000000077 15.373050000000001 -0.34485000000000005 15.403950000000002 15.389376666666669 0.20858811637508326 85.166394316659094 15.736050000000002 0.19220317920232663 15.365283333333336 15.213850000000003 -1.0000000180025095e-35 84.559542770203691
decision_type=2 2 2 2 2 2 2 2 2 2 2 2 2 2 2 2 2 2 2 2 2 2 2 2 2 2 2 2 2 2
left_child=1 -1 3 -3 -2 7 -7 9 11 10 17 -9 15 -10 -15 -8 -14 18 -6 -19 21 26 -22 24 25 -24 27 -21 29 -27
right_child=4 2 -4 -5 5 6 12 8 13 -11 -12 -13 16 14 -16 -17 -18 19 -20 20 22 -23 23 -25 -26 28 -28 -29 -30 -31
leaf_value=-0.016054486620230578 0.0019035220682226024 0.037671579563694567 -0.0013603071615400351 -0.0011787548886749086 -0.0032502175722301163 -0.0020589602187042759 6.9934012992620175e-05 0.00035064878464013911 -0.0064339970461780374 0.0010607763031729234 -0.0038470235185499298 0.0061503881861021664 -0.0043780825882724127 -0.0016862566579335489 0.0054458568130630533 0.0038542722059333912 0.0017169800107611575 -0.0026832775028684851 0.0052719472026670489 -0.0023663326874791861 -0.0016038098015196947 0.0038034604120770299 -0.0021736798268285531 -0.00077749178245494811 0.0021577204656654412 0.0031892048887717061 -0.0028958914030630311 0.0012095364816992766 -0.0013267865602625422 0.0044309143013119478
leaf_weight=593 37 27 3054 20 48 1428 2987 23 34 33 116 25 226 32 23 28 46 133 28 28 237 37 52 97 41 63 49 36 55 24
leaf_count=593 37 27 3054 20 48 1428 2987 23 34 33 116 25 226 32 23 28 46 133 28 28 237 37 52 97 41 63 49 36 55 24
internal_value=-0.0012588 -0.00282404 -0.00222122 0.0107234 -0.000289643 -0.000362964 -0.000772006 0.0012257 0.00776642 0.000393684 -3.06532e-05 0.017 5.59762e-05 0.00278651 0.008 0.000384741 -0.00358824 0.000793102 0.00673684 0.000262909 0.00123505 0.00533333 0.000154655 0.00236144 0.00459574 0.00230928 0.0019115 0.007 0.00552112 0.00947126
internal_weight=9660 3694 3101 47 5966 5929 4715 1214 137 1077 1044 48 3287 89 55 3015 272 928 76 852 719 150 569 332 235 194 113 64 142 87
internal_count=9660 3694 3101 47 5966 5929 4715 1214 137 1077 1044 48 3287 89 55 3015 272 928 76 852 719 150 569 332 235 194 113 64 142 87
is_linear=0
shrinkage=0.08


Tree=93
num_leaves=31
num_cat=0
split_feature=39 15 21 21 7 17 6 4 15 4 7 6 19 29 4 4 4 1 7 8 21 39 4 4 19 19 25 31 4 39
split_gain=2.3919 0.768404 0.71763 0.70891 1.01889 1.18142 0.85511 1.04575 1.04563 0.92185 0.734916 0.625 0.601026 0.760827 0.554036 0.572098 2.06628 0.735732 0.702712 1.80478 1.08609 1.06624 1.68172 1.63093 0.639558 1.3828 0.825404 1.25243 0.958789 0.60989
threshold=77.382816327445269 15.557500000000003 12.978900000000001 16.824400000000001 15.721529166666668 16.045950000000005 1.2556854237668438 37.500000000000007 15.557500000000003 19.500000000000004 15.372887500000003 2.8672400861295499 18.410200000000007 14.131850000000002 53.500000000000007 44.500000000000007 45.500000000000007 17.500000000000004 15.388704166666669 0.20922725948229401 15.557500000000003 83.886622708610005 13.500000000000002 28.500000000000004 15.557500000000003 15.692450000000003 15.593050000000002 15.851650000000001 34.500000000000007 84.790918516634491
decision_type=2 2 2 2 2 2 2 2 2 2 2 2 2 2 2 2 2 2 2 2 2 2 2 2 2 2 2 2 2 2
left_child=1 -1 -2 4 5 10 7 8 -7 -10 -4 -3 13 -5 15 18 -17 -18 19 20 21 22 -12 -24 -20 26 29 28 -28 -26
right_child=2 11 3 12 -6 6 -8 -9 9 -11 14 -13 -14 -15 -16 16 17 -19 24 -21 -22 -23 23 -25 25 -27 27 -29 -30 -31
leaf_value=-0.013099833294536123 0.00047703753151766672 0.044382171753046491 -0.00096935251589245943 0.005280060992410642 -0.0024422253591501008 4.899782067236579e-05 -0.0056303653317666532 -0.0017863934273498036 0.0010148859423316512 0.024227000554772095 -0.0051060051637290991 -0.009892137384810977 -0.0031109625867313862 7.5344985587132268e-05 -0.0025166685770239652 0.0075326944518448805 -0.00022059917385507737 0.0011864936750898706 -0.0012096047127130322 -0.0014976899889958843 0.0038015197651202317 -0.0032548856626952224 0.090352896566843838 0.00025349988109659853 -0.00621823435317606 -0.0015183722443019776 0.00036981257781481744 0.0026821162926120357 0.0014505766819589497 0.0013780228891798227
leaf_weight=982 34 20 2187 20 1489 32 23 40 33 24 24 20 280 2934 150 30 170 54 429 113 23 22 21 22 37 263 85 23 22 54
leaf_count=982 34 20 2187 20 1489 32 23 40 33 24 24 20 280 2934 150 30 170 54 429 113 23 22 21 22 37 263 85 23 22 54
internal_value=-0.00120911 -0.00486889 -0.000776107 -0.000821945 -0.00138548 -0.000702914 0.00621052 0.00874418 0.013573 0.0200702 -0.000984716 0.006 0.000113789 0.000449558 0.000352787 0.000850573 0.00428346 0.00164286 8.43566e-05 0.00408889 0.0112857 0.0072809 0.0122985 0.0217674 -0.000902521 0.00109091 0.00575565 0.00984615 0.00620561 -8.7914e-05
internal_weight=9660 1022 8638 8604 5370 3881 152 129 89 57 3729 40 3234 2954 1542 1392 254 224 1138 225 112 89 67 43 913 484 221 130 107 91
internal_count=9660 1022 8638 8604 5370 3881 152 129 89 57 3729 40 3234 2954 1542 1392 254 224 1138 225 112 89 67 43 913 484 221 130 107 91
is_linear=0
shrinkage=0.08


Tree=94
num_leaves=31
num_cat=0
split_feature=13 31 5 21 7 15 31 23 31 29 23 17 4 17 17 39 1 7 7 5 33 27 4 33 33 29 15 31 39 39
split_gain=1.93204 0.560922 0.875758 0.537467 0.836046 0.699325 0.805733 0.853216 0.973482 0.960696 0.851663 0.795413 0.784906 0.882552 0.672986 0.858707 0.605583 0.570987 0.691653 0.654685 1.09549 1.31415 1.07302 0.671528 1.10084 1.2497 0.696386 1.10476 0.564888 0.702783
threshold=14.548600000000002 13.818850000000003 15.54934666666667 16.938100000000002 15.721529166666668 16.964700000000004 16.852650000000001 17.071750000000005 17.117000000000004 16.9785 17.531950000000005 16.938100000000002 17.500000000000004 17.042850000000005 16.045950000000005 84.048395410286062 5.5000000000000009 16.097125833333337 16.245385000000002 17.037036666666669 -0.41205000000000064 16.892300000000002 25.500000000000004 -0.11730000000000017 0.11069999999999959 17.189100000000007 16.900950000000005 16.900950000000005 84.414627055929188 87.513050095089469
decision_type=2 2 2 2 2 2 2 2 2 2 2 2 2 2 2 2 2 2 2 2 2 2 2 2 2 2 2 2 2 2
left_child=-1 2 -2 4 14 -6 -7 8 9 12 -9 -11 -8 -14 28 -16 -17 -5 -19 20 21 -20 -23 -22 25 26 -25 -28 -3 -30
right_child=1 3 -4 17 5 6 7 10 -10 11 -12 -13 13 -15 15 16 -18 18 19 -21 23 22 -24 24 -26 -27 27 -29 29 -31
leaf_value=-0.0040982484040863014 -0.0013990247568193264 -0.0007010165710288755 0.0021637605209513943 -0.008654142870720959 -0.0026824036055801241 -0.0016173519234427816 -0.0061908736250576163 -0.002588334433492896 -0.014894059297514648 0.0012936684142816461 0.00066824150273882862 0.0063663685091081062 0.0044319432230385944 -0.0012361457140239159 0.0075829181029215568 0.0015287693707334428 -0.0017837611414192273 0.0021175750443040921 0.003114508578419013 -0.00018746945280076783 -0.0028762983710985657 0.0013572463337808334 0.062203853837579176 0.012744886543180529 -0.00016644299107357723 -0.0020846354214326644 0.0019991891969556616 -0.00066157520495505994 0.00030856712501788205 -0.0055463143397370606
leaf_weight=1841 20 1988 24 71 1375 219 26 130 47 23 25 31 39 41 24 59 74 21 50 2078 110 21 24 23 254 34 23 30 839 96
leaf_count=1841 20 1988 24 71 1375 219 26 130 47 23 25 31 39 41 24 59 74 21 50 2078 110 21 24 23 254 34 23 30 839 96
internal_value=-0.00119255 -0.000643562 0.00836363 -0.000694536 -0.00118507 -0.00247853 -0.000151465 0.00216574 0.00552657 0.0085 -0.00232258 0.0171852 0.00407547 0.008 -0.000363638 0.00473885 0.00222556 0.000207373 0.0003958 0.000281071 0.00268541 0.0105263 0.0204444 0.00111392 0.00276923 0.00945454 0.0151579 0.0101132 -0.000637703 0.000983955
internal_weight=9660 7819 44 7775 5036 1956 581 362 207 160 155 54 106 80 3080 157 133 2739 2668 2647 569 95 45 474 364 110 76 53 2923 935
internal_count=9660 7819 44 7775 5036 1956 581 362 207 160 155 54 106 80 3080 157 133 2739 2668 2647 569 95 45 474 364 110 76 53 2923 935
is_linear=0
shrinkage=0.08


Tree=95
num_leaves=31
num_cat=0
split_feature=2 1 8 2 31 6 5 8 1 23 21 25 31 5 5 21 39 15 4 4 33 6 4 39 39 4 1 6 21 21
split_gain=1.6807 0.892221 2.01667 0.582524 0.983406 0.664316 0.569372 1.27021 1.43728 0.521212 0.63172 0.575881 0.894347 0.553612 0.981153 1.42507 0.503992 0.540646 0.495069 0.570595 0.625 0.459574 0.45304 0.806161 0.554561 0.482537 0.641026 0.588942 0.445142 0.633307
threshold=5.5000000000000009 3.5000000000000004 0.19952207922687254 1.5000000000000002 13.818850000000003 0.14352761051568508 14.123373333333335 0.18244084608836278 9.5000000000000018 14.784150000000002 15.426750000000002 14.784150000000002 15.158250000000002 15.365283333333336 15.333650000000002 15.621500000000003 76.961935416193953 14.197750000000001 24.500000000000004 40.500000000000007 0.068900000000000197 0.20904486690955218 5.5000000000000009 98.743610121024417 102.36840618614245 6.5000000000000009 15.500000000000002 0.2138275227286236 17.423700000000004 17.079750000000004
decision_type=2 2 2 2 2 2 2 2 2 2 2 2 2 2 2 2 2 2 2 2 2 2 2 2 2 2 2 2 2 2
left_child=3 2 -2 5 -5 -1 7 8 -3 18 11 12 21 14 -12 -16 -4 -18 -6 -20 -21 -11 23 -15 25 26 27 -24 29 -7
right_child=1 6 16 4 9 28 -8 -9 -10 10 13 -13 -14 22 15 -17 17 -19 19 20 -22 -23 24 -25 -26 -27 -28 -29 -30 -31
leaf_value=0.0030109664881860332 0.038712809846864024 -0.00090548722141283356 -0.013011861737056532 0.0013191735429718039 -0.00023824979397837835 -0.0013144282535582778 -0.010976486314270086 -0.0089634372554997163 0.20437060724836703 0.0020787390909163626 -0.00038822912772846254 -0.0013150181593984138 0.00200536963556938 -0.0012002308807207952 0.0044861241762227414 -1.2285818337900231e-05 0.0025276238270480369 -0.0086279904428696423 0.012408884538281179 0.0024534321960507886 -0.0043967015136871452 -0.0092475889061094697 0.0027416391669498313 0.028191120517712106 -0.013807988008821489 -2.2733270941466571e-06 0.0023109122841053352 -0.0028586236760175139 -0.004901303102744909 0.00021789117800515508
leaf_weight=25 24 59 118 34 50 2492 445 262 24 20 59 1134 21 408 33 37 52 46 37 20 20 27 20 32 90 3660 26 32 120 233
leaf_count=25 24 59 118 34 50 2492 445 262 24 20 59 1134 21 408 33 37 52 46 37 20 20 27 20 32 90 3660 26 32 120 233
internal_value=-0.00121739 -0.00427185 -1.90735e-09 -0.000852841 -0.000388891 -0.00178397 -0.00556962 -0.00313044 0.00549397 -0.00046944 -0.000584392 -0.00220965 0.00494117 -0.000140097 0.00502325 0.0114286 -0.00244445 0.00179592 0.00459842 0.00862337 0.002 -0.00119149 -0.000296159 -0.00272727 -1.67208e-05 0.000132689 0.00635897 0.00123077 -0.00189807 -0.00168808
internal_weight=9660 1030 240 8630 5760 2870 790 345 83 5726 5599 1202 68 4397 129 70 216 98 127 77 40 47 4268 440 3828 3738 78 52 2845 2725
internal_count=9660 1030 240 8630 5760 2870 790 345 83 5726 5599 1202 68 4397 129 70 216 98 127 77 40 47 4268 440 3828 3738 78 52 2845 2725
is_linear=0
shrinkage=0.08


Tree=96
num_leaves=31
num_cat=0
split_feature=39 1 25 2 6 21 19 15 6 39 17 31 4 6 13 7 39 31 1 5 25 13 29 21 8 29 39 31 39 4
split_gain=1.78918 0.682649 0.618979 0.557724 0.499955 0.4468 0.499727 0.586318 0.48909 0.461532 0.617955 0.640081 0.910081 1.04348 1.09716 0.562364 1.15473 1.53641 0.932933 0.794917 0.791316 0.731145 0.828157 0.662182 0.607858 0.564835 0.882168 0.544812 1.2973 0.736208
threshold=77.382816327445269 20.500000000000004 14.444800000000003 1.5000000000000002 0.14352761051568508 17.189100000000007 18.410200000000007 16.661800000000003 2.4447367355058018 94.924958700788707 17.456700000000001 16.824400000000001 28.500000000000004 0.24252530838969932 16.964700000000004 16.245385000000002 88.664219202478435 16.603000000000005 3.5000000000000004 15.739640000000001 16.269450000000003 16.108650000000004 16.455400000000004 15.426750000000002 1.6795587907055991 15.142850000000001 83.980423686892763 15.935150000000002 87.513050095089469 5.5000000000000009
decision_type=2 2 2 2 2 2 2 2 2 2 2 2 2 2 2 2 2 2 2 2 2 2 2 2 2 2 2 2 2 2
left_child=1 4 -3 -4 -1 9 7 -7 -9 10 15 -12 -13 -14 -15 16 19 21 -17 20 23 -18 -23 24 -2 26 -25 -27 29 -29
right_child=5 2 3 -5 -6 6 -8 8 -10 -11 11 12 13 14 -16 18 17 -19 -20 -21 -22 22 -24 25 -26 27 -28 28 -30 -31
leaf_value=0.00097841221793234351 -0.00085201674737557119 -0.0043912827170573257 0.029026289973402904 -0.011761902006771985 -0.01365068841256663 -0.0070456620929458527 -0.0023146559723201754 0.00018389183145132073 0.011380946902176146 -0.010437270095769835 -0.00044500129995294973 -0.0035570708926705181 0.0040934223129686824 0.0050406967099948345 -0.0015303719568043905 -0.014567179943131663 0.0036858343781979979 0.0065895823495298669 -0.000716934029559717 -0.007789983115579273 0.0048488081176586706 -0.0024207017185294728 0.0029748333714837817 0.0024621781299354307 0.00045401558556480281 -4.5348647311778046e-05 -0.00016374373710612567 -0.0034774827332397251 -0.0089774065258675321 0.0024192377232189091
leaf_weight=21 2548 31 21 20 929 80 272 1622 29 174 55 56 23 20 26 378 26 28 1630 242 21 48 21 22 32 1107 30 21 37 90
leaf_count=21 2548 31 21 20 929 80 272 1622 29 174 55 56 23 20 26 378 26 28 1630 242 21 48 21 22 32 1107 30 21 37 90
internal_value=-0.00123396 -0.00439922 0.00311111 0.00956097 -0.00496842 -0.00085946 0.000187717 0.000688617 0.00101272 -0.00117559 -0.00106609 0.00355555 0.00672 0.0128696 0.00591304 -0.00119854 -0.000679618 0.00695935 -0.00230279 -0.000906026 -0.000630503 0.00210526 -0.0022029 -0.000714177 -0.00145737 0.000752867 0.00892308 0.000414341 0.00497297 0.0092973
internal_weight=9660 1022 72 41 950 8638 2003 1731 1651 6635 6461 180 125 69 46 6281 4273 123 2008 4150 3908 95 69 3887 2580 1307 52 1255 148 111
internal_count=9660 1022 72 41 950 8638 2003 1731 1651 6635 6461 180 125 69 46 6281 4273 123 2008 4150 3908 95 69 3887 2580 1307 52 1255 148 111
is_linear=0
shrinkage=0.08


Tree=97
num_leaves=31
num_cat=0
split_feature=39 29 6 1 8 31 7 21 39 1 19 19 31 8 33 15 21 31 5 1 1 13 25 21 13 4 33 25 33 7
split_gain=1.55966 0.55367 0.576776 0.542543 0.536379 0.696392 1.52113 0.885422 0.646556 0.663917 0.698563 0.725474 0.620068 0.684459 0.707544 0.571667 0.873247 0.762222 0.564032 0.469419 0.809614 0.52778 0.466175 0.458336 0.44782 0.631887 1.07143 1.14683 0.768975 0.47619
threshold=77.382816327445269 14.197750000000001 0.15982366771334555 20.500000000000004 0.34064491142499004 14.284200000000002 14.784903333333336 15.045750000000002 88.664219202478435 1.5000000000000002 14.148300000000001 16.535050000000002 14.708300000000003 0.33255441448800133 -0.068999999999999936 16.413050000000002 16.322600000000005 18.042600000000004 14.123373333333335 2.5000000000000004 1.0000000180025095e-35 15.036200000000003 18.605250000000002 14.362500000000002 14.647350000000001 10.500000000000002 0.36114999999999947 14.593050000000002 0.19700000000000009 14.63271916666667
decision_type=2 2 2 2 2 2 2 2 2 2 2 2 2 2 2 2 2 2 2 2 2 2 2 2 2 2 2 2 2 2
left_child=1 -1 -3 -4 12 6 -6 -8 -7 15 -11 -12 18 22 -15 16 -10 -17 23 20 -20 -21 24 -2 25 -14 27 28 -27 -28
right_child=4 2 3 -5 5 8 7 -9 9 10 11 -13 13 14 -16 17 -18 -19 19 21 -22 -23 -24 -25 -26 26 29 -29 -30 -31
leaf_value=-0.013013324860803834 0.026410850254028923 0.00049679355114287107 -0.0078083881815692573 0.022305134227235287 -0.0049928890277950392 -0.001946118791845921 0.0038056186431265327 0.00022460441691523242 -0.00011332922422871711 0.027885053970308108 -0.0090466339040696231 -0.00055093365163604079 -0.0023529175589312142 -0.00030444539317394965 0.0062221468625353006 -0.0018601739869723933 0.006395779937969197 0.0011116189495417764 -0.0049678295072777025 -0.0019702410423436288 0.059658589148308655 0.0027548048378688694 0.0039838327367520869 -0.00098019271788094995 -0.00013005487617947061 0.005670686656570059 -0.0051853310645114748 -0.001694564913103841 0.0030098692119352559 0.00029223961605553148
leaf_weight=618 27 21 326 57 57 1012 21 40 22 24 173 1213 46 25 33 45 28 25 20 778 31 33 20 43 4782 33 35 21 30 21
leaf_count=618 27 21 326 57 57 1012 21 40 22 24 173 1213 46 25 33 45 28 25 20 778 31 33 20 43 4782 33 35 21 30 21
internal_value=-0.00120911 -0.00416439 -0.00186139 -0.00256919 -0.00085946 -0.00180451 0.00420339 0.0129836 -0.0020834 -0.00104575 -0.00153192 -0.00176624 -0.000438945 -8.87851e-05 0.00855172 0.00466666 0.0112 -1.90735e-09 -0.00233477 -0.00289559 0.00454902 -0.00336375 -0.000189256 0.00457143 -0.000238327 0.0036129 0.00628571 0.012 0.0173968 -0.00228572
internal_weight=9660 1022 404 383 8638 2660 118 61 2542 1530 1410 1386 5978 5046 58 120 50 70 932 862 51 811 4988 70 4968 186 140 84 63 56
internal_count=9660 1022 404 383 8638 2660 118 61 2542 1530 1410 1386 5978 5046 58 120 50 70 932 862 51 811 4988 70 4968 186 140 84 63 56
is_linear=0
shrinkage=0.08


Tree=98
num_leaves=31
num_cat=0
split_feature=2 1 8 8 5 39 15 8 17 31 29 27 39 1 31 1 29 13 19 19 4 25 1 23 23 31 19 8 23 17
split_gain=1.44774 0.767162 1.45185 0.68843 1.13838 0.476823 0.554742 0.428685 0.482377 0.504449 0.485541 0.436271 0.389816 0.72573 0.659532 0.644454 0.671987 0.904855 0.541433 0.717334 0.82451 0.614887 0.496807 0.605162 0.796224 0.762222 0.518169 0.422043 0.849026 0.387328
threshold=5.5000000000000009 3.5000000000000004 0.19952207922687254 0.17604205387853825 14.121176666666669 76.845295938851038 14.197750000000001 0.33775997302777855 9.6461500000000004 12.978900000000001 15.213850000000003 14.046700000000003 88.664219202478435 20.500000000000004 16.305350000000004 22.500000000000004 15.4565 14.867400000000002 15.294250000000002 15.444000000000001 27.500000000000004 14.968750000000002 1.5000000000000002 16.489300000000004 16.269450000000003 18.042600000000004 16.403200000000002 1.9611396132952359 16.365600000000004 17.423700000000004
decision_type=2 2 2 2 2 2 2 2 2 2 2 2 2 2 2 2 2 2 2 2 2 2 2 2 2 2 2 2 2 2
left_child=7 2 -2 4 -3 -4 -7 11 -9 10 -10 -1 14 22 15 18 17 -17 -11 20 -20 -21 23 24 -14 -25 -24 -15 -29 -13
right_child=1 3 5 -5 -6 6 -8 8 9 12 -12 29 13 27 -16 16 -18 -19 19 21 -22 -23 26 25 -26 -27 -28 28 -30 -31
leaf_value=-0.0061928446445725059 0.032962557072734197 0.048868556265575153 -0.011221944620933707 -0.0085406223435313816 -0.0072566525882929809 0.0024236851627026284 -0.0074199663519186722 0.025708534315848599 0.00053078054123570665 -0.0030071225123885635 -0.00049104093371303548 -0.00023939878461619717 0.0002382985947994288 -0.01133253209935263 -0.012276292374643821 0.00521425088722678 -0.0041427755788140596 0.016897350593117862 0.0052524891806881614 0.0010933420161029096 -0.00062353565523316497 -0.0012335358218345217 -0.010463932751178887 -0.0041983223453456817 0.003937380132141852 0.0010226894335785466 -0.00014124938870503507 0.0087596386936040528 -0.00048803629555823486 0.00037987056107366949
leaf_weight=48 24 22 109 745 23 59 48 22 20 392 23 4866 25 174 220 46 42 21 34 21 30 325 95 45 24 25 1007 23 118 984
leaf_count=48 24 22 109 745 23 59 48 22 20 392 23 4866 25 174 220 46 42 21 34 21 30 325 95 45 24 25 1007 23 118 984
internal_value=-0.0011263 -0.00396117 -1.90735e-09 -0.00516456 0.00444444 -0.00207408 0.00171962 -0.000787951 -0.0016164 -0.00171218 0.00688372 -0.000404207 -0.00185077 -0.00102084 -0.0029779 -0.00202854 0.00374312 0.00871642 -0.00281297 -0.00078049 0.007 -0.00221966 -0.000137594 0.00477311 0.0115918 -1.90735e-09 -0.000667878 -0.00444445 -0.00119149 -0.000341882
internal_weight=9660 1030 240 790 45 216 107 8630 2732 2710 43 5898 2667 1536 1131 911 109 67 802 410 64 346 1221 119 49 70 1102 315 141 5850
internal_count=9660 1030 240 790 45 216 107 8630 2732 2710 43 5898 2667 1536 1131 911 109 67 802 410 64 346 1221 119 49 70 1102 315 141 5850
is_linear=0
shrinkage=0.08


Tree=99
num_leaves=31
num_cat=0
split_feature=2 1 8 5 39 23 15 31 8 1 1 4 4 4 4 5 1 1 6 4 4 4 33 19 29 19 15 39 17 4
split_gain=1.73232 0.733311 1.62936 0.686538 0.637495 0.648583 0.757576 0.593939 0.545587 0.488595 2.44789 9.38981 2.54288 1.26976 2.23895 1.73571 1.3363 2.35546 2.57481 1.08862 1.62635 1.98897 2.57507 1.00924 0.962572 0.766075 0.797927 0.759031 1.0496 0.708303
threshold=5.5000000000000009 2.5000000000000004 0.89181108688505106 14.118983333333334 76.845295938851038 14.043850000000001 14.043850000000001 14.197750000000001 0.89181108688505106 11.500000000000002 10.500000000000002 20.500000000000004 27.500000000000004 16.500000000000004 14.500000000000002 15.085303333333334 1.5000000000000002 2.5000000000000004 0.7185068884176794 40.500000000000007 46.500000000000007 44.500000000000007 0.13225000000000001 14.214150000000002 17.955650000000002 18.243650000000006 17.887500000000003 80.758563998050235 14.968750000000002 55.500000000000007
decision_type=2 2 2 2 2 2 2 2 2 2 2 2 2 2 2 2 2 2 2 2 2 2 2 2 2 2 2 2 2 2
left_child=8 2 -2 4 -3 -6 -7 -8 9 10 13 -12 -13 14 16 -16 -1 18 -18 24 21 -21 -23 -19 -15 26 -26 -25 -29 -22
right_child=1 3 -4 -5 5 6 7 -9 -10 -11 11 12 -14 19 15 -17 17 23 -20 20 29 22 -24 27 25 -27 -28 28 -30 -31
leaf_value=-0.017835046423516812 0.043739151432738092 -0.011289009084457007 -0.0047838775050962788 -0.0080039817196210419 -0.0044945585538502513 -0.009469518133851329 0.0023928937820223884 0.054885037740428133 -0.00069460021961262656 -0.00029150187994250796 -0.002502567280957135 0.37874309156610692 0.1738349675768131 -0.0021004844208654221 0.011400553378468523 0.0049831724234789465 0.14232957502104032 0.0038144995654197018 0.0008102320207727193 0.00026660060174895099 -0.0021977906942568528 0.0056558214813780981 0.001873291829887805 -0.0048645878178848094 0.003775552880047185 -0.0054471579759471766 0.0012495744776424482 0.0069888809018830477 5.7879684887803601e-05 0.0014820219750899658
leaf_weight=95 38 196 142 553 35 22 24 20 1790 3419 108 35 24 1131 21 84 31 22 34 224 517 46 67 84 22 48 69 21 504 234
leaf_count=95 38 196 142 553 35 22 24 20 1790 3419 108 35 24 1131 21 84 31 22 34 224 517 46 67 84 22 48 69 21 504 234
internal_value=-0.00109317 -0.00419418 0.000444443 -0.00517647 -0.00207408 0.00308911 0.00775757 0.0138182 -0.000723061 -0.000397663 0.000278279 0.00972455 0.0353898 -0.000206517 0.00235714 0.0133333 0.000900125 0.00211494 0.0166154 -0.00118066 0.000676469 0.00529377 0.0139469 0.000621234 -0.00277166 0.00351079 0.00782417 1.31344e-05 0.00114286 -0.00139547
internal_weight=9660 1030 180 850 297 101 66 44 8630 6840 3421 167 59 3254 896 105 791 696 65 2358 1088 337 113 631 1270 139 91 609 525 751
internal_count=9660 1030 180 850 297 101 66 44 8630 6840 3421 167 59 3254 896 105 791 696 65 2358 1088 337 113 631 1270 139 91 609 525 751
is_linear=0
shrinkage=0.08


Tree=100
num_leaves=31
num_cat=0
split_feature=2 1 8 39 15 21 1 4 1 1 7 21 25 7 39 15 8 8 1 7 23 23 4 33 4 29 6 4 4 4
split_gain=1.57526 0.828512 0.97963 0.576382 0.692236 0.504277 0.618341 0.929404 0.912427 2.025 0.649046 1.16031 1.13099 0.739617 0.60947 0.706861 0.554735 0.649842 0.551819 0.707565 0.901531 2.01764 1.1374 1.07471 0.966478 0.749727 0.694846 0.669056 1.06189 1.27527
threshold=5.5000000000000009 3.5000000000000004 0.19952207922687254 76.845295938851038 14.197750000000001 17.189100000000007 3.5000000000000004 3.5000000000000004 1.5000000000000002 2.5000000000000004 16.175352500000006 16.269450000000003 16.121200000000005 15.893655000000001 92.48993968194705 18.517300000000002 0.22675513659998517 0.21930292046942645 7.5000000000000009 14.195489166666668 15.736050000000002 15.965100000000001 56.500000000000007 -1.0000000180025095e-35 15.500000000000002 17.325350000000004 0.21433437131324515 13.500000000000002 15.500000000000002 14.500000000000002
decision_type=2 2 2 2 2 2 2 2 2 2 2 2 2 2 2 2 2 2 2 2 2 2 2 2 2 2 2 2 2 2
left_child=5 2 -2 -4 -5 6 7 8 -1 -10 11 -9 -13 -14 15 18 17 -16 19 -8 -21 23 24 -22 26 -26 -23 -20 29 -29
right_child=1 -3 3 4 -6 -7 14 10 9 -11 -12 12 13 -15 16 -17 -18 -19 27 20 21 22 -24 -25 25 -27 -28 28 -30 -31
leaf_value=-0.0036769089636726933 0.026826420392296369 -0.0066163942399349871 -0.01008596527177533 0.0024976730034393245 -0.0081341115184022945 8.1500131065395152e-05 0.0042348741205802971 -0.0023301427628113387 0.047888566069323187 -0.012647587018565365 -0.014281182353690332 0.010069572081350424 -0.0040716244912466781 0.0032081500866862397 -0.0026908190281208716 0.11185888069126203 -0.0028672556517889505 0.0028620242746608161 -0.0010802253509754043 -0.00051901715595199284 0.0032210021477992261 0.029319528276432544 0.011694121778379821 0.0052346795559686165 -0.0022537583924751299 0.001886299813001963 0.0023179730804486656 -0.0013336951537822168 -0.00021238907396185184 0.0049181244928815822
leaf_weight=36 24 790 109 59 48 2014 25 567 20 20 381 25 32 39 106 22 478 55 908 615 29 28 20 22 183 27 61 72 2771 74
leaf_count=36 24 790 109 59 48 2014 25 567 20 20 381 25 32 39 106 22 478 55 908 615 29 28 20 22 183 27 61 72 2771 74
internal_value=-0.00115942 -0.00411651 -1.90735e-09 -0.00170371 0.00246729 -0.000806491 -0.0011439 -0.00285714 0.00568421 0.014 -0.00347893 -0.00196682 0.00616666 0.00101408 -0.000794762 -0.000489193 -0.00311737 0.000944097 -0.000554294 0.00110891 0.000771572 0.00389189 0.00152978 0.0186667 0.000294312 -0.00266667 0.0072809 -0.000993466 -0.000403156 0.00624657
internal_weight=9660 1030 240 216 107 8630 6616 1120 76 40 1044 663 96 71 5496 4857 639 161 4835 1010 985 370 319 51 299 210 89 3825 2917 146
internal_count=9660 1030 240 216 107 8630 6616 1120 76 40 1044 663 96 71 5496 4857 639 161 4835 1010 985 370 319 51 299 210 89 3825 2917 146
is_linear=0
shrinkage=0.08


Tree=101
num_leaves=31
num_cat=0
split_feature=39 31 29 4 8 8 33 4 21 21 4 4 2 27 13 7 1 17 4 29 1 29 27 13 25 7 15 8 31 6
split_gain=1.40295 0.628826 0.581619 1.18406 0.65283 0.700698 1.12481 0.575542 1.21202 0.542016 0.468169 2.26431 0.573451 0.584384 0.463447 0.69009 0.583034 0.600993 1.03068 0.746677 0.632348 0.571895 0.468146 0.847825 0.71627 0.906737 0.617094 0.573016 0.511822 0.562826
threshold=77.673735303568606 14.260600000000002 13.851850000000002 22.500000000000004 0.34064491142499004 0.22010635616849264 -0.69159999999999922 39.500000000000007 14.230700000000001 12.978900000000001 15.500000000000002 14.500000000000002 4.5000000000000009 14.230700000000001 16.852650000000001 16.245385000000002 21.500000000000004 16.867950000000004 50.500000000000007 16.892300000000002 8.5000000000000018 17.008900000000004 14.481250000000001 15.213850000000003 14.066000000000001 14.349810833333335 14.593050000000002 1.3012435212034055 14.867400000000002 0.28572286090623111
decision_type=2 2 2 2 2 2 2 2 2 2 2 2 2 2 2 2 2 2 2 2 2 2 2 2 2 2 2 2 2 2
left_child=1 10 3 -2 5 6 -4 -3 -9 -6 11 12 13 -1 15 22 17 18 19 -16 -19 -21 24 -24 -11 -26 27 -27 -25 -30
right_child=2 7 4 -5 9 -7 -8 8 -10 14 -12 -13 -14 -15 16 -17 -18 20 -20 21 -22 -23 23 28 25 26 -28 -29 29 -31
leaf_value=-0.013807372089810152 -0.00015720292169017739 -0.0035985561625396551 0.003352359616655472 0.0021510005572508194 0.00022183305292642017 0.00013440730838441153 -0.00047019951773351782 0.045113814864323629 -0.00076129697353095177 -0.0049023687271281206 -0.011614366029088665 0.014767514801820369 -0.012606345336897107 0.0033179747051978125 -0.0039440359532160142 -0.0069254259045562171 -0.0029901699370970514 0.00019025389107198514 0.013873553189625567 0.078049899323996211 -0.0021766333714151672 0.0033290103964356351 -0.0044957608582959063 0.0021730375568342602 -0.0027559479045097634 0.0034901699593667731 -0.000965459381467198 0.0052733716293475045 0.00011524565702693596 -0.0014064298733026637
leaf_weight=25 21 152 23 37 28 2957 2927 26 42 32 648 20 177 23 99 549 184 396 32 21 345 51 240 20 47 21 20 24 315 158
leaf_count=25 21 152 23 37 28 2957 2927 26 42 32 648 20 177 23 99 549 184 396 32 21 345 51 240 20 47 21 20 24 315 158
internal_value=-0.00115942 -0.00383109 -0.000811515 0.00717241 -0.000866064 -0.000402237 -0.00127458 -1.90735e-09 0.00611765 -0.00192719 -0.00477492 -0.00179592 -0.00408889 0.00366666 -0.00204855 -0.00300701 -0.000836881 -3.39002e-05 0.00382266 0.00135672 -0.00109042 0.00755555 -0.0016146 -0.00243384 0.00255555 0.00557143 0.0116923 0.0168889 -0.000535499 -0.00106554
internal_weight=9660 1113 8547 58 8489 5907 2950 220 68 2582 893 245 225 48 2554 1426 1128 944 203 171 741 72 877 733 144 112 65 45 493 473
internal_count=9660 1113 8547 58 8489 5907 2950 220 68 2582 893 245 225 48 2554 1426 1128 944 203 171 741 72 877 733 144 112 65 45 493 473
is_linear=0
shrinkage=0.08


Tree=102
num_leaves=31
num_cat=0
split_feature=21 7 2 27 13 33 15 6 1 23 33 5 31 21 39 17 7 29 8 19 7 15 39 13 19 29 1 15 21 5
split_gain=1.79945 0.814109 0.539481 0.592292 0.6654 0.834735 1.01034 0.636615 0.600575 1.1729 0.742424 0.598889 0.569186 0.506208 0.679059 1.09793 0.665054 0.976179 0.737505 0.81573 0.636922 0.763753 1.52038 0.923271 0.91645 0.767226 0.673264 1.08877 0.65041 1.22557
threshold=14.214150000000002 16.097125833333337 1.5000000000000002 14.510650000000002 14.510650000000002 0.26269999999999977 14.593050000000002 0.19772616798077114 10.500000000000002 14.867400000000002 -0.16519999999999954 14.610823333333336 12.978900000000001 17.228650000000005 93.469820046384896 17.456700000000001 16.097125833333337 16.900950000000005 1.3588370419617404 16.9785 15.721529166666668 17.071750000000005 91.486677044661903 16.787500000000005 17.071750000000005 16.9785 2.5000000000000004 14.197750000000001 15.4565 15.357210000000002
decision_type=2 2 2 2 2 2 2 2 2 2 2 2 2 2 2 2 2 2 2 2 2 2 2 2 2 2 2 2 2 2
left_child=1 -1 3 4 7 6 8 -2 10 11 -6 -10 -4 14 15 20 -15 18 19 -18 26 -22 24 -24 25 -23 27 -14 -28 -30
right_child=2 -3 12 -5 5 -7 -8 -9 9 -11 -12 -13 13 16 -16 -17 17 -19 -20 -21 21 22 23 -25 -26 -27 28 -29 29 -31
leaf_value=-0.0084011660599323731 0.0015678359911297812 0.0069162316373879134 0.0020939786581660115 -0.0012462242266391874 0.0045320583506087489 0.0035503703075818851 -0.0010819226300555526 -0.0035343685852248438 0.010847207947260715 -0.010926043156054921 -0.0045886861573709381 0.00035620572860401963 0.0040656595446231514 -0.0077676870943141439 -0.0052078133662771106 0.0026021802072667098 0.0011876802650819863 0.00014902916265552391 -0.0027148878938259334 0.0049664357470832077 -0.0020338265645058174 0.0010256384324372374 0.02604677003254955 -0.0015144806948118206 -0.0018977319135571136 0.014860198584089317 -0.00065786496792160439 0.00073988944506100105 0.0014313114255587571 5.8566649178199195e-05
leaf_weight=968 93 28 24 2164 33 30 104 114 26 23 33 32 30 53 222 124 34 1558 21 39 947 29 35 238 25 22 1330 131 71 1079
leaf_count=968 93 28 24 2164 33 30 104 114 26 23 33 32 30 53 222 124 34 1558 21 39 947 29 35 238 25 22 1330 131 71 1079
internal_value=-0.00108489 -0.00430522 -0.000714683 -0.00166516 0.000852457 0.0033879 0.00188048 -0.00258937 0.00614966 0.0107654 0.000484847 0.0168276 -0.000295411 -0.000344691 -0.000808781 -0.00057326 0.000821112 0.00110411 0.00902127 0.0128219 -0.000806708 -0.00225926 0.000939826 -0.00184616 0.0109474 0.017098 -9.39057e-05 0.00491925 -0.000419357 0.000973911
internal_weight=9660 996 8664 2652 488 281 251 207 147 81 66 58 6012 5988 4283 4061 1705 1652 94 73 3937 1296 349 273 76 51 2641 161 2480 1150
internal_count=9660 996 8664 2652 488 281 251 207 147 81 66 58 6012 5988 4283 4061 1705 1652 94 73 3937 1296 349 273 76 51 2641 161 2480 1150
is_linear=0
shrinkage=0.08


Tree=103
num_leaves=31
num_cat=0
split_feature=7 31 33 21 8 23 4 23 17 27 4 33 8 19 4 1 13 29 7 17 4 4 1 1 4 4 31 19 4 25
split_gain=1.59834 0.664299 0.703247 0.617814 0.581209 0.620114 1.49125 0.685122 0.506766 0.819394 0.952405 0.517884 1.33901 0.483872 0.630154 0.520088 0.474056 0.961316 0.541323 1.38347 1.07336 0.488132 0.469681 0.904057 3.20261 1.174 0.897893 1.03075 0.52708 0.816005
threshold=14.133285000000003 12.978900000000001 -0.11379999999999944 17.191450000000007 0.34064491142499004 17.488600000000002 18.500000000000004 17.071750000000005 17.423700000000004 17.265850000000004 33.500000000000007 -0.69159999999999922 0.23643006285172372 17.306200000000004 38.500000000000007 14.500000000000002 16.093650000000004 16.287150000000004 16.395680833333341 16.775850000000002 19.500000000000004 54.500000000000007 1.0000000180025095e-35 2.5000000000000004 53.500000000000007 2.5000000000000004 14.362500000000002 14.082400000000002 49.500000000000007 15.725800000000001
decision_type=2 2 2 2 2 2 2 2 2 2 2 2 2 2 2 2 2 2 2 2 2 2 2 2 2 2 2 2 2 2
left_child=-1 2 -2 4 5 7 -7 8 11 -10 -11 12 -3 16 -15 -16 17 22 21 20 -20 -18 -13 24 25 -24 -25 -28 -29 -30
right_child=1 3 -4 -5 -6 6 -8 -9 9 10 -12 13 -14 14 15 -17 18 -19 19 -21 -22 -23 23 26 -26 -27 27 28 29 -31
leaf_value=-0.0054443046168933841 0.0018548433298655972 0.019480115135410845 -0.00018619562255508182 7.5142197583822235e-05 -0.001106922456337257 0.10250654977198029 -0.0042870946533972755 -0.0012247191827446991 -0.0063574457054853652 -0.0012205599392062156 0.0036988311910725923 -0.0060004224254494223 -0.010602552780251625 -0.0011616370364963058 0.001707022752319346 -8.7771445816547941e-05 -0.012871230158972784 0.012973682167842034 0.038657365290076268 -0.0011588365679586529 -0.00040728768567366378 0.011583860117748333 0.056421481824359278 -0.0045809890446623707 0.085705776435128694 -0.0021084213510801932 0.0049449726328978051 -2.2816145049793343e-05 -0.0019847025013888567 0.0015932034511300739
leaf_weight=709 20 31 22 1985 2053 23 41 364 20 28 27 56 22 78 32 25 232 24 31 412 32 25 21 287 24 159 23 2381 415 58
leaf_count=709 20 31 22 1985 2053 23 41 364 20 28 27 56 22 78 32 25 232 24 31 412 32 25 21 287 24 159 23 2381 415 58
internal_value=-0.00118427 -0.000894651 0.00914286 -0.000941971 -0.00129867 -0.000822831 0.007 -0.000926983 -0.000653614 0.00586666 0.0109091 -0.00076557 0.00709434 -0.000862111 0.00385185 0.0102456 -0.00101436 -0.000621812 -0.00286339 -0.00126316 0.00977778 -0.00582101 -0.000733647 -0.000612829 0.00454902 0.000888887 -0.00094564 -0.000519988 -0.000655923 -0.00309514
internal_weight=9660 8951 42 8909 6924 4871 64 4807 4443 75 55 4368 53 4315 135 57 4180 3448 732 475 63 257 3424 3368 204 180 3164 2877 2854 473
internal_count=9660 8951 42 8909 6924 4871 64 4807 4443 75 55 4368 53 4315 135 57 4180 3448 732 475 63 257 3424 3368 204 180 3164 2877 2854 473
is_linear=0
shrinkage=0.08


Tree=104
num_leaves=31
num_cat=0
split_feature=31 27 23 1 6 6 21 7 5 4 39 23 15 39 27 19 31 31 6 7 23 17 21 6 4 23 29 1 17 25
split_gain=1.17361 1.80814 0.585201 1.42912 0.582565 0.500698 0.608119 0.684569 0.8163 0.812849 0.685134 0.666898 0.706365 0.602335 0.829792 0.869789 1.03717 0.830414 0.937964 0.788779 0.71292 0.712397 0.640489 0.963721 0.559831 0.856251 1.1741 0.694248 0.585849 0.594635
threshold=14.197750000000001 17.230950000000004 13.884750000000002 7.5000000000000009 0.14829257700588225 1.5332096715139489 17.344800000000003 16.302275833333336 16.985176666666671 3.5000000000000004 91.037791783372541 17.056050000000003 16.717400000000001 84.597606935303943 15.515000000000002 15.725800000000001 15.935150000000002 16.603000000000005 0.27272974107015518 15.471437500000002 15.656950000000002 16.093650000000004 15.935150000000002 0.24646578683215883 22.500000000000004 16.964700000000004 16.824400000000001 17.500000000000004 17.456700000000001 17.042850000000005
decision_type=2 2 2 2 2 2 2 2 2 2 2 2 2 2 2 2 2 2 2 2 2 2 2 2 2 2 2 2 2 2
left_child=1 4 3 -2 -1 6 7 13 9 10 -9 24 -13 21 15 16 22 19 -19 20 -16 -4 23 -15 -10 28 -27 -28 -26 -30
right_child=2 -3 5 -5 -6 -7 -8 8 11 -11 -12 12 -14 14 17 -17 -18 18 -20 -21 -22 -23 -24 -25 25 26 27 -29 29 -31
leaf_value=0.0036632202021401094 0.0018332669406147379 0.00150960363353785 -0.00036128648956315721 -0.0018568421133147467 -0.0080962965819287268 -0.0031903705759536755 0.00018619420600188193 -0.00088600112863472676 -0.0014279911064532362 -0.0049984301267478153 0.0056872256567175438 0.078266449668791968 -0.00088790259071111824 0.0012683229110411129 -0.0010285331815727914 -0.0010907577454398773 0.0033310599486159383 0.0098206535262372191 -0.00024613629395357886 -0.00056212341832639749 0.0026199370975227418 0.0089376226677124679 0.0016537121338639335 -0.0015399651629397352 -0.00043400469672872624 0.0066945752855693333 6.7719282148068316e-05 0.041439810305164804 0.0031357125221264047 -0.0020968399637493781
leaf_weight=26 28 31 3044 52 890 430 1515 39 283 831 24 27 631 198 23 75 32 21 29 745 24 35 22 72 344 26 91 23 26 23
leaf_count=26 28 31 3044 52 890 430 1515 39 283 831 24 27 631 198 23 75 32 21 29 745 24 35 22 72 344 26 91 23 26 23
internal_value=-0.00110145 -0.00377614 -0.000810744 0.006 -0.00441922 -0.000873858 -0.000734367 -0.0010622 -0.00215541 -0.00406264 0.00469841 -0.000998645 -0.00289362 -0.000462965 0.00102498 0.00403007 0.00582716 -0.000399052 0.0096 -0.0010303 0.00902127 -0.00106268 0.00432877 0.00325926 0.00052941 0.00205628 0.00742857 0.00392982 0.000142492 0.00832653
internal_weight=9660 947 8713 80 916 8633 8203 6688 2368 894 63 1474 658 4320 1241 399 324 842 50 792 47 3079 292 270 816 533 140 114 393 49
internal_count=9660 947 8713 80 916 8633 8203 6688 2368 894 63 1474 658 4320 1241 399 324 842 50 792 47 3079 292 270 816 533 140 114 393 49
is_linear=0
shrinkage=0.08


Tree=105
num_leaves=31
num_cat=0
split_feature=21 19 29 1 7 33 6 19 6 8 21 7 25 23 21 19 23 15 39 17 21 7 39 29 15 17 27 4 19 4
split_gain=1.03682 1.01204 1.00841 0.977708 0.808688 0.5871 0.554113 0.498701 0.464802 0.771119 0.520992 0.710602 1.04342 1.07252 1.37846 0.540828 0.496085 0.478955 0.474199 0.913093 0.735047 0.9091 0.648086 0.962034 0.588781 0.492709 1.34876 1.7923 0.521546 0.79697
threshold=14.214150000000002 14.230700000000001 13.851850000000002 2.5000000000000004 15.74930416666667 -0.22139999999999913 0.20306586990973829 14.968750000000002 1.5332096715139489 2.7120227097824601 17.344800000000003 15.721529166666668 15.971400000000001 15.593050000000002 15.593050000000002 16.322600000000005 17.056050000000003 16.681500000000003 88.991842909234137 16.750600000000002 16.191350000000003 16.321236666666671 91.855899446134316 16.9785 16.787500000000005 17.423700000000004 17.265850000000004 28.500000000000004 17.381450000000005 36.500000000000007
decision_type=2 2 2 2 2 2 2 2 2 2 2 2 2 2 2 2 2 2 2 2 2 2 2 2 2 2 2 2 2 2
left_child=1 -1 5 6 -5 -2 -3 -7 10 -10 11 12 -4 -14 -15 -13 18 -18 -17 20 -20 -22 -23 -24 -21 28 -27 -28 -26 -30
right_child=2 3 8 4 -6 7 -8 -9 9 -11 -12 15 13 14 -16 16 17 -19 19 24 21 22 23 -25 25 26 27 -29 29 -31
leaf_value=-0.0093973631303698874 -0.0021183715440260954 0.014430614844832266 -0.00012676984380069784 -0.0045600192666530289 0.015013935627552759 0.00035329787885094452 0.0017039162431097361 0.0014435168294224365 -0.0043637377838040168 0.022527432611435829 0.00017121788510698882 -0.0046637180933212855 -0.0013705678664785084 0.0025438951074174343 0.00065699855997725738 -0.0068048166214749262 0.085600163824212358 -0.00095397321997257878 -0.013176552938120591 -0.002171040825220385 0.0033493162419497504 -0.00062232271378118522 0.028963818116197255 -0.0010344526842564717 -0.00052528364779533038 -0.0060666505789433124 -0.0054677637973575702 0.0032632643890883016 -0.0010121435081835001 0.00099881291627154905
leaf_weight=678 23 24 3642 228 24 22 42 20 409 20 1517 722 66 35 65 158 33 733 25 168 33 80 45 34 618 39 22 34 65 36
leaf_count=678 23 24 3642 228 24 22 42 20 409 20 1517 722 66 35 65 158 33 733 25 168 33 80 45 34 618 39 22 34 65 36
internal_value=-0.000977228 -0.00342169 -0.000696216 0.000301885 -0.00196826 0.00923077 0.0089697 0.0148571 -0.000771254 -0.003338 -0.000636477 -0.000941532 -0.000226893 0.0059759 0.0112 -0.00189807 -0.00125483 -0.00288251 -0.000336037 0.000206837 0.00490322 0.00658333 0.00407547 0.00921519 -0.000830959 5.89662e-05 0.00547368 0.0134286 -0.000656469 0.00467327
internal_weight=9660 996 8664 318 252 65 66 42 8599 429 8170 6653 3808 166 100 2845 2123 766 1357 1199 217 192 159 79 982 814 95 56 719 101
internal_count=9660 996 8664 318 252 65 66 42 8599 429 8170 6653 3808 166 100 2845 2123 766 1357 1199 217 192 159 79 982 814 95 56 719 101
is_linear=0
shrinkage=0.08


Tree=106
num_leaves=31
num_cat=0
split_feature=31 27 23 1 31 6 15 29 31 6 21 7 5 27 23 5 25 4 31 33 6 4 21 19 21 19 27 6 6 33
split_gain=1.21614 0.947614 0.561773 1.42912 0.609857 0.55699 0.506367 0.624639 0.485541 0.436272 0.504913 0.622084 0.905189 0.551392 0.82451 0.499408 0.54447 0.515649 0.856539 0.445076 0.747788 0.88702 0.492141 0.627408 0.457413 0.434626 0.742492 1.03476 0.96101 0.764893
threshold=14.197750000000001 17.230950000000004 13.884750000000002 7.5000000000000009 22.248450000000002 0.14829257700588225 14.09895 14.4777 14.000100000000002 1.5332096715139489 17.344800000000003 16.302275833333336 16.970256666666671 16.566100000000002 16.305350000000004 15.277683333333336 14.4777 32.500000000000007 17.307350000000003 -0.53129999999999977 0.23646656362918361 41.500000000000007 15.390450000000003 15.479500000000003 15.4565 14.043850000000001 14.481250000000001 0.14829257700588225 0.28780375698079025 0.39524999999999993
decision_type=2 2 2 2 2 2 2 2 2 2 2 2 2 2 2 2 2 2 2 2 2 2 2 2 2 2 2 2 2 2
left_child=1 5 3 -2 9 -1 7 -7 -9 10 11 13 -13 19 -15 16 -11 18 -17 20 21 24 -22 -24 -4 -21 27 -27 29 -29
right_child=2 -3 4 -5 -6 6 -8 8 -10 15 -12 12 -14 14 -16 17 -18 -19 -20 25 22 -23 23 -25 -26 26 -28 28 -30 -31
leaf_value=0.0041219516363984778 0.0016967471728696244 0.0012733545861282553 0.0059441567890272827 -0.0016239875086580475 0.0086662251570107113 -0.0065791033401793103 -0.0094970408646086312 -0.0034781278898639097 0.0092293102389567391 -0.0047535512810923577 0.00015772241533529589 -0.0047146730599828528 -0.00035504599363819447 0.0023695797435925683 -0.0033833722901954934 -0.002662880416774498 0.0025612213710205201 -0.0082122060865419001 0.099391344870314438 -0.0021968821292711696 -0.0030111975491441223 -0.0023599934240116148 0.02507770685706056 -0.0051016718880056476 0.00059873192260787131 0.0015557114314948858 -0.00027842249473336263 0.00035835394118672995 0.014554501091881061 -0.0029253255632791702
leaf_weight=26 28 31 47 52 24 313 534 23 20 25 1512 752 1615 34 30 64 29 265 27 122 46 40 22 45 26 20 3331 420 47 90
leaf_count=26 28 31 47 52 24 313 534 23 20 25 1512 752 1615 34 30 64 29 265 27 122 46 40 22 45 26 20 3331 420 47 90
internal_value=-0.000968946 -0.00369166 -0.000673019 0.006 -0.000734857 -0.00415721 -0.00449438 -0.00215731 0.00688372 -0.000770359 -0.000643007 -0.00094153 -0.00198395 -0.000370372 0.007 -0.00331708 0.00385185 -0.0044045 0.000791207 -0.000481205 0.00297345 0.00757522 -0.00162832 0.00274627 0.0128219 -0.00067494 -0.000528149 0.00212132 0.00147935 0.000470586
internal_weight=9660 947 8713 80 8633 916 890 356 43 8609 8199 6687 2367 4320 64 410 54 356 91 4256 226 113 113 67 73 4030 3908 577 557 510
internal_count=9660 947 8713 80 8633 916 890 356 43 8609 8199 6687 2367 4320 64 410 54 356 91 4256 226 113 113 67 73 4030 3908 577 557 510
is_linear=0
shrinkage=0.08


Tree=107
num_leaves=31
num_cat=0
split_feature=39 29 2 21 29 2 33 6 21 6 33 7 27 31 17 4 7 19 4 39 17 7 29 19 4 8 27 7 29 8
split_gain=1.31223 0.832255 0.838705 0.807564 0.492357 0.587213 0.590769 0.417507 0.396871 0.536009 0.672504 0.446923 1.55034 0.879915 0.870659 0.648662 0.688009 0.797352 1.07332 0.996402 1.01823 0.768002 0.607023 0.647925 0.486276 0.472905 0.488604 0.624717 1.49683 0.619587
threshold=76.845295938851038 14.378900000000002 3.5000000000000004 14.260600000000002 13.851850000000002 2.5000000000000004 0.16524999999999948 0.15835768840424549 17.207200000000004 0.57419832856915154 0.8744500000000005 16.302275833333336 16.603000000000005 16.603000000000005 16.628950000000003 42.500000000000007 17.042732500000003 16.9785 46.500000000000007 92.831701507168574 17.008900000000004 17.056635833333335 17.343850000000003 16.700900000000004 15.500000000000002 0.22308917770562225 16.775850000000002 17.044309166666668 17.456700000000001 0.22797017837904751
decision_type=2 2 2 2 2 2 2 2 2 2 2 2 2 2 2 2 2 2 2 2 2 2 2 2 2 2 2 2 2 2
left_child=1 7 3 -3 5 -2 -7 -1 9 10 11 12 13 -6 24 25 22 19 -19 20 -18 -22 23 -17 -13 -16 -27 28 29 -28
right_child=4 2 -4 -5 8 6 -8 -9 -10 -11 -12 14 -14 -15 15 16 17 18 -20 -21 21 -23 -24 -25 -26 26 27 -29 -30 -31
leaf_value=0.0020083073165143416 -0.0022770137288319532 0.017686332500081323 -0.0036425464356292297 -0.0013423329328582057 -0.0001659867788992275 0.0088683208625364475 -0.00050842448655024687 -0.0094695635089338502 6.2080527419317152e-05 -0.0019084630205374895 0.0060676539806482086 -0.0018598340222371018 0.0014754404533021937 0.011286757545457493 -0.0024429669725913906 0.014084356484284577 0.00043089929114832951 0.0019134626246522907 -0.0013023339680598243 -0.0076229749846048909 0.0028784120638639093 0.0031433885072648282 0.0017765791157460201 -0.0022632209183640222 -0.011226827033870517 -0.0044020814895384961 0.003214686664793871 -0.0013366764506191351 0.001116189429112519 -0.00024359909175940563
leaf_weight=38 24 27 117 31 4214 27 25 559 1945 629 29 106 27 25 251 49 28 23 106 22 21 20 27 158 313 117 28 297 21 356
leaf_count=38 24 27 117 31 4214 27 25 559 1945 629 29 106 27 25 251 49 28 23 106 22 21 20 27 158 313 117 28 297 21 356
internal_value=-0.00100207 -0.00416581 0.000685712 0.00855172 -0.000727275 0.00568421 0.0104615 -0.00558794 -0.000782571 -0.0010683 -0.000843862 -0.00090063 -0.000442571 -0.000564286 -0.00190633 -0.00101837 0.00151542 0.00472727 0.000682169 0.0104615 0.0151884 0.0232195 -0.00150428 -0.00297585 -0.00513604 -0.00209346 -0.0011624 -0.000364674 0.00167901 0.000541665
internal_weight=9660 772 175 58 8888 76 52 597 8812 6867 6238 6209 4266 4239 1943 1524 454 220 129 91 69 41 234 207 419 1070 819 702 405 384
internal_count=9660 772 175 58 8888 76 52 597 8812 6867 6238 6209 4266 4239 1943 1524 454 220 129 91 69 41 234 207 419 1070 819 702 405 384
is_linear=0
shrinkage=0.08


Tree=108
num_leaves=31
num_cat=0
split_feature=39 6 1 27 2 7 21 13 21 1 7 19 6 8 1 23 4 13 5 29 8 4 4 19 4 33 6 4 5 6
split_gain=1.15186 1.13279 0.667653 0.624864 0.659994 1.13398 0.565392 0.614159 0.42148 0.404502 0.560997 0.739374 0.650348 0.559189 1.07785 0.480751 0.75 0.39934 0.781919 0.723748 0.574256 0.521057 1.02914 1.48665 0.532942 0.47773 0.424356 0.53138 0.487734 0.445603
threshold=78.00108712343075 0.14829257700588225 20.500000000000004 13.950650000000001 3.5000000000000004 14.133285000000003 14.344400000000002 14.344400000000002 12.978900000000001 2.5000000000000004 14.839730833333336 14.230700000000001 0.20306586990973829 0.18244084608836278 10.500000000000002 14.260600000000002 40.500000000000007 14.548600000000002 14.610823333333336 14.716850000000003 1.5476236408825896 40.500000000000007 45.500000000000007 14.593050000000002 55.500000000000007 -1.0000000180025095e-35 1.6236399351961104 50.500000000000007 19.160346666666666 0.16354336833380526
decision_type=2 2 2 2 2 2 2 2 2 2 2 2 2 2 2 2 2 2 2 2 2 2 2 2 2 2 2 2 2 2
left_child=1 -1 9 4 -2 -6 7 -4 -5 10 11 15 -13 14 -11 -3 -17 20 19 25 21 -10 23 -23 -24 -19 29 28 -28 -20
right_child=3 2 6 8 5 -7 -8 -9 17 13 -12 12 -14 -15 -16 16 -18 18 26 -21 -22 22 24 -25 -26 -27 27 -29 -30 -31
leaf_value=0.0012869704985437836 -0.0047713985817159502 -0.0046372080982582135 0.043639505561823728 0.0015835752832650471 -0.0022787774359517804 0.012160264612721223 -0.007488578292703974 -0.00048688407207211264 -0.002362261848674909 -0.0075612992268214796 -0.0090499104848270617 0.025333402730094587 0.00042604348418320641 -0.0073075472163520805 0.16188046352813776 -0.0061574300255603067 0.016308646223617763 -0.0010417294684796628 -0.0016677732293877315 0.0085404156645896498 0.0027268100639269688 -0.0005614910669592178 -0.0030870068594825721 0.005543807603640807 0.0088209033422637952 0.015662188064413312 -0.0080086008798681534 0.00062303336421014874 0.00082165112955898524 -0.00012300711097854348
leaf_weight=33 34 71 25 28 27 38 50 22 441 145 60 20 39 667 25 28 21 93 236 25 22 40 138 21 26 34 225 26 55 6945
leaf_count=33 34 71 25 28 27 38 50 22 441 145 60 20 39 667 25 28 21 93 236 25 22 40 138 21 26 34 225 26 55 6945
internal_value=-0.000910975 -0.00322388 -0.00363513 -0.000581029 0.00573737 0.0104615 0.00272165 0.00902127 -0.000655897 -0.00420818 -0.00130544 0.000938546 0.00827118 -0.00503704 -0.000941178 -0.00266667 0.00342857 -0.000688845 -0.000522583 0.00515789 -0.00253489 -0.00295496 0.000177776 0.00904918 -0.00312195 0.00270866 -0.000637908 -0.00355556 -0.00457143 -0.000513579
internal_weight=9660 1206 1173 8454 99 65 97 47 8355 1076 239 179 59 837 170 120 49 8327 7639 152 688 666 225 61 164 127 7487 306 280 7181
internal_count=9660 1206 1173 8454 99 65 97 47 8355 1076 239 179 59 837 170 120 49 8327 7639 152 688 666 225 61 164 127 7487 306 280 7181
is_linear=0
shrinkage=0.08


Tree=109
num_leaves=31
num_cat=0
split_feature=31 13 6 15 39 29 27 6 33 21 27 4 2 21 15 17 7 39 5 33 21 4 21 21 5 29 25 21 25 13
split_gain=1.28211 0.937192 0.543039 0.525925 0.676616 0.407372 0.40183 1.66938 0.832439 0.73069 1.53814 0.615054 0.562804 0.405082 0.557138 0.966967 0.820634 0.876078 1.18168 0.644841 0.378868 0.518108 0.413884 0.376418 1.12731 1.25284 1.05604 0.849615 0.70961 0.619334
threshold=14.197750000000001 17.110850000000003 0.14829257700588225 14.09895 78.379009905497512 14.4777 14.510650000000002 0.14829257700588225 0.42685000000000001 14.867400000000002 14.4777 27.500000000000004 1.5000000000000002 14.716850000000003 14.131850000000002 14.066000000000001 14.470196666666668 78.905111044561679 14.619583333333336 -1.0000000180025095e-35 14.214150000000002 11.500000000000002 14.344400000000002 15.408500000000002 15.357210000000002 15.444000000000001 15.355800000000002 15.621500000000003 14.784150000000002 14.817800000000002
decision_type=2 2 2 2 2 2 2 2 2 2 2 2 2 2 2 2 2 2 2 2 2 2 2 2 2 2 2 2 2 2
left_child=1 2 -1 4 5 -4 7 -2 9 13 11 -11 -8 14 20 19 -17 18 -18 -16 -9 -22 -23 28 25 26 27 -25 29 -14
right_child=6 -3 3 -5 -6 -7 12 8 -10 10 -12 -13 23 -15 15 16 17 -19 -20 -21 21 22 -24 24 -26 -27 -28 -29 -30 -31
leaf_value=0.0036155451477769885 0.0013652136621483814 0.00038725705333567492 -0.006547479541293374 -0.0082896724229895424 0.047865268990128385 0.0015900793399643764 -0.00089545728947662095 -0.0079757639301961357 -0.0023026133530807107 0.0010353298027477912 0.00052148151740050782 -0.00059141377783237387 0.0024834999710188497 -0.003405169292830819 -0.00032135412952489844 -0.0053442073548500947 0.0079010920730504496 0.00036985039632843347 -0.0010916892907553825 0.021855089615753151 0.0030405614532428116 0.00056737397628271605 -0.0004505809911396981 0.0027812050957799974 -4.4994596187119777e-05 -0.0026357705244035596 0.0039977510582908053 -0.00072720581074351093 -0.00076426139065486308 -0.00054037365010971576
leaf_weight=26 20 24 295 539 26 37 2162 83 137 34 20 39 38 48 24 85 35 115 24 39 25 27 74 40 4330 25 26 25 1178 60
leaf_count=26 20 24 295 539 26 37 2162 83 137 34 20 39 38 48 24 85 35 115 24 39 25 27 74 40 4330 25 26 25 1178 60
internal_value=-0.000811596 -0.00360718 -0.004013 -0.00434337 -0.00196648 -0.00293976 -0.000507749 0.00116767 0.000603212 0.0017619 0.00834408 0.0029589 -0.000683919 0.000704661 0.00134086 0.00342857 0.00126641 0.00441379 0.012339 0.0123175 -0.0018756 0.000888887 -0.00166337 -0.00026844 7.91704e-05 0.00786207 0.0122198 0.00676923 -0.00147963 0.00506122
internal_weight=9660 947 923 897 358 332 8713 829 809 672 93 73 7884 579 531 322 259 174 59 63 209 126 101 5722 4446 116 91 65 1276 98
internal_count=9660 947 923 897 358 332 8713 829 809 672 93 73 7884 579 531 322 259 174 59 63 209 126 101 5722 4446 116 91 65 1276 98
is_linear=0
shrinkage=0.08


Tree=110
num_leaves=31
num_cat=0
split_feature=29 6 39 4 31 15 27 31 27 8 19 31 23 7 1 4 4 33 15 13 39 6 31 39 13 5 15 8 17 15
split_gain=1.23139 1.05577 0.647888 0.577394 0.941291 1.10287 0.564748 0.768417 1.15914 1.70515 1.04232 1.71818 1.13183 1.29423 0.805411 0.565145 0.988739 1.46941 0.518775 0.492365 0.497653 1.04065 0.428316 0.618921 1.06509 0.411959 0.393939 0.388299 0.368415 0.727463
threshold=14.461300000000001 0.14352761051568508 76.845295938851038 6.5000000000000009 14.514900000000003 14.18125 14.548600000000002 14.867400000000002 14.378900000000002 0.18621550033495143 14.413900000000002 14.066000000000001 14.046700000000003 14.619045833333336 12.500000000000002 25.500000000000004 14.500000000000002 0.09850000000000049 14.046700000000003 15.262250000000002 84.945622159077644 0.21186027971735374 14.968750000000002 90.709624302829681 15.816150000000002 15.375016666666669 15.851650000000001 1.5116892427919055 15.320300000000001 15.355800000000002
decision_type=2 2 2 2 2 2 2 2 2 2 2 2 2 2 2 2 2 2 2 2 2 2 2 2 2 2 2 2 2 2
left_child=1 -1 -3 4 5 18 7 10 26 -10 11 -2 -13 -14 -11 16 -12 -18 -4 20 25 -22 23 24 -21 28 -9 -23 -8 -30
right_child=6 2 3 -5 -6 -7 19 8 9 14 15 12 13 -15 -16 -17 17 -19 -20 22 21 27 -24 -25 -26 -27 -28 -29 29 -31
leaf_value=0.0029233344415100816 -0.0075607759490957148 -0.0068525068729623677 0.018025799948987987 -0.0011102903568254378 -0.0038468276060627023 0.026293363822578544 -0.00091227960852299686 -0.0035511287710588515 -0.0044998579910483626 0.01666137495386449 -0.0028670191274729889 -0.0015183113137481926 0.0079838014239188501 0.0021068669760602636 0.00058294940853857605 -0.0018401456829947767 0.0088315410930278632 -0.0016243254532691221 -0.005620075990964658 -0.00040105124092689002 0.0014166119012478209 -0.0017459017217996134 -0.00013030397148765382 -0.00067887657184455329 0.004226537984449376 -0.0058695750098186998 0.0011185884490854125 0.016078387216989364 -0.00086441257535461991 0.0032877685032521135
leaf_weight=27 33 625 23 764 30 27 828 26 20 20 83 23 34 20 22 176 33 39 21 35 36 71 6204 26 23 213 22 20 93 43
leaf_count=27 33 625 23 764 30 27 828 26 20 20 83 23 34 20 22 176 33 39 21 35 36 71 6204 26 23 213 22 20 93 43
internal_value=-0.000844722 -0.00293738 -0.00322148 -0.00180347 0.00388119 0.00890141 -0.000454871 0.00201815 0.008 0.0152258 0.000526075 0.00727273 0.0138182 0.0201481 0.024381 -0.00171601 0.00180645 0.00866666 0.00109091 -0.000634354 -0.00204908 0.00270866 -0.000340969 0.00533333 0.00993103 -0.00256245 -0.00133334 -0.00184616 -0.00185892 0.002
internal_weight=9660 1517 1490 865 101 71 8143 551 110 62 441 110 77 54 42 331 155 72 44 7592 1304 127 6288 84 58 1177 48 91 964 136
internal_count=9660 1517 1490 865 101 71 8143 551 110 62 441 110 77 54 42 331 155 72 44 7592 1304 127 6288 84 58 1177 48 91 964 136
is_linear=0
shrinkage=0.08


Tree=111
num_leaves=31
num_cat=0
split_feature=13 6 29 4 4 33 15 4 4 4 33 29 39 1 7 13 39 15 29 29 5 4 27 6 15 15 21 5 29 15
split_gain=1.28478 0.730886 0.46495 0.74561 3.58957 1.61212 0.631895 0.547677 1.1632 1.5067 1.4638 0.547216 0.49018 0.426988 1.30131 0.360457 0.352953 0.416594 0.429501 0.342254 0.323432 0.480489 0.450185 0.444444 0.31027 0.347911 0.351007 0.524273 0.49203 0.580055
threshold=14.548600000000002 0.14352761051568508 14.197750000000001 13.500000000000002 17.500000000000004 0.065850000000001088 15.069850000000001 40.500000000000007 46.500000000000007 44.500000000000007 0.13175000000000117 14.230700000000001 76.845295938851038 2.5000000000000004 14.202604166666667 14.4777 109.91435503037329 20.384450000000005 17.230950000000004 14.329500000000001 14.123373333333335 38.500000000000007 14.000100000000002 0.19262051261116542 19.122800000000002 18.731750000000002 18.356750000000002 18.133976666666673 18.449000000000002 18.087200000000003
decision_type=2 2 2 2 2 2 2 2 2 2 2 2 2 2 2 2 2 2 2 2 2 2 2 2 2 2 2 2 2 2
left_child=1 -1 12 19 5 -5 7 11 9 15 -11 -6 -3 14 -14 -9 17 24 -19 -4 21 22 -15 -24 25 26 -2 28 29 -28
right_child=16 2 3 4 6 -7 -8 8 -10 10 -12 -13 13 20 -16 -17 -18 18 -20 -21 -22 -23 23 -25 -26 -27 27 -29 -30 -31
leaf_value=0.0045733370895393987 -0.00017886173454528646 -0.0082952235705330783 0.013923297567560562 0.011822651788191394 0.032773787373598255 0.0016086728816049603 0.026087178249258245 -0.011109189269738085 -0.0032558264412300203 0.0053508954473448483 0.0027326522979364293 -0.0044284439801178374 0.015959106446175403 0.0028822514621652706 -0.0016799721899012649 0.001691285248617153 -0.010978597141713318 -0.0020108141154900222 0.023191127485879176 -0.0051286107178927908 -0.0023199878306410498 -0.0042570602640170816 0.038195322581429769 -0.0066349241988565774 -0.0080849728420588005 0.13761594297263913 0.0019512718287753178 -0.0038665193963916267 -0.0074312463957177319 -0.00062422805356038248
leaf_weight=33 7363 429 32 22 29 35 27 42 183 25 23 341 30 23 52 22 59 21 20 213 202 33 20 25 54 23 161 52 20 46
leaf_count=33 7363 429 32 22 29 35 27 42 183 25 23 341 30 23 52 22 59 21 20 213 202 33 20 25 54 23 161 52 20 46
internal_value=-0.000927538 -0.0028289 -0.00304425 -0.0018833 -0.000630175 0.0186667 -0.00221966 -0.00270677 -0.000135595 0.00628571 0.017 -0.00475676 -0.00446192 -0.00238961 0.00273171 -0.00175 -0.000479859 -0.000432992 0.00760975 -0.00571429 -0.00377558 -7.92098e-05 0.0037647 -0.000888891 -0.000475711 -0.00043314 -0.000462708 0.00232258 0.00398238 0.00514009
internal_weight=9660 1841 1808 994 749 57 692 665 295 112 48 370 814 385 82 64 7819 7760 41 245 303 101 68 45 7719 7665 7642 279 227 207
internal_count=9660 1841 1808 994 749 57 692 665 295 112 48 370 814 385 82 64 7819 7760 41 245 303 101 68 45 7719 7665 7642 279 227 207
is_linear=0
shrinkage=0.08


Tree=112
num_leaves=31
num_cat=0
split_feature=13 6 39 21 19 39 8 1 6 7 25 33 33 1 1 8 27 29 19 23 1 17 31 31 27 1 29 27 19 6
split_gain=1.55799 0.758053 0.3553 0.337385 0.4 0.365555 0.446283 1.25473 0.402182 0.46769 0.393298 0.927566 0.888889 0.360815 0.443854 0.747538 0.557724 0.31554 0.905775 0.311087 0.702492 0.516911 0.310067 0.340976 0.328477 0.684832 0.59317 0.765789 1.62651 1.08685
threshold=14.548600000000002 0.14352761051568508 109.91435503037329 13.818850000000003 14.362500000000002 78.278411754875421 0.18244084608836278 10.500000000000002 0.16446345362481243 14.133285000000003 14.411800000000001 0.26439999999999936 0.19700000000000009 2.5000000000000004 1.0000000180025095e-35 0.21690531570802721 14.214150000000002 14.411800000000001 14.510650000000002 14.4777 15.500000000000002 14.708300000000003 22.248450000000002 20.384450000000005 18.275250000000003 17.500000000000004 18.042600000000004 18.410200000000007 17.993150000000004 1.1743916435469079
decision_type=2 2 2 2 2 2 2 2 2 2 2 2 2 2 2 2 2 2 2 2 2 2 2 2 2 2 2 2 2 2
left_child=1 -1 22 4 -3 6 7 8 -5 -10 11 12 -7 14 -8 16 -16 -13 -19 20 21 -12 23 24 -2 26 27 28 -26 -29
right_child=2 3 -4 5 -6 10 13 -9 9 -11 19 17 -14 -15 15 -17 -18 18 -20 -21 -22 -23 -24 -25 25 -27 -28 29 -30 -31
leaf_value=0.0042074701223762702 -0.00016326296034105379 -0.0029022346277099344 -0.010100309370376375 0.00099419155921602999 0.020753421083635207 -3.1320790820451792e-05 -0.006857831453711132 0.121375576400165 -0.0081647517711232707 0.005597818773553657 -0.00088050092879197669 -0.0020865003522278895 0.012755391273008985 -0.0061039837466369921 2.1037273958708358e-05 -0.00087512064767377438 0.037196649992151797 0.0034463781539772016 -0.008150848502223149 -0.001476031581187406 -0.0016879737926834863 0.0081025679918090426 0.0072784617174984105 -0.0094577175679404438 -4.772703433018284e-05 -0.0021252595237557371 -0.00025910922692335331 -0.00037875034408891374 0.0050570184095223803 0.0080114681358956479
leaf_weight=33 7327 20 59 22 20 45 80 28 113 25 41 125 30 698 20 101 21 20 33 300 41 25 24 38 27 65 137 96 26 20
leaf_count=33 7327 20 59 22 20 45 80 28 113 25 41 125 30 698 20 101 21 20 33 300 41 25 24 38 27 65 137 96 26 20
internal_value=-0.000952383 -0.00304617 -0.000459396 -0.00326549 0.004 -0.00342987 -0.00431769 -0.000765959 -0.0035 -0.00510145 -0.0019394 0.000537547 0.008 -0.00504348 -0.00223424 0.000450702 0.00956097 -0.00260674 0.00256604 -0.00347912 0.000224297 0.00533333 -0.000412373 -0.00044054 -0.000403224 0.00191914 0.00350327 0.00667455 0.0146415 0.00303448
internal_weight=9660 1841 7819 1808 40 1768 1108 188 160 138 660 253 75 920 222 142 41 178 53 407 107 66 7760 7736 7698 371 306 169 53 116
internal_count=9660 1841 7819 1808 40 1768 1108 188 160 138 660 253 75 920 222 142 41 178 53 407 107 66 7760 7736 7698 371 306 169 53 116
is_linear=0
shrinkage=0.08


Tree=113
num_leaves=31
num_cat=0
split_feature=29 4 4 7 8 6 5 19 17 6 6 4 39 23 6 27 29 1 33 33 1 31 1 23 13 33 7 23 39 17
split_gain=1.55515 0.416152 6.17149 1.18544 0.861193 0.805 0.99654 0.615399 2.0004 0.632341 0.693508 1.19498 0.633578 0.601983 0.60564 0.588414 0.984096 0.530702 0.532759 1.17088 0.602983 1.03095 0.705336 0.688403 1.32111 0.517021 0.493492 0.754745 0.730889 0.56636
threshold=14.378900000000002 14.500000000000002 15.500000000000002 14.626709166666668 0.22077569896062946 0.20985600280748418 16.970256666666671 14.115350000000001 14.260600000000002 0.28780375698079025 0.27623286932212782 52.500000000000007 76.487220900015117 14.647350000000001 0.16782984678484039 14.543600000000001 14.576500000000001 22.500000000000004 0.37955000000000011 0.4478999999999998 9.5000000000000018 14.968750000000002 1.5000000000000002 15.736050000000002 16.072750000000003 -0.24145000000000036 16.494065833333337 15.284800000000002 98.353452428746863 18.681650000000001
decision_type=2 2 2 2 2 2 2 2 2 2 2 2 2 2 2 2 2 2 2 2 2 2 2 2 2 2 2 2 2 2
left_child=-1 13 3 -3 -5 -6 -7 8 -4 10 -9 -12 -11 -2 -15 16 -16 18 20 -20 21 -17 -23 -24 -25 -22 -14 -28 29 -29
right_child=1 2 7 4 5 6 -8 9 -10 12 11 -13 26 14 15 17 -18 -19 19 -21 25 22 23 24 -26 -27 27 28 -30 -31
leaf_value=-0.0018732139166475102 -0.0024641236654932494 0.0083873144115179828 0.08894705430909465 0.00064182989439986657 0.0074232928478892056 -0.00024239895807049377 0.01071781703422461 -0.00013460473826517192 -0.0030953527356547194 0.034091233750092514 0.00043722081323647923 0.044426748400869701 -0.0045087140083995038 -0.0033594407160625578 -0.0060178797427008551 0.02128789488546861 0.0010700024471849558 -0.0067476398985231636 0.00096783213433869128 6.1278307302231689e-06 4.2158274283292176e-05 -0.0079319618613929496 -0.0016813595380544535 0.0082135019502012768 0.00090498077415801298 -0.00183086474697367 0.077551341805458696 -0.00042039352472502886 -0.0051162553261856203 0.00079710522170187061
leaf_weight=1279 239 24 20 38 29 28 33 4769 36 42 153 25 451 77 25 32 33 67 42 205 230 114 143 25 306 544 23 453 144 31
leaf_count=1279 239 24 20 38 29 28 33 4769 36 42 153 25 451 77 25 32 33 67 42 205 230 114 143 25 306 544 23 453 144 31
internal_value=-0.000960664 -0.000564135 -0.00024004 0.0156842 0.012625 0.0168889 0.0116721 -0.000633807 0.00771428 -0.000710558 -0.000318579 0.00458427 -0.0024056 -0.00154467 -0.0010548 -0.000751984 0.00717241 -0.00102108 -0.000736138 0.00268826 -0.0013429 0.000516127 -0.0002449 0.00111392 0.00311782 -0.00283204 -0.00277314 -0.00136406 -0.00188535 -0.000396696
internal_weight=9660 8381 6299 152 128 90 61 6147 56 6091 4947 178 1144 2082 1843 1766 58 1708 1641 247 1394 620 588 474 331 774 1102 651 628 484
internal_count=9660 8381 6299 152 128 90 61 6147 56 6091 4947 178 1144 2082 1843 1766 58 1708 1641 247 1394 620 588 474 331 774 1102 651 628 484
is_linear=0
shrinkage=0.08


Tree=114
num_leaves=31
num_cat=0
split_feature=21 6 13 31 27 17 29 7 29 31 13 19 8 27 5 25 13 31 19 6 29 4 4 4 1 4 15 6 25 27
split_gain=1.46347 0.43293 0.678788 0.478236 0.476913 0.721537 0.942849 1.59489 0.684046 0.841732 0.4922 0.836585 1.02278 0.521379 0.418493 1.21153 0.784617 0.751043 0.811698 0.681264 0.67664 0.602617 1.00711 2.17302 1.4385 0.632022 0.679981 0.622963 0.609734 1.31582
threshold=14.800550000000003 0.14352761051568508 14.230700000000001 14.18125 14.647350000000001 14.647350000000001 14.647350000000001 14.626709166666668 15.069850000000001 15.444000000000001 14.642450000000002 14.444800000000003 0.20594419360233868 14.593050000000002 15.725523333333337 16.750600000000002 15.662100000000001 15.523850000000001 15.692450000000003 0.1660777846506479 15.896950000000002 35.500000000000007 45.500000000000007 44.500000000000007 7.5000000000000009 31.500000000000004 15.736050000000002 0.16782984678484039 15.586 15.550500000000001
decision_type=2 2 2 2 2 2 2 2 2 2 2 2 2 2 2 2 2 2 2 2 2 2 2 2 2 2 2 2 2 2
left_child=1 2 -1 -3 5 10 -7 -8 -6 -10 -5 12 -12 -13 15 17 -16 18 20 -18 -2 25 23 24 -23 26 27 -19 -29 -30
right_child=14 3 -4 4 8 6 7 -9 9 -11 11 13 -14 -15 16 -17 19 21 -20 -21 -22 22 -24 -25 -26 -27 -28 28 29 -31
leaf_value=0.0063237763234387573 -8.5375472083427188e-05 -0.0049631458308620801 -0.00010797628460175575 -0.0009350220100236542 -0.0029774080359144381 -0.00050436347953068303 0.0078333010629347659 -0.00036780250198448677 0.0041742865544798502 -0.0017996652314343268 0.030597865341263721 -0.00072996576658260757 0.0024780784590890457 0.0025512898864277688 -0.0083001762834894813 0.029081035792939511 -0.0035135057816837872 -0.0043678742875334188 -0.00260813526739565 -0.00017109356301980575 0.0014908243113928156 0.0013715715536495405 0.00012128035675113325 0.008673533245260899 0.00013995048171043981 -0.0059637454212394872 -0.0024011960528832975 0.00011885212315897174 0.0034985409296892232 0.00054315424552308419
leaf_weight=20 1427 841 22 634 390 75 21 22 37 59 28 145 38 30 240 20 79 32 214 4365 22 27 213 21 78 51 109 252 44 104
leaf_count=20 1427 841 22 634 390 75 21 22 37 59 28 145 38 30 240 20 79 32 214 4365 22 27 213 21 78 51 109 252 44 104
internal_value=-0.000985509 -0.00271634 0.00533333 -0.00286207 -0.00199595 -0.000990938 0.00488135 0.0143256 -0.00404938 0.002 -0.00178286 0.0012946 0.0089697 -0.0016 -0.000425324 0.000385614 -0.000877884 0.000234385 -0.000784127 -0.000637266 -0.000104902 0.0020537 0.00474336 0.0104127 0.00571428 0.000513512 0.00131608 0.00274074 0.0036 0.00767567
internal_weight=9660 2362 42 2320 1479 993 118 43 486 96 875 241 66 175 7298 2614 4684 2594 1663 4444 1449 931 339 126 105 592 541 432 400 148
internal_count=9660 2362 42 2320 1479 993 118 43 486 96 875 241 66 175 7298 2614 4684 2594 1663 4444 1449 931 339 126 105 592 541 432 400 148
is_linear=0
shrinkage=0.08


Tree=115
num_leaves=31
num_cat=0
split_feature=13 15 6 17 31 17 7 1 8 39 8 29 31 39 6 5 7 7 31 7 33 15 8 23 4 4 1 4 15 19
split_gain=1.44905 0.348623 0.948506 0.743083 0.603186 0.588049 0.802287 0.591014 0.971645 0.498231 0.420402 0.727349 0.348229 0.723508 0.297228 0.668126 0.481533 0.518805 0.437549 0.430391 0.287073 0.871439 0.588091 1.1488 1.36425 0.52766 0.460913 0.591323 0.623937 0.876783
threshold=14.548600000000002 14.043850000000001 0.15982366771334555 14.312950000000003 14.708300000000003 14.197750000000001 14.143480833333335 2.5000000000000004 0.93875597961729362 81.762914182909668 0.19522001786917809 14.642450000000002 13.818850000000003 91.902935878722488 1.2556854237668438 14.897940000000004 16.928115000000002 17.075615833333341 18.478250000000003 18.008190833333341 0.26110000000000083 14.647350000000001 0.20182077877148677 15.444000000000001 19.500000000000004 47.500000000000007 16.500000000000004 20.500000000000004 17.149950000000004 17.384900000000005
decision_type=2 2 2 2 2 2 2 2 2 2 2 2 2 2 2 2 2 2 2 2 2 2 2 2 2 2 2 2 2 2
left_child=1 2 -1 5 -3 7 -7 8 -4 10 11 -6 13 -2 20 -16 -17 -18 -19 -20 -14 -22 23 -23 -25 26 -24 -28 -29 -30
right_child=12 4 3 -5 9 6 -8 -9 -10 -11 -12 -13 14 -15 15 16 17 18 19 -21 21 22 25 24 -26 -27 27 28 29 -31
leaf_value=0.0070103265941141033 0.0012102472956014721 -0.0023944058180010051 0.090332272617571138 -0.0051633425446740025 -0.00073225267768814797 0.0032868408533876571 -0.0070115820183842903 -0.0023493107078144458 -0.0020220796237463865 0.0046467132391242181 -0.0015254175678542825 0.0017501419742359907 -0.00018609734676207934 -0.00068496532488638478 0.00053355330337209544 -0.0044334836461345688 0.081323522701136908 -0.0011742284150057034 -0.0037303471067660597 0.0061613177142877144 0.0025524322032179619 -0.00090665537053866098 -9.2592189546972651e-05 -4.8209597219398811e-05 0.0041312919056379887 -0.0013841568931050896 -0.00017920990332408841 0.00075934306565605405 0.084159497037174485 0.0011395289012752819
leaf_weight=20 23 1218 20 114 28 29 20 186 22 32 121 31 5737 21 27 288 26 103 38 24 34 40 854 23 32 250 125 127 21 26
leaf_count=20 23 1218 20 114 28 29 20 186 22 32 121 31 5737 21 27 288 26 103 38 24 34 40 854 23 32 250 125 127 21 26
internal_value=-0.00102692 -0.00304617 -0.000992703 -0.00186189 -0.00363637 0.000375449 0.00832653 -0.00133334 0.00723809 0.000301885 -0.00133334 0.00420339 -0.000551479 0.00654545 -0.000591642 -0.00246641 -0.00315658 -4.18867e-05 -0.00169697 0.0036129 -0.000461138 0.000511747 0.000224297 0.00631579 0.0138182 -0.00018817 0.000534257 0.00323746 0.00625287 0.0141277
internal_weight=9660 1841 411 391 1430 277 49 228 42 212 180 59 7819 44 7775 506 479 191 165 62 7269 1532 1498 95 55 1403 1153 299 174 47
internal_count=9660 1841 411 391 1430 277 49 228 42 212 180 59 7819 44 7775 506 479 191 165 62 7269 1532 1498 95 55 1403 1153 299 174 47
is_linear=0
shrinkage=0.08


Tree=116
num_leaves=31
num_cat=0
split_feature=39 4 13 23 4 29 4 39 19 4 4 27 15 13 19 13 21 29 31 1 1 6 4 1 17 33 33 15 21 25
split_gain=1.26105 0.529252 0.561033 0.936643 0.523586 1.28438 1.82443 0.787875 0.707343 0.314228 6.60986 1.282 1.68819 1.01185 0.876071 1.18731 0.670974 0.570264 0.540346 0.527364 1.03155 3.2736 4.96332 6.79279 1.77872 1.15042 1.08857 0.81336 0.71498 1.16279
threshold=78.367590655967447 26.500000000000004 14.642450000000002 14.593050000000002 13.500000000000002 14.197750000000001 17.500000000000004 77.545404689802055 14.329500000000001 44.500000000000007 45.500000000000007 14.968750000000002 16.892300000000002 17.384900000000005 14.378900000000002 14.284200000000002 14.642450000000002 18.275250000000003 16.403200000000002 12.500000000000002 10.500000000000002 0.22688235361366041 20.500000000000004 11.500000000000002 15.373050000000001 0.26110000000000083 0.040200000000000465 13.950650000000001 18.158950000000001 18.120150000000006
decision_type=2 2 2 2 2 2 2 2 2 2 2 2 2 2 2 2 2 2 2 2 2 2 2 2 2 2 2 2 2 2
left_child=1 2 4 -4 -1 7 -7 -6 -8 19 11 -11 18 -14 15 -12 -16 -18 -13 20 27 22 25 26 -25 -22 -24 -2 -29 -30
right_child=9 -3 3 -5 5 6 8 -9 -10 10 14 12 13 -15 16 -17 17 -19 -20 -21 21 -23 23 24 -26 -27 -28 28 29 -31
leaf_value=-0.004225781808139816 0.0017411384833688345 -0.0042389018415550242 0.0038884298139548385 -0.0044064113434966112 -0.0062283421043649971 0.011601397311655172 0.077433824322335379 0.0015178048085405305 -0.0048419341894085262 0.008172634671119245 -0.0014262710912240982 0.0032770083615627859 0.0064883742799278898 0.0034801745744544371 -0.0031865861903666044 0.0090141446038866039 -0.00014491656860315383 -0.0044187601231165906 -0.00042357822926240922 -0.00052052351380544736 -0.0015010168695135451 -0.0029945234760048699 0.1735499204755333 -0.0043372457336842739 0.0032031574900969295 0.00091890266114315366 0.38634139549054103 -0.00044870602931610076 0.0024541128767014372 -0.0029034176310092064
leaf_weight=290 21 777 20 21 125 34 26 23 44 20 26 42 20 21 150 38 1648 68 33 2876 127 271 27 39 32 29 22 2565 142 83
leaf_count=290 21 777 20 21 125 34 26 23 44 20 26 42 20 21 150 38 1648 68 33 2876 127 271 27 39 32 29 22 2565 142 83
internal_value=-0.000977228 -0.0032353 -0.00141338 0.00760975 -0.00209594 0.000571427 0.00738461 -0.00421622 -1.90735e-09 -0.000607231 0.00024782 0.0172941 0.014069 0.0271219 -0.00095337 0.00825 -0.00126903 -0.000820515 0.00693333 -0.000890602 -0.000209651 0.00296892 0.00910145 0.0213333 0.00552112 -0.000307694 0.0442449 -0.000828177 -0.000946238 0.00337778
internal_weight=9660 1360 583 41 542 252 104 148 70 8300 2066 136 116 41 1930 64 1866 1716 75 6234 3358 547 276 120 71 156 49 2811 2790 225
internal_count=9660 1360 583 41 542 252 104 148 70 8300 2066 136 116 41 1930 64 1866 1716 75 6234 3358 547 276 120 71 156 49 2811 2790 225
is_linear=0
shrinkage=0.08


Tree=117
num_leaves=31
num_cat=0
split_feature=13 6 31 8 1 1 23 39 8 15 4 27 23 27 27 4 23 8 8 6 4 31 27 27 27 33 13 25 1 39
split_gain=1.20517 0.500966 0.420697 0.38238 1.32027 0.599177 0.691542 0.346219 0.346128 0.678788 0.49116 0.644063 0.869936 0.543516 1.1938 0.483544 1.24444 0.405493 0.72236 0.347064 0.422787 0.270691 0.494798 0.544448 0.267618 0.517094 0.608918 0.416731 0.269008 0.883484
threshold=14.510650000000002 0.14352761051568508 14.230700000000001 0.18244084608836278 10.500000000000002 2.5000000000000004 14.230700000000001 109.91435503037329 1.5476236408825896 14.09895 40.500000000000007 14.708300000000003 14.043850000000001 13.950650000000001 13.884750000000002 46.500000000000007 14.411800000000001 0.19624244981891506 0.21726942562209445 0.1965798950581138 3.5000000000000004 14.082400000000002 14.131850000000002 14.413900000000002 19.437050000000003 0.14599999999999994 17.344800000000003 18.681650000000001 4.5000000000000009 101.85834637379911
decision_type=2 2 2 2 2 2 2 2 2 2 2 2 2 2 2 2 2 2 2 2 2 2 2 2 2 2 2 2 2 2
left_child=1 -1 3 4 -3 6 21 24 10 -10 13 12 -12 14 -4 16 -14 -17 -19 20 -15 22 -5 -24 27 26 -26 28 29 -2
right_child=7 2 8 5 -6 -7 -8 -9 9 -11 11 -13 15 19 -16 17 -18 18 -20 -21 -22 -23 23 -25 25 -27 -28 -29 -30 -31
leaf_value=0.0029451179418450049 -0.0011351915222716034 -0.0047203424785787762 -0.00052152668082781938 -0.0064533568503108542 0.16581673824201196 -0.006366985178871274 0.014079511310252864 -0.0087310082334755672 -0.001618845951641335 0.054172162448919273 -0.00068166836352785459 -0.0050204282976834356 0.00065599253606584784 0.0057646760408800171 0.0014410737697764745 -0.0022002839470094686 0.0072763416330598029 0.0097943898640495668 -0.0017335133253699759 -0.004271331366536452 -0.0015784507930157372 -0.0072174389862828883 0.031908123952137039 -0.0020056943220322526 -0.0053272774165158123 0.0026445972761836912 0.001225143305271425 -0.0069301709397427778 -6.0697097313642901e-05 0.10618015789151525
leaf_weight=32 1503 131 22 33 22 544 39 59 22 20 34 55 36 25 21 29 20 22 27 268 151 55 22 21 34 32 38 85 6237 21
leaf_count=32 1503 131 22 33 22 544 39 59 22 20 34 55 36 25 21 29 20 22 27 268 151 55 22 21 34 32 38 85 6237 21
internal_value=-0.000944101 -0.00291218 -0.00310809 -0.00430911 -0.00067974 -0.00508684 -0.000941178 -0.000538396 -0.00172341 0.00533333 -0.00214085 0.000968608 0.00342857 -0.00356468 0.00502325 0.00632836 0.012 0.00225641 0.00669388 -0.0043964 -0.00163637 -0.00372519 -0.000631581 0.00502325 -0.000493084 0.00353846 -0.000222224 -0.000546522 -0.000485506 -0.00143832
internal_weight=9660 1651 1619 867 153 714 170 8009 752 42 710 223 168 487 43 134 56 78 49 444 176 131 76 43 7950 104 72 7846 7761 1524
internal_count=9660 1651 1619 867 153 714 170 8009 752 42 710 223 168 487 43 134 56 78 49 444 176 131 76 43 7950 104 72 7846 7761 1524
is_linear=0
shrinkage=0.08


Tree=118
num_leaves=31
num_cat=0
split_feature=21 17 13 5 19 31 31 6 17 17 27 25 13 27 23 13 27 33 17 15 6 4 6 17 8 23 23 6 8 6
split_gain=1.33631 0.68888 0.497095 0.687607 0.454447 0.371765 0.509534 0.362015 0.391975 0.39834 0.455286 0.366138 0.48 0.401797 0.57619 0.374506 0.548756 0.809546 0.657611 0.529455 0.733237 0.983889 0.473469 0.46713 0.653185 0.601058 0.431562 0.517299 0.371191 0.412931
threshold=14.18125 17.752500000000001 13.950650000000001 14.10133666666667 14.230700000000001 13.818850000000003 14.043850000000001 1.5332096715139489 22.248450000000002 17.846600000000006 19.886300000000002 13.950650000000001 14.260600000000002 13.950650000000001 14.09895 14.481250000000001 14.481250000000001 0.26269999999999977 14.4777 14.543600000000001 0.20083479446006675 29.500000000000004 0.17767665559803225 14.514900000000003 0.20484090393283713 14.642450000000002 14.750550000000002 0.31083398291248526 0.17719932039404676 0.16446345362481243
decision_type=2 2 2 2 2 2 2 2 2 2 2 2 2 2 2 2 2 2 2 2 2 2 2 2 2 2 2 2 2 2
left_child=1 4 -2 -4 -1 -5 -7 11 9 10 -9 12 -8 14 -13 26 17 19 -18 20 22 -22 -17 24 25 -20 27 -15 -25 -30
right_child=2 -3 3 5 -6 6 7 8 -10 -11 -12 13 -14 15 -16 16 18 -19 23 -21 21 -23 -24 28 -26 -27 -28 -29 29 -31
leaf_value=-0.0053946995325784486 -0.0056758982312698847 0.001415527481511962 0.0025633626912287609 0.00025352470035046011 -0.00047405883215741851 -0.0083051286336089485 -0.00041788937555783143 -0.0017574328688400257 0.00126647445355613 -0.0093743678511192113 0.00088751519499630899 0.0012364011230772921 0.0017656271846303391 -0.0013687235205116863 -0.0010946312416419994 0.006337049262205006 -0.002071590734620315 0.0020323945396983258 -0.0025568810233962962 -0.00060505924966766829 0.0038957993887447696 3.8062115506538147e-05 -0.0034369796298456142 0.00038462715782830865 0.0017856910411761804 0.00099205341433377813 0.00039489121677902043 0.00014198616111250512 -0.0012314500290491431 -0.00011403998904913596
leaf_weight=610 129 22 28 36 283 59 30 247 20 94 32 35 20 459 21 20 94 26 33 128 29 32 29 29 22 20 34 25 258 6756
leaf_count=610 129 22 28 36 283 59 30 247 20 94 32 35 20 459 21 20 94 26 33 128 29 32 29 29 22 20 34 25 258 6756
internal_value=-0.000894412 -0.00380328 -0.000590053 -0.000516251 -0.00414782 -0.000557058 -0.000591209 -0.000539741 -0.00291094 -0.00349598 -0.0019785 -0.000424693 0.0064 -0.000467083 0.00628571 -0.000514388 -0.000370253 0.00321212 -0.000501388 0.0017479 0.00581818 0.0116721 -0.00146939 -0.000413601 0.00586666 0.0010566 -0.0025946 -0.00320661 -0.000480479 -0.000517823
internal_weight=9660 915 8745 8616 893 8588 8552 8493 393 373 279 8100 50 8050 56 7994 7476 264 7212 238 110 61 49 7118 75 53 518 484 7043 7014
internal_count=9660 915 8745 8616 893 8588 8552 8493 393 373 279 8100 50 8050 56 7994 7476 264 7212 238 110 61 49 7118 75 53 518 484 7043 7014
is_linear=0
shrinkage=0.08


Tree=119
num_leaves=31
num_cat=0
split_feature=39 5 8 7 13 13 15 25 15 6 19 25 13 19 21 1 39 7 13 5 29 23 27 7 6 8 6 8 8 6
split_gain=1.08676 0.597506 1.00533 0.510227 0.47851 0.310687 0.411899 0.749752 1.07336 0.260726 0.453263 0.637865 0.41895 0.489181 0.767582 0.409929 0.263565 0.331482 0.26613 0.749105 0.399452 0.384456 0.989749 1.46812 0.341719 0.458036 0.418414 0.402884 1.0413 0.33728
threshold=77.382816327445269 14.103580000000003 0.18351524275432027 14.211713690476193 13.818850000000003 13.884750000000002 13.950650000000001 14.066000000000001 13.818850000000003 0.16354336833380526 15.725800000000001 15.4565 14.716850000000003 14.576500000000001 14.593050000000002 13.500000000000002 102.74143500412488 17.656566666666674 14.642450000000002 14.480596666666669 13.917650000000002 14.750550000000002 14.784150000000002 14.621234166666669 0.17124906038571752 0.19775194289623474 0.16716458554659344 0.21148533823542753 0.22628109289399398 0.28780375698079025
decision_type=2 2 2 2 2 2 2 2 2 2 2 2 2 2 2 2 2 2 2 2 2 2 2 2 2 2 2 2 2 2
left_child=1 2 -1 -4 -3 -2 7 -7 -9 10 11 12 13 -8 -15 -13 18 -18 20 -20 -11 24 23 -23 25 26 -22 -26 -29 -30
right_child=5 4 3 -5 -6 6 9 8 -10 16 -12 15 -14 14 -16 -17 17 -19 19 -21 21 22 -24 -25 27 -27 -28 28 29 -31
leaf_value=0.14801358676426996 -0.0038052063216161441 0.013896903208621483 -0.0044270894369493287 0.00049952708580987054 -0.0040686359025006889 -0.0014619717775559028 -0.0005951494043378604 -0.0020424011017418061 0.044804068586438373 0.0010550499385025695 -0.0029177205392426652 0.0071154017287444749 -0.0040230315062799457 -0.0017323649345372333 0.0048593414918690313 -0.001952293687225962 -0.011163104667114364 0.00011239388873304153 0.0040506122282552796 -8.9240590316053275e-05 -0.00028566100444432359 -9.2334537477802567e-05 -0.0024739728474800255 0.0020764695583299821 -0.0017071731681166942 -0.0033058569079686285 0.00085392905509216121 0.031092723586596191 -0.0017405407050844009 0.00011371601783553362
leaf_weight=22 72 28 74 24 874 31 57 32 31 32 80 20 90 33 28 27 83 41 38 7141 22 20 28 21 447 30 25 24 124 61
leaf_count=22 72 28 74 24 874 31 57 32 31 32 80 20 90 33 28 27 83 41 38 7141 22 20 28 21 447 30 25 24 124 61
internal_value=-0.000836441 -0.00330333 0.002 -0.00146939 -0.00400887 -0.000544572 -0.000500586 0.00476596 0.00977778 -0.00055902 -0.00274627 -0.00109804 -0.003 0.000135591 0.00511475 0.00731915 -0.000468971 -0.00412903 -0.000412332 -0.000255191 -0.00176499 -0.00211472 0.0035942 0.0115122 -0.00265212 0.00238961 0.00731915 -0.0032439 -0.0003445 -0.00237838
internal_weight=9660 1022 120 98 902 8638 8566 94 63 8472 335 255 208 118 61 47 8137 124 8013 7179 834 802 69 41 733 77 47 656 209 185
internal_count=9660 1022 120 98 902 8638 8566 94 63 8472 335 255 208 118 61 47 8137 124 8013 7179 834 802 69 41 733 77 47 656 209 185
is_linear=0
shrinkage=0.08


Tree=120
num_leaves=31
num_cat=0
split_feature=2 27 27 21 2 2 6 6 6 8 19 21 39 7 7 1 7 15 8 1 7 5 7 31 19 6 6 39 5 19
split_gain=1.25758 0.362595 0.990872 0.383951 0.73003 0.371203 0.378173 0.340672 0.345787 0.429256 0.536575 1.23223 0.341618 0.353728 0.324284 0.788604 1.23303 1.99384 0.347914 1.37984 0.361429 0.324895 0.303309 0.83454 1.03926 0.640244 0.636095 0.815256 0.614232 0.833478
threshold=5.5000000000000009 14.153300000000002 14.214150000000002 13.851850000000002 1.5000000000000002 3.5000000000000004 0.18391943834379784 0.16261959186921124 0.15647221563590064 0.20594419360233868 14.708300000000003 15.355800000000002 102.74143500412488 17.656566666666674 14.571320000000002 3.5000000000000004 14.133285000000003 14.09895 0.18244084608836278 10.500000000000002 14.121997500000001 14.136610000000003 14.617950833333337 14.284200000000002 16.365600000000004 1.4517547595371616 0.195607954095216 77.545404689802055 14.606450000000001 14.543600000000001
decision_type=2 2 2 2 2 2 2 2 2 2 2 2 2 2 2 2 2 2 2 2 2 2 2 2 2 2 2 2 2 2
left_child=1 5 -3 4 -4 6 -1 8 9 10 -5 -12 22 -14 15 16 21 -18 19 20 -17 -2 26 24 25 -24 27 -9 29 -25
right_child=14 2 3 7 -6 -7 -8 12 -10 -11 11 -13 13 -15 -16 18 17 -19 -20 -21 -22 -23 23 28 -26 -27 -28 -29 -30 -31
leaf_value=0.0013405912385361135 -0.0048667493225760233 0.003653029676982643 0.00065797042155122439 -0.0013018898542757119 -0.00011355555123906944 0.017446301443022692 -0.0042724406159860831 0.012736809487784691 -0.0019888529866457709 -0.0018942291258796152 0.0088486909871117198 -0.0020425883985391155 -0.0098103929206008796 0.00010340237763427114 -0.0068501032504482973 0.00094496248903947692 0.078561056595770978 -0.00036017911297051968 -0.0032779874904863213 0.12410511975975599 -0.0045032538283624416 0.00029236527226312919 -0.0037057899376464511 -0.0023627347674310979 0.001353491496344739 0.012819061729697214 -0.0024022862856381303 -0.0008333182456393101 -0.000111962211626265 0.0051184157671985923
leaf_weight=39 61 34 22 46 35 23 162 36 116 73 30 35 94 41 150 24 20 37 538 27 146 27 21 35 20 20 246 126 7321 55
leaf_count=39 61 34 22 46 35 23 162 36 116 73 30 35 94 41 150 24 20 37 538 27 146 27 21 35 20 20 246 126 7321 55
internal_value=-0.000853004 -0.000537661 -0.000453012 -0.000508363 0.00603509 -0.00371429 -0.00481592 -0.000553219 -0.0032 -0.00104348 0.00209009 0.00676923 -0.00045415 -0.00444445 -0.00349515 -0.00290909 0.00248276 0.0116491 -0.00397279 -0.00109645 -0.00376471 -0.00345455 -0.000385789 -0.000269809 0.00904918 0.0017561 -0.00250981 0.00138271 -0.000346514 0.00622222
internal_weight=9660 8630 8406 8372 57 224 201 8315 300 184 111 65 8015 135 1030 880 145 57 735 197 170 88 7880 7472 61 41 408 162 7411 90
internal_count=9660 8630 8406 8372 57 224 201 8315 300 184 111 65 8015 135 1030 880 145 57 735 197 170 88 7880 7472 61 41 408 162 7411 90
is_linear=0
shrinkage=0.08


Tree=121
num_leaves=31
num_cat=0
split_feature=13 6 6 6 27 23 25 4 15 8 25 7 27 39 5 7 4 1 17 21 13 6 31 31 25 29 13 4 25 23
split_gain=1.10196 0.761194 0.448654 0.491982 0.444934 0.418448 0.955718 0.515723 0.408174 0.454966 0.850024 0.377104 0.402132 0.911264 0.5395 1.22789 0.513078 0.834426 0.368033 0.364397 0.912027 0.357867 0.452868 0.584791 0.427907 0.357433 0.352934 0.619195 0.352896 0.716179
threshold=14.510650000000002 0.14352761051568508 1.1051669709546303 0.16261959186921124 16.900950000000005 13.851850000000002 14.148300000000001 35.500000000000007 21.067900000000005 1.0545599125608096 17.783000000000005 13.848510833333334 13.917650000000002 76.666394362879871 14.149816666666668 14.125302500000002 55.500000000000007 4.5000000000000009 18.681650000000001 18.517300000000002 17.846600000000006 2.1556601781526621 17.488600000000002 19.437050000000003 20.055950000000003 14.260600000000002 14.514900000000003 23.500000000000004 14.800550000000003 14.750550000000002
decision_type=2 2 2 2 2 2 2 2 2 2 2 2 2 2 2 2 2 2 2 2 2 2 2 2 2 2 2 2 2 2
left_child=1 -1 3 -2 -4 6 -3 -8 9 10 -6 -7 13 -13 15 -15 25 -18 19 26 -21 -11 -23 -24 -25 -14 27 -5 29 -27
right_child=2 5 4 18 8 11 7 -9 -10 21 -12 12 16 14 -16 -17 17 -19 -20 20 -22 22 23 24 -26 28 -28 -29 -30 -31
leaf_value=0.00075191902409752918 -0.0007645647911919477 -0.0034265152980652159 -0.0030417835816596594 0.00046229720330713889 0.070895689012238708 0.00016772900988945035 6.4676191627621068e-05 0.0054970427081035564 0.00079695708633964262 -0.0038416846614375108 -0.00065143323216099863 -0.0044237117228087645 -0.0035307743826703919 -0.0021158664778581715 -0.0025453768806006083 0.0078774358023530784 0.024728635941386273 -0.0024843744597410899 0.0018866028731588406 0.0044365478258546467 -0.00017323325291832993 -0.0017252058199378765 0.012671577793387208 -0.011477744686864995 0.00088646782955879963 -0.0011377529711196518 -9.4473163069715949e-05 -0.0007312876152469176 -0.0055367311662215856 0.00096395716642509147
leaf_weight=32 260 30 296 34 28 38 23 20 36 105 27 57 674 24 20 25 31 56 22 20 51 71 20 23 20 496 6958 38 100 25
leaf_count=32 260 30 296 34 28 38 23 20 36 105 27 57 674 24 20 25 31 56 22 20 51 71 20 23 20 496 6958 38 100 25
internal_value=-0.000836441 -0.00271835 -0.000448497 -0.000274145 -0.00250479 -0.00295985 0.0029589 0.0106046 -0.00048485 -0.00146939 0.00509091 -0.00323933 -0.00343767 0.000888887 0.00707246 0.0115918 -0.00383213 0.00211494 -0.000149377 -0.000181385 0.00552112 -0.00297908 -0.000238808 0.00469841 -0.000558141 -0.00423166 -0.000238978 0.00533333 -0.00284702 -0.00201152
internal_weight=9660 1651 8009 7383 626 1619 73 43 330 294 55 1546 1508 126 69 49 1382 87 7123 7101 71 239 134 63 43 1295 7030 72 621 521
internal_count=9660 1651 8009 7383 626 1619 73 43 330 294 55 1546 1508 126 69 49 1382 87 7123 7101 71 239 134 63 43 1295 7030 72 621 521
is_linear=0
shrinkage=0.08


Tree=122
num_leaves=31
num_cat=0
split_feature=13 6 23 7 27 4 15 6 19 25 1 8 29 1 1 1 8 23 5 23 29 31 25 7 31 31 7 33 25 39
split_gain=1.05033 1.07127 0.711071 2.11987 0.717031 0.716955 0.419896 0.36663 0.340064 0.604538 0.485541 0.474751 0.612946 0.310292 0.340492 0.549435 1.05986 0.523709 0.45589 0.773221 0.469329 0.653333 0.429364 0.318815 0.303076 0.34108 0.349758 0.528938 0.428571 0.416425
threshold=14.284200000000002 0.14352761051568508 14.153300000000002 14.143480833333335 14.066000000000001 10.500000000000002 15.176350000000001 0.16261959186921124 15.725800000000001 15.4565 14.500000000000002 0.18418670692340636 14.642450000000002 14.500000000000002 1.0000000180025095e-35 2.5000000000000004 0.21690531570802721 14.148300000000001 14.103580000000003 14.09895 14.543600000000001 14.413900000000002 13.983600000000001 13.848510833333334 22.248450000000002 20.384450000000005 18.354005833333336 0.47860000000000019 18.120150000000006 98.353452428746863
decision_type=2 2 2 2 2 2 2 2 2 2 2 2 2 2 2 2 2 2 2 2 2 2 2 2 2 2 2 2 2 2
left_child=1 -1 3 -2 -4 -5 13 8 9 11 -11 12 -6 14 -3 16 17 -16 19 -17 -20 -22 -18 -24 25 26 29 28 -28 -9
right_child=2 6 4 5 7 -7 -8 24 -10 10 -12 -13 -14 -15 15 18 22 -19 20 -21 21 -23 23 -25 -26 -27 27 -29 -30 -31
leaf_value=0.005372085815388331 0.0044366248187820709 -0.0061516905473028259 -0.0045358381508964511 0.00096554431258081056 -0.0035926528073987169 -0.0039461276007496842 0.05011242033395899 -6.6036342622332309e-05 -0.0017030222129147607 0.0066836120052342187 -0.00067704773484589405 -0.001882415056818772 0.0071735789438788422 -0.0052232012150553245 6.449421768811765e-05 -0.0011295550554477204 0.00027596817396401612 0.042313799810991412 -0.0030602877053909584 0.0036055367273679279 0.0012992263702724649 -0.0094573960056492361 0.00013089658719130882 -0.0031268651712025269 0.00062092513302529383 -0.0073320676933733252 -0.0012566210542898659 0.0019550821437371367 0.0012085179195098421 -0.0006115864940915008
leaf_weight=21 34 80 154 20 41 62 28 7263 71 20 23 119 24 180 21 41 20 22 542 26 30 20 21 61 24 37 42 20 42 551
leaf_count=21 34 80 154 20 41 62 28 7263 71 20 23 119 24 180 21 41 20 22 542 26 30 20 21 61 24 37 42 20 42 551
internal_value=-0.00072878 -0.00304043 -0.000427754 0.0057931 -0.000513346 -0.00117073 -0.00338462 -0.000412712 -0.00316779 -0.00165639 0.00688372 -0.00365218 0.00184615 -0.0036391 -0.00302263 -0.00252737 0.00193103 0.0124651 -0.00350835 0.00274627 -0.00421622 0.0032 -0.00250981 -0.00507317 -0.000309815 -0.000336897 -0.000301088 0.00430769 0.00152381 -0.000362428
internal_weight=9660 1113 8547 116 8431 82 1092 8277 298 227 43 184 65 1064 884 804 145 43 659 67 592 50 102 82 7979 7955 7918 104 84 7814
internal_count=9660 1113 8547 116 8431 82 1092 8277 298 227 43 184 65 1064 884 804 145 43 659 67 592 50 102 82 7979 7955 7918 104 84 7814
is_linear=0
shrinkage=0.08


Tree=123
num_leaves=31
num_cat=0
split_feature=39 13 5 6 6 21 27 25 13 39 21 17 23 15 15 17 8 31 17 15 1 15 21 19 23 4 7 8 23 25
split_gain=1.21149 0.590685 1.07238 0.511571 0.385162 0.40427 0.364741 0.813489 0.338629 0.332233 0.648904 0.688031 0.548847 0.526494 0.51138 1.10273 0.583333 0.46231 0.409005 0.719919 0.642456 0.496419 0.792903 0.765815 0.758977 1.22383 1.01382 1.00401 0.962429 1.56642
threshold=78.367590655967447 14.000100000000002 14.149816666666668 0.16261959186921124 0.14352761051568508 13.818850000000003 15.586 15.4565 14.043850000000001 98.353452428746863 18.158950000000001 18.087200000000003 18.314050000000005 18.087200000000003 17.887500000000003 17.955650000000002 0.2394805331106267 22.248450000000002 17.911800000000003 17.306200000000004 3.5000000000000004 16.938100000000002 17.783000000000005 18.681650000000001 17.071750000000005 20.500000000000004 17.061702500000006 0.20858811637508326 16.964700000000004 17.008900000000004
decision_type=2 2 2 2 2 2 2 2 2 2 2 2 2 2 2 2 2 2 2 2 2 2 2 2 2 2 2 2 2 2
left_child=4 -2 -3 6 -1 8 7 -4 -6 17 -11 12 13 14 -12 16 -16 18 19 21 -20 23 24 -5 25 26 -23 -26 -27 -30
right_child=1 2 3 9 5 -7 -8 -9 -10 10 11 -13 -14 -15 15 -17 -18 -19 20 -21 -22 22 -24 -25 27 28 -28 -29 29 -31
leaf_value=0.0020774327604167818 -0.0030721391216805244 0.00069248152606036367 -0.00079611856958725752 -0.00013731598554651747 0.0046634968878356406 -0.0024719471729865048 -0.0015258104046490786 0.0026401526261984093 -0.0098891445033285116 -0.0012368025859796046 -0.0014878875662201578 -0.0023609815393720538 0.0011514458811554492 -0.00062296794429415978 0.006488461473011374 0.0055584312295766459 -0.00055299675674643455 0.0014353069472955061 0.0015764161933462782 -0.0011961669975622303 0.00018967410464188047 -0.0019925049355684725 0.010179374068246698 0.0014481052082142474 0.00087060613044590051 0.0014209780167376018 0.0040223909683244474 -0.0009136479473318439 0.0011182023641483957 0.010037273985479765
leaf_weight=28 85 38 163 5066 20 1286 89 31 26 311 33 113 30 63 27 23 21 20 116 668 478 144 33 21 26 238 50 337 48 28
leaf_count=28 85 38 163 5066 20 1286 89 31 26 311 33 113 30 63 27 23 21 20 116 668 478 144 33 21 26 238 50 337 48 28
internal_value=-0.000786751 -0.000424098 -0.000355449 -0.000417759 -0.003 -0.0031952 -0.00375972 -0.00181443 0.00417391 -0.00029795 -0.00207408 0.000516127 0.00337056 0.00158084 0.00507692 0.00890141 0.002 -0.000146296 -0.00017979 -0.000359215 0.00183165 -8.14574e-05 0.00164602 -0.000388443 0.00118484 0.0031811 -0.00181443 -0.00160882 0.00626751 0.0141053
internal_weight=9660 8300 8215 8177 1360 1332 283 194 46 7894 621 310 197 167 104 71 48 7273 7253 6659 594 5991 904 5087 871 508 194 363 314 76
internal_count=9660 8300 8215 8177 1360 1332 283 194 46 7894 621 310 197 167 104 71 48 7273 7253 6659 594 5991 904 5087 871 508 194 363 314 76
is_linear=0
shrinkage=0.08


Tree=124
num_leaves=31
num_cat=0
split_feature=31 27 6 2 7 39 4 31 4 21 4 29 5 17 31 19 8 19 7 13 21 17 8 8 4 4 39 23 23 5
split_gain=0.972501 1.26524 0.344925 0.449149 0.434661 0.428868 0.829941 1.95669 0.410695 0.526581 0.382156 0.33207 0.311228 0.520833 0.308016 0.731736 0.664976 0.813154 0.3663 1.06219 0.844505 0.720801 0.720264 0.549196 1.19784 0.971874 1.17446 2.63433 0.58135 0.557866
threshold=14.230700000000001 17.008900000000004 1.4517547595371616 2.5000000000000004 16.302275833333336 77.292821765672542 35.500000000000007 14.329500000000001 23.500000000000004 14.18125 50.500000000000007 19.662150000000004 15.319050000000002 14.543600000000001 14.395400000000002 14.197750000000001 0.19116083741365877 14.043850000000001 16.245385000000002 16.717400000000001 15.971400000000001 16.817100000000003 0.20644902317012534 1.3381638018971869 10.500000000000002 27.500000000000004 80.209624359925925 15.426750000000002 14.901200000000001 15.756203333333335
decision_type=2 2 2 2 2 2 2 2 2 2 2 2 2 2 2 2 2 2 2 2 2 2 2 2 2 2 2 2 2 2
left_child=1 -1 5 12 -5 6 8 -8 9 -2 -6 14 13 -4 15 16 -7 -18 20 -20 23 22 -22 29 -25 26 -26 -28 -27 -16
right_child=2 -3 3 4 10 11 7 -9 -10 -11 -12 -13 -14 -15 18 -17 17 -19 19 -21 21 -23 -24 24 25 28 27 -29 -30 -31
leaf_value=-0.002867742526542092 -0.010219057873168061 0.00037387066348204361 -0.0052887263752871153 -0.0065309660900464729 9.2128825040749542e-05 -0.0041077271090512128 -0.0022258864921303563 0.0019741916032979322 -0.0065129519922620263 0.013195747776076771 0.00049219570074982694 0.00044869963105187763 -0.0095551327958455952 0.00084446763364881094 -6.700268387945241e-05 -0.0035101424028598205 -0.00057821438554814437 0.0055006547697036079 -0.0044995786941361103 -6.0895111138937414e-05 0.00093226284782821551 0.0025528336324062012 0.00025162162972889104 -0.0011483815823311208 -0.00090222688055082258 0.0005463367213923788 0.0031180104611318806 0.002806968921777613 -0.00072521332792411803 -0.017783125824908465
leaf_weight=984 32 37 24 87 191 26 22 24 30 23 20 30 161 24 3274 141 28 29 694 3160 33 40 291 42 23 25 23 27 54 61
leaf_count=984 32 37 24 87 191 26 22 24 30 23 20 30 161 24 3274 141 28 29 694 3160 33 40 291 42 23 25 23 27 54 61
internal_value=-0.00072878 -0.00306366 -0.000452832 -0.00247732 -0.000483223 -0.000326613 0.00421374 0.0128696 -0.00047059 0.00363636 0.00147867 -0.000400952 -0.00532058 0.000333331 -0.00043257 -0.00335714 0.00260241 0.00743859 -0.000348008 -0.000900884 0.00019933 0.00386813 0.00261728 -0.000179089 0.00395876 0.00726316 0.0139178 0.0208 0.00111392 -0.000419792
internal_weight=9660 1021 8639 507 298 8132 131 46 85 55 211 8001 209 48 7971 224 83 57 7747 3854 3893 364 324 3529 194 152 73 50 79 3335
internal_count=9660 1021 8639 507 298 8132 131 46 85 55 211 8001 209 48 7971 224 83 57 7747 3854 3893 364 324 3529 194 152 73 50 79 3335
is_linear=0
shrinkage=0.08


Tree=125
num_leaves=31
num_cat=0
split_feature=2 21 33 13 15 27 1 8 29 5 4 6 39 27 8 33 29 29 8 8 8 19 5 17 17 4 7 33 8 1
split_gain=1.08635 0.501577 0.809409 0.430119 0.358183 0.499696 0.548723 0.740192 0.465015 0.464953 0.335028 1.05604 0.544465 1.41723 0.902669 0.607293 0.395522 0.512295 0.335992 0.513895 0.931854 0.78972 0.65394 0.502963 0.73971 0.805699 0.729618 0.765882 0.723678 0.834333
threshold=5.5000000000000009 13.818850000000003 0.11284999999999991 13.950650000000001 14.09895 14.153300000000002 2.5000000000000004 1.5457098130203328 13.950650000000001 14.103580000000003 1.5000000000000002 0.18223575076661538 88.991842909234137 16.775850000000002 0.24266856732989675 0.24140000000000142 15.593050000000002 15.390450000000003 1.4421042757918003 0.73712317044747688 0.67300804801402048 15.736050000000002 17.366530000000008 18.120150000000006 17.993150000000004 30.500000000000004 15.95080416666667 -0.2954999999999996 2.7120227097824601 10.500000000000002
decision_type=2 2 2 2 2 2 2 2 2 2 2 2 2 2 2 2 2 2 2 2 2 2 2 2 2 2 2 2 2 2
left_child=1 2 -1 -3 5 6 7 -2 -8 -7 11 -5 16 -14 -15 -16 17 -13 19 20 -12 -22 -23 24 25 26 27 -20 29 -27
right_child=4 3 -4 10 -6 9 8 -9 -10 -11 18 12 13 14 15 -17 -18 -19 23 -21 21 22 -24 -25 -26 28 -28 -29 -30 -31
leaf_value=0.00016705158022090771 0.068907593123034697 -0.0072605405766827556 0.0018345742015426214 0.0036442991957037528 -0.0032415921399731422 0.0012663288022068196 0.00079868223615517711 -0.00071764490163765497 -0.00046189216124859855 -0.00654760958624409 -0.00011663143745150964 -0.00023380151708399561 0.01024709701737331 -0.0042484240073082857 0.0033597297113649605 -0.0020910384965142671 -0.0067939511579241732 0.0028381530409127393 -0.0051705964669833309 -0.0016417696169464552 0.0033076798921339141 -0.0014925445035753441 0.0019992681154404886 -0.0021082308927815991 0.00078929823772920266 0.00087104962973793101 -0.0025106552001351702 0.0011462378252532904 0.011663171679265861 0.00025911859520809854
leaf_weight=39 20 68 20 20 525 23 29 23 234 176 6321 61 28 46 27 25 53 20 31 877 31 47 22 82 24 74 280 119 26 289
leaf_count=39 20 68 20 20 525 23 29 23 234 176 6321 61 28 46 27 25 53 20 31 877 31 47 22 82 24 74 280 119 26 289
internal_value=-0.00072878 -0.000435691 0.00691525 -0.000486293 -0.00318447 -0.00166337 0.000366011 0.00874418 -0.0010038 -0.00478392 -0.000435613 0.00228571 0.000923075 0.00469841 0.000163263 0.00738461 -0.00262687 0.000888887 -0.000528276 -0.000710334 -0.000462235 0.0072 0.00243478 0.000908106 0.00148992 0.00108425 -0.00130233 0.0032 0.00372236 0.0027989
internal_weight=9660 8630 59 8571 1030 505 306 43 263 199 8503 280 260 126 98 52 134 81 8223 7298 6421 100 69 925 843 819 430 150 389 363
internal_count=9660 8630 59 8571 1030 505 306 43 263 199 8503 280 260 126 98 52 134 81 8223 7298 6421 100 69 925 843 819 430 150 389 363
is_linear=0
shrinkage=0.08


Tree=126
num_leaves=31
num_cat=0
split_feature=31 27 7 4 4 13 4 25 39 7 7 21 6 4 4 15 8 5 8 8 25 39 15 29 17 31 39 27 5 39
split_gain=0.787189 0.647153 0.550591 0.471204 2.30939 0.458009 0.442285 0.534982 0.720588 0.534182 1.09247 0.426302 0.409482 0.689362 1.46822 0.691873 0.599719 1.02008 0.342719 0.621684 0.693569 0.79926 0.447162 0.600937 0.426372 0.9 0.381877 0.644854 0.800135 0.661269
threshold=14.395400000000002 17.008900000000004 14.120073333333336 15.500000000000002 14.500000000000002 17.005200000000006 8.5000000000000018 14.046700000000003 76.666394362879871 14.211713690476193 14.131361666666669 14.043850000000001 0.18040453244949903 44.500000000000007 47.500000000000007 14.481250000000001 0.18781611751209631 14.121176666666669 0.34064491142499004 0.33255441448800133 14.784150000000002 83.16612244064099 14.043850000000001 14.043850000000001 18.517300000000002 17.993150000000004 79.084284507426403 14.543600000000001 15.731303333333335 80.209624359925925
decision_type=2 2 2 2 2 2 2 2 2 2 2 2 2 2 2 2 2 2 2 2 2 2 2 2 2 2 2 2 2 2
left_child=1 3 -2 4 6 -3 7 -1 -9 10 -10 -5 -13 16 -15 -16 17 -14 19 22 -21 -22 -4 -24 -25 -26 -20 28 29 -28
right_child=2 5 18 11 -6 -7 -8 8 9 -11 -12 12 13 14 15 -17 -18 -19 26 20 21 -23 23 24 25 -27 27 -29 -30 -31
leaf_value=-0.0085395512181356409 0.0010920674401254807 -0.00032286543750732126 -0.0037228944652018419 -0.0054023083289134865 0.0041075065471093564 0.0013144208517896639 -0.0056285309303569942 -0.0015693140068709936 0.011007956815195959 -0.0002671774608974553 0.027911729029957675 -0.0038941460280365382 0.1449886472250744 0.0017978094535335087 -0.0026304327202671574 0.011195324414415137 -0.0032464444558553246 -0.004844890964108825 -0.0033714455554029817 0.0007828358444500566 -0.00060035620470316037 0.020067436878423016 0.00090022226924807338 -5.1976684292756938e-05 0.0046160277063082254 -0.0013555948887083852 -2.1668486859142956e-05 -0.00033927100436313739 -0.0030613477281506867 0.011015505770652592
leaf_weight=51 37 22 47 290 22 20 148 64 23 29 20 166 28 25 86 32 249 57 177 20 24 23 35 5530 20 20 27 2300 30 38
leaf_count=51 37 22 47 290 22 20 148 64 23 29 20 166 28 25 86 32 249 57 177 20 24 23 35 5530 20 20 27 2300 30 38
internal_value=-0.00072878 -0.00253454 -0.000439963 -0.00285272 -0.000380954 0.00723809 -0.00202985 0.000556148 0.00317647 0.00866666 0.0143256 -0.0037985 -0.00265008 -0.00145912 0.00318881 -0.000542375 -0.0034491 0.00235294 -0.000483418 -0.000138488 0.00752239 0.00221276 -0.000229301 -0.000164141 -0.000229804 0.008 -0.00125039 -0.000985388 0.00547368 0.0104615
internal_weight=9660 1332 8328 1290 357 42 335 187 136 72 43 933 643 477 143 118 334 85 8291 5719 67 47 5652 5605 5570 40 2572 2395 95 65
internal_count=9660 1332 8328 1290 357 42 335 187 136 72 43 933 643 477 143 118 334 85 8291 5719 67 47 5652 5605 5570 40 2572 2395 95 65
is_linear=0
shrinkage=0.08


Tree=127
num_leaves=31
num_cat=0
split_feature=21 23 6 1 13 5 33 29 13 39 27 8 2 2 6 27 6 8 25 1 17 1 23 27 5 27 29 21 25 29
split_gain=0.76981 0.900873 0.70586 0.477171 0.721822 0.686211 0.440018 0.434901 0.542949 0.353078 0.451024 0.611863 0.921812 0.444041 0.400758 0.445408 1.17788 0.548847 0.433498 0.923752 0.442722 0.64014 0.598081 0.419163 0.776642 0.761906 1.09447 0.595251 0.629636 0.641057
threshold=14.197750000000001 13.851850000000002 0.14352761051568508 2.5000000000000004 14.18125 14.190023333333334 -0.16884999999999992 14.543600000000001 14.197750000000001 98.353452428746863 19.437050000000003 1.7064975938968319 2.5000000000000004 2.5000000000000004 1.857673035320681 13.950650000000001 0.18865302694445368 0.19775194289623474 13.950650000000001 3.5000000000000004 14.4777 22.500000000000004 13.884750000000002 14.647350000000001 14.887590000000003 14.642450000000002 14.576500000000001 14.800550000000003 14.784150000000002 14.883000000000001
decision_type=2 2 2 2 2 2 2 2 2 2 2 2 2 2 2 2 2 2 2 2 2 2 2 2 2 2 2 2 2 2
left_child=1 6 -3 4 -4 -6 -1 -5 -9 10 14 12 -12 -11 15 16 -2 -18 19 -17 21 22 -20 24 25 -22 -27 -25 29 -29
right_child=9 2 3 7 5 -7 -8 8 -10 13 11 -13 -14 -15 -16 18 17 -19 20 -21 23 -23 -24 27 -26 26 -28 28 -30 -31
leaf_value=0.0011581086979260218 0.0009519101396223299 0.0021503104557866323 -0.0032945492259899914 -0.0047313473625167947 0.00439252832426551 -0.0014839421991805083 9.2973553187377517e-05 0.0067095781189836327 -0.00023341797336715874 -0.020632050976374515 -0.0034336288434749225 -0.0019689766294727195 0.0094630778813750791 -0.00020942644011859806 -0.0019476037282724324 0.013166127146240918 0.0012418940680205409 -0.0019426840514428086 0.00016216718803844585 -6.7272624626679958e-05 4.6664748449975972e-05 0.011073425259663873 -0.0011274753323452164 -0.001474042840194619 0.00032573751248783021 0.0034986270471932417 -0.0026843094131279977 0.0020986004542554236 -5.389156505936684e-05 -3.9655834635555628e-05
leaf_weight=24 26 21 109 635 37 38 28 26 30 76 23 24 28 565 263 24 23 41 23 52 438 21 478 399 23 27 25 40 6059 34
leaf_count=24 26 21 109 635 37 38 28 26 30 76 23 24 28 565 263 24 23 41 23 52 438 21 478 399 23 27 25 40 6059 34
internal_value=-0.000687373 -0.00285232 -0.00344643 -0.00379429 -0.000173915 0.00586666 0.00738461 -0.00475832 0.002 -0.000451793 -0.000308266 0.00586666 0.0108235 -0.00225897 -0.000366185 -0.000261737 0.00533333 -0.000500002 -0.000327622 0.00568421 -0.000388002 -0.00263602 -0.00320958 -0.000221436 0.0019805 0.00130612 0.0104615 -0.000394368 -0.000199578 0.00713513
internal_weight=9660 948 896 875 184 75 52 691 56 8712 8071 75 51 641 7996 7733 90 64 7643 76 7567 522 501 7045 513 490 52 6532 6133 74
internal_count=9660 948 896 875 184 75 52 691 56 8712 8071 75 51 641 7996 7733 90 64 7643 76 7567 522 501 7045 513 490 52 6532 6133 74
is_linear=0
shrinkage=0.08


Tree=128
num_leaves=31
num_cat=0
split_feature=19 21 6 23 21 13 7 31 8 21 17 27 1 1 7 13 21 13 5 27 6 13 21 7 19 27 21 8 33 6
split_gain=0.728366 0.644407 0.596382 0.484773 0.468073 0.405823 0.390844 0.59815 1.10999 0.572727 0.458935 0.386316 0.347372 0.507949 1.4031 0.485431 0.644128 0.318397 0.377192 0.619084 0.465549 0.784584 0.623445 0.478753 0.857448 0.857143 0.410979 0.569456 0.76914 0.439547
threshold=14.411800000000001 13.884750000000002 0.14352761051568508 18.731750000000002 14.016500000000002 14.197750000000001 14.629435000000003 14.510650000000002 0.19445415536182017 14.444800000000003 13.917650000000002 19.979150000000001 14.500000000000002 10.500000000000002 14.128334166666669 14.131850000000002 14.197750000000001 14.148300000000001 14.610823333333336 14.901200000000001 0.19520982906432963 14.576500000000001 14.344400000000002 14.619045833333336 14.576500000000001 14.543600000000001 14.800550000000003 0.18295128105542358 -0.06609999999999959 0.18538231707904668
decision_type=2 2 2 2 2 2 2 2 2 2 2 2 2 2 2 2 2 2 2 2 2 2 2 2 2 2 2 2 2 2
left_child=2 5 -1 11 -4 -2 7 12 -9 -10 -8 17 13 -6 -15 16 -16 -3 19 20 23 22 -22 -19 -25 -26 27 28 29 -20
right_child=1 3 4 -5 6 -7 10 8 9 -11 -12 -13 -14 14 15 -17 -18 18 26 -21 21 -23 -24 24 25 -27 -28 -29 -30 -31
leaf_value=0.0029503163822293278 0.0095814013116626365 -0.0052083754759094337 -0.0043941449833331623 -0.0025820979015673167 -0.0010844816633128959 0.00058340723503584211 0.014767746639643205 0.003835834489778265 0.019692199797618729 -0.0015595823034875098 -0.0033375265123736491 0.0053185108256608837 -0.0038963203200858476 0.24095325844412327 0.0037455565740852053 -0.010665225792505631 -0.0014209252658647969 -0.0017383420428049782 0.0061472690134602359 0.0012287958036762737 0.0015557109485828885 0.0072426454234605564 -0.0020993233423079673 -0.0020416094733308743 -0.00042771828700061707 0.0022297526278020861 -4.3092380029416661e-05 -0.0013631454036822119 -0.0017040189646674265 0.00062938523881331699
leaf_weight=28 23 145 343 155 493 31 25 32 22 55 148 35 115 21 21 34 23 89 20 20 32 39 50 36 21 21 6960 532 70 21
leaf_count=28 23 145 343 155 493 31 25 32 22 55 148 35 115 21 21 34 23 89 20 20 32 39 50 36 21 21 6960 532 70 21
internal_value=-0.000695654 -0.00041446 -0.00241177 -0.000471503 -0.00265466 0.00829629 -0.00177149 -0.00103922 0.00447706 -0.000727275 -0.00522544 -0.000386604 -0.00188968 -0.00110811 0.00412121 -0.000820515 0.00472727 -0.000423041 -0.000354951 0.00238961 0.00144444 0.00522314 0.000780486 -0.00129342 0.00328205 0.0110476 -0.000466134 -0.00240125 0.00281081 0.0115122
internal_weight=9660 8300 1360 8246 1332 54 989 816 109 77 173 8091 707 592 99 78 44 8056 7911 308 288 121 82 167 78 42 7603 643 111 41
internal_count=9660 8300 1360 8246 1332 54 989 816 109 77 173 8091 707 592 99 78 44 8056 7911 308 288 121 82 167 78 42 7603 643 111 41
is_linear=0
shrinkage=0.08


Tree=129
num_leaves=31
num_cat=0
split_feature=29 1 7 6 4 6 21 27 15 8 25 13 4 4 27 1 15 33 4 1 39 6 27 1 1 21 39 25 5 8
split_gain=0.738549 0.797941 1.05605 0.910455 0.790775 0.761249 0.471589 0.667884 0.825916 0.549552 0.588622 0.491131 0.393938 7.60408 2.17354 1.06948 1.38778 0.606813 0.62715 0.901609 0.697473 0.614508 0.574109 0.563725 0.796246 0.690831 0.597895 0.670536 1.0672 0.561569
threshold=14.4777 2.5000000000000004 14.202604166666667 0.23031112689785319 9.5000000000000018 0.19002047884257497 14.197750000000001 13.950650000000001 14.131850000000002 0.17780950685676508 14.09895 14.197750000000001 44.500000000000007 45.500000000000007 14.968750000000002 14.500000000000002 16.824400000000001 -0.072999999999999496 52.500000000000007 1.5000000000000002 97.638118011755765 0.24701791785671998 17.079750000000004 12.500000000000002 4.5000000000000009 12.978900000000001 82.728928315775278 15.284800000000002 15.319050000000002 0.21018042554720365
decision_type=2 2 2 2 2 2 2 2 2 2 2 2 2 2 2 2 2 2 2 2 2 2 2 2 2 2 2 2 2 2
left_child=1 2 3 5 -4 -1 9 8 11 10 -3 -8 23 14 -14 16 -16 18 20 -20 22 -19 -15 24 26 -25 -2 28 -28 -26
right_child=12 6 4 -5 -6 -7 7 -9 -10 -11 -12 -13 13 17 15 -17 -18 21 19 -21 -22 -23 -24 25 29 -27 27 -29 -30 -31
leaf_value=0.00036886420230078934 -0.0078312625968066096 -0.004527963743448089 0.015635538139418748 -0.0081208733605474641 -0.0021360453015298233 0.012782678589026793 0.0001820396911147239 -0.00068617737378486032 -0.001325189441085328 -0.0049938179976691472 0.00271429029914921 0.014820129854816738 0.0076463418105533277 -0.00049457570036129026 0.001993977573474328 0.0009500093175988703 0.0032632430074868465 -0.0010388690437279802 0.1272715318880886 0.00038168901809450587 0.0028104309540774638 0.00019143274110604503 -0.0040459438730245266 0.00078962353938703464 0.00059090044739647522 -0.0004265557439189037 -0.00093189762278141422 -0.00097762588579905171 0.001702594827251261 5.7417570379331063e-05
leaf_weight=28 248 34 25 24 147 39 32 531 31 586 38 23 30 308 47 43 27 758 29 347 24 323 82 24 437 2801 52 882 41 1619
leaf_count=28 248 34 25 24 147 39 32 531 31 586 38 23 30 308 47 43 27 758 29 347 24 323 82 24 437 2801 52 882 41 1619
internal_value=-0.000670809 -0.00227829 0.00173384 0.00870329 -0.00195349 0.0134925 -0.00310588 -0.00151702 0.00502325 -0.00459575 0.002 0.0109091 -0.000366414 0.000602575 0.0181224 0.0131966 0.019027 -0.00077392 0.00091139 0.00327659 -0.00123672 -0.00200555 -0.00205128 -0.000686765 2.68355e-05 -0.00151505 -0.00158954 -0.000697438 0.00576344 0.000988325
internal_weight=9660 1538 263 91 172 67 1275 617 86 658 72 55 8122 2018 147 117 74 1871 790 376 414 1081 390 6104 3279 2825 1223 975 93 2056
internal_count=9660 1538 263 91 172 67 1275 617 86 658 72 55 8122 2018 147 117 74 1871 790 376 414 1081 390 6104 3279 2825 1223 975 93 2056
is_linear=0
shrinkage=0.08


Tree=130
num_leaves=31
num_cat=0
split_feature=29 27 4 5 5 6 6 5 39 8 6 1 1 4 8 1 4 8 6 4 1 1 33 33 6 27 15 21 4 2
split_gain=1.21021 0.65795 0.55234 0.559898 0.477454 0.471671 0.62889 0.576929 0.722349 0.912698 0.4 0.379085 0.379027 0.694196 0.65235 1.79428 6.11405 3.00888 1.4269 0.852952 0.906077 1.3848 0.808093 1.92203 1.02311 0.886154 1.42939 0.72803 0.63658 1.07156
threshold=14.378900000000002 19.011950000000002 4.5000000000000009 14.184003333333335 14.129996666666669 0.19483767174598932 0.19348796689615422 14.10133666666667 78.379009905497512 0.19162589776512315 0.17927676352843239 22.500000000000004 11.500000000000002 5.5000000000000009 0.73712317044747688 10.500000000000002 19.500000000000004 0.22396759424965015 0.19040201162742235 9.5000000000000018 1.5000000000000002 6.5000000000000009 -0.034500000000000412 0.073799999999998547 0.25110968745351248 15.390450000000003 16.305350000000004 17.325350000000004 6.5000000000000009 1.5000000000000002
decision_type=2 2 2 2 2 2 2 2 2 2 2 2 2 2 2 2 2 2 2 2 2 2 2 2 2 2 2 2 2 2
left_child=1 2 3 4 -1 6 7 -4 -9 -10 -11 -7 14 -14 15 19 -17 18 -18 20 -2 22 24 -24 -22 -25 -27 -28 29 -15
right_child=12 -3 5 -5 -6 11 -8 8 9 10 -12 -13 13 28 -16 16 17 -19 -20 -21 21 -23 23 25 -26 26 27 -29 -30 -31
leaf_value=0.0056013318568030272 -0.019530080510342079 0.00044198766505362314 0.00313531832316883 0.011233654089019796 -0.005366774489453394 -0.0019886076661713319 0.0092359476336941713 -0.0030341574435970142 -0.0024195797416424404 0.0014697264710963505 0.00080976593819291674 0.0053575822715466181 -0.00087327084894741822 -0.0044485651425261574 -0.00049434323590127297 -0.0025742643372794576 0.17366100098325427 0.07277068838877386 0.34101716840629309 -9.9191840452043483e-05 -0.0006868604687844832 6.4816057930079317e-06 0.018299386422744271 -0.0033292996450867934 0.024008133116328639 0.018262053938979523 -0.013079179373932793 0.014347487581435931 -0.00015770260037650878 0.0016769782683314803
leaf_weight=29 53 21 37 34 36 621 20 392 23 20 20 26 432 21 1062 102 23 21 20 2439 58 230 28 25 26 21 24 20 3728 48
leaf_count=29 53 21 37 34 36 621 20 392 23 20 20 26 432 21 1062 102 23 21 20 2439 58 230 28 25 26 21 24 20 3728 48
internal_value=-0.000703936 -0.00299609 -0.00323053 0.00250505 -0.00184616 -0.00372045 -0.00190625 -0.00247155 -0.00325275 0.00469841 0.012 -0.00515611 -0.000354136 -0.000887209 0.000188823 0.000776697 0.00886747 0.02825 0.0403721 0.000317372 0.00338144 0.00459259 0.00942574 0.0136949 0.00342857 0.008 0.0129231 0.00472727 -0.000541482 0.00707246
internal_weight=9660 1279 1258 99 65 1159 512 492 455 63 40 647 8381 4229 4152 3090 166 64 43 2924 485 432 202 118 84 90 65 44 3797 69
internal_count=9660 1279 1258 99 65 1159 512 492 455 63 40 647 8381 4229 4152 3090 166 64 43 2924 485 432 202 118 84 90 65 44 3797 69
is_linear=0
shrinkage=0.08


Tree=131
num_leaves=31
num_cat=0
split_feature=39 27 23 25 4 4 13 7 29 7 1 8 8 17 1 1 4 7 15 8 21 33 6 13 7 23 29 8 23 27
split_gain=1.14613 0.662745 0.780447 0.631431 0.480363 3.36797 0.886172 0.769857 2.13342 1.2 0.578591 0.598639 0.571035 0.736466 0.664166 2.14873 1.1403 0.644389 0.600702 0.823584 1.10816 0.822659 0.96188 0.877417 0.665554 1.06612 0.832363 0.65391 1.18525 2.59174
threshold=78.367590655967447 14.043850000000001 13.851850000000002 14.18125 14.500000000000002 15.500000000000002 14.851500000000001 15.714060833333333 17.230950000000004 17.079097500000003 22.500000000000004 0.19903913482227262 0.63810059983439527 16.180450000000004 1.5000000000000002 2.5000000000000004 3.5000000000000004 15.667507500000001 16.852650000000001 0.23540509187572478 17.008900000000004 -0.075950000000000614 0.18908854602035305 15.444000000000001 17.058542500000005 17.403550000000006 17.273000000000003 0.20886375679608246 15.550500000000001 15.490150000000002
decision_type=2 2 2 2 2 2 2 2 2 2 2 2 2 2 2 2 2 2 2 2 2 2 2 2 2 2 2 2 2 2
left_child=1 -1 3 -3 10 6 -6 -8 -9 -10 11 -2 14 -14 -13 16 -16 -15 19 27 21 -21 -23 -24 -20 26 -26 28 -17 -30
right_child=4 2 -4 -5 5 -7 7 8 9 -11 -12 12 13 17 15 18 -18 -19 24 20 -22 22 23 -25 25 -27 -28 -29 29 -31
leaf_value=-0.0026117963551800282 -0.001407532663937101 -0.0014787134234503557 -0.0015454549337015656 0.0024410222977027723 0.0065560338496006773 -5.208958308736412e-05 1.7068115400891703e-05 0.0097231955053740035 -0.00052882119439231481 0.0083734971267486503 -0.0061892992638756762 -0.012143642016541244 -0.0052124820546592269 0.0012071532354528019 0.12209415695563275 -0.001537470231434441 0.01136944499878156 -0.00049717631892669668 -0.0025528274425258052 -0.0013972539189055016 0.0047553377986498573 0.0091050390818932479 -0.0002086769189917729 0.0067489728070277907 0.00076803946622514831 -0.00086538398344874589 0.0334424963864592 -0.0010710607682775691 0.0055149797565285886 -0.00015714905449217855
leaf_weight=340 278 22 977 21 20 6087 38 25 30 24 81 76 174 30 23 92 24 232 240 85 28 20 53 36 51 230 25 240 20 38
leaf_count=340 278 22 977 21 20 6087 38 25 30 24 81 76 174 30 23 92 24 232 240 85 28 20 53 36 51 230 25 240 20 38
internal_value=-0.000670809 -0.00282353 -0.00180392 0.00874418 -0.000318074 3.34171e-05 0.012438 0.00977778 0.0142785 0.00533333 -0.00137187 -0.00110276 -0.000545139 -0.00304587 0.000306009 0.000763484 0.0175319 -0.000366414 8.28996e-05 0.00180392 0.00569369 0.00354639 0.00814679 0.00458427 -0.00184616 0.000627449 0.0088421 -0.000410258 0.00373333 0.0126897
internal_weight=9660 1360 1020 43 8300 6224 137 117 79 54 2076 1995 1717 436 1281 1205 47 262 1158 612 222 194 109 89 546 306 76 390 150 58
internal_count=9660 1360 1020 43 8300 6224 137 117 79 54 2076 1995 1717 436 1281 1205 47 262 1158 612 222 194 109 89 546 306 76 390 150 58
is_linear=0
shrinkage=0.08


Tree=132
num_leaves=31
num_cat=0
split_feature=17 6 21 19 4 33 33 4 6 1 15 27 39 27 7 39 21 39 17 19 15 2 27 25 4 23 17 21 29 29
split_gain=1.06951 0.798614 0.715172 0.708878 0.511848 0.985128 0.515945 0.522585 1.17426 0.535522 0.479092 0.848367 1.05594 0.668354 0.981818 0.565798 0.485915 0.700879 0.36016 0.630811 0.580541 0.504534 0.963385 1.14738 1.11008 0.894287 0.747142 0.56969 0.60154 0.768107
threshold=14.4777 0.14352761051568508 12.978900000000001 14.378900000000002 5.5000000000000009 0.8744500000000005 0.72450000000000092 6.5000000000000009 0.20362857550453636 17.500000000000004 14.543600000000001 14.576500000000001 79.084284507426403 14.411800000000001 14.626709166666668 78.547036005725758 15.000850000000002 79.111473196783734 17.363700000000005 18.356750000000002 17.307350000000003 2.5000000000000004 17.423700000000004 17.172400000000007 27.500000000000004 16.938100000000002 17.532950000000003 17.911800000000003 17.783000000000005 17.887500000000003
decision_type=2 2 2 2 2 2 2 2 2 2 2 2 2 2 2 2 2 2 2 2 2 2 2 2 2 2 2 2 2 2
left_child=1 -1 -2 -4 5 -5 7 8 -6 -10 11 12 -9 -14 -15 -13 17 -17 20 21 -12 -20 23 24 -23 -26 -25 -24 -29 -30
right_child=2 -3 3 4 6 -7 -8 10 9 -11 18 15 13 14 -16 16 -18 -19 19 -21 -22 22 27 26 25 -27 -28 28 29 -31
leaf_value=0.0016722620623717244 0.00064604976152082686 -0.00099478832703031117 -0.0027074932352239263 -0.00052632387515857168 0.0037653242842129765 0.087034708979047082 -0.0018454272864521187 0.0037926912939063211 -0.0010583024878969946 0.00052402173751708424 -6.4523975094591597e-05 -0.0055917609489067278 -0.0037722795016728833 0.0017629879026921391 -0.00085977755888486801 0.00097508338982752428 0.0026649971988051018 -0.0013731537046363874 -0.0012636030795639555 -0.001218230291375624 -0.0016569642233427943 0.0012770721532578491 -0.00052485272291703507 -0.00080409006928789848 0.0025128480147972592 0.0097524882046027845 0.0006188468091524364 0.0019425801889062456 -0.00059584244180592601 0.00052498223065482489
leaf_weight=31 39 1508 181 756 34 21 242 38 58 21 4700 46 24 22 33 38 23 71 117 265 362 33 315 48 23 20 23 29 121 418
leaf_count=31 39 1508 181 756 34 21 242 38 58 21 4700 46 24 22 33 38 23 71 117 265 362 33 315 48 23 20 23 29 121 418
internal_value=-0.000712217 -0.00264588 -0.000345772 -0.000397923 -0.000284523 -0.00223424 -7.18716e-05 5.57958e-05 0.00545133 0.000101264 -3.42758e-05 0.00311864 0.00841025 0.00313924 0.008 -0.000359552 0.00230303 7.33926e-05 -0.000177944 0.000951839 -0.000493088 0.0017646 0.0023301 0.00832653 0.0151579 0.0236279 0.00101408 0.00133182 0.00284507 0.00224119
internal_weight=9660 1539 8121 8082 7901 777 7124 6882 113 79 6769 295 117 79 55 178 132 109 6474 1412 5062 1147 1030 147 76 43 71 883 568 539
internal_count=9660 1539 8121 8082 7901 777 7124 6882 113 79 6769 295 117 79 55 178 132 109 6474 1412 5062 1147 1030 147 76 43 71 883 568 539
is_linear=0
shrinkage=0.08


Tree=133
num_leaves=31
num_cat=0
split_feature=39 4 4 1 6 1 39 5 31 27 19 17 27 23 8 6 1 25 8 39 33 1 7 1 1 27 39 27 33 33
split_gain=0.810034 0.62106 2.27029 0.923617 0.596206 0.69102 0.625907 0.604218 0.907355 0.564706 0.510472 0.692063 0.559201 0.525723 0.631881 0.660754 0.505464 0.597256 0.833082 0.492424 0.489879 0.786681 0.578704 0.463393 0.451788 0.505764 0.694212 0.708722 0.448604 0.575998
threshold=78.367590655967447 14.500000000000002 15.500000000000002 19.500000000000004 0.28780375698079025 3.5000000000000004 100.69222348726362 15.050816666666668 14.716850000000003 14.043850000000001 15.736050000000002 17.008900000000004 14.260600000000002 13.884750000000002 0.17855953710801839 0.17992544416531267 10.500000000000002 17.911800000000003 0.78757042244178999 96.010874953720105 0.13130000000000044 13.500000000000002 16.842852500000003 22.500000000000004 7.5000000000000009 14.046700000000003 76.03915129940647 14.18125 -0.032849999999999817 -0.34154999999999974
decision_type=2 2 2 2 2 2 2 2 2 2 2 2 2 2 2 2 2 2 2 2 2 2 2 2 2 2 2 2 2 2
left_child=9 28 3 20 6 -6 -4 8 -7 -1 12 -12 13 -11 15 -15 17 18 19 -9 21 22 -3 -14 25 -16 -27 -28 29 -2
right_child=1 2 4 -5 5 7 -8 16 -10 10 11 -13 23 14 24 -17 -18 -19 -20 -21 -22 -23 -24 -25 -26 26 27 -29 -30 -31
leaf_value=-0.0023232695806031062 -0.00011057313098130344 0.0088896300241041691 -1.5155885016601224e-07 -0.00031314267991130313 -0.0086171100549422858 -0.00044664782835212804 0.00017486952502079891 -0.00020775593699584024 0.0006064426346359754 0.0016381062294754107 0.02991909426739538 -0.008066169651952268 -0.0025503350944440424 -0.00014001264884466161 0.0010687545420894739 0.070646665415129178 -0.0024099284571353738 -0.0011118746666238348 0.0031963543623249329 0.011913492866207678 0.0022247751235926409 0.0052735967794560728 0.0018514007489518224 0.017611117021590142 -0.0030598330573013799 0.0044022458348679282 -0.0029513737426224919 0.0021859197388848306 -8.9247896276332619e-05 -0.0021567976937338128
leaf_weight=340 345 30 4897 23 210 41 28 156 34 25 23 20 471 25 31 26 610 38 53 20 36 24 24 20 176 38 115 50 1124 607
leaf_count=340 345 30 4897 23 210 41 28 156 34 25 23 20 471 25 31 26 610 38 53 20 36 24 24 20 176 38 115 50 1124 607
internal_value=-0.00077847 -0.00048193 -8.22641e-05 0.0101022 -0.000311485 -0.00194148 7.30945e-05 -0.00102521 0.00586666 -0.00258824 -0.00164706 0.00688372 -0.00202252 -9.87673e-05 -0.000711499 0.00768627 -0.0016146 0.00128839 0.00282969 0.000181816 0.0130526 0.0166154 0.0112593 -0.00392668 -0.0017561 0.000547007 -0.000906406 -0.00315152 -0.00168016 -0.00295799
internal_weight=9660 8300 6224 137 6087 1162 4925 952 75 1360 1020 43 977 486 461 51 877 267 229 176 114 78 54 491 410 234 203 165 2076 952
internal_count=9660 8300 6224 137 6087 1162 4925 952 75 1360 1020 43 977 486 461 51 877 267 229 176 114 78 54 491 410 234 203 165 2076 952
is_linear=0
shrinkage=0.08


Tree=134
num_leaves=31
num_cat=0
split_feature=39 6 4 4 33 6 33 1 1 33 7 6 33 33 7 8 1 33 6 6 27 8 21 17 17 39 4 7 4 21
split_gain=1.05205 0.557823 0.504584 1.93106 1.52918 1.14642 1.14077 0.717594 0.708739 0.856254 0.673792 0.631238 0.472618 0.544773 0.496859 0.489342 0.566281 1.34283 0.465332 0.913199 0.656824 0.563129 0.750649 0.501147 0.474469 0.462859 0.445751 0.445402 0.438406 0.421169
threshold=78.367590655967447 0.76320403382708191 14.500000000000002 16.500000000000004 0.11069999999999959 0.59930516951358925 -0.068999999999999936 15.500000000000002 22.500000000000004 0.333149999999999 15.372887500000003 0.21719654254977197 -0.032849999999999817 -0.34154999999999974 18.115520000000004 0.63810059983439527 7.5000000000000009 0.073799999999998547 2.983717609755606 3.2096536544786503 19.437050000000003 1.9365192813644305 16.700900000000004 17.656400000000001 17.343850000000003 78.928221430515393 21.500000000000004 18.354005833333336 6.5000000000000009 16.639900000000001
decision_type=2 2 2 2 2 2 2 2 2 2 2 2 2 2 2 2 2 2 2 2 2 2 2 2 2 2 2 2 2 2
left_child=-1 2 5 4 6 12 -4 10 -5 26 -6 -12 13 -2 15 16 17 28 20 -20 21 29 -23 -22 -21 -18 -10 -25 -14 -3
right_child=1 18 3 8 7 -7 -8 -9 9 -11 11 -13 14 -15 -16 -17 25 -19 19 24 23 22 -24 27 -26 -27 -28 -29 -30 -31
leaf_value=-0.0012895338308218723 -6.1331001814130768e-05 -0.004790593238671613 0.0026669545454112574 -6.3728826335593007e-05 0.0022913759704139597 0.0014110922803725681 0.0081662848707392561 -0.0021818736153411673 -0.008428228199008474 0.073241894277285766 -0.00079861595816075031 0.001529071564444802 0.014364986218623588 -0.0020123787308433615 0.00069182495417608055 -0.0020697110583777229 0.00042966486708642584 -0.00011503440360733204 0.01745493228869922 -0.0019432954881524603 0.0063412101197161458 0.0014124240640111822 -0.0015248516996619016 -0.0077820634251665822 0.0011773576439295973 -0.00019849149663133582 0.0052171781087667988 0.00071820698883402398 0.0023977876330113419 -0.00069780365671907462
leaf_weight=1360 287 273 48 5171 39 34 41 55 20 23 37 38 23 567 20 154 22 175 28 63 34 20 35 31 26 603 71 29 25 308
leaf_count=1360 287 273 48 5171 39 34 41 55 20 23 37 38 23 567 20 154 22 175 28 63 34 20 35 31 26 603 71 29 25 308
internal_value=-0.000819878 -0.00048193 -0.000260836 0.000125562 0.00688372 -0.0013822 0.0153708 0.0024142 -0.000204354 0.00603509 0.00603509 0.0016 -0.00164606 -0.00303513 -0.000485325 -0.000734533 1.8866e-05 0.00347982 -0.00242739 0.00225641 -0.00317808 -0.00410063 0.00363636 0.00306383 -0.00170787 -0.001216 0.00254945 -0.00133334 0.0153333 -0.00483305
internal_weight=9660 8300 7453 5543 258 1910 89 169 5285 114 114 75 1876 854 1022 1002 848 223 847 117 730 636 55 94 89 625 91 60 48 581
internal_count=9660 8300 7453 5543 258 1910 89 169 5285 114 114 75 1876 854 1022 1002 848 223 847 117 730 636 55 94 89 625 91 60 48 581
is_linear=0
shrinkage=0.08


Tree=135
num_leaves=31
num_cat=0
split_feature=2 7 6 29 8 25 27 27 6 15 5 21 33 25 7 19 39 39 8 33 21 5 1 6 29 8 39 21 21 39
split_gain=0.818516 0.549019 0.478241 0.430384 0.376117 0.338082 0.653579 0.64139 1.64431 0.50016 0.467601 0.407273 0.397727 0.625 0.300353 1.13528 0.785062 1.37753 0.838832 0.941198 0.686582 1.09401 1.04042 0.811675 0.711352 0.543641 0.496649 0.489824 0.488803 1.00656
threshold=5.5000000000000009 13.848510833333334 0.15982366771334555 14.066000000000001 1.080942558763023 14.153300000000002 14.09895 14.043850000000001 0.19394565686123649 13.950650000000001 14.103580000000003 14.197750000000001 0.23059999999999994 14.066000000000001 16.245385000000002 16.639900000000001 93.5682431018584 88.991842909234137 2.0728989231270289 0.26110000000000083 15.408500000000002 15.357210000000002 14.500000000000002 0.19348796689615422 15.195600000000001 1.4908229100475816 83.16612244064099 15.330900000000002 15.593050000000002 85.138389966621062
decision_type=2 2 2 2 2 2 2 2 2 2 2 2 2 2 2 2 2 2 2 2 2 2 2 2 2 2 2 2 2 2
left_child=14 -2 3 -3 5 6 7 9 11 -4 -8 -9 -11 -14 16 -16 17 20 19 -19 -1 22 23 -22 -25 -21 -23 -17 -28 -30
right_child=1 2 4 -5 -6 -7 10 8 -10 12 -12 -13 13 -15 15 27 -18 18 -20 25 21 26 -24 24 -26 -27 28 -29 29 -31
leaf_value=-0.00024610947767180499 0.00024684145543140556 0.0009361635062829169 0.0012147067871729187 -0.0025757394839242063 -0.0055993204872699306 -0.0028380778175050186 0.00064192038489229244 -0.0069495731697820909 0.0038087380112941617 -0.0029413597957001388 -0.0043937428681867386 0.00036648639059959744 -0.0039765693628668634 0.00031059091414820664 -0.0056182726761029936 0.0043345240037105364 -0.011004890039994939 -0.0015024535095542247 0.0015528057582929039 0.0033027848110006985 0.00029779094927261194 -0.0030422596816564204 -0.0016822593503953626 0.0031928381018883527 -4.7240705666451964e-05 0.00083168464505513394 0.00047893524944526793 -7.4468485952851153e-05 -0.001227633855240146 0.0004821956134037496
leaf_weight=2569 39 24 32 29 116 314 31 28 29 70 256 22 20 20 657 20 98 40 24 29 21 128 28 36 37 22 479 3546 342 554
leaf_count=2569 39 24 32 29 116 314 31 28 29 70 256 22 20 20 657 20 98 40 24 29 21 128 28 36 37 22 479 3546 342 554
internal_value=-0.000819878 -0.00295146 -0.00331786 0.00407547 -0.00373561 -0.00313382 -0.00185827 0.00141176 0.00718987 -0.00180282 -0.00437631 -0.0016 -0.00436364 0.002 -0.000565471 -0.0010476 -0.000103474 5.7552e-05 0.00869565 0.00518681 -0.000179306 0.00110769 0.00839344 0.0124255 0.00843835 0.0123922 0.000516299 -0.000484578 0.000959998 -0.000142859
internal_weight=9660 1030 991 53 938 822 508 221 79 142 287 50 110 40 8630 4223 4407 4309 115 91 4194 1625 122 94 73 51 1503 3566 1375 896
internal_count=9660 1030 991 53 938 822 508 221 79 142 287 50 110 40 8630 4223 4407 4309 115 91 4194 1625 122 94 73 51 1503 3566 1375 896
is_linear=0
shrinkage=0.08


Tree=136
num_leaves=31
num_cat=0
split_feature=23 6 29 23 17 7 39 4 6 1 21 6 4 4 8 39 19 33 5 25 25 4 39 17 15 23 21 31 15 15
split_gain=0.640469 0.556528 0.546919 0.962704 0.509391 0.475623 0.455808 0.414737 0.551415 0.506959 0.83293 0.607418 0.513291 1.01379 1.56284 0.499615 1.31047 0.413334 0.418493 0.362937 0.433301 0.645662 1.0999 0.540238 1.26532 0.498382 0.677259 0.694815 1.94654 0.665472
threshold=14.413900000000002 0.28780375698079025 13.950650000000001 15.883650000000001 17.071750000000005 18.123570000000004 98.353452428746863 28.500000000000004 0.14352761051568508 2.5000000000000004 14.411800000000001 0.18040453244949903 13.500000000000002 16.500000000000004 0.18838494072592207 78.745241551140623 14.510650000000002 -0.76014999999999933 17.016790000000004 18.197700000000005 17.008900000000004 50.500000000000007 83.114735817755658 17.752500000000001 16.900950000000005 17.149950000000004 16.787500000000005 17.008900000000004 17.191450000000007 17.403550000000006
decision_type=2 2 2 2 2 2 2 2 2 2 2 2 2 2 2 2 2 2 2 2 2 2 2 2 2 2 2 2 2 2
left_child=4 17 3 -3 7 19 -7 8 -1 10 11 -10 -11 14 -14 -15 -17 18 -2 20 21 23 -23 -4 -25 26 -22 29 -29 -28
right_child=1 2 5 -5 -6 6 -8 -9 9 12 -12 -13 13 15 -16 16 -18 -19 -20 -21 25 22 -24 24 -26 -27 27 28 -30 -31
leaf_value=0.0061117585028157449 0.011325266831280583 0.00043307633093375957 -0.0028589220577800228 -0.00069086226019706332 0.0066829705059240222 0.0010527491080817536 0.00058276922317277661 -0.0018919802850619826 0.0017085596336939614 -0.0020913269918763381 0.023283481851468862 -0.0044024727469529276 -0.002583933089323039 -0.0034241447676527583 0.0036253009561319316 0.0066428169273601593 -0.0057109947699754875 -3.1775765474623473e-05 -0.00010547735766529343 -0.0059920114942327131 -0.00058896453999160447 0.01288198470281658 -0.00057580261242933808 0.008758090468436253 -0.0063697888701481622 -0.00049313145413557979 -0.0028215637510344196 0.021993932383551861 -0.0029552763751484528 0.011336463947010036
leaf_weight=20 25 20 706 38 30 22 50 732 20 265 22 61 22 167 39 20 23 6616 29 181 48 20 71 20 54 212 39 33 35 20
leaf_count=20 25 20 706 38 30 22 50 732 20 265 22 61 22 167 39 20 23 6616 29 181 48 20 71 20 54 212 39 33 35 20
internal_value=-0.000745344 -0.000474817 -0.00183047 0.0057931 -0.00231387 -0.0021231 0.00422222 -0.00253631 -0.00108043 -0.00148983 0.00365048 -9.87673e-05 -0.00247761 -2.95222e-05 0.00904918 -0.00266667 0.00502325 -0.000155924 0.00681481 -0.00244059 -0.00195867 -0.00294834 0.00342857 -0.00369231 0.00281081 0.000268732 0.00342857 0.00648819 0.012 0.000135591
internal_weight=9660 8239 1569 58 1421 1511 72 1391 659 639 103 81 536 271 61 210 43 6670 54 1439 1258 871 91 780 74 387 175 127 68 59
internal_count=9660 8239 1569 58 1421 1511 72 1391 659 639 103 81 536 271 61 210 43 6670 54 1439 1258 871 91 780 74 387 175 127 68 59
is_linear=0
shrinkage=0.08


Tree=137
num_leaves=31
num_cat=0
split_feature=23 6 13 6 25 19 27 5 8 15 4 33 29 29 7 25 31 39 39 23 23 1 15 25 17 6 29 15 2 5
split_gain=0.64645 0.62477 0.509011 0.395488 1.18977 1.12947 1.14469 1.38865 1.02625 0.797727 0.625 0.500493 0.38261 0.735027 0.333972 0.374515 0.696966 0.335821 0.546645 0.569823 0.891977 0.475355 1.03791 0.641674 0.632823 0.562542 0.527095 0.47175 0.636997 0.612946
threshold=14.411800000000001 0.28780375698079025 14.153300000000002 0.26973543281706808 17.955650000000002 16.929950000000002 15.896950000000002 16.353126666666672 0.24521153139574917 16.900950000000005 32.500000000000007 0.27075000000000055 13.950650000000001 9.6461500000000004 18.123570000000004 18.275250000000003 19.662150000000004 97.638118011755765 91.855899446134316 18.731750000000002 18.042600000000004 9.5000000000000018 17.189100000000007 17.488600000000002 17.155700000000007 0.81197606220729701 16.9785 17.462750000000003 1.5000000000000002 16.259070000000005
decision_type=2 2 2 2 2 2 2 2 2 2 2 2 2 2 2 2 2 2 2 2 2 2 2 2 2 2 2 2 2 2
left_child=-1 2 -2 -4 5 6 11 -8 -6 -9 -11 -5 13 -3 17 -16 -17 18 27 20 21 22 24 -23 26 -25 -20 29 -29 -14
right_child=1 12 3 4 8 -7 7 9 -10 10 -12 -13 14 -15 15 16 -18 -19 19 -21 -22 23 -24 25 -26 -27 -28 28 -30 -31
leaf_value=-0.00074240384898194669 0.0012839428192169156 -0.00066824460115405494 -7.5341138011914542e-05 -0.0023678351038488163 0.0025271741515660927 -0.0026803675957374827 0.0063602866027589024 -0.002473288048587383 0.001929131490793985 -0.00057704686080205442 0.0017852868968495053 0.001588618910327904 -0.00043044726350229478 0.00065320364538118435 -0.0079313993132868535 0.0080231441759548022 -0.00174952809614745 -0.0046701689309806256 -3.0258443826762072e-05 -0.0065825849999030031 0.0014487966068307081 -0.0030821171759408184 -0.0034293194460777673 -0.0027536885924460863 0.0019369727296103306 0.032822111873804918 0.0031006425788096242 -0.0063773796664325826 0.0018245246273438504 -0.0052571295022232128
leaf_weight=1360 25 20 6325 59 24 128 37 26 39 20 20 20 410 38 25 27 20 233 30 46 38 153 53 26 26 20 27 32 41 312
leaf_count=1360 25 20 6325 59 24 128 37 26 39 20 20 20 410 38 25 27 20 233 30 46 38 153 53 26 26 20 27 32 41 312
internal_value=-0.000795033 -0.000530122 -0.000193963 -0.00023649 0.0022949 0.000258063 0.00430769 0.00986408 0.0123175 0.00290909 0.01 -0.00293671 -0.00196322 0.00441379 -0.00220672 0.00311111 0.00731915 -0.00247132 -0.0019374 0.000400953 0.001437 0.000119401 0.0037647 -0.00237186 0.0093494 0.00591304 0.00463158 -0.00316981 0.0029589 -0.00378948
internal_weight=9660 8300 6723 6698 373 310 182 103 63 66 40 79 1577 58 1519 72 47 1447 1214 419 373 335 136 199 83 46 57 795 73 722
internal_count=9660 8300 6723 6698 373 310 182 103 63 66 40 79 1577 58 1519 72 47 1447 1214 419 373 335 136 199 83 46 57 795 73 722
is_linear=0
shrinkage=0.08


Tree=138
num_leaves=31
num_cat=0
split_feature=6 13 19 5 27 8 4 8 31 13 17 7 31 31 8 8 39 4 23 17 13 1 6 21 15 4 4 39 13 21
split_gain=0.579498 0.787045 0.448474 0.47792 0.465934 0.650545 0.506072 0.451287 0.442255 0.477295 0.914286 0.418807 0.44287 1.02052 0.439758 0.493564 0.459455 0.850867 1.2935 1.16667 0.578351 0.407831 0.605746 0.50444 0.468125 0.382422 2.0602 1.17087 0.808298 1.8648
threshold=0.28780375698079025 14.000100000000002 16.852650000000001 16.560026666666669 16.180450000000004 0.5620353617937015 50.500000000000007 1.5476236408825896 14.016500000000002 14.016500000000002 14.09895 16.13090166666667 16.628950000000003 16.305350000000004 0.25965866832446266 0.27167535184275465 92.104947840647384 41.500000000000007 18.356750000000002 16.929950000000002 16.628950000000003 9.5000000000000018 0.93886982703169042 17.191450000000007 17.887500000000003 14.500000000000002 15.500000000000002 79.979879934856555 15.490150000000002 16.775850000000002
decision_type=2 2 2 2 2 2 2 2 2 2 2 2 2 2 2 2 2 2 2 2 2 2 2 2 2 2 2 2 2 2
left_child=1 -1 3 4 -2 -6 7 -7 -3 10 -10 -4 13 -13 -14 -16 -17 20 19 -19 -18 22 23 -22 -25 -11 27 -27 -29 -30
right_child=2 8 11 -5 5 6 -8 -9 9 25 -12 12 14 -15 15 16 17 18 -20 -21 21 -23 -24 24 -26 26 -28 28 29 -31
leaf_value=-0.0021975506447332242 -0.00083680716548156645 -0.0035034145985691442 -0.0034670978736056823 -0.00490503874003942 0.016900884582175965 -0.016574426752615855 0.0010370746599904694 0.00010324281231455343 -0.00062895461594955908 -0.00019656977301869258 0.002588780034571676 -0.0009389448489463281 -0.0028104235959900861 0.0070590563864693671 0.00053807375297306251 -0.0042124918716737242 0.081540846916811058 0.0028522214861547192 0.00056144184212777613 -0.0033436386037826271 -0.0025152125206843244 -0.0080677682431211095 -0.00077369161582465024 0.0081351040913127878 0.0026436168073514323 0.0080674738337233477 -3.116980583867358e-05 -0.00086590678296494727 0.0061224664648928473 0.00019229987996150389
leaf_weight=284 560 268 99 219 33 60 22 67 21 1851 24 45 99 23 25 157 20 21 22 54 21 109 69 20 27 23 5324 27 27 39
leaf_count=284 560 268 99 219 33 60 22 67 21 1851 24 45 99 23 25 157 20 21 22 54 21 109 69 20 27 23 5324 27 27 39
internal_value=-0.00077847 -0.000484789 -0.00208578 -0.00325494 -0.00228572 0.00123077 -0.00102014 -0.00296063 -0.000330354 -0.000213742 0.008 -0.000700372 -2.24738e-05 0.00611765 -0.000670809 0.000220182 -0.000307694 0.0012562 0.0076701 0.00266666 -0.00108271 -0.00214634 0.000759122 0.00611765 0.0107234 -0.000264438 7.35275e-05 0.0106207 0.00662365 0.0113939
internal_weight=9660 7888 1772 961 742 182 149 127 7604 7336 45 811 712 68 644 545 520 363 97 75 266 246 137 68 47 7291 5440 116 93 66
internal_count=9660 7888 1772 961 742 182 149 127 7604 7336 45 811 712 68 644 545 520 363 97 75 266 246 137 68 47 7291 5440 116 93 66
is_linear=0
shrinkage=0.08


Tree=139
num_leaves=31
num_cat=0
split_feature=23 6 27 21 4 25 15 7 27 19 6 1 29 39 4 25 1 19 17 23 23 5 4 19 29 27 6 23 33 21
split_gain=0.603181 0.524014 0.467015 0.75297 0.530793 0.858197 0.413787 0.481259 0.402873 0.428532 0.38796 0.387591 0.653464 0.756404 1.46663 0.859524 0.619544 0.841214 1.26558 0.505125 0.361974 0.353474 0.329968 0.511551 1.08384 0.452924 1.09205 0.402781 0.342722 0.657845
threshold=14.413900000000002 0.31083398291248526 16.180450000000004 14.260600000000002 50.500000000000007 16.929950000000002 17.094800000000003 14.630527500000003 16.287150000000004 16.700900000000004 1.3488920956860124 2.5000000000000004 14.4777 78.905111044561679 44.500000000000007 14.543600000000001 1.0000000180025095e-35 14.230700000000001 14.18125 14.148300000000001 14.593050000000002 15.897186666666668 36.500000000000007 14.260600000000002 14.362500000000002 13.950650000000001 0.19040201162742235 13.884750000000002 0.033050000000000253 14.197750000000001
decision_type=2 2 2 2 2 2 2 2 2 2 2 2 2 2 2 2 2 2 2 2 2 2 2 2 2 2 2 2 2 2
left_child=6 -2 20 -4 8 -6 7 11 -5 21 -7 16 22 14 15 -14 -1 19 -19 -18 -3 -10 23 24 25 26 -13 -27 29 -29
right_child=1 2 3 4 5 10 -8 -9 9 -11 -12 12 13 -15 -16 -17 17 18 -20 -21 -22 -23 -24 -25 -26 27 -28 28 -30 -31
leaf_value=-0.0034050384324454744 -3.017138251536641e-05 0.00055777927634149407 0.00043905529148737302 0.0016057223038404072 0.001298195982872332 -0.0071851138540180827 0.024231728463578985 -0.0016394296918575847 0.0001497183312555751 -0.00056881868230160423 0.00047175052148991224 0.00088182032949468529 -0.0017129134222540583 -0.0009216755816459874 0.0032532579335964006 0.00075271438908984859 -0.00081839272834907521 0.022300288082163618 -0.00068282590276286194 0.010891395190326524 -0.001051531948789032 -0.010514736207459727 -0.0031685195489741737 -0.0032361199642978989 0.005056954912133085 0.0022684989963257132 -0.00032352535209747207 -0.0031989918698989228 -0.0014089729385048267 0.0037011962581091642
leaf_weight=56 6885 33 22 40 36 29 25 220 31 558 23 20 64 68 22 20 41 23 21 31 421 161 323 135 23 20 44 111 128 26
leaf_count=56 6885 33 22 40 36 29 25 220 31 558 23 20 64 68 22 20 41 23 21 31 421 161 323 135 23 20 44 111 128 26
internal_value=-0.000679091 -0.000416557 -0.00185525 -0.000800002 -0.00116629 0.00472727 -0.00220127 -0.00238396 -0.00182279 -0.00224 -0.00184616 -0.0017415 -0.00234263 0.00211494 0.00633962 0.00152381 0.00176744 0.00510345 0.0138182 -0.000222224 -0.00394714 -0.0055 -0.00327711 -0.00200395 -0.00047312 -0.00158166 0.0045 -0.00294737 -0.00377359 -0.000992703
internal_weight=9660 8239 1354 900 878 88 1421 1396 790 750 52 1176 1004 174 106 84 172 116 44 72 454 192 830 507 372 349 64 285 265 137
internal_count=9660 8239 1354 900 878 88 1421 1396 790 750 52 1176 1004 174 106 84 172 116 44 72 454 192 830 507 372 349 64 285 265 137
is_linear=0
shrinkage=0.08


Tree=140
num_leaves=31
num_cat=0
split_feature=23 6 27 4 15 27 31 6 15 31 29 7 25 33 33 1 7 21 15 19 25 8 6 29 17 17 13 17 31 19
split_gain=0.644406 0.387077 0.632045 1.73317 0.62518 0.655674 0.599999 0.439546 0.329472 0.544218 0.775544 0.312325 0.457739 1.44953 1.22477 1.05521 0.745588 0.452299 0.975754 1.53833 0.971763 0.724554 0.962357 1.22987 1.20455 1.13471 0.948888 0.623464 0.642967 0.542161
threshold=14.411800000000001 0.81197606220729701 16.900950000000005 50.500000000000007 14.000100000000002 14.082400000000002 14.284200000000002 2.2890016687121642 19.787800000000001 17.403550000000006 19.979150000000001 14.125302500000002 14.413900000000002 0.18970000000000023 0.29200000000000076 12.500000000000002 14.636555000000003 15.373050000000001 15.490150000000002 15.479500000000003 15.593050000000002 0.19624244981891506 0.1913205608397521 15.373050000000001 15.490150000000002 15.662100000000001 15.355800000000002 15.736050000000002 15.390450000000003 15.4565
decision_type=2 2 2 2 2 2 2 2 2 2 2 2 2 2 2 2 2 2 2 2 2 2 2 2 2 2 2 2 2 2
left_child=-1 4 -3 6 5 -2 -4 -8 9 -9 -11 -6 13 16 -15 -16 -13 27 19 21 -21 -19 23 26 -24 -26 -23 -14 -29 -20
right_child=1 2 3 -5 11 -7 7 8 -10 10 -12 12 17 14 15 -17 -18 18 29 20 -22 22 24 -25 25 -27 -28 28 -30 -31
leaf_value=-0.00079472020873138012 -0.00043253175756587266 -0.0012593943534802458 0.00024770987714151164 0.001380494174958904 -0.010709961841336921 0.029588472576671198 -0.0026174040071631857 -0.0070254608381776227 0.0019690291257838184 0.037855031839062046 -0.0026309237018006886 -0.001273314918100367 -0.00042382348476498503 0.0054065977554314613 0.001450690042581682 -0.0056131345770861676 0.0018095642002333729 -0.0015625399852874091 -0.0017740891082095511 -0.0034743590362324508 0.00097361192729140109 0.00018270943136874934 0.00072176920340221026 0.0032167050387555168 0.0068219326212566869 0.0008515293885320677 -6.0832465659502734e-05 -0.00022043406828245083 0.0034871258028417039 -2.7654191408024728e-05
leaf_weight=1360 27 392 26 30 33 20 256 35 27 24 25 136 1762 22 31 21 24 46 186 178 74 23 168 22 21 46 20 41 27 4557
leaf_count=1360 27 392 26 30 33 20 256 35 27 24 25 136 1762 22 31 21 24 46 186 178 74 23 168 22 21 46 20 41 27 4557
internal_value=-0.00062112 -0.000356628 -0.00201227 0.000132386 -0.000176355 0.00902127 -0.00128244 -0.00211444 0.00209009 -0.000380954 0.00506122 -0.000234474 -0.000199867 0.00328205 0.0125405 0.00584615 -0.001 -0.000313487 5.84141e-05 0.00310368 -0.0016508 0.00656647 0.008 0.0166154 0.00561702 0.0146866 0.00874418 -0.00139891 0.00611765 -0.000325534
internal_weight=9660 8300 815 423 7485 47 393 367 111 84 49 7438 7405 234 74 52 160 7171 5341 598 252 346 300 65 235 67 43 1830 68 4743
internal_count=9660 8300 815 423 7485 47 393 367 111 84 49 7438 7405 234 74 52 160 7171 5341 598 252 346 300 65 235 67 43 1830 68 4743
is_linear=0
shrinkage=0.08


Tree=141
num_leaves=31
num_cat=0
split_feature=13 6 6 33 6 23 31 23 21 6 6 25 17 21 8 8 8 39 8 23 15 39 39 4 17 27 29 27 7 21
split_gain=0.648092 0.63366 0.599458 0.64543 0.506648 0.797174 1.61302 0.484233 0.559029 0.451316 0.439548 0.515984 0.429762 0.413613 0.398415 0.360143 0.533817 0.608439 0.321819 0.72636 0.539424 0.8796 1.01995 0.516535 1.20935 0.388883 0.679919 1.35842 0.489513 0.557724
threshold=14.153300000000002 0.16261959186921124 0.16261959186921124 0.040200000000000465 0.16969958527747811 15.4565 15.426750000000002 14.329500000000001 14.576500000000001 0.16782984678484039 1.6236399351961104 21.448650000000004 14.708300000000003 13.818850000000003 2.7120227097824601 0.18501569767925544 0.18672097660748263 79.263186083397571 1.7064975938968319 17.619150000000001 17.423700000000004 88.664219202478435 91.085371989747856 33.500000000000007 17.094800000000003 18.275250000000003 18.042600000000004 18.356750000000002 18.090704166666672 17.993150000000004
decision_type=2 2 2 2 2 2 2 2 2 2 2 2 2 2 2 2 2 2 2 2 2 2 2 2 2 2 2 2 2 2
left_child=2 -2 3 -1 5 6 7 -3 -9 12 15 14 -10 -4 -12 -6 17 -17 25 20 21 -20 -23 -24 -25 -18 27 -27 -29 -30
right_child=1 4 13 -5 10 -7 -8 8 9 -11 11 -13 -14 -15 -16 16 18 -19 19 -21 -22 22 23 24 -26 26 -28 28 29 -31
leaf_value=0.0055614463978672923 -0.00078370638835460228 0.00090603809467428899 0.0029434604899112723 -0.00018068440588801373 -0.0012698809231803656 -0.0016105682148315969 0.0026224707499847601 -0.0026966103212794886 0.0037780348822114011 0.003725708415697122 -0.002279634750953153 0.00021730123418953458 -0.0016844179877632875 -0.0016189383670724628 0.0021873767506376419 0.0019373278437836555 -0.00010424644574800299 -0.00013823536056468527 -0.00080929019467188706 0.00057447511902269195 -0.0037746109201704315 0.0044996694679525998 -0.0015739217606944896 0.015950545668826581 -0.00090477293090290096 0.0033528421578099339 -0.00082923538787270769 -3.9875326233445938e-05 0.0042249580887034066 -0.00033476177607227262
leaf_weight=30 326 21 28 32 287 90 20 40 21 20 383 32 35 766 30 31 6788 32 106 39 38 47 71 21 22 34 138 91 21 20
leaf_count=30 326 21 28 32 287 90 20 40 21 20 383 32 35 766 30 31 6788 32 106 39 38 47 71 21 22 34 138 91 21 20
internal_value=-0.00057143 -0.000367108 -0.0026729 0.00490322 -0.000234019 0.00333603 0.00677707 0.00367883 0.00165517 0.00568421 -0.000341151 -0.00278652 0.002 -0.00326449 -0.0035448 -0.000201389 -9.49479e-05 0.00723809 -0.000157076 0.00223256 0.000918031 0.00218726 0.00591304 0.00182456 0.00874418 -0.000272986 0.00252631 0.0059759 0.00230303 0.00956097
internal_weight=9660 8804 856 62 8478 247 157 137 116 76 8231 445 56 794 413 7786 7499 63 7436 344 305 267 161 114 43 7092 304 166 132 41
internal_count=9660 8804 856 62 8478 247 157 137 116 76 8231 445 56 794 413 7786 7499 63 7436 344 305 267 161 114 43 7092 304 166 132 41
is_linear=0
shrinkage=0.08


Tree=142
num_leaves=31
num_cat=0
split_feature=13 21 39 39 1 27 8 15 4 13 21 21 27 5 27 27 15 25 31 13 1 17 19 6 19 31 15 8 21 33
split_gain=0.577345 0.454918 0.307698 0.515575 0.759154 1.01926 0.64266 0.75716 0.680985 0.586868 0.511559 1.142 1.43124 1.37658 0.970588 0.721198 1.08107 1.5164 1.05299 0.954313 1.34811 0.720166 0.700379 0.688923 0.659327 0.892857 0.530303 0.728438 0.75 0.683812
threshold=13.950650000000001 13.851850000000002 78.278411754875421 79.263186083397571 13.500000000000002 14.411800000000001 0.19201495402215982 14.642450000000002 38.500000000000007 14.046700000000003 15.444000000000001 15.523850000000001 15.662100000000001 15.715203333333337 15.816150000000002 15.515000000000002 15.662100000000001 15.490150000000002 15.896950000000002 15.699150000000001 17.500000000000004 16.717400000000001 15.444000000000001 0.2249516063308746 15.373050000000001 15.408500000000002 15.284800000000002 0.21690531570802721 15.692450000000003 0.06900000000000174
decision_type=2 2 2 2 2 2 2 2 2 2 2 2 2 2 2 2 2 2 2 2 2 2 2 2 2 2 2 2 2 2
left_child=1 -1 -2 4 9 -6 7 8 -7 -4 -5 12 24 14 -14 16 17 22 19 20 -19 -17 26 -16 25 -12 29 28 -28 -13
right_child=2 -3 3 10 5 6 -8 -9 -10 -11 11 15 13 -15 23 21 -18 18 -20 -21 -22 -23 -24 -25 -26 -27 27 -29 -30 -31
leaf_value=0.0068937507932729193 -0.001010066027601278 -0.0036210427374934809 0.0006846180314752765 -0.00032790938422178723 0.00037278877123704551 0.00081637865904639697 -0.0026069813057129319 -0.0020111278539308606 0.00078564795467407427 -0.00042317917164876094 -0.00030243034290085833 0.003621511434352449 0.0046941628291635807 -0.00072900252165879946 -0.00032238093987282983 -0.00097141294013273799 -0.00067921944907529995 0.005987456439886729 0.006014242331908534 -0.00077305930413535436 0.00021987599357919317 6.6987274055400751e-06 -0.0058921766530910811 0.0074585826390499571 -0.0013314839851669496 0.0059292302119498186 0.0021862314278505031 3.0854083399517726e-05 0.00021019071258323164 -0.0013961337761724457
leaf_weight=21 1129 266 25 1996 37 29 72 48 21 252 36 20 24 39 23 1556 130 24 32 39 29 3423 80 21 115 28 21 39 28 57
leaf_count=21 1129 266 25 1996 37 29 72 48 21 252 36 20 24 39 23 1556 130 24 32 39 29 3423 80 21 115 28 21 39 28 57
internal_value=-0.000563149 -0.00409756 -0.000454926 -0.0002853 0.00224793 0.00591304 0.00329412 0.0075102 0.0144 -0.000490977 -0.000443301 -6.10706e-05 0.00486713 0.0121869 0.0190588 -0.000318366 0.00258116 0.00479133 0.012 0.00765217 0.0146415 -0.00060896 0.00114286 0.012 0.000491618 0.007 0.00412121 0.00836363 0.0148571 -0.000727275
internal_weight=9660 287 9373 8244 484 207 170 98 50 277 7760 5764 286 107 68 5478 499 369 124 92 53 4979 245 44 179 64 165 88 49 77
internal_count=9660 287 9373 8244 484 207 170 98 50 277 7760 5764 286 107 68 5478 499 369 124 92 53 4979 245 44 179 64 165 88 49 77
is_linear=0
shrinkage=0.08


Tree=143
num_leaves=31
num_cat=0
split_feature=13 39 6 2 21 27 29 6 39 5 5 31 31 1 39 31 17 8 7 17 15 15 7 31 5 25 25 31 4 4
split_gain=0.508723 0.428641 0.335204 0.538392 0.491339 0.480635 0.447593 0.388819 0.756993 0.372975 0.590062 0.657094 1.38846 0.576994 0.721305 1.67224 0.896422 0.495508 0.674136 0.748538 0.476147 0.77446 0.543478 0.464675 0.432143 0.36487 0.643186 0.490785 0.33347 6.0466
threshold=13.983600000000001 75.501630910812239 0.28780375698079025 4.5000000000000009 18.517300000000002 18.642900000000001 14.284200000000002 2.6389273930594825 81.028819570262002 17.011506666666673 17.077503333333336 17.273000000000003 16.9785 7.5000000000000009 92.324632450654533 16.305350000000004 14.510650000000002 0.26111587645566259 18.079632500000006 17.993150000000004 16.964700000000004 16.817100000000003 17.037672500000003 19.662150000000004 17.029060000000005 18.449000000000002 18.478250000000003 17.955650000000002 44.500000000000007 45.500000000000007
decision_type=2 2 2 2 2 2 2 2 2 2 2 2 2 2 2 2 2 2 2 2 2 2 2 2 2 2 2 2 2 2
left_child=1 -1 4 6 25 -5 7 8 -4 13 11 12 24 14 16 -16 -8 -12 20 -20 21 -19 -23 -21 -11 28 -27 -28 -2 -30
right_child=2 -3 3 5 -6 -7 9 -9 -10 10 17 -13 -14 -15 15 -17 -18 18 19 23 -22 22 -24 -25 -26 26 27 -29 29 -31
leaf_value=0.012290094809917509 -0.00014201418635258206 -0.0017580734332267481 0.0010102155574185613 -0.0025533633957933672 0.00029826143380996773 0.0010649567416893945 0.0032098608490095772 -0.00013637942969509811 0.0013581290895826358 0.00090996206013975857 -0.0028837199161951201 -0.0055387926726342962 0.0015173221487045649 -0.0028641103698577954 -0.013587976155360735 0.044306193388032801 -0.00067365993366708663 -0.0074934891197074209 0.010546762047964181 0.0020069476669472381 -0.0021226662602228507 0.00046003837573077496 0.012976697413509859 -0.004436938728811555 -0.0031658565421995859 0.0038007295737166138 0.0009316628098989272 -0.0023033486085455809 0.0034067319496350907 -0.00029785102109299748
leaf_weight=29 5523 329 35 295 38 21 22 30 23 21 73 25 20 373 20 26 214 60 24 37 272 23 23 20 24 23 39 25 130 1843
leaf_count=29 5523 329 35 295 38 21 22 30 23 21 73 25 20 373 20 26 214 60 24 37 272 23 23 20 24 23 39 25 130 1843
internal_value=-0.00057143 -0.00353073 -0.000457538 -0.00148007 -0.000231992 -0.0044557 -0.000791211 0.00472727 0.00855172 -0.0011715 0.000231509 0.00622222 0.0104615 -0.00250382 0.000226948 0.0093913 -0.00155932 -0.000781957 0.000191719 0.00681481 -0.00122752 0.00332075 0.0111304 0.00182456 0.00266666 -0.000277465 0.00487356 0.000749998 -0.000337248 0.000555497
internal_weight=9660 358 9302 1681 7621 316 1365 88 58 1277 622 90 65 655 282 46 236 532 459 81 378 106 46 57 45 7583 87 64 7496 1973
internal_count=9660 358 9302 1681 7621 316 1365 88 58 1277 622 90 65 655 282 46 236 532 459 81 378 106 46 57 45 7583 87 64 7496 1973
is_linear=0
shrinkage=0.08


Tree=144
num_leaves=31
num_cat=0
split_feature=6 5 29 13 17 17 1 31 7 21 31 27 21 5 27 21 25 1 4 33 17 23 25 17 23 17 7 19 33 6
split_gain=0.520495 0.42736 0.540297 0.421091 0.391292 0.346149 0.646526 0.689103 0.643841 0.64 0.612141 1.01592 1.03025 0.625 0.622434 0.582614 1.68791 0.61829 1.72612 1.06061 0.581975 0.997909 0.907563 0.680828 0.582633 0.57576 1.23151 0.678245 0.540125 0.670515
threshold=1.4517547595371616 15.674236666666669 16.535050000000002 13.983600000000001 22.248450000000002 17.363700000000005 4.5000000000000009 14.09895 16.302275833333336 14.214150000000002 14.016500000000002 13.950650000000001 14.284200000000002 14.134390000000002 17.056050000000003 17.501900000000003 17.008900000000004 5.5000000000000009 8.5000000000000018 0.034449999999999655 16.824400000000001 15.142850000000001 15.593050000000002 15.444000000000001 15.736050000000002 14.148300000000001 14.150915833333334 14.131850000000002 0.20124999999999996 1.2556854237668438
decision_type=2 2 2 2 2 2 2 2 2 2 2 2 2 2 2 2 2 2 2 2 2 2 2 2 2 2 2 2 2 2
left_child=3 2 -2 -1 -3 6 7 9 -7 25 -8 12 -12 -14 15 17 -17 18 19 -13 21 -20 23 -23 -24 27 -27 -5 29 -10
right_child=1 4 -4 5 -6 8 10 -9 28 -11 11 14 13 -15 -16 16 -18 -19 20 -21 -22 22 24 -25 -26 26 -28 -29 -30 -31
leaf_value=-0.0014905989274099883 -0.00042815372822706602 -0.0022593667953180402 0.0019595238737908326 0.00051982472814698227 0.00169071947347001 0.00092814486197882924 -0.0031999077828222208 -0.0012990349505909991 0.00022026679381192304 -0.007664036325880144 -0.0005748166208289975 0.0019630393230821862 0.00033925097778654339 0.00047854434371554649 -0.0009156260097378942 -0.00082178475479007668 0.0085399432297147901 -5.9638160666468527e-05 -0.00082069271828320769 0.012939945466251126 -0.004349353797026936 0.00019905155434262343 -0.00089675721638457029 0.0047119593751228641 0.0005260305455256671 0.0031319338519047576 0.00018523784295000631 -0.0040179355598604126 -0.00034081499076853199 0.0036249291400160468
leaf_weight=296 138 402 31 43 23 32 190 1405 1025 30 34 22 20 20 615 39 21 4480 81 20 38 27 26 24 42 21 50 36 409 20
leaf_count=296 138 402 31 43 23 32 190 1405 1025 30 34 22 20 20 615 39 21 4480 81 20 38 27 26 24 42 21 50 36 409 20
internal_value=-0.000587994 -0.00288216 0.000520708 -0.000437681 -0.0042353 -0.000337516 -0.000564527 -0.00199369 0.000775234 0.00266666 -0.000167049 -1.30714e-05 0.0092973 0.018 -0.000139836 0.000165973 0.008 6.7225e-05 0.00371428 0.0186667 0.00107563 0.0028 0.00746218 0.0155294 0.00141176 0.0048 0.0100282 0.000101264 0.000528196 0.00149282
internal_weight=9660 594 169 9066 425 8770 7284 1585 1486 180 5699 5509 74 40 5435 4820 60 4760 280 42 238 200 119 51 68 150 71 79 1454 1045
internal_count=9660 594 169 9066 425 8770 7284 1585 1486 180 5699 5509 74 40 5435 4820 60 4760 280 42 238 200 119 51 68 150 71 79 1454 1045
is_linear=0
shrinkage=0.08


Tree=145
num_leaves=31
num_cat=0
split_feature=6 7 27 25 27 4 27 21 25 7 29 8 19 7 27 17 33 33 21 7 15 31 21 27 39 5 17 7 27 31
split_gain=0.578783 0.437085 0.469997 0.438278 0.353752 0.758492 0.528051 0.430494 0.824488 0.417363 0.874704 0.467757 0.313669 0.324467 1.26541 1.17864 0.556707 0.550988 0.544632 0.806216 0.693859 0.6556 0.702455 0.836835 1.26042 0.942789 0.687202 0.809347 0.717391 0.68762
threshold=1.3488920956860124 14.131361666666669 13.851850000000002 14.481250000000001 14.043850000000001 9.5000000000000018 14.046700000000003 13.983600000000001 13.884750000000002 14.195489166666668 14.046700000000003 0.20091710448168879 13.950650000000001 16.245385000000002 16.269450000000003 17.133600000000005 -0.8807500000000007 -0.3953000000000006 15.444000000000001 15.20894166666667 15.036200000000003 15.123600000000001 15.523850000000001 15.662100000000001 84.752582464640668 15.370150000000002 15.213850000000003 15.38140416666667 15.320300000000001 15.851650000000001
decision_type=2 2 2 2 2 2 2 2 2 2 2 2 2 2 2 2 2 2 2 2 2 2 2 2 2 2 2 2 2 2
left_child=1 3 -3 -1 5 -4 -6 -8 -9 10 -10 -12 -11 15 -15 18 -16 -18 20 -20 -14 -21 23 25 -25 -23 27 -24 -29 -28
right_child=-2 2 4 -5 6 -7 7 8 9 12 11 -13 13 14 16 -17 17 -19 19 21 -22 22 26 24 -26 -27 29 28 -30 -31
leaf_value=-0.0012740680985178338 -0.00066105677980989725 0.00030513156505204865 0.00044118712785496924 0.00047642609228662578 0.0017252199394191426 -0.0029231448374240458 -0.0070772622088785195 0.0080077273419045629 -0.0012748922821895572 -0.0027708375765647486 0.010155052057836553 0.00032564383478588487 3.2053479594787088e-05 -0.0077819118388770545 0.0012947144709140521 0.00096770905320542528 -0.00071701911144331221 -3.1792723590513215e-05 -0.0029303155088389998 0.0017464869099028714 -0.00058176822342482322 0.0038665352386634965 0.005787396830944821 0.0055432907437249577 0.00047157078301239569 -0.00044093035358673874 -0.00037364728512057294 0.0017229387612841783 -0.0048683529172981526 0.00047827237420847526
leaf_weight=614 632 26 32 33 37 129 82 20 51 34 31 33 1435 313 64 30 471 3020 58 20 1017 23 22 48 48 120 766 24 22 405
leaf_count=614 632 26 32 33 37 129 82 20 51 34 31 33 1435 313 64 30 471 3020 58 20 1017 23 22 48 48 120 766 24 22 405
internal_value=-0.000596275 -0.000432434 -0.000277773 -0.00243586 -0.000311193 -0.00402485 -0.000238225 -0.000281478 -0.000222912 -0.000263192 0.00452174 0.01075 -0.000332496 -0.000299521 -0.000823166 0.000202078 -0.000393813 -0.000529363 8.38304e-05 0.0012545 -0.000659056 0.00161282 0.00141813 0.00538912 0.0111667 0.00151049 0.000652137 0.00847059 0.00243478 0.000198119
internal_weight=9660 9028 8381 647 8355 161 8194 8157 8075 8055 115 64 7940 7906 3868 4038 3555 3491 4008 1556 2452 1498 1478 239 96 143 1239 68 46 1171
internal_count=9660 9028 8381 647 8355 161 8194 8157 8075 8055 115 64 7940 7906 3868 4038 3555 3491 4008 1556 2452 1498 1478 239 96 143 1239 68 46 1171
is_linear=0
shrinkage=0.08


Tree=146
num_leaves=31
num_cat=0
split_feature=6 29 13 27 21 17 25 33 1 7 25 5 1 31 8 29 15 7 27 27 15 27 17 25 27 33 6 33 4 1
split_gain=0.513407 0.447906 0.404093 0.398889 0.371331 0.473605 0.368389 0.877398 0.58958 0.519102 0.361229 0.554326 1.02121 1.08671 0.54785 0.976713 0.905402 1.73759 0.472163 0.408166 0.406426 0.367204 0.362963 0.623843 0.362427 0.359354 0.762462 0.68785 0.551698 0.584003
threshold=0.39350567118165908 13.818850000000003 13.983600000000001 14.260600000000002 18.517300000000002 17.955650000000002 18.410200000000007 -0.16099999999999956 6.5000000000000009 18.100093333333337 16.029150000000005 16.178590000000003 4.5000000000000009 16.191350000000003 1.0303224201353178 16.964700000000004 16.900950000000005 17.005243333333336 18.087200000000003 17.488600000000002 20.578700000000001 15.490150000000002 17.488600000000002 17.133600000000005 17.752500000000001 0.42685000000000001 0.17124906038571752 0.58620000000000083 1.5000000000000002 19.500000000000004
decision_type=2 2 2 2 2 2 2 2 2 2 2 2 2 2 2 2 2 2 2 2 2 2 2 2 2 2 2 2 2 2
left_child=2 -2 3 -1 6 -6 25 8 -8 -9 21 12 -12 -14 15 19 17 -17 22 -13 -16 -3 23 -18 -22 -4 -27 -28 -29 -30
right_child=1 10 4 -5 5 -7 7 9 -10 -11 11 14 13 -15 20 16 18 -19 -20 -21 24 -23 -24 -25 -26 26 27 28 29 -31
leaf_value=-0.00057010471437379643 0.00013971817742093024 -0.00036322152166223061 -0.00015249525183292883 -0.005126576808342968 -0.00019242285343412771 0.00039213331986320598 9.7900855294755234e-06 -0.0043877264791499148 0.0034671414306787123 0.0016263203033108668 -0.001520993546747207 -0.0043558251972776072 0.03536449725837075 0.00055098307954042536 -0.0026125297923701198 -0.00076985270178422493 -0.0082258628492944599 0.097344138210225403 0.004401384724218642 0.00014392415249536093 0.0021728205577120712 -0.0069117451766418578 -0.0025229731768897064 0.007212171254244738 -0.0048220526913445427 0.00036962401737911105 0.00051119837049048793 0.0018014305558390292 -0.0010640840952541959 0.0062736041053858002
leaf_weight=193 64 295 7098 83 24 25 23 59 29 24 43 124 21 25 406 27 22 20 26 24 21 148 36 32 20 24 416 22 246 40
leaf_count=193 64 295 7098 83 24 25 23 59 29 24 43 124 21 25 406 27 22 20 26 24 21 148 36 32 20 24 416 22 246 40
internal_value=-0.000587994 -0.0020325 -0.000352518 -0.00336232 -0.000249068 0.00669388 -0.000291695 0.00385185 0.012 -0.00125301 -0.00235659 -0.00138843 0.00458427 0.0128696 -0.00208971 0.000488744 0.00476073 0.0141277 0.000965515 -0.00421622 -0.00388367 -0.00420768 -0.00177778 0.00237037 0.00370732 -0.000362989 0.00130481 0.000839777 -0.00202598 -0.00296504
internal_weight=9660 1354 8306 276 8030 49 7981 135 52 83 1290 847 89 46 758 311 163 47 116 148 447 443 90 54 41 7846 748 724 308 286
internal_count=9660 1354 8306 276 8030 49 7981 135 52 83 1290 847 89 46 758 311 163 47 116 148 447 443 90 54 41 7846 748 724 308 286
is_linear=0
shrinkage=0.08


Tree=147
num_leaves=31
num_cat=0
split_feature=6 13 15 4 29 27 29 31 15 31 15 25 23 19 1 15 19 21 13 5 21 5 33 39 19 5 33 8 8 1
split_gain=0.53778 0.531861 0.438259 0.586446 0.343586 0.407298 0.434264 0.337575 0.577305 0.523188 1.22229 0.522925 0.618043 0.405644 0.329245 0.321208 0.319391 0.521082 0.816608 0.776369 0.364885 0.389773 0.657391 0.824147 1.31119 0.384493 0.50213 0.447718 1.01335 0.412584
threshold=0.31083398291248526 13.983600000000001 21.067900000000005 34.500000000000007 14.284200000000002 18.894150000000003 14.18125 18.197700000000005 18.087200000000003 18.356750000000002 17.911800000000003 18.120150000000006 17.955650000000002 18.042600000000004 9.5000000000000018 14.312950000000003 14.543600000000001 14.716850000000003 16.775850000000002 14.588936666666669 15.408500000000002 15.897186666666668 0.55884999999999974 84.414627055929188 15.662100000000001 16.99394666666667 -0.9933499999999994 0.30052281858943791 0.71704800698465154 7.5000000000000009
decision_type=2 2 2 2 2 2 2 2 2 2 2 2 2 2 2 2 2 2 2 2 2 2 2 2 2 2 2 2 2 2
left_child=1 -1 4 -4 5 6 15 -3 9 10 -9 12 -11 -10 -14 -2 -6 18 19 -18 -19 22 23 -22 -25 26 -23 -27 29 -29
right_child=2 7 3 -5 16 -7 -8 8 13 11 -12 -13 14 -15 -16 -17 17 20 -20 -21 21 25 -24 24 -26 27 -28 28 -30 -31
leaf_value=-0.001325827293449049 0.00031944648129738777 -9.6781675552333902e-05 0.010929636638665965 -0.0029944377246659223 -0.0038667456030261607 0.00067055728376702161 0.0064822431154788786 -4.6408247364912225e-05 -0.0022604671425243547 0.0069367697182734171 0.0021504522705508102 -0.0037046092457869453 3.5707027854971806e-06 0.00020465859614516503 -0.00088710248096969546 -0.0022262938371069131 -0.0012975030943159827 -0.0018692878534247817 -0.0062416157324610309 0.0021005264751677746 -0.00027291549065752956 0.0013848501466232825 -0.01046303787211144 0.0016304405919438595 -0.0001520330487665439 -0.0059703912957601692 -0.0046804554498766525 0.0075205792279672643 -0.0013413873397017198 9.967934126803528e-05
leaf_weight=270 37 7581 20 27 117 20 37 37 46 34 32 27 21 35 33 60 22 126 23 26 50 55 35 32 33 59 300 44 350 71
leaf_count=270 37 7581 20 27 117 20 37 37 46 34 32 27 21 35 33 60 22 126 23 26 50 55 35 32 33 59 300 44 350 71
internal_value=-0.00062112 -0.000360771 -0.00198964 0.00561702 -0.00222846 0.00135065 -0.000238808 -0.000240634 0.00256604 0.00504348 0.0105507 0.00173913 0.00472727 -0.00306173 -0.000592594 -0.00305155 -0.00263887 -0.00225775 0.00439436 0.0103333 -0.00266667 -0.0021691 0.0016 0.00452174 0.0104615 -0.00281229 -0.00484507 -0.00143512 -0.000602152 0.00591304
internal_weight=9660 8116 1544 47 1497 154 134 7846 265 184 69 115 88 81 54 97 1343 1226 71 48 1155 1029 150 115 65 879 355 524 465 115
internal_count=9660 8116 1544 47 1497 154 134 7846 265 184 69 115 88 81 54 97 1343 1226 71 48 1155 1029 150 115 65 879 355 524 465 115
is_linear=0
shrinkage=0.08


Tree=148
num_leaves=31
num_cat=0
split_feature=29 13 15 15 8 4 4 29 39 6 21 1 1 4 17 1 8 1 19 7 5 6 21 21 4 1 5 25 29 15
split_gain=0.295019 0.283639 0.405163 0.348851 0.304311 0.299872 4.68763 1.42089 1.15869 1.06778 0.871598 0.739053 1.74194 3.13814 0.744974 0.723793 0.531563 0.542705 0.675963 0.894971 0.688329 0.770526 0.933838 0.677583 0.567946 0.632938 0.72139 0.677554 0.833333 0.62814
threshold=20.808800000000002 13.950650000000001 15.105100000000002 13.950650000000001 3.5134649833721672 44.500000000000007 45.500000000000007 15.557500000000003 93.04431705794282 0.18724470759856474 18.517300000000002 1.5000000000000002 1.0000000180025095e-35 51.500000000000007 15.798950000000003 13.500000000000002 0.19259584216999115 4.5000000000000009 16.964700000000004 17.01088166666667 17.090176666666668 0.26120408730639993 17.042850000000005 16.938100000000002 53.500000000000007 17.500000000000004 16.320016666666671 15.262250000000002 14.576500000000001 15.656950000000002
decision_type=2 2 2 2 2 2 2 2 2 2 2 2 2 2 2 2 2 2 2 2 2 2 2 2 2 2 2 2 2 2
left_child=1 2 3 -1 5 -3 7 9 15 -7 11 12 -8 -14 -15 -9 -13 -18 19 24 21 22 23 -21 25 -19 27 28 -27 -29
right_child=-2 4 -4 -5 -6 6 10 8 -10 -11 -12 16 13 14 -16 -17 17 18 -20 20 -22 -23 -24 -25 -26 26 -28 29 -30 -31
leaf_value=0.00053408949707590091 -0.0019046943647633514 -0.00017227764242200636 0.034934668353067903 -0.0034109758071130679 0.00052997844684223342 0.0021828739356671381 -0.0025643205369189955 0.0012704918397698673 0.005691901970740181 0.0088982018090337719 0.00054237616457777612 -0.0012388092714838898 -0.0048367211238723191 0.11129100841562453 0.061207981315885451 -0.00051139322332112349 -0.0029849178812535854 -0.00013993880992550829 -0.00071780436169999792 0.00014653232374870178 -0.0016480264528660994 0.0017258010860634308 -0.0016094975565179312 0.0043824782371739293 -0.00095066866950367125 0.0062951095692998929 -0.008469694847323541 0.0019204848979149378 -0.00111409148228794 0.0060979920800861885
leaf_weight=34 53 6955 20 233 31 20 93 46 25 25 20 229 38 27 28 38 252 352 490 21 25 27 36 23 366 20 29 35 40 29
leaf_count=34 53 6955 20 233 31 20 93 46 25 25 20 229 38 27 28 38 252 352 490 21 25 27 36 23 366 20 29 35 40 29
internal_value=-0.000538304 -0.000505467 -0.00298258 -0.00380525 -0.000429186 -0.000455595 0.000329047 0.0138182 0.00888073 0.0257778 -0.000623855 -0.00077778 0.00404301 0.0117849 0.024 0.00438095 -0.00123202 -0.000756449 -0.000176827 0.00101296 0.00715151 0.00994392 0.006 0.0138182 8.26617e-05 0.00182178 0.00611765 0.00877419 0.00266666 0.0145
internal_weight=9660 9607 287 267 9320 9289 2334 154 109 45 2180 2160 186 93 55 84 1974 1745 1493 1003 132 107 80 44 871 505 153 124 60 64
internal_count=9660 9607 287 267 9320 9289 2334 154 109 45 2180 2160 186 93 55 84 1974 1745 1493 1003 132 107 80 44 871 505 153 124 60 64
is_linear=0
shrinkage=0.08


Tree=149
num_leaves=31
num_cat=0
split_feature=21 4 19 6 27 17 6 31 17 31 27 6 6 6 27 29 4 7 5 19 31 13 27 27 27 8 15 5 31 5
split_gain=0.384035 0.599042 0.63365 0.514689 0.498694 0.923136 0.728139 0.376082 0.402 0.367857 1.35262 0.629882 0.396811 0.850827 0.577201 0.556818 1.15227 0.33917 1.03101 0.920094 0.753463 0.408241 0.374652 0.459267 1.27377 0.47888 0.330199 0.668568 1.26235 1.00944
threshold=14.131850000000002 2.5000000000000004 17.752500000000001 1.857673035320681 14.548600000000002 14.817800000000002 0.34845930962210131 14.000100000000002 21.934550000000005 14.362500000000002 13.950650000000001 0.51441968357290035 0.20527846266152436 0.21063226104643937 14.09895 14.284200000000002 35.500000000000007 14.619045833333336 14.613023333333336 14.543600000000001 14.543600000000001 14.444800000000003 14.593050000000002 14.647350000000001 14.642450000000002 0.18714801693387892 14.934950000000002 15.319050000000002 15.000850000000002 15.34720666666667
decision_type=2 2 2 2 2 2 2 2 2 2 2 2 2 2 2 2 2 2 2 2 2 2 2 2 2 2 2 2 2 2
left_child=1 -1 -3 4 5 9 -7 -5 -9 12 -11 -12 -2 -14 -15 16 -16 -6 19 -19 -21 -20 -23 24 -24 -25 -27 -28 -29 -30
right_child=3 2 -4 7 17 6 -8 8 -10 10 11 -13 13 14 15 -17 -18 18 21 20 -22 22 23 25 -26 26 27 28 29 -31
leaf_value=0.0074074930724615561 -0.0013813810415139252 -0.0015057850302406227 0.00087930990404041576 0.00052715330542672529 -0.0018498209655067586 0.0025231560173521418 0.00011518475610065568 -0.0021544773849621907 0.00092978096034105825 0.00030672936009106054 3.855529566018784e-05 0.012401590517913768 0.00058073684919263233 -0.0029031132928586645 -0.002721903838527205 -0.0020527528149094929 0.0081315316190196628 -0.00055432494687853015 -0.0076874551550477092 0.00082140789412109034 0.0032935667536056548 -0.0017982004185909623 -0.00035973010806710062 -0.0013110793430872554 0.0028166561130057882 0.00030558217791361991 -0.0018986472060327146 0.0012898630173557618 0.0019778579101991461 -0.00014198395996194176
leaf_weight=21 254 727 21 39 192 20 22 353 22 30 567 21 23 56 20 44 24 34 66 22 20 42 53 124 30 298 311 25 118 6061
leaf_count=21 254 727 21 39 192 20 22 353 22 30 567 21 23 56 20 44 24 34 66 22 20 42 53 124 30 298 311 25 118 6061
internal_value=-0.000563149 -0.00227829 -0.00265241 -0.000414803 -0.00028029 0.0013247 0.0129524 -0.00316908 -0.00394667 0.000854666 0.00209709 0.0012517 -0.000969123 0.00205988 -0.000222224 0.00381818 0.0101818 -0.000514875 -0.000426432 0.0088421 0.0167619 -0.000525254 -0.000466725 -0.000421654 0.00549397 -0.000492434 -0.000402761 -0.000521875 -0.000340427 -0.000413014
internal_weight=9660 769 748 8891 8477 1081 42 414 375 1039 618 588 421 167 144 88 44 7396 7204 76 42 7128 7062 7020 83 6937 6813 6515 6204 6179
internal_count=9660 769 748 8891 8477 1081 42 414 375 1039 618 588 421 167 144 88 44 7396 7204 76 42 7128 7062 7020 83 6937 6813 6515 6204 6179
is_linear=0
shrinkage=0.08


Tree=150
num_leaves=31
num_cat=0
split_feature=39 29 33 6 5 8 7 33 23 23 8 4 33 25 4 15 19 27 27 33 5 17 27 23 15 4 15 21 21 33
split_gain=0.372871 0.462894 0.5931 0.440202 0.477129 0.543851 0.667285 0.752005 0.449337 0.759352 0.635593 0.580289 0.496388 0.696037 0.456049 0.437212 0.800128 0.547605 0.427991 0.862854 0.425589 1.31083 0.38382 0.560362 0.449605 0.471724 0.4 0.355102 0.54026 0.512121
threshold=77.113920189701375 13.884750000000002 0.26439999999999936 0.39350567118165908 17.006683333333338 1.9044126933116312 15.769224166666667 -0.4296499999999987 16.964700000000004 17.155700000000007 0.75571478695027927 15.500000000000002 -0.40254999999999969 21.448650000000004 10.500000000000002 18.087200000000003 18.275250000000003 17.191450000000007 13.917650000000002 0.32945000000000052 15.897186666666668 16.566100000000002 14.043850000000001 13.851850000000002 13.917650000000002 9.5000000000000018 14.197750000000001 15.4565 15.896950000000002 0.034500000000000426
decision_type=2 2 2 2 2 2 2 2 2 2 2 2 2 2 2 2 2 2 2 2 2 2 2 2 2 2 2 2 2 2
left_child=22 2 -2 18 5 20 -7 -8 -6 10 -10 14 -13 15 -11 17 -17 -14 19 -3 21 27 24 26 -1 -26 -24 -5 29 -29
right_child=1 3 -4 4 8 6 7 -9 9 11 -12 12 13 -15 -16 16 -18 -19 -20 -21 -22 -23 23 -25 25 -27 -28 28 -30 -31
leaf_value=0.00018894609119388247 -2.493831584427666e-05 -0.00043498986838176032 0.0006203897539279814 -0.0019765309191819534 -0.0040043124780356609 0.0012348865411211799 0.052257666909246173 -0.0022846748224827967 0.0068420785386619429 0.0030744500413189347 -0.00012812527870530264 -0.00718684899889248 0.00031517329254581258 0.0010003043815412541 0.068615474725994663 0.0036778430247945072 -0.0060322552532767176 -0.0062404575408648221 -7.5297732614120432e-05 0.0039051031392634641 -0.0060058920655295953 0.00058862811155946707 -0.001668946254509034 -0.0010213018730558701 0.0004954609977547886 -0.0026095439960455023 0.0040993616247209513 0.009456732992682966 -0.0027555693023087737 -0.0070299161054436995
leaf_weight=35 50 34 33 169 113 27 20 68 27 30 32 82 32 22 29 24 26 75 7419 20 319 23 20 641 29 171 20 20 26 24
leaf_count=35 50 34 33 169 113 27 20 68 27 30 32 82 32 22 29 24 26 75 7419 20 319 23 20 641 29 171 20 20 26 24
internal_value=-0.000612838 -0.000451969 0.00549397 -0.00050895 -0.0019394 -0.00328736 0.00173913 -0.00163637 -3.25222e-05 0.0012876 0.00962712 -0.000250002 -0.00186973 0.000491618 0.00691525 -0.0013758 0.0048 -0.00426168 -0.000281549 0.00681481 -0.00428227 -0.00189313 -0.00214847 -0.00118649 -0.00493617 -0.0064 0.008 -0.00364854 0.00114286 0.00654545
internal_weight=9660 8744 83 8661 1188 696 115 88 492 379 59 320 261 179 59 157 50 107 7473 54 581 262 916 681 235 200 40 239 70 44
internal_count=9660 8744 83 8661 1188 696 115 88 492 379 59 320 261 179 59 157 50 107 7473 54 581 262 916 681 235 200 40 239 70 44
is_linear=0
shrinkage=0.08


Tree=151
num_leaves=31
num_cat=0
split_feature=6 8 2 5 25 15 19 8 19 8 21 7 19 23 23 17 21 1 27 31 1 4 4 39 19 25 31 7 27 8
split_gain=0.384877 0.357496 0.338995 0.351639 0.625945 0.754068 0.707071 0.554985 0.435483 0.415932 1.22753 0.714768 0.677336 0.969979 0.585405 0.513696 0.555255 0.433653 0.407247 0.332324 0.664227 0.596283 0.901373 0.665126 0.501719 0.668896 0.543478 0.349481 0.65688 0.887472
threshold=0.39350567118165908 0.30580319664939365 5.5000000000000009 15.389376666666669 14.543600000000001 14.647350000000001 14.968750000000002 0.34064491142499004 16.287150000000004 1.7113343486372252 16.322600000000005 17.276123333333334 18.356750000000002 18.087200000000003 17.172400000000007 16.892300000000002 18.731750000000002 20.500000000000004 19.886300000000002 14.197750000000001 14.500000000000002 15.500000000000002 13.500000000000002 78.278411754875421 14.066000000000001 14.066000000000001 14.043850000000001 14.134939166666669 14.09895 0.18295128105542358
decision_type=2 2 2 2 2 2 2 2 2 2 2 2 2 2 2 2 2 2 2 2 2 2 2 2 2 2 2 2 2 2
left_child=19 -2 3 4 -3 -6 -7 -5 -9 11 -11 18 13 14 -13 17 -17 -12 -10 20 21 22 24 -23 25 -1 -27 28 29 -21
right_child=1 2 -4 7 5 6 -8 8 9 10 15 12 -14 -15 -16 16 -18 -19 -20 27 -22 23 -24 -25 -26 26 -28 -29 -30 -31
leaf_value=-0.0076101235101493575 -0.0032586209548662948 -0.00037796488943406557 -0.011573817557432982 0.015227487280823529 0.0015263639696366808 -0.00061677349783309185 0.00017614736661832557 -0.0037270996117009952 -0.0029564886769321021 0.00090107147929655376 0.00060522170218463582 0.0044042883004134703 -0.0018475284157067153 0.0048489802654904145 -0.0008420140643353028 -0.0023466723564923328 0.0093890412654291742 -0.0024041682568794282 0.0059479910591808188 -0.0019716703703922906 -0.0054564797499350474 -0.0019326498394870346 0.0031223755992910319 0.0024522181756882928 -0.0021525739400221518 0.0014120029601770656 0.00035770616184428353 -7.2605669461081799e-05 -0.0011118071053697934 0.00044865440998210002
leaf_weight=26 58 93 92 21 38 30 33 275 360 28 21 24 63 26 50 77 20 23 22 37 101 507 31 27 91 23 23 7257 95 88
leaf_count=26 58 93 92 21 38 30 33 275 360 28 21 24 63 26 50 77 20 23 22 37 101 507 31 27 91 23 23 7257 95 88
internal_value=-0.000604557 -0.00185525 -0.00158025 -0.00122259 0.00189691 0.00625742 0.000888887 -0.00182178 -0.00209505 -0.00105322 0.0024142 -0.00212844 0.00230675 0.0064 0.00172973 -0.000624115 -0.00387629 0.00654545 -0.00402094 -0.000400676 -0.00192039 -0.00107692 0.00272165 -0.00245693 0.000343556 0.00533333 0.0111304 -0.000232181 0.00290909 0.00672
internal_weight=9660 1354 1296 1204 194 101 63 1010 989 714 169 545 163 100 74 141 97 44 382 8306 829 728 194 534 163 72 46 7477 220 125
internal_count=9660 1354 1296 1204 194 101 63 1010 989 714 169 545 163 100 74 141 97 44 382 8306 829 728 194 534 163 72 46 7477 220 125
is_linear=0
shrinkage=0.08


Tree=152
num_leaves=31
num_cat=0
split_feature=6 5 17 25 7 25 19 4 17 15 4 17 31 1 4 4 7 17 8 8 8 4 5 5 19 8 7 13 13 21
split_gain=0.581888 0.350139 0.766586 0.991589 1.67828 0.489363 0.841558 0.384113 0.489308 0.568049 0.419048 0.38207 0.307452 0.590392 1.12309 0.572468 0.427144 0.585426 0.511188 0.523793 0.905424 0.640002 0.455689 0.389401 0.348862 0.608046 0.896636 0.316623 0.381164 0.357628
threshold=0.39350567118165908 15.674236666666669 16.269450000000003 14.642450000000002 15.71881416666667 15.763450000000002 15.816150000000002 35.500000000000007 14.230700000000001 14.4777 47.500000000000007 22.535450000000004 14.197750000000001 5.5000000000000009 56.500000000000007 8.5000000000000018 14.134939166666669 14.312950000000003 0.1792320980534032 0.1973654158692548 0.19259584216999115 40.500000000000007 14.168676666666668 14.136610000000003 14.148300000000001 0.22268823414373259 14.571320000000002 14.362500000000002 14.284200000000002 14.148300000000001
decision_type=2 2 2 2 2 2 2 2 2 2 2 2 2 2 2 2 2 2 2 2 2 2 2 2 2 2 2 2 2 2
left_child=12 2 5 -4 -5 7 -7 -2 -9 -10 -11 -3 13 14 15 -1 17 18 -14 20 21 -20 -18 -21 25 -17 -27 28 29 -15
right_child=1 11 3 4 -6 6 -8 8 9 10 -12 -13 16 27 -16 24 22 -19 19 23 -22 -23 -24 -25 -26 26 -28 -29 -30 -31
leaf_value=0.0035127094099321357 -0.0038724864366192599 -0.0014642525948828397 -0.00019197454414172821 0.00081678119007615039 -3.7410284399344606e-05 0.0019177972771930384 -0.0091327246756607219 -0.0051352817689654653 0.0075655693833968666 0.0014299366836106459 -0.00085981553164142966 0.0008155607050237462 -0.0013258088148633313 -0.0014976037062318617 0.0051260776724634249 -0.0018975223042174149 -0.0023762895989486001 -0.0068817194661596427 0.0007619752696686853 -0.0038926241175797557 0.0012171323152282223 -0.0028789443997018845 -5.8427438647933597e-05 0.00015013796543249158 -0.0011611825049469829 0.001948793275670057 -0.0028036931296344623 -0.0054179320163397519 0.007636319705062007 -0.0032687114859587573
leaf_weight=46 163 961 25 20 21 35 20 27 20 20 22 20 37 266 26 87 68 26 42 31 33 26 7189 25 146 34 24 89 28 83
leaf_count=46 163 961 25 20 21 35 20 27 20 20 22 20 37 266 26 87 68 26 42 31 33 26 7189 25 146 34 24 89 28 83
internal_value=-0.000612838 -0.00215067 -6.43451e-05 0.00775757 0.0154146 -0.00174593 0.00509091 -0.0032381 0.000988762 0.00490322 -0.000380954 -0.00294394 -0.00036215 -0.00182389 0.000595039 -0.000640951 -0.000200082 0.00327273 0.0047835 0.00677707 0.0102178 0.00494117 -0.000305362 0.000571427 -0.00195189 0.000827584 0.00717241 -0.00370816 -0.00269496 -0.00341547
internal_weight=9660 1354 373 66 41 307 55 252 89 62 42 981 8306 829 363 337 7477 220 194 157 101 68 7257 56 291 145 58 466 377 349
internal_count=9660 1354 373 66 41 307 55 252 89 62 42 981 8306 829 363 337 7477 220 194 157 101 68 7257 56 291 145 58 466 377 349
is_linear=0
shrinkage=0.08


Tree=153
num_leaves=31
num_cat=0
split_feature=6 21 4 25 4 29 6 39 39 1 7 19 21 39 19 33 27 6 1 1 39 31 6 4 7 17 25 13 25 33
split_gain=0.466637 0.396663 0.380348 0.751181 0.734844 0.368337 0.698714 0.457166 0.937509 0.624686 1.02083 0.405641 0.47911 0.314142 0.430697 0.7191 1.33032 0.284246 0.289551 0.286835 0.277778 0.274887 0.494118 0.274341 0.480032 0.653992 0.373588 0.258511 0.244116 0.350681
threshold=0.39350567118165908 14.043850000000001 16.500000000000004 14.362500000000002 12.500000000000002 13.884750000000002 2.6389273930594825 84.559542770203691 85.367862504796832 1.5000000000000002 15.667507500000001 16.365600000000004 15.105100000000002 92.957041365105837 17.110850000000003 0.49335000000000134 16.938100000000002 2.5606975924117372 21.500000000000004 20.500000000000004 86.651168642462395 16.566100000000002 1.1051669709546303 40.500000000000007 18.123570000000004 19.437050000000003 17.911800000000003 16.639900000000001 17.381450000000005 -0.11190000000000032
decision_type=2 2 2 2 2 2 2 2 2 2 2 2 2 2 2 2 2 2 2 2 2 2 2 2 2 2 2 2 2 2
left_child=1 2 3 4 -1 6 -2 17 -9 10 -10 20 -13 21 15 16 -15 -7 19 -19 -11 22 -14 24 -16 -26 -25 -17 -23 -30
right_child=5 -3 -4 -5 -6 7 -8 8 9 11 -12 12 13 14 23 27 -18 18 -20 -21 -22 28 -24 26 25 -27 -28 -29 29 -31
leaf_value=-0.0071990871197946237 0.00084183269345456638 -5.2361190540996557e-05 -0.0022995711944537823 0.021581848990550403 0.003288509457156519 -0.0025092336012391232 -0.00013519826372777611 0.0011169151183729842 0.001126615589418135 -0.00038260239257628139 -0.0040000207648999411 0.00047590642193917236 0.0026825077916154149 -0.0015567381063602598 -0.0067177328673331468 0.014818970175553496 0.0041035043244199336 -0.0094202002214722781 -0.003670945339477294 0.0050158938178150427 -0.0058700723316964252 -0.0027119292739001622 -0.0051899336770927038 0.007815397507660124 0.10514897457267147 -0.0030432366464826768 -0.00022785130953256752 -0.0066733805511160794 -0.0038233294837085596 0.0024308863727663015
leaf_weight=48 25 7929 285 21 23 273 43 38 24 22 24 22 30 26 158 20 25 21 22 30 175 150 21 27 22 26 32 27 41 30
leaf_count=48 25 7929 285 21 23 273 43 38 24 22 24 22 30 26 158 20 25 21 22 30 175 150 21 27 22 26 32 27 41 30
internal_value=-0.000596275 -0.000371781 -0.00290716 0.00156522 -0.0023662 -0.00197341 0.0037647 -0.00227683 -0.0013617 -0.00188027 0.007 -0.00237939 -0.00142466 -0.00182677 -0.000286503 0.0042449 0.0108235 -0.00476301 -0.000328769 0.00298039 -0.00556345 -0.00388235 0.00141176 -0.00196227 -0.00333981 0.00366666 0.00284746 -0.00289362 -0.00510407 -0.00123944
internal_weight=9660 8306 377 92 71 1354 68 1286 940 902 48 854 657 635 363 98 51 346 73 51 197 272 51 265 206 48 59 47 221 71
internal_count=9660 8306 377 92 71 1354 68 1286 940 902 48 854 657 635 363 98 51 346 73 51 197 272 51 265 206 48 59 47 221 71
is_linear=0
shrinkage=0.08


Tree=154
num_leaves=31
num_cat=0
split_feature=25 21 21 29 4 4 39 5 29 6 13 19 21 4 15 13 7 39 17 4 7 25 4 6 6 5 39 17 27 21
split_gain=0.546878 0.639477 0.473326 0.454144 0.548571 0.460468 0.488686 0.829665 0.359119 0.634516 0.379648 0.341936 0.342743 0.552009 0.39207 0.750406 0.388649 0.884558 0.868316 1.0066 0.651311 1.17805 1.07016 0.619749 1.53462 0.584195 0.706163 0.657149 1.06477 0.992484
threshold=18.517300000000002 9.6461500000000004 14.043850000000001 14.260600000000002 4.5000000000000009 14.500000000000002 77.113920189701375 14.118983333333334 13.818850000000003 2.6389273930594825 13.818850000000003 13.851850000000002 18.517300000000002 45.500000000000007 17.071750000000005 17.846600000000006 15.716931666666669 88.991842909234137 16.029150000000005 13.500000000000002 16.245385000000002 16.191350000000003 25.500000000000004 0.25287953648533773 0.40372952699674519 15.739640000000001 84.414627055929188 15.593050000000002 15.816150000000002 15.965100000000001
decision_type=2 2 2 2 2 2 2 2 2 2 2 2 2 2 2 2 2 2 2 2 2 2 2 2 2 2 2 2 2 2
left_child=1 -1 3 4 -3 -5 7 -7 9 -4 -10 -12 16 14 -14 -16 18 -18 25 -20 21 -19 -23 -21 -25 26 -13 28 29 -28
right_child=-2 2 8 5 -6 6 -8 -9 10 -11 11 12 13 -15 15 -17 17 20 19 23 -22 22 -24 24 -26 -27 27 -29 -30 -31
leaf_value=0.00016823238508510065 -0.0012627878859527576 0.019973804349214423 0.00077530863058011107 -0.0092866632294836739 -0.0030046411971837816 -0.0048410562820087703 -0.002136446823805795 0.0019190246140311472 -0.0084804064753547809 -0.00094011631589607054 -0.00051555402073380767 -6.8992008421505578e-05 -0.010992806861695396 0.00050049357904084128 0.012010969308327091 -0.00011882524571881517 -0.002961354065991394 -0.0015819149075409886 0.0019245444482753921 -0.00065359728457655602 -0.00013405179323546805 -0.0014843542301216414 0.0042720407630545574 0.0066603721127186733 -0.038182937122468431 -0.0084965602729291153 0.00034140774836312706 -0.00027610274254479499 0.0029854836094135757 0.0010677809627673823
leaf_weight=23 225 20 29 30 280 22 47 38 61 21 73 3196 22 20 23 64 878 41 38 57 3420 21 34 35 38 77 447 301 22 57
leaf_count=23 225 20 29 30 280 22 47 38 61 21 73 3196 22 20 23 64 878 41 38 57 3420 21 34 35 38 77 447 301 22 57
internal_value=-0.000546586 -0.000453632 -0.00048619 -0.00305721 -0.0048 0.000759122 0.00321495 0.008 -0.000361005 0.0064 -0.000398881 -0.000355598 -0.000310319 0.00378294 0.00154128 0.00395402 -0.000371279 -0.00089941 0.000172444 0.00580952 -0.000332198 0.00616666 0.0138182 0.00246154 0.00734246 -5.85385e-05 7.3575e-05 0.00215719 0.00386312 0.00311111
internal_weight=9660 9435 9412 437 300 137 107 60 8975 50 8925 8864 8791 129 109 87 8662 4394 4268 168 3516 96 55 130 73 4100 4023 827 526 504
internal_count=9660 9435 9412 437 300 137 107 60 8975 50 8925 8864 8791 129 109 87 8662 4394 4268 168 3516 96 55 130 73 4100 4023 827 526 504
is_linear=0
shrinkage=0.08


Tree=155
num_leaves=31
num_cat=0
split_feature=21 17 6 31 17 21 8 4 29 17 5 39 15 23 19 5 25 1 1 25 23 23 27 29 27 27 23 21 8 1
split_gain=0.372655 0.48 0.35826 0.42581 0.777432 0.711765 0.521277 0.408779 0.433346 0.398437 1.27908 1.01341 0.846651 1.8211 1.07334 0.53433 0.517396 0.492613 0.468346 0.51562 0.864013 0.472321 0.458009 0.436668 0.631431 0.506016 0.371316 0.679965 0.387611 0.369591
threshold=12.978900000000001 17.752500000000001 0.27441155743386619 14.043850000000001 14.284200000000002 14.131850000000002 0.19201495402215982 57.500000000000007 17.207200000000004 15.692450000000003 15.897186666666668 81.945894062284438 15.699150000000001 15.515000000000002 16.287150000000004 15.611050000000002 15.763450000000002 10.500000000000002 18.500000000000004 17.149950000000004 17.079750000000004 17.656400000000001 15.294250000000002 17.071750000000005 17.042850000000005 17.488600000000002 17.110850000000003 16.824400000000001 0.24028468717416576 22.500000000000004
decision_type=2 2 2 2 2 2 2 2 2 2 2 2 2 2 2 2 2 2 2 2 2 2 2 2 2 2 2 2 2 2
left_child=1 -1 3 4 -2 6 -6 8 9 15 11 -11 13 -13 -14 16 29 23 -19 21 -21 -20 -18 25 -25 -12 -10 -28 -29 -4
right_child=2 -3 7 -5 5 -7 -8 -9 26 10 17 12 14 -15 -16 -17 22 18 19 20 -22 -23 -24 24 -26 -27 27 28 -30 -31
leaf_value=1.4705349843418962e-06 -0.0025746244685015888 0.0033079806563427994 -0.00090456838034371086 -2.3305623322778549e-05 0.00019468103783848431 0.0017854257554254128 -0.0027561113736290412 0.0018790510847930873 -0.0048002499491324692 -0.011195565917116193 -0.00033442609988939035 0.00025487302341399196 -0.0022468427869699148 0.0048634324604417889 0.0011075426668519393 -0.0084213052963781204 0.011177913375493601 -0.0037422514793867541 -0.0027104168297905759 0.01877594394800958 -0.006805111451432944 0.00082880400196421291 -0.0026916109899640752 0.0023589314213763521 -0.0011170841666926811 0.00012638393210603338 0.0017604771203288004 0.0014757333887783219 -0.00053792722479395635 0.0095911756048252701
leaf_weight=30 262 20 316 7258 25 30 47 38 190 22 236 30 32 22 22 117 20 135 140 38 39 20 22 21 22 32 26 20 401 27
leaf_count=30 262 20 316 7258 25 30 47 38 190 22 236 30 32 22 22 117 20 135 140 38 39 20 22 21 22 32 26 20 401 27
internal_value=-0.000488615 0.0064 -0.000524456 -0.000274995 -0.00294506 0.00298039 -0.00133334 -0.00148089 -0.00164103 -0.00081036 0.000286065 0.007625 0.0108679 0.0181538 0.00385185 -0.00258168 -0.00114286 -0.00108931 -0.00305377 -0.000911394 0.00446753 -0.0035 0.00723809 0.00126045 0.00874418 5.96996e-05 -0.00335322 -0.00209396 -0.00286936 -0.0021691
internal_weight=9660 50 9610 7622 364 102 72 1988 1950 1313 811 128 106 52 54 502 385 683 372 237 77 160 42 311 43 268 637 447 421 343
internal_count=9660 50 9610 7622 364 102 72 1988 1950 1313 811 128 106 52 54 502 385 683 372 237 77 160 42 311 43 268 637 447 421 343
is_linear=0
shrinkage=0.08


Tree=156
num_leaves=31
num_cat=0
split_feature=6 31 27 21 1 23 15 15 23 17 5 5 8 13 1 8 6 39 27 7 1 21 15 25 25 33 6 17 13 17
split_gain=0.448472 0.509981 0.485426 0.358361 0.382907 0.581008 1.56141 0.754658 0.349484 0.332666 0.427579 0.597562 0.477557 0.421091 0.527325 0.400761 0.378804 0.817115 0.522253 0.431423 0.344108 0.479047 0.347694 0.329527 0.295603 0.289009 0.284444 0.273485 0.244451 0.239434
threshold=0.39350567118165908 13.983600000000001 17.008900000000004 14.043850000000001 7.5000000000000009 14.131850000000002 14.197750000000001 14.016500000000002 14.461300000000001 22.535450000000004 17.790056666666668 17.520526666666672 1.3341716577832046 16.001000000000001 1.5000000000000002 2.7120227097824601 1.6236399351961104 86.814028891712738 18.314050000000005 16.928115000000002 20.500000000000004 14.230700000000001 15.557500000000003 13.851850000000002 18.605250000000002 -0.8807500000000007 2.4447367355058018 17.423700000000004 18.556400000000004 18.478250000000003
decision_type=2 2 2 2 2 2 2 2 2 2 2 2 2 2 2 2 2 2 2 2 2 2 2 2 2 2 2 2 2 2
left_child=3 2 26 4 5 6 7 -1 -7 10 11 13 27 20 -15 16 17 -16 -19 -18 -3 -22 -23 -5 25 -25 -2 -13 29 -27
right_child=1 9 -4 23 -6 8 -8 -9 -10 -11 -12 12 -14 14 15 -17 19 18 -20 -21 21 22 -24 24 -26 28 -28 -29 -30 -31
leaf_value=1.5638443621111395e-05 0.00040636238469329389 -0.0036821749407476342 0.00033238744797583065 0.0079406988343395362 -0.0030354599132326218 -0.0037785858207949308 -0.0057103791294796291 0.0033108504867446213 0.0012013207198285974 0.0012713151952851017 -0.0018350477509050192 -0.010566275782612712 0.00086101576832717534 0.00038443776402901682 0.0039151627388362411 0.00067125179447043344 -0.0053566340304967664 -0.00088845890805066868 0.0058483695461324058 0.00017031349629693457 0.028343680379421199 -0.00092678299010001491 0.00058545593654485027 0.00066239959524333708 0.00039302851099317412 -3.9108139009377176e-05 -0.0066960393609225193 0.018302805331886992 -0.0041289968939432114 0.0019345945202473426
leaf_weight=21 25 229 32 23 181 90 34 25 26 20 209 24 20 33 33 24 104 337 22 29 31 107 35 31 24 7746 20 20 26 79
leaf_count=21 25 229 32 23 181 90 34 25 26 20 209 24 20 33 33 24 104 337 22 29 31 107 35 31 24 7746 20 20 26 79
internal_value=-0.000505178 -0.00185525 0.00446753 -0.000285097 -0.00269496 -0.0002449 0.005 0.0146087 -0.00386207 -0.00223649 -0.00239937 -0.00174046 0.00575 -0.00222764 -0.000852236 -0.00144262 -0.00190476 -0.000653063 -0.00176045 -0.00559399 -0.00421891 -0.00152601 -0.00349296 -0.000170515 -0.000198332 -0.000225325 -0.000888891 0.00109091 -0.000255766 -0.000230034
internal_weight=9660 1354 77 8306 377 196 80 46 116 1277 1257 1048 64 984 582 549 525 392 359 133 402 173 142 7929 7906 7882 45 44 7851 7825
internal_count=9660 1354 77 8306 377 196 80 46 116 1277 1257 1048 64 984 582 549 525 392 359 133 402 173 142 7929 7906 7882 45 44 7851 7825
is_linear=0
shrinkage=0.08


Tree=157
num_leaves=31
num_cat=0
split_feature=21 19 29 17 6 8 8 15 17 25 8 33 1 8 7 25 23 17 13 23 21 33 25 27 25 27 15 13 13 5
split_gain=0.63464 0.729378 0.553275 0.745074 0.676798 0.312148 0.604137 0.729891 0.458699 0.663868 0.426562 0.582477 0.800128 0.350166 0.721308 0.662258 0.33473 0.511043 0.316731 0.309274 0.482747 0.286705 0.255755 0.398629 0.536976 0.615277 0.458009 0.246407 0.235714 0.234722
threshold=14.016500000000002 17.752500000000001 13.818850000000003 15.390450000000003 0.39350567118165908 0.30580319664939365 0.73712317044747688 18.642900000000001 15.426750000000002 14.851500000000001 0.34064491142499004 -0.26264999999999977 10.500000000000002 1.7113343486372252 15.667507500000001 21.067900000000005 17.110850000000003 16.900950000000005 17.488600000000002 18.158950000000001 18.825550000000003 -0.8807500000000007 14.197750000000001 14.043850000000001 14.082400000000002 14.082400000000002 14.066000000000001 18.556400000000004 19.886300000000002 17.40947666666667
decision_type=2 2 2 2 2 2 2 2 2 2 2 2 2 2 2 2 2 2 2 2 2 2 2 2 2 2 2 2 2 2
left_child=1 22 3 -2 21 -6 7 8 9 -7 -10 12 -12 15 -15 19 -16 -18 -19 20 28 -4 23 -1 25 -25 -26 -23 -8 -13
right_child=2 -3 4 -5 5 6 13 -9 10 -11 11 29 -14 14 16 -17 17 18 -20 -21 -22 27 -24 24 26 -27 -28 -29 -30 -31
leaf_value=-0.0065162330756121179 0.00062405009324108067 0.0011759817224597361 0.00060940762762394572 -0.00031989314147460104 -0.0026653198523349021 -0.0060495471532851629 -0.0030615305200906166 0.13279500262961233 0.0103956363736636 0.0016988228708783254 0.0024745475392751732 -0.0018125873584414005 -0.0071555910831532215 0.00033099236538761394 -0.0027100579984852707 0.0014617006046596661 0.0008976788369030736 -0.0043326076634245441 0.00018378921438531848 -0.0062400735925852201 0.001823566089571429 -2.7393186875969171e-05 -0.0015102945169700485 0.00079067488877308811 0.004099426670110904 -0.0045284523517220088 -0.00070068006483879315 -0.0037986771424277643 0.00042546790031747455 2.057153420492279e-06
leaf_weight=65 35 21 31 29 57 25 432 20 24 22 24 120 26 35 110 31 25 31 27 128 27 7876 172 24 20 121 22 26 30 24
leaf_count=65 35 21 31 29 57 25 432 20 24 22 24 120 26 35 110 31 25 31 27 128 27 7876 172 24 20 121 22 26 30 24
internal_value=-0.000554867 -0.00350562 -0.000412373 0.007 -0.000464213 -0.00222003 -0.00193626 0.00126316 0.000150941 0.00731915 -0.0013945 -0.00263918 0.0048 -0.00297717 -0.000280704 -0.00392593 -0.00219689 0.00163855 -0.00248276 -0.00449919 -0.00358282 -0.000194632 -0.00422642 -0.00260318 -0.000727275 -0.00303448 0.00723809 -0.000224755 -0.00419048 -0.00522222
internal_weight=9660 445 9215 64 9151 1218 1161 285 265 47 218 194 50 876 228 648 193 83 58 617 489 7933 424 252 187 145 42 7902 462 144
internal_count=9660 445 9215 64 9151 1218 1161 285 265 47 218 194 50 876 228 648 193 83 58 617 489 7933 424 252 187 145 42 7902 462 144
is_linear=0
shrinkage=0.08


Tree=158
num_leaves=31
num_cat=0
split_feature=21 8 29 17 6 15 6 13 2 19 21 33 6 8 7 27 1 23 17 21 4 19 21 1 7 39 15 6 6 1
split_gain=0.674431 0.587291 0.370644 0.573414 0.34514 0.396676 0.342226 0.345066 0.467633 0.466667 0.458009 0.323725 0.480417 0.946974 0.853205 1.25714 0.28065 0.274551 0.471274 0.311028 1.07 0.290604 1.09898 1.63808 0.615146 0.625287 1.30854 0.574417 0.48789 0.380388
threshold=14.016500000000002 1.9814129932576601 13.818850000000003 14.593050000000002 1.857673035320681 15.213850000000003 2.2890016687121642 16.191350000000003 3.5000000000000004 19.437050000000003 16.661800000000003 1.6094500000000009 1.2556854237668438 0.84338032758635817 16.660232500000003 17.110850000000003 13.500000000000002 18.642900000000001 18.681650000000001 18.517300000000002 36.500000000000007 15.725800000000001 16.121200000000005 8.5000000000000018 15.393570833333337 83.980423686892763 15.621500000000003 0.31083398291248526 0.17687687884893552 1.0000000180025095e-35
decision_type=2 2 2 2 2 2 2 2 2 2 2 2 2 2 2 2 2 2 2 2 2 2 2 2 2 2 2 2 2 2
left_child=1 16 3 -2 11 -6 -7 10 -9 -10 -8 12 17 -14 -15 -16 -1 18 19 21 -21 22 29 -24 -23 26 -26 28 -27 -4
right_child=2 -3 4 -5 5 6 7 8 9 -11 -12 -13 13 14 15 -17 -18 -19 -20 20 -22 24 23 -25 25 27 -28 -29 -30 -31
leaf_value=-0.00085420543243978095 0.0006765092811570622 0.00078618944996121159 -0.0020918468847119422 -9.5514980345792413e-05 -0.0074060904499199769 -0.0074977433296595716 -0.00067233265089337673 -0.0010644634566474721 0.019105495526124869 -0.0042496046939646329 0.0078974979678226916 -0.010363280444505621 0.00083316595908677861 -0.015360774653333751 0.0036125332078670259 -0.00042479766778735079 -0.0029756524454355856 -0.0026422380651450529 0.0031191752221811876 -0.00020143015464337393 0.00032491707851998444 -0.0026119392824772419 0.0053456145509458708 -0.00053021597842248746 -0.0019279980828212913 -0.0019639664112883004 0.021325929284551088 -0.0018270468624376705 -6.8814524148498823e-05 3.9011991567229126e-05
leaf_weight=325 29 24 156 35 96 103 22 90 28 20 20 53 38 65 20 35 96 48 20 43 24 114 34 31 46 182 24 430 3503 3906
leaf_count=325 29 24 156 35 96 103 22 90 28 20 20 53 38 65 20 35 96 48 20 43 24 114 34 31 46 182 24 430 3503 3906
internal_value=-0.00046377 -0.00350562 -0.000316877 0.00575 -0.000359307 -0.00272296 -0.00121555 0.000888887 -0.00104348 0.00533333 0.00723809 -0.000257184 -0.000219293 0.0041519 0.000666665 0.008 -0.00419953 -0.000299967 -0.000265948 -0.000294833 0.00513433 -0.000338003 0.000141505 0.0104615 -0.000798327 -0.000640384 0.00685714 -0.000767924 -0.000445049 -2.36356e-05
internal_weight=9660 445 9215 64 9151 379 283 180 138 48 42 8772 8719 158 120 55 421 8561 8513 8493 67 8426 4127 65 4299 4185 70 4115 3685 4062
internal_count=9660 445 9215 64 9151 379 283 180 138 48 42 8772 8719 158 120 55 421 8561 8513 8493 67 8426 4127 65 4299 4185 70 4115 3685 4062
is_linear=0
shrinkage=0.08


Tree=159
num_leaves=31
num_cat=0
split_feature=39 29 6 31 2 4 4 4 29 39 8 8 6 33 39 17 6 33 19 29 4 13 33 39 17 4 4 17 27 8
split_gain=0.406283 0.567808 0.486244 0.87047 0.446429 0.439547 0.434631 1.07928 1.28661 0.638518 0.697086 1.14286 0.554958 0.359076 0.478649 2.42967 0.609836 0.454249 0.421878 0.30303 0.296938 0.29659 0.3959 0.635724 1.76468 0.499248 0.799323 0.530343 0.462993 0.392882
threshold=78.278411754875421 13.884750000000002 0.32972266717947313 14.260600000000002 3.5000000000000004 36.500000000000007 17.500000000000004 13.500000000000002 14.197750000000001 76.666394362879871 0.19522001786917809 0.18562086843328152 0.18908854602035305 -0.58400000000000041 84.173463381329739 15.490150000000002 0.22316791723775856 -0.8807500000000007 17.955650000000002 14.066000000000001 55.500000000000007 14.362500000000002 -0.033750000000000384 76.218052875377637 14.378900000000002 44.500000000000007 48.500000000000007 14.413900000000002 14.066000000000001 0.21969386369127972
decision_type=2 2 2 2 2 2 2 2 2 2 2 2 2 2 2 2 2 2 2 2 2 2 2 2 2 2 2 2 2 2
left_child=6 4 3 5 -2 -3 7 9 19 -1 11 -11 -12 14 15 16 -5 -16 -19 -9 -4 22 23 28 -25 -24 -27 -28 -8 -30
right_child=1 2 20 13 -6 -7 21 8 -10 10 12 -13 -14 -15 17 -17 -18 18 -20 -21 -22 -23 25 24 -26 26 27 -29 29 -31
leaf_value=-0.0021675183301424743 1.3897049410947138e-05 0.010023282073168716 -0.00051220475653632647 0.00029718889863921072 0.00063651809630678653 0.00012070522370227832 -0.002497794714991757 0.0008296021697872765 0.0046890282506086714 -0.00051188425440451036 0.0033155102796102215 0.002056820314470709 -0.0048939412980907662 -4.657187052452488e-05 0.0006051563685052938 0.0083793354786471878 -0.00085158844098774797 -0.000268344070828127 0.00079887724580985416 -0.0052308611950573755 0.00033127673405514016 -0.0017505518187075509 -0.0020712627524582024 -1.0709235447009142e-05 0.0083787536718066789 0.0013891836784051855 -0.0028673304460326799 0.0010452595625908656 -0.00079800944827686498 0.0013361023829516604
leaf_weight=166 28 20 1208 30 28 21 60 24 38 28 26 28 59 6699 20 20 31 156 30 20 36 267 260 71 21 27 82 35 69 52
leaf_count=166 28 20 1208 30 28 21 60 24 38 28 26 28 59 6699 20 20 31 156 30 20 36 267 260 71 21 27 82 35 69 52
internal_value=-0.000521741 -0.000314161 -0.000368518 -0.000110433 0.00771428 0.0115122 -0.00181846 0.000431875 0.00858536 -0.00174593 0.00221276 0.00914286 -0.00235294 -0.000178645 0.00259233 0.00780247 -0.000131149 0.000543687 -0.000688174 -0.000727275 -0.00182637 -0.00274576 -0.00185525 0.000498167 0.00591304 -0.00344555 0.000333331 -0.00252992 -0.00225415 0.000595039
internal_weight=9660 8327 8271 7027 56 41 1333 389 82 307 141 56 85 6986 287 81 61 206 186 44 1244 944 677 273 92 404 144 117 181 121
internal_count=9660 8327 8271 7027 56 41 1333 389 82 307 141 56 85 6986 287 81 61 206 186 44 1244 944 677 273 92 404 144 117 181 121
is_linear=0
shrinkage=0.08


Tree=160
num_leaves=31
num_cat=0
split_feature=39 25 27 8 25 25 13 29 6 21 25 39 21 27 15 31 33 4 27 39 27 6 39 31 6 33 17 8 31 25
split_gain=0.468118 0.416692 0.41114 0.448447 0.434783 0.57899 0.389812 0.384834 0.374609 0.487734 0.389365 0.878565 0.752505 1.80923 0.706909 1.49135 1.56608 0.523636 0.81 0.499289 0.46699 0.383297 0.355382 0.712618 0.798841 0.592679 0.589335 0.515145 0.527089 0.493971
threshold=78.278411754875421 14.329500000000001 14.082400000000002 0.19522001786917809 14.395400000000002 14.510650000000002 14.642450000000002 13.884750000000002 1.6236399351961104 21.934550000000005 15.019750000000002 82.342848926901326 15.123600000000001 14.784150000000002 15.142850000000001 15.373050000000001 0.17240000000000058 25.500000000000004 15.019750000000002 83.114735817755658 15.330900000000002 0.20306586990973829 79.263186083397571 14.510650000000002 0.51441968357290035 -0.36229999999999934 15.000850000000002 0.21557456051323395 14.378900000000002 14.413900000000002
decision_type=2 2 2 2 2 2 2 2 2 2 2 2 2 2 2 2 2 2 2 2 2 2 2 2 2 2 2 2 2 2
left_child=1 -1 -3 4 -4 -6 -7 -2 10 -10 12 21 20 -14 15 19 -17 18 -15 -13 22 -12 26 -24 25 -25 27 -9 -29 -27
right_child=7 2 3 -5 5 6 -8 8 9 -11 11 14 13 17 -16 16 -18 -19 -20 -21 -22 -23 23 24 -26 29 -28 28 -30 -31
leaf_value=-0.00021127456550527565 0.00037335856448477241 -0.0016888558236918807 -0.0061507414847253765 -0.0008692209013347477 0.0066808148911359578 -0.0048348294787503923 0.0017730876863813444 0.00037188673089337142 -0.00091176029842750977 0.0011816614389738758 -0.0012342266002916167 -0.0017153282721336452 0.00046785409231866337 0.011732489711596579 -9.3779355650651884e-05 0.0088748265731986627 -0.00093373091226337716 -0.0021069167777939134 -0.00083727755336993406 0.0011885136968620112 0.00061407619004629269 -0.0015381350852597053 -0.0032046529455643873 0.0028377632756485843 0.0032855593174617248 0.00024103814275265082 0.003831229235597121 9.3093532745154968e-05 -0.0026978416983416439 -0.00045393039094765165
leaf_weight=868 56 143 20 230 29 22 21 326 360 25 95 39 30 20 6082 32 22 55 25 37 31 216 151 30 20 107 26 39 81 422
leaf_count=868 56 143 20 230 29 22 21 326 360 25 95 39 30 20 6082 32 22 55 25 37 31 216 151 30 20 107 26 39 81 422
internal_value=-0.000546586 -0.00193849 -0.00387097 -0.00228572 0.00243478 0.00533333 -0.000558141 -0.000323768 -0.000368518 -0.0028052 -0.000249558 -0.000506517 0.000980189 0.00676923 -0.000298778 0.00553846 0.0157037 0.0016 0.008 -0.00168421 0.000369828 -0.00465595 0.000119798 -0.000986303 0.000290154 -0.000271916 0.00183051 0.00114798 -0.00333334 -0.000892251
internal_weight=9660 1333 465 322 92 72 43 8327 8271 385 7886 6523 1363 130 6212 130 54 100 45 76 1233 311 1202 730 579 559 472 446 120 529
internal_count=9660 1333 465 322 92 72 43 8327 8271 385 7886 6523 1363 130 6212 130 54 100 45 76 1233 311 1202 730 579 559 472 446 120 529
is_linear=0
shrinkage=0.08


Tree=161
num_leaves=31
num_cat=0
split_feature=33 4 4 25 1 25 2 33 25 21 13 7 4 39 8 27 1 13 13 31 17 1 1 15 8 5 29 4 4 1
split_gain=0.373739 0.333817 5.34303 1.78051 0.710448 0.75503 0.761905 0.67028 0.85195 1.38917 1.25513 0.773591 0.739796 0.679499 1.079 0.676249 0.752198 1.35007 0.674572 0.603238 0.54288 0.62732 0.597057 0.584588 0.59584 0.696331 0.530275 0.552961 0.607097 0.830796
threshold=1.6094500000000009 44.500000000000007 45.500000000000007 14.260600000000002 9.5000000000000018 17.189100000000007 2.5000000000000004 0.26110000000000083 15.195600000000001 15.000850000000002 14.716850000000003 15.371062500000003 15.500000000000002 85.138389966621062 0.20042072911948874 13.917650000000002 11.500000000000002 14.543600000000001 15.213850000000003 18.478250000000003 16.929950000000002 17.500000000000004 3.5000000000000004 17.155700000000007 0.25834708569991754 17.029060000000005 13.818850000000003 27.500000000000004 20.500000000000004 10.500000000000002
decision_type=2 2 2 2 2 2 2 2 2 2 2 2 2 2 2 2 2 2 2 2 2 2 2 2 2 2 2 2 2 2
left_child=1 7 3 -3 -5 6 -6 20 9 15 -11 12 -12 -10 -15 -9 17 -17 -13 -16 22 -22 -1 24 25 -23 -24 28 -28 -30
right_child=-2 2 -4 4 5 -7 -8 8 13 10 11 18 -14 14 19 16 -18 -19 -20 -21 21 23 26 -25 -26 -27 27 -29 29 -31
leaf_value=-0.0015085010409135111 -0.0043539701817635361 0.0039540894592512707 -0.00013085151570860299 0.002779655372143685 0.0033869489830914644 0.0057369375993700043 -0.00039517184520252715 0.0010219049247359943 -0.0030791715234959457 0.0019293311969686836 0.00072290657824316032 0.0015883201816345636 -0.00085168036565088897 0.0059216896229005913 1.0258917036121721e-05 5.3277307248781151e-05 -0.00074931331940195566 0.0021835458608009907 0.00068520042004249684 -0.0017547281703136489 0.00010633165150847092 0.0019011669308917254 0.00016085858765892168 -0.0011915983414313336 -0.0011062365336116466 0.00014070980814698519 -0.00030534915061191818 -0.00080859770265100355 -0.00021713652447537542 0.0027211105991753028
leaf_weight=755 126 22 2237 55 36 20 27 26 72 22 20 22 29 32 899 163 146 25 24 63 1246 26 40 219 115 55 1505 1154 181 298
leaf_count=755 126 22 2237 55 36 20 27 26 72 22 20 22 29 32 899 163 146 25 24 63 1246 26 40 219 115 55 1505 1154 181 298
internal_value=-0.000496896 -0.000439691 0.000377136 0.0145 0.0111304 0.00645783 0.00215873 -0.000714027 0.00076215 0.00357233 0.0111453 0.00715789 0.000163263 -0.000495311 4.82878e-05 0.00111111 0.000143711 0.00348936 0.0146087 -0.000432434 -0.0011212 9.15092e-05 -0.00163336 -0.00260241 0.000571427 0.00582716 -0.00115293 -0.0012696 -0.000459679 0.00202087
internal_weight=9660 9534 2397 160 138 83 63 7137 1543 477 117 95 49 1066 994 360 334 188 46 962 5594 1661 3933 415 196 81 3178 3138 1984 479
internal_count=9660 9534 2397 160 138 83 63 7137 1543 477 117 95 49 1066 994 360 334 188 46 962 5594 1661 3933 415 196 81 3178 3138 1984 479
is_linear=0
shrinkage=0.08


Tree=162
num_leaves=31
num_cat=0
split_feature=29 39 5 4 4 29 6 39 21 1 4 4 1 1 1 4 8 5 1 8 13 17 15 4 4 4 33 33 21 6
split_gain=0.544142 0.589411 0.680272 0.352063 3.37411 0.925872 1.11297 1.09494 0.861133 0.555805 0.477503 0.657044 1.15709 8.04572 1.11734 0.84997 0.739596 2.79837 0.728515 0.652058 0.631169 0.617376 0.835912 1.00008 0.666596 0.70127 2.12601 0.684587 0.704535 0.619829
threshold=13.818850000000003 77.920064829145943 15.110590000000002 44.500000000000007 45.500000000000007 15.557500000000003 0.18865302694445368 93.04431705794282 18.517300000000002 13.500000000000002 26.500000000000004 20.500000000000004 10.500000000000002 11.500000000000002 22.500000000000004 19.500000000000004 1.347420269793419 16.286423333333335 22.500000000000004 1.7653954276964994 15.699150000000001 17.343850000000003 17.008900000000004 36.500000000000007 35.500000000000007 36.500000000000007 0.032849999999999831 -0.46119999999999978 17.005200000000006 0.24774810559511065
decision_type=2 2 2 2 2 2 2 2 2 2 2 2 2 2 2 2 2 2 2 2 2 2 2 2 2 2 2 2 2 2
left_child=1 -1 -3 10 5 6 -5 9 -6 -7 11 15 19 20 16 18 -15 -18 -2 -13 -14 24 23 -23 27 26 -26 28 29 -12
right_child=3 2 -4 4 8 7 -8 -9 -10 -11 21 12 13 14 -16 -17 17 -19 -20 -21 -22 22 -24 -25 25 -27 -28 -29 -30 -31
leaf_value=-0.0012766282051744845 -4.2299612340992334e-05 0.00090493312874546906 4.8416811227342983e-05 0.0019632330935986154 -0.00016114016733400797 0.0012487072316017043 0.0078468564868635002 0.004678715425033112 0.00032208400857724632 -0.00036487613270960593 0.0034070048586744566 -0.00045322012310005321 0.27085885758441225 -0.00016085318720986754 0.070667493482235624 -0.0055067170629775654 0.0029459694360082717 -0.0038050339501770505 -0.0049271048409755755 0.0017799759169483038 0.32124859727516075 0.0028598444219766379 -1.1956296086416902e-05 -0.00034628382812273154 0.0019563196126447802 -0.00061534323328934506 -0.00052508200491289514 -0.0018076126175478068 0.0033812575228925291 -0.0087892691692091993
leaf_weight=38 3070 21 28 21 2217 47 26 27 20 39 55 433 20 355 35 161 27 39 120 25 22 37 491 41 31 1017 94 1017 26 60
leaf_count=38 3070 21 28 21 2217 47 26 27 20 39 55 433 20 355 35 161 27 39 120 25 22 37 491 41 31 1017 94 1017 26 60
internal_value=-0.000505178 0.0057931 0.0115918 -0.000562417 0.000277011 0.0115 0.0209362 0.00757522 -0.000525706 0.00316279 -0.000842811 -0.000310195 0.00153975 0.00420883 0.00112281 -0.000837961 -1.90043e-05 0.00775757 -0.000551726 -0.00136245 0.0377143 -0.00164239 0.000717046 0.00841025 -0.00222609 -0.000854643 0.0048 -0.00357859 0.00164539 -0.00104348
internal_weight=9660 87 49 9573 2397 160 47 113 2237 86 7176 4307 956 498 456 3351 421 66 3190 458 42 2869 569 78 2300 1142 125 1158 141 115
internal_count=9660 87 49 9573 2397 160 47 113 2237 86 7176 4307 956 498 456 3351 421 66 3190 458 42 2869 569 78 2300 1142 125 1158 141 115
is_linear=0
shrinkage=0.08


Tree=163
num_leaves=31
num_cat=0
split_feature=29 31 6 4 1 1 4 4 7 4 21 1 31 21 33 4 4 19 19 29 17 15 2 1 29 17 17 33 27 6
split_gain=0.395632 0.487323 0.41612 0.365516 0.35165 2.33431 5.17012 7.11514 1.37619 0.724029 0.857313 0.998225 0.687932 0.539792 0.524258 0.470897 0.924232 0.993754 0.888149 0.798329 1.0843 0.930769 0.706005 0.7226 0.625532 0.55831 0.818903 0.667995 0.840108 0.657027
threshold=13.818850000000003 14.148300000000001 0.31083398291248526 56.500000000000007 11.500000000000002 10.500000000000002 20.500000000000004 28.500000000000004 15.383229166666668 56.500000000000007 14.066000000000001 1.5000000000000002 14.230700000000001 15.736050000000002 -0.24855000000000069 16.500000000000004 14.500000000000002 17.008900000000004 14.000100000000002 16.121200000000005 15.284800000000002 14.131850000000002 4.5000000000000009 1.5000000000000002 14.082400000000002 14.284200000000002 14.329500000000001 0.32200000000000101 14.082400000000002 0.21063226104643937
decision_type=2 2 2 2 2 2 2 2 2 2 2 2 2 2 2 2 2 2 2 2 2 2 2 2 2 2 2 2 2 2
left_child=1 -1 4 -4 5 9 -7 8 -8 15 -11 -12 -6 -13 -15 16 18 19 24 20 21 -18 23 -20 -2 27 -27 -17 29 -29
right_child=2 -3 3 -5 12 6 7 -9 -10 10 11 13 -14 14 -16 25 17 -19 22 -21 -22 -23 -24 -25 -26 26 -28 28 -30 -31
leaf_value=0.0001822229769794061 0.0012463475544130379 -9.1448967194596907e-06 -0.00039908803859163149 0.00023262611079247593 -0.0028047090047613609 -0.0022324976839220925 0.25629614700544173 -0.00093940139296200915 0.19100972955556511 0.020101486680430762 0.081119824295586562 -0.0044126954904997696 -5.9272350040541851e-05 0.0040155241238426856 -0.001087359049888433 -0.0014889675016634325 0.00013478637949660866 -0.00035364551129706462 -0.0084439700157969474 0.0071787447590740848 -0.00085945040910630037 0.0047470629162145138 -0.0012219222208202575 0.00017349103088810838 -0.0032096997359051657 0.0017765189610170495 -0.00014746008198696862 0.0012882692792839786 -0.0027546351548596126 -0.0005732933089330611
leaf_weight=36 27 51 1446 33 225 130 21 57 35 20 35 87 3730 25 49 379 20 30 70 22 21 32 224 557 20 26 2172 23 37 20
leaf_count=36 27 51 1446 33 225 130 21 57 35 20 35 87 3730 25 49 379 20 30 70 22 21 32 224 557 20 26 2172 23 37 20
internal_value=-0.000496896 0.00487356 -0.000545703 -0.00177958 -0.000320239 0.000195214 0.00780247 0.0203186 0.0405714 -0.000279263 0.00422222 0.00261224 -0.000859673 -4.96913e-05 0.00497297 -0.00054348 0.000914954 0.00736 1.78155e-05 0.0113684 0.00734246 0.0135385 -0.000573445 0.000803826 0.0107234 -0.00110501 -0.00057507 -0.0036427 0.003 0.0106046
internal_weight=9660 87 9573 1479 8094 4139 243 113 56 3896 216 196 3955 161 74 3680 1023 125 898 95 73 52 851 627 47 2657 2198 459 80 43
internal_count=9660 87 9573 1479 8094 4139 243 113 56 3896 216 196 3955 161 74 3680 1023 125 898 95 73 52 851 627 47 2657 2198 459 80 43
is_linear=0
shrinkage=0.08


Tree=164
num_leaves=31
num_cat=0
split_feature=39 8 7 39 8 33 4 39 39 21 31 25 4 19 21 39 39 8 15 27 8 8 7 15 39 21 25 6 21 19
split_gain=0.353651 0.44434 0.427549 1.00869 0.679416 0.644632 0.879487 0.643456 1.75249 0.861335 1.10483 0.818182 0.593939 0.581728 1.23682 0.64919 0.66165 1.55572 0.894825 0.782875 1.37836 1.225 0.610764 0.591721 0.580053 0.846889 1.07785 0.557397 0.625 0.536397
threshold=78.278411754875421 3.5134649833721672 15.716931666666669 88.991842909234137 1.5476236408825896 -0.11379999999999944 34.500000000000007 87.513050095089469 86.371125142081979 15.557500000000003 16.001000000000001 15.586 32.500000000000007 15.656950000000002 15.965100000000001 85.717509049931991 84.597606935303943 0.23540509187572478 15.557500000000003 15.390450000000003 0.20778568378296108 0.19861217915960236 15.393570833333337 15.780700000000001 84.597606935303943 15.586 15.593050000000002 0.22279047149827502 15.935150000000002 14.968750000000002
decision_type=2 2 2 2 2 2 2 2 2 2 2 2 2 2 2 2 2 2 2 2 2 2 2 2 2 2 2 2 2 2
left_child=-1 2 4 -4 7 12 -7 8 13 -10 27 -12 -6 14 15 16 29 19 -19 20 21 -18 -15 -21 25 26 -24 28 -11 -2
right_child=1 -3 3 -5 5 6 -8 -9 9 10 11 -13 -14 22 -16 -17 17 18 -20 23 -22 -23 24 -25 -26 -27 -28 -29 -30 -31
leaf_value=-0.00031776462159414779 8.0911300765756998e-05 0.00021077422074756207 -0.0029141257047098942 -4.2072491328183596e-05 0.00018039502464561112 0.0012307552386563935 -0.00023344085656016214 -0.0082111023954451173 -0.002900633977159534 0.00025699919507720151 -0.00060091714552057917 0.0021332748909830106 0.00050701915968702808 -0.0025012854593075705 0.0018066291708912477 -0.0010461465439497144 0.00056144639798949743 0.00035156038796256485 0.0028117565050813482 -0.0015429448947149266 -0.00054481055927975267 0.0032939915344414889 0.00096612875941956219 0.00076052905388801354 -0.00092905933706932328 -0.0027728664989761275 0.0095386859107752173 0.021401268464850354 0.0011566441496945379 -0.00030448881056073176
leaf_weight=1333 1249 33 893 3838 24 51 44 127 23 20 22 22 20 148 29 78 20 32 25 112 28 20 53 64 170 59 23 21 20 1059
leaf_count=1333 1249 33 893 3838 24 51 44 127 23 20 22 22 20 148 29 78 20 32 25 112 28 20 53 64 170 59 23 21 20 1059
internal_value=-0.000488615 -0.000294946 -0.000331808 -0.00083027 0.000330057 0.00581295 0.00210526 0.000107475 0.000322716 0.0095 0.0125714 0.00290909 0.0138182 -4.79666e-05 0.000394696 0.000217341 0.000432348 0.00396013 0.0158596 0.00118033 0.00847059 0.018 -0.00270199 -0.00163637 -0.00065574 0.00325926 0.0088421 0.019541 0.014 -2.77315e-05
internal_weight=9660 8327 8294 4731 3563 139 95 3424 3297 128 105 44 44 3169 2716 2687 2609 301 57 244 68 40 453 176 305 135 76 61 40 2308
internal_count=9660 8327 8294 4731 3563 139 95 3424 3297 128 105 44 44 3169 2716 2687 2609 301 57 244 68 40 453 176 305 135 76 61 40 2308
is_linear=0
shrinkage=0.08


Tree=165
num_leaves=31
num_cat=0
split_feature=21 19 27 33 4 4 8 8 7 31 29 15 13 15 13 7 31 4 13 15 27 23 31 23 25 17 19 15 15 8
split_gain=0.348306 1.55937 0.36553 0.356918 0.346916 0.288704 0.443938 0.685324 0.888961 0.319565 0.28884 0.531401 0.280906 0.468215 0.4225 0.752128 0.812949 0.337504 0.447867 0.250472 0.275668 0.876812 0.534906 0.445323 0.423156 0.322884 0.820403 0.73373 0.617404 0.63943
threshold=14.043850000000001 17.752500000000001 14.043850000000001 0.72450000000000092 4.5000000000000009 29.500000000000004 0.21557456051323395 0.18562086843328152 14.121997500000001 14.066000000000001 14.344400000000002 14.153300000000002 18.556400000000004 20.384450000000005 18.449000000000002 18.090704166666672 17.911800000000003 16.500000000000004 19.787800000000001 19.011950000000002 19.533250000000006 19.787800000000001 18.681650000000001 17.110850000000003 18.681650000000001 17.363700000000005 16.717400000000001 16.9785 17.307350000000003 1.4128903161117352
decision_type=2 2 2 2 2 2 2 2 2 2 2 2 2 2 2 2 2 2 2 2 2 2 2 2 2 2 2 2 2 2
left_child=1 2 -1 12 -5 6 7 -4 -9 -8 -7 -12 13 14 19 16 -16 18 -14 20 22 23 24 -22 25 28 27 -27 29 -2
right_child=3 -3 5 4 -6 10 9 8 -10 -11 11 -13 17 -15 15 -17 -18 -19 -20 -21 21 -23 -24 -25 -26 26 -28 -29 -30 -31
leaf_value=-0.0020249719802134828 -6.8261007709579031e-05 0.00086628160721001393 -0.0019502407156903709 0.071686506586938592 -0.0015290087414467773 -0.0034902570155203971 0.0002467486375484154 -0.0053288856599295479 0.0079232902102835505 -0.0039085080828220164 0.00038338069089516107 -0.0022588986533943461 -0.0016806850006818187 0.011116168765081138 0.0012703311848048749 -0.0015107331152674393 0.0011119841050313659 -0.0049826436495255906 0.10805314728797394 -0.019031853401463943 -1.0448565996785606e-06 -0.0016646701319379829 -0.013039630035017707 0.0025291055532725743 -0.0029881178427877964 0.0018892549555409133 6.3068993167992169e-05 0.00027874308651673125 -0.00086021176938143957 0.00014385163495578735
leaf_weight=123 6097 21 31 22 273 118 20 20 35 49 23 22 25 20 20 27 29 130 21 27 22 23 77 24 45 21 1243 24 353 675
leaf_count=123 6097 21 31 22 273 118 20 20 35 49 23 22 25 20 20 27 29 130 21 27 22 23 77 24 45 21 1243 24 353 675
internal_value=-0.000488615 -0.00263204 -0.00364626 -0.000380954 -0.00311865 -0.00221384 0.000258063 0.00409302 0.00945454 -0.00452174 -0.00456442 0.000888887 -0.000290241 -0.000226426 -0.00025451 0.00568421 0.0115918 -0.00345455 0.00243478 -0.000306803 -0.000282661 0.00475362 -0.000323376 0.0111304 -0.000262948 -0.000221564 0.000944097 0.0115556 -0.000432283 -0.000262258
internal_weight=9660 462 441 9198 295 318 155 86 55 69 163 45 8903 8727 8707 76 49 176 46 8631 8604 69 8535 46 8458 8413 1288 45 7125 6772
internal_count=9660 462 441 9198 295 318 155 86 55 69 163 45 8903 8727 8707 76 49 176 46 8631 8604 69 8535 46 8458 8413 1288 45 7125 6772
is_linear=0
shrinkage=0.08


Tree=166
num_leaves=31
num_cat=0
split_feature=21 19 25 15 17 15 8 8 4 19 21 27 19 6 21 39 27 8 33 15 25 19 8 1 1 15 23 2 33 19
split_gain=0.663459 1.16121 0.36086 0.4173 0.282155 0.621394 0.904023 1.00474 0.716529 0.951278 0.490839 0.528637 1.24168 0.455364 0.491265 1.04348 0.541982 0.459993 1.04911 0.438308 0.48877 0.927536 0.724638 0.750669 0.419979 0.422319 0.978947 1.10885 0.565114 0.530021
threshold=14.016500000000002 17.752500000000001 18.681650000000001 15.625350000000003 17.363700000000005 17.005200000000006 1.6113745576726044 0.67300804801402048 28.500000000000004 16.938100000000002 17.724500000000003 17.752500000000001 18.042600000000004 0.21789936589696593 17.381450000000005 94.210711831371881 17.056050000000003 1.347420269793419 -0.36115000000000025 14.000100000000002 14.000100000000002 13.983600000000001 0.18501569767925544 5.5000000000000009 1.0000000180025095e-35 14.461300000000001 15.355800000000002 1.5000000000000002 -0.11190000000000032 16.322600000000005
decision_type=2 2 2 2 2 2 2 2 2 2 2 2 2 2 2 2 2 2 2 2 2 2 2 2 2 2 2 2 2 2
left_child=1 -1 4 -4 13 6 7 8 -6 -10 -7 12 -12 14 16 -16 17 19 -19 -2 21 -21 -23 -24 -20 -26 27 -27 -28 -30
right_child=2 -3 3 -5 5 10 -8 -9 9 -11 11 -13 -14 -15 15 -17 -18 18 24 20 -22 22 23 -25 25 26 28 -29 29 -31
leaf_value=-0.0010803247295238625 -0.0010535818181774573 0.00079697907863330046 0.00082222990243337537 -0.0018865714762820451 -0.0012930321104424128 -0.00055298979102847594 -0.00066769325200564825 0.0057589126453522679 0.002679097700142294 -0.00016466452725633944 0.0042325555839362082 2.8296485356485052e-05 -0.0020103183395274167 -0.000229128294521883 0.0064771019356310066 -0.0011779649721819195 -0.0015454113452978901 0.0038886041622143153 -0.0013025961742608838 -0.004590999558691476 -5.4456421306117434e-07 -0.0020405569426773761 0.00086242207911792755 0.0026464811538445487 -0.00066186991257808107 0.00018332429371854185 0.00046255856289438796 0.0014322174554345366 -0.0024455663429083898 0.0012769677450415776
leaf_weight=424 136 21 23 140 55 257 28 27 31 35 37 1034 49 3608 27 23 188 32 51 23 3151 23 26 20 40 24 32 26 48 21
leaf_count=424 136 21 23 140 55 257 28 27 31 35 37 1034 49 3608 27 23 188 32 51 23 3151 23 26 20 40 24 32 26 48 21
internal_value=-0.000488615 -0.00350562 -0.000342921 -0.00407362 -0.000275742 0.000705729 0.00518182 0.00767567 0.00456198 0.0101818 0.000133622 0.000857141 0.00688372 -0.000478999 0.000121304 0.008 1.87432e-05 0.000234326 0.00338686 -2.131e-05 0.000165277 0.00591304 0.0105507 0.0163478 0.00158677 0.0033089 0.00524503 0.0144 0.000712869 -0.00336232
internal_weight=9660 445 9215 163 9052 1553 176 148 121 66 1377 1120 86 7499 3891 50 3841 3653 274 3379 3243 92 69 46 242 191 151 50 101 69
internal_count=9660 445 9215 163 9052 1553 176 148 121 66 1377 1120 86 7499 3891 50 3841 3653 274 3379 3243 92 69 46 242 191 151 50 101 69
is_linear=0
shrinkage=0.08


Tree=167
num_leaves=31
num_cat=0
split_feature=21 19 6 6 19 6 27 25 5 5 25 8 7 4 23 15 5 27 31 6 6 6 27 15 27 25 39 4 8 1
split_gain=0.401705 1.07204 0.380432 0.684046 0.484848 0.375436 0.542004 0.632408 0.80179 1.31827 0.497357 0.397251 0.876609 0.836595 0.750384 0.834164 1.73571 0.889237 0.687891 0.654489 0.571772 0.487625 0.437008 0.841255 0.910455 1.20296 0.689935 0.642093 0.576424 0.562983
threshold=14.016500000000002 17.752500000000001 0.18040453244949903 0.17475999296661451 14.230700000000001 0.28780375698079025 14.548600000000002 14.230700000000001 15.674236666666669 14.926676666666667 14.593050000000002 1.347420269793419 16.245385000000002 8.5000000000000018 14.284200000000002 15.550500000000001 15.54934666666667 16.566100000000002 16.305350000000004 0.20132601818544499 0.26973543281706808 0.18724470759856474 18.275250000000003 17.911800000000003 18.449000000000002 17.955650000000002 97.842033181935662 28.500000000000004 0.34064491142499004 11.500000000000002
decision_type=2 2 2 2 2 2 2 2 2 2 2 2 2 2 2 2 2 2 2 2 2 2 2 2 2 2 2 2 2 2
left_child=1 2 3 4 -1 11 7 -7 9 10 -9 22 13 -13 -15 16 19 18 -17 21 -14 -16 28 -24 25 -25 -26 -27 -2 -30
right_child=5 -3 -4 -5 -6 6 -8 8 -10 -11 -12 12 20 14 15 17 -18 -19 -20 -21 -22 -23 23 24 26 27 -28 -29 29 -31
leaf_value=-0.002004856795258868 -1.4911324803089823e-05 0.00073322075234268991 -0.0014300830458192967 0.003312128095251859 0.0021867478653631645 -0.00090732326476362999 -0.00039171250361175436 0.004741654810678949 -0.001162543254385228 0.013497089708971684 -0.00018304334233950972 -0.0045979361800309185 -0.00031122304899397653 -6.7970895446800586e-05 0.00094255430586041844 -0.0015313475281835865 0.0025940453435625041 0.0010508619582418088 0.0040904044112137902 -5.0918916827249722e-05 0.00057776140425327093 0.00066522024422344952 -0.0010166221858163747 0.0025274411600523529 0.0019962408429588401 -0.0020928557386345852 -0.0010411737717981521 0.0040931688070969304 -0.00031697244734096131 -0.0042031809315283778
leaf_weight=44 5831 21 335 23 22 78 1487 35 28 23 24 41 277 48 26 74 21 25 42 38 41 20 53 22 22 22 34 34 633 236
leaf_count=44 5831 21 335 23 22 78 1487 35 28 23 24 41 277 48 26 74 21 25 42 38 41 20 53 22 22 22 34 34 633 236
internal_value=-0.000438925 -0.00278652 -0.00366038 0.000988762 -0.00315152 -0.000325558 -0.00140896 0.0026383 0.00654545 0.0105366 0.00420339 -8.48825e-05 0.00180092 0.00465671 0.00614966 0.00793496 0.0133333 0.00391489 0.000965515 0.00819047 -0.00120755 0.0146087 -0.000263687 0.0035508 0.00692537 0.0125128 -0.000857145 0.00628571 -0.000370151 -0.00229229
internal_weight=9660 445 424 89 66 9215 1675 188 110 82 59 7540 653 335 294 246 105 141 116 84 318 46 6887 187 134 78 56 56 6700 869
internal_count=9660 445 424 89 66 9215 1675 188 110 82 59 7540 653 335 294 246 105 141 116 84 318 46 6887 187 134 78 56 56 6700 869
is_linear=0
shrinkage=0.08


Tree=168
num_leaves=31
num_cat=0
split_feature=21 19 6 27 33 15 15 39 8 6 6 8 39 31 31 19 27 5 19 15 29 29 27 29 27 33 25 5 4 4
split_gain=0.40656 1.094 0.473434 0.369217 0.7372 0.827863 0.534231 0.336076 0.306099 0.554592 0.806711 0.542805 0.54759 1.21346 0.505954 1.02992 0.649007 0.645534 0.812747 1.35641 0.603769 1.09678 0.572386 0.631659 0.535723 0.867857 0.522993 0.356778 0.371986 2.74285
threshold=14.016500000000002 17.752500000000001 0.27441155743386619 13.950650000000001 0.32200000000000101 13.917650000000002 14.378900000000002 77.920064829145943 0.20208199304251817 0.22366045169840096 0.22167110709116863 0.1948425794507109 85.166394316659094 15.971400000000001 14.461300000000001 14.411800000000001 14.4777 14.613023333333336 14.543600000000001 14.543600000000001 14.066000000000001 14.043850000000001 15.625350000000003 15.625350000000003 14.642450000000002 -0.032849999999999817 14.444800000000003 14.103580000000003 44.500000000000007 45.500000000000007
decision_type=2 2 2 2 2 2 2 2 2 2 2 2 2 2 2 2 2 2 2 2 2 2 2 2 2 2 2 2 2 2
left_child=1 -1 3 4 5 -2 7 -7 9 10 11 14 -13 -14 20 16 -16 18 -17 -20 21 -5 26 -24 -22 -26 -19 -10 -29 -30
right_child=2 -3 -4 8 -6 6 -8 -9 27 -11 -12 12 13 -15 15 17 -18 22 19 -21 24 -23 23 -25 25 -27 -28 28 29 -31
leaf_value=-0.0009724631272450858 0.0010080369994078975 0.00067456309215539647 -0.00029205855387167057 -0.0024839407696757181 0.00098041955136045182 -0.0015766831225844937 0.00013950957222721798 0.00041971161249171595 0.0020650968085747534 -0.0013629293897096915 0.0041838974117816763 -0.0011724509022072102 0.00083909717826974361 -0.0010414196410338387 0.0040616280694918093 -9.5167459460556927e-05 -6.7307664142964905e-05 0.0013969115190112622 0.0022723153758142721 0.0029650979623780174 -0.0021709656389966485 0.0023449631034834773 -0.00042400688810861079 0.0074650413168365183 0.0025449516090824465 -0.0045120732856089594 -0.00064851220314406056 -6.6745643080287222e-05 0.0040017836963032946 2.796676261697616e-05
leaf_weight=424 20 21 1938 85 27 59 24 20 22 183 21 423 37 43 28 35 23 36 26 39 167 31 38 22 21 35 394 3991 93 1334
leaf_count=424 20 21 1938 85 27 59 24 20 22 183 21 423 37 43 28 35 23 36 26 39 167 31 38 22 21 35 394 3991 93 1334
internal_value=-0.000604557 -0.00296629 -0.000490507 -0.000194588 0.00373333 0.00110569 -0.00178641 -0.00496203 -0.000277257 -0.00121873 -0.000712768 -0.000933245 -0.00306958 0.003 0.000163263 0.00148518 0.0123922 0.000542371 0.0064 0.0116923 -0.00233629 0.00234483 -0.000653063 0.00666666 -0.0047713 0.002 -0.00167442 1.4704e-05 -2.658e-05 0.00108199
internal_weight=9660 445 9215 7277 150 123 103 79 7127 1687 1504 1483 503 80 980 641 51 590 100 65 339 116 490 60 223 56 430 5440 5418 1427
internal_count=9660 445 9215 7277 150 123 103 79 7127 1687 1504 1483 503 80 980 641 51 590 100 65 339 116 490 60 223 56 430 5440 5418 1427
is_linear=0
shrinkage=0.08


Tree=169
num_leaves=31
num_cat=0
split_feature=1 4 1 1 1 33 4 25 13 25 33 29 2 8 8 25 1 4 8 33 23 8 29 17 8 19 25 6 19 5
split_gain=0.325 0.550461 0.609524 1.01587 0.437232 0.532161 1.19014 0.589072 0.525419 0.727513 0.547834 0.509329 0.44749 0.606134 0.881066 1.48388 0.56155 2.09601 5.68498 0.758333 0.527568 0.606291 0.758863 0.909774 0.518977 0.796899 1.1397 0.584032 1.34645 0.619053
threshold=4.5000000000000009 56.500000000000007 1.0000000180025095e-35 1.5000000000000002 11.500000000000002 -0.51724999999999965 16.500000000000004 19.787800000000001 18.314050000000005 17.071750000000005 -0.69159999999999922 18.449000000000002 4.5000000000000009 0.21264450830246548 0.19861217915960236 15.284800000000002 10.500000000000002 19.500000000000004 0.35169808135361541 -0.15044999999999928 17.149950000000004 0.71704800698465154 17.008900000000004 16.824400000000001 0.32378087601957145 14.344400000000002 15.586 0.18624292284647795 14.576500000000001 14.628350000000003
decision_type=2 2 2 2 2 2 2 2 2 2 2 2 2 2 2 2 2 2 2 2 2 2 2 2 2 2 2 2 2 2
left_child=1 -1 -3 -4 5 6 -2 11 9 10 -8 12 16 14 -14 -16 20 -18 -19 -20 21 24 23 -23 25 -7 27 28 -27 -30
right_child=4 2 3 -5 -6 7 8 -9 -10 -11 -12 -13 13 -15 15 -17 17 18 19 -21 -22 22 -24 -25 -26 26 -28 -29 29 -31
leaf_value=-0.00045038506903486374 0.001184496351305263 -0.02932740818225511 0.10668702397825025 0.00053827197094075292 -0.00011607085610575979 0.0053719130608434751 0.00054133834407665989 0.00040065816102712769 -0.0051255997795850499 0.00086473267358382771 -0.0010900677355705852 -0.0025914926270175693 -0.0001766486424106659 -0.0007113779059106577 0.0017797256641621285 -0.0026577874138577172 -0.0018630499286774866 0.23555546848591227 0.030070006068876332 -0.00096983701465405052 -0.00017408974686766707 0.00080351243827690851 -0.003580162307350674 0.0086942701437136283 -0.00080826265024784181 -0.0014910730792801175 0.00044338905668327253 -0.0010183603491091321 0.00087640773537161348 0.0070999303525880629
leaf_weight=1985 48 21 21 63 4630 28 32 23 57 27 67 68 453 258 29 38 94 31 20 84 420 36 30 21 227 44 496 248 39 22
leaf_count=1985 48 21 21 63 4630 28 32 23 57 27 67 68 453 258 29 38 94 31 20 84 420 36 30 21 227 44 496 248 39 22
internal_value=-0.00057143 -0.00145455 0.00419047 0.00723809 -0.000327611 0.000435372 0.00412121 0.000121076 0.00118033 0.00406349 0.000888887 1.19117e-05 0.000189456 -0.00141903 0.000153844 0.00871642 0.000869563 0.00457642 0.010963 0.002 0.000342642 0.00120235 0.00763218 0.0130526 0.00069565 0.00157811 0.00114016 -0.00233428 0.00266666 0.0103607
internal_weight=9660 2090 105 84 7570 2940 231 2709 183 126 99 2686 2618 778 520 67 1840 229 135 104 1611 1191 87 57 1104 877 849 353 105 61
internal_count=9660 2090 105 84 7570 2940 231 2709 183 126 99 2686 2618 778 520 67 1840 229 135 104 1611 1191 87 57 1104 877 849 353 105 61
is_linear=0
shrinkage=0.08


Tree=170
num_leaves=31
num_cat=0
split_feature=6 27 25 25 4 25 8 13 19 15 8 8 17 39 27 33 33 17 15 27 5 4 33 25 6 4 13 17 17 33
split_gain=0.301861 0.398587 0.784783 0.751918 0.351354 0.792637 0.357304 0.62031 0.500174 0.936643 0.463748 0.508568 0.458825 1.16214 0.417883 0.515046 0.705038 0.583716 0.852825 0.699114 0.626287 0.49156 0.901845 0.368182 0.666337 0.503706 0.385794 0.53323 0.354915 0.353524
threshold=0.27441155743386619 19.437050000000003 17.384900000000005 21.067900000000005 56.500000000000007 16.455400000000004 0.24707989090117086 17.911800000000003 15.045750000000002 14.411800000000001 0.30052281858943791 0.57247871437415354 15.851650000000001 91.085371989747856 17.189100000000007 0.4174500000000006 0.32834999999999953 16.535050000000002 16.938100000000002 16.964700000000004 17.520526666666672 27.500000000000004 -0.22764999999999877 17.381450000000005 0.45913699295475036 40.500000000000007 17.042850000000005 16.964700000000004 14.750550000000002 1.3094000000000012
decision_type=2 2 2 2 2 2 2 2 2 2 2 2 2 2 2 2 2 2 2 2 2 2 2 2 2 2 2 2 2 2
left_child=-1 4 -3 -4 6 -6 7 8 9 -2 -8 23 -10 -14 15 16 17 -13 19 21 -20 22 -19 25 -25 26 27 28 -12 -16
right_child=1 2 3 -5 5 -7 10 -9 12 -11 11 14 13 -15 29 -17 -18 18 20 -21 -22 -23 -24 24 -26 -27 -28 -29 -30 -31
leaf_value=-3.7926348525426661e-05 -0.0053812615606662877 0.00077125014453981817 -0.0020621250602665502 0.0013833130465055526 -0.0026161003486370499 0.016736949588828594 -0.00098551090279967203 0.0015890451119106048 -0.0050150447328509394 0.0018976488515620156 0.00030444656579353338 -0.00080607685993989119 0.0077208815233780941 -0.0021642208129082257 -0.0027410127425135829 -0.0023843055632845308 0.000867300305442995 0.099489975286525617 -0.0016557262809232642 0.001568473209739734 0.0020354644088193792 -0.00054635956806511053 -0.0023496495265826135 -0.0052644725645020077 0.075870948456937676 0.0072121940423483209 -0.0057208206425310307 0.00093657926224195547 -0.0048050434758439209 0.00047494860708163181
leaf_weight=7622 21 23 68 24 21 37 289 22 58 20 22 358 28 81 282 176 34 22 117 23 29 34 24 23 21 26 43 25 60 27
leaf_count=7622 21 23 68 24 21 37 289 22 58 20 22 358 28 81 282 176 34 22 117 23 29 34 24 23 21 26 43 25 60 27
internal_value=-0.000579712 -0.00144456 0.00313043 -0.000173915 -0.00171815 0.00441379 -0.00190885 0.00104348 -0.000307694 0.00760975 -0.00232416 -0.00169985 -0.0022515 0.000807338 -0.00238721 -0.00143941 -0.000386897 -0.00101483 0.00195984 0.00753398 -0.0019726 0.004 0.0093913 0.00181818 0.00836363 0.000181816 -0.0016 0.000971961 -0.00214634 -0.00489321
internal_weight=9660 2038 115 92 1923 58 1865 230 208 41 1635 1346 167 109 1126 817 641 607 249 103 146 80 46 220 44 176 150 107 82 309
internal_count=9660 2038 115 92 1923 58 1865 230 208 41 1635 1346 167 109 1126 817 641 607 249 103 146 80 46 220 44 176 150 107 82 309
is_linear=0
shrinkage=0.08


Tree=171
num_leaves=31
num_cat=0
split_feature=6 29 8 21 39 27 5 25 5 4 4 4 1 6 6 13 7 4 33 8 8 23 1 1 7 17 1 6 33 4
split_gain=0.502459 0.605357 0.709147 0.382358 0.339315 0.853205 0.334405 1.09115 1.2398 0.359066 1.12818 2.48547 0.773052 0.788591 1.57277 0.565958 0.664866 0.493144 0.544558 0.703297 1.08021 0.734332 0.727804 1.05138 0.768254 0.568522 0.890416 0.529537 0.874558 0.664666
threshold=0.32972266717947313 13.950650000000001 1.9044126933116312 18.556400000000004 100.47987982338293 17.911800000000003 18.091030000000003 18.449000000000002 18.077616666666671 49.500000000000007 44.500000000000007 45.500000000000007 14.500000000000002 0.20572989243422568 0.23075856749914891 17.488600000000002 18.080305833333338 50.500000000000007 0.14199999999999949 0.20208199304251817 0.20594419360233868 15.426750000000002 7.5000000000000009 5.5000000000000009 16.986109166666669 17.488600000000002 14.500000000000002 0.21749295170193214 -0.22989999999999974 54.500000000000007
decision_type=2 2 2 2 2 2 2 2 2 2 2 2 2 2 2 2 2 2 2 2 2 2 2 2 2 2 2 2 2 2
left_child=3 2 -2 4 6 -6 7 9 -9 10 -1 12 13 -12 -15 -13 -17 -11 19 -19 21 -21 23 27 -25 -24 -27 28 -22 -30
right_child=1 -3 -4 -5 5 -7 -8 8 -10 17 11 15 -14 14 -16 16 -18 18 -20 20 22 -23 25 24 -26 26 -28 -29 29 -31
leaf_value=-6.5137616601278659e-05 0.00050558220406222531 -0.00075811516814458253 -0.00034852712242730316 0.00035563513749355818 0.00078554988831787604 -0.00021252451427060262 -0.00030452508227463696 -0.00010859397375241102 0.0077882062213990013 -0.0047668247105957509 0.00068888695949259084 -5.2837619885746638e-05 0.005353223864706669 0.0048549054487418818 0.0034922208372643059 0.0031012646318889603 -7.4774131683013609e-06 -0.0022677238112878105 -0.0014468444408949344 0.026397192703082332 0.08603264115828306 0.00097582521173794677 -0.00036028682892317156 0.0011040329718532884 0.0028213568568517689 -0.0012856877829943393 0.0024324831702343111 -0.0018057177526690075 -0.0016755689683186053 0.0060507768270566522
leaf_weight=5648 39 1395 34 35 26 40 405 28 21 133 38 474 45 24 23 20 21 211 405 23 29 27 301 24 21 22 21 74 31 22
leaf_count=5648 39 1395 34 35 26 40 405 28 21 133 38 474 45 24 23 20 21 211 405 23 29 27 301 24 21 22 21 74 31 22
internal_value=-0.000587994 -0.00195096 0.00515068 -0.000343752 -0.000379553 0.00533333 -0.000426154 -0.000308095 0.0115918 -0.000384446 -0.000130941 0.00303876 0.0129231 0.0174118 0.0243404 0.000543687 0.00956097 -0.00157143 -0.00106359 0.000138956 0.00154622 0.0128 0.00051376 0.00433831 0.0151111 -0.00172093 0.00688372 0.00123077 0.00565853 -0.000452832
internal_weight=9660 1468 73 8192 8157 66 8091 7686 49 7637 6293 645 130 85 47 515 41 1344 1211 806 595 50 545 201 45 344 43 156 82 53
internal_count=9660 1468 73 8192 8157 66 8091 7686 49 7637 6293 645 130 85 47 515 41 1344 1211 806 595 50 545 201 45 344 43 156 82 53
is_linear=0
shrinkage=0.08


Tree=172
num_leaves=31
num_cat=0
split_feature=6 6 1 4 27 23 25 21 2 17 25 15 27 15 15 19 33 39 6 8 8 13 13 5 7 17 23 33 5 19
split_gain=0.414617 0.442819 0.895129 0.515085 0.395755 0.72943 0.473387 0.54855 0.415889 0.5464 0.364546 1.1762 0.727513 0.519592 0.506171 0.421618 0.622191 0.372481 0.363678 0.473841 0.642545 0.49313 0.656067 0.632946 0.33402 0.880675 1.08043 0.676677 0.493223 0.745669
threshold=0.27441155743386619 0.26973543281706808 5.5000000000000009 48.500000000000007 19.533250000000006 19.787800000000001 18.556400000000004 18.605250000000002 2.5000000000000004 17.783000000000005 17.273000000000003 18.314050000000005 18.042600000000004 17.172400000000007 17.117000000000004 17.576750000000004 0.18970000000000023 87.162316002380024 0.28295359129099712 0.84338032758635817 0.51618519419654196 16.929950000000002 17.791300000000003 18.104456666666671 15.704860833333335 15.736050000000002 15.355800000000002 -0.11379999999999944 14.656810000000002 14.800550000000003
decision_type=2 2 2 2 2 2 2 2 2 2 2 2 2 2 2 2 2 2 2 2 2 2 2 2 2 2 2 2 2 2
left_child=1 -1 -3 -4 6 8 7 10 -6 -10 13 18 -13 14 15 24 -17 -15 -12 20 21 -20 -23 -24 25 28 -27 -28 29 -2
right_child=4 2 3 -5 5 -7 -8 -9 9 -11 11 12 -14 17 -16 16 -18 -19 19 -21 -22 22 23 -25 -26 26 27 -29 -30 -31
leaf_value=-4.8761292158509797e-05 -0.00016946644981099195 0.021749099758229785 -0.00089345545591098087 0.00096145358091664359 -0.0010085356710251116 -0.0013216877991299443 -0.0051427470422521892 0.00028522531282150129 0.0051958165638908973 9.8365378037652707e-05 -0.00077953070111145173 0.079159353153851711 -0.009732703419742297 0.0025919881944288072 0.00079089744898319669 -4.0483825349699242e-05 0.0090114396235444708 -0.004960884161799157 0.0055256087630978137 -0.0023919565339909736 0.0052885188256898046 -0.0025780040415220905 0.0030144835687806217 -0.0024759685673298214 -0.0013839309903249956 -0.0004749045512634128 0.00041072250542493999 0.00080697703827407213 -0.0015307827153500533 0.00069711810567191711
leaf_weight=7508 143 20 69 25 21 46 122 89 21 20 66 33 21 20 22 37 20 172 20 107 25 54 26 33 566 34 27 37 235 21
leaf_count=7508 143 20 69 25 21 46 122 89 21 20 66 33 21 20 22 37 20 172 20 107 25 54 26 33 566 34 27 37 235 21
internal_value=-0.000587994 -0.000316979 0.00463158 0.0013617 -0.00160157 0.00311111 -0.00186529 -0.00153982 0.00877419 0.0134634 -0.0018569 0.000311686 0.0112593 -0.00248276 -0.00183538 -0.00207143 0.00463158 -0.00633334 -0.00147432 -0.000150945 0.00263291 0.000421051 -0.00162832 0.00420339 -0.00243086 -0.000917507 0.00587755 0.012 -0.00258647 0.000780486
internal_weight=9660 7622 114 94 2038 108 1930 1808 62 41 1719 385 54 1334 1142 1120 57 192 331 265 158 133 113 59 1063 497 98 64 399 164
internal_count=9660 7622 114 94 2038 108 1930 1808 62 41 1719 385 54 1334 1142 1120 57 192 331 265 158 133 113 59 1063 497 98 64 399 164
is_linear=0
shrinkage=0.08


Tree=173
num_leaves=31
num_cat=0
split_feature=6 25 29 8 19 33 23 15 6 8 21 31 5 23 15 39 33 8 4 17 8 6 1 1 4 21 25 29 8 4
split_gain=0.657807 0.473315 0.435043 0.651395 0.400742 0.301535 0.521805 0.474932 0.447565 0.423861 0.381862 0.752544 0.389332 0.82903 0.393939 0.350784 0.338875 0.31038 1.26154 0.557959 0.439871 0.307583 0.305371 1.72599 1.04379 0.42064 0.876605 0.686486 0.416788 0.391399
threshold=0.31083398291248526 18.605250000000002 13.950650000000001 1.5457098130203328 15.426750000000002 -0.22139999999999913 18.356750000000002 18.120150000000006 0.17284784269643982 1.9763996019670673 18.478250000000003 18.410200000000007 14.103580000000003 14.066000000000001 14.09895 98.11092931967957 -0.24145000000000036 1.7064975938968319 30.500000000000004 15.763450000000002 1.6221720995523956 0.23992926884340052 11.500000000000002 10.500000000000002 21.500000000000004 14.543600000000001 15.019750000000002 14.683200000000001 0.19445415536182017 32.500000000000007
decision_type=2 2 2 2 2 2 2 2 2 2 2 2 2 2 2 2 2 2 2 2 2 2 2 2 2 2 2 2 2 2
left_child=1 5 3 -2 -5 8 7 9 -1 10 12 -12 13 14 -7 -9 22 20 -19 -20 -14 -8 23 -10 -25 -24 27 28 -27 -28
right_child=2 -3 -4 4 -6 6 21 15 16 -11 11 -13 17 -15 -16 -17 -18 18 19 -21 -22 -23 25 24 -26 26 29 -29 -30 -31
leaf_value=-0.0020824043109902526 0.00066400321012826692 0.0030084133206641408 -0.00065594183319753869 0.00022553648830850391 -0.00032806156869963311 0.00010656200205560345 0.0024978790475639408 -0.00021077482394589252 -3.5638663256883118e-05 -0.0027203964441828575 0.0040362166190044957 -0.00032860920776386958 -4.4775180305832824e-06 0.0038824833347864745 -0.0055512516534204116 -0.00024354856878550389 -0.0015737666175667086 -0.00047400733977604202 1.0904777452093442e-05 0.021228424905233922 -0.0012049502084785658 0.00066776433971053786 -0.0031641805793868345 0.00015496740904183764 0.26670135578612997 0.0018198038834796085 -0.0002611779249329381 0.002791170789161827 -0.00096680561097357918 -0.00068964801079194086
leaf_weight=151 25 20 1470 22 27 22 20 123 836 76 26 28 5366 35 26 101 170 65 20 27 80 23 101 21 22 23 390 29 28 287
leaf_count=151 25 20 1470 22 27 22 20 123 836 76 26 28 5366 35 26 101 170 65 20 27 80 23 101 21 22 23 390 29 28 287
internal_value=-0.000579712 -0.000291771 -0.00209327 0.00389189 -0.00146939 -0.000322136 -3.71003e-05 -0.000100085 -0.00115841 4.01991e-05 0.000119401 0.00681481 5.53074e-05 0.00549397 -0.00133334 -0.00371429 -0.000826431 -2.59105e-05 0.00414286 0.0141277 -0.000111643 0.00874418 -0.000492806 0.000555174 0.016186 -0.00156644 -0.000919421 0.007 0.00141176 -0.00185525
internal_weight=9660 8116 1544 74 49 8096 6038 5995 2058 5771 5695 54 5641 83 48 224 1907 5558 112 47 5446 43 1737 879 43 858 757 80 51 677
internal_count=9660 8116 1544 74 49 8096 6038 5995 2058 5771 5695 54 5641 83 48 224 1907 5558 112 47 5446 43 1737 879 43 858 757 80 51 677
is_linear=0
shrinkage=0.08


Tree=174
num_leaves=31
num_cat=0
split_feature=6 33 33 7 31 25 15 15 6 27 13 25 17 25 5 33 4 8 7 21 29 13 31 39 21 31 21 31 8 27
split_gain=0.501544 0.627129 0.339118 0.318347 0.7929 0.519037 0.406473 0.91803 1.14173 0.91041 0.677352 0.634695 0.514332 0.630321 0.960668 1.04518 1.01171 1.16564 0.48358 0.820921 1.23942 0.769135 0.764787 0.47057 1.97566 0.99494 0.838363 0.454108 0.981761 0.449957
threshold=0.27441155743386619 0.78565000000000051 0.72450000000000092 18.106130833333335 18.243650000000006 18.410200000000007 17.307350000000003 16.938100000000002 0.26519764949288638 16.741850000000003 17.042850000000005 16.700900000000004 16.938100000000002 16.929950000000002 17.037036666666669 -0.3010000000000001 23.500000000000004 0.23383779047831907 16.245385000000002 17.155700000000007 16.824400000000001 16.852650000000001 16.489300000000004 87.399401373575856 16.158800000000003 16.029150000000005 16.001000000000001 17.265850000000004 0.23540509187572478 16.900950000000005
decision_type=2 2 2 2 2 2 2 2 2 2 2 2 2 2 2 2 2 2 2 2 2 2 2 2 2 2 2 2 2 2
left_child=1 2 3 6 5 -5 7 18 9 10 -9 -11 29 -14 15 -15 -17 -18 22 -20 -21 -22 23 24 25 -1 -27 -16 -29 -13
right_child=-2 -3 -4 4 -6 -7 -8 8 -10 11 -12 12 13 14 27 16 17 -19 19 20 21 -23 -24 -25 -26 26 -28 28 -30 -31
leaf_value=-4.6281945309953097e-05 -0.00036578606600724052 0.00057295848280011308 -0.0063154930944218811 -0.00034693845754065259 0.00038143787632669869 0.0015721819615687799 -0.00017525837404501143 0.002397895974847269 0.0023292677421862546 0.00018814333232710615 5.6269754033101873e-05 -0.0022687970432292174 -0.0012225724864839782 -0.0010782734819706921 -0.0010937770204698693 0.00072792925786798563 0.029476795788043901 0.00030626553691927988 -0.0019943833203367035 0.0020126345495543687 0.002243788966352515 -0.0006750469870830737 0.005647286946159547 -0.0035314195906205122 0.005191149298340374 0.0037618125257160139 -0.00026377079816038851 0.035183206017340901 -0.00096647947346869482 -7.7544693406102097e-05
leaf_weight=4339 2038 41 37 96 32 20 1008 20 27 21 21 82 116 22 125 28 27 20 879 32 28 145 26 131 23 38 25 23 36 154
leaf_count=4339 2038 41 37 96 32 20 1008 20 27 21 21 82 116 22 125 28 27 20 879 32 28 145 26 131 23 38 25 23 36 154
internal_value=-0.000604557 -0.000306483 -0.000359849 -0.000322377 0.00335135 0.00027586 -0.000395892 -0.000160302 0.00252631 0.00189928 0.0134634 0.00117431 0.000720377 0.00247859 0.00452669 0.0109691 0.0154667 0.0226383 -0.000502649 -0.00202214 0.00253658 -0.00013873 -0.000143171 -0.000221249 -8.13578e-05 -0.000203546 0.00977778 0.00113043 0.00691525 -0.00223729
internal_weight=9660 7622 7581 7544 148 116 7396 6388 722 695 41 654 633 397 281 97 75 47 5666 1084 205 173 4582 4556 4425 4402 63 184 59 236
internal_count=9660 7622 7581 7544 148 116 7396 6388 722 695 41 654 633 397 281 97 75 47 5666 1084 205 173 4582 4556 4425 4402 63 184 59 236
is_linear=0
shrinkage=0.08


Tree=175
num_leaves=31
num_cat=0
split_feature=5 23 27 21 13 25 6 39 5 15 17 21 17 21 39 8 25 7 19 25 23 15 8 8 27 29 31 31 27 8
split_gain=0.46949 0.994986 0.988578 0.640972 0.47783 1.30743 1.14734 0.448877 0.673014 0.740386 0.683447 0.609398 0.5805 0.823654 0.849714 1.83466 1.18234 1.0395 0.981818 0.795572 1.40735 1.2349 0.74448 1.43772 0.653992 0.603731 0.600406 1.26899 0.572802 0.47283
threshold=15.731303333333335 16.093650000000004 17.172400000000007 14.016500000000002 16.093650000000004 16.287150000000004 0.22985846179200145 84.559542770203691 15.719810000000001 15.816150000000002 16.093650000000004 15.586 15.593050000000002 15.426750000000002 85.56851503225387 0.24454748392443929 15.965100000000001 15.706007500000002 15.4565 15.557500000000003 15.621500000000003 15.586 0.20135109186199582 0.20778568378296108 15.355800000000002 16.121200000000005 15.426750000000002 15.330900000000002 15.4565 0.19999328062402463
decision_type=2 2 2 2 2 2 2 2 2 2 2 2 2 2 2 2 2 2 2 2 2 2 2 2 2 2 2 2 2 2
left_child=2 -2 3 -1 5 6 -3 8 9 10 11 -5 13 -9 15 16 17 22 -17 29 21 -21 -15 -24 -25 26 27 -14 -28 -16
right_child=1 4 -4 7 -6 -7 -8 12 -10 -11 -12 -13 25 14 19 18 -18 -19 -20 20 -22 -23 23 24 -26 -27 28 -29 -30 -31
leaf_value=-0.00082671236940436545 -0.0055141055274929652 -0.000514126730802937 0.00071136837897830727 -6.9100815250381765e-06 -0.00017479656472033981 -0.0015526895462138327 0.0031161688245816901 -0.0014575526584024961 0.003262543607812262 -0.0022463605758104503 0.0073124813090011797 -0.0014371297547950384 -0.00039516941553916906 -6.9427619679940511e-05 0.00042744787314122167 0.0044651782311446366 0.0029227789820918471 -0.0041141416459518935 0.0011687977094908487 0.00043541983818554808 -0.00024014008793439917 0.0025486927296543942 0.0043847814216916876 -0.00061524304178661791 0.00063714253299243994 0.00053540454577496728 0.00052712177769139487 0.0027659392378739369 -0.00080462732349801855 -0.00047247920524717845
leaf_weight=418 373 21 28 3241 4122 111 30 101 28 119 22 179 35 41 26 20 21 45 24 21 45 23 22 26 22 31 31 22 296 116
leaf_count=418 373 21 28 3241 4122 111 30 101 28 119 22 179 35 41 26 20 21 45 24 21 45 23 22 26 22 31 31 22 296 116
internal_value=-0.000670809 -0.00124887 -0.000132722 -0.000217087 -0.00090383 0.00335802 0.0139608 5.79309e-05 -0.000354418 -0.00045156 -0.000237073 -0.000327487 0.00158677 0.0032839 0.00474336 0.00828959 0.00465537 0.00225641 0.0229091 0.00135065 0.0072809 0.0174545 0.00641441 0.0114286 0.00366666 -0.000674701 -0.00154167 0.00603509 -0.00286239 -0.0023662
internal_weight=9660 4657 5003 4975 4284 162 51 4557 3589 3561 3442 3420 968 553 452 221 177 156 44 231 89 44 111 70 48 415 384 57 327 142
internal_count=9660 4657 5003 4975 4284 162 51 4557 3589 3561 3442 3420 968 553 452 221 177 156 44 231 89 44 111 70 48 415 384 57 327 142
is_linear=0
shrinkage=0.08


Tree=176
num_leaves=31
num_cat=0
split_feature=5 19 31 27 21 13 13 6 31 7 21 6 33 31 21 25 6 5 19 7 39 4 19 7 23 13 29 7 19 7
split_gain=0.36539 0.755138 0.697353 0.656201 0.538384 0.446173 0.923643 0.707096 0.465969 0.572511 0.990476 1.30201 0.477114 0.408499 0.636338 0.686459 0.605644 0.695885 0.613296 0.709079 0.773752 0.396192 0.543288 0.741026 0.417373 1.20015 0.81723 1.74193 1.37429 1.26062
threshold=15.731303333333335 16.108650000000004 15.294250000000002 17.172400000000007 13.917650000000002 16.045950000000005 15.935150000000002 2.5606975924117372 16.305350000000004 16.245385000000002 16.322600000000005 0.26973543281706808 -0.075199999999998809 16.365600000000004 16.535050000000002 16.775850000000002 0.18538231707904668 16.975230000000007 16.9785 16.997299166666672 92.674550882683249 56.500000000000007 14.413900000000002 14.192219166666668 15.692450000000003 15.971400000000001 15.523850000000001 15.701987500000001 15.557500000000003 15.379579166666669
decision_type=2 2 2 2 2 2 2 2 2 2 2 2 2 2 2 2 2 2 2 2 2 2 2 2 2 2 2 2 2 2
left_child=3 2 -2 4 -1 6 7 -3 12 10 -10 -12 -7 -11 -15 16 -16 -18 19 -19 -21 24 23 -23 -6 26 29 28 -28 -26
right_child=1 5 -4 -5 21 8 -8 -9 9 13 11 -13 -14 14 15 -17 17 18 -20 20 -22 22 -24 -25 25 -27 27 -29 -30 -31
leaf_value=-0.0016460096309280467 0.001938425370859117 -0.0053567865833945355 -0.0054934045946305925 0.00065445890866007569 -2.2401980310558537e-05 -0.00041112808989506126 0.0027686218803700852 0.033869593917365805 -0.0046295059209363115 0.010362654223788775 0.0054538849058513453 -0.00027930279759958039 -0.010084940768201288 -0.0059410150852199171 0.0029907955902912725 -0.00016053151274129953 -0.0015318370702780671 -1.7599717552001482e-05 0.00013263115989769466 0.0041112842548172652 0.00025227025329546519 -0.0024347497668925173 -0.0021988672766504874 0.010094468944731405 0.0024163967786212225 -0.0012138743796679086 0.0024813330637651781 0.0006262147422005232 0.0043303159623709689 -0.00034995510806574688
leaf_weight=170 24 60 370 28 4071 179 35 26 26 36 36 34 181 122 20 3161 146 29 122 23 27 39 186 26 59 120 22 113 27 142
leaf_count=170 24 60 370 28 4071 179 35 26 26 36 36 34 181 122 20 3161 146 29 122 23 27 39 186 26 59 120 22 113 27 142
internal_value=-0.000687373 -0.00119734 -0.00454823 -0.000212674 -0.000281409 -0.00088764 0.00390082 -0.000558141 -0.00102752 -0.000765734 0.00533333 0.0102857 -0.00377778 -0.000924581 -0.00100822 -0.000811793 0.00246321 0.001683 0.00473632 0.0102278 0.016 -0.000124872 -0.00321913 0.00307692 4.56722e-05 0.00226915 0.00456198 0.00879012 0.0213878 0.00115423
internal_weight=9660 4657 394 5003 4975 4263 121 86 4142 3782 96 70 360 3686 3650 3528 367 347 201 79 50 4805 251 65 4554 483 363 162 49 201
internal_count=9660 4657 394 5003 4975 4263 121 86 4142 3782 96 70 360 3686 3650 3528 367 347 201 79 50 4805 251 65 4554 483 363 162 49 201
is_linear=0
shrinkage=0.08


Tree=177
num_leaves=31
num_cat=0
split_feature=25 8 4 7 4 17 25 13 7 39 39 17 6 6 5 21 19 17 8 4 27 7 6 21 21 25 4 4 8 29
split_gain=0.406392 0.516728 0.407298 0.380485 0.67164 1.1191 0.807387 0.531401 0.397993 0.606995 0.596981 0.59396 0.630065 1.28462 0.689954 0.47898 0.906881 0.844389 0.681701 0.931437 0.822723 0.55469 0.502811 0.467176 0.518737 0.579454 0.767139 0.974764 1.51845 0.688284
threshold=18.517300000000002 3.5134649833721672 44.500000000000007 18.110825000000002 26.500000000000004 18.410200000000007 18.042600000000004 18.042600000000004 15.721529166666668 90.90483909241523 88.991842909234137 15.736050000000002 0.19220317920232663 0.20083479446006675 15.696823333333336 15.557500000000003 15.213850000000003 16.144550000000006 0.20977037836269494 42.500000000000007 15.736050000000002 15.139452500000003 0.26973543281706808 14.230700000000001 16.191350000000003 16.787500000000005 3.5000000000000004 39.500000000000007 1.462533759336071 17.456700000000001
decision_type=2 2 2 2 2 2 2 2 2 2 2 2 2 2 2 2 2 2 2 2 2 2 2 2 2 2 2 2 2 2
left_child=1 3 -2 8 6 -6 7 -5 9 11 -10 -1 -13 14 -14 16 -15 -17 -18 20 -20 -19 -23 -12 -25 26 -26 29 -29 -28
right_child=2 -3 -4 4 5 -7 -8 -9 10 -11 23 12 13 15 -16 17 18 21 19 -21 -22 22 -24 24 25 -27 27 28 -30 -31
leaf_value=-4.5604484742140524e-05 -0.0024359965760322776 0.00031672295167561588 0.00095777809387568983 7.3710556601237808e-05 -0.0023254708390018784 0.0021446193830748561 0.0046594682507746536 -0.00095203964480600938 -0.0029194653321349901 -0.013471389289990492 0.00036631634108015245 -0.001378107722725219 0.0012929504778499395 -0.00069741468440465593 0.0025664211005257012 -0.0004996694300562416 0.0026049285852623501 -0.0038237151776445667 -0.00024487179928626155 -0.0031071326218447986 0.0041487797099581175 7.21193715190898e-06 0.0021080949952675429 -0.0088963864975218875 0.0044724782503971858 -0.0001688323397471138 -0.0010540995166122289 0.00019101319226152576 0.0040151868463783186 0.00077970897277154089
leaf_weight=4381 192 32 33 23 78 21 39 22 852 64 21 78 21 35 20 106 37 21 23 25 33 22 23 65 34 2813 338 154 29 25
leaf_count=4381 192 32 33 23 78 21 39 22 852 64 21 78 21 35 20 106 37 21 23 25 33 22 23 65 34 2813 338 154 29 25
internal_value=-0.00072878 -0.000648651 -0.00408889 -0.000683188 0.00292896 -0.00153536 0.00819047 0.000888887 -0.000754883 -0.000260178 -0.00131332 -0.000157515 0.00263063 0.00402186 0.0173659 0.00233846 0.00559477 -0.000558141 0.00894915 0.0048395 0.0105714 0.00654545 0.0115556 -0.000848522 -0.000920765 -0.000785148 0.00151724 0.000791207 0.00555191 -0.00160882
internal_weight=9660 9435 225 9403 183 99 84 45 9220 4889 4331 4825 444 366 41 325 153 172 118 81 56 66 45 3479 3458 3393 580 546 183 363
internal_count=9660 9435 225 9403 183 99 84 45 9220 4889 4331 4825 444 366 41 325 153 172 118 81 56 66 45 3479 3458 3393 580 546 183 363
is_linear=0
shrinkage=0.08


Tree=178
num_leaves=31
num_cat=0
split_feature=29 31 8 31 4 4 4 33 27 25 39 31 5 33 4 7 29 8 29 29 15 17 23 7 27 13 1 7 7 19
split_gain=0.417143 0.664405 1.03879 0.678788 0.361769 0.596357 0.647712 1.66031 0.589448 0.688625 1.13778 0.529874 0.52632 0.473072 1.30461 0.702265 1.07559 0.637984 0.626558 0.661185 0.861233 0.625 0.559936 0.524119 0.882208 0.675106 0.603679 0.489393 0.493156 0.459085
threshold=13.917650000000002 14.461300000000001 1.0545599125608096 14.000100000000002 26.500000000000004 35.500000000000007 36.500000000000007 0.032849999999999831 17.325350000000004 17.079750000000004 91.902935878722488 18.517300000000002 17.40947666666667 -0.065700000000000522 22.500000000000004 14.630527500000003 14.708300000000003 1.0545599125608096 17.846600000000006 16.287150000000004 15.593050000000002 16.413050000000002 15.019750000000002 14.126130833333333 14.046700000000003 14.148300000000001 8.5000000000000018 14.623422500000002 14.120073333333336 14.260600000000002
decision_type=2 2 2 2 2 2 2 2 2 2 2 2 2 2 2 2 2 2 2 2 2 2 2 2 2 2 2 2 2 2
left_child=1 3 -3 -1 11 8 7 -7 29 10 -10 13 -9 14 15 16 27 18 19 20 -16 -19 -17 -15 25 26 -25 28 -2 -6
right_child=4 2 -4 -5 5 6 -8 12 9 -11 -12 -13 -14 23 17 22 -18 21 -20 -21 -22 -23 -24 24 -26 -27 -28 -29 -30 -31
leaf_value=0.00030224254436988758 0.0010854673551519583 0.0008449479270850915 -6.0107379790148487e-05 -0.0014915601357977128 4.1506814095962482e-05 0.0019778961631321491 -0.00018702542459295661 -0.00046185352670876474 0.0029350281653485241 -5.7241865500545842e-05 -0.0011977792059655588 -0.0060175451031032621 0.0055829534975110071 -0.00074741560254234997 -6.8606472621245593e-05 -0.0058662021857977279 0.00089546068615201698 0.0069090227535036023 0.0039720460803774919 -0.0042402429651954071 0.0029010675398302662 0.025597815007169171 -0.00058861330840459937 -0.0027477411630041581 8.2547451828346501e-05 0.023746791961883951 0.00026784655622215202 0.00017658319700974886 -0.00055235238629433299 -0.0012908129918179051
leaf_weight=30 36 27 30 110 133 39 3625 95 20 230 25 74 21 117 68 115 30 20 20 51 25 20 1162 26 2211 30 23 26 207 1014
leaf_count=30 36 27 30 110 133 39 3625 95 20 230 25 74 21 117 68 115 30 20 20 51 25 20 1162 26 2211 30 23 26 207 1014
internal_value=-0.000679091 0.00296447 0.0102456 -1.90735e-09 -0.000754942 -0.00120262 -0.000677251 0.00438709 -0.00259916 0.000727271 0.00977778 -0.000208404 -0.000413795 -8.98037e-05 -0.00107865 -0.00185787 0.00163211 0.00494117 0.00273171 0.000888887 0.00490322 0.014 -0.00267502 0.00064146 0.000908295 0.00921519 0.00342857 2.97379e-05 -0.00108642 -0.00339669
internal_weight=9660 197 57 140 9463 5202 3780 155 1422 275 45 4261 116 4187 1780 1576 299 204 164 144 93 40 1277 2407 2290 79 49 269 243 1147
internal_count=9660 197 57 140 9463 5202 3780 155 1422 275 45 4261 116 4187 1780 1576 299 204 164 144 93 40 1277 2407 2290 79 49 269 243 1147
is_linear=0
shrinkage=0.08


Tree=179
num_leaves=31
num_cat=0
split_feature=6 17 33 6 33 8 21 7 29 25 27 21 27 25 4 13 13 5 8 7 21 27 13 31 4 27 31 19 25 8
split_gain=0.373905 0.564296 0.518392 0.504773 0.426003 0.41724 1.32132 0.517396 0.432329 0.464686 0.433348 0.796431 0.742493 0.738302 0.652656 0.555445 0.502029 0.490385 0.820513 0.417211 0.570692 0.824662 1.11916 0.461337 0.762535 0.863704 0.415385 0.831044 0.879187 0.668923
threshold=0.23075856749914891 18.449000000000002 -0.69159999999999922 0.23031112689785319 0.42685000000000001 1.9044126933116312 15.105100000000002 15.74930416666667 13.818850000000003 14.000100000000002 14.395400000000002 14.593050000000002 14.153300000000002 14.867400000000002 9.5000000000000018 14.642450000000002 15.249300000000002 15.204650000000003 0.24454748392443929 17.041145000000004 17.042850000000005 16.892300000000002 16.964700000000004 18.087200000000003 31.500000000000004 17.955650000000002 14.867400000000002 15.262250000000002 14.917400000000002 0.20208199304251817
decision_type=2 2 2 2 2 2 2 2 2 2 2 2 2 2 2 2 2 2 2 2 2 2 2 2 2 2 2 2 2 2
left_child=1 2 -1 4 19 8 -7 -8 -2 -10 12 -12 14 17 -11 -14 -15 18 -13 20 -4 22 -22 -21 25 -25 -6 28 -28 -29
right_child=5 -3 3 -5 26 6 7 -9 9 10 11 13 15 16 -16 -17 -18 -19 -20 23 21 -23 -24 24 -26 -27 27 29 -30 -31
leaf_value=0.053906456453143521 0.00020895386653133863 0.0029638696122963404 -8.3997016636460658e-05 0.0016667792663452564 -0.00046503390190314673 0.00047721196691653583 0.0010985482876232524 -0.00027661896342256862 -0.0032363332347284867 0.027449849626163231 -0.0035329785562401446 -4.9803248604421734e-05 0.00062753313286972574 -0.0040426078590681414 -0.0013885539077715778 0.0034736893322902642 -0.00017259918284791246 -0.00097415257036801621 0.00079415857157878159 -0.00073560443348531844 0.0022447323193981626 -8.5845814953422199e-05 7.9317857928346908e-05 0.0088310910447135221 -0.0038794176354353099 4.0044970519039786e-05 0.00034652656096972249 0.00037369659553659429 0.0039235114354887407 -1.3793997877288689e-05
leaf_weight=25 37 24 4054 38 120 37 20 242 93 22 144 39 57 245 87 29 3019 24 39 708 24 75 31 22 51 42 38 37 22 215
leaf_count=25 37 24 4054 38 120 37 20 242 93 22 144 39 57 245 87 29 3019 24 39 708 24 75 31 22 51 42 38 37 22 215
internal_value=-0.000670809 -0.00024032 -0.000293713 -0.000346177 -0.000410371 -0.00124625 0.00163211 -0.000366414 -0.00147067 -0.0015545 -0.00141431 -0.00161824 0.00225641 -0.00136899 -0.00212844 0.00781395 -0.00157843 0.00533333 0.00841025 -0.000618336 -0.000294457 0.00492308 0.0123636 -0.00226489 0.00243478 0.00825 0.002 0.00353846 0.012 0.00152381
internal_weight=9660 5526 5502 5477 5439 4134 299 262 3835 3798 3705 3510 195 3366 109 86 3264 102 78 5007 4184 130 55 823 115 64 432 312 60 252
internal_count=9660 5526 5502 5477 5439 4134 299 262 3835 3798 3705 3510 195 3366 109 86 3264 102 78 5007 4184 130 55 823 115 64 432 312 60 252
is_linear=0
shrinkage=0.08


Tree=180
num_leaves=31
num_cat=0
split_feature=8 6 33 8 19 15 15 23 7 33 29 5 25 29 8 33 4 4 33 4 39 17 27 21 29 6 2 25 6 7
split_gain=0.560478 0.384908 0.626967 0.3293 0.856894 0.624101 0.511736 0.875047 0.613338 0.914286 0.362211 0.352785 0.380124 0.363556 1.23504 0.871516 1.52919 0.918974 0.363842 0.35974 0.401494 0.41032 0.713345 0.881287 1.46782 0.807853 0.510011 0.541667 0.541667 0.348765
threshold=3.5134649833721672 0.27272974107015518 0.78565000000000051 1.7113343486372252 19.011950000000002 17.149950000000004 16.817100000000003 17.189100000000007 15.760182500000001 0.20124999999999996 13.818850000000003 19.41397666666667 18.642900000000001 17.846600000000006 1.0368215307608737 -0.20684999999999928 22.500000000000004 15.500000000000002 0.23139999999999986 53.500000000000007 88.235725458207042 15.390450000000003 15.490150000000002 15.176350000000001 15.557500000000003 0.29217317706166751 1.0000000180025095e-35 14.593050000000002 0.55190453256635519 16.436558333333338
decision_type=2 2 2 2 2 2 2 2 2 2 2 2 2 2 2 2 2 2 2 2 2 2 2 2 2 2 2 2 2 2
left_child=1 2 -1 10 5 6 8 -8 9 -5 -3 12 13 19 15 16 -15 -17 -19 20 21 26 23 -23 -25 -24 27 28 -12 -27
right_child=-2 3 -4 4 -6 -7 7 -9 -10 -11 11 -13 -14 14 -16 17 -18 18 -20 -21 -22 22 25 24 -26 29 -28 -29 -30 -31
leaf_value=-4.3229246178150587e-05 0.00019362805533027644 0.00020896649977524828 0.00050786640944063205 -0.0001207610232573179 0.0010538539193455786 -0.0034574091256275997 0.0010805360268520377 -0.00062950721970893146 -0.0019524189055895071 0.00099352713618725452 0.0011946553482260743 0.00087562464702965531 -0.0071746840436120009 -0.0069140844890665997 -0.0053977206963242352 0.065718424954099519 0.0037111206691391825 0.00042962315944895248 -0.0019355916805271619 -0.001522962512311112 -0.0012822409896336763 -0.0020954820800947577 0.0050170206078550611 0.015736651724334215 -0.0017897080703045516 -0.00079787724279564915 -0.0021787274411287799 -0.01188132197189795 0.00017873185339461938 0.00047932561946943333
leaf_weight=7538 37 26 41 36 24 86 37 22 103 20 24 43 97 22 90 25 37 59 46 74 653 23 37 24 26 85 205 26 54 40
leaf_count=7538 37 26 41 36 24 86 37 22 103 20 24 43 97 22 90 25 37 59 46 74 653 23 37 24 26 85 205 26 54 40
internal_value=-0.000530023 -0.000567808 -0.000305055 -0.00154208 0.000780486 -0.000368423 0.00190825 0.00827118 -0.000452832 0.00628571 -0.00198602 -0.00213018 -0.00231694 -0.00201291 0.000602149 0.00427513 0.012339 0.000615383 -0.00266667 -0.00258694 -0.0022523 -0.000647061 0.00187234 0.00843835 0.0144 -0.00108642 -0.00256311 0.002 0.00533333 -0.00416
internal_weight=9660 9623 7579 2044 328 304 218 59 159 56 1716 1690 1647 1550 279 189 59 130 105 1271 1197 544 235 73 50 162 309 104 78 125
internal_count=9660 9623 7579 2044 328 304 218 59 159 56 1716 1690 1647 1550 279 189 59 130 105 1271 1197 544 235 73 50 162 309 104 78 125
is_linear=0
shrinkage=0.08


Tree=181
num_leaves=31
num_cat=0
split_feature=6 21 27 8 33 29 19 27 27 21 27 39 27 25 5 39 21 25 21 33 29 5 1 15 8 21 23 13 6 5
split_gain=0.468716 0.51782 0.883205 0.345267 0.408402 0.552986 0.66389 0.648374 0.8437 0.994434 1.45385 0.438316 0.429501 0.332351 1.33525 1.40833 0.583087 0.798763 0.550564 0.343498 0.360161 0.50609 0.326132 0.596194 0.289912 0.265152 0.264566 0.699274 0.252057 0.335167
threshold=0.27441155743386619 12.978900000000001 16.824400000000001 2.7120227097824601 -0.32849999999999907 15.105100000000002 15.408500000000002 14.18125 14.260600000000002 14.576500000000001 14.817800000000002 85.56851503225387 15.262250000000002 15.515000000000002 15.897186666666668 84.790918516634491 18.517300000000002 17.189100000000007 18.681650000000001 -0.2816999999999989 16.226550000000003 16.259070000000005 10.500000000000002 18.825550000000003 1.5476236408825896 17.307350000000003 17.149950000000004 17.268550000000001 0.28295359129099712 16.985176666666671
decision_type=2 2 2 2 2 2 2 2 2 2 2 2 2 2 2 2 2 2 2 2 2 2 2 2 2 2 2 2 2 2
left_child=-1 2 -2 4 22 7 -7 -6 -9 -10 -11 12 -12 -8 15 -15 19 -18 -19 -16 -21 -22 23 24 26 -5 27 -3 -23 -30
right_child=1 3 -4 25 5 6 13 8 9 10 11 -13 -14 14 16 -17 17 18 -20 20 21 28 -24 -25 -26 -27 -28 -29 29 -31
leaf_value=-3.3063073365741418e-05 -0.0020275070419221025 -0.0019090018846521428 0.00040580534651862095 0.0019320342258794265 -0.00078574724941372855 -0.0075265107993885503 -0.00063804289339746941 0.0062356464474386296 -0.0015194025098791469 0.00069416476960200706 -0.0016026070686566186 -0.00031975888618902473 0.00045244933606092345 0.0079262886435639487 0.018442461667617184 0.00084367846968441088 0.012734617284694225 0.00032268391788453491 -0.00208274430426842 -0.0021616515757047392 0.00039685330866665578 -0.00061780986758700612 -0.003488901418385345 0.087876518253709762 0.00031464961731747336 -0.0010329041037962742 -0.007196896762724894 0.0013974781263588571 -0.0029929483440154069 -0.00029316291248386302
leaf_weight=7622 24 90 26 20 68 131 103 24 61 21 21 29 20 20 28 40 22 20 66 75 30 98 265 21 34 22 74 28 146 411
leaf_count=7622 24 90 26 20 68 131 103 24 61 21 21 29 20 20 28 40 22 20 66 75 30 98 265 21 34 22 74 28 146 411
internal_value=-0.000563149 -0.00164083 0.0064 -0.00184306 -0.00199795 -0.00130544 -0.00201681 0.00216393 0.00472727 0.00252631 0.00782417 0.00228571 0.00760975 -0.00135222 -0.000887031 0.0106667 -0.00166072 0.00385185 0.000372091 -0.00241625 -0.00273684 -0.00216059 -0.0039375 -0.00184616 -0.00304425 0.00533333 -0.00425 -0.00189831 -0.00262596 -0.00196769
internal_weight=9660 2038 50 1988 1946 1434 1190 244 176 152 91 70 41 1059 956 60 896 108 86 788 760 685 512 247 226 42 192 118 655 557
internal_count=9660 2038 50 1988 1946 1434 1190 244 176 152 91 70 41 1059 956 60 896 108 86 788 760 685 512 247 226 42 192 118 655 557
is_linear=0
shrinkage=0.08


Tree=182
num_leaves=31
num_cat=0
split_feature=33 7 13 33 27 4 8 21 39 4 33 21 4 6 8 21 27 8 23 33 25 13 21 1 6 8 8 33 8 33
split_gain=0.297206 0.508746 0.678788 0.467498 1.09583 1.07348 0.941792 1.10785 1.35277 0.737942 1.23372 1.69377 1.10319 0.56964 0.5877 0.655726 0.713388 0.668305 1.44887 0.464194 0.534982 0.456138 0.48362 0.457582 1.06944 0.4 0.399927 0.341093 0.328969 0.445495
threshold=0.72450000000000092 17.642290833333337 17.791300000000003 0.27075000000000055 13.917650000000002 52.500000000000007 1.5457098130203328 16.247550000000004 85.910548744368967 40.500000000000007 0.36114999999999947 15.550500000000001 32.500000000000007 0.93886982703169042 0.18024769168061336 15.036200000000003 14.952100000000002 0.20208199304251817 15.593050000000002 0.56344999999999967 16.817100000000003 15.490150000000002 15.935150000000002 18.500000000000004 0.24445759297225314 0.20687788878947019 0.19704768187955354 0.52219999999999989 0.21217079251113466 0.44275000000000025
decision_type=2 2 2 2 2 2 2 2 2 2 2 2 2 2 2 2 2 2 2 2 2 2 2 2 2 2 2 2 2 2
left_child=3 -2 -3 -1 -5 6 9 8 -8 12 11 25 13 14 -6 -16 -17 18 -18 20 -9 -19 -23 -24 -25 -11 -12 -7 -28 -30
right_child=1 2 -4 4 5 27 7 19 -10 10 26 -13 -14 -15 15 16 17 21 -20 -21 -22 22 23 24 -26 -27 28 -29 29 -31
leaf_value=-0.00012297903760678686 -0.0021157183707756454 -0.0010196222197440029 0.013106093477893471 0.00046674205491620187 0.0018118221095921173 -0.0048161129816893435 2.8424201306914725e-05 0.0031201855226188299 0.0019619868689585581 0.0020622685901787031 0.00019346438324560394 0.00040376804387233164 -0.0027253072880877231 0.00071039631656976353 -0.00071341239562702731 0.00067966554971335543 -0.0031515220275593558 -0.00031023062418659883 0.0042497052905314326 0.00065291476378383576 -0.00051118057204320498 0.0028819300526904158 -0.0001094676469444209 -0.0026815708813576113 0.064227836956198728 0.0049408173520207833 -0.0040648063061565019 0.0011572558163510311 -0.0021907197465518501 0.00027516679886196375
leaf_weight=7612 269 22 20 30 23 147 25 24 22 20 33 65 162 34 190 25 31 119 26 24 44 24 328 29 38 20 48 31 53 122
leaf_count=7612 269 22 20 30 23 147 25 24 22 20 33 65 162 34 190 25 31 119 26 24 44 24 328 29 38 20 48 31 53 122
internal_value=-0.000422362 -0.00285531 0.00533333 -0.000341429 0.000842831 0.000576448 0.00126095 0.00753957 0.0175319 0.000633092 0.00374515 0.0110476 -0.0004587 0.000673585 0.000259302 -9.87673e-05 0.00116129 0.00060504 0.0088421 0.00243478 -0.000941178 -0.00026766 0.000973745 0.000303796 0.00632836 0.024 0.000749998 -0.00530337 -0.00046637 0.00114286
internal_weight=9660 311 42 9349 1737 1707 1529 139 47 1390 361 105 1029 867 833 810 620 595 57 92 68 538 419 395 67 40 256 178 223 175
internal_count=9660 311 42 9349 1737 1707 1529 139 47 1390 361 105 1029 867 833 810 620 595 57 92 68 538 419 395 67 40 256 178 223 175
is_linear=0
shrinkage=0.08


Tree=183
num_leaves=31
num_cat=0
split_feature=29 4 33 4 6 21 2 23 6 13 13 19 6 27 27 31 29 19 21 17 4 19 8 13 29 31 13 29 8 39
split_gain=0.467981 0.673792 0.957068 1.45433 0.347295 0.498644 0.435822 0.60263 0.834717 0.488214 0.982713 0.776369 0.463119 0.64456 0.392922 0.738696 0.584119 0.516313 0.472768 0.556818 0.613351 0.549204 0.512382 0.478639 0.40127 0.497047 0.38653 0.392226 0.948605 0.461689
threshold=13.851850000000002 22.500000000000004 -0.22139999999999913 36.500000000000007 0.28780375698079025 18.517300000000002 4.5000000000000009 14.615850000000002 0.55190453256635519 15.625350000000003 16.108650000000004 15.971400000000001 2.6389273930594825 14.444800000000003 18.158950000000001 17.846600000000006 17.791300000000003 18.410200000000007 18.087200000000003 18.158950000000001 46.500000000000007 17.887500000000003 0.22847824698293387 18.243650000000006 18.120150000000006 18.356750000000002 18.158950000000001 18.243650000000006 0.2307432419469391 94.745513351030397
decision_type=2 2 2 2 2 2 2 2 2 2 2 2 2 2 2 2 2 2 2 2 2 2 2 2 2 2 2 2 2 2
left_child=1 -1 -3 -4 5 14 7 8 -6 -9 11 -11 13 -10 17 -16 -17 18 23 20 21 -20 -23 26 25 -24 27 29 -29 -2
right_child=4 2 3 -5 6 -7 -8 9 12 10 -12 -13 -14 -15 15 16 -18 -19 19 -21 -22 22 24 -25 -26 -27 -28 28 -30 -31
leaf_value=-0.00015496136455880939 -7.5136588059663295e-05 -0.004691763231826622 0.0098397408247376649 0.00016860665892365855 0.0013882034366769342 0.00049390465369126993 -0.0010708881805489522 -0.0035918341594647317 0.0017241217632327857 -0.00052556122268059349 -0.0003129602315065246 0.001594090128012691 0.0086014888847297782 -0.001682295486599987 0.0025503632026016164 0.0027525637157790462 -1.7290143125224666e-05 -0.0019768419526526304 -0.00093222613539724059 0.0027065991182677776 -0.0020619920314470146 -0.00079383683451632022 0.0019841892102777487 -0.0021481219650330988 -4.6967416389072506e-05 0.00025000578663883792 0.004539331172820728 -0.0023100103072274457 0.003715794896594236 -0.0010304727822171996
leaf_weight=39 6730 23 20 32 21 38 333 181 41 22 992 26 38 48 33 28 227 95 30 20 45 36 31 124 20 38 22 24 25 278
leaf_count=39 6730 23 20 32 21 38 333 181 41 22 992 26 38 48 33 28 227 95 30 20 45 36 31 124 20 38 22 24 25 278
internal_value=-0.00046377 0.00463158 0.00906666 0.0150769 -0.00052462 -0.000299849 -0.00156052 -0.000929147 0.00389189 -0.00151352 -0.000846156 0.0103333 0.00144882 -0.00170787 -0.000344352 0.00255555 0.00109804 -0.000455442 -0.000380441 0.00327273 0.002 0.00438709 0.00672 -0.000492019 0.00997753 0.0128696 -0.000405709 -0.000438715 0.00669388 -0.000488586
internal_weight=9660 114 75 52 9546 7844 1702 1369 148 1221 1040 48 127 89 7806 288 255 7518 7423 220 200 155 125 7203 89 69 7079 7057 49 7008
internal_count=9660 114 75 52 9546 7844 1702 1369 148 1221 1040 48 127 89 7806 288 255 7518 7423 220 200 155 125 7203 89 69 7079 7057 49 7008
is_linear=0
shrinkage=0.08


Tree=184
num_leaves=31
num_cat=0
split_feature=33 8 8 7 5 1 4 4 4 4 21 7 21 29 6 5 4 4 23 8 17 8 6 15 13 5 15 25 17 23
split_gain=0.404906 0.395966 0.304798 0.284699 0.259004 0.237497 0.46498 0.403535 2.48894 0.727809 0.700045 0.672176 0.643572 0.618227 2.34131 0.845574 0.600466 1.91486 2.01012 1.38905 1.08457 2.08729 1.33438 1.07162 0.912783 0.625 0.515474 1.17863 0.594455 0.850078
threshold=0.72450000000000092 0.21401177417981529 3.5134649833721672 13.848510833333334 18.121896666666668 4.5000000000000009 56.500000000000007 44.500000000000007 45.500000000000007 27.500000000000004 14.214150000000002 17.048420833333335 13.818850000000003 17.155700000000007 0.22070349802433556 17.052223333333338 14.500000000000002 15.500000000000002 14.543600000000001 0.70052164681273965 15.373050000000001 1.6113745576726044 0.24646578683215883 17.381450000000005 15.490150000000002 16.819813333333336 15.158250000000002 15.213850000000003 14.411800000000001 14.444800000000003
decision_type=2 2 2 2 2 2 2 2 2 2 2 2 2 2 2 2 2 2 2 2 2 2 2 2 2 2 2 2 2 2
left_child=2 -2 3 -1 -3 -5 7 9 13 11 -10 12 -7 14 -9 -15 -14 18 -18 23 -21 22 -22 -19 -20 -26 27 28 29 -12
right_child=1 4 -4 5 -6 6 -8 8 10 -11 26 -13 16 15 -16 -17 17 19 24 20 21 -23 -24 -25 25 -27 -28 -29 -30 -31
leaf_value=0.00013758858418352231 0.00051836539536075836 -0.0015877714744024732 0.00014829533015521808 -0.00031586168278699352 0.0011955912631966654 0.00028435176845179169 -0.00062879723922800519 0.0008697333583167255 -0.0031300164360880262 -0.00023870718353956167 6.9421671609654431e-05 -0.00024672950118633977 -7.3670062107222269e-05 -0.00054528606427453391 0.0076134596464274562 0.0035195589037468828 0.0055102936734820872 -0.00010819845432467391 -0.00053125949796245335 -0.00043827753881739548 0.045519330136127509 -6.8674456909654372e-05 0.062335463410361655 0.001290118657296662 0.00261463101734058 0.00032910835815932625 -2.6892170073156272e-05 0.0018214513826755403 -0.00011012136111067601 0.0042627432415579657
leaf_weight=39 21 261 31 1962 29 21 371 47 100 2040 49 860 1369 26 20 32 23 907 27 67 22 40 30 22 20 20 944 26 208 26
leaf_count=39 21 261 31 1962 29 21 371 47 100 2040 49 860 1369 26 20 32 23 907 27 67 22 40 30 22 20 20 944 26 208 26
internal_value=-0.000530023 -0.00336978 -0.000435557 -0.000461904 -0.00413793 -0.000490572 -0.000280991 -0.000133604 0.00103924 -0.000450624 4.13876e-05 0.000261375 0.000909655 0.01184 0.0170746 0.0057931 0.000794658 0.00211884 0.0133333 0.00119117 0.00810063 0.0137391 0.0243077 8.6095e-06 0.00632836 0.014 0.000555465 0.00339158 0.00189399 0.008
internal_weight=9660 311 9349 9318 290 9279 7317 6946 1478 5468 1353 3428 2568 125 67 58 2547 1178 90 1088 159 92 52 929 67 40 1253 309 283 75
internal_count=9660 311 9349 9318 290 9279 7317 6946 1478 5468 1353 3428 2568 125 67 58 2547 1178 90 1088 159 92 52 929 67 40 1253 309 283 75
is_linear=0
shrinkage=0.08


Tree=185
num_leaves=31
num_cat=0
split_feature=19 31 6 6 33 8 27 29 4 21 6 31 19 7 17 17 19 39 39 27 27 27 1 33 5 31 4 6 13 27
split_gain=0.4179 0.849691 1.88348 0.430212 0.415611 0.429501 0.414051 0.735098 0.474773 0.853856 0.547035 0.933727 0.396135 0.360318 0.608718 0.587657 1.19965 0.38824 0.601022 0.471813 0.929034 0.415584 0.473485 0.358163 0.350701 0.840078 1.06813 0.596014 0.515341 0.371738
threshold=13.818850000000003 14.329500000000001 2.8672400861295499 0.27441155743386619 0.78565000000000051 0.23181846007110132 18.158950000000001 17.791300000000003 33.500000000000007 17.887500000000003 0.20732669641664744 17.993150000000004 18.410200000000007 18.079632500000006 18.681650000000001 17.911800000000003 18.120150000000006 96.533441563167813 95.808319218008066 17.155700000000007 17.110850000000003 20.213250000000006 18.500000000000004 0.24155000000000018 15.085303333333334 14.284200000000002 35.500000000000007 0.81197606220729701 14.642450000000002 15.971400000000001
decision_type=2 2 2 2 2 2 2 2 2 2 2 2 2 2 2 2 2 2 2 2 2 2 2 2 2 2 2 2 2 2
left_child=1 -1 -3 4 6 -6 12 -8 9 -9 -10 -12 -2 17 15 16 -15 18 19 20 24 -21 -23 -11 25 -5 27 28 -27 -26
right_child=3 2 -4 13 5 -7 7 8 10 23 11 -13 -14 14 -16 -17 -18 -19 -20 21 -22 22 -24 -25 29 26 -28 -29 -30 -31
leaf_value=-0.0022539453405814032 -9.9742817799340083e-05 0.00033643663139140505 -0.00036135685495513502 -0.00076763137289249765 0.00070317769739913218 -0.00017364709605188433 0.0026413638547439894 0.0013041371397223374 -0.0053767629235542567 -0.0010974965284140748 0.0020698172095528237 -0.00010792554436622759 -0.0029858683119354415 0.05501841148378607 0.0014312596609165329 -0.0015039147412206396 -0.00095411999698569812 -0.0023112451583698567 0.0019668386020343671 -0.0014712425192235591 0.00052252720245435304 0.011338282372948703 -0.0033441942156386402 0.002392822465275204 -0.00086693543665072414 -0.00018185733634995427 0.00037017469981749418 -0.0045571601770624508 0.0048507684488936168 -0.00015942565027662629
leaf_weight=39 7224 25 23 91 20 21 23 32 25 78 37 39 83 23 39 104 27 279 26 308 37 20 24 20 339 39 39 32 20 524
leaf_count=39 7224 25 23 91 20 21 23 32 25 78 37 39 83 23 39 104 27 279 26 308 37 20 24 20 339 39 39 32 20 524
internal_value=-0.000645965 0.00487356 0.012 -0.000696126 -0.000423048 0.00760975 -0.000466607 0.00270866 0.00135065 -0.00184616 0.00546534 0.0088421 -0.000576983 -0.00174937 0.00153368 -0.000727275 0.0064 -0.00210574 -0.00159573 -0.00180856 -0.00100625 -0.00436364 0.00290909 -0.00555102 -0.00143174 0.00141176 0.00553846 0.000791207 0.00555932 -0.00215991
internal_weight=9660 87 48 9573 7602 41 7561 254 231 130 101 76 7307 1971 193 154 50 1778 1499 1473 1121 352 44 98 1084 221 130 91 59 863
internal_count=9660 87 48 9573 7602 41 7561 254 231 130 101 76 7307 1971 193 154 50 1778 1499 1473 1121 352 44 98 1084 221 130 91 59 863
is_linear=0
shrinkage=0.08


Tree=186
num_leaves=31
num_cat=0
split_feature=8 25 5 13 21 29 4 7 17 27 29 15 39 21 33 33 1 25 17 39 17 7 29 29 4 19 19 15 6 6
split_gain=0.570917 0.392621 0.392857 0.49 0.375108 0.746914 0.429894 0.29875 0.311288 0.716601 0.798012 0.567216 0.442629 0.500462 0.418028 0.620136 0.975238 0.645277 0.524081 0.76531 0.551292 1.22727 0.523694 1.07365 0.942157 0.513369 0.486275 0.480126 0.418952 0.684074
threshold=3.5134649833721672 18.517300000000002 19.41397666666667 18.517300000000002 13.818850000000003 16.093650000000004 31.500000000000004 13.848510833333334 17.363700000000005 17.155700000000007 15.294250000000002 16.628950000000003 94.924958700788707 17.531950000000005 0.20124999999999996 0.073799999999998547 4.5000000000000009 18.449000000000002 17.462750000000003 91.723490528964177 18.478250000000003 18.100093333333337 17.955650000000002 17.846600000000006 48.500000000000007 17.993150000000004 17.008900000000004 17.133600000000005 0.21749295170193214 0.27272974107015518
decision_type=2 2 2 2 2 2 2 2 2 2 2 2 2 2 2 2 2 2 2 2 2 2 2 2 2 2 2 2 2 2
left_child=1 4 -3 -4 5 6 -1 -6 9 12 -11 -10 -9 -14 15 17 -17 18 19 26 28 25 23 24 -18 -22 -13 -21 -20 -30
right_child=-2 2 3 -5 7 -7 -8 8 11 10 -12 14 13 -15 -16 16 22 -19 20 27 21 -23 -24 -25 -26 -27 -28 -29 29 -31
leaf_value=0.00013077458259799633 0.00015250333539584195 -0.0034781175275397087 0.00089919620323306059 -0.013356920100851171 0.00014524709134626135 0.00032092463379115806 -0.010274255352805255 -9.942281564013876e-05 0.00043238066618546129 0.00011742642344314797 -0.0016281203496780541 -0.0014845733747826193 -0.0035081595007522767 0.0007973685238984008 -0.0001576625809732917 0.0018622360017256287 -0.00032774901695932209 0.0017870210842439703 -0.0014689210202012729 0.0041377845584941635 -0.0018256858971433618 0.01439397134803889 -0.00062376276335385878 0.0022827395502555844 0.002258321046930618 0.001141519579473728 0.00076281596193829185 8.4241046758659331e-05 0.00029473888685735135 -0.0022237450986363509
leaf_weight=28 37 175 20 25 39 27 26 7048 23 20 517 31 183 30 421 35 48 40 162 26 32 22 82 25 20 34 20 21 297 146
leaf_count=28 37 175 20 25 39 27 26 7048 23 20 517 31 183 30 421 35 48 40 162 26 32 22 82 25 20 34 20 21 297 146
internal_value=-0.00062112 -0.000659256 -0.004 0.00266666 -0.000581093 0.0048395 -0.000592594 -0.000628193 -0.000657548 -0.00085971 -0.0036797 0.000404038 -0.000651152 -0.00424413 0.000207932 0.0010682 0.00495238 8.66407e-05 -0.000414667 0.00506122 -0.00118904 0.00472727 0.00251428 0.00662365 0.00141176 -0.000727275 -0.00172549 0.0124255 -0.00204959 -0.000776526
internal_weight=9660 9623 220 45 9403 81 54 9322 9283 7798 537 1485 7261 213 1462 1041 210 831 791 98 693 88 175 93 68 66 51 47 605 443
internal_count=9660 9623 220 45 9403 81 54 9322 9283 7798 537 1485 7261 213 1462 1041 210 831 791 98 693 88 175 93 68 66 51 47 605 443
is_linear=0
shrinkage=0.08


Tree=187
num_leaves=31
num_cat=0
split_feature=19 5 6 6 8 21 17 27 17 17 5 25 25 6 8 15 19 7 8 29 1 15 4 4 4 33 6 17 31 39
split_gain=0.411653 0.716823 0.47148 0.395915 0.573399 0.607952 0.534455 0.755653 0.743294 0.954913 0.380489 0.421103 0.382298 0.801824 1.85464 0.318688 0.314762 0.700737 0.42457 0.335891 0.49469 0.63 0.653333 0.521279 0.875 0.594032 1.47759 0.342612 0.63381 0.436311
threshold=13.818850000000003 14.121176666666669 2.8672400861295499 0.28780375698079025 1.7243483700346605 15.4565 16.180450000000004 17.343850000000003 17.228650000000005 16.628950000000003 19.41397666666667 17.911800000000003 17.343850000000003 0.76320403382708191 1.0368215307608737 12.978900000000001 13.950650000000001 14.120073333333336 0.18100723234993835 14.082400000000002 2.5000000000000004 14.066000000000001 27.500000000000004 8.5000000000000018 5.5000000000000009 0.32945000000000052 0.19520982906432963 14.395400000000002 14.09895 75.859977836541731
decision_type=2 2 2 2 2 2 2 2 2 2 2 2 2 2 2 2 2 2 2 2 2 2 2 2 2 2 2 2 2 2
left_child=1 -1 -3 16 10 -6 -7 8 9 -8 11 12 15 -14 -15 -5 17 -2 -19 20 21 -18 -23 24 -22 27 -27 29 -29 -25
right_child=3 2 -4 4 5 6 7 -9 -10 -11 -12 -13 13 14 -16 -17 19 18 -20 -21 23 22 -24 25 -26 26 -28 28 -30 -31
leaf_value=-0.012217164306384913 0.00061474646754832135 0.00020476963302141563 2.4418956938161188e-05 0.00042460453614510377 0.00021844398689680844 -0.004402808566765181 0.0011361693892223787 -0.0015000402131182902 0.0011844021579987508 -0.0028426879271955291 0.00070220811486097702 -0.0043757526365285297 -0.0012465531298070027 0.077490984060246626 -0.0010252834222437368 -0.00052421374720600631 0.01262534830799571 0.00055230624231124054 -0.0034464920295698789 -8.2023989756836843e-05 -0.0010076839524351005 -0.0024655338335074911 0.00056985988040427979 0.00064417291667350364 0.00065253143452816511 0.00080324144546618304 -0.0029102494736697811 0.0063173716761837587 -0.0025291041800931612 -0.0026300107216063982
leaf_weight=21 23 34 32 21 32 56 28 47 29 73 43 240 81 23 32 1000 20 28 134 7261 28 20 30 41 28 20 26 22 25 162
leaf_count=21 23 34 32 21 32 56 28 47 29 73 43 240 81 23 32 1000 20 28 134 7261 28 20 30 41 28 20 26 22 25 162
internal_value=-0.000604557 0.00487356 0.0089697 -0.000654342 -0.00175953 0.00166038 0.000240341 0.00239548 0.00553846 0.00229703 -0.00238889 -0.00261704 -0.00198444 0.002 0.00945454 -0.00251518 -0.000414847 -0.00367568 -0.00553087 -0.000336329 0.00185782 0.008 0.0032 0.000636362 0.00771428 -0.000702705 0.00765217 -0.00224 0.00391489 -0.00366503
internal_weight=9660 87 66 9573 1705 265 233 177 130 101 1440 1397 1157 136 55 1021 7868 185 162 7683 422 70 50 352 56 296 46 250 47 203
internal_count=9660 87 66 9573 1705 265 233 177 130 101 1440 1397 1157 136 55 1021 7868 185 162 7683 422 70 50 352 56 296 46 250 47 203
is_linear=0
shrinkage=0.08


Tree=188
num_leaves=31
num_cat=0
split_feature=8 23 1 27 25 25 6 13 31 19 15 15 23 5 21 17 8 2 15 23 15 4 29 33 4 15 23 8 17 13
split_gain=0.573781 0.515434 1.02556 0.488423 0.835935 0.447346 0.340021 0.638427 1.27201 0.516097 0.49637 1.13519 0.9 0.453323 0.404317 0.585075 0.401525 0.688923 0.400263 0.750039 0.387317 0.370488 0.551722 0.779167 0.68807 0.629836 1.13543 0.479087 0.346349 0.756206
threshold=3.5134649833721672 18.314050000000005 1.5000000000000002 19.011950000000002 17.265850000000004 21.067900000000005 0.28780375698079025 18.410200000000007 18.158950000000001 14.066000000000001 17.189100000000007 17.094800000000003 17.042850000000005 14.176256666666669 18.410200000000007 17.911800000000003 1.6035382669580101 5.5000000000000009 18.825550000000003 17.079750000000004 17.911800000000003 35.500000000000007 15.355800000000002 -0.32849999999999907 41.500000000000007 16.852650000000001 17.071750000000005 1.9814129932576601 16.180450000000004 16.108650000000004
decision_type=2 2 2 2 2 2 2 2 2 2 2 2 2 2 2 2 2 2 2 2 2 2 2 2 2 2 2 2 2 2
left_child=1 3 -3 6 -5 -4 7 14 -9 13 11 21 -13 -8 -1 -16 17 -15 -12 -20 -17 27 23 -23 -25 -24 -27 28 -11 -30
right_child=-2 2 5 4 -6 -7 9 8 -10 10 18 12 -14 16 15 20 -18 -19 19 -21 -22 22 25 24 -26 26 -28 -29 29 -31
leaf_value=-7.8446813436388221e-05 0.00013961662883517633 0.002392082867387511 -0.0018642078451736371 9.9713053326753683e-05 -0.00092580669657087069 0.00033387045414554349 -0.0030153038779624688 0.0010353495822376098 -0.00092403314243969708 -0.0012042908548551094 -0.0029493772298437239 0.064822652185021118 -0.0015211058337244248 0.00041649468099792288 -0.0014501369874175762 0.0012311432701989661 -0.0017456488060098075 -0.0002116955327532518 -0.010258807830931782 0.0056108707615152046 0.001173713019240411 -0.0058088718469181833 -0.0016242149166588499 0.0012997502981328258 0.0002437723304591108 -0.001094285639373909 0.00058824492003981541 0.00069548003631146984 0.0010638345048236293 -0.0022385211773397287
leaf_weight=7576 37 23 338 20 33 32 26 20 21 315 285 20 20 21 35 29 23 23 44 31 30 22 158 26 54 37 24 33 37 267
leaf_count=7576 37 23 338 20 33 32 26 20 21 315 285 20 20 21 35 29 23 23 44 31 30 22 158 26 54 37 24 33 37 267
internal_value=-0.000645965 -0.000684196 -0.00352163 -0.000563382 0.00709434 -0.00454054 -0.000607608 -0.000395281 0.00956097 -0.00172442 -0.00211508 -0.00120829 0.012 0.00404301 -0.000448503 0.00476596 0.00752239 0.012 -0.00466667 0.000533331 0.00962712 -0.00175129 0.000473518 0.00533333 0.009 -0.00178996 0.00511475 -0.00284663 -0.00334734 -0.00142105
internal_weight=9660 9623 393 9230 53 370 9177 7711 41 1466 1373 1013 40 93 7670 94 67 44 360 75 59 973 321 102 80 219 61 652 619 304
internal_count=9660 9623 393 9230 53 370 9177 7711 41 1466 1373 1013 40 93 7670 94 67 44 360 75 59 973 321 102 80 219 61 652 619 304
is_linear=0
shrinkage=0.08


Tree=189
num_leaves=31
num_cat=0
split_feature=29 33 5 21 2 4 4 2 27 39 39 25 33 33 1 4 4 1 33 4 33 21 21 23 4 39 1 8 15 33
split_gain=0.565871 1.33333 0.378726 0.363729 0.407732 0.357378 2.56811 0.974834 0.816793 1.01587 0.750944 0.468593 0.429174 0.432522 0.376159 0.368954 1.5002 1.53968 1.2746 0.813653 0.61329 0.4743 0.755275 0.911458 0.870016 0.654514 0.692155 0.604506 0.924176 0.599395
threshold=12.978900000000001 0.06900000000000174 18.142023333333338 12.978900000000001 3.5000000000000004 44.500000000000007 45.500000000000007 1.5000000000000002 14.968750000000002 93.04431705794282 85.138389966621062 18.681650000000001 -0.9933499999999994 -0.3953000000000006 1.5000000000000002 16.500000000000004 14.500000000000002 16.500000000000004 0.13130000000000044 15.500000000000002 -0.065700000000000522 18.120150000000006 18.449000000000002 17.911800000000003 31.500000000000004 97.842033181935662 20.500000000000004 0.2394805331106267 14.817800000000002 0.065850000000001088
decision_type=2 2 2 2 2 2 2 2 2 2 2 2 2 2 2 2 2 2 2 2 2 2 2 2 2 2 2 2 2 2
left_child=1 -1 3 4 -2 11 7 -7 -9 10 -10 15 -8 14 -14 16 -5 18 20 -20 -18 25 23 -23 -25 26 -17 28 -28 -30
right_child=2 -3 -4 5 -6 6 12 8 9 -11 -12 -13 13 -15 -16 21 17 -19 19 -21 -22 22 -24 24 -26 -27 27 -29 29 -31
leaf_value=-0.00051196281181670167 0.00028943320037700103 0.0001436535277878129 -0.0016433219357969626 -9.7035893917603875e-05 -0.0010456521485722057 3.5078809241585538e-05 0.0013280296131611827 0.0044325581561534847 0.0036643943756340114 0.0034373915434866469 -0.00019149280473413277 -0.0049775809245856733 0.0029715792725099189 -1.9750611045275843e-05 -0.0010701712993800728 -0.00025571960580427508 0.0048255289809843883 -0.00016935226733606697 0.0020358802913179978 3.8422864480655438e-06 0.0059877335211701004 -0.00025431999593209361 -0.00025986619162823437 0.0058708134192800568 -0.0002641451232742636 -0.002756985555149128 -0.0088892449801372571 5.8609951641378195e-05 0.11503799548097454 0.064292661613198451
leaf_weight=30 21 20 213 2358 22 46 21 22 38 21 25 57 22 1895 243 3507 49 83 36 106 41 48 92 39 25 210 26 279 42 23
leaf_count=30 21 20 213 2358 22 46 21 22 38 21 25 57 22 1895 243 3507 49 83 36 106 41 48 92 39 25 210 26 279 42 23
internal_value=-0.000488615 0.008 -0.00053278 -0.000457169 0.00688372 -0.000490915 0.000366908 0.0104211 0.0146415 0.0110476 0.00596825 -0.00077596 -0.000333794 -0.000444446 -0.0034717 -0.000716831 2.09483e-05 0.00520635 0.00855172 0.00383098 0.016 -0.00117642 0.00258823 0.007 0.01325 -0.00136433 -0.00112871 0.00216216 0.00782417 0.0129231
internal_weight=9660 50 9610 9397 43 9354 2333 152 106 84 63 7021 2181 2160 265 6964 2673 315 232 142 90 4291 204 112 64 4087 3877 370 91 65
internal_count=9660 50 9610 9397 43 9354 2333 152 106 84 63 7021 2181 2160 265 6964 2673 315 232 142 90 4291 204 112 64 4087 3877 370 91 65
is_linear=0
shrinkage=0.08


Tree=190
num_leaves=31
num_cat=0
split_feature=8 4 4 4 33 5 27 33 25 8 1 4 6 6 1 29 4 6 27 19 5 7 5 6 7 27 6 4 8 13
split_gain=0.837697 0.386929 0.928522 0.912058 1.21494 2.025 0.742476 0.625389 0.710092 0.561867 0.627193 0.536444 0.48178 0.780004 0.737319 0.494063 0.775601 0.517927 0.45478 0.453162 0.447576 0.4548 0.988692 0.400113 0.555882 0.768182 0.427369 0.448926 0.544879 0.393213
threshold=3.5134649833721672 35.500000000000007 34.500000000000007 36.500000000000007 0.032849999999999831 15.745600000000003 17.307350000000003 -0.37945000000000023 21.448650000000004 1.6795587907055991 1.5000000000000002 47.500000000000007 0.23702015940509177 0.23646656362918361 19.500000000000004 18.197700000000005 24.500000000000004 0.20941192443366338 19.979150000000001 13.818850000000003 18.15946666666667 14.133285000000003 14.127790000000003 2.6389273930594825 17.075615833333341 16.900950000000005 0.31083398291248526 16.500000000000004 1.3381638018971869 19.011950000000002
decision_type=2 2 2 2 2 2 2 2 2 2 2 2 2 2 2 2 2 2 2 2 2 2 2 2 2 2 2 2 2 2
left_child=1 2 12 4 5 -3 -6 9 20 10 -5 -11 13 14 15 -1 17 -17 19 -14 21 -9 -23 26 25 -25 -21 29 -29 -28
right_child=-2 3 -4 7 6 -7 -8 8 -10 11 -12 -13 18 -15 -16 16 -18 -19 -20 23 -22 22 -24 24 -26 -27 27 28 -30 -31
leaf_value=-2.399918660263515e-05 0.00012009830877975688 0.0035119420807346565 -0.0084425685824678198 0.00066115938756931283 -5.1884678042644864e-05 -0.00041219397566647458 0.0051077928940290694 -0.00089261179408115312 0.00047105636409447134 0.0013140630549332225 -0.0014130933507105195 -0.0023023587685456503 9.9789153935283265e-05 0.0021012135834362943 -0.00068991661766037505 -0.0038747003174994027 0.046816242698549379 0.001909116066862731 0.060342423342146637 -0.00020739112430300481 -0.0018662361308581876 0.00025970102232231835 4.5749506669532629e-05 -6.0470646574322595e-05 -0.0045230885860347778 0.084303956500670768 -0.00094022948452839288 -0.0049728764896829307 0.00064494699180172742 0.058912951490965267
leaf_weight=2989 37 20 161 40 101 20 20 244 21 33 451 23 38 26 400 30 20 21 23 1193 61 32 2795 44 21 20 329 390 32 25
leaf_count=2989 37 20 161 40 101 20 20 244 21 33 451 23 38 26 400 30 20 21 23 1193 61 32 2795 44 21 20 329 390 32 25
internal_value=-0.000554867 -0.000601062 -0.00101632 1.86461e-05 0.00591304 0.018 0.00191735 -0.00023784 0.000195368 -0.00273492 -0.00360082 0.00485714 -0.000844137 -0.00026621 -0.000369944 5.22857e-05 0.00664789 0.00141176 -0.00179669 -0.0019197 9.70607e-05 0.000231844 0.000517862 -0.00207985 0.00329412 0.007 -0.00231184 -0.0037732 -0.00553555 -0.00167232
internal_weight=9660 9623 5762 3861 161 40 121 3700 3153 547 491 56 5601 3486 3460 3060 71 51 2115 2092 3132 3071 2827 2054 85 64 1969 776 422 354
internal_count=9660 9623 5762 3861 161 40 121 3700 3153 547 491 56 5601 3486 3460 3060 71 51 2115 2092 3132 3071 2827 2054 85 64 1969 776 422 354
is_linear=0
shrinkage=0.08


Tree=191
num_leaves=31
num_cat=0
split_feature=8 1 31 31 39 15 21 39 7 6 6 8 4 27 4 5 4 1 5 4 25 39 19 13 23 13 21 39 29 39
split_gain=0.833084 0.387103 0.764744 0.956277 1.14286 0.519766 0.464788 0.454279 0.625524 0.623949 1.13766 0.72398 1.00849 0.579049 0.451299 0.675 0.445092 0.410954 0.521362 0.527576 0.762578 0.57313 1.32834 0.751214 1.27566 0.764772 0.734783 1.88182 0.514655 0.520182
threshold=3.5134649833721672 4.5000000000000009 14.082400000000002 14.043850000000001 76.666394362879871 13.884750000000002 12.978900000000001 82.137574322253542 16.175352500000006 0.20496707447508877 0.20985600280748418 0.39477492758985461 40.500000000000007 14.952100000000002 3.5000000000000004 16.369123333333338 13.500000000000002 7.5000000000000009 14.118983333333334 41.500000000000007 18.158950000000001 93.887166428019768 16.750600000000002 15.662100000000001 15.593050000000002 14.362500000000002 16.9785 92.104947840647384 14.066000000000001 78.745241551140623
decision_type=2 2 2 2 2 2 2 2 2 2 2 2 2 2 2 2 2 2 2 2 2 2 2 2 2 2 2 2 2 2
left_child=1 2 3 -1 -5 -4 -3 -7 9 -9 -11 -12 13 -13 15 -10 -15 18 -8 28 21 22 23 24 25 -21 27 -24 -20 -30
right_child=-2 6 5 4 -6 7 17 8 14 10 11 12 -14 16 -16 -17 -18 -19 19 20 -22 -23 26 -25 -26 -27 -28 -29 29 -31
leaf_value=-0.00021451065886255612 0.00011049044407731131 0.00027530318993322997 0.01155996370780627 0.0047607930189618635 3.315555396276933e-05 -0.0013450501052987679 -0.0024982267166762523 -0.00050829509436815833 -0.013802252494308571 0.0083465382958811708 -0.00094607087230623096 0.00052784359921488719 0.002520679608674469 0.0014070331997932345 -0.0018041952841711323 0.063965626584605279 -0.001272317261092056 -0.00011498214579012825 0.0009145311221408016 0.0014541374270544754 0.0011933966392604417 -0.0028959187149956473 0.0010065208812391254 -0.0031257130237827215 0.0046605269512975554 -0.00055513499674244248 0.0018070865533658354 -0.0067877790719706845 -0.0012504732131964689 6.1002325424229755e-05
leaf_weight=154 37 39 22 28 28 524 56 121 20 23 159 22 35 38 799 40 77 6237 43 44 21 51 22 57 21 101 24 23 115 679
leaf_count=154 37 39 22 28 28 524 56 121 20 23 159 22 35 38 799 40 77 6237 43 44 21 51 22 57 21 101 24 23 115 679
internal_value=-0.000521741 -0.000567808 -0.0015311 0.00304762 0.012 -0.00204256 -0.000300546 -0.0021873 -0.0014033 0.000926314 0.00262147 0.00142598 0.00502325 0.00192701 -0.0026915 0.004 -0.000347828 -0.000345879 0.000973745 0.00132556 0.00386813 0.0029621 0.00432877 0.00132735 0.00404819 0.00137931 0.014029 0.008 0.000219831 -0.000241816
internal_weight=9660 9623 2090 210 56 1880 7533 1858 1334 475 354 331 172 137 859 60 115 7494 1257 1201 364 343 292 223 166 145 69 45 837 794
internal_count=9660 9623 2090 210 56 1880 7533 1858 1334 475 354 331 172 137 859 60 115 7494 1257 1201 364 343 292 223 166 145 69 45 837 794
is_linear=0
shrinkage=0.08


Tree=192
num_leaves=31
num_cat=0
split_feature=8 1 31 17 17 21 39 25 8 8 33 19 21 29 13 39 8 4 17 8 1 2 15 6 33 5 31 8 23 23
split_gain=0.836543 0.397897 0.542122 0.918632 1.64127 0.467058 0.424666 0.402651 0.399521 0.610099 0.579966 0.547823 0.728258 0.634096 0.642388 0.588596 0.552945 0.8458 0.550267 0.540183 0.8 0.657902 0.531864 0.501364 0.773863 0.684301 1.12922 0.752232 0.725926 1.10626
threshold=3.5134649833721672 4.5000000000000009 14.082400000000002 14.284200000000002 14.514900000000003 12.978900000000001 76.576399801107129 14.413900000000002 0.34064491142499004 0.23443518084976991 0.72450000000000092 14.082400000000002 14.510650000000002 15.158250000000002 15.444000000000001 83.787383992455787 0.23587357219679639 13.500000000000002 16.9785 0.33775997302777855 5.5000000000000009 1.5000000000000002 17.155700000000007 0.21871697942429766 0.4174500000000006 15.703710000000003 15.896950000000002 1.7113343486372252 17.005200000000006 17.155700000000007
decision_type=2 2 2 2 2 2 2 2 2 2 2 2 2 2 2 2 2 2 2 2 2 2 2 2 2 2 2 2 2 2
left_child=1 2 3 7 6 -3 -5 -1 9 -7 11 -11 -13 19 -15 -16 17 -17 -19 20 -14 -22 23 24 -10 26 -25 -27 -29 -30
right_child=-2 5 -4 4 -6 8 -8 -9 22 10 -12 12 13 14 15 16 -18 18 -20 -21 21 -23 -24 25 -26 27 -28 28 29 -31
leaf_value=-0.00088130367323119329 0.00010165120855124328 0.00025327893473852189 -0.00062652682871220853 0.0045461133708426639 -0.0047934352064539368 -9.9629189386718877e-05 0.00092078291827529313 0.00048286466509653915 -0.0011422701274627209 0.0022610105715229639 -0.0026642457223840323 -0.0022858923180256942 0.0077983904195820198 -0.00053862852955129266 0.0042977060685474282 0.0092972851134844967 8.8141284092144607e-05 -0.0033562497596327811 0.0020559861362057902 0.00033435998099200069 0.00051385192814107838 -0.00029426604032660334 -0.00096563935448490856 0.00015252903408174791 0.00034149751985916913 -0.00088460471177552501 0.020243969746807155 -8.7104501170954358e-05 0.012246366485659511 0.00010437605791107258
leaf_weight=111 37 39 1880 23 29 4226 21 26 398 32 41 66 25 102 31 26 951 21 34 21 22 78 495 214 33 468 30 108 22 50
leaf_count=111 37 39 1880 23 29 4226 21 26 398 32 41 66 25 102 31 26 951 21 34 21 22 78 495 214 33 468 30 108 22 50
internal_value=-0.000546586 -0.000592748 -0.00156938 0.00228571 0.00953424 -0.000321786 0.0192727 -0.00157664 -0.000367229 -3.66474e-05 0.00137931 0.00165223 0.00141176 0.00182456 0.00120171 0.00178363 0.00145736 0.00780247 0.00218182 0.00679452 0.0048 0.0016 -0.00139934 -0.00056236 -0.00280279 0.000520177 0.00413115 -0.000839508 0.00355555 0.00977778
internal_weight=9660 9623 2090 210 73 7533 44 137 7494 5676 1450 1409 1377 1311 1165 1063 1032 81 55 146 125 100 1818 1323 431 892 244 648 180 72
internal_count=9660 9623 2090 210 73 7533 44 137 7494 5676 1450 1409 1377 1311 1165 1063 1032 81 55 146 125 100 1818 1323 431 892 244 648 180 72
is_linear=0
shrinkage=0.08


Tree=193
num_leaves=31
num_cat=0
split_feature=8 7 31 33 17 6 19 33 21 39 6 5 6 33 6 7 39 19 39 17 15 33 19 7 7 23 27 31 21 25
split_gain=0.563315 0.341507 0.88484 0.521269 0.553158 0.742364 0.954152 0.708828 0.61246 1.42174 0.642093 0.476237 0.463167 0.454813 0.610316 0.435624 1.01021 0.714286 0.47619 0.431443 1.13042 0.771322 1.22147 0.58089 0.651002 0.567513 0.584065 0.522342 0.523445 0.70521
threshold=3.5134649833721672 15.721529166666668 16.305350000000004 0.68959999999999966 15.965100000000001 0.19520982906432963 16.852650000000001 0.27075000000000055 15.621500000000003 84.966557449882785 0.2491486984069326 15.735896666666667 0.26973543281706808 -0.26560000000000089 0.21482485665727827 16.312594166666671 88.565252373217774 16.628950000000003 89.913267591553748 17.955650000000002 17.189100000000007 -0.8807500000000007 17.056050000000003 17.642290833333337 17.870240833333337 15.105100000000002 16.269450000000003 16.365600000000004 16.566100000000002 16.787500000000005
decision_type=2 2 2 2 2 2 2 2 2 2 2 2 2 2 2 2 2 2 2 2 2 2 2 2 2 2 2 2 2 2
left_child=1 3 13 4 11 -6 7 8 9 10 -7 -1 -10 14 -3 16 -4 18 -18 21 -21 22 -17 -22 -25 -23 -27 -28 -29 -30
right_child=-2 2 15 -5 5 6 -8 -9 12 -11 -12 -13 -14 -15 -16 19 17 -19 -20 20 23 25 -24 24 -26 26 27 28 29 -31
leaf_value=-8.4740590857191839e-06 9.3519111867021963e-05 0.0044623444403120308 -0.0050885690083569204 -0.0043822242731111271 -0.00045554886857602839 0.0019325663645556313 -0.031090611798282517 0.0015813010617595274 -0.0026026956719103068 -0.0023668582092372273 0.0054640300378865246 -0.0064637745590894139 0.00046695793392046662 -0.0038608384844546662 -0.0026474494631704786 0.020118059386130413 0.002521769241374983 0.00583412126039965 -0.00014388955658040112 0.0010771606517886766 -0.004185078578219867 0.059491153480348356 -0.0097606412124756209 0.0011323167454603093 7.4597074951892326e-05 -0.0037592260008352646 0.020540035745214756 -0.0064739405441768937 0.00018027127749648409 -0.00038244508904229006
leaf_weight=4448 37 45 79 120 30 34 29 22 37 26 22 101 38 593 149 39 32 21 28 25 67 20 37 21 719 109 27 97 346 2262
leaf_count=4448 37 45 79 120 30 34 29 22 37 26 22 101 38 593 149 39 32 21 28 25 67 20 37 21 719 109 27 97 346 2262
internal_value=-0.000554867 -0.000592748 -0.00107888 -0.000125537 5.01167e-06 0.0037647 0.00546154 0.00764246 0.00575796 0.0105366 0.0177143 -0.000191692 0.000533331 -0.00352732 -0.00016495 -0.000588447 0.0035 0.00977778 0.00533333 -0.000762008 0.000846152 -0.00121757 0.00673684 0.000327136 0.000972971 -0.00142887 -0.00152341 -0.00129429 -0.00140481 -0.00119019
internal_weight=9660 9623 4716 4907 4787 238 208 179 157 82 56 4549 75 787 194 3929 160 81 60 3769 832 2937 76 807 740 2861 2841 2732 2705 2608
internal_count=9660 9623 4716 4907 4787 238 208 179 157 82 56 4549 75 787 194 3929 160 81 60 3769 832 2937 76 807 740 2861 2841 2732 2705 2608
is_linear=0
shrinkage=0.08


Tree=194
num_leaves=31
num_cat=0
split_feature=8 8 33 33 8 33 33 19 15 7 25 5 13 15 4 25 8 33 8 6 33 7 21 39 27 1 17 33 19 21
split_gain=0.569964 0.466288 0.509653 0.969529 0.799777 0.960271 0.91913 0.677249 0.75421 0.576752 0.493002 0.473116 0.641122 0.672291 0.480918 0.47295 0.438277 0.599483 0.433104 0.515127 0.555042 0.417375 0.41335 0.771429 0.392917 0.390615 0.394245 0.990116 0.360892 0.356889
threshold=3.5134649833721672 0.34064491142499004 0.32834999999999953 0.71485000000000032 1.437646543541456 0.62230000000000019 0.36114999999999947 17.005200000000006 16.775850000000002 17.56838083333334 21.067900000000005 16.376710000000006 16.717400000000001 16.603000000000005 7.5000000000000009 18.605250000000002 0.73712317044747688 0.4174500000000006 0.33255441448800133 0.21645223347815792 -1.0000000180025095e-35 13.848510833333334 16.247550000000004 84.945622159077644 16.824400000000001 1.0000000180025095e-35 18.478250000000003 0.037950000000000379 16.603000000000005 16.413050000000002
decision_type=2 2 2 2 2 2 2 2 2 2 2 2 2 2 2 2 2 2 2 2 2 2 2 2 2 2 2 2 2 2
left_child=1 15 10 4 5 6 -4 8 22 -9 11 14 -13 -14 -3 18 17 -8 25 -20 -21 -16 23 -6 -5 -1 -27 -28 -15 -23
right_child=-2 2 3 24 7 -7 16 9 -10 -11 -12 12 13 28 21 -17 -18 -19 19 20 -22 29 -24 -25 -26 26 27 -29 -30 -31
leaf_value=-0.0025090664023978172 8.6037582917595191e-05 -0.0034285034157410157 0.0034281170578149955 -0.0036949796098897209 3.1809094392601794e-05 0.0045864887423865174 -0.011204342822534734 -0.0011004949250255928 0.0013915848314724716 0.00071106171946715385 0.0005630425373243953 -0.0096308982273142028 0.067626561716977882 0.00021971205237165343 0.00024447540778469161 0.0026492781535031452 -0.0028291101292756446 0.00044223004094601567 0.00082980160993683522 -0.00047410290213728448 0.011512453098382317 -0.0003289036368562733 -0.00040019994284564212 0.0018083701982251432 -0.0005614388075667944 -6.2474187489986791e-05 0.0018632311633264671 -0.00025045594762784838 -0.00085814057799609204 0.00045964111142625949
leaf_weight=62 37 150 35 122 28 24 29 26 22 23 37 164 34 38 28 20 104 43 29 24 23 927 23 20 86 6487 29 34 841 111
leaf_count=62 37 150 35 122 28 24 29 26 22 23 37 164 34 38 28 20 104 43 29 24 23 927 23 20 86 6487 29 34 841 111
internal_value=-0.000612838 -0.000650942 -0.00149571 0.000615383 0.00303448 0.000170211 -0.0015545 0.00777465 0.0117849 0.000163263 -0.00202575 -0.00217357 -0.00339462 -0.00256736 -0.00109211 -0.000283842 -0.00390909 0.000888887 -0.000320576 0.00568421 0.000510636 -0.000495311 0.00777465 0.012 -0.00376923 -0.000389597 -0.000329773 0.00596825 -0.00299431 -0.000755301
internal_weight=9660 9623 2915 585 377 235 211 142 93 49 2330 2293 1077 913 1216 6708 176 72 6688 76 47 1066 71 48 208 6612 6550 63 879 1038
internal_count=9660 9623 2915 585 377 235 211 142 93 49 2330 2293 1077 913 1216 6708 176 72 6688 76 47 1066 71 48 208 6612 6550 63 879 1038
is_linear=0
shrinkage=0.08


Tree=195
num_leaves=31
num_cat=0
split_feature=6 19 5 25 17 7 33 33 5 21 29 5 31 31 17 19 5 21 23 39 6 7 23 4 29 7 33 33 4 4
split_gain=0.44075 0.629988 0.538463 0.484377 1.01884 0.857507 0.460842 1.16545 1.39434 0.419125 0.407697 0.517677 0.316516 1.25478 0.677352 0.443878 1.06765 0.402685 0.670307 0.558242 0.800041 0.290748 0.489718 0.288524 0.475276 1.38632 0.354484 0.782609 0.320325 0.265734
threshold=0.27964170613353562 14.082400000000002 14.176256666666669 18.449000000000002 18.087200000000003 18.080305833333338 -0.12605000000000108 -0.098500000000000462 17.004513333333339 18.517300000000002 14.481250000000001 15.64155666666667 17.110850000000003 17.207200000000004 17.155700000000007 18.517300000000002 18.15946666666667 17.846600000000006 17.117000000000004 97.638118011755765 0.65826741301574809 18.067215000000001 18.314050000000005 18.500000000000004 15.373050000000001 15.3993175 0.065649999999999778 -0.03689999999999926 47.500000000000007 8.5000000000000018
decision_type=2 2 2 2 2 2 2 2 2 2 2 2 2 2 2 2 2 2 2 2 2 2 2 2 2 2 2 2 2 2
left_child=3 2 -2 9 5 -5 21 8 -8 -1 -4 -12 23 14 -14 17 -17 18 -15 20 -20 -3 -23 26 25 28 27 -9 -25 -28
right_child=1 6 10 4 -6 -7 7 12 -10 -11 11 -13 13 15 -16 16 -18 -19 19 -21 -22 22 -24 24 -26 -27 29 -29 -30 -31
leaf_value=-6.1944437453031713e-05 -0.0030188237518730013 -0.0017204069269943362 0.0025966028553054622 -0.00060126708766938407 -0.0030997538016230976 0.0025279744923344576 0.0015921640133981037 -0.0002606803395704333 -0.0031380423628502019 0.00032760381009317271 -0.0014163978574339249 0.00048880391866994448 0.00015182689417703339 -0.0020652374204021529 0.00058553398319516315 0.04199890307624779 -0.0027540206571382924 -0.0019371436397654037 -0.0012723076945109293 -0.0014509822323140803 0.0010705181845963188 0.0011055336269266589 -0.0060361518898210285 -0.0012379041263752345 -0.0027789314997184928 0.0026883817274023316 -0.00051920057292191178 0.0059119149964621878 7.2482597747338851e-05 6.7734288175417515e-05
leaf_weight=7621 29 673 32 22 24 35 29 23 22 34 26 25 21 103 20 20 34 123 21 22 25 27 41 73 284 26 71 23 29 102
leaf_count=7621 29 673 32 22 24 35 29 23 22 34 26 25 21 103 20 20 34 123 21 22 25 27 41 73 284 26 71 23 29 102
internal_value=-0.000596275 -0.00167984 0.00414286 -0.000326786 0.00582716 0.0116491 -0.00203974 -0.000978527 0.0108235 -0.000391903 0.00742168 0.00298039 -0.00156863 0.000226219 0.0134634 -0.00133334 0.00533333 -0.00255783 -4.67855e-05 0.00611765 0.0111304 -0.00357355 0.00141176 -0.00267512 -0.00392233 0.000124998 -0.000328769 0.00591304 -0.00407843 -0.00198844
internal_weight=9660 1924 112 7736 81 57 1812 1071 51 7655 83 51 1020 389 41 348 54 294 171 68 46 741 68 631 412 128 219 46 102 173
internal_count=9660 1924 112 7736 81 57 1812 1071 51 7655 83 51 1020 389 41 348 54 294 171 68 46 741 68 631 412 128 219 46 102 173
is_linear=0
shrinkage=0.08


Tree=196
num_leaves=31
num_cat=0
split_feature=6 21 39 4 39 31 15 21 31 6 25 7 15 27 17 23 7 31 13 7 29 17 33 19 33 8 5 29 21 21
split_gain=0.571159 0.414913 0.327975 0.449958 0.659263 0.752603 2.08303 0.63743 0.543041 0.595715 0.495885 0.41246 0.974594 0.602743 0.453624 0.93948 0.406933 1.01964 0.468125 0.396846 0.577753 0.857143 0.441919 0.320746 0.411043 0.51992 0.278677 0.324702 0.277279 0.625475
threshold=0.27964170613353562 18.517300000000002 98.11092931967957 30.500000000000004 92.957041365105837 17.110850000000003 16.938100000000002 18.042600000000004 16.191350000000003 2.983717609755606 17.993150000000004 15.3993175 15.294250000000002 15.896950000000002 14.708300000000003 14.413900000000002 14.614667500000001 14.411800000000001 14.708300000000003 16.880144166666671 16.824400000000001 16.824400000000001 -0.037899999999998706 14.043850000000001 0.34154999999999985 1.7113343486372252 18.133976666666673 18.478250000000003 16.750600000000002 17.265850000000004
decision_type=2 2 2 2 2 2 2 2 2 2 2 2 2 2 2 2 2 2 2 2 2 2 2 2 2 2 2 2 2 2
left_child=1 26 3 16 8 -6 -7 10 9 11 -8 14 -13 -14 15 -5 17 -2 -19 -10 21 -21 -22 -18 -25 28 27 -1 -26 -30
right_child=2 -3 -4 4 5 6 7 -9 19 -11 -12 12 13 -15 -16 -17 23 18 -20 20 22 -23 -24 24 25 -27 -28 -29 29 -31
leaf_value=-5.4799900277378879e-05 -0.0017470110829605301 0.00030139550528580352 -0.0025141936195341263 -0.00076788608787439739 -0.0043456027170869702 0.012003979180041825 -0.00056300829839056425 0.00089031995590911563 -0.0025042826414518192 0.00047025191557292762 0.0016062926070345347 0.0045872520961436798 -0.0010386801631211927 0.0010189194164798416 -0.0009489250496550278 0.001321670062220414 0.00016619145758769405 0.00039558414944013077 0.0046752226578924486 -0.00067743067235154957 -0.0030871751950447453 0.00085530283636355887 0.00033267253806818094 -0.002034336064214339 -0.0027551514470644098 0.00052100820818939313 0.0001943402941439325 -0.0015744735348725933 0.0402097887291675 -0.0058708444873120007
leaf_weight=7608 57 34 303 55 46 24 48 32 157 22 26 20 43 35 89 24 32 27 20 21 63 21 36 588 51 26 39 55 25 33
leaf_count=7608 57 34 303 55 46 24 48 32 157 22 26 20 43 35 89 24 32 27 20 21 63 21 36 588 51 26 39 55 25 33
internal_value=-0.000654246 -0.000347468 -0.00188774 -0.00143615 -2.09993e-05 0.00427273 0.00738461 0.00256604 -0.00131058 0.00116666 -0.00151352 0.000120299 0.0042449 0.000205126 -0.00228572 0.00212658 -0.0026915 0.002 0.0107234 -0.0037047 -0.000624115 0.00723809 -0.0039596 -0.00333775 -0.00368465 0.000296294 -0.000386395 -0.000420725 -0.00212844 0.00165517
internal_weight=9660 7736 1924 1621 762 176 130 106 586 288 74 266 98 78 168 79 859 104 47 298 141 42 99 755 723 135 7702 7663 109 58
internal_count=9660 7736 1924 1621 762 176 130 106 586 288 74 266 98 78 168 79 859 104 47 298 141 42 99 755 723 135 7702 7663 109 58
is_linear=0
shrinkage=0.08


Tree=197
num_leaves=31
num_cat=0
split_feature=6 6 21 4 13 13 6 23 23 21 31 17 1 31 21 5 5 7 29 13 23 39 27 15 23 8 27 39 17 6
split_gain=0.606573 0.437023 0.520204 0.746071 0.487403 0.467551 0.384223 0.680863 1.2527 0.577745 0.452809 0.413075 0.355485 0.872891 0.313232 0.525945 0.329599 0.637121 0.371255 0.268451 0.254348 0.235358 0.228297 0.639693 0.731056 0.822686 0.459229 0.328661 0.617509 0.703386
threshold=0.28780375698079025 2.6389273930594825 17.094800000000003 28.500000000000004 16.852650000000001 15.490150000000002 0.86379130480005573 14.593050000000002 14.148300000000001 14.260600000000002 21.934550000000005 18.449000000000002 21.500000000000004 16.247550000000004 18.478250000000003 18.082983333333338 18.133976666666673 18.103780833333335 18.478250000000003 17.071750000000005 14.642450000000002 100.3208259906426 18.275250000000003 17.911800000000003 18.042600000000004 0.25044152161473282 18.410200000000007 92.831701507168574 17.343850000000003 0.26442810917261822
decision_type=2 2 2 2 2 2 2 2 2 2 2 2 2 2 2 2 2 2 2 2 2 2 2 2 2 2 2 2 2 2
left_child=14 6 4 -4 5 20 7 8 -2 -10 -8 12 -9 -14 16 -16 18 -18 22 -5 -3 -17 27 -24 25 26 -25 28 -1 -30
right_child=1 2 3 19 -6 -7 10 11 9 -11 -12 -13 13 -15 15 21 17 -19 -20 -21 -22 -23 23 24 -26 -27 -28 -29 29 -31
leaf_value=-4.779842838739788e-05 -0.0017511993770685727 0.0022537433499550019 0.00026041214844196452 -0.0087127509415006743 -0.0019078128326859311 0.00019411804507175626 -0.0015113918757900912 -0.00083715605740607363 0.0001000310994151165 0.0024683739582501908 0.0006463899908017445 0.00012773409332417714 0.0014896862775793374 -0.00083589333730230717 0.0052289030297619429 -0.0018175012470285207 0.0018451638183855196 -6.5227767878841761e-05 -0.001280960845593116 0.012763982579136985 -0.0088939210173455251 0.00026692567297192655 -0.00059116342145502205 0.0023931728856576495 0.0028244455636144768 0.00049013240604681499 -0.0027767557944904037 -0.00019005542513352521 0.00045763334075263486 0.0011461736984871233
leaf_weight=6024 40 20 29 26 63 37 656 676 23 36 20 25 30 44 20 25 24 20 60 21 26 22 53 31 34 25 41 1329 154 26
leaf_count=6024 40 20 29 26 63 37 656 676 23 36 20 25 30 44 20 25 24 20 60 21 26 22 53 31 34 25 41 1329 154 26
internal_value=-0.000612838 -0.00195034 0.00136937 0.00673684 -0.00142466 0.00260241 -0.00242581 -0.00131808 0.00492929 0.012339 -0.00385799 -0.00211613 -0.00245334 0.00281081 -0.000312375 0.00513433 -0.000359035 0.00654545 -0.000398099 0.000510636 -0.00278261 0.000510636 -0.00034936 0.00243478 0.00543511 0.00189691 -0.00244445 -0.000417366 -0.000172794 0.00444444
internal_weight=9660 1772 222 76 146 83 1550 874 99 59 676 775 750 74 7888 67 7821 44 7777 47 46 47 7717 184 131 97 72 7533 6204 180
internal_count=9660 1772 222 76 146 83 1550 874 99 59 676 775 750 74 7888 67 7821 44 7777 47 46 47 7717 184 131 97 72 7533 6204 180
is_linear=0
shrinkage=0.08


Tree=198
num_leaves=31
num_cat=0
split_feature=6 29 33 23 27 4 8 33 19 8 7 39 31 15 7 39 17 5 17 27 4 39 7 25 31 4 29 19 15 29
split_gain=0.425015 0.534719 0.897097 0.728139 0.425061 0.380502 0.579888 0.584587 1.01226 0.442157 0.821071 1.19736 0.83491 0.7225 0.685123 2.15041 0.668412 0.509064 0.703083 0.670085 0.593407 0.503704 0.453584 1.05302 0.584104 0.415722 0.403226 0.391971 0.794484 0.376471
threshold=0.26181387947738893 13.950650000000001 -0.13140000000000016 15.426750000000002 18.517300000000002 33.500000000000007 1.9044126933116312 -0.11379999999999944 16.741850000000003 0.5620353617937015 15.396004166666669 92.24959166802833 16.9785 15.550500000000001 17.377270833333338 97.045132696872585 16.9785 15.674236666666669 14.230700000000001 14.461300000000001 41.500000000000007 85.138389966621062 16.880144166666671 16.750600000000002 18.410200000000007 10.500000000000002 19.979150000000001 14.066000000000001 15.000850000000002 15.105100000000002
decision_type=2 2 2 2 2 2 2 2 2 2 2 2 2 2 2 2 2 2 2 2 2 2 2 2 2 2 2 2 2 2
left_child=4 2 -2 -4 -1 6 27 -8 -9 10 29 12 13 -12 -13 -16 21 18 -11 -20 -21 -15 -19 -24 -25 -10 -26 28 -3 -7
right_child=1 5 3 -5 -6 9 7 8 25 17 11 14 -14 16 15 -17 -18 22 19 20 -22 -23 23 24 26 -27 -28 -29 -30 -31
leaf_value=-4.5807023602667493e-05 -0.00014451341958509971 -0.0012059173208908266 2.0660495242543757e-06 0.00030942959393941404 0.00058600060120358988 0.00018360810898325415 -0.0021642976379461654 0.0011570353128002038 -0.002312917774599989 -0.0018573838550145112 0.0060067773617744546 -0.0012039903654290508 0.0013382014044327039 0.005189647719314237 0.002292169615737446 -0.00054142544064334939 0.0014516904936434205 -0.0014110856530810162 0.011585248262243955 0.0031496607869354021 -0.00091374323026126834 -0.0031170891313173146 0.00044539648739839885 -0.0015426324361794534 0.0025009386234380658 0.00035452239082216122 -0.0005982087668602883 -0.0011984713151656499 0.0031988283099837699 -0.0026800214824153658
leaf_weight=7258 39 27 22 20 21 30 46 26 22 38 20 70 23 20 25 98 26 253 20 24 28 34 36 140 31 27 31 1113 20 72
leaf_count=7258 39 27 22 20 21 30 46 26 22 38 20 70 23 20 25 98 26 253 20 24 28 34 36 140 31 27 31 1113 20 72
internal_value=-0.00062112 -0.00154893 0.0048395 0.0129524 -0.000317628 -0.00177391 -0.00269165 0.00257851 0.00693333 -0.000620218 0.00137799 0.0033924 0.00956097 0.0064 -0.000538862 0.00305691 0.003 -0.00200999 0.00290909 0.00755555 0.00276923 -0.00207408 -0.00311202 -0.000605044 -0.00285149 0.000163263 0.0036129 -0.00324138 0.00391489 -0.00486275
internal_weight=9660 2381 81 42 7279 2300 1281 121 75 1019 418 316 123 100 193 123 80 601 110 72 52 54 491 238 202 49 62 1160 47 102
internal_count=9660 2381 81 42 7279 2300 1281 121 75 1019 418 316 123 100 193 123 80 601 110 72 52 54 491 238 202 49 62 1160 47 102
is_linear=0
shrinkage=0.08


Tree=199
num_leaves=31
num_cat=0
split_feature=6 6 33 33 5 8 5 19 8 33 4 31 25 23 25 15 17 31 13 31 29 4 13 5 21 7 25 6 7 4
split_gain=0.656001 0.604324 0.559899 1.04435 0.558978 0.575065 0.431034 0.362319 0.325961 0.3982 0.505502 0.501892 0.813027 0.534228 0.749076 0.315699 0.731482 0.684821 0.68495 0.398927 0.658294 0.283893 0.440395 0.283525 0.316764 0.476349 0.703539 0.34054 0.291859 0.363133
threshold=0.28780375698079025 2.5606975924117372 0.16420000000000015 0.39524999999999993 15.710096666666669 1.9365192813644305 15.735896666666667 14.901200000000001 0.2307432419469391 -0.37945000000000023 50.500000000000007 15.625350000000003 16.269450000000003 16.681500000000003 16.365600000000004 14.131850000000002 14.593050000000002 14.260600000000002 14.411800000000001 15.213850000000003 15.330900000000002 16.500000000000004 18.314050000000005 16.950363333333339 17.094800000000003 17.01088166666667 17.363700000000005 0.39350567118165908 16.608786666666671 40.500000000000007
decision_type=2 2 2 2 2 2 2 2 2 2 2 2 2 2 2 2 2 2 2 2 2 2 2 2 2 2 2 2 2 2
left_child=-1 8 4 -4 5 7 -5 -3 -2 10 21 12 15 -13 -15 -11 17 -17 -19 -18 -21 22 -10 -16 25 27 -27 -25 -26 -30
right_child=1 2 3 6 -6 -7 -8 -9 9 11 -12 13 -14 14 23 16 19 18 -20 20 -22 -23 -24 24 28 26 -28 -29 29 -31
leaf_value=-4.1102812515417321e-05 0.0072890026951152676 -0.0076493422057594754 0.00013362274546695546 -0.0032919361491714782 -0.0019980457836433303 0.011754423003838646 0.00069935297158417269 0.00015835763061793092 -0.0033754488255282097 -0.0016905021934843934 0.0002751309529851977 -0.002426958421312451 0.00088570482194829162 0.0017798037900721697 -0.0049864588115080058 -0.0010473126663872051 -0.000610949434889859 0.0030539316843040867 0.0055418613001922534 0.003253998727025136 -0.00095614789008734245 -0.0032700658674363527 0.01975112506746746 0.0021830684231693561 0.0010456192801533693 -0.00037815100723067875 0.047713180842312991 -0.0028628312769571908 -0.0022304516410828878 -3.0562428267459639e-05
leaf_weight=7888 29 25 21 29 101 31 29 23 74 34 32 274 36 30 51 30 92 26 20 23 52 223 29 23 24 38 21 63 190 99
leaf_count=7888 29 25 21 29 101 31 29 23 74 34 32 274 36 30 51 30 92 26 20 23 52 223 29 23 24 38 21 63 190 99
internal_value=-0.000604557 -0.00199549 0.00157529 0.00718987 -0.000888891 0.0041519 0.00165517 -0.00133334 -0.00260674 -0.00277089 -0.00509497 -0.00203197 0.000690094 -0.00307995 -0.00161781 -0.000779785 0.000230451 0.00673684 0.0128696 -0.00273054 0.0016 -0.00603681 -0.00256311 -0.00234185 -0.00171179 0.00137931 0.00691525 -0.00241861 -0.00314377 -0.00384775
internal_weight=9660 1772 259 79 180 79 58 48 1513 1484 358 1126 313 813 539 277 243 76 46 167 75 326 103 509 458 145 59 86 313 289
internal_count=9660 1772 259 79 180 79 58 48 1513 1484 358 1126 313 813 539 277 243 76 46 167 75 326 103 509 458 145 59 86 313 289
is_linear=0
shrinkage=0.08


Tree=200
num_leaves=31
num_cat=0
split_feature=8 17 17 6 17 8 33 33 5 5 17 31 1 23 4 29 29 27 7 39 17 6 27 27 33 21 33 8 27 31
split_gain=0.55859 0.493313 0.619289 0.360806 0.398947 0.422722 0.78023 1.02479 0.643079 0.874744 0.623891 0.392971 0.325413 0.641337 0.429501 0.312762 0.946218 0.524587 0.931677 0.399882 0.853939 1.83722 0.516087 0.856264 0.840497 0.442784 0.414079 0.309951 0.273927 0.438165
threshold=3.5134649833721672 22.535450000000004 19.122800000000002 0.27623286932212782 18.681650000000001 1.5457098130203328 0.29750000000000038 0.44275000000000025 15.110590000000002 14.46198666666667 16.9785 14.548600000000002 10.500000000000002 16.750600000000002 17.500000000000004 18.042600000000004 17.887500000000003 17.846600000000006 18.095735833333336 87.399401373575856 16.045950000000005 0.42851600854263022 14.510650000000002 14.18125 0.032849999999999831 18.449000000000002 -1.2842499999999999 0.24875086881612732 16.269450000000003 16.775850000000002
decision_type=2 2 2 2 2 2 2 2 2 2 2 2 2 2 2 2 2 2 2 2 2 2 2 2 2 2 2 2 2 2
left_child=1 2 3 -1 5 15 8 -8 9 -7 -9 -10 13 -13 -15 16 19 -18 -19 20 22 -22 23 -5 -25 28 -23 -17 -21 -30
right_child=-2 -3 -4 4 -6 6 7 10 11 -11 -12 12 -14 14 -16 27 17 18 -20 25 21 26 -24 24 -26 -27 -28 -29 29 -31
leaf_value=-3.781300303315474e-05 0.00010425023709952361 0.00085631714995281622 -0.0043997449374277636 -0.0010457786249761223 0.0016305998260291066 -0.0022848792911379649 0.00026809013821640508 -0.00076658086273490413 0.00016201704564525201 0.0012962132742811538 0.00098954992355522356 -0.0013807089409024584 -0.0012072102954536377 -0.00040424590626457778 0.0080967038906293535 8.9917546204670848e-05 0.003437234169843087 -0.0081639516204920128 0.087645619496014571 -0.0029968487044929356 0.0054227647992426079 0.013662236658009213 -0.00033031045553754947 0.0030457764918779564 -0.00049717686026574633 0.00023377700199864461 -0.001936022470151555 -0.0030151052340271667 0.00016618732414416953 -0.0025546347443055222
leaf_weight=7655 37 20 110 52 31 27 25 49 20 20 23 45 171 21 20 20 22 25 21 137 20 21 315 35 26 38 25 165 117 347
leaf_count=7655 37 20 110 52 31 27 25 49 20 20 23 45 171 21 20 20 22 25 21 137 20 21 315 35 26 38 25 165 117 347
internal_value=-0.000513459 -0.000551181 -0.000577321 -0.000508166 -0.00151469 -0.00166907 0.000551067 0.00684536 -0.00133334 0.00731915 0.002 -0.00280145 -0.00364203 0.000372091 0.00760975 -0.00234344 -0.00187178 0.00729412 0.00243478 -0.00242189 -0.000712553 0.00775757 -0.00201869 0.00261947 0.00904918 -0.00374335 -0.00104348 -0.00540541 -0.00427288 -0.00334483
internal_weight=9660 9623 9603 9493 1838 1807 421 97 324 47 72 277 257 86 41 1386 1201 68 46 1133 494 66 428 113 61 639 46 185 601 464
internal_count=9660 9623 9603 9493 1838 1807 421 97 324 47 72 277 257 86 41 1386 1201 68 46 1133 494 66 428 113 61 639 46 185 601 464
is_linear=0
shrinkage=0.08


Tree=201
num_leaves=31
num_cat=0
split_feature=6 19 33 33 4 21 17 17 13 27 8 1 33 31 25 33 33 23 15 17 2 6 6 31 7 25 25 39 17 25
split_gain=0.584963 0.675803 0.55902 1.77623 0.87142 0.681818 0.653705 0.970674 0.71347 0.859524 0.567859 0.529482 0.445331 0.408903 0.572832 0.47064 0.765881 0.533023 0.464455 1.50203 0.403846 0.335431 0.678205 0.333333 0.318398 0.29064 0.266813 0.238921 0.490847 0.612504
threshold=0.28780375698079025 9.6461500000000004 0.29200000000000076 0.34480000000000027 15.500000000000002 17.117000000000004 17.846600000000006 17.133600000000005 15.000850000000002 16.269450000000003 1.6035382669580101 5.5000000000000009 0.58620000000000083 16.775850000000002 21.448650000000004 0.10129999999999929 -0.13140000000000016 17.005200000000006 17.155700000000007 17.008900000000004 2.5000000000000004 0.81197606220729701 0.40372952699674519 14.750550000000002 17.04716083333334 17.230950000000004 18.556400000000004 90.815116417536089 16.892300000000002 17.079750000000004
decision_type=2 2 2 2 2 2 2 2 2 2 2 2 2 2 2 2 2 2 2 2 2 2 2 2 2 2 2 2 2 2
left_child=26 -2 11 5 6 -4 7 8 -5 -10 24 -3 -12 15 27 16 18 20 19 21 23 22 -13 -18 -6 -26 -1 -15 29 -29
right_child=1 2 3 4 10 -7 -8 -9 9 -11 12 13 -14 14 -16 -17 17 -19 -20 -21 -22 -23 -24 -25 25 -27 -28 28 -30 -31
leaf_value=-3.5759778391140038e-05 0.00025241631961336463 -0.001787828226160276 0.0037979920397156267 -0.0087322477695585682 -0.0033504649589158899 5.2640640319963567e-05 -0.0038185777478866225 0.052488373921929815 0.00083902272169284094 -0.010137302702836328 0.00024664292715904126 -0.00020078222129013529 -0.0008620613286992795 -0.0079256914260342239 0.00077812057580445239 -0.00066569968447368038 0.00075041603870419811 0.0049090535430210405 -0.0053618440883567969 0.015406212866741296 0.00053764522154705068 -0.0047418127933106166 0.0051627813783849952 -0.0030916215271779512 0.0013939513716601448 -0.0025083524566518935 0.00028027828333373301 -0.0017890280613505661 -0.0023646168574138972 0.026610209559072479
leaf_weight=7863 25 447 33 25 165 22 22 21 28 20 25 48 42 109 24 70 20 21 49 23 28 61 30 30 22 47 25 44 229 42
leaf_count=7863 25 447 33 25 165 22 22 21 28 20 25 48 42 109 24 70 20 21 49 23 28 61 30 30 22 47 25 44 229 42
internal_value=-0.000546586 -0.00186005 -0.00204694 0.000305083 -0.00147722 0.0138182 0.00441379 0.00731915 0.0029589 0.00866666 -0.00374751 -0.00291765 0.00274627 -0.00171981 -0.00335714 0.000210524 0.00154839 0.00735353 -0.00117536 0.000888887 0.00430769 -0.00224461 0.00123077 -1.90735e-09 -0.00560684 -0.00104348 -0.000251523 -0.00403774 -0.00292064 0.00223256
internal_weight=9660 1772 1747 472 417 55 116 94 73 48 301 1275 67 828 448 380 310 99 211 162 78 139 78 50 234 69 7888 424 315 86
internal_count=9660 1772 1747 472 417 55 116 94 73 48 301 1275 67 828 448 380 310 99 211 162 78 139 78 50 234 69 7888 424 315 86
is_linear=0
shrinkage=0.08


Tree=202
num_leaves=31
num_cat=0
split_feature=6 19 33 33 39 25 8 25 4 25 27 27 29 1 27 23 19 5 17 17 23 19 5 33 27 23 13 25 4 27
split_gain=0.96888 0.723334 0.39632 0.804733 0.531163 0.621392 0.844552 1.16846 0.656185 0.459961 0.437883 0.434783 0.846732 0.400238 0.673921 0.546104 0.393778 0.630493 0.603835 0.36 0.285354 0.431172 0.350168 0.284582 0.27958 0.300383 0.510436 0.266157 0.243871 0.23651
threshold=0.28780375698079025 9.6461500000000004 0.21900000000000033 0.23139999999999986 84.966557449882785 16.817100000000003 1.6035382669580101 16.191350000000003 11.500000000000002 21.067900000000005 16.700900000000004 17.384900000000005 17.752500000000001 15.500000000000002 14.444800000000003 15.763450000000002 15.284800000000002 15.600183333333336 15.523850000000001 16.455400000000004 17.384900000000005 17.110850000000003 18.088356666666673 0.68959999999999966 16.929950000000002 16.247550000000004 16.741850000000003 18.556400000000004 16.500000000000004 17.042850000000005
decision_type=2 2 2 2 2 2 2 2 2 2 2 2 2 2 2 2 2 2 2 2 2 2 2 2 2 2 2 2 2 2
left_child=27 -2 9 -4 -5 6 8 -8 19 13 -10 -7 -13 28 15 -15 -16 18 -18 -6 24 -22 -23 -14 25 -19 -27 -1 29 -3
right_child=1 2 3 4 5 11 7 -9 10 -11 -12 12 23 14 16 -17 17 20 -20 -21 21 22 -24 -25 -26 26 -28 -29 -30 -31
leaf_value=-3.2898996119798913e-05 0.00023222301404425606 -7.5040141049136861e-05 0.00043236198477867498 -0.00081912921974801355 0.0037388924780426304 -0.0036991713350480906 3.406886252747641e-05 0.0014158193093840993 -0.0036806386354274385 0.00064751614414234628 0.00049469365019258991 0.0014049472932414703 -0.0015984536191622043 0.035650696918450166 -0.0010246710875882546 -0.00053509712665061025 -0.00035118455239451895 -0.01052596970277369 0.0005665629932499448 -0.00086034715945240269 0.035116181621456528 -0.0059369144984382383 0.00051569517709887955 0.014188339866696716 -0.0028784126387099078 0.028915358382403319 -0.00042137622241285213 0.00025785602066699605 -0.0019067967836708406 -0.0035254497047612632
leaf_weight=7863 25 142 27 88 20 115 32 21 85 35 22 27 59 35 78 20 20 32 29 25 29 39 27 29 95 20 38 25 498 60
leaf_count=7863 25 142 27 88 20 115 32 21 85 35 22 27 59 35 78 20 20 32 29 25 29 39 27 29 95 20 38 25 498 60
internal_value=-0.00062112 -0.00231151 -0.00250487 -0.000727275 -0.00142256 -0.000275864 0.00292683 0.0116226 -0.000105265 -0.00332164 -0.00351402 -0.00313044 0.000347824 -0.00359381 -0.00176624 0.00654545 -0.00288944 -0.00167781 0.00669388 0.008 -0.00314286 0.000421051 -0.00315152 -0.00345455 -0.00497297 -0.00177778 0.00165517 -0.000241381 -0.0048 -0.00245545
internal_weight=9660 1772 1747 550 523 435 205 53 152 1197 107 230 115 1162 462 55 407 329 49 45 280 95 66 88 185 90 58 7888 700 202
internal_count=9660 1772 1747 550 523 435 205 53 152 1197 107 230 115 1162 462 55 407 329 49 45 280 95 66 88 185 90 58 7888 700 202
is_linear=0
shrinkage=0.08


Tree=203
num_leaves=31
num_cat=0
split_feature=6 19 33 29 33 39 25 27 13 29 13 21 33 1 4 15 39 8 23 19 25 4 23 33 25 7 6 25 27 7
split_gain=0.697447 0.710254 0.517159 0.58394 0.76263 0.465295 0.353205 0.349516 0.880686 0.62238 0.588155 0.594969 0.5047 0.349233 0.483708 0.986085 0.662895 0.724709 0.345245 0.329435 0.463744 0.325356 0.607639 0.460326 0.316931 0.451319 0.297076 0.484848 0.241383 0.294825
threshold=0.32972266717947313 9.6461500000000004 -0.12605000000000108 14.230700000000001 0.36224999999999957 81.028819570262002 21.067900000000005 18.243650000000006 18.158950000000001 17.791300000000003 17.955650000000002 17.993150000000004 0.20124999999999996 1.0000000180025095e-35 34.500000000000007 15.213850000000003 92.674550882683249 0.75571478695027927 17.846600000000006 18.410200000000007 17.846600000000006 15.500000000000002 17.724500000000003 -1.0000000180025095e-35 16.817100000000003 17.91895833333334 2.983717609755606 17.172400000000007 18.197700000000005 18.106130833333335
decision_type=2 2 2 2 2 2 2 2 2 2 2 2 2 2 2 2 2 2 2 2 2 2 2 2 2 2 2 2 2 2
left_child=7 -2 6 4 -4 -5 26 19 9 -9 11 12 -11 -7 21 -16 -17 -18 -13 28 -21 22 23 -15 -19 -26 -3 -28 29 -1
right_child=1 2 3 5 -6 13 -8 8 -10 10 -12 18 -14 14 15 16 17 24 -20 20 -22 -23 -24 -25 25 -27 27 -29 -30 -31
leaf_value=-4.5698362273247312e-05 0.00021364517292065454 -0.0023522725112634165 0.0027914099608720108 -0.0062398498274506302 -0.0022401020306964696 0.00015839933234291514 0.00064068370585241782 0.0015846894217933834 0.0010509485666695157 0.0026974210492859336 -0.00081227814062338668 0.00045374401869911611 4.5143417143231217e-05 0.00090281405109010225 0.00052056994150769486 -0.0010768410184452315 0.00064523436844176696 0.0033437175122720065 -0.0018921093462177742 0.00066097685132317284 -0.0022260602495275919 -0.0016533870840792577 0.042606959989478783 -0.0019061451251398416 -0.0013971953348344526 0.00046501182523706611 -0.0068067309857529311 0.016964572320846399 -0.0019016274400300815 0.00011394089368600234
leaf_weight=7686 25 517 31 90 30 39 24 22 26 25 76 23 31 20 27 108 23 24 44 24 93 242 32 92 50 28 44 22 26 116
leaf_count=7686 25 517 31 90 30 39 24 22 26 25 76 23 31 20 27 108 23 24 44 24 93 242 32 92 50 28 44 22 26 116
internal_value=-0.000563149 -0.00216894 -0.00240056 -0.00111005 0.00642623 -0.00170323 -0.00417793 -0.000275393 0.00268826 0.00104977 -0.000361811 0.00305691 0.00914286 -0.000992703 -0.00143653 0.00123077 -0.000446354 0.00352 -0.00202985 -0.000367529 -0.0045812 -0.00323316 -0.000222224 -0.003 0.000627449 -0.00184616 -0.00456947 0.000484847 -0.00030455 -0.000278905
internal_weight=9660 1468 1443 836 61 775 607 8192 247 221 199 123 56 685 646 260 233 125 67 7945 117 386 144 112 102 78 583 66 7828 7802
internal_count=9660 1468 1443 836 61 775 607 8192 247 221 199 123 56 685 646 260 233 125 67 7945 117 386 144 112 102 78 583 66 7828 7802
is_linear=0
shrinkage=0.08


Tree=204
num_leaves=31
num_cat=0
split_feature=6 4 17 6 1 19 29 15 13 33 39 1 31 25 5 7 25 13 23 31 6 6 13 39 25 8 5 17 21 27
split_gain=0.674795 0.952125 0.739321 1.20856 0.602198 0.56413 0.473252 0.351239 0.622736 0.374928 0.873272 0.839514 1.20333 0.66886 0.406124 0.315271 1.67249 0.627206 0.728151 0.797284 0.519702 0.593021 0.611976 0.834127 1.5879 0.533361 0.561637 0.456192 0.735217 0.664063
threshold=0.81197606220729701 55.500000000000007 18.449000000000002 0.28954053125244267 11.500000000000002 9.6461500000000004 17.993150000000004 15.142850000000001 14.230700000000001 0.21900000000000033 94.112832549685535 19.500000000000004 17.110850000000003 21.067900000000005 16.345600000000005 15.711184166666667 16.180450000000004 15.142850000000001 15.355800000000002 15.330900000000002 0.27964170613353562 0.19094779267898074 15.692450000000003 84.752582464640668 15.621500000000003 0.22628109289399398 18.133976666666673 15.763450000000002 15.523850000000001 15.971400000000001
decision_type=2 2 2 2 2 2 2 2 2 2 2 2 2 2 2 2 2 2 2 2 2 2 2 2 2 2 2 2 2 2
left_child=2 5 15 4 6 -2 -4 -7 -9 13 11 12 -11 14 -10 16 27 -17 19 -19 21 -20 -23 24 -24 -25 -27 -1 29 -29
right_child=1 -3 3 -5 -6 7 -8 8 9 10 -12 -13 -14 -15 -16 17 -18 18 20 -21 -22 22 23 25 -26 26 -28 28 -30 -31
leaf_value=-1.8386859876342208e-05 1.841399231483379e-05 0.00029071972440901427 0.001680539550462541 0.00033243889873283626 -0.0015263014315399549 -0.0046267965402718046 0.00011220722127263092 0.053503250762311147 -0.00038526508311079427 3.0297390377578524e-05 -0.0014490177849473705 -0.00013480444111556303 0.0077139599442449481 0.00075092940945746783 -0.0025585639353127489 -0.0072888260299964203 0.00085968587529319405 -0.0061168069614725394 -0.00088694304539216221 0.001626544545390522 -0.00084835351652027939 -0.0027032642425656758 -0.0039203976607889322 -0.00052047185321706687 0.0038182743321668175 5.9796464371297405e-05 0.00078633306253231142 0.00079103055505950733 -0.00017886372129277632 0.0049238096908718236
leaf_weight=4078 23 28 28 20 36 169 29 21 149 30 138 26 20 32 300 77 39 20 460 33 620 224 28 755 37 1956 28 106 127 23
leaf_count=4078 23 28 28 20 36 169 29 21 149 30 138 26 20 32 300 77 39 20 460 33 620 224 28 755 37 1956 28 106 127 23
internal_value=-0.000488615 -0.00252992 -0.000269603 0.00615929 0.00232258 -0.00297798 0.00743859 -0.00329944 -0.00252514 -0.00293525 -0.000149535 0.00673684 0.0128 -0.00417464 -0.00497105 -0.000353968 0.000122568 -0.000845684 -0.000713292 0.00860377 -0.000833498 -0.00045413 -4.75581e-05 0.000273893 0.00923077 6.13343e-05 0.000749998 -2.58441e-05 0.00325 0.00750387
internal_weight=9660 936 8724 113 93 908 57 885 716 695 214 76 50 481 449 8611 4373 4238 4161 53 4108 3488 3028 2804 65 2739 1984 4334 256 129
internal_count=9660 936 8724 113 93 908 57 885 716 695 214 76 50 481 449 8611 4373 4238 4161 53 4108 3488 3028 2804 65 2739 1984 4334 256 129
is_linear=0
shrinkage=0.08


Tree=205
num_leaves=31
num_cat=0
split_feature=6 4 17 21 21 5 31 7 31 31 39 7 7 25 39 39 25 23 6 39 39 13 6 8 21 39 29 8 5 8
split_gain=0.576589 0.929854 0.562569 0.561296 1.04701 0.973476 0.654183 0.491445 0.367759 0.989236 0.403747 0.696363 0.291483 1.45872 0.655713 1.01846 1.77878 1.03308 0.888942 0.56445 0.548155 0.696534 0.458203 0.530448 0.575614 0.965643 0.581005 0.559799 0.577089 1.19093
threshold=0.81197606220729701 55.500000000000007 18.605250000000002 15.490150000000002 14.750550000000002 15.897186666666668 14.968750000000002 16.494065833333337 16.455400000000004 16.628950000000003 92.48993968194705 16.548130000000004 15.721529166666668 16.269450000000003 86.197117530195129 87.513050095089469 15.550500000000001 15.625350000000003 0.20083479446006675 88.235725458207042 88.991842909234137 16.045950000000005 0.27623286932212782 0.22010635616849264 16.535050000000002 90.423871177684234 16.661800000000003 0.22077569896062946 16.940416666666671 0.30052281858943791
decision_type=2 2 2 2 2 2 2 2 2 2 2 2 2 2 2 2 2 2 2 2 2 2 2 2 2 2 2 2 2 2
left_child=2 3 12 4 7 6 -6 -2 -5 -10 -11 -12 13 14 -1 16 -16 18 -18 -17 -14 -22 23 -23 -25 -26 -27 -28 29 -29
right_child=1 -3 -4 8 5 -7 -8 -9 9 10 11 -13 20 -15 15 19 17 -19 -20 -21 21 22 -24 24 25 26 27 28 -30 -31
leaf_value=-1.9716369405766246e-05 -0.0021113138461074602 0.00026746214645639421 0.00027760143462564975 -0.0030503512291471823 0.00024330293053193502 -5.8438343937068352e-05 0.0010248300876919436 0.00044879234426534523 0.0010179160738156756 -0.0033118004760989655 0.02678937118522793 -0.00091003091957667581 -0.0022476300583947734 0.00094349953607502258 -4.3273716494791609e-05 -0.0065359733892674408 0.0020985273645696334 0.00020940737185647264 0.00072979288442524804 0.00033004439840221387 0.00041685915601488439 -0.00047685372335484755 -0.00060162692043536808 -0.0041982683484506943 0.0023054947199186724 -0.0083488763583255392 0.028506071998576833 0.0011874962217748506 3.7604799161300335e-05 -0.001451236875481896
leaf_weight=4356 125 28 30 203 22 37 21 28 22 192 25 233 723 27 86 55 20 32 32 29 22 544 582 82 48 67 28 24 1909 28
leaf_count=4356 125 28 30 203 22 37 21 28 22 192 25 233 723 27 86 55 20 32 32 29 22 544 582 82 48 67 28 24 1909 28
internal_value=-0.000472052 -0.00235898 -0.000269603 -0.00280176 0.000583689 0.008 0.016186 -0.00329412 -0.00397037 -0.00274576 -0.00355556 -0.00148837 -0.00030734 0.000125942 1.73517e-05 0.0039685 0.00752941 0.0158095 0.0227692 -0.0032381 -0.000802565 -0.000369528 -0.00046377 -2.93059e-05 0.000526988 0.000783268 0.000521399 0.000768223 0.000607851 0.00892308
internal_weight=9660 936 8724 908 233 80 43 153 675 472 450 258 8694 4637 4610 254 170 84 52 84 4057 3334 3312 2730 2186 2104 2056 1989 1961 52
internal_count=9660 936 8724 908 233 80 43 153 675 472 450 258 8694 4637 4610 254 170 84 52 84 4057 3334 3312 2730 2186 2104 2056 1989 1961 52
is_linear=0
shrinkage=0.08


Tree=206
num_leaves=31
num_cat=0
split_feature=6 4 17 21 19 13 5 33 33 39 39 31 27 39 21 23 13 7 39 27 5 25 4 6 8 27 33 4 17 1
split_gain=0.39628 0.889045 0.351481 0.451945 0.732021 0.644576 0.353044 0.352034 0.557692 0.802914 0.345592 0.343762 0.341604 0.479497 0.295533 0.848529 0.261738 0.273557 1.3335 0.630993 0.435934 0.433604 0.75 0.409016 0.564427 0.869725 0.581004 0.487378 0.70176 0.658492
threshold=0.86379130480005573 55.500000000000007 22.535450000000004 15.490150000000002 15.490150000000002 16.403200000000002 15.050816666666668 -0.10949999999999969 0.42685000000000001 80.209624359925925 101.17047253305888 18.449000000000002 20.213250000000006 92.48993968194705 18.478250000000003 17.955650000000002 13.818850000000003 16.175352500000006 88.991842909234137 16.269450000000003 16.320016666666671 16.191350000000003 30.500000000000004 0.19830533148476495 0.5620353617937015 16.322600000000005 -0.67725000000000068 37.500000000000007 18.517300000000002 7.5000000000000009
decision_type=2 2 2 2 2 2 2 2 2 2 2 2 2 2 2 2 2 2 2 2 2 2 2 2 2 2 2 2 2 2
left_child=10 2 3 4 7 -6 -5 -2 9 -9 11 14 -8 -14 16 -16 -1 18 -18 20 -19 -20 -23 -21 25 -25 -26 -27 29 -29
right_child=1 -3 -4 6 5 -7 12 8 -10 -11 -12 -13 13 -15 15 -17 17 19 21 23 -22 22 -24 24 26 27 -28 28 -30 -31
leaf_value=-0.003927093043074396 -0.0029165079295436097 0.00024606517473982462 0.00075878124199242006 0.00015922318358206139 0.0027525365318306822 -0.0001892692558553149 -0.0021720632481714778 -0.0015436080538764468 -0.0096341586090496895 0.00036852151344691673 0.00022921513313494985 -0.00072959355384653217 -0.0016131089964338784 0.0016656601329114737 0.0045907315028079314 -0.0015810322450121931 -3.5180306293907499e-06 -0.0021547631552051778 5.8447973857848419e-05 -0.00064851148369600236 -0.011587519755608464 0.00068466000243652149 0.0024943403774638209 0.021504515493324199 0.00041674234475951998 -0.00015347824523846067 -0.00057454986272156123 0.00023139027016086955 0.001241823624017846 -3.3357006889028057e-07
leaf_weight=28 70 28 20 23 35 33 550 30 29 22 36 103 21 37 22 23 4920 196 41 488 120 28 21 34 29 1388 490 189 24 582
leaf_count=28 70 28 20 23 35 33 550 30 29 22 36 103 21 37 22 23 4920 196 41 488 120 28 21 34 29 1388 490 189 24 582
internal_value=-0.000430644 -0.00203118 -0.00248276 -0.00272941 0.000401825 0.00729412 -0.00381617 -0.00270199 0.000888887 0.00584615 -0.000266608 -0.000298879 -0.00418421 0.00165517 -0.000244001 0.00622222 -0.000277922 -0.000252633 0.000127743 -0.000790962 -0.00420253 0.00977778 0.0148571 -0.000456578 -7.60253e-05 0.000479926 -0.00245087 0.000282179 0.00186163 0.00144228
internal_weight=9660 898 870 850 219 68 631 151 81 52 8762 8726 608 58 8623 45 8578 8550 5010 3540 316 90 49 3224 2736 2217 519 2183 795 771
internal_count=9660 898 870 850 219 68 631 151 81 52 8762 8726 608 58 8623 45 8578 8550 5010 3540 316 90 49 3224 2736 2217 519 2183 795 771
is_linear=0
shrinkage=0.08


Tree=207
num_leaves=31
num_cat=0
split_feature=23 4 33 33 4 31 27 1 15 5 21 29 7 21 8 39 39 7 17 15 31 17 6 6 25 21 5 17 13 29
split_gain=0.417306 0.659193 0.559788 0.793393 0.553644 0.294851 0.419083 1.78226 0.828919 0.267651 0.611218 0.360748 0.255128 0.855789 0.615246 0.853661 1.45114 1.00099 0.60928 0.742313 0.52108 0.4987 0.834247 0.677352 0.533575 0.708429 0.69 0.595372 0.401832 0.883467
threshold=18.314050000000005 41.500000000000007 -0.34154999999999974 -0.037300000000000104 6.5000000000000009 18.681650000000001 18.517300000000002 9.5000000000000018 17.911800000000003 14.092543333333335 12.978900000000001 18.731750000000002 16.13090166666667 16.566100000000002 1.4128903161117352 87.513050095089469 86.814028891712738 15.710035833333336 14.131850000000002 16.566100000000002 15.851650000000001 14.312950000000003 0.23876717499570263 0.21023358323421429 15.426750000000002 16.144550000000006 15.357210000000002 16.322600000000005 18.197700000000005 17.887500000000003
decision_type=2 2 2 2 2 2 2 2 2 2 2 2 2 2 2 2 2 2 2 2 2 2 2 2 2 2 2 2 2 2
left_child=5 4 -3 -4 -2 6 9 8 -8 -1 -11 12 14 -14 15 16 -12 20 -16 21 -18 23 -23 -20 26 -26 -24 -27 -15 -30
right_child=1 2 3 -5 -6 -7 7 -9 -10 10 11 -13 13 28 18 -17 17 -19 19 -21 -22 22 24 -25 25 27 -28 -29 29 -31
leaf_value=-0.0021881531281567122 0.00013850430315392212 -0.0020681965405203039 0.0025673917191434913 -0.00014190630809658521 -0.0018909332135338924 -0.0026452701511630429 0.00023217266906759432 -0.0013380070732701924 0.01374166789431489 0.00048658818016576391 -1.7932159202248515e-05 -0.002119247205275876 -0.0043570373469141842 -0.00010718520759372399 -0.00049624510152922532 -0.0055713120686667564 0.00051287716660297568 0.004031801673223822 0.0019267730451682553 -0.00086833276619331689 -0.00012250718450849762 4.4622482775371357e-05 0.00027664933902753832 0.00048807523950876078 0.00068297318538697467 0.00059972570587381606 -0.0021126043885934774 -0.00013832166490303449 -0.00032971986800523178 0.00076962551565166353
leaf_weight=79 30 45 34 29 259 97 28 56 23 29 4447 39 583 2964 55 174 20 41 20 53 27 186 25 21 32 38 23 20 94 89
leaf_count=79 30 45 34 29 259 97 28 56 23 29 4447 39 583 2964 55 174 20 41 20 53 27 186 25 21 32 38 23 20 94 89
internal_value=-0.000422362 -0.00296222 0.00237037 0.00723809 -0.00495502 -0.000313507 -0.000267076 0.00471028 0.0155294 -0.000325866 -0.00028508 -0.000322647 -0.00028905 -0.000793568 7.41008e-05 -0.000202168 8.81838e-06 0.0101818 0.00282452 0.00386603 0.00221276 0.00515068 0.00409876 0.0134634 0.00881159 0.0124444 0.002 0.00717241 -0.000272007 0.00336612
internal_weight=9660 397 108 63 289 9263 9166 107 51 9059 8980 8951 8912 3730 5182 4709 4535 88 473 418 47 365 324 41 138 90 48 58 3147 183
internal_count=9660 397 108 63 289 9263 9166 107 51 9059 8980 8951 8912 3730 5182 4709 4535 88 473 418 47 365 324 41 138 90 48 58 3147 183
is_linear=0
shrinkage=0.08


Tree=208
num_leaves=31
num_cat=0
split_feature=19 23 25 27 6 5 5 19 33 25 25 13 13 23 31 6 19 25 27 29 25 7 21 27 7 33 33 33 8 33
split_gain=0.530531 0.491502 0.33431 0.303286 0.37501 0.594387 0.671742 0.641575 0.453601 0.594474 1.48709 0.756916 0.753036 0.443029 0.805134 0.936795 0.426165 0.852138 0.483194 0.754359 0.971784 1.53302 0.840812 1.20554 0.4 0.314099 0.625926 0.285633 1.23598 0.768254
threshold=9.6461500000000004 18.731750000000002 21.067900000000005 19.979150000000001 0.28780375698079025 15.710096666666669 15.589050000000002 16.535050000000002 0.29750000000000038 16.817100000000003 16.144550000000006 16.413050000000002 18.087200000000003 16.247550000000004 16.775850000000002 0.31083398291248526 15.780700000000001 16.305350000000004 14.18125 14.593050000000002 14.708300000000003 14.487435000000001 15.249300000000002 15.373050000000001 16.842852500000003 -0.19340000000000043 -0.075950000000000614 0.42685000000000001 0.5471141559193089 0.48299999999999882
decision_type=2 2 2 2 2 2 2 2 2 2 2 2 2 2 2 2 2 2 2 2 2 2 2 2 2 2 2 2 2 2
left_child=-1 3 -3 4 27 6 7 16 13 10 -10 -12 -11 -7 15 -15 17 18 -6 20 21 -20 -21 -24 -13 -17 -27 -2 -29 -30
right_child=1 2 -4 -5 5 8 -8 -9 9 12 11 24 -14 14 -16 25 -18 -19 19 22 -22 -23 23 -25 -26 26 -28 28 29 -31
leaf_value=0.00044113124327235987 -5.0870083096066309e-05 -0.0028874451443138679 0.00026311227349153251 0.00051159700329384797 -0.0010825350007421127 -0.0079535309498465386 0.00034362750093667966 0.00014763436065320929 -0.0032905798460234593 -0.0024001480695902883 0.0096295337745810894 -0.0032461674948128269 0.00071647555070717826 0.023348454732944859 -0.0016838858438801862 -0.00099562070414545897 -0.0036840289960711711 0.00039695155002878542 1.1645869333984388e-05 -0.0015078398563888981 -0.0031323712099613171 0.00098823756217673604 0.0044626087693124487 -0.00054918610816418758 0.00051093618376555781 0.00075868799966455781 -0.001417366398543231 -9.9091816317252659e-06 0.00059074094920075302 0.00014830527095027754
leaf_weight=25 7110 126 30 38 71 154 38 35 50 142 34 20 21 27 450 68 49 20 43 104 23 29 35 48 20 27 45 652 21 105
leaf_count=25 7110 126 30 38 71 154 38 35 50 142 34 20 21 27 450 68 49 20 43 104 23 29 35 48 20 27 45 652 21 105
internal_value=-0.000438925 -0.000469125 -0.00492308 -0.000395824 -0.000424533 -0.00156085 0.000727271 -0.00012254 -0.00263138 8.36218e-05 0.00425806 0.0114595 -0.00309203 -0.00364203 -0.00268396 0.00205988 -0.000985784 -6.43451e-05 -0.000974506 0.000510636 0.00631579 0.0108889 -0.0024385 0.00356626 0.004 -0.00057143 0.00311111 -0.000200813 0.0012545 0.00850793
internal_weight=9660 9635 156 9479 9441 1553 495 457 1058 287 124 74 163 771 617 167 422 373 353 282 95 72 187 83 40 140 72 7888 778 126
internal_count=9660 9635 156 9479 9441 1553 495 457 1058 287 124 74 163 771 617 167 422 373 353 282 95 72 187 83 40 140 72 7888 778 126
is_linear=0
shrinkage=0.08


Tree=209
num_leaves=31
num_cat=0
split_feature=19 23 25 27 31 4 4 33 7 33 4 4 4 6 29 27 25 17 21 7 23 17 6 7 17 1 13 29 7 29
split_gain=0.522259 0.511866 0.33431 0.295442 0.347052 0.277133 1.22272 1.86902 0.757276 0.7343 0.702867 0.944591 0.759057 0.598838 0.598789 0.897787 0.593939 0.578817 0.557381 0.556595 0.753094 0.568982 0.50924 0.484549 1.14832 0.972794 1.4638 0.774272 1.30294 0.671388
threshold=9.6461500000000004 18.731750000000002 21.067900000000005 19.979150000000001 18.681650000000001 16.500000000000004 14.500000000000002 0.065850000000001088 18.115520000000004 -0.075199999999998809 35.500000000000007 34.500000000000007 36.500000000000007 0.21433437131324515 16.817100000000003 15.320300000000001 18.042600000000004 15.780700000000001 15.593050000000002 18.082317500000006 18.042600000000004 17.955650000000002 0.22034220230857529 15.712329166666668 15.851650000000001 12.500000000000002 16.226550000000003 16.287150000000004 16.312594166666671 15.656950000000002
decision_type=2 2 2 2 2 2 2 2 2 2 2 2 2 2 2 2 2 2 2 2 2 2 2 2 2 2 2 2 2 2
left_child=-1 3 -3 4 5 6 8 9 19 -8 11 13 14 -7 15 -12 -10 -17 -11 20 23 -22 -15 24 29 26 -26 -25 -29 -2
right_child=1 2 -4 -5 -6 10 7 -9 16 18 12 -13 -14 22 -16 17 -18 -19 -20 -21 21 -23 -24 27 25 -27 -28 28 -30 -31
leaf_value=0.00040584074381063654 8.6683904236864459e-05 -0.0026564495327687705 0.00024206329161229994 0.00047066924303034791 -0.0070706644949263611 6.1505458218706957e-05 0.0024640580515600903 1.4689381525755632e-05 -7.0322986566328125e-05 0.001906212051030565 0.00019005276271946662 -0.0071210673425709126 -7.0390098266492352e-06 -0.0028043059591848977 -5.5698769583690714e-05 0.0010371922536642365 0.0034752794077883356 0.0020367427487441802 0.0045495836548786897 -0.0010001913669659076 -0.0002493981164807072 0.0015140730563517057 -0.00043023281052649229 -0.0034083855947790471 0.00099813139429792068 -0.00023946803508006082 -6.2120639535062191e-05 0.0024253961536398107 -0.00038516370680456095 -0.0017593869496407963
leaf_weight=25 985 126 30 38 89 1163 64 204 20 20 59 158 3529 176 57 20 24 23 23 129 29 34 1482 254 25 20 23 25 696 110
leaf_count=25 985 126 30 38 89 1163 64 204 20 20 59 158 3529 176 57 20 24 23 23 129 29 34 1482 254 25 20 23 25 696 110
internal_value=-0.000347828 -0.000377791 -0.00492308 -0.000302987 -0.000331323 -0.000284005 0.000402233 0.00511897 -0.000215672 0.0136822 -0.000560374 -0.00147432 0.000177872 -0.00113719 0.0055849 0.0092549 0.0101818 0.0180465 0.0217674 -0.000412019 -0.000112678 0.00850793 -0.00211339 -0.0003667 0.000736026 0.0108235 0.017 -0.00168205 -0.000343969 0.000109587
internal_weight=9660 9635 156 9479 9441 9352 2685 311 2374 107 6667 2979 3688 2821 159 102 44 43 43 2330 2201 63 1658 2138 1163 68 48 975 721 1095
internal_count=9660 9635 156 9479 9441 9352 2685 311 2374 107 6667 2979 3688 2821 159 102 44 43 43 2330 2201 63 1658 2138 1163 68 48 975 721 1095
is_linear=0
shrinkage=0.08


Tree=210
num_leaves=31
num_cat=0
split_feature=19 25 13 25 27 27 17 31 6 31 33 8 31 29 5 29 21 33 8 33 4 6 25 4 13 27 39 25 19 27
split_gain=0.528269 0.550818 0.385641 0.331166 0.498188 0.32347 0.33213 1.9335 0.325717 0.497378 0.705008 0.846396 0.575443 0.701661 1.29412 0.659729 0.646154 0.428864 1.20494 0.728155 1.04575 0.578603 0.428571 0.416306 0.818942 0.567713 0.528299 0.828306 0.525974 0.510656
threshold=9.6461500000000004 18.681650000000001 18.517300000000002 21.067900000000005 19.533250000000006 19.979150000000001 18.681650000000001 17.008900000000004 0.27964170613353562 15.662100000000001 0.48490000000000238 1.7243483700346605 14.716850000000003 15.355800000000002 15.492223333333337 14.647350000000001 15.123600000000001 0.42685000000000001 0.5471141559193089 0.48299999999999882 40.500000000000007 0.22985846179200145 15.851650000000001 37.500000000000007 18.087200000000003 17.094800000000003 92.48993968194705 16.824400000000001 18.314050000000005 16.158800000000003
decision_type=2 2 2 2 2 2 2 2 2 2 2 2 2 2 2 2 2 2 2 2 2 2 2 2 2 2 2 2 2 2
left_child=-1 2 5 -3 -5 6 8 -8 17 10 11 12 -10 14 15 -14 -17 -2 -19 -20 21 -21 -15 25 26 29 -25 -28 -29 -11
right_child=1 3 -4 4 -6 -7 7 -9 9 23 -12 -13 13 22 -16 16 -18 18 19 20 -22 -23 -24 24 -26 -27 27 28 -30 -31
leaf_value=0.00037337348430582367 -5.5211718574298544e-05 -0.0017728542957172147 -0.0015321025713622375 -0.012306690767085638 0.0014481254474441277 0.00019435964979166802 -0.0032486713802506802 0.00064606695290175418 -0.0001671048953784076 -0.0015618540017798813 -0.0039768790630873305 0.00026497344270913069 0.00055253976592744636 -0.00063345720486794599 0.0010043723809939249 -0.0056522316962668183 0.0012355465949156473 4.801473542173919e-05 0.00054230652274253816 6.6029987338038111e-05 0.0056385416288210876 -0.0016643188474916846 0.00077278046565196863 -0.00097569531044399012 0.00011598990441765037 -0.0028473726869500606 0.015434209601763648 -0.0023397247232980214 0.0068113135584694237 -7.7118949358024366e-05
leaf_weight=25 6947 117 181 22 24 30 28 23 144 125 82 37 20 80 25 35 30 630 21 34 30 38 25 181 26 262 28 77 22 311
leaf_count=25 6947 117 181 22 24 30 28 23 144 125 82 37 20 80 25 35 30 630 21 34 30 38 25 181 26 262 28 77 22 311
internal_value=-0.000414081 -0.000444216 -0.000364867 -0.00505522 0.00069565 -0.000293619 -0.000320486 0.00611765 -0.000356137 -0.00143047 0.000702927 0.00210101 0.000913647 0.00353488 0.008 0.00329412 -0.000615387 -0.000145456 0.00166799 0.00891057 0.00611765 0.000888887 -0.00114286 -0.00241861 -9.58103e-05 -0.00353009 -0.00124676 0.00270866 -0.000727275 -0.00176147
internal_weight=9660 9635 9472 163 46 9291 9261 51 9210 1510 478 396 359 215 110 85 65 7700 753 123 102 72 105 1032 334 698 308 127 99 436
internal_count=9660 9635 9472 163 46 9291 9261 51 9210 1510 478 396 359 215 110 85 65 7700 753 123 102 72 105 1032 334 698 308 127 99 436
is_linear=0
shrinkage=0.08


Tree=211
num_leaves=31
num_cat=0
split_feature=19 6 21 25 33 4 4 23 4 7 17 17 31 1 13 17 39 13 21 23 27 1 1 23 5 39 25 15 39 17
split_gain=0.526763 0.580834 0.515797 0.750707 0.913355 1.11818 1.03645 0.582717 1.21212 0.447167 0.534265 0.95655 0.529661 0.491435 0.390909 0.473377 0.367399 0.351562 0.499132 0.301596 0.693881 0.782708 0.326053 0.510992 0.457741 0.386217 0.296593 0.28637 0.425278 0.566046
threshold=9.6461500000000004 0.39350567118165908 15.593050000000002 14.230700000000001 0.20690000000000011 40.500000000000007 12.500000000000002 15.662100000000001 26.500000000000004 17.56838083333334 17.172400000000007 17.462750000000003 17.307350000000003 1.5000000000000002 18.197700000000005 19.274100000000001 100.90483903803786 14.329500000000001 15.176350000000001 18.517300000000002 18.642900000000001 7.5000000000000009 18.500000000000004 17.576750000000004 17.39069666666667 86.651168642462395 18.605250000000002 18.087200000000003 97.267536175815465 18.087200000000003
decision_type=2 2 2 2 2 2 2 2 2 2 2 2 2 2 2 2 2 2 2 2 2 2 2 2 2 2 2 2 2 2
left_child=-1 16 3 -3 7 6 -6 17 -9 13 -11 -12 -13 -4 -14 -16 26 -5 -19 20 22 -22 -15 24 25 -24 27 -2 29 -29
right_child=1 2 9 4 5 -7 -8 8 -10 10 11 12 14 19 15 -17 -18 18 -20 -21 21 -23 23 -25 -26 -27 -28 28 -30 -31
leaf_value=0.00034350360556140277 -1.6623594719812568e-05 -0.0015111366429237838 0.00012238736805331453 8.7203666094623332e-05 0.00086145643920823264 0.00059257164703190068 -0.0010878436518159485 0.00057379821084107532 -0.00040085596683141699 -0.010444012657487985 0.001728287393203055 0.00053352774548495003 -0.00066687256739209912 -0.0016036500929043126 0.089130394991062178 -0.011423532037805146 8.6761193747316481e-05 -0.0028983538679484807 0.00015393347897329902 -0.0024312100582638738 0.02947025910535566 -0.00049159417603214105 0.0048769213367631497 0.035876280635903549 0.0013765572180564423 -0.0015715824036566309 0.00039603507171296156 0.0020626205023803372 -0.00052467240261990552 -0.0019301260868373571
leaf_weight=25 7875 71 27 32 21 22 46 22 33 36 21 20 43 362 20 35 35 92 36 112 23 32 39 23 28 133 24 67 267 38
leaf_count=25 7875 71 27 32 21 22 46 22 33 36 21 20 43 362 20 35 35 92 36 112 23 32 39 23 28 133 24 67 267 38
internal_value=-0.000397517 -0.00042761 -0.00198044 0.000533331 0.00226316 0.00907865 0.0039403 -0.000558141 0.00654545 -0.00296856 0.000685712 0.00293525 0.000135591 -0.00378948 -0.00228572 0.00218182 -0.00017915 -0.003 -0.004875 -0.00417021 -0.0035 0.00509091 -0.00430769 -0.00190135 -0.0032 -0.00474419 -0.000213761 -0.000239604 -0.0024086 0.00190476
internal_weight=9660 9635 1329 375 304 89 67 215 55 954 175 139 118 779 98 55 8306 160 128 752 640 55 585 223 200 172 8271 8247 372 105
internal_count=9660 9635 1329 375 304 89 67 215 55 954 175 139 118 779 98 55 8306 160 128 752 640 55 585 223 200 172 8271 8247 372 105
is_linear=0
shrinkage=0.08


Tree=212
num_leaves=31
num_cat=0
split_feature=23 19 31 29 25 25 15 25 4 4 4 1 33 1 25 33 17 7 23 33 25 17 8 6 13 17 8 2 25 7
split_gain=0.647465 0.402625 1.86433 1.42238 0.529489 0.624809 0.401248 0.285733 0.278975 1.16907 3.08221 1.2349 0.729167 0.688102 0.666034 0.714562 0.540466 0.871403 0.854907 0.635419 0.57317 1.12004 0.731118 0.551379 0.550933 1.05102 0.879633 0.523758 0.517927 0.514689
threshold=18.731750000000002 13.818850000000003 14.329500000000001 14.750550000000002 18.681650000000001 18.605250000000002 20.384450000000005 18.517300000000002 49.500000000000007 44.500000000000007 45.500000000000007 6.5000000000000009 0.075950000000000642 15.500000000000002 15.320300000000001 -0.036499999999999304 14.968750000000002 14.649417500000002 14.642450000000002 -0.03689999999999926 15.725800000000001 15.692450000000003 1.3012435212034055 0.20175537993391898 17.384900000000005 17.008900000000004 0.22759188518485343 1.5000000000000002 14.968750000000002 18.082317500000006
decision_type=2 2 2 2 2 2 2 2 2 2 2 2 2 2 2 2 2 2 2 2 2 2 2 2 2 2 2 2 2 2
left_child=1 2 -1 -4 5 7 -2 8 9 -3 11 12 -11 -12 -13 -16 17 -10 -19 20 -18 -22 23 -23 25 27 -27 -25 -20 -26
right_child=6 4 3 -5 -6 -7 -8 -9 16 10 13 14 -14 -15 15 -17 19 18 28 -21 21 22 -24 24 29 26 -28 -29 -30 -31
leaf_value=-0.0053003184724552399 -0.0018008188650177146 -5.506694133209916e-05 0.00073133580402884486 0.00019766402098985391 -0.0029811012030990132 0.00099310981883751867 0.0006373834366809832 -0.0035857252397614252 -0.0001454552634447304 0.0028466007623283197 -0.00048994780207342506 0.0023466090396821269 0.0014921849156353877 0.0010022151800931436 -0.00049699588380810783 0.00077958378515885333 -0.0011911761897958296 0.00045686303962234854 -0.0015312606907648164 -0.00096780808413047875 0.0018136460972948099 -0.0031743591377736673 -0.002879645489283619 0.00057173806732012714 -0.0010193826592701492 0.00021742062179940048 0.0018359565192459918 -0.0014958534821790368 0.00070884658588773282 0.0030710528743309417
leaf_weight=38 129 6929 20 27 77 23 29 31 350 28 436 35 20 187 31 38 164 38 30 612 20 53 69 41 58 21 32 35 21 38
leaf_count=38 129 6929 20 27 77 23 29 31 350 28 436 35 20 187 31 38 164 38 30 612 20 53 69 41 58 21 32 35 21 38
internal_value=-0.000389236 -0.00030478 0.00517647 0.0158298 -0.000354255 -0.000299788 -0.00546836 -0.000332298 -0.0003067 -0.000107998 0.00283871 0.0130526 0.0236667 0.000346708 0.00815384 0.0035942 -0.00127434 0.00111162 0.00817977 -0.00219073 -0.000165727 0.00159128 0.000530257 0.00235971 0.00408889 0.00750387 0.0161509 0.00147368 0.00141176 -0.000500002
internal_weight=9660 9502 85 47 9417 9340 158 9317 9286 7704 775 152 48 623 104 69 1582 439 89 1143 531 367 347 278 225 129 53 76 51 96
internal_count=9660 9502 85 47 9417 9340 158 9317 9286 7704 775 152 48 623 104 69 1582 439 89 1143 531 367 347 278 225 129 53 76 51 96
is_linear=0
shrinkage=0.08


Tree=213
num_leaves=31
num_cat=0
split_feature=6 21 23 4 7 13 17 39 29 25 17 1 19 7 19 27 27 23 29 19 33 27 27 23 23 29 39 25 13 17
split_gain=0.57928 0.891149 1.72551 0.98892 0.637121 0.633871 1.85731 0.520702 0.500285 1.13655 0.422943 0.441051 0.327236 0.34103 0.651026 0.74472 0.556217 0.301948 0.283684 0.416156 1.28583 0.486602 0.401557 0.846211 0.599174 0.432337 1.8471 0.85345 0.669034 0.371736
threshold=0.57419832856915154 15.490150000000002 15.662100000000001 20.500000000000004 16.031502500000006 15.523850000000001 15.621500000000003 100.90483903803786 14.576500000000001 14.4777 22.248450000000002 1.5000000000000002 14.312950000000003 17.044309166666668 17.955650000000002 18.314050000000005 16.741850000000003 16.852650000000001 17.042850000000005 17.307350000000003 0.03729999999999923 17.488600000000002 17.363700000000005 16.867950000000004 17.005200000000006 16.9785 91.446981558200221 16.867950000000004 16.817100000000003 16.775850000000002
decision_type=2 2 2 2 2 2 2 2 2 2 2 2 2 2 2 2 2 2 2 2 2 2 2 2 2 2 2 2 2 2
left_child=7 2 5 -4 -5 6 8 18 9 -2 11 -3 -13 -14 15 16 -15 -18 19 21 -21 22 25 -24 -25 -1 -27 -28 -29 -20
right_child=1 10 3 4 -6 -7 -8 -9 -10 -11 -12 12 13 14 -16 -17 17 -19 29 20 -22 -23 23 24 -26 26 27 28 -30 -31
leaf_value=-1.3594435630763027e-05 -0.0017556069853340984 0.00011086386372247367 0.00057786381157892545 -0.00061920571021283229 0.00069259828361321418 -0.0029193322710425584 0.0016995212668877646 8.0348740727179582e-05 -0.0063740018548191467 0.00014721584343108346 0.00082719476273257844 0.00040582975643990694 -0.0017647228451411377 0.00075865768949721294 -0.0023230034942300169 0.0012730903520000358 -6.1813282740619707e-05 -0.0030713557343707526 -0.0016081957256669252 0.0013278022630693925 -0.0012944670759456626 -0.002695514175757864 -0.0030256777376824031 0.0088933391906829921 0.00023527845503719315 0.024003061776734294 0.0015386399850600516 0.0016730062958408205 -0.0016181015255995004 -9.060567570876763e-05
leaf_weight=6216 52 38 20 20 24 69 20 37 84 21 20 25 491 24 96 38 22 62 69 21 32 67 28 21 26 25 31 21 114 1826
leaf_count=6216 52 38 20 20 24 69 20 37 84 21 20 25 491 24 96 38 22 62 69 21 32 67 28 21 26 25 31 21 114 1826
internal_value=-0.000397517 -0.00210302 0.00154839 0.01325 0.00654545 -0.00149594 0.00103955 -0.000172488 -0.00188535 0.0029589 -0.0034902 -0.0037789 -0.00420053 -0.00450751 -0.00204959 0.00131507 -0.00207408 -0.00514286 -0.000213724 3.39272e-05 0.00709434 -2.32116e-05 4.68972e-05 0.00586666 0.0124255 -2.12287e-05 0.00372775 0.000674697 -0.00207408 -0.00107652
internal_weight=9660 1126 310 64 44 246 177 8534 157 73 816 796 758 733 242 146 108 84 8497 6602 53 6549 6482 75 47 6407 191 166 135 1895
internal_count=9660 1126 310 64 44 246 177 8534 157 73 816 796 758 733 242 146 108 84 8497 6602 53 6549 6482 75 47 6407 191 166 135 1895
is_linear=0
shrinkage=0.08


Tree=214
num_leaves=31
num_cat=0
split_feature=5 25 8 31 17 29 23 21 6 7 17 17 17 31 19 4 29 4 13 7 7 4 33 6 19 7 6 19 5 4
split_gain=0.505992 1.12791 1.15351 0.68758 0.656742 0.47878 0.464728 0.44379 0.497929 0.592158 0.787363 0.545771 2.14286 0.523555 0.809157 0.43608 0.551461 0.805164 0.541667 0.429052 0.89752 0.70729 0.552818 0.512624 0.41108 0.859722 0.610134 0.615556 0.709612 0.549484
threshold=15.731303333333335 16.305350000000004 1.7653954276964994 16.287150000000004 16.226550000000003 15.355800000000002 13.983600000000001 14.260600000000002 0.27964170613353562 16.13090166666667 16.287150000000004 18.681650000000001 19.122800000000002 16.566100000000002 16.322600000000005 45.500000000000007 16.144550000000006 49.500000000000007 15.896950000000002 16.780026666666668 16.842852500000003 15.500000000000002 0.78565000000000051 0.27772696270039399 14.481250000000001 14.487435000000001 0.14352761051568508 13.983600000000001 14.227783333333337 53.500000000000007
decision_type=2 2 2 2 2 2 2 2 2 2 2 2 2 2 2 2 2 2 2 2 2 2 2 2 2 2 2 2 2 2
left_child=1 4 -3 15 6 -6 -1 -5 9 10 -9 13 -13 14 -10 -2 17 -17 -19 21 -21 -11 23 -22 26 -26 -8 28 -28 -29
right_child=3 2 -4 7 5 -7 24 8 11 19 -12 12 -14 -15 -16 16 -18 18 -20 20 22 -23 -24 -25 25 -27 27 29 -30 -31
leaf_value=-0.00036758612424273723 -0.0038513301404609446 0.00044051673538473781 0.00010808171140446859 0.000497130534857478 3.3196972246335115e-05 0.0026169706137568315 0.0029415900198590341 0.0048399790778806814 -0.0015787457370216693 0.0014021821418375344 -0.00020428541648817255 0.0020496928641280262 -0.00071943111486600807 -0.00086070333913848855 0.0034455572666343406 0.010310891620826703 -0.0023968216147152257 -0.0067851020837668774 0.016264555076648365 0.021542563787063828 -4.7431845777963413e-05 -0.0037609578556082684 0.00013198411144198569 0.00035913414770750345 -0.0022628363456854714 -3.0017774192295384e-06 -0.0018426793094115464 0.0001187604595121855 1.9902610368602232e-05 0.0012885690999097084
leaf_weight=318 500 21 37 21 32 26 26 39 30 59 22 21 84 934 35 21 69 26 24 29 2508 186 24 25 109 3176 182 932 21 123
leaf_count=318 500 21 37 21 32 26 26 39 30 59 22 21 84 934 35 21 69 26 24 29 2508 186 24 25 109 3176 182 932 21 123
internal_value=-0.000339546 0.000219067 0.0113103 -0.000939663 8.89769e-05 0.00855172 -1.14609e-05 -0.000551657 -0.000612615 -6.08594e-05 0.0077377 -0.00205797 0.00342857 -0.00263464 0.00430769 -0.003375 0.000571427 0.00552112 -1.90735e-09 -0.000228896 7.4244e-05 -0.00342857 -8.44759e-05 -0.000198975 0.000194351 -0.000280063 0.0014081 0.00115739 -0.00287685 0.00193365
internal_weight=9660 5003 58 4657 4945 58 4887 4017 3996 2892 61 1104 105 999 65 640 140 71 50 2831 2586 245 2557 2533 4569 3285 1284 1258 203 1055
internal_count=9660 5003 58 4657 4945 58 4887 4017 3996 2892 61 1104 105 999 65 640 140 71 50 2831 2586 245 2557 2533 4569 3285 1284 1258 203 1055
is_linear=0
shrinkage=0.08


Tree=215
num_leaves=31
num_cat=0
split_feature=19 6 5 25 27 5 4 5 29 27 33 33 21 1 13 4 1 25 19 7 8 8 29 2 19 15 39 1 27 39
split_gain=0.526011 0.456195 0.519001 0.884353 0.958974 0.599557 0.925776 0.472099 0.844587 0.945016 0.909834 0.91201 0.677786 0.732016 0.555556 0.596737 0.520833 0.370826 0.349066 0.344729 0.329012 0.309143 0.288698 1.18344 0.366364 0.52438 0.473389 1.0119 0.509201 0.705775
threshold=9.6461500000000004 0.28780375698079025 15.725523333333337 15.816150000000002 15.390450000000003 19.160346666666666 42.500000000000007 14.176256666666669 14.593050000000002 14.131850000000002 -0.32849999999999907 0.37955000000000011 15.123600000000001 2.5000000000000004 15.557500000000003 28.500000000000004 12.500000000000002 18.517300000000002 14.378900000000002 15.836133333333335 0.2323171153389697 2.7065355653279477 18.556400000000004 3.5000000000000004 16.108650000000004 17.189100000000007 93.697389376305679 7.5000000000000009 17.117000000000004 84.414627055929188
decision_type=2 2 2 2 2 2 2 2 2 2 2 2 2 2 2 2 2 2 2 2 2 2 2 2 2 2 2 2 2 2
left_child=-1 21 3 7 -5 17 -7 -3 9 -9 -11 16 -10 -14 -15 -16 -12 18 -4 -6 -20 -2 24 -24 -22 26 28 -28 29 -26
right_child=1 2 5 4 19 6 -8 8 12 10 11 -13 13 14 15 -17 -18 -19 20 -21 22 -23 23 -25 25 -27 27 -29 -30 -31
leaf_value=0.00030951947419270384 -2.4575394817852021e-05 -0.0008083649657303942 0.00042666675288223255 0.0010341221062277668 0.00015241869415083656 -0.00022753871658227093 0.00024678467837646329 -0.00041801502988122688 -0.0032952742984684088 -0.0045153594028875229 0.00071237915898660509 -0.0018338201955490974 0.00079827294840814015 -0.0008266206304954521 -0.0007490027715732065 0.00087966660464947033 0.0022070687748465597 -0.0049227465542422844 0.024326305832308406 -0.0018606999313053919 -0.002956734501731647 0.00010831821317025113 -0.0019156006236325446 0.0034689497789798913 0.00052232079402720938 -0.0017761369357435532 0.012185090190678569 -0.0014883775005887206 -0.0012558196784949475 -0.00029375847224266178
leaf_weight=25 7851 53 20 33 25 57 21 35 111 22 24 20 21 72 22 26 24 113 21 27 122 37 44 28 23 330 35 84 101 233
leaf_count=25 7851 53 20 33 25 57 21 35 111 22 24 20 21 72 22 26 24 113 21 27 122 37 44 28 23 330 35 84 101 233
internal_value=-0.000389236 -0.000419307 -0.00158901 0.000543687 0.008 -0.00248052 0.00430769 -0.000930234 6.36586e-05 0.00544 0.00977778 0.0143529 -0.00260318 0.00107801 -0.00133334 0.00533333 0.0203333 -0.00293934 -0.00246686 0.00123077 -0.00267189 -0.000160245 -0.00288 0.002 -0.00325862 -0.0026402 -0.000941178 0.00342857 -0.00239776 -0.000500002
internal_weight=9660 9635 1747 515 85 1232 78 430 377 125 90 68 252 141 120 48 48 1154 1041 52 1021 7888 1000 72 928 806 476 119 357 256
internal_count=9660 9635 1747 515 85 1232 78 430 377 125 90 68 252 141 120 48 48 1154 1041 52 1021 7888 1000 72 928 806 476 119 357 256
is_linear=0
shrinkage=0.08


Tree=216
num_leaves=31
num_cat=0
split_feature=17 6 29 21 27 29 8 27 23 4 13 33 39 39 19 29 31 17 5 5 33 13 33 1 7 25 39 17 25 21
split_gain=0.480019 0.571036 0.566984 0.927027 0.9 0.601186 0.328638 0.775582 0.681802 0.355693 0.773065 0.385284 0.35178 0.397453 1.03585 0.428585 0.357192 0.54671 0.602762 1.32742 2.5 0.469599 0.356664 0.690068 0.284066 0.276923 0.223148 0.494592 0.63069 0.943898
threshold=22.535450000000004 0.39350567118165908 19.437050000000003 16.787500000000005 19.533250000000006 20.808800000000002 0.623448243366856 14.917400000000002 17.791300000000003 25.500000000000004 16.287150000000004 -0.15044999999999928 95.339586213487863 90.709624302829681 14.883000000000001 17.846600000000006 16.365600000000004 14.260600000000002 15.357210000000002 14.665543333333334 -0.18449999999999986 16.628950000000003 -0.30695000000000133 18.500000000000004 13.848510833333334 14.510650000000002 76.666394362879871 14.284200000000002 14.000100000000002 14.000100000000002
decision_type=2 2 2 2 2 2 2 2 2 2 2 2 2 2 2 2 2 2 2 2 2 2 2 2 2 2 2 2 2 2
left_child=1 24 6 -4 -5 -6 7 -3 9 -9 -11 -12 13 16 -15 22 17 -8 19 25 -21 -20 23 -16 -1 -19 27 28 29 -26
right_child=-2 2 3 4 5 -7 12 8 -10 10 11 -13 -14 14 15 -17 -18 18 21 20 -22 -23 -24 -25 26 -27 -28 -29 -30 -31
leaf_value=3.3490992299901461e-05 0.0009482758961301222 0.00060462432076445331 0.0016746929828654479 -0.0084904618448076018 0.00022258807572571215 -0.00032521832338165956 -0.0018026097725692448 -0.002777057608870179 0.046597368274455528 -0.00080497522385868298 0.0052754879618542973 -0.00010415108041009228 -0.0023301422935542962 0.00045464205089588056 -0.0022616140267948575 0.0006558674278511398 -0.0052103272715254721 -0.0031646329711633591 -0.00050961778193042121 -0.010084233264636923 0.0080520224399778413 0.00044029163583481746 -0.00074336873703047235 0.0007773935166111301 -0.002333288503890963 1.9647743354710276e-05 -8.454200196484794e-06 0.00042500546282004097 -0.0013983043269891091 0.0015244540783573325
leaf_weight=31 20 39 21 45 22 23 71 122 26 36 20 26 227 28 31 32 189 32 117 20 20 20 124 23 34 20 7725 160 299 57
leaf_count=31 20 39 21 45 22 23 71 122 26 36 20 26 227 28 31 32 189 32 117 20 20 20 124 23 34 20 7725 160 299 57
internal_value=-0.000380954 -0.000406641 -0.00194303 0.00353153 -1.90735e-09 0.008 -0.0024399 2.97379e-05 -0.00173913 -0.00329412 0.000780486 0.00765217 -0.00313627 -0.00227786 0.000403359 -0.00152381 -0.00358282 -0.00186667 3.49326e-05 0.00504348 0.016 -0.00332847 -0.00305618 0.00237037 -0.000159886 -0.00338462 -0.000188522 -0.00174546 -0.00328205 0.00254945
internal_weight=9660 9640 1334 111 90 45 1223 269 230 204 82 46 954 727 238 210 489 300 229 92 40 137 178 54 8306 52 8275 550 390 91
internal_count=9660 9640 1334 111 90 45 1223 269 230 204 82 46 954 727 238 210 489 300 229 92 40 137 178 54 8306 52 8275 550 390 91
is_linear=0
shrinkage=0.08


Tree=217
num_leaves=31
num_cat=0
split_feature=6 5 13 21 29 27 8 31 23 39 23 19 23 8 13 33 7 31 39 33 29 29 29 21 17 21 23 4 17 1
split_gain=0.548392 0.752137 1.03846 0.5381 0.910824 0.674476 0.86579 0.875758 0.635856 0.494686 0.537778 0.367916 0.728008 0.408394 0.821114 0.344281 0.36169 0.719327 0.689842 1.22073 1.01823 0.957347 1.25293 1.10345 0.768002 0.564968 0.586934 0.90013 1.01628 1.60702
threshold=0.81197606220729701 19.160346666666666 18.356750000000002 17.325350000000004 16.938100000000002 17.149950000000004 1.2322522648951775 17.207200000000004 17.344800000000003 86.197117530195129 16.929950000000002 13.818850000000003 14.867400000000002 0.89181108688505106 15.625350000000003 -1.2842499999999999 15.716931666666669 15.763450000000002 85.331429661058039 0.17750000000000024 15.699150000000001 15.426750000000002 15.656950000000002 15.971400000000001 15.557500000000003 15.699150000000001 15.593050000000002 53.500000000000007 15.883650000000001 12.500000000000002
decision_type=2 2 2 2 2 2 2 2 2 2 2 2 2 2 2 2 2 2 2 2 2 2 2 2 2 2 2 2 2 2
left_child=15 3 -3 4 11 6 7 -6 -7 -8 -11 12 -2 14 -13 -1 17 25 -19 20 24 -21 -23 -24 -20 26 -17 28 -28 -30
right_child=1 2 -4 -5 5 8 9 -9 -10 10 -12 13 -14 -15 -16 16 -18 18 19 21 -22 22 23 -25 -26 -27 27 -29 29 -31
leaf_value=0.00055572177553772769 -0.00022584335902926621 0.00029352937379641841 -0.0072354302506663108 -0.002131208163195683 0.00014135011773905453 -0.0019381859487620737 -0.0050263997908688131 0.18150186832213586 0.022957113943194992 0.010511385721309897 -0.00014610821822334116 0.00021112638192818047 0.00039211718768840501 -0.00093482838530810017 -0.00164323555133358 -2.6399176410289716e-05 -0.00012436511357411526 -0.00072529769487927193 0.0024293911674182589 0.00056408174246623077 0.0001508446785132896 -0.00055699234332112725 -0.002538679370972402 0.00088594649812374774 0.00058825078961719196 -0.00024011610996975999 0.00040001392511760064 -0.001975546682688198 0.082726517146573197 -7.3274627054987677e-05
leaf_weight=29 20 39 39 245 24 74 24 20 23 20 25 23 23 253 84 3541 4143 101 21 31 28 78 29 29 20 204 377 44 23 26
leaf_count=29 20 39 39 245 24 74 24 20 23 20 25 23 23 253 84 3541 4143 101 21 31 28 78 29 29 20 204 377 44 23 26
internal_value=-0.000347828 -0.00218804 0.00533333 -0.0028718 -0.00160522 0.00266666 0.00686725 0.0156364 -0.00222681 0.00127536 0.00622222 -0.00383127 0.00316279 -0.00466667 -0.000523366 -0.000150392 -0.000179415 0.000312828 0.00386943 0.00623729 0.0151884 0.00253892 -0.000352943 0.00855172 0.0232195 2.84678e-05 0.000237345 0.00289362 0.00401878 0.0148571
internal_weight=9660 936 78 858 613 210 113 44 97 69 45 403 43 360 107 8724 8695 4552 337 236 69 167 136 58 41 4215 4011 470 426 49
internal_count=9660 936 78 858 613 210 113 44 97 69 45 403 43 360 107 8724 8695 4552 337 236 69 167 136 58 41 4215 4011 470 426 49
is_linear=0
shrinkage=0.08


Tree=218
num_leaves=31
num_cat=0
split_feature=6 29 2 13 39 7 21 23 4 29 13 39 4 7 8 5 6 39 23 7 5 21 21 1 8 4 7 6 17 29
split_gain=0.559906 0.76217 0.969705 1.17295 0.447162 0.732464 0.406957 0.886193 1.15433 0.363361 0.727874 0.783192 1.07226 1.33177 1.74086 0.665242 1.77224 0.894901 0.828616 0.645276 0.52872 0.595647 0.693183 0.834077 1.33413 0.65744 0.481022 0.456501 0.43914 0.491551
threshold=0.81197606220729701 19.437050000000003 3.5000000000000004 18.356750000000002 100.90483903803786 18.093720833333339 15.490150000000002 15.692450000000003 25.500000000000004 15.444000000000001 15.479500000000003 83.787383992455787 11.500000000000002 15.490487500000002 0.25361907767569841 15.492223333333337 0.23876717499570263 85.138389966621062 15.515000000000002 15.423185000000002 15.407906666666671 15.490150000000002 15.699150000000001 14.500000000000002 0.21018042554720365 20.500000000000004 15.471437500000002 0.17992544416531267 15.656950000000002 15.550500000000001
decision_type=2 2 2 2 2 2 2 2 2 2 2 2 2 2 2 2 2 2 2 2 2 2 2 2 2 2 2 2 2 2
left_child=4 6 -3 -4 9 -6 7 -2 -9 15 -11 12 -12 -14 -15 20 18 -18 -17 -13 21 26 23 24 -23 -26 -1 28 29 -21
right_child=1 2 3 -5 5 -7 -8 8 -10 10 11 19 13 14 -16 16 17 -19 -20 27 -22 22 -24 -25 25 -27 -28 -29 -30 -31
leaf_value=2.7671801097332018e-05 -0.00032603448642556227 -0.0010826128869151823 0.001043811670772279 -0.006685101300595203 -0.00018051381592439739 0.047956881853278087 -0.0011531347069342059 0.00049820919999900737 -2.6507718730740524e-05 -0.00098467365006098999 -0.0022579226578467145 0.00028620228397918375 -0.0017938607033356768 0.0013653519685271017 0.0046460808103435019 0.0012285414901241512 0.00015374587849322611 0.0042227400551850492 -0.0014143957038674957 -0.0020243458216210085 -0.00050413528037119616 0.0026077350156832142 -3.9379433736467651e-05 -0.00042481746367037664 -0.0002677160495231249 0.0027144386789097301 -0.0033061588396575952 -5.3749051946603577e-05 -0.0015535551772210541 0.00064784857147994802
leaf_weight=3030 175 56 38 21 25 21 594 20 32 479 24 35 23 29 22 31 33 21 69 20 100 21 55 23 28 32 125 4203 233 42
leaf_count=3030 175 56 38 21 25 21 594 20 32 479 24 35 23 29 22 31 33 21 69 20 100 21 55 23 28 32 125 4203 233 42
internal_value=-0.000414081 -0.00227351 0.00382609 0.010983 -0.000214582 0.00765217 -0.00312789 -0.000246698 0.00892308 -0.000256282 -0.000688847 -0.000381777 0.00669388 0.0114595 0.0186667 0.000363227 0.00550649 0.0171852 -0.000800002 -0.000534747 0.000131222 0.000304162 0.00508176 0.00892308 0.0127407 0.00666666 6.33895e-05 -0.000618944 -0.00366102 0.00232258
internal_weight=9660 936 115 59 8724 46 821 227 52 8678 5110 4631 98 74 51 3568 154 54 100 4533 3414 3314 159 104 81 60 3155 4498 295 62
internal_count=9660 936 115 59 8724 46 821 227 52 8678 5110 4631 98 74 51 3568 154 54 100 4533 3414 3314 159 104 81 60 3155 4498 295 62
is_linear=0
shrinkage=0.08


Tree=219
num_leaves=31
num_cat=0
split_feature=19 23 6 25 17 8 2 25 8 39 33 27 17 17 29 23 19 25 23 17 15 8 31 27 21 29 17 39 23 27
split_gain=0.513189 0.578856 0.592087 0.535796 0.433427 0.410475 0.554994 0.482534 0.469672 0.64484 0.652213 0.612601 0.823706 1.1759 1.06522 0.528195 0.720503 0.682996 0.70917 0.642967 1.20937 1.35458 1.25744 0.68021 0.675325 0.642857 0.608686 1.2836 0.981773 0.809307
threshold=14.481250000000001 13.983600000000001 0.14352761051568508 14.153300000000002 12.978900000000001 0.34064491142499004 2.5000000000000004 14.917400000000002 0.23443518084976991 78.928221430515393 0.065649999999999778 14.4777 14.716850000000003 14.510650000000002 14.576500000000001 14.615850000000002 15.444000000000001 15.550500000000001 15.965100000000001 15.479500000000003 15.490150000000002 0.20827031215425673 15.294250000000002 15.373050000000001 15.330900000000002 15.320300000000001 15.593050000000002 86.197117530195129 15.593050000000002 15.662100000000001
decision_type=2 2 2 2 2 2 2 2 2 2 2 2 2 2 2 2 2 2 2 2 2 2 2 2 2 2 2 2 2 2
left_child=1 -1 -3 -2 -4 8 -7 -8 9 10 11 -5 13 -13 -15 -11 19 18 -18 23 21 25 -23 -17 -22 -21 27 29 -29 -19
right_child=3 2 4 5 -6 6 7 -9 -10 15 -12 12 -14 14 -16 16 17 26 -20 20 24 22 -24 -25 -26 -27 -28 28 -30 -31
leaf_value=-0.00027944542278049488 -0.0019566542859214358 0.0027643973146950422 0.0019348711474352167 -0.0020562594614785862 7.8650942663502677e-05 -0.0005879938183466941 0.00017255011277246088 -7.1096938451245396e-05 8.5296768605029358e-05 -0.0021726358029231611 0.0024715807656359515 -0.00060260357615363116 -0.00030322184018829096 0.0017108709218271317 0.0017166785961935699 0.0001174714277708208 -0.001982022414833166 -0.0018318256609219964 0.00017034719349018874 -0.0017109630627372952 0.0014195794154097576 0.0037626715301968395 0.00040188587443221267 -0.00034037710937540684 -0.004074084415021815 0.00050826621814834168 -0.00020416294982834524 0.0016745434159046121 0.00015619195602969483 0.0024993452018191769
leaf_weight=285 136 26 24 32 1294 1127 20 1305 1717 236 23 29 76 23 23 569 371 131 32 25 25 32 28 135 52 45 1729 31 30 49
leaf_count=285 136 26 24 32 1294 1127 20 1305 1717 236 23 29 76 23 23 569 371 131 32 25 25 32 28 135 52 45 1729 31 30 49
internal_value=-0.000405799 0.000888887 0.00158333 -0.000668412 0.00134749 -0.000582649 -0.00144209 -0.000332077 -0.000195482 -0.000699948 0.00365048 0.00205464 0.00418543 0.0101333 0.018087 -0.000954547 -0.000691841 -0.00142604 -0.0044268 0.00122063 0.00514009 0.00984615 0.0186667 6.81799e-05 -0.0028052 0.00228571 -0.000812185 0.00295435 0.0129836 -0.000444446
internal_weight=9660 1629 1344 8031 1318 7895 2452 1325 5443 3726 206 183 151 75 46 3520 3284 2373 403 911 207 130 60 704 77 70 1970 241 61 180
internal_count=9660 1629 1344 8031 1318 7895 2452 1325 5443 3726 206 183 151 75 46 3520 3284 2373 403 911 207 130 60 704 77 70 1970 241 61 180
is_linear=0
shrinkage=0.08


Tree=220
num_leaves=31
num_cat=0
split_feature=19 13 33 25 15 23 33 27 31 25 15 8 1 13 31 27 25 7 8 27 21 23 27 13 2 25 27 4 31 27
split_gain=0.411308 0.46972 0.574076 0.969288 0.760477 0.860119 1.5655 0.774708 0.755011 0.467292 0.438596 0.771877 0.413579 0.408084 0.64543 0.344207 0.71626 0.361881 0.390325 0.474534 0.331731 0.85784 0.709095 0.910371 0.725364 0.639484 0.795101 1.16615 0.538163 1.78063
threshold=14.548600000000002 13.818850000000003 0.20690000000000011 14.066000000000001 14.444800000000003 14.197750000000001 0.4174500000000006 13.950650000000001 14.867400000000002 14.148300000000001 14.066000000000001 0.19999328062402463 22.500000000000004 14.082400000000002 14.18125 14.043850000000001 14.593050000000002 14.120073333333336 0.18672097660748263 13.950650000000001 14.09895 14.543600000000001 14.413900000000002 14.214150000000002 5.5000000000000009 14.230700000000001 14.260600000000002 22.500000000000004 13.950650000000001 14.230700000000001
decision_type=2 2 2 2 2 2 2 2 2 2 2 2 2 2 2 2 2 2 2 2 2 2 2 2 2 2 2 2 2 2
left_child=1 -1 12 10 5 7 -7 -5 -6 -2 -4 -12 15 14 -9 16 17 -3 19 -19 21 22 23 24 -17 26 27 -26 29 -22
right_child=9 2 3 4 8 6 -8 13 -10 -11 11 -13 -14 -15 -16 20 -18 18 -20 -21 28 -23 -24 -25 25 -27 -28 -29 -30 -31
leaf_value=-0.003363627580069918 -0.002822057872845406 0.00056118008045587036 -0.0012405640669546773 0.00054868720660440639 -0.0022816982318378592 0.0032232636743237831 0.00056675573077650827 -0.0026392275764542238 0.00041246513393872045 -6.7018762719459098e-05 0.00031859903181511676 -0.0014199348271962942 0.0036568342999266259 -0.0010911470592764546 0.00049856891475198316 0.010578814259554561 0.00032743462958036081 0.00048701176575116373 -0.0016325945459637686 -0.0015766797260024755 -0.0049296873285321601 0.0009239716635307734 -0.0019657655096275827 -0.0026222351549612341 0.00016185092112344919 -0.0014517567833428433 -0.0020900897118989333 0.0046961263771614905 -0.00016639416493807656 0.0032324911144798706
leaf_weight=39 93 33 49 29 64 29 27 32 29 7725 34 50 33 21 30 31 20 41 160 27 25 31 83 86 28 49 41 25 669 27
leaf_count=39 93 33 49 29 64 29 27 32 29 7725 34 50 33 21 30 31 20 41 160 27 25 31 83 86 28 49 41 25 669 27
internal_value=-0.000389236 0.000686209 0.000874097 0.0035736 0.00640613 0.00961905 0.0177143 0.00557143 0.000602149 -0.000642622 -0.00198496 0.00152381 0.000119232 0.00163855 0.00490322 -9.30252e-05 -0.00259075 -0.00370881 -0.00484211 0.000235292 0.000547943 0.00248128 0.00132944 0.00338461 0.00671264 0.00430769 0.00817021 0.0146415 -0.000454926 0.00738461
internal_weight=9660 1842 1803 394 261 168 56 112 93 7818 133 84 1409 83 62 1376 281 261 228 68 1095 374 343 260 174 143 94 53 721 52
internal_count=9660 1842 1803 394 261 168 56 112 93 7818 133 84 1409 83 62 1376 281 261 228 68 1095 374 343 260 174 143 94 53 721 52
is_linear=0
shrinkage=0.08


Tree=221
num_leaves=31
num_cat=0
split_feature=6 5 13 8 5 15 33 8 25 21 39 21 17 7 39 21 4 4 8 19 19 27 33 6 33 15 23 6 8 33
split_gain=0.468297 0.563915 0.927493 0.425469 0.620205 0.395321 0.384306 0.883276 0.531246 0.443508 0.670229 0.37515 0.834483 0.367782 0.32899 0.321747 0.27547 2.54568 0.933739 0.756496 0.772954 1.18406 0.641513 0.776586 0.585923 0.722846 1.07106 0.848462 1.24199 1.11033
threshold=0.65826741301574809 18.712656666666671 17.911800000000003 0.5620353617937015 16.216796666666671 21.448650000000004 -0.62795000000000012 0.20208199304251817 17.911800000000003 17.079750000000004 91.222674871002326 12.978900000000001 17.752500000000001 13.848510833333334 75.322729334841071 20.578700000000001 15.500000000000002 14.500000000000002 0.73712317044747688 17.273000000000003 15.896950000000002 15.176350000000001 -0.32829999999999954 0.24252530838969932 0.036499999999999318 16.964700000000004 17.230950000000004 0.18484562425502007 0.20135109186199582 0.20690000000000011
decision_type=2 2 2 2 2 2 2 2 2 2 2 2 2 2 2 2 2 2 2 2 2 2 2 2 2 2 2 2 2 2
left_child=6 3 -3 4 -2 11 7 -1 9 10 -9 12 -5 -8 -15 -4 17 22 19 20 21 -19 23 -16 -24 26 27 28 -26 -30
right_child=1 2 15 5 -6 -7 13 8 -10 -11 -12 -13 -14 14 16 -17 -18 18 -20 -21 -22 -23 24 -25 25 -27 -28 -29 29 -31
leaf_value=0.00064950904151525168 0.020836696912259468 0.00028487296081405449 -0.0063321323897098328 -0.001449073838382785 -0.00092964130318972228 0.0072431011110254493 0.0001967360575093346 -0.00069880214929956251 0.00056722211308415211 -0.0018417110664801612 0.0015675693422241576 -0.00062826642187471891 0.001822624343644712 -0.0019245411442042704 0.00060778155555171796 0.00080093424078355878 -8.4553377881863064e-05 0.0047645515469936549 0.003925648343275091 -7.5473636695168919e-05 0.0039183384623208244 -0.00038245256187258061 -0.0007265138186331717 -0.0011646155185439594 6.3025730213278543e-05 -0.0002641160733407103 0.0070197918427056518 -2.6064442514704984e-05 0.0053797584919428277 0.00051274393222421532
leaf_weight=26 21 37 44 29 22 20 29 138 35 55 26 833 20 37 187 24 6023 37 21 37 25 21 828 83 86 288 20 546 34 28
leaf_count=26 21 37 44 29 22 20 29 138 35 55 26 833 20 37 187 24 6023 37 21 37 25 21 828 83 86 288 20 546 34 28
internal_value=-0.000538304 -0.00213334 0.00342857 -0.00275132 0.00502325 -0.00312195 -0.000343788 0.00257143 0.00113386 -0.000328769 0.0017561 -0.00337415 0.00342857 -0.000441779 -0.000473198 -0.00211765 -0.000439499 0.000317713 0.0107234 0.008 0.012241 0.00717241 -0.000380954 0.00325926 -0.000918035 0.000383232 0.0017479 0.0012219 0.00659459 0.0152258
internal_weight=9660 1050 105 945 43 902 8610 280 254 219 164 882 49 8330 8301 68 8264 2241 141 120 83 58 2100 270 1830 1002 714 694 148 62
internal_count=9660 1050 105 945 43 902 8610 280 254 219 164 882 49 8330 8301 68 8264 2241 141 120 83 58 2100 270 1830 1002 714 694 148 62
is_linear=0
shrinkage=0.08


Tree=222
num_leaves=31
num_cat=0
split_feature=8 33 5 13 8 8 8 33 27 2 6 6 31 1 33 13 39 19 8 33 21 5 21 23 33 33 4 21 7 8
split_gain=0.431047 0.600664 0.5609 1.03846 0.450353 0.644416 0.742638 0.646338 0.425809 0.402733 0.572028 0.710573 0.593407 0.492075 0.869565 0.55925 0.669713 0.38265 0.372277 0.5625 0.520833 0.370816 0.484227 0.822145 0.400605 0.793981 0.460365 0.347418 0.378711 0.515354
threshold=0.34064491142499004 -0.59589999999999932 19.160346666666666 18.356750000000002 0.20208199304251817 0.22759188518485343 0.25965866832446266 -0.67725000000000068 16.964700000000004 2.5000000000000004 0.17124906038571752 0.16446345362481243 15.490150000000002 1.5000000000000002 0.27075000000000055 15.550500000000001 88.04431708513151 13.818850000000003 0.33255441448800133 0.17240000000000058 14.917400000000002 14.116770000000004 15.213850000000003 15.662100000000001 0.26439999999999936 0.39524999999999993 38.500000000000007 17.403550000000006 17.198359166666673 1.0106477066210111
decision_type=2 2 2 2 2 2 2 2 2 2 2 2 2 2 2 2 2 2 2 2 2 2 2 2 2 2 2 2 2 2
left_child=1 4 9 -4 -1 -6 7 8 -7 13 11 12 -11 14 15 -2 -17 -3 -19 20 -20 -12 23 24 26 -26 -23 28 -15 -30
right_child=2 17 3 -5 5 6 -8 -9 -10 10 21 -13 -14 27 -16 16 -18 18 19 -21 -22 22 -24 -25 25 -27 -28 -29 29 -31
leaf_value=0.00039700338071888371 -0.0069897130865399218 7.1225457510977315e-05 0.00050805299910770092 -0.0063006485645034837 -0.0010803499015485105 0.018451653375130796 -0.0016673344736189955 0.0013728083415732431 -0.00084273964615157214 0.00097961509314606907 -0.0032374545330322237 0.0029720650266073906 -0.0013767279293031038 -0.00049391729888352456 0.00059192621317413297 0.0015974005716646149 -0.00076566414217559204 -4.9255382223239389e-05 -0.0030036638398244818 0.0024260933531263158 0.00024559805859313677 -0.00062157806709459791 -0.00026489198744358741 0.00031915946103547776 0.0012731811944717995 -0.0021310400872918025 0.00012914593373493515 -0.006199812975430494 0.002141631650479584 -0.00085061112457705248
leaf_weight=31 41 22 39 39 92 23 37 37 35 28 47 21 24 1025 23 26 25 6359 24 24 24 96 1203 32 21 27 50 112 23 50
leaf_count=31 41 22 39 39 92 23 37 37 35 28 47 21 24 1025 23 26 25 6359 24 24 24 96 1203 32 21 27 50 112 23 50
internal_value=-0.000554867 -0.00020036 -0.00136044 0.00533333 0.00360784 0.00235714 0.00593939 0.00968421 0.00441379 -0.0015421 -0.000666238 0.00624657 0.00123077 -0.00256604 0.00243478 -0.00104348 0.00454902 -0.000350846 -0.000386878 0.00533333 0.000333331 -0.00100813 -0.000778168 0.00261947 0.000659792 0.007 -0.00142466 -0.00304132 -0.00260838 0.0029589
internal_weight=9660 6708 2952 78 255 224 132 95 58 2874 1549 73 52 1325 115 92 51 6453 6431 72 48 1476 1429 226 194 48 146 1210 1098 73
internal_count=9660 6708 2952 78 255 224 132 95 58 2874 1549 73 52 1325 115 92 51 6453 6431 72 48 1476 1429 226 194 48 146 1210 1098 73
is_linear=0
shrinkage=0.08


Tree=223
num_leaves=31
num_cat=0
split_feature=6 5 13 31 31 8 21 29 39 6 15 39 39 17 27 6 5 23 19 25 29 21 23 23 17 4 8 21 25 31
split_gain=0.428829 0.62697 1.03846 0.506782 0.95391 0.700256 0.63046 1.27348 0.49 0.451295 0.534702 0.511256 0.486156 0.627305 0.851264 0.417688 0.479754 0.88205 0.397163 0.603191 0.680332 0.480946 0.469842 0.842443 0.341083 0.49 0.321294 0.290031 0.33269 0.407882
threshold=0.28780375698079025 19.160346666666666 18.356750000000002 16.700900000000004 16.489300000000004 0.60351550076944338 17.172400000000007 17.752500000000001 90.815116417536089 0.81197606220729701 14.000100000000002 90.282761879919747 88.758020180761179 15.816150000000002 15.851650000000001 2.5606975924117372 16.301343333333339 17.228650000000005 16.191350000000003 16.108650000000004 15.294250000000002 15.176350000000001 14.593050000000002 14.312950000000003 18.681650000000001 34.500000000000007 2.7065355653279477 13.917650000000002 14.09895 14.016500000000002
decision_type=2 2 2 2 2 2 2 2 2 2 2 2 2 2 2 2 2 2 2 2 2 2 2 2 2 2 2 2 2 2
left_child=26 3 -3 4 6 -6 7 9 -7 10 -2 18 13 -11 -15 24 -17 -18 19 20 21 22 23 -12 -5 -26 27 28 -1 -30
right_child=1 2 -4 15 5 8 -8 -9 -10 12 11 -13 -14 14 -16 16 17 -19 -20 -21 -22 -23 -24 -25 25 -27 -28 -29 29 -31
leaf_value=-0.0021700583429506435 0.00031594135878912897 0.00046740875917897657 -0.0057965966793431046 -0.0016241456394796181 0.0029406259950316023 -0.0012143942346231837 -0.0042432205736001221 0.00065127150574285616 0.0015588855508119209 -0.00018717254320015111 -0.00057833451374903551 0.00048941732574534999 -0.0027631503968177326 0.00022057266562119305 -0.0020688690590547273 -0.0012572466033906359 0.00054276335550181606 -0.0021998474217330057 -0.00056203698595650971 0.0024498989808437411 -0.00079712813487994546 0.00053555434237707563 -0.0032611561575082242 0.00071773412344141013 -0.00054199085545003688 0.00011582183904279397 0.00015358311069404461 -3.7417152040663497e-05 -0.0024153597664514402 0.0014171781423561334
leaf_weight=67 24 39 39 690 23 25 83 31 20 126 44 26 108 21 29 67 25 22 47 30 101 35 49 23 25 20 37 7726 23 35
leaf_count=67 24 39 39 690 23 25 83 31 20 126 44 26 108 21 29 67 25 22 47 30 101 35 49 23 25 20 37 7726 23 35
internal_value=-0.000554867 -0.00167946 0.00533333 -0.00200236 -0.000615387 0.00847059 -0.00141056 -0.00062248 0.00266666 -0.0013635 0.00044327 -0.00033803 -0.00377465 -0.00118182 0.0064 -0.00338281 0.00112281 0.00731915 -0.00119149 -5.67395e-05 -0.00133334 0.00206622 -0.000413795 0.0039403 -0.00408163 0.00266666 -0.000302233 -0.000337284 -0.00416 0.00027586
internal_weight=9660 1772 78 1694 845 68 777 694 45 663 379 355 284 176 50 849 114 47 329 282 252 151 116 67 735 45 7888 7851 125 58
internal_count=9660 1772 78 1694 845 68 777 694 45 663 379 355 284 176 50 849 114 47 329 282 252 151 116 67 735 45 7888 7851 125 58
is_linear=0
shrinkage=0.08


Tree=224
num_leaves=31
num_cat=0
split_feature=1 1 7 4 4 2 6 6 13 13 23 21 27 4 33 15 29 15 27 7 31 19 39 33 19 21 5 4 8 6
split_gain=0.354637 0.543952 0.812376 0.7862 0.659581 0.558036 0.59697 1.68873 0.526535 1.08114 0.896412 0.475968 0.711442 0.60518 0.595721 0.533211 0.896298 0.601242 0.455632 0.448712 1.55299 0.689954 0.600583 0.48587 0.428222 0.906226 0.407101 0.393688 0.39158 0.597267
threshold=4.5000000000000009 2.5000000000000004 15.423185000000002 19.500000000000004 53.500000000000007 2.5000000000000004 0.21186027971735374 0.20496707447508877 14.214150000000002 15.019750000000002 15.883650000000001 16.191350000000003 16.413050000000002 52.500000000000007 0.63905000000000023 16.566100000000002 16.121200000000005 16.365600000000004 16.305350000000004 18.110825000000002 18.243650000000006 18.120150000000006 97.638118011755765 1.0753499999999996 13.818850000000003 14.593050000000002 14.20667880952381 1.0000000180025095e-35 0.21930292046942645 0.19220317920232663
decision_type=2 2 2 2 2 2 2 2 2 2 2 2 2 2 2 2 2 2 2 2 2 2 2 2 2 2 2 2 2 2
left_child=1 2 3 8 28 -3 7 -7 -1 -10 -11 -4 15 14 -14 16 -13 18 -18 23 22 -22 -21 24 25 -2 -6 -26 -5 -30
right_child=19 5 11 4 26 6 -8 -9 9 10 -12 12 13 -15 -16 -17 17 -19 -20 20 21 -23 -24 -25 27 -27 -28 -29 29 -31
leaf_value=-0.00011772564048172162 -0.00011768900103924416 -0.0014099774644573185 -0.0027874695935477833 -0.0019339021508929398 0.0060338949256638274 -0.00019750761930136538 -0.00090214630077785211 0.0045206967311545226 0.010670810489220533 -0.0010966128207909852 0.00035744484750406714 0.0052203791186032876 -0.0021128604229576952 0.03372991872240988 0.028513932064637461 -0.0050773774679120478 -0.00087550947364586386 0.0010672850263940298 0.0037511511632005389 0.00015770319752960317 0.00014054247011394385 0.00060463665548258073 -0.0013730990737537351 -0.0038850524549661702 -0.0049813790682253787 0.0012251388088128784 0.0094976666145353168 -2.5501778937737935e-05 0.0014734640350353013 -0.00018441572862963374
leaf_weight=41 39 360 331 97 23 146 306 28 31 42 26 22 256 29 33 41 71 20 21 39 21 20 56 120 123 29 25 7123 29 112
leaf_count=41 39 360 331 97 23 146 306 28 31 42 26 22 256 29 33 41 71 20 21 39 21 20 56 120 123 29 25 7123 29 112
internal_value=-0.000455488 -0.00137799 -0.000320002 0.00251643 0.000111886 -0.00295238 -0.00116667 0.00257471 0.00742857 0.0105859 0.00494117 -0.00178641 -0.000210955 -0.00246541 -0.00357094 0.00388571 0.00632836 0.00342857 0.00069565 -0.000200795 0.00435294 0.0173659 -0.00126316 -0.000284102 -0.00020126 0.00611765 0.00866666 -0.000260559 -0.00161345 0.00107801
internal_weight=9660 2090 1250 426 286 840 480 174 140 99 68 824 493 318 289 175 134 112 92 7570 136 41 95 7434 7314 68 48 7246 238 141
internal_count=9660 2090 1250 426 286 840 480 174 140 99 68 824 493 318 289 175 134 112 92 7570 136 41 95 7434 7314 68 48 7246 238 141
is_linear=0
shrinkage=0.08


Tree=225
num_leaves=31
num_cat=0
split_feature=31 19 17 21 1 31 21 29 2 39 5 33 8 19 27 39 4 15 33 8 8 7 33 33 29 33 6 15 39 23
split_gain=0.440173 0.392366 0.584774 0.874744 0.352167 0.538216 0.73385 0.460384 0.598809 0.407203 0.739653 0.536483 0.609494 0.676587 1.0163 1.49589 0.554828 0.494096 0.720261 0.41951 0.69789 0.691347 0.674737 0.548331 0.570989 0.471824 0.550041 0.71292 0.410403 0.548974
threshold=14.016500000000002 14.115350000000001 14.395400000000002 14.09895 4.5000000000000009 14.082400000000002 14.082400000000002 19.533250000000006 3.5000000000000004 82.137574322253542 15.078396666666668 -0.3162000000000002 1.5476236408825896 16.191350000000003 15.426750000000002 87.399401373575856 15.500000000000002 15.036200000000003 0.34480000000000027 0.24955724639976332 0.60351550076944338 16.245385000000002 0.71485000000000032 -0.11379999999999944 16.535050000000002 0.37615000000000004 0.20496707447508877 16.269450000000003 98.532625891611616 17.993150000000004
decision_type=2 2 2 2 2 2 2 2 2 2 2 2 2 2 2 2 2 2 2 2 2 2 2 2 2 2 2 2 2 2
left_child=1 2 -1 -4 5 6 -2 -6 -9 -7 -11 12 13 14 -12 -16 -15 18 -13 -19 22 23 28 -22 25 26 -25 -28 29 -21
right_child=4 -3 3 -5 7 9 -8 8 -10 10 11 17 -14 16 15 -17 -18 19 -20 20 21 -23 -24 24 -26 -27 27 -29 -30 -31
leaf_value=-0.00065163556371689274 0.0032102938054325183 -0.00065363289847681402 -0.00015901236960794767 0.0011991702341177951 -2.2936210851619976e-05 -0.00078643365486194897 -0.0006099384146267473 7.101149390721946e-06 0.00085554349927490772 0.0018000207148861863 -0.00391110513483781 0.0031975819057892376 0.0026325061316049177 0.00061462677145055335 0.026104170058408264 -0.0098149796023145539 -0.0047134833084085774 -0.0034278830459791567 -0.00062250038910911722 4.7221527432822752e-05 -0.0075466485078488979 -0.0021402016947781343 0.029771204320896822 -0.0056844780196564741 0.0027774694289089503 -0.00056661943204855012 0.0023373844618186845 -0.00072615989684952833 -0.0041543346495583654 0.051542834429898432
leaf_weight=181 32 215 27 20 7200 542 39 39 27 34 21 29 31 41 29 25 114 253 24 189 36 297 25 28 31 31 24 23 31 22
leaf_count=181 32 215 27 20 7200 542 39 39 27 34 21 29 31 41 29 25 114 253 24 189 36 297 25 28 31 31 24 23 31 22
internal_value=-0.000480333 -0.00294357 -0.000631581 0.00731915 -0.000361942 -0.00131625 0.00552112 -0.0001057 0.00654545 -0.00157447 -0.000825114 -0.00112884 0.00211494 0.00069565 0.00693333 0.0127407 -0.00232258 -0.00194056 0.0055849 -0.00234344 -0.00137856 -0.00323404 0.00188764 0.000786125 0.00309489 0.000301885 0.00373333 0.00902127 0.000595039 0.00185782
internal_weight=9660 443 228 47 9217 1951 71 7266 66 1880 1338 1304 261 230 75 54 155 1043 53 990 737 470 267 173 137 106 75 47 242 211
internal_count=9660 443 228 47 9217 1951 71 7266 66 1880 1338 1304 261 230 75 54 155 1043 53 990 737 470 267 173 137 106 75 47 242 211
is_linear=0
shrinkage=0.08


Tree=226
num_leaves=31
num_cat=0
split_feature=1 6 6 33 13 5 8 4 39 13 21 8 4 8 8 4 17 17 2 1 33 33 17 8 29 4 25 4 4 29
split_gain=0.609147 0.429379 0.566563 0.870752 0.646368 0.425165 0.67402 1.11364 0.445839 0.378548 0.914762 0.569283 0.368513 1.18447 0.456867 0.381017 0.38554 0.971055 0.393161 0.533777 0.443708 1.0232 0.419787 0.402098 0.442456 0.380639 0.359129 0.343625 0.434211 0.391204
threshold=4.5000000000000009 0.7185068884176794 0.42851600854263022 0.30100000000000021 17.172400000000007 18.712656666666671 1.8203419758873591 41.500000000000007 100.69222348726362 14.016500000000002 14.344400000000002 1.0106477066210111 55.500000000000007 0.26289886892946618 0.21313464303263008 49.500000000000007 18.120150000000006 18.042600000000004 2.5000000000000004 3.5000000000000004 -0.32829999999999954 -0.16884999999999992 14.046700000000003 1.4421042757918003 16.413050000000002 32.500000000000007 13.917650000000002 16.500000000000004 7.5000000000000009 15.896950000000002
decision_type=2 2 2 2 2 2 2 2 2 2 2 2 2 2 2 2 2 2 2 2 2 2 2 2 2 2 2 2 2 2
left_child=1 2 9 4 -4 8 7 -7 26 10 11 -1 15 14 -14 16 17 18 22 -20 -21 -22 -11 -24 -25 -23 -2 28 -3 -30
right_child=5 27 3 -5 -6 6 -8 -9 -10 12 -12 -13 13 -15 -16 -17 -18 -19 19 20 21 25 23 24 -26 -27 -28 -29 29 -31
leaf_value=-0.001164858334339675 -0.0010366746510318073 -0.0010896687198713232 -0.00068413541460093778 0.0092762980735023922 0.00086429561868540895 -0.0014285485457433149 -0.00014743509000144067 0.00071686612503707198 -0.001361414345326121 0.00015924703316250942 0.0010991052058919252 0.00028054237757286972 0.0054981214723576755 -0.0036668758218929322 0.074492850179733269 -0.002884602105583669 -0.002116212564094117 0.00050877596052683748 -0.00030195630633159928 -0.0032327564501758899 0.0036695592829428278 -0.00022090991788729149 -0.00093588078673610274 -0.00048977497215791906 0.0019370749156820718 0.0031094563827972987 -9.4074687346921788e-06 -0.0044734369768112429 -0.0011056374406592906 0.00023938462328573515
leaf_weight=70 144 57 52 30 20 22 24 22 129 37 27 22 41 55 29 178 61 20 472 26 21 56 437 80 21 20 7229 183 27 48
leaf_count=70 144 57 52 30 20 22 24 22 129 37 27 22 41 55 29 178 61 20 472 26 21 56 437 80 21 20 7229 183 27 48
internal_value=-0.000513459 -0.00172249 -0.00123944 0.00454902 -0.000222224 -0.000179658 0.00611765 0.012 -0.000236739 -0.00159235 0.0027563 -0.00104348 -0.00192536 0.00224 0.00914286 -0.00228971 -0.00179696 -0.00147899 -0.00177778 -0.000336136 0.00435772 0.00684536 -0.00326957 -0.00383643 0.000712869 0.00252631 -0.000155163 -0.00444445 -0.00133334 0.00266666
internal_weight=9660 2090 1775 102 72 7570 68 44 7502 1673 119 92 1554 125 70 1429 1251 1190 1170 595 123 97 575 538 101 76 7373 315 132 75
internal_count=9660 2090 1775 102 72 7570 68 44 7502 1673 119 92 1554 125 70 1429 1251 1190 1170 595 123 97 575 538 101 76 7373 315 132 75
is_linear=0
shrinkage=0.08


Tree=227
num_leaves=31
num_cat=0
split_feature=1 5 23 33 39 6 13 5 8 21 27 7 17 19 7 1 5 33 19 1 33 4 4 33 25 15 25 4 5 1
split_gain=0.692089 0.588745 0.758184 1.96 0.412055 0.342127 0.508689 0.403184 0.562542 0.483076 1.04769 0.371206 1.13549 0.331294 0.356442 0.430081 0.607729 0.620429 0.422344 0.410453 1.6611 1.13166 0.791866 0.938453 0.441644 0.604839 0.355979 0.346401 0.716675 0.972222
threshold=4.5000000000000009 18.712656666666671 21.448650000000004 -0.12605000000000108 101.58591570643874 0.7185068884176794 18.517300000000002 18.112516666666671 0.2571968413527238 17.791300000000003 17.576750000000004 14.120073333333336 14.131850000000002 13.950650000000001 16.175352500000006 2.5000000000000004 15.34720666666667 0.17750000000000024 14.016500000000002 1.5000000000000002 -0.1033999999999997 38.500000000000007 14.500000000000002 -0.44270000000000026 14.260600000000002 14.514900000000003 15.320300000000001 26.500000000000004 16.345600000000005 3.5000000000000004
decision_type=2 2 2 2 2 2 2 2 2 2 2 2 2 2 2 2 2 2 2 2 2 2 2 2 2 2 2 2 2 2
left_child=5 4 3 -3 -2 6 7 9 -9 10 11 12 -1 -13 15 19 18 26 -17 22 -21 -22 -15 -24 -25 -26 -18 28 -16 -30
right_child=1 2 -4 -5 -6 -7 -8 8 -10 -11 -12 13 -14 14 27 16 17 -19 -20 20 21 -23 23 24 25 -27 -28 -29 29 -31
leaf_value=-0.00027724461819866398 -1.7804933732375877e-05 -0.0034552555327561213 -0.0014933068963426425 0.00076278265260534589 -0.0055744389004129128 -0.0013859373504103889 0.00087126350704089478 0.068419678531946429 -0.00028441296054376622 -0.002128401966323822 0.00033499154021781995 -0.0028510257175030813 0.0013679301901974689 -0.0073219004274869114 -0.0052647720266619895 0.0014361730568960738 0.00079212785708860343 0.0022980380891292097 -0.00082006642341440081 -0.0029683382826211713 0.02300224180115909 8.642789975056426e-05 0.0034042720485115518 -0.00081770951476708965 0.0014057928192256566 0.00015196040848387569 -0.00146516791582109 -0.0064353496103878331 -0.00025558766390596589 0.038663223779897719
leaf_weight=43 7408 25 23 20 94 315 21 20 26 155 24 53 30 68 112 22 21 38 312 35 22 36 32 80 21 196 54 264 70 20
leaf_count=43 7408 25 23 20 94 315 21 20 26 155 24 53 30 68 112 22 21 38 312 35 22 36 32 80 21 196 54 264 70 20
internal_value=-0.000472052 -0.00011625 0.00729412 0.0133333 -0.00018342 -0.00176077 -0.00132958 -0.00147777 0.00591304 -0.00167682 -0.00125177 -0.0015121 0.00405479 -0.00179121 -0.00155667 -0.000657419 -0.0024519 0.00261947 -0.00416767 0.00097959 0.00576344 0.014069 -0.00014106 0.00148328 8.08062e-05 0.00195392 -0.0016 -0.00336481 -0.000871289 0.00444444
internal_weight=9660 7570 68 45 7502 2090 1775 1754 46 1708 1553 1529 73 1456 1403 937 447 113 334 490 93 58 397 329 297 217 75 466 202 90
internal_count=9660 7570 68 45 7502 2090 1775 1754 46 1708 1553 1529 73 1456 1403 937 447 113 334 490 93 58 397 329 297 217 75 466 202 90
is_linear=0
shrinkage=0.08


Tree=228
num_leaves=31
num_cat=0
split_feature=1 5 4 17 39 31 19 8 8 5 6 5 5 5 5 19 25 5 23 21 19 31 23 23 29 4 39 29 27 8
split_gain=0.743 0.381733 0.781288 0.359791 0.941832 0.380687 0.315783 0.276476 0.588238 0.438697 0.432143 0.428754 0.823703 0.558008 1.18568 0.452855 0.472193 0.931738 0.644562 0.466667 0.457966 0.440786 0.572303 0.827565 1.45056 1.26401 0.628513 0.565336 0.394338 0.564798
threshold=4.5000000000000009 19.160346666666666 41.500000000000007 18.642900000000001 100.1098417612298 18.449000000000002 18.556400000000004 0.34064491142499004 0.49197340289098257 18.133976666666673 0.27272974107015518 16.819813333333336 16.950363333333339 18.093710000000005 18.069570000000002 15.780700000000001 16.191350000000003 16.320016666666671 16.365600000000004 16.9785 15.662100000000001 18.410200000000007 16.892300000000002 17.325350000000004 16.824400000000001 23.500000000000004 91.222674871002326 17.488600000000002 17.005200000000006 1.1357085163796257
decision_type=2 2 2 2 2 2 2 2 2 2 2 2 2 2 2 2 2 2 2 2 2 2 2 2 2 2 2 2 2 2
left_child=3 7 -3 5 -5 6 -1 9 -9 -2 -11 15 -13 14 21 20 -17 18 -18 -20 -10 22 -14 24 25 -24 -26 28 29 -28
right_child=1 2 -4 4 -6 -7 -8 8 11 10 -12 12 13 -15 -16 16 17 -19 19 -21 -22 -23 23 -25 26 -27 27 -29 -30 -31
leaf_value=-0.00027301933676177005 8.0558463720883795e-06 -0.00026921912139033118 0.0004852841422971535 0.000328251344222162 -0.0048549348273870018 -0.0036361875192844452 0.006318118627348465 -0.0015831192398705716 -8.9566173717628704e-05 -1.1116194605758428e-05 0.00016808399413927128 0.00067731983656989811 -0.0014062209598959779 -0.0010938563515916332 0.00041539840584130672 -0.0024929382706233407 0.0067084646386009342 -0.0015994005060688589 -0.0057736966488003217 0.0027274546819719128 0.00015376527501238083 0.001078633874146989 0.0027607371642088419 -0.00075060564661904477 0.0016039301566825026 0.011521181631275287 0.0010090571174362422 0.00033232188965250954 -0.0012618842432145486 -0.0035230905495303071
leaf_weight=1940 5631 29 26 22 36 65 27 241 508 21 24 34 150 78 24 141 39 120 28 20 33 38 30 148 22 23 31 20 81 30
leaf_count=1940 5631 29 26 22 36 65 27 241 508 21 24 34 150 78 24 141 39 120 28 20 33 38 30 148 22 23 31 20 81 30
internal_value=-0.00046377 -9.51142e-05 0.00654545 -0.00179904 0.00441379 -0.00197638 -0.00177733 -0.000143714 -0.000996195 0.000132486 0.008 -0.000440553 0.0010268 0.000414813 0.00124623 -0.0016108 -0.00386207 -0.00142995 0.00487356 -0.00133334 -0.000162664 0.000516577 -7.47683e-05 0.00155844 0.00448945 0.0161509 0.00113043 -0.000592594 -0.0023662 0.0024918
internal_weight=9660 7570 55 2090 58 2032 1967 7515 1839 5676 45 1598 709 675 597 889 348 207 87 48 541 573 535 385 237 53 184 162 142 61
internal_count=9660 7570 55 2090 58 2032 1967 7515 1839 5676 45 1598 709 675 597 889 348 207 87 48 541 573 535 385 237 53 184 162 142 61
is_linear=0
shrinkage=0.08


Tree=229
num_leaves=31
num_cat=0
split_feature=1 31 27 5 23 33 33 33 33 33 15 25 31 17 29 4 4 8 4 19 17 23 4 33 7 39 5 25 23 6
split_gain=0.648328 0.468105 0.857901 0.423739 0.61472 1.52111 0.471521 0.338484 0.654563 0.616338 0.493109 0.449923 0.94109 0.911566 0.667129 0.57902 0.590278 0.557062 0.733597 0.596273 0.467874 0.965748 0.401912 0.384587 0.923145 1.04329 0.611436 0.510288 1.16854 0.445323
threshold=4.5000000000000009 18.120150000000006 18.517300000000002 18.712656666666671 21.448650000000004 -0.12605000000000108 1.0753499999999996 0.17750000000000024 0.032849999999999831 0.6037499999999999 18.478250000000003 14.066000000000001 14.411800000000001 14.131850000000002 15.045750000000002 8.5000000000000018 52.500000000000007 0.24875086881612732 40.500000000000007 16.322600000000005 16.226550000000003 16.001000000000001 25.500000000000004 -0.2012499999999999 15.71881416666667 83.114735817755658 14.129996666666669 15.763450000000002 16.191350000000003 0.23876717499570263
decision_type=2 2 2 2 2 2 2 2 2 2 2 2 2 2 2 2 2 2 2 2 2 2 2 2 2 2 2 2 2 2
left_child=1 2 7 6 5 -5 -2 8 10 11 23 -9 13 -13 -14 -16 17 22 20 -20 21 -19 -17 27 25 26 -25 -1 29 -29
right_child=3 -3 -4 4 -6 -7 -8 9 -10 -11 -12 12 14 -15 15 16 -18 18 19 -21 -22 -23 -24 24 -26 -27 -28 28 -30 -31
leaf_value=-0.0022883571892750622 -1.9378688181466941e-05 -0.0027473525921595972 0.013196597953867614 -0.0031935136825429777 -0.0013523048149240938 0.00066293730901329493 -0.0043570718856533385 -0.0015538720554118435 -0.0017889739032723806 -0.0017343392002900058 0.0049338498921898356 0.00036415790489697619 -0.00045455568317481629 0.005160320499714495 -0.0022875595437752312 0.00094988202914478574 -0.016943051892490447 9.0612487634778903e-05 0.0030560215559193881 0.002966355687177606 -0.00023747781157722547 0.00065205294839927109 -0.0010793952018771549 0.0017879721078323044 -0.0020207064087758935 0.0015654371226242192 -8.2038442963525089e-05 0.0080834517411416916 -0.0012502177725775988 0.0005460620944106961
leaf_weight=296 7385 157 27 25 23 20 117 58 318 115 28 36 49 26 45 20 36 36 25 21 42 21 39 39 220 32 164 24 194 22
leaf_count=296 7385 157 27 25 23 20 117 58 318 115 28 36 49 26 45 20 36 36 25 21 42 21 39 39 220 32 164 24 194 22
internal_value=-0.000513459 -0.00176077 -0.00141956 -0.00016909 0.00611765 0.0115556 -0.000226075 -0.00162015 -0.00231563 1.40578e-05 -0.00132679 0.00133921 0.00230303 0.0113548 0.000622753 0.00210526 0.00366666 0.00533333 0.008 0.0163478 0.00412121 0.0088421 -0.00122034 -0.00162261 8.79102e-05 0.00357447 0.00145813 -0.00307463 -0.000333335 0.0111304
internal_weight=9660 2090 1933 7570 68 45 7502 1906 1337 569 1019 454 396 62 334 285 240 204 145 46 99 57 59 991 455 235 203 536 240 46
internal_count=9660 2090 1933 7570 68 45 7502 1906 1337 569 1019 454 396 62 334 285 240 204 145 46 99 57 59 991 455 235 203 536 240 46
is_linear=0
shrinkage=0.08


Tree=230
num_leaves=31
num_cat=0
split_feature=1 7 31 31 7 31 25 31 5 15 27 27 8 5 6 8 4 5 5 19 29 7 19 4 19 17 33 6 8 27
split_gain=0.553197 0.413952 2.04417 0.39204 0.46915 1.11789 1.10592 0.398311 0.624993 0.416512 0.403575 0.457145 0.379493 0.438697 0.432143 0.430193 0.377217 0.375539 1.04602 0.39629 0.817818 0.371528 0.52995 0.416354 0.545813 0.472463 0.471206 1.37082 0.509961 0.650844
threshold=4.5000000000000009 18.354005833333336 18.197700000000005 18.120150000000006 18.100093333333337 17.887500000000003 17.993150000000004 17.752500000000001 17.28925666666667 17.887500000000003 16.750600000000002 16.681500000000003 0.34064491142499004 18.133976666666673 0.27272974107015518 0.71704800698465154 1.0000000180025095e-35 17.006683333333338 17.019330000000007 17.005200000000006 17.008900000000004 14.487435000000001 13.950650000000001 9.5000000000000018 14.548600000000002 18.605250000000002 0.43799999999999978 0.25539810706865779 1.2965424702835662 15.593050000000002
decision_type=2 2 2 2 2 2 2 2 2 2 2 2 2 2 2 2 2 2 2 2 2 2 2 2 2 2 2 2 2 2
left_child=3 12 -3 4 7 -6 -7 8 10 -10 11 -1 13 16 -15 17 -2 -14 -19 20 -20 -17 -23 24 -24 26 28 -28 29 -25
right_child=1 2 -4 -5 5 6 -8 -9 9 -11 -12 -13 15 14 -16 21 -18 18 19 -21 -22 22 23 25 -26 -27 27 -29 -30 -31
leaf_value=-0.00019735331476446205 -0.0045973088007301207 -0.00021590745649391566 0.00039377823174119959 -0.0025275643847868529 -0.0079362111527093455 -0.00010940270022653646 0.07620964522622696 -0.0032387590611049474 0.0018771685373370406 -1.4921926266759887e-05 -0.002698164423217676 0.056395327278371918 -0.0015963355370107416 -8.676603982589531e-06 0.00015618756966271057 -0.0073413946253505693 1.5748826892394758e-05 0.0053487716919680883 -0.0002668034494553156 -0.0022939064305327688 0.0010943884004001503 0.00016647359362200709 0.00041407032277406539 -0.0022577443130857851 -0.0022769949967736134 -0.0045257446174545935 0.004730290030667765 -3.6930726277899317e-06 -5.0019617734335421e-05 0.0006357079648534298
leaf_weight=1595 100 36 25 157 25 20 21 101 30 37 82 22 340 21 24 75 5531 24 39 115 20 50 20 34 132 76 32 103 655 118
leaf_count=1595 100 36 25 157 25 20 21 101 30 37 82 22 340 21 24 75 5531 24 39 115 20 50 20 34 132 76 32 103 655 118
internal_value=-0.000455488 -0.000137386 0.00642623 -0.00160766 -0.0012954 0.00533333 0.0134634 -0.00152973 -0.00125029 0.00632836 -0.00154915 -0.00127149 -0.000190706 0.000132486 0.008 -0.00119149 6.96127e-05 -0.00309294 -0.000323234 -0.00248276 0.00284746 -0.000401546 -6.55757e-05 -0.000410258 -0.00431579 0.000172886 0.000662418 0.00503704 -6.93947e-05 0.00410526
internal_weight=9660 7570 61 2090 1933 66 41 1867 1766 67 1699 1617 7509 5676 45 1833 5631 538 198 174 59 1295 1220 1170 152 1018 942 135 807 152
internal_count=9660 7570 61 2090 1933 66 41 1867 1766 67 1699 1617 7509 5676 45 1833 5631 538 198 174 59 1295 1220 1170 152 1018 942 135 807 152
is_linear=0
shrinkage=0.08


Tree=231
num_leaves=31
num_cat=0
split_feature=17 8 8 27 27 29 2 5 5 15 17 21 7 39 17 25 29 33 29 27 27 6 4 27 17 15 17 39 17 33
split_gain=0.581661 0.577944 0.391921 0.567232 1.1102 0.441474 1.18519 0.4963 0.669298 0.534103 0.784722 0.561336 1.42328 0.514959 1.20832 0.552023 1.35873 0.47134 0.816667 0.418475 0.414602 1.16959 0.475676 1 0.41495 0.376299 0.433754 0.365823 0.573697 0.391438
threshold=21.934550000000005 0.34064491142499004 1.4421042757918003 14.214150000000002 14.115350000000001 19.662150000000004 3.5000000000000004 18.093710000000005 18.050790000000003 17.149950000000004 17.752500000000001 15.763450000000002 15.562901666666667 94.515768925961012 16.892300000000002 16.824400000000001 17.094800000000003 -0.27589999999999909 16.900950000000005 13.917650000000002 16.247550000000004 0.2134483879491422 32.500000000000007 16.566100000000002 16.191350000000003 15.444000000000001 14.18125 77.545404689802055 14.395400000000002 -0.10349999999999947
decision_type=2 2 2 2 2 2 2 2 2 2 2 2 2 2 2 2 2 2 2 2 2 2 2 2 2 2 2 2 2 2
left_child=1 -1 3 4 19 7 -7 8 9 10 11 25 -13 15 -15 16 20 18 -11 -3 21 -14 -22 -24 -23 26 -4 28 -28 -29
right_child=-2 2 5 -5 -6 6 -8 -9 -10 17 -12 12 13 14 -16 -17 -18 -19 -20 -21 22 24 23 -25 -26 -27 27 29 -30 -31
leaf_value=-1.9202354936393112e-05 0.00080831879019594474 9.4335822543332461e-05 -0.0005922779795970132 -0.00059711633001464427 0.0005136199116913666 -0.00088351962295018409 0.00083657059832918245 -0.00054069851441531454 4.1886036279879083e-05 -0.0007453188238538749 0.00070217066037616175 0.00031450218618390611 0.0052460680678011462 0.019981536438952389 -0.0020931736700427685 -0.0011128377779416805 0.0031776760099311318 -0.0022374126508849911 0.00044957403705588847 -0.00066831316446961883 -0.0026447469030228782 -0.00061956643477080486 -0.00132814547548024 0.00038207489264463441 0.00032015786856553721 -0.0012521010694154368 0.0039406219965328121 0.00046417667012718476 -0.00085381147684182449 -8.3519688096534136e-05
leaf_weight=6708 30 27 77 1677 40 27 27 55 28 30 20 30 24 25 31 125 27 121 30 75 66 34 25 20 23 86 23 42 24 83
leaf_count=6708 30 27 77 1677 40 27 27 55 28 30 20 30 24 25 31 125 27 121 30 75 66 34 25 20 23 86 23 42 24 83
internal_value=-0.000455488 -0.000490137 -0.00142916 -0.00215063 0.00270422 -0.000239349 0.00681481 -0.00060248 -0.000193161 -0.000546586 0.000356686 -5.22895e-05 0.00186046 0.000599998 0.00771428 -0.000558141 0.00186301 -0.00446409 0.00133333 -0.00172549 -0.000500002 0.00385185 -0.00367568 0.00266666 -0.00238597 -0.00250746 -0.000931729 0.00130232 0.00731915 -0.000960002
internal_weight=9660 9630 2922 1819 142 1103 54 1049 994 966 785 765 430 400 56 344 219 181 60 102 192 81 111 45 57 335 249 172 47 125
internal_count=9660 9630 2922 1819 142 1103 54 1049 994 966 785 765 430 400 56 344 219 181 60 102 192 81 111 45 57 335 249 172 47 125
is_linear=0
shrinkage=0.08


Tree=232
num_leaves=31
num_cat=0
split_feature=17 1 17 21 33 29 6 6 8 6 7 21 17 7 31 6 8 21 27 25 7 8 8 29 4 33 6 25 17 31
split_gain=0.570455 0.501795 0.513387 0.583945 0.520585 0.491977 0.486381 0.671626 0.778615 0.478754 0.471395 0.466913 0.584387 0.450482 1.40192 0.410713 0.468813 0.794118 0.884804 0.423943 0.408856 0.416995 0.533534 0.4599 0.699993 0.614159 0.435535 0.650061 0.371872 0.302604
threshold=21.934550000000005 4.5000000000000009 19.533250000000006 12.978900000000001 1.0753499999999996 12.978900000000001 0.7185068884176794 0.42851600854263022 0.71704800698465154 0.55190453256635519 16.175352500000006 16.269450000000003 16.287150000000004 18.354005833333336 18.158950000000001 0.26049885565119302 0.44266255623950329 16.489300000000004 18.087200000000003 17.955650000000002 15.74930416666667 0.21264450830246548 0.21557456051323395 14.214150000000002 18.500000000000004 -0.034500000000000412 0.22167110709116863 15.045750000000002 13.917650000000002 14.115350000000001
decision_type=2 2 2 2 2 2 2 2 2 2 2 2 2 2 2 2 2 2 2 2 2 2 2 2 2 2 2 2 2 2
left_child=1 6 3 -3 5 -5 7 10 -9 -10 11 20 -13 -7 -15 -12 17 -17 19 -19 21 23 -23 -1 25 -25 -26 -28 -24 -30
right_child=-2 2 -4 4 -6 13 -8 8 9 -11 15 12 -14 14 -16 16 -18 18 -20 -21 -22 22 28 24 26 -27 27 -29 29 -31
leaf_value=-0.0015712043815031438 0.0007436532869803229 0.00042554933404459065 -0.0044725307077014718 6.5899555692809246e-05 -0.0056121924513152996 -9.9783361893994172e-06 -0.0011520900522323718 0.016790867661345747 0.00047014427484446151 -0.00015358752967338987 -0.0028480395897689825 0.0026757532381521559 -0.0014862748142659976 -0.00018595308075072342 7.544721616663968e-05 -0.017850121395485866 -0.0015652569136526586 0.048806433874872684 -0.0041140779887965592 0.031341785487529451 -0.0029608364146780082 0.0099478895191205795 0.0011468320200729112 0.0073263845694899942 -0.00054873584261618837 -8.4296773229813708e-05 0.0014940061610789039 -0.0028351956930679481 0.0001677731872311138 -8.9662935561484331e-05
leaf_weight=170 30 35 52 31 104 7270 311 25 20 57 472 39 29 32 20 27 72 28 24 23 115 39 21 25 109 22 34 30 84 310
leaf_count=170 30 35 52 31 104 7270 311 25 20 57 472 39 29 32 20 27 72 28 24 23 115 39 21 25 109 22 34 30 84 310
internal_value=-0.000347828 -0.000382141 -7.84749e-05 -2.34936e-05 -7.18807e-05 7.61403e-06 -0.00148035 -0.000969016 0.00533333 0.00135065 -0.00135326 -0.00028822 0.00611765 -3.4965e-05 0.00738461 -0.00304644 0.00027586 0.0037647 0.008 0.0139608 -0.000742442 -0.000132703 0.00151542 -0.00205128 0.000363634 0.00902127 -0.00198844 0.00325 0.000674697 0.000121826
internal_weight=9660 9630 7544 7492 7457 7353 2086 1775 102 77 1673 1027 68 7322 52 646 174 102 75 51 959 844 454 390 220 47 173 64 415 394
internal_count=9660 9630 7544 7492 7457 7353 2086 1775 102 77 1673 1027 68 7322 52 646 174 102 75 51 959 844 454 390 220 47 173 64 415 394
is_linear=0
shrinkage=0.08


Tree=233
num_leaves=31
num_cat=0
split_feature=1 5 13 29 21 17 7 39 15 33 1 21 6 17 7 17 39 8 6 6 15 7 17 8 23 17 8 13 31 33
split_gain=0.883873 0.765429 0.837015 1.06522 0.724762 1.09394 0.363812 0.657475 0.561879 0.836307 0.654957 1.04626 1.23327 0.57152 0.506391 0.461454 0.544448 0.354598 0.711704 0.7871 0.690579 0.689954 0.379856 0.737395 0.595238 0.320356 0.366502 0.345416 0.699417 0.314769
threshold=4.5000000000000009 18.712656666666671 19.274100000000001 20.808800000000002 12.978900000000001 17.752500000000001 16.175352500000006 82.629689599621045 15.036200000000003 0.17240000000000058 1.0000000180025095e-35 16.180450000000004 0.28115023839833947 16.287150000000004 15.385054166666668 18.825550000000003 105.69358289454279 0.21313464303263008 0.19483767174598932 0.17475999296661451 14.148300000000001 14.470196666666668 14.09895 1.0106477066210111 14.18125 13.983600000000001 0.18351524275432027 14.593050000000002 14.952100000000002 1.0753499999999996
decision_type=2 2 2 2 2 2 2 2 2 2 2 2 2 2 2 2 2 2 2 2 2 2 2 2 2 2 2 2 2 2
left_child=6 4 3 -3 5 -2 7 14 9 -9 11 -10 13 -13 17 -8 -17 25 19 -19 -21 -22 23 24 -20 -1 -27 -28 -29 -6
right_child=1 2 -4 -5 29 -7 15 8 10 -11 -12 12 -14 -15 -16 16 -18 18 22 20 21 -23 -24 -25 -26 26 27 28 -30 -31
leaf_value=0.00048953518416525708 -0.0015011815408246601 0.00060161599517866474 -0.0089543262898264687 0.00037243910685045873 -3.3751098360246806e-06 0.0017243866733999225 -0.0016464342445077754 0.0028690767397349516 -0.0010759607594050312 2.5353907551148964e-05 -0.00022321503824120171 0.0043230863283912737 0.00030306082189375901 -0.0015228828086690236 -0.0044252256135909494 0.00036509751010596093 -0.018811683086930157 -0.0003228597703470786 -0.0010218690786742654 -0.00018457622094183402 0.014246790877709881 0.00071117372059315259 -0.00066615829048470977 -0.00058983652272425304 0.0050392003727578651 0.00011128156060877614 -0.00081518400110075972 0.00097681029962820511 -0.0023576865800316177 -0.0044624807193193025
leaf_weight=33 24 23 22 23 7348 20 848 22 45 41 262 26 20 30 90 22 21 37 21 27 20 21 144 26 21 24 200 35 54 110
leaf_count=33 24 23 22 23 7348 20 848 22 45 41 262 26 20 30 90 22 21 37 21 27 20 21 144 26 21 24 200 35 54 110
internal_value=-0.000380954 2.11342e-05 0.00847059 0.0146087 -5.54538e-05 0.0101818 -0.00183732 -0.000927441 0.00150672 0.00850793 0.000355089 0.00522314 0.0109474 0.00485714 -0.00236919 -0.00306173 0.00502325 -0.00160483 0.000328074 0.00571428 0.0108235 0.0173659 -0.00233962 0.00258823 0.00914286 -0.00337572 -0.00416614 -0.00495502 -0.000808991 -0.000115851
internal_weight=9660 7570 68 46 7502 44 2090 1199 446 63 383 121 76 56 753 891 43 663 317 105 68 41 212 68 42 346 313 289 89 7458
internal_count=9660 7570 68 46 7502 44 2090 1199 446 63 383 121 76 56 753 891 43 663 317 105 68 41 212 68 42 346 313 289 89 7458
is_linear=0
shrinkage=0.08


Tree=234
num_leaves=31
num_cat=0
split_feature=1 17 31 6 6 21 19 5 39 15 15 4 15 1 4 1 6 39 31 31 4 6 2 19 6 6 21 23 5 25
split_gain=0.870076 0.448856 0.406543 0.369908 0.778741 0.647921 0.591037 0.479629 0.702119 0.462934 0.964846 0.449152 0.4 0.352425 0.523519 1.64432 1.38528 0.541556 0.441134 0.947642 0.866162 0.388623 0.458601 0.484454 0.427387 0.609414 0.769031 0.543478 0.351301 0.600754
threshold=4.5000000000000009 21.934550000000005 22.248450000000002 2.5606975924117372 1.6236399351961104 14.260600000000002 14.576500000000001 18.133976666666673 98.954322463543676 15.176350000000001 16.108650000000004 37.500000000000007 17.752500000000001 2.5000000000000004 5.5000000000000009 1.5000000000000002 0.32972266717947313 88.349917953507813 16.867950000000004 16.639900000000001 52.500000000000007 0.2138275227286236 2.5000000000000004 16.365600000000004 0.20496707447508877 0.18538231707904668 14.153300000000002 15.284800000000002 18.10177666666667 18.314050000000005
decision_type=2 2 2 2 2 2 2 2 2 2 2 2 2 2 2 2 2 2 2 2 2 2 2 2 2 2 2 2 2 2
left_child=13 2 3 4 7 -6 12 28 -9 -8 -11 -12 -5 14 15 17 -17 -1 19 -16 -20 22 23 -15 25 26 -24 -28 29 -2
right_child=1 -3 -4 6 5 -7 9 8 -10 10 11 -13 -14 21 18 16 -18 -19 20 -21 -22 -23 24 -25 -26 -27 27 -29 -30 -31
leaf_value=-0.019234937768892426 -1.6895728806627841e-05 0.00070815562337999554 0.00028626376555236681 0.00047019865854133774 7.9772503472369218e-05 -0.0020433597619212811 -0.0024785807626697309 0.00017670624743120177 -0.0046978762693948642 0.0028525943114656727 -0.00085411859813179752 0.0026068500649570614 0.0070914697544444925 -0.00075864355247257044 -0.00023389291187736136 0.039762362842959982 0.061882797599330096 5.9418816201484437e-05 -0.0017043844018059021 0.0026651161740231929 0.036800885361363424 -0.0018308997766607858 -0.0006707563962221973 0.0014729702999924377 0.0020867161188960711 -0.001054591666132838 0.00062578165723374676 4.117013456952325e-05 -0.00068072296441333709 0.00020053796202420976
leaf_weight=49 6748 26 21 20 27 199 53 31 20 20 56 29 20 192 842 20 22 29 231 36 21 445 30 20 37 70 23 23 168 132
leaf_count=49 6748 26 21 20 27 199 53 31 20 20 56 29 20 192 842 20 22 29 231 36 21 445 30 20 37 70 23 23 168 132
internal_value=-0.000430644 -3.1706e-05 -6.78704e-05 -9.88986e-05 -0.000191128 -0.00481416 0.00331313 -4.39518e-05 0.00768627 0.00111392 0.00419047 0.000470586 0.012 -0.0018756 -0.001024 0.004 0.0167619 -0.0028718 -0.00155752 -0.000710708 -0.00450794 -0.00314286 -0.00131646 -0.00384906 0.00161748 -0.000328769 0.00463158 0.0111304 -9.98884e-05 -1.16298e-05
internal_weight=9660 7570 7544 7523 7325 226 198 7099 51 158 105 85 40 2090 1250 120 42 78 1130 878 252 840 395 212 183 146 76 46 7048 6880
internal_count=9660 7570 7544 7523 7325 226 198 7099 51 158 105 85 40 2090 1250 120 42 78 1130 878 252 840 395 212 183 146 76 46 7048 6880
is_linear=0
shrinkage=0.08


Tree=235
num_leaves=31
num_cat=0
split_feature=1 5 25 31 39 25 31 19 23 6 33 8 33 13 6 8 7 29 25 25 6 6 15 33 33 25 6 33 33 27
split_gain=0.541427 0.600019 0.745231 0.79439 0.86137 0.794118 0.429095 0.76393 0.415934 0.585043 0.312659 0.811283 0.465583 0.457923 0.916667 0.559284 0.468493 0.487262 1.3177 0.530566 0.609887 0.777184 0.506932 0.455956 0.424931 0.548033 1.20424 0.681947 0.632546 0.823443
threshold=4.5000000000000009 18.133976666666673 17.846600000000006 18.158950000000001 97.399673206092061 18.275250000000003 17.955650000000002 18.517300000000002 18.356750000000002 0.39350567118165908 0.17750000000000024 1.8203419758873591 0.032849999999999831 14.115350000000001 0.22070349802433556 0.19903913482227262 15.74930416666667 14.362500000000002 14.883000000000001 15.142850000000001 0.21871697942429766 0.19439670213020852 16.180450000000004 0.58620000000000083 0.49335000000000134 14.131850000000002 0.17927676352843239 0.34480000000000027 0.26110000000000083 15.262250000000002
decision_type=2 2 2 2 2 2 2 2 2 2 2 2 2 2 2 2 2 2 2 2 2 2 2 2 2 2 2 2 2 2
left_child=6 -2 -3 5 -5 -4 7 10 -8 -10 12 23 13 14 -1 -15 17 -17 -19 -20 21 -21 -22 24 25 -12 -27 28 -28 -30
right_child=1 2 3 4 -6 -7 8 -9 9 -11 11 -13 -14 15 -16 16 -18 18 19 20 22 -23 -24 -25 -26 26 27 -29 29 -31
leaf_value=0.0039635095509627846 -1.5363674212082216e-05 -0.004408399194558015 0.00032820244680543769 0.00016385037599812494 0.00088152488254868904 -0.0054230036893362071 -0.0023591504160394151 0.00076818117264217437 0.0087351897958194511 -0.0034625633674252006 -0.00075962149370371629 0.00027661500397910217 -0.0013919789601674491 -0.0022934436857781825 -0.0019994386448935774 -0.00042035433694180297 -0.0027195936329330529 0.00090746330900151097 -0.0013997717238726571 -2.1258921165111761e-05 -0.0021767714671568602 0.02812137962463785 0.00034495232948771141 -0.0016299843976116102 0.0018067321135985428 0.00074481933566370318 -0.00049664407353354825 -0.0016495206840414754 0.00047804478685730886 0.00022971699885390316
leaf_weight=44 7423 41 24 29 26 27 158 34 20 45 65 25 311 79 22 147 441 34 61 25 79 21 21 107 51 29 95 87 31 58
leaf_count=44 7423 41 24 29 26 27 158 34 20 45 65 25 311 79 22 147 441 34 61 25 79 21 21 107 51 29 95 87 31 58
internal_value=-0.000314702 -1.90735e-09 0.00506122 0.00860377 0.0152727 0.00141176 -0.00145455 -0.00105838 -0.0047713 0.000615383 -0.00127878 0.000321166 -0.00196109 -0.00110062 0.00533333 -0.00156828 -0.00095537 0.00107216 0.00328631 0.000888887 0.00350685 0.0111304 -1.90735e-09 -0.000351818 0.000846152 -0.000109591 0.00133333 -0.000324725 0.00243478 0.0072809
internal_weight=9660 7570 147 106 55 51 2090 1867 223 65 1833 548 1285 974 66 908 829 388 241 207 146 46 100 523 416 365 300 271 184 89
internal_count=9660 7570 147 106 55 51 2090 1867 223 65 1833 548 1285 974 66 908 829 388 241 207 146 46 100 523 416 365 300 271 184 89
is_linear=0
shrinkage=0.08


Tree=236
num_leaves=31
num_cat=0
split_feature=5 13 29 1 7 39 27 17 4 31 39 25 19 17 27 8 33 27 8 2 13 15 1 8 1 31 31 29 39 21
split_gain=0.596291 1.57792 1.05195 0.465195 0.469351 0.823439 0.882209 0.547627 0.54356 0.516508 0.610923 0.590182 0.424686 0.528872 0.691477 0.485449 0.48426 0.720104 1.08231 0.667542 0.87511 0.726788 0.689954 0.681916 0.623077 0.52482 0.520574 0.557245 0.474277 0.926102
threshold=18.712656666666671 18.275250000000003 21.067900000000005 4.5000000000000009 16.175352500000006 82.525013145595366 14.817800000000002 14.000100000000002 8.5000000000000018 14.444800000000003 76.576399801107129 14.131850000000002 18.410200000000007 17.363700000000005 17.042850000000005 1.7113343486372252 -0.80299999999999805 17.456700000000001 1.9814129932576601 2.5000000000000004 16.938100000000002 16.852650000000001 12.500000000000002 0.2560719989406165 17.500000000000004 17.791300000000003 17.846600000000006 17.724500000000003 94.924958700788707 17.531950000000005
decision_type=2 2 2 2 2 2 2 2 2 2 2 2 2 2 2 2 2 2 2 2 2 2 2 2 2 2 2 2 2 2
left_child=3 2 -2 4 5 7 -7 9 -8 10 -1 -12 13 14 28 -14 -15 18 19 21 22 -18 -21 24 -22 -19 -27 -28 -5 -30
right_child=1 -3 -4 12 -6 6 8 -9 -10 -11 11 -13 15 16 -16 -17 17 25 -20 20 23 -23 -24 -25 -26 26 27 -29 29 -31
leaf_value=-0.00068723832382731702 0.00056346542329631139 -0.0048063146048707593 0.00014244167030156015 1.9738657748558202e-05 -0.0013543252652481019 0.00031010975616877515 -0.002893152466736118 -0.00032073813359633337 0.00024821555566919862 -0.0034081244587334937 -0.00026568027296996506 0.00044077360988690724 -0.0020045239546689904 -0.0067430035402440552 -0.00064816601062806986 0.0011336262345460779 0.0003707569625600696 -0.00079107776278422885 0.0004555747180010804 0.0022408884465807831 -6.9261884886945683e-06 -0.0038748241732478547 0.00023758858292396667 -0.0014060748474858168 0.0076203760588957172 0.0026130246395372658 0.001841916906355316 2.1598526384048202e-05 -0.003789966478436478 0.0088179194374563789
leaf_weight=33 28 55 22 5289 854 26 50 633 374 22 26 35 170 47 746 20 28 154 24 20 32 57 21 34 20 38 22 614 146 20
leaf_count=33 28 55 22 5289 854 26 50 633 374 22 26 35 170 47 746 20 28 154 24 20 32 57 21 34 20 38 22 614 146 20
internal_value=-0.000281575 0.00571428 0.016 -0.000347464 -0.00141452 -0.000393663 0.00231111 -0.00201869 0.00143396 0.00303448 0.00561702 0.0103607 -5.54538e-05 4.15736e-05 -0.000246414 -0.00378948 0.00164896 0.002 0.0058983 0.00407547 0.00774803 -0.00141177 0.0173659 0.00316279 0.00892308 0.000888887 0.00185163 0.00130817 6.59926e-05 -0.00414458
internal_weight=9660 105 50 9555 2053 1199 450 749 424 116 94 61 7502 7312 6201 190 1111 1064 236 212 127 85 41 86 52 828 674 636 5455 166
internal_count=9660 105 50 9555 2053 1199 450 749 424 116 94 61 7502 7312 6201 190 1111 1064 236 212 127 85 41 86 52 828 674 636 5455 166
is_linear=0
shrinkage=0.08


Tree=237
num_leaves=31
num_cat=0
split_feature=17 1 8 39 5 33 39 7 17 21 4 1 1 39 19 17 25 15 31 27 29 29 5 5 39 19 8 39 31 13
split_gain=0.559357 0.365872 0.506301 0.384609 0.561323 0.740872 0.420779 0.436364 0.345321 0.75 0.339116 0.741855 1.5515 0.712635 0.299375 0.30637 0.71819 0.831867 0.667159 0.550076 0.711943 0.700358 0.53005 0.525001 0.581023 0.512954 1.01423 0.442901 0.387047 0.38076
threshold=21.934550000000005 4.5000000000000009 1.9365192813644305 103.38200052538338 18.133976666666673 0.20124999999999996 97.842033181935662 18.008190833333341 13.917650000000002 14.09895 4.5000000000000009 2.5000000000000004 1.5000000000000002 87.162316002380024 18.410200000000007 17.363700000000005 16.892300000000002 17.005200000000006 16.817100000000003 17.155700000000007 17.752500000000001 18.449000000000002 17.096790000000002 17.014256666666672 92.469820051822623 16.787500000000005 0.30052281858943791 91.723490528964177 17.265850000000004 18.517300000000002
decision_type=2 2 2 2 2 2 2 2 2 2 2 2 2 2 2 2 2 2 2 2 2 2 2 2 2 2 2 2 2 2
left_child=1 2 8 4 14 6 7 -6 9 -1 11 12 13 -10 15 19 17 18 -17 20 22 -22 -3 -18 25 -25 27 -27 -26 -30
right_child=-2 3 -4 -5 5 -7 -8 -9 10 -11 -12 -13 -14 -15 -16 16 23 -19 -20 -21 21 -23 -24 24 28 26 -28 -29 29 -31
leaf_value=-0.0061704423779788244 0.00085646800435090612 1.0898888397576507e-05 0.00031016798872993942 -0.0047971107899018655 -0.0017505753385503866 0.00013960760105927435 -0.006541593168003396 0.001024362383958856 -0.023251154478846195 0.0011922303470820661 -0.00027371454109560966 -0.0035939750177910617 0.066350599036606422 0.00037497644138017081 -0.0017346003298804717 0.00046064571496382456 -0.0013942920600395223 -0.0063503324457830643 0.0013177763227418999 -0.0008991962661390676 0.024230812207637731 -5.3817278083848717e-05 -0.0021613073404930746 -0.00099240632868742573 -0.00085333912361032233 -0.00042541321191240741 0.001477466464955458 0.0057026724872257508 7.2131280345086586e-05 -0.0014396579899190634
leaf_weight=24 30 5510 34 88 33 34 22 22 37 24 1844 67 34 22 159 22 59 30 37 488 23 21 104 20 64 22 22 25 710 29
leaf_count=24 30 5510 34 88 33 34 22 22 37 24 1844 67 34 22 159 22 59 30 37 488 23 21 104 20 64 22 22 25 710 29
internal_value=-0.000240168 -0.000274145 -0.00121189 -1.48481e-05 4.72084e-05 0.00569369 0.00135065 0.00509091 -0.00137232 0.00533333 -0.00153294 0.002 0.00662365 -0.00122034 -3.81231e-05 3.78495e-05 0.00130769 0.00817977 0.0136949 -0.000177028 4.52438e-05 0.0101818 -3.42021e-05 0.000664562 0.00114798 0.0072809 0.0105507 0.00391489 0.000468242 0.000985113
internal_weight=9660 9630 2086 7544 7456 111 77 55 2052 48 2004 160 93 59 7345 7186 1040 89 59 6146 5658 44 5614 951 892 89 69 47 803 739
internal_count=9660 9630 2086 7544 7456 111 77 55 2052 48 2004 160 93 59 7345 7186 1040 89 59 6146 5658 44 5614 951 892 89 69 47 803 739
is_linear=0
shrinkage=0.08


Tree=238
num_leaves=31
num_cat=0
split_feature=17 21 17 6 4 13 39 17 31 4 33 8 7 19 13 25 23 6 23 6 15 33 8 31 21 17 21 33 8 15
split_gain=0.561058 0.400661 0.433929 0.432278 0.633235 0.896361 0.772511 0.545858 1.20832 0.535441 0.464423 0.833747 0.323693 0.264901 0.671387 0.667604 1.15238 0.556119 0.451653 1.47913 0.419048 0.384139 1.22569 0.341927 0.338641 1.13259 1.08882 1.05088 1.0647 0.633063
threshold=21.934550000000005 12.978900000000001 17.501900000000003 0.81197606220729701 40.500000000000007 17.005200000000006 97.399673206092061 18.517300000000002 17.955650000000002 46.500000000000007 0.27075000000000055 1.6272946002717763 18.716592500000004 15.725800000000001 15.426750000000002 16.093650000000004 15.625350000000003 0.17992544416531267 15.426750000000002 0.24124270199166753 16.029150000000005 -0.72444999999999904 0.23643006285172372 15.736050000000002 15.444000000000001 15.593050000000002 15.593050000000002 0.20690000000000011 0.20858811637508326 15.490150000000002
decision_type=2 2 2 2 2 2 2 2 2 2 2 2 2 2 2 2 2 2 2 2 2 2 2 2 2 2 2 2 2 2
left_child=1 2 -1 7 -5 10 9 12 -9 -7 -6 -12 13 15 23 21 20 -16 19 -19 -17 22 -3 -15 -23 26 27 -26 -29 -27
right_child=-2 3 -4 4 5 6 -8 8 -10 -11 11 -13 -14 14 17 16 -18 18 -20 -21 -22 24 -24 -25 25 29 -28 28 -30 -31
leaf_value=-0.00087796198590911012 0.00078795056400286019 0.020510384251612054 0.0014717956735686921 -0.00076638199648592048 -0.00061888531577394921 0.00075856343645447084 -1.3113608077376253e-05 0.0084628344473296931 -0.00015369766898275171 0.00020113468795795693 0.00026155283611421212 -0.0034941214690772347 -0.0036571315850691521 -0.0027644731710262395 -0.0013885854671555925 0.00019966804900731745 0.0032138066296526469 -0.0024084243014641481 -3.1280823103759839e-05 0.00030717331317241985 -0.0029896097601583693 -3.8415757841390706e-05 -0.0055973953101921417 0.0002474789293191508 0.00033615208215556413 0.000190439529185862 5.8935835768741768e-05 0.00053221623539185115 0.0016865068528061084 -0.000633525581522392
leaf_weight=28 30 22 20 600 122 24 23 25 31 38 31 21 34 112 220 20 28 21 3762 25 22 3408 25 22 123 113 361 23 28 298
leaf_count=28 30 22 20 600 122 24 23 25 31 38 31 21 34 112 220 20 28 21 3762 25 22 3408 25 22 123 113 361 23 28 298
internal_value=-0.000256731 -0.00029076 0.007 -0.000327282 -0.00203958 0.00126641 0.008 -0.000158663 0.00771428 0.0126452 -0.00202299 0.00430769 -0.000209532 -0.000178851 -0.000638157 0.000248712 0.008 -0.000452832 -0.000226893 0.00765217 -0.000380954 0.000125424 0.00731915 -0.00620896 4.77703e-05 0.00138689 0.00381308 0.00901149 0.0186667 -0.00177129
internal_weight=9660 9630 48 9582 859 259 85 8723 56 62 174 52 8667 8633 4162 4471 70 4028 3808 46 42 4401 47 134 4354 946 535 174 51 411
internal_count=9660 9630 48 9582 859 259 85 8723 56 62 174 52 8667 8633 4162 4471 70 4028 3808 46 42 4401 47 134 4354 946 535 174 51 411
is_linear=0
shrinkage=0.08


Tree=239
num_leaves=31
num_cat=0
split_feature=17 27 25 33 25 23 23 4 4 33 1 4 4 33 19 29 13 23 33 33 4 4 6 17 13 33 31 15 39 31
split_gain=0.563613 0.294071 0.89346 1.02392 0.416753 0.300512 0.471771 0.273004 1.21612 1.55457 1.0316 0.814624 1.30868 0.887549 0.762676 1.25105 0.779442 0.63563 0.615721 1.53476 0.747386 1.56429 1.29687 0.966667 1.47544 0.819741 0.770915 0.716878 1.06056 1.37078
threshold=21.934550000000005 19.533250000000006 21.067900000000005 0.18970000000000023 18.681650000000001 19.011950000000002 18.681650000000001 16.500000000000004 14.500000000000002 0.20690000000000011 19.500000000000004 20.500000000000004 21.500000000000004 0.23059999999999994 15.896950000000002 16.929950000000002 17.501900000000003 14.4777 -0.068999999999999936 -0.074599999999998431 40.500000000000007 41.500000000000007 0.28954053125244267 16.929950000000002 16.226550000000003 0.4174500000000006 15.036200000000003 15.330900000000002 84.414627055929188 15.586
decision_type=2 2 2 2 2 2 2 2 2 2 2 2 2 2 2 2 2 2 2 2 2 2 2 2 2 2 2 2 2 2
left_child=1 4 3 -3 5 6 7 8 -1 10 14 -9 13 -13 17 -16 -17 -10 19 -14 26 22 23 24 25 -22 -20 28 -28 -30
right_child=-2 2 -4 -5 -6 -7 -8 11 9 -11 -12 12 18 -15 15 16 -18 -19 20 -21 21 -23 -24 -25 -26 -27 27 -29 29 -31
leaf_value=-2.1274205223645427e-05 0.00072491451888258968 -0.0011166544850050026 0.00095059839616482586 0.00032052409993880033 -0.00069297190180500471 -0.0011395745955684411 0.00014846377674334138 -0.0017343915774504317 0.0043828576833309782 -3.2007890572134816e-05 -0.00018021846370678795 0.0031854683908310588 2.0924970053001347e-05 0.0015131723108770024 0.0054209888065537091 0.00035546272524897499 0.0040352558307194765 -6.3194070003047079e-05 -0.0012251379343171795 0.0013538245423322193 -0.0001229971821964902 -6.1431056369341868e-05 0.0035516739895036288 -0.00096018954461341433 0.0071659891575932442 0.00099403030440602938 -5.7089256371805351e-05 -0.00037427289061794233 0.0024729527231004346 0.00085462453090208391
leaf_weight=2370 30 52 21 27 98 51 20 631 31 153 24 29 2525 126 20 28 23 33 475 40 41 1560 21 29 20 35 100 999 22 26
leaf_count=2370 30 52 21 27 98 51 20 631 31 153 24 29 2525 126 20 28 23 33 475 40 41 1560 21 29 20 35 100 999 22 26
internal_value=-0.000281575 -0.000315682 0.004 0.000101264 -0.000360967 -0.000307042 -0.000273747 -0.00029997 0.000381803 0.00507692 0.0106164 -0.00057374 -0.000288362 0.00696774 0.0133333 0.0190423 0.0123922 0.007 -0.000479215 0.00045224 -0.00119712 -2.81379e-05 0.00789041 0.0048 0.00866666 0.00357895 -0.00242664 -0.00130427 0.00389189 0.0136667
internal_weight=9660 9630 100 79 9530 9432 9381 9361 2682 312 159 6679 6048 155 135 71 51 64 5893 2565 3328 1706 146 125 96 76 1622 1147 148 48
internal_count=9660 9630 100 79 9530 9432 9381 9361 2682 312 159 6679 6048 155 135 71 51 64 5893 2565 3328 1706 146 125 96 76 1622 1147 148 48
is_linear=0
shrinkage=0.08


Tree=240
num_leaves=31
num_cat=0
split_feature=17 4 4 27 1 1 33 21 6 25 19 25 2 17 33 33 8 17 13 4 33 33 21 21 13 6 33 33 4 25
split_gain=0.575613 0.288156 3.64972 0.914286 0.609038 0.567335 0.934751 0.541769 0.516673 0.690944 0.571618 0.510729 0.530603 0.500288 0.48 0.422828 0.945403 0.715433 1.17993 0.491883 0.433545 0.420177 0.418758 0.409182 0.653714 0.404631 0.402727 0.410193 0.875886 1.03234
threshold=21.934550000000005 44.500000000000007 45.500000000000007 14.197750000000001 14.500000000000002 9.5000000000000018 -0.032849999999999817 12.978900000000001 0.23075856749914891 18.356750000000002 13.818850000000003 16.9785 2.5000000000000004 18.314050000000005 -0.06564999999999975 -0.13220000000000007 0.20208199304251817 14.444800000000003 14.284200000000002 46.500000000000007 -0.1824999999999983 0.52219999999999989 13.884750000000002 16.9785 16.867950000000004 0.22123173875917676 -0.36229999999999934 -0.25830000000000014 51.500000000000007 16.093650000000004
decision_type=2 2 2 2 2 2 2 2 2 2 2 2 2 2 2 2 2 2 2 2 2 2 2 2 2 2 2 2 2 2
left_child=1 7 3 -3 13 6 -5 -1 9 22 -10 12 -7 26 -15 16 -6 18 -17 25 -18 23 -9 24 -21 -19 -4 28 -28 -30
right_child=-2 2 4 5 15 11 -8 8 10 -11 -12 -13 -14 14 -16 17 20 19 -20 21 -22 -23 -24 -25 -26 -27 27 -29 29 -31
leaf_value=0.0002681066857401205 0.00066692135737189532 0.0019106747358984015 -0.0017760549202318289 0.0030379913374380895 -0.0032674875705450308 0.0013610462685837762 0.00057545779522957352 -0.0017885471046945364 9.7674164486716647e-05 0.0020331583362656826 -0.00029845838103692188 0.0023064336820360107 -0.00068084990091239555 0.0010343972315407677 -0.0002319534813667979 -0.00045353985342787322 0.00034974519955892694 -8.1559211712484603e-05 0.001199774984129668 -0.00064261860314614779 0.0022779291639418451 0.0014280243653550489 -1.0935030426257482e-05 -0.0031297903301778559 0.034553764222119525 0.0033562719002880187 -0.0013651276337820536 -0.00021139772310546268 -0.0019273638834392238 0.066457165921655154
leaf_weight=38 30 20 211 28 49 36 29 44 40 39 3112 24 23 20 30 26 205 29 20 227 32 41 3945 101 32 21 42 1087 42 37
leaf_count=38 30 20 211 28 49 36 29 44 40 39 3112 24 23 20 30 26 205 29 20 227 32 41 3945 101 32 21 42 1087 42 37
internal_value=-0.000397517 -0.000431985 0.00032504 0.012 -0.000504442 0.00971428 0.0158596 -0.000684956 -0.000735378 -0.000135057 -0.00150254 0.00549397 0.00149152 -0.00146494 0.0064 0.00129757 0.00374825 -0.000112678 0.0093913 -0.00108204 0.00583966 -0.00201496 -0.000238658 -0.00288889 -0.00120464 0.0064 -0.00174207 -0.00117881 0.00323967 0.00820253
internal_weight=9660 9630 2412 160 2252 140 57 7218 7180 4028 3152 83 59 1469 50 783 286 497 46 451 237 401 3989 360 259 50 1419 1208 121 79
internal_count=9660 9630 2412 160 2252 140 57 7218 7180 4028 3152 83 59 1469 50 783 286 497 46 451 237 401 3989 360 259 50 1419 1208 121 79
is_linear=0
shrinkage=0.08


Tree=241
num_leaves=31
num_cat=0
split_feature=6 17 15 15 13 25 29 4 2 4 4 1 6 4 4 17 13 25 39 39 25 4 39 39 33 23 25 33 1 21
split_gain=0.668882 0.609642 0.563944 0.797489 0.814303 0.996822 0.71789 0.506685 0.438767 0.344508 1.31271 1.03754 0.551685 0.535627 0.693748 0.570241 1.21236 0.485831 0.66444 0.858061 0.811442 0.703897 0.650351 0.696424 0.629496 0.898519 0.813276 0.568301 0.703247 0.512111
threshold=2.2890016687121642 21.934550000000005 17.133600000000005 15.176350000000001 16.535050000000002 16.489300000000004 19.787800000000001 31.500000000000004 1.5000000000000002 15.500000000000002 14.500000000000002 4.5000000000000009 0.17849896722546155 20.500000000000004 21.500000000000004 15.213850000000003 14.576500000000001 15.019750000000002 80.481511253499136 78.928221430515393 14.09895 5.5000000000000009 83.16612244064099 83.500815206629625 0.16524999999999948 14.481250000000001 14.543600000000001 0.30360000000000126 11.500000000000002 15.656950000000002
decision_type=2 2 2 2 2 2 2 2 2 2 2 2 2 2 2 2 2 2 2 2 2 2 2 2 2 2 2 2 2 2
left_child=9 2 3 8 5 -5 -4 -6 -2 10 17 -12 -13 -11 15 16 -15 18 19 20 -1 -20 -19 -24 25 -22 -27 -23 -29 -25
right_child=1 -3 6 4 7 -7 -8 -9 -10 13 11 12 -14 14 -16 -17 -18 22 21 -21 24 27 23 29 -26 26 -28 28 -30 -31
leaf_value=-0.00066218400029223576 0.00017218734157959807 0.00068179744723859603 -0.0014964017084827886 0.00039242958091022457 -0.001680315349262302 0.0053837897666531923 0.00038721325357728728 0.00013959122057449161 -0.0013501465923806617 -0.00057463061190766562 0.0073109672088962222 0.0041022484608339935 0.00010049207762555095 0.00011219843265700477 -9.593507987689329e-05 0.00031599298708039541 0.045000469971283985 -0.0029929911781221802 0.00037830920052311142 -0.0035146350734247202 -0.0001537970717940727 -0.0010669353964992212 0.00091823615230837393 -0.00062232181032063395 0.0028294018900007381 0.0028160252958467232 0.00013427181790365693 0.0023435209942026516 -0.00010440367602807503 -8.0439822922334991e-06
leaf_weight=147 41 24 83 31 20 26 22 29 57 792 35 25 97 33 5870 105 21 203 41 138 153 41 40 243 35 35 38 20 22 1193
leaf_count=147 41 24 83 31 20 26 22 29 57 792 35 25 97 33 5870 105 21 203 41 138 153 41 40 243 35 35 38 20 22 1193
internal_value=-0.000472052 0.00305105 0.00209709 0.00454902 0.00935849 0.0158596 -0.00266667 0.00179592 -0.000653063 -0.000597836 0.000204308 0.00728662 0.00380328 -0.00089254 -0.000635597 0.00457861 0.0112593 -0.000269053 0.00155224 0.000351646 0.00219608 0.00683871 -0.000995833 -0.000411926 0.00487356 0.00332743 0.0106301 0.00260241 0.00914286 -0.000701952
internal_weight=9660 333 309 204 106 57 105 49 98 9327 2506 157 122 6821 6029 159 54 2349 670 546 408 124 1679 1476 261 226 73 83 42 1436
internal_count=9660 333 309 204 106 57 105 49 98 9327 2506 157 122 6821 6029 159 54 2349 670 546 408 124 1679 1476 261 226 73 83 42 1436
is_linear=0
shrinkage=0.08


Tree=242
num_leaves=31
num_cat=0
split_feature=15 13 1 8 4 7 31 17 31 15 19 6 17 29 29 19 17 5 21 15 33 4 17 31 1 19 17 4 7 33
split_gain=0.423663 0.429501 0.30814 0.620795 0.594041 0.537642 0.949163 0.502296 0.436858 0.797413 0.638983 0.571004 0.385186 0.381816 0.809157 0.350737 1.08748 0.640295 0.551689 1.19343 0.798993 1.03074 1.221 0.995292 0.768251 0.755556 0.728571 0.66877 0.649302 0.645222
threshold=21.448650000000004 19.533250000000006 4.5000000000000009 1.9044126933116312 14.500000000000002 18.354005833333336 18.042600000000004 19.011950000000002 18.120150000000006 18.825550000000003 18.556400000000004 0.76320403382708191 13.917650000000002 19.662150000000004 21.067900000000005 15.490150000000002 16.158800000000003 15.523313333333336 14.800550000000003 15.490150000000002 0.37615000000000004 55.500000000000007 15.490150000000002 14.851500000000001 13.500000000000002 15.213850000000003 15.692450000000003 13.500000000000002 14.630527500000003 -0.11069999999999956
decision_type=2 2 2 2 2 2 2 2 2 2 2 2 2 2 2 2 2 2 2 2 2 2 2 2 2 2 2 2 2 2
left_child=2 -2 3 8 -5 7 -7 13 9 10 11 12 -1 15 -15 16 18 -17 -4 20 21 22 27 -22 25 -24 -27 -20 -29 -26
right_child=1 -3 5 4 -6 6 -8 -9 -10 -11 -12 -13 -14 14 -16 17 -18 -19 19 -21 23 -23 24 -25 29 26 -28 28 -30 -31
leaf_value=0.00051226665759214777 0.0078263514052807799 -0.0029873562576080291 -8.5275995667194186e-05 0.00022219018647981552 -0.00057438920648859512 -0.00073657669569110007 0.00031202144758002632 -0.0018487109373168298 -0.0026018632593347358 0.011763797393035205 0.0039411439581438015 -0.0014076671962948459 -0.00020605365780484433 0.00052834317525710757 -0.0013571843480187369 -0.0015915921066245464 0.00041113974652017834 -6.6898799301221397e-05 0.00024276482377450702 -0.00043133285115679986 -0.0014880481245303928 0.00074785490572255224 0.00032603144510545245 0.00038519546334325603 0.003529602067755429 0.0033177079497784668 0.0021531149444616012 0.00026313498638725279 -0.00054241688100019911 -0.0011315617337715033
leaf_weight=38 20 21 1729 33 35 24 33 74 148 22 25 169 1615 26 30 291 26 4087 152 376 29 34 30 134 36 30 21 65 261 46
leaf_count=38 20 21 1729 33 35 24 33 74 148 22 25 169 1615 26 30 291 26 4087 152 376 29 34 30 134 36 30 21 65 261 46
internal_value=-0.000505178 0.00760975 -0.000539767 -0.00140048 0.00611765 -0.000301568 0.00743859 -0.000360574 -0.00165394 -0.00132263 -0.00150298 -0.00167728 -0.00122444 -0.000295017 0.00628571 -0.000345177 0.000326034 -0.000800367 0.000182125 0.00148929 0.00316945 0.00195555 0.00123557 0.00819632 0.00721472 0.0127407 0.0186667 -0.000803349 -0.00284663 0.0017561
internal_weight=9660 41 9619 2085 68 7534 57 7477 2017 1869 1847 1822 1653 7403 56 7347 2969 4378 2943 1214 838 675 641 163 163 81 51 478 326 82
internal_count=9660 41 9619 2085 68 7534 57 7477 2017 1869 1847 1822 1653 7403 56 7347 2969 4378 2943 1214 838 675 641 163 163 81 51 478 326 82
is_linear=0
shrinkage=0.08


Tree=243
num_leaves=31
num_cat=0
split_feature=17 13 8 5 33 25 6 6 27 25 17 13 17 7 33 4 33 29 33 17 23 15 6 33 4 21 27 8 17 31
split_gain=0.536588 0.365698 0.425406 0.37331 0.431282 0.377098 0.43322 0.856557 0.432279 0.356623 0.350353 0.757412 0.552273 0.328011 0.322042 0.30679 0.224829 0.578339 0.374493 0.541672 0.51734 0.994179 0.750114 1.62378 0.417575 0.471711 1.56677 0.927115 1.27247 0.502149
threshold=22.248450000000002 18.517300000000002 3.5134649833721672 18.712656666666671 -1.0000000180025095e-35 18.681650000000001 2.5606975924117372 2.6389273930594825 17.071750000000005 18.605250000000002 14.329500000000001 16.287150000000004 16.180450000000004 18.716592500000004 2.4188999999999994 7.5000000000000009 0.27075000000000055 13.884750000000002 0.54750000000000043 13.950650000000001 14.413900000000002 14.411800000000001 0.45913699295475036 0.34480000000000027 5.5000000000000009 15.036200000000003 15.019750000000002 0.20182077877148677 15.550500000000001 15.621500000000003
decision_type=2 2 2 2 2 2 2 2 2 2 2 2 2 2 2 2 2 2 2 2 2 2 2 2 2 2 2 2 2 2
left_child=1 2 3 5 -5 6 9 -8 10 13 -9 12 -12 14 16 -3 -1 -18 19 -19 -21 -22 24 -24 -23 -26 -27 28 -28 -29
right_child=-2 15 -4 4 -6 -7 7 8 -10 -11 11 -13 -14 -15 -16 -17 17 18 -20 20 21 22 23 -25 25 26 27 29 -30 -31
leaf_value=-0.00011091092353124863 0.00036037626670245226 0.00052568156326501813 0.0003147906805284164 -0.00020704782288210398 0.000230024034512797 -0.00095100319019890617 0.00023524236431001784 -0.015491472855304158 -0.00076859558280606215 0.00038814938671157261 3.9906828887318321e-05 -0.00035333740232129499 0.035320700315792534 -0.0027285522329100645 -0.011129543270955056 -0.0019020377888479946 0.00082744245774510566 0.00038972163502639984 -0.0001264038057249487 -0.00014912914502809361 0.0013334235208325113 -0.00035101300774388079 0.0022927825445145356 -1.2150648591363577e-05 -0.0017390374131722223 0.0023253778065389732 -0.0002728387641062387 -0.00040786337283233684 0.0052023299137918793 7.0578452224959927e-05
leaf_weight=7137 25 26 34 24 26 80 21 22 49 23 20 30 24 38 37 185 23 40 532 153 36 99 20 46 95 29 31 110 25 620
leaf_count=7137 25 26 34 24 26 80 21 22 49 23 20 30 24 38 37 185 23 40 532 153 36 99 20 46 95 29 31 110 25 620
internal_value=-0.000505178 -0.000535549 -0.000461802 -0.000494145 0.0064 -0.000531051 -0.000483803 0.00356626 0.00137931 -0.000557732 0.0045 0.00713513 0.0138182 -0.000582959 -0.000551757 -0.00382939 -0.000521122 0.000262505 0.000104573 0.000834354 0.000544302 0.00114491 0.000706975 0.0089697 0.0001665 0.000703295 0.00132515 0.000651398 0.0105714 -0.000109591
internal_weight=9660 9635 9424 9390 50 9340 9260 166 145 9094 96 74 44 9071 9033 211 8996 1859 1836 1304 1264 1111 1075 66 1009 910 815 786 56 730
internal_count=9660 9635 9424 9390 50 9340 9260 166 145 9094 96 74 44 9071 9033 211 8996 1859 1836 1304 1264 1111 1075 66 1009 910 815 786 56 730
is_linear=0
shrinkage=0.08


Tree=244
num_leaves=31
num_cat=0
split_feature=17 17 8 33 13 7 17 8 31 21 19 7 15 19 4 5 8 29 21 39 15 6 1 19 6 23 7 15 31 4
split_gain=0.543444 0.455723 0.433995 0.290011 0.31908 0.27532 0.269406 0.879697 0.645133 0.69291 1.07993 0.586668 0.535725 0.903485 0.503215 0.500595 0.465728 0.721542 0.934121 0.710935 0.744048 0.460817 0.434496 0.410774 0.410054 0.428038 0.396271 0.39026 0.695696 1.11446
threshold=22.248450000000002 19.122800000000002 3.5134649833721672 2.4188999999999994 20.578700000000001 18.716592500000004 17.363700000000005 1.9814129932576601 16.964700000000004 17.273000000000003 17.071750000000005 17.072452500000004 16.964700000000004 16.929950000000002 2.5000000000000004 17.05727666666667 0.21052302891130778 15.725800000000001 15.355800000000002 88.991842909234137 16.824400000000001 1.857673035320681 21.500000000000004 16.817100000000003 0.21259144877582467 14.461300000000001 17.057277500000005 17.005200000000006 16.938100000000002 28.500000000000004
decision_type=2 2 2 2 2 2 2 2 2 2 2 2 2 2 2 2 2 2 2 2 2 2 2 2 2 2 2 2 2 2
left_child=1 2 3 4 5 6 8 21 14 26 11 12 13 23 16 -15 17 18 24 22 -21 27 -18 -11 25 -1 -10 28 -8 -30
right_child=-2 -3 -4 -5 -6 -7 7 -9 9 10 -12 -13 -14 15 -16 -17 19 -19 -20 20 -22 -23 -24 -25 -26 -27 -28 -29 29 -31
leaf_value=-0.0014995998679549454 0.00033154616536629753 -0.00092767679445039577 0.00028960742608627596 -0.0049975342749383261 0.0046301124852597096 -0.0023784561275327115 -0.00028832708534015314 0.0003052052655847576 -0.0014760474722380242 0.00051303396619458916 -0.0024136142217146854 0.00043454066254024009 -0.00038695631776384306 0.012635775678844064 -5.1977341597393622e-05 0.0001175322611863742 -0.0015403736367591105 -0.0092248029464530451 0.00072575789576439012 0.0023944519561382629 -0.0016433988755524438 -0.0057648469694993208 0.000104145582403597 -0.00044834540471370423 0.01573844415419292 0.00033978519406664329 -0.00033883021520717899 -6.6101155059287448e-06 -0.00054059490670516454 0.0017642835801035268
leaf_weight=32 25 108 34 70 24 51 87 34 555 47 171 39 74 28 6300 20 122 20 31 35 21 43 20 50 22 37 258 1231 33 38
leaf_count=32 25 108 34 70 24 51 87 34 555 47 171 39 74 28 6300 20 122 20 31 35 21 43 20 50 22 37 258 1231 33 38
internal_value=-0.000579712 -0.000610277 -0.000551697 -0.000584011 -0.0005459 -0.000569424 -0.000537443 0.000458388 -0.000722661 -0.00239614 0.000205126 0.00347287 0.00186301 0.00468965 -0.00040964 0.0136667 0.00258823 0.00608451 0.00839344 8.08062e-05 0.00771428 0.000156423 -0.00292958 0.000247421 0.00430769 0.00127536 -0.00376876 0.000408925 0.0041519 0.0100282
internal_weight=9660 9635 9527 9493 9423 9399 9348 1466 7882 1242 429 258 219 145 6640 48 340 142 122 198 56 1432 142 97 91 69 813 1389 158 71
internal_count=9660 9635 9527 9493 9423 9399 9348 1466 7882 1242 429 258 219 145 6640 48 340 142 122 198 56 1432 142 97 91 69 813 1389 158 71
is_linear=0
shrinkage=0.08


Tree=245
num_leaves=31
num_cat=0
split_feature=27 13 2 19 39 39 8 29 31 25 8 25 19 23 19 4 23 27 23 8 25 5 7 4 29 6 25 13 23 1
split_gain=0.757433 0.844587 1.00979 0.49 0.378127 1.62988 0.946829 0.908078 0.750976 0.867057 0.703035 0.971595 1.10303 0.717193 0.485227 0.58399 0.872215 0.595975 0.610402 0.684454 0.669534 0.523558 0.473094 0.955674 0.463768 0.44757 0.445323 0.386668 0.413838 0.905357
threshold=19.533250000000006 18.275250000000003 3.5000000000000004 17.079750000000004 87.399401373575856 86.197117530195129 1.462533759336071 16.535050000000002 16.365600000000004 16.455400000000004 0.2438246116805112 15.550500000000001 15.586 15.593050000000002 15.883650000000001 2.5000000000000004 15.725800000000001 15.213850000000003 14.411800000000001 0.2323171153389697 14.4777 14.656810000000002 16.245385000000002 25.500000000000004 15.490150000000002 3.2096536544786503 15.662100000000001 16.093650000000004 16.093650000000004 11.500000000000002
decision_type=2 2 2 2 2 2 2 2 2 2 2 2 2 2 2 2 2 2 2 2 2 2 2 2 2 2 2 2 2 2
left_child=4 2 3 -2 5 8 10 25 9 14 11 24 -13 -14 15 16 17 18 -1 20 -20 -22 23 -9 -7 -6 -15 28 -17 -30
right_child=1 -3 -4 -5 7 6 -8 22 -10 -11 -12 12 13 26 -16 27 -18 -19 19 -21 21 -23 -24 -25 -26 -27 -28 -29 29 -31
leaf_value=-0.0017288836596821686 0.00067531916043477697 -0.0053158324956886814 0.00052557706307218945 -0.00043824449893660504 -0.001737081746030329 0.000471775402234592 0.0031285102150184975 -0.00046290101591338285 -0.0074510542904058187 0.0064715827963581401 -0.00017072325213723447 -0.00013403561578723803 0.0015511124877334254 0.00013639080971206057 -0.0017508073242443881 -3.182580956012979e-05 0.00042151775579852738 -0.0040669727742035765 0.0091651742163514644 -0.0016080904950270295 -0.00038069386778302169 0.0010323096784511296 -9.2674225314427368e-05 0.00053359359597078982 -0.00033315727767629309 0.00013730086410104864 0.0027905776789226271 -0.0094042532065986804 -0.0013987834123519408 0.0063144935044307984
leaf_weight=44 20 30 33 25 704 23 25 43 123 36 70 20 27 22 225 4218 39 35 24 32 32 20 3538 34 46 20 24 80 28 20
leaf_count=44 20 30 33 25 704 23 25 43 123 36 70 20 27 22 225 4218 39 35 24 32 32 20 3538 34 46 20 24 80 28 20
internal_value=-0.000587994 0.00607407 0.0104615 0.00266666 -0.000663318 -0.000204107 0.00600778 -0.00121503 -0.000526233 -0.000369131 0.00441379 0.00730864 0.0126452 0.0172055 -0.000461957 -0.000283466 0.00368141 0.00141176 0.00357895 0.00681481 0.0109474 0.00584615 -0.000697097 0.00550649 0.00011594 -0.00380111 0.0111304 -0.000489648 -0.000386312 0.007
internal_weight=9660 108 78 45 9552 5213 257 4339 4956 4833 232 162 93 73 4797 4572 226 187 152 108 76 52 3615 77 69 724 46 4346 4266 48
internal_count=9660 108 78 45 9552 5213 257 4339 4956 4833 232 162 93 73 4797 4572 226 187 152 108 76 52 3615 77 69 724 46 4346 4266 48
is_linear=0
shrinkage=0.08


Tree=246
num_leaves=31
num_cat=0
split_feature=25 27 25 7 13 13 29 21 6 19 6 13 7 15 21 31 27 27 7 6 21 6 25 7 19 8 29 1 17 6
split_gain=0.460431 0.986741 0.293187 0.26762 0.664006 0.984292 1.2058 0.640638 0.561723 0.548013 0.702047 0.688129 0.753362 0.666215 0.628698 0.409314 0.552957 0.483234 0.419207 0.385495 0.554873 1.06522 0.370999 0.38601 0.499779 1.08456 0.692483 1.01334 0.572024 0.523498
threshold=21.067900000000005 19.533250000000006 13.818850000000003 16.245385000000002 17.656400000000001 16.639900000000001 16.180450000000004 17.155700000000007 3.4076744968234549 17.071750000000005 0.98887804737507146 17.381450000000005 17.072452500000004 17.576750000000004 17.228650000000005 17.042850000000005 16.269450000000003 16.403200000000002 16.590805000000003 0.28780375698079025 16.305350000000004 0.21871697942429766 17.846600000000006 14.133285000000003 14.082400000000002 0.19306714410363984 13.983600000000001 13.500000000000002 14.066000000000001 0.29619263074646246
decision_type=2 2 2 2 2 2 2 2 2 2 2 2 2 2 2 2 2 2 2 2 2 2 2 2 2 2 2 2 2 2
left_child=2 -2 -1 4 5 22 -7 8 15 10 11 12 14 -11 -9 16 -5 19 -19 20 -18 -22 23 -4 25 -25 28 29 -27 -28
right_child=1 -3 3 7 -6 6 -8 9 -10 13 -12 -13 -14 -15 -16 -17 17 18 -20 -21 21 -23 -24 24 -26 26 27 -29 -30 -31
leaf_value=-0.0022520279189994631 -0.0074245968344910599 0.00054369741632316441 -0.00022216350455395932 -0.0029608910850441152 -0.018385806262173024 -0.00013932787450667328 0.00082919832341713906 0.00058073371904840008 0.00074972932156887025 -0.0014563254221723876 0.0076903997992020237 -0.0054816010091450805 0.0007582501758750138 1.5337208598835995e-05 -4.9527004343498158e-05 -0.0010821254126426264 -0.016341605335957604 -0.0054598179939011138 -0.00013711907581204642 0.016825490328705887 0.0054571216693019191 -0.002546098771300128 -0.0058363938818095998 0.00042423695347828866 -7.858387353111485e-06 -8.3271999293752722e-05 -0.0017197978683377636 0.00024866657654732424 0.00049505275806084072 0.00051841044404680114
leaf_weight=87 23 24 686 322 69 30 39 38 21 328 38 42 37 1208 225 480 35 131 1187 22 23 23 39 27 4238 20 126 37 28 27
leaf_count=87 23 24 686 322 69 30 39 38 21 328 38 42 37 1208 225 480 35 131 1187 22 23 23 39 27 4238 20 126 37 28 27
internal_value=-0.000579712 0.00731915 -0.000618331 -0.000576109 -0.00020276 -0.000101191 0.0093913 -0.00105769 -0.00197505 1.66996e-05 0.00273684 0.00159064 0.00293333 -0.000656252 0.00142966 -0.00209807 -0.0015284 -0.000850107 -0.00126252 0.00442718 0.00187654 0.00765217 -0.000226475 -0.00016805 0.000101264 0.0034717 0.0017479 -0.000421055 0.0103333 -0.00329412
internal_weight=9660 47 9613 9526 5366 5297 69 4160 2244 1916 380 342 300 1536 263 2223 1743 1421 1318 103 81 46 5228 5189 4503 265 238 190 48 153
internal_count=9660 47 9613 9526 5366 5297 69 4160 2244 1916 380 342 300 1536 263 2223 1743 1421 1318 103 81 46 5228 5189 4503 265 238 190 48 153
is_linear=0
shrinkage=0.08


end of trees

feature_importances:
minute_of_hour=779
rolling_std_15min=561
hour_of_day=524
rolling_std_60min=523
cpu_memory_ratio=437
cpu_rate_of_change=424
lag_5=415
rolling_mean_60min=407
lag_10=402
lag_8=370
lag_9=339
lag_3=333
lag_4=325
lag_7=325
rolling_mean_15min=314
lag_1=301
lag_2=278
lag_6=270
day_of_week=83

parameters:
[boosting: gbdt]
[objective: quantile]
[metric: quantile]
[tree_learner: serial]
[device_type: cpu]
[data_sample_strategy: bagging]
[data: ]
[valid: ]
[num_iterations: 300]
[learning_rate: 0.08]
[num_leaves: 31]
[num_threads: 0]
[seed: 0]
[deterministic: 0]
[force_col_wise: 0]
[force_row_wise: 0]
[histogram_pool_size: -1]
[max_depth: -1]
[min_data_in_leaf: 20]
[min_sum_hessian_in_leaf: 0.001]
[bagging_fraction: 1]
[pos_bagging_fraction: 1]
[neg_bagging_fraction: 1]
[bagging_freq: 0]
[bagging_seed: 3]
[bagging_by_query: 0]
[feature_fraction: 1]
[feature_fraction_bynode: 1]
[feature_fraction_seed: 2]
[extra_trees: 0]
[extra_seed: 6]
[early_stopping_round: 0]
[early_stopping_min_delta: 0]
[first_metric_only: 0]
[max_delta_step: 0]
[lambda_l1: 0]
[lambda_l2: 0]
[linear_lambda: 0]
[min_gain_to_split: 0]
[drop_rate: 0.1]
[max_drop: 50]
[skip_drop: 0.5]
[xgboost_dart_mode: 0]
[uniform_drop: 0]
[drop_seed: 4]
[top_rate: 0.2]
[other_rate: 0.1]
[min_data_per_group: 100]
[max_cat_threshold: 32]
[cat_l2: 10]
[cat_smooth: 10]
[max_cat_to_onehot: 4]
[top_k: 20]
[monotone_constraints: ]
[monotone_constraints_method: basic]
[monotone_penalty: 0]
[feature_contri: ]
[forcedsplits_filename: ]
[refit_decay_rate: 0.9]
[cegb_tradeoff: 1]
[cegb_penalty_split: 0]
[cegb_penalty_feature_lazy: ]
[cegb_penalty_feature_coupled: ]
[path_smooth: 0]
[interaction_constraints: ]
[verbosity: -1]
[saved_feature_importance_type: 0]
[use_quantized_grad: 0]
[num_grad_quant_bins: 4]
[quant_train_renew_leaf: 0]
[stochastic_rounding: 1]
[linear_tree: 0]
[max_bin: 255]
[max_bin_by_feature: ]
[min_data_in_bin: 3]
[bin_construct_sample_cnt: 200000]
[data_random_seed: 1]
[is_enable_sparse: 1]
[enable_bundle: 1]
[use_missing: 1]
[zero_as_missing: 0]
[feature_pre_filter: 1]
[pre_partition: 0]
[two_round: 0]
[header: 0]
[label_column: ]
[weight_column: ]
[group_column: ]
[ignore_column: ]
[categorical_feature: ]
[forcedbins_filename: ]
[precise_float_parser: 0]
[parser_config_file: ]
[objective_seed: 5]
[num_class: 1]
[is_unbalance: 0]
[scale_pos_weight: 1]
[sigmoid: 1]
[boost_from_average: 1]
[reg_sqrt: 0]
[alpha: 0.9]
[fair_c: 1]
[poisson_max_delta_step: 0.7]
[tweedie_variance_power: 1.5]
[lambdarank_truncation_level: 30]
[lambdarank_norm: 1]
[label_gain: ]
[lambdarank_position_bias_regularization: 0]
[eval_at: ]
[multi_error_top_k: 1]
[auc_mu_weights: ]
[num_machines: 1]
[local_listen_port: 12400]
[time_out: 120]
[machine_list_filename: ]
[machines: ]
[gpu_platform_id: -1]
[gpu_device_id: -1]
[gpu_device_id_list: ]
[gpu_use_dp: 0]
[num_gpu: 1]

end of parameters

pandas_categorical:[]
